frame_id,generate_ms,encode_latency_ms,payload_extract_ms,enqueue_ms,queue_depth,dropped_before,send_ms,bytes_sent,frame_age_at_send_ms,send_failed,keyframe,sender_dropped,payload_bytes,status
0,8.7914,34.5921,0.0893,0.0075,1,0,0.0825,17217,34.7235,0,1,0,17137,0
1,3.0807,9.6823,0.0524,0.0048,1,0,0.0251,10368,9.7628,0,0,0,10288,0
2,3.0746,15.0349,0.0276,0.0030,1,0,0.0233,9190,15.0814,0,0,0,9110,0
3,3.0049,20.4602,0.0189,0.0026,1,0,0.0179,12189,20.5037,0,0,0,12109,0
4,3.3633,10.2021,0.0282,0.0029,1,0,0.0245,16295,10.2477,0,0,0,16215,0
5,3.4322,9.6120,0.0305,0.0025,1,0,0.0258,6286,9.6610,0,0,0,6206,0
6,3.7310,9.6288,0.0318,0.0025,1,0,0.0187,3560,9.6787,0,0,0,3480,0
7,3.7422,9.6192,0.0264,0.0024,1,0,0.0184,2871,9.6630,0,0,0,2791,0
8,3.7287,9.6384,0.0252,0.0026,1,0,0.0198,8536,9.6817,0,0,0,8456,0
9,3.7492,9.7506,0.0334,0.0039,1,0,0.0175,1041,9.8113,0,0,0,961,0
10,3.1753,9.6555,0.0326,0.0034,1,0,0.0620,828,9.7165,0,0,0,748,0
11,3.6700,9.6224,0.0288,0.0027,1,0,0.0533,904,9.6696,0,0,0,824,0
12,3.7960,9.7029,0.0283,0.0030,1,0,0.0767,6173,9.7496,0,0,0,6093,0
13,3.7726,9.7262,0.0216,0.0023,1,0,0.0248,962,9.7669,0,0,0,882,0
14,3.7542,9.6157,0.0256,0.0028,1,0,0.0185,1056,9.6600,0,0,0,976,0
15,3.7801,9.6304,0.0252,0.0029,1,0,0.0638,1160,9.6738,0,0,0,1080,0
16,3.7201,9.6220,0.0251,0.0023,1,0,0.0622,8356,9.6643,0,0,0,8276,0
17,3.7669,9.7250,0.0356,0.0024,1,0,0.0750,1936,9.7795,0,0,0,1856,0
18,3.8062,9.7049,0.0280,0.0025,1,0,0.0234,1358,9.7505,0,0,0,1278,0
19,3.7784,9.6702,0.0243,0.0023,1,0,0.0580,964,9.7118,0,0,0,884,0
20,3.7804,9.6384,0.0297,0.0029,1,0,0.0792,8170,9.6872,0,0,0,8090,0
21,3.7889,9.7541,0.0263,0.0030,1,0,0.0195,963,9.7990,0,0,0,883,0
22,3.7585,9.6035,0.0259,0.0028,1,0,0.0560,1224,9.6476,0,0,0,1144,0
23,3.9140,9.6783,0.0216,0.0036,1,0,0.0153,979,9.7181,0,0,0,899,0
24,3.7201,9.6753,0.0373,0.0035,1,0,0.0935,8213,9.7338,0,0,0,8133,0
25,3.7291,9.6529,0.0256,0.0024,1,0,0.0190,1013,9.6960,0,0,0,933,0
26,3.7092,9.5493,0.0143,0.0022,1,0,0.0462,852,9.5859,0,0,0,772,0
27,3.6683,9.6662,0.0285,0.0029,1,0,0.0483,857,9.7136,0,0,0,777,0
28,3.4720,9.7738,0.0454,0.0042,1,0,0.1103,6535,9.8575,0,0,0,6455,0
29,3.7524,9.7678,0.0272,0.0030,1,0,0.0225,1045,9.8144,0,0,0,965,0
30,3.7735,9.7191,0.0354,0.0022,1,0,0.0602,1002,9.7725,0,0,0,922,0
31,3.9407,9.8082,0.0262,0.0028,1,0,0.0227,990,9.8529,0,0,0,910,0
32,3.5298,9.7351,0.0347,0.0029,1,0,0.0284,6956,9.7896,0,0,0,6876,0
33,3.7588,9.6943,0.0259,0.0030,1,0,0.0187,1494,9.7389,0,0,0,1414,0
34,3.8210,9.8934,0.0303,0.0026,1,0,0.0248,1120,9.9424,0,0,0,1040,0
35,3.7780,9.7205,0.0314,0.0035,1,0,0.0256,1060,9.7720,0,0,0,980,0
36,3.7764,9.6769,0.0342,0.0029,1,0,0.0285,7642,9.7299,0,0,0,7562,0
37,3.7498,12.0021,0.0323,0.0028,1,0,0.0210,2144,12.0534,0,0,0,2064,0
38,3.8371,9.8024,0.0308,0.0030,1,0,0.0205,1106,9.8529,0,0,0,1026,0
39,3.7905,9.5984,0.0103,0.0020,1,0,0.0123,1081,9.6306,0,0,0,1001,0
40,3.7292,9.6144,0.0222,0.0025,1,0,0.0565,7649,9.6545,0,0,0,7569,0
41,3.7641,9.7500,0.0342,0.0035,1,0,0.0517,1049,9.8039,0,0,0,969,0
42,3.7473,9.7654,0.0326,0.0027,1,0,0.0642,2134,9.8111,0,0,0,2054,0
43,3.8069,9.6935,0.0217,0.0025,1,0,0.0480,1039,9.7327,0,0,0,959,0
44,3.7741,9.7281,0.0294,0.0028,1,0,0.0543,6266,9.7769,0,0,0,6186,0
45,3.7638,9.6889,0.0319,0.0032,1,0,0.0628,999,9.7406,0,0,0,919,0
46,3.7961,9.6211,0.0259,0.0027,1,0,0.0601,1178,9.6650,0,0,0,1098,0
47,3.8827,10.0667,0.0452,0.0039,1,0,0.0599,1137,10.1377,0,0,0,1057,0
48,3.8578,9.7487,0.0293,0.0026,1,0,0.0698,8293,9.7965,0,0,0,8213,0
49,3.3212,13.4347,0.0205,0.0030,1,0,0.0505,2639,13.4795,0,0,0,2559,0
50,3.1593,9.7300,0.0506,0.0053,1,0,0.1077,2254,9.8126,0,0,0,2174,0
51,3.3371,9.8757,0.0335,0.0022,1,0,0.0222,1229,9.9320,0,0,0,1149,0
52,3.1110,9.7755,0.0539,0.0028,1,0,0.0910,8484,9.8683,0,0,0,8404,0
53,3.0801,9.8114,0.0447,0.0029,1,0,0.0992,1737,9.8699,0,0,0,1657,0
54,3.0641,9.7542,0.0527,0.0031,1,0,0.0863,1794,9.8240,0,0,0,1714,0
55,3.0979,9.8029,0.0353,0.0018,1,0,0.0630,2096,9.8636,0,0,0,2016,0
56,3.0922,9.7984,0.0452,0.0030,1,0,0.0742,8436,9.8658,0,0,0,8356,0
57,3.2506,9.8886,0.0387,0.0028,1,0,0.0800,2005,9.9582,0,0,0,1925,0
58,3.0961,9.8220,0.0439,0.0030,1,0,0.0769,1810,9.8976,0,0,0,1730,0
59,3.2047,10.0150,0.0286,0.0021,1,0,0.0506,2038,10.0605,0,0,0,1958,0
60,3.0905,8.6007,0.0622,0.0029,1,0,0.1381,57676,8.6885,0,1,0,57596,0
61,3.1032,9.7684,0.0487,0.0036,1,0,0.0789,3690,9.8324,0,0,0,3610,0
62,3.1449,9.7776,0.0451,0.0030,1,0,0.0840,3104,9.8580,0,0,0,3024,0
63,3.0417,9.7327,0.0275,0.0030,1,0,0.0635,2450,9.7735,0,0,0,2370,0
64,3.0542,9.6800,0.0376,0.0026,1,0,0.0744,7577,9.7352,0,0,0,7497,0
65,3.0815,9.8186,0.0314,0.0020,1,0,0.0708,2031,9.8669,0,0,0,1951,0
66,3.2984,10.1318,0.0345,0.0034,1,0,0.0784,2159,10.1893,0,0,0,2079,0
67,3.1104,9.7523,0.0338,0.0025,1,0,0.0243,3230,9.7975,0,0,0,3150,0
68,3.1229,9.7203,0.0406,0.0042,1,0,0.0597,8058,9.7843,0,0,0,7978,0
69,3.2500,9.8559,0.0333,0.0028,1,0,0.0201,2224,9.9072,0,0,0,2144,0
70,3.1999,9.7693,0.0384,0.0037,1,0,0.0208,944,9.8241,0,0,0,864,0
71,3.1733,9.6187,0.0354,0.0036,1,0,0.0216,876,9.6682,0,0,0,796,0
72,3.2525,9.8622,0.0389,0.0038,1,0,0.0276,7608,9.9278,0,0,0,7528,0
73,3.2424,9.9389,0.0385,0.0028,1,0,0.0265,903,10.0046,0,0,0,823,0
74,3.1121,9.7732,0.0528,0.0032,1,0,0.0560,916,9.8409,0,0,0,836,0
75,3.1958,9.7413,0.0321,0.0039,1,0,0.0199,1121,9.8010,0,0,0,1041,0
76,3.0059,9.7293,0.0381,0.0037,1,0,0.0328,6520,9.7873,0,0,0,6440,0
77,3.4328,9.8238,0.0322,0.0035,1,0,0.0436,917,9.8837,0,0,0,837,0
78,3.4845,9.7879,0.0398,0.0027,1,0,0.0677,1275,9.8467,0,0,0,1195,0
79,3.4370,9.8041,0.0227,0.0028,1,0,0.0252,1197,9.8435,0,0,0,1117,0
80,3.5290,9.6414,0.0256,0.0032,1,0,0.0537,8480,9.6855,0,0,0,8400,0
81,3.7440,9.5578,0.0260,0.0026,1,0,0.0449,2331,9.6007,0,0,0,2251,0
82,3.6300,9.5985,0.0257,0.0035,1,0,0.0190,1329,9.6430,0,0,0,1249,0
83,3.7580,9.6715,0.0243,0.0028,1,0,0.0715,1229,9.7139,0,0,0,1149,0
84,3.7507,9.6436,0.0233,0.0023,1,0,0.0605,8359,9.6844,0,0,0,8279,0
85,3.7735,9.8280,0.0390,0.0036,1,0,0.0863,1287,9.8816,0,0,0,1207,0
86,3.7028,9.7205,0.0232,0.0023,1,0,0.0499,1268,9.7613,0,0,0,1188,0
87,3.7185,9.5887,0.0159,0.0021,1,0,0.0456,1349,9.6267,0,0,0,1269,0
88,3.6722,9.5324,0.0239,0.0020,1,0,0.0538,8352,9.5732,0,0,0,8272,0
89,3.7347,9.5712,0.0156,0.0019,1,0,0.0400,1178,9.6027,0,0,0,1098,0
90,3.7509,9.6337,0.0214,0.0025,1,0,0.0505,969,9.6727,0,0,0,889,0
91,3.7345,9.6478,0.0214,0.0031,1,0,0.0555,1057,9.6874,0,0,0,977,0
92,3.7106,9.5675,0.0204,0.0026,1,0,0.0424,6948,9.6051,0,0,0,6868,0
93,3.8023,9.6902,0.0201,0.0021,1,0,0.0425,1189,9.7271,0,0,0,1109,0
94,3.6961,9.5981,0.0216,0.0027,1,0,0.0470,1706,9.6371,0,0,0,1626,0
95,3.6815,9.5139,0.0182,0.0020,1,0,0.0404,1626,9.5478,0,0,0,1546,0
96,3.7060,9.6675,0.0404,0.0022,1,0,0.0519,22752,9.7248,0,0,0,22672,0
97,3.7632,9.5457,0.0240,0.0022,1,0,0.0160,3102,9.5861,0,0,0,3022,0
98,3.7453,9.6767,0.0243,0.0027,1,0,0.0189,2140,9.7189,0,0,0,2060,0
99,3.6841,9.5681,0.0214,0.0025,1,0,0.0180,1797,9.6066,0,0,0,1717,0
100,3.6745,9.5403,0.0207,0.0021,1,0,0.0207,8477,9.5846,0,0,0,8397,0
101,3.7080,9.5234,0.0196,0.0023,1,0,0.0175,2468,9.5602,0,0,0,2388,0
102,3.6825,9.6710,0.0253,0.0023,1,0,0.0179,1732,9.7137,0,0,0,1652,0
103,3.7283,9.6148,0.0216,0.0026,1,0,0.0179,1876,9.6538,0,0,0,1796,0
104,3.7062,9.6393,0.0277,0.0027,1,0,0.0425,8146,9.6850,0,0,0,8066,0
105,3.7198,9.5310,0.0219,0.0025,1,0,0.0388,1473,9.5701,0,0,0,1393,0
106,3.7142,9.5927,0.0250,0.0029,1,0,0.0461,1458,9.6351,0,0,0,1378,0
107,3.6760,9.6269,0.0348,0.0033,1,0,0.0371,1972,9.6815,0,0,0,1892,0
108,3.7475,9.7184,0.0247,0.0021,1,0,0.0553,7060,9.7604,0,0,0,6980,0
109,3.7988,9.6265,0.0269,0.0025,1,0,0.0318,1974,9.6713,0,0,0,1894,0
110,3.7589,9.5720,0.0203,0.0028,1,0,0.0401,2786,9.6094,0,0,0,2706,0
111,3.7321,9.7883,0.0270,0.0027,1,0,0.0535,2015,9.8329,0,0,0,1935,0
112,3.7118,9.6284,0.0262,0.0026,1,0,0.0507,9201,9.6787,0,0,0,9121,0
113,3.7064,9.6376,0.0222,0.0026,1,0,0.0525,3670,9.6778,0,0,0,3590,0
114,3.7076,9.5629,0.0108,0.0021,1,0,0.0294,2753,9.5942,0,0,0,2673,0
115,4.5594,9.5557,0.0221,0.0023,1,0,0.0508,2628,9.5949,0,0,0,2548,0
116,3.6691,9.5618,0.0205,0.0022,1,0,0.0556,8833,9.5987,0,0,0,8753,0
117,3.6745,9.5457,0.0179,0.0020,1,0,0.0433,2668,9.5798,0,0,0,2588,0
118,4.7858,9.5521,0.0169,0.0022,1,0,0.0471,2613,9.5856,0,0,0,2533,0
119,3.6775,9.6649,0.0288,0.0027,1,0,0.0504,2829,9.7116,0,0,0,2749,0
120,5.0599,8.4556,0.0519,0.0027,1,0,0.0720,38278,8.5259,0,1,0,38198,0
121,3.7340,9.6671,0.0214,0.0025,1,0,0.0186,3159,9.7067,0,0,0,3079,0
122,3.7039,9.5362,0.0189,0.0023,1,0,0.0146,1558,9.5776,0,0,0,1478,0
123,5.2603,9.9898,0.0178,0.0019,1,0,0.0143,1993,10.0297,0,0,0,1913,0
124,3.6885,9.5507,0.0193,0.0021,1,0,0.0212,6808,9.5863,0,0,0,6728,0
125,5.1496,9.4947,0.0187,0.0022,1,0,0.0147,1293,9.5295,0,0,0,1213,0
126,3.6775,9.5128,0.0194,0.0021,1,0,0.0156,2166,9.5485,0,0,0,2086,0
127,5.1335,9.5287,0.0183,0.0023,1,0,0.0167,1433,9.5697,0,0,0,1353,0
128,3.6846,9.5404,0.0298,0.0023,1,0,0.0165,8466,9.5947,0,0,0,8386,0
129,5.2337,10.3548,0.0757,0.0071,1,0,0.0223,2232,10.4527,0,0,0,2152,0
130,3.8797,9.7222,0.0275,0.0029,1,0,0.0201,1366,9.7686,0,0,0,1286,0
131,4.8685,9.6445,0.0240,0.0027,1,0,0.0203,1423,9.6876,0,0,0,1343,0
132,3.0668,9.6040,0.0278,0.0032,1,0,0.0253,7738,9.6603,0,0,0,7658,0
133,5.2475,9.6275,0.0218,0.0023,1,0,0.0179,2273,9.6656,0,0,0,2193,0
134,3.7251,9.6178,0.0323,0.0035,1,0,0.0305,946,9.6876,0,0,0,866,0
135,3.8458,9.6945,0.0328,0.0038,1,0,0.0385,919,9.7516,0,0,0,839,0
136,3.7952,9.7055,0.0306,0.0037,1,0,0.0691,7894,9.7656,0,0,0,7814,0
137,3.7926,9.7010,0.0371,0.0032,1,0,0.0224,907,9.7749,0,0,0,827,0
138,3.8039,9.7307,0.0311,0.0032,1,0,0.0701,1946,9.7743,0,0,0,1866,0
139,3.5055,9.7227,0.0297,0.0025,1,0,0.0178,1080,9.7713,0,0,0,1000,0
140,3.0321,9.5734,0.0277,0.0023,1,0,0.0585,6577,9.6109,0,0,0,6497,0
141,3.0252,9.6705,0.0230,0.0031,1,0,0.0272,881,9.7040,0,0,0,801,0
142,3.0078,9.6205,0.0258,0.0030,1,0,0.0556,1705,9.6570,0,0,0,1625,0
143,3.0297,9.5651,0.0225,0.0028,1,0,0.0192,1112,9.5979,0,0,0,1032,0
144,3.0565,9.5361,0.0250,0.0031,1,0,0.0684,8508,9.5712,0,0,0,8428,0
145,3.0524,9.5844,0.0230,0.0040,1,0,0.0528,3179,9.6185,0,0,0,3099,0
146,3.0725,9.5683,0.0221,0.0021,1,0,0.0515,2193,9.5996,0,0,0,2113,0
147,3.1331,9.8458,0.0262,0.0024,1,0,0.0155,1074,9.8813,0,0,0,994,0
148,3.1082,9.5372,0.0264,0.0024,1,0,0.0690,8266,9.5731,0,0,0,8186,0
149,3.0121,9.5292,0.0188,0.0021,1,0,0.0159,1153,9.5562,0,0,0,1073,0
150,2.9733,9.5338,0.0207,0.0021,1,0,0.0583,1883,9.5641,0,0,0,1803,0
151,2.9914,9.5352,0.0267,0.0025,1,0,0.0246,1277,9.5720,0,0,0,1197,0
152,3.2153,9.5619,0.0200,0.0021,1,0,0.0620,8345,9.5984,0,0,0,8265,0
153,3.5505,9.6751,0.0206,0.0024,1,0,0.0505,1908,9.7188,0,0,0,1828,0
154,3.6848,9.5419,0.0168,0.0022,1,0,0.0182,1053,9.5750,0,0,0,973,0
155,3.6832,9.5081,0.0200,0.0024,1,0,0.0517,1286,9.5450,0,0,0,1206,0
156,3.6789,9.5323,0.0217,0.0018,1,0,0.0539,7222,9.5767,0,0,0,7142,0
157,3.6695,9.5020,0.0194,0.0022,1,0,0.0160,1372,9.5380,0,0,0,1292,0
158,3.6725,9.5252,0.0170,0.0020,1,0,0.0462,1931,9.5640,0,0,0,1851,0
159,3.6921,9.5223,0.0214,0.0022,1,0,0.0527,2620,9.5604,0,0,0,2540,0
160,3.6786,9.5163,0.0220,0.0021,1,0,0.0586,7446,9.5612,0,0,0,7366,0
161,3.6666,9.5005,0.0207,0.0024,1,0,0.0505,2764,9.5378,0,0,0,2684,0
162,3.7221,9.6019,0.0290,0.0027,1,0,0.0672,2301,9.6497,0,0,0,2221,0
163,4.0868,10.0429,0.0383,0.0031,1,0,0.0566,2280,10.1074,0,0,0,2200,0
164,3.7773,9.7260,0.0329,0.0035,1,0,0.0779,8583,9.7710,0,0,0,8503,0
165,3.3225,9.6719,0.0275,0.0030,1,0,0.0612,2729,9.7110,0,0,0,2649,0
166,3.0626,9.6691,0.0281,0.0037,1,0,0.0689,2586,9.7083,0,0,0,2506,0
167,3.0755,9.7835,0.0344,0.0049,1,0,0.0633,2328,9.8436,0,0,0,2248,0
168,3.0337,9.8782,0.0326,0.0026,1,0,0.0666,8031,9.9295,0,0,0,7951,0
169,3.0588,9.7249,0.0369,0.0027,1,0,0.0799,2025,9.7738,0,0,0,1945,0
170,3.0111,9.4807,0.0167,0.0019,1,0,0.0379,1592,9.5055,0,0,0,1512,0
171,2.8960,9.5338,0.0217,0.0025,1,0,0.0499,1593,9.5648,0,0,0,1513,0
172,2.9314,9.5065,0.0238,0.0020,1,0,0.0502,7132,9.5397,0,0,0,7052,0
173,2.8975,9.5180,0.0247,0.0026,1,0,0.0505,1780,9.5523,0,0,0,1700,0
174,3.0043,9.5584,0.0297,0.0027,1,0,0.0645,2999,9.5989,0,0,0,2919,0
175,2.9764,9.5586,0.0268,0.0023,1,0,0.0536,2632,9.5956,0,0,0,2552,0
176,3.0187,9.5633,0.0252,0.0022,1,0,0.0673,9908,9.5978,0,0,0,9828,0
177,2.9925,9.5722,0.0266,0.0033,1,0,0.0929,4771,9.6093,0,0,0,4691,0
178,3.0391,9.5790,0.0246,0.0024,1,0,0.0616,2791,9.6129,0,0,0,2711,0
179,2.9800,9.5701,0.0193,0.0018,1,0,0.0487,2771,9.5982,0,0,0,2691,0
180,3.1824,8.4078,0.0480,0.0028,1,0,0.0918,56756,8.4968,0,1,0,56676,0
181,3.4321,9.4830,0.0209,0.0021,1,0,0.0539,3421,9.5203,0,0,0,3341,0
182,3.6840,9.5077,0.0203,0.0020,1,0,0.0485,2558,9.5502,0,0,0,2478,0
183,3.6673,9.4883,0.0225,0.0024,1,0,0.0479,1740,9.5340,0,0,0,1660,0
184,3.6797,9.5389,0.0205,0.0025,1,0,0.0454,8267,9.5822,0,0,0,8187,0
185,3.6662,9.4777,0.0197,0.0022,1,0,0.0429,1562,9.5194,0,0,0,1482,0
186,3.6549,9.5122,0.0172,0.0024,1,0,0.0522,1573,9.5457,0,0,0,1493,0
187,3.6747,9.4875,0.0192,0.0020,1,0,0.0454,1756,9.5291,0,0,0,1676,0
188,3.6695,9.5173,0.0202,0.0022,1,0,0.0484,7028,9.5605,0,0,0,6948,0
189,3.8082,9.6533,0.0245,0.0027,1,0,0.0176,947,9.6962,0,0,0,867,0
190,3.8431,9.6865,0.0235,0.0030,1,0,0.0583,1815,9.7291,0,0,0,1735,0
191,3.1308,9.6153,0.0234,0.0027,1,0,0.0187,1329,9.6562,0,0,0,1249,0
192,3.6969,9.6418,0.0346,0.0034,1,0,0.0829,21729,9.6961,0,0,0,21649,0
193,3.6996,9.5520,0.0245,0.0022,1,0,0.0579,3052,9.5938,0,0,0,2972,0
194,3.6907,9.5380,0.0202,0.0020,1,0,0.0434,1897,9.5754,0,0,0,1817,0
195,3.6895,9.5096,0.0188,0.0019,1,0,0.0163,1319,9.5501,0,0,0,1239,0
196,3.6716,9.5020,0.0235,0.0020,1,0,0.0542,8736,9.5486,0,0,0,8656,0
197,3.6765,9.5521,0.0234,0.0026,1,0,0.0569,2347,9.5929,0,0,0,2267,0
198,3.7424,9.5319,0.0202,0.0020,1,0,0.0380,1744,9.5690,0,0,0,1664,0
199,3.7166,9.5548,0.0201,0.0022,1,0,0.0387,1377,9.5917,0,0,0,1297,0
200,3.6759,9.5077,0.0218,0.0022,1,0,0.0435,7897,9.5464,0,0,0,7817,0
201,3.6817,9.4984,0.0166,0.0020,1,0,0.0284,925,9.5310,0,0,0,845,0
202,3.6818,9.5594,0.0272,0.0034,1,0,0.0452,1371,9.5990,0,0,0,1291,0
203,3.6823,9.5130,0.0205,0.0024,1,0,0.0336,1003,9.5510,0,0,0,923,0
204,3.6663,9.5020,0.0224,0.0021,1,0,0.0525,6638,9.5466,0,0,0,6558,0
205,3.6648,9.5142,0.0198,0.0021,1,0,0.0163,985,9.5563,0,0,0,905,0
206,4.4837,9.5295,0.0152,0.0021,1,0,0.0454,1789,9.5664,0,0,0,1709,0
207,3.6486,9.4857,0.0380,0.0066,1,0,0.2378,1628,9.5702,0,0,0,1548,0
208,4.6260,9.4972,0.0176,0.0037,1,0,0.0567,8894,9.5323,0,0,0,8814,0
209,3.7115,9.5047,0.0184,0.0019,1,0,0.0479,3186,9.5449,0,0,0,3106,0
210,4.7332,9.4701,0.0187,0.0019,1,0,0.0451,1648,9.5053,0,0,0,1568,0
211,3.6826,9.5168,0.0190,0.0019,1,0,0.0416,1828,9.5576,0,0,0,1748,0
212,3.6677,9.5174,0.0200,0.0021,1,0,0.0540,8446,9.5542,0,0,0,8366,0
213,4.4702,9.5117,0.0160,0.0021,1,0,0.0411,1933,9.5492,0,0,0,1853,0
214,3.6974,9.6548,0.0462,0.0043,1,0,0.0997,1775,9.7354,0,0,0,1695,0
215,5.3185,9.4685,0.0197,0.0025,1,0,0.0414,2088,9.5104,0,0,0,2008,0
216,3.7015,9.5070,0.0214,0.0032,1,0,0.0650,8887,9.5519,0,0,0,8807,0
217,4.5681,9.5419,0.0179,0.0020,1,0,0.0208,1566,9.5820,0,0,0,1486,0
218,3.6682,9.5203,0.0181,0.0021,1,0,0.0292,1488,9.5552,0,0,0,1408,0
219,4.5915,9.4985,0.0189,0.0020,1,0,0.0478,1642,9.5391,0,0,0,1562,0
220,3.6786,9.5105,0.0207,0.0020,1,0,0.0449,7311,9.5536,0,0,0,7231,0
221,4.6204,9.5177,0.0182,0.0018,1,0,0.0271,2005,9.5577,0,0,0,1925,0
222,3.6742,9.5501,0.0269,0.0028,1,0,0.0415,2714,9.5955,0,0,0,2634,0
223,3.7340,9.5379,0.0213,0.0023,1,0,0.0289,2616,9.5760,0,0,0,2536,0
224,3.7046,9.5155,0.0229,0.0021,1,0,0.0427,8221,9.5613,0,0,0,8141,0
225,3.6775,9.5118,0.0210,0.0020,1,0,0.0251,3300,9.5560,0,0,0,3220,0
226,5.2579,9.4867,0.0178,0.0027,1,0,0.0371,2734,9.5222,0,0,0,2654,0
227,3.6953,9.5572,0.0268,0.0021,1,0,0.0575,2414,9.6012,0,0,0,2334,0
228,3.7488,9.6943,0.0230,0.0020,1,0,0.0618,8862,9.7339,0,0,0,8782,0
229,5.0099,9.6567,0.0232,0.0023,1,0,0.0280,2773,9.6975,0,0,0,2693,0
230,3.7149,9.5274,0.0168,0.0022,1,0,0.0306,2445,9.5612,0,0,0,2365,0
231,3.6863,9.5505,0.0185,0.0021,1,0,0.0311,2634,9.5910,0,0,0,2554,0
232,3.6786,9.5625,0.0199,0.0025,1,0,0.0364,8380,9.5990,0,0,0,8300,0
233,3.7018,9.5308,0.0181,0.0021,1,0,0.0366,1985,9.5715,0,0,0,1905,0
234,4.4842,9.4697,0.0167,0.0019,1,0,0.0358,1943,9.5081,0,0,0,1863,0
235,3.6919,9.5452,0.0273,0.0022,1,0,0.0315,2161,9.5902,0,0,0,2081,0
236,4.5853,9.4978,0.0211,0.0021,1,0,0.0346,7719,9.5409,0,0,0,7639,0
237,3.6912,9.5352,0.0195,0.0022,1,0,0.0440,2124,9.5713,0,0,0,2044,0
238,3.6875,9.5073,0.0180,0.0022,1,0,0.0293,3741,9.5420,0,0,0,3661,0
239,4.9296,9.4850,0.0194,0.0019,1,0,0.0537,2982,9.5264,0,0,0,2902,0
240,3.7031,8.3505,0.0263,0.0017,1,0,0.0138,36422,8.3970,0,1,0,36342,0
241,5.2488,9.5725,0.0205,0.0022,1,0,0.0163,5681,9.6160,0,0,0,5601,0
242,3.7197,9.5307,0.0209,0.0019,1,0,0.0143,4067,9.5739,0,0,0,3987,0
243,4.9660,9.4720,0.0185,0.0020,1,0,0.0132,3011,9.5123,0,0,0,2931,0
244,3.6977,9.4962,0.0197,0.0019,1,0,0.0170,9487,9.5379,0,0,0,9407,0
245,4.7672,9.4810,0.0164,0.0027,1,0,0.0148,1089,9.5210,0,0,0,1009,0
246,3.7031,9.5107,0.0203,0.0018,1,0,0.0162,1164,9.5539,0,0,0,1084,0
247,3.6960,9.4972,0.0206,0.0022,1,0,0.0156,970,9.5344,0,0,0,890,0
248,4.5320,9.5420,0.0209,0.0025,1,0,0.0142,8288,9.5857,0,0,0,8208,0
249,3.7502,9.7062,0.0255,0.0027,1,0,0.0144,912,9.7504,0,0,0,832,0
250,4.7272,9.6688,0.0295,0.0029,1,0,0.0129,830,9.7189,0,0,0,750,0
251,2.9436,9.5550,0.0192,0.0046,1,0,0.0138,1337,9.5897,0,0,0,1257,0
252,3.7021,9.5962,0.0237,0.0037,1,0,0.0181,6595,9.6473,0,0,0,6515,0
253,3.7107,9.5710,0.0190,0.0020,1,0,0.0165,867,9.6063,0,0,0,787,0
254,3.6793,9.5340,0.0218,0.0020,1,0,0.0101,1089,9.5727,0,0,0,1009,0
255,3.7067,9.5466,0.0242,0.0041,1,0,0.0110,964,9.5897,0,0,0,884,0
256,3.6772,9.5390,0.0275,0.0020,1,0,0.0164,19961,9.5895,0,0,0,19881,0
257,3.6876,9.5737,0.0245,0.0019,1,0,0.0117,1908,9.6148,0,0,0,1828,0
258,3.7304,9.5605,0.0224,0.0022,1,0,0.0143,926,9.6000,0,0,0,846,0
259,5.0983,9.4843,0.0266,0.0026,1,0,0.0211,889,9.5289,0,0,0,809,0
260,3.4597,9.5335,0.0223,0.0022,1,0,0.0114,7528,9.5783,0,0,0,7448,0
261,5.1224,9.4711,0.0189,0.0018,1,0,0.0095,1970,9.5110,0,0,0,1890,0
262,3.4149,9.4944,0.0198,0.0023,1,0,0.0138,1025,9.5307,0,0,0,945,0
263,3.4065,9.5066,0.0244,0.0023,1,0,0.0481,934,9.5482,0,0,0,854,0
264,3.4496,9.7399,0.0276,0.0023,1,0,0.0412,7589,9.7848,0,0,0,7509,0
265,3.4668,9.7728,0.0414,0.0032,1,0,0.0673,934,9.8292,0,0,0,854,0
266,3.4376,9.6593,0.0334,0.0025,1,0,0.0248,894,9.7123,0,0,0,814,0
267,3.4438,9.6268,0.0339,0.0039,1,0,0.1334,1146,9.6859,0,0,0,1066,0
268,3.4613,9.5531,0.0210,0.0031,1,0,0.0865,6572,9.6007,0,0,0,6492,0
269,3.4517,9.7350,0.0418,0.0049,1,0,0.0563,877,9.7975,0,0,0,797,0
270,3.4629,9.4868,0.0223,0.0024,1,0,0.0614,1059,9.5267,0,0,0,979,0
271,3.4374,9.6615,0.0323,0.0030,1,0,0.0223,1225,9.7130,0,0,0,1145,0
272,3.4897,9.6347,0.0253,0.0023,1,0,0.0654,6758,9.6768,0,0,0,6678,0
273,3.4624,9.6883,0.0263,0.0026,1,0,0.0669,2907,9.7364,0,0,0,2827,0
274,3.4523,9.5360,0.0209,0.0020,1,0,0.0162,1058,9.5727,0,0,0,978,0
275,4.5875,9.5075,0.0210,0.0025,1,0,0.0533,1048,9.5455,0,0,0,968,0
276,3.4623,9.7582,0.0408,0.0039,1,0,0.0958,8339,9.8190,0,0,0,8259,0
277,3.4845,9.7029,0.0289,0.0022,1,0,0.0207,1014,9.7555,0,0,0,934,0
278,4.4405,9.5725,0.0256,0.0026,1,0,0.0567,1097,9.6160,0,0,0,1017,0
279,3.4922,9.5350,0.0356,0.0027,1,0,0.0268,1168,9.5891,0,0,0,1088,0
280,4.5435,9.5783,0.0244,0.0025,1,0,0.0612,8257,9.6200,0,0,0,8177,0
281,3.4633,9.4898,0.0095,0.0016,1,0,0.0100,1213,9.5191,0,0,0,1133,0
282,3.4363,9.6366,0.0359,0.0030,1,0,0.0627,976,9.6923,0,0,0,896,0
283,3.4705,9.6834,0.0264,0.0034,1,0,0.0407,1023,9.7232,0,0,0,943,0
284,3.4342,9.5775,0.0240,0.0023,1,0,0.0379,6883,9.6241,0,0,0,6803,0
285,3.4228,9.6268,0.0326,0.0029,1,0,0.0158,1048,9.6850,0,0,0,968,0
286,3.4361,9.6357,0.0330,0.0030,1,0,0.1057,2010,9.6952,0,0,0,1930,0
287,3.4975,9.6010,0.0238,0.0027,1,0,0.0163,1489,9.6420,0,0,0,1409,0
288,3.4614,9.6384,0.0343,0.0033,1,0,0.0192,7057,9.6855,0,0,0,6977,0
289,3.4412,9.5657,0.0237,0.0023,1,0,0.0176,1352,9.6067,0,0,0,1272,0
290,3.4215,9.6143,0.0261,0.0024,1,0,0.0120,1373,9.6574,0,0,0,1293,0
291,3.4626,9.6807,0.0348,0.0035,1,0,0.0245,1120,9.7314,0,0,0,1040,0
292,3.4877,9.7345,0.0360,0.0025,1,0,0.0683,8678,9.7978,0,0,0,8598,0
293,3.4598,9.6119,0.0270,0.0021,1,0,0.0488,1762,9.6562,0,0,0,1682,0
294,3.4608,9.7725,0.0218,0.0023,1,0,0.0268,1184,9.8115,0,0,0,1104,0
295,3.4564,9.6707,0.0364,0.0028,1,0,0.0247,1405,9.7263,0,0,0,1325,0
296,4.8034,9.5264,0.0269,0.0020,1,0,0.0450,7761,9.5707,0,0,0,7681,0
297,3.5014,9.6825,0.0286,0.0025,1,0,0.0769,1342,9.7292,0,0,0,1262,0
298,3.4829,9.6362,0.0239,0.0025,1,0,0.0106,1112,9.6774,0,0,0,1032,0
299,3.4205,9.6075,0.0214,0.0016,1,0,0.0326,1121,9.6501,0,0,0,1041,0
300,3.4654,8.4050,0.0271,0.0018,1,0,0.0642,48619,8.4519,0,1,0,48539,0
301,3.4370,9.5823,0.0264,0.0024,1,0,0.0616,3512,9.6270,0,0,0,3432,0
302,3.4200,9.6564,0.0273,0.0025,1,0,0.0546,3682,9.7067,0,0,0,3602,0
303,3.4757,9.6328,0.0267,0.0021,1,0,0.0213,2310,9.6760,0,0,0,2230,0
304,4.4496,9.5638,0.0228,0.0024,1,0,0.0175,12262,9.6031,0,0,0,12182,0
305,4.6692,9.5449,0.0246,0.0024,1,0,0.0158,3301,9.5864,0,0,0,3221,0
306,3.4457,9.5943,0.0263,0.0022,1,0,0.0198,1933,9.6383,0,0,0,1853,0
307,4.7329,9.5493,0.0219,0.0027,1,0,0.0185,1612,9.5888,0,0,0,1532,0
308,3.4750,9.5911,0.0331,0.0034,1,0,0.0271,8717,9.6446,0,0,0,8637,0
309,3.4916,9.6945,0.0248,0.0027,1,0,0.0171,1546,9.7370,0,0,0,1466,0
310,3.0782,9.7925,0.0474,0.0033,1,0,0.0288,1270,9.8582,0,0,0,1190,0
311,3.0386,9.7525,0.0424,0.0035,1,0,0.0193,1309,9.8252,0,0,0,1229,0
312,3.7688,9.6359,0.0290,0.0034,1,0,0.0477,8686,9.6825,0,0,0,8606,0
313,3.7349,9.6319,0.0235,0.0024,1,0,0.0168,973,9.6728,0,0,0,893,0
314,3.4345,9.5773,0.0271,0.0025,1,0,0.0596,908,9.6223,0,0,0,828,0
315,3.4326,9.6586,0.0355,0.0026,1,0,0.0497,901,9.7295,0,0,0,821,0
316,3.4783,9.6476,0.0416,0.0032,1,0,0.0439,6487,9.7091,0,0,0,6407,0
317,3.4589,9.6620,0.0380,0.0036,1,0,0.0572,956,9.7278,0,0,0,876,0
318,3.4912,9.5709,0.0247,0.0022,1,0,0.0446,1214,9.6121,0,0,0,1134,0
319,3.4747,9.5799,0.0259,0.0029,1,0,0.0347,1062,9.6234,0,0,0,982,0
320,3.4289,9.5330,0.0230,0.0024,1,0,0.0510,7229,9.5724,0,0,0,7149,0
321,3.4318,9.5933,0.0250,0.0027,1,0,0.0325,1579,9.6356,0,0,0,1499,0
322,3.4225,9.5780,0.0253,0.0023,1,0,0.0144,1025,9.6203,0,0,0,945,0
323,3.4268,9.5692,0.0253,0.0025,1,0,0.0349,966,9.6125,0,0,0,886,0
324,3.4480,9.5610,0.0172,0.0022,1,0,0.0419,7624,9.5989,0,0,0,7544,0
325,3.4593,9.6391,0.0248,0.0023,1,0,0.0456,1992,9.6816,0,0,0,1912,0
326,4.4301,9.5618,0.0223,0.0017,1,0,0.0367,834,9.5995,0,0,0,754,0
327,3.4818,9.4738,0.0165,0.0019,1,0,0.0141,870,9.5108,0,0,0,790,0
328,4.5142,9.4561,0.0163,0.0018,1,0,0.0445,7652,9.4935,0,0,0,7572,0
329,3.4463,9.5355,0.0215,0.0021,1,0,0.0462,897,9.5737,0,0,0,817,0
330,4.6158,9.4728,0.0168,0.0019,1,0,0.0123,1057,9.5104,0,0,0,977,0
331,3.4219,9.4920,0.0201,0.0020,1,0,0.0473,1963,9.5340,0,0,0,1883,0
332,4.7645,9.4478,0.0162,0.0018,1,0,0.0409,6794,9.4846,0,0,0,6714,0
333,3.4141,9.6000,0.0484,0.0059,1,0,0.0360,892,9.6849,0,0,0,812,0
334,4.8806,9.4613,0.0190,0.0021,1,0,0.0430,995,9.5015,0,0,0,915,0
335,3.3948,9.6140,0.0488,0.0059,1,0,0.0914,1925,9.6973,0,0,0,1845,0
336,4.8639,9.4932,0.0205,0.0020,1,0,0.0424,7739,9.5351,0,0,0,7659,0
337,3.3993,9.5900,0.0449,0.0057,1,0,0.0986,2740,9.6697,0,0,0,2660,0
338,5.1356,9.4949,0.0182,0.0020,1,0,0.0420,1737,9.5341,0,0,0,1657,0
339,3.3893,9.5358,0.0358,0.0064,1,0,0.0450,1080,9.5966,0,0,0,1000,0
340,5.0709,9.4495,0.0221,0.0019,1,0,0.0470,8358,9.4934,0,0,0,8278,0
341,3.4006,9.6026,0.0393,0.0054,1,0,0.0283,1112,9.6651,0,0,0,1032,0
342,4.2635,9.4250,0.0152,0.0019,1,0,0.0377,1128,9.4617,0,0,0,1048,0
343,3.3897,9.4880,0.0238,0.0021,1,0,0.0160,1278,9.5289,0,0,0,1198,0
344,4.4455,9.4868,0.0210,0.0022,1,0,0.0474,8378,9.5296,0,0,0,8298,0
345,4.4289,9.5933,0.0440,0.0056,1,0,0.0326,1126,9.6870,0,0,0,1046,0
346,4.6784,9.5303,0.0220,0.0027,1,0,0.0565,935,9.5692,0,0,0,855,0
347,3.4069,9.5429,0.0291,0.0025,1,0,0.0230,1065,9.5895,0,0,0,985,0
348,3.4612,9.5808,0.0244,0.0020,1,0,0.0599,7151,9.6222,0,0,0,7071,0
349,3.4577,9.5200,0.0228,0.0020,1,0,0.0560,1857,9.5593,0,0,0,1777,0
350,4.7096,9.4965,0.0161,0.0033,1,0,0.0154,2071,9.5352,0,0,0,1991,0
351,3.4213,9.4897,0.0174,0.0020,1,0,0.0139,1879,9.5288,0,0,0,1799,0
352,4.8071,9.5306,0.0278,0.0019,1,0,0.0173,22798,9.5800,0,0,0,22718,0
353,3.4005,9.5154,0.0187,0.0020,1,0,0.0184,2975,9.5506,0,0,0,2895,0
354,4.8857,9.4833,0.0193,0.0018,1,0,0.0130,2392,9.5229,0,0,0,2312,0
355,3.3925,9.6085,0.0460,0.0048,1,0,0.0365,1760,9.6761,0,0,0,1680,0
356,5.0312,9.4762,0.0196,0.0018,1,0,0.0146,8755,9.5177,0,0,0,8675,0
357,3.4235,9.4671,0.0195,0.0022,1,0,0.0138,2508,9.5085,0,0,0,2428,0
358,4.1974,9.4854,0.0170,0.0019,1,0,0.0122,2126,9.5231,0,0,0,2046,0
359,3.3894,9.5447,0.0462,0.0060,1,0,0.1084,2633,9.6131,0,0,0,2553,0
360,4.6532,8.3689,0.0346,0.0032,1,0,0.0888,46353,8.4210,0,1,0,46273,0
361,3.4135,9.4878,0.0210,0.0020,1,0,0.0492,4322,9.5251,0,0,0,4242,0
362,4.5773,9.4885,0.0170,0.0017,1,0,0.0515,4228,9.5263,0,0,0,4148,0
363,3.4225,9.4852,0.0190,0.0018,1,0,0.0473,4656,9.5196,0,0,0,4576,0
364,4.5865,9.4742,0.0203,0.0016,1,0,0.0457,8846,9.5155,0,0,0,8766,0
365,3.3975,9.4900,0.0199,0.0019,1,0,0.0166,1021,9.5262,0,0,0,941,0
366,4.5890,9.4693,0.0172,0.0020,1,0,0.0452,1643,9.5083,0,0,0,1563,0
367,3.4042,9.4735,0.0173,0.0018,1,0,0.0481,1585,9.5121,0,0,0,1505,0
368,4.7857,9.5002,0.0196,0.0020,1,0,0.0545,8729,9.5363,0,0,0,8649,0
369,3.4133,9.5827,0.0249,0.0026,1,0,0.0622,2297,9.6250,0,0,0,2217,0
370,4.8828,9.6244,0.0253,0.0031,1,0,0.0169,1068,9.6690,0,0,0,988,0
371,2.9701,9.5231,0.0245,0.0029,1,0,0.0653,1028,9.5663,0,0,0,948,0
372,4.9142,9.6065,0.0270,0.0034,1,0,0.0667,8299,9.6532,0,0,0,8219,0
373,3.7161,9.5704,0.0192,0.0027,1,0,0.0189,1036,9.6075,0,0,0,956,0
374,3.7390,9.5190,0.0227,0.0029,1,0,0.0535,849,9.5597,0,0,0,769,0
375,3.6947,9.5394,0.0179,0.0021,1,0,0.0170,1193,9.5739,0,0,0,1113,0
376,5.2505,9.5184,0.0245,0.0025,1,0,0.0583,8387,9.5607,0,0,0,8307,0
377,3.7057,9.5615,0.0289,0.0023,1,0,0.0205,857,9.6152,0,0,0,777,0
378,5.1994,9.6270,0.0327,0.0025,1,0,0.0838,831,9.6860,0,0,0,751,0
379,3.5035,9.5594,0.0300,0.0024,1,0,0.0193,824,9.6150,0,0,0,744,0
380,4.3922,9.5371,0.0183,0.0018,1,0,0.0589,6482,9.5769,0,0,0,6402,0
381,3.4223,9.5355,0.0180,0.0018,1,0,0.0126,887,9.5749,0,0,0,807,0
382,4.4073,9.4951,0.0220,0.0018,1,0,0.0129,1079,9.5382,0,0,0,999,0
383,3.4354,9.4742,0.0159,0.0019,1,0,0.0166,979,9.5061,0,0,0,899,0
384,4.3973,9.4689,0.0231,0.0024,1,0,0.0187,7730,9.5087,0,0,0,7650,0
385,3.4183,9.5741,0.0408,0.0056,1,0,0.0301,1545,9.6591,0,0,0,1465,0
386,4.5125,9.4172,0.0195,0.0022,1,0,0.0149,940,9.4526,0,0,0,860,0
387,4.3288,9.4823,0.0144,0.0018,1,0,0.0148,886,9.5120,0,0,0,806,0
388,3.4058,9.4425,0.0204,0.0018,1,0,0.0162,7514,9.4784,0,0,0,7434,0
389,4.3253,9.6415,0.0192,0.0020,1,0,0.0467,2052,9.6770,0,0,0,1972,0
390,3.7045,9.6448,0.0435,0.0054,1,0,0.0932,870,9.7124,0,0,0,790,0
391,4.5425,9.5600,0.0192,0.0024,1,0,0.0429,1014,9.5959,0,0,0,934,0
392,3.5037,9.5293,0.0485,0.0054,1,0,0.1104,7593,9.6117,0,0,0,7513,0
393,4.3135,9.5265,0.0190,0.0020,1,0,0.0459,1045,9.5617,0,0,0,965,0
394,4.3631,9.5452,0.0422,0.0056,1,0,0.0910,2148,9.6113,0,0,0,2068,0
395,4.5264,9.5013,0.0244,0.0025,1,0,0.0426,856,9.5422,0,0,0,776,0
396,3.4154,9.5952,0.0429,0.0057,1,0,0.0935,6145,9.6624,0,0,0,6065,0
397,4.5317,9.4263,0.0194,0.0022,1,0,0.0143,1090,9.4678,0,0,0,1010,0
398,3.4035,9.4644,0.0179,0.0020,1,0,0.0503,972,9.4979,0,0,0,892,0
399,4.5793,9.4397,0.0160,0.0022,1,0,0.0390,1546,9.4770,0,0,0,1466,0
400,3.4047,9.6196,0.0495,0.0059,1,0,0.0913,8128,9.7049,0,0,0,8048,0
401,4.7818,9.4311,0.0189,0.0019,1,0,0.0408,2646,9.4715,0,0,0,2566,0
402,4.2553,9.4523,0.0197,0.0020,1,0,0.0325,1901,9.4925,0,0,0,1821,0
403,3.3892,9.4634,0.0181,0.0020,1,0,0.0341,1097,9.5027,0,0,0,1017,0
404,5.1356,9.4494,0.0190,0.0020,1,0,0.0342,8451,9.4897,0,0,0,8371,0
405,3.3957,9.4663,0.0191,0.0020,1,0,0.0340,1518,9.5066,0,0,0,1438,0
406,5.1308,9.5490,0.0358,0.0059,1,0,0.0738,1713,9.6085,0,0,0,1633,0
407,4.6912,9.4877,0.0266,0.0022,1,0,0.0556,1760,9.5320,0,0,0,1680,0
408,3.5310,9.6335,0.0255,0.0019,1,0,0.0485,8371,9.6750,0,0,0,8291,0
409,3.4692,9.5794,0.0221,0.0023,1,0,0.0546,1615,9.6182,0,0,0,1535,0
410,4.5207,9.5644,0.0168,0.0022,1,0,0.0469,1208,9.5973,0,0,0,1128,0
411,3.4775,9.5502,0.0223,0.0022,1,0,0.0483,1376,9.5895,0,0,0,1296,0
412,4.5295,9.4970,0.0178,0.0021,1,0,0.0408,6701,9.5359,0,0,0,6621,0
413,3.4333,9.4969,0.0207,0.0020,1,0,0.0138,1657,9.5275,0,0,0,1577,0
414,4.6335,9.4587,0.0166,0.0020,1,0,0.0124,2007,9.4966,0,0,0,1927,0
415,4.3958,9.4842,0.0195,0.0020,1,0,0.0173,1626,9.5195,0,0,0,1546,0
416,3.4118,9.4715,0.0208,0.0020,1,0,0.0150,7765,9.5140,0,0,0,7685,0
417,4.4092,9.4925,0.0172,0.0020,1,0,0.0121,2307,9.5305,0,0,0,2227,0
418,3.4084,9.5743,0.0387,0.0052,1,0,0.0290,1800,9.6468,0,0,0,1720,0
419,4.4549,9.3997,0.0185,0.0021,1,0,0.0127,1665,9.4399,0,0,0,1585,0
420,3.4134,8.6000,0.1019,0.0057,1,0,0.0471,55099,8.7278,0,1,0,55019,0
421,4.6171,9.5115,0.0183,0.0022,1,0,0.0130,6056,9.5516,0,0,0,5976,0
422,4.3353,9.4668,0.0177,0.0019,1,0,0.0485,4325,9.5050,0,0,0,4245,0
423,3.4298,9.5260,0.0200,0.0030,1,0,0.0549,2939,9.5633,0,0,0,2859,0
424,4.3489,9.5344,0.0184,0.0021,1,0,0.0490,8824,9.5682,0,0,0,8744,0
425,3.4151,9.5119,0.0184,0.0019,1,0,0.0391,1042,9.5512,0,0,0,962,0
426,4.4465,9.4512,0.0146,0.0018,1,0,0.0376,1664,9.4864,0,0,0,1584,0
427,4.3985,9.5748,0.0425,0.0055,1,0,0.0840,1173,9.6520,0,0,0,1093,0
428,4.5324,9.4697,0.0212,0.0022,1,0,0.0522,6472,9.5074,0,0,0,6392,0
429,3.4090,9.7043,0.0558,0.0073,1,0,0.0373,1108,9.8383,0,0,0,1028,0
430,3.3074,9.5867,0.0261,0.0026,1,0,0.0554,2856,9.6310,0,0,0,2776,0
431,5.0049,9.5625,0.0200,0.0025,1,0,0.0447,1921,9.5990,0,0,0,1841,0
432,3.4277,9.5759,0.0278,0.0035,1,0,0.0680,8914,9.6228,0,0,0,8834,0
433,5.2398,9.5869,0.0189,0.0024,1,0,0.0492,2304,9.6232,0,0,0,2224,0
434,3.7150,9.5081,0.0203,0.0022,1,0,0.0446,1280,9.5452,0,0,0,1200,0
435,4.4928,9.4958,0.0170,0.0019,1,0,0.0409,1419,9.5290,0,0,0,1339,0
436,3.6898,9.5439,0.0186,0.0022,1,0,0.0514,8415,9.5855,0,0,0,8335,0
437,4.4075,9.5721,0.0224,0.0022,1,0,0.0495,945,9.6113,0,0,0,865,0
438,3.7665,9.5573,0.0259,0.0023,1,0,0.0514,996,9.6001,0,0,0,916,0
439,5.1490,9.4663,0.0223,0.0020,1,0,0.0437,845,9.5101,0,0,0,765,0
440,3.4727,9.4719,0.0182,0.0018,1,0,0.0410,8226,9.5112,0,0,0,8146,0
441,5.2031,9.5692,0.0420,0.0052,1,0,0.0866,922,9.6345,0,0,0,842,0
442,5.0714,9.5379,0.0201,0.0018,1,0,0.0396,835,9.5796,0,0,0,755,0
443,3.4093,9.4886,0.0163,0.0019,1,0,0.0440,909,9.5207,0,0,0,829,0
444,4.9221,9.4497,0.0193,0.0018,1,0,0.0157,6437,9.4898,0,0,0,6357,0
445,3.4118,9.6223,0.0450,0.0059,1,0,0.0344,893,9.6928,0,0,0,813,0
446,5.0749,9.5074,0.0198,0.0019,1,0,0.0143,1320,9.5488,0,0,0,1240,0
447,3.3976,9.4918,0.0189,0.0019,1,0,0.0151,1251,9.5316,0,0,0,1171,0
448,5.0650,9.5303,0.0250,0.0018,1,0,0.0173,21784,9.5765,0,0,0,21704,0
449,4.3737,9.5910,0.0460,0.0053,1,0,0.0336,2667,9.6576,0,0,0,2587,0
450,4.4721,9.4844,0.0182,0.0021,1,0,0.0142,1012,9.5241,0,0,0,932,0
451,4.3510,9.5578,0.0419,0.0056,1,0,0.0323,1020,9.6236,0,0,0,940,0
452,4.4684,9.4700,0.0230,0.0021,1,0,0.0174,7606,9.5089,0,0,0,7526,0
453,3.4022,9.6254,0.0386,0.0052,1,0,0.0252,2002,9.6976,0,0,0,1922,0
454,4.4550,9.4250,0.0198,0.0019,1,0,0.0169,865,9.4662,0,0,0,785,0
455,3.4299,9.5886,0.0446,0.0057,1,0,0.0965,864,9.6667,0,0,0,784,0
456,4.6402,9.4551,0.0208,0.0019,1,0,0.0546,7758,9.4974,0,0,0,7678,0
457,3.4265,9.4707,0.0221,0.0021,1,0,0.0452,890,9.5092,0,0,0,810,0
458,3.4160,9.4897,0.0193,0.0019,1,0,0.0421,1718,9.5305,0,0,0,1638,0
459,4.3237,9.5061,0.0172,0.0019,1,0,0.0436,1051,9.5445,0,0,0,971,0
460,3.4124,9.4763,0.0180,0.0017,1,0,0.0466,6710,9.5157,0,0,0,6630,0
461,4.4326,9.4575,0.0168,0.0020,1,0,0.0161,864,9.4898,0,0,0,784,0
462,4.3515,9.6263,0.0412,0.0056,1,0,0.0977,1177,9.7012,0,0,0,1097,0
463,4.4932,9.4632,0.0195,0.0020,1,0,0.0145,1073,9.5040,0,0,0,993,0
464,4.3443,9.5961,0.0388,0.0055,1,0,0.1080,8238,9.6767,0,0,0,8158,0
465,4.5014,9.4655,0.0177,0.0021,1,0,0.0462,2161,9.5054,0,0,0,2081,0
466,3.3876,9.5770,0.0401,0.0058,1,0,0.0295,972,9.6447,0,0,0,892,0
467,4.5043,9.4896,0.0253,0.0030,1,0,0.0595,979,9.5328,0,0,0,899,0
468,3.4466,9.6258,0.0233,0.0020,1,0,0.0576,8323,9.6717,0,0,0,8243,0
469,3.3953,9.5363,0.0195,0.0023,1,0,0.0175,1038,9.5719,0,0,0,958,0
470,5.1312,9.4875,0.0139,0.0018,1,0,0.0427,1061,9.5215,0,0,0,981,0
471,3.3975,9.5068,0.0202,0.0021,1,0,0.0147,1213,9.5488,0,0,0,1133,0
472,5.1870,9.5125,0.0180,0.0018,1,0,0.0508,8152,9.5510,0,0,0,8072,0
473,3.4197,9.4752,0.0196,0.0018,1,0,0.0440,1739,9.5102,0,0,0,1659,0
474,4.4042,9.5092,0.0179,0.0020,1,0,0.0362,981,9.5483,0,0,0,901,0
475,3.4127,9.4640,0.0192,0.0017,1,0,0.0398,1049,9.5040,0,0,0,969,0
476,4.4825,9.5138,0.0203,0.0019,1,0,0.0465,7404,9.5549,0,0,0,7324,0
477,3.4078,9.4723,0.0592,0.0063,1,0,0.0300,1134,9.6183,0,0,0,1054,0
478,4.5468,9.4484,0.0194,0.0020,1,0,0.0369,2606,9.4894,0,0,0,2526,0
479,5.0862,9.4648,0.0173,0.0017,1,0,0.0378,2009,9.5025,0,0,0,1929,0
480,3.3968,8.3239,0.0229,0.0015,1,0,0.0630,36686,8.3657,0,1,0,36606,0
481,4.8952,9.4981,0.0190,0.0018,1,0,0.0430,3917,9.5384,0,0,0,3837,0
482,3.4187,9.4940,0.0214,0.0018,1,0,0.0405,4026,9.5371,0,0,0,3946,0
483,4.9264,9.4613,0.0180,0.0020,1,0,0.0389,4381,9.5000,0,0,0,4301,0
484,3.4066,9.6205,0.0475,0.0055,1,0,0.1070,9211,9.7018,0,0,0,9131,0
485,4.9781,9.4569,0.0199,0.0020,1,0,0.0395,3998,9.4981,0,0,0,3918,0
486,3.4217,9.5534,0.0472,0.0044,1,0,0.0963,1825,9.6345,0,0,0,1745,0
487,4.9615,9.4850,0.0221,0.0020,1,0,0.0399,1698,9.5289,0,0,0,1618,0
488,4.3407,9.5913,0.0449,0.0057,1,0,0.1017,7930,9.6606,0,0,0,7850,0
489,5.2362,9.5803,0.0235,0.0034,1,0,0.0589,934,9.6226,0,0,0,854,0
490,3.5143,9.6858,0.0231,0.0022,1,0,0.0606,1670,9.7266,0,0,0,1590,0
491,4.5897,9.5831,0.0196,0.0021,1,0,0.0185,1314,9.6256,0,0,0,1234,0
492,3.7241,9.6280,0.0284,0.0030,1,0,0.0615,6690,9.6753,0,0,0,6610,0
493,4.6378,9.5783,0.0200,0.0023,1,0,0.0459,951,9.6149,0,0,0,871,0
494,3.7256,9.5139,0.0192,0.0028,1,0,0.0457,1284,9.5509,0,0,0,1204,0
495,4.6797,9.5153,0.0193,0.0022,1,0,0.0475,1229,9.5515,0,0,0,1149,0
496,3.7643,9.5355,0.0214,0.0025,1,0,0.0514,8569,9.5730,0,0,0,8489,0
497,4.5216,9.5552,0.0233,0.0021,1,0,0.0555,3046,9.5949,0,0,0,2966,0
498,3.2356,9.8476,0.0243,0.0022,1,0,0.0543,1797,9.8896,0,0,0,1717,0
499,4.5563,9.6955,0.0298,0.0026,1,0,0.0563,1490,9.7432,0,0,0,1410,0
500,3.5175,9.5347,0.0231,0.0024,1,0,0.0523,8381,9.5744,0,0,0,8301,0
501,4.6852,9.5974,0.0235,0.0026,1,0,0.0541,1434,9.6373,0,0,0,1354,0
502,3.4628,9.5388,0.0252,0.0025,1,0,0.0480,1683,9.5812,0,0,0,1603,0
503,3.5054,9.6317,0.0308,0.0042,1,0,0.0628,1797,9.6782,0,0,0,1717,0
504,4.5214,9.9278,0.0363,0.0033,1,0,0.0861,8516,9.9770,0,0,0,8436,0
505,3.4710,9.6558,0.0312,0.0032,1,0,0.0632,1580,9.7338,0,0,0,1500,0
506,3.4744,9.7193,0.0280,0.0027,1,0,0.0524,1325,9.7652,0,0,0,1245,0
507,3.4953,9.6672,0.0465,0.0038,1,0,0.0862,1540,9.7351,0,0,0,1460,0
508,3.5065,9.6793,0.0404,0.0030,1,0,0.0839,7270,9.7491,0,0,0,7190,0
509,3.4974,9.6314,0.0305,0.0021,1,0,0.0589,1508,9.6813,0,0,0,1428,0
510,3.4800,9.7308,0.0364,0.0032,1,0,0.0794,2333,9.7864,0,0,0,2253,0
511,3.5438,9.6426,0.0367,0.0026,1,0,0.0681,1858,9.7074,0,0,0,1778,0
512,3.5528,9.6637,0.0360,0.0033,1,0,0.0910,21105,9.7198,0,0,0,21025,0
513,3.5064,9.7171,0.0396,0.0025,1,0,0.0787,3245,9.7778,0,0,0,3165,0
514,3.5362,9.6145,0.0256,0.0023,1,0,0.0591,2022,9.6578,0,0,0,1942,0
515,3.5398,9.6917,0.0337,0.0026,1,0,0.0745,2257,9.7528,0,0,0,2177,0
516,3.4682,9.6578,0.0365,0.0024,1,0,0.0825,8839,9.7135,0,0,0,8759,0
517,3.4855,9.6780,0.0338,0.0029,1,0,0.0668,2789,9.7305,0,0,0,2709,0
518,3.4661,9.6410,0.0302,0.0025,1,0,0.0588,2553,9.6892,0,0,0,2473,0
519,4.4014,9.9351,0.0244,0.0027,1,0,0.0595,2497,9.9767,0,0,0,2417,0
520,3.4871,9.6757,0.0445,0.0040,1,0,0.1042,8259,9.7354,0,0,0,8179,0
521,3.5179,9.6320,0.0233,0.0018,1,0,0.0568,2041,9.6717,0,0,0,1961,0
522,3.5107,9.6478,0.0245,0.0023,1,0,0.0531,1756,9.6893,0,0,0,1676,0
523,3.4987,9.5778,0.0218,0.0020,1,0,0.0501,1843,9.6158,0,0,0,1763,0
524,3.4584,9.5665,0.0289,0.0027,1,0,0.0616,7230,9.6131,0,0,0,7150,0
525,4.7478,9.5178,0.0244,0.0022,1,0,0.0559,1833,9.5593,0,0,0,1753,0
526,3.5343,9.5933,0.0315,0.0027,1,0,0.0716,3126,9.6669,0,0,0,3046,0
527,3.4652,9.6927,0.0398,0.0035,1,0,0.0774,2579,9.7612,0,0,0,2499,0
528,3.4741,9.6752,0.0386,0.0040,1,0,0.0725,9597,9.7347,0,0,0,9517,0
529,3.4708,9.5886,0.0256,0.0024,1,0,0.0540,4477,9.6307,0,0,0,4397,0
530,4.4071,9.5046,0.0246,0.0022,1,0,0.0506,3058,9.5462,0,0,0,2978,0
531,3.4399,9.6367,0.0272,0.0026,1,0,0.0777,2920,9.6823,0,0,0,2840,0
532,3.5068,9.6497,0.0283,0.0029,1,0,0.0647,9369,9.6962,0,0,0,9289,0
533,3.4439,9.6459,0.0305,0.0026,1,0,0.0607,2954,9.6944,0,0,0,2874,0
534,3.4748,9.6011,0.0340,0.0026,1,0,0.0628,2827,9.6540,0,0,0,2747,0
535,5.0185,9.5555,0.0261,0.0027,1,0,0.0606,3018,9.5987,0,0,0,2938,0
536,3.4876,9.7055,0.0403,0.0037,1,0,0.1008,9203,9.7661,0,0,0,9123,0
537,3.4724,9.6470,0.0301,0.0026,1,0,0.0726,2349,9.6945,0,0,0,2269,0
538,3.4495,9.6185,0.0338,0.0027,1,0,0.0788,1992,9.6785,0,0,0,1912,0
539,4.4889,9.5557,0.0235,0.0020,1,0,0.0431,2005,9.5951,0,0,0,1925,0
540,3.4811,8.3695,0.0385,0.0018,1,0,0.0703,57155,8.4290,0,1,0,57075,0
541,3.5267,9.6899,0.0274,0.0025,1,0,0.0581,3779,9.7346,0,0,0,3699,0
542,3.4919,9.6982,0.0416,0.0026,1,0,0.0687,3187,9.7680,0,0,0,3107,0
543,3.4981,9.6888,0.0455,0.0032,1,0,0.0801,2649,9.7561,0,0,0,2569,0
544,3.4771,9.5253,0.0258,0.0022,1,0,0.0562,7743,9.5679,0,0,0,7663,0
545,4.6670,9.5469,0.0253,0.0028,1,0,0.0648,2074,9.5902,0,0,0,1994,0
546,3.5418,9.6687,0.0395,0.0026,1,0,0.0798,2458,9.7269,0,0,0,2378,0
547,4.7459,9.5371,0.0231,0.0020,1,0,0.0551,2610,9.5769,0,0,0,2530,0
548,3.4779,9.5823,0.0300,0.0028,1,0,0.0863,8278,9.6303,0,0,0,8198,0
549,4.9642,9.6100,0.0296,0.0032,1,0,0.0653,2285,9.6587,0,0,0,2205,0
550,3.6500,9.7116,0.0405,0.0036,1,0,0.0730,966,9.7690,0,0,0,886,0
551,3.5295,9.6344,0.0281,0.0028,1,0,0.0707,861,9.6744,0,0,0,781,0
552,3.5208,9.7040,0.0260,0.0031,1,0,0.0605,7741,9.7484,0,0,0,7661,0
553,3.5448,9.6420,0.0269,0.0022,1,0,0.0240,921,9.6873,0,0,0,841,0
554,3.4591,9.5694,0.0253,0.0022,1,0,0.0526,1913,9.6121,0,0,0,1833,0
555,3.4500,9.6514,0.0348,0.0051,1,0,0.0612,940,9.7136,0,0,0,860,0
556,3.4602,9.6296,0.0293,0.0032,1,0,0.0554,6321,9.6913,0,0,0,6241,0
557,3.4298,9.6708,0.0386,0.0030,1,0,0.0699,990,9.7296,0,0,0,910,0
558,3.4668,9.5785,0.0244,0.0030,1,0,0.0588,1437,9.6208,0,0,0,1357,0
559,3.4319,9.5300,0.0212,0.0027,1,0,0.0447,987,9.5682,0,0,0,907,0
560,4.9171,9.4927,0.0205,0.0024,1,0,0.0508,8408,9.5357,0,0,0,8328,0
561,3.4132,9.4834,0.0229,0.0025,1,0,0.0441,2962,9.5191,0,0,0,2882,0
562,4.9800,9.5381,0.0203,0.0021,1,0,0.0422,2258,9.5805,0,0,0,2178,0
563,3.4373,9.5423,0.0250,0.0024,1,0,0.0900,1466,9.5847,0,0,0,1386,0
564,3.4731,9.5528,0.0187,0.0031,1,0,0.0424,8516,9.5869,0,0,0,8436,0
565,3.4672,9.7612,0.0241,0.0030,1,0,0.0881,1898,9.8000,0,0,0,1818,0
566,5.0790,9.6744,0.0262,0.0026,1,0,0.0474,1953,9.7179,0,0,0,1873,0
567,3.4956,9.4856,0.0164,0.0019,1,0,0.0469,2144,9.5225,0,0,0,2064,0
568,4.4158,9.4773,0.0200,0.0020,1,0,0.0448,8468,9.5190,0,0,0,8388,0
569,3.4283,9.6799,0.0417,0.0051,1,0,0.1755,1842,9.7551,0,0,0,1762,0
570,4.5273,9.4539,0.0196,0.0021,1,0,0.0148,1404,9.4955,0,0,0,1324,0
571,3.4149,9.5533,0.0206,0.0023,1,0,0.0482,1616,9.5851,0,0,0,1536,0
572,4.6702,9.4718,0.0170,0.0019,1,0,0.0489,7364,9.5098,0,0,0,7284,0
573,3.4272,9.6759,0.0440,0.0056,1,0,0.0736,1540,9.7440,0,0,0,1460,0
574,4.7867,9.4829,0.0203,0.0023,1,0,0.0481,2462,9.5255,0,0,0,2382,0
575,3.3957,9.5885,0.0462,0.0055,1,0,0.0935,2330,9.6690,0,0,0,2250,0
576,5.0046,9.4896,0.0193,0.0023,1,0,0.0485,8080,9.5249,0,0,0,8000,0
577,3.3952,9.6020,0.0482,0.0055,1,0,0.1006,3032,9.6750,0,0,0,2952,0
578,4.9300,9.4705,0.0219,0.0023,1,0,0.0511,2332,9.5086,0,0,0,2252,0
579,3.3940,9.5785,0.0379,0.0057,1,0,0.0823,2077,9.6497,0,0,0,1997,0
580,4.9761,9.4285,0.0218,0.0018,1,0,0.0495,9027,9.4720,0,0,0,8947,0
581,3.3973,9.6116,0.0460,0.0056,1,0,0.0898,2468,9.6911,0,0,0,2388,0
582,4.9177,9.5230,0.0237,0.0023,1,0,0.0511,2259,9.5635,0,0,0,2179,0
583,3.3975,9.6045,0.0476,0.0055,1,0,0.0953,2348,9.6863,0,0,0,2268,0
584,5.0317,9.5107,0.0230,0.0022,1,0,0.0537,8256,9.5500,0,0,0,8176,0
585,3.3953,9.5404,0.0419,0.0052,1,0,0.1006,1849,9.6195,0,0,0,1769,0
586,5.0878,9.4595,0.0188,0.0022,1,0,0.0466,1890,9.5000,0,0,0,1810,0
587,3.3946,9.5342,0.0259,0.0023,1,0,0.0653,1825,9.5775,0,0,0,1745,0
588,5.2799,9.7049,0.0254,0.0022,1,0,0.0514,7257,9.7530,0,0,0,7177,0
589,3.4946,9.5689,0.0284,0.0020,1,0,0.0662,1741,9.6137,0,0,0,1661,0
590,4.4343,9.5266,0.0143,0.0020,1,0,0.0367,2883,9.5617,0,0,0,2803,0
591,3.4129,9.4914,0.0211,0.0018,1,0,0.0550,2366,9.5288,0,0,0,2286,0
592,4.5748,9.4458,0.0198,0.0016,1,0,0.0445,9442,9.4868,0,0,0,9362,0
593,3.4070,9.5016,0.0244,0.0022,1,0,0.0519,4331,9.5423,0,0,0,4251,0
594,3.4043,9.4954,0.0182,0.0022,1,0,0.0401,3593,9.5347,0,0,0,3513,0
595,4.3228,9.5365,0.0181,0.0022,1,0,0.0382,3610,9.5760,0,0,0,3530,0
596,3.4147,9.5527,0.0497,0.0057,1,0,0.1135,9444,9.6397,0,0,0,9364,0
597,4.3051,9.4786,0.0221,0.0022,1,0,0.0427,3085,9.5222,0,0,0,3005,0
598,4.3640,9.5950,0.0444,0.0052,1,0,0.0800,3009,9.6747,0,0,0,2929,0
599,4.5293,9.5198,0.0206,0.0019,1,0,0.0391,3144,9.5615,0,0,0,3064,0
600,3.4190,8.3438,0.0466,0.0021,1,0,0.0507,40103,8.4104,0,1,0,40023,0
601,5.1499,9.5439,0.0362,0.0053,1,0,0.0796,3159,9.6133,0,0,0,3079,0
602,4.3029,9.3764,0.0182,0.0020,1,0,0.0356,2316,9.4162,0,0,0,2236,0
603,4.3666,9.4373,0.0179,0.0018,1,0,0.0449,1458,9.4767,0,0,0,1378,0
604,3.4008,9.4997,0.0213,0.0018,1,0,0.0454,7129,9.5423,0,0,0,7049,0
605,3.3947,9.4644,0.0210,0.0025,1,0,0.0364,1509,9.5067,0,0,0,1429,0
606,4.3068,9.5141,0.0178,0.0019,1,0,0.0382,2423,9.5526,0,0,0,2343,0
607,3.4056,9.5792,0.0380,0.0052,1,0,0.0941,1049,9.6444,0,0,0,969,0
608,3.3620,9.4470,0.0267,0.0019,1,0,0.0663,23548,9.4894,0,0,0,23468,0
609,4.9907,9.6412,0.0248,0.0035,1,0,0.0539,2880,9.6846,0,0,0,2800,0
610,3.5070,9.6031,0.0292,0.0027,1,0,0.0548,1141,9.6508,0,0,0,1061,0
611,5.1153,9.5727,0.0193,0.0021,1,0,0.0425,1012,9.6147,0,0,0,932,0
612,3.4576,9.5555,0.0295,0.0032,1,0,0.0626,8087,9.6032,0,0,0,8007,0
613,5.1903,9.5895,0.0227,0.0019,1,0,0.0571,2899,9.6285,0,0,0,2819,0
614,3.5070,9.6522,0.0288,0.0024,1,0,0.0546,899,9.6982,0,0,0,819,0
615,4.3746,9.5078,0.0200,0.0022,1,0,0.0160,860,9.5492,0,0,0,780,0
616,3.5145,9.5231,0.0229,0.0025,1,0,0.0568,7686,9.5689,0,0,0,7606,0
617,4.4235,9.5025,0.0215,0.0021,1,0,0.0194,852,9.5408,0,0,0,772,0
618,3.5210,9.5859,0.0198,0.0021,1,0,0.0430,883,9.6278,0,0,0,803,0
619,4.5618,9.5613,0.0301,0.0030,1,0,0.0642,1581,9.6100,0,0,0,1501,0
620,3.4433,9.5061,0.0201,0.0018,1,0,0.0405,7038,9.5474,0,0,0,6958,0
621,4.6572,9.4940,0.0152,0.0018,1,0,0.0353,950,9.5298,0,0,0,870,0
622,3.4421,9.5467,0.0174,0.0031,1,0,0.0293,2114,9.5911,0,0,0,2034,0
623,4.7848,9.5055,0.0197,0.0020,1,0,0.0377,1639,9.5463,0,0,0,1559,0
624,3.4290,9.5185,0.0220,0.0019,1,0,0.0471,8020,9.5619,0,0,0,7940,0
625,3.4151,9.6385,0.0415,0.0056,1,0,0.0856,3716,9.7131,0,0,0,3636,0
626,4.5313,9.4790,0.0215,0.0021,1,0,0.0383,2125,9.5221,0,0,0,2045,0
627,3.4426,9.4751,0.0200,0.0017,1,0,0.0420,1754,9.5104,0,0,0,1674,0
628,4.5873,9.4483,0.0198,0.0018,1,0,0.0365,8255,9.4897,0,0,0,8175,0
629,4.3698,9.5477,0.0196,0.0021,1,0,0.0463,2407,9.5836,0,0,0,2327,0
630,3.4326,9.5570,0.0206,0.0020,1,0,0.0476,1628,9.5932,0,0,0,1548,0
631,5.2010,9.5828,0.0417,0.0052,1,0,0.0840,2285,9.6598,0,0,0,2205,0
632,5.0216,9.4685,0.0213,0.0021,1,0,0.0462,9397,9.5113,0,0,0,9317,0
633,4.3679,9.4351,0.0168,0.0017,1,0,0.0415,1693,9.4722,0,0,0,1613,0
634,3.4058,9.4611,0.0213,0.0020,1,0,0.0398,1797,9.5040,0,0,0,1717,0
635,4.4883,9.4592,0.0160,0.0020,1,0,0.0338,1070,9.4958,0,0,0,990,0
636,3.4050,9.4499,0.0215,0.0019,1,0,0.0460,7490,9.4927,0,0,0,7410,0
637,4.5232,9.4414,0.0179,0.0020,1,0,0.0323,1135,9.4805,0,0,0,1055,0
638,4.3182,9.4808,0.0187,0.0017,1,0,0.0370,3479,9.5199,0,0,0,3399,0
639,3.4093,9.4648,0.0195,0.0020,1,0,0.0382,2122,9.5050,0,0,0,2042,0
640,5.1939,9.5635,0.0500,0.0039,1,0,0.1091,7552,9.6364,0,0,0,7472,0
641,4.9934,9.4192,0.0193,0.0021,1,0,0.0394,4641,9.4601,0,0,0,4561,0
642,4.3607,9.4715,0.0187,0.0019,1,0,0.0411,3024,9.5107,0,0,0,2944,0
643,3.4065,9.4635,0.0215,0.0020,1,0,0.0372,2887,9.5060,0,0,0,2807,0
644,4.4027,9.4511,0.0175,0.0020,1,0,0.0498,8786,9.4893,0,0,0,8706,0
645,4.3765,9.5566,0.0426,0.0057,1,0,0.0946,2533,9.6340,0,0,0,2453,0
646,4.5341,9.4571,0.0216,0.0019,1,0,0.0415,2914,9.5006,0,0,0,2834,0
647,3.4131,9.5490,0.0360,0.0035,1,0,0.0644,3007,9.6139,0,0,0,2927,0
648,4.5760,9.5455,0.0204,0.0020,1,0,0.0613,8078,9.5815,0,0,0,7998,0
649,3.4375,9.5698,0.0255,0.0024,1,0,0.0603,2813,9.6135,0,0,0,2733,0
650,4.6296,9.4443,0.0144,0.0020,1,0,0.0374,2231,9.4800,0,0,0,2151,0
651,3.3983,9.5063,0.0232,0.0025,1,0,0.0420,1857,9.5523,0,0,0,1777,0
652,3.4277,9.5805,0.0227,0.0025,1,0,0.0614,7208,9.6208,0,0,0,7128,0
653,5.1440,9.4730,0.0171,0.0018,1,0,0.0464,2159,9.5116,0,0,0,2079,0
654,3.4098,9.5065,0.0173,0.0019,1,0,0.0485,4844,9.5446,0,0,0,4764,0
655,4.3082,9.4579,0.0175,0.0020,1,0,0.0375,3876,9.4965,0,0,0,3796,0
656,3.3968,9.4787,0.0214,0.0019,1,0,0.0459,9460,9.5207,0,0,0,9380,0
657,4.4428,9.4620,0.0156,0.0019,1,0,0.0466,6725,9.4983,0,0,0,6645,0
658,3.3980,9.5495,0.0396,0.0054,1,0,0.0999,4462,9.6231,0,0,0,4382,0
659,4.6010,9.4659,0.0193,0.0019,1,0,0.0495,3680,9.5008,0,0,0,3600,0
660,3.3816,8.3033,0.0255,0.0021,1,0,0.0434,56955,8.3490,0,1,0,56875,0
661,4.7445,9.4665,0.0215,0.0020,1,0,0.0348,3470,9.5093,0,0,0,3390,0
662,4.3785,9.4792,0.0189,0.0022,1,0,0.0404,2442,9.5191,0,0,0,2362,0
663,3.4345,9.4604,0.0202,0.0020,1,0,0.0389,2736,9.5019,0,0,0,2656,0
664,4.3701,9.5311,0.0193,0.0018,1,0,0.0411,9301,9.5717,0,0,0,9221,0
665,3.4053,9.4615,0.0172,0.0019,1,0,0.0383,1730,9.4992,0,0,0,1650,0
666,4.3946,9.4482,0.0182,0.0018,1,0,0.0310,1016,9.4863,0,0,0,936,0
667,4.3721,9.5501,0.0367,0.0053,1,0,0.0855,1309,9.6201,0,0,0,1229,0
668,4.5312,9.4977,0.0225,0.0028,1,0,0.0418,6868,9.5424,0,0,0,6788,0
669,4.4417,9.6480,0.0215,0.0031,1,0,0.0543,1424,9.6877,0,0,0,1344,0
670,4.6284,9.6372,0.0278,0.0027,1,0,0.0574,1592,9.6770,0,0,0,1512,0
671,2.9211,9.7649,0.0436,0.0063,1,0,0.0933,1673,9.8470,0,0,0,1593,0
672,5.7080,9.5931,0.0225,0.0033,1,0,0.0682,7061,9.6341,0,0,0,6981,0
673,3.7346,9.5627,0.0223,0.0025,1,0,0.0503,1759,9.6081,0,0,0,1679,0
674,3.6925,9.5051,0.0199,0.0018,1,0,0.0143,1351,9.5465,0,0,0,1271,0
675,4.5583,9.5028,0.0195,0.0025,1,0,0.0403,1636,9.5444,0,0,0,1556,0
676,3.6082,9.4910,0.0220,0.0022,1,0,0.0636,8029,9.5297,0,0,0,7949,0
677,5.0349,9.5184,0.0259,0.0022,1,0,0.0539,2212,9.5609,0,0,0,2132,0
678,3.4358,9.5116,0.0214,0.0021,1,0,0.0493,1083,9.5552,0,0,0,1003,0
679,4.5403,9.4678,0.0203,0.0025,1,0,0.0421,948,9.5103,0,0,0,868,0
680,3.4447,9.4811,0.0192,0.0022,1,0,0.0575,7885,9.5168,0,0,0,7805,0
681,4.6712,9.4540,0.0165,0.0019,1,0,0.0133,896,9.4914,0,0,0,816,0
682,3.4584,9.5188,0.0131,0.0025,1,0,0.0724,1109,9.5602,0,0,0,1029,0
683,4.7970,9.4648,0.0180,0.0022,1,0,0.0406,1891,9.5040,0,0,0,1811,0
684,3.4198,9.6122,0.0465,0.0060,1,0,0.0939,6688,9.6934,0,0,0,6608,0
685,4.3076,9.4695,0.0195,0.0023,1,0,0.0462,868,9.5050,0,0,0,788,0
686,4.3098,9.4560,0.0157,0.0022,1,0,0.0356,1540,9.4932,0,0,0,1460,0
687,3.4131,9.4411,0.0212,0.0020,1,0,0.0382,1946,9.4837,0,0,0,1866,0
688,4.5131,9.4684,0.0189,0.0020,1,0,0.0414,8382,9.5022,0,0,0,8302,0
689,3.4167,9.5491,0.0452,0.0057,1,0,0.0865,3353,9.6280,0,0,0,3273,0
690,4.6121,9.4774,0.0182,0.0021,1,0,0.0371,1838,9.5170,0,0,0,1758,0
691,4.3803,9.4452,0.0167,0.0022,1,0,0.0402,1957,9.4835,0,0,0,1877,0
692,3.3985,9.4771,0.0204,0.0022,1,0,0.0395,8431,9.5193,0,0,0,8351,0
693,4.3320,9.4743,0.0177,0.0020,1,0,0.0363,1611,9.5131,0,0,0,1531,0
694,3.3969,9.4635,0.0213,0.0022,1,0,0.0377,1612,9.5060,0,0,0,1532,0
695,4.3756,9.4420,0.0191,0.0020,1,0,0.0360,1738,9.4824,0,0,0,1658,0
696,5.0535,9.4633,0.0190,0.0018,1,0,0.0426,8364,9.5027,0,0,0,8284,0
697,3.4328,9.4659,0.0205,0.0020,1,0,0.0350,1828,9.5079,0,0,0,1748,0
698,4.9055,9.4585,0.0184,0.0018,1,0,0.0336,1524,9.4973,0,0,0,1444,0
699,3.4037,9.4482,0.0171,0.0018,1,0,0.0385,1560,9.4854,0,0,0,1480,0
700,4.9018,9.4540,0.0202,0.0018,1,0,0.0362,7248,9.4950,0,0,0,7168,0
701,3.4002,9.5917,0.0424,0.0053,1,0,0.0352,1439,9.6693,0,0,0,1359,0
702,4.9722,9.4653,0.0239,0.0025,1,0,0.0466,2502,9.5060,0,0,0,2422,0
703,3.3909,9.5489,0.0460,0.0056,1,0,0.0940,2216,9.6290,0,0,0,2136,0
704,4.9506,9.5291,0.0315,0.0023,1,0,0.0558,23169,9.5829,0,0,0,23089,0
705,3.3965,9.5439,0.0438,0.0048,1,0,0.0979,2955,9.6206,0,0,0,2875,0
706,5.0664,9.4590,0.0208,0.0020,1,0,0.0404,2077,9.5019,0,0,0,1997,0
707,3.4087,9.5221,0.0288,0.0023,1,0,0.0496,2030,9.5682,0,0,0,1950,0
708,5.2581,9.5555,0.0197,0.0019,1,0,0.0603,8810,9.5909,0,0,0,8730,0
709,3.4297,9.5615,0.0280,0.0022,1,0,0.0550,2479,9.6060,0,0,0,2399,0
710,4.4049,9.4964,0.0143,0.0020,1,0,0.0357,2338,9.5312,0,0,0,2258,0
711,3.4172,9.4620,0.0214,0.0018,1,0,0.0385,2489,9.5043,0,0,0,2409,0
712,4.5102,9.4706,0.0186,0.0019,1,0,0.0407,8223,9.5099,0,0,0,8143,0
713,4.3491,9.6195,0.0419,0.0049,1,0,0.0936,1905,9.6812,0,0,0,1825,0
714,4.3996,9.4989,0.0206,0.0024,1,0,0.0398,1651,9.5422,0,0,0,1571,0
715,4.9297,9.4648,0.0149,0.0018,1,0,0.0356,1759,9.5004,0,0,0,1679,0
716,3.4072,9.4644,0.0195,0.0018,1,0,0.0437,7189,9.5047,0,0,0,7109,0
717,4.8846,9.4635,0.0189,0.0021,1,0,0.0481,1713,9.4980,0,0,0,1633,0
718,4.3414,9.4513,0.0169,0.0018,1,0,0.0365,3121,9.4893,0,0,0,3041,0
719,3.4152,9.5024,0.0178,0.0020,1,0,0.0377,2273,9.5406,0,0,0,2193,0
720,4.7281,8.3261,0.0277,0.0032,1,0,0.0635,36201,8.3762,0,1,0,36121,0
721,3.4182,9.4817,0.0205,0.0018,1,0,0.0586,5821,9.5184,0,0,0,5741,0
722,4.8309,9.4806,0.0186,0.0021,1,0,0.0460,3622,9.5210,0,0,0,3542,0
723,3.4094,9.4928,0.0224,0.0018,1,0,0.0398,2381,9.5366,0,0,0,2301,0
724,5.0378,9.4695,0.0194,0.0019,1,0,0.0503,9351,9.5112,0,0,0,9271,0
725,3.3892,9.4796,0.0199,0.0018,1,0,0.0450,1399,9.5207,0,0,0,1319,0
726,5.0792,9.4831,0.0155,0.0017,1,0,0.0343,1028,9.5190,0,0,0,948,0
727,3.4176,9.4640,0.0213,0.0018,1,0,0.0357,1027,9.5070,0,0,0,947,0
728,5.1566,9.4548,0.0185,0.0018,1,0,0.0425,8671,9.4942,0,0,0,8591,0
729,3.4470,9.6532,0.0276,0.0028,1,0,0.0458,915,9.6994,0,0,0,835,0
730,4.3743,9.6784,0.0249,0.0023,1,0,0.0508,915,9.7372,0,0,0,835,0
731,3.2080,9.5586,0.0210,0.0023,1,0,0.0540,874,9.5972,0,0,0,794,0
732,4.6771,9.5970,0.0378,0.0030,1,0,0.0833,6515,9.6508,0,0,0,6435,0
733,3.7631,9.6010,0.0301,0.0025,1,0,0.0442,851,9.6500,0,0,0,771,0
734,3.6018,9.5320,0.0232,0.0018,1,0,0.0395,1467,9.5711,0,0,0,1387,0
735,3.4337,9.5318,0.0219,0.0018,1,0,0.0449,1083,9.5698,0,0,0,1003,0
736,3.4297,9.5420,0.0191,0.0041,1,0,0.0546,7256,9.5796,0,0,0,7176,0
737,4.9653,9.5510,0.0244,0.0024,1,0,0.0509,1797,9.5921,0,0,0,1717,0
738,3.1515,9.7799,0.0394,0.0027,1,0,0.0851,970,9.8449,0,0,0,890,0
739,5.1789,9.6366,0.0259,0.0021,1,0,0.0471,851,9.6797,0,0,0,771,0
740,3.4202,9.4860,0.0182,0.0021,1,0,0.0500,7503,9.5258,0,0,0,7423,0
741,5.1653,9.4754,0.0155,0.0024,1,0,0.0405,2014,9.5063,0,0,0,1934,0
742,3.4144,9.4510,0.0090,0.0015,1,0,0.0283,843,9.4791,0,0,0,763,0
743,5.2358,9.6650,0.0288,0.0032,1,0,0.0193,841,9.7215,0,0,0,761,0
744,3.4244,9.5388,0.0255,0.0023,1,0,0.0738,7590,9.5810,0,0,0,7510,0
745,3.4508,9.6038,0.0233,0.0023,1,0,0.0202,892,9.6442,0,0,0,812,0
746,3.4409,9.6070,0.0333,0.0029,1,0,0.0636,808,9.6592,0,0,0,728,0
747,3.4852,9.6170,0.0364,0.0033,1,0,0.0657,2061,9.6780,0,0,0,1981,0
748,3.4781,9.5051,0.0158,0.0031,1,0,0.0641,6151,9.5378,0,0,0,6071,0
749,3.4750,9.5346,0.0258,0.0023,1,0,0.0517,889,9.5768,0,0,0,809,0
750,4.4165,9.5011,0.0238,0.0020,1,0,0.0518,1067,9.5415,0,0,0,987,0
751,3.4616,9.5798,0.0335,0.0037,1,0,0.0710,935,9.6335,0,0,0,855,0
752,3.4933,9.6752,0.0274,0.0025,1,0,0.0528,8273,9.7196,0,0,0,8193,0
753,3.4906,9.5648,0.0213,0.0022,1,0,0.0479,2495,9.6032,0,0,0,2415,0
754,3.4242,9.5028,0.0235,0.0020,1,0,0.0493,1845,9.5424,0,0,0,1765,0
755,5.0536,9.6209,0.0294,0.0020,1,0,0.0512,1109,9.6668,0,0,0,1029,0
756,3.4295,9.7085,0.0369,0.0024,1,0,0.0649,8325,9.7638,0,0,0,8245,0
757,5.1459,9.7035,0.0232,0.0029,1,0,0.0515,1163,9.7443,0,0,0,1083,0
758,3.4253,9.6600,0.0329,0.0024,1,0,0.0689,1244,9.7114,0,0,0,1164,0
759,5.1330,9.6638,0.0372,0.0029,1,0,0.0794,1361,9.7307,0,0,0,1281,0
760,3.4843,9.6173,0.0341,0.0032,1,0,0.0855,8530,9.6712,0,0,0,8450,0
761,5.2010,9.6019,0.0241,0.0025,1,0,0.0568,2059,9.6431,0,0,0,1979,0
762,3.4503,9.7151,0.0416,0.0035,1,0,0.0807,2638,9.7774,0,0,0,2558,0
763,3.4904,9.6493,0.0408,0.0032,1,0,0.0757,1721,9.7095,0,0,0,1641,0
764,3.4382,9.5229,0.0216,0.0020,1,0,0.0605,7146,9.5610,0,0,0,7066,0
765,3.4072,9.5490,0.0243,0.0026,1,0,0.0542,1652,9.5907,0,0,0,1572,0
766,3.4222,9.5613,0.0292,0.0031,1,0,0.0512,2456,9.6085,0,0,0,2376,0
767,3.4295,9.5895,0.0289,0.0032,1,0,0.0607,1946,9.6376,0,0,0,1866,0
768,3.4224,9.6152,0.0304,0.0025,1,0,0.0751,21035,9.6621,0,0,0,20955,0
769,3.4334,9.5117,0.0245,0.0025,1,0,0.0475,3486,9.5527,0,0,0,3406,0
770,3.4073,9.5682,0.0219,0.0025,1,0,0.0573,2433,9.6066,0,0,0,2353,0
771,3.4205,9.5660,0.0245,0.0027,1,0,0.0504,2308,9.6077,0,0,0,2228,0
772,5.2105,9.5407,0.0241,0.0027,1,0,0.0555,8610,9.5824,0,0,0,8530,0
773,3.4403,9.6250,0.0316,0.0033,1,0,0.0745,3696,9.6843,0,0,0,3616,0
774,4.3253,9.5852,0.0278,0.0024,1,0,0.0618,2278,9.6303,0,0,0,2198,0
775,5.0122,9.5135,0.0199,0.0029,1,0,0.0554,2791,9.5506,0,0,0,2711,0
776,3.4750,9.5527,0.0316,0.0035,1,0,0.1049,8451,9.5978,0,0,0,8371,0
777,3.4298,9.5420,0.0252,0.0022,1,0,0.0486,2672,9.5836,0,0,0,2592,0
778,3.4068,9.5586,0.0203,0.0025,1,0,0.0576,1975,9.6015,0,0,0,1895,0
779,3.4130,9.4878,0.0191,0.0018,1,0,0.0498,2282,9.5227,0,0,0,2202,0
780,4.6067,8.4119,0.0380,0.0025,1,0,0.0840,48693,8.4665,0,1,0,48613,0
781,3.4217,9.6380,0.0243,0.0024,1,0,0.0622,3737,9.6799,0,0,0,3657,0
782,3.4156,9.5457,0.0248,0.0023,1,0,0.0537,3462,9.5872,0,0,0,3382,0
783,3.4201,9.7461,0.0687,0.0060,1,0,0.1557,2304,9.8422,0,0,0,2224,0
784,4.7821,9.6803,0.0401,0.0033,1,0,0.0985,10904,9.7471,0,0,0,10824,0
785,3.4580,9.5911,0.0339,0.0038,1,0,0.0788,3158,9.6514,0,0,0,3078,0
786,3.4417,9.5533,0.0251,0.0027,1,0,0.0605,1954,9.5957,0,0,0,1874,0
787,4.4138,9.5362,0.0220,0.0025,1,0,0.0494,1318,9.5752,0,0,0,1238,0
788,3.4552,9.5639,0.0257,0.0024,1,0,0.0630,8573,9.6060,0,0,0,8493,0
789,4.6287,9.7903,0.0369,0.0038,1,0,0.0836,1120,9.8469,0,0,0,1040,0
790,3.4847,9.8309,0.0306,0.0043,1,0,0.1609,959,9.8836,0,0,0,879,0
791,3.0714,9.6730,0.0304,0.0029,1,0,0.0597,929,9.7298,0,0,0,849,0
792,3.6525,9.5869,0.0265,0.0028,1,0,0.0705,8273,9.6326,0,0,0,8193,0
793,3.7134,9.6192,0.0240,0.0025,1,0,0.0524,882,9.6610,0,0,0,802,0
794,3.7091,9.5258,0.0241,0.0025,1,0,0.0535,899,9.5672,0,0,0,819,0
795,3.4594,9.6309,0.0319,0.0022,1,0,0.0687,958,9.6815,0,0,0,878,0
796,3.4346,9.5771,0.0308,0.0024,1,0,0.0850,6580,9.6261,0,0,0,6500,0
797,3.4779,9.5245,0.0259,0.0023,1,0,0.0542,971,9.5678,0,0,0,891,0
798,3.4394,9.6116,0.0222,0.0020,1,0,0.0417,1436,9.6500,0,0,0,1356,0
799,3.4521,9.6372,0.0237,0.0022,1,0,0.0594,1516,9.6777,0,0,0,1436,0
800,4.4353,20.0504,0.0314,0.0047,1,0,0.2104,7413,20.1058,0,0,0,7333,0
801,13.4756,9.7613,0.0363,0.0049,1,0,0.0719,1899,9.8258,0,0,0,1819,0
802,6.3733,10.5546,0.0214,0.0022,1,0,0.0494,1422,10.5930,0,0,0,1342,0
803,3.4736,9.6373,0.0242,0.0029,1,0,0.0221,1191,9.6796,0,0,0,1111,0
804,3.4194,9.5527,0.0265,0.0025,1,0,0.0671,7620,9.6040,0,0,0,7540,0
805,3.4588,9.5712,0.0226,0.0021,1,0,0.0526,2034,9.6100,0,0,0,1954,0
806,3.4280,9.5953,0.0233,0.0024,1,0,0.0171,910,9.6353,0,0,0,830,0
807,3.4152,9.6333,0.0162,0.0023,1,0,0.0545,868,9.6654,0,0,0,788,0
808,3.3857,9.4757,0.0216,0.0020,1,0,0.0544,7579,9.5130,0,0,0,7499,0
809,3.4187,9.5080,0.0192,0.0020,1,0,0.0170,910,9.5430,0,0,0,830,0
810,3.3865,9.6310,0.0197,0.0020,1,0,0.0566,2065,9.6725,0,0,0,1985,0
811,3.3887,9.5885,0.0232,0.0024,1,0,0.0165,847,9.6336,0,0,0,767,0
812,3.3959,9.5999,0.0232,0.0021,1,0,0.0620,6172,9.6466,0,0,0,6092,0
813,3.4455,9.4977,0.0223,0.0019,1,0,0.0161,876,9.5427,0,0,0,796,0
814,3.4613,9.5256,0.0168,0.0019,1,0,0.0489,1026,9.5640,0,0,0,946,0
815,3.4153,9.4672,0.0175,0.0019,1,0,0.0166,990,9.5003,0,0,0,910,0
816,3.4170,9.5146,0.0208,0.0019,1,0,0.0579,8395,9.5568,0,0,0,8315,0
817,4.4185,9.4930,0.0172,0.0019,1,0,0.0410,2956,9.5313,0,0,0,2876,0
818,3.4138,9.4869,0.0192,0.0019,1,0,0.0393,1885,9.5277,0,0,0,1805,0
819,4.3711,9.5159,0.0186,0.0021,1,0,0.0331,1054,9.5558,0,0,0,974,0
820,4.3963,9.4429,0.0203,0.0018,1,0,0.0502,8369,9.4851,0,0,0,8289,0
821,4.4458,9.4742,0.0180,0.0019,1,0,0.0341,1068,9.5127,0,0,0,988,0
822,3.4119,9.5750,0.0392,0.0052,1,0,0.0753,1113,9.6475,0,0,0,1033,0
823,4.3608,9.4299,0.0169,0.0019,1,0,0.0423,1136,9.4680,0,0,0,1056,0
824,4.3745,9.6130,0.0463,0.0053,1,0,0.1016,8254,9.6922,0,0,0,8174,0
825,4.5175,9.5234,0.0202,0.0022,1,0,0.0469,1097,9.5598,0,0,0,1017,0
826,3.4165,9.4625,0.0093,0.0015,1,0,0.0204,1018,9.4805,0,0,0,938,0
827,4.5157,9.4908,0.0249,0.0028,1,0,0.0520,975,9.5332,0,0,0,895,0
828,3.4802,9.6545,0.0307,0.0021,1,0,0.0589,6812,9.7013,0,0,0,6732,0
829,3.4222,9.5044,0.0204,0.0022,1,0,0.0459,1176,9.5410,0,0,0,1096,0
830,5.1617,9.4911,0.0135,0.0022,1,0,0.0406,1900,9.5255,0,0,0,1820,0
831,3.4263,9.5267,0.0221,0.0022,1,0,0.0512,1475,9.5647,0,0,0,1395,0
832,5.1518,9.5361,0.0166,0.0020,1,0,0.0426,7195,9.5735,0,0,0,7115,0
833,3.4233,9.4960,0.0220,0.0024,1,0,0.0488,2245,9.5350,0,0,0,2165,0
834,4.2815,9.4832,0.0160,0.0021,1,0,0.0373,1632,9.5204,0,0,0,1552,0
835,3.4097,9.5901,0.0477,0.0057,1,0,0.0936,1939,9.6591,0,0,0,1859,0
836,5.0950,9.5207,0.0218,0.0021,1,0,0.0482,8376,9.5642,0,0,0,8296,0
837,3.4026,9.4684,0.0201,0.0021,1,0,0.0398,2775,9.5095,0,0,0,2695,0
838,4.2916,9.5136,0.0160,0.0021,1,0,0.0434,2131,9.5509,0,0,0,2051,0
839,4.3804,9.5640,0.0428,0.0059,1,0,0.0751,2303,9.6293,0,0,0,2223,0
840,4.8755,8.4043,0.0371,0.0020,1,0,0.0695,46421,8.4635,0,1,0,46341,0
841,4.3803,9.6518,0.0445,0.0056,1,0,0.1020,4453,9.7217,0,0,0,4373,0
842,4.5863,9.5159,0.0210,0.0028,1,0,0.0414,3863,9.5591,0,0,0,3783,0
843,3.4212,9.4885,0.0167,0.0020,1,0,0.0470,4253,9.5269,0,0,0,4173,0
844,4.6825,9.4391,0.0191,0.0016,1,0,0.0421,9221,9.4785,0,0,0,9141,0
845,3.4053,9.5968,0.0441,0.0057,1,0,0.0338,1050,9.6747,0,0,0,970,0
846,4.6868,9.4337,0.0180,0.0022,1,0,0.0424,1896,9.4738,0,0,0,1816,0
847,5.1007,9.4602,0.0144,0.0017,1,0,0.0329,1380,9.4947,0,0,0,1300,0
848,3.4088,9.4350,0.0225,0.0018,1,0,0.0379,9319,9.4784,0,0,0,9239,0
849,4.3759,9.7015,0.0275,0.0027,1,0,0.0497,2362,9.7472,0,0,0,2282,0
850,3.4984,9.6337,0.0269,0.0030,1,0,0.0163,1112,9.6864,0,0,0,1032,0
851,4.4235,9.6109,0.0209,0.0023,1,0,0.0568,988,9.6492,0,0,0,908,0
852,3.4910,9.6157,0.0398,0.0039,1,0,0.0606,8601,9.6816,0,0,0,8521,0
853,3.5146,9.6005,0.0205,0.0022,1,0,0.0506,1105,9.6375,0,0,0,1025,0
854,5.1571,9.5275,0.0193,0.0020,1,0,0.0413,1150,9.5630,0,0,0,1070,0
855,3.4579,9.5511,0.0253,0.0024,1,0,0.0454,1268,9.5958,0,0,0,1188,0
856,5.1822,9.4815,0.0220,0.0023,1,0,0.0568,8487,9.5202,0,0,0,8407,0
857,3.4702,9.5518,0.0215,0.0024,1,0,0.0483,946,9.5902,0,0,0,866,0
858,4.9706,9.6529,0.0215,0.0019,1,0,0.0498,813,9.6905,0,0,0,733,0
859,3.4922,9.5635,0.0157,0.0018,1,0,0.0460,850,9.6009,0,0,0,770,0
860,4.3266,9.5475,0.0211,0.0021,1,0,0.0528,6448,9.5846,0,0,0,6368,0
861,3.4151,9.4595,0.0215,0.0021,1,0,0.0429,888,9.5030,0,0,0,808,0
862,4.6038,9.4542,0.0201,0.0020,1,0,0.0421,1340,9.4961,0,0,0,1260,0
863,3.4057,9.5555,0.0462,0.0056,1,0,0.0906,1232,9.6360,0,0,0,1152,0
864,4.3438,9.5121,0.0255,0.0025,1,0,0.0598,22195,9.5542,0,0,0,22115,0
865,3.3973,9.5111,0.0483,0.0067,1,0,0.0997,2566,9.5852,0,0,0,2486,0
866,4.7922,9.4448,0.0195,0.0023,1,0,0.0428,1107,9.4806,0,0,0,1027,0
867,4.3508,9.4430,0.0158,0.0020,1,0,0.0159,939,9.4805,0,0,0,859,0
868,3.3834,9.4388,0.0209,0.0023,1,0,0.0539,7689,9.4813,0,0,0,7609,0
869,4.5441,9.4489,0.0165,0.0020,1,0,0.0454,2030,9.4861,0,0,0,1950,0
870,3.3955,9.5661,0.0190,0.0023,1,0,0.0158,871,9.6005,0,0,0,791,0
871,3.3838,9.4972,0.0213,0.0023,1,0,0.0460,881,9.5350,0,0,0,801,0
872,4.3207,9.4895,0.0214,0.0019,1,0,0.0350,7617,9.5326,0,0,0,7537,0
873,3.4536,9.5002,0.0205,0.0018,1,0,0.0407,935,9.5365,0,0,0,855,0
874,4.4583,9.4344,0.0156,0.0018,1,0,0.0345,1894,9.4706,0,0,0,1814,0
875,5.0481,9.4418,0.0175,0.0017,1,0,0.0376,967,9.4801,0,0,0,887,0
876,3.4202,9.4592,0.0200,0.0022,1,0,0.0385,6549,9.5012,0,0,0,6469,0
877,4.9030,9.4657,0.0168,0.0019,1,0,0.0365,871,9.5035,0,0,0,791,0
878,3.4297,9.6768,0.0415,0.0057,1,0,0.0910,1017,9.7523,0,0,0,937,0
879,5.0563,9.5013,0.0193,0.0019,1,0,0.0368,1527,9.5424,0,0,0,1447,0
880,3.4238,9.4914,0.0186,0.0031,1,0,0.0450,8521,9.5437,0,0,0,8441,0
881,5.2625,9.5135,0.0184,0.0022,1,0,0.0417,2635,9.5540,0,0,0,2555,0
882,3.4085,9.4844,0.0195,0.0020,1,0,0.0397,1663,9.5251,0,0,0,1583,0
883,5.2040,9.4754,0.0177,0.0019,1,0,0.0325,1386,9.5142,0,0,0,1306,0
884,3.3977,9.5792,0.0388,0.0056,1,0,0.0931,8399,9.6508,0,0,0,8319,0
885,3.3469,9.3840,0.0197,0.0021,1,0,0.0517,1466,9.4195,0,0,0,1386,0
886,4.8970,9.4533,0.0200,0.0020,1,0,0.0396,1719,9.4945,0,0,0,1639,0
887,3.3942,9.5227,0.0302,0.0025,1,0,0.0687,1500,9.5844,0,0,0,1420,0
888,5.0799,9.6627,0.0389,0.0032,1,0,0.0756,8318,9.7208,0,0,0,8238,0
889,3.4746,9.6387,0.0237,0.0024,1,0,0.0681,1483,9.6800,0,0,0,1403,0
890,5.2036,9.5497,0.0144,0.0017,1,0,0.0350,1126,9.5844,0,0,0,1046,0
891,3.4362,9.4788,0.0159,0.0018,1,0,0.0334,1138,9.5154,0,0,0,1058,0
892,4.3330,9.5033,0.0169,0.0019,1,0,0.0490,6765,9.5415,0,0,0,6685,0
893,3.4290,9.4904,0.0165,0.0018,1,0,0.0345,1124,9.5275,0,0,0,1044,0
894,4.5008,9.4315,0.0145,0.0017,1,0,0.0339,1675,9.4660,0,0,0,1595,0
895,5.1610,9.5070,0.0138,0.0021,1,0,0.0332,1628,9.5418,0,0,0,1548,0
896,3.4160,9.4905,0.0238,0.0020,1,0,0.0425,7194,9.5368,0,0,0,7114,0
897,5.1270,9.4667,0.0154,0.0020,1,0,0.0338,2226,9.5030,0,0,0,2146,0
898,3.3969,9.4570,0.0200,0.0017,1,0,0.0355,2257,9.4976,0,0,0,2177,0
899,4.3178,9.4578,0.0184,0.0019,1,0,0.0335,1943,9.4968,0,0,0,1863,0
900,3.4133,8.3525,0.0297,0.0022,1,0,0.0585,56128,8.4020,0,1,0,56048,0
901,5.1137,9.4574,0.0188,0.0018,1,0,0.0481,6117,9.4975,0,0,0,6037,0
902,3.4091,9.4483,0.0219,0.0021,1,0,0.0439,4733,9.4917,0,0,0,4653,0
903,4.4558,9.4701,0.0159,0.0019,1,0,0.0372,3200,9.5057,0,0,0,3120,0
904,3.4538,9.5312,0.0229,0.0022,1,0,0.0459,8961,9.5761,0,0,0,8881,0
905,4.8163,9.4408,0.0161,0.0020,1,0,0.0330,1726,9.4779,0,0,0,1646,0
906,3.4186,9.6384,0.0475,0.0057,1,0,0.0890,1438,9.7193,0,0,0,1358,0
907,4.7627,9.5237,0.0213,0.0020,1,0,0.0365,1359,9.5660,0,0,0,1279,0
908,4.4071,9.4436,0.0200,0.0020,1,0,0.0521,7490,9.4794,0,0,0,7410,0
909,3.4538,9.6234,0.0239,0.0028,1,0,0.0557,1538,9.6647,0,0,0,1458,0
910,4.6101,9.6280,0.0192,0.0024,1,0,0.0525,2346,9.6780,0,0,0,2266,0
911,2.9396,9.4719,0.0210,0.0024,1,0,0.0587,1465,9.5098,0,0,0,1385,0
912,4.6425,9.5112,0.0279,0.0027,1,0,0.0713,8845,9.5572,0,0,0,8765,0
913,3.4815,9.5859,0.0208,0.0022,1,0,0.0501,2165,9.6288,0,0,0,2085,0
914,3.4930,9.5244,0.0225,0.0023,1,0,0.0533,1078,9.5639,0,0,0,998,0
915,4.4436,9.5620,0.0195,0.0020,1,0,0.0429,1231,9.6032,0,0,0,1151,0
916,3.4223,9.5275,0.0208,0.0020,1,0,0.0490,8424,9.5696,0,0,0,8344,0
917,4.4840,9.4844,0.0201,0.0023,1,0,0.0466,1157,9.5210,0,0,0,1077,0
918,3.4931,9.5602,0.0261,0.0022,1,0,0.0600,922,9.6032,0,0,0,842,0
919,4.6345,9.4649,0.0217,0.0023,1,0,0.0437,896,9.5033,0,0,0,816,0
920,3.4871,9.5481,0.0217,0.0020,1,0,0.0519,8225,9.5857,0,0,0,8145,0
921,3.4972,9.4845,0.0198,0.0020,1,0,0.0450,913,9.5265,0,0,0,833,0
922,5.1555,9.4548,0.0156,0.0020,1,0,0.0159,868,9.4915,0,0,0,788,0
923,3.4525,9.4375,0.0187,0.0023,1,0,0.0415,812,9.4781,0,0,0,732,0
924,4.4621,9.4863,0.0184,0.0022,1,0,0.0426,6485,9.5260,0,0,0,6405,0
925,3.4232,9.6129,0.0449,0.0063,1,0,0.0872,992,9.6833,0,0,0,912,0
926,4.5267,9.4318,0.0177,0.0020,1,0,0.0424,1434,9.4715,0,0,0,1354,0
927,5.1992,9.4370,0.0168,0.0021,1,0,0.0334,1214,9.4741,0,0,0,1134,0
928,3.4271,9.4526,0.0215,0.0020,1,0,0.0528,7045,9.4898,0,0,0,6965,0
929,5.1615,9.4575,0.0178,0.0018,1,0,0.0376,1823,9.4961,0,0,0,1743,0
930,3.4120,9.4291,0.0177,0.0019,1,0,0.0373,1119,9.4683,0,0,0,1039,0
931,5.1785,9.5405,0.0366,0.0052,1,0,0.0701,1151,9.6090,0,0,0,1071,0
932,5.0374,9.4509,0.0193,0.0020,1,0,0.0457,7636,9.4915,0,0,0,7556,0
933,3.4151,9.6000,0.0465,0.0053,1,0,0.0987,1996,9.6805,0,0,0,1916,0
934,4.9889,9.4452,0.0193,0.0020,1,0,0.0168,935,9.4865,0,0,0,855,0
935,3.4372,9.5724,0.0438,0.0060,1,0,0.0922,939,9.6525,0,0,0,859,0
936,5.1514,9.5122,0.0203,0.0021,1,0,0.0430,7649,9.5547,0,0,0,7569,0
937,3.4049,9.4466,0.0188,0.0019,1,0,0.0455,925,9.4817,0,0,0,845,0
938,5.1359,9.4472,0.0182,0.0020,1,0,0.0345,2046,9.4868,0,0,0,1966,0
939,3.4383,9.5318,0.0395,0.0055,1,0,0.0760,1903,9.5951,0,0,0,1823,0
940,3.3662,9.4311,0.0203,0.0019,1,0,0.0385,6571,9.4726,0,0,0,6491,0
941,4.9378,9.4342,0.0146,0.0016,1,0,0.0309,864,9.4689,0,0,0,784,0
942,3.3835,9.4905,0.0188,0.0019,1,0,0.0348,1199,9.5307,0,0,0,1119,0
943,4.8850,9.4467,0.0175,0.0020,1,0,0.0337,1020,9.4852,0,0,0,940,0
944,3.4230,9.5884,0.0483,0.0054,1,0,0.0907,8121,9.6725,0,0,0,8041,0
945,5.0011,9.5015,0.0198,0.0023,1,0,0.0410,2262,9.5428,0,0,0,2182,0
946,3.4043,9.4298,0.0604,0.0060,1,0,0.0875,1131,9.5188,0,0,0,1051,0
947,5.1000,9.4901,0.0262,0.0026,1,0,0.0545,1085,9.5339,0,0,0,1005,0
948,3.4737,9.6095,0.0233,0.0020,1,0,0.0626,8320,9.6490,0,0,0,8240,0
949,4.3228,9.5185,0.0312,0.0022,1,0,0.0241,1114,9.5688,0,0,0,1034,0
950,3.4310,9.4684,0.0183,0.0020,1,0,0.0144,1161,9.5083,0,0,0,1081,0
951,4.4550,9.4843,0.0128,0.0018,1,0,0.0421,1161,9.5177,0,0,0,1081,0
952,3.3930,9.4863,0.0200,0.0023,1,0,0.0596,8256,9.5224,0,0,0,8176,0
953,4.5750,9.4480,0.0162,0.0022,1,0,0.0377,1198,9.4857,0,0,0,1118,0
954,3.4060,9.5796,0.0455,0.0053,1,0,0.0895,980,9.6597,0,0,0,900,0
955,4.8715,9.5075,0.0187,0.0022,1,0,0.0372,994,9.5477,0,0,0,914,0
956,4.4170,9.5063,0.0223,0.0024,1,0,0.0559,6903,9.5450,0,0,0,6823,0
957,3.4038,9.4551,0.0225,0.0020,1,0,0.0408,1123,9.4941,0,0,0,1043,0
958,4.3900,9.4828,0.0170,0.0020,1,0,0.0416,2011,9.5208,0,0,0,1931,0
959,3.4392,9.4760,0.0203,0.0018,1,0,0.0639,2158,9.5195,0,0,0,2078,0
960,4.3435,8.3765,0.0311,0.0021,1,0,0.0677,37233,8.4295,0,1,0,37153,0
961,4.3794,9.5645,0.0355,0.0055,1,0,0.0963,4041,9.6353,0,0,0,3961,0
962,4.4793,9.4867,0.0190,0.0020,1,0,0.0438,4162,9.5275,0,0,0,4082,0
963,3.4450,9.5882,0.0445,0.0057,1,0,0.0938,4147,9.6573,0,0,0,4067,0
964,4.5868,9.4309,0.0198,0.0020,1,0,0.0499,9690,9.4664,0,0,0,9610,0
965,5.2150,9.4386,0.0152,0.0018,1,0,0.0134,1445,9.4743,0,0,0,1365,0
966,3.4388,9.4715,0.0172,0.0018,1,0,0.0446,1907,9.5096,0,0,0,1827,0
967,5.1601,9.4994,0.0165,0.0016,1,0,0.0371,1145,9.5363,0,0,0,1065,0
968,3.4211,9.4408,0.0198,0.0018,1,0,0.0399,7804,9.4827,0,0,0,7724,0
969,4.3085,9.5947,0.0245,0.0030,1,0,0.0496,926,9.6372,0,0,0,846,0
970,4.3298,9.5777,0.0218,0.0021,1,0,0.0172,820,9.6163,0,0,0,740,0
971,4.4924,9.5438,0.0180,0.0020,1,0,0.0569,813,9.5777,0,0,0,733,0
972,3.4240,9.5725,0.0322,0.0031,1,0,0.0791,6105,9.6237,0,0,0,6025,0
973,3.4563,9.5841,0.0178,0.0021,1,0,0.0183,826,9.6178,0,0,0,746,0
974,3.4211,9.5004,0.0200,0.0020,1,0,0.0483,1072,9.5417,0,0,0,992,0
975,4.3884,9.4678,0.0190,0.0017,1,0,0.0138,1063,9.5077,0,0,0,983,0
976,3.3944,9.4851,0.0219,0.0024,1,0,0.0659,8475,9.5235,0,0,0,8395,0
977,3.4096,9.5222,0.0233,0.0020,1,0,0.0507,2010,9.5663,0,0,0,1930,0
978,4.4350,9.5595,0.0220,0.0019,1,0,0.0435,1471,9.6035,0,0,0,1391,0
979,3.4883,9.5517,0.0234,0.0020,1,0,0.0445,1057,9.5912,0,0,0,977,0
980,4.4455,9.5022,0.0162,0.0020,1,0,0.0459,8383,9.5395,0,0,0,8303,0
981,3.4375,9.6016,0.0402,0.0056,1,0,0.0784,1132,9.6775,0,0,0,1052,0
982,4.3257,9.4656,0.0205,0.0022,1,0,0.0444,1072,9.5028,0,0,0,992,0
983,4.9403,9.5567,0.0378,0.0051,1,0,0.1050,1108,9.6120,0,0,0,1028,0
984,3.5167,9.5848,0.0311,0.0023,1,0,0.0642,8365,9.6332,0,0,0,8285,0
985,3.4956,9.6534,0.0239,0.0023,1,0,0.0691,916,9.6940,0,0,0,836,0
986,3.4479,9.5275,0.0241,0.0024,1,0,0.0492,897,9.5689,0,0,0,817,0
987,3.4377,9.5628,0.0246,0.0023,1,0,0.0550,859,9.6047,0,0,0,779,0
988,3.4401,9.5343,0.0248,0.0025,1,0,0.0572,6434,9.5765,0,0,0,6354,0
989,4.3953,9.5917,0.0357,0.0035,1,0,0.0773,851,9.6477,0,0,0,771,0
990,3.4632,9.6029,0.0250,0.0025,1,0,0.0496,1101,9.6453,0,0,0,1021,0
991,3.4386,9.5566,0.0235,0.0021,1,0,0.0517,948,9.5969,0,0,0,868,0
992,3.4546,9.6040,0.0174,0.0028,1,0,0.0765,7015,9.6309,0,0,0,6935,0
993,3.4597,9.6078,0.0232,0.0022,1,0,0.0510,1240,9.6481,0,0,0,1160,0
994,3.4577,9.6186,0.0324,0.0028,1,0,0.0644,1093,9.6697,0,0,0,1013,0
995,4.3936,9.5981,0.0290,0.0026,1,0,0.0212,935,9.6448,0,0,0,855,0
996,3.4487,9.7032,0.0367,0.0029,1,0,0.0768,7539,9.7590,0,0,0,7459,0
997,4.8720,9.6378,0.0355,0.0031,1,0,0.0797,2043,9.6935,0,0,0,1963,0
998,3.4497,9.6922,0.0360,0.0025,1,0,0.0287,902,9.7634,0,0,0,822,0
999,3.4689,9.6328,0.0405,0.0060,1,0,0.1620,919,9.6951,0,0,0,839,0
1000,3.3999,9.5075,0.0277,0.0023,1,0,0.0580,7686,9.5519,0,0,0,7606,0
1001,3.4582,9.6288,0.0253,0.0026,1,0,0.0512,964,9.6713,0,0,0,884,0
1002,3.4497,9.5879,0.0246,0.0021,1,0,0.0494,886,9.6294,0,0,0,806,0
1003,3.4345,9.6638,0.0310,0.0032,1,0,0.0612,2117,9.7190,0,0,0,2037,0
1004,4.4238,9.5182,0.0238,0.0026,1,0,0.0480,6581,9.5591,0,0,0,6501,0
1005,3.4609,9.6375,0.0325,0.0027,1,0,0.0648,925,9.6942,0,0,0,845,0
1006,3.4576,9.5523,0.0267,0.0025,1,0,0.0539,1036,9.5973,0,0,0,956,0
1007,3.4853,9.6091,0.0290,0.0025,1,0,0.0629,2339,9.6563,0,0,0,2259,0
1008,3.4823,9.5906,0.0243,0.0022,1,0,0.0609,8314,9.6312,0,0,0,8234,0
1009,3.4311,9.5838,0.0208,0.0024,1,0,0.0539,2729,9.6211,0,0,0,2649,0
1010,3.4441,9.6495,0.0250,0.0021,1,0,0.0508,1186,9.6923,0,0,0,1106,0
1011,3.4894,9.6050,0.0263,0.0027,1,0,0.0529,1896,9.6487,0,0,0,1816,0
1012,3.4776,9.6150,0.0261,0.0025,1,0,0.0534,8352,9.6574,0,0,0,8272,0
1013,3.4566,9.5566,0.0225,0.0023,1,0,0.0546,1787,9.5957,0,0,0,1707,0
1014,3.4676,9.5799,0.0253,0.0024,1,0,0.0576,1864,9.6225,0,0,0,1784,0
1015,4.9857,9.5590,0.0368,0.0032,1,0,0.0830,2407,9.6246,0,0,0,2327,0
1016,3.5002,9.5926,0.0333,0.0024,1,0,0.0659,8493,9.6444,0,0,0,8413,0
1017,3.4910,9.5577,0.0264,0.0022,1,0,0.0543,1979,9.6008,0,0,0,1899,0
1018,3.5101,9.5657,0.0322,0.0026,1,0,0.0448,1837,9.6163,0,0,0,1757,0
1019,3.5008,9.5876,0.0245,0.0030,1,0,0.0524,2241,9.6301,0,0,0,2161,0
1020,4.5964,8.4899,0.0487,0.0024,1,0,0.1222,57008,8.5567,0,1,0,56928,0
1021,3.4756,9.5800,0.0286,0.0032,1,0,0.0595,3815,9.6271,0,0,0,3735,0
1022,3.5103,9.7067,0.0310,0.0023,1,0,0.0697,3376,9.7555,0,0,0,3296,0
1023,3.4663,9.5292,0.0234,0.0022,1,0,0.0505,2917,9.5691,0,0,0,2837,0
1024,3.4137,9.5450,0.0315,0.0022,1,0,0.0645,20868,9.5935,0,0,0,20788,0
1025,4.9726,9.6611,0.0272,0.0022,1,0,0.0541,2713,9.7050,0,0,0,2633,0
1026,3.4213,9.6884,0.0290,0.0026,1,0,0.0604,2252,9.7575,0,0,0,2172,0
1027,5.0847,9.6273,0.0363,0.0034,1,0,0.0768,1958,9.6935,0,0,0,1878,0
1028,3.4957,9.6986,0.0435,0.0037,1,0,0.0940,7795,9.7595,0,0,0,7715,0
1029,5.3261,9.6668,0.0308,0.0031,1,0,0.0834,2054,9.7252,0,0,0,1974,0
1030,3.5663,9.7172,0.0326,0.0032,1,0,0.0269,930,9.7753,0,0,0,850,0
1031,2.9738,9.5868,0.0229,0.0023,1,0,0.0300,870,9.6269,0,0,0,790,0
1032,3.5111,9.6916,0.0222,0.0026,1,0,0.0684,7741,9.7309,0,0,0,7661,0
1033,3.5487,9.6753,0.0252,0.0023,1,0,0.0639,923,9.7278,0,0,0,843,0
1034,3.4901,9.5557,0.0288,0.0022,1,0,0.0648,1979,9.6015,0,0,0,1899,0
1035,3.4956,9.7033,0.0365,0.0028,1,0,0.0248,1069,9.7663,0,0,0,989,0
1036,3.4865,9.5681,0.0258,0.0022,1,0,0.0629,6645,9.6108,0,0,0,6565,0
1037,3.4698,9.6043,0.0253,0.0022,1,0,0.0195,888,9.6470,0,0,0,808,0
1038,3.4771,9.5557,0.0240,0.0020,1,0,0.0577,1362,9.5968,0,0,0,1282,0
1039,3.4392,9.5310,0.0248,0.0024,1,0,0.0502,982,9.5730,0,0,0,902,0
1040,3.4377,9.5800,0.0245,0.0021,1,0,0.0570,8318,9.6267,0,0,0,8238,0
1041,3.4950,9.5398,0.0215,0.0019,1,0,0.0525,2688,9.5770,0,0,0,2608,0
1042,4.5873,9.4884,0.0182,0.0022,1,0,0.0395,1222,9.5218,0,0,0,1142,0
1043,3.4725,9.5367,0.0246,0.0027,1,0,0.0534,1097,9.5742,0,0,0,1017,0
1044,3.4792,9.5884,0.0157,0.0022,1,0,0.0485,8408,9.6248,0,0,0,8328,0
1045,3.5309,9.5610,0.0275,0.0032,1,0,0.1003,1154,9.6112,0,0,0,1074,0
1046,4.6123,9.5937,0.0355,0.0028,1,0,0.0724,1100,9.6477,0,0,0,1020,0
1047,3.4619,9.5407,0.0192,0.0025,1,0,0.0445,1156,9.5767,0,0,0,1076,0
1048,4.7988,9.4800,0.0180,0.0019,1,0,0.0470,8262,9.5188,0,0,0,8182,0
1049,4.3374,9.5263,0.0179,0.0020,1,0,0.0350,1073,9.5649,0,0,0,993,0
1050,3.4130,9.4823,0.0185,0.0020,1,0,0.0361,1018,9.5218,0,0,0,938,0
1051,4.4580,9.4507,0.0167,0.0018,1,0,0.0160,996,9.4822,0,0,0,916,0
1052,3.4172,9.5036,0.0201,0.0021,1,0,0.0550,7124,9.5397,0,0,0,7044,0
1053,4.5783,9.4473,0.0180,0.0022,1,0,0.0345,1079,9.4867,0,0,0,999,0
1054,3.4144,9.5185,0.0207,0.0019,1,0,0.0429,1553,9.5614,0,0,0,1473,0
1055,3.4107,9.4993,0.0190,0.0018,1,0,0.0415,1439,9.5341,0,0,0,1359,0
1056,4.3498,9.5293,0.0188,0.0022,1,0,0.0482,7333,9.5702,0,0,0,7253,0
1057,4.3932,9.5814,0.0470,0.0056,1,0,0.0958,2307,9.6528,0,0,0,2227,0
1058,4.5760,9.4953,0.0222,0.0020,1,0,0.0424,2342,9.5392,0,0,0,2262,0
1059,3.4227,9.4647,0.0209,0.0021,1,0,0.0423,1774,9.5080,0,0,0,1694,0
1060,4.5712,9.4617,0.0211,0.0021,1,0,0.0565,8785,9.4984,0,0,0,8705,0
1061,4.5221,9.5843,0.0481,0.0040,1,0,0.1263,1997,9.6530,0,0,0,1917,0
1062,4.9832,9.5190,0.0215,0.0022,1,0,0.0473,2002,9.5569,0,0,0,1922,0
1063,3.4343,9.7253,0.0201,0.0019,1,0,0.0494,2323,9.7676,0,0,0,2243,0
1064,3.4210,9.4849,0.0219,0.0020,1,0,0.0461,7983,9.5279,0,0,0,7903,0
1065,4.4108,9.4744,0.0175,0.0018,1,0,0.0380,1610,9.5127,0,0,0,1530,0
1066,3.4247,9.5232,0.0193,0.0021,1,0,0.0534,1454,9.5586,0,0,0,1374,0
1067,4.4570,9.6515,0.0325,0.0027,1,0,0.0780,1587,9.7115,0,0,0,1507,0
1068,3.4920,9.7279,0.0253,0.0021,1,0,0.0545,7227,9.7695,0,0,0,7147,0
1069,4.6031,9.5633,0.0238,0.0021,1,0,0.0189,1401,9.6034,0,0,0,1321,0
1070,3.4870,9.5422,0.0218,0.0025,1,0,0.0491,2654,9.5812,0,0,0,2574,0
1071,3.4292,9.4963,0.0213,0.0025,1,0,0.0450,1934,9.5341,0,0,0,1854,0
1072,4.4158,9.5483,0.0225,0.0022,1,0,0.0589,9158,9.5867,0,0,0,9078,0
1073,3.4194,9.5275,0.0234,0.0031,1,0,0.0505,3411,9.5687,0,0,0,3331,0
1074,4.5870,9.5563,0.0202,0.0022,1,0,0.0435,3811,9.5982,0,0,0,3731,0
1075,3.4207,9.5095,0.0223,0.0022,1,0,0.0510,3319,9.5478,0,0,0,3239,0
1076,4.6726,9.5075,0.0216,0.0020,1,0,0.0465,9237,9.5500,0,0,0,9157,0
1077,3.4135,9.6285,0.0506,0.0059,1,0,0.1076,3282,9.7050,0,0,0,3202,0
1078,4.8053,9.5307,0.0230,0.0022,1,0,0.0459,3254,9.5756,0,0,0,3174,0
1079,3.4148,9.6336,0.0507,0.0055,1,0,0.1113,3335,9.7092,0,0,0,3255,0
1080,5.0018,8.4560,0.0461,0.0034,1,0,0.0835,38400,8.5200,0,1,0,38320,0
1081,4.3664,9.5227,0.0217,0.0018,1,0,0.0430,3072,9.5653,0,0,0,2992,0
1082,3.4242,9.5375,0.0210,0.0020,1,0,0.0414,1980,9.5796,0,0,0,1900,0
1083,3.4124,9.5557,0.0238,0.0019,1,0,0.0408,1506,9.6011,0,0,0,1426,0
1084,5.2254,9.4870,0.0189,0.0019,1,0,0.0431,7722,9.5270,0,0,0,7642,0
1085,3.4193,9.4973,0.0215,0.0022,1,0,0.0357,1105,9.5397,0,0,0,1025,0
1086,4.4008,9.5639,0.0180,0.0020,1,0,0.0475,2678,9.5977,0,0,0,2598,0
1087,3.4237,9.5887,0.0434,0.0056,1,0,0.0920,1567,9.6570,0,0,0,1487,0
1088,4.4665,9.4815,0.0219,0.0023,1,0,0.0465,9156,9.5258,0,0,0,9076,0
1089,3.4630,9.6561,0.0316,0.0025,1,0,0.0620,2363,9.7052,0,0,0,2283,0
1090,4.7556,9.6695,0.0248,0.0027,1,0,0.0527,2314,9.7295,0,0,0,2234,0
1091,2.9320,9.6563,0.0494,0.0059,1,0,0.0366,1143,9.7306,0,0,0,1063,0
1092,4.7793,9.5875,0.0295,0.0030,1,0,0.0574,7643,9.6349,0,0,0,7563,0
1093,3.4552,9.5660,0.0198,0.0029,1,0,0.0563,1974,9.6030,0,0,0,1894,0
1094,3.4319,9.5354,0.0210,0.0024,1,0,0.0192,848,9.5731,0,0,0,768,0
1095,4.6318,9.5407,0.0223,0.0022,1,0,0.0430,873,9.5850,0,0,0,793,0
1096,3.4328,9.5269,0.0252,0.0027,1,0,0.0598,7575,9.5690,0,0,0,7495,0
1097,3.4197,9.5271,0.0247,0.0024,1,0,0.0183,940,9.5680,0,0,0,860,0
1098,4.4597,9.5615,0.0201,0.0021,1,0,0.0484,833,9.5974,0,0,0,753,0
1099,3.4366,9.5805,0.0313,0.0038,1,0,0.0675,936,9.6310,0,0,0,856,0
1100,4.5504,9.5322,0.0208,0.0020,1,0,0.0409,6534,9.5687,0,0,0,6454,0
1101,3.4206,9.4668,0.0184,0.0018,1,0,0.0425,850,9.5065,0,0,0,770,0
1102,4.7066,9.4779,0.0163,0.0021,1,0,0.0145,997,9.5155,0,0,0,917,0
1103,3.4240,9.5212,0.0225,0.0019,1,0,0.0147,1008,9.5652,0,0,0,928,0
1104,4.8563,9.5256,0.0197,0.0021,1,0,0.0627,7562,9.5613,0,0,0,7482,0
1105,4.4306,9.5581,0.0209,0.0019,1,0,0.0469,2835,9.5940,0,0,0,2755,0
1106,3.4269,9.5480,0.0188,0.0023,1,0,0.0445,1366,9.5884,0,0,0,1286,0
1107,4.6087,9.4927,0.0203,0.0021,1,0,0.0412,1560,9.5347,0,0,0,1480,0
1108,3.4282,9.5657,0.0172,0.0018,1,0,0.0458,8325,9.6036,0,0,0,8245,0
1109,3.4238,9.4846,0.0202,0.0019,1,0,0.0472,1653,9.5266,0,0,0,1573,0
1110,4.4142,9.5263,0.0187,0.0018,1,0,0.0375,1349,9.5662,0,0,0,1269,0
1111,3.4076,9.6893,0.0448,0.0058,1,0,0.1014,1742,9.7590,0,0,0,1662,0
1112,4.4462,9.6034,0.0243,0.0022,1,0,0.0555,9159,9.6496,0,0,0,9079,0
1113,4.3807,9.5902,0.0438,0.0059,1,0,0.0821,1014,9.6567,0,0,0,934,0
1114,4.6727,9.5121,0.0218,0.0024,1,0,0.0394,1438,9.5497,0,0,0,1358,0
1115,3.4143,9.5112,0.0180,0.0022,1,0,0.0384,1357,9.5509,0,0,0,1277,0
1116,4.6838,9.5280,0.0178,0.0018,1,0,0.0428,7019,9.5665,0,0,0,6939,0
1117,4.3721,9.5014,0.0192,0.0021,1,0,0.0414,1760,9.5425,0,0,0,1680,0
1118,3.4042,9.4860,0.0189,0.0020,1,0,0.0431,1664,9.5208,0,0,0,1584,0
1119,4.4353,9.5309,0.0205,0.0017,1,0,0.0410,2496,9.5723,0,0,0,2416,0
1120,3.4206,9.5415,0.0224,0.0019,1,0,0.0580,22927,9.5847,0,0,0,22847,0
1121,4.5377,9.4760,0.0184,0.0018,1,0,0.0414,3229,9.5154,0,0,0,3149,0
1122,3.4090,9.5284,0.0178,0.0020,1,0,0.0423,2237,9.5672,0,0,0,2157,0
1123,4.3700,9.5092,0.0220,0.0019,1,0,0.0500,1984,9.5467,0,0,0,1904,0
1124,3.4114,9.5245,0.0208,0.0019,1,0,0.0481,8659,9.5663,0,0,0,8579,0
1125,4.7668,9.4949,0.0183,0.0018,1,0,0.0395,2844,9.5340,0,0,0,2764,0
1126,3.4054,9.5931,0.0473,0.0057,1,0,0.1011,2530,9.6638,0,0,0,2450,0
1127,4.8518,9.6525,0.0267,0.0031,1,0,0.0660,2834,9.7050,0,0,0,2754,0
1128,3.5026,9.6462,0.0319,0.0025,1,0,0.0766,8768,9.6950,0,0,0,8688,0
1129,3.4765,9.6266,0.0259,0.0022,1,0,0.0558,2048,9.6695,0,0,0,1968,0
1130,4.7216,9.5667,0.0202,0.0022,1,0,0.0175,1306,9.6034,0,0,0,1226,0
1131,3.4185,9.5380,0.0203,0.0020,1,0,0.0454,1560,9.5798,0,0,0,1480,0
1132,4.6632,9.5228,0.0203,0.0022,1,0,0.0447,7015,9.5650,0,0,0,6935,0
1133,3.4170,9.5512,0.0230,0.0020,1,0,0.0336,1547,9.5961,0,0,0,1467,0
1134,4.8519,9.5337,0.0192,0.0020,1,0,0.0414,3446,9.5743,0,0,0,3366,0
1135,3.4170,9.8634,0.0488,0.0057,1,0,0.1189,2433,9.9370,0,0,0,2353,0
1136,4.9989,9.5265,0.0225,0.0020,1,0,0.0607,9373,9.5697,0,0,0,9293,0
1137,3.4191,9.7178,0.0456,0.0053,1,0,0.0871,3756,9.7850,0,0,0,3676,0
1138,5.0706,9.5422,0.0232,0.0021,1,0,0.0482,3204,9.5814,0,0,0,3124,0
1139,3.4017,9.8690,0.0457,0.0060,1,0,0.1055,2982,9.9380,0,0,0,2902,0
1140,5.1818,8.4585,0.0405,0.0022,1,0,0.0929,57341,8.5155,0,1,0,57261,0
1141,3.4116,9.5416,0.0183,0.0023,1,0,0.0474,3380,9.5765,0,0,0,3300,0
1142,4.3450,9.5900,0.0185,0.0021,1,0,0.0437,2229,9.6300,0,0,0,2149,0
1143,3.4116,9.6333,0.0403,0.0055,1,0,0.0874,2526,9.6980,0,0,0,2446,0
1144,4.5467,9.5328,0.0219,0.0027,1,0,0.0563,8939,9.5717,0,0,0,8859,0
1145,3.4065,9.5273,0.0192,0.0020,1,0,0.0373,1376,9.5678,0,0,0,1296,0
1146,4.6376,9.5328,0.0187,0.0020,1,0,0.0155,1174,9.5731,0,0,0,1094,0
1147,4.3168,9.5642,0.0180,0.0023,1,0,0.0416,2126,9.6036,0,0,0,2046,0
1148,3.4186,9.5744,0.0203,0.0020,1,0,0.0486,7137,9.6164,0,0,0,7057,0
1149,5.3921,9.6746,0.0261,0.0027,1,0,0.0553,998,9.7190,0,0,0,918,0
1150,3.2318,9.6985,0.0302,0.0031,1,0,0.0680,1793,9.7473,0,0,0,1713,0
1151,4.5056,9.6538,0.0211,0.0021,1,0,0.0512,1445,9.6920,0,0,0,1365,0
1152,3.4621,9.6521,0.0296,0.0035,1,0,0.0729,7248,9.7000,0,0,0,7168,0
1153,3.4714,9.6036,0.0186,0.0023,1,0,0.0513,2190,9.6453,0,0,0,2110,0
1154,3.4265,9.5840,0.0194,0.0022,1,0,0.0190,1197,9.6195,0,0,0,1117,0
1155,3.4081,9.5523,0.0208,0.0019,1,0,0.0477,1612,9.5946,0,0,0,1532,0
1156,5.0471,9.5518,0.0231,0.0019,1,0,0.0463,8067,9.5972,0,0,0,7987,0
1157,3.4080,9.5720,0.0232,0.0021,1,0,0.0469,2159,9.6178,0,0,0,2079,0
1158,5.0529,9.6982,0.0318,0.0028,1,0,0.0576,1193,9.7497,0,0,0,1113,0
1159,3.4899,9.6446,0.0226,0.0018,1,0,0.0454,906,9.6832,0,0,0,826,0
1160,5.0810,9.5843,0.0210,0.0021,1,0,0.0515,7807,9.6273,0,0,0,7727,0
1161,3.4192,9.5590,0.0192,0.0020,1,0,0.0158,956,9.6001,0,0,0,876,0
1162,5.1164,9.5245,0.0175,0.0019,1,0,0.0413,915,9.5630,0,0,0,835,0
1163,3.4001,9.6837,0.0480,0.0057,1,0,0.1003,1879,9.7565,0,0,0,1799,0
1164,4.4854,9.5486,0.0229,0.0022,1,0,0.0518,6622,9.5937,0,0,0,6542,0
1165,3.4005,9.6991,0.0431,0.0061,1,0,0.1427,904,9.7647,0,0,0,824,0
1166,4.4635,9.5268,0.0210,0.0019,1,0,0.0455,1181,9.5634,0,0,0,1101,0
1167,5.1846,9.5125,0.0208,0.0018,1,0,0.0415,1915,9.5540,0,0,0,1835,0
1168,3.4102,9.5061,0.0225,0.0023,1,0,0.0422,8809,9.5503,0,0,0,8729,0
1169,5.1187,9.5260,0.0174,0.0021,1,0,0.0390,2954,9.5638,0,0,0,2874,0
1170,3.4270,9.5614,0.0174,0.0021,1,0,0.0332,1385,9.6002,0,0,0,1305,0
1171,4.3608,9.5434,0.0202,0.0022,1,0,0.0388,2087,9.5853,0,0,0,2007,0
1172,4.3658,9.6368,0.0488,0.0059,1,0,0.1111,8518,9.7110,0,0,0,8438,0
1173,4.5911,9.5678,0.0210,0.0023,1,0,0.0459,1139,9.6052,0,0,0,1059,0
1174,3.4190,9.5339,0.0189,0.0017,1,0,0.0348,1132,9.5738,0,0,0,1052,0
1175,4.5998,9.5106,0.0187,0.0020,1,0,0.0435,1260,9.5451,0,0,0,1180,0
1176,4.2831,9.5489,0.0191,0.0020,1,0,0.0444,8225,9.5896,0,0,0,8145,0
1177,3.4264,9.5486,0.0183,0.0020,1,0,0.0349,1850,9.5874,0,0,0,1770,0
1178,5.2008,9.5384,0.0191,0.0018,1,0,0.0335,1118,9.5785,0,0,0,1038,0
1179,3.4130,9.5390,0.0190,0.0020,1,0,0.0317,1190,9.5794,0,0,0,1110,0
1180,4.3867,9.5797,0.0187,0.0022,1,0,0.0542,6858,9.6195,0,0,0,6778,0
1181,4.3804,9.6345,0.0462,0.0055,1,0,0.0904,1136,9.7063,0,0,0,1056,0
1182,4.6116,9.5611,0.0236,0.0020,1,0,0.0420,1621,9.6070,0,0,0,1541,0
1183,3.3968,9.5850,0.0267,0.0027,1,0,0.0541,1597,9.6288,0,0,0,1517,0
1184,4.6953,9.5143,0.0199,0.0019,1,0,0.0560,7321,9.5504,0,0,0,7241,0
1185,3.4258,9.6394,0.0449,0.0055,1,0,0.0973,2341,9.7090,0,0,0,2261,0
1186,4.9208,9.5386,0.0223,0.0023,1,0,0.0462,1572,9.5770,0,0,0,1492,0
1187,4.3775,9.6416,0.0398,0.0046,1,0,0.0645,1606,9.7031,0,0,0,1526,0
1188,3.4881,9.6584,0.0219,0.0025,1,0,0.0641,8764,9.6965,0,0,0,8684,0
1189,4.4024,9.5415,0.0227,0.0022,1,0,0.0493,2199,9.5806,0,0,0,2119,0
1190,3.4848,9.5943,0.0218,0.0018,1,0,0.0477,1794,9.6382,0,0,0,1714,0
1191,3.4340,9.5687,0.0250,0.0021,1,0,0.0542,1753,9.6160,0,0,0,1673,0
1192,5.2848,9.5374,0.0208,0.0020,1,0,0.0497,7838,9.5793,0,0,0,7758,0
1193,3.4265,9.5213,0.0193,0.0024,1,0,0.0388,1487,9.5623,0,0,0,1407,0
1194,4.4601,9.5443,0.0200,0.0020,1,0,0.0143,1202,9.5856,0,0,0,1122,0
1195,3.4490,9.4995,0.0213,0.0022,1,0,0.0454,1428,9.5432,0,0,0,1348,0
1196,4.5323,9.5052,0.0218,0.0018,1,0,0.0420,6719,9.5491,0,0,0,6639,0
1197,3.4463,9.5081,0.0182,0.0030,1,0,0.0530,1282,9.5511,0,0,0,1202,0
1198,4.5038,9.5697,0.0232,0.0020,1,0,0.0439,1960,9.6085,0,0,0,1880,0
1199,4.4635,9.5154,0.0207,0.0022,1,0,0.0412,1563,9.5580,0,0,0,1483,0
1200,3.4687,8.4720,0.0349,0.0021,1,0,0.0777,35943,8.5231,0,1,0,35863,0
1201,4.4376,9.5684,0.0215,0.0021,1,0,0.0450,5385,9.6125,0,0,0,5305,0
1202,3.4630,9.5846,0.0513,0.0057,1,0,0.1030,3820,9.6618,0,0,0,3740,0
1203,4.4284,9.5395,0.0217,0.0022,1,0,0.0417,2679,9.5825,0,0,0,2599,0
1204,3.4550,9.5095,0.0210,0.0018,1,0,0.0423,9345,9.5512,0,0,0,9265,0
1205,4.5363,9.5242,0.0190,0.0018,1,0,0.0332,1145,9.5644,0,0,0,1065,0
1206,4.4150,9.5917,0.0470,0.0060,1,0,0.0934,1086,9.6644,0,0,0,1006,0
1207,4.8774,9.5660,0.0252,0.0025,1,0,0.0505,1025,9.6083,0,0,0,945,0
1208,3.4742,9.4712,0.0208,0.0020,1,0,0.0425,8190,9.5139,0,0,0,8110,0
1209,3.5453,9.6818,0.0267,0.0032,1,0,0.0582,923,9.7270,0,0,0,843,0
1210,4.5128,9.6400,0.0250,0.0026,1,0,0.0567,969,9.6840,0,0,0,889,0
1211,2.9732,9.5397,0.0223,0.0024,1,0,0.0536,870,9.5790,0,0,0,790,0
1212,4.4160,9.6150,0.0266,0.0029,1,0,0.0631,6433,9.6592,0,0,0,6353,0
1213,3.5067,9.5816,0.0204,0.0020,1,0,0.0421,851,9.6236,0,0,0,771,0
1214,4.6078,9.5464,0.0214,0.0022,1,0,0.0503,1536,9.5841,0,0,0,1456,0
1215,3.4676,9.5108,0.0189,0.0018,1,0,0.0151,991,9.5512,0,0,0,911,0
1216,4.7955,9.5287,0.0201,0.0024,1,0,0.0458,20535,9.5705,0,0,0,20455,0
1217,3.4678,9.5559,0.0291,0.0020,1,0,0.0597,2039,9.6018,0,0,0,1959,0
1218,4.9081,9.6695,0.0332,0.0027,1,0,0.0746,1328,9.7279,0,0,0,1248,0
1219,3.5304,9.5970,0.0215,0.0020,1,0,0.0427,905,9.6410,0,0,0,825,0
1220,5.0747,9.5376,0.0202,0.0020,1,0,0.0445,7531,9.5800,0,0,0,7451,0
1221,3.4643,9.4999,0.0211,0.0022,1,0,0.0375,2052,9.5426,0,0,0,1972,0
1222,5.1418,9.5405,0.0197,0.0023,1,0,0.0341,1104,9.5818,0,0,0,1024,0
1223,4.4433,9.6678,0.0374,0.0033,1,0,0.0204,845,9.7252,0,0,0,765,0
1224,3.5035,9.6312,0.0311,0.0023,1,0,0.0789,7698,9.6803,0,0,0,7618,0
1225,3.5201,9.5937,0.0226,0.0023,1,0,0.0206,917,9.6331,0,0,0,837,0
1226,3.4902,9.6414,0.0266,0.0022,1,0,0.0560,922,9.6854,0,0,0,842,0
1227,3.5365,9.7003,0.0292,0.0024,1,0,0.0551,2065,9.7473,0,0,0,1985,0
1228,3.5066,9.6758,0.0390,0.0035,1,0,0.0786,6893,9.7445,0,0,0,6813,0
1229,3.5155,9.6327,0.0318,0.0029,1,0,0.0652,881,9.6830,0,0,0,801,0
1230,4.6954,9.5912,0.0264,0.0026,1,0,0.0477,1122,9.6344,0,0,0,1042,0
1231,3.5064,9.6877,0.0347,0.0031,1,0,0.0628,932,9.7417,0,0,0,852,0
1232,3.5108,9.6044,0.0264,0.0031,1,0,0.0997,8118,9.6422,0,0,0,8038,0
1233,3.5010,9.6871,0.0268,0.0027,1,0,0.0604,2677,9.7309,0,0,0,2597,0
1234,3.5045,9.7142,0.0323,0.0030,1,0,0.0610,1062,9.7656,0,0,0,982,0
1235,4.6883,9.6061,0.0418,0.0039,1,0,0.0673,1435,9.6693,0,0,0,1355,0
1236,3.5477,9.7432,0.0271,0.0025,1,0,0.0623,8266,9.7877,0,0,0,8186,0
1237,4.4093,9.5930,0.0263,0.0025,1,0,0.0554,1343,9.6372,0,0,0,1263,0
1238,3.4537,9.7344,0.0296,0.0024,1,0,0.0542,1476,9.7812,0,0,0,1396,0
1239,3.4679,9.6751,0.0293,0.0023,1,0,0.0639,1664,9.7217,0,0,0,1584,0
1240,4.5793,9.6642,0.0282,0.0023,1,0,0.0612,8331,9.7093,0,0,0,8251,0
1241,3.4748,9.7141,0.0371,0.0034,1,0,0.0612,1442,9.7703,0,0,0,1362,0
1242,3.5053,9.6939,0.0251,0.0026,1,0,0.0523,1327,9.7363,0,0,0,1247,0
1243,3.4967,9.6993,0.0327,0.0030,1,0,0.0533,1271,9.7599,0,0,0,1191,0
1244,4.8005,9.5703,0.0238,0.0023,1,0,0.0597,7361,9.6109,0,0,0,7281,0
1245,3.4554,9.6457,0.0274,0.0028,1,0,0.0514,949,9.6907,0,0,0,869,0
1246,4.7686,9.6167,0.0280,0.0025,1,0,0.0536,3627,9.6620,0,0,0,3547,0
1247,3.4652,9.7820,0.0410,0.0034,1,0,0.0912,1756,9.8432,0,0,0,1676,0
1248,3.5470,9.6458,0.0254,0.0025,1,0,0.0657,7050,9.6885,0,0,0,6970,0
1249,3.4407,9.6279,0.0255,0.0024,1,0,0.0481,1750,9.6766,0,0,0,1670,0
1250,3.4391,9.6112,0.0250,0.0024,1,0,0.0596,1840,9.6535,0,0,0,1760,0
1251,3.5025,9.6314,0.0252,0.0022,1,0,0.0550,1805,9.6734,0,0,0,1725,0
1252,3.4663,9.6858,0.0253,0.0025,1,0,0.0638,8790,9.7282,0,0,0,8710,0
1253,3.4565,9.6756,0.0358,0.0030,1,0,0.0747,2311,9.7308,0,0,0,2231,0
1254,3.4546,9.5910,0.0274,0.0023,1,0,0.0674,1876,9.6433,0,0,0,1796,0
1255,4.7602,9.5727,0.0394,0.0042,1,0,0.0783,2279,9.6423,0,0,0,2199,0
1256,3.4801,9.6720,0.0406,0.0037,1,0,0.0737,7916,9.7330,0,0,0,7836,0
1257,3.4714,9.6578,0.0273,0.0023,1,0,0.0519,1825,9.7018,0,0,0,1745,0
1258,3.5000,9.6561,0.0290,0.0021,1,0,0.0168,1044,9.7026,0,0,0,964,0
1259,3.4456,9.6141,0.0281,0.0025,1,0,0.0174,1005,9.6603,0,0,0,925,0
1260,3.4358,8.6735,0.0581,0.0032,1,0,0.1439,48598,8.7517,0,1,0,48518,0
1261,3.4446,9.6416,0.0270,0.0027,1,0,0.0591,3470,9.6865,0,0,0,3390,0
1262,4.4751,9.6183,0.0270,0.0025,1,0,0.0644,3347,9.6628,0,0,0,3267,0
1263,3.4573,9.6872,0.0300,0.0022,1,0,0.0557,2263,9.7344,0,0,0,2183,0
1264,4.4643,9.5849,0.0244,0.0024,1,0,0.0550,11271,9.6259,0,0,0,11191,0
1265,3.4422,9.6811,0.0274,0.0018,1,0,0.0590,3220,9.7256,0,0,0,3140,0
1266,3.4560,9.6126,0.0314,0.0029,1,0,0.0713,1801,9.6710,0,0,0,1721,0
1267,3.4406,9.6413,0.0302,0.0022,1,0,0.0637,1744,9.6895,0,0,0,1664,0
1268,4.9125,9.7010,0.0340,0.0032,1,0,0.0763,8536,9.7553,0,0,0,8456,0
1269,3.5245,9.7177,0.0273,0.0032,1,0,0.0591,1318,9.7644,0,0,0,1238,0
1270,3.6019,9.6651,0.0272,0.0025,1,0,0.0567,1099,9.7097,0,0,0,1019,0
1271,3.0407,9.7498,0.0382,0.0030,1,0,0.0716,966,9.8090,0,0,0,886,0
1272,3.5037,9.6445,0.0293,0.0027,1,0,0.0608,8305,9.6914,0,0,0,8225,0
1273,3.5495,9.6426,0.0245,0.0026,1,0,0.0505,941,9.6845,0,0,0,861,0
1274,3.4405,9.5790,0.0236,0.0025,1,0,0.0483,931,9.6195,0,0,0,851,0
1275,3.4108,9.5632,0.0241,0.0027,1,0,0.0503,842,9.6049,0,0,0,762,0
1276,3.4988,9.6082,0.0258,0.0024,1,0,0.0625,6439,9.6510,0,0,0,6359,0
1277,5.3135,9.6282,0.0265,0.0024,1,0,0.0493,873,9.6717,0,0,0,793,0
1278,3.5108,9.6694,0.0300,0.0032,1,0,0.0259,1175,9.7273,0,0,0,1095,0
1279,5.1870,9.5890,0.0244,0.0023,1,0,0.0576,1131,9.6303,0,0,0,1051,0
1280,3.4324,9.6384,0.0303,0.0032,1,0,0.0723,20329,9.6870,0,0,0,20249,0
1281,3.5139,9.6182,0.0263,0.0022,1,0,0.0558,1449,9.6618,0,0,0,1369,0
1282,3.4981,9.5369,0.0241,0.0029,1,0,0.0203,1271,9.5783,0,0,0,1191,0
1283,3.4994,9.5780,0.0305,0.0030,1,0,0.0618,1078,9.6405,0,0,0,998,0
1284,3.4715,9.6012,0.0294,0.0036,1,0,0.0793,7545,9.6495,0,0,0,7465,0
1285,3.4945,9.5315,0.0230,0.0027,1,0,0.0550,2022,9.5714,0,0,0,1942,0
1286,3.4239,9.5774,0.0236,0.0023,1,0,0.0187,867,9.6181,0,0,0,787,0
1287,4.4527,9.5118,0.0180,0.0024,1,0,0.0512,856,9.5465,0,0,0,776,0
1288,3.4199,9.5497,0.0222,0.0019,1,0,0.0443,7717,9.5880,0,0,0,7637,0
1289,4.6643,9.4930,0.0210,0.0022,1,0,0.0432,923,9.5362,0,0,0,843,0
1290,3.4375,9.5170,0.0204,0.0018,1,0,0.0393,1935,9.5528,0,0,0,1855,0
1291,4.7098,9.5143,0.0207,0.0019,1,0,0.0417,1041,9.5509,0,0,0,961,0
1292,3.4403,9.5337,0.0210,0.0018,1,0,0.0484,6846,9.5758,0,0,0,6766,0
1293,4.8075,9.5109,0.0211,0.0021,1,0,0.0390,911,9.5475,0,0,0,831,0
1294,3.4245,9.6276,0.0480,0.0055,1,0,0.0926,1133,9.7101,0,0,0,1053,0
1295,4.9230,9.5378,0.0212,0.0020,1,0,0.0393,1176,9.5814,0,0,0,1096,0
1296,3.4252,9.6397,0.0503,0.0053,1,0,0.1098,8445,9.7235,0,0,0,8365,0
1297,5.0605,9.5480,0.0216,0.0021,1,0,0.0418,2509,9.5918,0,0,0,2429,0
1298,3.3988,9.6205,0.0486,0.0054,1,0,0.0913,1127,9.7033,0,0,0,1047,0
1299,5.1715,9.5376,0.0226,0.0023,1,0,0.0451,1119,9.5835,0,0,0,1039,0
1300,3.4185,9.5767,0.0521,0.0058,1,0,0.1099,8478,9.6549,0,0,0,8398,0
1301,5.1650,9.4967,0.0235,0.0023,1,0,0.0421,1131,9.5364,0,0,0,1051,0
1302,3.4111,9.5098,0.0204,0.0020,1,0,0.0398,1161,9.5459,0,0,0,1081,0
1303,4.3841,9.5223,0.0198,0.0023,1,0,0.0388,1212,9.5639,0,0,0,1132,0
1304,4.4585,9.6167,0.0500,0.0057,1,0,0.1087,8311,9.7191,0,0,0,8231,0
1305,4.5948,9.5048,0.0238,0.0023,1,0,0.0495,1117,9.5453,0,0,0,1037,0
1306,3.4345,9.4921,0.0201,0.0021,1,0,0.0489,987,9.5277,0,0,0,907,0
1307,4.5997,9.5943,0.0254,0.0030,1,0,0.0516,947,9.6379,0,0,0,867,0
1308,3.4663,9.5945,0.0230,0.0020,1,0,0.0533,7203,9.6337,0,0,0,7123,0
1309,4.6253,9.5507,0.0339,0.0032,1,0,0.0566,1135,9.6044,0,0,0,1055,0
1310,3.4222,9.4882,0.0217,0.0025,1,0,0.0537,2323,9.5268,0,0,0,2243,0
1311,3.4542,9.4798,0.0199,0.0023,1,0,0.0470,1727,9.5217,0,0,0,1647,0
1312,4.3460,9.5161,0.0209,0.0024,1,0,0.0548,7175,9.5532,0,0,0,7095,0
1313,3.4125,9.5081,0.0717,0.0053,1,0,0.1069,2621,9.6040,0,0,0,2541,0
1314,4.2498,9.4895,0.0221,0.0022,1,0,0.0445,2164,9.5330,0,0,0,2084,0
1315,4.9424,9.4735,0.0195,0.0022,1,0,0.0457,2237,9.5087,0,0,0,2157,0
1316,3.4173,9.4542,0.0213,0.0020,1,0,0.0480,8765,9.4971,0,0,0,8685,0
1317,4.9995,9.4993,0.0200,0.0018,1,0,0.0480,2341,9.5350,0,0,0,2261,0
1318,4.3909,9.4902,0.0172,0.0018,1,0,0.0446,2520,9.5287,0,0,0,2440,0
1319,3.4105,9.4945,0.0181,0.0024,1,0,0.0433,2686,9.5341,0,0,0,2606,0
1320,5.2096,8.3794,0.0335,0.0019,1,0,0.0747,46210,8.4341,0,1,0,46130,0
1321,3.4285,9.5239,0.0231,0.0024,1,0,0.0597,4453,9.5648,0,0,0,4373,0
1322,4.6493,9.4910,0.0209,0.0021,1,0,0.0421,3888,9.5337,0,0,0,3808,0
1323,3.4205,9.5150,0.0215,0.0022,1,0,0.0420,4547,9.5581,0,0,0,4467,0
1324,4.6346,9.4883,0.0235,0.0025,1,0,0.0458,9021,9.5339,0,0,0,8941,0
1325,4.3622,9.4876,0.0183,0.0022,1,0,0.0344,1383,9.5271,0,0,0,1303,0
1326,3.4127,9.4595,0.0170,0.0018,1,0,0.0379,1820,9.4973,0,0,0,1740,0
1327,4.3550,9.4949,0.0192,0.0022,1,0,0.0305,1156,9.5355,0,0,0,1076,0
1328,3.4127,9.5487,0.0513,0.0054,1,0,0.1159,9503,9.6468,0,0,0,9423,0
1329,4.4420,9.7503,0.0341,0.0036,1,0,0.0636,2044,9.8147,0,0,0,1964,0
1330,4.4575,9.7818,0.0570,0.0062,1,0,0.1251,1396,9.8758,0,0,0,1316,0
1331,4.1937,9.6057,0.0288,0.0024,1,0,0.0541,1017,9.6509,0,0,0,937,0
1332,3.4386,9.5762,0.0297,0.0035,1,0,0.0717,8437,9.6319,0,0,0,8357,0
1333,3.4596,9.5580,0.0242,0.0026,1,0,0.0490,894,9.5991,0,0,0,814,0
1334,3.4223,9.4982,0.0187,0.0022,1,0,0.0413,898,9.5333,0,0,0,818,0
1335,4.4145,9.5011,0.0198,0.0021,1,0,0.0160,1055,9.5364,0,0,0,975,0
1336,3.4395,9.4992,0.0215,0.0023,1,0,0.0601,8290,9.5375,0,0,0,8210,0
1337,4.7195,9.5249,0.0242,0.0024,1,0,0.0491,938,9.5660,0,0,0,858,0
1338,3.4925,9.5811,0.0271,0.0024,1,0,0.0527,879,9.6250,0,0,0,799,0
1339,4.9384,9.5282,0.0240,0.0023,1,0,0.0456,875,9.5699,0,0,0,795,0
1340,3.4959,9.5236,0.0218,0.0020,1,0,0.0520,6661,9.5612,0,0,0,6581,0
1341,5.1332,9.5015,0.0197,0.0021,1,0,0.0174,859,9.5380,0,0,0,779,0
1342,3.4348,9.4706,0.0123,0.0026,1,0,0.0715,1140,9.5030,0,0,0,1060,0
1343,4.9549,9.5670,0.0151,0.0018,1,0,0.0452,1215,9.5993,0,0,0,1135,0
1344,3.4615,9.6035,0.0447,0.0050,1,0,0.0885,7638,9.7061,0,0,0,7558,0
1345,5.1076,9.4599,0.0209,0.0021,1,0,0.0445,1712,9.4974,0,0,0,1632,0
1346,3.4013,9.4780,0.0181,0.0020,1,0,0.0393,991,9.5177,0,0,0,911,0
1347,4.4796,9.4820,0.0198,0.0019,1,0,0.0414,858,9.5177,0,0,0,778,0
1348,3.4249,9.5920,0.0478,0.0056,1,0,0.1039,7518,9.6643,0,0,0,7438,0
1349,4.6334,9.4976,0.0239,0.0024,1,0,0.0509,2062,9.5385,0,0,0,1982,0
1350,3.4285,9.5019,0.0215,0.0018,1,0,0.0181,836,9.5450,0,0,0,756,0
1351,3.4327,9.5707,0.0190,0.0021,1,0,0.0483,839,9.6114,0,0,0,759,0
1352,4.4330,9.5704,0.0216,0.0019,1,0,0.0551,7676,9.6135,0,0,0,7596,0
1353,3.5079,9.4741,0.0204,0.0024,1,0,0.0465,841,9.5167,0,0,0,761,0
1354,4.3767,9.4956,0.0219,0.0022,1,0,0.0444,1987,9.5397,0,0,0,1907,0
1355,4.4671,9.6197,0.0490,0.0053,1,0,0.0945,2006,9.7224,0,0,0,1926,0
1356,4.7106,9.5435,0.0240,0.0021,1,0,0.0530,6589,9.5898,0,0,0,6509,0
1357,3.4252,9.5452,0.0189,0.0017,1,0,0.0393,896,9.5855,0,0,0,816,0
1358,4.6172,9.4658,0.0186,0.0020,1,0,0.0331,957,9.5062,0,0,0,877,0
1359,4.3902,9.4841,0.0187,0.0020,1,0,0.0469,1479,9.5194,0,0,0,1399,0
1360,3.4489,9.4757,0.0212,0.0019,1,0,0.0434,7850,9.5185,0,0,0,7770,0
1361,4.3860,9.4702,0.0185,0.0022,1,0,0.0467,1995,9.5107,0,0,0,1915,0
1362,3.4433,9.4796,0.0189,0.0016,1,0,0.0146,1000,9.5200,0,0,0,920,0
1363,4.4013,9.5297,0.0263,0.0027,1,0,0.0505,961,9.5730,0,0,0,881,0
1364,4.3923,9.6318,0.0506,0.0060,1,0,0.1115,8360,9.7077,0,0,0,8280,0
1365,4.6782,9.5648,0.0233,0.0023,1,0,0.0424,995,9.6054,0,0,0,915,0
1366,3.4285,9.4725,0.0240,0.0022,1,0,0.0474,1003,9.5135,0,0,0,923,0
1367,4.6265,9.6005,0.0270,0.0038,1,0,0.0585,1180,9.6472,0,0,0,1100,0
1368,3.4993,9.6715,0.0262,0.0021,1,0,0.0597,8265,9.7136,0,0,0,8185,0
1369,3.4351,9.5529,0.0211,0.0022,1,0,0.0473,1253,9.5907,0,0,0,1173,0
1370,5.3048,9.5660,0.0214,0.0022,1,0,0.0395,981,9.6030,0,0,0,901,0
1371,3.4347,9.5634,0.0225,0.0018,1,0,0.0487,1074,9.6080,0,0,0,994,0
1372,4.3703,9.5870,0.0227,0.0022,1,0,0.0558,7159,9.6257,0,0,0,7079,0
1373,3.4510,9.5421,0.0189,0.0020,1,0,0.0163,1314,9.5821,0,0,0,1234,0
1374,4.5338,9.5452,0.0213,0.0018,1,0,0.0485,2600,9.5825,0,0,0,2520,0
1375,4.7228,9.5137,0.0229,0.0022,1,0,0.0442,1727,9.5525,0,0,0,1647,0
1376,4.7233,9.5557,0.0310,0.0025,1,0,0.0471,22700,9.6032,0,0,0,22620,0
1377,3.4255,9.5046,0.0201,0.0021,1,0,0.0450,3490,9.5466,0,0,0,3410,0
1378,4.7330,9.5631,0.0219,0.0022,1,0,0.0532,2052,9.6075,0,0,0,1972,0
1379,3.4165,9.5115,0.0207,0.0021,1,0,0.0509,2204,9.5488,0,0,0,2124,0
1380,4.7620,8.6125,0.0371,0.0025,1,0,0.0878,55288,8.6660,0,1,0,55208,0
1381,3.4388,9.5091,0.0205,0.0020,1,0,0.0522,5990,9.5518,0,0,0,5910,0
1382,4.9128,9.5568,0.0207,0.0022,1,0,0.0562,4527,9.5943,0,0,0,4447,0
1383,3.4872,9.6900,0.0508,0.0058,1,0,0.0987,2775,9.7637,0,0,0,2695,0
1384,5.0605,9.5988,0.0230,0.0022,1,0,0.0525,8693,9.6440,0,0,0,8613,0
1385,3.4559,9.5575,0.0562,0.0061,1,0,0.0355,1092,9.6370,0,0,0,1012,0
1386,5.2310,9.5213,0.0242,0.0022,1,0,0.0567,2060,9.5620,0,0,0,1980,0
1387,3.4229,9.5175,0.0201,0.0021,1,0,0.0163,1446,9.5535,0,0,0,1366,0
1388,5.2567,9.5177,0.0294,0.0027,1,0,0.0620,6469,9.5674,0,0,0,6389,0
1389,3.5036,9.7363,0.0295,0.0036,1,0,0.0689,1501,9.7847,0,0,0,1421,0
1390,4.3900,9.7301,0.0293,0.0027,1,0,0.0628,2629,9.7786,0,0,0,2549,0
1391,2.9515,9.5997,0.0215,0.0024,1,0,0.0613,1469,9.6377,0,0,0,1389,0
1392,4.4505,9.6121,0.0335,0.0037,1,0,0.0670,8642,9.6727,0,0,0,8562,0
1393,3.4652,9.5729,0.0234,0.0025,1,0,0.0505,2547,9.6129,0,0,0,2467,0
1394,4.6355,9.5131,0.0205,0.0026,1,0,0.0168,1211,9.5503,0,0,0,1131,0
1395,3.4242,9.5087,0.0174,0.0019,1,0,0.0505,1103,9.5418,0,0,0,1023,0
1396,4.6894,9.4947,0.0217,0.0021,1,0,0.0561,8570,9.5321,0,0,0,8490,0
1397,3.4203,9.5277,0.0302,0.0026,1,0,0.0223,1150,9.5757,0,0,0,1070,0
1398,3.4909,9.5095,0.0236,0.0025,1,0,0.0169,976,9.5507,0,0,0,896,0
1399,4.3853,9.5373,0.0211,0.0020,1,0,0.0165,934,9.5745,0,0,0,854,0
1400,3.4919,9.4994,0.0218,0.0019,1,0,0.0154,8271,9.5435,0,0,0,8191,0
1401,4.4288,9.5324,0.0184,0.0022,1,0,0.0142,968,9.5662,0,0,0,888,0
1402,3.4205,9.4646,0.0098,0.0018,1,0,0.0200,914,9.4850,0,0,0,834,0
1403,5.2989,9.5519,0.0223,0.0021,1,0,0.0158,964,9.5896,0,0,0,884,0
1404,3.4298,9.4964,0.0205,0.0021,1,0,0.0189,6675,9.5385,0,0,0,6595,0
1405,4.6794,9.4892,0.0204,0.0021,1,0,93.2567,885,9.5313,0,0,0,805,0
1406,3.4170,9.6283,0.0457,0.0005,1,0,0.0000,0,0.0000,0,0,1,1230,0
1407,4.7905,9.5271,0.0201,0.0044,2,0,0.0352,1317,69.4112,0,0,0,1237,0
1408,4.3703,9.4739,0.0218,0.0015,3,0,0.0139,7010,53.6696,0,0,0,6930,0
1409,3.4085,9.5178,0.0198,0.0003,4,0,0.0038,1780,37.7439,0,0,0,1700,0
1410,4.5307,9.4712,0.0170,0.0012,4,1,0.0031,1013,19.7667,0,0,0,933,0
1411,3.4106,9.4810,0.0196,0.0021,1,1,0.0135,936,9.5228,0,0,0,856,0
1412,4.5784,9.5032,0.0211,0.0020,1,1,0.0166,7539,9.5457,0,0,0,7459,0
1413,4.3880,9.5125,0.0203,0.0028,1,1,0.0144,2007,9.5553,0,0,0,1927,0
1414,3.4133,9.5002,0.0160,0.0020,1,1,0.0131,877,9.5378,0,0,0,797,0
1415,5.2417,9.4908,0.0197,0.0023,1,1,0.0134,882,9.5325,0,0,0,802,0
1416,3.4278,9.5178,0.0215,0.0025,1,1,0.0153,7568,9.5609,0,0,0,7488,0
1417,4.3937,9.5339,0.0194,0.0019,1,1,0.0140,926,9.5742,0,0,0,846,0
1418,4.4033,9.6130,0.0465,0.0056,1,1,0.0325,2037,9.6952,0,0,0,1957,0
1419,4.6156,9.5363,0.0254,0.0029,1,1,0.0185,868,9.5790,0,0,0,788,0
1420,3.4037,9.4640,0.0202,0.0022,1,1,0.0173,6149,9.5000,0,0,0,6069,0
1421,4.5495,9.4996,0.0150,0.0020,1,1,0.0168,913,9.5360,0,0,0,833,0
1422,4.3717,9.5346,0.0184,0.0021,1,1,0.0160,1066,9.5690,0,0,0,986,0
1423,3.4446,9.5234,0.0193,0.0020,1,1,0.0145,1005,9.5640,0,0,0,925,0
1424,5.2506,9.5017,0.0201,0.0022,1,1,0.0142,8103,9.5441,0,0,0,8023,0
1425,3.4125,9.5091,0.0235,0.0028,1,1,0.0174,2598,9.5497,0,0,0,2518,0
1426,4.7115,9.5037,0.0192,0.0020,1,1,0.0168,1344,9.5389,0,0,0,1264,0
1427,4.9405,9.5411,0.0267,0.0031,1,1,0.0192,989,9.5863,0,0,0,909,0
1428,3.4894,9.7151,0.0254,0.0022,1,1,0.0181,8358,9.7570,0,0,0,8278,0
1429,4.3659,9.6964,0.0517,0.0064,1,1,0.0483,1535,9.7759,0,0,0,1455,0
1430,5.0296,9.5759,0.0232,0.0022,1,1,0.0196,1567,9.6159,0,0,0,1487,0
1431,3.4141,9.5000,0.0220,0.0020,1,1,0.0174,1616,9.5441,0,0,0,1536,0
1432,4.9149,9.5102,0.0232,0.0025,1,1,0.0170,8313,9.5560,0,0,0,8233,0
1433,3.4118,9.6013,0.0473,0.0052,1,1,0.0340,1553,9.6733,0,0,0,1473,0
1434,5.0432,9.5087,0.0232,0.0022,1,1,0.0168,1558,9.5485,0,0,0,1478,0
1435,3.4056,9.4919,0.0210,0.0022,1,1,95.4439,1547,9.5290,0,0,0,1467,0
1436,5.1895,9.5067,0.0154,0.0002,1,1,0.0000,0,0.0000,0,0,1,6833,0
1437,3.4326,9.4650,0.0136,0.0001,2,1,5.8297,1904,73.3798,0,0,0,1824,0
1438,5.1193,9.4873,0.0201,0.0004,3,1,5.9579,2295,58.0869,0,0,0,2215,0
1439,3.4043,9.4828,0.0231,0.0003,4,1,0.0073,1509,50.2202,0,0,0,1429,0
1440,4.4438,8.3440,0.0348,0.0016,4,2,12.8060,37842,31.7928,0,1,0,37762,0
1441,5.1508,9.4855,0.0179,0.0002,3,2,0.0111,4130,27.6688,0,0,0,4050,0
1442,3.4152,9.4868,0.0216,0.0002,2,2,0.0033,4176,12.8368,0,0,0,4096,0
1443,5.0743,9.9363,0.0247,0.0024,1,2,0.0553,4691,9.9838,0,0,0,4611,0
1444,3.4058,9.5080,0.0254,0.0026,1,2,0.0505,10745,9.5555,0,0,0,10665,0
1445,5.1599,9.5666,0.0185,0.0019,1,2,0.0397,2882,9.6065,0,0,0,2802,0
1446,3.4047,9.4922,0.0192,0.0020,1,2,0.0443,1287,9.5271,0,0,0,1207,0
1447,4.4051,9.4787,0.0212,0.0020,1,2,0.0408,1283,9.5150,0,0,0,1203,0
1448,4.4146,9.6389,0.0506,0.0059,1,2,0.1129,8055,9.7153,0,0,0,7975,0
1449,4.5778,9.6684,0.0263,0.0030,1,2,0.0164,969,9.7129,0,0,0,889,0
1450,3.5345,9.8173,0.0551,0.0067,1,2,0.1050,891,9.8978,0,0,0,811,0
1451,4.5433,9.6511,0.0253,0.0021,1,2,0.0602,932,9.6930,0,0,0,852,0
1452,3.4470,9.6162,0.0304,0.0036,1,2,0.0614,6097,9.6730,0,0,0,6017,0
1453,3.4882,9.6047,0.0221,0.0023,1,2,0.0524,905,9.6434,0,0,0,825,0
1454,4.3858,9.6487,0.0467,0.0059,1,2,0.0980,1132,9.7301,0,0,0,1052,0
1455,4.8265,9.5461,0.0239,0.0024,1,2,0.0457,1035,9.5867,0,0,0,955,0
1456,3.4287,9.5341,0.0209,0.0020,1,2,0.0502,8031,9.5775,0,0,0,7951,0
1457,4.8510,9.5449,0.0216,0.0022,1,2,0.0530,2062,9.5832,0,0,0,1982,0
1458,3.5019,9.6073,0.0247,0.0026,1,2,0.0479,1282,9.6487,0,0,0,1202,0
1459,4.9926,9.6898,0.0348,0.0022,1,2,0.0717,892,9.7431,0,0,0,812,0
1460,3.4758,9.5052,0.0234,0.0020,1,2,0.0430,8377,9.5453,0,0,0,8297,0
1461,5.1571,9.5494,0.0198,0.0019,1,2,0.0378,1019,9.5846,0,0,0,939,0
1462,3.4045,9.5035,0.0204,0.0020,1,2,0.0420,917,9.5400,0,0,0,837,0
1463,5.2363,9.5954,0.0313,0.0035,1,2,0.0586,1109,9.6460,0,0,0,1029,0
1464,3.4340,9.6355,0.0368,0.0027,1,2,0.0803,8221,9.7002,0,0,0,8141,0
1465,3.4748,9.5575,0.0228,0.0026,1,2,0.0573,912,9.5972,0,0,0,832,0
1466,3.4318,9.6439,0.0271,0.0033,1,2,0.0543,828,9.6898,0,0,0,748,0
1467,3.4900,9.6151,0.0267,0.0029,1,2,0.0520,833,9.6598,0,0,0,753,0
1468,3.4807,9.6702,0.0305,0.0026,1,2,0.0615,6424,9.7193,0,0,0,6344,0
1469,3.5105,9.6290,0.0222,0.0024,1,2,0.0516,861,9.6685,0,0,0,781,0
1470,3.4737,9.5488,0.0290,0.0035,1,2,0.0580,982,9.5976,0,0,0,902,0
1471,3.4592,9.5755,0.0241,0.0021,1,2,0.0514,1003,9.6166,0,0,0,923,0
1472,5.1973,9.8176,0.0486,0.0033,1,2,0.0768,22030,9.8867,0,0,0,21950,0
1473,3.5079,9.6723,0.0298,0.0028,1,2,0.0735,2499,9.7198,0,0,0,2419,0
1474,3.5121,9.6327,0.0260,0.0024,1,2,0.0580,1028,9.6763,0,0,0,948,0
1475,3.4570,9.6376,0.0249,0.0025,1,2,0.0556,930,9.6797,0,0,0,850,0
1476,4.4130,9.5706,0.0288,0.0023,1,2,0.0604,7532,9.6164,0,0,0,7452,0
1477,3.5009,9.6544,0.0323,0.0035,1,2,0.0777,2038,9.7049,0,0,0,1958,0
1478,3.5198,9.6408,0.0334,0.0027,1,2,0.0184,875,9.6925,0,0,0,795,0
1479,4.4486,9.6329,0.0255,0.0022,1,2,0.0202,1048,9.6760,0,0,0,968,0
1480,3.4481,9.5712,0.0281,0.0029,1,2,0.0673,7657,9.6174,0,0,0,7577,0
1481,3.4534,9.6288,0.0261,0.0029,1,2,0.0192,915,9.6728,0,0,0,835,0
1482,3.4593,9.6004,0.0267,0.0025,1,2,0.0544,2075,9.6445,0,0,0,1995,0
1483,3.4429,9.5951,0.0257,0.0025,1,2,0.0529,850,9.6380,0,0,0,770,0
1484,3.5409,9.5974,0.0222,0.0020,1,2,0.0505,6167,9.6364,0,0,0,6087,0
1485,3.4894,9.5452,0.0244,0.0023,1,2,0.0198,871,9.5867,0,0,0,791,0
1486,5.1262,9.5735,0.0251,0.0022,1,2,0.0563,966,9.6160,0,0,0,886,0
1487,3.4865,9.6921,0.0332,0.0027,1,2,0.0277,957,9.7445,0,0,0,877,0
1488,3.5069,9.6766,0.0230,0.0024,1,2,0.0640,8142,9.7161,0,0,0,8062,0
1489,4.8550,9.5851,0.0232,0.0025,1,2,0.0548,2677,9.6255,0,0,0,2597,0
1490,3.4737,9.6212,0.0312,0.0031,1,2,0.0605,2060,9.6709,0,0,0,1980,0
1491,4.9874,9.5582,0.0277,0.0025,1,2,0.0588,1677,9.6037,0,0,0,1597,0
1492,3.5374,9.6772,0.0280,0.0028,1,2,0.0551,8428,9.7223,0,0,0,8348,0
1493,4.7769,9.5455,0.0265,0.0028,1,2,0.0731,2092,9.5895,0,0,0,2012,0
1494,3.5136,9.6191,0.0222,0.0020,1,2,0.0501,1636,9.6577,0,0,0,1556,0
1495,4.4455,9.5269,0.0261,0.0033,1,2,0.0683,2364,9.5715,0,0,0,2284,0
1496,5.0032,9.5578,0.0271,0.0025,1,2,0.0588,9664,9.6017,0,0,0,9584,0
1497,3.5013,9.6513,0.0236,0.0027,1,2,0.0519,1060,9.6925,0,0,0,980,0
1498,3.5214,9.5726,0.0259,0.0023,1,2,0.0537,1812,9.6150,0,0,0,1732,0
1499,4.4595,9.5431,0.0229,0.0022,1,2,0.0514,1105,9.5825,0,0,0,1025,0
1500,3.4491,8.4773,0.0633,0.0038,1,2,0.1222,57030,8.5744,0,1,0,56950,0
1501,4.4774,9.5415,0.0308,0.0026,1,2,0.0598,3964,9.5908,0,0,0,3884,0
1502,3.5063,9.6611,0.0344,0.0027,1,2,0.0729,3066,9.7136,0,0,0,2986,0
1503,3.5017,9.6373,0.0267,0.0024,1,2,0.0580,2219,9.6814,0,0,0,2139,0
1504,3.4657,9.6237,0.0346,0.0029,1,2,0.0694,8310,9.6760,0,0,0,8230,0
1505,3.4644,9.5382,0.0260,0.0026,1,2,0.0550,2535,9.5811,0,0,0,2455,0
1506,3.5079,9.7148,0.0390,0.0030,1,2,0.0942,2599,9.7734,0,0,0,2519,0
1507,5.0599,9.6744,0.0295,0.0026,1,2,0.0631,2499,9.7216,0,0,0,2419,0
1508,3.4604,9.7274,0.0423,0.0029,1,2,0.0640,7743,9.7967,0,0,0,7663,0
1509,3.5038,9.7921,0.0432,0.0035,1,2,0.0869,2058,9.8562,0,0,0,1978,0
1510,3.5627,9.6923,0.0294,0.0032,1,2,0.0533,846,9.7407,0,0,0,766,0
1511,5.0606,9.5906,0.0253,0.0027,1,2,0.0187,815,9.6336,0,0,0,735,0
1512,3.5255,9.6174,0.0321,0.0030,1,2,0.0996,7534,9.6829,0,0,0,7454,0
1513,3.5015,9.6982,0.0260,0.0027,1,2,0.0208,880,9.7420,0,0,0,800,0
1514,4.8967,9.5950,0.0267,0.0020,1,2,0.0592,1990,9.6387,0,0,0,1910,0
1515,3.4972,9.6340,0.0245,0.0025,1,2,0.0517,826,9.6755,0,0,0,746,0
1516,4.9541,9.5637,0.0275,0.0025,1,2,0.0501,6100,9.6080,0,0,0,6020,0
1517,3.4584,9.6689,0.0353,0.0032,1,2,0.0695,876,9.7237,0,0,0,796,0
1518,4.5088,9.5745,0.0232,0.0023,1,2,0.0439,1170,9.6149,0,0,0,1090,0
1519,4.8665,9.5630,0.0367,0.0029,1,2,0.0761,1081,9.6192,0,0,0,1001,0
1520,3.4552,9.5835,0.0261,0.0027,1,2,0.0515,8570,9.6265,0,0,0,8490,0
1521,4.6560,9.5628,0.0255,0.0025,1,2,0.0495,2950,9.6049,0,0,0,2870,0
1522,3.4365,9.5385,0.0221,0.0024,1,2,0.0495,1244,9.5772,0,0,0,1164,0
1523,4.6100,9.5170,0.0236,0.0022,1,2,0.0444,1146,9.5575,0,0,0,1066,0
1524,3.4223,9.5228,0.0282,0.0026,1,2,0.0707,8468,9.5686,0,0,0,8388,0
1525,3.4371,9.5845,0.0274,0.0024,1,2,0.0630,1228,9.6296,0,0,0,1148,0
1526,3.4518,9.5371,0.0220,0.0020,1,2,0.0472,1079,9.5755,0,0,0,999,0
1527,4.3937,9.5110,0.0207,0.0021,1,2,0.0393,1079,9.5474,0,0,0,999,0
1528,3.4645,9.5062,0.0202,0.0037,1,2,0.0500,8216,9.5500,0,0,0,8136,0
1529,3.4432,9.4952,0.0215,0.0020,1,2,0.0465,1135,9.5329,0,0,0,1055,0
1530,4.5216,9.4905,0.0180,0.0022,1,2,0.0428,964,9.5301,0,0,0,884,0
1531,3.4144,9.4874,0.0203,0.0021,1,2,0.0420,952,9.5233,0,0,0,872,0
1532,4.3726,9.5028,0.0214,0.0021,1,2,0.0480,6877,9.5461,0,0,0,6797,0
1533,5.2125,9.4973,0.0192,0.0025,1,2,0.0152,946,9.5388,0,0,0,866,0
1534,3.3991,9.4679,0.0203,0.0021,1,2,0.0422,1626,9.5034,0,0,0,1546,0
1535,5.1219,9.4972,0.0177,0.0020,1,2,0.0428,1275,9.5310,0,0,0,1195,0
1536,3.3965,9.5008,0.0258,0.0019,1,2,0.0584,20348,9.5418,0,0,0,20268,0
1537,5.2476,9.5026,0.0212,0.0018,1,2,0.0457,2602,9.5450,0,0,0,2522,0
1538,3.3935,9.4620,0.0227,0.0022,1,2,0.0387,1711,9.5004,0,0,0,1631,0
1539,4.3454,9.4775,0.0185,0.0019,1,2,0.0402,1520,9.5170,0,0,0,1440,0
1540,4.4388,9.6463,0.0432,0.0060,1,2,0.1348,8453,9.7140,0,0,0,8373,0
1541,4.6562,9.4804,0.0240,0.0023,1,2,0.0440,2411,9.5270,0,0,0,2331,0
1542,3.4030,9.5189,0.0247,0.0025,1,2,0.0551,2064,9.5603,0,0,0,1984,0
1543,4.6127,9.4753,0.0208,0.0025,1,2,0.0491,2008,9.5128,0,0,0,1928,0
1544,4.3324,9.4949,0.0220,0.0022,1,2,0.0545,7903,9.5333,0,0,0,7823,0
1545,3.4078,9.4974,0.0200,0.0027,1,2,0.0405,1620,9.5336,0,0,0,1540,0
1546,4.3922,9.5011,0.0210,0.0022,1,2,0.0457,1599,9.5377,0,0,0,1519,0
1547,4.3905,9.5070,0.0273,0.0030,1,2,0.0591,1608,9.5530,0,0,0,1528,0
1548,3.5281,9.5702,0.0217,0.0022,1,2,0.0540,6846,9.6085,0,0,0,6766,0
1549,3.4425,9.5762,0.0226,0.0018,1,2,0.0464,1170,9.6146,0,0,0,1090,0
1550,4.4564,9.5207,0.0214,0.0022,1,2,0.0470,1893,9.5642,0,0,0,1813,0
1551,3.4140,9.5580,0.0228,0.0022,1,2,0.0529,1868,9.5972,0,0,0,1788,0
1552,4.5503,9.5154,0.0196,0.0021,1,2,0.0567,8953,9.5504,0,0,0,8873,0
1553,3.4122,9.4845,0.0209,0.0020,1,2,0.0482,3450,9.5276,0,0,0,3370,0
1554,4.6209,9.4705,0.0193,0.0019,1,2,0.0408,2526,9.5108,0,0,0,2446,0
1555,3.3981,9.5857,0.0506,0.0056,1,2,0.0970,2601,9.6703,0,0,0,2521,0
1556,4.8455,9.5947,0.0181,0.0023,1,2,0.0557,9130,9.6223,0,0,0,9050,0
1557,3.4592,9.4498,0.0164,0.0023,1,2,0.0235,2727,9.4855,0,0,0,2647,0
1558,4.6198,9.5192,0.0224,0.0024,1,2,0.0518,2753,9.5580,0,0,0,2673,0
1559,4.3744,9.4834,0.0208,0.0021,1,2,0.0418,2762,9.5260,0,0,0,2682,0
1560,3.4054,8.3326,0.0326,0.0022,1,2,0.0836,38006,8.3903,0,1,0,37926,0
1561,4.4884,9.5094,0.0236,0.0025,1,2,0.0520,3121,9.5498,0,0,0,3041,0
1562,3.4137,9.4778,0.0212,0.0020,1,2,0.0423,2062,9.5205,0,0,0,1982,0
1563,3.4029,9.4633,0.0205,0.0022,1,2,0.0457,1649,9.4999,0,0,0,1569,0
1564,4.3500,9.5367,0.0229,0.0024,1,2,0.0553,7274,9.5761,0,0,0,7194,0
1565,3.4247,9.5755,0.0489,0.0055,1,2,0.0968,2286,9.6605,0,0,0,2206,0
1566,5.2872,9.5570,0.0242,0.0023,1,2,0.0440,1713,9.5975,0,0,0,1633,0
1567,3.4147,9.5235,0.0193,0.0018,1,2,0.0419,1409,9.5585,0,0,0,1329,0
1568,4.4091,9.4893,0.0195,0.0024,1,2,0.0486,7439,9.5311,0,0,0,7359,0
1569,4.4573,9.7009,0.0423,0.0065,1,2,0.1039,1750,9.7649,0,0,0,1670,0
1570,4.7263,9.6370,0.0242,0.0025,1,2,0.0462,1289,9.6936,0,0,0,1209,0
1571,3.4382,9.5222,0.0196,0.0022,1,2,0.0459,1101,9.5579,0,0,0,1021,0
1572,4.6506,9.5220,0.0258,0.0033,1,2,0.0629,7623,9.5658,0,0,0,7543,0
1573,3.4955,9.5318,0.0215,0.0023,1,2,0.0442,2239,9.5699,0,0,0,2159,0
1574,3.4565,9.5038,0.0217,0.0019,1,2,0.0481,1467,9.5477,0,0,0,1387,0
1575,5.2147,9.4832,0.0184,0.0029,1,2,0.0165,1362,9.5180,0,0,0,1282,0
1576,3.4614,9.4868,0.0238,0.0021,1,2,0.0505,7872,9.5265,0,0,0,7792,0
1577,5.2733,9.5905,0.0262,0.0020,1,2,0.0442,917,9.6328,0,0,0,837,0
1578,3.4700,9.5960,0.0203,0.0022,1,2,0.0509,1368,9.6390,0,0,0,1288,0
1579,4.4817,9.6015,0.0418,0.0048,1,2,0.0751,1778,9.6729,0,0,0,1698,0
1580,3.4378,9.5363,0.0202,0.0019,1,2,0.0421,6659,9.5783,0,0,0,6579,0
1581,4.3460,9.4780,0.0200,0.0023,1,2,0.0454,1039,9.5143,0,0,0,959,0
1582,3.4473,9.4578,0.0142,0.0022,1,2,0.0309,1460,9.4898,0,0,0,1380,0
1583,4.5826,9.5107,0.0163,0.0022,1,2,0.0515,1099,9.5417,0,0,0,1019,0
1584,3.4358,9.6250,0.0432,0.0051,1,2,0.2093,8194,9.7411,0,0,0,8114,0
1585,4.6477,9.4258,0.0209,0.0020,1,2,0.0457,3267,9.4682,0,0,0,3187,0
1586,4.4100,9.4951,0.0188,0.0021,1,2,0.0425,1738,9.5302,0,0,0,1658,0
1587,3.3868,9.4859,0.0187,0.0018,1,2,0.0392,1335,9.5252,0,0,0,1255,0
1588,4.6433,9.5026,0.0210,0.0022,1,2,0.0400,8336,9.5447,0,0,0,8256,0
1589,3.4111,9.4881,0.0218,0.0019,1,2,0.0377,1511,9.5320,0,0,0,1431,0
1590,4.7981,9.4777,0.0202,0.0019,1,2,0.0398,1362,9.5193,0,0,0,1282,0
1591,3.4093,9.5960,0.0520,0.0053,1,2,0.0991,1966,9.6715,0,0,0,1886,0
1592,4.9055,9.5426,0.0240,0.0024,1,2,0.0597,9005,9.5894,0,0,0,8925,0
1593,3.4342,9.6044,0.0481,0.0054,1,2,0.0911,1254,9.6732,0,0,0,1174,0
1594,4.9839,9.5634,0.0222,0.0022,1,2,0.0484,1393,9.6016,0,0,0,1313,0
1595,3.4218,9.6360,0.0485,0.0054,1,2,0.0859,1049,9.7208,0,0,0,969,0
1596,5.1055,9.5316,0.0231,0.0024,1,2,0.0557,6960,9.5714,0,0,0,6880,0
1597,3.4216,9.5360,0.0646,0.0066,1,2,0.0904,1468,9.6389,0,0,0,1388,0
1598,5.2773,9.5250,0.0203,0.0019,1,2,0.0474,2355,9.5668,0,0,0,2275,0
1599,3.4249,9.4924,0.0221,0.0025,1,2,0.0483,2209,9.5314,0,0,0,2129,0
1600,4.5367,9.4722,0.0221,0.0023,1,2,0.0490,7849,9.5161,0,0,0,7769,0
1601,3.4175,9.4678,0.0204,0.0017,1,2,0.0480,2297,9.5039,0,0,0,2217,0
1602,4.5983,9.5042,0.0247,0.0022,1,2,0.0579,1882,9.5457,0,0,0,1802,0
1603,4.3706,9.4828,0.0201,0.0020,1,2,0.0423,1651,9.5247,0,0,0,1571,0
1604,3.4383,9.4990,0.0219,0.0018,1,2,0.0470,8744,9.5419,0,0,0,8664,0
1605,5.1924,9.5207,0.0202,0.0020,1,2,0.0365,2259,9.5624,0,0,0,2179,0
1606,3.4341,9.4940,0.0178,0.0018,1,2,0.0390,1728,9.5324,0,0,0,1648,0
1607,5.2809,9.6103,0.0297,0.0030,1,2,0.0677,2005,9.6586,0,0,0,1925,0
1608,3.4860,9.6015,0.0259,0.0024,1,2,0.0580,7969,9.6441,0,0,0,7889,0
1609,4.4716,9.5204,0.0230,0.0023,1,2,0.0548,1622,9.5598,0,0,0,1542,0
1610,3.5265,9.5085,0.0224,0.0023,1,2,0.0438,1196,9.5473,0,0,0,1116,0
1611,4.6851,9.5090,0.0191,0.0022,1,2,0.0432,1362,9.5441,0,0,0,1282,0
1612,3.4380,9.4968,0.0251,0.0024,1,2,0.0494,6947,9.5380,0,0,0,6867,0
1613,4.7788,9.5278,0.0226,0.0026,1,2,0.0506,1486,9.5673,0,0,0,1406,0
1614,3.4497,9.5345,0.0212,0.0023,1,2,0.0496,2731,9.5717,0,0,0,2651,0
1615,4.9270,9.5179,0.0204,0.0025,1,2,0.0390,1862,9.5547,0,0,0,1782,0
1616,3.4695,9.4832,0.0205,0.0020,1,2,0.0520,8985,9.5200,0,0,0,8905,0
1617,4.9727,9.6324,0.0254,0.0040,1,2,0.0650,3164,9.6823,0,0,0,3084,0
1618,3.4895,9.5626,0.0232,0.0023,1,2,0.0495,2304,9.6021,0,0,0,2224,0
1619,5.0490,9.5972,0.0296,0.0035,1,2,0.0673,2217,9.6390,0,0,0,2137,0
1620,3.4401,8.4598,0.0437,0.0026,1,2,0.1034,57013,8.5428,0,1,0,56933,0
1621,5.1435,9.5421,0.0222,0.0026,1,2,0.0464,3474,9.5814,0,0,0,3394,0
1622,3.4020,9.5039,0.0219,0.0023,1,2,0.0426,2104,9.5420,0,0,0,2024,0
1623,5.2920,9.5390,0.0183,0.0023,1,2,0.0424,1774,9.5734,0,0,0,1694,0
1624,3.4065,9.5087,0.0220,0.0022,1,2,0.0584,8954,9.5532,0,0,0,8874,0
1625,4.3857,9.5052,0.0200,0.0020,1,2,0.0435,1329,9.5414,0,0,0,1249,0
1626,3.4193,9.4958,0.0210,0.0019,1,2,0.0403,1100,9.5328,0,0,0,1020,0
1627,4.5999,9.4882,0.0176,0.0024,1,2,0.0394,1364,9.5221,0,0,0,1284,0
1628,5.2994,9.4808,0.0171,0.0039,1,2,0.0457,7024,9.5149,0,0,0,6944,0
1629,3.4848,9.6342,0.0415,0.0044,1,2,0.2617,1175,9.7052,0,0,0,1095,0
1630,5.0941,9.7158,0.0294,0.0025,1,2,0.0555,1808,9.7798,0,0,0,1728,0
1631,2.9324,9.5376,0.0213,0.0025,1,2,0.0549,1549,9.5760,0,0,0,1469,0
1632,5.1829,9.6885,0.0331,0.0033,1,2,0.0789,21139,9.7400,0,0,0,21059,0
1633,3.4357,9.5604,0.0210,0.0023,1,2,0.0512,3121,9.5984,0,0,0,3041,0
1634,4.4340,9.5099,0.0215,0.0023,1,2,0.0448,1382,9.5477,0,0,0,1302,0
1635,3.4040,9.4808,0.0181,0.0024,1,2,0.0478,1685,9.5214,0,0,0,1605,0
1636,4.5202,9.4983,0.0233,0.0022,1,2,0.0546,8767,9.5376,0,0,0,8687,0
1637,3.3985,9.5235,0.0245,0.0031,1,2,0.0726,2375,9.5661,0,0,0,2295,0
1638,4.5592,9.6677,0.0325,0.0030,1,2,0.0615,988,9.7192,0,0,0,908,0
1639,3.4537,9.6122,0.0225,0.0022,1,2,0.0185,1147,9.6515,0,0,0,1067,0
1640,3.4256,9.5390,0.0206,0.0023,1,2,0.0493,7706,9.5754,0,0,0,7626,0
1641,4.3488,9.5131,0.0210,0.0020,1,2,0.0480,931,9.5496,0,0,0,851,0
1642,3.4008,9.4903,0.0200,0.0027,1,2,0.0643,1618,9.5271,0,0,0,1538,0
1643,4.2943,9.5117,0.0185,0.0026,1,2,0.0371,1025,9.5462,0,0,0,945,0
1644,4.4356,9.4802,0.0215,0.0024,1,2,0.0449,6363,9.5184,0,0,0,6283,0
1645,3.3919,9.4945,0.0184,0.0022,1,2,0.0458,869,9.5352,0,0,0,789,0
1646,4.9519,9.5210,0.0187,0.0018,1,2,0.0358,1511,9.5613,0,0,0,1431,0
1647,3.4065,9.6270,0.0510,0.0051,1,2,0.0907,1138,9.7171,0,0,0,1058,0
1648,4.9900,9.5101,0.0222,0.0022,1,2,0.0478,8729,9.5486,0,0,0,8649,0
1649,3.4098,9.6154,0.0498,0.0058,1,2,0.1103,3003,9.6938,0,0,0,2923,0
1650,5.0553,9.5476,0.0233,0.0021,1,2,0.0549,2089,9.5872,0,0,0,2009,0
1651,3.4080,9.4790,0.0217,0.0018,1,2,0.0425,1892,9.5159,0,0,0,1812,0
1652,5.1440,9.5473,0.0205,0.0022,1,2,0.0505,8446,9.5896,0,0,0,8366,0
1653,3.4081,9.5190,0.0210,0.0021,1,2,0.0482,1926,9.5557,0,0,0,1846,0
1654,4.3758,9.4879,0.0202,0.0018,1,2,0.0419,1678,9.5236,0,0,0,1598,0
1655,5.1052,9.4800,0.0197,0.0021,1,2,0.0427,2175,9.5155,0,0,0,2095,0
1656,3.4054,9.4992,0.0203,0.0022,1,2,0.0497,9167,9.5350,0,0,0,9087,0
1657,5.0916,9.5475,0.0180,0.0019,1,2,0.0435,1332,9.5861,0,0,0,1252,0
1658,3.4227,9.4689,0.0198,0.0018,1,2,0.0420,1609,9.5105,0,0,0,1529,0
1659,5.1565,9.5039,0.0196,0.0019,1,2,0.0328,1355,9.5444,0,0,0,1275,0
1660,3.4088,9.4819,0.0217,0.0020,1,2,0.0437,7043,9.5249,0,0,0,6963,0
1661,5.2493,9.4815,0.0175,0.0020,1,2,0.0348,1272,9.5201,0,0,0,1192,0
1662,3.3978,9.5075,0.0230,0.0023,1,2,0.0504,2364,9.5470,0,0,0,2284,0
1663,4.4509,9.4827,0.0222,0.0022,1,2,0.0395,2181,9.5280,0,0,0,2101,0
1664,3.4142,9.4790,0.0209,0.0020,1,2,0.0412,8087,9.5213,0,0,0,8007,0
1665,4.5650,9.4721,0.0190,0.0020,1,2,0.0452,2724,9.5070,0,0,0,2644,0
1666,4.3315,9.4871,0.0182,0.0021,1,2,0.0501,2576,9.5267,0,0,0,2496,0
1667,3.4148,9.6505,0.0323,0.0036,1,2,0.0749,2076,9.7019,0,0,0,1996,0
1668,3.4608,9.5474,0.0255,0.0024,1,2,0.0573,8867,9.5895,0,0,0,8787,0
1669,3.4137,9.5458,0.0504,0.0057,1,2,0.1099,3031,9.6219,0,0,0,2951,0
1670,4.5003,9.5181,0.0224,0.0024,1,2,0.0507,2154,9.5574,0,0,0,2074,0
1671,3.4345,9.5293,0.0201,0.0020,1,2,0.0449,2204,9.5712,0,0,0,2124,0
1672,4.5505,9.5078,0.0221,0.0018,1,2,0.0559,8300,9.5456,0,0,0,8220,0
1673,3.4270,9.5072,0.0192,0.0021,1,2,0.0475,1851,9.5481,0,0,0,1771,0
1674,3.4122,9.4641,0.0201,0.0021,1,2,0.0380,1927,9.5058,0,0,0,1847,0
1675,4.2968,9.5245,0.0237,0.0027,1,2,0.0509,1929,9.5651,0,0,0,1849,0
1676,4.3743,9.4901,0.0221,0.0020,1,2,0.0413,7356,9.5343,0,0,0,7276,0
1677,3.3888,9.4355,0.0108,0.0017,1,2,0.0225,2014,9.4657,0,0,0,1934,0
1678,4.5838,9.5298,0.0206,0.0019,1,2,0.0558,3209,9.5668,0,0,0,3129,0
1679,3.4015,9.6070,0.0487,0.0053,1,2,0.0963,2717,9.6915,0,0,0,2637,0
1680,4.3627,8.3795,0.0388,0.0022,1,2,0.0822,36354,8.4350,0,1,0,36274,0
1681,4.4021,9.5168,0.0215,0.0023,1,2,0.0528,5333,9.5652,0,0,0,5253,0
1682,3.4015,9.4511,0.0210,0.0020,1,2,0.0491,3917,9.4883,0,0,0,3837,0
1683,4.4883,9.4894,0.0186,0.0019,1,2,0.0425,2448,9.5295,0,0,0,2368,0
1684,3.4350,9.5154,0.0221,0.0023,1,2,0.0430,9441,9.5597,0,0,0,9361,0
1685,4.6860,9.4742,0.0197,0.0019,1,2,0.0367,1563,9.5152,0,0,0,1483,0
1686,3.4460,9.5241,0.0196,0.0020,1,2,0.0362,1021,9.5652,0,0,0,941,0
1687,4.8238,9.5240,0.0193,0.0020,1,2,0.0335,1012,9.5648,0,0,0,932,0
1688,3.4410,9.6131,0.0480,0.0054,1,2,0.1099,8314,9.6860,0,0,0,8234,0
1689,5.1165,9.6596,0.0252,0.0032,1,2,0.0499,927,9.7035,0,0,0,847,0
1690,3.5138,9.6472,0.0251,0.0026,1,2,0.0600,822,9.6904,0,0,0,742,0
1691,4.9715,9.6046,0.0192,0.0022,1,2,0.0468,852,9.6461,0,0,0,772,0
1692,3.4414,9.5667,0.0281,0.0032,1,2,0.0665,6555,9.6128,0,0,0,6475,0
1693,3.4548,9.5532,0.0211,0.0020,1,2,0.0460,1063,9.5905,0,0,0,983,0
1694,3.4332,9.6618,0.0463,0.0061,1,2,0.0929,1347,9.7338,0,0,0,1267,0
1695,4.3377,9.5710,0.0234,0.0022,1,2,0.0448,1196,9.6170,0,0,0,1116,0
1696,3.4077,9.4854,0.0216,0.0020,1,2,0.0543,7153,9.5292,0,0,0,7073,0
1697,4.4562,9.5505,0.0241,0.0028,1,2,0.0484,1847,9.5915,0,0,0,1767,0
1698,3.4816,9.5473,0.0217,0.0024,1,2,0.0364,976,9.5913,0,0,0,896,0
1699,4.6544,9.5521,0.0323,0.0025,1,2,0.0705,867,9.6112,0,0,0,787,0
1700,3.4825,9.5457,0.0210,0.0022,1,2,0.0467,7726,9.5883,0,0,0,7646,0
1701,4.7154,9.5200,0.0201,0.0019,1,2,0.0469,1933,9.5558,0,0,0,1853,0
1702,3.4410,9.6177,0.0411,0.0058,1,2,0.0340,975,9.6837,0,0,0,895,0
1703,4.8443,9.6405,0.0362,0.0050,1,2,0.0965,842,9.6964,0,0,0,762,0
1704,3.4755,9.6233,0.0296,0.0024,1,2,0.0663,7581,9.6702,0,0,0,7501,0
1705,3.5008,9.5529,0.0246,0.0023,1,2,0.0503,885,9.5945,0,0,0,805,0
1706,3.4429,9.6301,0.0232,0.0023,1,2,0.0563,830,9.6704,0,0,0,750,0
1707,3.4820,9.5923,0.0255,0.0025,1,2,0.0537,993,9.6355,0,0,0,913,0
1708,4.9655,9.5573,0.0221,0.0021,1,2,0.0470,6609,9.5953,0,0,0,6529,0
1709,3.4417,9.6253,0.0329,0.0023,1,2,0.0675,883,9.6853,0,0,0,803,0
1710,4.9701,9.5932,0.0242,0.0023,1,2,0.0562,1424,9.6345,0,0,0,1344,0
1711,3.5338,9.7860,0.0343,0.0028,1,2,0.0563,1047,9.8395,0,0,0,967,0
1712,3.4759,9.8951,0.0504,0.0054,1,2,0.0885,7582,10.0424,0,0,0,7502,0
1713,3.4924,9.6152,0.0272,0.0035,1,2,0.0597,2377,9.6617,0,0,0,2297,0
1714,3.4740,9.6287,0.0191,0.0022,1,2,0.0480,1102,9.6713,0,0,0,1022,0
1715,4.9355,9.6102,0.0346,0.0037,1,2,0.0778,1610,9.6640,0,0,0,1530,0
1716,3.4992,9.6876,0.0244,0.0024,1,2,0.0600,8328,9.7287,0,0,0,8248,0
1717,3.4515,9.5809,0.0225,0.0022,1,2,0.0182,1123,9.6204,0,0,0,1043,0
1718,3.4490,9.5675,0.0202,0.0021,1,2,0.0486,1113,9.6038,0,0,0,1033,0
1719,3.4695,9.5623,0.0225,0.0025,1,2,0.0476,1443,9.6020,0,0,0,1363,0
1720,3.4860,9.6100,0.0255,0.0025,1,2,0.0592,8248,9.6530,0,0,0,8168,0
1721,5.1687,9.5810,0.0223,0.0025,1,2,0.0537,1309,9.6273,0,0,0,1229,0
1722,3.4872,9.6914,0.0327,0.0022,1,2,0.0720,1048,9.7420,0,0,0,968,0
1723,3.5034,9.6546,0.0128,0.0019,1,2,0.1095,1400,9.6770,0,0,0,1320,0
1724,3.5248,9.5591,0.0225,0.0022,1,2,0.0579,6791,9.6054,0,0,0,6711,0
1725,4.4135,9.5548,0.0219,0.0021,1,2,0.0508,1030,9.5930,0,0,0,950,0
1726,3.4844,9.6586,0.0314,0.0029,1,2,0.0595,1755,9.7096,0,0,0,1675,0
1727,3.4761,9.6195,0.0250,0.0041,1,2,0.0553,1362,9.6724,0,0,0,1282,0
1728,3.4911,9.6772,0.0320,0.0024,1,2,0.0763,22415,9.7271,0,0,0,22335,0
1729,3.4870,9.5777,0.0243,0.0024,1,2,0.0593,2366,9.6190,0,0,0,2286,0
1730,3.4294,9.6011,0.0250,0.0020,1,2,0.0569,1931,9.6433,0,0,0,1851,0
1731,3.4351,9.6152,0.0256,0.0024,1,2,0.0551,1516,9.6585,0,0,0,1436,0
1732,3.5054,9.6034,0.0270,0.0022,1,2,0.0595,8539,9.6478,0,0,0,8459,0
1733,3.4879,9.5803,0.0227,0.0030,1,2,0.0598,2572,9.6289,0,0,0,2492,0
1734,3.4719,9.6021,0.0206,0.0018,1,2,0.0530,1830,9.6395,0,0,0,1750,0
1735,3.4474,9.6784,0.0337,0.0027,1,2,0.0652,1985,9.7395,0,0,0,1905,0
1736,4.4523,9.5642,0.0272,0.0028,1,2,0.0419,8179,9.6089,0,0,0,8099,0
1737,3.4523,9.6690,0.0222,0.0032,1,2,0.0205,1242,9.7091,0,0,0,1162,0
1738,3.4258,9.5655,0.0208,0.0023,1,2,0.0157,1264,9.6105,0,0,0,1184,0
1739,3.4205,9.5595,0.0237,0.0025,1,2,0.0592,1641,9.6004,0,0,0,1561,0
1740,4.7260,8.4680,0.0353,0.0025,1,2,0.0920,47254,8.5210,0,1,0,47174,0
1741,3.4563,9.6458,0.0248,0.0025,1,2,0.0510,1579,9.6884,0,0,0,1499,0
1742,3.4265,9.5340,0.0264,0.0022,1,2,0.0170,1441,9.5774,0,0,0,1361,0
1743,3.4459,9.5841,0.0235,0.0021,1,2,0.0569,999,9.6263,0,0,0,919,0
1744,5.1539,9.6994,0.0385,0.0027,1,2,0.0882,8271,9.7577,0,0,0,8191,0
1745,3.5497,9.6407,0.0283,0.0027,1,2,0.0416,2382,9.6870,0,0,0,2302,0
1746,3.5281,9.8965,0.0605,0.0065,1,2,0.1499,1546,9.9823,0,0,0,1466,0
1747,3.5507,9.6608,0.0253,0.0028,1,2,0.0508,958,9.7115,0,0,0,878,0
1748,3.5218,9.6713,0.0324,0.0024,1,2,0.0752,8393,9.7213,0,0,0,8313,0
1749,3.4744,9.6508,0.0305,0.0025,1,2,0.0541,833,9.6997,0,0,0,753,0
1750,3.2727,9.8428,0.0269,0.0031,1,2,0.0618,836,9.8886,0,0,0,756,0
1751,3.1315,9.6794,0.0310,0.0032,1,2,0.0720,832,9.7380,0,0,0,752,0
1752,3.5251,9.6249,0.0270,0.0030,1,2,0.0725,8178,9.6698,0,0,0,8098,0
1753,3.4862,9.6456,0.0228,0.0031,1,2,0.0586,1569,9.6867,0,0,0,1489,0
1754,3.4420,9.5926,0.0267,0.0023,1,2,0.0296,838,9.6365,0,0,0,758,0
1755,3.4424,9.5970,0.0266,0.0036,1,2,0.0562,815,9.6429,0,0,0,735,0
1756,3.4599,9.5988,0.0283,0.0027,1,2,0.0674,6428,9.6449,0,0,0,6348,0
1757,3.5050,9.6235,0.0265,0.0032,1,2,0.0513,891,9.6685,0,0,0,811,0
1758,3.4596,9.5765,0.0259,0.0025,1,2,0.0506,1398,9.6198,0,0,0,1318,0
1759,5.0900,9.6116,0.0206,0.0021,1,2,0.0549,1577,9.6550,0,0,0,1497,0
1760,3.4520,9.5640,0.0239,0.0025,1,2,0.0591,6764,9.6050,0,0,0,6684,0
1761,3.4319,9.5469,0.0213,0.0021,1,2,0.0536,1600,9.5907,0,0,0,1520,0
1762,3.4410,9.5428,0.0225,0.0025,1,2,0.0517,906,9.5820,0,0,0,826,0
1763,4.3003,9.5517,0.0187,0.0021,1,2,0.0161,837,9.5862,0,0,0,757,0
1764,3.4108,9.5589,0.0340,0.0033,1,2,0.0715,7469,9.6227,0,0,0,7389,0
1765,3.4369,9.6030,0.0321,0.0022,1,2,0.0603,2057,9.6535,0,0,0,1977,0
1766,3.5178,9.5288,0.0222,0.0021,1,2,0.0175,855,9.5678,0,0,0,775,0
1767,3.4345,9.5026,0.0189,0.0023,1,2,0.0517,1289,9.5382,0,0,0,1209,0
1768,5.1154,9.5597,0.0190,0.0022,1,2,0.0453,7568,9.6007,0,0,0,7488,0
1769,4.4364,9.5016,0.0172,0.0022,1,2,0.0359,921,9.5343,0,0,0,841,0
1770,3.4180,9.4722,0.0209,0.0025,1,2,0.0477,2048,9.5096,0,0,0,1968,0
1771,3.4588,9.5157,0.0218,0.0022,1,2,0.0473,870,9.5541,0,0,0,790,0
1772,5.2478,9.5547,0.0188,0.0022,1,2,0.0469,6109,9.5955,0,0,0,6029,0
1773,3.4378,9.5077,0.0208,0.0019,1,2,0.0433,888,9.5443,0,0,0,808,0
1774,3.4497,9.4768,0.0201,0.0018,1,2,0.0418,944,9.5186,0,0,0,864,0
1775,5.0704,9.5166,0.0190,0.0017,1,2,0.0140,926,9.5566,0,0,0,846,0
1776,3.4314,9.6209,0.0456,0.0057,1,2,0.1107,8090,9.6914,0,0,0,8010,0
1777,5.1879,9.5492,0.0180,0.0022,1,2,0.0483,2775,9.5892,0,0,0,2695,0
1778,3.4350,9.4890,0.0203,0.0016,1,2,0.0435,2082,9.5303,0,0,0,2002,0
1779,4.3524,9.4957,0.0210,0.0022,1,2,0.0408,914,9.5328,0,0,0,834,0
1780,3.4227,9.5088,0.0205,0.0020,1,2,0.0439,8355,9.5500,0,0,0,8275,0
1781,4.5215,9.4894,0.0199,0.0021,1,2,0.0379,1555,9.5310,0,0,0,1475,0
1782,5.1463,9.4846,0.0179,0.0020,1,2,0.0453,1549,9.5183,0,0,0,1469,0
1783,3.4245,9.4899,0.0207,0.0018,1,2,0.0414,1926,9.5320,0,0,0,1846,0
1784,5.0960,9.5266,0.0183,0.0018,1,2,0.0457,8283,9.5657,0,0,0,8203,0
1785,3.4302,9.4935,0.0195,0.0020,1,2,0.0383,2004,9.5337,0,0,0,1924,0
1786,5.1802,9.5003,0.0195,0.0019,1,2,0.0378,1621,9.5412,0,0,0,1541,0
1787,3.4234,9.5645,0.0366,0.0040,1,2,0.0925,1626,9.6218,0,0,0,1546,0
1788,3.4703,9.5540,0.0215,0.0021,1,2,0.0583,6600,9.5921,0,0,0,6520,0
1789,3.4078,9.5001,0.0209,0.0023,1,2,0.0460,1608,9.5430,0,0,0,1528,0
1790,4.3868,9.5123,0.0213,0.0021,1,2,0.0425,1833,9.5554,0,0,0,1753,0
1791,3.4178,9.5307,0.0185,0.0023,1,2,0.0540,2197,9.5652,0,0,0,2117,0
1792,4.5967,9.5454,0.0238,0.0021,1,2,0.0555,20022,9.5910,0,0,0,19942,0
1793,3.4523,9.5010,0.0197,0.0020,1,2,0.0408,2539,9.5421,0,0,0,2459,0
1794,3.4386,9.4739,0.0198,0.0022,1,2,0.0396,1739,9.5155,0,0,0,1659,0
1795,4.3027,9.5050,0.0170,0.0024,1,2,0.0422,1786,9.5440,0,0,0,1706,0
1796,3.4202,9.5672,0.0389,0.0055,1,2,0.0936,7666,9.6297,0,0,0,7586,0
1797,5.1932,9.4505,0.0214,0.0019,1,2,0.0416,2951,9.4932,0,0,0,2871,0
1798,3.3933,9.4590,0.0179,0.0019,1,2,0.0399,2018,9.4973,0,0,0,1938,0
1799,4.3743,9.4703,0.0187,0.0019,1,2,0.0413,2562,9.5100,0,0,0,2482,0
