frame_id,generate_ms,encode_latency_ms,payload_extract_ms,enqueue_ms,queue_depth,dropped_before,send_ms,bytes_sent,frame_age_at_send_ms,send_failed,keyframe,sender_dropped,payload_bytes,status
0,5.2644,24.2037,0.0181,0.0000,0,0,0.0000,0,0.0000,0,1,0,60271,0
1,2.9532,23.5212,0.0099,0.0000,0,0,0.0000,0,0.0000,0,1,0,43482,0
2,2.8573,24.7288,0.0204,0.0000,0,0,0.0000,0,0.0000,0,1,0,59828,0
3,2.9853,26.3080,0.0107,0.0000,0,0,0.0000,0,0.0000,0,1,0,68126,0
4,5.2644,5.9518,0.0114,0.0000,0,0,0.0000,0,0.0000,0,0,0,16498,0
5,2.9532,5.7971,0.0091,0.0000,0,0,0.0000,0,0.0000,0,0,0,14403,0
6,2.8573,10.6463,0.0095,0.0000,0,0,0.0000,0,0.0000,0,0,0,17862,0
7,2.9853,10.6293,0.0078,0.0000,0,0,0.0000,0,0.0000,0,0,0,17138,0
8,5.2644,5.7415,0.0030,0.0000,0,0,0.0000,0,0.0000,0,0,0,9226,0
9,2.9532,5.5770,0.0027,0.0000,0,0,0.0000,0,0.0000,0,0,0,6914,0
10,2.8573,10.4200,0.0015,0.0000,0,0,0.0000,0,0.0000,0,0,0,11125,0
11,2.9853,10.4078,0.0010,0.0000,0,0,0.0000,0,0.0000,0,0,0,9621,0
12,5.2644,5.7142,0.0035,0.0000,0,0,0.0000,0,0.0000,0,0,0,17369,0
13,2.9532,5.5670,0.0093,0.0000,0,0,0.0000,0,0.0000,0,0,0,16755,0
14,2.8573,10.4197,0.0027,0.0000,0,0,0.0000,0,0.0000,0,0,0,19658,0
15,2.9853,10.4169,0.0071,0.0000,0,0,0.0000,0,0.0000,0,0,0,15622,0
16,5.2644,5.8017,0.0124,0.0000,0,0,0.0000,0,0.0000,0,0,0,23309,0
17,2.9532,5.5955,0.0027,0.0000,0,0,0.0000,0,0.0000,0,0,0,20346,0
18,2.8573,10.4225,0.0137,0.0000,0,0,0.0000,0,0.0000,0,0,0,22802,0
19,2.9853,10.3872,0.0022,0.0000,0,0,0.0000,0,0.0000,0,0,0,21407,0
20,5.2644,5.6977,0.0033,0.0000,0,0,0.0000,0,0.0000,0,0,0,13027,0
21,2.9532,5.5977,0.0065,0.0000,0,0,0.0000,0,0.0000,0,0,0,11737,0
22,2.8573,10.3885,0.0198,0.0000,0,0,0.0000,0,0.0000,0,0,0,12722,0
23,2.9853,10.3733,0.0024,0.0000,0,0,0.0000,0,0.0000,0,0,0,16214,0
24,5.2644,5.7237,0.0096,0.0000,0,0,0.0000,0,0.0000,0,0,0,7002,0
25,2.9532,5.5986,0.0011,0.0000,0,0,0.0000,0,0.0000,0,0,0,5132,0
26,2.8573,10.5148,0.0090,0.0000,0,0,0.0000,0,0.0000,0,0,0,7491,0
27,2.9853,10.3992,0.0025,0.0000,0,0,0.0000,0,0.0000,0,0,0,4790,0
28,5.2644,5.7509,0.0030,0.0000,0,0,0.0000,0,0.0000,0,0,0,3933,0
29,2.9532,5.5470,0.0009,0.0000,0,0,0.0000,0,0.0000,0,0,0,3799,0
30,2.8573,10.4085,0.0036,0.0000,0,0,0.0000,0,0.0000,0,0,0,4399,0
31,2.9853,10.3641,0.0009,0.0000,0,0,0.0000,0,0.0000,0,0,0,3276,0
32,5.2644,5.8310,0.0037,0.0000,0,0,0.0000,0,0.0000,0,0,0,3260,0
33,2.9532,5.5980,0.0008,0.0000,0,0,0.0000,0,0.0000,0,0,0,2850,0
34,2.8573,10.4445,0.0023,0.0000,0,0,0.0000,0,0.0000,0,0,0,3280,0
35,2.9853,10.4653,0.0029,0.0000,0,0,0.0000,0,0.0000,0,0,0,2761,0
36,5.2644,5.7607,0.0027,0.0000,0,0,0.0000,0,0.0000,0,0,0,3090,0
37,2.9532,5.5709,0.0012,0.0000,0,0,0.0000,0,0.0000,0,0,0,2691,0
38,2.8573,10.4506,0.0022,0.0000,0,0,0.0000,0,0.0000,0,0,0,3020,0
39,2.9853,10.4497,0.0012,0.0000,0,0,0.0000,0,0.0000,0,0,0,2648,0
40,5.2644,5.7827,0.0028,0.0000,0,0,0.0000,0,0.0000,0,0,0,2664,0
41,2.9532,5.5610,0.0013,0.0000,0,0,0.0000,0,0.0000,0,0,0,2213,0
42,2.8573,10.4025,0.0018,0.0000,0,0,0.0000,0,0.0000,0,0,0,1084,0
43,2.9853,10.3906,0.0007,0.0000,0,0,0.0000,0,0.0000,0,0,0,2638,0
44,5.2644,5.7525,0.0031,0.0000,0,0,0.0000,0,0.0000,0,0,0,1673,0
45,2.9532,5.5380,0.0017,0.0000,0,0,0.0000,0,0.0000,0,0,0,1302,0
46,2.8573,10.3338,0.0030,0.0000,0,0,0.0000,0,0.0000,0,0,0,959,0
47,2.9853,10.2614,0.0011,0.0000,0,0,0.0000,0,0.0000,0,0,0,2173,0
48,5.2644,5.7201,0.0020,0.0000,0,0,0.0000,0,0.0000,0,0,0,1538,0
49,2.9532,5.4066,0.0046,0.0000,0,0,0.0000,0,0.0000,0,0,0,1107,0
50,2.8573,10.3721,0.0010,0.0000,0,0,0.0000,0,0.0000,0,0,0,819,0
51,2.9853,10.2400,0.0032,0.0000,0,0,0.0000,0,0.0000,0,0,0,1668,0
52,5.2644,5.8248,0.0032,0.0000,0,0,0.0000,0,0.0000,0,0,0,1248,0
53,2.9532,5.5091,0.0032,0.0000,0,0,0.0000,0,0.0000,0,0,0,944,0
54,2.8573,10.4567,0.0029,0.0000,0,0,0.0000,0,0.0000,0,0,0,945,0
55,2.9853,10.2867,0.0038,0.0000,0,0,0.0000,0,0.0000,0,0,0,743,0
56,5.2644,5.7085,0.0025,0.0000,0,0,0.0000,0,0.0000,0,0,0,1198,0
57,2.9532,5.5310,0.0007,0.0000,0,0,0.0000,0,0.0000,0,0,0,836,0
58,2.8573,10.4495,0.0033,0.0000,0,0,0.0000,0,0.0000,0,0,0,1250,0
59,2.9853,10.3912,0.0010,0.0000,0,0,0.0000,0,0.0000,0,0,0,717,0
60,5.2644,5.6691,0.0034,0.0000,0,0,0.0000,0,0.0000,0,0,0,1168,0
61,2.9532,5.4710,0.0010,0.0000,0,0,0.0000,0,0.0000,0,0,0,792,0
62,2.8573,10.3037,0.0030,0.0000,0,0,0.0000,0,0.0000,0,0,0,1108,0
63,2.9853,10.2558,0.0010,0.0000,0,0,0.0000,0,0.0000,0,0,0,792,0
64,5.2644,5.6191,0.0034,0.0000,0,0,0.0000,0,0.0000,0,0,0,1037,0
65,2.9532,5.4062,0.0010,0.0000,0,0,0.0000,0,0.0000,0,0,0,722,0
66,2.8573,10.3309,0.0039,0.0000,0,0,0.0000,0,0.0000,0,0,0,1361,0
67,2.9853,10.2584,0.0015,0.0000,0,0,0.0000,0,0.0000,0,0,0,925,0
68,5.2644,5.7905,0.0037,0.0000,0,0,0.0000,0,0.0000,0,0,0,987,0
69,2.9532,5.4285,0.0008,0.0000,0,0,0.0000,0,0.0000,0,0,0,676,0
70,2.8573,10.4486,0.0010,0.0000,0,0,0.0000,0,0.0000,0,0,0,1198,0
71,2.9853,10.2771,0.0027,0.0000,0,0,0.0000,0,0.0000,0,0,0,1094,0
72,5.2644,5.8208,0.0037,0.0000,0,0,0.0000,0,0.0000,0,0,0,879,0
73,2.9532,5.5656,0.0009,0.0000,0,0,0.0000,0,0.0000,0,0,0,648,0
74,2.8573,10.5378,0.0011,0.0000,0,0,0.0000,0,0.0000,0,0,0,1117,0
75,2.9853,10.3413,0.0019,0.0000,0,0,0.0000,0,0.0000,0,0,0,1077,0
76,5.2644,5.8491,0.0023,0.0000,0,0,0.0000,0,0.0000,0,0,0,746,0
77,2.9532,5.5949,0.0026,0.0000,0,0,0.0000,0,0.0000,0,0,0,643,0
78,2.8573,10.5204,0.0030,0.0000,0,0,0.0000,0,0.0000,0,0,0,1064,0
79,2.9853,10.4778,0.0013,0.0000,0,0,0.0000,0,0.0000,0,0,0,1295,0
80,5.2644,5.8488,0.0038,0.0000,0,0,0.0000,0,0.0000,0,0,0,687,0
81,2.9532,5.5743,0.0005,0.0000,0,0,0.0000,0,0.0000,0,0,0,622,0
82,2.8573,10.4220,0.0030,0.0000,0,0,0.0000,0,0.0000,0,0,0,1368,0
83,2.9853,10.2614,0.0010,0.0000,0,0,0.0000,0,0.0000,0,0,0,709,0
84,5.2644,5.8288,0.0035,0.0000,0,0,0.0000,0,0.0000,0,0,0,716,0
85,2.9532,5.5347,0.0011,0.0000,0,0,0.0000,0,0.0000,0,0,0,620,0
86,2.8573,10.3689,0.0033,0.0000,0,0,0.0000,0,0.0000,0,0,0,710,0
87,2.9853,10.3044,0.0083,0.0000,0,0,0.0000,0,0.0000,0,0,0,715,0
88,5.2644,5.7861,0.0037,0.0000,0,0,0.0000,0,0.0000,0,0,0,717,0
89,2.9532,5.5045,0.0036,0.0000,0,0,0.0000,0,0.0000,0,0,0,613,0
90,2.8573,10.3937,0.0020,0.0000,0,0,0.0000,0,0.0000,0,0,0,696,0
91,2.9853,10.3023,0.0009,0.0000,0,0,0.0000,0,0.0000,0,0,0,724,0
92,5.2644,5.7874,0.0034,0.0000,0,0,0.0000,0,0.0000,0,0,0,685,0
93,2.9532,5.4697,0.0015,0.0000,0,0,0.0000,0,0.0000,0,0,0,617,0
94,2.8573,10.5558,0.0013,0.0000,0,0,0.0000,0,0.0000,0,0,0,755,0
95,2.9853,10.5221,0.0010,0.0000,0,0,0.0000,0,0.0000,0,0,0,779,0
96,5.2644,5.8045,0.0018,0.0000,0,0,0.0000,0,0.0000,0,0,0,664,0
97,2.9532,5.6080,0.0006,0.0000,0,0,0.0000,0,0.0000,0,0,0,622,0
98,2.8573,10.4742,0.0023,0.0000,0,0,0.0000,0,0.0000,0,0,0,785,0
99,2.9853,10.3781,0.0010,0.0000,0,0,0.0000,0,0.0000,0,0,0,906,0
100,5.2644,5.8668,0.0030,0.0000,0,0,0.0000,0,0.0000,0,0,0,636,0
101,2.9532,5.6395,0.0006,0.0000,0,0,0.0000,0,0.0000,0,0,0,626,0
102,2.8573,10.5491,0.0019,0.0000,0,0,0.0000,0,0.0000,0,0,0,868,0
103,2.9853,10.5205,0.0005,0.0000,0,0,0.0000,0,0.0000,0,0,0,830,0
104,5.2644,5.9005,0.0025,0.0000,0,0,0.0000,0,0.0000,0,0,0,635,0
105,2.9532,5.6131,0.0010,0.0000,0,0,0.0000,0,0.0000,0,0,0,608,0
106,2.8573,10.4656,0.0021,0.0000,0,0,0.0000,0,0.0000,0,0,0,801,0
107,2.9853,10.4481,0.0008,0.0000,0,0,0.0000,0,0.0000,0,0,0,966,0
108,5.2644,5.8208,0.0150,0.0000,0,0,0.0000,0,0.0000,0,0,0,650,0
109,2.9532,5.5771,0.0008,0.0000,0,0,0.0000,0,0.0000,0,0,0,606,0
110,2.8573,10.5388,0.0019,0.0000,0,0,0.0000,0,0.0000,0,0,0,1017,0
111,2.9853,10.5196,0.0007,0.0000,0,0,0.0000,0,0.0000,0,0,0,705,0
112,5.2644,5.9400,0.0021,0.0000,0,0,0.0000,0,0.0000,0,0,0,646,0
113,2.9532,5.6133,0.0007,0.0000,0,0,0.0000,0,0.0000,0,0,0,607,0
114,2.8573,10.4088,0.0022,0.0000,0,0,0.0000,0,0.0000,0,0,0,933,0
115,2.9853,10.3220,0.0010,0.0000,0,0,0.0000,0,0.0000,0,0,0,703,0
116,5.2644,5.9203,0.0067,0.0000,0,0,0.0000,0,0.0000,0,0,0,651,0
117,2.9532,5.6343,0.0010,0.0000,0,0,0.0000,0,0.0000,0,0,0,609,0
118,2.8573,10.3353,0.0011,0.0000,0,0,0.0000,0,0.0000,0,0,0,926,0
119,2.9853,10.2405,0.0007,0.0000,0,0,0.0000,0,0.0000,0,0,0,728,0
120,5.2644,6.0603,0.0028,0.0000,0,0,0.0000,0,0.0000,0,0,0,638,0
121,2.9532,5.7640,0.0011,0.0000,0,0,0.0000,0,0.0000,0,0,0,601,0
122,2.8573,10.6020,0.0013,0.0000,0,0,0.0000,0,0.0000,0,0,0,856,0
123,2.9853,10.5864,0.0008,0.0000,0,0,0.0000,0,0.0000,0,0,0,752,0
124,5.2644,5.8216,0.0024,0.0000,0,0,0.0000,0,0.0000,0,0,0,623,0
125,2.9532,5.5039,0.0012,0.0000,0,0,0.0000,0,0.0000,0,0,0,601,0
126,2.8573,10.4026,0.0013,0.0000,0,0,0.0000,0,0.0000,0,0,0,1082,0
127,2.9853,10.3713,0.0011,0.0000,0,0,0.0000,0,0.0000,0,0,0,805,0
128,5.2644,5.7929,0.0030,0.0000,0,0,0.0000,0,0.0000,0,0,0,626,0
129,2.9532,5.5565,0.0011,0.0000,0,0,0.0000,0,0.0000,0,0,0,601,0
130,2.8573,10.5135,0.0013,0.0000,0,0,0.0000,0,0.0000,0,0,0,712,0
131,2.9853,10.4755,0.0010,0.0000,0,0,0.0000,0,0.0000,0,0,0,775,0
132,5.2644,5.8447,0.0024,0.0000,0,0,0.0000,0,0.0000,0,0,0,622,0
133,2.9532,5.6075,0.0011,0.0000,0,0,0.0000,0,0.0000,0,0,0,601,0
134,2.8573,10.6364,0.0011,0.0000,0,0,0.0000,0,0.0000,0,0,0,709,0
135,2.9853,10.5405,0.0011,0.0000,0,0,0.0000,0,0.0000,0,0,0,911,0
136,5.2644,5.8387,0.0033,0.0000,0,0,0.0000,0,0.0000,0,0,0,611,0
137,2.9532,5.6119,0.0005,0.0000,0,0,0.0000,0,0.0000,0,0,0,601,0
138,2.8573,10.4668,0.0030,0.0000,0,0,0.0000,0,0.0000,0,0,0,723,0
139,2.9853,10.4033,0.0012,0.0000,0,0,0.0000,0,0.0000,0,0,0,698,0
140,5.2644,6.0245,0.0035,0.0000,0,0,0.0000,0,0.0000,0,0,0,618,0
141,2.9532,5.6484,0.0035,0.0000,0,0,0.0000,0,0.0000,0,0,0,601,0
142,2.8573,10.4466,0.0057,0.0000,0,0,0.0000,0,0.0000,0,0,0,744,0
143,2.9853,10.3949,0.0007,0.0000,0,0,0.0000,0,0.0000,0,0,0,696,0
144,5.2644,5.8875,0.0030,0.0000,0,0,0.0000,0,0.0000,0,0,0,605,0
145,2.9532,5.6322,0.0007,0.0000,0,0,0.0000,0,0.0000,0,0,0,601,0
146,2.8573,10.4838,0.0013,0.0000,0,0,0.0000,0,0.0000,0,0,0,786,0
147,2.9853,10.4458,0.0007,0.0000,0,0,0.0000,0,0.0000,0,0,0,704,0
148,5.2644,5.7904,0.0027,0.0000,0,0,0.0000,0,0.0000,0,0,0,606,0
149,2.9532,5.5965,0.0011,0.0000,0,0,0.0000,0,0.0000,0,0,0,601,0
150,2.8573,10.3455,0.0012,0.0000,0,0,0.0000,0,0.0000,0,0,0,780,0
151,2.9853,10.3077,0.0010,0.0000,0,0,0.0000,0,0.0000,0,0,0,741,0
152,5.2644,5.9160,0.0027,0.0000,0,0,0.0000,0,0.0000,0,0,0,605,0
153,2.9532,5.6647,0.0010,0.0000,0,0,0.0000,0,0.0000,0,0,0,601,0
154,2.8573,10.5556,0.0030,0.0000,0,0,0.0000,0,0.0000,0,0,0,808,0
155,2.9853,10.4845,0.0010,0.0000,0,0,0.0000,0,0.0000,0,0,0,758,0
156,5.2644,5.9174,0.0030,0.0000,0,0,0.0000,0,0.0000,0,0,0,606,0
157,2.9532,5.6688,0.0010,0.0000,0,0,0.0000,0,0.0000,0,0,0,601,0
158,2.8573,10.5205,0.0011,0.0000,0,0,0.0000,0,0.0000,0,0,0,795,0
159,2.9853,10.3884,0.0012,0.0000,0,0,0.0000,0,0.0000,0,0,0,738,0
160,5.2644,5.9192,0.0030,0.0000,0,0,0.0000,0,0.0000,0,0,0,601,0
161,2.9532,5.6547,0.0013,0.0000,0,0,0.0000,0,0.0000,0,0,0,601,0
162,2.8573,10.4925,0.0032,0.0000,0,0,0.0000,0,0.0000,0,0,0,771,0
163,2.9853,10.4401,0.0014,0.0000,0,0,0.0000,0,0.0000,0,0,0,836,0
164,5.2644,5.8634,0.0030,0.0000,0,0,0.0000,0,0.0000,0,0,0,601,0
165,2.9532,5.5871,0.0015,0.0000,0,0,0.0000,0,0.0000,0,0,0,601,0
166,2.8573,10.4913,0.0016,0.0000,0,0,0.0000,0,0.0000,0,0,0,779,0
167,2.9853,10.4339,0.0010,0.0000,0,0,0.0000,0,0.0000,0,0,0,698,0
168,5.2644,6.2773,0.0030,0.0000,0,0,0.0000,0,0.0000,0,0,0,601,0
169,2.9532,5.9424,0.0012,0.0000,0,0,0.0000,0,0.0000,0,0,0,601,0
170,2.8573,10.9213,0.0014,0.0000,0,0,0.0000,0,0.0000,0,0,0,967,0
171,2.9853,10.8210,0.0012,0.0000,0,0,0.0000,0,0.0000,0,0,0,696,0
172,5.2644,6.5373,0.0037,0.0000,0,0,0.0000,0,0.0000,0,0,0,601,0
173,2.9532,6.0643,0.0037,0.0000,0,0,0.0000,0,0.0000,0,0,0,601,0
174,2.8573,11.0069,0.0042,0.0000,0,0,0.0000,0,0.0000,0,0,0,710,0
175,2.9853,10.8493,0.0016,0.0000,0,0,0.0000,0,0.0000,0,0,0,700,0
176,5.2644,6.7316,0.0033,0.0000,0,0,0.0000,0,0.0000,0,0,0,601,0
177,2.9532,6.2168,0.0014,0.0000,0,0,0.0000,0,0.0000,0,0,0,601,0
178,2.8573,11.2676,0.0020,0.0000,0,0,0.0000,0,0.0000,0,0,0,703,0
179,2.9853,11.2191,0.0014,0.0000,0,0,0.0000,0,0.0000,0,0,0,721,0
180,5.2644,6.5096,0.0030,0.0000,0,0,0.0000,0,0.0000,0,0,0,601,0
181,2.9532,5.9181,0.0029,0.0000,0,0,0.0000,0,0.0000,0,0,0,601,0
182,2.8573,10.8664,0.0015,0.0000,0,0,0.0000,0,0.0000,0,0,0,708,0
183,2.9853,10.4654,0.0022,0.0000,0,0,0.0000,0,0.0000,0,0,0,783,0
184,5.2644,6.8231,0.0087,0.0000,0,0,0.0000,0,0.0000,0,0,0,601,0
185,2.9532,6.2098,0.0087,0.0000,0,0,0.0000,0,0.0000,0,0,0,601,0
186,2.8573,11.1319,0.0013,0.0000,0,0,0.0000,0,0.0000,0,0,0,751,0
187,2.9853,11.0798,0.0020,0.0000,0,0,0.0000,0,0.0000,0,0,0,755,0
188,5.2644,6.5541,0.0031,0.0000,0,0,0.0000,0,0.0000,0,0,0,601,0
189,2.9532,6.0658,0.0030,0.0000,0,0,0.0000,0,0.0000,0,0,0,601,0
190,2.8573,11.0527,0.0235,0.0000,0,0,0.0000,0,0.0000,0,0,0,762,0
191,2.9853,10.9409,0.0008,0.0000,0,0,0.0000,0,0.0000,0,0,0,801,0
192,5.2644,6.6258,0.0031,0.0000,0,0,0.0000,0,0.0000,0,0,0,601,0
193,2.9532,6.1415,0.0010,0.0000,0,0,0.0000,0,0.0000,0,0,0,601,0
194,2.8573,11.1224,0.0020,0.0000,0,0,0.0000,0,0.0000,0,0,0,747,0
195,2.9853,11.1030,0.0015,0.0000,0,0,0.0000,0,0.0000,0,0,0,696,0
196,5.2644,6.6495,0.0040,0.0000,0,0,0.0000,0,0.0000,0,0,0,601,0
197,2.9532,6.0678,0.0020,0.0000,0,0,0.0000,0,0.0000,0,0,0,601,0
198,2.8573,11.0665,0.0020,0.0000,0,0,0.0000,0,0.0000,0,0,0,830,0
199,2.9853,10.8940,0.0012,0.0000,0,0,0.0000,0,0.0000,0,0,0,701,0
200,5.2644,6.6719,0.0042,0.0000,0,0,0.0000,0,0.0000,0,0,0,601,0
201,2.9532,6.1145,0.0041,0.0000,0,0,0.0000,0,0.0000,0,0,0,601,0
202,2.8573,11.0317,0.0227,0.0000,0,0,0.0000,0,0.0000,0,0,0,769,0
203,2.9853,10.9157,0.0011,0.0000,0,0,0.0000,0,0.0000,0,0,0,696,0
204,5.2644,6.7721,0.0057,0.0000,0,0,0.0000,0,0.0000,0,0,0,601,0
205,2.9532,6.1910,0.0058,0.0000,0,0,0.0000,0,0.0000,0,0,0,601,0
206,2.8573,11.2709,0.0042,0.0000,0,0,0.0000,0,0.0000,0,0,0,728,0
207,2.9853,11.1434,0.0008,0.0000,0,0,0.0000,0,0.0000,0,0,0,717,0
208,5.2644,6.7554,0.0051,0.0000,0,0,0.0000,0,0.0000,0,0,0,601,0
209,2.9532,6.2177,0.0013,0.0000,0,0,0.0000,0,0.0000,0,0,0,601,0
210,2.8573,10.9808,0.0027,0.0000,0,0,0.0000,0,0.0000,0,0,0,726,0
211,2.9853,10.8643,0.0012,0.0000,0,0,0.0000,0,0.0000,0,0,0,731,0
212,5.2644,6.5788,0.0044,0.0000,0,0,0.0000,0,0.0000,0,0,0,601,0
213,2.9532,6.0773,0.0044,0.0000,0,0,0.0000,0,0.0000,0,0,0,601,0
214,2.8573,11.1121,0.0028,0.0000,0,0,0.0000,0,0.0000,0,0,0,833,0
215,2.9853,10.9985,0.0013,0.0000,0,0,0.0000,0,0.0000,0,0,0,722,0
216,5.2644,6.6293,0.0053,0.0000,0,0,0.0000,0,0.0000,0,0,0,601,0
217,2.9532,6.1741,0.0015,0.0000,0,0,0.0000,0,0.0000,0,0,0,601,0
218,2.8573,11.0911,0.0014,0.0000,0,0,0.0000,0,0.0000,0,0,0,696,0
219,2.9853,10.9685,0.0020,0.0000,0,0,0.0000,0,0.0000,0,0,0,758,0
220,5.2644,6.5503,0.0063,0.0000,0,0,0.0000,0,0.0000,0,0,0,601,0
221,2.9532,6.1032,0.0020,0.0000,0,0,0.0000,0,0.0000,0,0,0,601,0
222,2.8573,11.0312,0.0031,0.0000,0,0,0.0000,0,0.0000,0,0,0,696,0
223,2.9853,10.9408,0.0013,0.0000,0,0,0.0000,0,0.0000,0,0,0,696,0
224,5.2644,6.5832,0.0044,0.0000,0,0,0.0000,0,0.0000,0,0,0,601,0
225,2.9532,6.0625,0.0043,0.0000,0,0,0.0000,0,0.0000,0,0,0,601,0
226,2.8573,11.1632,0.0169,0.0000,0,0,0.0000,0,0.0000,0,0,0,696,0
227,2.9853,11.0671,0.0011,0.0000,0,0,0.0000,0,0.0000,0,0,0,705,0
228,5.2644,6.5693,0.0048,0.0000,0,0,0.0000,0,0.0000,0,0,0,601,0
229,2.9532,6.1283,0.0016,0.0000,0,0,0.0000,0,0.0000,0,0,0,601,0
230,2.8573,10.9584,0.0020,0.0000,0,0,0.0000,0,0.0000,0,0,0,696,0
231,2.9853,10.8488,0.0012,0.0000,0,0,0.0000,0,0.0000,0,0,0,707,0
232,5.2644,6.5653,0.0022,0.0000,0,0,0.0000,0,0.0000,0,0,0,601,0
233,2.9532,6.0413,0.0021,0.0000,0,0,0.0000,0,0.0000,0,0,0,601,0
234,2.8573,11.0518,0.0022,0.0000,0,0,0.0000,0,0.0000,0,0,0,701,0
235,2.9853,10.9946,0.0011,0.0000,0,0,0.0000,0,0.0000,0,0,0,707,0
236,5.2644,6.5479,0.0054,0.0000,0,0,0.0000,0,0.0000,0,0,0,601,0
237,2.9532,6.0850,0.0054,0.0000,0,0,0.0000,0,0.0000,0,0,0,601,0
238,2.8573,11.1910,0.0028,0.0000,0,0,0.0000,0,0.0000,0,0,0,703,0
239,2.9853,11.0297,0.0017,0.0000,0,0,0.0000,0,0.0000,0,0,0,736,0
240,5.2644,6.2020,0.0413,0.0000,0,0,0.0000,0,0.0000,0,1,0,114511,0
241,2.9532,5.8018,0.0315,0.0000,0,0,0.0000,0,0.0000,0,1,0,78514,0
242,2.8573,10.3869,0.0271,0.0000,0,0,0.0000,0,0.0000,0,1,0,127235,0
243,2.9853,10.4011,0.0756,0.0000,0,0,0.0000,0,0.0000,0,1,0,121749,0
244,5.2644,5.9235,0.0213,0.0000,0,0,0.0000,0,0.0000,0,0,0,13627,0
245,2.9532,5.6902,0.0028,0.0000,0,0,0.0000,0,0.0000,0,0,0,9905,0
246,2.8573,10.5449,0.0082,0.0000,0,0,0.0000,0,0.0000,0,0,0,14145,0
247,2.9853,10.5285,0.0022,0.0000,0,0,0.0000,0,0.0000,0,0,0,15320,0
248,5.2644,5.9319,0.0030,0.0000,0,0,0.0000,0,0.0000,0,0,0,6718,0
249,2.9532,5.7026,0.0021,0.0000,0,0,0.0000,0,0.0000,0,0,0,5100,0
250,2.8573,10.6856,0.0027,0.0000,0,0,0.0000,0,0.0000,0,0,0,8684,0
251,2.9853,10.6653,0.0022,0.0000,0,0,0.0000,0,0.0000,0,0,0,6454,0
252,5.2644,6.3314,0.0032,0.0000,0,0,0.0000,0,0.0000,0,0,0,8111,0
253,2.9532,5.9230,0.0031,0.0000,0,0,0.0000,0,0.0000,0,0,0,4323,0
254,2.8573,10.9660,0.0038,0.0000,0,0,0.0000,0,0.0000,0,0,0,9494,0
255,2.9853,10.8414,0.0025,0.0000,0,0,0.0000,0,0.0000,0,0,0,5011,0
256,5.2644,5.8653,0.0027,0.0000,0,0,0.0000,0,0.0000,0,0,0,5563,0
257,2.9532,5.6167,0.0015,0.0000,0,0,0.0000,0,0.0000,0,0,0,5033,0
258,2.8573,10.5286,0.0017,0.0000,0,0,0.0000,0,0.0000,0,0,0,7271,0
259,2.9853,10.4965,0.0009,0.0000,0,0,0.0000,0,0.0000,0,0,0,4535,0
260,5.2644,5.8684,0.0020,0.0000,0,0,0.0000,0,0.0000,0,0,0,4043,0
261,2.9532,5.6315,0.0015,0.0000,0,0,0.0000,0,0.0000,0,0,0,3216,0
262,2.8573,10.4729,0.0013,0.0000,0,0,0.0000,0,0.0000,0,0,0,2973,0
263,2.9853,10.3985,0.0010,0.0000,0,0,0.0000,0,0.0000,0,0,0,5039,0
264,5.2644,5.7582,0.0017,0.0000,0,0,0.0000,0,0.0000,0,0,0,3170,0
265,2.9532,5.6070,0.0014,0.0000,0,0,0.0000,0,0.0000,0,0,0,2351,0
266,2.8573,10.4798,0.0013,0.0000,0,0,0.0000,0,0.0000,0,0,0,2069,0
267,2.9853,10.3631,0.0016,0.0000,0,0,0.0000,0,0.0000,0,0,0,5057,0
268,5.2644,6.1608,0.0034,0.0000,0,0,0.0000,0,0.0000,0,0,0,2365,0
269,2.9532,5.8785,0.0035,0.0000,0,0,0.0000,0,0.0000,0,0,0,1707,0
270,2.8573,10.6782,0.0030,0.0000,0,0,0.0000,0,0.0000,0,0,0,1729,0
271,2.9853,10.5987,0.0013,0.0000,0,0,0.0000,0,0.0000,0,0,0,4360,0
272,5.2644,6.0484,0.0053,0.0000,0,0,0.0000,0,0.0000,0,0,0,2164,0
273,2.9532,5.7360,0.0011,0.0000,0,0,0.0000,0,0.0000,0,0,0,1336,0
274,2.8573,10.5861,0.0013,0.0000,0,0,0.0000,0,0.0000,0,0,0,1241,0
275,2.9853,10.5383,0.0016,0.0000,0,0,0.0000,0,0.0000,0,0,0,4954,0
276,5.2644,5.9556,0.0023,0.0000,0,0,0.0000,0,0.0000,0,0,0,1745,0
277,2.9532,5.6770,0.0013,0.0000,0,0,0.0000,0,0.0000,0,0,0,980,0
278,2.8573,10.5510,0.0012,0.0000,0,0,0.0000,0,0.0000,0,0,0,1484,0
279,2.9853,10.4738,0.0009,0.0000,0,0,0.0000,0,0.0000,0,0,0,1684,0
280,5.2644,5.8739,0.0022,0.0000,0,0,0.0000,0,0.0000,0,0,0,1602,0
281,2.9532,5.6502,0.0013,0.0000,0,0,0.0000,0,0.0000,0,0,0,804,0
282,2.8573,10.5423,0.0017,0.0000,0,0,0.0000,0,0.0000,0,0,0,1376,0
283,2.9853,10.5026,0.0013,0.0000,0,0,0.0000,0,0.0000,0,0,0,1808,0
284,5.2644,5.8003,0.0031,0.0000,0,0,0.0000,0,0.0000,0,0,0,1409,0
285,2.9532,5.6325,0.0009,0.0000,0,0,0.0000,0,0.0000,0,0,0,742,0
286,2.8573,10.6130,0.0025,0.0000,0,0,0.0000,0,0.0000,0,0,0,1741,0
287,2.9853,10.5244,0.0013,0.0000,0,0,0.0000,0,0.0000,0,0,0,1334,0
288,5.2644,5.9933,0.0017,0.0000,0,0,0.0000,0,0.0000,0,0,0,1193,0
289,2.9532,5.7042,0.0010,0.0000,0,0,0.0000,0,0.0000,0,0,0,679,0
290,2.8573,10.5960,0.0015,0.0000,0,0,0.0000,0,0.0000,0,0,0,1571,0
291,2.9853,10.5625,0.0017,0.0000,0,0,0.0000,0,0.0000,0,0,0,1652,0
292,5.2644,5.9071,0.0025,0.0000,0,0,0.0000,0,0.0000,0,0,0,1068,0
293,2.9532,5.6758,0.0014,0.0000,0,0,0.0000,0,0.0000,0,0,0,620,0
294,2.8573,10.6493,0.0035,0.0000,0,0,0.0000,0,0.0000,0,0,0,1582,0
295,2.9853,10.5407,0.0016,0.0000,0,0,0.0000,0,0.0000,0,0,0,1894,0
296,5.2644,6.1166,0.0021,0.0000,0,0,0.0000,0,0.0000,0,0,0,994,0
297,2.9532,5.8544,0.0011,0.0000,0,0,0.0000,0,0.0000,0,0,0,607,0
298,2.8573,10.8035,0.0018,0.0000,0,0,0.0000,0,0.0000,0,0,0,1338,0
299,2.9853,10.7320,0.0011,0.0000,0,0,0.0000,0,0.0000,0,0,0,1695,0
300,5.2644,6.0270,0.0020,0.0000,0,0,0.0000,0,0.0000,0,0,0,961,0
301,2.9532,5.8229,0.0018,0.0000,0,0,0.0000,0,0.0000,0,0,0,601,0
302,2.8573,10.8950,0.0022,0.0000,0,0,0.0000,0,0.0000,0,0,0,1776,0
303,2.9853,10.8531,0.0027,0.0000,0,0,0.0000,0,0.0000,0,0,0,2000,0
304,5.2644,6.2387,0.0019,0.0000,0,0,0.0000,0,0.0000,0,0,0,903,0
305,2.9532,6.0690,0.0013,0.0000,0,0,0.0000,0,0.0000,0,0,0,601,0
306,2.8573,10.9921,0.0017,0.0000,0,0,0.0000,0,0.0000,0,0,0,727,0
307,2.9853,10.9616,0.0010,0.0000,0,0,0.0000,0,0.0000,0,0,0,753,0
308,5.2644,6.1725,0.0024,0.0000,0,0,0.0000,0,0.0000,0,0,0,850,0
309,2.9532,6.0478,0.0016,0.0000,0,0,0.0000,0,0.0000,0,0,0,601,0
310,2.8573,10.9151,0.0016,0.0000,0,0,0.0000,0,0.0000,0,0,0,696,0
311,2.9853,10.9160,0.0014,0.0000,0,0,0.0000,0,0.0000,0,0,0,771,0
312,5.2644,6.8928,0.0092,0.0000,0,0,0.0000,0,0.0000,0,0,0,818,0
313,2.9532,7.0075,0.0017,0.0000,0,0,0.0000,0,0.0000,0,0,0,601,0
314,2.8573,11.3167,0.0172,0.0000,0,0,0.0000,0,0.0000,0,0,0,742,0
315,2.9853,11.3080,0.0015,0.0000,0,0,0.0000,0,0.0000,0,0,0,890,0
316,5.2644,7.1547,0.0075,0.0000,0,0,0.0000,0,0.0000,0,0,0,757,0
317,2.9532,6.0825,0.0011,0.0000,0,0,0.0000,0,0.0000,0,0,0,601,0
318,2.8573,10.1698,0.0012,0.0000,0,0,0.0000,0,0.0000,0,0,0,772,0
319,2.9853,10.3056,0.0016,0.0000,0,0,0.0000,0,0.0000,0,0,0,1087,0
320,5.2644,7.1935,0.0097,0.0000,0,0,0.0000,0,0.0000,0,0,0,826,0
321,2.9532,6.2795,0.0030,0.0000,0,0,0.0000,0,0.0000,0,0,0,601,0
322,2.8573,11.0113,0.0053,0.0000,0,0,0.0000,0,0.0000,0,0,0,877,0
323,2.9853,10.9140,0.0025,0.0000,0,0,0.0000,0,0.0000,0,0,0,1376,0
324,5.2644,7.1044,0.0097,0.0000,0,0,0.0000,0,0.0000,0,0,0,810,0
325,2.9532,6.3395,0.0031,0.0000,0,0,0.0000,0,0.0000,0,0,0,601,0
326,2.8573,10.7124,0.0046,0.0000,0,0,0.0000,0,0.0000,0,0,0,786,0
327,2.9853,10.9400,0.0034,0.0000,0,0,0.0000,0,0.0000,0,0,0,1236,0
328,5.2644,7.0761,0.0073,0.0000,0,0,0.0000,0,0.0000,0,0,0,697,0
329,2.9532,6.1863,0.0020,0.0000,0,0,0.0000,0,0.0000,0,0,0,601,0
330,2.8573,10.2177,0.0026,0.0000,0,0,0.0000,0,0.0000,0,0,0,1097,0
331,2.9853,10.2097,0.0025,0.0000,0,0,0.0000,0,0.0000,0,0,0,1496,0
332,5.2644,7.8762,0.0083,0.0000,0,0,0.0000,0,0.0000,0,0,0,666,0
333,2.9532,6.3170,0.0029,0.0000,0,0,0.0000,0,0.0000,0,0,0,601,0
334,2.8573,10.5953,0.0039,0.0000,0,0,0.0000,0,0.0000,0,0,0,992,0
335,2.9853,11.7109,0.0055,0.0000,0,0,0.0000,0,0.0000,0,0,0,719,0
336,5.2644,7.5481,0.0073,0.0000,0,0,0.0000,0,0.0000,0,0,0,657,0
337,2.9532,6.5811,0.0013,0.0000,0,0,0.0000,0,0.0000,0,0,0,601,0
338,2.8573,13.1171,0.0080,0.0000,0,0,0.0000,0,0.0000,0,0,0,898,0
339,2.9853,12.9040,0.0018,0.0000,0,0,0.0000,0,0.0000,0,0,0,750,0
340,5.2644,7.0426,0.0065,0.0000,0,0,0.0000,0,0.0000,0,0,0,666,0
341,2.9532,6.1125,0.0065,0.0000,0,0,0.0000,0,0.0000,0,0,0,601,0
342,2.8573,10.9626,0.0052,0.0000,0,0,0.0000,0,0.0000,0,0,0,883,0
343,2.9853,10.9313,0.0030,0.0000,0,0,0.0000,0,0.0000,0,0,0,775,0
344,5.2644,7.0933,0.0085,0.0000,0,0,0.0000,0,0.0000,0,0,0,640,0
345,2.9532,6.2608,0.0023,0.0000,0,0,0.0000,0,0.0000,0,0,0,601,0
346,2.8573,10.4794,0.0047,0.0000,0,0,0.0000,0,0.0000,0,0,0,1367,0
347,2.9853,10.2985,0.0030,0.0000,0,0,0.0000,0,0.0000,0,0,0,879,0
348,5.2644,7.2294,0.0075,0.0000,0,0,0.0000,0,0.0000,0,0,0,654,0
349,2.9532,6.3693,0.0025,0.0000,0,0,0.0000,0,0.0000,0,0,0,601,0
350,2.8573,10.5928,0.0027,0.0000,0,0,0.0000,0,0.0000,0,0,0,719,0
351,2.9853,10.7516,0.0035,0.0000,0,0,0.0000,0,0.0000,0,0,0,995,0
352,5.2644,7.1136,0.0067,0.0000,0,0,0.0000,0,0.0000,0,0,0,628,0
353,2.9532,6.1180,0.0015,0.0000,0,0,0.0000,0,0.0000,0,0,0,601,0
354,2.8573,10.1589,0.0025,0.0000,0,0,0.0000,0,0.0000,0,0,0,704,0
355,2.9853,14.2078,0.0067,0.0000,0,0,0.0000,0,0.0000,0,0,0,889,0
356,5.2644,7.2719,0.0053,0.0000,0,0,0.0000,0,0.0000,0,0,0,610,0
357,2.9532,6.3746,0.0022,0.0000,0,0,0.0000,0,0.0000,0,0,0,601,0
358,2.8573,11.0577,0.0064,0.0000,0,0,0.0000,0,0.0000,0,0,0,702,0
359,2.9853,8.0897,0.0015,0.0000,0,0,0.0000,0,0.0000,0,0,0,1114,0
360,5.2644,7.7165,0.0082,0.0000,0,0,0.0000,0,0.0000,0,0,0,610,0
361,2.9532,6.2413,0.0082,0.0000,0,0,0.0000,0,0.0000,0,0,0,601,0
362,2.8573,10.4029,0.0022,0.0000,0,0,0.0000,0,0.0000,0,0,0,725,0
363,2.9853,11.0457,0.0025,0.0000,0,0,0.0000,0,0.0000,0,0,0,772,0
364,5.2644,7.0937,0.0083,0.0000,0,0,0.0000,0,0.0000,0,0,0,601,0
365,2.9532,6.3265,0.0026,0.0000,0,0,0.0000,0,0.0000,0,0,0,601,0
366,2.8573,10.5118,0.0032,0.0000,0,0,0.0000,0,0.0000,0,0,0,806,0
367,2.9853,10.7795,0.0029,0.0000,0,0,0.0000,0,0.0000,0,0,0,727,0
368,5.2644,7.1975,0.0063,0.0000,0,0,0.0000,0,0.0000,0,0,0,601,0
369,2.9532,6.3502,0.0024,0.0000,0,0,0.0000,0,0.0000,0,0,0,601,0
370,2.8573,10.5960,0.0031,0.0000,0,0,0.0000,0,0.0000,0,0,0,766,0
371,2.9853,10.8047,0.0027,0.0000,0,0,0.0000,0,0.0000,0,0,0,720,0
372,5.2644,7.2316,0.0060,0.0000,0,0,0.0000,0,0.0000,0,0,0,601,0
373,2.9532,6.4270,0.0013,0.0000,0,0,0.0000,0,0.0000,0,0,0,601,0
374,2.8573,10.6166,0.0036,0.0000,0,0,0.0000,0,0.0000,0,0,0,930,0
375,2.9853,10.4763,0.0045,0.0000,0,0,0.0000,0,0.0000,0,0,0,822,0
376,5.2644,8.2480,0.0064,0.0000,0,0,0.0000,0,0.0000,0,0,0,601,0
377,2.9532,7.1089,0.0018,0.0000,0,0,0.0000,0,0.0000,0,0,0,601,0
378,2.8573,10.6199,0.0043,0.0000,0,0,0.0000,0,0.0000,0,0,0,895,0
379,2.9853,10.6648,0.0026,0.0000,0,0,0.0000,0,0.0000,0,0,0,916,0
380,5.2644,7.0367,0.0102,0.0000,0,0,0.0000,0,0.0000,0,0,0,601,0
381,2.9532,6.2233,0.0018,0.0000,0,0,0.0000,0,0.0000,0,0,0,601,0
382,2.8573,11.1061,0.0083,0.0000,0,0,0.0000,0,0.0000,0,0,0,842,0
383,2.9853,10.8534,0.0012,0.0000,0,0,0.0000,0,0.0000,0,0,0,834,0
384,5.2644,8.3387,0.0055,0.0000,0,0,0.0000,0,0.0000,0,0,0,601,0
385,2.9532,7.4702,0.0012,0.0000,0,0,0.0000,0,0.0000,0,0,0,601,0
386,2.8573,10.1509,0.0042,0.0000,0,0,0.0000,0,0.0000,0,0,0,883,0
387,2.9853,6.3529,0.0027,0.0000,0,0,0.0000,0,0.0000,0,0,0,951,0
388,5.2644,6.1906,0.0059,0.0000,0,0,0.0000,0,0.0000,0,0,0,601,0
389,2.9532,5.7197,0.0015,0.0000,0,0,0.0000,0,0.0000,0,0,0,601,0
390,2.8573,10.5193,0.0040,0.0000,0,0,0.0000,0,0.0000,0,0,0,1009,0
391,2.9853,10.3440,0.0016,0.0000,0,0,0.0000,0,0.0000,0,0,0,698,0
392,5.2644,6.6243,0.0060,0.0000,0,0,0.0000,0,0.0000,0,0,0,601,0
393,2.9532,6.0615,0.0021,0.0000,0,0,0.0000,0,0.0000,0,0,0,601,0
394,2.8573,10.4096,0.0028,0.0000,0,0,0.0000,0,0.0000,0,0,0,696,0
395,2.9853,10.3680,0.0026,0.0000,0,0,0.0000,0,0.0000,0,0,0,700,0
396,5.2644,6.5451,0.0056,0.0000,0,0,0.0000,0,0.0000,0,0,0,601,0
397,2.9532,6.0219,0.0025,0.0000,0,0,0.0000,0,0.0000,0,0,0,601,0
398,2.8573,11.0345,0.0041,0.0000,0,0,0.0000,0,0.0000,0,0,0,696,0
399,2.9853,11.5307,0.0027,0.0000,0,0,0.0000,0,0.0000,0,0,0,711,0
400,5.2644,6.1759,0.0045,0.0000,0,0,0.0000,0,0.0000,0,0,0,601,0
401,2.9532,5.7855,0.0032,0.0000,0,0,0.0000,0,0.0000,0,0,0,601,0
402,2.8573,10.3517,0.0026,0.0000,0,0,0.0000,0,0.0000,0,0,0,696,0
403,2.9853,10.3940,0.0025,0.0000,0,0,0.0000,0,0.0000,0,0,0,717,0
404,5.2644,6.7256,0.0063,0.0000,0,0,0.0000,0,0.0000,0,0,0,601,0
405,2.9532,6.1725,0.0022,0.0000,0,0,0.0000,0,0.0000,0,0,0,601,0
406,2.8573,10.2703,0.0047,0.0000,0,0,0.0000,0,0.0000,0,0,0,707,0
407,2.9853,10.0962,0.0030,0.0000,0,0,0.0000,0,0.0000,0,0,0,743,0
408,5.2644,6.5519,0.0056,0.0000,0,0,0.0000,0,0.0000,0,0,0,601,0
409,2.9532,5.9826,0.0023,0.0000,0,0,0.0000,0,0.0000,0,0,0,601,0
410,2.8573,10.4260,0.0084,0.0000,0,0,0.0000,0,0.0000,0,0,0,732,0
411,2.9853,10.2115,0.0023,0.0000,0,0,0.0000,0,0.0000,0,0,0,733,0
412,5.2644,5.9770,0.0039,0.0000,0,0,0.0000,0,0.0000,0,0,0,601,0
413,2.9532,5.6975,0.0044,0.0000,0,0,0.0000,0,0.0000,0,0,0,601,0
414,2.8573,10.6315,0.0038,0.0000,0,0,0.0000,0,0.0000,0,0,0,705,0
415,2.9853,10.5192,0.0010,0.0000,0,0,0.0000,0,0.0000,0,0,0,821,0
416,5.2644,5.9169,0.0025,0.0000,0,0,0.0000,0,0.0000,0,0,0,601,0
417,2.9532,5.6278,0.0010,0.0000,0,0,0.0000,0,0.0000,0,0,0,601,0
418,2.8573,10.5419,0.0017,0.0000,0,0,0.0000,0,0.0000,0,0,0,734,0
419,2.9853,10.4780,0.0008,0.0000,0,0,0.0000,0,0.0000,0,0,0,696,0
420,5.2644,5.8797,0.0034,0.0000,0,0,0.0000,0,0.0000,0,0,0,601,0
421,2.9532,5.6052,0.0011,0.0000,0,0,0.0000,0,0.0000,0,0,0,601,0
422,2.8573,10.5072,0.0029,0.0000,0,0,0.0000,0,0.0000,0,0,0,722,0
423,2.9853,10.3707,0.0009,0.0000,0,0,0.0000,0,0.0000,0,0,0,696,0
424,5.2644,5.9746,0.0035,0.0000,0,0,0.0000,0,0.0000,0,0,0,601,0
425,2.9532,5.6709,0.0014,0.0000,0,0,0.0000,0,0.0000,0,0,0,601,0
426,2.8573,10.4927,0.0036,0.0000,0,0,0.0000,0,0.0000,0,0,0,705,0
427,2.9853,10.4086,0.0012,0.0000,0,0,0.0000,0,0.0000,0,0,0,696,0
428,5.2644,5.9130,0.0032,0.0000,0,0,0.0000,0,0.0000,0,0,0,601,0
429,2.9532,5.6232,0.0010,0.0000,0,0,0.0000,0,0.0000,0,0,0,601,0
430,2.8573,10.5570,0.0033,0.0000,0,0,0.0000,0,0.0000,0,0,0,709,0
431,2.9853,10.4416,0.0010,0.0000,0,0,0.0000,0,0.0000,0,0,0,722,0
432,5.2644,5.8443,0.0043,0.0000,0,0,0.0000,0,0.0000,0,0,0,601,0
433,2.9532,5.4994,0.0010,0.0000,0,0,0.0000,0,0.0000,0,0,0,601,0
434,2.8573,10.0917,0.0037,0.0000,0,0,0.0000,0,0.0000,0,0,0,931,0
435,2.9853,10.0088,0.0010,0.0000,0,0,0.0000,0,0.0000,0,0,0,752,0
436,5.2644,5.7357,0.0034,0.0000,0,0,0.0000,0,0.0000,0,0,0,601,0
437,2.9532,5.4363,0.0034,0.0000,0,0,0.0000,0,0.0000,0,0,0,601,0
438,2.8573,10.3126,0.0034,0.0000,0,0,0.0000,0,0.0000,0,0,0,696,0
439,2.9853,10.2306,0.0009,0.0000,0,0,0.0000,0,0.0000,0,0,0,733,0
440,5.2644,5.7432,0.0037,0.0000,0,0,0.0000,0,0.0000,0,0,0,601,0
441,2.9532,5.4807,0.0010,0.0000,0,0,0.0000,0,0.0000,0,0,0,601,0
442,2.8573,10.1365,0.0027,0.0000,0,0,0.0000,0,0.0000,0,0,0,696,0
443,2.9853,10.0462,0.0004,0.0000,0,0,0.0000,0,0.0000,0,0,0,781,0
444,5.2644,5.7751,0.0040,0.0000,0,0,0.0000,0,0.0000,0,0,0,601,0
445,2.9532,5.4489,0.0012,0.0000,0,0,0.0000,0,0.0000,0,0,0,601,0
446,2.8573,10.3101,0.0009,0.0000,0,0,0.0000,0,0.0000,0,0,0,696,0
447,2.9853,10.1350,0.0034,0.0000,0,0,0.0000,0,0.0000,0,0,0,696,0
448,5.2644,5.8181,0.0035,0.0000,0,0,0.0000,0,0.0000,0,0,0,601,0
449,2.9532,5.5607,0.0009,0.0000,0,0,0.0000,0,0.0000,0,0,0,601,0
450,2.8573,10.4345,0.0032,0.0000,0,0,0.0000,0,0.0000,0,0,0,712,0
451,2.9853,10.3424,0.0010,0.0000,0,0,0.0000,0,0.0000,0,0,0,696,0
452,5.2644,5.7467,0.0031,0.0000,0,0,0.0000,0,0.0000,0,0,0,601,0
453,2.9532,5.4602,0.0026,0.0000,0,0,0.0000,0,0.0000,0,0,0,601,0
454,2.8573,10.1707,0.0029,0.0000,0,0,0.0000,0,0.0000,0,0,0,715,0
455,2.9853,10.1092,0.0011,0.0000,0,0,0.0000,0,0.0000,0,0,0,701,0
456,5.2644,5.7759,0.0032,0.0000,0,0,0.0000,0,0.0000,0,0,0,601,0
457,2.9532,5.4624,0.0005,0.0000,0,0,0.0000,0,0.0000,0,0,0,601,0
458,2.8573,10.3439,0.0027,0.0000,0,0,0.0000,0,0.0000,0,0,0,705,0
459,2.9853,10.2047,0.0011,0.0000,0,0,0.0000,0,0.0000,0,0,0,732,0
460,5.2644,5.7616,0.0038,0.0000,0,0,0.0000,0,0.0000,0,0,0,601,0
461,2.9532,5.4510,0.0039,0.0000,0,0,0.0000,0,0.0000,0,0,0,601,0
462,2.8573,10.3242,0.0034,0.0000,0,0,0.0000,0,0.0000,0,0,0,750,0
463,2.9853,10.2090,0.0010,0.0000,0,0,0.0000,0,0.0000,0,0,0,731,0
464,5.2644,5.6880,0.0042,0.0000,0,0,0.0000,0,0.0000,0,0,0,601,0
465,2.9532,5.4308,0.0010,0.0000,0,0,0.0000,0,0.0000,0,0,0,601,0
466,2.8573,10.2469,0.0039,0.0000,0,0,0.0000,0,0.0000,0,0,0,730,0
467,2.9853,10.1953,0.0010,0.0000,0,0,0.0000,0,0.0000,0,0,0,730,0
468,5.2644,5.7555,0.0038,0.0000,0,0,0.0000,0,0.0000,0,0,0,601,0
469,2.9532,5.4139,0.0039,0.0000,0,0,0.0000,0,0.0000,0,0,0,601,0
470,2.8573,10.2276,0.0037,0.0000,0,0,0.0000,0,0.0000,0,0,0,710,0
471,2.9853,10.1000,0.0010,0.0000,0,0,0.0000,0,0.0000,0,0,0,757,0
472,5.2644,5.7343,0.0031,0.0000,0,0,0.0000,0,0.0000,0,0,0,601,0
473,2.9532,5.5124,0.0025,0.0000,0,0,0.0000,0,0.0000,0,0,0,601,0
474,2.8573,10.2995,0.0031,0.0000,0,0,0.0000,0,0.0000,0,0,0,709,0
475,2.9853,10.1963,0.0011,0.0000,0,0,0.0000,0,0.0000,0,0,0,750,0
476,5.2644,5.7416,0.0034,0.0000,0,0,0.0000,0,0.0000,0,0,0,601,0
477,2.9532,5.4083,0.0035,0.0000,0,0,0.0000,0,0.0000,0,0,0,601,0
478,2.8573,10.2583,0.0024,0.0000,0,0,0.0000,0,0.0000,0,0,0,869,0
479,2.9853,10.1645,0.0023,0.0000,0,0,0.0000,0,0.0000,0,0,0,696,0
480,5.2644,5.6941,0.0296,0.0000,0,0,0.0000,0,0.0000,0,1,0,114511,0
481,2.9532,5.3901,0.0269,0.0000,0,0,0.0000,0,0.0000,0,1,0,78514,0
482,2.8573,10.0591,0.0110,0.0000,0,0,0.0000,0,0.0000,0,1,0,109057,0
483,2.9853,10.0151,0.0232,0.0000,0,0,0.0000,0,0.0000,0,1,0,110017,0
484,5.2644,5.8029,0.0155,0.0000,0,0,0.0000,0,0.0000,0,0,0,13627,0
485,2.9532,5.4705,0.0042,0.0000,0,0,0.0000,0,0.0000,0,0,0,9905,0
486,2.8573,10.4970,0.0107,0.0000,0,0,0.0000,0,0.0000,0,0,0,16976,0
487,2.9853,10.4200,0.0054,0.0000,0,0,0.0000,0,0.0000,0,0,0,18111,0
488,5.2644,5.7825,0.0040,0.0000,0,0,0.0000,0,0.0000,0,0,0,6718,0
489,2.9532,5.4758,0.0034,0.0000,0,0,0.0000,0,0.0000,0,0,0,5100,0
490,2.8573,10.4403,0.0060,0.0000,0,0,0.0000,0,0.0000,0,0,0,19718,0
491,2.9853,10.3488,0.0060,0.0000,0,0,0.0000,0,0.0000,0,0,0,16497,0
492,5.2644,5.7592,0.0042,0.0000,0,0,0.0000,0,0.0000,0,0,0,8111,0
493,2.9532,5.4321,0.0042,0.0000,0,0,0.0000,0,0.0000,0,0,0,4323,0
494,2.8573,10.3544,0.0021,0.0000,0,0,0.0000,0,0.0000,0,0,0,14471,0
495,2.9853,10.2406,0.0042,0.0000,0,0,0.0000,0,0.0000,0,0,0,11600,0
496,5.2644,5.6679,0.0040,0.0000,0,0,0.0000,0,0.0000,0,0,0,5563,0
497,2.9532,5.3783,0.0163,0.0000,0,0,0.0000,0,0.0000,0,0,0,5033,0
498,2.8573,10.3898,0.0041,0.0000,0,0,0.0000,0,0.0000,0,0,0,11526,0
499,2.9853,10.2865,0.0015,0.0000,0,0,0.0000,0,0.0000,0,0,0,11502,0
500,5.2644,5.8354,0.0035,0.0000,0,0,0.0000,0,0.0000,0,0,0,4043,0
501,2.9532,5.5462,0.0007,0.0000,0,0,0.0000,0,0.0000,0,0,0,3216,0
502,2.8573,10.3432,0.0035,0.0000,0,0,0.0000,0,0.0000,0,0,0,7446,0
503,2.9853,10.1449,0.0018,0.0000,0,0,0.0000,0,0.0000,0,0,0,3814,0
504,5.2644,5.7933,0.0038,0.0000,0,0,0.0000,0,0.0000,0,0,0,3170,0
505,2.9532,5.5209,0.0018,0.0000,0,0,0.0000,0,0.0000,0,0,0,2351,0
506,2.8573,10.2959,0.0040,0.0000,0,0,0.0000,0,0.0000,0,0,0,6708,0
507,2.9853,10.1731,0.0025,0.0000,0,0,0.0000,0,0.0000,0,0,0,3433,0
508,5.2644,5.7707,0.0039,0.0000,0,0,0.0000,0,0.0000,0,0,0,2365,0
509,2.9532,5.4458,0.0039,0.0000,0,0,0.0000,0,0.0000,0,0,0,1707,0
510,2.8573,10.3857,0.0014,0.0000,0,0,0.0000,0,0.0000,0,0,0,4540,0
511,2.9853,10.2437,0.0035,0.0000,0,0,0.0000,0,0.0000,0,0,0,3115,0
512,5.2644,5.8474,0.0028,0.0000,0,0,0.0000,0,0.0000,0,0,0,2164,0
513,2.9532,5.5518,0.0026,0.0000,0,0,0.0000,0,0.0000,0,0,0,1336,0
514,2.8573,10.4178,0.0025,0.0000,0,0,0.0000,0,0.0000,0,0,0,3571,0
515,2.9853,10.3362,0.0013,0.0000,0,0,0.0000,0,0.0000,0,0,0,3093,0
516,5.2644,5.7951,0.0032,0.0000,0,0,0.0000,0,0.0000,0,0,0,1745,0
517,2.9532,5.5188,0.0029,0.0000,0,0,0.0000,0,0.0000,0,0,0,980,0
518,2.8573,10.5586,0.0011,0.0000,0,0,0.0000,0,0.0000,0,0,0,2877,0
519,2.9853,10.4452,0.0025,0.0000,0,0,0.0000,0,0.0000,0,0,0,3130,0
520,5.2644,5.7795,0.0033,0.0000,0,0,0.0000,0,0.0000,0,0,0,1602,0
521,2.9532,5.4574,0.0033,0.0000,0,0,0.0000,0,0.0000,0,0,0,804,0
522,2.8573,10.3662,0.0034,0.0000,0,0,0.0000,0,0.0000,0,0,0,3019,0
523,2.9853,10.3028,0.0012,0.0000,0,0,0.0000,0,0.0000,0,0,0,2592,0
524,5.2644,5.7990,0.0039,0.0000,0,0,0.0000,0,0.0000,0,0,0,1409,0
525,2.9532,5.4591,0.0039,0.0000,0,0,0.0000,0,0.0000,0,0,0,742,0
526,2.8573,10.4388,0.0060,0.0000,0,0,0.0000,0,0.0000,0,0,0,943,0
527,2.9853,10.3704,0.0012,0.0000,0,0,0.0000,0,0.0000,0,0,0,2083,0
528,5.2644,5.7865,0.0038,0.0000,0,0,0.0000,0,0.0000,0,0,0,1193,0
529,2.9532,5.4797,0.0032,0.0000,0,0,0.0000,0,0.0000,0,0,0,679,0
530,2.8573,10.3567,0.0020,0.0000,0,0,0.0000,0,0.0000,0,0,0,707,0
531,2.9853,10.3358,0.0008,0.0000,0,0,0.0000,0,0.0000,0,0,0,859,0
532,5.2644,5.7513,0.0023,0.0000,0,0,0.0000,0,0.0000,0,0,0,1068,0
533,2.9532,5.5313,0.0007,0.0000,0,0,0.0000,0,0.0000,0,0,0,620,0
534,2.8573,10.6266,0.0013,0.0000,0,0,0.0000,0,0.0000,0,0,0,791,0
535,2.9853,10.6357,0.0005,0.0000,0,0,0.0000,0,0.0000,0,0,0,757,0
536,5.2644,5.9256,0.0018,0.0000,0,0,0.0000,0,0.0000,0,0,0,994,0
537,2.9532,5.6696,0.0008,0.0000,0,0,0.0000,0,0.0000,0,0,0,607,0
538,2.8573,10.6140,0.0019,0.0000,0,0,0.0000,0,0.0000,0,0,0,837,0
539,2.9853,10.6577,0.0008,0.0000,0,0,0.0000,0,0.0000,0,0,0,770,0
540,5.2644,5.8396,0.0018,0.0000,0,0,0.0000,0,0.0000,0,0,0,961,0
541,2.9532,5.5804,0.0006,0.0000,0,0,0.0000,0,0.0000,0,0,0,601,0
542,2.8573,10.8070,0.0014,0.0000,0,0,0.0000,0,0.0000,0,0,0,1120,0
543,2.9853,10.7393,0.0007,0.0000,0,0,0.0000,0,0.0000,0,0,0,1002,0
544,5.2644,5.8229,0.0032,0.0000,0,0,0.0000,0,0.0000,0,0,0,903,0
545,2.9532,5.6266,0.0009,0.0000,0,0,0.0000,0,0.0000,0,0,0,601,0
546,2.8573,10.5318,0.0006,0.0000,0,0,0.0000,0,0.0000,0,0,0,1033,0
547,2.9853,10.5703,0.0008,0.0000,0,0,0.0000,0,0.0000,0,0,0,1154,0
548,5.2644,5.9008,0.0108,0.0000,0,0,0.0000,0,0.0000,0,0,0,850,0
549,2.9532,5.6440,0.0010,0.0000,0,0,0.0000,0,0.0000,0,0,0,601,0
550,2.8573,10.7102,0.0013,0.0000,0,0,0.0000,0,0.0000,0,0,0,1323,0
551,2.9853,10.6519,0.0012,0.0000,0,0,0.0000,0,0.0000,0,0,0,1020,0
552,5.2644,5.9030,0.0025,0.0000,0,0,0.0000,0,0.0000,0,0,0,818,0
553,2.9532,5.6330,0.0018,0.0000,0,0,0.0000,0,0.0000,0,0,0,601,0
554,2.8573,10.5206,0.0038,0.0000,0,0,0.0000,0,0.0000,0,0,0,1158,0
555,2.9853,10.4585,0.0009,0.0000,0,0,0.0000,0,0.0000,0,0,0,1397,0
556,5.2644,5.9000,0.0013,0.0000,0,0,0.0000,0,0.0000,0,0,0,757,0
557,2.9532,5.6053,0.0007,0.0000,0,0,0.0000,0,0.0000,0,0,0,601,0
558,2.8573,10.6735,0.0006,0.0000,0,0,0.0000,0,0.0000,0,0,0,1102,0
559,2.9853,10.6978,0.0011,0.0000,0,0,0.0000,0,0.0000,0,0,0,718,0
560,5.2644,5.8592,0.0027,0.0000,0,0,0.0000,0,0.0000,0,0,0,826,0
561,2.9532,5.7103,0.0007,0.0000,0,0,0.0000,0,0.0000,0,0,0,601,0
562,2.8573,10.7522,0.0010,0.0000,0,0,0.0000,0,0.0000,0,0,0,947,0
563,2.9853,10.6773,0.0011,0.0000,0,0,0.0000,0,0.0000,0,0,0,696,0
564,5.2644,5.6408,0.0035,0.0000,0,0,0.0000,0,0.0000,0,0,0,810,0
565,2.9532,5.5690,0.0006,0.0000,0,0,0.0000,0,0.0000,0,0,0,601,0
566,2.8573,10.6366,0.0009,0.0000,0,0,0.0000,0,0.0000,0,0,0,1271,0
567,2.9853,10.6215,0.0010,0.0000,0,0,0.0000,0,0.0000,0,0,0,715,0
568,5.2644,5.7948,0.0016,0.0000,0,0,0.0000,0,0.0000,0,0,0,697,0
569,2.9532,5.7629,0.0006,0.0000,0,0,0.0000,0,0.0000,0,0,0,601,0
570,2.8573,10.8036,0.0011,0.0000,0,0,0.0000,0,0.0000,0,0,0,696,0
571,2.9853,10.8235,0.0012,0.0000,0,0,0.0000,0,0.0000,0,0,0,798,0
572,5.2644,5.8276,0.0017,0.0000,0,0,0.0000,0,0.0000,0,0,0,666,0
573,2.9532,5.7485,0.0010,0.0000,0,0,0.0000,0,0.0000,0,0,0,601,0
574,2.8573,10.6757,0.0009,0.0000,0,0,0.0000,0,0.0000,0,0,0,696,0
575,2.9853,10.6834,0.0012,0.0000,0,0,0.0000,0,0.0000,0,0,0,925,0
576,5.2644,5.9244,0.0016,0.0000,0,0,0.0000,0,0.0000,0,0,0,657,0
577,2.9532,5.7300,0.0008,0.0000,0,0,0.0000,0,0.0000,0,0,0,601,0
578,2.8573,10.7224,0.0016,0.0000,0,0,0.0000,0,0.0000,0,0,0,710,0
579,2.9853,10.7145,0.0013,0.0000,0,0,0.0000,0,0.0000,0,0,0,917,0
580,5.2644,5.9741,0.0020,0.0000,0,0,0.0000,0,0.0000,0,0,0,666,0
581,2.9532,5.7603,0.0010,0.0000,0,0,0.0000,0,0.0000,0,0,0,601,0
582,2.8573,10.6990,0.0015,0.0000,0,0,0.0000,0,0.0000,0,0,0,732,0
583,2.9853,10.6427,0.0011,0.0000,0,0,0.0000,0,0.0000,0,0,0,1093,0
584,5.2644,5.8584,0.0017,0.0000,0,0,0.0000,0,0.0000,0,0,0,640,0
585,2.9532,5.7841,0.0013,0.0000,0,0,0.0000,0,0.0000,0,0,0,601,0
586,2.8573,10.5594,0.0015,0.0000,0,0,0.0000,0,0.0000,0,0,0,773,0
587,2.9853,10.5982,0.0015,0.0000,0,0,0.0000,0,0.0000,0,0,0,698,0
588,5.2644,5.9584,0.0021,0.0000,0,0,0.0000,0,0.0000,0,0,0,654,0
589,2.9532,5.9196,0.0017,0.0000,0,0,0.0000,0,0.0000,0,0,0,601,0
590,2.8573,11.1620,0.0074,0.0000,0,0,0.0000,0,0.0000,0,0,0,741,0
591,2.9853,11.1628,0.0022,0.0000,0,0,0.0000,0,0.0000,0,0,0,696,0
592,5.2644,7.0981,0.0055,0.0000,0,0,0.0000,0,0.0000,0,0,0,628,0
593,2.9532,6.4923,0.0019,0.0000,0,0,0.0000,0,0.0000,0,0,0,601,0
594,2.8573,11.2165,0.0043,0.0000,0,0,0.0000,0,0.0000,0,0,0,842,0
595,2.9853,11.2378,0.0034,0.0000,0,0,0.0000,0,0.0000,0,0,0,710,0
596,5.2644,7.0080,0.0077,0.0000,0,0,0.0000,0,0.0000,0,0,0,610,0
597,2.9532,6.2683,0.0017,0.0000,0,0,0.0000,0,0.0000,0,0,0,601,0
598,2.8573,10.8429,0.0040,0.0000,0,0,0.0000,0,0.0000,0,0,0,777,0
599,2.9853,10.8904,0.0024,0.0000,0,0,0.0000,0,0.0000,0,0,0,743,0
600,5.2644,7.8010,0.0056,0.0000,0,0,0.0000,0,0.0000,0,0,0,610,0
601,2.9532,6.6089,0.0016,0.0000,0,0,0.0000,0,0.0000,0,0,0,601,0
602,2.8573,11.7500,0.0074,0.0000,0,0,0.0000,0,0.0000,0,0,0,753,0
603,2.9853,11.6033,0.0041,0.0000,0,0,0.0000,0,0.0000,0,0,0,851,0
604,5.2644,7.5838,0.0088,0.0000,0,0,0.0000,0,0.0000,0,0,0,601,0
605,2.9532,6.7979,0.0030,0.0000,0,0,0.0000,0,0.0000,0,0,0,601,0
606,2.8573,10.6455,0.0069,0.0000,0,0,0.0000,0,0.0000,0,0,0,761,0
607,2.9853,10.7082,0.0018,0.0000,0,0,0.0000,0,0.0000,0,0,0,798,0
608,5.2644,6.8835,0.0022,0.0000,0,0,0.0000,0,0.0000,0,0,0,601,0
609,2.9532,6.1001,0.0017,0.0000,0,0,0.0000,0,0.0000,0,0,0,601,0
610,2.8573,10.6013,0.0097,0.0000,0,0,0.0000,0,0.0000,0,0,0,1003,0
611,2.9853,10.5793,0.0005,0.0000,0,0,0.0000,0,0.0000,0,0,0,969,0
612,5.2644,6.6110,0.0062,0.0000,0,0,0.0000,0,0.0000,0,0,0,601,0
613,2.9532,6.0773,0.0012,0.0000,0,0,0.0000,0,0.0000,0,0,0,601,0
614,2.8573,10.6114,0.0012,0.0000,0,0,0.0000,0,0.0000,0,0,0,696,0
615,2.9853,10.4342,0.0005,0.0000,0,0,0.0000,0,0.0000,0,0,0,701,0
616,5.2644,6.2312,0.0027,0.0000,0,0,0.0000,0,0.0000,0,0,0,601,0
617,2.9532,5.8447,0.0013,0.0000,0,0,0.0000,0,0.0000,0,0,0,601,0
618,2.8573,11.1796,0.0008,0.0000,0,0,0.0000,0,0.0000,0,0,0,696,0
619,2.9853,11.1990,0.0008,0.0000,0,0,0.0000,0,0.0000,0,0,0,696,0
620,5.2644,6.1045,0.0013,0.0000,0,0,0.0000,0,0.0000,0,0,0,601,0
621,2.9532,5.9397,0.0008,0.0000,0,0,0.0000,0,0.0000,0,0,0,601,0
622,2.8573,11.0715,0.0006,0.0000,0,0,0.0000,0,0.0000,0,0,0,696,0
623,2.9853,11.0482,0.0006,0.0000,0,0,0.0000,0,0.0000,0,0,0,702,0
624,5.2644,6.1401,0.0059,0.0000,0,0,0.0000,0,0.0000,0,0,0,601,0
625,2.9532,5.8072,0.0059,0.0000,0,0,0.0000,0,0.0000,0,0,0,601,0
626,2.8573,11.5229,0.0021,0.0000,0,0,0.0000,0,0.0000,0,0,0,710,0
627,2.9853,11.2737,0.0044,0.0000,0,0,0.0000,0,0.0000,0,0,0,734,0
628,5.2644,6.2719,0.0027,0.0000,0,0,0.0000,0,0.0000,0,0,0,601,0
629,2.9532,6.0696,0.0005,0.0000,0,0,0.0000,0,0.0000,0,0,0,601,0
630,2.8573,10.5940,0.0015,0.0000,0,0,0.0000,0,0.0000,0,0,0,727,0
631,2.9853,10.4993,0.0006,0.0000,0,0,0.0000,0,0.0000,0,0,0,788,0
632,5.2644,8.0493,0.0058,0.0000,0,0,0.0000,0,0.0000,0,0,0,601,0
633,2.9532,6.4527,0.0070,0.0000,0,0,0.0000,0,0.0000,0,0,0,601,0
634,2.8573,5.7662,0.0010,0.0000,0,0,0.0000,0,0.0000,0,0,0,714,0
635,2.9853,10.0390,0.0053,0.0000,0,0,0.0000,0,0.0000,0,0,0,848,0
636,5.2644,6.4314,0.0049,0.0000,0,0,0.0000,0,0.0000,0,0,0,601,0
637,2.9532,6.0180,0.0016,0.0000,0,0,0.0000,0,0.0000,0,0,0,601,0
638,2.8573,10.8299,0.0037,0.0000,0,0,0.0000,0,0.0000,0,0,0,756,0
639,2.9853,10.6325,0.0035,0.0000,0,0,0.0000,0,0.0000,0,0,0,958,0
640,5.2644,6.3847,0.0112,0.0000,0,0,0.0000,0,0.0000,0,0,0,601,0
641,2.9532,5.7715,0.0012,0.0000,0,0,0.0000,0,0.0000,0,0,0,601,0
642,2.8573,10.1548,0.0055,0.0000,0,0,0.0000,0,0.0000,0,0,0,727,0
643,2.9853,10.4463,0.0021,0.0000,0,0,0.0000,0,0.0000,0,0,0,696,0
644,5.2644,6.8237,0.0076,0.0000,0,0,0.0000,0,0.0000,0,0,0,601,0
645,2.9532,6.4839,0.0030,0.0000,0,0,0.0000,0,0.0000,0,0,0,601,0
646,2.8573,10.2648,0.0015,0.0000,0,0,0.0000,0,0.0000,0,0,0,720,0
647,2.9853,10.2363,0.0007,0.0000,0,0,0.0000,0,0.0000,0,0,0,696,0
648,5.2644,7.1621,0.0057,0.0000,0,0,0.0000,0,0.0000,0,0,0,601,0
649,2.9532,5.9618,0.0021,0.0000,0,0,0.0000,0,0.0000,0,0,0,601,0
650,2.8573,8.9985,0.0094,0.0000,0,0,0.0000,0,0.0000,0,0,0,719,0
651,2.9853,9.6526,0.0016,0.0000,0,0,0.0000,0,0.0000,0,0,0,696,0
652,5.2644,7.7249,0.0018,0.0000,0,0,0.0000,0,0.0000,0,0,0,601,0
653,2.9532,7.1383,0.0018,0.0000,0,0,0.0000,0,0.0000,0,0,0,601,0
654,2.8573,10.3737,0.0016,0.0000,0,0,0.0000,0,0.0000,0,0,0,875,0
655,2.9853,10.2521,0.0008,0.0000,0,0,0.0000,0,0.0000,0,0,0,724,0
656,5.2644,5.8952,0.0028,0.0000,0,0,0.0000,0,0.0000,0,0,0,601,0
657,2.9532,5.6088,0.0010,0.0000,0,0,0.0000,0,0.0000,0,0,0,601,0
658,2.8573,10.6555,0.0009,0.0000,0,0,0.0000,0,0.0000,0,0,0,702,0
659,2.9853,10.4819,0.0016,0.0000,0,0,0.0000,0,0.0000,0,0,0,737,0
660,5.2644,5.7939,0.0018,0.0000,0,0,0.0000,0,0.0000,0,0,0,601,0
661,2.9532,5.5269,0.0010,0.0000,0,0,0.0000,0,0.0000,0,0,0,601,0
662,2.8573,10.7395,0.0006,0.0000,0,0,0.0000,0,0.0000,0,0,0,696,0
663,2.9853,10.5539,0.0009,0.0000,0,0,0.0000,0,0.0000,0,0,0,733,0
664,5.2644,5.9415,0.0042,0.0000,0,0,0.0000,0,0.0000,0,0,0,601,0
665,2.9532,5.7045,0.0007,0.0000,0,0,0.0000,0,0.0000,0,0,0,601,0
666,2.8573,10.5352,0.0023,0.0000,0,0,0.0000,0,0.0000,0,0,0,696,0
667,2.9853,10.4867,0.0006,0.0000,0,0,0.0000,0,0.0000,0,0,0,857,0
668,5.2644,6.1311,0.0040,0.0000,0,0,0.0000,0,0.0000,0,0,0,601,0
669,2.9532,5.8348,0.0010,0.0000,0,0,0.0000,0,0.0000,0,0,0,601,0
670,2.8573,10.7646,0.0036,0.0000,0,0,0.0000,0,0.0000,0,0,0,696,0
671,2.9853,10.7349,0.0008,0.0000,0,0,0.0000,0,0.0000,0,0,0,696,0
672,5.2644,5.9988,0.0019,0.0000,0,0,0.0000,0,0.0000,0,0,0,601,0
673,2.9532,5.7612,0.0009,0.0000,0,0,0.0000,0,0.0000,0,0,0,601,0
674,2.8573,10.6710,0.0023,0.0000,0,0,0.0000,0,0.0000,0,0,0,713,0
675,2.9853,10.6501,0.0005,0.0000,0,0,0.0000,0,0.0000,0,0,0,696,0
676,5.2644,5.8457,0.0015,0.0000,0,0,0.0000,0,0.0000,0,0,0,601,0
677,2.9532,5.6493,0.0005,0.0000,0,0,0.0000,0,0.0000,0,0,0,601,0
678,2.8573,10.5247,0.0029,0.0000,0,0,0.0000,0,0.0000,0,0,0,710,0
679,2.9853,10.5210,0.0012,0.0000,0,0,0.0000,0,0.0000,0,0,0,701,0
680,5.2644,6.1883,0.0028,0.0000,0,0,0.0000,0,0.0000,0,0,0,601,0
681,2.9532,5.9396,0.0011,0.0000,0,0,0.0000,0,0.0000,0,0,0,601,0
682,2.8573,10.7274,0.0024,0.0000,0,0,0.0000,0,0.0000,0,0,0,740,0
683,2.9853,10.7744,0.0010,0.0000,0,0,0.0000,0,0.0000,0,0,0,712,0
684,5.2644,6.1396,0.0046,0.0000,0,0,0.0000,0,0.0000,0,0,0,601,0
685,2.9532,5.9023,0.0046,0.0000,0,0,0.0000,0,0.0000,0,0,0,601,0
686,2.8573,10.8014,0.0035,0.0000,0,0,0.0000,0,0.0000,0,0,0,760,0
687,2.9853,10.7069,0.0035,0.0000,0,0,0.0000,0,0.0000,0,0,0,744,0
688,5.2644,6.2137,0.0073,0.0000,0,0,0.0000,0,0.0000,0,0,0,601,0
689,2.9532,6.0000,0.0017,0.0000,0,0,0.0000,0,0.0000,0,0,0,601,0
690,2.8573,9.9061,0.0030,0.0000,0,0,0.0000,0,0.0000,0,0,0,739,0
691,2.9853,10.0736,0.0014,0.0000,0,0,0.0000,0,0.0000,0,0,0,717,0
692,5.2644,6.3405,0.0057,0.0000,0,0,0.0000,0,0.0000,0,0,0,601,0
693,2.9532,6.1764,0.0025,0.0000,0,0,0.0000,0,0.0000,0,0,0,601,0
694,2.8573,9.7732,0.0055,0.0000,0,0,0.0000,0,0.0000,0,0,0,721,0
695,2.9853,10.5696,0.0030,0.0000,0,0,0.0000,0,0.0000,0,0,0,790,0
696,5.2644,6.4935,0.0051,0.0000,0,0,0.0000,0,0.0000,0,0,0,601,0
697,2.9532,6.2632,0.0028,0.0000,0,0,0.0000,0,0.0000,0,0,0,601,0
698,2.8573,9.9659,0.0049,0.0000,0,0,0.0000,0,0.0000,0,0,0,783,0
699,2.9853,10.5147,0.0031,0.0000,0,0,0.0000,0,0.0000,0,0,0,696,0
700,5.2644,6.4402,0.0063,0.0000,0,0,0.0000,0,0.0000,0,0,0,599,0
701,2.9532,6.2418,0.0020,0.0000,0,0,0.0000,0,0.0000,0,0,0,599,0
702,2.8573,9.3721,0.0049,0.0000,0,0,0.0000,0,0.0000,0,0,0,695,0
703,2.9853,10.3646,0.0026,0.0000,0,0,0.0000,0,0.0000,0,0,0,695,0
704,5.2644,7.4834,0.0051,0.0000,0,0,0.0000,0,0.0000,0,0,0,597,0
705,2.9532,6.7595,0.0015,0.0000,0,0,0.0000,0,0.0000,0,0,0,597,0
706,2.8573,11.7406,0.0045,0.0000,0,0,0.0000,0,0.0000,0,0,0,693,0
707,2.9853,11.5767,0.0159,0.0000,0,0,0.0000,0,0.0000,0,0,0,697,0
708,5.2644,6.0222,0.0037,0.0000,0,0,0.0000,0,0.0000,0,0,0,587,0
709,2.9532,5.7445,0.0037,0.0000,0,0,0.0000,0,0.0000,0,0,0,587,0
710,2.8573,11.1057,0.0008,0.0000,0,0,0.0000,0,0.0000,0,0,0,1072,0
711,2.9853,10.9189,0.0025,0.0000,0,0,0.0000,0,0.0000,0,0,0,1480,0
712,5.2644,6.6485,0.0063,0.0000,0,0,0.0000,0,0.0000,0,0,0,588,0
713,2.9532,6.0370,0.0063,0.0000,0,0,0.0000,0,0.0000,0,0,0,588,0
714,2.8573,11.0065,0.0054,0.0000,0,0,0.0000,0,0.0000,0,0,0,1334,0
715,2.9853,10.8123,0.0032,0.0000,0,0,0.0000,0,0.0000,0,0,0,1403,0
716,5.2644,6.5895,0.0057,0.0000,0,0,0.0000,0,0.0000,0,0,0,780,0
717,2.9532,6.1769,0.0024,0.0000,0,0,0.0000,0,0.0000,0,0,0,774,0
718,2.8573,10.4860,0.0037,0.0000,0,0,0.0000,0,0.0000,0,0,0,820,0
719,2.9853,9.9370,0.0038,0.0000,0,0,0.0000,0,0.0000,0,0,0,867,0
720,5.2644,41.9086,0.0180,0.0000,0,0,0.0000,0,0.0000,0,1,0,60271,0
721,2.9532,26.1861,0.0107,0.0000,0,0,0.0000,0,0.0000,0,1,0,43482,0
722,2.8573,26.2931,0.0063,0.0000,0,0,0.0000,0,0.0000,0,1,0,59828,0
723,2.9853,25.7206,0.0102,0.0000,0,0,0.0000,0,0.0000,0,1,0,68126,0
724,5.2644,5.9553,0.0088,0.0000,0,0,0.0000,0,0.0000,0,0,0,16498,0
725,2.9532,5.7654,0.0030,0.0000,0,0,0.0000,0,0.0000,0,0,0,14403,0
726,2.8573,10.8137,0.0022,0.0000,0,0,0.0000,0,0.0000,0,0,0,17862,0
727,2.9853,10.8477,0.0064,0.0000,0,0,0.0000,0,0.0000,0,0,0,17138,0
728,5.2644,5.9271,0.0112,0.0000,0,0,0.0000,0,0.0000,0,0,0,9226,0
729,2.9532,5.8640,0.0010,0.0000,0,0,0.0000,0,0.0000,0,0,0,6914,0
730,2.8573,10.7447,0.0021,0.0000,0,0,0.0000,0,0.0000,0,0,0,11125,0
731,2.9853,10.7758,0.0014,0.0000,0,0,0.0000,0,0.0000,0,0,0,9621,0
732,5.2644,5.8087,0.0052,0.0000,0,0,0.0000,0,0.0000,0,0,0,17369,0
733,2.9532,5.6532,0.0034,0.0000,0,0,0.0000,0,0.0000,0,0,0,16755,0
734,2.8573,10.5047,0.0029,0.0000,0,0,0.0000,0,0.0000,0,0,0,19658,0
735,2.9853,10.4958,0.0019,0.0000,0,0,0.0000,0,0.0000,0,0,0,15622,0
736,5.2644,5.9236,0.0264,0.0000,0,0,0.0000,0,0.0000,0,0,0,23309,0
737,2.9532,5.6698,0.0027,0.0000,0,0,0.0000,0,0.0000,0,0,0,20346,0
738,2.8573,10.5380,0.0079,0.0000,0,0,0.0000,0,0.0000,0,0,0,22802,0
739,2.9853,10.5310,0.0027,0.0000,0,0,0.0000,0,0.0000,0,0,0,21407,0
740,5.2644,5.8849,0.0045,0.0000,0,0,0.0000,0,0.0000,0,0,0,13027,0
741,2.9532,5.6283,0.0025,0.0000,0,0,0.0000,0,0.0000,0,0,0,11737,0
742,2.8573,10.4953,0.0034,0.0000,0,0,0.0000,0,0.0000,0,0,0,12722,0
743,2.9853,10.4911,0.0024,0.0000,0,0,0.0000,0,0.0000,0,0,0,16214,0
744,5.2644,6.1401,0.0019,0.0000,0,0,0.0000,0,0.0000,0,0,0,7002,0
745,2.9532,5.9228,0.0015,0.0000,0,0,0.0000,0,0.0000,0,0,0,5132,0
746,2.8573,11.0399,0.0017,0.0000,0,0,0.0000,0,0.0000,0,0,0,7491,0
747,2.9853,10.9490,0.0010,0.0000,0,0,0.0000,0,0.0000,0,0,0,4790,0
748,5.2644,5.8641,0.0021,0.0000,0,0,0.0000,0,0.0000,0,0,0,3933,0
749,2.9532,5.7922,0.0009,0.0000,0,0,0.0000,0,0.0000,0,0,0,3799,0
750,2.8573,10.7895,0.0013,0.0000,0,0,0.0000,0,0.0000,0,0,0,4399,0
751,2.9853,10.8069,0.0010,0.0000,0,0,0.0000,0,0.0000,0,0,0,3276,0
752,5.2644,5.7181,0.0008,0.0000,0,0,0.0000,0,0.0000,0,0,0,3260,0
753,2.9532,5.6597,0.0009,0.0000,0,0,0.0000,0,0.0000,0,0,0,2850,0
754,2.8573,10.5225,0.0022,0.0000,0,0,0.0000,0,0.0000,0,0,0,3280,0
755,2.9853,10.5467,0.0036,0.0000,0,0,0.0000,0,0.0000,0,0,0,2761,0
756,5.2644,5.8925,0.0035,0.0000,0,0,0.0000,0,0.0000,0,0,0,3090,0
757,2.9532,5.6668,0.0010,0.0000,0,0,0.0000,0,0.0000,0,0,0,2691,0
758,2.8573,10.5339,0.0027,0.0000,0,0,0.0000,0,0.0000,0,0,0,3020,0
759,2.9853,10.4120,0.0011,0.0000,0,0,0.0000,0,0.0000,0,0,0,2648,0
760,5.2644,5.6770,0.0015,0.0000,0,0,0.0000,0,0.0000,0,0,0,2664,0
761,2.9532,5.5491,0.0006,0.0000,0,0,0.0000,0,0.0000,0,0,0,2213,0
762,2.8573,10.6068,0.0011,0.0000,0,0,0.0000,0,0.0000,0,0,0,1084,0
763,2.9853,10.6256,0.0007,0.0000,0,0,0.0000,0,0.0000,0,0,0,2638,0
764,5.2644,5.8457,0.0010,0.0000,0,0,0.0000,0,0.0000,0,0,0,1673,0
765,2.9532,5.8093,0.0006,0.0000,0,0,0.0000,0,0.0000,0,0,0,1302,0
766,2.8573,10.8698,0.0007,0.0000,0,0,0.0000,0,0.0000,0,0,0,959,0
767,2.9853,10.8823,0.0005,0.0000,0,0,0.0000,0,0.0000,0,0,0,2173,0
768,5.2644,5.9401,0.0012,0.0000,0,0,0.0000,0,0.0000,0,0,0,1538,0
769,2.9532,5.9143,0.0006,0.0000,0,0,0.0000,0,0.0000,0,0,0,1107,0
770,2.8573,11.0042,0.0008,0.0000,0,0,0.0000,0,0.0000,0,0,0,819,0
771,2.9853,11.0380,0.0007,0.0000,0,0,0.0000,0,0.0000,0,0,0,1668,0
772,5.2644,5.7685,0.0007,0.0000,0,0,0.0000,0,0.0000,0,0,0,1248,0
773,2.9532,5.6925,0.0006,0.0000,0,0,0.0000,0,0.0000,0,0,0,944,0
774,2.8573,10.8615,0.0005,0.0000,0,0,0.0000,0,0.0000,0,0,0,945,0
775,2.9853,10.9371,0.0012,0.0000,0,0,0.0000,0,0.0000,0,0,0,743,0
776,5.2644,5.7345,0.0006,0.0000,0,0,0.0000,0,0.0000,0,0,0,1198,0
777,2.9532,5.6919,0.0005,0.0000,0,0,0.0000,0,0.0000,0,0,0,836,0
778,2.8573,10.5371,0.0007,0.0000,0,0,0.0000,0,0.0000,0,0,0,1250,0
779,2.9853,10.5500,0.0005,0.0000,0,0,0.0000,0,0.0000,0,0,0,717,0
780,5.2644,5.7686,0.0010,0.0000,0,0,0.0000,0,0.0000,0,0,0,1168,0
781,2.9532,5.7405,0.0009,0.0000,0,0,0.0000,0,0.0000,0,0,0,792,0
782,2.8573,10.7291,0.0012,0.0000,0,0,0.0000,0,0.0000,0,0,0,1108,0
783,2.9853,10.7575,0.0017,0.0000,0,0,0.0000,0,0.0000,0,0,0,792,0
784,5.2644,5.9001,0.0013,0.0000,0,0,0.0000,0,0.0000,0,0,0,1037,0
785,2.9532,5.7795,0.0013,0.0000,0,0,0.0000,0,0.0000,0,0,0,722,0
786,2.8573,10.7209,0.0006,0.0000,0,0,0.0000,0,0.0000,0,0,0,1361,0
787,2.9853,10.6958,0.0007,0.0000,0,0,0.0000,0,0.0000,0,0,0,925,0
788,5.2644,5.7970,0.0035,0.0000,0,0,0.0000,0,0.0000,0,0,0,987,0
789,2.9532,5.6807,0.0005,0.0000,0,0,0.0000,0,0.0000,0,0,0,676,0
790,2.8573,10.9248,0.0008,0.0000,0,0,0.0000,0,0.0000,0,0,0,1198,0
791,2.9853,10.9533,0.0006,0.0000,0,0,0.0000,0,0.0000,0,0,0,1094,0
792,5.2644,6.0889,0.0025,0.0000,0,0,0.0000,0,0.0000,0,0,0,879,0
793,2.9532,5.9210,0.0008,0.0000,0,0,0.0000,0,0.0000,0,0,0,648,0
794,2.8573,11.1261,0.0030,0.0000,0,0,0.0000,0,0.0000,0,0,0,1117,0
795,2.9853,11.0551,0.0012,0.0000,0,0,0.0000,0,0.0000,0,0,0,1077,0
796,5.2644,6.2443,0.0049,0.0000,0,0,0.0000,0,0.0000,0,0,0,746,0
797,2.9532,5.8679,0.0016,0.0000,0,0,0.0000,0,0.0000,0,0,0,643,0
798,2.8573,10.8365,0.0020,0.0000,0,0,0.0000,0,0.0000,0,0,0,1064,0
799,2.9853,10.7020,0.0017,0.0000,0,0,0.0000,0,0.0000,0,0,0,1295,0
800,5.2644,6.2902,0.0009,0.0000,0,0,0.0000,0,0.0000,0,0,0,687,0
801,2.9532,6.0385,0.0005,0.0000,0,0,0.0000,0,0.0000,0,0,0,622,0
802,2.8573,11.1235,0.0007,0.0000,0,0,0.0000,0,0.0000,0,0,0,1368,0
803,2.9853,11.0911,0.0007,0.0000,0,0,0.0000,0,0.0000,0,0,0,709,0
804,5.2644,6.2367,0.0014,0.0000,0,0,0.0000,0,0.0000,0,0,0,716,0
805,2.9532,6.0964,0.0010,0.0000,0,0,0.0000,0,0.0000,0,0,0,620,0
806,2.8573,11.1961,0.0032,0.0000,0,0,0.0000,0,0.0000,0,0,0,710,0
807,2.9853,11.0895,0.0038,0.0000,0,0,0.0000,0,0.0000,0,0,0,715,0
808,5.2644,6.0342,0.0036,0.0000,0,0,0.0000,0,0.0000,0,0,0,717,0
809,2.9532,5.7480,0.0036,0.0000,0,0,0.0000,0,0.0000,0,0,0,613,0
810,2.8573,10.6979,0.0010,0.0000,0,0,0.0000,0,0.0000,0,0,0,696,0
811,2.9853,10.6277,0.0004,0.0000,0,0,0.0000,0,0.0000,0,0,0,724,0
812,5.2644,5.8961,0.0013,0.0000,0,0,0.0000,0,0.0000,0,0,0,685,0
813,2.9532,5.6787,0.0010,0.0000,0,0,0.0000,0,0.0000,0,0,0,617,0
814,2.8573,10.6933,0.0008,0.0000,0,0,0.0000,0,0.0000,0,0,0,755,0
815,2.9853,10.6876,0.0006,0.0000,0,0,0.0000,0,0.0000,0,0,0,779,0
816,5.2644,5.7309,0.0005,0.0000,0,0,0.0000,0,0.0000,0,0,0,664,0
817,2.9532,5.6215,0.0005,0.0000,0,0,0.0000,0,0.0000,0,0,0,622,0
818,2.8573,10.5968,0.0006,0.0000,0,0,0.0000,0,0.0000,0,0,0,785,0
819,2.9853,10.6092,0.0008,0.0000,0,0,0.0000,0,0.0000,0,0,0,906,0
820,5.2644,5.7690,0.0012,0.0000,0,0,0.0000,0,0.0000,0,0,0,636,0
821,2.9532,5.7039,0.0015,0.0000,0,0,0.0000,0,0.0000,0,0,0,626,0
822,2.8573,10.6147,0.0013,0.0000,0,0,0.0000,0,0.0000,0,0,0,868,0
823,2.9853,10.6312,0.0018,0.0000,0,0,0.0000,0,0.0000,0,0,0,830,0
824,5.2644,5.9596,0.0015,0.0000,0,0,0.0000,0,0.0000,0,0,0,635,0
825,2.9532,5.8770,0.0013,0.0000,0,0,0.0000,0,0.0000,0,0,0,608,0
826,2.8573,10.6849,0.0013,0.0000,0,0,0.0000,0,0.0000,0,0,0,801,0
827,2.9853,10.6450,0.0012,0.0000,0,0,0.0000,0,0.0000,0,0,0,966,0
828,5.2644,5.9264,0.0013,0.0000,0,0,0.0000,0,0.0000,0,0,0,650,0
829,2.9532,5.8481,0.0012,0.0000,0,0,0.0000,0,0.0000,0,0,0,606,0
830,2.8573,10.8279,0.0017,0.0000,0,0,0.0000,0,0.0000,0,0,0,1017,0
831,2.9853,10.7943,0.0020,0.0000,0,0,0.0000,0,0.0000,0,0,0,705,0
832,5.2644,6.2347,0.0019,0.0000,0,0,0.0000,0,0.0000,0,0,0,646,0
833,2.9532,6.0516,0.0010,0.0000,0,0,0.0000,0,0.0000,0,0,0,607,0
834,2.8573,11.0900,0.0013,0.0000,0,0,0.0000,0,0.0000,0,0,0,933,0
835,2.9853,10.9757,0.0006,0.0000,0,0,0.0000,0,0.0000,0,0,0,703,0
836,5.2644,6.6383,0.0079,0.0000,0,0,0.0000,0,0.0000,0,0,0,651,0
837,2.9532,6.4636,0.0017,0.0000,0,0,0.0000,0,0.0000,0,0,0,609,0
838,2.8573,11.6235,0.0073,0.0000,0,0,0.0000,0,0.0000,0,0,0,926,0
839,2.9853,11.5132,0.0073,0.0000,0,0,0.0000,0,0.0000,0,0,0,728,0
840,5.2644,10.1929,0.0056,0.0000,0,0,0.0000,0,0.0000,0,0,0,638,0
841,2.9532,8.1516,0.0018,0.0000,0,0,0.0000,0,0.0000,0,0,0,601,0
842,2.8573,11.3045,0.0088,0.0000,0,0,0.0000,0,0.0000,0,0,0,856,0
843,2.9853,11.1726,0.0017,0.0000,0,0,0.0000,0,0.0000,0,0,0,752,0
844,5.2644,6.6026,0.0050,0.0000,0,0,0.0000,0,0.0000,0,0,0,623,0
845,2.9532,6.2230,0.0055,0.0000,0,0,0.0000,0,0.0000,0,0,0,601,0
846,2.8573,11.1349,0.0027,0.0000,0,0,0.0000,0,0.0000,0,0,0,1082,0
847,2.9853,10.9576,0.0018,0.0000,0,0,0.0000,0,0.0000,0,0,0,805,0
848,5.2644,6.2388,0.0040,0.0000,0,0,0.0000,0,0.0000,0,0,0,626,0
849,2.9532,5.9473,0.0012,0.0000,0,0,0.0000,0,0.0000,0,0,0,601,0
850,2.8573,10.9830,0.0008,0.0000,0,0,0.0000,0,0.0000,0,0,0,712,0
851,2.9853,10.9380,0.0006,0.0000,0,0,0.0000,0,0.0000,0,0,0,775,0
852,5.2644,5.8947,0.0007,0.0000,0,0,0.0000,0,0.0000,0,0,0,622,0
853,2.9532,5.7918,0.0008,0.0000,0,0,0.0000,0,0.0000,0,0,0,601,0
854,2.8573,10.8271,0.0006,0.0000,0,0,0.0000,0,0.0000,0,0,0,709,0
855,2.9853,10.8320,0.0008,0.0000,0,0,0.0000,0,0.0000,0,0,0,911,0
856,5.2644,13.9232,0.0007,0.0000,0,0,0.0000,0,0.0000,0,0,0,611,0
857,2.9532,12.6951,0.0009,0.0000,0,0,0.0000,0,0.0000,0,0,0,601,0
858,2.8573,7.1002,0.0003,0.0000,0,0,0.0000,0,0.0000,0,0,0,723,0
859,2.9853,5.9653,0.0008,0.0000,0,0,0.0000,0,0.0000,0,0,0,698,0
860,5.2644,5.7336,0.0031,0.0000,0,0,0.0000,0,0.0000,0,0,0,618,0
861,2.9532,5.5693,0.0010,0.0000,0,0,0.0000,0,0.0000,0,0,0,601,0
862,2.8573,10.7850,0.0030,0.0000,0,0,0.0000,0,0.0000,0,0,0,744,0
863,2.9853,10.7261,0.0008,0.0000,0,0,0.0000,0,0.0000,0,0,0,696,0
864,5.2644,6.5363,0.0135,0.0000,0,0,0.0000,0,0.0000,0,0,0,605,0
865,2.9532,6.1765,0.0101,0.0000,0,0,0.0000,0,0.0000,0,0,0,601,0
866,2.8573,11.2511,0.0063,0.0000,0,0,0.0000,0,0.0000,0,0,0,786,0
867,2.9853,11.1393,0.0063,0.0000,0,0,0.0000,0,0.0000,0,0,0,704,0
868,5.2644,7.0689,0.0123,0.0000,0,0,0.0000,0,0.0000,0,0,0,606,0
869,2.9532,6.3068,0.0030,0.0000,0,0,0.0000,0,0.0000,0,0,0,601,0
870,2.8573,11.1698,0.0090,0.0000,0,0,0.0000,0,0.0000,0,0,0,780,0
871,2.9853,11.0417,0.0026,0.0000,0,0,0.0000,0,0.0000,0,0,0,741,0
872,5.2644,7.0032,0.0048,0.0000,0,0,0.0000,0,0.0000,0,0,0,605,0
873,2.9532,6.2154,0.0076,0.0000,0,0,0.0000,0,0.0000,0,0,0,601,0
874,2.8573,12.3357,0.0020,0.0000,0,0,0.0000,0,0.0000,0,0,0,808,0
875,2.9853,12.0827,0.0055,0.0000,0,0,0.0000,0,0.0000,0,0,0,758,0
876,5.2644,6.2933,0.0029,0.0000,0,0,0.0000,0,0.0000,0,0,0,606,0
877,2.9532,5.8523,0.0025,0.0000,0,0,0.0000,0,0.0000,0,0,0,601,0
878,2.8573,10.7381,0.0008,0.0000,0,0,0.0000,0,0.0000,0,0,0,795,0
879,2.9853,10.4940,0.0040,0.0000,0,0,0.0000,0,0.0000,0,0,0,738,0
880,5.2644,6.0970,0.0023,0.0000,0,0,0.0000,0,0.0000,0,0,0,601,0
881,2.9532,5.7428,0.0023,0.0000,0,0,0.0000,0,0.0000,0,0,0,601,0
882,2.8573,10.6441,0.0032,0.0000,0,0,0.0000,0,0.0000,0,0,0,771,0
883,2.9853,10.5896,0.0005,0.0000,0,0,0.0000,0,0.0000,0,0,0,836,0
884,5.2644,5.8710,0.0017,0.0000,0,0,0.0000,0,0.0000,0,0,0,601,0
885,2.9532,5.6244,0.0008,0.0000,0,0,0.0000,0,0.0000,0,0,0,601,0
886,2.8573,10.7872,0.0008,0.0000,0,0,0.0000,0,0.0000,0,0,0,779,0
887,2.9853,10.6001,0.0009,0.0000,0,0,0.0000,0,0.0000,0,0,0,698,0
888,5.2644,5.7166,0.0009,0.0000,0,0,0.0000,0,0.0000,0,0,0,601,0
889,2.9532,5.6031,0.0005,0.0000,0,0,0.0000,0,0.0000,0,0,0,601,0
890,2.8573,16.0275,0.0011,0.0000,0,0,0.0000,0,0.0000,0,0,0,967,0
891,2.9853,15.9544,0.0011,0.0000,0,0,0.0000,0,0.0000,0,0,0,696,0
892,5.2644,5.6677,0.0032,0.0000,0,0,0.0000,0,0.0000,0,0,0,601,0
893,2.9532,5.4800,0.0009,0.0000,0,0,0.0000,0,0.0000,0,0,0,601,0
894,2.8573,10.3906,0.0029,0.0000,0,0,0.0000,0,0.0000,0,0,0,710,0
895,2.9853,10.3468,0.0042,0.0000,0,0,0.0000,0,0.0000,0,0,0,700,0
896,5.2644,6.5467,0.0057,0.0000,0,0,0.0000,0,0.0000,0,0,0,601,0
897,2.9532,5.9919,0.0015,0.0000,0,0,0.0000,0,0.0000,0,0,0,601,0
898,2.8573,12.0378,0.0057,0.0000,0,0,0.0000,0,0.0000,0,0,0,703,0
899,2.9853,12.1324,0.0024,0.0000,0,0,0.0000,0,0.0000,0,0,0,721,0
900,5.2644,6.7762,0.0085,0.0000,0,0,0.0000,0,0.0000,0,0,0,601,0
901,2.9532,6.3114,0.0025,0.0000,0,0,0.0000,0,0.0000,0,0,0,601,0
902,2.8573,11.0421,0.0033,0.0000,0,0,0.0000,0,0.0000,0,0,0,708,0
903,2.9853,10.7177,0.0034,0.0000,0,0,0.0000,0,0.0000,0,0,0,783,0
904,5.2644,6.3104,0.0051,0.0000,0,0,0.0000,0,0.0000,0,0,0,601,0
905,2.9532,7.3460,0.0024,0.0000,0,0,0.0000,0,0.0000,0,0,0,601,0
906,2.8573,8.4257,0.0015,0.0000,0,0,0.0000,0,0.0000,0,0,0,751,0
907,2.9853,9.4478,0.0031,0.0000,0,0,0.0000,0,0.0000,0,0,0,755,0
908,5.2644,6.4951,0.0078,0.0000,0,0,0.0000,0,0.0000,0,0,0,601,0
909,2.9532,6.1474,0.0017,0.0000,0,0,0.0000,0,0.0000,0,0,0,601,0
910,2.8573,10.6738,0.0021,0.0000,0,0,0.0000,0,0.0000,0,0,0,762,0
911,2.9853,10.7167,0.0019,0.0000,0,0,0.0000,0,0.0000,0,0,0,801,0
912,5.2644,7.0836,0.0081,0.0000,0,0,0.0000,0,0.0000,0,0,0,601,0
913,2.9532,6.3129,0.0034,0.0000,0,0,0.0000,0,0.0000,0,0,0,601,0
914,2.8573,12.9358,0.0070,0.0000,0,0,0.0000,0,0.0000,0,0,0,747,0
915,2.9853,12.7691,0.0021,0.0000,0,0,0.0000,0,0.0000,0,0,0,696,0
916,5.2644,6.8819,0.0054,0.0000,0,0,0.0000,0,0.0000,0,0,0,601,0
917,2.9532,6.6100,0.0017,0.0000,0,0,0.0000,0,0.0000,0,0,0,601,0
918,2.8573,10.6399,0.0034,0.0000,0,0,0.0000,0,0.0000,0,0,0,830,0
919,2.9853,10.4990,0.0016,0.0000,0,0,0.0000,0,0.0000,0,0,0,701,0
920,5.2644,6.0404,0.0030,0.0000,0,0,0.0000,0,0.0000,0,0,0,601,0
921,2.9532,5.8420,0.0006,0.0000,0,0,0.0000,0,0.0000,0,0,0,601,0
922,2.8573,10.4416,0.0010,0.0000,0,0,0.0000,0,0.0000,0,0,0,769,0
923,2.9853,10.5726,0.0005,0.0000,0,0,0.0000,0,0.0000,0,0,0,696,0
924,5.2644,6.0548,0.0008,0.0000,0,0,0.0000,0,0.0000,0,0,0,601,0
925,2.9532,5.7389,0.0005,0.0000,0,0,0.0000,0,0.0000,0,0,0,601,0
926,2.8573,10.5825,0.0006,0.0000,0,0,0.0000,0,0.0000,0,0,0,728,0
927,2.9853,10.6085,0.0005,0.0000,0,0,0.0000,0,0.0000,0,0,0,717,0
928,5.2644,5.7310,0.0009,0.0000,0,0,0.0000,0,0.0000,0,0,0,601,0
929,2.9532,5.6631,0.0013,0.0000,0,0,0.0000,0,0.0000,0,0,0,601,0
930,2.8573,10.5230,0.0013,0.0000,0,0,0.0000,0,0.0000,0,0,0,726,0
931,2.9853,10.5180,0.0005,0.0000,0,0,0.0000,0,0.0000,0,0,0,731,0
932,5.2644,5.7425,0.0034,0.0000,0,0,0.0000,0,0.0000,0,0,0,601,0
933,2.9532,5.5843,0.0009,0.0000,0,0,0.0000,0,0.0000,0,0,0,601,0
934,2.8573,10.5521,0.0013,0.0000,0,0,0.0000,0,0.0000,0,0,0,833,0
935,2.9853,10.4998,0.0005,0.0000,0,0,0.0000,0,0.0000,0,0,0,722,0
936,5.2644,5.9078,0.0028,0.0000,0,0,0.0000,0,0.0000,0,0,0,601,0
937,2.9532,5.5838,0.0005,0.0000,0,0,0.0000,0,0.0000,0,0,0,601,0
938,2.8573,10.5850,0.0008,0.0000,0,0,0.0000,0,0.0000,0,0,0,696,0
939,2.9853,10.5723,0.0005,0.0000,0,0,0.0000,0,0.0000,0,0,0,758,0
940,5.2644,5.7716,0.0008,0.0000,0,0,0.0000,0,0.0000,0,0,0,601,0
941,2.9532,5.6194,0.0005,0.0000,0,0,0.0000,0,0.0000,0,0,0,601,0
942,2.8573,10.7204,0.0006,0.0000,0,0,0.0000,0,0.0000,0,0,0,696,0
943,2.9853,10.7434,0.0005,0.0000,0,0,0.0000,0,0.0000,0,0,0,696,0
944,5.2644,5.7770,0.0011,0.0000,0,0,0.0000,0,0.0000,0,0,0,601,0
945,2.9532,5.7000,0.0011,0.0000,0,0,0.0000,0,0.0000,0,0,0,601,0
946,2.8573,10.6577,0.0010,0.0000,0,0,0.0000,0,0.0000,0,0,0,696,0
947,2.9853,10.6749,0.0009,0.0000,0,0,0.0000,0,0.0000,0,0,0,705,0
948,5.2644,5.6950,0.0018,0.0000,0,0,0.0000,0,0.0000,0,0,0,601,0
949,2.9532,5.6121,0.0005,0.0000,0,0,0.0000,0,0.0000,0,0,0,601,0
950,2.8573,10.6341,0.0010,0.0000,0,0,0.0000,0,0.0000,0,0,0,696,0
951,2.9853,10.6258,0.0012,0.0000,0,0,0.0000,0,0.0000,0,0,0,707,0
952,5.2644,5.7889,0.0022,0.0000,0,0,0.0000,0,0.0000,0,0,0,601,0
953,2.9532,5.5629,0.0005,0.0000,0,0,0.0000,0,0.0000,0,0,0,601,0
954,2.8573,10.4640,0.0014,0.0000,0,0,0.0000,0,0.0000,0,0,0,701,0
955,2.9853,10.4686,0.0009,0.0000,0,0,0.0000,0,0.0000,0,0,0,707,0
956,5.2644,6.0074,0.0013,0.0000,0,0,0.0000,0,0.0000,0,0,0,601,0
957,2.9532,5.8533,0.0008,0.0000,0,0,0.0000,0,0.0000,0,0,0,601,0
958,2.8573,10.8233,0.0009,0.0000,0,0,0.0000,0,0.0000,0,0,0,703,0
959,2.9853,10.8340,0.0005,0.0000,0,0,0.0000,0,0.0000,0,0,0,736,0
960,5.2644,6.1585,0.0575,0.0000,0,0,0.0000,0,0.0000,0,1,0,114511,0
961,2.9532,5.7628,0.0717,0.0000,0,0,0.0000,0,0.0000,0,1,0,78514,0
962,2.8573,10.6117,0.0671,0.0000,0,0,0.0000,0,0.0000,0,1,0,127235,0
963,2.9853,10.5563,0.0355,0.0000,0,0,0.0000,0,0.0000,0,1,0,121749,0
964,5.2644,6.5843,0.0251,0.0000,0,0,0.0000,0,0.0000,0,0,0,13627,0
965,2.9532,6.4819,0.0133,0.0000,0,0,0.0000,0,0.0000,0,0,0,9905,0
966,2.8573,10.2223,0.0248,0.0000,0,0,0.0000,0,0.0000,0,0,0,14145,0
967,2.9853,10.3291,0.0042,0.0000,0,0,0.0000,0,0.0000,0,0,0,15320,0
968,5.2644,6.8377,0.0081,0.0000,0,0,0.0000,0,0.0000,0,0,0,6718,0
969,2.9532,6.2111,0.0041,0.0000,0,0,0.0000,0,0.0000,0,0,0,5100,0
970,2.8573,10.3819,0.0803,0.0000,0,0,0.0000,0,0.0000,0,0,0,8684,0
971,2.9853,10.2469,0.0044,0.0000,0,0,0.0000,0,0.0000,0,0,0,6454,0
972,5.2644,6.4957,0.0059,0.0000,0,0,0.0000,0,0.0000,0,0,0,8111,0
973,2.9532,5.8910,0.0022,0.0000,0,0,0.0000,0,0.0000,0,0,0,4323,0
974,2.8573,10.5035,0.0073,0.0000,0,0,0.0000,0,0.0000,0,0,0,9494,0
975,2.9853,10.5155,0.0035,0.0000,0,0,0.0000,0,0.0000,0,0,0,5011,0
976,5.2644,6.9867,0.0061,0.0000,0,0,0.0000,0,0.0000,0,0,0,5563,0
977,2.9532,6.8397,0.0011,0.0000,0,0,0.0000,0,0.0000,0,0,0,5033,0
978,2.8573,10.0265,0.0030,0.0000,0,0,0.0000,0,0.0000,0,0,0,7271,0
979,2.9853,9.9980,0.0010,0.0000,0,0,0.0000,0,0.0000,0,0,0,4535,0
980,5.2644,5.9853,0.0057,0.0000,0,0,0.0000,0,0.0000,0,0,0,4043,0
981,2.9532,5.6718,0.0051,0.0000,0,0,0.0000,0,0.0000,0,0,0,3216,0
982,2.8573,10.5505,0.0024,0.0000,0,0,0.0000,0,0.0000,0,0,0,2973,0
983,2.9853,10.5420,0.0020,0.0000,0,0,0.0000,0,0.0000,0,0,0,5039,0
984,5.2644,5.8102,0.0032,0.0000,0,0,0.0000,0,0.0000,0,0,0,3170,0
985,2.9532,5.5983,0.0010,0.0000,0,0,0.0000,0,0.0000,0,0,0,2351,0
986,2.8573,10.5747,0.0032,0.0000,0,0,0.0000,0,0.0000,0,0,0,2069,0
987,2.9853,10.5337,0.0012,0.0000,0,0,0.0000,0,0.0000,0,0,0,5057,0
988,5.2644,6.2010,0.0045,0.0000,0,0,0.0000,0,0.0000,0,0,0,2365,0
989,2.9532,5.9206,0.0012,0.0000,0,0,0.0000,0,0.0000,0,0,0,1707,0
990,2.8573,11.1908,0.0047,0.0000,0,0,0.0000,0,0.0000,0,0,0,1729,0
991,2.9853,11.0982,0.0047,0.0000,0,0,0.0000,0,0.0000,0,0,0,4360,0
992,5.2644,6.6935,0.0057,0.0000,0,0,0.0000,0,0.0000,0,0,0,2164,0
993,2.9532,6.1049,0.0057,0.0000,0,0,0.0000,0,0.0000,0,0,0,1336,0
994,2.8573,11.1333,0.0044,0.0000,0,0,0.0000,0,0.0000,0,0,0,1241,0
995,2.9853,10.9021,0.0040,0.0000,0,0,0.0000,0,0.0000,0,0,0,4954,0
996,5.2644,7.5057,0.0096,0.0000,0,0,0.0000,0,0.0000,0,0,0,1745,0
997,2.9532,7.5703,0.0021,0.0000,0,0,0.0000,0,0.0000,0,0,0,980,0
998,2.8573,8.0862,0.0035,0.0000,0,0,0.0000,0,0.0000,0,0,0,1484,0
999,2.9853,9.8045,0.0047,0.0000,0,0,0.0000,0,0.0000,0,0,0,1684,0
1000,5.2644,7.0979,0.0101,0.0000,0,0,0.0000,0,0.0000,0,0,0,1602,0
1001,2.9532,6.3640,0.0033,0.0000,0,0,0.0000,0,0.0000,0,0,0,804,0
1002,2.8573,10.6640,0.0095,0.0000,0,0,0.0000,0,0.0000,0,0,0,1376,0
1003,2.9853,10.4642,0.0021,0.0000,0,0,0.0000,0,0.0000,0,0,0,1808,0
1004,5.2644,7.1383,0.0107,0.0000,0,0,0.0000,0,0.0000,0,0,0,1409,0
1005,2.9532,6.1218,0.0026,0.0000,0,0,0.0000,0,0.0000,0,0,0,742,0
1006,2.8573,9.7277,0.0024,0.0000,0,0,0.0000,0,0.0000,0,0,0,1741,0
1007,2.9853,10.0538,0.0170,0.0000,0,0,0.0000,0,0.0000,0,0,0,1334,0
1008,5.2644,6.5198,0.0044,0.0000,0,0,0.0000,0,0.0000,0,0,0,1193,0
1009,2.9532,6.0323,0.0010,0.0000,0,0,0.0000,0,0.0000,0,0,0,679,0
1010,2.8573,11.5535,0.0078,0.0000,0,0,0.0000,0,0.0000,0,0,0,1571,0
1011,2.9853,11.4330,0.0078,0.0000,0,0,0.0000,0,0.0000,0,0,0,1652,0
1012,5.2644,7.1804,0.0094,0.0000,0,0,0.0000,0,0.0000,0,0,0,1068,0
1013,2.9532,6.4802,0.0032,0.0000,0,0,0.0000,0,0.0000,0,0,0,620,0
1014,2.8573,10.9823,0.0068,0.0000,0,0,0.0000,0,0.0000,0,0,0,1582,0
1015,2.9853,10.9460,0.0031,0.0000,0,0,0.0000,0,0.0000,0,0,0,1894,0
1016,5.2644,7.2457,0.0090,0.0000,0,0,0.0000,0,0.0000,0,0,0,994,0
1017,2.9532,6.2810,0.0019,0.0000,0,0,0.0000,0,0.0000,0,0,0,607,0
1018,2.8573,10.3010,0.0053,0.0000,0,0,0.0000,0,0.0000,0,0,0,1338,0
1019,2.9853,10.8319,0.0028,0.0000,0,0,0.0000,0,0.0000,0,0,0,1695,0
1020,5.2644,12.6304,0.0129,0.0000,0,0,0.0000,0,0.0000,0,0,0,961,0
1021,2.9532,11.6910,0.0022,0.0000,0,0,0.0000,0,0.0000,0,0,0,601,0
1022,2.8573,11.3577,0.0025,0.0000,0,0,0.0000,0,0.0000,0,0,0,1776,0
1023,2.9853,11.0953,0.0018,0.0000,0,0,0.0000,0,0.0000,0,0,0,2000,0
1024,5.2644,7.4611,0.0107,0.0000,0,0,0.0000,0,0.0000,0,0,0,903,0
1025,2.9532,6.2996,0.0107,0.0000,0,0,0.0000,0,0.0000,0,0,0,601,0
1026,2.8573,11.2255,0.0076,0.0000,0,0,0.0000,0,0.0000,0,0,0,727,0
1027,2.9853,11.0091,0.0041,0.0000,0,0,0.0000,0,0.0000,0,0,0,753,0
1028,5.2644,7.1813,0.0103,0.0000,0,0,0.0000,0,0.0000,0,0,0,850,0
1029,2.9532,6.2750,0.0022,0.0000,0,0,0.0000,0,0.0000,0,0,0,601,0
1030,2.8573,10.8780,0.0080,0.0000,0,0,0.0000,0,0.0000,0,0,0,696,0
1031,2.9853,10.7364,0.0038,0.0000,0,0,0.0000,0,0.0000,0,0,0,771,0
1032,5.2644,7.3572,0.0124,0.0000,0,0,0.0000,0,0.0000,0,0,0,818,0
1033,2.9532,6.4052,0.0030,0.0000,0,0,0.0000,0,0.0000,0,0,0,601,0
1034,2.8573,10.6829,0.0053,0.0000,0,0,0.0000,0,0.0000,0,0,0,742,0
1035,2.9853,10.9614,0.0039,0.0000,0,0,0.0000,0,0.0000,0,0,0,890,0
1036,5.2644,7.4523,0.0021,0.0000,0,0,0.0000,0,0.0000,0,0,0,757,0
1037,2.9532,6.1346,0.0027,0.0000,0,0,0.0000,0,0.0000,0,0,0,601,0
1038,2.8573,8.7175,0.0054,0.0000,0,0,0.0000,0,0.0000,0,0,0,772,0
1039,2.9853,8.8966,0.0018,0.0000,0,0,0.0000,0,0.0000,0,0,0,1087,0
1040,5.2644,6.5370,0.0032,0.0000,0,0,0.0000,0,0.0000,0,0,0,826,0
1041,2.9532,6.1368,0.0012,0.0000,0,0,0.0000,0,0.0000,0,0,0,601,0
1042,2.8573,10.6571,0.0006,0.0000,0,0,0.0000,0,0.0000,0,0,0,877,0
1043,2.9853,10.5920,0.0017,0.0000,0,0,0.0000,0,0.0000,0,0,0,1376,0
1044,5.2644,6.8594,0.0046,0.0000,0,0,0.0000,0,0.0000,0,0,0,810,0
1045,2.9532,6.3449,0.0017,0.0000,0,0,0.0000,0,0.0000,0,0,0,601,0
1046,2.8573,11.4654,0.0020,0.0000,0,0,0.0000,0,0.0000,0,0,0,786,0
1047,2.9853,11.3829,0.0034,0.0000,0,0,0.0000,0,0.0000,0,0,0,1236,0
1048,5.2644,6.6054,0.0033,0.0000,0,0,0.0000,0,0.0000,0,0,0,697,0
1049,2.9532,6.3317,0.0019,0.0000,0,0,0.0000,0,0.0000,0,0,0,601,0
1050,2.8573,11.4803,0.0020,0.0000,0,0,0.0000,0,0.0000,0,0,0,1097,0
1051,2.9853,11.4106,0.0012,0.0000,0,0,0.0000,0,0.0000,0,0,0,1496,0
1052,5.2644,6.6696,0.0035,0.0000,0,0,0.0000,0,0.0000,0,0,0,666,0
1053,2.9532,6.3092,0.0020,0.0000,0,0,0.0000,0,0.0000,0,0,0,601,0
1054,2.8573,11.7785,0.0138,0.0000,0,0,0.0000,0,0.0000,0,0,0,992,0
1055,2.9853,11.8417,0.0033,0.0000,0,0,0.0000,0,0.0000,0,0,0,719,0
1056,5.2644,7.0873,0.0082,0.0000,0,0,0.0000,0,0.0000,0,0,0,657,0
1057,2.9532,6.2727,0.0017,0.0000,0,0,0.0000,0,0.0000,0,0,0,601,0
1058,2.8573,12.8939,0.0103,0.0000,0,0,0.0000,0,0.0000,0,0,0,898,0
1059,2.9853,12.6421,0.0035,0.0000,0,0,0.0000,0,0.0000,0,0,0,750,0
1060,5.2644,8.0349,0.0074,0.0000,0,0,0.0000,0,0.0000,0,0,0,666,0
1061,2.9532,6.5458,0.0025,0.0000,0,0,0.0000,0,0.0000,0,0,0,601,0
1062,2.8573,10.8613,0.0034,0.0000,0,0,0.0000,0,0.0000,0,0,0,883,0
1063,2.9853,10.9551,0.0022,0.0000,0,0,0.0000,0,0.0000,0,0,0,775,0
1064,5.2644,7.1916,0.0102,0.0000,0,0,0.0000,0,0.0000,0,0,0,640,0
1065,2.9532,6.2908,0.0020,0.0000,0,0,0.0000,0,0.0000,0,0,0,601,0
1066,2.8573,10.7591,0.0062,0.0000,0,0,0.0000,0,0.0000,0,0,0,1367,0
1067,2.9853,10.8129,0.0043,0.0000,0,0,0.0000,0,0.0000,0,0,0,879,0
1068,5.2644,7.0453,0.0077,0.0000,0,0,0.0000,0,0.0000,0,0,0,654,0
1069,2.9532,6.3023,0.0025,0.0000,0,0,0.0000,0,0.0000,0,0,0,601,0
1070,2.8573,10.8120,0.0063,0.0000,0,0,0.0000,0,0.0000,0,0,0,719,0
1071,2.9853,10.7704,0.0027,0.0000,0,0,0.0000,0,0.0000,0,0,0,995,0
1072,5.2644,7.0746,0.0083,0.0000,0,0,0.0000,0,0.0000,0,0,0,628,0
1073,2.9532,6.2663,0.0015,0.0000,0,0,0.0000,0,0.0000,0,0,0,601,0
1074,2.8573,10.8534,0.0056,0.0000,0,0,0.0000,0,0.0000,0,0,0,704,0
1075,2.9853,10.7881,0.0060,0.0000,0,0,0.0000,0,0.0000,0,0,0,889,0
1076,5.2644,7.7075,0.0042,0.0000,0,0,0.0000,0,0.0000,0,0,0,610,0
1077,2.9532,6.6608,0.0043,0.0000,0,0,0.0000,0,0.0000,0,0,0,601,0
1078,2.8573,11.7300,0.0060,0.0000,0,0,0.0000,0,0.0000,0,0,0,702,0
1079,2.9853,11.5750,0.0024,0.0000,0,0,0.0000,0,0.0000,0,0,0,1114,0
1080,5.2644,7.5798,0.0066,0.0000,0,0,0.0000,0,0.0000,0,0,0,610,0
1081,2.9532,6.4070,0.0066,0.0000,0,0,0.0000,0,0.0000,0,0,0,601,0
1082,2.8573,10.9979,0.0057,0.0000,0,0,0.0000,0,0.0000,0,0,0,725,0
1083,2.9853,10.7335,0.0017,0.0000,0,0,0.0000,0,0.0000,0,0,0,772,0
1084,5.2644,7.2920,0.0022,0.0000,0,0,0.0000,0,0.0000,0,0,0,601,0
1085,2.9532,6.2948,0.0016,0.0000,0,0,0.0000,0,0.0000,0,0,0,601,0
1086,2.8573,11.3628,0.0170,0.0000,0,0,0.0000,0,0.0000,0,0,0,806,0
1087,2.9853,11.4102,0.0015,0.0000,0,0,0.0000,0,0.0000,0,0,0,727,0
1088,5.2644,7.2535,0.0097,0.0000,0,0,0.0000,0,0.0000,0,0,0,601,0
1089,2.9532,6.1899,0.0023,0.0000,0,0,0.0000,0,0.0000,0,0,0,601,0
1090,2.8573,11.0783,0.0055,0.0000,0,0,0.0000,0,0.0000,0,0,0,766,0
1091,2.9853,10.9320,0.0022,0.0000,0,0,0.0000,0,0.0000,0,0,0,720,0
1092,5.2644,7.3311,0.0064,0.0000,0,0,0.0000,0,0.0000,0,0,0,601,0
1093,2.9532,6.2927,0.0031,0.0000,0,0,0.0000,0,0.0000,0,0,0,601,0
1094,2.8573,10.6923,0.0037,0.0000,0,0,0.0000,0,0.0000,0,0,0,930,0
1095,2.9853,10.5702,0.0040,0.0000,0,0,0.0000,0,0.0000,0,0,0,822,0
1096,5.2644,7.4469,0.0080,0.0000,0,0,0.0000,0,0.0000,0,0,0,601,0
1097,2.9532,6.4157,0.0013,0.0000,0,0,0.0000,0,0.0000,0,0,0,601,0
1098,2.8573,22.5655,0.0119,0.0000,0,0,0.0000,0,0.0000,0,0,0,895,0
1099,2.9853,22.2194,0.0120,0.0000,0,0,0.0000,0,0.0000,0,0,0,916,0
1100,5.2644,7.1508,0.0041,0.0000,0,0,0.0000,0,0.0000,0,0,0,601,0
1101,2.9532,6.0245,0.0008,0.0000,0,0,0.0000,0,0.0000,0,0,0,601,0
1102,2.8573,10.8406,0.0012,0.0000,0,0,0.0000,0,0.0000,0,0,0,842,0
1103,2.9853,10.7730,0.0017,0.0000,0,0,0.0000,0,0.0000,0,0,0,834,0
1104,5.2644,5.9403,0.0017,0.0000,0,0,0.0000,0,0.0000,0,0,0,601,0
1105,2.9532,5.7387,0.0010,0.0000,0,0,0.0000,0,0.0000,0,0,0,601,0
1106,2.8573,10.5248,0.0020,0.0000,0,0,0.0000,0,0.0000,0,0,0,883,0
1107,2.9853,10.4247,0.0011,0.0000,0,0,0.0000,0,0.0000,0,0,0,951,0
1108,5.2644,6.0007,0.0028,0.0000,0,0,0.0000,0,0.0000,0,0,0,601,0
1109,2.9532,5.7238,0.0024,0.0000,0,0,0.0000,0,0.0000,0,0,0,601,0
1110,2.8573,10.7125,0.0043,0.0000,0,0,0.0000,0,0.0000,0,0,0,1009,0
1111,2.9853,10.6497,0.0017,0.0000,0,0,0.0000,0,0.0000,0,0,0,698,0
1112,5.2644,6.8841,0.0066,0.0000,0,0,0.0000,0,0.0000,0,0,0,601,0
1113,2.9532,6.1764,0.0027,0.0000,0,0,0.0000,0,0.0000,0,0,0,601,0
1114,2.8573,10.4509,0.0037,0.0000,0,0,0.0000,0,0.0000,0,0,0,696,0
1115,2.9853,10.2476,0.0034,0.0000,0,0,0.0000,0,0.0000,0,0,0,700,0
1116,5.2644,7.0743,0.0100,0.0000,0,0,0.0000,0,0.0000,0,0,0,601,0
1117,2.9532,6.4507,0.0026,0.0000,0,0,0.0000,0,0.0000,0,0,0,601,0
1118,2.8573,11.2052,0.0097,0.0000,0,0,0.0000,0,0.0000,0,0,0,696,0
1119,2.9853,10.8700,0.0035,0.0000,0,0,0.0000,0,0.0000,0,0,0,711,0
1120,5.2644,7.2775,0.0119,0.0000,0,0,0.0000,0,0.0000,0,0,0,601,0
1121,2.9532,6.8007,0.0022,0.0000,0,0,0.0000,0,0.0000,0,0,0,601,0
1122,2.8573,10.9413,0.0096,0.0000,0,0,0.0000,0,0.0000,0,0,0,696,0
1123,2.9853,10.9301,0.0033,0.0000,0,0,0.0000,0,0.0000,0,0,0,717,0
1124,5.2644,7.2086,0.0107,0.0000,0,0,0.0000,0,0.0000,0,0,0,601,0
1125,2.9532,6.2144,0.0017,0.0000,0,0,0.0000,0,0.0000,0,0,0,601,0
1126,2.8573,11.1613,0.0044,0.0000,0,0,0.0000,0,0.0000,0,0,0,707,0
1127,2.9853,10.3275,0.0044,0.0000,0,0,0.0000,0,0.0000,0,0,0,743,0
1128,5.2644,6.7639,0.0061,0.0000,0,0,0.0000,0,0.0000,0,0,0,601,0
1129,2.9532,6.0650,0.0030,0.0000,0,0,0.0000,0,0.0000,0,0,0,601,0
1130,2.8573,10.4687,0.0047,0.0000,0,0,0.0000,0,0.0000,0,0,0,732,0
1131,2.9853,10.2780,0.0023,0.0000,0,0,0.0000,0,0.0000,0,0,0,733,0
1132,5.2644,6.0917,0.0031,0.0000,0,0,0.0000,0,0.0000,0,0,0,601,0
1133,2.9532,6.0045,0.0022,0.0000,0,0,0.0000,0,0.0000,0,0,0,601,0
1134,2.8573,10.1779,0.0036,0.0000,0,0,0.0000,0,0.0000,0,0,0,705,0
1135,2.9853,10.0344,0.0037,0.0000,0,0,0.0000,0,0.0000,0,0,0,821,0
1136,5.2644,6.5572,0.0056,0.0000,0,0,0.0000,0,0.0000,0,0,0,601,0
1137,2.9532,6.0313,0.0029,0.0000,0,0,0.0000,0,0.0000,0,0,0,601,0
1138,2.8573,10.5244,0.0034,0.0000,0,0,0.0000,0,0.0000,0,0,0,734,0
1139,2.9853,10.3940,0.0029,0.0000,0,0,0.0000,0,0.0000,0,0,0,696,0
1140,5.2644,6.5075,0.0053,0.0000,0,0,0.0000,0,0.0000,0,0,0,601,0
1141,2.9532,6.0364,0.0027,0.0000,0,0,0.0000,0,0.0000,0,0,0,601,0
1142,2.8573,10.7514,0.0050,0.0000,0,0,0.0000,0,0.0000,0,0,0,722,0
1143,2.9853,10.3945,0.0050,0.0000,0,0,0.0000,0,0.0000,0,0,0,696,0
1144,5.2644,6.6242,0.0045,0.0000,0,0,0.0000,0,0.0000,0,0,0,601,0
1145,2.9532,5.9018,0.0018,0.0000,0,0,0.0000,0,0.0000,0,0,0,601,0
1146,2.8573,10.6870,0.0058,0.0000,0,0,0.0000,0,0.0000,0,0,0,705,0
1147,2.9853,10.9135,0.0031,0.0000,0,0,0.0000,0,0.0000,0,0,0,696,0
1148,5.2644,7.3572,0.0077,0.0000,0,0,0.0000,0,0.0000,0,0,0,601,0
1149,2.9532,6.0412,0.0016,0.0000,0,0,0.0000,0,0.0000,0,0,0,601,0
1150,2.8573,10.6815,0.0030,0.0000,0,0,0.0000,0,0.0000,0,0,0,709,0
1151,2.9853,11.0481,0.0024,0.0000,0,0,0.0000,0,0.0000,0,0,0,722,0
1152,5.2644,6.8725,0.0094,0.0000,0,0,0.0000,0,0.0000,0,0,0,601,0
1153,2.9532,6.2043,0.0014,0.0000,0,0,0.0000,0,0.0000,0,0,0,601,0
1154,2.8573,10.8402,0.0085,0.0000,0,0,0.0000,0,0.0000,0,0,0,931,0
1155,2.9853,10.7598,0.0022,0.0000,0,0,0.0000,0,0.0000,0,0,0,752,0
1156,5.2644,8.8701,0.0087,0.0000,0,0,0.0000,0,0.0000,0,0,0,601,0
1157,2.9532,7.6566,0.0022,0.0000,0,0,0.0000,0,0.0000,0,0,0,601,0
1158,2.8573,11.2909,0.0065,0.0000,0,0,0.0000,0,0.0000,0,0,0,696,0
1159,2.9853,11.1527,0.0013,0.0000,0,0,0.0000,0,0.0000,0,0,0,733,0
1160,5.2644,7.2778,0.0077,0.0000,0,0,0.0000,0,0.0000,0,0,0,601,0
1161,2.9532,6.3336,0.0015,0.0000,0,0,0.0000,0,0.0000,0,0,0,601,0
1162,2.8573,10.8366,0.0065,0.0000,0,0,0.0000,0,0.0000,0,0,0,696,0
1163,2.9853,10.8669,0.0025,0.0000,0,0,0.0000,0,0.0000,0,0,0,781,0
1164,5.2644,7.1689,0.0090,0.0000,0,0,0.0000,0,0.0000,0,0,0,601,0
1165,2.9532,6.2195,0.0017,0.0000,0,0,0.0000,0,0.0000,0,0,0,601,0
1166,2.8573,11.8433,0.0026,0.0000,0,0,0.0000,0,0.0000,0,0,0,696,0
1167,2.9853,11.2243,0.0094,0.0000,0,0,0.0000,0,0.0000,0,0,0,696,0
1168,5.2644,7.5762,0.0109,0.0000,0,0,0.0000,0,0.0000,0,0,0,601,0
1169,2.9532,6.5420,0.0019,0.0000,0,0,0.0000,0,0.0000,0,0,0,601,0
1170,2.8573,10.3864,0.0055,0.0000,0,0,0.0000,0,0.0000,0,0,0,712,0
1171,2.9853,10.5882,0.0022,0.0000,0,0,0.0000,0,0.0000,0,0,0,696,0
1172,5.2644,7.0142,0.0055,0.0000,0,0,0.0000,0,0.0000,0,0,0,601,0
1173,2.9532,6.3085,0.0018,0.0000,0,0,0.0000,0,0.0000,0,0,0,601,0
1174,2.8573,10.1591,0.0022,0.0000,0,0,0.0000,0,0.0000,0,0,0,715,0
1175,2.9853,10.6236,0.0013,0.0000,0,0,0.0000,0,0.0000,0,0,0,701,0
1176,5.2644,6.8054,0.0044,0.0000,0,0,0.0000,0,0.0000,0,0,0,601,0
1177,2.9532,6.2435,0.0023,0.0000,0,0,0.0000,0,0.0000,0,0,0,601,0
1178,2.8573,11.4735,0.0018,0.0000,0,0,0.0000,0,0.0000,0,0,0,705,0
1179,2.9853,11.3322,0.0014,0.0000,0,0,0.0000,0,0.0000,0,0,0,732,0
1180,5.2644,6.4795,0.0018,0.0000,0,0,0.0000,0,0.0000,0,0,0,601,0
1181,2.9532,6.0410,0.0025,0.0000,0,0,0.0000,0,0.0000,0,0,0,601,0
1182,2.8573,10.9730,0.0017,0.0000,0,0,0.0000,0,0.0000,0,0,0,750,0
1183,2.9853,10.8815,0.0009,0.0000,0,0,0.0000,0,0.0000,0,0,0,731,0
1184,5.2644,6.0870,0.0019,0.0000,0,0,0.0000,0,0.0000,0,0,0,601,0
1185,2.9532,5.9740,0.0010,0.0000,0,0,0.0000,0,0.0000,0,0,0,601,0
1186,2.8573,10.9560,0.0012,0.0000,0,0,0.0000,0,0.0000,0,0,0,730,0
1187,2.9853,10.9271,0.0019,0.0000,0,0,0.0000,0,0.0000,0,0,0,730,0
1188,5.2644,6.2329,0.0017,0.0000,0,0,0.0000,0,0.0000,0,0,0,601,0
1189,2.9532,6.0495,0.0015,0.0000,0,0,0.0000,0,0.0000,0,0,0,601,0
1190,2.8573,11.0091,0.0015,0.0000,0,0,0.0000,0,0.0000,0,0,0,710,0
1191,2.9853,10.9283,0.0016,0.0000,0,0,0.0000,0,0.0000,0,0,0,757,0
1192,5.2644,6.3020,0.0019,0.0000,0,0,0.0000,0,0.0000,0,0,0,601,0
1193,2.9532,6.0795,0.0009,0.0000,0,0,0.0000,0,0.0000,0,0,0,601,0
1194,2.8573,11.0971,0.0200,0.0000,0,0,0.0000,0,0.0000,0,0,0,709,0
1195,2.9853,11.0967,0.0053,0.0000,0,0,0.0000,0,0.0000,0,0,0,750,0
1196,5.2644,6.6832,0.0043,0.0000,0,0,0.0000,0,0.0000,0,0,0,601,0
1197,2.9532,6.0811,0.0043,0.0000,0,0,0.0000,0,0.0000,0,0,0,601,0
1198,2.8573,11.1895,0.0010,0.0000,0,0,0.0000,0,0.0000,0,0,0,869,0
1199,2.9853,10.8717,0.0029,0.0000,0,0,0.0000,0,0.0000,0,0,0,696,0
1200,5.2644,6.8119,0.0427,0.0000,0,0,0.0000,0,0.0000,0,1,0,114511,0
1201,2.9532,6.2202,0.0372,0.0000,0,0,0.0000,0,0.0000,0,1,0,78514,0
1202,2.8573,11.0515,0.0348,0.0000,0,0,0.0000,0,0.0000,0,1,0,109057,0
1203,2.9853,10.9964,0.0260,0.0000,0,0,0.0000,0,0.0000,0,1,0,110017,0
1204,5.2644,6.9249,0.0212,0.0000,0,0,0.0000,0,0.0000,0,0,0,13627,0
1205,2.9532,6.3113,0.0058,0.0000,0,0,0.0000,0,0.0000,0,0,0,9905,0
1206,2.8573,11.5430,0.0190,0.0000,0,0,0.0000,0,0.0000,0,0,0,16976,0
1207,2.9853,11.4104,0.0129,0.0000,0,0,0.0000,0,0.0000,0,0,0,18111,0
1208,5.2644,6.4915,0.0034,0.0000,0,0,0.0000,0,0.0000,0,0,0,6718,0
1209,2.9532,6.0945,0.0023,0.0000,0,0,0.0000,0,0.0000,0,0,0,5100,0
1210,2.8573,11.1556,0.0169,0.0000,0,0,0.0000,0,0.0000,0,0,0,19718,0
1211,2.9853,11.1090,0.0095,0.0000,0,0,0.0000,0,0.0000,0,0,0,16497,0
1212,5.2644,6.1154,0.0034,0.0000,0,0,0.0000,0,0.0000,0,0,0,8111,0
1213,2.9532,5.9357,0.0023,0.0000,0,0,0.0000,0,0.0000,0,0,0,4323,0
1214,2.8573,10.9639,0.0035,0.0000,0,0,0.0000,0,0.0000,0,0,0,14471,0
1215,2.9853,10.9900,0.0026,0.0000,0,0,0.0000,0,0.0000,0,0,0,11600,0
1216,5.2644,6.1521,0.0028,0.0000,0,0,0.0000,0,0.0000,0,0,0,5563,0
1217,2.9532,5.9675,0.0025,0.0000,0,0,0.0000,0,0.0000,0,0,0,5033,0
1218,2.8573,11.0378,0.0031,0.0000,0,0,0.0000,0,0.0000,0,0,0,11526,0
1219,2.9853,10.9642,0.0025,0.0000,0,0,0.0000,0,0.0000,0,0,0,11502,0
1220,5.2644,7.1289,0.0103,0.0000,0,0,0.0000,0,0.0000,0,0,0,4043,0
1221,2.9532,6.4202,0.0103,0.0000,0,0,0.0000,0,0.0000,0,0,0,3216,0
1222,2.8573,11.2507,0.0032,0.0000,0,0,0.0000,0,0.0000,0,0,0,7446,0
1223,2.9853,10.9460,0.0031,0.0000,0,0,0.0000,0,0.0000,0,0,0,3814,0
1224,5.2644,5.9993,0.0029,0.0000,0,0,0.0000,0,0.0000,0,0,0,3170,0
1225,2.9532,5.6158,0.0028,0.0000,0,0,0.0000,0,0.0000,0,0,0,2351,0
1226,2.8573,10.5433,0.0031,0.0000,0,0,0.0000,0,0.0000,0,0,0,6708,0
1227,2.9853,10.4335,0.0031,0.0000,0,0,0.0000,0,0.0000,0,0,0,3433,0
1228,5.2644,6.2052,0.0060,0.0000,0,0,0.0000,0,0.0000,0,0,0,2365,0
1229,2.9532,5.9010,0.0060,0.0000,0,0,0.0000,0,0.0000,0,0,0,1707,0
1230,2.8573,10.8807,0.0022,0.0000,0,0,0.0000,0,0.0000,0,0,0,4540,0
1231,2.9853,10.8693,0.0009,0.0000,0,0,0.0000,0,0.0000,0,0,0,3115,0
1232,5.2644,5.8042,0.0015,0.0000,0,0,0.0000,0,0.0000,0,0,0,2164,0
1233,2.9532,5.7276,0.0012,0.0000,0,0,0.0000,0,0.0000,0,0,0,1336,0
1234,2.8573,10.5025,0.0014,0.0000,0,0,0.0000,0,0.0000,0,0,0,3571,0
1235,2.9853,10.4834,0.0013,0.0000,0,0,0.0000,0,0.0000,0,0,0,3093,0
1236,5.2644,5.7412,0.0012,0.0000,0,0,0.0000,0,0.0000,0,0,0,1745,0
1237,2.9532,5.6454,0.0012,0.0000,0,0,0.0000,0,0.0000,0,0,0,980,0
1238,2.8573,10.4049,0.0022,0.0000,0,0,0.0000,0,0.0000,0,0,0,2877,0
1239,2.9853,10.3746,0.0039,0.0000,0,0,0.0000,0,0.0000,0,0,0,3130,0
1240,5.2644,6.0076,0.0040,0.0000,0,0,0.0000,0,0.0000,0,0,0,1602,0
1241,2.9532,5.6403,0.0015,0.0000,0,0,0.0000,0,0.0000,0,0,0,804,0
1242,2.8573,10.4821,0.0046,0.0000,0,0,0.0000,0,0.0000,0,0,0,3019,0
1243,2.9853,10.3025,0.0046,0.0000,0,0,0.0000,0,0.0000,0,0,0,2592,0
1244,5.2644,5.9605,0.0037,0.0000,0,0,0.0000,0,0.0000,0,0,0,1409,0
1245,2.9532,5.6579,0.0015,0.0000,0,0,0.0000,0,0.0000,0,0,0,742,0
1246,2.8573,10.6843,0.0014,0.0000,0,0,0.0000,0,0.0000,0,0,0,943,0
1247,2.9853,10.5825,0.0017,0.0000,0,0,0.0000,0,0.0000,0,0,0,2083,0
1248,5.2644,5.8279,0.0015,0.0000,0,0,0.0000,0,0.0000,0,0,0,1193,0
1249,2.9532,5.6452,0.0013,0.0000,0,0,0.0000,0,0.0000,0,0,0,679,0
1250,2.8573,10.5071,0.0010,0.0000,0,0,0.0000,0,0.0000,0,0,0,707,0
1251,2.9853,10.4825,0.0011,0.0000,0,0,0.0000,0,0.0000,0,0,0,859,0
1252,5.2644,5.7288,0.0011,0.0000,0,0,0.0000,0,0.0000,0,0,0,1068,0
1253,2.9532,5.5908,0.0005,0.0000,0,0,0.0000,0,0.0000,0,0,0,620,0
1254,2.8573,10.6711,0.0010,0.0000,0,0,0.0000,0,0.0000,0,0,0,791,0
1255,2.9853,10.6779,0.0007,0.0000,0,0,0.0000,0,0.0000,0,0,0,757,0
1256,5.2644,5.6751,0.0010,0.0000,0,0,0.0000,0,0.0000,0,0,0,994,0
1257,2.9532,5.6083,0.0010,0.0000,0,0,0.0000,0,0.0000,0,0,0,607,0
1258,2.8573,10.5922,0.0011,0.0000,0,0,0.0000,0,0.0000,0,0,0,837,0
1259,2.9853,10.6192,0.0016,0.0000,0,0,0.0000,0,0.0000,0,0,0,770,0
1260,5.2644,5.9528,0.0014,0.0000,0,0,0.0000,0,0.0000,0,0,0,961,0
1261,2.9532,5.7637,0.0012,0.0000,0,0,0.0000,0,0.0000,0,0,0,601,0
1262,2.8573,10.6257,0.0028,0.0000,0,0,0.0000,0,0.0000,0,0,0,1120,0
1263,2.9853,10.5297,0.0015,0.0000,0,0,0.0000,0,0.0000,0,0,0,1002,0
1264,5.2644,5.8862,0.0023,0.0000,0,0,0.0000,0,0.0000,0,0,0,903,0
1265,2.9532,5.6365,0.0019,0.0000,0,0,0.0000,0,0.0000,0,0,0,601,0
1266,2.8573,10.7041,0.0028,0.0000,0,0,0.0000,0,0.0000,0,0,0,1033,0
1267,2.9853,10.5786,0.0012,0.0000,0,0,0.0000,0,0.0000,0,0,0,1154,0
1268,5.2644,5.7642,0.0022,0.0000,0,0,0.0000,0,0.0000,0,0,0,850,0
1269,2.9532,5.5486,0.0009,0.0000,0,0,0.0000,0,0.0000,0,0,0,601,0
1270,2.8573,10.4990,0.0062,0.0000,0,0,0.0000,0,0.0000,0,0,0,1323,0
1271,2.9853,10.4218,0.0014,0.0000,0,0,0.0000,0,0.0000,0,0,0,1020,0
1272,5.2644,5.8508,0.0018,0.0000,0,0,0.0000,0,0.0000,0,0,0,818,0
1273,2.9532,5.6842,0.0010,0.0000,0,0,0.0000,0,0.0000,0,0,0,601,0
1274,2.8573,10.5369,0.0008,0.0000,0,0,0.0000,0,0.0000,0,0,0,1158,0
1275,2.9853,10.5424,0.0013,0.0000,0,0,0.0000,0,0.0000,0,0,0,1397,0
1276,5.2644,5.7823,0.0013,0.0000,0,0,0.0000,0,0.0000,0,0,0,757,0
1277,2.9532,5.6948,0.0009,0.0000,0,0,0.0000,0,0.0000,0,0,0,601,0
1278,2.8573,10.4793,0.0010,0.0000,0,0,0.0000,0,0.0000,0,0,0,1102,0
1279,2.9853,10.4586,0.0009,0.0000,0,0,0.0000,0,0.0000,0,0,0,718,0
1280,5.2644,5.7644,0.0013,0.0000,0,0,0.0000,0,0.0000,0,0,0,826,0
1281,2.9532,5.6791,0.0009,0.0000,0,0,0.0000,0,0.0000,0,0,0,601,0
1282,2.8573,10.6444,0.0012,0.0000,0,0,0.0000,0,0.0000,0,0,0,947,0
1283,2.9853,10.6653,0.0015,0.0000,0,0,0.0000,0,0.0000,0,0,0,696,0
1284,5.2644,5.9077,0.0014,0.0000,0,0,0.0000,0,0.0000,0,0,0,810,0
1285,2.9532,5.7583,0.0010,0.0000,0,0,0.0000,0,0.0000,0,0,0,601,0
1286,2.8573,10.6250,0.0012,0.0000,0,0,0.0000,0,0.0000,0,0,0,1271,0
1287,2.9853,10.5769,0.0011,0.0000,0,0,0.0000,0,0.0000,0,0,0,715,0
1288,5.2644,5.9880,0.0026,0.0000,0,0,0.0000,0,0.0000,0,0,0,697,0
1289,2.9532,5.7557,0.0013,0.0000,0,0,0.0000,0,0.0000,0,0,0,601,0
1290,2.8573,10.3841,0.0011,0.0000,0,0,0.0000,0,0.0000,0,0,0,696,0
1291,2.9853,10.3761,0.0010,0.0000,0,0,0.0000,0,0.0000,0,0,0,798,0
1292,5.2644,5.7932,0.0017,0.0000,0,0,0.0000,0,0.0000,0,0,0,666,0
1293,2.9532,5.6042,0.0008,0.0000,0,0,0.0000,0,0.0000,0,0,0,601,0
1294,2.8573,10.5440,0.0009,0.0000,0,0,0.0000,0,0.0000,0,0,0,696,0
1295,2.9853,10.4881,0.0010,0.0000,0,0,0.0000,0,0.0000,0,0,0,925,0
1296,5.2644,5.8048,0.0012,0.0000,0,0,0.0000,0,0.0000,0,0,0,657,0
1297,2.9532,5.6448,0.0009,0.0000,0,0,0.0000,0,0.0000,0,0,0,601,0
1298,2.8573,10.4451,0.0008,0.0000,0,0,0.0000,0,0.0000,0,0,0,710,0
1299,2.9853,10.4291,0.0010,0.0000,0,0,0.0000,0,0.0000,0,0,0,917,0
1300,5.2644,5.8440,0.0014,0.0000,0,0,0.0000,0,0.0000,0,0,0,666,0
1301,2.9532,5.6400,0.0007,0.0000,0,0,0.0000,0,0.0000,0,0,0,601,0
1302,2.8573,10.6879,0.0010,0.0000,0,0,0.0000,0,0.0000,0,0,0,732,0
1303,2.9853,10.6731,0.0008,0.0000,0,0,0.0000,0,0.0000,0,0,0,1093,0
1304,5.2644,5.7595,0.0023,0.0000,0,0,0.0000,0,0.0000,0,0,0,640,0
1305,2.9532,5.6260,0.0013,0.0000,0,0,0.0000,0,0.0000,0,0,0,601,0
1306,2.8573,10.6528,0.0013,0.0000,0,0,0.0000,0,0.0000,0,0,0,773,0
1307,2.9853,10.6175,0.0008,0.0000,0,0,0.0000,0,0.0000,0,0,0,698,0
1308,5.2644,5.9192,0.0043,0.0000,0,0,0.0000,0,0.0000,0,0,0,654,0
1309,2.9532,5.6107,0.0007,0.0000,0,0,0.0000,0,0.0000,0,0,0,601,0
1310,2.8573,10.3896,0.0025,0.0000,0,0,0.0000,0,0.0000,0,0,0,741,0
1311,2.9853,10.3285,0.0007,0.0000,0,0,0.0000,0,0.0000,0,0,0,696,0
1312,5.2644,5.8708,0.0017,0.0000,0,0,0.0000,0,0.0000,0,0,0,628,0
1313,2.9532,5.5991,0.0007,0.0000,0,0,0.0000,0,0.0000,0,0,0,601,0
1314,2.8573,10.5974,0.0006,0.0000,0,0,0.0000,0,0.0000,0,0,0,842,0
1315,2.9853,10.6065,0.0007,0.0000,0,0,0.0000,0,0.0000,0,0,0,710,0
1316,5.2644,5.7510,0.0010,0.0000,0,0,0.0000,0,0.0000,0,0,0,610,0
1317,2.9532,5.6274,0.0005,0.0000,0,0,0.0000,0,0.0000,0,0,0,601,0
1318,2.8573,10.6146,0.0005,0.0000,0,0,0.0000,0,0.0000,0,0,0,777,0
1319,2.9853,10.6147,0.0005,0.0000,0,0,0.0000,0,0.0000,0,0,0,743,0
1320,5.2644,5.8166,0.0013,0.0000,0,0,0.0000,0,0.0000,0,0,0,610,0
1321,2.9532,5.6006,0.0005,0.0000,0,0,0.0000,0,0.0000,0,0,0,601,0
1322,2.8573,10.6357,0.0009,0.0000,0,0,0.0000,0,0.0000,0,0,0,753,0
1323,2.9853,10.6034,0.0012,0.0000,0,0,0.0000,0,0.0000,0,0,0,851,0
1324,5.2644,5.8607,0.0020,0.0000,0,0,0.0000,0,0.0000,0,0,0,601,0
1325,2.9532,5.7027,0.0016,0.0000,0,0,0.0000,0,0.0000,0,0,0,601,0
1326,2.8573,10.5734,0.0011,0.0000,0,0,0.0000,0,0.0000,0,0,0,761,0
1327,2.9853,10.5921,0.0008,0.0000,0,0,0.0000,0,0.0000,0,0,0,798,0
1328,5.2644,6.0364,0.0016,0.0000,0,0,0.0000,0,0.0000,0,0,0,601,0
1329,2.9532,5.7694,0.0007,0.0000,0,0,0.0000,0,0.0000,0,0,0,601,0
1330,2.8573,10.7969,0.0013,0.0000,0,0,0.0000,0,0.0000,0,0,0,1003,0
1331,2.9853,10.8417,0.0011,0.0000,0,0,0.0000,0,0.0000,0,0,0,969,0
1332,5.2644,5.9669,0.0014,0.0000,0,0,0.0000,0,0.0000,0,0,0,601,0
1333,2.9532,5.6995,0.0007,0.0000,0,0,0.0000,0,0.0000,0,0,0,601,0
1334,2.8573,10.6802,0.0013,0.0000,0,0,0.0000,0,0.0000,0,0,0,696,0
1335,2.9853,10.6013,0.0014,0.0000,0,0,0.0000,0,0.0000,0,0,0,701,0
1336,5.2644,5.7976,0.0030,0.0000,0,0,0.0000,0,0.0000,0,0,0,601,0
1337,2.9532,5.6350,0.0030,0.0000,0,0,0.0000,0,0.0000,0,0,0,601,0
1338,2.8573,10.9259,0.0075,0.0000,0,0,0.0000,0,0.0000,0,0,0,696,0
1339,2.9853,10.8768,0.0016,0.0000,0,0,0.0000,0,0.0000,0,0,0,696,0
1340,5.2644,6.0979,0.0123,0.0000,0,0,0.0000,0,0.0000,0,0,0,601,0
1341,2.9532,5.6310,0.0008,0.0000,0,0,0.0000,0,0.0000,0,0,0,601,0
1342,2.8573,10.7078,0.0017,0.0000,0,0,0.0000,0,0.0000,0,0,0,696,0
1343,2.9853,10.6625,0.0008,0.0000,0,0,0.0000,0,0.0000,0,0,0,702,0
1344,5.2644,6.4877,0.0025,0.0000,0,0,0.0000,0,0.0000,0,0,0,601,0
1345,2.9532,6.1074,0.0010,0.0000,0,0,0.0000,0,0.0000,0,0,0,601,0
1346,2.8573,11.3089,0.0007,0.0000,0,0,0.0000,0,0.0000,0,0,0,710,0
1347,2.9853,11.3093,0.0006,0.0000,0,0,0.0000,0,0.0000,0,0,0,734,0
1348,5.2644,6.3045,0.0025,0.0000,0,0,0.0000,0,0.0000,0,0,0,601,0
1349,2.9532,6.1373,0.0017,0.0000,0,0,0.0000,0,0.0000,0,0,0,601,0
1350,2.8573,11.2065,0.0015,0.0000,0,0,0.0000,0,0.0000,0,0,0,727,0
1351,2.9853,11.2323,0.0015,0.0000,0,0,0.0000,0,0.0000,0,0,0,788,0
1352,5.2644,6.1803,0.0372,0.0000,0,0,0.0000,0,0.0000,0,0,0,601,0
1353,2.9532,6.0329,0.0007,0.0000,0,0,0.0000,0,0.0000,0,0,0,601,0
1354,2.8573,11.1843,0.0015,0.0000,0,0,0.0000,0,0.0000,0,0,0,714,0
1355,2.9853,11.1790,0.0018,0.0000,0,0,0.0000,0,0.0000,0,0,0,848,0
1356,5.2644,6.1843,0.0029,0.0000,0,0,0.0000,0,0.0000,0,0,0,601,0
1357,2.9532,5.7843,0.0010,0.0000,0,0,0.0000,0,0.0000,0,0,0,601,0
1358,2.8573,10.6427,0.0023,0.0000,0,0,0.0000,0,0.0000,0,0,0,756,0
1359,2.9853,10.5220,0.0023,0.0000,0,0,0.0000,0,0.0000,0,0,0,958,0
1360,5.2644,5.8769,0.0012,0.0000,0,0,0.0000,0,0.0000,0,0,0,601,0
1361,2.9532,5.6418,0.0004,0.0000,0,0,0.0000,0,0.0000,0,0,0,601,0
1362,2.8573,10.7700,0.0007,0.0000,0,0,0.0000,0,0.0000,0,0,0,727,0
1363,2.9853,10.7890,0.0005,0.0000,0,0,0.0000,0,0.0000,0,0,0,696,0
1364,5.2644,5.7456,0.0012,0.0000,0,0,0.0000,0,0.0000,0,0,0,601,0
1365,2.9532,5.6036,0.0003,0.0000,0,0,0.0000,0,0.0000,0,0,0,601,0
1366,2.8573,10.5634,0.0035,0.0000,0,0,0.0000,0,0.0000,0,0,0,720,0
1367,2.9853,10.4877,0.0010,0.0000,0,0,0.0000,0,0.0000,0,0,0,696,0
1368,5.2644,5.7847,0.0020,0.0000,0,0,0.0000,0,0.0000,0,0,0,601,0
1369,2.9532,5.5929,0.0009,0.0000,0,0,0.0000,0,0.0000,0,0,0,601,0
1370,2.8573,10.5537,0.0034,0.0000,0,0,0.0000,0,0.0000,0,0,0,719,0
1371,2.9853,10.4738,0.0009,0.0000,0,0,0.0000,0,0.0000,0,0,0,696,0
1372,5.2644,5.9757,0.0027,0.0000,0,0,0.0000,0,0.0000,0,0,0,601,0
1373,2.9532,5.6683,0.0035,0.0000,0,0,0.0000,0,0.0000,0,0,0,601,0
1374,2.8573,10.6214,0.0024,0.0000,0,0,0.0000,0,0.0000,0,0,0,875,0
1375,2.9853,10.5421,0.0010,0.0000,0,0,0.0000,0,0.0000,0,0,0,724,0
1376,5.2644,5.8282,0.0032,0.0000,0,0,0.0000,0,0.0000,0,0,0,601,0
1377,2.9532,5.5830,0.0009,0.0000,0,0,0.0000,0,0.0000,0,0,0,601,0
1378,2.8573,10.5350,0.0012,0.0000,0,0,0.0000,0,0.0000,0,0,0,702,0
1379,2.9853,10.5287,0.0010,0.0000,0,0,0.0000,0,0.0000,0,0,0,737,0
1380,5.2644,5.8831,0.0024,0.0000,0,0,0.0000,0,0.0000,0,0,0,601,0
1381,2.9532,5.6588,0.0011,0.0000,0,0,0.0000,0,0.0000,0,0,0,601,0
1382,2.8573,10.5676,0.0016,0.0000,0,0,0.0000,0,0.0000,0,0,0,696,0
1383,2.9853,10.5482,0.0007,0.0000,0,0,0.0000,0,0.0000,0,0,0,733,0
1384,5.2644,5.8848,0.0027,0.0000,0,0,0.0000,0,0.0000,0,0,0,601,0
1385,2.9532,5.7037,0.0008,0.0000,0,0,0.0000,0,0.0000,0,0,0,601,0
1386,2.8573,10.5417,0.0017,0.0000,0,0,0.0000,0,0.0000,0,0,0,696,0
1387,2.9853,10.5382,0.0007,0.0000,0,0,0.0000,0,0.0000,0,0,0,857,0
1388,5.2644,5.7810,0.0032,0.0000,0,0,0.0000,0,0.0000,0,0,0,601,0
1389,2.9532,5.6406,0.0020,0.0000,0,0,0.0000,0,0.0000,0,0,0,601,0
1390,2.8573,10.5034,0.0039,0.0000,0,0,0.0000,0,0.0000,0,0,0,696,0
1391,2.9853,10.4464,0.0012,0.0000,0,0,0.0000,0,0.0000,0,0,0,696,0
1392,5.2644,5.8420,0.0028,0.0000,0,0,0.0000,0,0.0000,0,0,0,601,0
1393,2.9532,5.6183,0.0009,0.0000,0,0,0.0000,0,0.0000,0,0,0,601,0
1394,2.8573,10.6132,0.0042,0.0000,0,0,0.0000,0,0.0000,0,0,0,713,0
1395,2.9853,10.5110,0.0010,0.0000,0,0,0.0000,0,0.0000,0,0,0,696,0
1396,5.2644,5.7262,0.0026,0.0000,0,0,0.0000,0,0.0000,0,0,0,601,0
1397,2.9532,5.4740,0.0011,0.0000,0,0,0.0000,0,0.0000,0,0,0,601,0
1398,2.8573,10.4030,0.0015,0.0000,0,0,0.0000,0,0.0000,0,0,0,710,0
1399,2.9853,10.3542,0.0008,0.0000,0,0,0.0000,0,0.0000,0,0,0,701,0
1400,5.2644,5.7372,0.0023,0.0000,0,0,0.0000,0,0.0000,0,0,0,601,0
1401,2.9532,5.4632,0.0023,0.0000,0,0,0.0000,0,0.0000,0,0,0,601,0
1402,2.8573,10.5883,0.0012,0.0000,0,0,0.0000,0,0.0000,0,0,0,740,0
1403,2.9853,10.6075,0.0006,0.0000,0,0,0.0000,0,0.0000,0,0,0,712,0
1404,5.2644,5.6928,0.0027,0.0000,0,0,0.0000,0,0.0000,0,0,0,601,0
1405,2.9532,5.5061,0.0011,0.0000,0,0,0.0000,0,0.0000,0,0,0,601,0
1406,2.8573,10.6762,0.0008,0.0000,0,0,0.0000,0,0.0000,0,0,0,760,0
1407,2.9853,10.6773,0.0011,0.0000,0,0,0.0000,0,0.0000,0,0,0,744,0
1408,5.2644,5.7985,0.0029,0.0000,0,0,0.0000,0,0.0000,0,0,0,601,0
1409,2.9532,5.4875,0.0029,0.0000,0,0,0.0000,0,0.0000,0,0,0,601,0
1410,2.8573,10.4763,0.0014,0.0000,0,0,0.0000,0,0.0000,0,0,0,739,0
1411,2.9853,10.4715,0.0007,0.0000,0,0,0.0000,0,0.0000,0,0,0,717,0
1412,5.2644,5.8566,0.0040,0.0000,0,0,0.0000,0,0.0000,0,0,0,601,0
1413,2.9532,5.5539,0.0040,0.0000,0,0,0.0000,0,0.0000,0,0,0,601,0
1414,2.8573,10.5622,0.0013,0.0000,0,0,0.0000,0,0.0000,0,0,0,721,0
1415,2.9853,10.5797,0.0006,0.0000,0,0,0.0000,0,0.0000,0,0,0,790,0
1416,5.2644,5.8460,0.0031,0.0000,0,0,0.0000,0,0.0000,0,0,0,601,0
1417,2.9532,5.5809,0.0009,0.0000,0,0,0.0000,0,0.0000,0,0,0,601,0
1418,2.8573,10.6448,0.0007,0.0000,0,0,0.0000,0,0.0000,0,0,0,783,0
1419,2.9853,10.6813,0.0009,0.0000,0,0,0.0000,0,0.0000,0,0,0,696,0
1420,5.2644,5.7580,0.0026,0.0000,0,0,0.0000,0,0.0000,0,0,0,599,0
1421,2.9532,5.4795,0.0020,0.0000,0,0,0.0000,0,0.0000,0,0,0,599,0
1422,2.8573,10.5335,0.0010,0.0000,0,0,0.0000,0,0.0000,0,0,0,695,0
1423,2.9853,10.5251,0.0005,0.0000,0,0,0.0000,0,0.0000,0,0,0,695,0
1424,5.2644,5.7428,0.0033,0.0000,0,0,0.0000,0,0.0000,0,0,0,597,0
1425,2.9532,5.4871,0.0010,0.0000,0,0,0.0000,0,0.0000,0,0,0,597,0
1426,2.8573,10.4550,0.0010,0.0000,0,0,0.0000,0,0.0000,0,0,0,693,0
1427,2.9853,10.4629,0.0005,0.0000,0,0,0.0000,0,0.0000,0,0,0,697,0
1428,5.2644,6.0215,0.0025,0.0000,0,0,0.0000,0,0.0000,0,0,0,587,0
1429,2.9532,5.7363,0.0015,0.0000,0,0,0.0000,0,0.0000,0,0,0,587,0
1430,2.8573,10.9201,0.0044,0.0000,0,0,0.0000,0,0.0000,0,0,0,1072,0
1431,2.9853,10.8297,0.0044,0.0000,0,0,0.0000,0,0.0000,0,0,0,1480,0
1432,5.2644,6.5100,0.0061,0.0000,0,0,0.0000,0,0.0000,0,0,0,588,0
1433,2.9532,6.1053,0.0026,0.0000,0,0,0.0000,0,0.0000,0,0,0,588,0
1434,2.8573,10.2560,0.0035,0.0000,0,0,0.0000,0,0.0000,0,0,0,1334,0
1435,2.9853,10.3275,0.0036,0.0000,0,0,0.0000,0,0.0000,0,0,0,1403,0
1436,5.2644,6.3922,0.0042,0.0000,0,0,0.0000,0,0.0000,0,0,0,780,0
1437,2.9532,6.1055,0.0021,0.0000,0,0,0.0000,0,0.0000,0,0,0,774,0
1438,2.8573,10.1233,0.0036,0.0000,0,0,0.0000,0,0.0000,0,0,0,820,0
1439,2.9853,10.0113,0.0026,0.0000,0,0,0.0000,0,0.0000,0,0,0,867,0
1440,5.2644,31.2258,0.0105,0.0000,0,0,0.0000,0,0.0000,0,1,0,60271,0
1441,2.9532,38.5358,0.0081,0.0000,0,0,0.0000,0,0.0000,0,1,0,43482,0
1442,2.8573,28.7059,0.0069,0.0000,0,0,0.0000,0,0.0000,0,1,0,59828,0
1443,2.9853,28.4009,0.0103,0.0000,0,0,0.0000,0,0.0000,0,1,0,68126,0
1444,5.2644,6.0158,0.0150,0.0000,0,0,0.0000,0,0.0000,0,0,0,16498,0
1445,2.9532,5.8988,0.0036,0.0000,0,0,0.0000,0,0.0000,0,0,0,14403,0
1446,2.8573,10.8669,0.0214,0.0000,0,0,0.0000,0,0.0000,0,0,0,17862,0
1447,2.9853,10.8678,0.0067,0.0000,0,0,0.0000,0,0.0000,0,0,0,17138,0
1448,5.2644,5.7876,0.0033,0.0000,0,0,0.0000,0,0.0000,0,0,0,9226,0
1449,2.9532,5.6464,0.0019,0.0000,0,0,0.0000,0,0.0000,0,0,0,6914,0
1450,2.8573,10.7335,0.0029,0.0000,0,0,0.0000,0,0.0000,0,0,0,11125,0
1451,2.9853,10.7149,0.0020,0.0000,0,0,0.0000,0,0.0000,0,0,0,9621,0
1452,5.2644,6.0153,0.0081,0.0000,0,0,0.0000,0,0.0000,0,0,0,17369,0
1453,2.9532,5.7897,0.0245,0.0000,0,0,0.0000,0,0.0000,0,0,0,16755,0
1454,2.8573,10.9697,0.0118,0.0000,0,0,0.0000,0,0.0000,0,0,0,19658,0
1455,2.9853,10.9360,0.0020,0.0000,0,0,0.0000,0,0.0000,0,0,0,15622,0
1456,5.2644,5.8209,0.0073,0.0000,0,0,0.0000,0,0.0000,0,0,0,23309,0
1457,2.9532,5.7658,0.0083,0.0000,0,0,0.0000,0,0.0000,0,0,0,20346,0
1458,2.8573,10.5458,0.0045,0.0000,0,0,0.0000,0,0.0000,0,0,0,22802,0
1459,2.9853,10.5690,0.0033,0.0000,0,0,0.0000,0,0.0000,0,0,0,21407,0
1460,5.2644,5.8276,0.0085,0.0000,0,0,0.0000,0,0.0000,0,0,0,13027,0
1461,2.9532,5.6322,0.0017,0.0000,0,0,0.0000,0,0.0000,0,0,0,11737,0
1462,2.8573,10.5131,0.0022,0.0000,0,0,0.0000,0,0.0000,0,0,0,12722,0
1463,2.9853,10.4853,0.0019,0.0000,0,0,0.0000,0,0.0000,0,0,0,16214,0
1464,5.2644,5.8030,0.0026,0.0000,0,0,0.0000,0,0.0000,0,0,0,7002,0
1465,2.9532,5.7194,0.0013,0.0000,0,0,0.0000,0,0.0000,0,0,0,5132,0
1466,2.8573,10.7759,0.0015,0.0000,0,0,0.0000,0,0.0000,0,0,0,7491,0
1467,2.9853,10.7520,0.0015,0.0000,0,0,0.0000,0,0.0000,0,0,0,4790,0
1468,5.2644,5.9279,0.0013,0.0000,0,0,0.0000,0,0.0000,0,0,0,3933,0
1469,2.9532,5.7517,0.0022,0.0000,0,0,0.0000,0,0.0000,0,0,0,3799,0
1470,2.8573,10.7149,0.0014,0.0000,0,0,0.0000,0,0.0000,0,0,0,4399,0
1471,2.9853,10.7052,0.0011,0.0000,0,0,0.0000,0,0.0000,0,0,0,3276,0
1472,5.2644,5.8833,0.0013,0.0000,0,0,0.0000,0,0.0000,0,0,0,3260,0
1473,2.9532,5.7446,0.0010,0.0000,0,0,0.0000,0,0.0000,0,0,0,2850,0
1474,2.8573,10.9207,0.0014,0.0000,0,0,0.0000,0,0.0000,0,0,0,3280,0
1475,2.9853,10.9029,0.0011,0.0000,0,0,0.0000,0,0.0000,0,0,0,2761,0
1476,5.2644,5.9208,0.0014,0.0000,0,0,0.0000,0,0.0000,0,0,0,3090,0
1477,2.9532,5.7114,0.0008,0.0000,0,0,0.0000,0,0.0000,0,0,0,2691,0
1478,2.8573,10.6151,0.0015,0.0000,0,0,0.0000,0,0.0000,0,0,0,3020,0
1479,2.9853,10.5863,0.0012,0.0000,0,0,0.0000,0,0.0000,0,0,0,2648,0
1480,5.2644,5.9038,0.0015,0.0000,0,0,0.0000,0,0.0000,0,0,0,2664,0
1481,2.9532,5.7444,0.0010,0.0000,0,0,0.0000,0,0.0000,0,0,0,2213,0
1482,2.8573,10.7761,0.0012,0.0000,0,0,0.0000,0,0.0000,0,0,0,1084,0
1483,2.9853,10.7468,0.0012,0.0000,0,0,0.0000,0,0.0000,0,0,0,2638,0
1484,5.2644,5.8989,0.0013,0.0000,0,0,0.0000,0,0.0000,0,0,0,1673,0
1485,2.9532,5.7803,0.0010,0.0000,0,0,0.0000,0,0.0000,0,0,0,1302,0
1486,2.8573,10.8324,0.0015,0.0000,0,0,0.0000,0,0.0000,0,0,0,959,0
1487,2.9853,10.8263,0.0012,0.0000,0,0,0.0000,0,0.0000,0,0,0,2173,0
1488,5.2644,5.9092,0.0014,0.0000,0,0,0.0000,0,0.0000,0,0,0,1538,0
1489,2.9532,5.8165,0.0012,0.0000,0,0,0.0000,0,0.0000,0,0,0,1107,0
1490,2.8573,10.6869,0.0018,0.0000,0,0,0.0000,0,0.0000,0,0,0,819,0
1491,2.9853,10.6515,0.0015,0.0000,0,0,0.0000,0,0.0000,0,0,0,1668,0
1492,5.2644,5.8660,0.0027,0.0000,0,0,0.0000,0,0.0000,0,0,0,1248,0
1493,2.9532,5.7519,0.0013,0.0000,0,0,0.0000,0,0.0000,0,0,0,944,0
1494,2.8573,10.5518,0.0010,0.0000,0,0,0.0000,0,0.0000,0,0,0,945,0
1495,2.9853,10.4463,0.0013,0.0000,0,0,0.0000,0,0.0000,0,0,0,743,0
1496,5.2644,5.9238,0.0022,0.0000,0,0,0.0000,0,0.0000,0,0,0,1198,0
1497,2.9532,5.6861,0.0013,0.0000,0,0,0.0000,0,0.0000,0,0,0,836,0
1498,2.8573,10.5505,0.0012,0.0000,0,0,0.0000,0,0.0000,0,0,0,1250,0
1499,2.9853,10.5182,0.0011,0.0000,0,0,0.0000,0,0.0000,0,0,0,717,0
1500,5.2644,6.0241,0.0010,0.0000,0,0,0.0000,0,0.0000,0,0,0,1168,0
1501,2.9532,5.8425,0.0013,0.0000,0,0,0.0000,0,0.0000,0,0,0,792,0
1502,2.8573,10.8806,0.0010,0.0000,0,0,0.0000,0,0.0000,0,0,0,1108,0
1503,2.9853,10.8660,0.0008,0.0000,0,0,0.0000,0,0.0000,0,0,0,792,0
1504,5.2644,5.9172,0.0018,0.0000,0,0,0.0000,0,0.0000,0,0,0,1037,0
1505,2.9532,5.8175,0.0010,0.0000,0,0,0.0000,0,0.0000,0,0,0,722,0
1506,2.8573,11.0875,0.0015,0.0000,0,0,0.0000,0,0.0000,0,0,0,1361,0
1507,2.9853,11.1035,0.0008,0.0000,0,0,0.0000,0,0.0000,0,0,0,925,0
1508,5.2644,6.0575,0.0013,0.0000,0,0,0.0000,0,0.0000,0,0,0,987,0
1509,2.9532,5.9690,0.0009,0.0000,0,0,0.0000,0,0.0000,0,0,0,676,0
1510,2.8573,11.1149,0.0010,0.0000,0,0,0.0000,0,0.0000,0,0,0,1198,0
1511,2.9853,11.1193,0.0010,0.0000,0,0,0.0000,0,0.0000,0,0,0,1094,0
1512,5.2644,6.1452,0.0014,0.0000,0,0,0.0000,0,0.0000,0,0,0,879,0
1513,2.9532,6.0807,0.0017,0.0000,0,0,0.0000,0,0.0000,0,0,0,648,0
1514,2.8573,11.1810,0.0010,0.0000,0,0,0.0000,0,0.0000,0,0,0,1117,0
1515,2.9853,11.1774,0.0009,0.0000,0,0,0.0000,0,0.0000,0,0,0,1077,0
1516,5.2644,6.1489,0.0013,0.0000,0,0,0.0000,0,0.0000,0,0,0,746,0
1517,2.9532,6.1025,0.0010,0.0000,0,0,0.0000,0,0.0000,0,0,0,643,0
1518,2.8573,11.1441,0.0015,0.0000,0,0,0.0000,0,0.0000,0,0,0,1064,0
1519,2.9853,11.1156,0.0019,0.0000,0,0,0.0000,0,0.0000,0,0,0,1295,0
1520,5.2644,6.2631,0.0025,0.0000,0,0,0.0000,0,0.0000,0,0,0,687,0
1521,2.9532,6.0747,0.0012,0.0000,0,0,0.0000,0,0.0000,0,0,0,622,0
1522,2.8573,11.1836,0.0032,0.0000,0,0,0.0000,0,0.0000,0,0,0,1368,0
1523,2.9853,11.0502,0.0011,0.0000,0,0,0.0000,0,0.0000,0,0,0,709,0
1524,5.2644,6.2476,0.0017,0.0000,0,0,0.0000,0,0.0000,0,0,0,716,0
1525,2.9532,5.8757,0.0007,0.0000,0,0,0.0000,0,0.0000,0,0,0,620,0
1526,2.8573,11.1511,0.0011,0.0000,0,0,0.0000,0,0.0000,0,0,0,710,0
1527,2.9853,11.0843,0.0008,0.0000,0,0,0.0000,0,0.0000,0,0,0,715,0
1528,5.2644,5.9605,0.0011,0.0000,0,0,0.0000,0,0.0000,0,0,0,717,0
1529,2.9532,5.7665,0.0005,0.0000,0,0,0.0000,0,0.0000,0,0,0,613,0
1530,2.8573,10.6773,0.0012,0.0000,0,0,0.0000,0,0.0000,0,0,0,696,0
1531,2.9853,10.6188,0.0008,0.0000,0,0,0.0000,0,0.0000,0,0,0,724,0
1532,5.2644,5.8272,0.0008,0.0000,0,0,0.0000,0,0.0000,0,0,0,685,0
1533,2.9532,5.7681,0.0010,0.0000,0,0,0.0000,0,0.0000,0,0,0,617,0
1534,2.8573,10.8787,0.0010,0.0000,0,0,0.0000,0,0.0000,0,0,0,755,0
1535,2.9853,10.8861,0.0008,0.0000,0,0,0.0000,0,0.0000,0,0,0,779,0
1536,5.2644,5.7770,0.0025,0.0000,0,0,0.0000,0,0.0000,0,0,0,664,0
1537,2.9532,5.6829,0.0014,0.0000,0,0,0.0000,0,0.0000,0,0,0,622,0
1538,2.8573,10.5226,0.0012,0.0000,0,0,0.0000,0,0.0000,0,0,0,785,0
1539,2.9853,10.4820,0.0008,0.0000,0,0,0.0000,0,0.0000,0,0,0,906,0
1540,5.2644,5.8239,0.0021,0.0000,0,0,0.0000,0,0.0000,0,0,0,636,0
1541,2.9532,5.8287,0.0016,0.0000,0,0,0.0000,0,0.0000,0,0,0,626,0
1542,2.8573,10.6077,0.0016,0.0000,0,0,0.0000,0,0.0000,0,0,0,868,0
1543,2.9853,10.5275,0.0008,0.0000,0,0,0.0000,0,0.0000,0,0,0,830,0
1544,5.2644,5.8872,0.0010,0.0000,0,0,0.0000,0,0.0000,0,0,0,635,0
1545,2.9532,5.7907,0.0011,0.0000,0,0,0.0000,0,0.0000,0,0,0,608,0
1546,2.8573,10.7182,0.0012,0.0000,0,0,0.0000,0,0.0000,0,0,0,801,0
1547,2.9853,10.7154,0.0010,0.0000,0,0,0.0000,0,0.0000,0,0,0,966,0
1548,5.2644,6.1638,0.0018,0.0000,0,0,0.0000,0,0.0000,0,0,0,650,0
1549,2.9532,6.1171,0.0010,0.0000,0,0,0.0000,0,0.0000,0,0,0,606,0
1550,2.8573,11.1185,0.0012,0.0000,0,0,0.0000,0,0.0000,0,0,0,1017,0
1551,2.9853,11.1354,0.0013,0.0000,0,0,0.0000,0,0.0000,0,0,0,705,0
1552,5.2644,6.1169,0.0015,0.0000,0,0,0.0000,0,0.0000,0,0,0,646,0
1553,2.9532,6.1143,0.0010,0.0000,0,0,0.0000,0,0.0000,0,0,0,607,0
1554,2.8573,11.0855,0.0016,0.0000,0,0,0.0000,0,0.0000,0,0,0,933,0
1555,2.9853,11.1335,0.0011,0.0000,0,0,0.0000,0,0.0000,0,0,0,703,0
1556,5.2644,6.1037,0.0014,0.0000,0,0,0.0000,0,0.0000,0,0,0,651,0
1557,2.9532,6.0014,0.0010,0.0000,0,0,0.0000,0,0.0000,0,0,0,609,0
1558,2.8573,11.0082,0.0014,0.0000,0,0,0.0000,0,0.0000,0,0,0,926,0
1559,2.9853,10.9596,0.0014,0.0000,0,0,0.0000,0,0.0000,0,0,0,728,0
1560,5.2644,6.1513,0.0022,0.0000,0,0,0.0000,0,0.0000,0,0,0,638,0
1561,2.9532,6.0160,0.0010,0.0000,0,0,0.0000,0,0.0000,0,0,0,601,0
1562,2.8573,11.0110,0.0022,0.0000,0,0,0.0000,0,0.0000,0,0,0,856,0
1563,2.9853,10.9129,0.0015,0.0000,0,0,0.0000,0,0.0000,0,0,0,752,0
1564,5.2644,6.2337,0.0021,0.0000,0,0,0.0000,0,0.0000,0,0,0,623,0
1565,2.9532,5.9649,0.0010,0.0000,0,0,0.0000,0,0.0000,0,0,0,601,0
1566,2.8573,11.0545,0.0010,0.0000,0,0,0.0000,0,0.0000,0,0,0,1082,0
1567,2.9853,10.9882,0.0037,0.0000,0,0,0.0000,0,0.0000,0,0,0,805,0
1568,5.2644,6.1890,0.0025,0.0000,0,0,0.0000,0,0.0000,0,0,0,626,0
1569,2.9532,5.9991,0.0012,0.0000,0,0,0.0000,0,0.0000,0,0,0,601,0
1570,2.8573,11.0693,0.0013,0.0000,0,0,0.0000,0,0.0000,0,0,0,712,0
1571,2.9853,11.0355,0.0009,0.0000,0,0,0.0000,0,0.0000,0,0,0,775,0
1572,5.2644,6.1135,0.0014,0.0000,0,0,0.0000,0,0.0000,0,0,0,622,0
1573,2.9532,6.0095,0.0010,0.0000,0,0,0.0000,0,0.0000,0,0,0,601,0
1574,2.8573,11.0906,0.0010,0.0000,0,0,0.0000,0,0.0000,0,0,0,709,0
1575,2.9853,11.0478,0.0012,0.0000,0,0,0.0000,0,0.0000,0,0,0,911,0
1576,5.2644,6.2772,0.0016,0.0000,0,0,0.0000,0,0.0000,0,0,0,611,0
1577,2.9532,6.0740,0.0008,0.0000,0,0,0.0000,0,0.0000,0,0,0,601,0
1578,2.8573,11.2195,0.0013,0.0000,0,0,0.0000,0,0.0000,0,0,0,723,0
1579,2.9853,11.1438,0.0012,0.0000,0,0,0.0000,0,0.0000,0,0,0,698,0
1580,5.2644,6.3297,0.0018,0.0000,0,0,0.0000,0,0.0000,0,0,0,618,0
1581,2.9532,6.0957,0.0021,0.0000,0,0,0.0000,0,0.0000,0,0,0,601,0
1582,2.8573,11.1136,0.0015,0.0000,0,0,0.0000,0,0.0000,0,0,0,744,0
1583,2.9853,11.0816,0.0042,0.0000,0,0,0.0000,0,0.0000,0,0,0,696,0
1584,5.2644,6.4793,0.0067,0.0000,0,0,0.0000,0,0.0000,0,0,0,605,0
1585,2.9532,6.1792,0.0067,0.0000,0,0,0.0000,0,0.0000,0,0,0,601,0
1586,2.8573,11.2828,0.0021,0.0000,0,0,0.0000,0,0.0000,0,0,0,786,0
1587,2.9853,11.2196,0.0019,0.0000,0,0,0.0000,0,0.0000,0,0,0,704,0
1588,5.2644,6.6811,0.0042,0.0000,0,0,0.0000,0,0.0000,0,0,0,606,0
1589,2.9532,6.1941,0.0012,0.0000,0,0,0.0000,0,0.0000,0,0,0,601,0
1590,2.8573,11.4230,0.0019,0.0000,0,0,0.0000,0,0.0000,0,0,0,780,0
1591,2.9853,11.4001,0.0008,0.0000,0,0,0.0000,0,0.0000,0,0,0,741,0
1592,5.2644,6.4296,0.0029,0.0000,0,0,0.0000,0,0.0000,0,0,0,605,0
1593,2.9532,6.1535,0.0010,0.0000,0,0,0.0000,0,0.0000,0,0,0,601,0
1594,2.8573,11.3908,0.0019,0.0000,0,0,0.0000,0,0.0000,0,0,0,808,0
1595,2.9853,11.3515,0.0017,0.0000,0,0,0.0000,0,0.0000,0,0,0,758,0
1596,5.2644,6.4147,0.0022,0.0000,0,0,0.0000,0,0.0000,0,0,0,606,0
1597,2.9532,6.0680,0.0006,0.0000,0,0,0.0000,0,0.0000,0,0,0,601,0
1598,2.8573,11.4026,0.0017,0.0000,0,0,0.0000,0,0.0000,0,0,0,795,0
1599,2.9853,11.3252,0.0010,0.0000,0,0,0.0000,0,0.0000,0,0,0,738,0
1600,5.2644,7.0243,0.0061,0.0000,0,0,0.0000,0,0.0000,0,0,0,601,0
1601,2.9532,6.3635,0.0061,0.0000,0,0,0.0000,0,0.0000,0,0,0,601,0
1602,2.8573,11.4543,0.0073,0.0000,0,0,0.0000,0,0.0000,0,0,0,771,0
1603,2.9853,11.3498,0.0057,0.0000,0,0,0.0000,0,0.0000,0,0,0,836,0
1604,5.2644,6.7198,0.0075,0.0000,0,0,0.0000,0,0.0000,0,0,0,601,0
1605,2.9532,6.1314,0.0075,0.0000,0,0,0.0000,0,0.0000,0,0,0,601,0
1606,2.8573,11.1545,0.0034,0.0000,0,0,0.0000,0,0.0000,0,0,0,779,0
1607,2.9853,11.0261,0.0017,0.0000,0,0,0.0000,0,0.0000,0,0,0,698,0
1608,5.2644,6.6825,0.0045,0.0000,0,0,0.0000,0,0.0000,0,0,0,601,0
1609,2.9532,6.1792,0.0045,0.0000,0,0,0.0000,0,0.0000,0,0,0,601,0
1610,2.8573,11.2462,0.0015,0.0000,0,0,0.0000,0,0.0000,0,0,0,967,0
1611,2.9853,11.2560,0.0012,0.0000,0,0,0.0000,0,0.0000,0,0,0,696,0
1612,5.2644,6.7186,0.0018,0.0000,0,0,0.0000,0,0.0000,0,0,0,601,0
1613,2.9532,6.2341,0.0010,0.0000,0,0,0.0000,0,0.0000,0,0,0,601,0
1614,2.8573,11.2284,0.0020,0.0000,0,0,0.0000,0,0.0000,0,0,0,710,0
1615,2.9853,11.1141,0.0010,0.0000,0,0,0.0000,0,0.0000,0,0,0,700,0
1616,5.2644,6.5621,0.0055,0.0000,0,0,0.0000,0,0.0000,0,0,0,601,0
1617,2.9532,6.0717,0.0055,0.0000,0,0,0.0000,0,0.0000,0,0,0,601,0
1618,2.8573,11.1659,0.0025,0.0000,0,0,0.0000,0,0.0000,0,0,0,703,0
1619,2.9853,10.9618,0.0009,0.0000,0,0,0.0000,0,0.0000,0,0,0,721,0
1620,5.2644,6.2179,0.0025,0.0000,0,0,0.0000,0,0.0000,0,0,0,601,0
1621,2.9532,5.8595,0.0025,0.0000,0,0,0.0000,0,0.0000,0,0,0,601,0
1622,2.8573,11.0204,0.0011,0.0000,0,0,0.0000,0,0.0000,0,0,0,708,0
1623,2.9853,10.9945,0.0008,0.0000,0,0,0.0000,0,0.0000,0,0,0,783,0
1624,5.2644,5.8447,0.0022,0.0000,0,0,0.0000,0,0.0000,0,0,0,601,0
1625,2.9532,5.5687,0.0009,0.0000,0,0,0.0000,0,0.0000,0,0,0,601,0
1626,2.8573,10.7489,0.0008,0.0000,0,0,0.0000,0,0.0000,0,0,0,751,0
1627,2.9853,10.7446,0.0006,0.0000,0,0,0.0000,0,0.0000,0,0,0,755,0
1628,5.2644,6.0401,0.0013,0.0000,0,0,0.0000,0,0.0000,0,0,0,601,0
1629,2.9532,5.8008,0.0008,0.0000,0,0,0.0000,0,0.0000,0,0,0,601,0
1630,2.8573,10.8794,0.0006,0.0000,0,0,0.0000,0,0.0000,0,0,0,762,0
1631,2.9853,10.9013,0.0005,0.0000,0,0,0.0000,0,0.0000,0,0,0,801,0
1632,5.2644,5.9771,0.0018,0.0000,0,0,0.0000,0,0.0000,0,0,0,601,0
1633,2.9532,5.7603,0.0017,0.0000,0,0,0.0000,0,0.0000,0,0,0,601,0
1634,2.8573,10.9045,0.0018,0.0000,0,0,0.0000,0,0.0000,0,0,0,747,0
1635,2.9853,10.9297,0.0015,0.0000,0,0,0.0000,0,0.0000,0,0,0,696,0
1636,5.2644,5.9460,0.0017,0.0000,0,0,0.0000,0,0.0000,0,0,0,601,0
1637,2.9532,5.8172,0.0021,0.0000,0,0,0.0000,0,0.0000,0,0,0,601,0
1638,2.8573,10.8382,0.0012,0.0000,0,0,0.0000,0,0.0000,0,0,0,830,0
1639,2.9853,10.8616,0.0009,0.0000,0,0,0.0000,0,0.0000,0,0,0,701,0
1640,5.2644,5.9147,0.0015,0.0000,0,0,0.0000,0,0.0000,0,0,0,601,0
1641,2.9532,5.7083,0.0006,0.0000,0,0,0.0000,0,0.0000,0,0,0,601,0
1642,2.8573,10.7975,0.0014,0.0000,0,0,0.0000,0,0.0000,0,0,0,769,0
1643,2.9853,10.8362,0.0005,0.0000,0,0,0.0000,0,0.0000,0,0,0,696,0
1644,5.2644,5.8291,0.0033,0.0000,0,0,0.0000,0,0.0000,0,0,0,601,0
1645,2.9532,5.6586,0.0010,0.0000,0,0,0.0000,0,0.0000,0,0,0,601,0
1646,2.8573,10.5621,0.0021,0.0000,0,0,0.0000,0,0.0000,0,0,0,728,0
1647,2.9853,10.5925,0.0016,0.0000,0,0,0.0000,0,0.0000,0,0,0,717,0
1648,5.2644,6.0445,0.0022,0.0000,0,0,0.0000,0,0.0000,0,0,0,601,0
1649,2.9532,5.7998,0.0012,0.0000,0,0,0.0000,0,0.0000,0,0,0,601,0
1650,2.8573,10.3958,0.0073,0.0000,0,0,0.0000,0,0.0000,0,0,0,726,0
1651,2.9853,10.4426,0.0013,0.0000,0,0,0.0000,0,0.0000,0,0,0,731,0
1652,5.2644,5.8113,0.0016,0.0000,0,0,0.0000,0,0.0000,0,0,0,601,0
1653,2.9532,5.7295,0.0017,0.0000,0,0,0.0000,0,0.0000,0,0,0,601,0
1654,2.8573,10.4430,0.0016,0.0000,0,0,0.0000,0,0.0000,0,0,0,833,0
1655,2.9853,10.4951,0.0014,0.0000,0,0,0.0000,0,0.0000,0,0,0,722,0
1656,5.2644,5.8647,0.0026,0.0000,0,0,0.0000,0,0.0000,0,0,0,601,0
1657,2.9532,5.7165,0.0012,0.0000,0,0,0.0000,0,0.0000,0,0,0,601,0
1658,2.8573,10.3769,0.0020,0.0000,0,0,0.0000,0,0.0000,0,0,0,696,0
1659,2.9853,10.3409,0.0019,0.0000,0,0,0.0000,0,0.0000,0,0,0,758,0
1660,5.2644,6.1865,0.0051,0.0000,0,0,0.0000,0,0.0000,0,0,0,601,0
1661,2.9532,5.7882,0.0011,0.0000,0,0,0.0000,0,0.0000,0,0,0,601,0
1662,2.8573,10.6122,0.0027,0.0000,0,0,0.0000,0,0.0000,0,0,0,696,0
1663,2.9853,10.5795,0.0012,0.0000,0,0,0.0000,0,0.0000,0,0,0,696,0
1664,5.2644,6.7690,0.0067,0.0000,0,0,0.0000,0,0.0000,0,0,0,601,0
1665,2.9532,6.5340,0.0018,0.0000,0,0,0.0000,0,0.0000,0,0,0,601,0
1666,2.8573,12.0129,0.0054,0.0000,0,0,0.0000,0,0.0000,0,0,0,696,0
1667,2.9853,11.9664,0.0022,0.0000,0,0,0.0000,0,0.0000,0,0,0,705,0
1668,5.2644,6.6412,0.0124,0.0000,0,0,0.0000,0,0.0000,0,0,0,601,0
1669,2.9532,6.0632,0.0024,0.0000,0,0,0.0000,0,0.0000,0,0,0,601,0
1670,2.8573,11.0150,0.0058,0.0000,0,0,0.0000,0,0.0000,0,0,0,696,0
1671,2.9853,11.0611,0.0026,0.0000,0,0,0.0000,0,0.0000,0,0,0,707,0
1672,5.2644,6.5845,0.0059,0.0000,0,0,0.0000,0,0.0000,0,0,0,601,0
1673,2.9532,6.1109,0.0022,0.0000,0,0,0.0000,0,0.0000,0,0,0,601,0
1674,2.8573,9.9186,0.0032,0.0000,0,0,0.0000,0,0.0000,0,0,0,701,0
1675,2.9853,10.1857,0.0017,0.0000,0,0,0.0000,0,0.0000,0,0,0,707,0
1676,5.2644,6.2078,0.0038,0.0000,0,0,0.0000,0,0.0000,0,0,0,601,0
1677,2.9532,5.8575,0.0014,0.0000,0,0,0.0000,0,0.0000,0,0,0,601,0
1678,2.8573,10.9823,0.0013,0.0000,0,0,0.0000,0,0.0000,0,0,0,703,0
1679,2.9853,10.9143,0.0017,0.0000,0,0,0.0000,0,0.0000,0,0,0,736,0
1680,5.2644,5.9547,0.0285,0.0000,0,0,0.0000,0,0.0000,0,1,0,114511,0
1681,2.9532,5.7593,0.0157,0.0000,0,0,0.0000,0,0.0000,0,1,0,78514,0
1682,2.8573,10.3309,0.0445,0.0000,0,0,0.0000,0,0.0000,0,1,0,127235,0
1683,2.9853,10.3079,0.0199,0.0000,0,0,0.0000,0,0.0000,0,1,0,121749,0
1684,5.2644,6.0497,0.0094,0.0000,0,0,0.0000,0,0.0000,0,0,0,13627,0
1685,2.9532,5.8083,0.0027,0.0000,0,0,0.0000,0,0.0000,0,0,0,9905,0
1686,2.8573,10.6656,0.0101,0.0000,0,0,0.0000,0,0.0000,0,0,0,14145,0
1687,2.9853,10.6442,0.0050,0.0000,0,0,0.0000,0,0.0000,0,0,0,15320,0
1688,5.2644,6.8152,0.0078,0.0000,0,0,0.0000,0,0.0000,0,0,0,6718,0
1689,2.9532,6.0931,0.0025,0.0000,0,0,0.0000,0,0.0000,0,0,0,5100,0
1690,2.8573,9.7265,0.0067,0.0000,0,0,0.0000,0,0.0000,0,0,0,8684,0
1691,2.9853,10.5348,0.0203,0.0000,0,0,0.0000,0,0.0000,0,0,0,6454,0
1692,5.2644,6.0517,0.0058,0.0000,0,0,0.0000,0,0.0000,0,0,0,8111,0
1693,2.9532,5.7648,0.0032,0.0000,0,0,0.0000,0,0.0000,0,0,0,4323,0
1694,2.8573,10.6985,0.0033,0.0000,0,0,0.0000,0,0.0000,0,0,0,9494,0
1695,2.9853,10.5507,0.0022,0.0000,0,0,0.0000,0,0.0000,0,0,0,5011,0
1696,5.2644,6.2371,0.0033,0.0000,0,0,0.0000,0,0.0000,0,0,0,5563,0
1697,2.9532,6.0338,0.0023,0.0000,0,0,0.0000,0,0.0000,0,0,0,5033,0
1698,2.8573,11.0081,0.0059,0.0000,0,0,0.0000,0,0.0000,0,0,0,7271,0
1699,2.9853,10.9553,0.0021,0.0000,0,0,0.0000,0,0.0000,0,0,0,4535,0
1700,5.2644,6.7515,0.0069,0.0000,0,0,0.0000,0,0.0000,0,0,0,4043,0
1701,2.9532,6.3115,0.0068,0.0000,0,0,0.0000,0,0.0000,0,0,0,3216,0
1702,2.8573,11.3763,0.0043,0.0000,0,0,0.0000,0,0.0000,0,0,0,2973,0
1703,2.9853,11.3412,0.0196,0.0000,0,0,0.0000,0,0.0000,0,0,0,5039,0
1704,5.2644,6.8040,0.0055,0.0000,0,0,0.0000,0,0.0000,0,0,0,3170,0
1705,2.9532,6.2130,0.0056,0.0000,0,0,0.0000,0,0.0000,0,0,0,2351,0
1706,2.8573,11.1631,0.0052,0.0000,0,0,0.0000,0,0.0000,0,0,0,2069,0
1707,2.9853,11.0079,0.0015,0.0000,0,0,0.0000,0,0.0000,0,0,0,5057,0
1708,5.2644,5.9951,0.0037,0.0000,0,0,0.0000,0,0.0000,0,0,0,2365,0
1709,2.9532,5.6654,0.0015,0.0000,0,0,0.0000,0,0.0000,0,0,0,1707,0
1710,2.8573,10.6431,0.0038,0.0000,0,0,0.0000,0,0.0000,0,0,0,1729,0
1711,2.9853,10.5446,0.0013,0.0000,0,0,0.0000,0,0.0000,0,0,0,4360,0
1712,5.2644,6.1368,0.0061,0.0000,0,0,0.0000,0,0.0000,0,0,0,2164,0
1713,2.9532,5.9012,0.0021,0.0000,0,0,0.0000,0,0.0000,0,0,0,1336,0
1714,2.8573,10.3408,0.0053,0.0000,0,0,0.0000,0,0.0000,0,0,0,1241,0
1715,2.9853,10.3727,0.0021,0.0000,0,0,0.0000,0,0.0000,0,0,0,4954,0
1716,5.2644,6.3846,0.0054,0.0000,0,0,0.0000,0,0.0000,0,0,0,1745,0
1717,2.9532,5.9151,0.0026,0.0000,0,0,0.0000,0,0.0000,0,0,0,980,0
1718,2.8573,11.1810,0.0036,0.0000,0,0,0.0000,0,0.0000,0,0,0,1484,0
1719,2.9853,11.1113,0.0038,0.0000,0,0,0.0000,0,0.0000,0,0,0,1684,0
1720,5.2644,6.4360,0.0062,0.0000,0,0,0.0000,0,0.0000,0,0,0,1602,0
1721,2.9532,5.9684,0.0034,0.0000,0,0,0.0000,0,0.0000,0,0,0,804,0
1722,2.8573,14.2320,0.0049,0.0000,0,0,0.0000,0,0.0000,0,0,0,1376,0
1723,2.9853,13.9887,0.0025,0.0000,0,0,0.0000,0,0.0000,0,0,0,1808,0
1724,5.2644,6.1335,0.0041,0.0000,0,0,0.0000,0,0.0000,0,0,0,1409,0
1725,2.9532,5.7204,0.0020,0.0000,0,0,0.0000,0,0.0000,0,0,0,742,0
1726,2.8573,10.3401,0.0032,0.0000,0,0,0.0000,0,0.0000,0,0,0,1741,0
1727,2.9853,10.3268,0.0022,0.0000,0,0,0.0000,0,0.0000,0,0,0,1334,0
1728,5.2644,6.2996,0.0019,0.0000,0,0,0.0000,0,0.0000,0,0,0,1193,0
1729,2.9532,5.9616,0.0010,0.0000,0,0,0.0000,0,0.0000,0,0,0,679,0
1730,2.8573,10.9695,0.0008,0.0000,0,0,0.0000,0,0.0000,0,0,0,1571,0
1731,2.9853,10.9705,0.0008,0.0000,0,0,0.0000,0,0.0000,0,0,0,1652,0
1732,5.2644,6.3501,0.0018,0.0000,0,0,0.0000,0,0.0000,0,0,0,1068,0
1733,2.9532,6.0701,0.0010,0.0000,0,0,0.0000,0,0.0000,0,0,0,620,0
1734,2.8573,11.0770,0.0007,0.0000,0,0,0.0000,0,0.0000,0,0,0,1582,0
1735,2.9853,11.1185,0.0013,0.0000,0,0,0.0000,0,0.0000,0,0,0,1894,0
1736,5.2644,6.0478,0.0009,0.0000,0,0,0.0000,0,0.0000,0,0,0,994,0
1737,2.9532,5.9238,0.0008,0.0000,0,0,0.0000,0,0.0000,0,0,0,607,0
1738,2.8573,10.9964,0.0101,0.0000,0,0,0.0000,0,0.0000,0,0,0,1338,0
1739,2.9853,11.1139,0.0013,0.0000,0,0,0.0000,0,0.0000,0,0,0,1695,0
1740,5.2644,6.1699,0.0014,0.0000,0,0,0.0000,0,0.0000,0,0,0,961,0
1741,2.9532,5.8296,0.0008,0.0000,0,0,0.0000,0,0.0000,0,0,0,601,0
1742,2.8573,9.8505,0.0040,0.0000,0,0,0.0000,0,0.0000,0,0,0,1776,0
1743,2.9853,10.4640,0.0007,0.0000,0,0,0.0000,0,0.0000,0,0,0,2000,0
1744,5.2644,6.6477,0.0054,0.0000,0,0,0.0000,0,0.0000,0,0,0,903,0
1745,2.9532,6.2302,0.0044,0.0000,0,0,0.0000,0,0.0000,0,0,0,601,0
1746,2.8573,11.5348,0.0019,0.0000,0,0,0.0000,0,0.0000,0,0,0,727,0
1747,2.9853,11.5729,0.0014,0.0000,0,0,0.0000,0,0.0000,0,0,0,753,0
1748,5.2644,6.4568,0.0014,0.0000,0,0,0.0000,0,0.0000,0,0,0,850,0
1749,2.9532,6.1715,0.0008,0.0000,0,0,0.0000,0,0.0000,0,0,0,601,0
1750,2.8573,11.6088,0.0095,0.0000,0,0,0.0000,0,0.0000,0,0,0,696,0
1751,2.9853,11.8319,0.0011,0.0000,0,0,0.0000,0,0.0000,0,0,0,771,0
1752,5.2644,8.1839,0.0060,0.0000,0,0,0.0000,0,0.0000,0,0,0,818,0
1753,2.9532,7.1479,0.0014,0.0000,0,0,0.0000,0,0.0000,0,0,0,601,0
1754,2.8573,10.1043,0.0055,0.0000,0,0,0.0000,0,0.0000,0,0,0,742,0
1755,2.9853,10.0644,0.0020,0.0000,0,0,0.0000,0,0.0000,0,0,0,890,0
1756,5.2644,6.1179,0.0045,0.0000,0,0,0.0000,0,0.0000,0,0,0,757,0
1757,2.9532,5.8153,0.0043,0.0000,0,0,0.0000,0,0.0000,0,0,0,601,0
1758,2.8573,11.0506,0.0022,0.0000,0,0,0.0000,0,0.0000,0,0,0,772,0
1759,2.9853,11.0834,0.0006,0.0000,0,0,0.0000,0,0.0000,0,0,0,1087,0
1760,5.2644,6.4979,0.0016,0.0000,0,0,0.0000,0,0.0000,0,0,0,826,0
1761,2.9532,6.1840,0.0009,0.0000,0,0,0.0000,0,0.0000,0,0,0,601,0
1762,2.8573,11.3551,0.0008,0.0000,0,0,0.0000,0,0.0000,0,0,0,877,0
1763,2.9853,11.3463,0.0010,0.0000,0,0,0.0000,0,0.0000,0,0,0,1376,0
1764,5.2644,7.2697,0.0112,0.0000,0,0,0.0000,0,0.0000,0,0,0,810,0
1765,2.9532,6.3502,0.0027,0.0000,0,0,0.0000,0,0.0000,0,0,0,601,0
1766,2.8573,11.4672,0.0110,0.0000,0,0,0.0000,0,0.0000,0,0,0,786,0
1767,2.9853,11.4738,0.0023,0.0000,0,0,0.0000,0,0.0000,0,0,0,1236,0
1768,5.2644,7.3744,0.0080,0.0000,0,0,0.0000,0,0.0000,0,0,0,697,0
1769,2.9532,6.3368,0.0022,0.0000,0,0,0.0000,0,0.0000,0,0,0,601,0
1770,2.8573,11.2990,0.0055,0.0000,0,0,0.0000,0,0.0000,0,0,0,1097,0
1771,2.9853,11.2707,0.0027,0.0000,0,0,0.0000,0,0.0000,0,0,0,1496,0
1772,5.2644,7.6210,0.0103,0.0000,0,0,0.0000,0,0.0000,0,0,0,666,0
1773,2.9532,6.8253,0.0018,0.0000,0,0,0.0000,0,0.0000,0,0,0,601,0
1774,2.8573,10.9397,0.0020,0.0000,0,0,0.0000,0,0.0000,0,0,0,992,0
1775,2.9853,10.8848,0.0023,0.0000,0,0,0.0000,0,0.0000,0,0,0,719,0
1776,5.2644,8.6569,0.0088,0.0000,0,0,0.0000,0,0.0000,0,0,0,657,0
1777,2.9532,7.7888,0.0032,0.0000,0,0,0.0000,0,0.0000,0,0,0,601,0
1778,2.8573,15.1730,0.0012,0.0000,0,0,0.0000,0,0.0000,0,0,0,898,0
1779,2.9853,14.6803,0.0015,0.0000,0,0,0.0000,0,0.0000,0,0,0,750,0
1780,5.2644,6.1830,0.0024,0.0000,0,0,0.0000,0,0.0000,0,0,0,666,0
1781,2.9532,5.8962,0.0012,0.0000,0,0,0.0000,0,0.0000,0,0,0,601,0
1782,2.8573,10.9597,0.0040,0.0000,0,0,0.0000,0,0.0000,0,0,0,883,0
1783,2.9853,10.8219,0.0041,0.0000,0,0,0.0000,0,0.0000,0,0,0,775,0
1784,5.2644,5.9554,0.0030,0.0000,0,0,0.0000,0,0.0000,0,0,0,640,0
1785,2.9532,5.6530,0.0009,0.0000,0,0,0.0000,0,0.0000,0,0,0,601,0
1786,2.8573,10.4357,0.0025,0.0000,0,0,0.0000,0,0.0000,0,0,0,1367,0
1787,2.9853,10.4011,0.0005,0.0000,0,0,0.0000,0,0.0000,0,0,0,879,0
1788,5.2644,6.3213,0.0026,0.0000,0,0,0.0000,0,0.0000,0,0,0,654,0
1789,2.9532,5.9469,0.0010,0.0000,0,0,0.0000,0,0.0000,0,0,0,601,0
1790,2.8573,10.8954,0.0005,0.0000,0,0,0.0000,0,0.0000,0,0,0,719,0
1791,2.9853,10.9092,0.0007,0.0000,0,0,0.0000,0,0.0000,0,0,0,995,0
1792,5.2644,6.0424,0.0013,0.0000,0,0,0.0000,0,0.0000,0,0,0,628,0
1793,2.9532,5.8037,0.0008,0.0000,0,0,0.0000,0,0.0000,0,0,0,601,0
1794,2.8573,10.6766,0.0007,0.0000,0,0,0.0000,0,0.0000,0,0,0,704,0
1795,2.9853,10.6657,0.0007,0.0000,0,0,0.0000,0,0.0000,0,0,0,889,0
1796,5.2644,5.8448,0.0025,0.0000,0,0,0.0000,0,0.0000,0,0,0,610,0
1797,2.9532,5.7893,0.0007,0.0000,0,0,0.0000,0,0.0000,0,0,0,601,0
1798,2.8573,10.2194,0.0013,0.0000,0,0,0.0000,0,0.0000,0,0,0,702,0
1799,2.9853,10.2893,0.0007,0.0000,0,0,0.0000,0,0.0000,0,0,0,1114,0
1800,5.2644,6.0245,0.0010,0.0000,0,0,0.0000,0,0.0000,0,0,0,610,0
1801,2.9532,5.7683,0.0009,0.0000,0,0,0.0000,0,0.0000,0,0,0,601,0
1802,2.8573,10.7263,0.0008,0.0000,0,0,0.0000,0,0.0000,0,0,0,725,0
1803,2.9853,10.7430,0.0013,0.0000,0,0,0.0000,0,0.0000,0,0,0,772,0
1804,5.2644,5.9931,0.0008,0.0000,0,0,0.0000,0,0.0000,0,0,0,601,0
1805,2.9532,5.7510,0.0004,0.0000,0,0,0.0000,0,0.0000,0,0,0,601,0
1806,2.8573,10.6474,0.0008,0.0000,0,0,0.0000,0,0.0000,0,0,0,806,0
1807,2.9853,10.6431,0.0005,0.0000,0,0,0.0000,0,0.0000,0,0,0,727,0
1808,5.2644,5.9050,0.0015,0.0000,0,0,0.0000,0,0.0000,0,0,0,601,0
1809,2.9532,5.7362,0.0011,0.0000,0,0,0.0000,0,0.0000,0,0,0,601,0
1810,2.8573,10.7523,0.0008,0.0000,0,0,0.0000,0,0.0000,0,0,0,766,0
1811,2.9853,10.7562,0.0005,0.0000,0,0,0.0000,0,0.0000,0,0,0,720,0
1812,5.2644,5.7032,0.0010,0.0000,0,0,0.0000,0,0.0000,0,0,0,601,0
1813,2.9532,5.6278,0.0011,0.0000,0,0,0.0000,0,0.0000,0,0,0,601,0
1814,2.8573,10.5596,0.0009,0.0000,0,0,0.0000,0,0.0000,0,0,0,930,0
1815,2.9853,10.5555,0.0008,0.0000,0,0,0.0000,0,0.0000,0,0,0,822,0
1816,5.2644,5.9616,0.0019,0.0000,0,0,0.0000,0,0.0000,0,0,0,601,0
1817,2.9532,5.6330,0.0023,0.0000,0,0,0.0000,0,0.0000,0,0,0,601,0
1818,2.8573,10.7013,0.0011,0.0000,0,0,0.0000,0,0.0000,0,0,0,895,0
1819,2.9853,10.6957,0.0009,0.0000,0,0,0.0000,0,0.0000,0,0,0,916,0
1820,5.2644,5.9988,0.0015,0.0000,0,0,0.0000,0,0.0000,0,0,0,601,0
1821,2.9532,5.6866,0.0005,0.0000,0,0,0.0000,0,0.0000,0,0,0,601,0
1822,2.8573,10.8487,0.0020,0.0000,0,0,0.0000,0,0.0000,0,0,0,842,0
1823,2.9853,10.8029,0.0009,0.0000,0,0,0.0000,0,0.0000,0,0,0,834,0
1824,5.2644,5.8828,0.0022,0.0000,0,0,0.0000,0,0.0000,0,0,0,601,0
1825,2.9532,5.7531,0.0015,0.0000,0,0,0.0000,0,0.0000,0,0,0,601,0
1826,2.8573,10.3940,0.0034,0.0000,0,0,0.0000,0,0.0000,0,0,0,883,0
1827,2.9853,10.3732,0.0015,0.0000,0,0,0.0000,0,0.0000,0,0,0,951,0
1828,5.2644,6.3590,0.0047,0.0000,0,0,0.0000,0,0.0000,0,0,0,601,0
1829,2.9532,6.1150,0.0024,0.0000,0,0,0.0000,0,0.0000,0,0,0,601,0
1830,2.8573,10.9580,0.0062,0.0000,0,0,0.0000,0,0.0000,0,0,0,1009,0
1831,2.9853,10.7612,0.0063,0.0000,0,0,0.0000,0,0.0000,0,0,0,698,0
1832,5.2644,6.7134,0.0055,0.0000,0,0,0.0000,0,0.0000,0,0,0,601,0
1833,2.9532,6.2890,0.0036,0.0000,0,0,0.0000,0,0.0000,0,0,0,601,0
1834,2.8573,10.2897,0.0041,0.0000,0,0,0.0000,0,0.0000,0,0,0,696,0
1835,2.9853,10.2182,0.0025,0.0000,0,0,0.0000,0,0.0000,0,0,0,700,0
1836,5.2644,6.3869,0.0055,0.0000,0,0,0.0000,0,0.0000,0,0,0,601,0
1837,2.9532,5.9455,0.0031,0.0000,0,0,0.0000,0,0.0000,0,0,0,601,0
1838,2.8573,10.4954,0.0030,0.0000,0,0,0.0000,0,0.0000,0,0,0,696,0
1839,2.9853,10.3419,0.0023,0.0000,0,0,0.0000,0,0.0000,0,0,0,711,0
1840,5.2644,6.3113,0.0051,0.0000,0,0,0.0000,0,0.0000,0,0,0,601,0
1841,2.9532,5.9769,0.0035,0.0000,0,0,0.0000,0,0.0000,0,0,0,601,0
1842,2.8573,10.0975,0.0020,0.0000,0,0,0.0000,0,0.0000,0,0,0,696,0
1843,2.9853,10.1177,0.0020,0.0000,0,0,0.0000,0,0.0000,0,0,0,717,0
1844,5.2644,6.3152,0.0059,0.0000,0,0,0.0000,0,0.0000,0,0,0,601,0
1845,2.9532,5.9078,0.0035,0.0000,0,0,0.0000,0,0.0000,0,0,0,601,0
1846,2.8573,10.5641,0.0043,0.0000,0,0,0.0000,0,0.0000,0,0,0,707,0
1847,2.9853,10.3814,0.0025,0.0000,0,0,0.0000,0,0.0000,0,0,0,743,0
1848,5.2644,6.5825,0.0140,0.0000,0,0,0.0000,0,0.0000,0,0,0,601,0
1849,2.9532,6.0343,0.0017,0.0000,0,0,0.0000,0,0.0000,0,0,0,601,0
1850,2.8573,10.8152,0.0043,0.0000,0,0,0.0000,0,0.0000,0,0,0,732,0
1851,2.9853,10.6205,0.0030,0.0000,0,0,0.0000,0,0.0000,0,0,0,733,0
1852,5.2644,6.9011,0.0057,0.0000,0,0,0.0000,0,0.0000,0,0,0,601,0
1853,2.9532,6.0545,0.0033,0.0000,0,0,0.0000,0,0.0000,0,0,0,601,0
1854,2.8573,11.4670,0.0059,0.0000,0,0,0.0000,0,0.0000,0,0,0,705,0
1855,2.9853,11.0747,0.0040,0.0000,0,0,0.0000,0,0.0000,0,0,0,821,0
1856,5.2644,6.7326,0.0334,0.0000,0,0,0.0000,0,0.0000,0,0,0,601,0
1857,2.9532,6.0873,0.0031,0.0000,0,0,0.0000,0,0.0000,0,0,0,601,0
1858,2.8573,10.5102,0.0037,0.0000,0,0,0.0000,0,0.0000,0,0,0,734,0
1859,2.9853,11.3260,0.0045,0.0000,0,0,0.0000,0,0.0000,0,0,0,696,0
1860,5.2644,6.4623,0.0057,0.0000,0,0,0.0000,0,0.0000,0,0,0,601,0
1861,2.9532,5.9377,0.0022,0.0000,0,0,0.0000,0,0.0000,0,0,0,601,0
1862,2.8573,10.1384,0.0057,0.0000,0,0,0.0000,0,0.0000,0,0,0,722,0
1863,2.9853,10.0254,0.0013,0.0000,0,0,0.0000,0,0.0000,0,0,0,696,0
1864,5.2644,7.0935,0.0058,0.0000,0,0,0.0000,0,0.0000,0,0,0,601,0
1865,2.9532,6.2464,0.0023,0.0000,0,0,0.0000,0,0.0000,0,0,0,601,0
1866,2.8573,9.9500,0.0047,0.0000,0,0,0.0000,0,0.0000,0,0,0,705,0
1867,2.9853,9.8955,0.0012,0.0000,0,0,0.0000,0,0.0000,0,0,0,696,0
1868,5.2644,6.5401,0.0059,0.0000,0,0,0.0000,0,0.0000,0,0,0,601,0
1869,2.9532,5.9683,0.0031,0.0000,0,0,0.0000,0,0.0000,0,0,0,601,0
1870,2.8573,10.7973,0.0031,0.0000,0,0,0.0000,0,0.0000,0,0,0,709,0
1871,2.9853,10.2351,0.0028,0.0000,0,0,0.0000,0,0.0000,0,0,0,722,0
1872,5.2644,6.5886,0.0055,0.0000,0,0,0.0000,0,0.0000,0,0,0,601,0
1873,2.9532,6.0402,0.0020,0.0000,0,0,0.0000,0,0.0000,0,0,0,601,0
1874,2.8573,10.9507,0.0049,0.0000,0,0,0.0000,0,0.0000,0,0,0,931,0
1875,2.9853,10.7448,0.0032,0.0000,0,0,0.0000,0,0.0000,0,0,0,752,0
1876,5.2644,6.5651,0.0079,0.0000,0,0,0.0000,0,0.0000,0,0,0,601,0
1877,2.9532,6.1878,0.0023,0.0000,0,0,0.0000,0,0.0000,0,0,0,601,0
1878,2.8573,11.8036,0.0040,0.0000,0,0,0.0000,0,0.0000,0,0,0,696,0
1879,2.9853,11.5785,0.0020,0.0000,0,0,0.0000,0,0.0000,0,0,0,733,0
1880,5.2644,6.4807,0.0058,0.0000,0,0,0.0000,0,0.0000,0,0,0,601,0
1881,2.9532,5.9430,0.0023,0.0000,0,0,0.0000,0,0.0000,0,0,0,601,0
1882,2.8573,11.3819,0.0053,0.0000,0,0,0.0000,0,0.0000,0,0,0,696,0
1883,2.9853,11.3585,0.0026,0.0000,0,0,0.0000,0,0.0000,0,0,0,781,0
1884,5.2644,6.8862,0.0087,0.0000,0,0,0.0000,0,0.0000,0,0,0,601,0
1885,2.9532,6.2332,0.0024,0.0000,0,0,0.0000,0,0.0000,0,0,0,601,0
1886,2.8573,11.2604,0.0045,0.0000,0,0,0.0000,0,0.0000,0,0,0,696,0
1887,2.9853,11.3745,0.0035,0.0000,0,0,0.0000,0,0.0000,0,0,0,696,0
1888,5.2644,7.1159,0.0081,0.0000,0,0,0.0000,0,0.0000,0,0,0,601,0
1889,2.9532,6.3035,0.0027,0.0000,0,0,0.0000,0,0.0000,0,0,0,601,0
1890,2.8573,10.8760,0.0065,0.0000,0,0,0.0000,0,0.0000,0,0,0,712,0
1891,2.9853,11.0965,0.0025,0.0000,0,0,0.0000,0,0.0000,0,0,0,696,0
1892,5.2644,7.3111,0.0073,0.0000,0,0,0.0000,0,0.0000,0,0,0,601,0
1893,2.9532,6.5421,0.0020,0.0000,0,0,0.0000,0,0.0000,0,0,0,601,0
1894,2.8573,14.6467,0.0059,0.0000,0,0,0.0000,0,0.0000,0,0,0,715,0
1895,2.9853,14.3497,0.0059,0.0000,0,0,0.0000,0,0.0000,0,0,0,701,0
1896,5.2644,7.3071,0.0068,0.0000,0,0,0.0000,0,0.0000,0,0,0,601,0
1897,2.9532,6.5875,0.0014,0.0000,0,0,0.0000,0,0.0000,0,0,0,601,0
1898,2.8573,11.7796,0.0055,0.0000,0,0,0.0000,0,0.0000,0,0,0,705,0
1899,2.9853,11.6065,0.0031,0.0000,0,0,0.0000,0,0.0000,0,0,0,732,0
1900,5.2644,7.2800,0.0085,0.0000,0,0,0.0000,0,0.0000,0,0,0,601,0
1901,2.9532,6.2424,0.0044,0.0000,0,0,0.0000,0,0.0000,0,0,0,601,0
1902,2.8573,12.5126,0.0062,0.0000,0,0,0.0000,0,0.0000,0,0,0,750,0
1903,2.9853,12.3519,0.0027,0.0000,0,0,0.0000,0,0.0000,0,0,0,731,0
1904,5.2644,7.3192,0.0097,0.0000,0,0,0.0000,0,0.0000,0,0,0,601,0
1905,2.9532,6.3510,0.0097,0.0000,0,0,0.0000,0,0.0000,0,0,0,601,0
1906,2.8573,11.5233,0.0041,0.0000,0,0,0.0000,0,0.0000,0,0,0,730,0
1907,2.9853,11.5465,0.0030,0.0000,0,0,0.0000,0,0.0000,0,0,0,730,0
1908,5.2644,7.5769,0.0116,0.0000,0,0,0.0000,0,0.0000,0,0,0,601,0
1909,2.9532,6.4885,0.0019,0.0000,0,0,0.0000,0,0.0000,0,0,0,601,0
1910,2.8573,13.0220,0.0073,0.0000,0,0,0.0000,0,0.0000,0,0,0,710,0
1911,2.9853,12.8185,0.0025,0.0000,0,0,0.0000,0,0.0000,0,0,0,757,0
1912,5.2644,7.4928,0.0073,0.0000,0,0,0.0000,0,0.0000,0,0,0,601,0
1913,2.9532,6.3460,0.0024,0.0000,0,0,0.0000,0,0.0000,0,0,0,601,0
1914,2.8573,12.8575,0.0082,0.0000,0,0,0.0000,0,0.0000,0,0,0,709,0
1915,2.9853,13.4534,0.0017,0.0000,0,0,0.0000,0,0.0000,0,0,0,750,0
1916,5.2644,7.4435,0.0116,0.0000,0,0,0.0000,0,0.0000,0,0,0,601,0
1917,2.9532,6.3158,0.0117,0.0000,0,0,0.0000,0,0.0000,0,0,0,601,0
1918,2.8573,14.6781,0.0101,0.0000,0,0,0.0000,0,0.0000,0,0,0,869,0
1919,2.9853,14.6820,0.0015,0.0000,0,0,0.0000,0,0.0000,0,0,0,696,0
1920,5.2644,6.5168,0.0288,0.0000,0,0,0.0000,0,0.0000,0,1,0,114511,0
1921,2.9532,6.0461,0.0351,0.0000,0,0,0.0000,0,0.0000,0,1,0,78514,0
1922,2.8573,10.7281,0.0298,0.0000,0,0,0.0000,0,0.0000,0,1,0,109057,0
1923,2.9853,10.6988,0.0280,0.0000,0,0,0.0000,0,0.0000,0,1,0,110017,0
1924,5.2644,7.4311,0.0134,0.0000,0,0,0.0000,0,0.0000,0,0,0,13627,0
1925,2.9532,6.4876,0.0045,0.0000,0,0,0.0000,0,0.0000,0,0,0,9905,0
1926,2.8573,11.5457,0.0351,0.0000,0,0,0.0000,0,0.0000,0,0,0,16976,0
1927,2.9853,11.1170,0.0352,0.0000,0,0,0.0000,0,0.0000,0,0,0,18111,0
1928,5.2644,7.0056,0.0256,0.0000,0,0,0.0000,0,0.0000,0,0,0,6718,0
1929,2.9532,6.3405,0.0054,0.0000,0,0,0.0000,0,0.0000,0,0,0,5100,0
1930,2.8573,10.4398,0.0160,0.0000,0,0,0.0000,0,0.0000,0,0,0,19718,0
1931,2.9853,10.5209,0.0090,0.0000,0,0,0.0000,0,0.0000,0,0,0,16497,0
1932,5.2644,6.9848,0.0091,0.0000,0,0,0.0000,0,0.0000,0,0,0,8111,0
1933,2.9532,6.2722,0.0034,0.0000,0,0,0.0000,0,0.0000,0,0,0,4323,0
1934,2.8573,8.8580,0.0078,0.0000,0,0,0.0000,0,0.0000,0,0,0,14471,0
1935,2.9853,10.7225,0.0043,0.0000,0,0,0.0000,0,0.0000,0,0,0,11600,0
1936,5.2644,8.7413,0.0074,0.0000,0,0,0.0000,0,0.0000,0,0,0,5563,0
1937,2.9532,8.5047,0.0026,0.0000,0,0,0.0000,0,0.0000,0,0,0,5033,0
1938,2.8573,11.5740,0.0106,0.0000,0,0,0.0000,0,0.0000,0,0,0,11526,0
1939,2.9853,11.3264,0.0048,0.0000,0,0,0.0000,0,0.0000,0,0,0,11502,0
1940,5.2644,7.1251,0.0067,0.0000,0,0,0.0000,0,0.0000,0,0,0,4043,0
1941,2.9532,7.3359,0.0128,0.0000,0,0,0.0000,0,0.0000,0,0,0,3216,0
1942,2.8573,7.1461,0.0026,0.0000,0,0,0.0000,0,0.0000,0,0,0,7446,0
1943,2.9853,10.9999,0.0029,0.0000,0,0,0.0000,0,0.0000,0,0,0,3814,0
1944,5.2644,7.1253,0.1638,0.0000,0,0,0.0000,0,0.0000,0,0,0,3170,0
1945,2.9532,6.6060,0.0030,0.0000,0,0,0.0000,0,0.0000,0,0,0,2351,0
1946,2.8573,11.4214,0.0075,0.0000,0,0,0.0000,0,0.0000,0,0,0,6708,0
1947,2.9853,11.1271,0.0075,0.0000,0,0,0.0000,0,0.0000,0,0,0,3433,0
1948,5.2644,6.7841,0.0042,0.0000,0,0,0.0000,0,0.0000,0,0,0,2365,0
1949,2.9532,6.0889,0.0025,0.0000,0,0,0.0000,0,0.0000,0,0,0,1707,0
1950,2.8573,9.7765,0.0032,0.0000,0,0,0.0000,0,0.0000,0,0,0,4540,0
1951,2.9853,10.0768,0.0010,0.0000,0,0,0.0000,0,0.0000,0,0,0,3115,0
1952,5.2644,5.9576,0.0040,0.0000,0,0,0.0000,0,0.0000,0,0,0,2164,0
1953,2.9532,5.6895,0.0039,0.0000,0,0,0.0000,0,0.0000,0,0,0,1336,0
1954,2.8573,10.5195,0.0026,0.0000,0,0,0.0000,0,0.0000,0,0,0,3571,0
1955,2.9853,10.3835,0.0026,0.0000,0,0,0.0000,0,0.0000,0,0,0,3093,0
1956,5.2644,5.9842,0.0020,0.0000,0,0,0.0000,0,0.0000,0,0,0,1745,0
1957,2.9532,5.6339,0.0010,0.0000,0,0,0.0000,0,0.0000,0,0,0,980,0
1958,2.8573,10.8618,0.0046,0.0000,0,0,0.0000,0,0.0000,0,0,0,2877,0
1959,2.9853,10.7745,0.0045,0.0000,0,0,0.0000,0,0.0000,0,0,0,3130,0
1960,5.2644,6.9683,0.0055,0.0000,0,0,0.0000,0,0.0000,0,0,0,1602,0
1961,2.9532,6.3456,0.0019,0.0000,0,0,0.0000,0,0.0000,0,0,0,804,0
1962,2.8573,10.3869,0.0043,0.0000,0,0,0.0000,0,0.0000,0,0,0,3019,0
1963,2.9853,10.0410,0.0024,0.0000,0,0,0.0000,0,0.0000,0,0,0,2592,0
1964,5.2644,6.4770,0.0064,0.0000,0,0,0.0000,0,0.0000,0,0,0,1409,0
1965,2.9532,5.8316,0.0064,0.0000,0,0,0.0000,0,0.0000,0,0,0,742,0
1966,2.8573,10.3094,0.0043,0.0000,0,0,0.0000,0,0.0000,0,0,0,943,0
1967,2.9853,10.0038,0.0021,0.0000,0,0,0.0000,0,0.0000,0,0,0,2083,0
1968,5.2644,6.2190,0.0039,0.0000,0,0,0.0000,0,0.0000,0,0,0,1193,0
1969,2.9532,5.8529,0.0019,0.0000,0,0,0.0000,0,0.0000,0,0,0,679,0
1970,2.8573,10.9108,0.0040,0.0000,0,0,0.0000,0,0.0000,0,0,0,707,0
1971,2.9853,10.8279,0.0022,0.0000,0,0,0.0000,0,0.0000,0,0,0,859,0
1972,5.2644,6.7276,0.0047,0.0000,0,0,0.0000,0,0.0000,0,0,0,1068,0
1973,2.9532,5.9786,0.0019,0.0000,0,0,0.0000,0,0.0000,0,0,0,620,0
1974,2.8573,10.5165,0.0053,0.0000,0,0,0.0000,0,0.0000,0,0,0,791,0
1975,2.9853,10.4905,0.0018,0.0000,0,0,0.0000,0,0.0000,0,0,0,757,0
1976,5.2644,6.1693,0.0088,0.0000,0,0,0.0000,0,0.0000,0,0,0,994,0
1977,2.9532,6.0333,0.0022,0.0000,0,0,0.0000,0,0.0000,0,0,0,607,0
1978,2.8573,9.5077,0.0017,0.0000,0,0,0.0000,0,0.0000,0,0,0,837,0
1979,2.9853,10.3342,0.0015,0.0000,0,0,0.0000,0,0.0000,0,0,0,770,0
1980,5.2644,6.1340,0.0086,0.0000,0,0,0.0000,0,0.0000,0,0,0,961,0
1981,2.9532,5.7915,0.0011,0.0000,0,0,0.0000,0,0.0000,0,0,0,601,0
1982,2.8573,10.2575,0.0029,0.0000,0,0,0.0000,0,0.0000,0,0,0,1120,0
1983,2.9853,10.2693,0.0010,0.0000,0,0,0.0000,0,0.0000,0,0,0,1002,0
1984,5.2644,6.0515,0.0041,0.0000,0,0,0.0000,0,0.0000,0,0,0,903,0
1985,2.9532,5.6550,0.0016,0.0000,0,0,0.0000,0,0.0000,0,0,0,601,0
1986,2.8573,10.4879,0.0025,0.0000,0,0,0.0000,0,0.0000,0,0,0,1033,0
1987,2.9853,10.4277,0.0012,0.0000,0,0,0.0000,0,0.0000,0,0,0,1154,0
1988,5.2644,5.7730,0.0030,0.0000,0,0,0.0000,0,0.0000,0,0,0,850,0
1989,2.9532,5.6210,0.0039,0.0000,0,0,0.0000,0,0.0000,0,0,0,601,0
1990,2.8573,10.2053,0.0036,0.0000,0,0,0.0000,0,0.0000,0,0,0,1323,0
1991,2.9853,10.2197,0.0008,0.0000,0,0,0.0000,0,0.0000,0,0,0,1020,0
1992,5.2644,5.7413,0.0030,0.0000,0,0,0.0000,0,0.0000,0,0,0,818,0
1993,2.9532,5.4983,0.0010,0.0000,0,0,0.0000,0,0.0000,0,0,0,601,0
1994,2.8573,10.4198,0.0039,0.0000,0,0,0.0000,0,0.0000,0,0,0,1158,0
1995,2.9853,10.3578,0.0010,0.0000,0,0,0.0000,0,0.0000,0,0,0,1397,0
1996,5.2644,5.9267,0.0179,0.0000,0,0,0.0000,0,0.0000,0,0,0,757,0
1997,2.9532,5.6498,0.0011,0.0000,0,0,0.0000,0,0.0000,0,0,0,601,0
1998,2.8573,10.4549,0.0034,0.0000,0,0,0.0000,0,0.0000,0,0,0,1102,0
1999,2.9853,10.3993,0.0024,0.0000,0,0,0.0000,0,0.0000,0,0,0,718,0
2000,5.2644,5.8627,0.0034,0.0000,0,0,0.0000,0,0.0000,0,0,0,826,0
2001,2.9532,5.6115,0.0007,0.0000,0,0,0.0000,0,0.0000,0,0,0,601,0
2002,2.8573,10.3264,0.0044,0.0000,0,0,0.0000,0,0.0000,0,0,0,947,0
2003,2.9853,10.3800,0.0010,0.0000,0,0,0.0000,0,0.0000,0,0,0,696,0
2004,5.2644,5.9023,0.0039,0.0000,0,0,0.0000,0,0.0000,0,0,0,810,0
2005,2.9532,5.5775,0.0010,0.0000,0,0,0.0000,0,0.0000,0,0,0,601,0
2006,2.8573,10.3791,0.0037,0.0000,0,0,0.0000,0,0.0000,0,0,0,1271,0
2007,2.9853,10.3095,0.0010,0.0000,0,0,0.0000,0,0.0000,0,0,0,715,0
2008,5.2644,5.8893,0.0038,0.0000,0,0,0.0000,0,0.0000,0,0,0,697,0
2009,2.9532,5.6129,0.0005,0.0000,0,0,0.0000,0,0.0000,0,0,0,601,0
2010,2.8573,10.4716,0.0031,0.0000,0,0,0.0000,0,0.0000,0,0,0,696,0
2011,2.9853,10.4486,0.0006,0.0000,0,0,0.0000,0,0.0000,0,0,0,798,0
2012,5.2644,5.8701,0.0037,0.0000,0,0,0.0000,0,0.0000,0,0,0,666,0
2013,2.9532,5.6566,0.0006,0.0000,0,0,0.0000,0,0.0000,0,0,0,601,0
2014,2.8573,10.2754,0.0024,0.0000,0,0,0.0000,0,0.0000,0,0,0,696,0
2015,2.9853,10.2678,0.0005,0.0000,0,0,0.0000,0,0.0000,0,0,0,925,0
2016,5.2644,5.8406,0.0032,0.0000,0,0,0.0000,0,0.0000,0,0,0,657,0
2017,2.9532,5.5720,0.0032,0.0000,0,0,0.0000,0,0.0000,0,0,0,601,0
2018,2.8573,10.4175,0.0034,0.0000,0,0,0.0000,0,0.0000,0,0,0,710,0
2019,2.9853,10.3120,0.0011,0.0000,0,0,0.0000,0,0.0000,0,0,0,917,0
2020,5.2644,5.8402,0.0027,0.0000,0,0,0.0000,0,0.0000,0,0,0,666,0
2021,2.9532,5.6247,0.0009,0.0000,0,0,0.0000,0,0.0000,0,0,0,601,0
2022,2.8573,10.4566,0.0024,0.0000,0,0,0.0000,0,0.0000,0,0,0,732,0
2023,2.9853,10.3870,0.0070,0.0000,0,0,0.0000,0,0.0000,0,0,0,1093,0
2024,5.2644,5.8728,0.0035,0.0000,0,0,0.0000,0,0.0000,0,0,0,640,0
2025,2.9532,5.6536,0.0010,0.0000,0,0,0.0000,0,0.0000,0,0,0,601,0
2026,2.8573,10.4638,0.0032,0.0000,0,0,0.0000,0,0.0000,0,0,0,773,0
2027,2.9853,10.3630,0.0013,0.0000,0,0,0.0000,0,0.0000,0,0,0,698,0
2028,5.2644,5.9705,0.0040,0.0000,0,0,0.0000,0,0.0000,0,0,0,654,0
2029,2.9532,5.6019,0.0013,0.0000,0,0,0.0000,0,0.0000,0,0,0,601,0
2030,2.8573,10.3072,0.0041,0.0000,0,0,0.0000,0,0.0000,0,0,0,741,0
2031,2.9853,10.2447,0.0005,0.0000,0,0,0.0000,0,0.0000,0,0,0,696,0
2032,5.2644,5.9673,0.0039,0.0000,0,0,0.0000,0,0.0000,0,0,0,628,0
2033,2.9532,5.7028,0.0005,0.0000,0,0,0.0000,0,0.0000,0,0,0,601,0
2034,2.8573,10.5541,0.0036,0.0000,0,0,0.0000,0,0.0000,0,0,0,842,0
2035,2.9853,10.4585,0.0036,0.0000,0,0,0.0000,0,0.0000,0,0,0,710,0
2036,5.2644,5.9066,0.0031,0.0000,0,0,0.0000,0,0.0000,0,0,0,610,0
2037,2.9532,5.5851,0.0010,0.0000,0,0,0.0000,0,0.0000,0,0,0,601,0
2038,2.8573,10.5510,0.0033,0.0000,0,0,0.0000,0,0.0000,0,0,0,777,0
2039,2.9853,10.4593,0.0033,0.0000,0,0,0.0000,0,0.0000,0,0,0,743,0
2040,5.2644,6.1551,0.0036,0.0000,0,0,0.0000,0,0.0000,0,0,0,610,0
2041,2.9532,5.6975,0.0036,0.0000,0,0,0.0000,0,0.0000,0,0,0,601,0
2042,2.8573,10.5348,0.0032,0.0000,0,0,0.0000,0,0.0000,0,0,0,753,0
2043,2.9853,10.3830,0.0033,0.0000,0,0,0.0000,0,0.0000,0,0,0,851,0
2044,5.2644,5.7519,0.0032,0.0000,0,0,0.0000,0,0.0000,0,0,0,601,0
2045,2.9532,5.5486,0.0005,0.0000,0,0,0.0000,0,0.0000,0,0,0,601,0
2046,2.8573,10.4028,0.0018,0.0000,0,0,0.0000,0,0.0000,0,0,0,761,0
2047,2.9853,10.2954,0.0010,0.0000,0,0,0.0000,0,0.0000,0,0,0,798,0
2048,5.2644,6.1740,0.0015,0.0000,0,0,0.0000,0,0.0000,0,0,0,601,0
2049,2.9532,5.8937,0.0009,0.0000,0,0,0.0000,0,0.0000,0,0,0,601,0
2050,2.8573,10.8899,0.0008,0.0000,0,0,0.0000,0,0.0000,0,0,0,1003,0
2051,2.9853,10.8834,0.0005,0.0000,0,0,0.0000,0,0.0000,0,0,0,969,0
2052,5.2644,5.8558,0.0010,0.0000,0,0,0.0000,0,0.0000,0,0,0,601,0
2053,2.9532,5.6151,0.0005,0.0000,0,0,0.0000,0,0.0000,0,0,0,601,0
2054,2.8573,10.5728,0.0008,0.0000,0,0,0.0000,0,0.0000,0,0,0,696,0
2055,2.9853,10.6466,0.0006,0.0000,0,0,0.0000,0,0.0000,0,0,0,701,0
2056,5.2644,5.6441,0.0018,0.0000,0,0,0.0000,0,0.0000,0,0,0,601,0
2057,2.9532,5.5516,0.0004,0.0000,0,0,0.0000,0,0.0000,0,0,0,601,0
2058,2.8573,10.4867,0.0008,0.0000,0,0,0.0000,0,0.0000,0,0,0,696,0
2059,2.9853,10.4968,0.0005,0.0000,0,0,0.0000,0,0.0000,0,0,0,696,0
2060,5.2644,6.0005,0.0030,0.0000,0,0,0.0000,0,0.0000,0,0,0,601,0
2061,2.9532,5.8023,0.0008,0.0000,0,0,0.0000,0,0.0000,0,0,0,601,0
2062,2.8573,10.6722,0.0012,0.0000,0,0,0.0000,0,0.0000,0,0,0,696,0
2063,2.9853,10.6903,0.0008,0.0000,0,0,0.0000,0,0.0000,0,0,0,702,0
2064,5.2644,5.9378,0.0011,0.0000,0,0,0.0000,0,0.0000,0,0,0,601,0
2065,2.9532,5.7940,0.0008,0.0000,0,0,0.0000,0,0.0000,0,0,0,601,0
2066,2.8573,10.7146,0.0008,0.0000,0,0,0.0000,0,0.0000,0,0,0,710,0
2067,2.9853,10.7511,0.0006,0.0000,0,0,0.0000,0,0.0000,0,0,0,734,0
2068,5.2644,5.9247,0.0012,0.0000,0,0,0.0000,0,0.0000,0,0,0,601,0
2069,2.9532,5.7737,0.0006,0.0000,0,0,0.0000,0,0.0000,0,0,0,601,0
2070,2.8573,10.9596,0.0010,0.0000,0,0,0.0000,0,0.0000,0,0,0,727,0
2071,2.9853,10.9422,0.0036,0.0000,0,0,0.0000,0,0.0000,0,0,0,788,0
2072,5.2644,6.1010,0.0015,0.0000,0,0,0.0000,0,0.0000,0,0,0,601,0
2073,2.9532,5.9517,0.0016,0.0000,0,0,0.0000,0,0.0000,0,0,0,601,0
2074,2.8573,11.0384,0.0017,0.0000,0,0,0.0000,0,0.0000,0,0,0,714,0
2075,2.9853,11.0414,0.0015,0.0000,0,0,0.0000,0,0.0000,0,0,0,848,0
2076,5.2644,6.1759,0.0020,0.0000,0,0,0.0000,0,0.0000,0,0,0,601,0
2077,2.9532,5.9935,0.0006,0.0000,0,0,0.0000,0,0.0000,0,0,0,601,0
2078,2.8573,11.1904,0.0014,0.0000,0,0,0.0000,0,0.0000,0,0,0,756,0
2079,2.9853,11.1974,0.0010,0.0000,0,0,0.0000,0,0.0000,0,0,0,958,0
2080,5.2644,6.2389,0.0013,0.0000,0,0,0.0000,0,0.0000,0,0,0,601,0
2081,2.9532,6.0484,0.0011,0.0000,0,0,0.0000,0,0.0000,0,0,0,601,0
2082,2.8573,11.1619,0.0013,0.0000,0,0,0.0000,0,0.0000,0,0,0,727,0
2083,2.9853,11.1233,0.0010,0.0000,0,0,0.0000,0,0.0000,0,0,0,696,0
2084,5.2644,6.2529,0.0027,0.0000,0,0,0.0000,0,0.0000,0,0,0,601,0
2085,2.9532,6.0209,0.0014,0.0000,0,0,0.0000,0,0.0000,0,0,0,601,0
2086,2.8573,11.3439,0.0038,0.0000,0,0,0.0000,0,0.0000,0,0,0,720,0
2087,2.9853,11.2305,0.0015,0.0000,0,0,0.0000,0,0.0000,0,0,0,696,0
2088,5.2644,6.5598,0.0029,0.0000,0,0,0.0000,0,0.0000,0,0,0,601,0
2089,2.9532,6.1139,0.0019,0.0000,0,0,0.0000,0,0.0000,0,0,0,601,0
2090,2.8573,11.4543,0.0075,0.0000,0,0,0.0000,0,0.0000,0,0,0,719,0
2091,2.9853,11.2817,0.0076,0.0000,0,0,0.0000,0,0.0000,0,0,0,696,0
2092,5.2644,6.4377,0.0026,0.0000,0,0,0.0000,0,0.0000,0,0,0,601,0
2093,2.9532,6.1298,0.0009,0.0000,0,0,0.0000,0,0.0000,0,0,0,601,0
2094,2.8573,10.4748,0.0019,0.0000,0,0,0.0000,0,0.0000,0,0,0,875,0
2095,2.9853,10.4972,0.0008,0.0000,0,0,0.0000,0,0.0000,0,0,0,724,0
2096,5.2644,5.8412,0.0025,0.0000,0,0,0.0000,0,0.0000,0,0,0,601,0
2097,2.9532,5.5756,0.0010,0.0000,0,0,0.0000,0,0.0000,0,0,0,601,0
2098,2.8573,10.4358,0.0038,0.0000,0,0,0.0000,0,0.0000,0,0,0,702,0
2099,2.9853,10.3781,0.0032,0.0000,0,0,0.0000,0,0.0000,0,0,0,737,0
2100,5.2644,5.7939,0.0036,0.0000,0,0,0.0000,0,0.0000,0,0,0,601,0
2101,2.9532,5.5993,0.0030,0.0000,0,0,0.0000,0,0.0000,0,0,0,601,0
2102,2.8573,10.3205,0.0030,0.0000,0,0,0.0000,0,0.0000,0,0,0,696,0
2103,2.9853,10.2777,0.0005,0.0000,0,0,0.0000,0,0.0000,0,0,0,733,0
2104,5.2644,5.8465,0.0032,0.0000,0,0,0.0000,0,0.0000,0,0,0,601,0
2105,2.9532,5.5682,0.0032,0.0000,0,0,0.0000,0,0.0000,0,0,0,601,0
2106,2.8573,10.3777,0.0012,0.0000,0,0,0.0000,0,0.0000,0,0,0,696,0
2107,2.9853,10.3332,0.0006,0.0000,0,0,0.0000,0,0.0000,0,0,0,857,0
2108,5.2644,5.9958,0.0027,0.0000,0,0,0.0000,0,0.0000,0,0,0,601,0
2109,2.9532,5.6090,0.0027,0.0000,0,0,0.0000,0,0.0000,0,0,0,601,0
2110,2.8573,10.4008,0.0016,0.0000,0,0,0.0000,0,0.0000,0,0,0,696,0
2111,2.9853,10.3669,0.0010,0.0000,0,0,0.0000,0,0.0000,0,0,0,696,0
2112,5.2644,5.9265,0.0062,0.0000,0,0,0.0000,0,0.0000,0,0,0,601,0
2113,2.9532,5.6449,0.0009,0.0000,0,0,0.0000,0,0.0000,0,0,0,601,0
2114,2.8573,10.5463,0.0009,0.0000,0,0,0.0000,0,0.0000,0,0,0,713,0
2115,2.9853,10.5369,0.0006,0.0000,0,0,0.0000,0,0.0000,0,0,0,696,0
2116,5.2644,5.8683,0.0008,0.0000,0,0,0.0000,0,0.0000,0,0,0,601,0
2117,2.9532,5.7128,0.0005,0.0000,0,0,0.0000,0,0.0000,0,0,0,601,0
2118,2.8573,10.6415,0.0008,0.0000,0,0,0.0000,0,0.0000,0,0,0,710,0
2119,2.9853,10.6789,0.0006,0.0000,0,0,0.0000,0,0.0000,0,0,0,701,0
2120,5.2644,5.9684,0.0010,0.0000,0,0,0.0000,0,0.0000,0,0,0,601,0
2121,2.9532,5.8520,0.0008,0.0000,0,0,0.0000,0,0.0000,0,0,0,601,0
2122,2.8573,10.9130,0.0006,0.0000,0,0,0.0000,0,0.0000,0,0,0,740,0
2123,2.9853,10.9233,0.0005,0.0000,0,0,0.0000,0,0.0000,0,0,0,712,0
2124,5.2644,5.9452,0.0011,0.0000,0,0,0.0000,0,0.0000,0,0,0,601,0
2125,2.9532,5.8232,0.0014,0.0000,0,0,0.0000,0,0.0000,0,0,0,601,0
2126,2.8573,10.8266,0.0010,0.0000,0,0,0.0000,0,0.0000,0,0,0,760,0
2127,2.9853,10.8903,0.0005,0.0000,0,0,0.0000,0,0.0000,0,0,0,744,0
2128,5.2644,5.9239,0.0232,0.0000,0,0,0.0000,0,0.0000,0,0,0,601,0
2129,2.9532,5.7496,0.0008,0.0000,0,0,0.0000,0,0.0000,0,0,0,601,0
2130,2.8573,10.7295,0.0012,0.0000,0,0,0.0000,0,0.0000,0,0,0,739,0
2131,2.9853,10.7688,0.0009,0.0000,0,0,0.0000,0,0.0000,0,0,0,717,0
2132,5.2644,6.1338,0.0044,0.0000,0,0,0.0000,0,0.0000,0,0,0,601,0
2133,2.9532,5.9568,0.0045,0.0000,0,0,0.0000,0,0.0000,0,0,0,601,0
2134,2.8573,11.2196,0.0012,0.0000,0,0,0.0000,0,0.0000,0,0,0,721,0
2135,2.9853,11.2755,0.0017,0.0000,0,0,0.0000,0,0.0000,0,0,0,790,0
2136,5.2644,6.4010,0.0018,0.0000,0,0,0.0000,0,0.0000,0,0,0,601,0
2137,2.9532,6.0207,0.0012,0.0000,0,0,0.0000,0,0.0000,0,0,0,601,0
2138,2.8573,11.2060,0.0012,0.0000,0,0,0.0000,0,0.0000,0,0,0,783,0
2139,2.9853,11.1715,0.0012,0.0000,0,0,0.0000,0,0.0000,0,0,0,696,0
2140,5.2644,6.2790,0.0014,0.0000,0,0,0.0000,0,0.0000,0,0,0,599,0
2141,2.9532,6.0813,0.0015,0.0000,0,0,0.0000,0,0.0000,0,0,0,599,0
2142,2.8573,11.1436,0.0017,0.0000,0,0,0.0000,0,0.0000,0,0,0,695,0
2143,2.9853,11.1015,0.0012,0.0000,0,0,0.0000,0,0.0000,0,0,0,695,0
2144,5.2644,6.2245,0.0018,0.0000,0,0,0.0000,0,0.0000,0,0,0,597,0
2145,2.9532,6.0324,0.0010,0.0000,0,0,0.0000,0,0.0000,0,0,0,597,0
2146,2.8573,11.1627,0.0017,0.0000,0,0,0.0000,0,0.0000,0,0,0,693,0
2147,2.9853,11.1067,0.0011,0.0000,0,0,0.0000,0,0.0000,0,0,0,697,0
2148,5.2644,6.2321,0.0020,0.0000,0,0,0.0000,0,0.0000,0,0,0,587,0
2149,2.9532,6.0152,0.0016,0.0000,0,0,0.0000,0,0.0000,0,0,0,587,0
2150,2.8573,10.9685,0.0013,0.0000,0,0,0.0000,0,0.0000,0,0,0,1072,0
2151,2.9853,10.9148,0.0018,0.0000,0,0,0.0000,0,0.0000,0,0,0,1480,0
2152,5.2644,6.2905,0.0022,0.0000,0,0,0.0000,0,0.0000,0,0,0,588,0
2153,2.9532,6.0189,0.0014,0.0000,0,0,0.0000,0,0.0000,0,0,0,588,0
2154,2.8573,11.0679,0.0029,0.0000,0,0,0.0000,0,0.0000,0,0,0,1334,0
2155,2.9853,11.0516,0.0030,0.0000,0,0,0.0000,0,0.0000,0,0,0,1403,0
2156,5.2644,6.3696,0.0025,0.0000,0,0,0.0000,0,0.0000,0,0,0,780,0
2157,2.9532,6.1484,0.0013,0.0000,0,0,0.0000,0,0.0000,0,0,0,774,0
2158,2.8573,11.4403,0.0013,0.0000,0,0,0.0000,0,0.0000,0,0,0,820,0
2159,2.9853,11.1105,0.0019,0.0000,0,0,0.0000,0,0.0000,0,0,0,867,0
2160,5.2644,43.0983,0.0087,0.0000,0,0,0.0000,0,0.0000,0,1,0,60271,0
2161,2.9532,29.9167,0.0077,0.0000,0,0,0.0000,0,0.0000,0,1,0,43482,0
2162,2.8573,26.4366,0.0038,0.0000,0,0,0.0000,0,0.0000,0,1,0,59828,0
2163,2.9853,28.1728,0.0107,0.0000,0,0,0.0000,0,0.0000,0,1,0,68126,0
2164,5.2644,5.9562,0.0123,0.0000,0,0,0.0000,0,0.0000,0,0,0,16498,0
2165,2.9532,5.7644,0.0315,0.0000,0,0,0.0000,0,0.0000,0,0,0,14403,0
2166,2.8573,10.8052,0.0234,0.0000,0,0,0.0000,0,0.0000,0,0,0,17862,0
2167,2.9853,10.7965,0.0090,0.0000,0,0,0.0000,0,0.0000,0,0,0,17138,0
2168,5.2644,5.8177,0.0026,0.0000,0,0,0.0000,0,0.0000,0,0,0,9226,0
2169,2.9532,5.7341,0.0025,0.0000,0,0,0.0000,0,0.0000,0,0,0,6914,0
2170,2.8573,10.8395,0.0034,0.0000,0,0,0.0000,0,0.0000,0,0,0,11125,0
2171,2.9853,10.8454,0.0015,0.0000,0,0,0.0000,0,0.0000,0,0,0,9621,0
2172,5.2644,5.8788,0.0032,0.0000,0,0,0.0000,0,0.0000,0,0,0,17369,0
2173,2.9532,5.8269,0.0040,0.0000,0,0,0.0000,0,0.0000,0,0,0,16755,0
2174,2.8573,10.8781,0.0074,0.0000,0,0,0.0000,0,0.0000,0,0,0,19658,0
2175,2.9853,10.8900,0.0025,0.0000,0,0,0.0000,0,0.0000,0,0,0,15622,0
2176,5.2644,5.8195,0.0022,0.0000,0,0,0.0000,0,0.0000,0,0,0,23309,0
2177,2.9532,5.7512,0.0021,0.0000,0,0,0.0000,0,0.0000,0,0,0,20346,0
2178,2.8573,10.7724,0.0026,0.0000,0,0,0.0000,0,0.0000,0,0,0,22802,0
2179,2.9853,10.7419,0.0021,0.0000,0,0,0.0000,0,0.0000,0,0,0,21407,0
2180,5.2644,5.7554,0.0020,0.0000,0,0,0.0000,0,0.0000,0,0,0,13027,0
2181,2.9532,5.7982,0.0019,0.0000,0,0,0.0000,0,0.0000,0,0,0,11737,0
2182,2.8573,10.5875,0.0016,0.0000,0,0,0.0000,0,0.0000,0,0,0,12722,0
2183,2.9853,10.6638,0.0026,0.0000,0,0,0.0000,0,0.0000,0,0,0,16214,0
2184,5.2644,5.8640,0.0017,0.0000,0,0,0.0000,0,0.0000,0,0,0,7002,0
2185,2.9532,5.7363,0.0014,0.0000,0,0,0.0000,0,0.0000,0,0,0,5132,0
2186,2.8573,10.7460,0.0019,0.0000,0,0,0.0000,0,0.0000,0,0,0,7491,0
2187,2.9853,10.7347,0.0012,0.0000,0,0,0.0000,0,0.0000,0,0,0,4790,0
2188,5.2644,5.8730,0.0027,0.0000,0,0,0.0000,0,0.0000,0,0,0,3933,0
2189,2.9532,5.8124,0.0015,0.0000,0,0,0.0000,0,0.0000,0,0,0,3799,0
2190,2.8573,10.7571,0.0012,0.0000,0,0,0.0000,0,0.0000,0,0,0,4399,0
2191,2.9853,10.8701,0.0012,0.0000,0,0,0.0000,0,0.0000,0,0,0,3276,0
2192,5.2644,5.7781,0.0015,0.0000,0,0,0.0000,0,0.0000,0,0,0,3260,0
2193,2.9532,5.6774,0.0009,0.0000,0,0,0.0000,0,0.0000,0,0,0,2850,0
2194,2.8573,10.5194,0.0011,0.0000,0,0,0.0000,0,0.0000,0,0,0,3280,0
2195,2.9853,10.4890,0.0011,0.0000,0,0,0.0000,0,0.0000,0,0,0,2761,0
2196,5.2644,5.8922,0.0014,0.0000,0,0,0.0000,0,0.0000,0,0,0,3090,0
2197,2.9532,5.7203,0.0009,0.0000,0,0,0.0000,0,0.0000,0,0,0,2691,0
2198,2.8573,10.9940,0.0042,0.0000,0,0,0.0000,0,0.0000,0,0,0,3020,0
2199,2.9853,11.0125,0.0014,0.0000,0,0,0.0000,0,0.0000,0,0,0,2648,0
2200,5.2644,6.3605,0.0045,0.0000,0,0,0.0000,0,0.0000,0,0,0,2664,0
2201,2.9532,6.0730,0.0013,0.0000,0,0,0.0000,0,0.0000,0,0,0,2213,0
2202,2.8573,11.3123,0.0014,0.0000,0,0,0.0000,0,0.0000,0,0,0,1084,0
2203,2.9853,11.2687,0.0019,0.0000,0,0,0.0000,0,0.0000,0,0,0,2638,0
2204,5.2644,6.2615,0.0014,0.0000,0,0,0.0000,0,0.0000,0,0,0,1673,0
2205,2.9532,6.0823,0.0010,0.0000,0,0,0.0000,0,0.0000,0,0,0,1302,0
2206,2.8573,11.1665,0.0015,0.0000,0,0,0.0000,0,0.0000,0,0,0,959,0
2207,2.9853,11.1498,0.0015,0.0000,0,0,0.0000,0,0.0000,0,0,0,2173,0
2208,5.2644,6.2841,0.0016,0.0000,0,0,0.0000,0,0.0000,0,0,0,1538,0
2209,2.9532,6.0881,0.0020,0.0000,0,0,0.0000,0,0.0000,0,0,0,1107,0
2210,2.8573,11.2717,0.0020,0.0000,0,0,0.0000,0,0.0000,0,0,0,819,0
2211,2.9853,11.2419,0.0018,0.0000,0,0,0.0000,0,0.0000,0,0,0,1668,0
2212,5.2644,6.1481,0.0016,0.0000,0,0,0.0000,0,0.0000,0,0,0,1248,0
2213,2.9532,6.0756,0.0010,0.0000,0,0,0.0000,0,0.0000,0,0,0,944,0
2214,2.8573,11.2950,0.0017,0.0000,0,0,0.0000,0,0.0000,0,0,0,945,0
2215,2.9853,11.2897,0.0012,0.0000,0,0,0.0000,0,0.0000,0,0,0,743,0
2216,5.2644,6.3655,0.0010,0.0000,0,0,0.0000,0,0.0000,0,0,0,1198,0
2217,2.9532,6.1268,0.0016,0.0000,0,0,0.0000,0,0.0000,0,0,0,836,0
2218,2.8573,11.3401,0.0013,0.0000,0,0,0.0000,0,0.0000,0,0,0,1250,0
2219,2.9853,11.3100,0.0017,0.0000,0,0,0.0000,0,0.0000,0,0,0,717,0
2220,5.2644,6.5173,0.0022,0.0000,0,0,0.0000,0,0.0000,0,0,0,1168,0
2221,2.9532,6.2983,0.0013,0.0000,0,0,0.0000,0,0.0000,0,0,0,792,0
2222,2.8573,11.6113,0.0031,0.0000,0,0,0.0000,0,0.0000,0,0,0,1108,0
2223,2.9853,11.4642,0.0015,0.0000,0,0,0.0000,0,0.0000,0,0,0,792,0
2224,5.2644,6.9788,0.0037,0.0000,0,0,0.0000,0,0.0000,0,0,0,1037,0
2225,2.9532,6.4539,0.0013,0.0000,0,0,0.0000,0,0.0000,0,0,0,722,0
2226,2.8573,11.7385,0.0019,0.0000,0,0,0.0000,0,0.0000,0,0,0,1361,0
2227,2.9853,11.6807,0.0007,0.0000,0,0,0.0000,0,0.0000,0,0,0,925,0
2228,5.2644,6.4763,0.0022,0.0000,0,0,0.0000,0,0.0000,0,0,0,987,0
2229,2.9532,6.2185,0.0020,0.0000,0,0,0.0000,0,0.0000,0,0,0,676,0
2230,2.8573,11.4820,0.0010,0.0000,0,0,0.0000,0,0.0000,0,0,0,1198,0
2231,2.9853,11.4635,0.0008,0.0000,0,0,0.0000,0,0.0000,0,0,0,1094,0
2232,5.2644,6.3738,0.0023,0.0000,0,0,0.0000,0,0.0000,0,0,0,879,0
2233,2.9532,6.2155,0.0021,0.0000,0,0,0.0000,0,0.0000,0,0,0,648,0
2234,2.8573,11.5422,0.0026,0.0000,0,0,0.0000,0,0.0000,0,0,0,1117,0
2235,2.9853,11.4270,0.0013,0.0000,0,0,0.0000,0,0.0000,0,0,0,1077,0
2236,5.2644,6.3897,0.0030,0.0000,0,0,0.0000,0,0.0000,0,0,0,746,0
2237,2.9532,6.2573,0.0022,0.0000,0,0,0.0000,0,0.0000,0,0,0,643,0
2238,2.8573,11.4106,0.0090,0.0000,0,0,0.0000,0,0.0000,0,0,0,1064,0
2239,2.9853,11.1817,0.0090,0.0000,0,0,0.0000,0,0.0000,0,0,0,1295,0
2240,5.2644,6.8354,0.0011,0.0000,0,0,0.0000,0,0.0000,0,0,0,687,0
2241,2.9532,6.3975,0.0014,0.0000,0,0,0.0000,0,0.0000,0,0,0,622,0
2242,2.8573,7.8239,0.0015,0.0000,0,0,0.0000,0,0.0000,0,0,0,1368,0
2243,2.9853,10.7432,0.0008,0.0000,0,0,0.0000,0,0.0000,0,0,0,709,0
2244,5.2644,6.3762,0.0024,0.0000,0,0,0.0000,0,0.0000,0,0,0,716,0
2245,2.9532,6.1960,0.0013,0.0000,0,0,0.0000,0,0.0000,0,0,0,620,0
2246,2.8573,11.2555,0.0017,0.0000,0,0,0.0000,0,0.0000,0,0,0,710,0
2247,2.9853,11.1880,0.0014,0.0000,0,0,0.0000,0,0.0000,0,0,0,715,0
2248,5.2644,7.1017,0.0081,0.0000,0,0,0.0000,0,0.0000,0,0,0,717,0
2249,2.9532,8.0390,0.0039,0.0000,0,0,0.0000,0,0.0000,0,0,0,613,0
2250,2.8573,11.9618,0.0086,0.0000,0,0,0.0000,0,0.0000,0,0,0,696,0
2251,2.9853,11.7567,0.0086,0.0000,0,0,0.0000,0,0.0000,0,0,0,724,0
2252,5.2644,7.0534,0.0023,0.0000,0,0,0.0000,0,0.0000,0,0,0,685,0
2253,2.9532,6.4811,0.0110,0.0000,0,0,0.0000,0,0.0000,0,0,0,617,0
2254,2.8573,11.5134,0.0128,0.0000,0,0,0.0000,0,0.0000,0,0,0,755,0
2255,2.9853,10.6015,0.0025,0.0000,0,0,0.0000,0,0.0000,0,0,0,779,0
2256,5.2644,7.0252,0.0078,0.0000,0,0,0.0000,0,0.0000,0,0,0,664,0
2257,2.9532,6.8724,0.0029,0.0000,0,0,0.0000,0,0.0000,0,0,0,622,0
2258,2.8573,12.3624,0.0106,0.0000,0,0,0.0000,0,0.0000,0,0,0,785,0
2259,2.9853,12.8433,0.0043,0.0000,0,0,0.0000,0,0.0000,0,0,0,906,0
2260,5.2644,7.0234,0.0093,0.0000,0,0,0.0000,0,0.0000,0,0,0,636,0
2261,2.9532,6.9345,0.0013,0.0000,0,0,0.0000,0,0.0000,0,0,0,626,0
2262,2.8573,11.4864,0.0053,0.0000,0,0,0.0000,0,0.0000,0,0,0,868,0
2263,2.9853,11.3283,0.0030,0.0000,0,0,0.0000,0,0.0000,0,0,0,830,0
2264,5.2644,6.7025,0.0389,0.0000,0,0,0.0000,0,0.0000,0,0,0,635,0
2265,2.9532,6.2885,0.0024,0.0000,0,0,0.0000,0,0.0000,0,0,0,608,0
2266,2.8573,11.0195,0.0029,0.0000,0,0,0.0000,0,0.0000,0,0,0,801,0
2267,2.9853,10.9963,0.0013,0.0000,0,0,0.0000,0,0.0000,0,0,0,966,0
2268,5.2644,6.6698,0.0388,0.0000,0,0,0.0000,0,0.0000,0,0,0,650,0
2269,2.9532,6.1759,0.0008,0.0000,0,0,0.0000,0,0.0000,0,0,0,606,0
2270,2.8573,11.3531,0.0008,0.0000,0,0,0.0000,0,0.0000,0,0,0,1017,0
2271,2.9853,11.2480,0.0004,0.0000,0,0,0.0000,0,0.0000,0,0,0,705,0
2272,5.2644,6.3696,0.0013,0.0000,0,0,0.0000,0,0.0000,0,0,0,646,0
2273,2.9532,6.1430,0.0006,0.0000,0,0,0.0000,0,0.0000,0,0,0,607,0
2274,2.8573,11.4889,0.0006,0.0000,0,0,0.0000,0,0.0000,0,0,0,933,0
2275,2.9853,11.4925,0.0005,0.0000,0,0,0.0000,0,0.0000,0,0,0,703,0
2276,5.2644,6.6845,0.0098,0.0000,0,0,0.0000,0,0.0000,0,0,0,651,0
2277,2.9532,6.7074,0.0032,0.0000,0,0,0.0000,0,0.0000,0,0,0,609,0
2278,2.8573,11.9593,0.0072,0.0000,0,0,0.0000,0,0.0000,0,0,0,926,0
2279,2.9853,11.9952,0.0027,0.0000,0,0,0.0000,0,0.0000,0,0,0,728,0
2280,5.2644,7.2100,0.0011,0.0000,0,0,0.0000,0,0.0000,0,0,0,638,0
2281,2.9532,6.8679,0.0084,0.0000,0,0,0.0000,0,0.0000,0,0,0,601,0
2282,2.8573,9.9352,0.0074,0.0000,0,0,0.0000,0,0.0000,0,0,0,856,0
2283,2.9853,11.0254,0.0021,0.0000,0,0,0.0000,0,0.0000,0,0,0,752,0
2284,5.2644,7.1602,0.0099,0.0000,0,0,0.0000,0,0.0000,0,0,0,623,0
2285,2.9532,6.3994,0.0037,0.0000,0,0,0.0000,0,0.0000,0,0,0,601,0
2286,2.8573,11.4480,0.0087,0.0000,0,0,0.0000,0,0.0000,0,0,0,1082,0
2287,2.9853,11.4445,0.0030,0.0000,0,0,0.0000,0,0.0000,0,0,0,805,0
2288,5.2644,7.5888,0.0091,0.0000,0,0,0.0000,0,0.0000,0,0,0,626,0
2289,2.9532,6.3144,0.0091,0.0000,0,0,0.0000,0,0.0000,0,0,0,601,0
2290,2.8573,11.6540,0.0088,0.0000,0,0,0.0000,0,0.0000,0,0,0,712,0
2291,2.9853,11.6523,0.0035,0.0000,0,0,0.0000,0,0.0000,0,0,0,775,0
2292,5.2644,7.0012,0.0104,0.0000,0,0,0.0000,0,0.0000,0,0,0,622,0
2293,2.9532,6.5817,0.0021,0.0000,0,0,0.0000,0,0.0000,0,0,0,601,0
2294,2.8573,10.6998,0.0069,0.0000,0,0,0.0000,0,0.0000,0,0,0,709,0
2295,2.9853,10.7605,0.0023,0.0000,0,0,0.0000,0,0.0000,0,0,0,911,0
2296,5.2644,6.9723,0.0081,0.0000,0,0,0.0000,0,0.0000,0,0,0,611,0
2297,2.9532,6.4017,0.0015,0.0000,0,0,0.0000,0,0.0000,0,0,0,601,0
2298,2.8573,10.6834,0.0055,0.0000,0,0,0.0000,0,0.0000,0,0,0,723,0
2299,2.9853,14.0825,0.0054,0.0000,0,0,0.0000,0,0.0000,0,0,0,698,0
2300,5.2644,7.6917,0.0068,0.0000,0,0,0.0000,0,0.0000,0,0,0,618,0
2301,2.9532,6.4280,0.0025,0.0000,0,0,0.0000,0,0.0000,0,0,0,601,0
2302,2.8573,11.7098,0.0075,0.0000,0,0,0.0000,0,0.0000,0,0,0,744,0
2303,2.9853,11.7356,0.0014,0.0000,0,0,0.0000,0,0.0000,0,0,0,696,0
2304,5.2644,7.6899,0.0081,0.0000,0,0,0.0000,0,0.0000,0,0,0,605,0
2305,2.9532,6.8956,0.0025,0.0000,0,0,0.0000,0,0.0000,0,0,0,601,0
2306,2.8573,11.3800,0.0023,0.0000,0,0,0.0000,0,0.0000,0,0,0,786,0
2307,2.9853,11.1364,0.0079,0.0000,0,0,0.0000,0,0.0000,0,0,0,704,0
2308,5.2644,7.0646,0.0102,0.0000,0,0,0.0000,0,0.0000,0,0,0,606,0
2309,2.9532,6.2645,0.0015,0.0000,0,0,0.0000,0,0.0000,0,0,0,601,0
2310,2.8573,9.7920,0.0092,0.0000,0,0,0.0000,0,0.0000,0,0,0,780,0
2311,2.9853,9.4155,0.0016,0.0000,0,0,0.0000,0,0.0000,0,0,0,741,0
2312,5.2644,7.4746,0.0100,0.0000,0,0,0.0000,0,0.0000,0,0,0,605,0
2313,2.9532,6.2981,0.0101,0.0000,0,0,0.0000,0,0.0000,0,0,0,601,0
2314,2.8573,10.8080,0.0069,0.0000,0,0,0.0000,0,0.0000,0,0,0,808,0
2315,2.9853,10.8894,0.0018,0.0000,0,0,0.0000,0,0.0000,0,0,0,758,0
2316,5.2644,7.1833,0.0078,0.0000,0,0,0.0000,0,0.0000,0,0,0,606,0
2317,2.9532,6.4949,0.0020,0.0000,0,0,0.0000,0,0.0000,0,0,0,601,0
2318,2.8573,11.7486,0.0088,0.0000,0,0,0.0000,0,0.0000,0,0,0,795,0
2319,2.9853,11.1718,0.0023,0.0000,0,0,0.0000,0,0.0000,0,0,0,738,0
2320,5.2644,7.5747,0.0062,0.0000,0,0,0.0000,0,0.0000,0,0,0,601,0
2321,2.9532,6.3507,0.0012,0.0000,0,0,0.0000,0,0.0000,0,0,0,601,0
2322,2.8573,10.8704,0.0068,0.0000,0,0,0.0000,0,0.0000,0,0,0,771,0
2323,2.9853,10.9346,0.0043,0.0000,0,0,0.0000,0,0.0000,0,0,0,836,0
2324,5.2644,7.0148,0.0077,0.0000,0,0,0.0000,0,0.0000,0,0,0,601,0
2325,2.9532,6.1988,0.0021,0.0000,0,0,0.0000,0,0.0000,0,0,0,601,0
2326,2.8573,11.3102,0.0067,0.0000,0,0,0.0000,0,0.0000,0,0,0,779,0
2327,2.9853,11.0554,0.0066,0.0000,0,0,0.0000,0,0.0000,0,0,0,698,0
2328,5.2644,7.1323,0.0087,0.0000,0,0,0.0000,0,0.0000,0,0,0,601,0
2329,2.9532,6.3545,0.0087,0.0000,0,0,0.0000,0,0.0000,0,0,0,601,0
2330,2.8573,11.7203,0.3050,0.0000,0,0,0.0000,0,0.0000,0,0,0,967,0
2331,2.9853,11.9458,0.0013,0.0000,0,0,0.0000,0,0.0000,0,0,0,696,0
2332,5.2644,7.4546,0.0082,0.0000,0,0,0.0000,0,0.0000,0,0,0,601,0
2333,2.9532,6.6325,0.0024,0.0000,0,0,0.0000,0,0.0000,0,0,0,601,0
2334,2.8573,11.5193,0.0069,0.0000,0,0,0.0000,0,0.0000,0,0,0,710,0
2335,2.9853,11.4503,0.0013,0.0000,0,0,0.0000,0,0.0000,0,0,0,700,0
2336,5.2644,7.4445,0.0077,0.0000,0,0,0.0000,0,0.0000,0,0,0,601,0
2337,2.9532,6.3407,0.0027,0.0000,0,0,0.0000,0,0.0000,0,0,0,601,0
2338,2.8573,12.5124,0.0060,0.0000,0,0,0.0000,0,0.0000,0,0,0,703,0
2339,2.9853,12.5181,0.0024,0.0000,0,0,0.0000,0,0.0000,0,0,0,721,0
2340,5.2644,7.3759,0.0075,0.0000,0,0,0.0000,0,0.0000,0,0,0,601,0
2341,2.9532,6.3084,0.0072,0.0000,0,0,0.0000,0,0.0000,0,0,0,601,0
2342,2.8573,13.8835,0.0084,0.0000,0,0,0.0000,0,0.0000,0,0,0,708,0
2343,2.9853,13.6758,0.0016,0.0000,0,0,0.0000,0,0.0000,0,0,0,783,0
2344,5.2644,7.6056,0.0069,0.0000,0,0,0.0000,0,0.0000,0,0,0,601,0
2345,2.9532,6.4209,0.0069,0.0000,0,0,0.0000,0,0.0000,0,0,0,601,0
2346,2.8573,13.8289,0.0071,0.0000,0,0,0.0000,0,0.0000,0,0,0,751,0
2347,2.9853,13.5408,0.0071,0.0000,0,0,0.0000,0,0.0000,0,0,0,755,0
2348,5.2644,6.9997,0.0040,0.0000,0,0,0.0000,0,0.0000,0,0,0,601,0
2349,2.9532,7.1519,0.0017,0.0000,0,0,0.0000,0,0.0000,0,0,0,601,0
2350,2.8573,9.8154,0.0028,0.0000,0,0,0.0000,0,0.0000,0,0,0,762,0
2351,2.9853,10.9026,0.0019,0.0000,0,0,0.0000,0,0.0000,0,0,0,801,0
2352,5.2644,7.5773,0.0093,0.0000,0,0,0.0000,0,0.0000,0,0,0,601,0
2353,2.9532,6.5148,0.0024,0.0000,0,0,0.0000,0,0.0000,0,0,0,601,0
2354,2.8573,13.6390,0.0418,0.0000,0,0,0.0000,0,0.0000,0,0,0,747,0
2355,2.9853,13.3634,0.0017,0.0000,0,0,0.0000,0,0.0000,0,0,0,696,0
2356,5.2644,6.7199,0.0037,0.0000,0,0,0.0000,0,0.0000,0,0,0,601,0
2357,2.9532,6.1675,0.0011,0.0000,0,0,0.0000,0,0.0000,0,0,0,601,0
2358,2.8573,10.9728,0.0059,0.0000,0,0,0.0000,0,0.0000,0,0,0,830,0
2359,2.9853,10.8291,0.0024,0.0000,0,0,0.0000,0,0.0000,0,0,0,701,0
2360,5.2644,7.2024,0.0099,0.0000,0,0,0.0000,0,0.0000,0,0,0,601,0
2361,2.9532,6.2475,0.0037,0.0000,0,0,0.0000,0,0.0000,0,0,0,601,0
2362,2.8573,11.2447,0.0042,0.0000,0,0,0.0000,0,0.0000,0,0,0,769,0
2363,2.9853,11.1508,0.0025,0.0000,0,0,0.0000,0,0.0000,0,0,0,696,0
2364,5.2644,6.7110,0.0055,0.0000,0,0,0.0000,0,0.0000,0,0,0,601,0
2365,2.9532,6.0512,0.0023,0.0000,0,0,0.0000,0,0.0000,0,0,0,601,0
2366,2.8573,12.5160,0.0075,0.0000,0,0,0.0000,0,0.0000,0,0,0,728,0
2367,2.9853,12.1914,0.0015,0.0000,0,0,0.0000,0,0.0000,0,0,0,717,0
2368,5.2644,9.8655,0.0025,0.0000,0,0,0.0000,0,0.0000,0,0,0,601,0
2369,2.9532,9.1722,0.0025,0.0000,0,0,0.0000,0,0.0000,0,0,0,601,0
2370,2.8573,10.0866,0.0014,0.0000,0,0,0.0000,0,0.0000,0,0,0,726,0
2371,2.9853,10.2900,0.0007,0.0000,0,0,0.0000,0,0.0000,0,0,0,731,0
2372,5.2644,5.8710,0.0029,0.0000,0,0,0.0000,0,0.0000,0,0,0,601,0
2373,2.9532,5.6572,0.0009,0.0000,0,0,0.0000,0,0.0000,0,0,0,601,0
2374,2.8573,10.5606,0.0025,0.0000,0,0,0.0000,0,0.0000,0,0,0,833,0
2375,2.9853,10.5220,0.0009,0.0000,0,0,0.0000,0,0.0000,0,0,0,722,0
2376,5.2644,5.7793,0.0031,0.0000,0,0,0.0000,0,0.0000,0,0,0,601,0
2377,2.9532,5.5329,0.0010,0.0000,0,0,0.0000,0,0.0000,0,0,0,601,0
2378,2.8573,10.4172,0.0022,0.0000,0,0,0.0000,0,0.0000,0,0,0,696,0
2379,2.9853,10.3613,0.0005,0.0000,0,0,0.0000,0,0.0000,0,0,0,758,0
2380,5.2644,5.8647,0.0027,0.0000,0,0,0.0000,0,0.0000,0,0,0,601,0
2381,2.9532,5.5875,0.0027,0.0000,0,0,0.0000,0,0.0000,0,0,0,601,0
2382,2.8573,10.8165,0.0007,0.0000,0,0,0.0000,0,0.0000,0,0,0,696,0
2383,2.9853,10.7512,0.0004,0.0000,0,0,0.0000,0,0.0000,0,0,0,696,0
2384,5.2644,5.8206,0.0031,0.0000,0,0,0.0000,0,0.0000,0,0,0,601,0
2385,2.9532,5.5860,0.0008,0.0000,0,0,0.0000,0,0.0000,0,0,0,601,0
2386,2.8573,10.5533,0.0015,0.0000,0,0,0.0000,0,0.0000,0,0,0,696,0
2387,2.9853,10.5394,0.0006,0.0000,0,0,0.0000,0,0.0000,0,0,0,705,0
2388,5.2644,6.0640,0.0032,0.0000,0,0,0.0000,0,0.0000,0,0,0,601,0
2389,2.9532,5.6911,0.0008,0.0000,0,0,0.0000,0,0.0000,0,0,0,601,0
2390,2.8573,10.7710,0.0013,0.0000,0,0,0.0000,0,0.0000,0,0,0,696,0
2391,2.9853,10.7724,0.0008,0.0000,0,0,0.0000,0,0.0000,0,0,0,707,0
2392,5.2644,5.8228,0.0015,0.0000,0,0,0.0000,0,0.0000,0,0,0,601,0
2393,2.9532,5.5838,0.0008,0.0000,0,0,0.0000,0,0.0000,0,0,0,601,0
2394,2.8573,10.6901,0.0010,0.0000,0,0,0.0000,0,0.0000,0,0,0,701,0
2395,2.9853,10.7160,0.0006,0.0000,0,0,0.0000,0,0.0000,0,0,0,707,0
2396,5.2644,5.8291,0.0024,0.0000,0,0,0.0000,0,0.0000,0,0,0,601,0
2397,2.9532,5.6585,0.0009,0.0000,0,0,0.0000,0,0.0000,0,0,0,601,0
2398,2.8573,10.5746,0.0022,0.0000,0,0,0.0000,0,0.0000,0,0,0,703,0
2399,2.9853,10.5423,0.0005,0.0000,0,0,0.0000,0,0.0000,0,0,0,736,0
