frame_id,fill_ms,upload_ms,draw_present_ms,total_ms,missed_budget
0,14.9110,62.3470,6.3696,83.6277,1
1,0.0000,0.0000,12.1306,12.1307,0
2,0.0000,0.0000,16.6930,16.6931,1
3,0.0000,0.0000,16.5234,16.5234,0
4,0.0000,0.0000,16.8691,16.8692,1
5,0.0000,0.0000,16.6171,16.6172,0
6,0.0000,0.0000,16.6933,16.6933,1
7,0.0000,0.0000,17.6791,17.6793,1
8,0.0000,0.0000,16.7055,16.7057,1
9,0.0000,0.0000,17.7101,17.7103,1
10,0.0000,0.0000,16.5644,16.5648,0
11,0.0000,0.0000,15.2255,15.2257,0
12,0.0000,0.0000,16.7357,16.7359,1
13,0.0000,0.0000,16.5467,16.5469,0
14,0.0000,0.0000,16.7008,16.7009,1
15,0.0000,0.0000,15.9152,15.9154,0
16,0.0000,0.0000,8.4845,8.4846,0
17,0.0000,0.0000,8.3347,8.3349,0
18,0.0000,0.0000,16.6414,16.6415,0
19,0.0000,0.0000,16.6539,16.6540,0
20,0.0000,0.0000,16.6600,16.6601,0
21,0.0000,0.0000,18.6190,18.6192,1
22,0.0000,0.0000,16.8195,16.8198,1
23,0.0000,0.0000,16.6024,16.6027,0
24,0.0000,0.0000,16.6643,16.6646,0
25,0.0000,0.0000,16.6704,16.6707,1
26,0.0000,0.0000,16.6593,16.6596,0
27,0.0000,0.0000,16.6839,16.6842,1
28,0.0000,0.0000,16.7318,16.7321,1
29,0.0000,0.0000,16.6596,16.6599,0
30,0.0000,0.0000,16.6692,16.6695,1
31,0.0000,0.0000,16.7386,16.7389,1
32,0.0000,0.0000,16.5561,16.5564,0
33,0.0000,0.0000,16.7319,16.7322,1
34,0.0000,0.0000,16.6276,16.6279,0
35,0.0000,0.0000,16.5903,16.5906,0
36,0.0000,0.0000,16.7202,16.7205,1
37,0.0000,0.0000,16.6851,16.6854,1
38,0.0000,0.0000,16.6308,16.6311,0
39,0.0000,0.0000,16.6775,16.6778,1
40,0.0000,0.0000,16.6721,16.6724,1
41,0.0000,0.0000,16.6701,16.6704,1
42,0.0000,0.0000,16.7383,16.7386,1
43,0.0000,0.0000,16.6308,16.6311,0
44,0.0000,0.0000,16.7736,16.7739,1
45,0.0000,0.0000,15.7787,15.7790,0
46,0.0000,0.0000,15.7475,15.7476,0
47,0.0000,0.0000,18.5004,18.5005,1
48,0.0000,0.0000,16.6015,16.6019,0
49,0.0000,0.0000,16.5761,16.5764,0
50,0.0000,0.0000,16.6718,16.6721,1
51,0.0000,0.0000,16.6099,16.6102,0
52,0.0000,0.0000,16.8243,16.8246,1
53,0.0000,0.0000,16.6093,16.6096,0
54,0.0000,0.0000,16.7303,16.7306,1
55,0.0000,0.0000,16.6604,16.6607,0
56,0.0000,0.0000,16.6063,16.6066,0
57,0.0000,0.0000,16.7385,16.7388,1
58,0.0000,0.0000,16.5890,16.5893,0
59,0.0000,0.0000,16.7271,16.7274,1
60,0.0000,0.0000,16.6374,16.6377,0
61,0.0000,0.0000,16.6895,16.6898,1
62,0.0000,0.0000,16.6587,16.6590,0
63,0.0000,0.0000,16.6812,16.6816,1
64,0.0000,0.0000,16.6715,16.6717,1
65,0.0000,0.0000,16.6483,16.6486,0
66,0.0000,0.0000,16.6662,16.6665,0
67,0.0000,0.0000,16.7131,16.7134,1
68,0.0000,0.0000,16.6324,16.6327,0
69,0.0000,0.0000,16.6582,16.6585,0
70,0.0000,0.0000,16.7247,16.7250,1
71,0.0000,0.0000,16.6805,16.6809,1
72,0.0000,0.0000,16.6293,16.6296,0
73,0.0000,0.0000,16.6326,16.6330,0
74,0.0000,0.0000,16.6760,16.6763,1
75,0.0000,0.0000,16.6468,16.6471,0
76,0.0000,0.0000,16.6945,16.6948,1
77,0.0000,0.0000,15.3732,15.3734,0
78,0.0000,0.0000,16.5895,16.5896,0
79,0.0000,0.0000,16.7011,16.7012,1
80,0.0000,0.0000,16.6552,16.6553,0
81,0.0000,0.0000,18.0297,18.0299,1
82,0.0000,0.0000,16.6687,16.6690,1
83,0.0000,0.0000,16.5929,16.5932,0
84,0.0000,0.0000,7.7162,7.7165,0
85,0.0000,0.0000,9.1181,9.1184,0
86,0.0000,0.0000,16.6215,16.6218,0
87,0.0000,0.0000,16.6537,16.6540,0
88,0.0000,0.0000,16.6368,16.6371,0
89,0.0000,0.0000,16.7345,16.7348,1
90,0.0000,0.0000,16.5678,16.5681,0
91,0.0000,0.0000,16.7980,16.7983,1
92,0.0000,0.0000,16.6935,16.6938,1
93,0.0000,0.0000,16.5888,16.5891,0
94,0.0000,0.0000,16.7596,16.7599,1
95,0.0000,0.0000,16.6434,16.6437,0
96,0.0000,0.0000,16.5697,16.5700,0
97,0.0000,0.0000,16.7898,16.7901,1
98,0.0000,0.0000,16.6511,16.6514,0
99,0.0000,0.0000,16.3489,16.3492,0
100,0.0000,0.0000,7.8085,7.8088,0
101,0.0000,0.0000,9.1736,9.1739,0
102,0.0000,0.0000,16.6546,16.6549,0
103,0.0000,0.0000,16.5829,16.5832,0
104,0.0000,0.0000,16.7311,16.7313,1
105,0.0000,0.0000,16.6940,16.6943,1
106,0.0000,0.0000,16.7141,16.7144,1
107,0.0000,0.0000,16.5989,16.5992,0
108,0.0000,0.0000,16.6413,16.6416,0
109,0.0000,0.0000,16.6369,16.6372,0
110,0.0000,0.0000,16.7752,16.7755,1
111,0.0000,0.0000,16.6880,16.6883,1
112,0.0000,0.0000,16.6329,16.6332,0
113,0.0000,0.0000,16.6594,16.6597,0
114,0.0000,0.0000,16.5873,16.5876,0
115,0.0000,0.0000,16.2725,16.2728,0
116,0.0000,0.0000,7.9609,7.9612,0
117,0.0000,0.0000,9.2022,9.2025,0
118,0.0000,0.0000,16.6229,16.6232,0
119,0.0000,0.0000,16.6989,16.6992,1
120,0.0000,0.0000,16.6422,16.6425,0
121,0.0000,0.0000,16.6502,16.6505,0
122,0.0000,0.0000,16.6901,16.6904,1
123,0.0000,0.0000,16.6952,16.6955,1
124,0.0000,0.0000,16.7113,16.7116,1
125,0.0000,0.0000,16.6711,16.6714,1
126,0.0000,0.0000,16.6180,16.6183,0
127,0.0000,0.0000,16.7762,16.7765,1
128,0.0000,0.0000,16.6889,16.6893,1
129,0.0000,0.0000,16.6018,16.6021,0
130,0.0000,0.0000,16.7050,16.7053,1
131,0.0000,0.0000,16.5532,16.5535,0
132,0.0000,0.0000,16.7291,16.7294,1
133,0.0000,0.0000,16.7165,16.7168,1
134,0.0000,0.0000,16.6430,16.6433,0
135,0.0000,0.0000,16.9810,16.9814,1
136,0.0000,0.0000,16.4723,16.4726,0
137,0.0000,0.0000,16.5208,16.5211,0
138,0.0000,0.0000,16.8259,16.8262,1
139,0.0000,0.0000,16.5606,16.5609,0
140,0.0000,0.0000,16.6107,16.6111,0
141,0.0000,0.0000,16.7569,16.7572,1
142,0.0000,0.0000,16.6904,16.6907,1
143,0.0000,0.0000,16.7035,16.7038,1
144,0.0000,0.0000,16.5605,16.5608,0
145,0.0000,0.0000,16.7463,16.7465,1
146,0.0000,0.0000,16.5858,16.5861,0
147,0.0000,0.0000,16.6148,16.6151,0
148,0.0000,0.0000,16.7570,16.7573,1
149,0.0000,0.0000,16.5793,16.5796,0
150,0.0000,0.0000,16.7410,16.7413,1
151,0.0000,0.0000,16.7003,16.7006,1
152,0.0000,0.0000,16.5924,16.5927,0
153,0.0000,0.0000,16.6933,16.6936,1
154,0.0000,0.0000,16.6638,16.6642,0
155,0.0000,0.0000,16.6462,16.6465,0
156,0.0000,0.0000,16.6716,16.6719,1
157,0.0000,0.0000,16.6720,16.6723,1
158,0.0000,0.0000,16.7125,16.7128,1
159,0.0000,0.0000,16.6993,16.6996,1
160,0.0000,0.0000,16.6035,16.6038,0
161,0.0000,0.0000,16.7661,16.7664,1
162,0.0000,0.0000,16.5973,16.5976,0
163,0.0000,0.0000,16.6893,16.6896,1
164,0.0000,0.0000,16.7468,16.7471,1
165,0.0000,0.0000,16.5720,16.5723,0
166,0.0000,0.0000,16.7202,16.7205,1
167,0.0000,0.0000,16.7142,16.7145,1
168,0.0000,0.0000,16.6970,16.6973,1
169,0.0000,0.0000,16.5533,16.5536,0
170,0.0000,0.0000,16.6612,16.6615,0
171,0.0000,0.0000,16.6666,16.6669,1
172,0.0000,0.0000,16.6994,16.6998,1
173,0.0000,0.0000,16.6365,16.6368,0
174,0.0000,0.0000,16.7165,16.7168,1
175,0.0000,0.0000,16.6610,16.6613,0
176,0.0000,0.0000,16.7311,16.7314,1
177,0.0000,0.0000,16.6036,16.6039,0
178,0.0000,0.0000,16.8280,16.8283,1
179,0.0000,0.0000,16.6348,16.6351,0
180,0.0000,0.0000,16.5161,16.5164,0
181,0.0000,0.0000,16.7079,16.7083,1
182,0.0000,0.0000,16.7355,16.7358,1
183,0.0000,0.0000,16.5598,16.5601,0
184,0.0000,0.0000,15.2895,15.2898,0
185,0.0000,0.0000,16.7225,16.7226,1
186,0.0000,0.0000,16.6581,16.6582,0
187,0.0000,0.0000,16.7819,16.7820,1
188,0.0000,0.0000,18.2673,18.2675,1
189,0.0000,0.0000,16.4718,16.4721,0
190,0.0000,0.0000,16.6190,16.6193,0
191,0.0000,0.0000,16.5511,16.5514,0
192,0.0000,0.0000,16.6973,16.6976,1
193,0.0000,0.0000,16.7269,16.7272,1
194,0.0000,0.0000,16.6135,16.6138,0
195,0.0000,0.0000,16.6574,16.6577,0
196,0.0000,0.0000,16.7278,16.7281,1
197,0.0000,0.0000,16.7411,16.7414,1
198,0.0000,0.0000,16.7198,16.7201,1
199,0.0000,0.0000,16.6423,16.6427,0
200,0.0000,0.0000,16.6734,16.6737,1
201,0.0000,0.0000,16.5467,16.5470,0
202,0.0000,0.0000,16.7310,16.7313,1
203,0.0000,0.0000,16.6870,16.6873,1
204,0.0000,0.0000,16.6266,16.6269,0
205,0.0000,0.0000,16.6380,16.6383,0
206,0.0000,0.0000,16.6845,16.6848,1
207,0.0000,0.0000,16.6469,16.6472,0
208,0.0000,0.0000,16.7432,16.7435,1
209,0.0000,0.0000,16.6624,16.6627,0
210,0.0000,0.0000,16.5442,16.5446,0
211,0.0000,0.0000,16.7343,16.7346,1
212,0.0000,0.0000,16.6627,16.6630,0
213,0.0000,0.0000,16.6802,16.6805,1
214,0.0000,0.0000,16.6452,16.6455,0
215,0.0000,0.0000,16.6952,16.6955,1
216,0.0000,0.0000,16.6634,16.6637,0
217,0.0000,0.0000,16.7111,16.7114,1
218,0.0000,0.0000,16.7464,16.7467,1
219,0.0000,0.0000,16.4857,16.4860,0
220,0.0000,0.0000,16.6626,16.6629,0
221,0.0000,0.0000,16.7826,16.7829,1
222,0.0000,0.0000,16.6807,16.6810,1
223,0.0000,0.0000,16.6317,16.6320,0
224,0.0000,0.0000,16.6949,16.6952,1
225,0.0000,0.0000,16.7899,16.7902,1
226,0.0000,0.0000,16.9239,16.9242,1
227,0.0000,0.0000,16.3812,16.3815,0
228,0.0000,0.0000,16.6009,16.6012,0
229,0.0000,0.0000,16.6530,16.6533,0
230,0.0000,0.0000,16.7189,16.7192,1
231,0.0000,0.0000,16.5804,16.5807,0
232,0.0000,0.0000,16.7238,16.7241,1
233,0.0000,0.0000,16.7149,16.7152,1
234,0.0000,0.0000,16.6364,16.6368,0
235,0.0000,0.0000,16.6354,16.6357,0
236,0.0000,0.0000,16.7883,16.7886,1
237,0.0000,0.0000,16.6574,16.6578,0
238,0.0000,0.0000,16.5640,16.5642,0
239,0.0000,0.0000,16.4529,16.4532,0
240,0.0000,0.0000,7.5174,7.5177,0
241,0.0000,0.0000,9.5366,9.5369,0
242,0.0000,0.0000,16.5442,16.5445,0
243,0.0000,0.0000,16.7468,16.7471,1
244,0.0000,0.0000,16.6337,16.6341,0
245,0.0000,0.0000,16.5951,16.5954,0
246,0.0000,0.0000,16.7305,16.7308,1
247,0.0000,0.0000,16.6428,16.6431,0
248,0.0000,0.0000,16.4852,16.4855,0
249,0.0000,0.0000,7.7931,7.7934,0
250,0.0000,0.0000,9.0721,9.0724,0
251,0.0000,0.0000,16.3596,16.3599,0
252,0.0000,0.0000,7.8564,7.8567,0
253,0.0000,0.0000,9.1396,9.1399,0
254,0.0000,0.0000,16.6505,16.6508,0
255,0.0000,0.0000,16.6643,16.6646,0
256,0.0000,0.0000,16.7643,16.7646,1
257,0.0000,0.0000,16.6016,16.6019,0
258,0.0000,0.0000,16.6032,16.6035,0
259,0.0000,0.0000,16.6897,16.6900,1
260,0.0000,0.0000,16.6534,16.6537,0
261,0.0000,0.0000,16.6913,16.6916,1
262,0.0000,0.0000,16.6437,16.6440,0
263,0.0000,0.0000,16.7317,16.7320,1
264,0.0000,0.0000,16.6692,16.6695,1
265,0.0000,0.0000,16.6177,16.6180,0
266,0.0000,0.0000,16.6560,16.6563,0
267,0.0000,0.0000,16.6712,16.6715,1
268,0.0000,0.0000,16.6997,16.7001,1
269,0.0000,0.0000,16.7213,16.7216,1
270,0.0000,0.0000,16.7435,16.7438,1
271,0.0000,0.0000,16.4763,16.4766,0
272,0.0000,0.0000,16.7172,16.7175,1
273,0.0000,0.0000,16.7669,16.7672,1
274,0.0000,0.0000,16.5881,16.5884,0
275,0.0000,0.0000,16.7855,16.7858,1
276,0.0000,0.0000,16.6585,16.6588,0
277,0.0000,0.0000,16.5750,16.5753,0
278,0.0000,0.0000,16.7332,16.7335,1
279,0.0000,0.0000,16.5258,16.5261,0
280,0.0000,0.0000,16.7477,16.7480,1
281,0.0000,0.0000,16.7290,16.7293,1
282,0.0000,0.0000,16.7191,16.7194,1
283,0.0000,0.0000,16.6240,16.6243,0
284,0.0000,0.0000,16.6661,16.6664,0
285,0.0000,0.0000,16.6387,16.6390,0
286,0.0000,0.0000,16.7133,16.7136,1
287,0.0000,0.0000,16.6899,16.6902,1
288,0.0000,0.0000,16.7056,16.7059,1
289,0.0000,0.0000,16.5651,16.5654,0
290,0.0000,0.0000,16.6463,16.6466,0
291,0.0000,0.0000,16.7581,16.7584,1
292,0.0000,0.0000,16.6202,16.6205,0
293,0.0000,0.0000,16.6994,16.6998,1
294,0.0000,0.0000,16.6526,16.6529,0
295,0.0000,0.0000,16.6340,16.6343,0
296,0.0000,0.0000,16.6516,16.6519,0
297,0.0000,0.0000,16.7144,16.7147,1
298,0.0000,0.0000,16.7025,16.7028,1
299,0.0000,0.0000,16.8831,16.8834,1
300,0.0000,0.0000,15.2742,15.2745,0
301,0.0000,0.0000,15.9969,15.9971,0
302,0.0000,0.0000,16.6117,16.6118,0
303,0.0000,0.0000,17.9668,17.9670,1
304,0.0000,0.0000,7.8862,7.8864,0
305,0.0000,0.0000,9.3651,9.3654,0
306,0.0000,0.0000,16.6932,16.6935,1
307,0.0000,0.0000,16.5896,16.5899,0
308,0.0000,0.0000,16.7797,16.7800,1
309,0.0000,0.0000,16.5863,16.5867,0
310,0.0000,0.0000,16.6425,16.6428,0
311,0.0000,0.0000,16.6625,16.6628,0
312,0.0000,0.0000,16.9842,16.9845,1
313,0.0000,0.0000,16.7107,16.7110,1
314,0.0000,0.0000,16.4492,16.4495,0
315,0.0000,0.0000,16.5826,16.5829,0
316,0.0000,0.0000,16.7245,16.7248,1
317,0.0000,0.0000,16.7349,16.7352,1
318,0.0000,0.0000,16.6977,16.6980,1
319,0.0000,0.0000,16.7327,16.7330,1
320,0.0000,0.0000,16.1647,16.1649,0
321,0.0000,0.0000,15.8156,15.8158,0
322,0.0000,0.0000,16.6817,16.6819,1
323,0.0000,0.0000,16.6114,16.6116,0
324,0.0000,0.0000,17.7319,17.7321,1
325,0.0000,0.0000,16.8849,16.8852,1
326,0.0000,0.0000,16.6945,16.6948,1
327,0.0000,0.0000,16.5769,16.5772,0
328,0.0000,0.0000,16.6638,16.6641,0
329,0.0000,0.0000,16.7091,16.7094,1
330,0.0000,0.0000,16.7155,16.7158,1
331,0.0000,0.0000,16.5931,16.5934,0
332,0.0000,0.0000,16.6806,16.6809,1
333,0.0000,0.0000,16.6732,16.6735,1
334,0.0000,0.0000,16.3829,16.3832,0
335,0.0000,0.0000,7.9619,7.9622,0
336,0.0000,0.0000,9.1009,9.1012,0
337,0.0000,0.0000,16.5717,16.5720,0
338,0.0000,0.0000,16.6567,16.6570,0
339,0.0000,0.0000,16.6923,16.6926,1
340,0.0000,0.0000,16.6527,16.6530,0
341,0.0000,0.0000,16.7752,16.7755,1
342,0.0000,0.0000,16.6444,16.6447,0
343,0.0000,0.0000,16.6065,16.6068,0
344,0.0000,0.0000,16.7225,16.7228,1
345,0.0000,0.0000,16.5642,16.5645,0
346,0.0000,0.0000,16.7046,16.7049,1
347,0.0000,0.0000,16.6341,16.6344,0
348,0.0000,0.0000,16.6681,16.6684,1
349,0.0000,0.0000,16.7340,16.7343,1
350,0.0000,0.0000,16.7437,16.7440,1
351,0.0000,0.0000,16.6236,16.6239,0
352,0.0000,0.0000,16.6310,16.6313,0
353,0.0000,0.0000,16.7384,16.7387,1
354,0.0000,0.0000,16.5617,16.5620,0
355,0.0000,0.0000,16.7347,16.7350,1
356,0.0000,0.0000,16.6239,16.6242,0
357,0.0000,0.0000,16.6644,16.6647,0
358,0.0000,0.0000,16.6830,16.6833,1
359,0.0000,0.0000,16.6629,16.6632,0
360,0.0000,0.0000,16.6416,16.6419,0
361,0.0000,0.0000,16.8015,16.8018,1
362,0.0000,0.0000,16.5801,16.5805,0
363,0.0000,0.0000,16.6728,16.6731,1
364,0.0000,0.0000,16.6866,16.6869,1
365,0.0000,0.0000,16.7008,16.7011,1
366,0.0000,0.0000,16.6531,16.6534,0
367,0.0000,0.0000,16.6873,16.6876,1
368,0.0000,0.0000,16.6346,16.6349,0
369,0.0000,0.0000,16.7261,16.7264,1
370,0.0000,0.0000,16.6436,16.6439,0
371,0.0000,0.0000,15.2646,15.2649,0
372,0.0000,0.0000,16.6646,16.6648,0
373,0.0000,0.0000,17.7545,17.7547,1
374,0.0000,0.0000,7.9778,7.9781,0
375,0.0000,0.0000,9.2372,9.2376,0
376,0.0000,0.0000,16.5617,16.5620,0
377,0.0000,0.0000,16.6817,16.6820,1
378,0.0000,0.0000,16.5265,16.5268,0
379,0.0000,0.0000,16.7404,16.7407,1
380,0.0000,0.0000,16.5393,16.5396,0
381,0.0000,0.0000,16.7587,16.7590,1
382,0.0000,0.0000,16.7174,16.7177,1
383,0.0000,0.0000,16.8150,16.8153,1
384,0.0000,0.0000,16.4658,16.4661,0
385,0.0000,0.0000,16.4587,16.4590,0
386,0.0000,0.0000,7.6526,7.6529,0
387,0.0000,0.0000,9.3482,9.3485,0
388,0.0000,0.0000,16.1610,16.1612,0
389,0.0000,0.0000,15.6690,15.6692,0
390,0.0000,0.0000,16.6508,16.6509,0
391,0.0000,0.0000,16.6488,16.6490,0
392,0.0000,0.0000,18.0703,18.0705,1
393,0.0000,0.0000,16.6599,16.6602,0
394,0.0000,0.0000,16.7216,16.7219,1
395,0.0000,0.0000,16.6500,16.6503,0
396,0.0000,0.0000,16.7129,16.7132,1
397,0.0000,0.0000,16.6159,16.6162,0
398,0.0000,0.0000,16.7632,16.7635,1
399,0.0000,0.0000,16.6507,16.6510,0
400,0.0000,0.0000,16.6697,16.6700,1
401,0.0000,0.0000,16.6786,16.6789,1
402,0.0000,0.0000,16.6230,16.6234,0
403,0.0000,0.0000,16.6913,16.6916,1
404,0.0000,0.0000,16.7068,16.7071,1
405,0.0000,0.0000,16.6940,16.6943,1
406,0.0000,0.0000,16.5744,16.5747,0
407,0.0000,0.0000,16.7682,16.7685,1
408,0.0000,0.0000,16.6706,16.6709,1
409,0.0000,0.0000,16.5924,16.5927,0
410,0.0000,0.0000,16.6508,16.6511,0
411,0.0000,0.0000,16.7233,16.7236,1
412,0.0000,0.0000,16.5816,16.5819,0
413,0.0000,0.0000,16.7934,16.7938,1
414,0.0000,0.0000,16.6753,16.6756,1
415,0.0000,0.0000,16.6275,16.6278,0
416,0.0000,0.0000,16.6989,16.6993,1
417,0.0000,0.0000,16.6200,16.6203,0
418,0.0000,0.0000,16.5748,16.5751,0
419,0.0000,0.0000,16.7217,16.7220,1
420,0.0000,0.0000,16.6550,16.6553,0
421,0.0000,0.0000,16.7006,16.7009,1
422,0.0000,0.0000,16.4217,16.4221,0
423,0.0000,0.0000,7.6976,7.6979,0
424,0.0000,0.0000,9.2458,9.2461,0
425,0.0000,0.0000,16.6428,16.6431,0
426,0.0000,0.0000,16.7020,16.7023,1
427,0.0000,0.0000,16.6406,16.6409,0
428,0.0000,0.0000,16.6342,16.6345,0
429,0.0000,0.0000,16.7080,16.7083,1
430,0.0000,0.0000,16.6377,16.6381,0
431,0.0000,0.0000,16.7362,16.7365,1
432,0.0000,0.0000,16.6474,16.6477,0
433,0.0000,0.0000,16.7622,16.7625,1
434,0.0000,0.0000,16.5299,16.5302,0
435,0.0000,0.0000,16.7243,16.7246,1
436,0.0000,0.0000,16.7469,16.7473,1
437,0.0000,0.0000,16.5687,16.5690,0
438,0.0000,0.0000,16.2964,16.2967,0
439,0.0000,0.0000,8.0826,8.0829,0
440,0.0000,0.0000,9.0172,9.0175,0
441,0.0000,0.0000,16.6318,16.6321,0
442,0.0000,0.0000,16.7506,16.7509,1
443,0.0000,0.0000,16.6483,16.6486,0
444,0.0000,0.0000,16.6190,16.6193,0
445,0.0000,0.0000,16.5961,16.5964,0
446,0.0000,0.0000,16.7695,16.7698,1
447,0.0000,0.0000,16.6570,16.6573,0
448,0.0000,0.0000,16.7399,16.7403,1
449,0.0000,0.0000,16.5729,16.5732,0
450,0.0000,0.0000,16.6529,16.6532,0
451,0.0000,0.0000,16.6872,16.6875,1
452,0.0000,0.0000,16.6735,16.6738,1
453,0.0000,0.0000,16.8513,16.8516,1
454,0.0000,0.0000,16.5352,16.5355,0
455,0.0000,0.0000,16.6769,16.6773,1
456,0.0000,0.0000,16.6878,16.6881,1
457,0.0000,0.0000,16.5610,16.5613,0
458,0.0000,0.0000,16.7270,16.7273,1
459,0.0000,0.0000,16.6551,16.6554,0
460,0.0000,0.0000,16.6808,16.6811,1
461,0.0000,0.0000,16.6395,16.6398,0
462,0.0000,0.0000,16.6835,16.6838,1
463,0.0000,0.0000,16.7061,16.7064,1
464,0.0000,0.0000,16.7155,16.7158,1
465,0.0000,0.0000,16.6039,16.6042,0
466,0.0000,0.0000,16.6819,16.6822,1
467,0.0000,0.0000,16.7161,16.7164,1
468,0.0000,0.0000,16.6341,16.6344,0
469,0.0000,0.0000,16.6818,16.6821,1
470,0.0000,0.0000,16.7862,16.7865,1
471,0.0000,0.0000,16.5256,16.5259,0
472,0.0000,0.0000,16.7235,16.7238,1
473,0.0000,0.0000,16.6362,16.6365,0
474,0.0000,0.0000,16.7760,16.7763,1
475,0.0000,0.0000,16.5938,16.5941,0
476,0.0000,0.0000,16.7151,16.7154,1
477,0.0000,0.0000,16.5771,16.5774,0
478,0.0000,0.0000,16.6491,16.6494,0
479,0.0000,0.0000,16.6778,16.6781,1
480,0.0000,0.0000,16.7251,16.7254,1
481,0.0000,0.0000,16.6278,16.6281,0
482,0.0000,0.0000,16.6605,16.6608,0
483,0.0000,0.0000,16.6842,16.6845,1
484,0.0000,0.0000,16.6848,16.6851,1
485,0.0000,0.0000,16.7245,16.7248,1
486,0.0000,0.0000,16.6765,16.6768,1
487,0.0000,0.0000,16.6207,16.6210,0
488,0.0000,0.0000,16.7328,16.7331,1
489,0.0000,0.0000,16.6470,16.6473,0
490,0.0000,0.0000,16.5904,16.5907,0
491,0.0000,0.0000,16.6798,16.6801,1
492,0.0000,0.0000,16.6512,16.6515,0
493,0.0000,0.0000,16.6952,16.6955,1
494,0.0000,0.0000,16.6700,16.6703,1
495,0.0000,0.0000,16.8610,16.8613,1
496,0.0000,0.0000,16.5265,16.5268,0
497,0.0000,0.0000,16.7665,16.7668,1
498,0.0000,0.0000,16.4893,16.4896,0
499,0.0000,0.0000,16.7120,16.7123,1
500,0.0000,0.0000,16.6564,16.6567,0
501,0.0000,0.0000,16.7545,16.7548,1
502,0.0000,0.0000,16.6099,16.6102,0
503,0.0000,0.0000,16.7344,16.7347,1
504,0.0000,0.0000,16.6637,16.6640,0
505,0.0000,0.0000,16.6417,16.6420,0
506,0.0000,0.0000,16.6408,16.6411,0
507,0.0000,0.0000,16.7232,16.7235,1
508,0.0000,0.0000,16.6876,16.6879,1
509,0.0000,0.0000,16.6538,16.6540,0
510,0.0000,0.0000,16.6985,16.6988,1
511,0.0000,0.0000,16.6610,16.6613,0
512,0.0000,0.0000,16.6151,16.6154,0
513,0.0000,0.0000,16.2961,16.2964,0
514,0.0000,0.0000,7.5871,7.5874,0
515,0.0000,0.0000,9.5236,9.5239,0
516,0.0000,0.0000,16.6011,16.6014,0
517,0.0000,0.0000,16.6674,16.6677,1
518,0.0000,0.0000,16.6568,16.6572,0
519,0.0000,0.0000,16.6848,16.6851,1
520,0.0000,0.0000,16.6451,16.6454,0
521,0.0000,0.0000,16.7280,16.7284,1
522,0.0000,0.0000,16.5966,16.5969,0
523,0.0000,0.0000,16.3798,16.3801,0
524,0.0000,0.0000,7.7446,7.7449,0
525,0.0000,0.0000,9.3219,9.3222,0
526,0.0000,0.0000,16.6144,16.6147,0
527,0.0000,0.0000,16.6507,16.6510,0
528,0.0000,0.0000,16.6734,16.6737,1
529,0.0000,0.0000,16.6971,16.6974,1
530,0.0000,0.0000,16.6448,16.6451,0
531,0.0000,0.0000,16.6543,16.6546,0
532,0.0000,0.0000,16.6518,16.6521,0
533,0.0000,0.0000,16.6981,16.6984,1
534,0.0000,0.0000,16.6603,16.6606,0
535,0.0000,0.0000,16.6447,16.6450,0
536,0.0000,0.0000,16.7702,16.7705,1
537,0.0000,0.0000,16.5955,16.5958,0
538,0.0000,0.0000,16.7372,16.7375,1
539,0.0000,0.0000,16.7230,16.7233,1
540,0.0000,0.0000,16.3207,16.3680,0
541,0.0000,0.0000,7.8727,7.8730,0
542,0.0000,0.0000,9.0670,9.0673,0
543,0.0000,0.0000,16.6972,16.6975,1
544,0.0000,0.0000,16.5695,16.5698,0
545,0.0000,0.0000,16.6880,16.6883,1
546,0.0000,0.0000,16.6179,16.6182,0
547,0.0000,0.0000,16.7879,16.7882,1
548,0.0000,0.0000,16.5886,16.5890,0
549,0.0000,0.0000,16.7478,16.7482,1
550,0.0000,0.0000,16.6405,16.6408,0
551,0.0000,0.0000,16.6295,16.6298,0
552,0.0000,0.0000,16.6711,16.6714,1
553,0.0000,0.0000,16.6705,16.6708,1
554,0.0000,0.0000,16.6978,16.6981,1
555,0.0000,0.0000,16.6365,16.6368,0
556,0.0000,0.0000,16.6665,16.6668,1
557,0.0000,0.0000,16.6982,16.6985,1
558,0.0000,0.0000,16.6636,16.6639,0
559,0.0000,0.0000,16.6595,16.6598,0
560,0.0000,0.0000,16.9482,16.9485,1
561,0.0000,0.0000,16.5200,16.5203,0
562,0.0000,0.0000,16.6259,16.6262,0
563,0.0000,0.0000,16.6100,16.6103,0
564,0.0000,0.0000,16.7231,16.7234,1
565,0.0000,0.0000,16.7072,16.7075,1
566,0.0000,0.0000,16.5893,16.5896,0
567,0.0000,0.0000,16.7249,16.7252,1
568,0.0000,0.0000,16.6374,16.6377,0
569,0.0000,0.0000,16.5332,16.5335,0
570,0.0000,0.0000,16.7546,16.7549,1
571,0.0000,0.0000,16.7963,16.7966,1
572,0.0000,0.0000,16.6042,16.6045,0
573,0.0000,0.0000,16.6734,16.6738,1
574,0.0000,0.0000,16.6103,16.6106,0
575,0.0000,0.0000,16.7446,16.7450,1
576,0.0000,0.0000,16.6215,16.6218,0
577,0.0000,0.0000,16.7452,16.7455,1
578,0.0000,0.0000,16.6159,16.6162,0
579,0.0000,0.0000,16.6747,16.6750,1
580,0.0000,0.0000,16.6936,16.6939,1
581,0.0000,0.0000,16.5965,16.5968,0
582,0.0000,0.0000,16.6662,16.6665,0
583,0.0000,0.0000,16.7217,16.7220,1
584,0.0000,0.0000,16.6216,16.6219,0
585,0.0000,0.0000,16.7370,16.7373,1
586,0.0000,0.0000,16.6841,16.6844,1
587,0.0000,0.0000,16.5946,16.5949,0
588,0.0000,0.0000,16.6699,16.6702,1
589,0.0000,0.0000,16.6650,16.6654,0
590,0.0000,0.0000,16.6919,16.6922,1
591,0.0000,0.0000,16.6757,16.6760,1
592,0.0000,0.0000,16.6715,16.6719,1
593,0.0000,0.0000,16.6937,16.6940,1
594,0.0000,0.0000,16.6713,16.6716,1
595,0.0000,0.0000,16.6138,16.6141,0
596,0.0000,0.0000,16.7492,16.7497,1
597,0.0000,0.0000,16.6418,16.6421,0
598,0.0000,0.0000,16.6288,16.6291,0
599,0.0000,0.0000,16.6627,16.6630,0
600,0.0000,0.0000,16.6582,16.6585,0
601,0.0000,0.0000,16.6241,16.6244,0
602,0.0000,0.0000,16.7726,16.7729,1
603,0.0000,0.0000,16.6868,16.6872,1
604,0.0000,0.0000,16.6392,16.6396,0
605,0.0000,0.0000,16.6446,16.6449,0
606,0.0000,0.0000,16.6741,16.6744,1
607,0.0000,0.0000,16.7802,16.7805,1
608,0.0000,0.0000,16.6011,16.6014,0
609,0.0000,0.0000,16.7954,16.7957,1
610,0.0000,0.0000,17.1266,17.1269,1
611,0.0000,0.0000,14.8550,14.8553,0
612,0.0000,0.0000,16.6788,16.6790,1
613,0.0000,0.0000,16.6870,16.6873,1
614,0.0000,0.0000,17.8519,17.8521,1
615,0.0000,0.0000,16.6567,16.6570,0
616,0.0000,0.0000,16.7728,16.7731,1
617,0.0000,0.0000,16.6943,16.6946,1
618,0.0000,0.0000,16.5792,16.5795,0
619,0.0000,0.0000,16.7065,16.7068,1
620,0.0000,0.0000,16.6133,16.6136,0
621,0.0000,0.0000,16.6856,16.6859,1
622,0.0000,0.0000,16.7594,16.7597,1
623,0.0000,0.0000,16.6353,16.6356,0
624,0.0000,0.0000,16.6635,16.6638,0
625,0.0000,0.0000,16.5947,16.5950,0
626,0.0000,0.0000,16.7571,16.7574,1
627,0.0000,0.0000,16.5982,16.5985,0
628,0.0000,0.0000,16.6583,16.6586,0
629,0.0000,0.0000,16.7586,16.7589,1
630,0.0000,0.0000,16.6213,16.6217,0
631,0.0000,0.0000,16.6969,16.6972,1
632,0.0000,0.0000,16.6386,16.6389,0
633,0.0000,0.0000,16.6848,16.6851,1
634,0.0000,0.0000,16.6560,16.6563,0
635,0.0000,0.0000,16.6838,16.6841,1
636,0.0000,0.0000,16.6389,16.6393,0
637,0.0000,0.0000,16.6666,16.6669,1
638,0.0000,0.0000,16.6109,16.6112,0
639,0.0000,0.0000,16.8873,16.8876,1
640,0.0000,0.0000,16.5378,16.5381,0
641,0.0000,0.0000,16.6494,16.6497,0
642,0.0000,0.0000,16.7045,16.7048,1
643,0.0000,0.0000,16.6647,16.6650,0
644,0.0000,0.0000,16.7321,16.7324,1
645,0.0000,0.0000,16.6046,16.6049,0
646,0.0000,0.0000,16.7140,16.7143,1
647,0.0000,0.0000,16.6510,16.6513,0
648,0.0000,0.0000,16.6239,16.6242,0
649,0.0000,0.0000,16.6678,16.6681,1
650,0.0000,0.0000,16.7401,16.7404,1
651,0.0000,0.0000,16.6097,16.6100,0
652,0.0000,0.0000,16.5541,16.5544,0
653,0.0000,0.0000,7.6001,7.6004,0
654,0.0000,0.0000,9.2683,9.2686,0
655,0.0000,0.0000,16.6565,16.6568,0
656,0.0000,0.0000,16.7159,16.7162,1
657,0.0000,0.0000,16.3290,16.3293,0
658,0.0000,0.0000,7.4491,7.4494,0
659,0.0000,0.0000,9.5567,9.5570,0
660,0.0000,0.0000,16.5673,16.5676,0
661,0.0000,0.0000,16.6949,16.6952,1
662,0.0000,0.0000,16.6374,16.6377,0
663,0.0000,0.0000,16.6978,16.6981,1
664,0.0000,0.0000,16.7319,16.7322,1
665,0.0000,0.0000,16.6361,16.6364,0
666,0.0000,0.0000,16.6488,16.6491,0
667,0.0000,0.0000,16.6349,16.6353,0
668,0.0000,0.0000,16.7178,16.7181,1
669,0.0000,0.0000,16.6556,16.6559,0
670,0.0000,0.0000,16.6302,16.6305,0
671,0.0000,0.0000,16.6564,16.6567,0
672,0.0000,0.0000,16.8032,16.8035,1
673,0.0000,0.0000,16.6550,16.6553,0
674,0.0000,0.0000,16.6417,16.6420,0
675,0.0000,0.0000,16.5989,16.5992,0
676,0.0000,0.0000,16.6752,16.6755,1
677,0.0000,0.0000,16.7836,16.7840,1
678,0.0000,0.0000,16.7290,16.7293,1
679,0.0000,0.0000,16.5392,16.5396,0
680,0.0000,0.0000,16.6699,16.6702,1
681,0.0000,0.0000,16.6595,16.6598,0
682,0.0000,0.0000,16.7256,16.7259,1
683,0.0000,0.0000,16.6055,16.6058,0
684,0.0000,0.0000,16.6798,16.6801,1
685,0.0000,0.0000,16.6428,16.6431,0
686,0.0000,0.0000,15.3020,15.3022,0
687,0.0000,0.0000,16.6792,16.6795,1
688,0.0000,0.0000,16.6553,16.6554,0
689,0.0000,0.0000,16.6095,16.6097,0
690,0.0000,0.0000,18.1146,18.1148,1
691,0.0000,0.0000,16.6887,16.6890,1
692,0.0000,0.0000,16.6182,16.6185,0
693,0.0000,0.0000,16.6932,16.6935,1
694,0.0000,0.0000,16.6518,16.6521,0
695,0.0000,0.0000,16.7115,16.7118,1
696,0.0000,0.0000,16.6596,16.6599,0
697,0.0000,0.0000,16.7277,16.7280,1
698,0.0000,0.0000,16.6004,16.6007,0
699,0.0000,0.0000,16.6998,16.7001,1
700,0.0000,0.0000,16.7670,16.7673,1
701,0.0000,0.0000,16.6515,16.6518,0
702,0.0000,0.0000,16.6854,16.6857,1
703,0.0000,0.0000,16.7134,16.7137,1
704,0.0000,0.0000,16.4558,16.4561,0
705,0.0000,0.0000,16.3296,16.3299,0
706,0.0000,0.0000,8.1063,8.1066,0
707,0.0000,0.0000,8.9934,8.9937,0
708,0.0000,0.0000,16.3052,16.3055,0
709,0.0000,0.0000,7.8613,7.8616,0
710,0.0000,0.0000,9.2611,9.2614,0
711,0.0000,0.0000,16.5190,16.5193,0
712,0.0000,0.0000,16.7565,16.7568,1
713,0.0000,0.0000,16.6333,16.6336,0
714,0.0000,0.0000,16.6488,16.6491,0
715,0.0000,0.0000,16.7749,16.7752,1
716,0.0000,0.0000,16.5785,16.5788,0
717,0.0000,0.0000,16.7550,16.7553,1
718,0.0000,0.0000,16.6648,16.6652,0
719,0.0000,0.0000,16.6077,16.6080,0
720,0.0000,0.0000,16.7510,16.7513,1
721,0.0000,0.0000,16.8035,16.8038,1
722,0.0000,0.0000,16.7884,16.7887,1
723,0.0000,0.0000,15.1092,15.1095,0
724,0.0000,0.0000,16.6839,16.6841,1
725,0.0000,0.0000,15.9543,15.9545,0
726,0.0000,0.0000,8.2611,8.2612,0
727,0.0000,0.0000,8.8268,8.8268,0
728,0.0000,0.0000,16.1018,16.1019,0
729,0.0000,0.0000,3.3277,3.3278,0
730,0.0000,0.0000,13.5871,13.5872,0
731,0.0000,0.0000,16.6786,16.6786,1
732,0.0000,0.0000,16.7481,16.7482,1
733,0.0000,0.0000,16.5933,16.5934,0
734,0.0000,0.0000,16.6413,16.6415,0
735,0.0000,0.0000,16.7440,16.7441,1
736,0.0000,0.0000,16.4401,16.4402,0
737,0.0000,0.0000,16.6510,16.6511,0
738,0.0000,0.0000,16.6472,16.6472,0
739,0.0000,0.0000,16.6827,16.6828,1
740,0.0000,0.0000,16.6165,16.6167,0
741,0.0000,0.0000,18.5011,18.5012,1
742,0.0000,0.0000,16.8552,16.8555,1
743,0.0000,0.0000,16.8568,16.8571,1
744,0.0000,0.0000,16.7521,16.7524,1
745,0.0000,0.0000,16.4743,16.4746,0
746,0.0000,0.0000,17.0461,17.0464,1
747,0.0000,0.0000,16.4157,16.4160,0
748,0.0000,0.0000,16.5725,16.5728,0
749,0.0000,0.0000,16.6896,16.6899,1
750,0.0000,0.0000,16.7168,16.7171,1
751,0.0000,0.0000,16.5658,16.5661,0
752,0.0000,0.0000,16.7999,16.8002,1
753,0.0000,0.0000,16.6715,16.6718,1
754,0.0000,0.0000,16.6108,16.6111,0
755,0.0000,0.0000,16.5364,16.5366,0
756,0.0000,0.0000,15.4011,15.4013,0
757,0.0000,0.0000,16.6278,16.6279,0
758,0.0000,0.0000,16.4301,16.4304,0
759,0.0000,0.0000,8.5063,8.5065,0
760,0.0000,0.0000,8.4657,8.4659,0
761,0.0000,0.0000,16.6651,16.6652,0
762,0.0000,0.0000,16.6192,16.6193,0
763,0.0000,0.0000,16.7230,16.7231,1
764,0.0000,0.0000,16.7025,16.7027,1
765,0.0000,0.0000,16.6440,16.6443,0
766,0.0000,0.0000,16.6752,16.6754,1
767,0.0000,0.0000,18.0179,18.0181,1
768,0.0000,0.0000,16.7672,16.7676,1
769,0.0000,0.0000,16.6170,16.6173,0
770,0.0000,0.0000,16.6619,16.6622,0
771,0.0000,0.0000,16.5742,16.5745,0
772,0.0000,0.0000,16.6863,16.6866,1
773,0.0000,0.0000,16.6678,16.6681,1
774,0.0000,0.0000,16.7125,16.7128,1
775,0.0000,0.0000,16.7439,16.7442,1
776,0.0000,0.0000,16.6450,16.6453,0
777,0.0000,0.0000,16.6342,16.6345,0
778,0.0000,0.0000,16.6561,16.6564,0
779,0.0000,0.0000,16.6682,16.6685,1
780,0.0000,0.0000,16.6943,16.6946,1
781,0.0000,0.0000,16.6609,16.6612,0
782,0.0000,0.0000,16.6628,16.6631,0
783,0.0000,0.0000,16.6796,16.6799,1
784,0.0000,0.0000,16.6583,16.6586,0
785,0.0000,0.0000,16.7074,16.7077,1
786,0.0000,0.0000,16.7600,16.7603,1
787,0.0000,0.0000,16.6570,16.6573,0
788,0.0000,0.0000,16.6596,16.6599,0
789,0.0000,0.0000,16.6132,16.6135,0
790,0.0000,0.0000,16.6847,16.6850,1
791,0.0000,0.0000,16.6101,16.6104,0
792,0.0000,0.0000,16.6118,16.6121,0
793,0.0000,0.0000,16.7247,16.7250,1
794,0.0000,0.0000,15.5112,15.5114,0
795,0.0000,0.0000,16.6879,16.6880,1
796,0.0000,0.0000,16.6874,16.6876,1
797,0.0000,0.0000,16.6639,16.6640,0
798,0.0000,0.0000,17.8475,17.8477,1
799,0.0000,0.0000,16.7246,16.7249,1
800,0.0000,0.0000,16.7403,16.7406,1
801,0.0000,0.0000,16.5205,16.5208,0
802,0.0000,0.0000,16.7537,16.7540,1
803,0.0000,0.0000,16.6704,16.6707,1
804,0.0000,0.0000,16.6311,16.6314,0
805,0.0000,0.0000,16.6683,16.6686,1
806,0.0000,0.0000,16.6574,16.6577,0
807,0.0000,0.0000,16.3298,16.3301,0
808,0.0000,0.0000,7.9021,7.9024,0
809,0.0000,0.0000,9.2453,9.2457,0
810,0.0000,0.0000,16.4654,16.4657,0
811,0.0000,0.0000,16.6909,16.6912,1
812,0.0000,0.0000,16.7005,16.7008,1
813,0.0000,0.0000,16.6647,16.6650,0
814,0.0000,0.0000,16.7260,16.7263,1
815,0.0000,0.0000,15.4650,15.4653,0
816,0.0000,0.0000,16.6911,16.6913,1
817,0.0000,0.0000,16.6560,16.6561,0
818,0.0000,0.0000,16.6060,16.6062,0
819,0.0000,0.0000,16.7180,16.7183,1
820,0.0000,0.0000,16.6580,16.6582,0
821,0.0000,0.0000,16.6855,16.6858,1
822,0.0000,0.0000,16.6551,16.6552,0
823,0.0000,0.0000,16.6662,16.6663,0
824,0.0000,0.0000,16.6335,16.6337,0
825,0.0000,0.0000,17.9123,17.9125,1
826,0.0000,0.0000,16.6334,16.6337,0
827,0.0000,0.0000,16.6943,16.6946,1
828,0.0000,0.0000,16.6791,16.6794,1
829,0.0000,0.0000,16.6487,16.6491,0
830,0.0000,0.0000,16.6877,16.6880,1
831,0.0000,0.0000,16.7079,16.7082,1
832,0.0000,0.0000,7.3366,7.3369,0
833,0.0000,0.0000,9.4715,9.4718,0
834,0.0000,0.0000,16.5708,16.5711,0
835,0.0000,0.0000,16.6917,16.6920,1
836,0.0000,0.0000,16.6507,16.6510,0
837,0.0000,0.0000,16.5932,16.5935,0
838,0.0000,0.0000,16.6914,16.6918,1
839,0.0000,0.0000,16.7569,16.7572,1
840,0.0000,0.0000,16.5895,16.5898,0
841,0.0000,0.0000,16.6927,16.6930,1
842,0.0000,0.0000,16.6677,16.6680,1
843,0.0000,0.0000,16.5966,16.5969,0
844,0.0000,0.0000,16.7361,16.7364,1
845,0.0000,0.0000,16.7039,16.7042,1
846,0.0000,0.0000,16.6525,16.6529,0
847,0.0000,0.0000,16.4375,16.4378,0
848,0.0000,0.0000,7.6654,7.6657,0
849,0.0000,0.0000,9.2934,9.2937,0
850,0.0000,0.0000,16.6275,16.6278,0
851,0.0000,0.0000,16.5905,16.5908,0
852,0.0000,0.0000,16.6901,16.6904,1
853,0.0000,0.0000,16.6098,16.6101,0
854,0.0000,0.0000,16.7685,16.7688,1
855,0.0000,0.0000,16.5984,16.5987,0
856,0.0000,0.0000,16.7105,16.7108,1
857,0.0000,0.0000,16.4723,16.4726,0
858,0.0000,0.0000,15.6875,15.6877,0
859,0.0000,0.0000,16.0789,16.0791,0
860,0.0000,0.0000,8.3899,8.3901,0
861,0.0000,0.0000,8.8972,8.8974,0
862,0.0000,0.0000,16.6345,16.6347,0
863,0.0000,0.0000,16.6634,16.6637,0
864,0.0000,0.0000,16.6250,16.6252,0
865,0.0000,0.0000,16.7326,16.7327,1
866,0.0000,0.0000,17.8997,17.8999,1
867,0.0000,0.0000,16.7532,16.7535,1
868,0.0000,0.0000,16.5427,16.5430,0
869,0.0000,0.0000,16.7327,16.7330,1
870,0.0000,0.0000,16.5559,16.5562,0
871,0.0000,0.0000,16.7693,16.7696,1
872,0.0000,0.0000,16.7007,16.7010,1
873,0.0000,0.0000,16.6316,16.6319,0
874,0.0000,0.0000,16.5720,16.5723,0
875,0.0000,0.0000,16.7158,16.7161,1
876,0.0000,0.0000,16.6788,16.6791,1
877,0.0000,0.0000,16.6590,16.6593,0
878,0.0000,0.0000,16.7381,16.7384,1
879,0.0000,0.0000,16.5707,16.5710,0
880,0.0000,0.0000,16.7375,16.7378,1
881,0.0000,0.0000,16.6322,16.6325,0
882,0.0000,0.0000,16.6930,16.6933,1
883,0.0000,0.0000,16.6529,16.6532,0
884,0.0000,0.0000,16.6687,16.6690,1
885,0.0000,0.0000,16.7729,16.7733,1
886,0.0000,0.0000,16.6045,16.6048,0
887,0.0000,0.0000,16.6829,16.6832,1
888,0.0000,0.0000,16.6169,16.6172,0
889,0.0000,0.0000,16.6764,16.6767,1
890,0.0000,0.0000,16.6793,16.6796,1
891,0.0000,0.0000,16.7257,16.7260,1
892,0.0000,0.0000,16.6578,16.6581,0
893,0.0000,0.0000,16.6308,16.6311,0
894,0.0000,0.0000,16.7220,16.7223,1
895,0.0000,0.0000,16.6934,16.6937,1
896,0.0000,0.0000,16.6417,16.6420,0
897,0.0000,0.0000,16.7096,16.7099,1
898,0.0000,0.0000,16.6071,16.6074,0
899,0.0000,0.0000,16.6808,16.6812,1
900,0.0000,0.0000,16.6586,16.6589,0
901,0.0000,0.0000,16.6282,16.6285,0
902,0.0000,0.0000,16.6893,16.6896,1
903,0.0000,0.0000,16.6222,16.6225,0
904,0.0000,0.0000,16.7369,16.7372,1
905,0.0000,0.0000,16.6463,16.6466,0
906,0.0000,0.0000,16.6633,16.6636,0
907,0.0000,0.0000,16.7016,16.7019,1
908,0.0000,0.0000,16.6844,16.6847,1
909,0.0000,0.0000,16.6723,16.6726,1
910,0.0000,0.0000,16.6898,16.6901,1
911,0.0000,0.0000,16.6295,16.6298,0
912,0.0000,0.0000,16.7861,16.7864,1
913,0.0000,0.0000,16.5767,16.5770,0
914,0.0000,0.0000,16.7096,16.7099,1
915,0.0000,0.0000,16.6090,16.6093,0
916,0.0000,0.0000,16.6628,16.6631,0
917,0.0000,0.0000,16.6657,16.6660,0
918,0.0000,0.0000,16.6946,16.6949,1
919,0.0000,0.0000,16.7310,16.7313,1
920,0.0000,0.0000,16.6319,16.6322,0
921,0.0000,0.0000,16.6812,16.6815,1
922,0.0000,0.0000,16.6326,16.6329,0
923,0.0000,0.0000,16.6732,16.6736,1
924,0.0000,0.0000,16.6425,16.6430,0
925,0.0000,0.0000,16.7441,16.7444,1
926,0.0000,0.0000,16.6679,16.6682,1
927,0.0000,0.0000,16.6181,16.6184,0
928,0.0000,0.0000,16.6871,16.6874,1
929,0.0000,0.0000,16.6928,16.6931,1
930,0.0000,0.0000,16.6349,16.6352,0
931,0.0000,0.0000,16.9545,16.9548,1
932,0.0000,0.0000,16.5475,16.5478,0
933,0.0000,0.0000,16.6449,16.6452,0
934,0.0000,0.0000,16.5600,16.5604,0
935,0.0000,0.0000,16.6761,16.6764,1
936,0.0000,0.0000,16.6429,16.6432,0
937,0.0000,0.0000,16.6365,16.6368,0
938,0.0000,0.0000,16.7105,16.7108,1
939,0.0000,0.0000,16.6618,16.6621,0
940,0.0000,0.0000,15.4453,15.4456,0
941,0.0000,0.0000,17.7454,17.7456,1
942,0.0000,0.0000,7.7220,7.7223,0
943,0.0000,0.0000,9.1561,9.1564,0
944,0.0000,0.0000,16.6644,16.6647,0
945,0.0000,0.0000,16.6624,16.6627,0
946,0.0000,0.0000,16.6598,16.6601,0
947,0.0000,0.0000,16.7064,16.7067,1
948,0.0000,0.0000,16.6909,16.6912,1
949,0.0000,0.0000,16.6710,16.6713,1
950,0.0000,0.0000,16.6141,16.6144,0
951,0.0000,0.0000,16.6596,16.6599,0
952,0.0000,0.0000,16.6657,16.6660,0
953,0.0000,0.0000,16.6462,16.6465,0
954,0.0000,0.0000,16.7453,16.7456,1
955,0.0000,0.0000,16.5864,16.5867,0
956,0.0000,0.0000,16.6972,16.6975,1
957,0.0000,0.0000,16.6703,16.6706,1
958,0.0000,0.0000,16.6602,16.6605,0
959,0.0000,0.0000,16.7187,16.7190,1
960,0.0000,0.0000,16.6529,16.6532,0
961,0.0000,0.0000,16.6644,16.6647,0
962,0.0000,0.0000,16.7087,16.7090,1
963,0.0000,0.0000,16.7229,16.7231,1
964,0.0000,0.0000,16.8952,16.8955,1
965,0.0000,0.0000,16.5488,16.5491,0
966,0.0000,0.0000,16.4356,16.4360,0
967,0.0000,0.0000,16.3356,16.3359,0
968,0.0000,0.0000,8.0096,8.0099,0
969,0.0000,0.0000,9.0360,9.0363,0
970,0.0000,0.0000,16.7078,16.7081,1
971,0.0000,0.0000,16.6283,16.6286,0
972,0.0000,0.0000,16.6588,16.6591,0
973,0.0000,0.0000,16.6244,16.6247,0
974,0.0000,0.0000,16.7012,16.7015,1
975,0.0000,0.0000,16.7396,16.7399,1
976,0.0000,0.0000,16.5811,16.5814,0
977,0.0000,0.0000,16.7418,16.7421,1
978,0.0000,0.0000,16.6226,16.6229,0
979,0.0000,0.0000,16.7150,16.7153,1
980,0.0000,0.0000,16.7523,16.7526,1
981,0.0000,0.0000,16.8126,16.8129,1
982,0.0000,0.0000,16.4009,16.4012,0
983,0.0000,0.0000,16.7234,16.7237,1
984,0.0000,0.0000,16.6255,16.6258,0
985,0.0000,0.0000,16.7078,16.7081,1
986,0.0000,0.0000,16.6498,16.6501,0
987,0.0000,0.0000,16.7396,16.7399,1
988,0.0000,0.0000,16.5896,16.5899,0
989,0.0000,0.0000,16.7253,16.7256,1
990,0.0000,0.0000,16.6372,16.6375,0
991,0.0000,0.0000,16.6526,16.6529,0
992,0.0000,0.0000,16.7456,16.7459,1
993,0.0000,0.0000,16.5860,16.5863,0
994,0.0000,0.0000,16.6895,16.6898,1
995,0.0000,0.0000,16.6409,16.6412,0
996,0.0000,0.0000,16.6856,16.6859,1
997,0.0000,0.0000,16.7921,16.7924,1
998,0.0000,0.0000,16.5877,16.5880,0
999,0.0000,0.0000,16.6695,16.6698,1
1000,0.0000,0.0000,16.6924,16.6927,1
1001,0.0000,0.0000,16.5923,16.5926,0
1002,0.0000,0.0000,16.6894,16.6897,1
1003,0.0000,0.0000,16.6991,16.6994,1
1004,0.0000,0.0000,16.7066,16.7069,1
1005,0.0000,0.0000,16.6065,16.6068,0
1006,0.0000,0.0000,16.6538,16.6541,0
1007,0.0000,0.0000,16.7343,16.7346,1
1008,0.0000,0.0000,16.6622,16.6625,0
1009,0.0000,0.0000,16.6445,16.6448,0
1010,0.0000,0.0000,16.6820,16.6823,1
1011,0.0000,0.0000,16.6583,16.6586,0
1012,0.0000,0.0000,16.6729,16.6732,1
1013,0.0000,0.0000,16.6653,16.6656,0
1014,0.0000,0.0000,16.7038,16.7041,1
1015,0.0000,0.0000,16.6143,16.6146,0
1016,0.0000,0.0000,16.7341,16.7344,1
1017,0.0000,0.0000,16.6197,16.6200,0
1018,0.0000,0.0000,16.7595,16.7598,1
1019,0.0000,0.0000,16.5904,16.5907,0
1020,0.0000,0.0000,16.7438,16.7441,1
1021,0.0000,0.0000,16.7079,16.7082,1
1022,0.0000,0.0000,16.6062,16.6065,0
1023,0.0000,0.0000,16.6568,16.6571,0
1024,0.0000,0.0000,16.7003,16.7006,1
1025,0.0000,0.0000,16.6825,16.6828,1
1026,0.0000,0.0000,16.6639,16.6642,0
1027,0.0000,0.0000,16.5997,16.6000,0
1028,0.0000,0.0000,16.7883,16.7886,1
1029,0.0000,0.0000,16.5926,16.5929,0
1030,0.0000,0.0000,16.5704,16.5707,0
1031,0.0000,0.0000,16.7090,16.7093,1
1032,0.0000,0.0000,16.7003,16.7006,1
1033,0.0000,0.0000,16.6794,16.6797,1
1034,0.0000,0.0000,16.6400,16.6403,0
1035,0.0000,0.0000,16.6860,16.6864,1
1036,0.0000,0.0000,16.6622,16.6625,0
1037,0.0000,0.0000,16.6452,16.6455,0
1038,0.0000,0.0000,16.7019,16.7022,1
1039,0.0000,0.0000,16.6592,16.6593,0
1040,0.0000,0.0000,16.6709,16.6712,1
1041,0.0000,0.0000,16.6810,16.6813,1
1042,0.0000,0.0000,16.6748,16.6751,1
1043,0.0000,0.0000,16.6683,16.6686,1
1044,0.0000,0.0000,16.6292,16.6295,0
1045,0.0000,0.0000,16.6986,16.6989,1
1046,0.0000,0.0000,16.6585,16.6588,0
1047,0.0000,0.0000,16.7186,16.7189,1
1048,0.0000,0.0000,16.6578,16.6581,0
1049,0.0000,0.0000,16.6464,16.6467,0
1050,0.0000,0.0000,16.6641,16.6644,0
1051,0.0000,0.0000,16.8007,16.8011,1
1052,0.0000,0.0000,16.6694,16.6697,1
1053,0.0000,0.0000,16.5463,16.5466,0
1054,0.0000,0.0000,16.6908,16.6912,1
1055,0.0000,0.0000,16.7437,16.7440,1
1056,0.0000,0.0000,16.5835,16.5838,0
1057,0.0000,0.0000,16.6857,16.6860,1
1058,0.0000,0.0000,16.6498,16.6501,0
1059,0.0000,0.0000,16.7459,16.7462,1
1060,0.0000,0.0000,16.6835,16.6838,1
1061,0.0000,0.0000,16.6905,16.6908,1
1062,0.0000,0.0000,16.6950,16.6953,1
1063,0.0000,0.0000,16.5509,16.5512,0
1064,0.0000,0.0000,15.0417,15.0419,0
1065,0.0000,0.0000,16.7018,16.7020,1
1066,0.0000,0.0000,16.7970,16.7972,1
1067,0.0000,0.0000,16.5708,16.5709,0
1068,0.0000,0.0000,16.6253,16.6254,0
1069,0.0000,0.0000,18.2998,18.3000,1
1070,0.0000,0.0000,16.6865,16.6867,1
1071,0.0000,0.0000,16.6541,16.6544,0
1072,0.0000,0.0000,16.6723,16.6726,1
1073,0.0000,0.0000,16.7586,16.7589,1
1074,0.0000,0.0000,16.5648,16.5651,0
1075,0.0000,0.0000,16.6552,16.6555,0
1076,0.0000,0.0000,16.7473,16.7476,1
1077,0.0000,0.0000,16.6900,16.6903,1
1078,0.0000,0.0000,16.6037,16.6040,0
1079,0.0000,0.0000,16.7211,16.7214,1
1080,0.0000,0.0000,16.3936,16.3939,0
1081,0.0000,0.0000,7.5763,7.5766,0
1082,0.0000,0.0000,9.3546,9.3549,0
1083,0.0000,0.0000,16.6963,16.6966,1
1084,0.0000,0.0000,16.8357,16.8360,1
1085,0.0000,0.0000,16.4803,16.4806,0
1086,0.0000,0.0000,16.7435,16.7438,1
1087,0.0000,0.0000,16.5644,16.5647,0
1088,0.0000,0.0000,16.6467,16.6470,0
1089,0.0000,0.0000,16.7179,16.7182,1
1090,0.0000,0.0000,16.7036,16.7039,1
1091,0.0000,0.0000,15.4678,15.4681,0
1092,0.0000,0.0000,16.6609,16.6611,0
1093,0.0000,0.0000,16.6522,16.6524,0
1094,0.0000,0.0000,16.6438,16.6441,0
1095,0.0000,0.0000,16.7499,16.7501,1
1096,0.0000,0.0000,16.5682,16.5684,0
1097,0.0000,0.0000,16.6766,16.6768,1
1098,0.0000,0.0000,16.7205,16.7207,1
1099,0.0000,0.0000,16.6683,16.6685,1
1100,0.0000,0.0000,16.7861,16.7864,1
1101,0.0000,0.0000,17.7359,17.7362,1
1102,0.0000,0.0000,16.6524,16.6527,0
1103,0.0000,0.0000,16.6931,16.6934,1
1104,0.0000,0.0000,16.7544,16.7547,1
1105,0.0000,0.0000,16.5825,16.5828,0
1106,0.0000,0.0000,16.6516,16.6519,0
1107,0.0000,0.0000,16.7202,16.7205,1
1108,0.0000,0.0000,16.6941,16.6944,1
1109,0.0000,0.0000,16.5897,16.5900,0
1110,0.0000,0.0000,16.7491,16.7494,1
1111,0.0000,0.0000,16.6004,16.6007,0
1112,0.0000,0.0000,16.7264,16.7267,1
1113,0.0000,0.0000,16.6479,16.6482,0
1114,0.0000,0.0000,16.8972,16.8975,1
1115,0.0000,0.0000,16.4857,16.4860,0
1116,0.0000,0.0000,16.6311,16.6314,0
1117,0.0000,0.0000,16.6646,16.6649,0
1118,0.0000,0.0000,16.6254,16.6257,0
1119,0.0000,0.0000,16.7466,16.7469,1
1120,0.0000,0.0000,16.6370,16.6373,0
1121,0.0000,0.0000,16.6486,16.6489,0
1122,0.0000,0.0000,16.6048,16.6051,0
1123,0.0000,0.0000,7.4966,7.4969,0
1124,0.0000,0.0000,9.2834,9.2839,0
1125,0.0000,0.0000,16.6646,16.6649,0
1126,0.0000,0.0000,16.7360,16.7364,1
1127,0.0000,0.0000,16.5510,16.5513,0
1128,0.0000,0.0000,16.6330,16.6333,0
1129,0.0000,0.0000,16.6626,16.6629,0
1130,0.0000,0.0000,16.6462,16.6465,0
1131,0.0000,0.0000,16.7542,16.7545,1
1132,0.0000,0.0000,16.7098,16.7102,1
1133,0.0000,0.0000,16.7035,16.7038,1
1134,0.0000,0.0000,16.6054,16.6057,0
1135,0.0000,0.0000,16.6814,16.6817,1
1136,0.0000,0.0000,16.7671,16.7674,1
1137,0.0000,0.0000,16.6271,16.6274,0
1138,0.0000,0.0000,16.3001,16.3004,0
1139,0.0000,0.0000,7.7188,7.7191,0
1140,0.0000,0.0000,9.3147,9.3150,0
1141,0.0000,0.0000,16.6275,16.6278,0
1142,0.0000,0.0000,16.6302,16.6305,0
1143,0.0000,0.0000,16.6737,16.6740,1
1144,0.0000,0.0000,16.7495,16.7498,1
1145,0.0000,0.0000,16.6048,16.6051,0
1146,0.0000,0.0000,16.6840,16.6843,1
1147,0.0000,0.0000,16.6603,16.6606,0
1148,0.0000,0.0000,16.6641,16.6644,0
1149,0.0000,0.0000,16.7524,16.7528,1
1150,0.0000,0.0000,16.6243,16.6246,0
1151,0.0000,0.0000,16.6303,16.6306,0
1152,0.0000,0.0000,16.7655,16.7658,1
1153,0.0000,0.0000,16.7795,16.7798,1
1154,0.0000,0.0000,16.6200,16.6203,0
1155,0.0000,0.0000,16.6281,16.6284,0
1156,0.0000,0.0000,16.5885,16.5888,0
1157,0.0000,0.0000,16.6780,16.6783,1
1158,0.0000,0.0000,16.7259,16.7262,1
1159,0.0000,0.0000,16.6420,16.6423,0
1160,0.0000,0.0000,16.6857,16.6860,1
1161,0.0000,0.0000,16.6308,16.6311,0
1162,0.0000,0.0000,16.7513,16.7516,1
1163,0.0000,0.0000,16.6500,16.6503,0
1164,0.0000,0.0000,16.6763,16.6765,1
1165,0.0000,0.0000,16.5800,16.5803,0
1166,0.0000,0.0000,16.7391,16.7394,1
1167,0.0000,0.0000,16.6142,16.6145,0
1168,0.0000,0.0000,16.7523,16.7527,1
1169,0.0000,0.0000,16.5864,16.5867,0
1170,0.0000,0.0000,16.7164,16.7167,1
1171,0.0000,0.0000,16.6989,16.6992,1
1172,0.0000,0.0000,16.5864,16.5867,0
1173,0.0000,0.0000,16.7202,16.7205,1
1174,0.0000,0.0000,16.6711,16.6714,1
1175,0.0000,0.0000,16.6184,16.6187,0
1176,0.0000,0.0000,16.6873,16.6876,1
1177,0.0000,0.0000,16.5889,16.5892,0
1178,0.0000,0.0000,7.4298,7.4301,0
1179,0.0000,0.0000,9.3719,9.3721,0
1180,0.0000,0.0000,16.6342,16.6344,0
1181,0.0000,0.0000,15.1892,15.1893,0
1182,0.0000,0.0000,16.6672,16.6674,1
1183,0.0000,0.0000,18.1330,18.1332,1
1184,0.0000,0.0000,16.4724,16.4727,0
1185,0.0000,0.0000,7.5172,7.5175,0
1186,0.0000,0.0000,9.4383,9.4386,0
1187,0.0000,0.0000,16.6436,16.6439,0
1188,0.0000,0.0000,16.6135,16.6138,0
1189,0.0000,0.0000,16.6742,16.6745,1
1190,0.0000,0.0000,16.6381,16.6384,0
1191,0.0000,0.0000,16.7762,16.7766,1
1192,0.0000,0.0000,16.6363,16.6366,0
1193,0.0000,0.0000,16.7016,16.7019,1
1194,0.0000,0.0000,16.6541,16.6544,0
1195,0.0000,0.0000,16.6240,16.6244,0
1196,0.0000,0.0000,16.7111,16.7114,1
1197,0.0000,0.0000,16.7022,16.7025,1
1198,0.0000,0.0000,14.9913,14.9916,0
1199,0.0000,0.0000,16.5857,16.5858,0
1200,0.0000,0.0000,17.9823,17.9825,1
1201,0.0000,0.0000,7.9258,7.9261,0
1202,0.0000,0.0000,9.2819,9.2822,0
1203,0.0000,0.0000,16.4386,16.4389,0
1204,0.0000,0.0000,16.6895,16.6898,1
1205,0.0000,0.0000,16.7119,16.7122,1
1206,0.0000,0.0000,16.6862,16.6865,1
1207,0.0000,0.0000,16.6556,16.6559,0
1208,0.0000,0.0000,16.6593,16.6596,0
1209,0.0000,0.0000,16.6782,16.6785,1
1210,0.0000,0.0000,16.7369,16.7372,1
1211,0.0000,0.0000,16.6120,16.6123,0
1212,0.0000,0.0000,16.7409,16.7412,1
1213,0.0000,0.0000,16.6642,16.6645,0
1214,0.0000,0.0000,16.5712,16.5715,0
1215,0.0000,0.0000,16.7306,16.7309,1
1216,0.0000,0.0000,16.6729,16.6732,1
1217,0.0000,0.0000,16.7019,16.7021,1
1218,0.0000,0.0000,16.6668,16.6671,1
1219,0.0000,0.0000,16.7185,16.7188,1
1220,0.0000,0.0000,16.6460,16.6463,0
1221,0.0000,0.0000,16.5810,16.5813,0
1222,0.0000,0.0000,16.6246,16.6249,0
1223,0.0000,0.0000,16.8084,16.8087,1
1224,0.0000,0.0000,16.5831,16.5834,0
1225,0.0000,0.0000,16.7641,16.7646,1
1226,0.0000,0.0000,16.6628,16.6631,0
1227,0.0000,0.0000,16.6777,16.6780,1
1228,0.0000,0.0000,16.5967,16.5970,0
1229,0.0000,0.0000,16.7226,16.7229,1
1230,0.0000,0.0000,16.6863,16.6866,1
1231,0.0000,0.0000,16.6642,16.6645,0
1232,0.0000,0.0000,16.6576,16.6579,0
1233,0.0000,0.0000,16.6133,16.6136,0
1234,0.0000,0.0000,16.7739,16.7742,1
1235,0.0000,0.0000,16.6137,16.6141,0
1236,0.0000,0.0000,16.7036,16.7039,1
1237,0.0000,0.0000,16.6036,16.6039,0
1238,0.0000,0.0000,16.6612,16.6615,0
1239,0.0000,0.0000,16.7319,16.7322,1
1240,0.0000,0.0000,16.6242,16.6245,0
1241,0.0000,0.0000,16.7418,16.7421,1
1242,0.0000,0.0000,16.5870,16.5873,0
1243,0.0000,0.0000,16.6385,16.6388,0
1244,0.0000,0.0000,16.7606,16.7609,1
1245,0.0000,0.0000,16.6198,16.6201,0
1246,0.0000,0.0000,16.6952,16.6955,1
1247,0.0000,0.0000,16.6758,16.6761,1
1248,0.0000,0.0000,15.4524,15.4527,0
1249,0.0000,0.0000,16.6309,16.6311,0
1250,0.0000,0.0000,16.7430,16.7432,1
1251,0.0000,0.0000,16.6408,16.6409,0
1252,0.0000,0.0000,16.3393,16.3395,0
1253,0.0000,0.0000,8.4787,8.4789,0
1254,0.0000,0.0000,9.6103,9.6105,0
1255,0.0000,0.0000,16.7514,16.7517,1
1256,0.0000,0.0000,16.7624,16.7627,1
1257,0.0000,0.0000,16.7334,16.7337,1
1258,0.0000,0.0000,16.5274,16.5277,0
1259,0.0000,0.0000,16.6963,16.6966,1
1260,0.0000,0.0000,16.6243,16.6246,0
1261,0.0000,0.0000,16.6918,16.6921,1
1262,0.0000,0.0000,16.6029,16.6032,0
1263,0.0000,0.0000,16.7940,16.7943,1
1264,0.0000,0.0000,16.6058,16.6061,0
1265,0.0000,0.0000,16.6439,16.6442,0
1266,0.0000,0.0000,16.6949,16.6952,1
1267,0.0000,0.0000,16.6896,16.6899,1
1268,0.0000,0.0000,16.6583,16.6586,0
1269,0.0000,0.0000,16.6641,16.6645,0
1270,0.0000,0.0000,16.5552,16.5555,0
1271,0.0000,0.0000,7.7444,7.7447,0
1272,0.0000,0.0000,9.0925,9.0928,0
1273,0.0000,0.0000,16.6925,16.6928,1
1274,0.0000,0.0000,16.7176,16.7179,1
1275,0.0000,0.0000,16.5616,16.5619,0
1276,0.0000,0.0000,16.6760,16.6763,1
1277,0.0000,0.0000,16.6819,16.6822,1
1278,0.0000,0.0000,16.6519,16.6522,0
1279,0.0000,0.0000,16.7834,16.7837,1
1280,0.0000,0.0000,16.6381,16.6385,0
1281,0.0000,0.0000,16.6302,16.6305,0
1282,0.0000,0.0000,16.6275,16.6278,0
1283,0.0000,0.0000,16.7624,16.7627,1
1284,0.0000,0.0000,16.5663,16.5666,0
1285,0.0000,0.0000,16.6548,16.6551,0
1286,0.0000,0.0000,16.4160,16.4163,0
1287,0.0000,0.0000,7.8935,7.8938,0
1288,0.0000,0.0000,9.0884,9.0887,0
1289,0.0000,0.0000,18.8287,18.8290,1
1290,0.0000,0.0000,13.3268,13.3271,0
1291,0.0000,0.0000,16.7273,16.7276,1
1292,0.0000,0.0000,16.5508,16.5509,0
1293,0.0000,0.0000,16.5014,16.5015,0
1294,0.0000,0.0000,16.1662,16.1664,0
1295,0.0000,0.0000,18.0533,18.0535,1
1296,0.0000,0.0000,16.6552,16.6555,0
1297,0.0000,0.0000,16.6669,16.6671,1
1298,0.0000,0.0000,16.6539,16.6542,0
1299,0.0000,0.0000,16.7028,16.7030,1
1300,0.0000,0.0000,16.7714,16.7717,1
1301,0.0000,0.0000,16.6533,16.6536,0
1302,0.0000,0.0000,16.7554,16.7557,1
1303,0.0000,0.0000,16.4911,16.4914,0
1304,0.0000,0.0000,16.6719,16.6721,1
1305,0.0000,0.0000,16.6117,16.6120,0
1306,0.0000,0.0000,17.2877,17.2880,1
1307,0.0000,0.0000,16.3281,16.3283,0
1308,0.0000,0.0000,16.4812,16.4815,0
1309,0.0000,0.0000,16.8501,16.8504,1
1310,0.0000,0.0000,15.1784,15.1786,0
1311,0.0000,0.0000,16.5934,16.5935,0
1312,0.0000,0.0000,16.6857,16.6858,1
1313,0.0000,0.0000,18.0183,18.0184,1
1314,0.0000,0.0000,16.6727,16.6729,1
1315,0.0000,0.0000,16.6927,16.6928,1
1316,0.0000,0.0000,16.6466,16.6467,0
1317,0.0000,0.0000,16.6574,16.6576,0
1318,0.0000,0.0000,16.6864,16.6866,1
1319,0.0000,0.0000,16.6676,16.6678,1
1320,0.0000,0.0000,16.6769,16.6772,1
1321,0.0000,0.0000,16.5554,16.5556,0
1322,0.0000,0.0000,16.7875,16.7878,1
1323,0.0000,0.0000,16.7028,16.7031,1
1324,0.0000,0.0000,16.6731,16.6734,1
1325,0.0000,0.0000,16.6108,16.6111,0
1326,0.0000,0.0000,16.5887,16.5889,0
1327,0.0000,0.0000,7.9193,7.9195,0
1328,0.0000,0.0000,8.8989,8.8990,0
1329,0.0000,0.0000,16.6497,16.6500,0
1330,0.0000,0.0000,16.6328,16.6330,0
1331,0.0000,0.0000,16.6671,16.6673,1
1332,0.0000,0.0000,16.7395,16.7398,1
1333,0.0000,0.0000,16.5922,16.5923,0
1334,0.0000,0.0000,17.2659,17.2661,1
1335,0.0000,0.0000,16.6993,16.6996,1
1336,0.0000,0.0000,16.7191,16.7194,1
1337,0.0000,0.0000,16.5739,16.5742,0
1338,0.0000,0.0000,16.9556,16.9559,1
1339,0.0000,0.0000,16.6086,16.6089,0
1340,0.0000,0.0000,16.5000,16.5003,0
1341,0.0000,0.0000,16.7328,16.7331,1
1342,0.0000,0.0000,16.6153,16.6156,0
1343,0.0000,0.0000,16.5663,16.5666,0
1344,0.0000,0.0000,16.6887,16.6890,1
1345,0.0000,0.0000,16.7262,16.7265,1
1346,0.0000,0.0000,16.4194,16.4197,0
1347,0.0000,0.0000,7.8348,7.8351,0
1348,0.0000,0.0000,9.1562,9.1565,0
1349,0.0000,0.0000,16.5978,16.5981,0
1350,0.0000,0.0000,16.7458,16.7461,1
1351,0.0000,0.0000,16.7947,16.7950,1
1352,0.0000,0.0000,16.5690,16.5693,0
1353,0.0000,0.0000,16.5875,16.5878,0
1354,0.0000,0.0000,16.6992,16.6995,1
1355,0.0000,0.0000,16.6550,16.6553,0
1356,0.0000,0.0000,16.6753,16.6756,1
1357,0.0000,0.0000,16.8298,16.8301,1
1358,0.0000,0.0000,16.8667,16.8670,1
1359,0.0000,0.0000,16.4369,16.4372,0
1360,0.0000,0.0000,16.5254,16.5257,0
1361,0.0000,0.0000,16.7183,16.7186,1
1362,0.0000,0.0000,16.6070,16.6073,0
1363,0.0000,0.0000,16.6420,16.6424,0
1364,0.0000,0.0000,16.7840,16.7843,1
1365,0.0000,0.0000,16.5773,16.5776,0
1366,0.0000,0.0000,16.6614,16.6617,0
1367,0.0000,0.0000,16.6955,16.6959,1
1368,0.0000,0.0000,16.6367,16.6370,0
1369,0.0000,0.0000,16.7564,16.7567,1
1370,0.0000,0.0000,15.4555,15.4557,0
1371,0.0000,0.0000,16.6354,16.6355,0
1372,0.0000,0.0000,17.9014,17.9017,1
1373,0.0000,0.0000,16.6775,16.6778,1
1374,0.0000,0.0000,16.6619,16.6622,0
1375,0.0000,0.0000,16.6308,16.6312,0
1376,0.0000,0.0000,16.7161,16.7164,1
1377,0.0000,0.0000,16.5439,16.5442,0
1378,0.0000,0.0000,16.7402,16.7404,1
1379,0.0000,0.0000,16.6359,16.6362,0
1380,0.0000,0.0000,16.6827,16.6830,1
1381,0.0000,0.0000,16.6861,16.6864,1
1382,0.0000,0.0000,16.6300,16.6303,0
1383,0.0000,0.0000,16.6574,16.6578,0
1384,0.0000,0.0000,16.7104,16.7107,1
1385,0.0000,0.0000,16.7105,16.7108,1
1386,0.0000,0.0000,16.6114,16.6117,0
1387,0.0000,0.0000,16.7997,16.8000,1
1388,0.0000,0.0000,16.6537,16.6540,0
1389,0.0000,0.0000,16.7048,16.7052,1
1390,0.0000,0.0000,16.5631,16.5634,0
1391,0.0000,0.0000,16.6522,16.6525,0
1392,0.0000,0.0000,16.7308,16.7311,1
1393,0.0000,0.0000,16.5917,16.5920,0
1394,0.0000,0.0000,16.7255,16.7258,1
1395,0.0000,0.0000,16.6209,16.6212,0
1396,0.0000,0.0000,16.7227,16.7230,1
1397,0.0000,0.0000,16.6201,16.6204,0
1398,0.0000,0.0000,16.6665,16.6668,1
1399,0.0000,0.0000,16.7078,16.7081,1
1400,0.0000,0.0000,16.6451,16.6454,0
1401,0.0000,0.0000,16.7082,16.7085,1
1402,0.0000,0.0000,16.6506,16.6509,0
1403,0.0000,0.0000,16.6789,16.6793,1
1404,0.0000,0.0000,16.3080,16.3083,0
1405,0.0000,0.0000,7.6630,7.6633,0
1406,0.0000,0.0000,9.4437,9.4440,0
1407,0.0000,0.0000,16.6402,16.6405,0
1408,0.0000,0.0000,16.6624,16.6627,0
1409,0.0000,0.0000,16.6014,16.6017,0
1410,0.0000,0.0000,16.6832,16.6835,1
1411,0.0000,0.0000,16.6818,16.6821,1
1412,0.0000,0.0000,16.6595,16.6598,0
1413,0.0000,0.0000,16.7146,16.7149,1
1414,0.0000,0.0000,16.6172,16.6175,0
1415,0.0000,0.0000,16.6724,16.6727,1
1416,0.0000,0.0000,16.6845,16.6848,1
1417,0.0000,0.0000,16.6264,16.6267,0
1418,0.0000,0.0000,16.6877,16.6880,1
1419,0.0000,0.0000,16.7306,16.7309,1
1420,0.0000,0.0000,15.4999,15.5002,0
1421,0.0000,0.0000,16.5862,16.5864,0
1422,0.0000,0.0000,16.8778,16.8779,1
1423,0.0000,0.0000,16.5260,16.5261,0
1424,0.0000,0.0000,17.8486,17.8488,1
1425,0.0000,0.0000,16.7863,16.7866,1
1426,0.0000,0.0000,15.3863,15.3866,0
1427,0.0000,0.0000,16.6235,16.6236,0
1428,0.0000,0.0000,17.9039,17.9042,1
1429,0.0000,0.0000,16.6297,16.6300,0
1430,0.0000,0.0000,16.6670,16.6673,1
1431,0.0000,0.0000,16.7007,16.7010,1
1432,0.0000,0.0000,16.6835,16.6838,1
1433,0.0000,0.0000,16.6666,16.6669,1
1434,0.0000,0.0000,16.7024,16.7027,1
1435,0.0000,0.0000,16.6625,16.6628,0
1436,0.0000,0.0000,16.6049,16.6052,0
1437,0.0000,0.0000,16.6964,16.6967,1
1438,0.0000,0.0000,16.6933,16.6937,1
1439,0.0000,0.0000,16.7244,16.7247,1
1440,0.0000,0.0000,16.8043,16.8046,1
1441,0.0000,0.0000,16.5762,16.5765,0
1442,0.0000,0.0000,16.5588,16.5592,0
1443,0.0000,0.0000,16.7039,16.7042,1
1444,0.0000,0.0000,16.7023,16.7026,1
1445,0.0000,0.0000,16.6055,16.6059,0
1446,0.0000,0.0000,16.6885,16.6888,1
1447,0.0000,0.0000,16.6533,16.6537,0
1448,0.0000,0.0000,16.6445,16.6448,0
1449,0.0000,0.0000,16.6816,16.6819,1
1450,0.0000,0.0000,16.7416,16.7420,1
1451,0.0000,0.0000,16.6045,16.6048,0
1452,0.0000,0.0000,16.6782,16.6786,1
1453,0.0000,0.0000,16.6745,16.6748,1
1454,0.0000,0.0000,16.6710,16.6713,1
1455,0.0000,0.0000,16.6765,16.6769,1
1456,0.0000,0.0000,16.6708,16.6711,1
1457,0.0000,0.0000,16.7012,16.7015,1
1458,0.0000,0.0000,16.6301,16.6304,0
1459,0.0000,0.0000,16.7200,16.7203,1
1460,0.0000,0.0000,16.5810,16.5813,0
1461,0.0000,0.0000,16.6821,16.6824,1
1462,0.0000,0.0000,16.7448,16.7451,1
1463,0.0000,0.0000,16.7745,16.7748,1
1464,0.0000,0.0000,16.5313,16.5316,0
1465,0.0000,0.0000,16.6435,16.6438,0
1466,0.0000,0.0000,16.5809,16.5812,0
1467,0.0000,0.0000,16.9203,16.9206,1
1468,0.0000,0.0000,16.5535,16.5539,0
1469,0.0000,0.0000,15.4104,15.4107,0
1470,0.0000,0.0000,16.6754,16.6756,1
1471,0.0000,0.0000,17.9186,17.9188,1
1472,0.0000,0.0000,16.7046,16.7049,1
1473,0.0000,0.0000,16.6293,16.6296,0
1474,0.0000,0.0000,16.6123,16.6126,0
1475,0.0000,0.0000,16.7345,16.7348,1
1476,0.0000,0.0000,16.7330,16.7333,1
1477,0.0000,0.0000,16.6297,16.6300,0
1478,0.0000,0.0000,16.6761,16.6764,1
1479,0.0000,0.0000,16.6097,16.6100,0
1480,0.0000,0.0000,16.7484,16.7487,1
1481,0.0000,0.0000,16.6988,16.6991,1
1482,0.0000,0.0000,16.6278,16.6281,0
1483,0.0000,0.0000,16.6262,16.6265,0
1484,0.0000,0.0000,16.7070,16.7073,1
1485,0.0000,0.0000,16.7310,16.7313,1
1486,0.0000,0.0000,16.5738,16.5741,0
1487,0.0000,0.0000,16.8294,16.8296,1
1488,0.0000,0.0000,16.4493,16.4496,0
1489,0.0000,0.0000,16.6542,16.6545,0
1490,0.0000,0.0000,16.6829,16.6832,1
1491,0.0000,0.0000,16.6703,16.6706,1
1492,0.0000,0.0000,16.7430,16.7433,1
1493,0.0000,0.0000,16.7433,16.7436,1
1494,0.0000,0.0000,16.5834,16.5837,0
1495,0.0000,0.0000,15.3059,15.3061,0
1496,0.0000,0.0000,16.6464,16.6466,0
1497,0.0000,0.0000,18.0467,18.0469,1
1498,0.0000,0.0000,16.6787,16.6790,1
1499,0.0000,0.0000,16.7163,16.7166,1
1500,0.0000,0.0000,16.6553,16.6556,0
1501,0.0000,0.0000,16.6646,16.6649,0
1502,0.0000,0.0000,16.6258,16.6261,0
1503,0.0000,0.0000,16.6691,16.6694,1
1504,0.0000,0.0000,16.6670,16.6673,1
1505,0.0000,0.0000,16.8040,16.8043,1
1506,0.0000,0.0000,16.5998,16.6001,0
1507,0.0000,0.0000,16.6463,16.6466,0
1508,0.0000,0.0000,16.3782,16.3785,0
1509,0.0000,0.0000,7.6751,7.6754,0
1510,0.0000,0.0000,9.3457,9.3460,0
1511,0.0000,0.0000,16.7077,16.7080,1
1512,0.0000,0.0000,16.6599,16.6602,0
1513,0.0000,0.0000,16.6737,16.6741,1
1514,0.0000,0.0000,16.5755,16.5758,0
1515,0.0000,0.0000,16.7007,16.7010,1
1516,0.0000,0.0000,16.6550,16.6553,0
1517,0.0000,0.0000,16.6394,16.6397,0
1518,0.0000,0.0000,16.6639,16.6642,0
1519,0.0000,0.0000,16.7817,16.7820,1
1520,0.0000,0.0000,16.6301,16.6304,0
1521,0.0000,0.0000,16.7131,16.7134,1
1522,0.0000,0.0000,16.5934,16.5937,0
1523,0.0000,0.0000,16.6827,16.6830,1
1524,0.0000,0.0000,16.7150,16.7153,1
1525,0.0000,0.0000,16.6355,16.6358,0
1526,0.0000,0.0000,16.6053,16.6056,0
1527,0.0000,0.0000,16.4058,16.4061,0
1528,0.0000,0.0000,7.6835,7.6838,0
1529,0.0000,0.0000,9.3389,9.3392,0
1530,0.0000,0.0000,16.6142,16.6145,0
1531,0.0000,0.0000,16.6686,16.6689,1
1532,0.0000,0.0000,16.7064,16.7067,1
1533,0.0000,0.0000,16.6794,16.6797,1
1534,0.0000,0.0000,16.6523,16.6526,0
1535,0.0000,0.0000,16.6973,16.6976,1
1536,0.0000,0.0000,16.6158,16.6161,0
1537,0.0000,0.0000,16.7674,16.7678,1
1538,0.0000,0.0000,16.6013,16.6016,0
1539,0.0000,0.0000,16.6896,16.6899,1
1540,0.0000,0.0000,16.7018,16.7021,1
1541,0.0000,0.0000,16.6566,16.6569,0
1542,0.0000,0.0000,16.6569,16.6571,0
1543,0.0000,0.0000,16.7102,16.7105,1
1544,0.0000,0.0000,16.6960,16.6963,1
1545,0.0000,0.0000,16.4417,16.4420,0
1546,0.0000,0.0000,16.8065,16.8068,1
1547,0.0000,0.0000,16.6923,16.6926,1
1548,0.0000,0.0000,16.6547,16.6550,0
1549,0.0000,0.0000,16.6061,16.6064,0
1550,0.0000,0.0000,16.7655,16.7658,1
1551,0.0000,0.0000,16.6626,16.6629,0
1552,0.0000,0.0000,16.5940,16.5943,0
1553,0.0000,0.0000,16.6500,16.6503,0
1554,0.0000,0.0000,16.7806,16.7809,1
1555,0.0000,0.0000,16.6505,16.6508,0
1556,0.0000,0.0000,16.6908,16.6911,1
1557,0.0000,0.0000,16.6479,16.6482,0
1558,0.0000,0.0000,16.6807,16.6810,1
1559,0.0000,0.0000,16.6736,16.6739,1
1560,0.0000,0.0000,16.6037,16.6040,0
1561,0.0000,0.0000,16.6838,16.6841,1
1562,0.0000,0.0000,16.7348,16.7351,1
1563,0.0000,0.0000,16.6131,16.6134,0
1564,0.0000,0.0000,16.6393,16.6396,0
1565,0.0000,0.0000,16.7608,16.7611,1
1566,0.0000,0.0000,16.6479,16.6482,0
1567,0.0000,0.0000,16.8557,16.8560,1
1568,0.0000,0.0000,17.1219,17.1222,1
1569,0.0000,0.0000,21.1798,21.1801,1
1570,0.0000,0.0000,10.0444,10.0446,0
1571,0.0000,0.0000,16.7640,16.7642,1
1572,0.0000,0.0000,16.3925,16.3926,0
1573,0.0000,0.0000,16.6386,16.6387,0
1574,0.0000,0.0000,18.2783,18.2785,1
1575,0.0000,0.0000,16.7748,16.7751,1
1576,0.0000,0.0000,16.7199,16.7202,1
1577,0.0000,0.0000,16.6444,16.6447,0
1578,0.0000,0.0000,16.7128,16.7131,1
1579,0.0000,0.0000,16.6193,16.6196,0
1580,0.0000,0.0000,16.6555,16.6558,0
1581,0.0000,0.0000,16.6340,16.6343,0
1582,0.0000,0.0000,16.6481,16.6484,0
1583,0.0000,0.0000,16.7056,16.7059,1
1584,0.0000,0.0000,16.7229,16.7232,1
1585,0.0000,0.0000,16.6320,16.6323,0
1586,0.0000,0.0000,16.7084,16.7087,1
1587,0.0000,0.0000,16.6405,16.6408,0
1588,0.0000,0.0000,16.6962,16.6965,1
1589,0.0000,0.0000,16.6392,16.6395,0
1590,0.0000,0.0000,16.6117,16.6120,0
1591,0.0000,0.0000,16.6773,16.6776,1
1592,0.0000,0.0000,16.7010,16.7013,1
1593,0.0000,0.0000,16.7299,16.7302,1
1594,0.0000,0.0000,16.6150,16.6153,0
1595,0.0000,0.0000,16.4820,16.4823,0
1596,0.0000,0.0000,7.5368,7.5371,0
1597,0.0000,0.0000,9.4790,9.4793,0
1598,0.0000,0.0000,16.5169,16.5172,0
1599,0.0000,0.0000,16.6759,16.6762,1
1600,0.0000,0.0000,16.6485,16.6488,0
1601,0.0000,0.0000,16.6994,16.6997,1
1602,0.0000,0.0000,16.6783,16.6787,1
1603,0.0000,0.0000,16.6610,16.6613,0
1604,0.0000,0.0000,16.7153,16.7156,1
1605,0.0000,0.0000,16.5898,16.5901,0
1606,0.0000,0.0000,16.6706,16.6709,1
1607,0.0000,0.0000,16.7086,16.7089,1
1608,0.0000,0.0000,16.8557,16.8560,1
1609,0.0000,0.0000,16.7390,16.7393,1
1610,0.0000,0.0000,16.4384,16.4387,0
1611,0.0000,0.0000,16.6749,16.6752,1
1612,0.0000,0.0000,16.6635,16.6638,0
1613,0.0000,0.0000,16.6935,16.6938,1
1614,0.0000,0.0000,16.6583,16.6586,0
1615,0.0000,0.0000,16.6817,16.6821,1
1616,0.0000,0.0000,16.6792,16.6795,1
1617,0.0000,0.0000,16.6401,16.6404,0
1618,0.0000,0.0000,16.5871,16.5874,0
1619,0.0000,0.0000,16.7962,16.7965,1
1620,0.0000,0.0000,16.5695,16.5698,0
1621,0.0000,0.0000,16.7308,16.7311,1
1622,0.0000,0.0000,16.6169,16.6172,0
1623,0.0000,0.0000,16.6356,16.6359,0
1624,0.0000,0.0000,16.6703,16.6706,1
1625,0.0000,0.0000,16.7054,16.7057,1
1626,0.0000,0.0000,16.7206,16.7209,1
1627,0.0000,0.0000,16.6822,16.6825,1
1628,0.0000,0.0000,16.5997,16.6000,0
1629,0.0000,0.0000,16.7293,16.7296,1
1630,0.0000,0.0000,16.8174,16.8177,1
1631,0.0000,0.0000,16.5245,16.5248,0
1632,0.0000,0.0000,16.5909,16.5912,0
1633,0.0000,0.0000,15.5883,15.5885,0
1634,0.0000,0.0000,16.6298,16.6299,0
1635,0.0000,0.0000,16.6830,16.6833,1
1636,0.0000,0.0000,16.6653,16.6656,0
1637,0.0000,0.0000,17.8313,17.8315,1
1638,0.0000,0.0000,16.6872,16.6875,1
1639,0.0000,0.0000,16.6561,16.6564,0
1640,0.0000,0.0000,16.6705,16.6707,1
1641,0.0000,0.0000,16.6816,16.6819,1
1642,0.0000,0.0000,16.7015,16.7018,1
1643,0.0000,0.0000,16.6112,16.6115,0
1644,0.0000,0.0000,16.7247,16.7250,1
1645,0.0000,0.0000,16.6735,16.6739,1
1646,0.0000,0.0000,16.6631,16.6635,0
1647,0.0000,0.0000,16.6328,16.6330,0
1648,0.0000,0.0000,16.7901,16.7904,1
1649,0.0000,0.0000,16.6017,16.6020,0
1650,0.0000,0.0000,16.6017,16.6020,0
1651,0.0000,0.0000,16.7520,16.7523,1
1652,0.0000,0.0000,16.6200,16.6203,0
1653,0.0000,0.0000,16.6556,16.6559,0
1654,0.0000,0.0000,16.6882,16.6885,1
1655,0.0000,0.0000,16.6609,16.6612,0
1656,0.0000,0.0000,16.7145,16.7148,1
1657,0.0000,0.0000,16.6592,16.6595,0
1658,0.0000,0.0000,16.7153,16.7156,1
1659,0.0000,0.0000,16.5867,16.5870,0
1660,0.0000,0.0000,16.7298,16.7301,1
1661,0.0000,0.0000,16.6636,16.6639,0
1662,0.0000,0.0000,16.6461,16.6464,0
1663,0.0000,0.0000,16.6819,16.6822,1
1664,0.0000,0.0000,16.7214,16.7216,1
1665,0.0000,0.0000,16.6194,16.6197,0
1666,0.0000,0.0000,16.6484,16.6487,0
1667,0.0000,0.0000,16.7374,16.7377,1
1668,0.0000,0.0000,16.8838,16.8841,1
1669,0.0000,0.0000,16.4115,16.4119,0
1670,0.0000,0.0000,16.6614,16.6618,0
1671,0.0000,0.0000,16.6162,16.6165,0
1672,0.0000,0.0000,16.6873,16.6876,1
1673,0.0000,0.0000,16.6748,16.6751,1
1674,0.0000,0.0000,16.6473,16.6476,0
1675,0.0000,0.0000,7.7665,7.7668,0
1676,0.0000,0.0000,13.9515,13.9519,0
1677,0.0000,0.0000,12.2324,12.2327,0
1678,0.0000,0.0000,14.9591,14.9593,0
1679,0.0000,0.0000,17.1316,17.1317,1
1680,0.0000,0.0000,16.1344,16.1346,0
1681,0.0000,0.0000,16.0025,16.0027,0
1682,0.0000,0.0000,16.5912,16.5913,0
1683,0.0000,0.0000,16.6454,16.6455,0
1684,0.0000,0.0000,16.7090,16.7090,1
1685,0.0000,0.0000,18.6227,18.6229,1
1686,0.0000,0.0000,16.8573,16.8576,1
1687,0.0000,0.0000,16.5916,16.5919,0
1688,0.0000,0.0000,16.6660,16.6664,0
1689,0.0000,0.0000,15.5060,15.5063,0
1690,0.0000,0.0000,15.9645,15.9648,0
1691,0.0000,0.0000,16.7105,16.7106,1
1692,0.0000,0.0000,18.3832,18.3834,1
1693,0.0000,0.0000,16.7102,16.7105,1
1694,0.0000,0.0000,16.7106,16.7109,1
1695,0.0000,0.0000,16.7154,16.7157,1
1696,0.0000,0.0000,16.6299,16.6302,0
1697,0.0000,0.0000,16.6656,16.6659,0
1698,0.0000,0.0000,16.6940,16.6943,1
1699,0.0000,0.0000,16.6252,16.6255,0
1700,0.0000,0.0000,16.6654,16.6657,0
1701,0.0000,0.0000,16.8671,16.8674,1
1702,0.0000,0.0000,16.7557,16.7560,1
1703,0.0000,0.0000,16.3683,16.3686,0
1704,0.0000,0.0000,16.6421,16.6425,0
1705,0.0000,0.0000,16.6652,16.6655,0
1706,0.0000,0.0000,16.8548,16.8551,1
1707,0.0000,0.0000,16.7697,16.7700,1
1708,0.0000,0.0000,16.6557,16.6560,0
1709,0.0000,0.0000,16.7079,16.7082,1
1710,0.0000,0.0000,15.3792,15.3795,0
1711,0.0000,0.0000,16.5303,16.5304,0
1712,0.0000,0.0000,16.1225,16.1226,0
1713,0.0000,0.0000,16.5756,16.5756,0
1714,0.0000,0.0000,16.7219,16.7220,1
1715,0.0000,0.0000,16.6885,16.6886,1
1716,0.0000,0.0000,16.6462,16.6463,0
1717,0.0000,0.0000,20.1530,20.1531,1
1718,0.0000,0.0000,13.3905,13.3905,0
1719,0.0000,0.0000,16.5421,16.5423,0
1720,0.0000,0.0000,22.9447,22.9448,1
1721,0.0000,0.0000,10.3053,10.3055,0
1722,0.0000,0.0000,18.1067,18.1068,1
1723,0.0000,0.0000,15.2171,15.2172,0
1724,0.0000,0.0000,16.6726,16.6726,1
1725,0.0000,0.0000,16.7676,16.7676,1
1726,0.0000,0.0000,16.4293,16.4295,0
1727,0.0000,0.0000,16.1604,16.1605,0
1728,0.0000,0.0000,1.9205,1.9206,0
1729,0.0000,0.0000,15.3440,15.3441,0
1730,0.0000,0.0000,16.9398,16.9399,1
1731,0.0000,0.0000,16.5759,16.5759,0
1732,0.0000,0.0000,16.7541,16.7542,1
1733,0.0000,0.0000,16.6544,16.6544,0
1734,0.0000,0.0000,16.3097,16.3098,0
1735,0.0000,0.0000,16.5954,16.5955,0
1736,0.0000,0.0000,16.7137,16.7138,1
1737,0.0000,0.0000,18.1191,18.1192,1
1738,0.0000,0.0000,15.5275,15.5277,0
1739,0.0000,0.0000,16.7795,16.7796,1
1740,0.0000,0.0000,16.5439,16.5440,0
1741,0.0000,0.0000,16.7329,16.7330,1
1742,0.0000,0.0000,16.5928,16.5929,0
1743,0.0000,0.0000,16.6202,16.6203,0
1744,0.0000,0.0000,16.4199,16.4200,0
1745,0.0000,0.0000,2.0553,2.0557,0
1746,0.0000,0.0000,16.7450,16.7453,1
1747,0.0000,0.0000,16.6065,16.6068,0
1748,0.0000,0.0000,16.6201,16.6204,0
1749,0.0000,0.0000,16.7279,16.7282,1
1750,0.0000,0.0000,16.6619,16.6622,0
1751,0.0000,0.0000,16.6154,16.6157,0
1752,0.0000,0.0000,16.6512,16.6515,0
1753,0.0000,0.0000,16.6954,16.6957,1
1754,0.0000,0.0000,16.6394,16.6397,0
1755,0.0000,0.0000,16.6906,16.6909,1
1756,0.0000,0.0000,16.7963,16.7966,1
1757,0.0000,0.0000,16.6593,16.6596,0
1758,0.0000,0.0000,16.5529,16.5532,0
1759,0.0000,0.0000,16.7480,16.7483,1
1760,0.0000,0.0000,16.6077,16.6080,0
1761,0.0000,0.0000,16.6498,16.6501,0
1762,0.0000,0.0000,16.7382,16.7385,1
1763,0.0000,0.0000,16.7113,16.7116,1
1764,0.0000,0.0000,16.6772,16.6776,1
1765,0.0000,0.0000,16.5763,16.5766,0
1766,0.0000,0.0000,16.7395,16.7398,1
1767,0.0000,0.0000,16.6678,16.6681,1
1768,0.0000,0.0000,16.5838,16.5841,0
1769,0.0000,0.0000,16.9022,16.9025,1
1770,0.0000,0.0000,16.5792,16.5796,0
1771,0.0000,0.0000,16.5269,16.5272,0
1772,0.0000,0.0000,16.9328,16.9331,1
1773,0.0000,0.0000,15.5083,15.5086,0
1774,0.0000,0.0000,16.5011,16.5014,0
1775,0.0000,0.0000,16.6645,16.6647,0
1776,0.0000,0.0000,16.6480,16.6481,0
1777,0.0000,0.0000,16.6115,16.6117,0
1778,0.0000,0.0000,16.7366,16.7368,1
1779,0.0000,0.0000,16.6467,16.6468,0
1780,0.0000,0.0000,16.6773,16.6775,1
1781,0.0000,0.0000,17.8625,17.8627,1
1782,0.0000,0.0000,16.5902,16.5905,0
1783,0.0000,0.0000,16.7611,16.7615,1
1784,0.0000,0.0000,16.6938,16.6941,1
1785,0.0000,0.0000,16.6758,16.6761,1
1786,0.0000,0.0000,16.5759,16.5762,0
1787,0.0000,0.0000,16.7165,16.7168,1
1788,0.0000,0.0000,16.6663,16.6666,0
1789,0.0000,0.0000,16.7225,16.7228,1
1790,0.0000,0.0000,16.6617,16.6620,0
1791,0.0000,0.0000,16.6150,16.6153,0
1792,0.0000,0.0000,16.6668,16.6671,1
1793,0.0000,0.0000,16.6496,16.6499,0
1794,0.0000,0.0000,16.6695,16.6698,1
1795,0.0000,0.0000,16.6500,16.6503,0
1796,0.0000,0.0000,16.6772,16.6775,1
1797,0.0000,0.0000,16.6383,16.6386,0
1798,0.0000,0.0000,16.6879,16.6882,1
1799,0.0000,0.0000,16.6780,16.6783,1
1800,0.0000,0.0000,16.4958,16.4961,0
1801,0.0000,0.0000,7.6018,7.6021,0
1802,0.0000,0.0000,9.3802,9.3805,0
1803,0.0000,0.0000,16.5834,16.5837,0
1804,0.0000,0.0000,16.6690,16.6693,1
1805,0.0000,0.0000,16.6869,16.6872,1
1806,0.0000,0.0000,16.6401,16.6404,0
1807,0.0000,0.0000,16.7575,16.7578,1
1808,0.0000,0.0000,16.5957,16.5960,0
1809,0.0000,0.0000,16.8400,16.8403,1
1810,0.0000,0.0000,16.5173,16.5176,0
1811,0.0000,0.0000,16.6388,16.6391,0
1812,0.0000,0.0000,16.6818,16.6821,1
1813,0.0000,0.0000,16.6758,16.6761,1
1814,0.0000,0.0000,16.6528,16.6531,0
1815,0.0000,0.0000,16.6321,16.6324,0
1816,0.0000,0.0000,16.7519,16.7522,1
1817,0.0000,0.0000,16.5969,16.5972,0
1818,0.0000,0.0000,16.6765,16.6768,1
1819,0.0000,0.0000,16.8235,16.8238,1
1820,0.0000,0.0000,16.5766,16.5769,0
1821,0.0000,0.0000,16.6589,16.6592,0
1822,0.0000,0.0000,16.6396,16.6399,0
1823,0.0000,0.0000,16.6606,16.6609,0
1824,0.0000,0.0000,16.8003,16.8006,1
1825,0.0000,0.0000,16.7130,16.7133,1
1826,0.0000,0.0000,16.6714,16.6718,1
1827,0.0000,0.0000,16.5694,16.5697,0
1828,0.0000,0.0000,16.6812,16.6815,1
1829,0.0000,0.0000,16.6115,16.6118,0
1830,0.0000,0.0000,16.6565,16.6568,0
1831,0.0000,0.0000,16.7092,16.7095,1
1832,0.0000,0.0000,16.6391,16.6394,0
1833,0.0000,0.0000,16.6815,16.6818,1
1834,0.0000,0.0000,16.7403,16.7406,1
1835,0.0000,0.0000,16.7005,16.7008,1
1836,0.0000,0.0000,16.6031,16.6034,0
1837,0.0000,0.0000,16.6344,16.6347,0
1838,0.0000,0.0000,16.7153,16.7156,1
1839,0.0000,0.0000,16.8057,16.8060,1
1840,0.0000,0.0000,16.6058,16.6061,0
1841,0.0000,0.0000,15.1740,15.1742,0
1842,0.0000,0.0000,16.6849,16.6850,1
1843,0.0000,0.0000,16.5850,16.5852,0
1844,0.0000,0.0000,16.7203,16.7206,1
1845,0.0000,0.0000,17.7059,17.7061,1
1846,0.0000,0.0000,17.0019,17.0022,1
1847,0.0000,0.0000,16.7113,16.7116,1
1848,0.0000,0.0000,16.9767,16.9770,1
1849,0.0000,0.0000,16.4780,16.4783,0
1850,0.0000,0.0000,16.6225,16.6228,0
1851,0.0000,0.0000,16.6484,16.6487,0
1852,0.0000,0.0000,17.4068,17.4071,1
1853,0.0000,0.0000,16.0777,16.0780,0
1854,0.0000,0.0000,16.6416,16.6419,0
1855,0.0000,0.0000,16.4947,16.4950,0
1856,0.0000,0.0000,16.8190,16.8193,1
1857,0.0000,0.0000,16.5993,16.5996,0
1858,0.0000,0.0000,16.6296,16.6299,0
1859,0.0000,0.0000,16.7482,16.7484,1
1860,0.0000,0.0000,16.5648,16.5651,0
1861,0.0000,0.0000,16.6547,16.6550,0
1862,0.0000,0.0000,16.7588,16.7591,1
1863,0.0000,0.0000,16.5906,16.5910,0
1864,0.0000,0.0000,16.7276,16.7279,1
1865,0.0000,0.0000,16.6611,16.6614,0
1866,0.0000,0.0000,16.6440,16.6443,0
1867,0.0000,0.0000,16.7262,16.7265,1
1868,0.0000,0.0000,16.5889,16.5892,0
1869,0.0000,0.0000,16.7075,16.7078,1
1870,0.0000,0.0000,16.6597,16.6600,0
1871,0.0000,0.0000,16.6550,16.6553,0
1872,0.0000,0.0000,16.7123,16.7127,1
1873,0.0000,0.0000,16.5955,16.5958,0
1874,0.0000,0.0000,16.7740,16.7743,1
1875,0.0000,0.0000,16.6276,16.6279,0
1876,0.0000,0.0000,16.6661,16.6664,0
1877,0.0000,0.0000,16.7106,16.7109,1
1878,0.0000,0.0000,16.6422,16.6425,0
1879,0.0000,0.0000,16.6286,16.6289,0
1880,0.0000,0.0000,16.6631,16.6634,0
1881,0.0000,0.0000,16.7070,16.7073,1
1882,0.0000,0.0000,16.6183,16.6186,0
1883,0.0000,0.0000,16.4802,16.4805,0
1884,0.0000,0.0000,7.6567,7.6570,0
1885,0.0000,0.0000,9.3340,9.3343,0
1886,0.0000,0.0000,16.6170,16.6174,0
1887,0.0000,0.0000,16.5849,16.5852,0
1888,0.0000,0.0000,16.7096,16.7100,1
1889,0.0000,0.0000,16.6615,16.6618,0
1890,0.0000,0.0000,16.6730,16.6733,1
1891,0.0000,0.0000,16.6574,16.6577,0
1892,0.0000,0.0000,16.7124,16.7127,1
1893,0.0000,0.0000,16.6729,16.6732,1
1894,0.0000,0.0000,16.6473,16.6476,0
1895,0.0000,0.0000,16.6998,16.7001,1
1896,0.0000,0.0000,16.6633,16.6636,0
1897,0.0000,0.0000,16.6281,16.6284,0
1898,0.0000,0.0000,16.6694,16.6697,1
1899,0.0000,0.0000,16.4010,16.4013,0
1900,0.0000,0.0000,7.4836,7.4839,0
1901,0.0000,0.0000,9.6717,9.6720,0
1902,0.0000,0.0000,16.4979,16.4982,0
1903,0.0000,0.0000,16.6339,16.6342,0
1904,0.0000,0.0000,16.6745,16.6748,1
1905,0.0000,0.0000,16.6754,16.6757,1
1906,0.0000,0.0000,16.6524,16.6527,0
1907,0.0000,0.0000,16.6935,16.6938,1
1908,0.0000,0.0000,16.6884,16.6887,1
1909,0.0000,0.0000,16.7305,16.7308,1
1910,0.0000,0.0000,16.6056,16.6059,0
1911,0.0000,0.0000,16.7163,16.7166,1
1912,0.0000,0.0000,16.6933,16.6936,1
1913,0.0000,0.0000,16.5568,16.5571,0
1914,0.0000,0.0000,16.7246,16.7249,1
1915,0.0000,0.0000,16.7897,16.7900,1
1916,0.0000,0.0000,16.6508,16.6511,0
1917,0.0000,0.0000,16.5042,16.5045,0
1918,0.0000,0.0000,16.7149,16.7152,1
1919,0.0000,0.0000,16.6513,16.6516,0
1920,0.0000,0.0000,16.6901,16.6904,1
1921,0.0000,0.0000,16.6740,16.6743,1
1922,0.0000,0.0000,16.6834,16.6837,1
1923,0.0000,0.0000,16.6380,16.6383,0
1924,0.0000,0.0000,16.6539,16.6542,0
1925,0.0000,0.0000,16.7110,16.7113,1
1926,0.0000,0.0000,16.6759,16.6762,1
1927,0.0000,0.0000,16.6413,16.6416,0
1928,0.0000,0.0000,16.7140,16.7143,1
1929,0.0000,0.0000,16.6524,16.6527,0
1930,0.0000,0.0000,16.6944,16.6947,1
1931,0.0000,0.0000,16.7137,16.7141,1
1932,0.0000,0.0000,16.7004,16.7007,1
1933,0.0000,0.0000,16.6587,16.6590,0
1934,0.0000,0.0000,16.6186,16.6189,0
1935,0.0000,0.0000,16.6385,16.6388,0
1936,0.0000,0.0000,16.6487,16.6490,0
1937,0.0000,0.0000,16.7460,16.7463,1
1938,0.0000,0.0000,16.6369,16.6372,0
1939,0.0000,0.0000,16.6501,16.6504,0
1940,0.0000,0.0000,16.7184,16.7187,1
1941,0.0000,0.0000,16.6181,16.6184,0
1942,0.0000,0.0000,16.6340,16.6343,0
1943,0.0000,0.0000,16.6953,16.6956,1
1944,0.0000,0.0000,16.6259,16.6262,0
1945,0.0000,0.0000,16.7225,16.7228,1
1946,0.0000,0.0000,16.7360,16.7363,1
1947,0.0000,0.0000,16.6596,16.6600,0
1948,0.0000,0.0000,16.7006,16.7009,1
1949,0.0000,0.0000,16.7069,16.7072,1
1950,0.0000,0.0000,16.6036,16.6039,0
1951,0.0000,0.0000,16.6174,16.6177,0
1952,0.0000,0.0000,16.6764,16.6767,1
1953,0.0000,0.0000,16.6916,16.6919,1
1954,0.0000,0.0000,16.6366,16.6369,0
1955,0.0000,0.0000,16.7355,16.7358,1
1956,0.0000,0.0000,16.5935,16.5938,0
1957,0.0000,0.0000,16.7360,16.7363,1
1958,0.0000,0.0000,16.7018,16.7021,1
1959,0.0000,0.0000,16.6269,16.6272,0
1960,0.0000,0.0000,16.6433,16.6436,0
1961,0.0000,0.0000,16.6647,16.6650,0
1962,0.0000,0.0000,16.6600,16.6604,0
1963,0.0000,0.0000,16.7076,16.7079,1
1964,0.0000,0.0000,16.7771,16.7774,1
1965,0.0000,0.0000,16.5988,16.5991,0
1966,0.0000,0.0000,16.6120,16.6123,0
1967,0.0000,0.0000,16.6759,16.6762,1
1968,0.0000,0.0000,16.6275,16.6278,0
1969,0.0000,0.0000,16.7039,16.7043,1
1970,0.0000,0.0000,16.8504,16.8507,1
1971,0.0000,0.0000,16.6300,16.6303,0
1972,0.0000,0.0000,16.6251,16.6255,0
1973,0.0000,0.0000,16.6534,16.6537,0
1974,0.0000,0.0000,16.5577,16.5580,0
1975,0.0000,0.0000,16.7140,16.7143,1
1976,0.0000,0.0000,16.7237,16.7241,1
1977,0.0000,0.0000,16.6460,16.6463,0
1978,0.0000,0.0000,16.6246,16.6249,0
1979,0.0000,0.0000,16.7269,16.7272,1
1980,0.0000,0.0000,16.7300,16.7303,1
1981,0.0000,0.0000,16.6575,16.6578,0
1982,0.0000,0.0000,16.6949,16.6952,1
1983,0.0000,0.0000,16.5886,16.5889,0
1984,0.0000,0.0000,16.7018,16.7021,1
1985,0.0000,0.0000,16.6133,16.6136,0
1986,0.0000,0.0000,16.6673,16.6676,1
1987,0.0000,0.0000,16.7650,16.7653,1
1988,0.0000,0.0000,16.5771,16.5774,0
1989,0.0000,0.0000,16.7338,16.7341,1
1990,0.0000,0.0000,16.6374,16.6377,0
1991,0.0000,0.0000,16.6955,16.6958,1
1992,0.0000,0.0000,16.6166,16.6169,0
1993,0.0000,0.0000,16.6810,16.6813,1
1994,0.0000,0.0000,16.7251,16.7254,1
1995,0.0000,0.0000,16.5988,16.5992,0
1996,0.0000,0.0000,16.7111,16.7114,1
1997,0.0000,0.0000,16.6457,16.6460,0
1998,0.0000,0.0000,16.6270,16.6273,0
1999,0.0000,0.0000,16.7697,16.7700,1
2000,0.0000,0.0000,16.6320,16.6323,0
2001,0.0000,0.0000,16.5904,16.5907,0
2002,0.0000,0.0000,16.7372,16.7375,1
2003,0.0000,0.0000,16.7206,16.7209,1
2004,0.0000,0.0000,16.6539,16.6542,0
2005,0.0000,0.0000,16.6383,16.6386,0
2006,0.0000,0.0000,16.7241,16.7244,1
2007,0.0000,0.0000,16.6038,16.6040,0
2008,0.0000,0.0000,16.6626,16.6629,0
2009,0.0000,0.0000,16.6738,16.6741,1
2010,0.0000,0.0000,16.6937,16.6940,1
2011,0.0000,0.0000,16.6979,16.6982,1
2012,0.0000,0.0000,16.6232,16.6236,0
2013,0.0000,0.0000,16.7436,16.7439,1
2014,0.0000,0.0000,16.6182,16.6185,0
2015,0.0000,0.0000,16.6483,16.6485,0
2016,0.0000,0.0000,16.6592,16.6595,0
2017,0.0000,0.0000,16.6404,16.6407,0
2018,0.0000,0.0000,16.8374,16.8377,1
2019,0.0000,0.0000,16.5746,16.5749,0
2020,0.0000,0.0000,16.6554,16.6557,0
2021,0.0000,0.0000,16.7000,16.7003,1
2022,0.0000,0.0000,16.6144,16.6147,0
2023,0.0000,0.0000,16.5586,16.5589,0
2024,0.0000,0.0000,7.6478,7.6481,0
2025,0.0000,0.0000,9.2056,9.2059,0
2026,0.0000,0.0000,16.6727,16.6731,1
2027,0.0000,0.0000,16.6956,16.6959,1
2028,0.0000,0.0000,16.6261,16.6264,0
2029,0.0000,0.0000,16.7024,16.7027,1
2030,0.0000,0.0000,16.6096,16.6099,0
2031,0.0000,0.0000,16.7300,16.7303,1
2032,0.0000,0.0000,16.7051,16.7054,1
2033,0.0000,0.0000,16.5658,16.5661,0
2034,0.0000,0.0000,16.8200,16.8203,1
2035,0.0000,0.0000,16.7795,16.7798,1
2036,0.0000,0.0000,16.4781,16.4784,0
2037,0.0000,0.0000,16.7299,16.7303,1
2038,0.0000,0.0000,15.3868,15.3871,0
2039,0.0000,0.0000,16.6340,16.6341,0
2040,0.0000,0.0000,16.7040,16.7042,1
2041,0.0000,0.0000,17.8682,17.8684,1
2042,0.0000,0.0000,16.6626,16.6630,0
2043,0.0000,0.0000,16.6609,16.6612,0
2044,0.0000,0.0000,16.7874,16.7877,1
2045,0.0000,0.0000,16.6457,16.6460,0
2046,0.0000,0.0000,16.6891,16.6894,1
2047,0.0000,0.0000,16.5872,16.5875,0
2048,0.0000,0.0000,16.6401,16.6404,0
2049,0.0000,0.0000,16.6896,16.6899,1
2050,0.0000,0.0000,16.6763,16.6766,1
2051,0.0000,0.0000,16.6213,16.6216,0
2052,0.0000,0.0000,16.6910,16.6913,1
2053,0.0000,0.0000,16.7080,16.7083,1
2054,0.0000,0.0000,16.6157,16.6160,0
2055,0.0000,0.0000,16.6242,16.6245,0
2056,0.0000,0.0000,16.7888,16.7891,1
2057,0.0000,0.0000,16.6210,16.6213,0
2058,0.0000,0.0000,16.6994,16.6997,1
2059,0.0000,0.0000,16.7240,16.7243,1
2060,0.0000,0.0000,16.6531,16.6534,0
2061,0.0000,0.0000,16.5789,16.5792,0
2062,0.0000,0.0000,16.6986,16.6989,1
2063,0.0000,0.0000,16.7265,16.7268,1
2064,0.0000,0.0000,16.6506,16.6509,0
2065,0.0000,0.0000,16.8099,16.8102,1
2066,0.0000,0.0000,16.5542,16.5545,0
2067,0.0000,0.0000,16.6481,16.6484,0
2068,0.0000,0.0000,16.6945,16.7242,1
2069,0.0000,0.0000,16.6025,16.6028,0
2070,0.0000,0.0000,16.6221,16.6225,0
2071,0.0000,0.0000,16.7631,16.7634,1
2072,0.0000,0.0000,16.6401,16.6404,0
2073,0.0000,0.0000,16.8875,16.8878,1
2074,0.0000,0.0000,16.4729,16.4732,0
2075,0.0000,0.0000,16.6666,16.6669,1
2076,0.0000,0.0000,16.6687,16.6690,1
2077,0.0000,0.0000,16.7167,16.7170,1
2078,0.0000,0.0000,16.6642,16.6645,0
2079,0.0000,0.0000,16.6275,16.6278,0
2080,0.0000,0.0000,16.7158,16.7161,1
2081,0.0000,0.0000,16.6060,16.6063,0
2082,0.0000,0.0000,16.6465,16.6468,0
2083,0.0000,0.0000,16.6836,16.6839,1
2084,0.0000,0.0000,16.6719,16.6722,1
2085,0.0000,0.0000,16.7754,16.7757,1
2086,0.0000,0.0000,16.5379,16.5382,0
2087,0.0000,0.0000,16.7563,16.7568,1
2088,0.0000,0.0000,16.6721,16.6724,1
2089,0.0000,0.0000,16.6558,16.6562,0
2090,0.0000,0.0000,16.7747,16.7750,1
2091,0.0000,0.0000,16.5643,16.5646,0
2092,0.0000,0.0000,16.6541,16.6544,0
2093,0.0000,0.0000,16.7325,16.7328,1
2094,0.0000,0.0000,16.6441,16.6444,0
2095,0.0000,0.0000,16.5580,16.5583,0
2096,0.0000,0.0000,16.8316,16.8320,1
2097,0.0000,0.0000,16.5623,16.5626,0
2098,0.0000,0.0000,16.6777,16.6780,1
2099,0.0000,0.0000,16.7076,16.7079,1
2100,0.0000,0.0000,16.6910,16.6912,1
2101,0.0000,0.0000,16.6939,16.6942,1
2102,0.0000,0.0000,16.7017,16.7020,1
2103,0.0000,0.0000,16.6143,16.6147,0
2104,0.0000,0.0000,16.6024,16.6027,0
2105,0.0000,0.0000,16.7357,16.7360,1
2106,0.0000,0.0000,16.7009,16.7012,1
2107,0.0000,0.0000,16.6574,16.6577,0
2108,0.0000,0.0000,16.6007,16.6010,0
2109,0.0000,0.0000,16.6769,16.6772,1
2110,0.0000,0.0000,16.6699,16.6702,1
2111,0.0000,0.0000,16.7311,16.7314,1
2112,0.0000,0.0000,16.6947,16.6950,1
2113,0.0000,0.0000,16.5269,16.5273,0
2114,0.0000,0.0000,16.8416,16.8420,1
2115,0.0000,0.0000,18.8585,18.8588,1
2116,0.0000,0.0000,14.4420,14.4423,0
2117,0.0000,0.0000,16.6770,16.6773,1
2118,0.0000,0.0000,16.5971,16.5974,0
2119,0.0000,0.0000,16.7145,16.7148,1
2120,0.0000,0.0000,16.6278,16.6281,0
2121,0.0000,0.0000,16.7355,16.7358,1
2122,0.0000,0.0000,16.6197,16.6200,0
2123,0.0000,0.0000,16.7413,16.7416,1
2124,0.0000,0.0000,16.6012,16.6015,0
2125,0.0000,0.0000,16.6665,16.6668,1
2126,0.0000,0.0000,16.6729,16.6732,1
2127,0.0000,0.0000,16.6878,16.6881,1
2128,0.0000,0.0000,16.6053,16.6056,0
2129,0.0000,0.0000,16.6604,16.6607,0
2130,0.0000,0.0000,16.6759,16.6762,1
2131,0.0000,0.0000,16.7702,16.7705,1
2132,0.0000,0.0000,16.6154,16.6158,0
2133,0.0000,0.0000,16.7114,16.7117,1
2134,0.0000,0.0000,16.6080,16.6083,0
2135,0.0000,0.0000,16.6587,16.6591,0
2136,0.0000,0.0000,16.6457,16.6460,0
2137,0.0000,0.0000,16.6782,16.6785,1
2138,0.0000,0.0000,16.8107,16.8110,1
2139,0.0000,0.0000,16.5665,16.5668,0
2140,0.0000,0.0000,16.4336,16.4339,0
2141,0.0000,0.0000,7.7381,7.7384,0
2142,0.0000,0.0000,9.1880,9.1883,0
2143,0.0000,0.0000,16.6646,16.6649,0
2144,0.0000,0.0000,16.6746,16.6749,1
2145,0.0000,0.0000,16.7127,16.7130,1
2146,0.0000,0.0000,16.6166,16.6169,0
2147,0.0000,0.0000,16.6466,16.6469,0
2148,0.0000,0.0000,16.6154,16.6157,0
2149,0.0000,0.0000,16.7648,16.7651,1
2150,0.0000,0.0000,16.6477,16.6480,0
2151,0.0000,0.0000,16.6889,16.6892,1
2152,0.0000,0.0000,16.6518,16.6521,0
2153,0.0000,0.0000,16.6502,16.6505,0
2154,0.0000,0.0000,16.7492,16.7495,1
2155,0.0000,0.0000,16.7358,16.7361,1
2156,0.0000,0.0000,16.6693,16.6696,1
2157,0.0000,0.0000,16.6279,16.6282,0
2158,0.0000,0.0000,16.6372,16.6375,0
2159,0.0000,0.0000,16.6195,16.6198,0
2160,0.0000,0.0000,16.6345,16.6348,0
2161,0.0000,0.0000,16.7594,16.7597,1
2162,0.0000,0.0000,16.6271,16.6274,0
2163,0.0000,0.0000,16.6044,16.6047,0
2164,0.0000,0.0000,16.7782,16.7785,1
2165,0.0000,0.0000,16.4109,16.4112,0
2166,0.0000,0.0000,7.7423,7.7426,0
2167,0.0000,0.0000,9.2285,9.2289,0
2168,0.0000,0.0000,16.4209,16.4212,0
2169,0.0000,0.0000,15.1423,15.1424,0
2170,0.0000,0.0000,16.6487,16.6488,0
2171,0.0000,0.0000,16.6646,16.6647,0
2172,0.0000,0.0000,8.5206,8.5207,0
2173,0.0000,0.0000,8.2948,8.2949,0
2174,0.0000,0.0000,16.6171,16.6172,0
2175,0.0000,0.0000,16.6893,16.6894,1
2176,0.0000,0.0000,16.6525,16.6526,0
2177,0.0000,0.0000,18.2921,18.2924,1
2178,0.0000,0.0000,16.7285,16.7288,1
2179,0.0000,0.0000,16.6190,16.6193,0
2180,0.0000,0.0000,16.6483,16.6486,0
2181,0.0000,0.0000,16.7676,16.7679,1
2182,0.0000,0.0000,16.6028,16.6031,0
2183,0.0000,0.0000,16.7724,16.7727,1
2184,0.0000,0.0000,16.7160,16.7163,1
2185,0.0000,0.0000,16.4978,16.4981,0
2186,0.0000,0.0000,16.6958,16.6962,1
2187,0.0000,0.0000,16.6366,16.6369,0
2188,0.0000,0.0000,16.8241,16.8244,1
2189,0.0000,0.0000,16.6336,16.6339,0
2190,0.0000,0.0000,16.6117,16.6120,0
2191,0.0000,0.0000,16.6585,16.6589,0
2192,0.0000,0.0000,16.6224,16.6227,0
2193,0.0000,0.0000,16.6443,16.6446,0
2194,0.0000,0.0000,16.7788,16.7791,1
2195,0.0000,0.0000,16.7089,16.7092,1
2196,0.0000,0.0000,16.5718,16.5721,0
2197,0.0000,0.0000,16.7308,16.7311,1
2198,0.0000,0.0000,16.6475,16.6479,0
2199,0.0000,0.0000,16.6978,16.6981,1
2200,0.0000,0.0000,16.6215,16.6218,0
2201,0.0000,0.0000,16.6846,16.6849,1
2202,0.0000,0.0000,16.7036,16.7039,1
2203,0.0000,0.0000,16.6814,16.6817,1
2204,0.0000,0.0000,16.6449,16.6452,0
2205,0.0000,0.0000,16.6552,16.6555,0
2206,0.0000,0.0000,16.6479,16.6482,0
2207,0.0000,0.0000,16.5139,16.5142,0
2208,0.0000,0.0000,7.7707,7.7710,0
2209,0.0000,0.0000,9.1115,9.1118,0
2210,0.0000,0.0000,16.2932,16.2935,0
2211,0.0000,0.0000,7.9228,7.9231,0
2212,0.0000,0.0000,9.1457,9.1460,0
2213,0.0000,0.0000,16.5894,16.5898,0
2214,0.0000,0.0000,16.7290,16.7293,1
2215,0.0000,0.0000,16.6648,16.6652,0
2216,0.0000,0.0000,16.6892,16.6895,1
2217,0.0000,0.0000,16.6732,16.6735,1
2218,0.0000,0.0000,16.6161,16.6164,0
2219,0.0000,0.0000,16.6823,16.6826,1
2220,0.0000,0.0000,16.9419,16.9422,1
2221,0.0000,0.0000,16.4159,16.4162,0
2222,0.0000,0.0000,16.7780,16.7783,1
2223,0.0000,0.0000,16.5869,16.5872,0
2224,0.0000,0.0000,16.5755,16.5758,0
2225,0.0000,0.0000,16.3666,16.3670,0
2226,0.0000,0.0000,7.7788,7.7791,0
2227,0.0000,0.0000,9.3103,9.3106,0
2228,0.0000,0.0000,16.6442,16.6445,0
2229,0.0000,0.0000,16.5999,16.6002,0
2230,0.0000,0.0000,16.7405,16.7408,1
2231,0.0000,0.0000,16.6472,16.6474,0
2232,0.0000,0.0000,16.6973,16.6976,1
2233,0.0000,0.0000,16.6358,16.6362,0
2234,0.0000,0.0000,16.6688,16.6691,1
2235,0.0000,0.0000,16.5987,16.5990,0
2236,0.0000,0.0000,16.6895,16.6898,1
2237,0.0000,0.0000,16.6643,16.6646,0
2238,0.0000,0.0000,16.7100,16.7103,1
2239,0.0000,0.0000,16.6647,16.6649,0
2240,0.0000,0.0000,16.6528,16.6531,0
2241,0.0000,0.0000,16.6664,16.6667,1
2242,0.0000,0.0000,16.6493,16.6496,0
2243,0.0000,0.0000,7.3656,7.3659,0
2244,0.0000,0.0000,9.4112,9.4115,0
2245,0.0000,0.0000,16.6013,16.6016,0
2246,0.0000,0.0000,16.6735,16.6738,1
2247,0.0000,0.0000,16.7101,16.7104,1
2248,0.0000,0.0000,16.6345,16.6348,0
2249,0.0000,0.0000,16.7547,16.7550,1
2250,0.0000,0.0000,16.5747,16.5750,0
2251,0.0000,0.0000,16.6745,16.6749,1
2252,0.0000,0.0000,16.7046,16.7049,1
2253,0.0000,0.0000,16.6241,16.6244,0
2254,0.0000,0.0000,16.6635,16.6638,0
2255,0.0000,0.0000,16.6932,16.6935,1
2256,0.0000,0.0000,16.6616,16.6619,0
2257,0.0000,0.0000,16.6832,16.6835,1
2258,0.0000,0.0000,16.7078,16.7081,1
2259,0.0000,0.0000,16.6220,16.6223,0
2260,0.0000,0.0000,16.6595,16.6598,0
2261,0.0000,0.0000,16.9050,16.9053,1
2262,0.0000,0.0000,16.5113,16.5116,0
2263,0.0000,0.0000,16.6336,16.6339,0
2264,0.0000,0.0000,16.3209,16.3212,0
2265,0.0000,0.0000,7.5716,7.5719,0
2266,0.0000,0.0000,9.5442,9.5445,0
2267,0.0000,0.0000,16.6414,16.6417,0
2268,0.0000,0.0000,16.4956,16.4959,0
2269,0.0000,0.0000,16.7620,16.7623,1
2270,0.0000,0.0000,16.6664,16.6667,1
2271,0.0000,0.0000,16.6773,16.6776,1
2272,0.0000,0.0000,16.6775,16.6778,1
2273,0.0000,0.0000,16.6496,16.6499,0
2274,0.0000,0.0000,16.7481,16.7484,1
2275,0.0000,0.0000,16.5946,16.5949,0
2276,0.0000,0.0000,16.6934,16.6937,1
2277,0.0000,0.0000,16.6970,16.6973,1
2278,0.0000,0.0000,16.5991,16.5994,0
2279,0.0000,0.0000,16.6959,16.6961,1
2280,0.0000,0.0000,16.7654,16.7657,1
2281,0.0000,0.0000,16.6099,16.6102,0
2282,0.0000,0.0000,16.5715,16.5719,0
2283,0.0000,0.0000,16.7036,16.7039,1
2284,0.0000,0.0000,16.6779,16.6782,1
2285,0.0000,0.0000,16.7132,16.7135,1
2286,0.0000,0.0000,16.6996,16.7000,1
2287,0.0000,0.0000,16.6582,16.6585,0
2288,0.0000,0.0000,16.6230,16.6233,0
2289,0.0000,0.0000,16.7386,16.7389,1
2290,0.0000,0.0000,16.6660,16.6663,0
2291,0.0000,0.0000,16.6284,16.6287,0
2292,0.0000,0.0000,16.7847,16.7849,1
2293,0.0000,0.0000,16.5605,16.5608,0
2294,0.0000,0.0000,16.8036,16.8039,1
2295,0.0000,0.0000,16.5534,16.5537,0
2296,0.0000,0.0000,16.6977,16.6980,1
2297,0.0000,0.0000,16.6091,16.6094,0
2298,0.0000,0.0000,16.7000,16.7003,1
2299,0.0000,0.0000,16.7001,16.7004,1
2300,0.0000,0.0000,16.6371,16.6374,0
2301,0.0000,0.0000,16.6815,16.6818,1
2302,0.0000,0.0000,16.7016,16.7019,1
2303,0.0000,0.0000,16.6401,16.6404,0
2304,0.0000,0.0000,16.6996,16.6999,1
2305,0.0000,0.0000,16.6379,16.6382,0
2306,0.0000,0.0000,16.6343,16.6346,0
2307,0.0000,0.0000,16.6432,16.6435,0
2308,0.0000,0.0000,16.6845,16.6848,1
2309,0.0000,0.0000,16.7297,16.7300,1
2310,0.0000,0.0000,16.6136,16.6139,0
2311,0.0000,0.0000,16.7492,16.7495,1
2312,0.0000,0.0000,16.6067,16.6070,0
2313,0.0000,0.0000,16.6950,16.6953,1
2314,0.0000,0.0000,16.6653,16.6656,0
2315,0.0000,0.0000,16.6110,16.6113,0
2316,0.0000,0.0000,16.6956,16.6959,1
2317,0.0000,0.0000,16.7340,16.7343,1
2318,0.0000,0.0000,16.6843,16.6846,1
2319,0.0000,0.0000,16.6962,16.6965,1
2320,0.0000,0.0000,16.6091,16.6094,0
2321,0.0000,0.0000,16.6108,16.6111,0
2322,0.0000,0.0000,16.7612,16.7615,1
2323,0.0000,0.0000,16.7006,16.7009,1
2324,0.0000,0.0000,16.5560,16.5563,0
2325,0.0000,0.0000,16.7521,16.7524,1
2326,0.0000,0.0000,16.7069,16.7072,1
2327,0.0000,0.0000,16.5416,16.5419,0
2328,0.0000,0.0000,16.7683,16.7686,1
2329,0.0000,0.0000,16.6096,16.6099,0
2330,0.0000,0.0000,16.3185,16.3187,0
2331,0.0000,0.0000,7.7932,7.7934,0
2332,0.0000,0.0000,7.9216,7.9218,0
2333,0.0000,0.0000,16.6556,16.6557,0
2334,0.0000,0.0000,16.6617,16.6618,0
2335,0.0000,0.0000,16.6565,16.6567,0
2336,0.0000,0.0000,16.6600,16.6602,0
2337,0.0000,0.0000,16.6188,16.6189,0
2338,0.0000,0.0000,16.7118,16.7119,1
2339,0.0000,0.0000,16.6666,16.6668,1
2340,0.0000,0.0000,16.6882,16.6883,1
2341,0.0000,0.0000,18.0700,18.0702,1
2342,0.0000,0.0000,16.8043,16.8046,1
2343,0.0000,0.0000,16.5041,16.5044,0
2344,0.0000,0.0000,17.0341,17.0344,1
2345,0.0000,0.0000,16.4838,16.4842,0
2346,0.0000,0.0000,16.3831,16.3834,0
2347,0.0000,0.0000,7.7037,7.7040,0
2348,0.0000,0.0000,9.1402,9.1405,0
2349,0.0000,0.0000,16.6743,16.6746,1
2350,0.0000,0.0000,16.6999,16.7003,1
2351,0.0000,0.0000,16.6824,16.6827,1
2352,0.0000,0.0000,16.5693,16.5696,0
2353,0.0000,0.0000,16.6491,16.6494,0
2354,0.0000,0.0000,16.6871,16.6874,1
2355,0.0000,0.0000,16.6606,16.6609,0
2356,0.0000,0.0000,16.7559,16.7562,1
2357,0.0000,0.0000,16.5917,16.5920,0
2358,0.0000,0.0000,16.7176,16.7179,1
2359,0.0000,0.0000,16.6082,16.6085,0
2360,0.0000,0.0000,16.7751,16.7754,1
2361,0.0000,0.0000,16.5622,16.5625,0
2362,0.0000,0.0000,16.7289,16.7293,1
2363,0.0000,0.0000,16.7863,16.7866,1
2364,0.0000,0.0000,16.5501,16.5504,0
2365,0.0000,0.0000,16.7295,16.7298,1
2366,0.0000,0.0000,16.6209,16.6212,0
2367,0.0000,0.0000,16.6856,16.6859,1
2368,0.0000,0.0000,16.6232,16.6235,0
2369,0.0000,0.0000,16.7107,16.7110,1
2370,0.0000,0.0000,16.6384,16.6387,0
2371,0.0000,0.0000,16.6334,16.6337,0
2372,0.0000,0.0000,16.6299,16.6302,0
2373,0.0000,0.0000,16.7300,16.7303,1
2374,0.0000,0.0000,16.6984,16.6987,1
2375,0.0000,0.0000,16.6511,16.6514,0
2376,0.0000,0.0000,15.2735,15.2737,0
2377,0.0000,0.0000,16.6675,16.6677,1
2378,0.0000,0.0000,18.0585,18.0587,1
2379,0.0000,0.0000,16.7668,16.7671,1
2380,0.0000,0.0000,16.7028,16.7031,1
2381,0.0000,0.0000,16.6673,16.6676,1
2382,0.0000,0.0000,16.6222,16.6225,0
2383,0.0000,0.0000,16.6517,16.6520,0
2384,0.0000,0.0000,16.6481,16.6484,0
2385,0.0000,0.0000,16.6835,16.6838,1
2386,0.0000,0.0000,16.7034,16.7037,1
2387,0.0000,0.0000,16.5807,16.5810,0
2388,0.0000,0.0000,16.7191,16.7194,1
2389,0.0000,0.0000,16.6383,16.6386,0
2390,0.0000,0.0000,16.7840,16.7843,1
2391,0.0000,0.0000,16.5923,16.5926,0
2392,0.0000,0.0000,15.4556,15.4559,0
2393,0.0000,0.0000,16.6729,16.6732,1
2394,0.0000,0.0000,16.6664,16.6665,0
2395,0.0000,0.0000,16.6276,16.6278,0
2396,0.0000,0.0000,17.9265,17.9267,1
2397,0.0000,0.0000,16.7086,16.7089,1
2398,0.0000,0.0000,16.6586,16.6589,0
2399,0.0000,0.0000,16.3659,16.3662,0
2400,0.0000,0.0000,7.8628,7.8631,0
2401,0.0000,0.0000,9.0659,9.0662,0
2402,0.0000,0.0000,16.7668,16.7672,1
2403,0.0000,0.0000,16.6365,16.6368,0
2404,0.0000,0.0000,16.5670,16.5673,0
2405,0.0000,0.0000,16.8048,16.8051,1
2406,0.0000,0.0000,16.8947,16.8951,1
2407,0.0000,0.0000,16.3838,16.3841,0
2408,0.0000,0.0000,16.6093,16.6096,0
2409,0.0000,0.0000,16.6756,16.6759,1
2410,0.0000,0.0000,16.5647,16.5650,0
2411,0.0000,0.0000,7.7301,7.7304,0
2412,0.0000,0.0000,9.1757,9.1760,0
2413,0.0000,0.0000,16.6958,16.6961,1
2414,0.0000,0.0000,16.5686,16.5689,0
2415,0.0000,0.0000,16.7697,16.7700,1
2416,0.0000,0.0000,16.6116,16.6119,0
2417,0.0000,0.0000,16.6089,16.6092,0
2418,0.0000,0.0000,16.6728,16.6731,1
2419,0.0000,0.0000,16.6609,16.6612,0
2420,0.0000,0.0000,16.6659,16.6662,0
2421,0.0000,0.0000,16.6644,16.6647,0
2422,0.0000,0.0000,16.6560,16.6563,0
2423,0.0000,0.0000,16.7386,16.7389,1
2424,0.0000,0.0000,16.6916,16.6919,1
2425,0.0000,0.0000,16.5962,16.5965,0
2426,0.0000,0.0000,16.6375,16.6378,0
2427,0.0000,0.0000,16.6537,16.6540,0
2428,0.0000,0.0000,16.6480,16.6484,0
2429,0.0000,0.0000,16.7928,16.7931,1
2430,0.0000,0.0000,16.6751,16.6755,1
2431,0.0000,0.0000,16.7080,16.7083,1
2432,0.0000,0.0000,16.5802,16.5805,0
2433,0.0000,0.0000,16.6668,16.6672,1
2434,0.0000,0.0000,16.6490,16.6493,0
2435,0.0000,0.0000,16.6783,16.6786,1
2436,0.0000,0.0000,16.7247,16.7250,1
2437,0.0000,0.0000,16.7280,16.7284,1
2438,0.0000,0.0000,16.5808,16.5811,0
2439,0.0000,0.0000,16.7145,16.7149,1
2440,0.0000,0.0000,16.5898,16.5901,0
2441,0.0000,0.0000,16.6994,16.6997,1
2442,0.0000,0.0000,16.6643,16.6646,0
2443,0.0000,0.0000,16.6761,16.6764,1
2444,0.0000,0.0000,16.6726,16.6729,1
2445,0.0000,0.0000,16.7477,16.7480,1
2446,0.0000,0.0000,16.6975,16.6978,1
2447,0.0000,0.0000,16.5943,16.5946,0
2448,0.0000,0.0000,16.9160,16.9163,1
2449,0.0000,0.0000,16.6234,16.6238,0
2450,0.0000,0.0000,16.5301,16.5305,0
2451,0.0000,0.0000,15.4320,15.4322,0
2452,0.0000,0.0000,16.7577,16.7580,1
2453,0.0000,0.0000,8.6739,8.6742,0
2454,0.0000,0.0000,9.1486,9.1489,0
2455,0.0000,0.0000,16.6492,16.6496,0
2456,0.0000,0.0000,16.6338,16.6341,0
2457,0.0000,0.0000,16.6587,16.6590,0
2458,0.0000,0.0000,16.7655,16.7658,1
2459,0.0000,0.0000,16.5973,16.5977,0
2460,0.0000,0.0000,16.6280,16.6283,0
2461,0.0000,0.0000,16.4825,16.4828,0
2462,0.0000,0.0000,7.6483,7.6486,0
2463,0.0000,0.0000,9.3168,9.3171,0
2464,0.0000,0.0000,16.7393,16.7396,1
2465,0.0000,0.0000,16.6511,16.6513,0
2466,0.0000,0.0000,16.6140,16.6143,0
2467,0.0000,0.0000,16.4051,16.4054,0
2468,0.0000,0.0000,7.8024,7.8027,0
2469,0.0000,0.0000,9.0827,9.0830,0
2470,0.0000,0.0000,16.5166,16.5169,0
2471,0.0000,0.0000,7.6579,7.6582,0
2472,0.0000,0.0000,9.2390,9.2393,0
2473,0.0000,0.0000,16.6487,16.6490,0
2474,0.0000,0.0000,16.5391,16.5394,0
2475,0.0000,0.0000,16.7688,16.7691,1
2476,0.0000,0.0000,16.7640,16.7644,1
2477,0.0000,0.0000,16.5486,16.5489,0
2478,0.0000,0.0000,16.6405,16.6408,0
2479,0.0000,0.0000,16.6561,16.6564,0
2480,0.0000,0.0000,16.5856,16.5859,0
2481,0.0000,0.0000,7.3680,7.3683,0
2482,0.0000,0.0000,9.4655,9.4658,0
2483,0.0000,0.0000,16.7100,16.7103,1
2484,0.0000,0.0000,16.6361,16.6364,0
2485,0.0000,0.0000,16.5890,16.5893,0
2486,0.0000,0.0000,16.6451,16.6454,0
2487,0.0000,0.0000,16.7580,16.7583,1
2488,0.0000,0.0000,16.6017,16.6020,0
2489,0.0000,0.0000,16.7232,16.7235,1
2490,0.0000,0.0000,16.6477,16.6480,0
2491,0.0000,0.0000,16.6586,16.6589,0
2492,0.0000,0.0000,16.7402,16.7405,1
2493,0.0000,0.0000,16.6537,16.6540,0
2494,0.0000,0.0000,16.6297,16.6300,0
2495,0.0000,0.0000,16.6379,16.6382,0
2496,0.0000,0.0000,16.4172,16.4176,0
2497,0.0000,0.0000,7.6314,7.6317,0
2498,0.0000,0.0000,9.4093,9.4096,0
2499,0.0000,0.0000,16.7443,16.7446,1
2500,0.0000,0.0000,16.5987,16.5991,0
2501,0.0000,0.0000,16.5895,16.5898,0
2502,0.0000,0.0000,16.6915,16.6918,1
2503,0.0000,0.0000,16.6314,16.6317,0
2504,0.0000,0.0000,16.6891,16.6894,1
2505,0.0000,0.0000,16.6561,16.6565,0
2506,0.0000,0.0000,16.6873,16.6876,1
2507,0.0000,0.0000,16.6835,16.6838,1
2508,0.0000,0.0000,16.6666,16.6669,1
2509,0.0000,0.0000,16.6106,16.6110,0
2510,0.0000,0.0000,16.6866,16.6869,1
2511,0.0000,0.0000,16.6777,16.6780,1
2512,0.0000,0.0000,16.3161,16.3164,0
2513,0.0000,0.0000,7.7480,7.7483,0
2514,0.0000,0.0000,9.5826,9.5829,0
2515,0.0000,0.0000,16.3977,16.3980,0
2516,0.0000,0.0000,16.7461,16.7464,1
2517,0.0000,0.0000,16.6326,16.6329,0
2518,0.0000,0.0000,16.6182,16.6185,0
2519,0.0000,0.0000,16.6277,16.6280,0
2520,0.0000,0.0000,16.7053,16.7056,1
2521,0.0000,0.0000,16.6565,16.6568,0
2522,0.0000,0.0000,16.6597,16.6600,0
2523,0.0000,0.0000,16.7079,16.7082,1
2524,0.0000,0.0000,16.6796,16.6799,1
2525,0.0000,0.0000,16.6954,16.6957,1
2526,0.0000,0.0000,16.6298,16.6301,0
2527,0.0000,0.0000,16.7110,16.7113,1
2528,0.0000,0.0000,16.6750,16.6753,1
2529,0.0000,0.0000,16.6972,16.6975,1
2530,0.0000,0.0000,16.5825,16.5828,0
2531,0.0000,0.0000,16.6659,16.6662,0
2532,0.0000,0.0000,16.7681,16.7684,1
2533,0.0000,0.0000,16.6262,16.6265,0
2534,0.0000,0.0000,16.6266,16.6269,0
2535,0.0000,0.0000,16.6967,16.6970,1
2536,0.0000,0.0000,16.6671,16.6674,1
2537,0.0000,0.0000,16.6641,16.6644,0
2538,0.0000,0.0000,16.7358,16.7361,1
2539,0.0000,0.0000,16.6311,16.6314,0
2540,0.0000,0.0000,16.7070,16.7073,1
2541,0.0000,0.0000,16.6355,16.6358,0
2542,0.0000,0.0000,16.6922,16.6925,1
2543,0.0000,0.0000,16.7263,16.7266,1
2544,0.0000,0.0000,16.5912,16.5915,0
2545,0.0000,0.0000,16.6287,16.6290,0
2546,0.0000,0.0000,16.7335,16.7338,1
2547,0.0000,0.0000,16.6340,16.6343,0
2548,0.0000,0.0000,16.7031,16.7034,1
2549,0.0000,0.0000,16.6344,16.6347,0
2550,0.0000,0.0000,16.7504,16.7507,1
2551,0.0000,0.0000,16.5883,16.5886,0
2552,0.0000,0.0000,16.7382,16.7385,1
2553,0.0000,0.0000,16.6364,16.6367,0
2554,0.0000,0.0000,16.7094,16.7097,1
2555,0.0000,0.0000,16.6030,16.6033,0
2556,0.0000,0.0000,16.7447,16.7450,1
2557,0.0000,0.0000,16.5715,16.5718,0
2558,0.0000,0.0000,16.6573,16.6576,0
2559,0.0000,0.0000,16.7146,16.7149,1
2560,0.0000,0.0000,16.6507,16.6510,0
2561,0.0000,0.0000,16.7148,16.7151,1
2562,0.0000,0.0000,16.7568,16.7572,1
2563,0.0000,0.0000,38.1644,38.1646,1
2564,0.0000,0.0000,10.1450,10.1452,0
2565,0.0000,0.0000,16.4001,16.4002,0
2566,0.0000,0.0000,16.5674,16.5676,0
2567,0.0000,0.0000,18.5979,18.5981,1
2568,0.0000,0.0000,16.7506,16.7509,1
2569,0.0000,0.0000,16.6676,16.6679,1
2570,0.0000,0.0000,16.6164,16.6167,0
2571,0.0000,0.0000,16.6552,16.6555,0
2572,0.0000,0.0000,16.6802,16.6805,1
2573,0.0000,0.0000,16.6857,16.6861,1
2574,0.0000,0.0000,16.6651,16.6654,0
2575,0.0000,0.0000,16.6473,16.6476,0
2576,0.0000,0.0000,16.7326,16.7329,1
2577,0.0000,0.0000,16.8322,16.8325,1
2578,0.0000,0.0000,16.6515,16.6518,0
2579,0.0000,0.0000,16.5173,16.5177,0
2580,0.0000,0.0000,16.7015,16.7018,1
2581,0.0000,0.0000,16.6419,16.6422,0
2582,0.0000,0.0000,16.8140,16.8143,1
2583,0.0000,0.0000,16.5049,16.5052,0
2584,0.0000,0.0000,16.8994,16.8997,1
2585,0.0000,0.0000,16.6664,16.6667,1
2586,0.0000,0.0000,16.4270,16.4273,0
2587,0.0000,0.0000,16.3522,16.3525,0
2588,0.0000,0.0000,8.0576,8.0579,0
2589,0.0000,0.0000,8.9976,8.9979,0
2590,0.0000,0.0000,16.6244,16.6247,0
2591,0.0000,0.0000,16.6955,16.6959,1
2592,0.0000,0.0000,16.6627,16.6630,0
2593,0.0000,0.0000,16.6827,16.6830,1
2594,0.0000,0.0000,16.8739,16.8742,1
2595,0.0000,0.0000,16.4866,16.4870,0
2596,0.0000,0.0000,16.7075,16.7078,1
2597,0.0000,0.0000,16.9017,16.9020,1
2598,0.0000,0.0000,18.8336,18.8340,1
2599,0.0000,0.0000,14.3998,14.4002,0
2600,0.0000,0.0000,16.5687,16.5690,0
2601,0.0000,0.0000,16.6444,16.6447,0
2602,0.0000,0.0000,16.5745,16.5748,0
2603,0.0000,0.0000,16.7259,16.7262,1
2604,0.0000,0.0000,16.7050,16.7053,1
2605,0.0000,0.0000,16.7025,16.7028,1
2606,0.0000,0.0000,16.5502,16.5506,0
2607,0.0000,0.0000,16.7567,16.7570,1
2608,0.0000,0.0000,16.6668,16.6671,1
2609,0.0000,0.0000,16.5843,16.5846,0
2610,0.0000,0.0000,16.7347,16.7350,1
2611,0.0000,0.0000,16.5845,16.5848,0
2612,0.0000,0.0000,16.7005,16.7008,1
2613,0.0000,0.0000,16.7201,16.7204,1
2614,0.0000,0.0000,16.6288,16.6291,0
2615,0.0000,0.0000,16.6517,16.6520,0
2616,0.0000,0.0000,16.4553,16.4556,0
2617,0.0000,0.0000,7.6405,7.6408,0
2618,0.0000,0.0000,9.2907,9.2910,0
2619,0.0000,0.0000,16.6384,16.6387,0
2620,0.0000,0.0000,16.7162,16.7165,1
2621,0.0000,0.0000,16.6841,16.6844,1
2622,0.0000,0.0000,16.6018,16.6021,0
2623,0.0000,0.0000,16.6564,16.6567,0
2624,0.0000,0.0000,16.7841,16.7844,1
2625,0.0000,0.0000,16.6293,16.6296,0
2626,0.0000,0.0000,16.7023,16.7026,1
2627,0.0000,0.0000,16.6415,16.6418,0
2628,0.0000,0.0000,16.7156,16.7159,1
2629,0.0000,0.0000,16.5767,16.5770,0
2630,0.0000,0.0000,16.6550,16.6553,0
2631,0.0000,0.0000,16.6301,16.6304,0
2632,0.0000,0.0000,16.6416,16.6419,0
2633,0.0000,0.0000,16.7595,16.7598,1
2634,0.0000,0.0000,16.6925,16.6928,1
2635,0.0000,0.0000,16.6343,16.6346,0
2636,0.0000,0.0000,16.7663,16.7666,1
2637,0.0000,0.0000,16.6048,16.6051,0
2638,0.0000,0.0000,16.6825,16.6828,1
2639,0.0000,0.0000,16.6346,16.6349,0
2640,0.0000,0.0000,16.6800,16.6803,1
2641,0.0000,0.0000,16.8195,16.8199,1
2642,0.0000,0.0000,16.7130,16.7133,1
2643,0.0000,0.0000,16.3395,16.3397,0
2644,0.0000,0.0000,15.2489,15.2491,0
2645,0.0000,0.0000,18.2282,18.2283,1
2646,0.0000,0.0000,16.5920,16.5923,0
2647,0.0000,0.0000,16.7608,16.7611,1
2648,0.0000,0.0000,16.7108,16.7111,1
2649,0.0000,0.0000,16.6420,16.6423,0
2650,0.0000,0.0000,16.6720,16.6723,1
2651,0.0000,0.0000,16.6511,16.6514,0
2652,0.0000,0.0000,16.6929,16.6932,1
2653,0.0000,0.0000,16.6522,16.6525,0
2654,0.0000,0.0000,16.6178,16.6181,0
2655,0.0000,0.0000,16.5280,16.5284,0
2656,0.0000,0.0000,7.7431,7.7434,0
2657,0.0000,0.0000,9.1566,9.1569,0
2658,0.0000,0.0000,16.6331,16.6335,0
2659,0.0000,0.0000,16.6508,16.6511,0
2660,0.0000,0.0000,15.0982,15.0984,0
2661,0.0000,0.0000,16.6810,16.6812,1
2662,0.0000,0.0000,16.6389,16.6391,0
2663,0.0000,0.0000,16.6323,16.6324,0
2664,0.0000,0.0000,18.2824,18.2826,1
2665,0.0000,0.0000,16.6724,16.6727,1
2666,0.0000,0.0000,16.7410,16.7413,1
2667,0.0000,0.0000,16.5953,16.5956,0
2668,0.0000,0.0000,16.7332,16.7335,1
2669,0.0000,0.0000,16.6458,16.6461,0
2670,0.0000,0.0000,16.7151,16.7155,1
2671,0.0000,0.0000,16.6060,16.6063,0
2672,0.0000,0.0000,16.6961,16.6964,1
2673,0.0000,0.0000,16.4039,16.4043,0
2674,0.0000,0.0000,7.6664,7.6667,0
2675,0.0000,0.0000,9.3176,9.3179,0
2676,0.0000,0.0000,16.5937,16.5940,0
2677,0.0000,0.0000,16.6651,16.6653,0
2678,0.0000,0.0000,16.6624,16.6627,0
2679,0.0000,0.0000,16.6603,16.6606,0
2680,0.0000,0.0000,16.6943,16.6946,1
2681,0.0000,0.0000,16.6820,16.6823,1
2682,0.0000,0.0000,16.6859,16.6862,1
2683,0.0000,0.0000,16.7266,16.7269,1
2684,0.0000,0.0000,16.6442,16.6445,0
2685,0.0000,0.0000,16.5813,16.5816,0
2686,0.0000,0.0000,16.7773,16.7776,1
2687,0.0000,0.0000,16.6288,16.6291,0
2688,0.0000,0.0000,16.6534,16.6537,0
2689,0.0000,0.0000,16.7376,16.7379,1
2690,0.0000,0.0000,16.7095,16.7098,1
2691,0.0000,0.0000,16.5048,16.5052,0
2692,0.0000,0.0000,16.7794,16.7797,1
2693,0.0000,0.0000,16.7136,16.7139,1
2694,0.0000,0.0000,16.6841,16.6844,1
2695,0.0000,0.0000,16.8269,16.8272,1
2696,0.0000,0.0000,16.6610,16.6614,0
2697,0.0000,0.0000,16.5297,16.5300,0
2698,0.0000,0.0000,15.6030,15.6032,0
2699,0.0000,0.0000,16.4895,16.4897,0
2700,0.0000,0.0000,17.8052,17.8054,1
2701,0.0000,0.0000,16.7663,16.7666,1
2702,0.0000,0.0000,16.6610,16.6613,0
2703,0.0000,0.0000,16.6152,16.6155,0
2704,0.0000,0.0000,16.7223,16.7226,1
2705,0.0000,0.0000,16.6287,16.6290,0
2706,0.0000,0.0000,16.6354,16.6357,0
2707,0.0000,0.0000,16.6940,16.6943,1
2708,0.0000,0.0000,16.6867,16.6870,1
2709,0.0000,0.0000,16.6903,16.6906,1
2710,0.0000,0.0000,16.4563,16.4566,0
2711,0.0000,0.0000,7.5337,7.5341,0
2712,0.0000,0.0000,9.3632,9.3635,0
2713,0.0000,0.0000,16.6480,16.6483,0
2714,0.0000,0.0000,16.6678,16.6681,1
2715,0.0000,0.0000,16.6083,16.6086,0
2716,0.0000,0.0000,16.7566,16.7569,1
2717,0.0000,0.0000,16.6050,16.6053,0
2718,0.0000,0.0000,16.8906,16.8909,1
2719,0.0000,0.0000,16.5299,16.5302,0
2720,0.0000,0.0000,16.6099,16.6102,0
2721,0.0000,0.0000,16.6719,16.6722,1
2722,0.0000,0.0000,16.6830,16.6833,1
2723,0.0000,0.0000,16.6954,16.6957,1
2724,0.0000,0.0000,16.7015,16.7018,1
2725,0.0000,0.0000,16.6216,16.6219,0
2726,0.0000,0.0000,16.7790,16.7793,1
2727,0.0000,0.0000,16.6724,16.6727,1
2728,0.0000,0.0000,16.5481,16.5484,0
2729,0.0000,0.0000,16.6713,16.6716,1
2730,0.0000,0.0000,16.4537,16.4540,0
2731,0.0000,0.0000,7.6705,7.6708,0
2732,0.0000,0.0000,9.3137,9.3140,0
2733,0.0000,0.0000,15.2748,15.2751,0
2734,0.0000,0.0000,16.5596,16.5598,0
2735,0.0000,0.0000,18.0334,18.0336,1
2736,0.0000,0.0000,16.6237,16.6240,0
2737,0.0000,0.0000,16.7905,16.7908,1
2738,0.0000,0.0000,16.6546,16.6549,0
2739,0.0000,0.0000,16.6574,16.6577,0
2740,0.0000,0.0000,16.6945,16.6948,1
2741,0.0000,0.0000,16.6579,16.6582,0
2742,0.0000,0.0000,16.7111,16.7114,1
2743,0.0000,0.0000,16.6549,16.6552,0
2744,0.0000,0.0000,16.6671,16.6674,1
2745,0.0000,0.0000,16.6284,16.6287,0
2746,0.0000,0.0000,16.7230,16.7233,1
2747,0.0000,0.0000,16.6292,16.6295,0
2748,0.0000,0.0000,16.6339,16.6342,0
2749,0.0000,0.0000,16.7222,16.7225,1
2750,0.0000,0.0000,16.6054,16.6057,0
2751,0.0000,0.0000,16.7012,16.7015,1
2752,0.0000,0.0000,16.7167,16.7170,1
2753,0.0000,0.0000,16.5933,16.5936,0
2754,0.0000,0.0000,16.7077,16.7080,1
2755,0.0000,0.0000,16.7320,16.7323,1
2756,0.0000,0.0000,16.6489,16.6492,0
2757,0.0000,0.0000,16.6015,16.6018,0
2758,0.0000,0.0000,16.7643,16.7646,1
2759,0.0000,0.0000,16.8673,16.8676,1
2760,0.0000,0.0000,16.4309,16.4312,0
2761,0.0000,0.0000,16.6622,16.6625,0
2762,0.0000,0.0000,16.6626,16.6629,0
2763,0.0000,0.0000,16.6527,16.6530,0
2764,0.0000,0.0000,16.7866,16.7869,1
2765,0.0000,0.0000,16.5533,16.5536,0
2766,0.0000,0.0000,16.7139,16.7142,1
2767,0.0000,0.0000,16.6802,16.6805,1
2768,0.0000,0.0000,16.7087,16.7090,1
2769,0.0000,0.0000,16.5823,16.5826,0
2770,0.0000,0.0000,16.6715,16.6718,1
2771,0.0000,0.0000,16.7323,16.7326,1
2772,0.0000,0.0000,16.6510,16.6513,0
2773,0.0000,0.0000,16.6585,16.6588,0
2774,0.0000,0.0000,16.3961,16.3964,0
2775,0.0000,0.0000,7.5926,7.5929,0
2776,0.0000,0.0000,9.4225,9.4228,0
2777,0.0000,0.0000,16.5988,16.5991,0
2778,0.0000,0.0000,16.6542,16.6545,0
2779,0.0000,0.0000,16.6748,16.6751,1
2780,0.0000,0.0000,16.9171,16.9174,1
2781,0.0000,0.0000,16.4492,16.4495,0
2782,0.0000,0.0000,16.7530,16.7533,1
2783,0.0000,0.0000,16.6296,16.6299,0
2784,0.0000,0.0000,16.6150,16.6153,0
2785,0.0000,0.0000,16.6250,16.6253,0
2786,0.0000,0.0000,16.7812,16.7815,1
2787,0.0000,0.0000,16.6804,16.6807,1
2788,0.0000,0.0000,15.4015,15.4018,0
2789,0.0000,0.0000,16.6289,16.6290,0
2790,0.0000,0.0000,17.8804,17.8806,1
2791,0.0000,0.0000,16.6559,16.6562,0
2792,0.0000,0.0000,16.6675,16.6678,1
2793,0.0000,0.0000,16.8732,16.8735,1
2794,0.0000,0.0000,16.5409,16.5412,0
2795,0.0000,0.0000,16.6365,16.6368,0
2796,0.0000,0.0000,16.7369,16.7372,1
2797,0.0000,0.0000,16.6128,16.6131,0
2798,0.0000,0.0000,16.9652,16.9655,1
2799,0.0000,0.0000,16.5866,16.5869,0
2800,0.0000,0.0000,16.7160,16.7163,1
2801,0.0000,0.0000,15.2360,15.2363,0
2802,0.0000,0.0000,16.6779,16.6781,1
2803,0.0000,0.0000,17.9010,17.9012,1
2804,0.0000,0.0000,16.5619,16.5622,0
2805,0.0000,0.0000,16.7459,16.7462,1
2806,0.0000,0.0000,15.2324,15.2326,0
2807,0.0000,0.0000,16.7175,16.7177,1
2808,0.0000,0.0000,16.1604,16.1606,0
2809,0.0000,0.0000,8.7300,8.7302,0
2810,0.0000,0.0000,9.8107,9.8109,0
2811,0.0000,0.0000,16.6257,16.6260,0
2812,0.0000,0.0000,16.6666,16.6669,1
2813,0.0000,0.0000,16.7192,16.7195,1
2814,0.0000,0.0000,16.7257,16.7260,1
2815,0.0000,0.0000,16.6348,16.6351,0
2816,0.0000,0.0000,16.6557,16.6560,0
2817,0.0000,0.0000,16.6466,16.6469,0
2818,0.0000,0.0000,16.6517,16.6520,0
2819,0.0000,0.0000,16.7385,16.7388,1
2820,0.0000,0.0000,16.6316,16.6319,0
2821,0.0000,0.0000,16.6968,16.6972,1
2822,0.0000,0.0000,16.6238,16.6241,0
2823,0.0000,0.0000,16.7565,16.7568,1
2824,0.0000,0.0000,16.6403,16.6406,0
2825,0.0000,0.0000,16.6108,16.6111,0
2826,0.0000,0.0000,16.8516,16.8519,1
2827,0.0000,0.0000,16.5991,16.5994,0
2828,0.0000,0.0000,16.5984,16.5988,0
2829,0.0000,0.0000,16.6436,16.6439,0
2830,0.0000,0.0000,16.7674,16.7677,1
2831,0.0000,0.0000,16.5920,16.5923,0
2832,0.0000,0.0000,16.6464,16.6468,0
2833,0.0000,0.0000,16.7385,16.7388,1
2834,0.0000,0.0000,16.6416,16.6419,0
2835,0.0000,0.0000,16.6272,16.6275,0
2836,0.0000,0.0000,16.7531,16.7534,1
2837,0.0000,0.0000,16.6500,16.6503,0
2838,0.0000,0.0000,16.6705,16.6708,1
2839,0.0000,0.0000,16.6539,16.6542,0
2840,0.0000,0.0000,16.7087,16.7090,1
2841,0.0000,0.0000,16.6531,16.6534,0
2842,0.0000,0.0000,16.7053,16.7056,1
2843,0.0000,0.0000,16.6345,16.6348,0
2844,0.0000,0.0000,16.5699,16.5702,0
2845,0.0000,0.0000,16.6798,16.6801,1
2846,0.0000,0.0000,16.7311,16.7314,1
2847,0.0000,0.0000,16.6360,16.6363,0
2848,0.0000,0.0000,16.6795,16.6798,1
2849,0.0000,0.0000,16.6941,16.6944,1
2850,0.0000,0.0000,15.4897,15.4900,0
2851,0.0000,0.0000,16.6819,16.6821,1
2852,0.0000,0.0000,16.6597,16.6598,0
2853,0.0000,0.0000,16.6832,16.6835,1
2854,0.0000,0.0000,17.8179,17.8181,1
2855,0.0000,0.0000,16.7055,16.7058,1
2856,0.0000,0.0000,16.8267,16.8270,1
2857,0.0000,0.0000,16.5339,16.5343,0
2858,0.0000,0.0000,16.6780,16.6783,1
2859,0.0000,0.0000,16.5839,16.5843,0
2860,0.0000,0.0000,16.6695,16.6698,1
2861,0.0000,0.0000,16.7202,16.7205,1
2862,0.0000,0.0000,16.6114,16.6117,0
2863,0.0000,0.0000,16.6823,16.6826,1
2864,0.0000,0.0000,16.7233,16.7236,1
2865,0.0000,0.0000,16.6327,16.6330,0
2866,0.0000,0.0000,16.7093,16.7096,1
2867,0.0000,0.0000,16.6894,16.6897,1
2868,0.0000,0.0000,16.5816,16.5819,0
2869,0.0000,0.0000,16.7296,16.7300,1
2870,0.0000,0.0000,16.6291,16.6294,0
2871,0.0000,0.0000,16.7178,16.7181,1
2872,0.0000,0.0000,16.6088,16.6092,0
2873,0.0000,0.0000,16.8797,16.8800,1
2874,0.0000,0.0000,16.5033,16.5036,0
2875,0.0000,0.0000,16.6420,16.6423,0
2876,0.0000,0.0000,16.6631,16.6634,0
2877,0.0000,0.0000,16.7982,16.7985,1
2878,0.0000,0.0000,16.6173,16.6176,0
2879,0.0000,0.0000,16.5901,16.5904,0
2880,0.0000,0.0000,16.6925,16.6928,1
2881,0.0000,0.0000,16.6854,16.6857,1
2882,0.0000,0.0000,16.7002,16.7005,1
2883,0.0000,0.0000,16.6453,16.6456,0
2884,0.0000,0.0000,16.6379,16.6382,0
2885,0.0000,0.0000,16.7348,16.7351,1
2886,0.0000,0.0000,16.7052,16.7055,1
2887,0.0000,0.0000,7.5881,7.5884,0
2888,0.0000,0.0000,9.2106,9.2109,0
2889,0.0000,0.0000,15.6029,15.6031,0
2890,0.0000,0.0000,15.5876,15.5877,0
2891,0.0000,0.0000,16.6516,16.6517,0
2892,0.0000,0.0000,16.7059,16.7060,1
2893,0.0000,0.0000,16.5550,16.5551,0
2894,0.0000,0.0000,16.6839,16.6840,1
2895,0.0000,0.0000,16.6943,16.6944,1
2896,0.0000,0.0000,18.6561,18.6563,1
2897,0.0000,0.0000,16.6647,16.6649,0
2898,0.0000,0.0000,16.6572,16.6576,0
2899,0.0000,0.0000,16.6851,16.6854,1
2900,0.0000,0.0000,16.6822,16.6826,1
2901,0.0000,0.0000,16.6214,16.6217,0
2902,0.0000,0.0000,16.8157,16.8160,1
2903,0.0000,0.0000,16.6189,16.6193,0
2904,0.0000,0.0000,16.5955,16.5958,0
2905,0.0000,0.0000,16.7033,16.7037,1
2906,0.0000,0.0000,16.6673,16.6676,1
2907,0.0000,0.0000,16.7366,16.7369,1
2908,0.0000,0.0000,16.5998,16.6001,0
2909,0.0000,0.0000,16.5890,16.5893,0
2910,0.0000,0.0000,7.6773,7.6776,0
2911,0.0000,0.0000,9.1862,9.1865,0
2912,0.0000,0.0000,16.5952,16.5955,0
2913,0.0000,0.0000,16.6950,16.6953,1
2914,0.0000,0.0000,16.6105,16.6109,0
2915,0.0000,0.0000,16.8004,16.8007,1
2916,0.0000,0.0000,16.6437,16.6440,0
2917,0.0000,0.0000,16.5653,16.5656,0
2918,0.0000,0.0000,16.7177,16.7181,1
2919,0.0000,0.0000,16.7282,16.7285,1
2920,0.0000,0.0000,16.6449,16.6452,0
2921,0.0000,0.0000,16.6278,16.6281,0
2922,0.0000,0.0000,16.7018,16.7021,1
2923,0.0000,0.0000,16.7239,16.7242,1
2924,0.0000,0.0000,16.5536,16.5539,0
2925,0.0000,0.0000,16.6187,16.6190,0
2926,0.0000,0.0000,16.6411,16.6414,0
2927,0.0000,0.0000,16.6667,16.6671,1
2928,0.0000,0.0000,16.6391,16.6394,0
2929,0.0000,0.0000,7.7679,7.7682,0
2930,0.0000,0.0000,9.1131,9.1134,0
2931,0.0000,0.0000,16.4283,16.4286,0
2932,0.0000,0.0000,7.6467,7.6470,0
2933,0.0000,0.0000,9.3219,9.3222,0
2934,0.0000,0.0000,16.5599,16.5602,0
2935,0.0000,0.0000,16.6233,16.6236,0
2936,0.0000,0.0000,16.7087,16.7090,1
2937,0.0000,0.0000,16.7959,16.7962,1
2938,0.0000,0.0000,16.8917,16.8920,1
2939,0.0000,0.0000,16.3703,16.3706,0
2940,0.0000,0.0000,16.6637,16.6641,0
2941,0.0000,0.0000,16.6783,16.6786,1
2942,0.0000,0.0000,16.6511,16.6514,0
2943,0.0000,0.0000,16.6078,16.6081,0
2944,0.0000,0.0000,16.7344,16.7347,1
2945,0.0000,0.0000,16.5662,16.5665,0
2946,0.0000,0.0000,16.8332,16.8335,1
2947,0.0000,0.0000,16.5826,16.5829,0
2948,0.0000,0.0000,16.6806,16.6809,1
2949,0.0000,0.0000,16.7608,16.7611,1
2950,0.0000,0.0000,16.6291,16.6295,0
2951,0.0000,0.0000,16.5270,16.5273,0
2952,0.0000,0.0000,16.7393,16.7396,1
2953,0.0000,0.0000,16.9041,16.9044,1
2954,0.0000,0.0000,16.6728,16.6732,1
2955,0.0000,0.0000,16.4993,16.4996,0
2956,0.0000,0.0000,16.7119,16.7123,1
2957,0.0000,0.0000,16.6850,16.6853,1
2958,0.0000,0.0000,16.6096,16.6099,0
2959,0.0000,0.0000,16.6392,16.6395,0
2960,0.0000,0.0000,16.2857,16.2860,0
2961,0.0000,0.0000,7.9713,7.9716,0
2962,0.0000,0.0000,9.1131,9.1134,0
2963,0.0000,0.0000,16.6061,16.6064,0
2964,0.0000,0.0000,16.7419,16.7422,1
2965,0.0000,0.0000,16.6214,16.6217,0
2966,0.0000,0.0000,16.9206,16.9209,1
2967,0.0000,0.0000,16.5227,16.5230,0
2968,0.0000,0.0000,16.6035,16.6038,0
2969,0.0000,0.0000,16.6154,16.6157,0
2970,0.0000,0.0000,16.6848,16.6851,1
2971,0.0000,0.0000,16.7160,16.7163,1
2972,0.0000,0.0000,16.6451,16.6454,0
2973,0.0000,0.0000,16.6393,16.6396,0
2974,0.0000,0.0000,16.8502,16.8505,1
2975,0.0000,0.0000,16.5695,16.5698,0
2976,0.0000,0.0000,16.5782,16.5785,0
2977,0.0000,0.0000,15.3552,15.3555,0
2978,0.0000,0.0000,16.6769,16.6771,1
2979,0.0000,0.0000,16.6331,16.6332,0
2980,0.0000,0.0000,16.6122,16.6124,0
2981,0.0000,0.0000,16.7412,16.7413,1
2982,0.0000,0.0000,16.6544,16.6546,0
2983,0.0000,0.0000,16.6030,16.6032,0
2984,0.0000,0.0000,16.7222,16.7223,1
2985,0.0000,0.0000,18.0844,18.0846,1
2986,0.0000,0.0000,16.6477,16.6480,0
2987,0.0000,0.0000,16.4500,16.4503,0
2988,0.0000,0.0000,7.6101,7.6104,0
2989,0.0000,0.0000,9.3083,9.3086,0
2990,0.0000,0.0000,16.6657,16.6660,0
2991,0.0000,0.0000,16.6918,16.6921,1
2992,0.0000,0.0000,16.6204,16.6207,0
2993,0.0000,0.0000,16.6770,16.6773,1
2994,0.0000,0.0000,16.6555,16.6559,0
2995,0.0000,0.0000,16.6565,16.6568,0
2996,0.0000,0.0000,16.6595,16.6598,0
2997,0.0000,0.0000,16.6977,16.6980,1
2998,0.0000,0.0000,16.7522,16.7525,1
2999,0.0000,0.0000,16.5978,16.5981,0
3000,0.0000,0.0000,15.1932,15.1935,0
3001,0.0000,0.0000,16.6710,16.6711,1
3002,0.0000,0.0000,18.0817,18.0819,1
3003,0.0000,0.0000,16.3933,16.3936,0
3004,0.0000,0.0000,7.7600,7.7602,0
3005,0.0000,0.0000,9.3547,9.3550,0
3006,0.0000,0.0000,16.5225,16.5228,0
3007,0.0000,0.0000,16.6906,16.6909,1
3008,0.0000,0.0000,16.7343,16.7346,1
3009,0.0000,0.0000,16.6040,16.6043,0
3010,0.0000,0.0000,16.6977,16.6980,1
3011,0.0000,0.0000,16.7258,16.7261,1
3012,0.0000,0.0000,16.6477,16.6480,0
3013,0.0000,0.0000,16.7139,16.7142,1
3014,0.0000,0.0000,16.6217,16.6220,0
3015,0.0000,0.0000,16.6740,16.6743,1
3016,0.0000,0.0000,16.6963,16.6966,1
3017,0.0000,0.0000,16.6939,16.6942,1
3018,0.0000,0.0000,16.5997,16.6001,0
3019,0.0000,0.0000,16.7520,16.7523,1
3020,0.0000,0.0000,16.6630,16.6633,0
3021,0.0000,0.0000,16.6210,16.6213,0
3022,0.0000,0.0000,15.1812,15.1815,0
3023,0.0000,0.0000,16.6920,16.6922,1
3024,0.0000,0.0000,18.0708,18.0710,1
3025,0.0000,0.0000,16.6456,16.6459,0
3026,0.0000,0.0000,16.7006,16.7009,1
3027,0.0000,0.0000,16.6330,16.6333,0
3028,0.0000,0.0000,16.7375,16.7378,1
3029,0.0000,0.0000,16.6706,16.6709,1
3030,0.0000,0.0000,16.7502,16.7505,1
3031,0.0000,0.0000,16.6222,16.6225,0
3032,0.0000,0.0000,16.6383,16.6386,0
3033,0.0000,0.0000,16.6906,16.6909,1
3034,0.0000,0.0000,16.7095,16.7098,1
3035,0.0000,0.0000,7.3730,7.3733,0
3036,0.0000,0.0000,9.3564,9.3567,0
3037,0.0000,0.0000,16.6049,16.6052,0
3038,0.0000,0.0000,15.4676,15.4679,0
3039,0.0000,0.0000,16.6520,16.6522,0
3040,0.0000,0.0000,17.8507,17.8510,1
3041,0.0000,0.0000,16.6504,16.6507,0
3042,0.0000,0.0000,16.7090,16.7093,1
3043,0.0000,0.0000,16.6587,16.6591,0
3044,0.0000,0.0000,16.6755,16.6758,1
3045,0.0000,0.0000,16.6308,16.6311,0
3046,0.0000,0.0000,16.6943,16.6947,1
3047,0.0000,0.0000,16.6504,16.6507,0
3048,0.0000,0.0000,16.7233,16.7236,1
3049,0.0000,0.0000,16.6266,16.6269,0
3050,0.0000,0.0000,16.5125,16.5128,0
3051,0.0000,0.0000,7.7999,7.8002,0
3052,0.0000,0.0000,9.1240,9.1243,0
3053,0.0000,0.0000,16.6340,16.6344,0
3054,0.0000,0.0000,16.6342,16.6345,0
3055,0.0000,0.0000,16.6534,16.6537,0
3056,0.0000,0.0000,16.7101,16.7104,1
3057,0.0000,0.0000,16.6577,16.6580,0
3058,0.0000,0.0000,16.6587,16.6590,0
3059,0.0000,0.0000,16.7296,16.7299,1
3060,0.0000,0.0000,16.6398,16.6401,0
3061,0.0000,0.0000,16.7212,16.7215,1
3062,0.0000,0.0000,16.5814,16.5817,0
3063,0.0000,0.0000,16.8068,16.8071,1
3064,0.0000,0.0000,16.5971,16.5974,0
3065,0.0000,0.0000,16.6298,16.6301,0
3066,0.0000,0.0000,16.3472,16.3475,0
3067,0.0000,0.0000,7.9572,7.9575,0
3068,0.0000,0.0000,9.1173,9.1177,0
3069,0.0000,0.0000,16.6120,16.6123,0
3070,0.0000,0.0000,16.6553,16.6556,0
3071,0.0000,0.0000,16.6291,16.6294,0
3072,0.0000,0.0000,16.7414,16.7417,1
3073,0.0000,0.0000,16.6013,16.6016,0
3074,0.0000,0.0000,16.7338,16.7342,1
3075,0.0000,0.0000,16.6223,16.6226,0
3076,0.0000,0.0000,16.6491,16.6494,0
3077,0.0000,0.0000,16.6286,16.6289,0
3078,0.0000,0.0000,16.7449,16.7452,1
3079,0.0000,0.0000,16.6607,16.6610,0
3080,0.0000,0.0000,16.7155,16.7158,1
3081,0.0000,0.0000,16.7262,16.7265,1
3082,0.0000,0.0000,16.6663,16.6667,1
3083,0.0000,0.0000,16.6581,16.6584,0
3084,0.0000,0.0000,16.6482,16.6485,0
3085,0.0000,0.0000,16.5930,16.5933,0
3086,0.0000,0.0000,16.7165,16.7168,1
3087,0.0000,0.0000,16.7190,16.7193,1
3088,0.0000,0.0000,16.9406,16.9409,1
3089,0.0000,0.0000,16.5408,16.5411,0
3090,0.0000,0.0000,16.6066,16.6069,0
3091,0.0000,0.0000,16.8082,16.8085,1
3092,0.0000,0.0000,16.5704,16.5707,0
3093,0.0000,0.0000,16.5460,16.5464,0
3094,0.0000,0.0000,16.6214,16.6217,0
3095,0.0000,0.0000,16.6277,16.6280,0
3096,0.0000,0.0000,16.7485,16.7488,1
3097,0.0000,0.0000,16.6641,16.6644,0
3098,0.0000,0.0000,16.5925,16.5928,0
3099,0.0000,0.0000,16.8732,16.8735,1
3100,0.0000,0.0000,16.5470,16.5473,0
3101,0.0000,0.0000,16.6336,16.6339,0
3102,0.0000,0.0000,16.7217,16.7220,1
3103,0.0000,0.0000,16.5912,16.5915,0
3104,0.0000,0.0000,16.7281,16.7284,1
3105,0.0000,0.0000,16.7012,16.7016,1
3106,0.0000,0.0000,16.6739,16.6742,1
3107,0.0000,0.0000,16.6395,16.6399,0
3108,0.0000,0.0000,16.6252,16.6255,0
3109,0.0000,0.0000,16.6815,16.6817,1
3110,0.0000,0.0000,16.7056,16.7059,1
3111,0.0000,0.0000,16.6948,16.6951,1
3112,0.0000,0.0000,16.5907,16.5910,0
3113,0.0000,0.0000,16.7071,16.7076,1
3114,0.0000,0.0000,16.7072,16.7075,1
3115,0.0000,0.0000,16.5964,16.5967,0
3116,0.0000,0.0000,16.6797,16.6801,1
3117,0.0000,0.0000,16.7379,16.7382,1
3118,0.0000,0.0000,16.5059,16.5062,0
3119,0.0000,0.0000,16.7477,16.7480,1
3120,0.0000,0.0000,16.7178,16.7181,1
3121,0.0000,0.0000,16.7634,16.7637,1
3122,0.0000,0.0000,16.5978,16.5981,0
3123,0.0000,0.0000,16.6732,16.6735,1
3124,0.0000,0.0000,16.6532,16.6535,0
3125,0.0000,0.0000,16.6124,16.6127,0
3126,0.0000,0.0000,16.7221,16.7224,1
3127,0.0000,0.0000,16.6527,16.6530,0
3128,0.0000,0.0000,16.6561,16.6564,0
3129,0.0000,0.0000,16.7049,16.7052,1
3130,0.0000,0.0000,16.6611,16.6615,0
3131,0.0000,0.0000,16.6139,16.6141,0
3132,0.0000,0.0000,16.7153,16.7156,1
3133,0.0000,0.0000,16.6819,16.6823,1
3134,0.0000,0.0000,16.6528,16.6531,0
3135,0.0000,0.0000,16.8548,16.8551,1
3136,0.0000,0.0000,16.5232,16.5236,0
3137,0.0000,0.0000,16.7597,16.7600,1
3138,0.0000,0.0000,16.7100,16.7103,1
3139,0.0000,0.0000,15.0193,15.0196,0
3140,0.0000,0.0000,16.6932,16.6933,1
3141,0.0000,0.0000,16.6288,16.6290,0
3142,0.0000,0.0000,16.6066,16.6067,0
3143,0.0000,0.0000,18.2465,18.2466,1
3144,0.0000,0.0000,16.7227,16.7230,1
3145,0.0000,0.0000,16.6642,16.6646,0
3146,0.0000,0.0000,16.6310,16.6313,0
3147,0.0000,0.0000,16.7248,16.7251,1
3148,0.0000,0.0000,16.6918,16.6921,1
3149,0.0000,0.0000,16.6315,16.6318,0
3150,0.0000,0.0000,16.6975,16.6978,1
3151,0.0000,0.0000,16.8709,16.8712,1
3152,0.0000,0.0000,16.4764,16.4767,0
3153,0.0000,0.0000,16.3931,16.3935,0
3154,0.0000,0.0000,7.5035,7.5038,0
3155,0.0000,0.0000,9.4714,9.4717,0
3156,0.0000,0.0000,16.6397,16.6400,0
3157,0.0000,0.0000,16.6481,16.6485,0
3158,0.0000,0.0000,16.8026,16.8029,1
3159,0.0000,0.0000,16.5528,16.5531,0
3160,0.0000,0.0000,16.5999,16.6002,0
3161,0.0000,0.0000,16.6873,16.6876,1
3162,0.0000,0.0000,16.6885,16.6888,1
3163,0.0000,0.0000,16.6423,16.6426,0
3164,0.0000,0.0000,16.7452,16.7455,1
3165,0.0000,0.0000,16.5797,16.5800,0
3166,0.0000,0.0000,16.7286,16.7289,1
3167,0.0000,0.0000,16.6524,16.6527,0
3168,0.0000,0.0000,16.6868,16.6871,1
3169,0.0000,0.0000,16.6290,16.6293,0
3170,0.0000,0.0000,16.7610,16.7613,1
3171,0.0000,0.0000,16.6409,16.6412,0
3172,0.0000,0.0000,16.6398,16.6401,0
3173,0.0000,0.0000,16.6664,16.6667,1
3174,0.0000,0.0000,16.6405,16.6408,0
3175,0.0000,0.0000,16.7447,16.7451,1
3176,0.0000,0.0000,16.6885,16.6888,1
3177,0.0000,0.0000,16.6042,16.6045,0
3178,0.0000,0.0000,16.6491,16.6495,0
3179,0.0000,0.0000,16.6552,16.6555,0
3180,0.0000,0.0000,16.7009,16.7012,1
3181,0.0000,0.0000,16.6894,16.6897,1
3182,0.0000,0.0000,16.6602,16.6605,0
3183,0.0000,0.0000,16.6772,16.6775,1
3184,0.0000,0.0000,16.6358,16.6361,0
3185,0.0000,0.0000,16.6614,16.6617,0
3186,0.0000,0.0000,16.7468,16.7471,1
3187,0.0000,0.0000,16.5600,16.5603,0
3188,0.0000,0.0000,16.7134,16.7137,1
3189,0.0000,0.0000,16.6127,16.6130,0
3190,0.0000,0.0000,16.7038,16.7041,1
3191,0.0000,0.0000,16.6773,16.6776,1
3192,0.0000,0.0000,16.7053,16.7056,1
3193,0.0000,0.0000,16.7250,16.7253,1
3194,0.0000,0.0000,16.4120,16.4123,0
3195,0.0000,0.0000,7.5523,7.5526,0
3196,0.0000,0.0000,9.4199,9.4202,0
3197,0.0000,0.0000,16.5578,16.5581,0
3198,0.0000,0.0000,16.7304,16.7307,1
3199,0.0000,0.0000,16.7476,16.7479,1
3200,0.0000,0.0000,16.7002,16.7005,1
3201,0.0000,0.0000,16.6125,16.6128,0
3202,0.0000,0.0000,16.6767,16.6770,1
3203,0.0000,0.0000,16.6088,16.6091,0
3204,0.0000,0.0000,16.6316,16.6319,0
3205,0.0000,0.0000,16.7941,16.7944,1
3206,0.0000,0.0000,16.6676,16.6679,1
3207,0.0000,0.0000,16.7552,16.7555,1
3208,0.0000,0.0000,16.6468,16.6471,0
3209,0.0000,0.0000,16.5489,16.5492,0
3210,0.0000,0.0000,16.7075,16.7078,1
3211,0.0000,0.0000,16.5893,16.5896,0
3212,0.0000,0.0000,16.3288,16.3291,0
3213,0.0000,0.0000,7.9335,7.9338,0
3214,0.0000,0.0000,9.2095,9.2098,0
3215,0.0000,0.0000,16.5327,16.5330,0
3216,0.0000,0.0000,16.6600,16.6603,0
3217,0.0000,0.0000,16.6609,16.6612,0
3218,0.0000,0.0000,16.6634,16.6637,0
3219,0.0000,0.0000,16.8090,16.8093,1
3220,0.0000,0.0000,16.5943,16.5946,0
3221,0.0000,0.0000,16.6658,16.6661,0
3222,0.0000,0.0000,16.6323,16.6326,0
3223,0.0000,0.0000,16.6736,16.6739,1
3224,0.0000,0.0000,16.7073,16.7076,1
3225,0.0000,0.0000,16.7491,16.7494,1
3226,0.0000,0.0000,16.6122,16.6125,0
3227,0.0000,0.0000,16.7153,16.7156,1
3228,0.0000,0.0000,16.5844,16.5847,0
3229,0.0000,0.0000,16.7293,16.7296,1
3230,0.0000,0.0000,16.6496,16.6499,0
3231,0.0000,0.0000,16.6902,16.6905,1
3232,0.0000,0.0000,7.5002,7.5005,0
3233,0.0000,0.0000,9.2112,9.2115,0
3234,0.0000,0.0000,16.6553,16.6556,0
3235,0.0000,0.0000,16.5823,16.5826,0
3236,0.0000,0.0000,16.6430,16.6433,0
3237,0.0000,0.0000,16.7693,16.7696,1
3238,0.0000,0.0000,16.6588,16.6591,0
3239,0.0000,0.0000,16.6606,16.6609,0
3240,0.0000,0.0000,16.6494,16.6497,0
3241,0.0000,0.0000,16.6343,16.6346,0
3242,0.0000,0.0000,16.6706,16.6709,1
3243,0.0000,0.0000,16.7456,16.7459,1
3244,0.0000,0.0000,16.5990,16.5993,0
3245,0.0000,0.0000,16.6517,16.6520,0
3246,0.0000,0.0000,16.6946,16.6949,1
3247,0.0000,0.0000,16.4217,16.4220,0
3248,0.0000,0.0000,7.7602,7.7605,0
3249,0.0000,0.0000,9.1930,9.1933,0
3250,0.0000,0.0000,16.6292,16.6295,0
3251,0.0000,0.0000,16.7636,16.7639,1
3252,0.0000,0.0000,16.5674,16.5677,0
3253,0.0000,0.0000,16.7378,16.7381,1
3254,0.0000,0.0000,16.6173,16.6176,0
3255,0.0000,0.0000,16.6541,16.6544,0
3256,0.0000,0.0000,16.7276,16.7279,1
3257,0.0000,0.0000,16.7129,16.7132,1
3258,0.0000,0.0000,16.6062,16.6065,0
3259,0.0000,0.0000,16.7144,16.7147,1
3260,0.0000,0.0000,16.6087,16.6090,0
3261,0.0000,0.0000,16.7340,16.7344,1
3262,0.0000,0.0000,16.5702,16.5705,0
3263,0.0000,0.0000,16.3137,16.3140,0
3264,0.0000,0.0000,7.9019,7.9022,0
3265,0.0000,0.0000,9.2515,9.2518,0
3266,0.0000,0.0000,16.6016,16.6019,0
3267,0.0000,0.0000,16.6443,16.6446,0
3268,0.0000,0.0000,16.6488,16.6491,0
3269,0.0000,0.0000,16.7155,16.7158,1
3270,0.0000,0.0000,16.6462,16.6465,0
3271,0.0000,0.0000,16.7175,16.7178,1
3272,0.0000,0.0000,16.6434,16.6438,0
3273,0.0000,0.0000,16.7040,16.7043,1
3274,0.0000,0.0000,16.6036,16.6039,0
3275,0.0000,0.0000,16.6786,16.6789,1
3276,0.0000,0.0000,16.6501,16.6504,0
3277,0.0000,0.0000,16.8026,16.8029,1
3278,0.0000,0.0000,16.6132,16.6135,0
3279,0.0000,0.0000,16.6204,16.6207,0
3280,0.0000,0.0000,16.6996,16.6999,1
3281,0.0000,0.0000,16.6847,16.6850,1
3282,0.0000,0.0000,16.6363,16.6366,0
3283,0.0000,0.0000,16.7240,16.7243,1
3284,0.0000,0.0000,16.5963,16.5966,0
3285,0.0000,0.0000,16.7110,16.7113,1
3286,0.0000,0.0000,16.6830,16.6832,1
3287,0.0000,0.0000,16.6398,16.6402,0
3288,0.0000,0.0000,16.6727,16.6731,1
3289,0.0000,0.0000,16.7387,16.7390,1
3290,0.0000,0.0000,16.5932,16.5935,0
3291,0.0000,0.0000,16.7023,16.7026,1
3292,0.0000,0.0000,16.8449,16.8452,1
3293,0.0000,0.0000,16.4675,16.4678,0
3294,0.0000,0.0000,16.6425,16.6428,0
3295,0.0000,0.0000,16.8105,16.8108,1
3296,0.0000,0.0000,16.5859,16.5862,0
3297,0.0000,0.0000,16.6869,16.6872,1
3298,0.0000,0.0000,16.6939,16.6942,1
3299,0.0000,0.0000,16.6658,16.6661,0
3300,0.0000,0.0000,16.6546,16.6549,0
3301,0.0000,0.0000,16.6057,16.6060,0
3302,0.0000,0.0000,16.7092,16.7095,1
3303,0.0000,0.0000,16.7117,16.7120,1
3304,0.0000,0.0000,16.6254,16.6257,0
3305,0.0000,0.0000,16.6998,16.7001,1
3306,0.0000,0.0000,16.6311,16.6314,0
3307,0.0000,0.0000,16.6451,16.6454,0
3308,0.0000,0.0000,17.0599,17.0602,1
3309,0.0000,0.0000,16.3653,16.3656,0
3310,0.0000,0.0000,16.6237,16.6240,0
3311,0.0000,0.0000,16.7194,16.7197,1
3312,0.0000,0.0000,16.6824,16.6827,1
3313,0.0000,0.0000,16.5967,16.5970,0
3314,0.0000,0.0000,17.0857,17.0860,1
3315,0.0000,0.0000,16.2878,16.2881,0
3316,0.0000,0.0000,16.7260,16.7263,1
3317,0.0000,0.0000,16.3859,16.3862,0
3318,0.0000,0.0000,7.5531,7.5534,0
3319,0.0000,0.0000,9.3641,9.3644,0
3320,0.0000,0.0000,16.6759,16.6762,1
3321,0.0000,0.0000,16.6808,16.6811,1
3322,0.0000,0.0000,16.5864,16.5867,0
3323,0.0000,0.0000,16.6565,16.6568,0
3324,0.0000,0.0000,16.7414,16.7417,1
3325,0.0000,0.0000,16.7483,16.7486,1
3326,0.0000,0.0000,16.5897,16.5900,0
3327,0.0000,0.0000,16.6399,16.6402,0
3328,0.0000,0.0000,16.7707,16.7710,1
3329,0.0000,0.0000,16.6042,16.6045,0
3330,0.0000,0.0000,16.6030,16.6033,0
3331,0.0000,0.0000,16.6758,16.6761,1
3332,0.0000,0.0000,16.6612,16.6615,0
3333,0.0000,0.0000,16.7317,16.7320,1
3334,0.0000,0.0000,16.7246,16.7249,1
3335,0.0000,0.0000,16.5974,16.5977,0
3336,0.0000,0.0000,16.6278,16.6281,0
3337,0.0000,0.0000,16.7271,16.7274,1
3338,0.0000,0.0000,16.8738,16.8741,1
3339,0.0000,0.0000,16.4598,16.4601,0
3340,0.0000,0.0000,16.7386,16.7390,1
3341,0.0000,0.0000,16.6634,16.6637,0
3342,0.0000,0.0000,16.5924,16.5927,0
3343,0.0000,0.0000,16.7118,16.7121,1
3344,0.0000,0.0000,16.6817,16.6820,1
3345,0.0000,0.0000,16.6155,16.6158,0
3346,0.0000,0.0000,16.7824,16.7827,1
3347,0.0000,0.0000,16.7413,16.7416,1
3348,0.0000,0.0000,16.5224,16.5227,0
3349,0.0000,0.0000,16.6601,16.6604,0
3350,0.0000,0.0000,16.5652,16.5655,0
3351,0.0000,0.0000,16.8376,16.8379,1
3352,0.0000,0.0000,16.5618,16.5621,0
3353,0.0000,0.0000,16.6288,16.6291,0
3354,0.0000,0.0000,16.6726,16.6729,1
3355,0.0000,0.0000,16.6523,16.6526,0
3356,0.0000,0.0000,16.7748,16.7751,1
3357,0.0000,0.0000,16.6630,16.6633,0
3358,0.0000,0.0000,16.6958,16.6961,1
3359,0.0000,0.0000,16.6458,16.6461,0
3360,0.0000,0.0000,16.6641,16.6644,0
3361,0.0000,0.0000,16.6484,16.6487,0
3362,0.0000,0.0000,16.6383,16.6387,0
3363,0.0000,0.0000,7.6370,7.6373,0
3364,0.0000,0.0000,9.1447,9.1450,0
3365,0.0000,0.0000,16.6605,16.6608,0
3366,0.0000,0.0000,16.6145,16.6149,0
3367,0.0000,0.0000,16.6409,16.6412,0
3368,0.0000,0.0000,16.7510,16.7513,1
3369,0.0000,0.0000,16.5863,16.5866,0
3370,0.0000,0.0000,16.6902,16.6905,1
3371,0.0000,0.0000,16.5828,16.5831,0
3372,0.0000,0.0000,16.7694,16.7697,1
3373,0.0000,0.0000,16.6880,16.6883,1
3374,0.0000,0.0000,16.6465,16.6468,0
3375,0.0000,0.0000,16.6515,16.6518,0
3376,0.0000,0.0000,16.6740,16.6744,1
3377,0.0000,0.0000,16.8113,16.8116,1
3378,0.0000,0.0000,16.3528,16.3531,0
3379,0.0000,0.0000,7.5626,7.5629,0
3380,0.0000,0.0000,9.3780,9.3783,0
3381,0.0000,0.0000,16.6160,16.6163,0
3382,0.0000,0.0000,16.7150,16.7153,1
3383,0.0000,0.0000,16.5987,16.5990,0
3384,0.0000,0.0000,16.8278,16.8281,1
3385,0.0000,0.0000,16.6132,16.6135,0
3386,0.0000,0.0000,16.6557,16.6561,0
3387,0.0000,0.0000,16.6133,16.6136,0
3388,0.0000,0.0000,16.6760,16.6763,1
3389,0.0000,0.0000,16.6586,16.6589,0
3390,0.0000,0.0000,16.7633,16.7636,1
3391,0.0000,0.0000,16.6494,16.6497,0
3392,0.0000,0.0000,16.5794,16.5797,0
3393,0.0000,0.0000,16.7494,16.7497,1
3394,0.0000,0.0000,16.3031,16.3035,0
3395,0.0000,0.0000,7.6615,7.6618,0
3396,0.0000,0.0000,9.3732,9.3735,0
3397,0.0000,0.0000,16.6125,16.6128,0
3398,0.0000,0.0000,16.7808,16.7812,1
3399,0.0000,0.0000,16.5610,16.5613,0
3400,0.0000,0.0000,16.7067,16.7070,1
3401,0.0000,0.0000,16.7040,16.7043,1
3402,0.0000,0.0000,16.5918,16.5921,0
3403,0.0000,0.0000,16.7044,16.7047,1
3404,0.0000,0.0000,16.7250,16.7253,1
3405,0.0000,0.0000,16.5907,16.5910,0
3406,0.0000,0.0000,16.6983,16.6986,1
3407,0.0000,0.0000,16.7389,16.7392,1
3408,0.0000,0.0000,16.5879,16.5882,0
3409,0.0000,0.0000,16.6573,16.6576,0
3410,0.0000,0.0000,16.7711,16.7714,1
3411,0.0000,0.0000,16.6327,16.6330,0
3412,0.0000,0.0000,16.5794,16.5797,0
3413,0.0000,0.0000,16.7479,16.7482,1
3414,0.0000,0.0000,16.6510,16.6514,0
3415,0.0000,0.0000,16.6575,16.6578,0
3416,0.0000,0.0000,16.7364,16.7367,1
3417,0.0000,0.0000,16.6698,16.6701,1
3418,0.0000,0.0000,16.5624,16.5627,0
3419,0.0000,0.0000,16.6665,16.6668,1
3420,0.0000,0.0000,16.6695,16.6698,1
3421,0.0000,0.0000,16.6205,16.6207,0
3422,0.0000,0.0000,16.7362,16.7365,1
3423,0.0000,0.0000,16.7751,16.7754,1
3424,0.0000,0.0000,16.6283,16.6286,0
3425,0.0000,0.0000,16.6524,16.6527,0
3426,0.0000,0.0000,16.7574,16.7577,1
3427,0.0000,0.0000,16.5828,16.5831,0
3428,0.0000,0.0000,16.5834,16.5837,0
3429,0.0000,0.0000,16.7220,16.7223,1
3430,0.0000,0.0000,16.6665,16.6668,1
3431,0.0000,0.0000,16.8907,16.8910,1
3432,0.0000,0.0000,16.5425,16.5429,0
3433,0.0000,0.0000,16.6071,16.6074,0
3434,0.0000,0.0000,16.6948,16.6951,1
3435,0.0000,0.0000,16.6270,16.6273,0
3436,0.0000,0.0000,16.6875,16.6878,1
3437,0.0000,0.0000,16.7542,16.7545,1
3438,0.0000,0.0000,16.5968,16.5971,0
3439,0.0000,0.0000,16.6840,16.6843,1
3440,0.0000,0.0000,16.6483,16.6486,0
3441,0.0000,0.0000,16.3511,16.3514,0
3442,0.0000,0.0000,7.9194,7.9197,0
3443,0.0000,0.0000,9.0385,9.0389,0
3444,0.0000,0.0000,16.3506,16.3509,0
3445,0.0000,0.0000,7.7726,7.7729,0
3446,0.0000,0.0000,9.3434,9.3437,0
3447,0.0000,0.0000,16.5210,16.5213,0
3448,0.0000,0.0000,16.6593,16.6596,0
3449,0.0000,0.0000,16.7245,16.7248,1
3450,0.0000,0.0000,16.6595,16.6598,0
3451,0.0000,0.0000,16.6887,16.6890,1
3452,0.0000,0.0000,16.6313,16.6316,0
3453,0.0000,0.0000,16.6317,16.6320,0
3454,0.0000,0.0000,16.7082,16.7085,1
3455,0.0000,0.0000,16.6702,16.6705,1
3456,0.0000,0.0000,16.7207,16.7210,1
3457,0.0000,0.0000,16.6894,16.6897,1
3458,0.0000,0.0000,16.6029,16.6032,0
3459,0.0000,0.0000,16.6988,16.6991,1
3460,0.0000,0.0000,16.6563,16.6566,0
3461,0.0000,0.0000,16.7299,16.7302,1
3462,0.0000,0.0000,16.6360,16.6363,0
3463,0.0000,0.0000,16.7738,16.7741,1
3464,0.0000,0.0000,16.6391,16.6394,0
3465,0.0000,0.0000,16.5872,16.5875,0
3466,0.0000,0.0000,16.6242,16.6245,0
3467,0.0000,0.0000,16.8483,16.8486,1
3468,0.0000,0.0000,16.5621,16.5624,0
3469,0.0000,0.0000,16.6825,16.6828,1
3470,0.0000,0.0000,16.6480,16.6483,0
3471,0.0000,0.0000,16.6936,16.6939,1
3472,0.0000,0.0000,16.6711,16.6715,1
3473,0.0000,0.0000,16.6796,16.6799,1
3474,0.0000,0.0000,16.6320,16.6323,0
3475,0.0000,0.0000,16.7129,16.7132,1
3476,0.0000,0.0000,16.6944,16.6947,1
3477,0.0000,0.0000,16.5844,16.5847,0
3478,0.0000,0.0000,16.7560,16.7563,1
3479,0.0000,0.0000,16.6166,16.6169,0
3480,0.0000,0.0000,16.6517,16.6520,0
3481,0.0000,0.0000,16.7600,16.7603,1
3482,0.0000,0.0000,17.1800,17.1803,1
3483,0.0000,0.0000,16.1510,16.1513,0
3484,0.0000,0.0000,16.6880,16.6883,1
3485,0.0000,0.0000,16.5839,16.5842,0
3486,0.0000,0.0000,16.6888,16.6891,1
3487,0.0000,0.0000,16.6989,16.6992,1
3488,0.0000,0.0000,16.6969,16.6972,1
3489,0.0000,0.0000,16.5941,16.5944,0
3490,0.0000,0.0000,16.6755,16.6758,1
3491,0.0000,0.0000,16.6996,16.6999,1
3492,0.0000,0.0000,16.6962,16.6964,1
3493,0.0000,0.0000,16.6884,16.6887,1
3494,0.0000,0.0000,16.6824,16.6827,1
3495,0.0000,0.0000,16.5991,16.5995,0
3496,0.0000,0.0000,16.5737,16.5740,0
3497,0.0000,0.0000,7.7843,7.7846,0
3498,0.0000,0.0000,8.9844,8.9847,0
3499,0.0000,0.0000,16.7237,16.7240,1
3500,0.0000,0.0000,16.5893,16.5896,0
3501,0.0000,0.0000,16.6972,16.6975,1
3502,0.0000,0.0000,16.6282,16.6285,0
3503,0.0000,0.0000,16.6771,16.6774,1
3504,0.0000,0.0000,16.6734,16.6737,1
3505,0.0000,0.0000,16.7346,16.7349,1
3506,0.0000,0.0000,16.6449,16.6452,0
3507,0.0000,0.0000,16.5877,16.5880,0
3508,0.0000,0.0000,16.7171,16.7174,1
3509,0.0000,0.0000,16.6616,16.6619,0
3510,0.0000,0.0000,16.6697,16.6700,1
3511,0.0000,0.0000,16.7003,16.7006,1
3512,0.0000,0.0000,16.7317,16.7320,1
3513,0.0000,0.0000,16.6739,16.6742,1
3514,0.0000,0.0000,16.6051,16.6054,0
3515,0.0000,0.0000,16.7376,16.7380,1
3516,0.0000,0.0000,7.5918,7.5921,0
3517,0.0000,0.0000,9.0916,9.0919,0
3518,0.0000,0.0000,16.6235,16.6238,0
3519,0.0000,0.0000,16.5954,16.5957,0
3520,0.0000,0.0000,16.6742,16.6746,1
3521,0.0000,0.0000,16.7365,16.7368,1
3522,0.0000,0.0000,16.6296,16.6299,0
3523,0.0000,0.0000,16.6867,16.6870,1
3524,0.0000,0.0000,16.6020,16.6023,0
3525,0.0000,0.0000,16.9951,16.9954,1
3526,0.0000,0.0000,16.4887,16.4891,0
3527,0.0000,0.0000,16.6309,16.6313,0
3528,0.0000,0.0000,16.6215,16.6218,0
3529,0.0000,0.0000,16.7015,16.7018,1
3530,0.0000,0.0000,16.6953,16.6956,1
3531,0.0000,0.0000,16.7752,16.7755,1
3532,0.0000,0.0000,16.6230,16.6233,0
3533,0.0000,0.0000,16.6217,16.6220,0
3534,0.0000,0.0000,16.5201,16.5204,0
3535,0.0000,0.0000,16.8211,16.8214,1
3536,0.0000,0.0000,16.7519,16.7522,1
3537,0.0000,0.0000,7.1338,7.1340,0
3538,0.0000,0.0000,9.5271,9.5274,0
3539,0.0000,0.0000,16.7054,16.7057,1
3540,0.0000,0.0000,16.6127,16.6130,0
3541,0.0000,0.0000,16.5783,16.5786,0
3542,0.0000,0.0000,16.6703,16.6706,1
3543,0.0000,0.0000,16.7374,16.7378,1
3544,0.0000,0.0000,16.4693,16.4696,0
3545,0.0000,0.0000,7.7468,7.7471,0
3546,0.0000,0.0000,9.2238,9.2241,0
3547,0.0000,0.0000,16.6080,16.6083,0
3548,0.0000,0.0000,16.5738,16.5741,0
3549,0.0000,0.0000,16.5001,16.5004,0
3550,0.0000,0.0000,7.7554,7.7557,0
3551,0.0000,0.0000,9.1449,9.1452,0
3552,0.0000,0.0000,16.6740,16.6743,1
3553,0.0000,0.0000,16.5698,16.5701,0
3554,0.0000,0.0000,16.7876,16.7879,1
3555,0.0000,0.0000,16.6039,16.6042,0
3556,0.0000,0.0000,16.6355,16.6358,0
3557,0.0000,0.0000,16.8308,16.8311,1
3558,0.0000,0.0000,16.6499,16.6502,0
3559,0.0000,0.0000,15.1517,15.1520,0
3560,0.0000,0.0000,16.6477,16.6478,0
3561,0.0000,0.0000,16.6874,16.6875,1
3562,0.0000,0.0000,16.1073,16.1074,0
3563,0.0000,0.0000,18.6179,18.6180,1
3564,0.0000,0.0000,16.7109,16.7112,1
3565,0.0000,0.0000,16.3107,16.3109,0
3566,0.0000,0.0000,8.1231,8.1233,0
3567,0.0000,0.0000,9.2109,9.2111,0
3568,0.0000,0.0000,16.4574,16.4576,0
3569,0.0000,0.0000,16.9839,16.9842,1
3570,0.0000,0.0000,16.5656,16.5659,0
3571,0.0000,0.0000,16.8021,16.8024,1
3572,0.0000,0.0000,16.6085,16.6088,0
3573,0.0000,0.0000,16.7810,16.7813,1
3574,0.0000,0.0000,16.5555,16.5558,0
3575,0.0000,0.0000,16.6584,16.6587,0
3576,0.0000,0.0000,16.6339,16.6342,0
3577,0.0000,0.0000,16.6634,16.6639,0
3578,0.0000,0.0000,16.7237,16.7240,1
3579,0.0000,0.0000,16.6261,16.6264,0
3580,0.0000,0.0000,16.6896,16.6900,1
3581,0.0000,0.0000,16.6850,16.6853,1
3582,0.0000,0.0000,16.6362,16.6365,0
3583,0.0000,0.0000,16.6374,16.6377,0
3584,0.0000,0.0000,16.7545,16.7548,1
3585,0.0000,0.0000,16.6817,16.6820,1
3586,0.0000,0.0000,16.6392,16.6395,0
3587,0.0000,0.0000,16.6816,16.6819,1
3588,0.0000,0.0000,16.6436,16.6439,0
3589,0.0000,0.0000,16.7125,16.7128,1
3590,0.0000,0.0000,16.5959,16.5962,0
3591,0.0000,0.0000,16.6876,16.6879,1
3592,0.0000,0.0000,16.7438,16.7441,1
3593,0.0000,0.0000,16.5996,16.5999,0
3594,0.0000,0.0000,16.7639,16.7642,1
3595,0.0000,0.0000,16.7430,16.7433,1
3596,0.0000,0.0000,16.5922,16.5925,0
3597,0.0000,0.0000,16.6244,16.6247,0
3598,0.0000,0.0000,16.6191,16.6194,0
3599,0.0000,0.0000,16.7592,16.7595,1
3600,0.0000,0.0000,16.5882,16.5885,0
3601,0.0000,0.0000,16.2651,16.2655,0
3602,0.0000,0.0000,16.8162,16.8165,1
3603,0.0000,0.0000,16.5638,16.5641,0
3604,0.0000,0.0000,16.3687,16.3691,0
3605,0.0000,0.0000,16.5809,16.5812,0
3606,0.0000,0.0000,16.7438,16.7441,1
3607,0.0000,0.0000,16.5798,16.5801,0
3608,0.0000,0.0000,16.7514,16.7517,1
3609,0.0000,0.0000,16.5981,16.5984,0
3610,0.0000,0.0000,16.6972,16.6975,1
3611,0.0000,0.0000,16.6945,16.6948,1
3612,0.0000,0.0000,16.5956,16.5959,0
3613,0.0000,0.0000,16.7524,16.7527,1
3614,0.0000,0.0000,16.6044,16.6047,0
3615,0.0000,0.0000,16.6765,16.6768,1
3616,0.0000,0.0000,16.7154,16.7157,1
3617,0.0000,0.0000,16.6423,16.6426,0
3618,0.0000,0.0000,16.7066,16.7069,1
3619,0.0000,0.0000,16.7020,16.7023,1
3620,0.0000,0.0000,16.5309,16.5312,0
3621,0.0000,0.0000,16.6944,16.6947,1
3622,0.0000,0.0000,16.7085,16.7088,1
3623,0.0000,0.0000,16.6684,16.6687,1
3624,0.0000,0.0000,16.6657,16.6660,0
3625,0.0000,0.0000,16.4093,16.4096,0
3626,0.0000,0.0000,7.5507,7.5510,0
3627,0.0000,0.0000,9.4077,9.4080,0
3628,0.0000,0.0000,16.6937,16.6940,1
3629,0.0000,0.0000,16.6448,16.6451,0
3630,0.0000,0.0000,16.6241,16.6244,0
3631,0.0000,0.0000,16.7039,16.7042,1
3632,0.0000,0.0000,16.6187,16.6190,0
3633,0.0000,0.0000,16.7021,16.7024,1
3634,0.0000,0.0000,16.6716,16.6719,1
3635,0.0000,0.0000,16.6799,16.6802,1
3636,0.0000,0.0000,16.7385,16.7388,1
3637,0.0000,0.0000,16.5929,16.5932,0
3638,0.0000,0.0000,16.6045,16.6048,0
3639,0.0000,0.0000,7.4615,7.4618,0
3640,0.0000,0.0000,9.3613,9.3616,0
3641,0.0000,0.0000,16.6009,16.6012,0
3642,0.0000,0.0000,16.6180,16.6183,0
3643,0.0000,0.0000,16.6682,16.6685,1
3644,0.0000,0.0000,16.7013,16.7016,1
3645,0.0000,0.0000,16.6661,16.6664,0
3646,0.0000,0.0000,16.6629,16.6632,0
3647,0.0000,0.0000,16.6865,16.6868,1
3648,0.0000,0.0000,15.4973,15.4975,0
3649,0.0000,0.0000,16.6318,16.6320,0
3650,0.0000,0.0000,16.7524,16.7525,1
3651,0.0000,0.0000,16.7274,16.7275,1
3652,0.0000,0.0000,16.6307,16.6309,0
3653,0.0000,0.0000,16.6863,16.6865,1
3654,0.0000,0.0000,16.6162,16.6164,0
3655,0.0000,0.0000,17.5654,17.5656,1
3656,0.0000,0.0000,7.7929,7.7932,0
3657,0.0000,0.0000,9.5167,9.5170,0
3658,0.0000,0.0000,16.5081,16.5084,0
3659,0.0000,0.0000,16.4477,16.4480,0
3660,0.0000,0.0000,16.7224,16.7227,1
3661,0.0000,0.0000,16.6935,16.6938,1
3662,0.0000,0.0000,16.6739,16.6742,1
3663,0.0000,0.0000,16.6204,16.6207,0
3664,0.0000,0.0000,16.7156,16.7159,1
3665,0.0000,0.0000,16.6730,16.6733,1
3666,0.0000,0.0000,16.6233,16.6236,0
3667,0.0000,0.0000,16.6433,16.6436,0
3668,0.0000,0.0000,16.7976,16.7980,1
3669,0.0000,0.0000,16.5937,16.5940,0
3670,0.0000,0.0000,16.6806,16.6809,1
3671,0.0000,0.0000,16.5834,16.5837,0
3672,0.0000,0.0000,16.6695,16.6698,1
3673,0.0000,0.0000,16.7095,16.7098,1
3674,0.0000,0.0000,16.6511,16.6514,0
3675,0.0000,0.0000,16.6900,16.6903,1
3676,0.0000,0.0000,16.6385,16.6388,0
3677,0.0000,0.0000,16.6789,16.6792,1
3678,0.0000,0.0000,16.6896,16.6899,1
3679,0.0000,0.0000,16.7437,16.7440,1
3680,0.0000,0.0000,16.6333,16.6336,0
3681,0.0000,0.0000,16.6846,16.6849,1
3682,0.0000,0.0000,16.6881,16.6884,1
3683,0.0000,0.0000,16.3853,16.3856,0
3684,0.0000,0.0000,7.5662,7.5665,0
3685,0.0000,0.0000,9.4652,9.4656,0
3686,0.0000,0.0000,16.5759,16.5762,0
3687,0.0000,0.0000,16.6584,16.6587,0
3688,0.0000,0.0000,16.6160,16.6163,0
3689,0.0000,0.0000,16.6856,16.6859,1
3690,0.0000,0.0000,16.6898,16.6901,1
3691,0.0000,0.0000,16.6679,16.6682,1
3692,0.0000,0.0000,16.7223,16.7226,1
3693,0.0000,0.0000,16.6297,16.6300,0
3694,0.0000,0.0000,16.5941,16.5944,0
3695,0.0000,0.0000,16.7793,16.7796,1
3696,0.0000,0.0000,16.6298,16.6301,0
3697,0.0000,0.0000,16.6301,16.6304,0
3698,0.0000,0.0000,16.7328,16.7331,1
3699,0.0000,0.0000,16.6715,16.6718,1
3700,0.0000,0.0000,16.6841,16.6844,1
3701,0.0000,0.0000,7.5344,7.5347,0
3702,0.0000,0.0000,9.2573,9.2576,0
3703,0.0000,0.0000,16.5783,16.5786,0
3704,0.0000,0.0000,16.5928,16.5930,0
