frame_id,generate_ms,encode_latency_ms,payload_extract_ms,enqueue_ms,queue_depth,dropped_before,send_ms,bytes_sent,frame_age_at_send_ms,send_failed,keyframe,sender_dropped,payload_bytes,status
0,3.7192,25.9833,0.0340,0.0000,0,0,0.0000,0,0.0000,0,1,0,30187,0
1,1.4840,21.7617,0.0067,0.0000,0,0,0.0000,0,0.0000,0,1,0,21317,0
2,1.4615,21.9518,0.0059,0.0000,0,0,0.0000,0,0.0000,0,1,0,29716,0
3,1.4377,22.7278,0.0132,0.0000,0,0,0.0000,0,0.0000,0,1,0,33523,0
4,1.4343,22.4170,0.0030,0.0000,0,0,0.0000,0,0.0000,0,1,0,35320,0
5,1.4369,20.7952,0.0038,0.0000,0,0,0.0000,0,0.0000,0,1,0,32573,0
6,1.4422,22.8173,0.0112,0.0000,0,0,0.0000,0,0.0000,0,1,0,39080,0
7,1.5085,22.1583,0.0037,0.0000,0,0,0.0000,0,0.0000,0,1,0,38946,0
8,3.7192,4.6358,0.0022,0.0000,0,0,0.0000,0,0.0000,0,0,0,8167,0
9,1.4840,4.5160,0.0010,0.0000,0,0,0.0000,0,0.0000,0,0,0,7319,0
10,1.4615,7.2345,0.0016,0.0000,0,0,0.0000,0,0.0000,0,0,0,8877,0
11,1.4377,7.2875,0.0025,0.0000,0,0,0.0000,0,0.0000,0,0,0,8493,0
12,1.4343,10.0907,0.0030,0.0000,0,0,0.0000,0,0.0000,0,0,0,9412,0
13,1.4369,10.1352,0.0016,0.0000,0,0,0.0000,0,0.0000,0,0,0,11297,0
14,1.4422,12.8896,0.0017,0.0000,0,0,0.0000,0,0.0000,0,0,0,6766,0
15,1.5085,12.9810,0.0013,0.0000,0,0,0.0000,0,0.0000,0,0,0,9690,0
16,3.7192,15.8020,0.0010,0.0000,0,0,0.0000,0,0.0000,0,0,0,4691,0
17,1.4840,15.9106,0.0009,0.0000,0,0,0.0000,0,0.0000,0,0,0,3560,0
18,1.4615,18.5490,0.0012,0.0000,0,0,0.0000,0,0.0000,0,0,0,5638,0
19,1.4377,18.7465,0.0012,0.0000,0,0,0.0000,0,0.0000,0,0,0,5022,0
20,1.4343,21.3982,0.0009,0.0000,0,0,0.0000,0,0.0000,0,0,0,4941,0
21,1.4369,21.6127,0.0011,0.0000,0,0,0.0000,0,0.0000,0,0,0,6660,0
22,1.4422,24.1497,0.0010,0.0000,0,0,0.0000,0,0.0000,0,0,0,8018,0
23,1.5085,24.5348,0.0011,0.0000,0,0,0.0000,0,0.0000,0,0,0,6692,0
24,3.7192,27.0560,0.0015,0.0000,0,0,0.0000,0,0.0000,0,0,0,9206,0
25,1.4840,27.4219,0.0012,0.0000,0,0,0.0000,0,0.0000,0,0,0,8815,0
26,1.4615,29.8326,0.0014,0.0000,0,0,0.0000,0,0.0000,0,0,0,10334,0
27,1.4377,30.2239,0.0012,0.0000,0,0,0.0000,0,0.0000,0,0,0,8363,0
28,1.4343,32.6210,0.0011,0.0000,0,0,0.0000,0,0.0000,0,0,0,8770,0
29,1.4369,33.1635,0.0038,0.0000,0,0,0.0000,0,0.0000,0,0,0,12457,0
30,1.4422,35.5059,0.0015,0.0000,0,0,0.0000,0,0.0000,0,0,0,8857,0
31,1.5085,36.0384,0.0012,0.0000,0,0,0.0000,0,0.0000,0,0,0,9102,0
32,3.7192,38.2325,0.0015,0.0000,0,0,0.0000,0,0.0000,0,0,0,12278,0
33,1.4840,38.8401,0.0013,0.0000,0,0,0.0000,0,0.0000,0,0,0,10344,0
34,1.4615,41.0727,0.0015,0.0000,0,0,0.0000,0,0.0000,0,0,0,11837,0
35,1.4377,41.7371,0.0013,0.0000,0,0,0.0000,0,0.0000,0,0,0,11063,0
36,1.4343,43.9083,0.0014,0.0000,0,0,0.0000,0,0.0000,0,0,0,10854,0
37,1.4369,44.6136,0.0013,0.0000,0,0,0.0000,0,0.0000,0,0,0,13965,0
38,1.4422,46.7448,0.0014,0.0000,0,0,0.0000,0,0.0000,0,0,0,11581,0
39,1.5085,47.5475,0.0012,0.0000,0,0,0.0000,0,0.0000,0,0,0,9321,0
40,3.7192,49.6009,0.0013,0.0000,0,0,0.0000,0,0.0000,0,0,0,6562,0
41,1.4840,50.5147,0.0010,0.0000,0,0,0.0000,0,0.0000,0,0,0,6145,0
42,1.4615,52.4621,0.0012,0.0000,0,0,0.0000,0,0.0000,0,0,0,6617,0
43,1.4377,53.4233,0.0013,0.0000,0,0,0.0000,0,0.0000,0,0,0,8238,0
44,1.4343,55.3234,0.0013,0.0000,0,0,0.0000,0,0.0000,0,0,0,8852,0
45,1.4369,56.2999,0.0013,0.0000,0,0,0.0000,0,0.0000,0,0,0,11512,0
46,1.4422,58.1675,0.0019,0.0000,0,0,0.0000,0,0.0000,0,0,0,16081,0
47,1.5085,59.2263,0.0015,0.0000,0,0,0.0000,0,0.0000,0,0,0,15989,0
48,3.7192,61.0373,0.0010,0.0000,0,0,0.0000,0,0.0000,0,0,0,3726,0
49,1.4840,62.0862,0.0008,0.0000,0,0,0.0000,0,0.0000,0,0,0,2712,0
50,1.4615,63.8668,0.0014,0.0000,0,0,0.0000,0,0.0000,0,0,0,3826,0
51,1.4377,64.9359,0.0008,0.0000,0,0,0.0000,0,0.0000,0,0,0,2491,0
52,1.4343,66.7174,0.0008,0.0000,0,0,0.0000,0,0.0000,0,0,0,3022,0
53,1.4369,67.8224,0.0008,0.0000,0,0,0.0000,0,0.0000,0,0,0,2707,0
54,1.4422,69.5847,0.0011,0.0000,0,0,0.0000,0,0.0000,0,0,0,3142,0
55,1.5085,70.7345,0.0011,0.0000,0,0,0.0000,0,0.0000,0,0,0,5517,0
56,3.7192,72.4562,0.0009,0.0000,0,0,0.0000,0,0.0000,0,0,0,1989,0
57,1.4840,73.2940,0.0009,0.0000,0,0,0.0000,0,0.0000,0,0,0,1974,0
58,1.4615,74.9582,0.0009,0.0000,0,0,0.0000,0,0.0000,0,0,0,2287,0
59,1.4377,73.2535,0.0009,0.0000,0,0,0.0000,0,0.0000,0,0,0,1712,0
60,1.4343,74.8480,0.0010,0.0000,0,0,0.0000,0,0.0000,0,0,0,2218,0
61,1.4369,73.2176,0.0018,0.0000,0,0,0.0000,0,0.0000,0,0,0,2166,0
62,1.4422,74.7965,0.0016,0.0000,0,0,0.0000,0,0.0000,0,0,0,2386,0
63,1.5085,73.3443,0.0012,0.0000,0,0,0.0000,0,0.0000,0,0,0,3734,0
64,3.7192,74.7717,0.0009,0.0000,0,0,0.0000,0,0.0000,0,0,0,1644,0
65,1.4840,73.3135,0.0008,0.0000,0,0,0.0000,0,0.0000,0,0,0,1492,0
66,1.4615,74.7563,0.0010,0.0000,0,0,0.0000,0,0.0000,0,0,0,1684,0
67,1.4377,73.4715,0.0008,0.0000,0,0,0.0000,0,0.0000,0,0,0,1451,0
68,1.4343,74.7873,0.0010,0.0000,0,0,0.0000,0,0.0000,0,0,0,1719,0
69,1.4369,73.4764,0.0010,0.0000,0,0,0.0000,0,0.0000,0,0,0,1614,0
70,1.4422,74.7512,0.0009,0.0000,0,0,0.0000,0,0.0000,0,0,0,1753,0
71,1.5085,73.6771,0.0010,0.0000,0,0,0.0000,0,0.0000,0,0,0,2759,0
72,3.7192,74.7544,0.0013,0.0000,0,0,0.0000,0,0.0000,0,0,0,1542,0
73,1.4840,73.6192,0.0009,0.0000,0,0,0.0000,0,0.0000,0,0,0,1493,0
74,1.4615,74.6981,0.0008,0.0000,0,0,0.0000,0,0.0000,0,0,0,1558,0
75,1.4377,73.7001,0.0008,0.0000,0,0,0.0000,0,0.0000,0,0,0,1383,0
76,1.4343,74.6847,0.0007,0.0000,0,0,0.0000,0,0.0000,0,0,0,1456,0
77,1.4369,73.7830,0.0008,0.0000,0,0,0.0000,0,0.0000,0,0,0,1528,0
78,1.4422,74.6719,0.0010,0.0000,0,0,0.0000,0,0.0000,0,0,0,1711,0
79,1.5085,73.7506,0.0009,0.0000,0,0,0.0000,0,0.0000,0,0,0,2105,0
80,3.7192,74.5784,0.0008,0.0000,0,0,0.0000,0,0.0000,0,0,0,1364,0
81,1.4840,73.8518,0.0009,0.0000,0,0,0.0000,0,0.0000,0,0,0,1145,0
82,1.4615,74.5752,0.0010,0.0000,0,0,0.0000,0,0.0000,0,0,0,580,0
83,1.4377,73.8258,0.0016,0.0000,0,0,0.0000,0,0.0000,0,0,0,1433,0
84,1.4343,74.5109,0.0009,0.0000,0,0,0.0000,0,0.0000,0,0,0,1533,0
85,1.4369,73.9106,0.0009,0.0000,0,0,0.0000,0,0.0000,0,0,0,1558,0
86,1.4422,74.4950,0.0008,0.0000,0,0,0.0000,0,0.0000,0,0,0,1379,0
87,1.5085,73.9930,0.0011,0.0000,0,0,0.0000,0,0.0000,0,0,0,721,0
88,3.7192,74.4752,0.0012,0.0000,0,0,0.0000,0,0.0000,0,0,0,877,0
89,1.4840,74.0141,0.0010,0.0000,0,0,0.0000,0,0.0000,0,0,0,695,0
90,1.4615,74.4220,0.0009,0.0000,0,0,0.0000,0,0.0000,0,0,0,383,0
91,1.4377,74.0550,0.0008,0.0000,0,0,0.0000,0,0.0000,0,0,0,1043,0
92,1.4343,74.4020,0.0008,0.0000,0,0,0.0000,0,0.0000,0,0,0,1192,0
93,1.4369,74.1408,0.0009,0.0000,0,0,0.0000,0,0.0000,0,0,0,1225,0
94,1.4422,74.4412,0.0008,0.0000,0,0,0.0000,0,0.0000,0,0,0,1264,0
95,1.5085,74.2337,0.0014,0.0000,0,0,0.0000,0,0.0000,0,0,0,695,0
96,3.7192,74.4596,0.0013,0.0000,0,0,0.0000,0,0.0000,0,0,0,853,0
97,1.4840,74.3115,0.0009,0.0000,0,0,0.0000,0,0.0000,0,0,0,639,0
98,1.4615,74.4846,0.0007,0.0000,0,0,0.0000,0,0.0000,0,0,0,387,0
99,1.4377,74.3347,0.0009,0.0000,0,0,0.0000,0,0.0000,0,0,0,822,0
100,1.4343,74.5228,0.0009,0.0000,0,0,0.0000,0,0.0000,0,0,0,825,0
101,1.4369,74.4115,0.0007,0.0000,0,0,0.0000,0,0.0000,0,0,0,984,0
102,1.4422,74.5162,0.0008,0.0000,0,0,0.0000,0,0.0000,0,0,0,947,0
103,1.5085,74.4502,0.0009,0.0000,0,0,0.0000,0,0.0000,0,0,0,767,0
104,3.7192,74.5158,0.0009,0.0000,0,0,0.0000,0,0.0000,0,0,0,675,0
105,1.4840,74.4809,0.0010,0.0000,0,0,0.0000,0,0.0000,0,0,0,530,0
106,1.4615,74.4730,0.0008,0.0000,0,0,0.0000,0,0.0000,0,0,0,475,0
107,1.4377,74.5472,0.0010,0.0000,0,0,0.0000,0,0.0000,0,0,0,391,0
108,1.4343,74.5138,0.0008,0.0000,0,0,0.0000,0,0.0000,0,0,0,387,0
109,1.4369,74.6881,0.0008,0.0000,0,0,0.0000,0,0.0000,0,0,0,431,0
110,1.4422,74.5443,0.0008,0.0000,0,0,0.0000,0,0.0000,0,0,0,379,0
111,1.5085,74.7499,0.0008,0.0000,0,0,0.0000,0,0.0000,0,0,0,674,0
112,3.7192,74.6013,0.0008,0.0000,0,0,0.0000,0,0.0000,0,0,0,626,0
113,1.4840,74.8594,0.0009,0.0000,0,0,0.0000,0,0.0000,0,0,0,406,0
114,1.4615,74.6040,0.0009,0.0000,0,0,0.0000,0,0.0000,0,0,0,597,0
115,1.4377,74.8232,0.0008,0.0000,0,0,0.0000,0,0.0000,0,0,0,383,0
116,1.4343,74.4792,0.0009,0.0000,0,0,0.0000,0,0.0000,0,0,0,414,0
117,1.4369,74.8017,0.0008,0.0000,0,0,0.0000,0,0.0000,0,0,0,415,0
118,1.4422,74.4555,0.0008,0.0000,0,0,0.0000,0,0.0000,0,0,0,371,0
119,1.5085,74.8771,0.0008,0.0000,0,0,0.0000,0,0.0000,0,0,0,722,0
120,3.7192,74.3859,0.0008,0.0000,0,0,0.0000,0,0.0000,0,0,0,564,0
121,1.4840,74.7920,0.0008,0.0000,0,0,0.0000,0,0.0000,0,0,0,385,0
122,1.4615,74.3860,0.0008,0.0000,0,0,0.0000,0,0.0000,0,0,0,548,0
123,1.4377,74.8930,0.0010,0.0000,0,0,0.0000,0,0.0000,0,0,0,441,0
124,1.4343,74.3166,0.0009,0.0000,0,0,0.0000,0,0.0000,0,0,0,435,0
125,1.4369,74.8852,0.0008,0.0000,0,0,0.0000,0,0.0000,0,0,0,466,0
126,1.4422,74.3257,0.0009,0.0000,0,0,0.0000,0,0.0000,0,0,0,408,0
127,1.5085,74.8315,0.0011,0.0000,0,0,0.0000,0,0.0000,0,0,0,658,0
128,3.7192,74.2871,0.0011,0.0000,0,0,0.0000,0,0.0000,0,0,0,506,0
129,1.4840,74.9105,0.0011,0.0000,0,0,0.0000,0,0.0000,0,0,0,348,0
130,1.4615,74.1934,0.0011,0.0000,0,0,0.0000,0,0.0000,0,0,0,657,0
131,1.4377,74.8525,0.0009,0.0000,0,0,0.0000,0,0.0000,0,0,0,505,0
132,1.4343,74.0707,0.0009,0.0000,0,0,0.0000,0,0.0000,0,0,0,502,0
133,1.4369,74.8444,0.0010,0.0000,0,0,0.0000,0,0.0000,0,0,0,556,0
134,1.4422,73.9119,0.0010,0.0000,0,0,0.0000,0,0.0000,0,0,0,425,0
135,1.5085,74.7768,0.0012,0.0000,0,0,0.0000,0,0.0000,0,0,0,783,0
136,3.7192,73.7784,0.0013,0.0000,0,0,0.0000,0,0.0000,0,0,0,525,0
137,1.4840,74.6726,0.0016,0.0000,0,0,0.0000,0,0.0000,0,0,0,330,0
138,1.4615,73.6546,0.0011,0.0000,0,0,0.0000,0,0.0000,0,0,0,648,0
139,1.4377,74.6270,0.0018,0.0000,0,0,0.0000,0,0.0000,0,0,0,576,0
140,1.4343,73.5799,0.0011,0.0000,0,0,0.0000,0,0.0000,0,0,0,549,0
141,1.4369,74.6494,0.0013,0.0000,0,0,0.0000,0,0.0000,0,0,0,594,0
142,1.4422,73.5152,0.0009,0.0000,0,0,0.0000,0,0.0000,0,0,0,592,0
143,1.5085,74.6468,0.0013,0.0000,0,0,0.0000,0,0.0000,0,0,0,663,0
144,3.7192,73.4242,0.0012,0.0000,0,0,0.0000,0,0.0000,0,0,0,488,0
145,1.4840,74.6251,0.0012,0.0000,0,0,0.0000,0,0.0000,0,0,0,330,0
146,1.4615,73.3033,0.0013,0.0000,0,0,0.0000,0,0.0000,0,0,0,620,0
147,1.4377,74.6456,0.0012,0.0000,0,0,0.0000,0,0.0000,0,0,0,535,0
148,1.4343,73.2504,0.0010,0.0000,0,0,0.0000,0,0.0000,0,0,0,494,0
149,1.4369,74.5898,0.0013,0.0000,0,0,0.0000,0,0.0000,0,0,0,553,0
150,1.4422,73.1684,0.0010,0.0000,0,0,0.0000,0,0.0000,0,0,0,570,0
151,1.5085,74.6271,0.0011,0.0000,0,0,0.0000,0,0.0000,0,0,0,603,0
152,3.7192,73.0890,0.0012,0.0000,0,0,0.0000,0,0.0000,0,0,0,403,0
153,1.4840,74.5845,0.0010,0.0000,0,0,0.0000,0,0.0000,0,0,0,330,0
154,1.4615,73.0442,0.0013,0.0000,0,0,0.0000,0,0.0000,0,0,0,580,0
155,1.4377,74.5625,0.0014,0.0000,0,0,0.0000,0,0.0000,0,0,0,663,0
156,1.4343,72.9565,0.0013,0.0000,0,0,0.0000,0,0.0000,0,0,0,682,0
157,1.4369,74.5601,0.0017,0.0000,0,0,0.0000,0,0.0000,0,0,0,766,0
158,1.4422,72.8338,0.0020,0.0000,0,0,0.0000,0,0.0000,0,0,0,673,0
159,1.5085,74.5426,0.0011,0.0000,0,0,0.0000,0,0.0000,0,0,0,607,0
160,3.7192,72.7409,0.0010,0.0000,0,0,0.0000,0,0.0000,0,0,0,362,0
161,1.4840,74.5559,0.0012,0.0000,0,0,0.0000,0,0.0000,0,0,0,335,0
162,1.4615,72.7141,0.0012,0.0000,0,0,0.0000,0,0.0000,0,0,0,737,0
163,1.4377,74.5935,0.0012,0.0000,0,0,0.0000,0,0.0000,0,0,0,380,0
164,1.4343,72.7703,0.0009,0.0000,0,0,0.0000,0,0.0000,0,0,0,375,0
165,1.4369,74.6771,0.0011,0.0000,0,0,0.0000,0,0.0000,0,0,0,379,0
166,1.4422,72.7915,0.0014,0.0000,0,0,0.0000,0,0.0000,0,0,0,371,0
167,1.5085,74.8023,0.0011,0.0000,0,0,0.0000,0,0.0000,0,0,0,766,0
168,3.7192,72.8385,0.0010,0.0000,0,0,0.0000,0,0.0000,0,0,0,370,0
169,1.4840,74.7780,0.0011,0.0000,0,0,0.0000,0,0.0000,0,0,0,330,0
170,1.4615,72.8680,0.0008,0.0000,0,0,0.0000,0,0.0000,0,0,0,368,0
171,1.4377,74.7843,0.0248,0.0000,0,0,0.0000,0,0.0000,0,0,0,376,0
172,1.4343,72.8253,0.0008,0.0000,0,0,0.0000,0,0.0000,0,0,0,376,0
173,1.4369,74.7458,0.0010,0.0000,0,0,0.0000,0,0.0000,0,0,0,419,0
174,1.4422,73.0205,0.0009,0.0000,0,0,0.0000,0,0.0000,0,0,0,366,0
175,1.5085,74.7934,0.0010,0.0000,0,0,0.0000,0,0.0000,0,0,0,386,0
176,3.7192,72.9013,0.0009,0.0000,0,0,0.0000,0,0.0000,0,0,0,347,0
177,1.4840,74.7869,0.0010,0.0000,0,0,0.0000,0,0.0000,0,0,0,333,0
178,1.4615,72.7947,0.0009,0.0000,0,0,0.0000,0,0.0000,0,0,0,371,0
179,1.4377,74.8227,0.0010,0.0000,0,0,0.0000,0,0.0000,0,0,0,381,0
180,1.4343,73.0538,0.0010,0.0000,0,0,0.0000,0,0.0000,0,0,0,404,0
181,1.4369,74.9543,0.0010,0.0000,0,0,0.0000,0,0.0000,0,0,0,383,0
182,1.4422,73.0003,0.0010,0.0000,0,0,0.0000,0,0.0000,0,0,0,380,0
183,1.5085,75.0148,0.0012,0.0000,0,0,0.0000,0,0.0000,0,0,0,366,0
184,3.7192,73.1919,0.0010,0.0000,0,0,0.0000,0,0.0000,0,0,0,343,0
185,1.4840,75.0537,0.0010,0.0000,0,0,0.0000,0,0.0000,0,0,0,338,0
186,1.4615,73.1835,0.0010,0.0000,0,0,0.0000,0,0.0000,0,0,0,377,0
187,1.4377,75.0981,0.0013,0.0000,0,0,0.0000,0,0.0000,0,0,0,410,0
188,1.4343,73.0625,0.0011,0.0000,0,0,0.0000,0,0.0000,0,0,0,474,0
189,1.4369,75.1679,0.0011,0.0000,0,0,0.0000,0,0.0000,0,0,0,459,0
190,1.4422,73.0209,0.0013,0.0000,0,0,0.0000,0,0.0000,0,0,0,399,0
191,1.5085,75.2365,0.0009,0.0000,0,0,0.0000,0,0.0000,0,0,0,374,0
192,3.7192,72.8745,0.0010,0.0000,0,0,0.0000,0,0.0000,0,0,0,349,0
193,1.4840,75.2273,0.0019,0.0000,0,0,0.0000,0,0.0000,0,0,0,330,0
194,1.4615,72.7168,0.0011,0.0000,0,0,0.0000,0,0.0000,0,0,0,420,0
195,1.4377,75.2709,0.0013,0.0000,0,0,0.0000,0,0.0000,0,0,0,467,0
196,1.4343,72.8665,0.0010,0.0000,0,0,0.0000,0,0.0000,0,0,0,500,0
197,1.4369,75.1900,0.0010,0.0000,0,0,0.0000,0,0.0000,0,0,0,542,0
198,1.4422,73.0497,0.0013,0.0000,0,0,0.0000,0,0.0000,0,0,0,512,0
199,1.5085,75.5280,0.0018,0.0000,0,0,0.0000,0,0.0000,0,0,0,414,0
200,3.7192,73.1480,0.0011,0.0000,0,0,0.0000,0,0.0000,0,0,0,333,0
201,1.4840,75.4889,0.0008,0.0000,0,0,0.0000,0,0.0000,0,0,0,330,0
202,1.4615,73.0563,0.0010,0.0000,0,0,0.0000,0,0.0000,0,0,0,452,0
203,1.4377,75.4886,0.0014,0.0000,0,0,0.0000,0,0.0000,0,0,0,439,0
204,1.4343,73.2035,0.0018,0.0000,0,0,0.0000,0,0.0000,0,0,0,480,0
205,1.4369,75.7829,0.0021,0.0000,0,0,0.0000,0,0.0000,0,0,0,514,0
206,1.4422,73.3852,0.0008,0.0000,0,0,0.0000,0,0.0000,0,0,0,430,0
207,1.5085,75.7397,0.0008,0.0000,0,0,0.0000,0,0.0000,0,0,0,474,0
208,3.7192,68.4373,0.0009,0.0000,0,0,0.0000,0,0.0000,0,0,0,336,0
209,1.4840,71.1205,0.0010,0.0000,0,0,0.0000,0,0.0000,0,0,0,330,0
210,1.4615,71.3496,0.0013,0.0000,0,0,0.0000,0,0.0000,0,0,0,417,0
211,1.4377,73.8864,0.0010,0.0000,0,0,0.0000,0,0.0000,0,0,0,545,0
212,1.4343,73.3365,0.0010,0.0000,0,0,0.0000,0,0.0000,0,0,0,642,0
213,1.4369,75.9573,0.0010,0.0000,0,0,0.0000,0,0.0000,0,0,0,624,0
214,1.4422,73.1722,0.0009,0.0000,0,0,0.0000,0,0.0000,0,0,0,534,0
215,1.5085,75.8750,0.0010,0.0000,0,0,0.0000,0,0.0000,0,0,0,418,0
216,3.7192,61.9098,0.0010,0.0000,0,0,0.0000,0,0.0000,0,0,0,356,0
217,1.4840,64.6415,0.0008,0.0000,0,0,0.0000,0,0.0000,0,0,0,330,0
218,1.4615,64.5993,0.0012,0.0000,0,0,0.0000,0,0.0000,0,0,0,504,0
219,1.4377,67.3610,0.0011,0.0000,0,0,0.0000,0,0.0000,0,0,0,375,0
220,1.4343,67.5096,0.0009,0.0000,0,0,0.0000,0,0.0000,0,0,0,379,0
221,1.4369,70.1470,0.0013,0.0000,0,0,0.0000,0,0.0000,0,0,0,366,0
222,1.4422,70.2542,0.0010,0.0000,0,0,0.0000,0,0.0000,0,0,0,371,0
223,1.5085,72.7235,0.0011,0.0000,0,0,0.0000,0,0.0000,0,0,0,510,0
224,3.7192,56.8734,0.0010,0.0000,0,0,0.0000,0,0.0000,0,0,0,348,0
225,1.4840,59.7570,0.0009,0.0000,0,0,0.0000,0,0.0000,0,0,0,330,0
226,1.4615,59.6658,0.0013,0.0000,0,0,0.0000,0,0.0000,0,0,0,458,0
227,1.4377,62.4666,0.0010,0.0000,0,0,0.0000,0,0.0000,0,0,0,373,0
228,1.4343,62.5997,0.0007,0.0000,0,0,0.0000,0,0.0000,0,0,0,395,0
229,1.4369,65.3725,0.0012,0.0000,0,0,0.0000,0,0.0000,0,0,0,372,0
230,1.4422,65.5450,0.0009,0.0000,0,0,0.0000,0,0.0000,0,0,0,385,0
231,1.5085,67.9841,0.0013,0.0000,0,0,0.0000,0,0.0000,0,0,0,462,0
232,3.7192,52.0123,0.0013,0.0000,0,0,0.0000,0,0.0000,0,0,0,346,0
233,1.4840,54.4350,0.0008,0.0000,0,0,0.0000,0,0.0000,0,0,0,330,0
234,1.4615,54.6359,0.0008,0.0000,0,0,0.0000,0,0.0000,0,0,0,419,0
235,1.4377,57.2295,0.0010,0.0000,0,0,0.0000,0,0.0000,0,0,0,398,0
236,1.4343,57.5772,0.0010,0.0000,0,0,0.0000,0,0.0000,0,0,0,405,0
237,1.4369,59.9777,0.0013,0.0000,0,0,0.0000,0,0.0000,0,0,0,377,0
238,1.4422,60.2469,0.0012,0.0000,0,0,0.0000,0,0.0000,0,0,0,379,0
239,1.5085,62.9790,0.0012,0.0000,0,0,0.0000,0,0.0000,0,0,0,466,0
240,3.7192,47.7368,0.0013,0.0000,0,0,0.0000,0,0.0000,0,0,0,340,0
241,1.4840,50.5084,0.0013,0.0000,0,0,0.0000,0,0.0000,0,0,0,331,0
242,1.4615,50.5229,0.0013,0.0000,0,0,0.0000,0,0.0000,0,0,0,431,0
243,1.4377,53.2614,0.0008,0.0000,0,0,0.0000,0,0.0000,0,0,0,404,0
244,1.4343,53.2501,0.0008,0.0000,0,0,0.0000,0,0.0000,0,0,0,436,0
245,1.4369,56.0620,0.0010,0.0000,0,0,0.0000,0,0.0000,0,0,0,396,0
246,1.4422,56.0258,0.0006,0.0000,0,0,0.0000,0,0.0000,0,0,0,394,0
247,1.5085,58.8454,0.0008,0.0000,0,0,0.0000,0,0.0000,0,0,0,485,0
248,3.7192,44.0373,0.0014,0.0000,0,0,0.0000,0,0.0000,0,0,0,326,0
249,1.4840,46.6055,0.0014,0.0000,0,0,0.0000,0,0.0000,0,0,0,326,0
250,1.4615,46.6454,0.0013,0.0000,0,0,0.0000,0,0.0000,0,0,0,608,0
251,1.4377,49.3372,0.0013,0.0000,0,0,0.0000,0,0.0000,0,0,0,435,0
252,1.4343,49.3035,0.0011,0.0000,0,0,0.0000,0,0.0000,0,0,0,441,0
253,1.4369,52.1085,0.0017,0.0000,0,0,0.0000,0,0.0000,0,0,0,476,0
254,1.4422,51.9110,0.0011,0.0000,0,0,0.0000,0,0.0000,0,0,0,425,0
255,1.5085,54.7596,0.0013,0.0000,0,0,0.0000,0,0.0000,0,0,0,587,0
256,3.7192,38.3710,0.0013,0.0000,0,0,0.0000,0,0.0000,0,0,0,326,0
257,1.4840,41.0179,0.0014,0.0000,0,0,0.0000,0,0.0000,0,0,0,326,0
258,1.4615,41.1295,0.0013,0.0000,0,0,0.0000,0,0.0000,0,0,0,375,0
259,1.4377,43.9883,0.0033,0.0000,0,0,0.0000,0,0.0000,0,0,0,412,0
260,1.4343,43.8382,0.0017,0.0000,0,0,0.0000,0,0.0000,0,0,0,410,0
261,1.4369,46.6574,0.0006,0.0000,0,0,0.0000,0,0.0000,0,0,0,444,0
262,1.4422,46.4506,0.0008,0.0000,0,0,0.0000,0,0.0000,0,0,0,401,0
263,1.5085,50.0507,0.0018,0.0000,0,0,0.0000,0,0.0000,0,0,0,366,0
264,3.7192,34.5671,0.0016,0.0000,0,0,0.0000,0,0.0000,0,0,0,326,0
265,1.4840,37.5174,0.0016,0.0000,0,0,0.0000,0,0.0000,0,0,0,326,0
266,1.4615,37.3778,0.0019,0.0000,0,0,0.0000,0,0.0000,0,0,0,366,0
267,1.4377,40.1776,0.0015,0.0000,0,0,0.0000,0,0.0000,0,0,0,494,0
268,1.4343,40.1278,0.0010,0.0000,0,0,0.0000,0,0.0000,0,0,0,509,0
269,1.4369,43.5093,0.0018,0.0000,0,0,0.0000,0,0.0000,0,0,0,521,0
270,1.4422,42.9793,0.0059,0.0000,0,0,0.0000,0,0.0000,0,0,0,474,0
271,1.5085,45.7949,0.0018,0.0000,0,0,0.0000,0,0.0000,0,0,0,366,0
272,3.7192,30.0053,0.0040,0.0000,0,0,0.0000,0,0.0000,0,0,0,326,0
273,1.4840,33.3843,0.0015,0.0000,0,0,0.0000,0,0.0000,0,0,0,326,0
274,1.4615,33.0255,0.0046,0.0000,0,0,0.0000,0,0.0000,0,0,0,370,0
275,1.4377,35.6283,0.0014,0.0000,0,0,0.0000,0,0.0000,0,0,0,366,0
276,1.4343,35.2952,0.0046,0.0000,0,0,0.0000,0,0.0000,0,0,0,366,0
277,1.4369,38.3019,0.0019,0.0000,0,0,0.0000,0,0.0000,0,0,0,366,0
278,1.4422,37.9514,0.0040,0.0000,0,0,0.0000,0,0.0000,0,0,0,366,0
279,1.5085,40.9080,0.0013,0.0000,0,0,0.0000,0,0.0000,0,0,0,366,0
280,3.7192,25.1471,0.0020,0.0000,0,0,0.0000,0,0.0000,0,0,0,326,0
281,1.4840,28.1624,0.0012,0.0000,0,0,0.0000,0,0.0000,0,0,0,326,0
282,1.4615,27.6819,0.0038,0.0000,0,0,0.0000,0,0.0000,0,0,0,380,0
283,1.4377,30.7177,0.0018,0.0000,0,0,0.0000,0,0.0000,0,0,0,366,0
284,1.4343,30.2383,0.0023,0.0000,0,0,0.0000,0,0.0000,0,0,0,366,0
285,1.4369,33.2948,0.0035,0.0000,0,0,0.0000,0,0.0000,0,0,0,366,0
286,1.4422,32.6256,0.0040,0.0000,0,0,0.0000,0,0.0000,0,0,0,366,0
287,1.5085,35.6590,0.0013,0.0000,0,0,0.0000,0,0.0000,0,0,0,372,0
288,3.7192,21.9357,0.0040,0.0000,0,0,0.0000,0,0.0000,0,0,0,326,0
289,1.4840,23.1443,0.0011,0.0000,0,0,0.0000,0,0.0000,0,0,0,326,0
290,1.4615,22.3675,0.0022,0.0000,0,0,0.0000,0,0.0000,0,0,0,428,0
291,1.4377,25.5156,0.0015,0.0000,0,0,0.0000,0,0.0000,0,0,0,366,0
292,1.4343,24.8504,0.0010,0.0000,0,0,0.0000,0,0.0000,0,0,0,366,0
293,1.4369,28.1016,0.0012,0.0000,0,0,0.0000,0,0.0000,0,0,0,372,0
294,1.4422,27.3662,0.0010,0.0000,0,0,0.0000,0,0.0000,0,0,0,366,0
295,1.5085,30.6643,0.0014,0.0000,0,0,0.0000,0,0.0000,0,0,0,396,0
296,3.7192,17.5478,0.0011,0.0000,0,0,0.0000,0,0.0000,0,0,0,326,0
297,1.4840,20.6269,0.0009,0.0000,0,0,0.0000,0,0.0000,0,0,0,326,0
298,1.4615,20.1855,0.0013,0.0000,0,0,0.0000,0,0.0000,0,0,0,397,0
299,1.4377,23.2134,0.0007,0.0000,0,0,0.0000,0,0.0000,0,0,0,389,0
300,1.4343,22.7419,0.0012,0.0000,0,0,0.0000,0,0.0000,0,0,0,386,0
301,1.4369,25.5255,0.0005,0.0000,0,0,0.0000,0,0.0000,0,0,0,416,0
302,1.4422,25.0675,0.0023,0.0000,0,0,0.0000,0,0.0000,0,0,0,371,0
303,1.5085,28.0023,0.0009,0.0000,0,0,0.0000,0,0.0000,0,0,0,380,0
304,3.7192,10.4324,0.0020,0.0000,0,0,0.0000,0,0.0000,0,0,0,326,0
305,1.4840,13.4995,0.0011,0.0000,0,0,0.0000,0,0.0000,0,0,0,326,0
306,1.4615,13.1254,0.0013,0.0000,0,0,0.0000,0,0.0000,0,0,0,451,0
307,1.4377,17.4797,0.0010,0.0000,0,0,0.0000,0,0.0000,0,0,0,412,0
308,1.4343,17.0799,0.0024,0.0000,0,0,0.0000,0,0.0000,0,0,0,405,0
309,1.4369,20.2947,0.0006,0.0000,0,0,0.0000,0,0.0000,0,0,0,453,0
310,1.4422,19.8904,0.0009,0.0000,0,0,0.0000,0,0.0000,0,0,0,395,0
311,1.5085,23.0785,0.0005,0.0000,0,0,0.0000,0,0.0000,0,0,0,431,0
312,3.7192,7.8336,0.0010,0.0000,0,0,0.0000,0,0.0000,0,0,0,326,0
313,1.4840,10.9279,0.0005,0.0000,0,0,0.0000,0,0.0000,0,0,0,326,0
314,1.4615,10.4403,0.0015,0.0000,0,0,0.0000,0,0.0000,0,0,0,432,0
315,1.4377,13.5910,0.0008,0.0000,0,0,0.0000,0,0.0000,0,0,0,404,0
316,1.4343,13.0612,0.0012,0.0000,0,0,0.0000,0,0.0000,0,0,0,391,0
317,1.4369,16.3175,0.0004,0.0000,0,0,0.0000,0,0.0000,0,0,0,471,0
318,1.4422,15.8348,0.0006,0.0000,0,0,0.0000,0,0.0000,0,0,0,379,0
319,1.5085,19.0906,0.0007,0.0000,0,0,0.0000,0,0.0000,0,0,0,439,0
320,3.7192,3.6114,0.0006,0.0000,0,0,0.0000,0,0.0000,0,0,0,326,0
321,1.4840,5.5875,0.0005,0.0000,0,0,0.0000,0,0.0000,0,0,0,326,0
322,1.4615,6.2138,0.0009,0.0000,0,0,0.0000,0,0.0000,0,0,0,421,0
323,1.4377,8.3466,0.0009,0.0000,0,0,0.0000,0,0.0000,0,0,0,442,0
324,1.4343,8.9262,0.0009,0.0000,0,0,0.0000,0,0.0000,0,0,0,454,0
325,1.4369,11.1714,0.0011,0.0000,0,0,0.0000,0,0.0000,0,0,0,526,0
326,1.4422,11.7701,0.0010,0.0000,0,0,0.0000,0,0.0000,0,0,0,444,0
327,1.5085,15.3012,0.0010,0.0000,0,0,0.0000,0,0.0000,0,0,0,396,0
328,3.7192,3.5816,0.0008,0.0000,0,0,0.0000,0,0.0000,0,0,0,326,0
329,1.4840,4.6245,0.0009,0.0000,0,0,0.0000,0,0.0000,0,0,0,326,0
330,1.4615,6.2358,0.0008,0.0000,0,0,0.0000,0,0.0000,0,0,0,406,0
331,1.4377,7.3537,0.0040,0.0000,0,0,0.0000,0,0.0000,0,0,0,368,0
332,1.4343,8.9548,0.0008,0.0000,0,0,0.0000,0,0.0000,0,0,0,366,0
333,1.4369,10.0701,0.0008,0.0000,0,0,0.0000,0,0.0000,0,0,0,368,0
334,1.4422,11.8314,0.0010,0.0000,0,0,0.0000,0,0.0000,0,0,0,366,0
335,1.5085,12.9234,0.0007,0.0000,0,0,0.0000,0,0.0000,0,0,0,376,0
336,3.7192,3.5689,0.0010,0.0000,0,0,0.0000,0,0.0000,0,0,0,326,0
337,1.4840,3.6364,0.0009,0.0000,0,0,0.0000,0,0.0000,0,0,0,326,0
338,1.4615,6.0558,0.0013,0.0000,0,0,0.0000,0,0.0000,0,0,0,498,0
339,1.4377,6.2203,0.0011,0.0000,0,0,0.0000,0,0.0000,0,0,0,366,0
340,1.4343,8.6670,0.0007,0.0000,0,0,0.0000,0,0.0000,0,0,0,372,0
341,1.4369,8.9723,0.0006,0.0000,0,0,0.0000,0,0.0000,0,0,0,376,0
342,1.4422,11.5509,0.0010,0.0000,0,0,0.0000,0,0.0000,0,0,0,366,0
343,1.5085,11.8130,0.0010,0.0000,0,0,0.0000,0,0.0000,0,0,0,459,0
344,3.7192,3.4751,0.0007,0.0000,0,0,0.0000,0,0.0000,0,0,0,326,0
345,1.4840,3.5452,0.0007,0.0000,0,0,0.0000,0,0.0000,0,0,0,326,0
346,1.4615,5.9773,0.0011,0.0000,0,0,0.0000,0,0.0000,0,0,0,369,0
347,1.4377,6.1563,0.0012,0.0000,0,0,0.0000,0,0.0000,0,0,0,366,0
348,1.4343,8.6342,0.0012,0.0000,0,0,0.0000,0,0.0000,0,0,0,380,0
349,1.4369,8.8798,0.0010,0.0000,0,0,0.0000,0,0.0000,0,0,0,392,0
350,1.4422,11.3574,0.0012,0.0000,0,0,0.0000,0,0.0000,0,0,0,366,0
351,1.5085,11.5744,0.0007,0.0000,0,0,0.0000,0,0.0000,0,0,0,366,0
352,3.7192,3.5635,0.0013,0.0000,0,0,0.0000,0,0.0000,0,0,0,326,0
353,1.4840,3.5564,0.0012,0.0000,0,0,0.0000,0,0.0000,0,0,0,326,0
354,1.4615,5.9811,0.0012,0.0000,0,0,0.0000,0,0.0000,0,0,0,366,0
355,1.4377,6.1291,0.0011,0.0000,0,0,0.0000,0,0.0000,0,0,0,387,0
356,1.4343,8.5736,0.0008,0.0000,0,0,0.0000,0,0.0000,0,0,0,388,0
357,1.4369,8.7127,0.0008,0.0000,0,0,0.0000,0,0.0000,0,0,0,411,0
358,1.4422,11.3338,0.0013,0.0000,0,0,0.0000,0,0.0000,0,0,0,371,0
359,1.5085,11.4232,0.0012,0.0000,0,0,0.0000,0,0.0000,0,0,0,366,0
360,3.7192,3.5677,0.0025,0.0000,0,0,0.0000,0,0.0000,0,0,0,326,0
361,1.4840,3.5522,0.0022,0.0000,0,0,0.0000,0,0.0000,0,0,0,326,0
362,1.4615,5.9609,0.0017,0.0000,0,0,0.0000,0,0.0000,0,0,0,366,0
363,1.4377,6.0297,0.0015,0.0000,0,0,0.0000,0,0.0000,0,0,0,426,0
364,1.4343,8.2930,0.0045,0.0000,0,0,0.0000,0,0.0000,0,0,0,423,0
365,1.4369,8.4177,0.0019,0.0000,0,0,0.0000,0,0.0000,0,0,0,464,0
366,1.4422,10.8871,0.0032,0.0000,0,0,0.0000,0,0.0000,0,0,0,405,0
367,1.5085,10.9708,0.0018,0.0000,0,0,0.0000,0,0.0000,0,0,0,366,0
368,3.7192,3.6546,0.0018,0.0000,0,0,0.0000,0,0.0000,0,0,0,326,0
369,1.4840,3.5232,0.0010,0.0000,0,0,0.0000,0,0.0000,0,0,0,326,0
370,1.4615,5.9470,0.0014,0.0000,0,0,0.0000,0,0.0000,0,0,0,389,0
371,1.4377,6.1165,0.0013,0.0000,0,0,0.0000,0,0.0000,0,0,0,412,0
372,1.4343,8.5333,0.0010,0.0000,0,0,0.0000,0,0.0000,0,0,0,408,0
373,1.4369,8.7720,0.0008,0.0000,0,0,0.0000,0,0.0000,0,0,0,443,0
374,1.4422,11.2178,0.0014,0.0000,0,0,0.0000,0,0.0000,0,0,0,423,0
375,1.5085,11.5099,0.0011,0.0000,0,0,0.0000,0,0.0000,0,0,0,371,0
376,3.7192,3.6512,0.0014,0.0000,0,0,0.0000,0,0.0000,0,0,0,326,0
377,1.4840,3.5197,0.0011,0.0000,0,0,0.0000,0,0.0000,0,0,0,326,0
378,1.4615,6.0663,0.0011,0.0000,0,0,0.0000,0,0.0000,0,0,0,407,0
379,1.4377,6.1582,0.0010,0.0000,0,0,0.0000,0,0.0000,0,0,0,403,0
380,1.4343,8.6975,0.0010,0.0000,0,0,0.0000,0,0.0000,0,0,0,461,0
381,1.4369,8.7952,0.0010,0.0000,0,0,0.0000,0,0.0000,0,0,0,520,0
382,1.4422,11.1097,0.0021,0.0000,0,0,0.0000,0,0.0000,0,0,0,418,0
383,1.5085,11.1958,0.0017,0.0000,0,0,0.0000,0,0.0000,0,0,0,382,0
384,3.7192,3.6412,0.0022,0.0000,0,0,0.0000,0,0.0000,0,0,0,326,0
385,1.4840,3.6622,0.0032,0.0000,0,0,0.0000,0,0.0000,0,0,0,326,0
386,1.4615,5.9013,0.0033,0.0000,0,0,0.0000,0,0.0000,0,0,0,392,0
387,1.4377,6.0142,0.0010,0.0000,0,0,0.0000,0,0.0000,0,0,0,366,0
388,1.4343,8.4650,0.0032,0.0000,0,0,0.0000,0,0.0000,0,0,0,368,0
389,1.4369,8.5629,0.0011,0.0000,0,0,0.0000,0,0.0000,0,0,0,372,0
390,1.4422,11.0736,0.0023,0.0000,0,0,0.0000,0,0.0000,0,0,0,366,0
391,1.5085,11.2698,0.0010,0.0000,0,0,0.0000,0,0.0000,0,0,0,373,0
392,3.7192,3.6939,0.0022,0.0000,0,0,0.0000,0,0.0000,0,0,0,326,0
393,1.4840,3.5783,0.0010,0.0000,0,0,0.0000,0,0.0000,0,0,0,326,0
394,1.4615,6.2165,0.0037,0.0000,0,0,0.0000,0,0.0000,0,0,0,430,0
395,1.4377,6.2418,0.0009,0.0000,0,0,0.0000,0,0.0000,0,0,0,371,0
396,1.4343,8.9754,0.0026,0.0000,0,0,0.0000,0,0.0000,0,0,0,371,0
397,1.4369,9.0440,0.0007,0.0000,0,0,0.0000,0,0.0000,0,0,0,439,0
398,1.4422,11.8580,0.0023,0.0000,0,0,0.0000,0,0.0000,0,0,0,366,0
399,1.5085,11.8810,0.0009,0.0000,0,0,0.0000,0,0.0000,0,0,0,387,0
400,3.7192,3.8619,0.0066,0.0000,0,0,0.0000,0,0.0000,0,0,0,326,0
401,1.4840,3.7135,0.0009,0.0000,0,0,0.0000,0,0.0000,0,0,0,326,0
402,1.4615,6.1410,0.0027,0.0000,0,0,0.0000,0,0.0000,0,0,0,405,0
403,1.4377,6.3421,0.0013,0.0000,0,0,0.0000,0,0.0000,0,0,0,366,0
404,1.4343,8.8455,0.0020,0.0000,0,0,0.0000,0,0.0000,0,0,0,382,0
405,1.4369,9.0765,0.0007,0.0000,0,0,0.0000,0,0.0000,0,0,0,380,0
406,1.4422,11.7093,0.0018,0.0000,0,0,0.0000,0,0.0000,0,0,0,366,0
407,1.5085,11.9169,0.0022,0.0000,0,0,0.0000,0,0.0000,0,0,0,389,0
408,3.7192,4.0603,0.0034,0.0000,0,0,0.0000,0,0.0000,0,0,0,326,0
409,1.4840,3.6833,0.0005,0.0000,0,0,0.0000,0,0.0000,0,0,0,326,0
410,1.4615,6.2102,0.0006,0.0000,0,0,0.0000,0,0.0000,0,0,0,409,0
411,1.4377,6.3758,0.0005,0.0000,0,0,0.0000,0,0.0000,0,0,0,371,0
412,1.4343,8.9411,0.0007,0.0000,0,0,0.0000,0,0.0000,0,0,0,393,0
413,1.4369,9.1516,0.0007,0.0000,0,0,0.0000,0,0.0000,0,0,0,413,0
414,1.4422,11.7842,0.0007,0.0000,0,0,0.0000,0,0.0000,0,0,0,375,0
415,1.5085,12.0397,0.0007,0.0000,0,0,0.0000,0,0.0000,0,0,0,392,0
416,3.7192,3.5660,0.0008,0.0000,0,0,0.0000,0,0.0000,0,0,0,326,0
417,1.4840,3.5978,0.0007,0.0000,0,0,0.0000,0,0.0000,0,0,0,326,0
418,1.4615,6.1228,0.0008,0.0000,0,0,0.0000,0,0.0000,0,0,0,400,0
419,1.4377,6.3471,0.0008,0.0000,0,0,0.0000,0,0.0000,0,0,0,378,0
420,1.4343,8.8928,0.0014,0.0000,0,0,0.0000,0,0.0000,0,0,0,394,0
421,1.4369,9.1418,0.0007,0.0000,0,0,0.0000,0,0.0000,0,0,0,444,0
422,1.4422,11.7093,0.0011,0.0000,0,0,0.0000,0,0.0000,0,0,0,392,0
423,1.5085,11.9892,0.0011,0.0000,0,0,0.0000,0,0.0000,0,0,0,380,0
424,3.7192,3.7358,0.0013,0.0000,0,0,0.0000,0,0.0000,0,0,0,326,0
425,1.4840,3.6082,0.0007,0.0000,0,0,0.0000,0,0.0000,0,0,0,326,0
426,1.4615,6.4517,0.0052,0.0000,0,0,0.0000,0,0.0000,0,0,0,500,0
427,1.4377,6.3607,0.0051,0.0000,0,0,0.0000,0,0.0000,0,0,0,377,0
428,1.4343,9.0105,0.0025,0.0000,0,0,0.0000,0,0.0000,0,0,0,405,0
429,1.4369,9.1501,0.0017,0.0000,0,0,0.0000,0,0.0000,0,0,0,414,0
430,1.4422,11.8980,0.0035,0.0000,0,0,0.0000,0,0.0000,0,0,0,389,0
431,1.5085,12.0069,0.0014,0.0000,0,0,0.0000,0,0.0000,0,0,0,458,0
432,3.7192,3.8533,0.0032,0.0000,0,0,0.0000,0,0.0000,0,0,0,326,0
433,1.4840,3.6600,0.0015,0.0000,0,0,0.0000,0,0.0000,0,0,0,326,0
434,1.4615,5.6336,0.0017,0.0000,0,0,0.0000,0,0.0000,0,0,0,377,0
435,1.4377,5.9060,0.0015,0.0000,0,0,0.0000,0,0.0000,0,0,0,387,0
436,1.4343,8.0146,0.0018,0.0000,0,0,0.0000,0,0.0000,0,0,0,392,0
437,1.4369,8.3212,0.0018,0.0000,0,0,0.0000,0,0.0000,0,0,0,471,0
438,1.4422,10.4648,0.0032,0.0000,0,0,0.0000,0,0.0000,0,0,0,432,0
439,1.5085,10.6852,0.0019,0.0000,0,0,0.0000,0,0.0000,0,0,0,366,0
440,3.7192,3.9406,0.0051,0.0000,0,0,0.0000,0,0.0000,0,0,0,326,0
441,1.4840,3.7070,0.0015,0.0000,0,0,0.0000,0,0.0000,0,0,0,326,0
442,1.4615,5.6033,0.0018,0.0000,0,0,0.0000,0,0.0000,0,0,0,390,0
443,1.4377,5.8475,0.0019,0.0000,0,0,0.0000,0,0.0000,0,0,0,366,0
444,1.4343,7.7802,0.0019,0.0000,0,0,0.0000,0,0.0000,0,0,0,366,0
445,1.4369,8.1352,0.0023,0.0000,0,0,0.0000,0,0.0000,0,0,0,366,0
446,1.4422,10.3192,0.0042,0.0000,0,0,0.0000,0,0.0000,0,0,0,366,0
447,1.5085,10.6330,0.0026,0.0000,0,0,0.0000,0,0.0000,0,0,0,366,0
448,3.7192,3.9925,0.0025,0.0000,0,0,0.0000,0,0.0000,0,0,0,326,0
449,1.4840,3.7095,0.0020,0.0000,0,0,0.0000,0,0.0000,0,0,0,326,0
450,1.4615,5.3965,0.0008,0.0000,0,0,0.0000,0,0.0000,0,0,0,392,0
451,1.4377,5.6269,0.0008,0.0000,0,0,0.0000,0,0.0000,0,0,0,366,0
452,1.4343,7.5486,0.0017,0.0000,0,0,0.0000,0,0.0000,0,0,0,366,0
453,1.4369,8.0035,0.0013,0.0000,0,0,0.0000,0,0.0000,0,0,0,366,0
454,1.4422,10.1206,0.0020,0.0000,0,0,0.0000,0,0.0000,0,0,0,366,0
455,1.5085,10.5702,0.0013,0.0000,0,0,0.0000,0,0.0000,0,0,0,366,0
456,3.7192,3.6959,0.0016,0.0000,0,0,0.0000,0,0.0000,0,0,0,326,0
457,1.4840,3.5652,0.0011,0.0000,0,0,0.0000,0,0.0000,0,0,0,326,0
458,1.4615,6.0723,0.0010,0.0000,0,0,0.0000,0,0.0000,0,0,0,384,0
459,1.4377,6.1830,0.0009,0.0000,0,0,0.0000,0,0.0000,0,0,0,366,0
460,1.4343,8.7362,0.0009,0.0000,0,0,0.0000,0,0.0000,0,0,0,373,0
461,1.4369,8.9135,0.0008,0.0000,0,0,0.0000,0,0.0000,0,0,0,366,0
462,1.4422,11.4934,0.0010,0.0000,0,0,0.0000,0,0.0000,0,0,0,366,0
463,1.5085,11.6387,0.0008,0.0000,0,0,0.0000,0,0.0000,0,0,0,366,0
464,3.7192,3.5767,0.0012,0.0000,0,0,0.0000,0,0.0000,0,0,0,326,0
465,1.4840,3.5362,0.0009,0.0000,0,0,0.0000,0,0.0000,0,0,0,326,0
466,1.4615,6.0380,0.0018,0.0000,0,0,0.0000,0,0.0000,0,0,0,379,0
467,1.4377,6.1724,0.0012,0.0000,0,0,0.0000,0,0.0000,0,0,0,372,0
468,1.4343,8.6976,0.0009,0.0000,0,0,0.0000,0,0.0000,0,0,0,399,0
469,1.4369,8.9025,0.0010,0.0000,0,0,0.0000,0,0.0000,0,0,0,390,0
470,1.4422,11.4885,0.0014,0.0000,0,0,0.0000,0,0.0000,0,0,0,366,0
471,1.5085,11.6830,0.0013,0.0000,0,0,0.0000,0,0.0000,0,0,0,370,0
472,3.7192,3.6196,0.0012,0.0000,0,0,0.0000,0,0.0000,0,0,0,326,0
473,1.4840,3.5693,0.0010,0.0000,0,0,0.0000,0,0.0000,0,0,0,326,0
474,1.4615,5.9627,0.0013,0.0000,0,0,0.0000,0,0.0000,0,0,0,381,0
475,1.4377,6.1054,0.0009,0.0000,0,0,0.0000,0,0.0000,0,0,0,377,0
476,1.4343,8.5491,0.0012,0.0000,0,0,0.0000,0,0.0000,0,0,0,376,0
477,1.4369,8.7094,0.0012,0.0000,0,0,0.0000,0,0.0000,0,0,0,395,0
478,1.4422,11.2493,0.0012,0.0000,0,0,0.0000,0,0.0000,0,0,0,377,0
479,1.5085,11.4667,0.0013,0.0000,0,0,0.0000,0,0.0000,0,0,0,370,0
480,3.7192,3.5763,0.0014,0.0000,0,0,0.0000,0,0.0000,0,0,0,326,0
481,1.4840,3.5850,0.0013,0.0000,0,0,0.0000,0,0.0000,0,0,0,326,0
482,1.4615,5.8957,0.0019,0.0000,0,0,0.0000,0,0.0000,0,0,0,385,0
483,1.4377,6.0829,0.0013,0.0000,0,0,0.0000,0,0.0000,0,0,0,378,0
484,1.4343,8.4347,0.0015,0.0000,0,0,0.0000,0,0.0000,0,0,0,376,0
485,1.4369,8.6782,0.0018,0.0000,0,0,0.0000,0,0.0000,0,0,0,396,0
486,1.4422,11.1078,0.0022,0.0000,0,0,0.0000,0,0.0000,0,0,0,376,0
487,1.5085,11.3472,0.0013,0.0000,0,0,0.0000,0,0.0000,0,0,0,407,0
488,3.7192,3.7095,0.0019,0.0000,0,0,0.0000,0,0.0000,0,0,0,326,0
489,1.4840,3.5770,0.0013,0.0000,0,0,0.0000,0,0.0000,0,0,0,326,0
490,1.4615,5.9131,0.0010,0.0000,0,0,0.0000,0,0.0000,0,0,0,382,0
491,1.4377,6.1358,0.0015,0.0000,0,0,0.0000,0,0.0000,0,0,0,405,0
492,1.4343,8.5034,0.0010,0.0000,0,0,0.0000,0,0.0000,0,0,0,416,0
493,1.4369,8.7515,0.0010,0.0000,0,0,0.0000,0,0.0000,0,0,0,474,0
494,1.4422,11.2252,0.0012,0.0000,0,0,0.0000,0,0.0000,0,0,0,405,0
495,1.5085,11.5437,0.0012,0.0000,0,0,0.0000,0,0.0000,0,0,0,370,0
496,3.7192,3.6163,0.0012,0.0000,0,0,0.0000,0,0.0000,0,0,0,326,0
497,1.4840,3.5797,0.0010,0.0000,0,0,0.0000,0,0.0000,0,0,0,326,0
498,1.4615,6.0025,0.0011,0.0000,0,0,0.0000,0,0.0000,0,0,0,383,0
499,1.4377,6.1255,0.0010,0.0000,0,0,0.0000,0,0.0000,0,0,0,371,0
500,1.4343,8.6144,0.0013,0.0000,0,0,0.0000,0,0.0000,0,0,0,366,0
501,1.4369,8.7801,0.0013,0.0000,0,0,0.0000,0,0.0000,0,0,0,366,0
502,1.4422,11.3037,0.0013,0.0000,0,0,0.0000,0,0.0000,0,0,0,366,0
503,1.5085,11.4695,0.0011,0.0000,0,0,0.0000,0,0.0000,0,0,0,370,0
504,3.7192,3.6650,0.0015,0.0000,0,0,0.0000,0,0.0000,0,0,0,326,0
505,1.4840,3.5446,0.0012,0.0000,0,0,0.0000,0,0.0000,0,0,0,326,0
506,1.4615,5.9967,0.0011,0.0000,0,0,0.0000,0,0.0000,0,0,0,372,0
507,1.4377,6.1164,0.0012,0.0000,0,0,0.0000,0,0.0000,0,0,0,371,0
508,1.4343,8.5375,0.0012,0.0000,0,0,0.0000,0,0.0000,0,0,0,366,0
509,1.4369,8.7298,0.0010,0.0000,0,0,0.0000,0,0.0000,0,0,0,372,0
510,1.4422,11.2627,0.0013,0.0000,0,0,0.0000,0,0.0000,0,0,0,366,0
511,1.5085,11.4179,0.0012,0.0000,0,0,0.0000,0,0.0000,0,0,0,370,0
512,3.7192,3.6210,0.0016,0.0000,0,0,0.0000,0,0.0000,0,0,0,326,0
513,1.4840,3.5800,0.0012,0.0000,0,0,0.0000,0,0.0000,0,0,0,326,0
514,1.4615,5.9500,0.0012,0.0000,0,0,0.0000,0,0.0000,0,0,0,444,0
515,1.4377,6.1330,0.0012,0.0000,0,0,0.0000,0,0.0000,0,0,0,371,0
516,1.4343,8.5704,0.0015,0.0000,0,0,0.0000,0,0.0000,0,0,0,366,0
517,1.4369,8.7905,0.0014,0.0000,0,0,0.0000,0,0.0000,0,0,0,371,0
518,1.4422,11.3439,0.0018,0.0000,0,0,0.0000,0,0.0000,0,0,0,366,0
519,1.5085,11.4967,0.0014,0.0000,0,0,0.0000,0,0.0000,0,0,0,390,0
520,3.7192,3.7179,0.0017,0.0000,0,0,0.0000,0,0.0000,0,0,0,326,0
521,1.4840,3.5795,0.0015,0.0000,0,0,0.0000,0,0.0000,0,0,0,326,0
522,1.4615,6.1305,0.0014,0.0000,0,0,0.0000,0,0.0000,0,0,0,366,0
523,1.4377,6.5635,0.0015,0.0000,0,0,0.0000,0,0.0000,0,0,0,375,0
524,1.4343,10.0441,0.0083,0.0000,0,0,0.0000,0,0.0000,0,0,0,377,0
525,1.4369,10.0350,0.0018,0.0000,0,0,0.0000,0,0.0000,0,0,0,388,0
526,1.4422,11.2679,0.0015,0.0000,0,0,0.0000,0,0.0000,0,0,0,366,0
527,1.5085,11.7580,0.0015,0.0000,0,0,0.0000,0,0.0000,0,0,0,370,0
528,3.7192,3.9843,0.0049,0.0000,0,0,0.0000,0,0.0000,0,0,0,326,0
529,1.4840,3.5760,0.0018,0.0000,0,0,0.0000,0,0.0000,0,0,0,326,0
530,1.4615,5.8529,0.0015,0.0000,0,0,0.0000,0,0.0000,0,0,0,366,0
531,1.4377,6.0298,0.0021,0.0000,0,0,0.0000,0,0.0000,0,0,0,388,0
532,1.4343,8.5363,0.0034,0.0000,0,0,0.0000,0,0.0000,0,0,0,372,0
533,1.4369,8.6857,0.0015,0.0000,0,0,0.0000,0,0.0000,0,0,0,405,0
534,1.4422,11.0665,0.0022,0.0000,0,0,0.0000,0,0.0000,0,0,0,366,0
535,1.5085,11.1320,0.0017,0.0000,0,0,0.0000,0,0.0000,0,0,0,376,0
536,3.7192,3.7317,0.0040,0.0000,0,0,0.0000,0,0.0000,0,0,0,326,0
537,1.4840,3.6100,0.0012,0.0000,0,0,0.0000,0,0.0000,0,0,0,326,0
538,1.4615,5.9461,0.0014,0.0000,0,0,0.0000,0,0.0000,0,0,0,376,0
539,1.4377,6.1004,0.0012,0.0000,0,0,0.0000,0,0.0000,0,0,0,380,0
540,1.4343,8.5266,0.0010,0.0000,0,0,0.0000,0,0.0000,0,0,0,366,0
541,1.4369,8.6918,0.0019,0.0000,0,0,0.0000,0,0.0000,0,0,0,396,0
542,1.4422,11.2197,0.0014,0.0000,0,0,0.0000,0,0.0000,0,0,0,366,0
543,1.5085,11.2716,0.0010,0.0000,0,0,0.0000,0,0.0000,0,0,0,376,0
544,3.7192,3.7382,0.0013,0.0000,0,0,0.0000,0,0.0000,0,0,0,326,0
545,1.4840,3.5682,0.0010,0.0000,0,0,0.0000,0,0.0000,0,0,0,326,0
546,1.4615,6.0358,0.0010,0.0000,0,0,0.0000,0,0.0000,0,0,0,376,0
547,1.4377,6.1025,0.0010,0.0000,0,0,0.0000,0,0.0000,0,0,0,401,0
548,1.4343,8.5973,0.0012,0.0000,0,0,0.0000,0,0.0000,0,0,0,412,0
549,1.4369,8.7399,0.0013,0.0000,0,0,0.0000,0,0.0000,0,0,0,453,0
550,1.4422,11.2828,0.0012,0.0000,0,0,0.0000,0,0.0000,0,0,0,385,0
551,1.5085,11.4399,0.0011,0.0000,0,0,0.0000,0,0.0000,0,0,0,371,0
552,3.7192,3.6480,0.0012,0.0000,0,0,0.0000,0,0.0000,0,0,0,326,0
553,1.4840,3.5632,0.0012,0.0000,0,0,0.0000,0,0.0000,0,0,0,326,0
554,1.4615,6.0137,0.0012,0.0000,0,0,0.0000,0,0.0000,0,0,0,376,0
555,1.4377,6.1038,0.0012,0.0000,0,0,0.0000,0,0.0000,0,0,0,371,0
556,1.4343,8.6187,0.0013,0.0000,0,0,0.0000,0,0.0000,0,0,0,366,0
557,1.4369,8.7239,0.0011,0.0000,0,0,0.0000,0,0.0000,0,0,0,366,0
558,1.4422,11.3127,0.0013,0.0000,0,0,0.0000,0,0.0000,0,0,0,366,0
559,1.5085,11.4507,0.0012,0.0000,0,0,0.0000,0,0.0000,0,0,0,376,0
560,3.7192,3.6681,0.0013,0.0000,0,0,0.0000,0,0.0000,0,0,0,326,0
561,1.4840,3.5814,0.0013,0.0000,0,0,0.0000,0,0.0000,0,0,0,326,0
562,1.4615,5.9860,0.0012,0.0000,0,0,0.0000,0,0.0000,0,0,0,376,0
563,1.4377,6.1313,0.0012,0.0000,0,0,0.0000,0,0.0000,0,0,0,371,0
564,1.4343,8.5806,0.0015,0.0000,0,0,0.0000,0,0.0000,0,0,0,366,0
565,1.4369,8.7683,0.0013,0.0000,0,0,0.0000,0,0.0000,0,0,0,366,0
566,1.4422,11.2892,0.0014,0.0000,0,0,0.0000,0,0.0000,0,0,0,366,0
567,1.5085,11.4386,0.0014,0.0000,0,0,0.0000,0,0.0000,0,0,0,374,0
568,3.7192,3.6562,0.0017,0.0000,0,0,0.0000,0,0.0000,0,0,0,326,0
569,1.4840,3.5757,0.0015,0.0000,0,0,0.0000,0,0.0000,0,0,0,326,0
570,1.4615,6.3601,0.0074,0.0000,0,0,0.0000,0,0.0000,0,0,0,380,0
571,1.4377,6.3439,0.0015,0.0000,0,0,0.0000,0,0.0000,0,0,0,366,0
572,1.4343,8.5590,0.0016,0.0000,0,0,0.0000,0,0.0000,0,0,0,366,0
573,1.4369,8.5983,0.0014,0.0000,0,0,0.0000,0,0.0000,0,0,0,376,0
574,1.4422,11.1204,0.0018,0.0000,0,0,0.0000,0,0.0000,0,0,0,366,0
575,1.5085,11.2094,0.0015,0.0000,0,0,0.0000,0,0.0000,0,0,0,372,0
576,3.7192,3.7337,0.0025,0.0000,0,0,0.0000,0,0.0000,0,0,0,326,0
577,1.4840,3.5913,0.0014,0.0000,0,0,0.0000,0,0.0000,0,0,0,326,0
578,1.4615,5.9240,0.0015,0.0000,0,0,0.0000,0,0.0000,0,0,0,376,0
579,1.4377,6.0784,0.0014,0.0000,0,0,0.0000,0,0.0000,0,0,0,366,0
580,1.4343,8.4677,0.0026,0.0000,0,0,0.0000,0,0.0000,0,0,0,366,0
581,1.4369,8.6435,0.0015,0.0000,0,0,0.0000,0,0.0000,0,0,0,372,0
582,1.4422,11.0597,0.0025,0.0000,0,0,0.0000,0,0.0000,0,0,0,366,0
583,1.5085,11.2615,0.0017,0.0000,0,0,0.0000,0,0.0000,0,0,0,372,0
584,3.7192,3.7995,0.0022,0.0000,0,0,0.0000,0,0.0000,0,0,0,326,0
585,1.4840,3.5983,0.0010,0.0000,0,0,0.0000,0,0.0000,0,0,0,326,0
586,1.4615,6.0151,0.0010,0.0000,0,0,0.0000,0,0.0000,0,0,0,375,0
587,1.4377,6.1501,0.0010,0.0000,0,0,0.0000,0,0.0000,0,0,0,379,0
588,1.4343,8.5822,0.0010,0.0000,0,0,0.0000,0,0.0000,0,0,0,366,0
589,1.4369,8.7797,0.0012,0.0000,0,0,0.0000,0,0.0000,0,0,0,376,0
590,1.4422,11.3600,0.0013,0.0000,0,0,0.0000,0,0.0000,0,0,0,366,0
591,1.5085,11.5503,0.0013,0.0000,0,0,0.0000,0,0.0000,0,0,0,366,0
592,3.7192,3.6126,0.0013,0.0000,0,0,0.0000,0,0.0000,0,0,0,326,0
593,1.4840,3.5508,0.0012,0.0000,0,0,0.0000,0,0.0000,0,0,0,326,0
594,1.4615,5.9518,0.0010,0.0000,0,0,0.0000,0,0.0000,0,0,0,370,0
595,1.4377,6.1318,0.0010,0.0000,0,0,0.0000,0,0.0000,0,0,0,371,0
596,1.4343,8.5870,0.0010,0.0000,0,0,0.0000,0,0.0000,0,0,0,366,0
597,1.4369,8.7948,0.0010,0.0000,0,0,0.0000,0,0.0000,0,0,0,366,0
598,1.4422,11.3402,0.0011,0.0000,0,0,0.0000,0,0.0000,0,0,0,366,0
599,1.5085,11.5404,0.0010,0.0000,0,0,0.0000,0,0.0000,0,0,0,366,0
600,3.7192,3.5085,0.0014,0.0000,0,0,0.0000,0,0.0000,0,0,0,326,0
601,1.4840,3.5598,0.0010,0.0000,0,0,0.0000,0,0.0000,0,0,0,326,0
602,1.4615,5.9688,0.0019,0.0000,0,0,0.0000,0,0.0000,0,0,0,381,0
603,1.4377,6.1133,0.0014,0.0000,0,0,0.0000,0,0.0000,0,0,0,390,0
604,1.4343,8.5475,0.0013,0.0000,0,0,0.0000,0,0.0000,0,0,0,386,0
605,1.4369,8.7892,0.0013,0.0000,0,0,0.0000,0,0.0000,0,0,0,406,0
606,1.4422,11.2901,0.0014,0.0000,0,0,0.0000,0,0.0000,0,0,0,389,0
607,1.5085,11.4854,0.0012,0.0000,0,0,0.0000,0,0.0000,0,0,0,375,0
608,3.7192,3.5525,0.0013,0.0000,0,0,0.0000,0,0.0000,0,0,0,326,0
609,1.4840,3.5967,0.0012,0.0000,0,0,0.0000,0,0.0000,0,0,0,326,0
610,1.4615,5.9129,0.0014,0.0000,0,0,0.0000,0,0.0000,0,0,0,366,0
611,1.4377,6.1247,0.0011,0.0000,0,0,0.0000,0,0.0000,0,0,0,374,0
612,1.4343,8.5017,0.0013,0.0000,0,0,0.0000,0,0.0000,0,0,0,366,0
613,1.4369,8.7233,0.0012,0.0000,0,0,0.0000,0,0.0000,0,0,0,366,0
614,1.4422,11.1893,0.0013,0.0000,0,0,0.0000,0,0.0000,0,0,0,366,0
615,1.5085,11.3960,0.0013,0.0000,0,0,0.0000,0,0.0000,0,0,0,366,0
616,3.7192,3.5655,0.0013,0.0000,0,0,0.0000,0,0.0000,0,0,0,326,0
617,1.4840,3.5882,0.0013,0.0000,0,0,0.0000,0,0.0000,0,0,0,326,0
618,1.4615,5.9563,0.0015,0.0000,0,0,0.0000,0,0.0000,0,0,0,366,0
619,1.4377,6.1205,0.0015,0.0000,0,0,0.0000,0,0.0000,0,0,0,377,0
620,1.4343,8.5403,0.0015,0.0000,0,0,0.0000,0,0.0000,0,0,0,366,0
621,1.4369,8.7335,0.0015,0.0000,0,0,0.0000,0,0.0000,0,0,0,366,0
622,1.4422,11.3059,0.0015,0.0000,0,0,0.0000,0,0.0000,0,0,0,366,0
623,1.5085,11.4200,0.0013,0.0000,0,0,0.0000,0,0.0000,0,0,0,366,0
624,3.7192,4.2316,0.0017,0.0000,0,0,0.0000,0,0.0000,0,0,0,326,0
625,1.4840,3.6571,0.0015,0.0000,0,0,0.0000,0,0.0000,0,0,0,326,0
626,1.4615,5.6547,0.0015,0.0000,0,0,0.0000,0,0.0000,0,0,0,366,0
627,1.4377,6.1689,0.0073,0.0000,0,0,0.0000,0,0.0000,0,0,0,378,0
628,1.4343,8.1487,0.0016,0.0000,0,0,0.0000,0,0.0000,0,0,0,366,0
629,1.4369,8.4318,0.0015,0.0000,0,0,0.0000,0,0.0000,0,0,0,366,0
630,1.4422,10.5996,0.0015,0.0000,0,0,0.0000,0,0.0000,0,0,0,366,0
631,1.5085,11.0457,0.0018,0.0000,0,0,0.0000,0,0.0000,0,0,0,366,0
632,3.7192,3.8490,0.0020,0.0000,0,0,0.0000,0,0.0000,0,0,0,326,0
633,1.4840,3.7095,0.0016,0.0000,0,0,0.0000,0,0.0000,0,0,0,326,0
634,1.4615,5.5734,0.0012,0.0000,0,0,0.0000,0,0.0000,0,0,0,366,0
635,1.4377,5.9448,0.0011,0.0000,0,0,0.0000,0,0.0000,0,0,0,372,0
636,1.4343,8.0235,0.0018,0.0000,0,0,0.0000,0,0.0000,0,0,0,366,0
637,1.4369,8.4387,0.0011,0.0000,0,0,0.0000,0,0.0000,0,0,0,366,0
638,1.4422,10.4843,0.0016,0.0000,0,0,0.0000,0,0.0000,0,0,0,366,0
639,1.5085,10.8891,0.0015,0.0000,0,0,0.0000,0,0.0000,0,0,0,366,0
640,3.7192,3.7499,0.0026,0.0000,0,0,0.0000,0,0.0000,0,0,0,326,0
641,1.4840,3.5980,0.0010,0.0000,0,0,0.0000,0,0.0000,0,0,0,326,0
642,1.4615,5.9890,0.0009,0.0000,0,0,0.0000,0,0.0000,0,0,0,366,0
643,1.4377,6.1496,0.0010,0.0000,0,0,0.0000,0,0.0000,0,0,0,371,0
644,1.4343,8.5785,0.0010,0.0000,0,0,0.0000,0,0.0000,0,0,0,371,0
645,1.4369,8.8096,0.0010,0.0000,0,0,0.0000,0,0.0000,0,0,0,377,0
646,1.4422,11.2774,0.0011,0.0000,0,0,0.0000,0,0.0000,0,0,0,366,0
647,1.5085,11.5715,0.0010,0.0000,0,0,0.0000,0,0.0000,0,0,0,366,0
648,3.7192,3.6252,0.0013,0.0000,0,0,0.0000,0,0.0000,0,0,0,326,0
649,1.4840,3.5483,0.0010,0.0000,0,0,0.0000,0,0.0000,0,0,0,326,0
650,1.4615,6.0250,0.0010,0.0000,0,0,0.0000,0,0.0000,0,0,0,366,0
651,1.4377,6.1414,0.0010,0.0000,0,0,0.0000,0,0.0000,0,0,0,366,0
652,1.4343,8.6579,0.0010,0.0000,0,0,0.0000,0,0.0000,0,0,0,366,0
653,1.4369,8.8254,0.0010,0.0000,0,0,0.0000,0,0.0000,0,0,0,377,0
654,1.4422,11.4086,0.0013,0.0000,0,0,0.0000,0,0.0000,0,0,0,366,0
655,1.5085,11.5735,0.0011,0.0000,0,0,0.0000,0,0.0000,0,0,0,366,0
656,3.7192,3.5793,0.0019,0.0000,0,0,0.0000,0,0.0000,0,0,0,326,0
657,1.4840,3.5273,0.0013,0.0000,0,0,0.0000,0,0.0000,0,0,0,326,0
658,1.4615,5.9821,0.0010,0.0000,0,0,0.0000,0,0.0000,0,0,0,366,0
659,1.4377,6.0904,0.0012,0.0000,0,0,0.0000,0,0.0000,0,0,0,373,0
660,1.4343,8.5475,0.0011,0.0000,0,0,0.0000,0,0.0000,0,0,0,372,0
661,1.4369,8.7012,0.0012,0.0000,0,0,0.0000,0,0.0000,0,0,0,393,0
662,1.4422,11.2305,0.0011,0.0000,0,0,0.0000,0,0.0000,0,0,0,382,0
663,1.5085,11.3571,0.0012,0.0000,0,0,0.0000,0,0.0000,0,0,0,370,0
664,3.7192,3.5488,0.0013,0.0000,0,0,0.0000,0,0.0000,0,0,0,326,0
665,1.4840,3.5383,0.0011,0.0000,0,0,0.0000,0,0.0000,0,0,0,326,0
666,1.4615,5.9394,0.0012,0.0000,0,0,0.0000,0,0.0000,0,0,0,366,0
667,1.4377,6.0746,0.0010,0.0000,0,0,0.0000,0,0.0000,0,0,0,366,0
668,1.4343,8.5033,0.0013,0.0000,0,0,0.0000,0,0.0000,0,0,0,366,0
669,1.4369,8.6798,0.0013,0.0000,0,0,0.0000,0,0.0000,0,0,0,366,0
670,1.4422,11.1862,0.0028,0.0000,0,0,0.0000,0,0.0000,0,0,0,366,0
671,1.5085,11.3559,0.0018,0.0000,0,0,0.0000,0,0.0000,0,0,0,375,0
672,3.7192,3.7458,0.0051,0.0000,0,0,0.0000,0,0.0000,0,0,0,326,0
673,1.4840,3.5722,0.0010,0.0000,0,0,0.0000,0,0.0000,0,0,0,326,0
674,1.4615,5.8920,0.0013,0.0000,0,0,0.0000,0,0.0000,0,0,0,366,0
675,1.4377,6.0789,0.0010,0.0000,0,0,0.0000,0,0.0000,0,0,0,366,0
676,1.4343,8.4509,0.0011,0.0000,0,0,0.0000,0,0.0000,0,0,0,366,0
677,1.4369,8.6248,0.0009,0.0000,0,0,0.0000,0,0.0000,0,0,0,366,0
678,1.4422,11.0917,0.0009,0.0000,0,0,0.0000,0,0.0000,0,0,0,366,0
679,1.5085,11.2730,0.0010,0.0000,0,0,0.0000,0,0.0000,0,0,0,372,0
680,3.7192,3.6489,0.0010,0.0000,0,0,0.0000,0,0.0000,0,0,0,326,0
681,1.4840,3.5548,0.0010,0.0000,0,0,0.0000,0,0.0000,0,0,0,326,0
682,1.4615,6.0154,0.0010,0.0000,0,0,0.0000,0,0.0000,0,0,0,366,0
683,1.4377,6.1370,0.0010,0.0000,0,0,0.0000,0,0.0000,0,0,0,366,0
684,1.4343,8.6443,0.0010,0.0000,0,0,0.0000,0,0.0000,0,0,0,366,0
685,1.4369,8.8326,0.0010,0.0000,0,0,0.0000,0,0.0000,0,0,0,366,0
686,1.4422,11.4177,0.0010,0.0000,0,0,0.0000,0,0.0000,0,0,0,366,0
687,1.5085,11.5565,0.0009,0.0000,0,0,0.0000,0,0.0000,0,0,0,372,0
688,3.7192,3.6812,0.0017,0.0000,0,0,0.0000,0,0.0000,0,0,0,326,0
689,1.4840,3.5593,0.0015,0.0000,0,0,0.0000,0,0.0000,0,0,0,326,0
690,1.4615,6.0266,0.0009,0.0000,0,0,0.0000,0,0.0000,0,0,0,375,0
691,1.4377,6.1347,0.0010,0.0000,0,0,0.0000,0,0.0000,0,0,0,366,0
692,1.4343,8.7127,0.0013,0.0000,0,0,0.0000,0,0.0000,0,0,0,366,0
693,1.4369,8.8116,0.0011,0.0000,0,0,0.0000,0,0.0000,0,0,0,373,0
694,1.4422,11.4358,0.0015,0.0000,0,0,0.0000,0,0.0000,0,0,0,366,0
695,1.5085,11.5621,0.0013,0.0000,0,0,0.0000,0,0.0000,0,0,0,379,0
696,3.7192,3.5802,0.0014,0.0000,0,0,0.0000,0,0.0000,0,0,0,326,0
697,1.4840,3.5438,0.0012,0.0000,0,0,0.0000,0,0.0000,0,0,0,326,0
698,1.4615,5.9917,0.0013,0.0000,0,0,0.0000,0,0.0000,0,0,0,366,0
699,1.4377,6.0645,0.0012,0.0000,0,0,0.0000,0,0.0000,0,0,0,366,0
700,1.4343,8.5573,0.0013,0.0000,0,0,0.0000,0,0.0000,0,0,0,366,0
701,1.4369,8.6836,0.0013,0.0000,0,0,0.0000,0,0.0000,0,0,0,366,0
702,1.4422,11.2282,0.0010,0.0000,0,0,0.0000,0,0.0000,0,0,0,366,0
703,1.5085,11.3457,0.0010,0.0000,0,0,0.0000,0,0.0000,0,0,0,366,0
704,3.7192,3.5926,0.0013,0.0000,0,0,0.0000,0,0.0000,0,0,0,326,0
705,1.4840,3.5878,0.0013,0.0000,0,0,0.0000,0,0.0000,0,0,0,326,0
706,1.4615,5.9196,0.0011,0.0000,0,0,0.0000,0,0.0000,0,0,0,366,0
707,1.4377,6.1443,0.0011,0.0000,0,0,0.0000,0,0.0000,0,0,0,366,0
708,1.4343,8.5099,0.0013,0.0000,0,0,0.0000,0,0.0000,0,0,0,366,0
709,1.4369,8.7583,0.0013,0.0000,0,0,0.0000,0,0.0000,0,0,0,366,0
710,1.4422,11.2338,0.0013,0.0000,0,0,0.0000,0,0.0000,0,0,0,366,0
711,1.5085,11.4367,0.0015,0.0000,0,0,0.0000,0,0.0000,0,0,0,366,0
712,3.7192,3.6887,0.0017,0.0000,0,0,0.0000,0,0.0000,0,0,0,326,0
713,1.4840,3.6197,0.0015,0.0000,0,0,0.0000,0,0.0000,0,0,0,326,0
714,1.4615,6.8475,0.0070,0.0000,0,0,0.0000,0,0.0000,0,0,0,366,0
715,1.4377,6.8674,0.0015,0.0000,0,0,0.0000,0,0.0000,0,0,0,377,0
716,1.4343,9.4675,0.0015,0.0000,0,0,0.0000,0,0.0000,0,0,0,366,0
717,1.4369,9.3044,0.0025,0.0000,0,0,0.0000,0,0.0000,0,0,0,373,0
718,1.4422,11.1565,0.0019,0.0000,0,0,0.0000,0,0.0000,0,0,0,379,0
719,1.5085,11.1938,0.0016,0.0000,0,0,0.0000,0,0.0000,0,0,0,366,0
720,3.7192,3.7068,0.0038,0.0000,0,0,0.0000,0,0.0000,0,0,0,326,0
721,1.4840,3.6030,0.0013,0.0000,0,0,0.0000,0,0.0000,0,0,0,326,0
722,1.4615,5.8776,0.0010,0.0000,0,0,0.0000,0,0.0000,0,0,0,366,0
723,1.4377,6.0634,0.0010,0.0000,0,0,0.0000,0,0.0000,0,0,0,366,0
724,1.4343,8.4515,0.0010,0.0000,0,0,0.0000,0,0.0000,0,0,0,366,0
725,1.4369,8.6187,0.0010,0.0000,0,0,0.0000,0,0.0000,0,0,0,366,0
726,1.4422,11.0764,0.0010,0.0000,0,0,0.0000,0,0.0000,0,0,0,366,0
727,1.5085,11.2769,0.0010,0.0000,0,0,0.0000,0,0.0000,0,0,0,366,0
728,3.7192,3.6380,0.0011,0.0000,0,0,0.0000,0,0.0000,0,0,0,326,0
729,1.4840,3.5770,0.0009,0.0000,0,0,0.0000,0,0.0000,0,0,0,326,0
730,1.4615,5.9247,0.0012,0.0000,0,0,0.0000,0,0.0000,0,0,0,366,0
731,1.4377,6.1223,0.0010,0.0000,0,0,0.0000,0,0.0000,0,0,0,366,0
732,1.4343,8.5635,0.0010,0.0000,0,0,0.0000,0,0.0000,0,0,0,366,0
733,1.4369,8.7950,0.0009,0.0000,0,0,0.0000,0,0.0000,0,0,0,366,0
734,1.4422,11.3030,0.0009,0.0000,0,0,0.0000,0,0.0000,0,0,0,366,0
735,1.5085,11.5056,0.0009,0.0000,0,0,0.0000,0,0.0000,0,0,0,366,0
736,3.7192,3.5329,0.0010,0.0000,0,0,0.0000,0,0.0000,0,0,0,326,0
737,1.4840,3.5483,0.0010,0.0000,0,0,0.0000,0,0.0000,0,0,0,326,0
738,1.4615,5.9334,0.0012,0.0000,0,0,0.0000,0,0.0000,0,0,0,366,0
739,1.4377,6.0864,0.0011,0.0000,0,0,0.0000,0,0.0000,0,0,0,366,0
740,1.4343,8.5385,0.0012,0.0000,0,0,0.0000,0,0.0000,0,0,0,366,0
741,1.4369,8.6864,0.0010,0.0000,0,0,0.0000,0,0.0000,0,0,0,366,0
742,1.4422,11.1805,0.0014,0.0000,0,0,0.0000,0,0.0000,0,0,0,366,0
743,1.5085,11.3172,0.0010,0.0000,0,0,0.0000,0,0.0000,0,0,0,366,0
744,3.7192,3.6297,0.0014,0.0000,0,0,0.0000,0,0.0000,0,0,0,326,0
745,1.4840,3.5492,0.0012,0.0000,0,0,0.0000,0,0.0000,0,0,0,326,0
746,1.4615,5.9633,0.0013,0.0000,0,0,0.0000,0,0.0000,0,0,0,366,0
747,1.4377,6.0877,0.0012,0.0000,0,0,0.0000,0,0.0000,0,0,0,366,0
748,1.4343,8.5203,0.0011,0.0000,0,0,0.0000,0,0.0000,0,0,0,366,0
749,1.4369,8.6878,0.0011,0.0000,0,0,0.0000,0,0.0000,0,0,0,366,0
750,1.4422,11.2284,0.0013,0.0000,0,0,0.0000,0,0.0000,0,0,0,366,0
751,1.5085,11.3434,0.0011,0.0000,0,0,0.0000,0,0.0000,0,0,0,370,0
752,3.7192,3.5427,0.0013,0.0000,0,0,0.0000,0,0.0000,0,0,0,326,0
753,1.4840,3.5369,0.0012,0.0000,0,0,0.0000,0,0.0000,0,0,0,326,0
754,1.4615,5.9465,0.0014,0.0000,0,0,0.0000,0,0.0000,0,0,0,366,0
755,1.4377,6.0591,0.0014,0.0000,0,0,0.0000,0,0.0000,0,0,0,366,0
756,1.4343,8.5194,0.0015,0.0000,0,0,0.0000,0,0.0000,0,0,0,366,0
757,1.4369,8.6762,0.0014,0.0000,0,0,0.0000,0,0.0000,0,0,0,376,0
758,1.4422,11.1877,0.0014,0.0000,0,0,0.0000,0,0.0000,0,0,0,366,0
759,1.5085,11.3503,0.0014,0.0000,0,0,0.0000,0,0.0000,0,0,0,375,0
760,3.7192,3.6127,0.0032,0.0000,0,0,0.0000,0,0.0000,0,0,0,326,0
761,1.4840,3.5788,0.0019,0.0000,0,0,0.0000,0,0.0000,0,0,0,326,0
762,1.4615,6.0347,0.0017,0.0000,0,0,0.0000,0,0.0000,0,0,0,366,0
763,1.4377,6.0183,0.0014,0.0000,0,0,0.0000,0,0.0000,0,0,0,366,0
764,1.4343,8.4457,0.0013,0.0000,0,0,0.0000,0,0.0000,0,0,0,366,0
765,1.4369,8.5596,0.0013,0.0000,0,0,0.0000,0,0.0000,0,0,0,376,0
766,1.4422,11.0338,0.0013,0.0000,0,0,0.0000,0,0.0000,0,0,0,366,0
767,1.5085,11.1204,0.0012,0.0000,0,0,0.0000,0,0.0000,0,0,0,385,0
768,3.7192,3.6495,0.0013,0.0000,0,0,0.0000,0,0.0000,0,0,0,326,0
769,1.4840,3.5526,0.0012,0.0000,0,0,0.0000,0,0.0000,0,0,0,326,0
770,1.4615,5.9279,0.0012,0.0000,0,0,0.0000,0,0.0000,0,0,0,366,0
771,1.4377,6.1444,0.0010,0.0000,0,0,0.0000,0,0.0000,0,0,0,380,0
772,1.4343,8.5802,0.0009,0.0000,0,0,0.0000,0,0.0000,0,0,0,366,0
773,1.4369,8.8183,0.0008,0.0000,0,0,0.0000,0,0.0000,0,0,0,372,0
774,1.4422,11.2677,0.0008,0.0000,0,0,0.0000,0,0.0000,0,0,0,378,0
775,1.5085,11.5218,0.0008,0.0000,0,0,0.0000,0,0.0000,0,0,0,371,0
776,3.7192,3.7064,0.0016,0.0000,0,0,0.0000,0,0.0000,0,0,0,326,0
777,1.4840,3.5569,0.0009,0.0000,0,0,0.0000,0,0.0000,0,0,0,326,0
778,1.4615,6.0823,0.0009,0.0000,0,0,0.0000,0,0.0000,0,0,0,366,0
779,1.4377,6.2170,0.0010,0.0000,0,0,0.0000,0,0.0000,0,0,0,366,0
780,1.4343,8.7716,0.0008,0.0000,0,0,0.0000,0,0.0000,0,0,0,366,0
781,1.4369,8.9207,0.0007,0.0000,0,0,0.0000,0,0.0000,0,0,0,366,0
782,1.4422,11.5272,0.0008,0.0000,0,0,0.0000,0,0.0000,0,0,0,366,0
783,1.5085,11.7062,0.0007,0.0000,0,0,0.0000,0,0.0000,0,0,0,384,0
784,3.7192,3.5315,0.0009,0.0000,0,0,0.0000,0,0.0000,0,0,0,326,0
785,1.4840,3.5206,0.0008,0.0000,0,0,0.0000,0,0.0000,0,0,0,326,0
786,1.4615,6.0220,0.0008,0.0000,0,0,0.0000,0,0.0000,0,0,0,366,0
787,1.4377,6.1462,0.0008,0.0000,0,0,0.0000,0,0.0000,0,0,0,366,0
788,1.4343,8.7118,0.0009,0.0000,0,0,0.0000,0,0.0000,0,0,0,366,0
789,1.4369,8.8611,0.0008,0.0000,0,0,0.0000,0,0.0000,0,0,0,366,0
790,1.4422,11.5762,0.0009,0.0000,0,0,0.0000,0,0.0000,0,0,0,366,0
791,1.5085,11.6313,0.0008,0.0000,0,0,0.0000,0,0.0000,0,0,0,366,0
792,3.7192,3.5125,0.0010,0.0000,0,0,0.0000,0,0.0000,0,0,0,326,0
793,1.4840,3.5226,0.0010,0.0000,0,0,0.0000,0,0.0000,0,0,0,326,0
794,1.4615,6.0103,0.0010,0.0000,0,0,0.0000,0,0.0000,0,0,0,366,0
795,1.4377,6.1238,0.0009,0.0000,0,0,0.0000,0,0.0000,0,0,0,366,0
796,1.4343,8.6519,0.0008,0.0000,0,0,0.0000,0,0.0000,0,0,0,366,0
797,1.4369,8.7845,0.0009,0.0000,0,0,0.0000,0,0.0000,0,0,0,366,0
798,1.4422,11.3852,0.0012,0.0000,0,0,0.0000,0,0.0000,0,0,0,366,0
799,1.5085,11.5297,0.0012,0.0000,0,0,0.0000,0,0.0000,0,0,0,366,0
800,3.7192,3.7047,0.0011,0.0000,0,0,0.0000,0,0.0000,0,0,0,326,0
801,1.4840,3.5540,0.0011,0.0000,0,0,0.0000,0,0.0000,0,0,0,326,0
802,1.4615,6.0582,0.0010,0.0000,0,0,0.0000,0,0.0000,0,0,0,366,0
803,1.4377,6.1567,0.0010,0.0000,0,0,0.0000,0,0.0000,0,0,0,366,0
804,1.4343,8.6913,0.0010,0.0000,0,0,0.0000,0,0.0000,0,0,0,366,0
805,1.4369,8.8393,0.0011,0.0000,0,0,0.0000,0,0.0000,0,0,0,371,0
806,1.4422,11.4473,0.0010,0.0000,0,0,0.0000,0,0.0000,0,0,0,366,0
807,1.5085,11.5554,0.0010,0.0000,0,0,0.0000,0,0.0000,0,0,0,366,0
808,3.7192,3.4912,0.0012,0.0000,0,0,0.0000,0,0.0000,0,0,0,326,0
809,1.4840,3.5567,0.0010,0.0000,0,0,0.0000,0,0.0000,0,0,0,326,0
810,1.4615,5.9640,0.0013,0.0000,0,0,0.0000,0,0.0000,0,0,0,366,0
811,1.4377,6.1393,0.0011,0.0000,0,0,0.0000,0,0.0000,0,0,0,366,0
812,1.4343,8.5876,0.0009,0.0000,0,0,0.0000,0,0.0000,0,0,0,366,0
813,1.4369,8.7996,0.0010,0.0000,0,0,0.0000,0,0.0000,0,0,0,372,0
814,1.4422,11.3646,0.0014,0.0000,0,0,0.0000,0,0.0000,0,0,0,371,0
815,1.5085,11.5219,0.0010,0.0000,0,0,0.0000,0,0.0000,0,0,0,366,0
816,3.7192,3.7678,0.0017,0.0000,0,0,0.0000,0,0.0000,0,0,0,326,0
817,1.4840,3.5662,0.0008,0.0000,0,0,0.0000,0,0.0000,0,0,0,326,0
818,1.4615,6.0386,0.0008,0.0000,0,0,0.0000,0,0.0000,0,0,0,366,0
819,1.4377,6.1574,0.0008,0.0000,0,0,0.0000,0,0.0000,0,0,0,366,0
820,1.4343,8.6820,0.0009,0.0000,0,0,0.0000,0,0.0000,0,0,0,366,0
821,1.4369,8.8554,0.0009,0.0000,0,0,0.0000,0,0.0000,0,0,0,371,0
822,1.4422,11.4260,0.0009,0.0000,0,0,0.0000,0,0.0000,0,0,0,366,0
823,1.5085,11.6042,0.0009,0.0000,0,0,0.0000,0,0.0000,0,0,0,372,0
824,3.7192,3.5778,0.0010,0.0000,0,0,0.0000,0,0.0000,0,0,0,326,0
825,1.4840,3.5342,0.0009,0.0000,0,0,0.0000,0,0.0000,0,0,0,326,0
826,1.4615,5.9919,0.0009,0.0000,0,0,0.0000,0,0.0000,0,0,0,366,0
827,1.4377,6.1349,0.0009,0.0000,0,0,0.0000,0,0.0000,0,0,0,366,0
828,1.4343,8.6415,0.0009,0.0000,0,0,0.0000,0,0.0000,0,0,0,366,0
829,1.4369,8.8283,0.0008,0.0000,0,0,0.0000,0,0.0000,0,0,0,377,0
830,1.4422,11.4166,0.0010,0.0000,0,0,0.0000,0,0.0000,0,0,0,374,0
831,1.5085,11.6036,0.0014,0.0000,0,0,0.0000,0,0.0000,0,0,0,380,0
832,3.7192,3.5473,0.0012,0.0000,0,0,0.0000,0,0.0000,0,0,0,326,0
833,1.4840,3.5392,0.0010,0.0000,0,0,0.0000,0,0.0000,0,0,0,326,0
834,1.4615,5.9447,0.0011,0.0000,0,0,0.0000,0,0.0000,0,0,0,366,0
835,1.4377,6.1343,0.0009,0.0000,0,0,0.0000,0,0.0000,0,0,0,366,0
836,1.4343,8.5751,0.0010,0.0000,0,0,0.0000,0,0.0000,0,0,0,366,0
837,1.4369,8.8193,0.0010,0.0000,0,0,0.0000,0,0.0000,0,0,0,379,0
838,1.4422,11.3983,0.0010,0.0000,0,0,0.0000,0,0.0000,0,0,0,366,0
839,1.5085,11.5524,0.0009,0.0000,0,0,0.0000,0,0.0000,0,0,0,380,0
840,3.7192,3.4910,0.0011,0.0000,0,0,0.0000,0,0.0000,0,0,0,326,0
841,1.4840,3.5417,0.0010,0.0000,0,0,0.0000,0,0.0000,0,0,0,326,0
842,1.4615,5.9569,0.0015,0.0000,0,0,0.0000,0,0.0000,0,0,0,366,0
843,1.4377,6.1402,0.0013,0.0000,0,0,0.0000,0,0.0000,0,0,0,366,0
844,1.4343,8.5773,0.0011,0.0000,0,0,0.0000,0,0.0000,0,0,0,366,0
845,1.4369,8.8133,0.0011,0.0000,0,0,0.0000,0,0.0000,0,0,0,366,0
846,1.4422,11.2988,0.0015,0.0000,0,0,0.0000,0,0.0000,0,0,0,366,0
847,1.5085,11.5465,0.0012,0.0000,0,0,0.0000,0,0.0000,0,0,0,380,0
848,3.7192,3.5222,0.0013,0.0000,0,0,0.0000,0,0.0000,0,0,0,326,0
849,1.4840,3.5513,0.0014,0.0000,0,0,0.0000,0,0.0000,0,0,0,326,0
850,1.4615,5.8924,0.0011,0.0000,0,0,0.0000,0,0.0000,0,0,0,366,0
851,1.4377,6.0593,0.0012,0.0000,0,0,0.0000,0,0.0000,0,0,0,366,0
852,1.4343,8.4615,0.0012,0.0000,0,0,0.0000,0,0.0000,0,0,0,366,0
853,1.4369,8.6422,0.0013,0.0000,0,0,0.0000,0,0.0000,0,0,0,366,0
854,1.4422,11.1161,0.0013,0.0000,0,0,0.0000,0,0.0000,0,0,0,366,0
855,1.5085,11.3122,0.0013,0.0000,0,0,0.0000,0,0.0000,0,0,0,390,0
856,3.7192,3.6384,0.0016,0.0000,0,0,0.0000,0,0.0000,0,0,0,326,0
857,1.4840,3.6025,0.0015,0.0000,0,0,0.0000,0,0.0000,0,0,0,326,0
858,1.4615,5.9832,0.0014,0.0000,0,0,0.0000,0,0.0000,0,0,0,366,0
859,1.4377,6.1310,0.0014,0.0000,0,0,0.0000,0,0.0000,0,0,0,366,0
860,1.4343,8.5871,0.0015,0.0000,0,0,0.0000,0,0.0000,0,0,0,366,0
861,1.4369,8.7427,0.0020,0.0000,0,0,0.0000,0,0.0000,0,0,0,370,0
862,1.4422,11.2713,0.0017,0.0000,0,0,0.0000,0,0.0000,0,0,0,366,0
863,1.5085,11.4140,0.0015,0.0000,0,0,0.0000,0,0.0000,0,0,0,382,0
864,3.7192,3.6072,0.0015,0.0000,0,0,0.0000,0,0.0000,0,0,0,326,0
865,1.4840,3.5733,0.0014,0.0000,0,0,0.0000,0,0.0000,0,0,0,326,0
866,1.4615,6.6491,0.0077,0.0000,0,0,0.0000,0,0.0000,0,0,0,366,0
867,1.4377,6.6620,0.0013,0.0000,0,0,0.0000,0,0.0000,0,0,0,366,0
868,1.4343,9.3355,0.0046,0.0000,0,0,0.0000,0,0.0000,0,0,0,366,0
869,1.4369,9.1903,0.0015,0.0000,0,0,0.0000,0,0.0000,0,0,0,374,0
870,1.4422,14.4934,0.0048,0.0000,0,0,0.0000,0,0.0000,0,0,0,371,0
871,1.5085,14.4380,0.0017,0.0000,0,0,0.0000,0,0.0000,0,0,0,375,0
872,3.7192,4.9122,0.0025,0.0000,0,0,0.0000,0,0.0000,0,0,0,326,0
873,1.4840,3.6979,0.0015,0.0000,0,0,0.0000,0,0.0000,0,0,0,326,0
874,1.4615,5.5616,0.0015,0.0000,0,0,0.0000,0,0.0000,0,0,0,366,0
875,1.4377,6.2550,0.0043,0.0000,0,0,0.0000,0,0.0000,0,0,0,366,0
876,1.4343,8.2458,0.0030,0.0000,0,0,0.0000,0,0.0000,0,0,0,366,0
877,1.4369,8.6872,0.0018,0.0000,0,0,0.0000,0,0.0000,0,0,0,366,0
878,1.4422,10.7238,0.0018,0.0000,0,0,0.0000,0,0.0000,0,0,0,380,0
879,1.5085,11.2130,0.0015,0.0000,0,0,0.0000,0,0.0000,0,0,0,371,0
880,3.7192,3.6642,0.0018,0.0000,0,0,0.0000,0,0.0000,0,0,0,326,0
881,1.4840,3.5811,0.0015,0.0000,0,0,0.0000,0,0.0000,0,0,0,326,0
882,1.4615,6.4936,0.0049,0.0000,0,0,0.0000,0,0.0000,0,0,0,366,0
883,1.4377,6.2865,0.0049,0.0000,0,0,0.0000,0,0.0000,0,0,0,366,0
884,1.4343,8.4469,0.0017,0.0000,0,0,0.0000,0,0.0000,0,0,0,366,0
885,1.4369,8.6154,0.0015,0.0000,0,0,0.0000,0,0.0000,0,0,0,366,0
886,1.4422,12.5300,0.0037,0.0000,0,0,0.0000,0,0.0000,0,0,0,377,0
887,1.5085,12.4819,0.0014,0.0000,0,0,0.0000,0,0.0000,0,0,0,415,0
888,3.7192,3.7160,0.0023,0.0000,0,0,0.0000,0,0.0000,0,0,0,326,0
889,1.4840,3.6043,0.0016,0.0000,0,0,0.0000,0,0.0000,0,0,0,326,0
890,1.4615,5.8628,0.0011,0.0000,0,0,0.0000,0,0.0000,0,0,0,366,0
891,1.4377,6.0470,0.0011,0.0000,0,0,0.0000,0,0.0000,0,0,0,366,0
892,1.4343,8.3725,0.0014,0.0000,0,0,0.0000,0,0.0000,0,0,0,366,0
893,1.4369,8.5735,0.0011,0.0000,0,0,0.0000,0,0.0000,0,0,0,366,0
894,1.4422,11.0198,0.0013,0.0000,0,0,0.0000,0,0.0000,0,0,0,366,0
895,1.5085,11.2077,0.0012,0.0000,0,0,0.0000,0,0.0000,0,0,0,366,0
896,3.7192,3.6332,0.0012,0.0000,0,0,0.0000,0,0.0000,0,0,0,326,0
897,1.4840,3.6204,0.0010,0.0000,0,0,0.0000,0,0.0000,0,0,0,326,0
898,1.4615,5.9778,0.0012,0.0000,0,0,0.0000,0,0.0000,0,0,0,366,0
899,1.4377,6.1471,0.0013,0.0000,0,0,0.0000,0,0.0000,0,0,0,366,0
900,1.4343,8.5609,0.0012,0.0000,0,0,0.0000,0,0.0000,0,0,0,366,0
901,1.4369,8.8223,0.0021,0.0000,0,0,0.0000,0,0.0000,0,0,0,366,0
902,1.4422,11.2861,0.0015,0.0000,0,0,0.0000,0,0.0000,0,0,0,366,0
903,1.5085,11.5188,0.0012,0.0000,0,0,0.0000,0,0.0000,0,0,0,366,0
904,3.7192,3.5593,0.0013,0.0000,0,0,0.0000,0,0.0000,0,0,0,326,0
905,1.4840,3.5991,0.0013,0.0000,0,0,0.0000,0,0.0000,0,0,0,326,0
906,1.4615,5.9345,0.0011,0.0000,0,0,0.0000,0,0.0000,0,0,0,366,0
907,1.4377,6.1233,0.0012,0.0000,0,0,0.0000,0,0.0000,0,0,0,366,0
908,1.4343,8.5160,0.0011,0.0000,0,0,0.0000,0,0.0000,0,0,0,366,0
909,1.4369,8.7313,0.0012,0.0000,0,0,0.0000,0,0.0000,0,0,0,366,0
910,1.4422,11.2074,0.0009,0.0000,0,0,0.0000,0,0.0000,0,0,0,366,0
911,1.5085,11.3968,0.0010,0.0000,0,0,0.0000,0,0.0000,0,0,0,366,0
912,3.7192,3.8655,0.0042,0.0000,0,0,0.0000,0,0.0000,0,0,0,326,0
913,1.4840,3.5793,0.0011,0.0000,0,0,0.0000,0,0.0000,0,0,0,326,0
914,1.4615,6.0511,0.0010,0.0000,0,0,0.0000,0,0.0000,0,0,0,366,0
915,1.4377,6.1316,0.0010,0.0000,0,0,0.0000,0,0.0000,0,0,0,366,0
916,1.4343,8.7060,0.0009,0.0000,0,0,0.0000,0,0.0000,0,0,0,366,0
917,1.4369,8.8366,0.0010,0.0000,0,0,0.0000,0,0.0000,0,0,0,366,0
918,1.4422,11.4812,0.0015,0.0000,0,0,0.0000,0,0.0000,0,0,0,366,0
919,1.5085,11.6030,0.0012,0.0000,0,0,0.0000,0,0.0000,0,0,0,366,0
920,3.7192,3.5702,0.0011,0.0000,0,0,0.0000,0,0.0000,0,0,0,326,0
921,1.4840,3.5676,0.0010,0.0000,0,0,0.0000,0,0.0000,0,0,0,326,0
922,1.4615,5.9960,0.0010,0.0000,0,0,0.0000,0,0.0000,0,0,0,366,0
923,1.4377,6.1406,0.0010,0.0000,0,0,0.0000,0,0.0000,0,0,0,366,0
924,1.4343,8.6188,0.0010,0.0000,0,0,0.0000,0,0.0000,0,0,0,366,0
925,1.4369,8.8056,0.0010,0.0000,0,0,0.0000,0,0.0000,0,0,0,366,0
926,1.4422,11.3773,0.0013,0.0000,0,0,0.0000,0,0.0000,0,0,0,372,0
927,1.5085,11.5596,0.0011,0.0000,0,0,0.0000,0,0.0000,0,0,0,384,0
928,3.7192,3.7344,0.0020,0.0000,0,0,0.0000,0,0.0000,0,0,0,326,0
929,1.4840,3.5410,0.0011,0.0000,0,0,0.0000,0,0.0000,0,0,0,326,0
930,1.4615,6.0206,0.0010,0.0000,0,0,0.0000,0,0.0000,0,0,0,366,0
931,1.4377,6.1252,0.0010,0.0000,0,0,0.0000,0,0.0000,0,0,0,366,0
932,1.4343,8.6639,0.0011,0.0000,0,0,0.0000,0,0.0000,0,0,0,366,0
933,1.4369,8.8130,0.0013,0.0000,0,0,0.0000,0,0.0000,0,0,0,366,0
934,1.4422,11.4095,0.0012,0.0000,0,0,0.0000,0,0.0000,0,0,0,372,0
935,1.5085,11.5547,0.0013,0.0000,0,0,0.0000,0,0.0000,0,0,0,373,0
936,3.7192,3.7412,0.0013,0.0000,0,0,0.0000,0,0.0000,0,0,0,326,0
937,1.4840,3.5594,0.0011,0.0000,0,0,0.0000,0,0.0000,0,0,0,326,0
938,1.4615,6.0425,0.0012,0.0000,0,0,0.0000,0,0.0000,0,0,0,366,0
939,1.4377,6.1153,0.0010,0.0000,0,0,0.0000,0,0.0000,0,0,0,366,0
940,1.4343,8.5686,0.0013,0.0000,0,0,0.0000,0,0.0000,0,0,0,366,0
941,1.4369,8.7267,0.0012,0.0000,0,0,0.0000,0,0.0000,0,0,0,366,0
942,1.4422,11.2719,0.0016,0.0000,0,0,0.0000,0,0.0000,0,0,0,378,0
943,1.5085,11.4221,0.0013,0.0000,0,0,0.0000,0,0.0000,0,0,0,366,0
944,3.7192,3.7008,0.0041,0.0000,0,0,0.0000,0,0.0000,0,0,0,326,0
945,1.4840,3.5326,0.0012,0.0000,0,0,0.0000,0,0.0000,0,0,0,326,0
946,1.4615,6.0000,0.0008,0.0000,0,0,0.0000,0,0.0000,0,0,0,366,0
947,1.4377,6.0763,0.0010,0.0000,0,0,0.0000,0,0.0000,0,0,0,366,0
948,1.4343,8.5299,0.0009,0.0000,0,0,0.0000,0,0.0000,0,0,0,366,0
949,1.4369,8.6780,0.0010,0.0000,0,0,0.0000,0,0.0000,0,0,0,366,0
950,1.4422,11.3130,0.0013,0.0000,0,0,0.0000,0,0.0000,0,0,0,366,0
951,1.5085,11.3475,0.0010,0.0000,0,0,0.0000,0,0.0000,0,0,0,366,0
952,3.7192,3.6386,0.0015,0.0000,0,0,0.0000,0,0.0000,0,0,0,326,0
953,1.4840,3.5520,0.0011,0.0000,0,0,0.0000,0,0.0000,0,0,0,326,0
954,1.4615,5.9262,0.0012,0.0000,0,0,0.0000,0,0.0000,0,0,0,366,0
955,1.4377,6.1145,0.0010,0.0000,0,0,0.0000,0,0.0000,0,0,0,366,0
956,1.4343,8.5433,0.0013,0.0000,0,0,0.0000,0,0.0000,0,0,0,366,0
957,1.4369,8.7495,0.0009,0.0000,0,0,0.0000,0,0.0000,0,0,0,366,0
958,1.4422,11.2364,0.0010,0.0000,0,0,0.0000,0,0.0000,0,0,0,366,0
959,1.5085,11.4395,0.0012,0.0000,0,0,0.0000,0,0.0000,0,0,0,382,0
960,3.7192,3.5789,0.0011,0.0000,0,0,0.0000,0,0.0000,0,0,0,326,0
961,1.4840,3.5746,0.0010,0.0000,0,0,0.0000,0,0.0000,0,0,0,326,0
962,1.4615,5.9742,0.0010,0.0000,0,0,0.0000,0,0.0000,0,0,0,366,0
963,1.4377,6.1671,0.0010,0.0000,0,0,0.0000,0,0.0000,0,0,0,366,0
964,1.4343,8.6197,0.0010,0.0000,0,0,0.0000,0,0.0000,0,0,0,366,0
965,1.4369,8.8226,0.0010,0.0000,0,0,0.0000,0,0.0000,0,0,0,366,0
966,1.4422,11.4135,0.0011,0.0000,0,0,0.0000,0,0.0000,0,0,0,366,0
967,1.5085,11.5683,0.0010,0.0000,0,0,0.0000,0,0.0000,0,0,0,366,0
968,3.7192,3.6336,0.0013,0.0000,0,0,0.0000,0,0.0000,0,0,0,326,0
969,1.4840,3.5878,0.0013,0.0000,0,0,0.0000,0,0.0000,0,0,0,326,0
970,1.4615,5.9534,0.0013,0.0000,0,0,0.0000,0,0.0000,0,0,0,366,0
971,1.4377,6.1494,0.0012,0.0000,0,0,0.0000,0,0.0000,0,0,0,366,0
972,1.4343,8.5596,0.0012,0.0000,0,0,0.0000,0,0.0000,0,0,0,366,0
973,1.4369,8.7421,0.0012,0.0000,0,0,0.0000,0,0.0000,0,0,0,366,0
974,1.4422,11.2091,0.0010,0.0000,0,0,0.0000,0,0.0000,0,0,0,366,0
975,1.5085,11.4400,0.0010,0.0000,0,0,0.0000,0,0.0000,0,0,0,366,0
976,3.7192,3.5670,0.0013,0.0000,0,0,0.0000,0,0.0000,0,0,0,326,0
977,1.4840,3.5548,0.0011,0.0000,0,0,0.0000,0,0.0000,0,0,0,326,0
978,1.4615,5.9919,0.0012,0.0000,0,0,0.0000,0,0.0000,0,0,0,366,0
979,1.4377,6.0682,0.0013,0.0000,0,0,0.0000,0,0.0000,0,0,0,366,0
980,1.4343,8.5554,0.0012,0.0000,0,0,0.0000,0,0.0000,0,0,0,366,0
981,1.4369,8.6742,0.0010,0.0000,0,0,0.0000,0,0.0000,0,0,0,366,0
982,1.4422,11.3242,0.0017,0.0000,0,0,0.0000,0,0.0000,0,0,0,377,0
983,1.5085,11.3708,0.0015,0.0000,0,0,0.0000,0,0.0000,0,0,0,366,0
984,3.7192,3.6459,0.0018,0.0000,0,0,0.0000,0,0.0000,0,0,0,326,0
985,1.4840,3.6180,0.0021,0.0000,0,0,0.0000,0,0.0000,0,0,0,326,0
986,1.4615,5.8467,0.0013,0.0000,0,0,0.0000,0,0.0000,0,0,0,366,0
987,1.4377,6.0410,0.0013,0.0000,0,0,0.0000,0,0.0000,0,0,0,366,0
988,1.4343,8.3450,0.0015,0.0000,0,0,0.0000,0,0.0000,0,0,0,366,0
989,1.4369,8.5797,0.0011,0.0000,0,0,0.0000,0,0.0000,0,0,0,366,0
990,1.4422,10.9615,0.0010,0.0000,0,0,0.0000,0,0.0000,0,0,0,372,0
991,1.5085,11.1656,0.0013,0.0000,0,0,0.0000,0,0.0000,0,0,0,366,0
992,3.7192,3.7775,0.0021,0.0000,0,0,0.0000,0,0.0000,0,0,0,326,0
993,1.4840,3.5630,0.0010,0.0000,0,0,0.0000,0,0.0000,0,0,0,326,0
994,1.4615,5.9817,0.0010,0.0000,0,0,0.0000,0,0.0000,0,0,0,366,0
995,1.4377,6.1370,0.0010,0.0000,0,0,0.0000,0,0.0000,0,0,0,366,0
996,1.4343,8.6237,0.0012,0.0000,0,0,0.0000,0,0.0000,0,0,0,366,0
997,1.4369,8.8021,0.0010,0.0000,0,0,0.0000,0,0.0000,0,0,0,366,0
998,1.4422,11.3375,0.0010,0.0000,0,0,0.0000,0,0.0000,0,0,0,378,0
999,1.5085,11.5246,0.0010,0.0000,0,0,0.0000,0,0.0000,0,0,0,366,0
1000,3.7192,3.5006,0.0012,0.0000,0,0,0.0000,0,0.0000,0,0,0,326,0
1001,1.4840,3.5654,0.0010,0.0000,0,0,0.0000,0,0.0000,0,0,0,326,0
1002,1.4615,5.9508,0.0012,0.0000,0,0,0.0000,0,0.0000,0,0,0,366,0
1003,1.4377,6.1493,0.0014,0.0000,0,0,0.0000,0,0.0000,0,0,0,366,0
1004,1.4343,8.5823,0.0012,0.0000,0,0,0.0000,0,0.0000,0,0,0,366,0
1005,1.4369,8.8480,0.0013,0.0000,0,0,0.0000,0,0.0000,0,0,0,366,0
1006,1.4422,11.3718,0.0021,0.0000,0,0,0.0000,0,0.0000,0,0,0,366,0
1007,1.5085,11.6028,0.0017,0.0000,0,0,0.0000,0,0.0000,0,0,0,366,0
1008,3.7192,3.5918,0.0015,0.0000,0,0,0.0000,0,0.0000,0,0,0,326,0
1009,1.4840,3.5346,0.0012,0.0000,0,0,0.0000,0,0.0000,0,0,0,326,0
1010,1.4615,5.9341,0.0012,0.0000,0,0,0.0000,0,0.0000,0,0,0,366,0
1011,1.4377,6.0467,0.0012,0.0000,0,0,0.0000,0,0.0000,0,0,0,366,0
1012,1.4343,8.4982,0.0010,0.0000,0,0,0.0000,0,0.0000,0,0,0,366,0
1013,1.4369,8.6286,0.0013,0.0000,0,0,0.0000,0,0.0000,0,0,0,366,0
1014,1.4422,11.2957,0.0013,0.0000,0,0,0.0000,0,0.0000,0,0,0,366,0
1015,1.5085,11.3205,0.0011,0.0000,0,0,0.0000,0,0.0000,0,0,0,366,0
1016,3.7192,3.6539,0.0014,0.0000,0,0,0.0000,0,0.0000,0,0,0,326,0
1017,1.4840,3.5891,0.0012,0.0000,0,0,0.0000,0,0.0000,0,0,0,326,0
1018,1.4615,6.0334,0.0015,0.0000,0,0,0.0000,0,0.0000,0,0,0,366,0
1019,1.4377,6.1604,0.0015,0.0000,0,0,0.0000,0,0.0000,0,0,0,366,0
1020,1.4343,8.6423,0.0013,0.0000,0,0,0.0000,0,0.0000,0,0,0,366,0
1021,1.4369,8.7900,0.0015,0.0000,0,0,0.0000,0,0.0000,0,0,0,366,0
1022,1.4422,11.3207,0.0015,0.0000,0,0,0.0000,0,0.0000,0,0,0,366,0
1023,1.5085,11.4730,0.0014,0.0000,0,0,0.0000,0,0.0000,0,0,0,366,0
1024,3.7192,3.6345,0.0016,0.0000,0,0,0.0000,0,0.0000,0,0,0,326,0
1025,1.4840,3.6018,0.0015,0.0000,0,0,0.0000,0,0.0000,0,0,0,326,0
1026,1.4615,6.6475,0.0046,0.0000,0,0,0.0000,0,0.0000,0,0,0,366,0
1027,1.4377,6.4480,0.0047,0.0000,0,0,0.0000,0,0.0000,0,0,0,366,0
1028,1.4343,8.4517,0.0016,0.0000,0,0,0.0000,0,0.0000,0,0,0,366,0
1029,1.4369,8.6564,0.0015,0.0000,0,0,0.0000,0,0.0000,0,0,0,366,0
1030,1.4422,11.8833,0.0043,0.0000,0,0,0.0000,0,0.0000,0,0,0,366,0
1031,1.5085,11.6922,0.0017,0.0000,0,0,0.0000,0,0.0000,0,0,0,366,0
1032,3.7192,3.9392,0.0020,0.0000,0,0,0.0000,0,0.0000,0,0,0,326,0
1033,1.4840,3.8212,0.0017,0.0000,0,0,0.0000,0,0.0000,0,0,0,326,0
1034,1.4615,5.0062,0.0012,0.0000,0,0,0.0000,0,0.0000,0,0,0,366,0
1035,1.4377,5.4761,0.0012,0.0000,0,0,0.0000,0,0.0000,0,0,0,366,0
1036,1.4343,7.4030,0.0015,0.0000,0,0,0.0000,0,0.0000,0,0,0,366,0
1037,1.4369,8.0498,0.0014,0.0000,0,0,0.0000,0,0.0000,0,0,0,366,0
1038,1.4422,9.9998,0.0014,0.0000,0,0,0.0000,0,0.0000,0,0,0,370,0
1039,1.5085,10.6649,0.0010,0.0000,0,0,0.0000,0,0.0000,0,0,0,366,0
1040,3.7192,3.7862,0.0015,0.0000,0,0,0.0000,0,0.0000,0,0,0,326,0
1041,1.4840,3.6024,0.0010,0.0000,0,0,0.0000,0,0.0000,0,0,0,326,0
1042,1.4615,6.1566,0.0009,0.0000,0,0,0.0000,0,0.0000,0,0,0,366,0
1043,1.4377,6.1651,0.0015,0.0000,0,0,0.0000,0,0.0000,0,0,0,366,0
1044,1.4343,8.7631,0.0014,0.0000,0,0,0.0000,0,0.0000,0,0,0,366,0
1045,1.4369,8.8805,0.0012,0.0000,0,0,0.0000,0,0.0000,0,0,0,366,0
1046,1.4422,11.4109,0.0015,0.0000,0,0,0.0000,0,0.0000,0,0,0,366,0
1047,1.5085,11.4853,0.0010,0.0000,0,0,0.0000,0,0.0000,0,0,0,366,0
1048,3.7192,3.6258,0.0029,0.0000,0,0,0.0000,0,0.0000,0,0,0,326,0
1049,1.4840,3.5204,0.0013,0.0000,0,0,0.0000,0,0.0000,0,0,0,326,0
1050,1.4615,5.9303,0.0009,0.0000,0,0,0.0000,0,0.0000,0,0,0,366,0
1051,1.4377,6.1196,0.0009,0.0000,0,0,0.0000,0,0.0000,0,0,0,366,0
1052,1.4343,8.5334,0.0009,0.0000,0,0,0.0000,0,0.0000,0,0,0,366,0
1053,1.4369,8.7310,0.0009,0.0000,0,0,0.0000,0,0.0000,0,0,0,366,0
1054,1.4422,11.2680,0.0015,0.0000,0,0,0.0000,0,0.0000,0,0,0,376,0
1055,1.5085,11.4563,0.0019,0.0000,0,0,0.0000,0,0.0000,0,0,0,366,0
1056,3.7192,3.8638,0.0051,0.0000,0,0,0.0000,0,0.0000,0,0,0,326,0
1057,1.4840,3.5795,0.0010,0.0000,0,0,0.0000,0,0.0000,0,0,0,326,0
1058,1.4615,6.0542,0.0012,0.0000,0,0,0.0000,0,0.0000,0,0,0,366,0
1059,1.4377,6.1724,0.0009,0.0000,0,0,0.0000,0,0.0000,0,0,0,366,0
1060,1.4343,8.6878,0.0011,0.0000,0,0,0.0000,0,0.0000,0,0,0,366,0
1061,1.4369,8.8643,0.0011,0.0000,0,0,0.0000,0,0.0000,0,0,0,366,0
1062,1.4422,11.4433,0.0012,0.0000,0,0,0.0000,0,0.0000,0,0,0,366,0
1063,1.5085,11.6458,0.0015,0.0000,0,0,0.0000,0,0.0000,0,0,0,366,0
1064,3.7192,3.6063,0.0015,0.0000,0,0,0.0000,0,0.0000,0,0,0,326,0
1065,1.4840,3.5425,0.0013,0.0000,0,0,0.0000,0,0.0000,0,0,0,326,0
1066,1.4615,5.9610,0.0012,0.0000,0,0,0.0000,0,0.0000,0,0,0,366,0
1067,1.4377,6.0683,0.0013,0.0000,0,0,0.0000,0,0.0000,0,0,0,366,0
1068,1.4343,8.5253,0.0010,0.0000,0,0,0.0000,0,0.0000,0,0,0,366,0
1069,1.4369,8.6900,0.0010,0.0000,0,0,0.0000,0,0.0000,0,0,0,366,0
1070,1.4422,11.1833,0.0013,0.0000,0,0,0.0000,0,0.0000,0,0,0,366,0
1071,1.5085,11.3519,0.0012,0.0000,0,0,0.0000,0,0.0000,0,0,0,366,0
1072,3.7192,3.6333,0.0015,0.0000,0,0,0.0000,0,0.0000,0,0,0,326,0
1073,1.4840,3.6015,0.0012,0.0000,0,0,0.0000,0,0.0000,0,0,0,326,0
1074,1.4615,5.9309,0.0014,0.0000,0,0,0.0000,0,0.0000,0,0,0,366,0
1075,1.4377,6.1403,0.0016,0.0000,0,0,0.0000,0,0.0000,0,0,0,366,0
1076,1.4343,8.5315,0.0013,0.0000,0,0,0.0000,0,0.0000,0,0,0,366,0
1077,1.4369,8.7831,0.0018,0.0000,0,0,0.0000,0,0.0000,0,0,0,366,0
1078,1.4422,11.2055,0.0009,0.0000,0,0,0.0000,0,0.0000,0,0,0,366,0
1079,1.5085,11.4661,0.0014,0.0000,0,0,0.0000,0,0.0000,0,0,0,366,0
1080,3.7192,3.6458,0.0010,0.0000,0,0,0.0000,0,0.0000,0,0,0,326,0
1081,1.4840,3.5681,0.0010,0.0000,0,0,0.0000,0,0.0000,0,0,0,326,0
1082,1.4615,5.9848,0.0009,0.0000,0,0,0.0000,0,0.0000,0,0,0,366,0
1083,1.4377,6.0416,0.0009,0.0000,0,0,0.0000,0,0.0000,0,0,0,366,0
1084,1.4343,8.4697,0.0008,0.0000,0,0,0.0000,0,0.0000,0,0,0,366,0
1085,1.4369,8.5787,0.0009,0.0000,0,0,0.0000,0,0.0000,0,0,0,366,0
1086,1.4422,11.8778,0.0103,0.0000,0,0,0.0000,0,0.0000,0,0,0,366,0
1087,1.5085,11.6681,0.0103,0.0000,0,0,0.0000,0,0.0000,0,0,0,366,0
1088,3.7192,3.8181,0.0034,0.0000,0,0,0.0000,0,0.0000,0,0,0,326,0
1089,1.4840,3.5631,0.0021,0.0000,0,0,0.0000,0,0.0000,0,0,0,326,0
1090,1.4615,6.0398,0.0014,0.0000,0,0,0.0000,0,0.0000,0,0,0,366,0
1091,1.4377,6.1600,0.0012,0.0000,0,0,0.0000,0,0.0000,0,0,0,366,0
1092,1.4343,8.6614,0.0013,0.0000,0,0,0.0000,0,0.0000,0,0,0,366,0
1093,1.4369,8.8445,0.0010,0.0000,0,0,0.0000,0,0.0000,0,0,0,366,0
1094,1.4422,11.4415,0.0012,0.0000,0,0,0.0000,0,0.0000,0,0,0,366,0
1095,1.5085,11.6047,0.0008,0.0000,0,0,0.0000,0,0.0000,0,0,0,366,0
1096,3.7192,3.6397,0.0009,0.0000,0,0,0.0000,0,0.0000,0,0,0,326,0
1097,1.4840,3.6085,0.0013,0.0000,0,0,0.0000,0,0.0000,0,0,0,326,0
1098,1.4615,6.0150,0.0012,0.0000,0,0,0.0000,0,0.0000,0,0,0,366,0
1099,1.4377,6.1972,0.0012,0.0000,0,0,0.0000,0,0.0000,0,0,0,366,0
1100,1.4343,8.6277,0.0012,0.0000,0,0,0.0000,0,0.0000,0,0,0,366,0
1101,1.4369,8.8848,0.0013,0.0000,0,0,0.0000,0,0.0000,0,0,0,366,0
1102,1.4422,11.4766,0.0013,0.0000,0,0,0.0000,0,0.0000,0,0,0,366,0
1103,1.5085,11.6255,0.0011,0.0000,0,0,0.0000,0,0.0000,0,0,0,366,0
1104,3.7192,3.8547,0.0033,0.0000,0,0,0.0000,0,0.0000,0,0,0,326,0
1105,1.4840,3.5607,0.0012,0.0000,0,0,0.0000,0,0.0000,0,0,0,326,0
1106,1.4615,5.9610,0.0012,0.0000,0,0,0.0000,0,0.0000,0,0,0,366,0
1107,1.4377,6.1144,0.0012,0.0000,0,0,0.0000,0,0.0000,0,0,0,366,0
1108,1.4343,8.5216,0.0018,0.0000,0,0,0.0000,0,0.0000,0,0,0,366,0
1109,1.4369,8.7097,0.0010,0.0000,0,0,0.0000,0,0.0000,0,0,0,366,0
1110,1.4422,11.2147,0.0014,0.0000,0,0,0.0000,0,0.0000,0,0,0,370,0
1111,1.5085,11.3902,0.0011,0.0000,0,0,0.0000,0,0.0000,0,0,0,366,0
1112,3.7192,3.7742,0.0034,0.0000,0,0,0.0000,0,0.0000,0,0,0,326,0
1113,1.4840,3.5804,0.0013,0.0000,0,0,0.0000,0,0.0000,0,0,0,326,0
1114,1.4615,6.0522,0.0009,0.0000,0,0,0.0000,0,0.0000,0,0,0,366,0
1115,1.4377,6.1444,0.0008,0.0000,0,0,0.0000,0,0.0000,0,0,0,366,0
1116,1.4343,8.7703,0.0012,0.0000,0,0,0.0000,0,0.0000,0,0,0,366,0
1117,1.4369,8.7967,0.0009,0.0000,0,0,0.0000,0,0.0000,0,0,0,366,0
1118,1.4422,11.5277,0.0009,0.0000,0,0,0.0000,0,0.0000,0,0,0,366,0
1119,1.5085,11.5149,0.0009,0.0000,0,0,0.0000,0,0.0000,0,0,0,366,0
1120,3.7192,3.9551,0.0018,0.0000,0,0,0.0000,0,0.0000,0,0,0,326,0
1121,1.4840,3.6348,0.0005,0.0000,0,0,0.0000,0,0.0000,0,0,0,326,0
1122,1.4615,5.8264,0.0012,0.0000,0,0,0.0000,0,0.0000,0,0,0,366,0
1123,1.4377,5.9877,0.0005,0.0000,0,0,0.0000,0,0.0000,0,0,0,366,0
1124,1.4343,8.5143,0.0010,0.0000,0,0,0.0000,0,0.0000,0,0,0,366,0
1125,1.4369,9.7291,0.0058,0.0000,0,0,0.0000,0,0.0000,0,0,0,366,0
1126,1.4422,14.8538,0.0068,0.0000,0,0,0.0000,0,0.0000,0,0,0,366,0
1127,1.5085,14.8717,0.0012,0.0000,0,0,0.0000,0,0.0000,0,0,0,366,0
1128,3.7192,4.0707,0.0010,0.0000,0,0,0.0000,0,0.0000,0,0,0,326,0
1129,1.4840,3.6267,0.0017,0.0000,0,0,0.0000,0,0.0000,0,0,0,326,0
1130,1.4615,5.4303,0.0019,0.0000,0,0,0.0000,0,0.0000,0,0,0,366,0
1131,1.4377,5.9926,0.0014,0.0000,0,0,0.0000,0,0.0000,0,0,0,366,0
1132,1.4343,8.2620,0.0046,0.0000,0,0,0.0000,0,0.0000,0,0,0,366,0
1133,1.4369,8.4781,0.0011,0.0000,0,0,0.0000,0,0.0000,0,0,0,366,0
1134,1.4422,11.7234,0.0046,0.0000,0,0,0.0000,0,0.0000,0,0,0,366,0
1135,1.5085,11.5118,0.0018,0.0000,0,0,0.0000,0,0.0000,0,0,0,366,0
1136,3.7192,4.7831,0.0025,0.0000,0,0,0.0000,0,0.0000,0,0,0,326,0
1137,1.4840,3.8298,0.0015,0.0000,0,0,0.0000,0,0.0000,0,0,0,326,0
1138,1.4615,6.0029,0.0013,0.0000,0,0,0.0000,0,0.0000,0,0,0,366,0
1139,1.4377,5.9396,0.0009,0.0000,0,0,0.0000,0,0.0000,0,0,0,366,0
1140,1.4343,8.3903,0.0030,0.0000,0,0,0.0000,0,0.0000,0,0,0,366,0
1141,1.4369,7.4839,0.0010,0.0000,0,0,0.0000,0,0.0000,0,0,0,366,0
1142,1.4422,9.8855,0.0008,0.0000,0,0,0.0000,0,0.0000,0,0,0,366,0
1143,1.5085,9.9085,0.0020,0.0000,0,0,0.0000,0,0.0000,0,0,0,366,0
1144,3.7192,3.6898,0.0013,0.0000,0,0,0.0000,0,0.0000,0,0,0,326,0
1145,1.4840,3.5595,0.0010,0.0000,0,0,0.0000,0,0.0000,0,0,0,326,0
1146,1.4615,6.1256,0.0011,0.0000,0,0,0.0000,0,0.0000,0,0,0,366,0
1147,1.4377,6.1092,0.0008,0.0000,0,0,0.0000,0,0.0000,0,0,0,366,0
1148,1.4343,8.6673,0.0010,0.0000,0,0,0.0000,0,0.0000,0,0,0,366,0
1149,1.4369,8.7596,0.0010,0.0000,0,0,0.0000,0,0.0000,0,0,0,366,0
1150,1.4422,11.4712,0.0015,0.0000,0,0,0.0000,0,0.0000,0,0,0,366,0
1151,1.5085,11.4945,0.0011,0.0000,0,0,0.0000,0,0.0000,0,0,0,366,0
1152,3.7192,3.6874,0.0015,0.0000,0,0,0.0000,0,0.0000,0,0,0,326,0
1153,1.4840,3.5255,0.0009,0.0000,0,0,0.0000,0,0.0000,0,0,0,326,0
1154,1.4615,6.0463,0.0013,0.0000,0,0,0.0000,0,0.0000,0,0,0,366,0
1155,1.4377,6.1410,0.0013,0.0000,0,0,0.0000,0,0.0000,0,0,0,366,0
1156,1.4343,8.6405,0.0009,0.0000,0,0,0.0000,0,0.0000,0,0,0,366,0
1157,1.4369,9.0083,0.0013,0.0000,0,0,0.0000,0,0.0000,0,0,0,366,0
1158,1.4422,11.4484,0.0013,0.0000,0,0,0.0000,0,0.0000,0,0,0,366,0
1159,1.5085,11.7615,0.0012,0.0000,0,0,0.0000,0,0.0000,0,0,0,366,0
1160,3.7192,3.8945,0.0018,0.0000,0,0,0.0000,0,0.0000,0,0,0,326,0
1161,1.4840,3.6688,0.0013,0.0000,0,0,0.0000,0,0.0000,0,0,0,326,0
1162,1.4615,6.2076,0.0015,0.0000,0,0,0.0000,0,0.0000,0,0,0,366,0
1163,1.4377,6.3448,0.0012,0.0000,0,0,0.0000,0,0.0000,0,0,0,366,0
1164,1.4343,8.8037,0.0010,0.0000,0,0,0.0000,0,0.0000,0,0,0,366,0
1165,1.4369,8.9880,0.0011,0.0000,0,0,0.0000,0,0.0000,0,0,0,366,0
1166,1.4422,11.5654,0.0012,0.0000,0,0,0.0000,0,0.0000,0,0,0,366,0
1167,1.5085,11.6547,0.0009,0.0000,0,0,0.0000,0,0.0000,0,0,0,366,0
1168,3.7192,3.6982,0.0021,0.0000,0,0,0.0000,0,0.0000,0,0,0,326,0
1169,1.4840,3.5550,0.0010,0.0000,0,0,0.0000,0,0.0000,0,0,0,326,0
1170,1.4615,6.0206,0.0010,0.0000,0,0,0.0000,0,0.0000,0,0,0,366,0
1171,1.4377,6.1536,0.0009,0.0000,0,0,0.0000,0,0.0000,0,0,0,366,0
1172,1.4343,8.6452,0.0010,0.0000,0,0,0.0000,0,0.0000,0,0,0,366,0
1173,1.4369,8.8198,0.0007,0.0000,0,0,0.0000,0,0.0000,0,0,0,366,0
1174,1.4422,11.4062,0.0009,0.0000,0,0,0.0000,0,0.0000,0,0,0,366,0
1175,1.5085,11.5825,0.0009,0.0000,0,0,0.0000,0,0.0000,0,0,0,366,0
1176,3.7192,3.6291,0.0012,0.0000,0,0,0.0000,0,0.0000,0,0,0,326,0
1177,1.4840,3.5895,0.0011,0.0000,0,0,0.0000,0,0.0000,0,0,0,326,0
1178,1.4615,6.0145,0.0010,0.0000,0,0,0.0000,0,0.0000,0,0,0,366,0
1179,1.4377,6.1495,0.0010,0.0000,0,0,0.0000,0,0.0000,0,0,0,366,0
1180,1.4343,8.6900,0.0016,0.0000,0,0,0.0000,0,0.0000,0,0,0,366,0
1181,1.4369,8.8144,0.0010,0.0000,0,0,0.0000,0,0.0000,0,0,0,366,0
1182,1.4422,11.3840,0.0011,0.0000,0,0,0.0000,0,0.0000,0,0,0,366,0
1183,1.5085,11.5279,0.0010,0.0000,0,0,0.0000,0,0.0000,0,0,0,366,0
1184,3.7192,3.6416,0.0010,0.0000,0,0,0.0000,0,0.0000,0,0,0,326,0
1185,1.4840,3.5337,0.0009,0.0000,0,0,0.0000,0,0.0000,0,0,0,326,0
1186,1.4615,6.1160,0.0011,0.0000,0,0,0.0000,0,0.0000,0,0,0,366,0
1187,1.4377,6.1494,0.0012,0.0000,0,0,0.0000,0,0.0000,0,0,0,366,0
1188,1.4343,8.7305,0.0012,0.0000,0,0,0.0000,0,0.0000,0,0,0,366,0
1189,1.4369,8.8175,0.0011,0.0000,0,0,0.0000,0,0.0000,0,0,0,366,0
1190,1.4422,11.4907,0.0013,0.0000,0,0,0.0000,0,0.0000,0,0,0,366,0
1191,1.5085,11.5737,0.0011,0.0000,0,0,0.0000,0,0.0000,0,0,0,366,0
1192,3.7192,3.6475,0.0014,0.0000,0,0,0.0000,0,0.0000,0,0,0,326,0
1193,1.4840,3.5902,0.0012,0.0000,0,0,0.0000,0,0.0000,0,0,0,326,0
1194,1.4615,5.9908,0.0011,0.0000,0,0,0.0000,0,0.0000,0,0,0,366,0
1195,1.4377,6.1433,0.0012,0.0000,0,0,0.0000,0,0.0000,0,0,0,366,0
1196,1.4343,8.5965,0.0012,0.0000,0,0,0.0000,0,0.0000,0,0,0,366,0
1197,1.4369,8.7762,0.0011,0.0000,0,0,0.0000,0,0.0000,0,0,0,366,0
1198,1.4422,11.3410,0.0015,0.0000,0,0,0.0000,0,0.0000,0,0,0,366,0
1199,1.5085,11.4831,0.0012,0.0000,0,0,0.0000,0,0.0000,0,0,0,366,0
1200,3.7192,3.6337,0.0013,0.0000,0,0,0.0000,0,0.0000,0,0,0,326,0
1201,1.4840,3.5744,0.0012,0.0000,0,0,0.0000,0,0.0000,0,0,0,326,0
1202,1.4615,6.1043,0.0014,0.0000,0,0,0.0000,0,0.0000,0,0,0,366,0
1203,1.4377,6.1724,0.0014,0.0000,0,0,0.0000,0,0.0000,0,0,0,366,0
1204,1.4343,8.7327,0.0013,0.0000,0,0,0.0000,0,0.0000,0,0,0,366,0
1205,1.4369,8.7868,0.0014,0.0000,0,0,0.0000,0,0.0000,0,0,0,366,0
1206,1.4422,11.3673,0.0010,0.0000,0,0,0.0000,0,0.0000,0,0,0,366,0
1207,1.5085,11.4248,0.0008,0.0000,0,0,0.0000,0,0.0000,0,0,0,366,0
1208,3.7192,3.6623,0.0013,0.0000,0,0,0.0000,0,0.0000,0,0,0,326,0
1209,1.4840,3.6444,0.0010,0.0000,0,0,0.0000,0,0.0000,0,0,0,326,0
1210,1.4615,6.6042,0.0127,0.0000,0,0,0.0000,0,0.0000,0,0,0,366,0
1211,1.4377,6.7011,0.0020,0.0000,0,0,0.0000,0,0.0000,0,0,0,366,0
1212,1.4343,8.8381,0.0022,0.0000,0,0,0.0000,0,0.0000,0,0,0,366,0
1213,1.4369,9.0085,0.0014,0.0000,0,0,0.0000,0,0.0000,0,0,0,366,0
1214,1.4422,12.8255,0.0042,0.0000,0,0,0.0000,0,0.0000,0,0,0,366,0
1215,1.5085,12.8336,0.0018,0.0000,0,0,0.0000,0,0.0000,0,0,0,366,0
1216,3.7192,4.6224,0.0062,0.0000,0,0,0.0000,0,0.0000,0,0,0,326,0
1217,1.4840,3.7987,0.0014,0.0000,0,0,0.0000,0,0.0000,0,0,0,326,0
1218,1.4615,5.9669,0.0030,0.0000,0,0,0.0000,0,0.0000,0,0,0,366,0
1219,1.4377,5.8480,0.0015,0.0000,0,0,0.0000,0,0.0000,0,0,0,366,0
1220,1.4343,13.3013,0.0053,0.0000,0,0,0.0000,0,0.0000,0,0,0,366,0
1221,1.4369,13.1279,0.0018,0.0000,0,0,0.0000,0,0.0000,0,0,0,366,0
1222,1.4422,12.9027,0.0013,0.0000,0,0,0.0000,0,0.0000,0,0,0,366,0
1223,1.5085,12.7175,0.0013,0.0000,0,0,0.0000,0,0.0000,0,0,0,366,0
1224,3.7192,4.0771,0.0016,0.0000,0,0,0.0000,0,0.0000,0,0,0,326,0
1225,1.4840,3.7098,0.0015,0.0000,0,0,0.0000,0,0.0000,0,0,0,326,0
1226,1.4615,5.8921,0.0055,0.0000,0,0,0.0000,0,0.0000,0,0,0,366,0
1227,1.4377,5.9708,0.0011,0.0000,0,0,0.0000,0,0.0000,0,0,0,366,0
1228,1.4343,9.6041,0.0043,0.0000,0,0,0.0000,0,0.0000,0,0,0,366,0
1229,1.4369,9.5364,0.0014,0.0000,0,0,0.0000,0,0.0000,0,0,0,366,0
1230,1.4422,10.5770,0.0014,0.0000,0,0,0.0000,0,0.0000,0,0,0,366,0
1231,1.5085,11.0546,0.0025,0.0000,0,0,0.0000,0,0.0000,0,0,0,366,0
1232,3.7192,4.4046,0.0015,0.0000,0,0,0.0000,0,0.0000,0,0,0,326,0
1233,1.4840,3.7750,0.0014,0.0000,0,0,0.0000,0,0.0000,0,0,0,326,0
1234,1.4615,4.9400,0.0015,0.0000,0,0,0.0000,0,0.0000,0,0,0,366,0
1235,1.4377,7.0497,0.0017,0.0000,0,0,0.0000,0,0.0000,0,0,0,366,0
1236,1.4343,7.3499,0.0014,0.0000,0,0,0.0000,0,0.0000,0,0,0,366,0
1237,1.4369,8.2866,0.0023,0.0000,0,0,0.0000,0,0.0000,0,0,0,366,0
1238,1.4422,9.7582,0.0019,0.0000,0,0,0.0000,0,0.0000,0,0,0,366,0
1239,1.5085,10.6769,0.0012,0.0000,0,0,0.0000,0,0.0000,0,0,0,366,0
1240,3.7192,3.8210,0.0027,0.0000,0,0,0.0000,0,0.0000,0,0,0,326,0
1241,1.4840,3.5911,0.0015,0.0000,0,0,0.0000,0,0.0000,0,0,0,326,0
1242,1.4615,6.3796,0.0011,0.0000,0,0,0.0000,0,0.0000,0,0,0,366,0
1243,1.4377,6.2373,0.0006,0.0000,0,0,0.0000,0,0.0000,0,0,0,366,0
1244,1.4343,8.8945,0.0009,0.0000,0,0,0.0000,0,0.0000,0,0,0,366,0
1245,1.4369,8.8519,0.0013,0.0000,0,0,0.0000,0,0.0000,0,0,0,366,0
1246,1.4422,11.6450,0.0014,0.0000,0,0,0.0000,0,0.0000,0,0,0,366,0
1247,1.5085,11.5680,0.0009,0.0000,0,0,0.0000,0,0.0000,0,0,0,366,0
1248,3.7192,3.7417,0.0015,0.0000,0,0,0.0000,0,0.0000,0,0,0,326,0
1249,1.4840,3.5008,0.0015,0.0000,0,0,0.0000,0,0.0000,0,0,0,326,0
1250,1.4615,6.0862,0.0010,0.0000,0,0,0.0000,0,0.0000,0,0,0,366,0
1251,1.4377,6.1250,0.0008,0.0000,0,0,0.0000,0,0.0000,0,0,0,366,0
1252,1.4343,8.8424,0.0008,0.0000,0,0,0.0000,0,0.0000,0,0,0,366,0
1253,1.4369,8.8485,0.0008,0.0000,0,0,0.0000,0,0.0000,0,0,0,366,0
1254,1.4422,11.6250,0.0008,0.0000,0,0,0.0000,0,0.0000,0,0,0,366,0
1255,1.5085,11.6094,0.0008,0.0000,0,0,0.0000,0,0.0000,0,0,0,366,0
1256,3.7192,3.6519,0.0012,0.0000,0,0,0.0000,0,0.0000,0,0,0,326,0
1257,1.4840,3.5565,0.0006,0.0000,0,0,0.0000,0,0.0000,0,0,0,326,0
1258,1.4615,6.0790,0.0009,0.0000,0,0,0.0000,0,0.0000,0,0,0,366,0
1259,1.4377,6.2453,0.0008,0.0000,0,0,0.0000,0,0.0000,0,0,0,366,0
1260,1.4343,8.7705,0.0008,0.0000,0,0,0.0000,0,0.0000,0,0,0,366,0
1261,1.4369,9.0519,0.0007,0.0000,0,0,0.0000,0,0.0000,0,0,0,366,0
1262,1.4422,11.5953,0.0015,0.0000,0,0,0.0000,0,0.0000,0,0,0,366,0
1263,1.5085,11.8506,0.0008,0.0000,0,0,0.0000,0,0.0000,0,0,0,366,0
1264,3.7192,3.7385,0.0024,0.0000,0,0,0.0000,0,0.0000,0,0,0,326,0
1265,1.4840,3.5458,0.0009,0.0000,0,0,0.0000,0,0.0000,0,0,0,326,0
1266,1.4615,6.0968,0.0012,0.0000,0,0,0.0000,0,0.0000,0,0,0,366,0
1267,1.4377,6.1681,0.0008,0.0000,0,0,0.0000,0,0.0000,0,0,0,366,0
1268,1.4343,8.7438,0.0010,0.0000,0,0,0.0000,0,0.0000,0,0,0,366,0
1269,1.4369,8.8708,0.0009,0.0000,0,0,0.0000,0,0.0000,0,0,0,366,0
1270,1.4422,11.5156,0.0010,0.0000,0,0,0.0000,0,0.0000,0,0,0,366,0
1271,1.5085,11.6239,0.0008,0.0000,0,0,0.0000,0,0.0000,0,0,0,366,0
1272,3.7192,3.5599,0.0011,0.0000,0,0,0.0000,0,0.0000,0,0,0,326,0
1273,1.4840,3.4951,0.0009,0.0000,0,0,0.0000,0,0.0000,0,0,0,326,0
1274,1.4615,6.0571,0.0009,0.0000,0,0,0.0000,0,0.0000,0,0,0,366,0
1275,1.4377,6.1788,0.0008,0.0000,0,0,0.0000,0,0.0000,0,0,0,366,0
1276,1.4343,8.7393,0.0008,0.0000,0,0,0.0000,0,0.0000,0,0,0,366,0
1277,1.4369,8.9272,0.0008,0.0000,0,0,0.0000,0,0.0000,0,0,0,366,0
1278,1.4422,11.6162,0.0011,0.0000,0,0,0.0000,0,0.0000,0,0,0,366,0
1279,1.5085,11.7643,0.0008,0.0000,0,0,0.0000,0,0.0000,0,0,0,366,0
1280,3.7192,3.5255,0.0009,0.0000,0,0,0.0000,0,0.0000,0,0,0,326,0
1281,1.4840,3.5627,0.0009,0.0000,0,0,0.0000,0,0.0000,0,0,0,326,0
1282,1.4615,6.0317,0.0008,0.0000,0,0,0.0000,0,0.0000,0,0,0,366,0
1283,1.4377,6.2275,0.0008,0.0000,0,0,0.0000,0,0.0000,0,0,0,366,0
1284,1.4343,8.7866,0.0009,0.0000,0,0,0.0000,0,0.0000,0,0,0,366,0
1285,1.4369,8.9868,0.0008,0.0000,0,0,0.0000,0,0.0000,0,0,0,366,0
1286,1.4422,11.5870,0.0010,0.0000,0,0,0.0000,0,0.0000,0,0,0,366,0
1287,1.5085,11.7990,0.0009,0.0000,0,0,0.0000,0,0.0000,0,0,0,366,0
1288,3.7192,3.5044,0.0009,0.0000,0,0,0.0000,0,0.0000,0,0,0,326,0
1289,1.4840,3.5108,0.0008,0.0000,0,0,0.0000,0,0.0000,0,0,0,326,0
1290,1.4615,6.0558,0.0009,0.0000,0,0,0.0000,0,0.0000,0,0,0,366,0
1291,1.4377,6.1936,0.0009,0.0000,0,0,0.0000,0,0.0000,0,0,0,366,0
1292,1.4343,8.7507,0.0009,0.0000,0,0,0.0000,0,0.0000,0,0,0,366,0
1293,1.4369,8.9476,0.0008,0.0000,0,0,0.0000,0,0.0000,0,0,0,366,0
1294,1.4422,11.5489,0.0009,0.0000,0,0,0.0000,0,0.0000,0,0,0,366,0
1295,1.5085,11.7882,0.0009,0.0000,0,0,0.0000,0,0.0000,0,0,0,366,0
1296,3.7192,3.6335,0.0012,0.0000,0,0,0.0000,0,0.0000,0,0,0,326,0
1297,1.4840,3.5827,0.0010,0.0000,0,0,0.0000,0,0.0000,0,0,0,326,0
1298,1.4615,6.0340,0.0010,0.0000,0,0,0.0000,0,0.0000,0,0,0,366,0
1299,1.4377,6.1842,0.0010,0.0000,0,0,0.0000,0,0.0000,0,0,0,366,0
1300,1.4343,8.7233,0.0011,0.0000,0,0,0.0000,0,0.0000,0,0,0,366,0
1301,1.4369,8.8790,0.0010,0.0000,0,0,0.0000,0,0.0000,0,0,0,366,0
1302,1.4422,11.4699,0.0013,0.0000,0,0,0.0000,0,0.0000,0,0,0,366,0
1303,1.5085,11.6748,0.0008,0.0000,0,0,0.0000,0,0.0000,0,0,0,366,0
1304,3.7192,3.4839,0.0017,0.0000,0,0,0.0000,0,0.0000,0,0,0,326,0
1305,1.4840,3.5128,0.0012,0.0000,0,0,0.0000,0,0.0000,0,0,0,326,0
1306,1.4615,5.8889,0.0008,0.0000,0,0,0.0000,0,0.0000,0,0,0,366,0
1307,1.4377,6.0510,0.0009,0.0000,0,0,0.0000,0,0.0000,0,0,0,366,0
1308,1.4343,8.4810,0.0010,0.0000,0,0,0.0000,0,0.0000,0,0,0,366,0
1309,1.4369,8.6752,0.0008,0.0000,0,0,0.0000,0,0.0000,0,0,0,366,0
1310,1.4422,11.1459,0.0010,0.0000,0,0,0.0000,0,0.0000,0,0,0,366,0
1311,1.5085,11.3645,0.0008,0.0000,0,0,0.0000,0,0.0000,0,0,0,366,0
1312,3.7192,3.6556,0.0011,0.0000,0,0,0.0000,0,0.0000,0,0,0,326,0
1313,1.4840,3.5714,0.0009,0.0000,0,0,0.0000,0,0.0000,0,0,0,326,0
1314,1.4615,6.0263,0.0009,0.0000,0,0,0.0000,0,0.0000,0,0,0,366,0
1315,1.4377,6.1783,0.0008,0.0000,0,0,0.0000,0,0.0000,0,0,0,366,0
1316,1.4343,8.7152,0.0008,0.0000,0,0,0.0000,0,0.0000,0,0,0,366,0
1317,1.4369,8.9198,0.0008,0.0000,0,0,0.0000,0,0.0000,0,0,0,366,0
1318,1.4422,11.4755,0.0010,0.0000,0,0,0.0000,0,0.0000,0,0,0,366,0
1319,1.5085,11.7067,0.0009,0.0000,0,0,0.0000,0,0.0000,0,0,0,366,0
1320,3.7192,3.5389,0.0009,0.0000,0,0,0.0000,0,0.0000,0,0,0,326,0
1321,1.4840,3.5676,0.0009,0.0000,0,0,0.0000,0,0.0000,0,0,0,326,0
1322,1.4615,6.0494,0.0009,0.0000,0,0,0.0000,0,0.0000,0,0,0,366,0
1323,1.4377,6.2108,0.0009,0.0000,0,0,0.0000,0,0.0000,0,0,0,366,0
1324,1.4343,8.7492,0.0009,0.0000,0,0,0.0000,0,0.0000,0,0,0,366,0
1325,1.4369,8.9482,0.0008,0.0000,0,0,0.0000,0,0.0000,0,0,0,366,0
1326,1.4422,11.5530,0.0012,0.0000,0,0,0.0000,0,0.0000,0,0,0,366,0
1327,1.5085,11.7655,0.0010,0.0000,0,0,0.0000,0,0.0000,0,0,0,366,0
1328,3.7192,3.5189,0.0011,0.0000,0,0,0.0000,0,0.0000,0,0,0,326,0
1329,1.4840,3.5994,0.0010,0.0000,0,0,0.0000,0,0.0000,0,0,0,326,0
1330,1.4615,5.8953,0.0012,0.0000,0,0,0.0000,0,0.0000,0,0,0,366,0
1331,1.4377,6.1473,0.0010,0.0000,0,0,0.0000,0,0.0000,0,0,0,366,0
1332,1.4343,8.5650,0.0010,0.0000,0,0,0.0000,0,0.0000,0,0,0,366,0
1333,1.4369,8.8565,0.0010,0.0000,0,0,0.0000,0,0.0000,0,0,0,366,0
1334,1.4422,11.3109,0.0013,0.0000,0,0,0.0000,0,0.0000,0,0,0,366,0
1335,1.5085,11.6260,0.0010,0.0000,0,0,0.0000,0,0.0000,0,0,0,366,0
1336,3.7192,3.5131,0.0011,0.0000,0,0,0.0000,0,0.0000,0,0,0,326,0
1337,1.4840,3.5680,0.0010,0.0000,0,0,0.0000,0,0.0000,0,0,0,326,0
1338,1.4615,5.9735,0.0012,0.0000,0,0,0.0000,0,0.0000,0,0,0,366,0
1339,1.4377,6.1627,0.0011,0.0000,0,0,0.0000,0,0.0000,0,0,0,366,0
1340,1.4343,8.6004,0.0011,0.0000,0,0,0.0000,0,0.0000,0,0,0,366,0
1341,1.4369,8.8430,0.0010,0.0000,0,0,0.0000,0,0.0000,0,0,0,366,0
1342,1.4422,11.3641,0.0013,0.0000,0,0,0.0000,0,0.0000,0,0,0,366,0
1343,1.5085,11.5982,0.0012,0.0000,0,0,0.0000,0,0.0000,0,0,0,366,0
1344,3.7192,3.6816,0.0013,0.0000,0,0,0.0000,0,0.0000,0,0,0,326,0
1345,1.4840,3.5574,0.0012,0.0000,0,0,0.0000,0,0.0000,0,0,0,326,0
1346,1.4615,6.1695,0.0011,0.0000,0,0,0.0000,0,0.0000,0,0,0,366,0
1347,1.4377,6.1416,0.0018,0.0000,0,0,0.0000,0,0.0000,0,0,0,366,0
1348,1.4343,8.7485,0.0012,0.0000,0,0,0.0000,0,0.0000,0,0,0,366,0
1349,1.4369,8.7349,0.0015,0.0000,0,0,0.0000,0,0.0000,0,0,0,366,0
1350,1.4422,11.5584,0.0050,0.0000,0,0,0.0000,0,0.0000,0,0,0,366,0
1351,1.5085,11.3996,0.0049,0.0000,0,0,0.0000,0,0.0000,0,0,0,366,0
1352,3.7192,3.8576,0.0047,0.0000,0,0,0.0000,0,0.0000,0,0,0,326,0
1353,1.4840,3.6104,0.0015,0.0000,0,0,0.0000,0,0.0000,0,0,0,326,0
1354,1.4615,6.0305,0.0020,0.0000,0,0,0.0000,0,0.0000,0,0,0,366,0
1355,1.4377,6.0772,0.0011,0.0000,0,0,0.0000,0,0.0000,0,0,0,366,0
1356,1.4343,8.5015,0.0011,0.0000,0,0,0.0000,0,0.0000,0,0,0,366,0
1357,1.4369,8.6818,0.0007,0.0000,0,0,0.0000,0,0.0000,0,0,0,366,0
1358,1.4422,11.2242,0.0025,0.0000,0,0,0.0000,0,0.0000,0,0,0,366,0
1359,1.5085,11.3860,0.0012,0.0000,0,0,0.0000,0,0.0000,0,0,0,366,0
1360,3.7192,3.9932,0.0037,0.0000,0,0,0.0000,0,0.0000,0,0,0,326,0
1361,1.4840,3.5988,0.0015,0.0000,0,0,0.0000,0,0.0000,0,0,0,326,0
1362,1.4615,6.2011,0.0017,0.0000,0,0,0.0000,0,0.0000,0,0,0,366,0
1363,1.4377,6.1804,0.0006,0.0000,0,0,0.0000,0,0.0000,0,0,0,366,0
1364,1.4343,9.0890,0.0050,0.0000,0,0,0.0000,0,0.0000,0,0,0,366,0
1365,1.4369,8.9710,0.0018,0.0000,0,0,0.0000,0,0.0000,0,0,0,366,0
1366,1.4422,11.9540,0.0066,0.0000,0,0,0.0000,0,0.0000,0,0,0,366,0
1367,1.5085,11.9415,0.0013,0.0000,0,0,0.0000,0,0.0000,0,0,0,366,0
1368,3.7192,4.5110,0.0043,0.0000,0,0,0.0000,0,0.0000,0,0,0,326,0
1369,1.4840,3.7378,0.0016,0.0000,0,0,0.0000,0,0.0000,0,0,0,326,0
1370,1.4615,6.0116,0.0017,0.0000,0,0,0.0000,0,0.0000,0,0,0,366,0
1371,1.4377,6.1243,0.0015,0.0000,0,0,0.0000,0,0.0000,0,0,0,366,0
1372,1.4343,8.5641,0.0018,0.0000,0,0,0.0000,0,0.0000,0,0,0,366,0
1373,1.4369,8.7320,0.0019,0.0000,0,0,0.0000,0,0.0000,0,0,0,366,0
1374,1.4422,11.3855,0.0051,0.0000,0,0,0.0000,0,0.0000,0,0,0,366,0
1375,1.5085,11.3941,0.0015,0.0000,0,0,0.0000,0,0.0000,0,0,0,366,0
1376,3.7192,3.7720,0.0025,0.0000,0,0,0.0000,0,0.0000,0,0,0,326,0
1377,1.4840,3.6010,0.0006,0.0000,0,0,0.0000,0,0.0000,0,0,0,326,0
1378,1.4615,6.2751,0.0007,0.0000,0,0,0.0000,0,0.0000,0,0,0,366,0
1379,1.4377,6.3392,0.0005,0.0000,0,0,0.0000,0,0.0000,0,0,0,366,0
1380,1.4343,9.1360,0.0011,0.0000,0,0,0.0000,0,0.0000,0,0,0,366,0
1381,1.4369,9.1733,0.0011,0.0000,0,0,0.0000,0,0.0000,0,0,0,366,0
1382,1.4422,12.0001,0.0013,0.0000,0,0,0.0000,0,0.0000,0,0,0,366,0
1383,1.5085,12.0507,0.0012,0.0000,0,0,0.0000,0,0.0000,0,0,0,366,0
1384,3.7192,3.7225,0.0013,0.0000,0,0,0.0000,0,0.0000,0,0,0,326,0
1385,1.4840,3.6568,0.0017,0.0000,0,0,0.0000,0,0.0000,0,0,0,326,0
1386,1.4615,5.9613,0.0010,0.0000,0,0,0.0000,0,0.0000,0,0,0,366,0
1387,1.4377,6.1667,0.0011,0.0000,0,0,0.0000,0,0.0000,0,0,0,366,0
1388,1.4343,8.5165,0.0013,0.0000,0,0,0.0000,0,0.0000,0,0,0,366,0
1389,1.4369,8.7334,0.0013,0.0000,0,0,0.0000,0,0.0000,0,0,0,366,0
1390,1.4422,11.1402,0.0014,0.0000,0,0,0.0000,0,0.0000,0,0,0,366,0
1391,1.5085,11.4421,0.0014,0.0000,0,0,0.0000,0,0.0000,0,0,0,366,0
1392,3.7192,3.6877,0.0007,0.0000,0,0,0.0000,0,0.0000,0,0,0,326,0
1393,1.4840,3.6085,0.0008,0.0000,0,0,0.0000,0,0.0000,0,0,0,326,0
1394,1.4615,6.1745,0.0015,0.0000,0,0,0.0000,0,0.0000,0,0,0,366,0
1395,1.4377,6.3648,0.0015,0.0000,0,0,0.0000,0,0.0000,0,0,0,366,0
1396,1.4343,8.9239,0.0014,0.0000,0,0,0.0000,0,0.0000,0,0,0,366,0
1397,1.4369,9.1696,0.0014,0.0000,0,0,0.0000,0,0.0000,0,0,0,366,0
1398,1.4422,11.9829,0.0054,0.0000,0,0,0.0000,0,0.0000,0,0,0,366,0
1399,1.5085,12.1300,0.0014,0.0000,0,0,0.0000,0,0.0000,0,0,0,366,0
1400,3.7192,4.0978,0.0042,0.0000,0,0,0.0000,0,0.0000,0,0,0,326,0
1401,1.4840,3.6572,0.0015,0.0000,0,0,0.0000,0,0.0000,0,0,0,326,0
1402,1.4615,5.6675,0.0015,0.0000,0,0,0.0000,0,0.0000,0,0,0,366,0
1403,1.4377,5.8979,0.0017,0.0000,0,0,0.0000,0,0.0000,0,0,0,366,0
1404,1.4343,8.0068,0.0020,0.0000,0,0,0.0000,0,0.0000,0,0,0,366,0
1405,1.4369,8.4055,0.0024,0.0000,0,0,0.0000,0,0.0000,0,0,0,366,0
1406,1.4422,10.6227,0.0027,0.0000,0,0,0.0000,0,0.0000,0,0,0,366,0
1407,1.5085,10.8821,0.0018,0.0000,0,0,0.0000,0,0.0000,0,0,0,366,0
1408,3.7192,4.0025,0.0042,0.0000,0,0,0.0000,0,0.0000,0,0,0,326,0
1409,1.4840,3.7443,0.0018,0.0000,0,0,0.0000,0,0.0000,0,0,0,326,0
1410,1.4615,5.0803,0.0012,0.0000,0,0,0.0000,0,0.0000,0,0,0,366,0
1411,1.4377,5.0722,0.0008,0.0000,0,0,0.0000,0,0.0000,0,0,0,366,0
1412,1.4343,7.1583,0.0007,0.0000,0,0,0.0000,0,0.0000,0,0,0,366,0
1413,1.4369,7.3260,0.0008,0.0000,0,0,0.0000,0,0.0000,0,0,0,366,0
1414,1.4422,9.6081,0.0013,0.0000,0,0,0.0000,0,0.0000,0,0,0,366,0
1415,1.5085,9.8854,0.0008,0.0000,0,0,0.0000,0,0.0000,0,0,0,366,0
1416,3.7192,3.7343,0.0017,0.0000,0,0,0.0000,0,0.0000,0,0,0,326,0
1417,1.4840,3.5903,0.0014,0.0000,0,0,0.0000,0,0.0000,0,0,0,326,0
1418,1.4615,5.9412,0.0011,0.0000,0,0,0.0000,0,0.0000,0,0,0,366,0
1419,1.4377,6.0985,0.0012,0.0000,0,0,0.0000,0,0.0000,0,0,0,366,0
1420,1.4343,8.5530,0.0013,0.0000,0,0,0.0000,0,0.0000,0,0,0,366,0
1421,1.4369,8.7524,0.0014,0.0000,0,0,0.0000,0,0.0000,0,0,0,366,0
1422,1.4422,11.2539,0.0013,0.0000,0,0,0.0000,0,0.0000,0,0,0,366,0
1423,1.5085,11.4675,0.0013,0.0000,0,0,0.0000,0,0.0000,0,0,0,366,0
1424,3.7192,3.5869,0.0013,0.0000,0,0,0.0000,0,0.0000,0,0,0,326,0
1425,1.4840,3.5495,0.0012,0.0000,0,0,0.0000,0,0.0000,0,0,0,326,0
1426,1.4615,5.9351,0.0011,0.0000,0,0,0.0000,0,0.0000,0,0,0,366,0
1427,1.4377,6.0915,0.0010,0.0000,0,0,0.0000,0,0.0000,0,0,0,366,0
1428,1.4343,8.5518,0.0010,0.0000,0,0,0.0000,0,0.0000,0,0,0,366,0
1429,1.4369,8.7741,0.0024,0.0000,0,0,0.0000,0,0.0000,0,0,0,366,0
1430,1.4422,11.2412,0.0016,0.0000,0,0,0.0000,0,0.0000,0,0,0,366,0
1431,1.5085,11.4569,0.0014,0.0000,0,0,0.0000,0,0.0000,0,0,0,366,0
1432,3.7192,3.5953,0.0015,0.0000,0,0,0.0000,0,0.0000,0,0,0,326,0
1433,1.4840,3.5942,0.0015,0.0000,0,0,0.0000,0,0.0000,0,0,0,326,0
1434,1.4615,5.8947,0.0018,0.0000,0,0,0.0000,0,0.0000,0,0,0,366,0
1435,1.4377,6.0511,0.0014,0.0000,0,0,0.0000,0,0.0000,0,0,0,366,0
1436,1.4343,8.4007,0.0015,0.0000,0,0,0.0000,0,0.0000,0,0,0,366,0
1437,1.4369,8.5786,0.0016,0.0000,0,0,0.0000,0,0.0000,0,0,0,366,0
1438,1.4422,10.9792,0.0012,0.0000,0,0,0.0000,0,0.0000,0,0,0,366,0
1439,1.5085,11.1501,0.0012,0.0000,0,0,0.0000,0,0.0000,0,0,0,366,0
1440,3.7192,3.6051,0.0017,0.0000,0,0,0.0000,0,0.0000,0,0,0,326,0
1441,1.4840,3.5745,0.0010,0.0000,0,0,0.0000,0,0.0000,0,0,0,326,0
1442,1.4615,5.9387,0.0010,0.0000,0,0,0.0000,0,0.0000,0,0,0,366,0
1443,1.4377,6.1098,0.0009,0.0000,0,0,0.0000,0,0.0000,0,0,0,366,0
1444,1.4343,8.5161,0.0009,0.0000,0,0,0.0000,0,0.0000,0,0,0,366,0
1445,1.4369,8.7223,0.0009,0.0000,0,0,0.0000,0,0.0000,0,0,0,366,0
1446,1.4422,11.2200,0.0011,0.0000,0,0,0.0000,0,0.0000,0,0,0,366,0
1447,1.5085,11.3950,0.0010,0.0000,0,0,0.0000,0,0.0000,0,0,0,366,0
1448,3.7192,3.6311,0.0013,0.0000,0,0,0.0000,0,0.0000,0,0,0,326,0
1449,1.4840,3.5587,0.0012,0.0000,0,0,0.0000,0,0.0000,0,0,0,326,0
1450,1.4615,6.7285,0.0010,0.0000,0,0,0.0000,0,0.0000,0,0,0,366,0
1451,1.4377,6.8849,0.0011,0.0000,0,0,0.0000,0,0.0000,0,0,0,366,0
1452,1.4343,11.5664,0.0013,0.0000,0,0,0.0000,0,0.0000,0,0,0,366,0
1453,1.4369,11.9537,0.0012,0.0000,0,0,0.0000,0,0.0000,0,0,0,366,0
1454,1.4422,19.4178,0.0014,0.0000,0,0,0.0000,0,0.0000,0,0,0,366,0
1455,1.5085,19.9270,0.0013,0.0000,0,0,0.0000,0,0.0000,0,0,0,366,0
1456,3.7192,12.3102,0.0012,0.0000,0,0,0.0000,0,0.0000,0,0,0,326,0
1457,1.4840,12.7452,0.0013,0.0000,0,0,0.0000,0,0.0000,0,0,0,326,0
1458,1.4615,20.4434,0.0018,0.0000,0,0,0.0000,0,0.0000,0,0,0,366,0
1459,1.4377,20.7243,0.0014,0.0000,0,0,0.0000,0,0.0000,0,0,0,366,0
1460,1.4343,28.6618,0.0078,0.0000,0,0,0.0000,0,0.0000,0,0,0,366,0
1461,1.4369,28.7650,0.0015,0.0000,0,0,0.0000,0,0.0000,0,0,0,366,0
1462,1.4422,36.4706,0.0016,0.0000,0,0,0.0000,0,0.0000,0,0,0,366,0
1463,1.5085,36.3384,0.0016,0.0000,0,0,0.0000,0,0.0000,0,0,0,366,0
1464,3.7192,26.6987,0.0050,0.0000,0,0,0.0000,0,0.0000,0,0,0,326,0
1465,1.4840,26.4940,0.0051,0.0000,0,0,0.0000,0,0.0000,0,0,0,326,0
1466,1.4615,34.8767,0.0381,0.0000,0,0,0.0000,0,0.0000,0,0,0,366,0
1467,1.4377,34.7905,0.0013,0.0000,0,0,0.0000,0,0.0000,0,0,0,366,0
1468,1.4343,37.3483,0.0014,0.0000,0,0,0.0000,0,0.0000,0,0,0,366,0
1469,1.4369,37.3594,0.0011,0.0000,0,0,0.0000,0,0.0000,0,0,0,366,0
1470,1.4422,39.9639,0.0010,0.0000,0,0,0.0000,0,0.0000,0,0,0,366,0
1471,1.5085,39.9783,0.0011,0.0000,0,0,0.0000,0,0.0000,0,0,0,366,0
1472,3.7192,28.1058,0.0010,0.0000,0,0,0.0000,0,0.0000,0,0,0,326,0
1473,1.4840,27.8076,0.0010,0.0000,0,0,0.0000,0,0.0000,0,0,0,326,0
1474,1.4615,31.7552,0.0011,0.0000,0,0,0.0000,0,0.0000,0,0,0,366,0
1475,1.4377,31.7290,0.0008,0.0000,0,0,0.0000,0,0.0000,0,0,0,366,0
1476,1.4343,33.7618,0.0010,0.0000,0,0,0.0000,0,0.0000,0,0,0,366,0
1477,1.4369,33.4789,0.0010,0.0000,0,0,0.0000,0,0.0000,0,0,0,366,0
1478,1.4422,35.8180,0.0010,0.0000,0,0,0.0000,0,0.0000,0,0,0,366,0
1479,1.5085,35.7550,0.0009,0.0000,0,0,0.0000,0,0.0000,0,0,0,366,0
1480,3.7192,25.9264,0.0012,0.0000,0,0,0.0000,0,0.0000,0,0,0,326,0
1481,1.4840,25.9664,0.0012,0.0000,0,0,0.0000,0,0.0000,0,0,0,326,0
1482,1.4615,30.5719,0.0013,0.0000,0,0,0.0000,0,0.0000,0,0,0,366,0
1483,1.4377,31.0304,0.0013,0.0000,0,0,0.0000,0,0.0000,0,0,0,366,0
1484,1.4343,36.1570,0.0013,0.0000,0,0,0.0000,0,0.0000,0,0,0,366,0
1485,1.4369,36.2445,0.0012,0.0000,0,0,0.0000,0,0.0000,0,0,0,366,0
1486,1.4422,38.7436,0.0013,0.0000,0,0,0.0000,0,0.0000,0,0,0,366,0
1487,1.5085,38.9113,0.0012,0.0000,0,0,0.0000,0,0.0000,0,0,0,366,0
1488,3.7192,29.3990,0.0014,0.0000,0,0,0.0000,0,0.0000,0,0,0,326,0
1489,1.4840,29.6523,0.0013,0.0000,0,0,0.0000,0,0.0000,0,0,0,326,0
1490,1.4615,35.2950,0.0012,0.0000,0,0,0.0000,0,0.0000,0,0,0,366,0
1491,1.4377,35.2701,0.0011,0.0000,0,0,0.0000,0,0.0000,0,0,0,366,0
1492,1.4343,37.8800,0.0010,0.0000,0,0,0.0000,0,0.0000,0,0,0,366,0
1493,1.4369,37.8955,0.0011,0.0000,0,0,0.0000,0,0.0000,0,0,0,366,0
1494,1.4422,40.6108,0.0015,0.0000,0,0,0.0000,0,0.0000,0,0,0,366,0
1495,1.5085,40.6109,0.0012,0.0000,0,0,0.0000,0,0.0000,0,0,0,366,0
1496,3.7192,24.9467,0.0018,0.0000,0,0,0.0000,0,0.0000,0,0,0,326,0
1497,1.4840,25.0725,0.0015,0.0000,0,0,0.0000,0,0.0000,0,0,0,326,0
1498,1.4615,29.8695,0.0015,0.0000,0,0,0.0000,0,0.0000,0,0,0,366,0
1499,1.4377,31.7253,0.0017,0.0000,0,0,0.0000,0,0.0000,0,0,0,366,0
1500,1.4343,33.1285,0.0014,0.0000,0,0,0.0000,0,0.0000,0,0,0,366,0
1501,1.4369,34.2834,0.0014,0.0000,0,0,0.0000,0,0.0000,0,0,0,366,0
1502,1.4422,35.6782,0.0016,0.0000,0,0,0.0000,0,0.0000,0,0,0,366,0
1503,1.5085,36.8928,0.0015,0.0000,0,0,0.0000,0,0.0000,0,0,0,366,0
1504,3.7192,26.9052,0.0059,0.0000,0,0,0.0000,0,0.0000,0,0,0,326,0
1505,1.4840,28.3290,0.0015,0.0000,0,0,0.0000,0,0.0000,0,0,0,326,0
1506,1.4615,30.8729,0.0033,0.0000,0,0,0.0000,0,0.0000,0,0,0,366,0
1507,1.4377,33.4576,0.0020,0.0000,0,0,0.0000,0,0.0000,0,0,0,366,0
1508,1.4343,38.4490,0.0060,0.0000,0,0,0.0000,0,0.0000,0,0,0,366,0
1509,1.4369,40.2689,0.0024,0.0000,0,0,0.0000,0,0.0000,0,0,0,366,0
1510,1.4422,41.6926,0.0015,0.0000,0,0,0.0000,0,0.0000,0,0,0,366,0
1511,1.5085,42.9313,0.0022,0.0000,0,0,0.0000,0,0.0000,0,0,0,366,0
1512,3.7192,29.5978,0.0023,0.0000,0,0,0.0000,0,0.0000,0,0,0,326,0
1513,1.4840,31.2948,0.0047,0.0000,0,0,0.0000,0,0.0000,0,0,0,326,0
1514,1.4615,33.6466,0.0039,0.0000,0,0,0.0000,0,0.0000,0,0,0,366,0
1515,1.4377,37.2790,0.0054,0.0000,0,0,0.0000,0,0.0000,0,0,0,366,0
1516,1.4343,38.1271,0.0025,0.0000,0,0,0.0000,0,0.0000,0,0,0,366,0
1517,1.4369,40.2664,0.0036,0.0000,0,0,0.0000,0,0.0000,0,0,0,366,0
1518,1.4422,40.8885,0.0026,0.0000,0,0,0.0000,0,0.0000,0,0,0,366,0
1519,1.5085,42.9717,0.0036,0.0000,0,0,0.0000,0,0.0000,0,0,0,366,0
1520,3.7192,24.8886,0.0017,0.0000,0,0,0.0000,0,0.0000,0,0,0,326,0
1521,1.4840,27.6589,0.0048,0.0000,0,0,0.0000,0,0.0000,0,0,0,326,0
1522,1.4615,30.0882,0.0026,0.0000,0,0,0.0000,0,0.0000,0,0,0,366,0
1523,1.4377,32.6396,0.0020,0.0000,0,0,0.0000,0,0.0000,0,0,0,366,0
1524,1.4343,32.1109,0.0029,0.0000,0,0,0.0000,0,0.0000,0,0,0,366,0
1525,1.4369,34.2707,0.0015,0.0000,0,0,0.0000,0,0.0000,0,0,0,366,0
1526,1.4422,33.7746,0.0025,0.0000,0,0,0.0000,0,0.0000,0,0,0,366,0
1527,1.5085,36.6480,0.0013,0.0000,0,0,0.0000,0,0.0000,0,0,0,366,0
1528,3.7192,24.5942,0.0015,0.0000,0,0,0.0000,0,0.0000,0,0,0,326,0
1529,1.4840,27.9325,0.0015,0.0000,0,0,0.0000,0,0.0000,0,0,0,326,0
1530,1.4615,27.2282,0.0023,0.0000,0,0,0.0000,0,0.0000,0,0,0,366,0
1531,1.4377,32.5510,0.0011,0.0000,0,0,0.0000,0,0.0000,0,0,0,366,0
1532,1.4343,31.6131,0.0020,0.0000,0,0,0.0000,0,0.0000,0,0,0,366,0
1533,1.4369,36.0225,0.0011,0.0000,0,0,0.0000,0,0.0000,0,0,0,366,0
1534,1.4422,35.5150,0.0014,0.0000,0,0,0.0000,0,0.0000,0,0,0,366,0
1535,1.5085,38.3615,0.0010,0.0000,0,0,0.0000,0,0.0000,0,0,0,366,0
1536,3.7192,24.4997,0.0011,0.0000,0,0,0.0000,0,0.0000,0,0,0,326,0
1537,1.4840,28.3244,0.0012,0.0000,0,0,0.0000,0,0.0000,0,0,0,326,0
1538,1.4615,27.5481,0.0012,0.0000,0,0,0.0000,0,0.0000,0,0,0,366,0
1539,1.4377,33.7919,0.0015,0.0000,0,0,0.0000,0,0.0000,0,0,0,366,0
1540,1.4343,33.5432,0.0017,0.0000,0,0,0.0000,0,0.0000,0,0,0,366,0
1541,1.4369,36.4032,0.0011,0.0000,0,0,0.0000,0,0.0000,0,0,0,366,0
1542,1.4422,36.1120,0.0012,0.0000,0,0,0.0000,0,0.0000,0,0,0,366,0
1543,1.5085,38.9484,0.0013,0.0000,0,0,0.0000,0,0.0000,0,0,0,366,0
1544,3.7192,22.4934,0.0013,0.0000,0,0,0.0000,0,0.0000,0,0,0,326,0
1545,1.4840,25.9899,0.0011,0.0000,0,0,0.0000,0,0.0000,0,0,0,326,0
1546,1.4615,25.6665,0.0015,0.0000,0,0,0.0000,0,0.0000,0,0,0,366,0
1547,1.4377,31.1155,0.0008,0.0000,0,0,0.0000,0,0.0000,0,0,0,366,0
1548,1.4343,30.6252,0.0047,0.0000,0,0,0.0000,0,0.0000,0,0,0,366,0
1549,1.4369,35.0545,0.0009,0.0000,0,0,0.0000,0,0.0000,0,0,0,366,0
1550,1.4422,34.7098,0.0012,0.0000,0,0,0.0000,0,0.0000,0,0,0,366,0
1551,1.5085,37.6932,0.0010,0.0000,0,0,0.0000,0,0.0000,0,0,0,366,0
1552,3.7192,24.4358,0.0011,0.0000,0,0,0.0000,0,0.0000,0,0,0,326,0
1553,1.4840,28.2634,0.0011,0.0000,0,0,0.0000,0,0.0000,0,0,0,326,0
1554,1.4615,27.7365,0.0011,0.0000,0,0,0.0000,0,0.0000,0,0,0,366,0
1555,1.4377,33.3496,0.0010,0.0000,0,0,0.0000,0,0.0000,0,0,0,366,0
1556,1.4343,32.6806,0.0013,0.0000,0,0,0.0000,0,0.0000,0,0,0,366,0
1557,1.4369,38.1181,0.0011,0.0000,0,0,0.0000,0,0.0000,0,0,0,366,0
1558,1.4422,37.8227,0.0027,0.0000,0,0,0.0000,0,0.0000,0,0,0,366,0
1559,1.5085,40.7827,0.0012,0.0000,0,0,0.0000,0,0.0000,0,0,0,366,0
1560,3.7192,23.4762,0.0026,0.0000,0,0,0.0000,0,0.0000,0,0,0,326,0
1561,1.4840,27.2865,0.0012,0.0000,0,0,0.0000,0,0.0000,0,0,0,326,0
1562,1.4615,26.6703,0.0009,0.0000,0,0,0.0000,0,0.0000,0,0,0,366,0
1563,1.4377,33.6397,0.0022,0.0000,0,0,0.0000,0,0.0000,0,0,0,366,0
1564,1.4343,33.5587,0.0012,0.0000,0,0,0.0000,0,0.0000,0,0,0,366,0
1565,1.4369,36.4241,0.0009,0.0000,0,0,0.0000,0,0.0000,0,0,0,366,0
1566,1.4422,36.3888,0.0009,0.0000,0,0,0.0000,0,0.0000,0,0,0,366,0
1567,1.5085,39.0470,0.0010,0.0000,0,0,0.0000,0,0.0000,0,0,0,366,0
1568,3.7192,22.7540,0.0009,0.0000,0,0,0.0000,0,0.0000,0,0,0,326,0
1569,1.4840,26.2892,0.0010,0.0000,0,0,0.0000,0,0.0000,0,0,0,326,0
1570,1.4615,26.1818,0.0011,0.0000,0,0,0.0000,0,0.0000,0,0,0,366,0
1571,1.4377,31.4416,0.0013,0.0000,0,0,0.0000,0,0.0000,0,0,0,366,0
1572,1.4343,31.3160,0.0007,0.0000,0,0,0.0000,0,0.0000,0,0,0,366,0
1573,1.4369,36.1547,0.0013,0.0000,0,0,0.0000,0,0.0000,0,0,0,366,0
1574,1.4422,36.0690,0.0011,0.0000,0,0,0.0000,0,0.0000,0,0,0,366,0
1575,1.5085,38.7309,0.0010,0.0000,0,0,0.0000,0,0.0000,0,0,0,366,0
1576,3.7192,25.9395,0.0009,0.0000,0,0,0.0000,0,0.0000,0,0,0,326,0
1577,1.4840,29.3826,0.0014,0.0000,0,0,0.0000,0,0.0000,0,0,0,326,0
1578,1.4615,29.2708,0.0010,0.0000,0,0,0.0000,0,0.0000,0,0,0,366,0
1579,1.4377,34.5535,0.0010,0.0000,0,0,0.0000,0,0.0000,0,0,0,366,0
1580,1.4343,34.4562,0.0012,0.0000,0,0,0.0000,0,0.0000,0,0,0,366,0
1581,1.4369,38.3743,0.0011,0.0000,0,0,0.0000,0,0.0000,0,0,0,366,0
1582,1.4422,38.3053,0.0009,0.0000,0,0,0.0000,0,0.0000,0,0,0,366,0
1583,1.5085,41.1132,0.0011,0.0000,0,0,0.0000,0,0.0000,0,0,0,366,0
1584,3.7192,22.7037,0.0013,0.0000,0,0,0.0000,0,0.0000,0,0,0,326,0
1585,1.4840,26.2204,0.0018,0.0000,0,0,0.0000,0,0.0000,0,0,0,326,0
1586,1.4615,26.0918,0.0013,0.0000,0,0,0.0000,0,0.0000,0,0,0,366,0
1587,1.4377,31.4417,0.0023,0.0000,0,0,0.0000,0,0.0000,0,0,0,366,0
1588,1.4343,31.3098,0.0018,0.0000,0,0,0.0000,0,0.0000,0,0,0,366,0
1589,1.4369,35.7470,0.0033,0.0000,0,0,0.0000,0,0.0000,0,0,0,366,0
1590,1.4422,35.6567,0.0023,0.0000,0,0,0.0000,0,0.0000,0,0,0,366,0
1591,1.5085,38.3767,0.0020,0.0000,0,0,0.0000,0,0.0000,0,0,0,366,0
1592,3.7192,23.5825,0.0013,0.0000,0,0,0.0000,0,0.0000,0,0,0,326,0
1593,1.4840,27.1958,0.0022,0.0000,0,0,0.0000,0,0.0000,0,0,0,326,0
1594,1.4615,27.0776,0.0112,0.0000,0,0,0.0000,0,0.0000,0,0,0,366,0
1595,1.4377,32.4164,0.0039,0.0000,0,0,0.0000,0,0.0000,0,0,0,366,0
1596,1.4343,32.2858,0.0040,0.0000,0,0,0.0000,0,0.0000,0,0,0,366,0
1597,1.4369,36.4709,0.0021,0.0000,0,0,0.0000,0,0.0000,0,0,0,366,0
1598,1.4422,36.3666,0.0008,0.0000,0,0,0.0000,0,0.0000,0,0,0,366,0
1599,1.5085,39.1850,0.0010,0.0000,0,0,0.0000,0,0.0000,0,0,0,366,0
1600,3.7192,23.3731,0.0008,0.0000,0,0,0.0000,0,0.0000,0,0,0,326,0
1601,1.4840,26.8088,0.0013,0.0000,0,0,0.0000,0,0.0000,0,0,0,326,0
1602,1.4615,26.6929,0.0015,0.0000,0,0,0.0000,0,0.0000,0,0,0,366,0
1603,1.4377,31.9056,0.0018,0.0000,0,0,0.0000,0,0.0000,0,0,0,366,0
1604,1.4343,31.7447,0.0013,0.0000,0,0,0.0000,0,0.0000,0,0,0,366,0
1605,1.4369,35.9858,0.0020,0.0000,0,0,0.0000,0,0.0000,0,0,0,366,0
1606,1.4422,35.9182,0.0013,0.0000,0,0,0.0000,0,0.0000,0,0,0,366,0
1607,1.5085,38.6793,0.0010,0.0000,0,0,0.0000,0,0.0000,0,0,0,366,0
1608,3.7192,23.5951,0.0008,0.0000,0,0,0.0000,0,0.0000,0,0,0,326,0
1609,1.4840,26.9638,0.0012,0.0000,0,0,0.0000,0,0.0000,0,0,0,326,0
1610,1.4615,26.8212,0.0014,0.0000,0,0,0.0000,0,0.0000,0,0,0,366,0
1611,1.4377,32.0703,0.0008,0.0000,0,0,0.0000,0,0.0000,0,0,0,366,0
1612,1.4343,31.9690,0.0007,0.0000,0,0,0.0000,0,0.0000,0,0,0,366,0
1613,1.4369,36.0525,0.0009,0.0000,0,0,0.0000,0,0.0000,0,0,0,366,0
1614,1.4422,35.9854,0.0010,0.0000,0,0,0.0000,0,0.0000,0,0,0,366,0
1615,1.5085,38.8451,0.0022,0.0000,0,0,0.0000,0,0.0000,0,0,0,366,0
1616,3.7192,23.3547,0.0008,0.0000,0,0,0.0000,0,0.0000,0,0,0,326,0
1617,1.4840,26.7568,0.0010,0.0000,0,0,0.0000,0,0.0000,0,0,0,326,0
1618,1.4615,26.6504,0.0015,0.0000,0,0,0.0000,0,0.0000,0,0,0,366,0
1619,1.4377,31.8899,0.0014,0.0000,0,0,0.0000,0,0.0000,0,0,0,366,0
1620,1.4343,31.8204,0.0010,0.0000,0,0,0.0000,0,0.0000,0,0,0,366,0
1621,1.4369,36.0547,0.0014,0.0000,0,0,0.0000,0,0.0000,0,0,0,366,0
1622,1.4422,35.8708,0.0008,0.0000,0,0,0.0000,0,0.0000,0,0,0,366,0
1623,1.5085,38.6465,0.0012,0.0000,0,0,0.0000,0,0.0000,0,0,0,366,0
1624,3.7192,23.3114,0.0009,0.0000,0,0,0.0000,0,0.0000,0,0,0,326,0
1625,1.4840,26.8220,0.0008,0.0000,0,0,0.0000,0,0.0000,0,0,0,326,0
1626,1.4615,26.7381,0.0013,0.0000,0,0,0.0000,0,0.0000,0,0,0,366,0
1627,1.4377,31.9840,0.0018,0.0000,0,0,0.0000,0,0.0000,0,0,0,366,0
1628,1.4343,31.9061,0.0010,0.0000,0,0,0.0000,0,0.0000,0,0,0,366,0
1629,1.4369,36.1746,0.0018,0.0000,0,0,0.0000,0,0.0000,0,0,0,366,0
1630,1.4422,36.0823,0.0010,0.0000,0,0,0.0000,0,0.0000,0,0,0,366,0
1631,1.5085,39.1250,0.0055,0.0000,0,0,0.0000,0,0.0000,0,0,0,366,0
1632,3.7192,23.5232,0.0055,0.0000,0,0,0.0000,0,0.0000,0,0,0,326,0
1633,1.4840,27.0215,0.0038,0.0000,0,0,0.0000,0,0.0000,0,0,0,326,0
1634,1.4615,26.9913,0.0013,0.0000,0,0,0.0000,0,0.0000,0,0,0,366,0
1635,1.4377,33.1468,0.0037,0.0000,0,0,0.0000,0,0.0000,0,0,0,366,0
1636,1.4343,33.1493,0.0011,0.0000,0,0,0.0000,0,0.0000,0,0,0,366,0
1637,1.4369,36.0830,0.0013,0.0000,0,0,0.0000,0,0.0000,0,0,0,366,0
1638,1.4422,35.8917,0.0016,0.0000,0,0,0.0000,0,0.0000,0,0,0,366,0
1639,1.5085,38.9936,0.0017,0.0000,0,0,0.0000,0,0.0000,0,0,0,366,0
1640,3.7192,23.1863,0.0020,0.0000,0,0,0.0000,0,0.0000,0,0,0,326,0
1641,1.4840,27.3081,0.0025,0.0000,0,0,0.0000,0,0.0000,0,0,0,326,0
1642,1.4615,26.8994,0.0056,0.0000,0,0,0.0000,0,0.0000,0,0,0,366,0
1643,1.4377,31.9639,0.0025,0.0000,0,0,0.0000,0,0.0000,0,0,0,366,0
1644,1.4343,31.6580,0.0059,0.0000,0,0,0.0000,0,0.0000,0,0,0,366,0
1645,1.4369,37.3698,0.0017,0.0000,0,0,0.0000,0,0.0000,0,0,0,366,0
1646,1.4422,37.1142,0.0039,0.0000,0,0,0.0000,0,0.0000,0,0,0,366,0
1647,1.5085,40.1035,0.0015,0.0000,0,0,0.0000,0,0.0000,0,0,0,366,0
1648,3.7192,26.7880,0.0015,0.0000,0,0,0.0000,0,0.0000,0,0,0,326,0
1649,1.4840,30.9860,0.0053,0.0000,0,0,0.0000,0,0.0000,0,0,0,326,0
1650,1.4615,30.5510,0.0054,0.0000,0,0,0.0000,0,0.0000,0,0,0,366,0
1651,1.4377,35.0265,0.0018,0.0000,0,0,0.0000,0,0.0000,0,0,0,366,0
1652,1.4343,34.5332,0.0041,0.0000,0,0,0.0000,0,0.0000,0,0,0,366,0
1653,1.4369,37.5565,0.0015,0.0000,0,0,0.0000,0,0.0000,0,0,0,366,0
1654,1.4422,37.1220,0.0043,0.0000,0,0,0.0000,0,0.0000,0,0,0,366,0
1655,1.5085,40.1334,0.0020,0.0000,0,0,0.0000,0,0.0000,0,0,0,366,0
1656,3.7192,22.8687,0.0022,0.0000,0,0,0.0000,0,0.0000,0,0,0,326,0
1657,1.4840,27.0647,0.0030,0.0000,0,0,0.0000,0,0.0000,0,0,0,326,0
1658,1.4615,26.4802,0.0058,0.0000,0,0,0.0000,0,0.0000,0,0,0,366,0
1659,1.4377,31.0964,0.0027,0.0000,0,0,0.0000,0,0.0000,0,0,0,366,0
1660,1.4343,29.7351,0.0046,0.0000,0,0,0.0000,0,0.0000,0,0,0,366,0
1661,1.4369,35.4585,0.0014,0.0000,0,0,0.0000,0,0.0000,0,0,0,366,0
1662,1.4422,34.8781,0.0029,0.0000,0,0,0.0000,0,0.0000,0,0,0,366,0
1663,1.5085,37.9504,0.0016,0.0000,0,0,0.0000,0,0.0000,0,0,0,366,0
1664,3.7192,26.8277,0.0016,0.0000,0,0,0.0000,0,0.0000,0,0,0,326,0
1665,1.4840,30.4352,0.0020,0.0000,0,0,0.0000,0,0.0000,0,0,0,326,0
1666,1.4615,29.6269,0.0045,0.0000,0,0,0.0000,0,0.0000,0,0,0,366,0
1667,1.4377,40.4993,0.0053,0.0000,0,0,0.0000,0,0.0000,0,0,0,366,0
1668,1.4343,33.8938,0.0043,0.0000,0,0,0.0000,0,0.0000,0,0,0,366,0
1669,1.4369,42.0808,0.0017,0.0000,0,0,0.0000,0,0.0000,0,0,0,366,0
1670,1.4422,41.5221,0.0032,0.0000,0,0,0.0000,0,0.0000,0,0,0,366,0
1671,1.5085,44.4450,0.0017,0.0000,0,0,0.0000,0,0.0000,0,0,0,366,0
1672,3.7192,27.3855,0.0039,0.0000,0,0,0.0000,0,0.0000,0,0,0,326,0
1673,1.4840,30.7482,0.0023,0.0000,0,0,0.0000,0,0.0000,0,0,0,326,0
1674,1.4615,29.8617,0.0032,0.0000,0,0,0.0000,0,0.0000,0,0,0,366,0
1675,1.4377,33.9975,0.0019,0.0000,0,0,0.0000,0,0.0000,0,0,0,366,0
1676,1.4343,33.4207,0.0038,0.0000,0,0,0.0000,0,0.0000,0,0,0,366,0
1677,1.4369,36.3013,0.0025,0.0000,0,0,0.0000,0,0.0000,0,0,0,366,0
1678,1.4422,35.7845,0.0035,0.0000,0,0,0.0000,0,0.0000,0,0,0,366,0
1679,1.5085,38.8035,0.0030,0.0000,0,0,0.0000,0,0.0000,0,0,0,366,0
1680,3.7192,25.7044,0.0033,0.0000,0,0,0.0000,0,0.0000,0,0,0,326,0
1681,1.4840,28.9114,0.0019,0.0000,0,0,0.0000,0,0.0000,0,0,0,326,0
1682,1.4615,23.1704,0.0041,0.0000,0,0,0.0000,0,0.0000,0,0,0,366,0
1683,1.4377,28.0557,0.0015,0.0000,0,0,0.0000,0,0.0000,0,0,0,366,0
1684,1.4343,27.6145,0.0022,0.0000,0,0,0.0000,0,0.0000,0,0,0,366,0
1685,1.4369,30.4812,0.0013,0.0000,0,0,0.0000,0,0.0000,0,0,0,366,0
1686,1.4422,30.0048,0.0017,0.0000,0,0,0.0000,0,0.0000,0,0,0,366,0
1687,1.5085,32.9733,0.0010,0.0000,0,0,0.0000,0,0.0000,0,0,0,366,0
1688,3.7192,24.7894,0.0011,0.0000,0,0,0.0000,0,0.0000,0,0,0,326,0
1689,1.4840,28.1804,0.0011,0.0000,0,0,0.0000,0,0.0000,0,0,0,326,0
1690,1.4615,27.5068,0.0012,0.0000,0,0,0.0000,0,0.0000,0,0,0,366,0
1691,1.4377,33.0292,0.0012,0.0000,0,0,0.0000,0,0.0000,0,0,0,366,0
1692,1.4343,32.1335,0.0014,0.0000,0,0,0.0000,0,0.0000,0,0,0,366,0
1693,1.4369,37.0769,0.0006,0.0000,0,0,0.0000,0,0.0000,0,0,0,366,0
1694,1.4422,36.5157,0.0010,0.0000,0,0,0.0000,0,0.0000,0,0,0,366,0
1695,1.5085,39.4324,0.0008,0.0000,0,0,0.0000,0,0.0000,0,0,0,366,0
1696,3.7192,24.8929,0.0011,0.0000,0,0,0.0000,0,0.0000,0,0,0,326,0
1697,1.4840,28.7265,0.0007,0.0000,0,0,0.0000,0,0.0000,0,0,0,326,0
1698,1.4615,28.0334,0.0008,0.0000,0,0,0.0000,0,0.0000,0,0,0,366,0
1699,1.4377,33.6965,0.0008,0.0000,0,0,0.0000,0,0.0000,0,0,0,366,0
1700,1.4343,32.7383,0.0010,0.0000,0,0,0.0000,0,0.0000,0,0,0,366,0
1701,1.4369,37.2798,0.0006,0.0000,0,0,0.0000,0,0.0000,0,0,0,366,0
1702,1.4422,36.7015,0.0010,0.0000,0,0,0.0000,0,0.0000,0,0,0,366,0
1703,1.5085,39.8788,0.0008,0.0000,0,0,0.0000,0,0.0000,0,0,0,366,0
1704,3.7192,22.2018,0.0008,0.0000,0,0,0.0000,0,0.0000,0,0,0,326,0
1705,1.4840,26.1462,0.0008,0.0000,0,0,0.0000,0,0.0000,0,0,0,326,0
1706,1.4615,25.3818,0.0009,0.0000,0,0,0.0000,0,0.0000,0,0,0,366,0
1707,1.4377,32.1920,0.0009,0.0000,0,0,0.0000,0,0.0000,0,0,0,366,0
1708,1.4343,30.3297,0.0011,0.0000,0,0,0.0000,0,0.0000,0,0,0,366,0
1709,1.4369,34.8454,0.0008,0.0000,0,0,0.0000,0,0.0000,0,0,0,366,0
1710,1.4422,33.5622,0.0009,0.0000,0,0,0.0000,0,0.0000,0,0,0,366,0
1711,1.5085,37.5210,0.0009,0.0000,0,0,0.0000,0,0.0000,0,0,0,366,0
1712,3.7192,21.2289,0.0015,0.0000,0,0,0.0000,0,0.0000,0,0,0,326,0
1713,1.4840,26.0312,0.0010,0.0000,0,0,0.0000,0,0.0000,0,0,0,326,0
1714,1.4615,24.2735,0.0009,0.0000,0,0,0.0000,0,0.0000,0,0,0,366,0
1715,1.4377,31.3016,0.0012,0.0000,0,0,0.0000,0,0.0000,0,0,0,366,0
1716,1.4343,28.6828,0.0020,0.0000,0,0,0.0000,0,0.0000,0,0,0,366,0
1717,1.4369,36.4574,0.0009,0.0000,0,0,0.0000,0,0.0000,0,0,0,366,0
1718,1.4422,35.5953,0.0011,0.0000,0,0,0.0000,0,0.0000,0,0,0,366,0
1719,1.5085,39.2319,0.0009,0.0000,0,0,0.0000,0,0.0000,0,0,0,366,0
1720,3.7192,24.8735,0.0008,0.0000,0,0,0.0000,0,0.0000,0,0,0,326,0
1721,1.4840,29.2792,0.0010,0.0000,0,0,0.0000,0,0.0000,0,0,0,326,0
1722,1.4615,28.0654,0.0012,0.0000,0,0,0.0000,0,0.0000,0,0,0,366,0
1723,1.4377,34.3488,0.0008,0.0000,0,0,0.0000,0,0.0000,0,0,0,366,0
1724,1.4343,32.5955,0.0008,0.0000,0,0,0.0000,0,0.0000,0,0,0,366,0
1725,1.4369,37.6533,0.0008,0.0000,0,0,0.0000,0,0.0000,0,0,0,366,0
1726,1.4422,36.6415,0.0011,0.0000,0,0,0.0000,0,0.0000,0,0,0,366,0
1727,1.5085,40.4062,0.0008,0.0000,0,0,0.0000,0,0.0000,0,0,0,366,0
1728,3.7192,20.7480,0.0009,0.0000,0,0,0.0000,0,0.0000,0,0,0,326,0
1729,1.4840,25.1771,0.0009,0.0000,0,0,0.0000,0,0.0000,0,0,0,326,0
1730,1.4615,23.7642,0.0009,0.0000,0,0,0.0000,0,0.0000,0,0,0,366,0
1731,1.4377,30.3626,0.0007,0.0000,0,0,0.0000,0,0.0000,0,0,0,366,0
1732,1.4343,28.3185,0.0011,0.0000,0,0,0.0000,0,0.0000,0,0,0,366,0
1733,1.4369,35.3055,0.0008,0.0000,0,0,0.0000,0,0.0000,0,0,0,366,0
1734,1.4422,34.3677,0.0009,0.0000,0,0,0.0000,0,0.0000,0,0,0,366,0
1735,1.5085,38.0162,0.0008,0.0000,0,0,0.0000,0,0.0000,0,0,0,366,0
1736,3.7192,23.3730,0.0008,0.0000,0,0,0.0000,0,0.0000,0,0,0,326,0
1737,1.4840,27.8637,0.0010,0.0000,0,0,0.0000,0,0.0000,0,0,0,326,0
1738,1.4615,26.4546,0.0008,0.0000,0,0,0.0000,0,0.0000,0,0,0,366,0
1739,1.4377,32.9948,0.0012,0.0000,0,0,0.0000,0,0.0000,0,0,0,366,0
1740,1.4343,31.0914,0.0010,0.0000,0,0,0.0000,0,0.0000,0,0,0,366,0
1741,1.4369,37.1484,0.0010,0.0000,0,0,0.0000,0,0.0000,0,0,0,366,0
1742,1.4422,36.1695,0.0010,0.0000,0,0,0.0000,0,0.0000,0,0,0,366,0
1743,1.5085,39.9070,0.0010,0.0000,0,0,0.0000,0,0.0000,0,0,0,366,0
1744,3.7192,21.5371,0.0010,0.0000,0,0,0.0000,0,0.0000,0,0,0,326,0
1745,1.4840,26.1271,0.0010,0.0000,0,0,0.0000,0,0.0000,0,0,0,326,0
1746,1.4615,24.6817,0.0010,0.0000,0,0,0.0000,0,0.0000,0,0,0,366,0
1747,1.4377,31.3167,0.0011,0.0000,0,0,0.0000,0,0.0000,0,0,0,366,0
1748,1.4343,29.1586,0.0010,0.0000,0,0,0.0000,0,0.0000,0,0,0,366,0
1749,1.4369,34.7543,0.0010,0.0000,0,0,0.0000,0,0.0000,0,0,0,366,0
1750,1.4422,33.4102,0.0010,0.0000,0,0,0.0000,0,0.0000,0,0,0,366,0
1751,1.5085,37.5858,0.0010,0.0000,0,0,0.0000,0,0.0000,0,0,0,366,0
1752,3.7192,20.8869,0.0010,0.0000,0,0,0.0000,0,0.0000,0,0,0,326,0
1753,1.4840,25.8087,0.0017,0.0000,0,0,0.0000,0,0.0000,0,0,0,326,0
1754,1.4615,23.9494,0.0011,0.0000,0,0,0.0000,0,0.0000,0,0,0,366,0
1755,1.4377,30.9488,0.0012,0.0000,0,0,0.0000,0,0.0000,0,0,0,366,0
1756,1.4343,28.2240,0.0011,0.0000,0,0,0.0000,0,0.0000,0,0,0,366,0
1757,1.4369,34.9889,0.0009,0.0000,0,0,0.0000,0,0.0000,0,0,0,366,0
1758,1.4422,33.6163,0.0011,0.0000,0,0,0.0000,0,0.0000,0,0,0,366,0
1759,1.5085,37.7433,0.0009,0.0000,0,0,0.0000,0,0.0000,0,0,0,366,0
1760,3.7192,22.2203,0.0009,0.0000,0,0,0.0000,0,0.0000,0,0,0,326,0
1761,1.4840,27.1812,0.0009,0.0000,0,0,0.0000,0,0.0000,0,0,0,326,0
1762,1.4615,25.2250,0.0008,0.0000,0,0,0.0000,0,0.0000,0,0,0,366,0
1763,1.4377,32.2510,0.0009,0.0000,0,0,0.0000,0,0.0000,0,0,0,366,0
1764,1.4343,29.3281,0.0009,0.0000,0,0,0.0000,0,0.0000,0,0,0,366,0
1765,1.4369,37.3513,0.0009,0.0000,0,0,0.0000,0,0.0000,0,0,0,366,0
1766,1.4422,36.5534,0.0009,0.0000,0,0,0.0000,0,0.0000,0,0,0,366,0
1767,1.5085,40.0299,0.0010,0.0000,0,0,0.0000,0,0.0000,0,0,0,366,0
1768,3.7192,23.3433,0.0010,0.0000,0,0,0.0000,0,0.0000,0,0,0,326,0
1769,1.4840,27.6268,0.0010,0.0000,0,0,0.0000,0,0.0000,0,0,0,326,0
1770,1.4615,26.5080,0.0010,0.0000,0,0,0.0000,0,0.0000,0,0,0,366,0
1771,1.4377,32.8331,0.0010,0.0000,0,0,0.0000,0,0.0000,0,0,0,366,0
1772,1.4343,31.2645,0.0010,0.0000,0,0,0.0000,0,0.0000,0,0,0,366,0
1773,1.4369,37.1849,0.0010,0.0000,0,0,0.0000,0,0.0000,0,0,0,366,0
1774,1.4422,36.3590,0.0010,0.0000,0,0,0.0000,0,0.0000,0,0,0,366,0
1775,1.5085,39.9359,0.0010,0.0000,0,0,0.0000,0,0.0000,0,0,0,366,0
1776,3.7192,21.8206,0.0009,0.0000,0,0,0.0000,0,0.0000,0,0,0,326,0
1777,1.4840,26.1825,0.0010,0.0000,0,0,0.0000,0,0.0000,0,0,0,326,0
1778,1.4615,25.0023,0.0010,0.0000,0,0,0.0000,0,0.0000,0,0,0,366,0
1779,1.4377,31.4171,0.0017,0.0000,0,0,0.0000,0,0.0000,0,0,0,366,0
1780,1.4343,29.6659,0.0009,0.0000,0,0,0.0000,0,0.0000,0,0,0,366,0
1781,1.4369,35.9075,0.0012,0.0000,0,0,0.0000,0,0.0000,0,0,0,366,0
1782,1.4422,35.0139,0.0014,0.0000,0,0,0.0000,0,0.0000,0,0,0,366,0
1783,1.5085,38.6318,0.0012,0.0000,0,0,0.0000,0,0.0000,0,0,0,366,0
1784,3.7192,22.3583,0.0012,0.0000,0,0,0.0000,0,0.0000,0,0,0,326,0
1785,1.4840,26.7888,0.0014,0.0000,0,0,0.0000,0,0.0000,0,0,0,326,0
1786,1.4615,25.4862,0.0012,0.0000,0,0,0.0000,0,0.0000,0,0,0,366,0
1787,1.4377,31.9500,0.0011,0.0000,0,0,0.0000,0,0.0000,0,0,0,366,0
1788,1.4343,30.0790,0.0013,0.0000,0,0,0.0000,0,0.0000,0,0,0,366,0
1789,1.4369,36.2020,0.0013,0.0000,0,0,0.0000,0,0.0000,0,0,0,366,0
1790,1.4422,35.2055,0.0011,0.0000,0,0,0.0000,0,0.0000,0,0,0,366,0
1791,1.5085,38.9067,0.0010,0.0000,0,0,0.0000,0,0.0000,0,0,0,366,0
1792,3.7192,22.2817,0.0011,0.0000,0,0,0.0000,0,0.0000,0,0,0,326,0
1793,1.4840,26.7680,0.0018,0.0000,0,0,0.0000,0,0.0000,0,0,0,326,0
1794,1.4615,25.3650,0.0014,0.0000,0,0,0.0000,0,0.0000,0,0,0,366,0
1795,1.4377,33.3145,0.0013,0.0000,0,0,0.0000,0,0.0000,0,0,0,366,0
1796,1.4343,29.8394,0.0015,0.0000,0,0,0.0000,0,0.0000,0,0,0,366,0
1797,1.4369,35.9542,0.0012,0.0000,0,0,0.0000,0,0.0000,0,0,0,366,0
1798,1.4422,33.7733,0.0014,0.0000,0,0,0.0000,0,0.0000,0,0,0,366,0
1799,1.5085,38.6098,0.0013,0.0000,0,0,0.0000,0,0.0000,0,0,0,366,0
1800,3.7192,21.1723,0.0010,0.0000,0,0,0.0000,0,0.0000,0,0,0,326,0
1801,1.4840,26.8368,0.0017,0.0000,0,0,0.0000,0,0.0000,0,0,0,326,0
1802,1.4615,23.8625,0.0013,0.0000,0,0,0.0000,0,0.0000,0,0,0,366,0
1803,1.4377,31.9841,0.0015,0.0000,0,0,0.0000,0,0.0000,0,0,0,366,0
1804,1.4343,27.5536,0.0016,0.0000,0,0,0.0000,0,0.0000,0,0,0,366,0
1805,1.4369,36.5172,0.0015,0.0000,0,0,0.0000,0,0.0000,0,0,0,366,0
1806,1.4422,33.1762,0.0016,0.0000,0,0,0.0000,0,0.0000,0,0,0,366,0
1807,1.5085,39.4236,0.0072,0.0000,0,0,0.0000,0,0.0000,0,0,0,366,0
1808,3.7192,23.2237,0.0013,0.0000,0,0,0.0000,0,0.0000,0,0,0,326,0
1809,1.4840,30.3520,0.0042,0.0000,0,0,0.0000,0,0.0000,0,0,0,326,0
1810,1.4615,25.8668,0.0017,0.0000,0,0,0.0000,0,0.0000,0,0,0,366,0
1811,1.4377,34.5063,0.0051,0.0000,0,0,0.0000,0,0.0000,0,0,0,366,0
1812,1.4343,29.7813,0.0018,0.0000,0,0,0.0000,0,0.0000,0,0,0,366,0
1813,1.4369,38.8167,0.0023,0.0000,0,0,0.0000,0,0.0000,0,0,0,366,0
1814,1.4422,35.1021,0.0036,0.0000,0,0,0.0000,0,0.0000,0,0,0,366,0
1815,1.5085,41.4417,0.0022,0.0000,0,0,0.0000,0,0.0000,0,0,0,366,0
1816,3.7192,21.5737,0.0014,0.0000,0,0,0.0000,0,0.0000,0,0,0,326,0
1817,1.4840,27.7888,0.0053,0.0000,0,0,0.0000,0,0.0000,0,0,0,326,0
1818,1.4615,24.0487,0.0013,0.0000,0,0,0.0000,0,0.0000,0,0,0,366,0
1819,1.4377,32.6189,0.0037,0.0000,0,0,0.0000,0,0.0000,0,0,0,366,0
1820,1.4343,27.3798,0.0008,0.0000,0,0,0.0000,0,0.0000,0,0,0,366,0
1821,1.4369,35.9543,0.0017,0.0000,0,0,0.0000,0,0.0000,0,0,0,366,0
1822,1.4422,33.8851,0.0025,0.0000,0,0,0.0000,0,0.0000,0,0,0,366,0
1823,1.5085,38.5792,0.0023,0.0000,0,0,0.0000,0,0.0000,0,0,0,366,0
1824,3.7192,21.6462,0.0013,0.0000,0,0,0.0000,0,0.0000,0,0,0,326,0
1825,1.4840,26.9354,0.0026,0.0000,0,0,0.0000,0,0.0000,0,0,0,326,0
1826,1.4615,23.8835,0.0016,0.0000,0,0,0.0000,0,0.0000,0,0,0,366,0
1827,1.4377,31.7209,0.0033,0.0000,0,0,0.0000,0,0.0000,0,0,0,366,0
1828,1.4343,27.1245,0.0015,0.0000,0,0,0.0000,0,0.0000,0,0,0,366,0
1829,1.4369,35.0279,0.0012,0.0000,0,0,0.0000,0,0.0000,0,0,0,366,0
1830,1.4422,33.4022,0.0029,0.0000,0,0,0.0000,0,0.0000,0,0,0,366,0
1831,1.5085,37.5366,0.0014,0.0000,0,0,0.0000,0,0.0000,0,0,0,366,0
1832,3.7192,22.4159,0.0009,0.0000,0,0,0.0000,0,0.0000,0,0,0,326,0
1833,1.4840,27.2557,0.0023,0.0000,0,0,0.0000,0,0.0000,0,0,0,326,0
1834,1.4615,25.0722,0.0014,0.0000,0,0,0.0000,0,0.0000,0,0,0,366,0
1835,1.4377,32.9665,0.0029,0.0000,0,0,0.0000,0,0.0000,0,0,0,366,0
1836,1.4343,29.2721,0.0015,0.0000,0,0,0.0000,0,0.0000,0,0,0,366,0
1837,1.4369,35.7193,0.0052,0.0000,0,0,0.0000,0,0.0000,0,0,0,366,0
1838,1.4422,33.0168,0.0007,0.0000,0,0,0.0000,0,0.0000,0,0,0,366,0
1839,1.5085,38.2297,0.0008,0.0000,0,0,0.0000,0,0.0000,0,0,0,366,0
1840,3.7192,20.3725,0.0016,0.0000,0,0,0.0000,0,0.0000,0,0,0,326,0
1841,1.4840,26.2969,0.0025,0.0000,0,0,0.0000,0,0.0000,0,0,0,326,0
1842,1.4615,22.7355,0.0007,0.0000,0,0,0.0000,0,0.0000,0,0,0,366,0
1843,1.4377,31.4690,0.0024,0.0000,0,0,0.0000,0,0.0000,0,0,0,366,0
1844,1.4343,26.3305,0.0007,0.0000,0,0,0.0000,0,0.0000,0,0,0,366,0
1845,1.4369,35.4978,0.0024,0.0000,0,0,0.0000,0,0.0000,0,0,0,366,0
1846,1.4422,31.6103,0.0010,0.0000,0,0,0.0000,0,0.0000,0,0,0,366,0
1847,1.5085,38.2451,0.0021,0.0000,0,0,0.0000,0,0.0000,0,0,0,366,0
1848,3.7192,22.3622,0.0006,0.0000,0,0,0.0000,0,0.0000,0,0,0,326,0
1849,1.4840,28.6088,0.0010,0.0000,0,0,0.0000,0,0.0000,0,0,0,326,0
1850,1.4615,24.7734,0.0006,0.0000,0,0,0.0000,0,0.0000,0,0,0,366,0
1851,1.4377,33.9666,0.0015,0.0000,0,0,0.0000,0,0.0000,0,0,0,366,0
1852,1.4343,28.3309,0.0005,0.0000,0,0,0.0000,0,0.0000,0,0,0,366,0
1853,1.4369,38.5067,0.0015,0.0000,0,0,0.0000,0,0.0000,0,0,0,366,0
1854,1.4422,33.6356,0.0009,0.0000,0,0,0.0000,0,0.0000,0,0,0,366,0
1855,1.5085,41.2762,0.0017,0.0000,0,0,0.0000,0,0.0000,0,0,0,366,0
1856,3.7192,20.9810,0.0009,0.0000,0,0,0.0000,0,0.0000,0,0,0,326,0
1857,1.4840,27.4951,0.0015,0.0000,0,0,0.0000,0,0.0000,0,0,0,326,0
1858,1.4615,23.4240,0.0012,0.0000,0,0,0.0000,0,0.0000,0,0,0,366,0
1859,1.4377,32.5545,0.0013,0.0000,0,0,0.0000,0,0.0000,0,0,0,366,0
1860,1.4343,27.0138,0.0009,0.0000,0,0,0.0000,0,0.0000,0,0,0,366,0
1861,1.4369,36.7458,0.0015,0.0000,0,0,0.0000,0,0.0000,0,0,0,366,0
1862,1.4422,32.3404,0.0010,0.0000,0,0,0.0000,0,0.0000,0,0,0,366,0
1863,1.5085,39.6212,0.0013,0.0000,0,0,0.0000,0,0.0000,0,0,0,366,0
1864,3.7192,20.2336,0.0010,0.0000,0,0,0.0000,0,0.0000,0,0,0,326,0
1865,1.4840,26.6768,0.0014,0.0000,0,0,0.0000,0,0.0000,0,0,0,326,0
1866,1.4615,22.7771,0.0015,0.0000,0,0,0.0000,0,0.0000,0,0,0,366,0
1867,1.4377,31.8637,0.0015,0.0000,0,0,0.0000,0,0.0000,0,0,0,366,0
1868,1.4343,26.1921,0.0014,0.0000,0,0,0.0000,0,0.0000,0,0,0,366,0
1869,1.4369,36.0289,0.0018,0.0000,0,0,0.0000,0,0.0000,0,0,0,366,0
1870,1.4422,31.4463,0.0011,0.0000,0,0,0.0000,0,0.0000,0,0,0,366,0
1871,1.5085,38.7332,0.0019,0.0000,0,0,0.0000,0,0.0000,0,0,0,366,0
1872,3.7192,20.6455,0.0015,0.0000,0,0,0.0000,0,0.0000,0,0,0,326,0
1873,1.4840,27.1895,0.0015,0.0000,0,0,0.0000,0,0.0000,0,0,0,326,0
1874,1.4615,23.2575,0.0015,0.0000,0,0,0.0000,0,0.0000,0,0,0,366,0
1875,1.4377,32.3956,0.0045,0.0000,0,0,0.0000,0,0.0000,0,0,0,366,0
1876,1.4343,26.7343,0.0010,0.0000,0,0,0.0000,0,0.0000,0,0,0,366,0
1877,1.4369,35.9255,0.0016,0.0000,0,0,0.0000,0,0.0000,0,0,0,366,0
1878,1.4422,33.6085,0.0024,0.0000,0,0,0.0000,0,0.0000,0,0,0,366,0
1879,1.5085,38.6438,0.0025,0.0000,0,0,0.0000,0,0.0000,0,0,0,366,0
1880,3.7192,20.8593,0.0018,0.0000,0,0,0.0000,0,0.0000,0,0,0,326,0
1881,1.4840,27.1328,0.0042,0.0000,0,0,0.0000,0,0.0000,0,0,0,326,0
1882,1.4615,23.4748,0.0018,0.0000,0,0,0.0000,0,0.0000,0,0,0,366,0
1883,1.4377,32.4776,0.0040,0.0000,0,0,0.0000,0,0.0000,0,0,0,366,0
1884,1.4343,27.2089,0.0035,0.0000,0,0,0.0000,0,0.0000,0,0,0,366,0
1885,1.4369,35.7265,0.0018,0.0000,0,0,0.0000,0,0.0000,0,0,0,366,0
1886,1.4422,33.2990,0.0018,0.0000,0,0,0.0000,0,0.0000,0,0,0,366,0
1887,1.5085,38.3177,0.0023,0.0000,0,0,0.0000,0,0.0000,0,0,0,366,0
1888,3.7192,22.3693,0.0018,0.0000,0,0,0.0000,0,0.0000,0,0,0,326,0
1889,1.4840,27.9081,0.0025,0.0000,0,0,0.0000,0,0.0000,0,0,0,326,0
1890,1.4615,24.5453,0.0018,0.0000,0,0,0.0000,0,0.0000,0,0,0,366,0
1891,1.4377,33.3503,0.0052,0.0000,0,0,0.0000,0,0.0000,0,0,0,366,0
1892,1.4343,28.0553,0.0028,0.0000,0,0,0.0000,0,0.0000,0,0,0,366,0
1893,1.4369,37.3980,0.0020,0.0000,0,0,0.0000,0,0.0000,0,0,0,366,0
1894,1.4422,34.4447,0.0032,0.0000,0,0,0.0000,0,0.0000,0,0,0,366,0
1895,1.5085,40.0230,0.0043,0.0000,0,0,0.0000,0,0.0000,0,0,0,366,0
1896,3.7192,23.7143,0.0015,0.0000,0,0,0.0000,0,0.0000,0,0,0,326,0
1897,1.4840,29.1190,0.0035,0.0000,0,0,0.0000,0,0.0000,0,0,0,326,0
1898,1.4615,25.6211,0.0015,0.0000,0,0,0.0000,0,0.0000,0,0,0,366,0
1899,1.4377,34.2920,0.0013,0.0000,0,0,0.0000,0,0.0000,0,0,0,366,0
1900,1.4343,28.7302,0.0015,0.0000,0,0,0.0000,0,0.0000,0,0,0,366,0
1901,1.4369,36.4499,0.0008,0.0000,0,0,0.0000,0,0.0000,0,0,0,366,0
1902,1.4422,33.2324,0.0018,0.0000,0,0,0.0000,0,0.0000,0,0,0,366,0
1903,1.5085,39.0462,0.0013,0.0000,0,0,0.0000,0,0.0000,0,0,0,366,0
1904,3.7192,22.0225,0.0015,0.0000,0,0,0.0000,0,0.0000,0,0,0,326,0
1905,1.4840,27.2192,0.0008,0.0000,0,0,0.0000,0,0.0000,0,0,0,326,0
1906,1.4615,22.6076,0.0008,0.0000,0,0,0.0000,0,0.0000,0,0,0,366,0
1907,1.4377,31.7065,0.0012,0.0000,0,0,0.0000,0,0.0000,0,0,0,366,0
1908,1.4343,25.4743,0.0009,0.0000,0,0,0.0000,0,0.0000,0,0,0,366,0
1909,1.4369,35.7060,0.0013,0.0000,0,0,0.0000,0,0.0000,0,0,0,366,0
1910,1.4422,29.7791,0.0022,0.0000,0,0,0.0000,0,0.0000,0,0,0,366,0
1911,1.5085,38.1073,0.0008,0.0000,0,0,0.0000,0,0.0000,0,0,0,366,0
1912,3.7192,21.9247,0.0022,0.0000,0,0,0.0000,0,0.0000,0,0,0,326,0
1913,1.4840,28.7960,0.0020,0.0000,0,0,0.0000,0,0.0000,0,0,0,326,0
1914,1.4615,24.4155,0.0009,0.0000,0,0,0.0000,0,0.0000,0,0,0,366,0
1915,1.4377,33.9804,0.0008,0.0000,0,0,0.0000,0,0.0000,0,0,0,366,0
1916,1.4343,27.8143,0.0024,0.0000,0,0,0.0000,0,0.0000,0,0,0,366,0
1917,1.4369,38.5829,0.0014,0.0000,0,0,0.0000,0,0.0000,0,0,0,366,0
1918,1.4422,32.8056,0.0012,0.0000,0,0,0.0000,0,0.0000,0,0,0,366,0
1919,1.5085,41.3526,0.0014,0.0000,0,0,0.0000,0,0.0000,0,0,0,366,0
1920,3.7192,19.6754,0.0015,0.0000,0,0,0.0000,0,0.0000,0,0,0,326,0
1921,1.4840,26.6430,0.0020,0.0000,0,0,0.0000,0,0.0000,0,0,0,326,0
1922,1.4615,22.2785,0.0013,0.0000,0,0,0.0000,0,0.0000,0,0,0,366,0
1923,1.4377,31.9277,0.0020,0.0000,0,0,0.0000,0,0.0000,0,0,0,366,0
1924,1.4343,25.8468,0.0057,0.0000,0,0,0.0000,0,0.0000,0,0,0,366,0
1925,1.4369,36.4930,0.0019,0.0000,0,0,0.0000,0,0.0000,0,0,0,366,0
1926,1.4422,30.9184,0.0042,0.0000,0,0,0.0000,0,0.0000,0,0,0,366,0
1927,1.5085,39.4806,0.0023,0.0000,0,0,0.0000,0,0.0000,0,0,0,366,0
1928,3.7192,20.9207,0.0041,0.0000,0,0,0.0000,0,0.0000,0,0,0,326,0
1929,1.4840,28.2205,0.0080,0.0000,0,0,0.0000,0,0.0000,0,0,0,326,0
1930,1.4615,23.4323,0.0058,0.0000,0,0,0.0000,0,0.0000,0,0,0,366,0
1931,1.4377,33.4878,0.0013,0.0000,0,0,0.0000,0,0.0000,0,0,0,366,0
1932,1.4343,27.5833,0.0081,0.0000,0,0,0.0000,0,0.0000,0,0,0,366,0
1933,1.4369,36.3334,0.0013,0.0000,0,0,0.0000,0,0.0000,0,0,0,366,0
1934,1.4422,32.6322,0.0031,0.0000,0,0,0.0000,0,0.0000,0,0,0,366,0
1935,1.5085,38.7591,0.0018,0.0000,0,0,0.0000,0,0.0000,0,0,0,366,0
1936,3.7192,20.8635,0.0029,0.0000,0,0,0.0000,0,0.0000,0,0,0,326,0
1937,1.4840,27.4305,0.0032,0.0000,0,0,0.0000,0,0.0000,0,0,0,326,0
1938,1.4615,22.9079,0.0018,0.0000,0,0,0.0000,0,0.0000,0,0,0,366,0
1939,1.4377,32.1881,0.0028,0.0000,0,0,0.0000,0,0.0000,0,0,0,366,0
1940,1.4343,26.0130,0.0035,0.0000,0,0,0.0000,0,0.0000,0,0,0,366,0
1941,1.4369,37.1993,0.0020,0.0000,0,0,0.0000,0,0.0000,0,0,0,366,0
1942,1.4422,30.7878,0.0048,0.0000,0,0,0.0000,0,0.0000,0,0,0,366,0
1943,1.5085,39.1763,0.0018,0.0000,0,0,0.0000,0,0.0000,0,0,0,366,0
1944,3.7192,23.2143,0.0035,0.0000,0,0,0.0000,0,0.0000,0,0,0,326,0
1945,1.4840,29.7678,0.0025,0.0000,0,0,0.0000,0,0.0000,0,0,0,326,0
1946,1.4615,25.3878,0.0030,0.0000,0,0,0.0000,0,0.0000,0,0,0,366,0
1947,1.4377,35.0972,0.0017,0.0000,0,0,0.0000,0,0.0000,0,0,0,366,0
1948,1.4343,28.5490,0.0048,0.0000,0,0,0.0000,0,0.0000,0,0,0,366,0
1949,1.4369,37.3262,0.0015,0.0000,0,0,0.0000,0,0.0000,0,0,0,366,0
1950,1.4422,33.8677,0.0058,0.0000,0,0,0.0000,0,0.0000,0,0,0,366,0
1951,1.5085,40.0194,0.0057,0.0000,0,0,0.0000,0,0.0000,0,0,0,366,0
1952,3.7192,19.8092,0.0035,0.0000,0,0,0.0000,0,0.0000,0,0,0,326,0
1953,1.4840,26.3072,0.0025,0.0000,0,0,0.0000,0,0.0000,0,0,0,326,0
1954,1.4615,21.8147,0.0045,0.0000,0,0,0.0000,0,0.0000,0,0,0,366,0
1955,1.4377,30.9068,0.0016,0.0000,0,0,0.0000,0,0.0000,0,0,0,366,0
1956,1.4343,24.4854,0.0029,0.0000,0,0,0.0000,0,0.0000,0,0,0,366,0
1957,1.4369,34.8287,0.0014,0.0000,0,0,0.0000,0,0.0000,0,0,0,366,0
1958,1.4422,28.7186,0.0014,0.0000,0,0,0.0000,0,0.0000,0,0,0,366,0
1959,1.5085,37.0221,0.0010,0.0000,0,0,0.0000,0,0.0000,0,0,0,366,0
1960,3.7192,22.5030,0.0014,0.0000,0,0,0.0000,0,0.0000,0,0,0,326,0
1961,1.4840,29.0847,0.0015,0.0000,0,0,0.0000,0,0.0000,0,0,0,326,0
1962,1.4615,24.3276,0.0011,0.0000,0,0,0.0000,0,0.0000,0,0,0,366,0
1963,1.4377,33.7948,0.0014,0.0000,0,0,0.0000,0,0.0000,0,0,0,366,0
1964,1.4343,27.1075,0.0010,0.0000,0,0,0.0000,0,0.0000,0,0,0,366,0
1965,1.4369,37.3989,0.0013,0.0000,0,0,0.0000,0,0.0000,0,0,0,366,0
1966,1.4422,31.3032,0.0013,0.0000,0,0,0.0000,0,0.0000,0,0,0,366,0
1967,1.5085,39.2749,0.0013,0.0000,0,0,0.0000,0,0.0000,0,0,0,366,0
1968,3.7192,19.7100,0.0015,0.0000,0,0,0.0000,0,0.0000,0,0,0,326,0
1969,1.4840,26.7481,0.0013,0.0000,0,0,0.0000,0,0.0000,0,0,0,326,0
1970,1.4615,22.0428,0.0013,0.0000,0,0,0.0000,0,0.0000,0,0,0,366,0
1971,1.4377,32.9488,0.0012,0.0000,0,0,0.0000,0,0.0000,0,0,0,366,0
1972,1.4343,25.1619,0.0013,0.0000,0,0,0.0000,0,0.0000,0,0,0,366,0
1973,1.4369,35.5135,0.0013,0.0000,0,0,0.0000,0,0.0000,0,0,0,366,0
1974,1.4422,29.9074,0.0013,0.0000,0,0,0.0000,0,0.0000,0,0,0,366,0
1975,1.5085,38.1820,0.0013,0.0000,0,0,0.0000,0,0.0000,0,0,0,366,0
1976,3.7192,18.2929,0.0010,0.0000,0,0,0.0000,0,0.0000,0,0,0,326,0
1977,1.4840,26.6645,0.0020,0.0000,0,0,0.0000,0,0.0000,0,0,0,326,0
1978,1.4615,20.7500,0.0013,0.0000,0,0,0.0000,0,0.0000,0,0,0,366,0
1979,1.4377,31.5665,0.0013,0.0000,0,0,0.0000,0,0.0000,0,0,0,366,0
1980,1.4343,23.5320,0.0013,0.0000,0,0,0.0000,0,0.0000,0,0,0,366,0
1981,1.4369,36.3293,0.0015,0.0000,0,0,0.0000,0,0.0000,0,0,0,366,0
1982,1.4422,27.4344,0.0016,0.0000,0,0,0.0000,0,0.0000,0,0,0,366,0
1983,1.5085,39.0244,0.0012,0.0000,0,0,0.0000,0,0.0000,0,0,0,366,0
1984,3.7192,21.3248,0.0053,0.0000,0,0,0.0000,0,0.0000,0,0,0,326,0
1985,1.4840,29.2091,0.0018,0.0000,0,0,0.0000,0,0.0000,0,0,0,326,0
1986,1.4615,23.8675,0.0010,0.0000,0,0,0.0000,0,0.0000,0,0,0,366,0
1987,1.4377,34.2220,0.0018,0.0000,0,0,0.0000,0,0.0000,0,0,0,366,0
1988,1.4343,26.9771,0.0010,0.0000,0,0,0.0000,0,0.0000,0,0,0,366,0
1989,1.4369,38.0003,0.0010,0.0000,0,0,0.0000,0,0.0000,0,0,0,366,0
1990,1.4422,31.2796,0.0061,0.0000,0,0,0.0000,0,0.0000,0,0,0,366,0
1991,1.5085,40.6040,0.0007,0.0000,0,0,0.0000,0,0.0000,0,0,0,366,0
1992,3.7192,18.6136,0.0010,0.0000,0,0,0.0000,0,0.0000,0,0,0,326,0
1993,1.4840,26.2537,0.0012,0.0000,0,0,0.0000,0,0.0000,0,0,0,326,0
1994,1.4615,20.9718,0.0008,0.0000,0,0,0.0000,0,0.0000,0,0,0,366,0
1995,1.4377,31.3735,0.0009,0.0000,0,0,0.0000,0,0.0000,0,0,0,366,0
1996,1.4343,24.0354,0.0008,0.0000,0,0,0.0000,0,0.0000,0,0,0,366,0
1997,1.4369,35.4475,0.0009,0.0000,0,0,0.0000,0,0.0000,0,0,0,366,0
1998,1.4422,28.3305,0.0010,0.0000,0,0,0.0000,0,0.0000,0,0,0,366,0
1999,1.5085,38.0829,0.0008,0.0000,0,0,0.0000,0,0.0000,0,0,0,366,0
2000,3.7192,19.0972,0.0010,0.0000,0,0,0.0000,0,0.0000,0,0,0,326,0
2001,1.4840,26.8106,0.0009,0.0000,0,0,0.0000,0,0.0000,0,0,0,326,0
2002,1.4615,21.5217,0.0009,0.0000,0,0,0.0000,0,0.0000,0,0,0,366,0
2003,1.4377,31.8815,0.0017,0.0000,0,0,0.0000,0,0.0000,0,0,0,366,0
2004,1.4343,24.5175,0.0013,0.0000,0,0,0.0000,0,0.0000,0,0,0,366,0
2005,1.4369,35.4831,0.0011,0.0000,0,0,0.0000,0,0.0000,0,0,0,366,0
2006,1.4422,28.6875,0.0018,0.0000,0,0,0.0000,0,0.0000,0,0,0,366,0
2007,1.5085,38.1743,0.0013,0.0000,0,0,0.0000,0,0.0000,0,0,0,366,0
2008,3.7192,18.1098,0.0010,0.0000,0,0,0.0000,0,0.0000,0,0,0,326,0
2009,1.4840,26.0317,0.0008,0.0000,0,0,0.0000,0,0.0000,0,0,0,326,0
2010,1.4615,20.6613,0.0014,0.0000,0,0,0.0000,0,0.0000,0,0,0,366,0
2011,1.4377,31.2127,0.0012,0.0000,0,0,0.0000,0,0.0000,0,0,0,366,0
2012,1.4343,23.5994,0.0014,0.0000,0,0,0.0000,0,0.0000,0,0,0,366,0
2013,1.4369,35.9242,0.0012,0.0000,0,0,0.0000,0,0.0000,0,0,0,366,0
2014,1.4422,27.8055,0.0012,0.0000,0,0,0.0000,0,0.0000,0,0,0,366,0
2015,1.5085,38.6061,0.0013,0.0000,0,0,0.0000,0,0.0000,0,0,0,366,0
2016,3.7192,20.2011,0.0013,0.0000,0,0,0.0000,0,0.0000,0,0,0,326,0
2017,1.4840,27.6114,0.0014,0.0000,0,0,0.0000,0,0.0000,0,0,0,326,0
2018,1.4615,22.5400,0.0008,0.0000,0,0,0.0000,0,0.0000,0,0,0,366,0
2019,1.4377,32.6351,0.0016,0.0000,0,0,0.0000,0,0.0000,0,0,0,366,0
2020,1.4343,25.5884,0.0011,0.0000,0,0,0.0000,0,0.0000,0,0,0,366,0
2021,1.4369,36.8618,0.0011,0.0000,0,0,0.0000,0,0.0000,0,0,0,366,0
2022,1.4422,29.9133,0.0012,0.0000,0,0,0.0000,0,0.0000,0,0,0,366,0
2023,1.5085,39.5144,0.0009,0.0000,0,0,0.0000,0,0.0000,0,0,0,366,0
2024,3.7192,18.7132,0.0022,0.0000,0,0,0.0000,0,0.0000,0,0,0,326,0
2025,1.4840,26.3171,0.0008,0.0000,0,0,0.0000,0,0.0000,0,0,0,326,0
2026,1.4615,21.2398,0.0009,0.0000,0,0,0.0000,0,0.0000,0,0,0,366,0
2027,1.4377,32.9581,0.0012,0.0000,0,0,0.0000,0,0.0000,0,0,0,366,0
2028,1.4343,24.3488,0.0008,0.0000,0,0,0.0000,0,0.0000,0,0,0,366,0
2029,1.4369,35.6145,0.0010,0.0000,0,0,0.0000,0,0.0000,0,0,0,366,0
2030,1.4422,28.7688,0.0013,0.0000,0,0,0.0000,0,0.0000,0,0,0,366,0
2031,1.5085,38.3488,0.0010,0.0000,0,0,0.0000,0,0.0000,0,0,0,366,0
2032,3.7192,17.6452,0.0012,0.0000,0,0,0.0000,0,0.0000,0,0,0,326,0
2033,1.4840,26.4767,0.0013,0.0000,0,0,0.0000,0,0.0000,0,0,0,326,0
2034,1.4615,20.0765,0.0010,0.0000,0,0,0.0000,0,0.0000,0,0,0,366,0
2035,1.4377,31.6189,0.0013,0.0000,0,0,0.0000,0,0.0000,0,0,0,366,0
2036,1.4343,22.7795,0.0008,0.0000,0,0,0.0000,0,0.0000,0,0,0,366,0
2037,1.4369,36.3110,0.0013,0.0000,0,0,0.0000,0,0.0000,0,0,0,366,0
2038,1.4422,26.3531,0.0010,0.0000,0,0,0.0000,0,0.0000,0,0,0,366,0
2039,1.5085,39.0777,0.0017,0.0000,0,0,0.0000,0,0.0000,0,0,0,366,0
2040,3.7192,17.9296,0.0010,0.0000,0,0,0.0000,0,0.0000,0,0,0,326,0
2041,1.4840,28.8156,0.0014,0.0000,0,0,0.0000,0,0.0000,0,0,0,326,0
2042,1.4615,22.0321,0.0012,0.0000,0,0,0.0000,0,0.0000,0,0,0,366,0
2043,1.4377,34.3490,0.0015,0.0000,0,0,0.0000,0,0.0000,0,0,0,366,0
2044,1.4343,24.6620,0.0010,0.0000,0,0,0.0000,0,0.0000,0,0,0,366,0
2045,1.4369,36.9954,0.0013,0.0000,0,0,0.0000,0,0.0000,0,0,0,366,0
2046,1.4422,28.1173,0.0011,0.0000,0,0,0.0000,0,0.0000,0,0,0,366,0
2047,1.5085,39.7189,0.0010,0.0000,0,0,0.0000,0,0.0000,0,0,0,366,0
2048,3.7192,15.8805,0.0016,0.0000,0,0,0.0000,0,0.0000,0,0,0,326,0
2049,1.4840,25.4438,0.0010,0.0000,0,0,0.0000,0,0.0000,0,0,0,326,0
2050,1.4615,18.4007,0.0012,0.0000,0,0,0.0000,0,0.0000,0,0,0,366,0
2051,1.4377,30.5319,0.0011,0.0000,0,0,0.0000,0,0.0000,0,0,0,366,0
2052,1.4343,21.0406,0.0077,0.0000,0,0,0.0000,0,0.0000,0,0,0,366,0
2053,1.4369,35.7280,0.0014,0.0000,0,0,0.0000,0,0.0000,0,0,0,366,0
2054,1.4422,24.4818,0.0012,0.0000,0,0,0.0000,0,0.0000,0,0,0,366,0
2055,1.5085,38.4060,0.0010,0.0000,0,0,0.0000,0,0.0000,0,0,0,366,0
2056,3.7192,16.9381,0.0012,0.0000,0,0,0.0000,0,0.0000,0,0,0,326,0
2057,1.4840,29.3832,0.0016,0.0000,0,0,0.0000,0,0.0000,0,0,0,326,0
2058,1.4615,22.3627,0.0012,0.0000,0,0,0.0000,0,0.0000,0,0,0,366,0
2059,1.4377,34.5483,0.0014,0.0000,0,0,0.0000,0,0.0000,0,0,0,366,0
2060,1.4343,24.9487,0.0010,0.0000,0,0,0.0000,0,0.0000,0,0,0,366,0
2061,1.4369,38.4915,0.0010,0.0000,0,0,0.0000,0,0.0000,0,0,0,366,0
2062,1.4422,28.3264,0.0015,0.0000,0,0,0.0000,0,0.0000,0,0,0,366,0
2063,1.5085,41.1439,0.0067,0.0000,0,0,0.0000,0,0.0000,0,0,0,366,0
2064,3.7192,14.8082,0.0014,0.0000,0,0,0.0000,0,0.0000,0,0,0,326,0
2065,1.4840,26.0827,0.0018,0.0000,0,0,0.0000,0,0.0000,0,0,0,326,0
2066,1.4615,18.9473,0.0012,0.0000,0,0,0.0000,0,0.0000,0,0,0,366,0
2067,1.4377,31.5933,0.0038,0.0000,0,0,0.0000,0,0.0000,0,0,0,366,0
2068,1.4343,21.8687,0.0067,0.0000,0,0,0.0000,0,0.0000,0,0,0,366,0
2069,1.4369,35.1997,0.0015,0.0000,0,0,0.0000,0,0.0000,0,0,0,366,0
2070,1.4422,24.9101,0.0017,0.0000,0,0,0.0000,0,0.0000,0,0,0,366,0
2071,1.5085,37.8823,0.0019,0.0000,0,0,0.0000,0,0.0000,0,0,0,366,0
2072,3.7192,15.4307,0.0056,0.0000,0,0,0.0000,0,0.0000,0,0,0,326,0
2073,1.4840,26.7181,0.0029,0.0000,0,0,0.0000,0,0.0000,0,0,0,326,0
2074,1.4615,19.4464,0.0026,0.0000,0,0,0.0000,0,0.0000,0,0,0,366,0
2075,1.4377,31.7934,0.0027,0.0000,0,0,0.0000,0,0.0000,0,0,0,366,0
2076,1.4343,22.0938,0.0023,0.0000,0,0,0.0000,0,0.0000,0,0,0,366,0
2077,1.4369,37.1874,0.0014,0.0000,0,0,0.0000,0,0.0000,0,0,0,366,0
2078,1.4422,25.5832,0.0038,0.0000,0,0,0.0000,0,0.0000,0,0,0,366,0
2079,1.5085,39.7765,0.0014,0.0000,0,0,0.0000,0,0.0000,0,0,0,366,0
2080,3.7192,17.7336,0.0057,0.0000,0,0,0.0000,0,0.0000,0,0,0,326,0
2081,1.4840,29.4230,0.0019,0.0000,0,0,0.0000,0,0.0000,0,0,0,326,0
2082,1.4615,22.2990,0.0017,0.0000,0,0,0.0000,0,0.0000,0,0,0,366,0
2083,1.4377,33.8671,0.0012,0.0000,0,0,0.0000,0,0.0000,0,0,0,366,0
2084,1.4343,23.9999,0.0015,0.0000,0,0,0.0000,0,0.0000,0,0,0,366,0
2085,1.4369,37.1049,0.0008,0.0000,0,0,0.0000,0,0.0000,0,0,0,366,0
2086,1.4422,27.2252,0.0016,0.0000,0,0,0.0000,0,0.0000,0,0,0,366,0
2087,1.5085,39.5512,0.0009,0.0000,0,0,0.0000,0,0.0000,0,0,0,366,0
2088,3.7192,16.0570,0.0020,0.0000,0,0,0.0000,0,0.0000,0,0,0,326,0
2089,1.4840,26.6857,0.0011,0.0000,0,0,0.0000,0,0.0000,0,0,0,326,0
2090,1.4615,19.1930,0.0011,0.0000,0,0,0.0000,0,0.0000,0,0,0,366,0
2091,1.4377,31.4080,0.0018,0.0000,0,0,0.0000,0,0.0000,0,0,0,366,0
2092,1.4343,21.3678,0.0010,0.0000,0,0,0.0000,0,0.0000,0,0,0,366,0
2093,1.4369,34.2310,0.0011,0.0000,0,0,0.0000,0,0.0000,0,0,0,366,0
2094,1.4422,24.1001,0.0013,0.0000,0,0,0.0000,0,0.0000,0,0,0,366,0
2095,1.5085,36.5135,0.0010,0.0000,0,0,0.0000,0,0.0000,0,0,0,366,0
2096,3.7192,15.5358,0.0010,0.0000,0,0,0.0000,0,0.0000,0,0,0,326,0
2097,1.4840,26.3029,0.0011,0.0000,0,0,0.0000,0,0.0000,0,0,0,326,0
2098,1.4615,18.7880,0.0011,0.0000,0,0,0.0000,0,0.0000,0,0,0,366,0
2099,1.4377,31.3797,0.0015,0.0000,0,0,0.0000,0,0.0000,0,0,0,366,0
2100,1.4343,21.4280,0.0011,0.0000,0,0,0.0000,0,0.0000,0,0,0,366,0
2101,1.4369,36.3020,0.0011,0.0000,0,0,0.0000,0,0.0000,0,0,0,366,0
2102,1.4422,24.6462,0.0010,0.0000,0,0,0.0000,0,0.0000,0,0,0,366,0
2103,1.5085,38.9543,0.0014,0.0000,0,0,0.0000,0,0.0000,0,0,0,366,0
2104,3.7192,15.0502,0.0022,0.0000,0,0,0.0000,0,0.0000,0,0,0,326,0
2105,1.4840,28.1466,0.0019,0.0000,0,0,0.0000,0,0.0000,0,0,0,326,0
2106,1.4615,20.5437,0.0030,0.0000,0,0,0.0000,0,0.0000,0,0,0,366,0
2107,1.4377,33.3571,0.0011,0.0000,0,0,0.0000,0,0.0000,0,0,0,366,0
2108,1.4343,23.1573,0.0011,0.0000,0,0,0.0000,0,0.0000,0,0,0,366,0
2109,1.4369,37.4965,0.0015,0.0000,0,0,0.0000,0,0.0000,0,0,0,366,0
2110,1.4422,26.4447,0.0020,0.0000,0,0,0.0000,0,0.0000,0,0,0,366,0
2111,1.5085,40.2119,0.0012,0.0000,0,0,0.0000,0,0.0000,0,0,0,366,0
2112,3.7192,14.0726,0.0026,0.0000,0,0,0.0000,0,0.0000,0,0,0,326,0
2113,1.4840,26.3847,0.0012,0.0000,0,0,0.0000,0,0.0000,0,0,0,326,0
2114,1.4615,18.7975,0.0014,0.0000,0,0,0.0000,0,0.0000,0,0,0,366,0
2115,1.4377,31.5096,0.0011,0.0000,0,0,0.0000,0,0.0000,0,0,0,366,0
2116,1.4343,21.3586,0.0013,0.0000,0,0,0.0000,0,0.0000,0,0,0,366,0
2117,1.4369,35.6563,0.0012,0.0000,0,0,0.0000,0,0.0000,0,0,0,366,0
2118,1.4422,24.5201,0.0012,0.0000,0,0,0.0000,0,0.0000,0,0,0,366,0
2119,1.5085,38.3550,0.0011,0.0000,0,0,0.0000,0,0.0000,0,0,0,366,0
2120,3.7192,14.3481,0.0012,0.0000,0,0,0.0000,0,0.0000,0,0,0,326,0
2121,1.4840,26.8332,0.0014,0.0000,0,0,0.0000,0,0.0000,0,0,0,326,0
2122,1.4615,19.1273,0.0012,0.0000,0,0,0.0000,0,0.0000,0,0,0,366,0
2123,1.4377,31.9273,0.0014,0.0000,0,0,0.0000,0,0.0000,0,0,0,366,0
2124,1.4343,21.6820,0.0013,0.0000,0,0,0.0000,0,0.0000,0,0,0,366,0
2125,1.4369,36.1680,0.0014,0.0000,0,0,0.0000,0,0.0000,0,0,0,366,0
2126,1.4422,24.8426,0.0015,0.0000,0,0,0.0000,0,0.0000,0,0,0,366,0
2127,1.5085,38.8434,0.0022,0.0000,0,0,0.0000,0,0.0000,0,0,0,366,0
2128,3.7192,14.1716,0.0014,0.0000,0,0,0.0000,0,0.0000,0,0,0,326,0
2129,1.4840,26.9277,0.0016,0.0000,0,0,0.0000,0,0.0000,0,0,0,326,0
2130,1.4615,19.1708,0.0014,0.0000,0,0,0.0000,0,0.0000,0,0,0,366,0
2131,1.4377,32.0422,0.0018,0.0000,0,0,0.0000,0,0.0000,0,0,0,366,0
2132,1.4343,21.7389,0.0015,0.0000,0,0,0.0000,0,0.0000,0,0,0,366,0
2133,1.4369,37.1140,0.0014,0.0000,0,0,0.0000,0,0.0000,0,0,0,366,0
2134,1.4422,25.1480,0.0067,0.0000,0,0,0.0000,0,0.0000,0,0,0,366,0
2135,1.5085,39.7222,0.0017,0.0000,0,0,0.0000,0,0.0000,0,0,0,366,0
2136,3.7192,14.3905,0.0043,0.0000,0,0,0.0000,0,0.0000,0,0,0,326,0
2137,1.4840,28.0407,0.0035,0.0000,0,0,0.0000,0,0.0000,0,0,0,326,0
2138,1.4615,20.1058,0.0046,0.0000,0,0,0.0000,0,0.0000,0,0,0,366,0
2139,1.4377,33.1008,0.0019,0.0000,0,0,0.0000,0,0.0000,0,0,0,366,0
2140,1.4343,22.7673,0.0015,0.0000,0,0,0.0000,0,0.0000,0,0,0,366,0
2141,1.4369,35.6342,0.0015,0.0000,0,0,0.0000,0,0.0000,0,0,0,366,0
2142,1.4422,25.6781,0.0030,0.0000,0,0,0.0000,0,0.0000,0,0,0,366,0
2143,1.5085,38.1630,0.0013,0.0000,0,0,0.0000,0,0.0000,0,0,0,366,0
2144,3.7192,16.4739,0.0045,0.0000,0,0,0.0000,0,0.0000,0,0,0,326,0
2145,1.4840,25.6174,0.0011,0.0000,0,0,0.0000,0,0.0000,0,0,0,326,0
2146,1.4615,17.7317,0.0059,0.0000,0,0,0.0000,0,0.0000,0,0,0,366,0
2147,1.4377,30.3881,0.0010,0.0000,0,0,0.0000,0,0.0000,0,0,0,366,0
2148,1.4343,19.9532,0.0012,0.0000,0,0,0.0000,0,0.0000,0,0,0,366,0
2149,1.4369,34.6351,0.0011,0.0000,0,0,0.0000,0,0.0000,0,0,0,366,0
2150,1.4422,22.9191,0.0011,0.0000,0,0,0.0000,0,0.0000,0,0,0,366,0
2151,1.5085,37.1722,0.0011,0.0000,0,0,0.0000,0,0.0000,0,0,0,366,0
2152,3.7192,16.2805,0.0010,0.0000,0,0,0.0000,0,0.0000,0,0,0,326,0
2153,1.4840,29.0808,0.0013,0.0000,0,0,0.0000,0,0.0000,0,0,0,326,0
2154,1.4615,21.1010,0.0015,0.0000,0,0,0.0000,0,0.0000,0,0,0,366,0
2155,1.4377,33.9630,0.0008,0.0000,0,0,0.0000,0,0.0000,0,0,0,366,0
2156,1.4343,23.5170,0.0008,0.0000,0,0,0.0000,0,0.0000,0,0,0,366,0
2157,1.4369,37.8042,0.0009,0.0000,0,0,0.0000,0,0.0000,0,0,0,366,0
2158,1.4422,26.4655,0.0009,0.0000,0,0,0.0000,0,0.0000,0,0,0,366,0
2159,1.5085,40.2108,0.0008,0.0000,0,0,0.0000,0,0.0000,0,0,0,366,0
2160,3.7192,13.7781,0.0013,0.0000,0,0,0.0000,0,0.0000,0,0,0,326,0
2161,1.4840,26.4217,0.0011,0.0000,0,0,0.0000,0,0.0000,0,0,0,326,0
2162,1.4615,18.5051,0.0011,0.0000,0,0,0.0000,0,0.0000,0,0,0,366,0
2163,1.4377,31.5076,0.0008,0.0000,0,0,0.0000,0,0.0000,0,0,0,366,0
2164,1.4343,21.0958,0.0008,0.0000,0,0,0.0000,0,0.0000,0,0,0,366,0
2165,1.4369,35.6022,0.0008,0.0000,0,0,0.0000,0,0.0000,0,0,0,366,0
2166,1.4422,24.2567,0.0008,0.0000,0,0,0.0000,0,0.0000,0,0,0,366,0
2167,1.5085,38.2710,0.0009,0.0000,0,0,0.0000,0,0.0000,0,0,0,366,0
2168,3.7192,13.4506,0.0008,0.0000,0,0,0.0000,0,0.0000,0,0,0,326,0
2169,1.4840,26.5096,0.0013,0.0000,0,0,0.0000,0,0.0000,0,0,0,326,0
2170,1.4615,18.5430,0.0008,0.0000,0,0,0.0000,0,0.0000,0,0,0,366,0
2171,1.4377,31.6352,0.0008,0.0000,0,0,0.0000,0,0.0000,0,0,0,366,0
2172,1.4343,21.2094,0.0008,0.0000,0,0,0.0000,0,0.0000,0,0,0,366,0
2173,1.4369,35.9198,0.0010,0.0000,0,0,0.0000,0,0.0000,0,0,0,366,0
2174,1.4422,24.3692,0.0010,0.0000,0,0,0.0000,0,0.0000,0,0,0,366,0
2175,1.5085,38.6684,0.0010,0.0000,0,0,0.0000,0,0.0000,0,0,0,366,0
2176,3.7192,13.0095,0.0010,0.0000,0,0,0.0000,0,0.0000,0,0,0,326,0
2177,1.4840,26.4720,0.0019,0.0000,0,0,0.0000,0,0.0000,0,0,0,326,0
2178,1.4615,18.4442,0.0010,0.0000,0,0,0.0000,0,0.0000,0,0,0,366,0
2179,1.4377,31.6145,0.0010,0.0000,0,0,0.0000,0,0.0000,0,0,0,366,0
2180,1.4343,21.1084,0.0009,0.0000,0,0,0.0000,0,0.0000,0,0,0,366,0
2181,1.4369,35.9213,0.0011,0.0000,0,0,0.0000,0,0.0000,0,0,0,366,0
2182,1.4422,24.2998,0.0020,0.0000,0,0,0.0000,0,0.0000,0,0,0,366,0
2183,1.5085,38.7017,0.0011,0.0000,0,0,0.0000,0,0.0000,0,0,0,366,0
2184,3.7192,12.9661,0.0025,0.0000,0,0,0.0000,0,0.0000,0,0,0,326,0
2185,1.4840,26.4767,0.0009,0.0000,0,0,0.0000,0,0.0000,0,0,0,326,0
2186,1.4615,18.4905,0.0015,0.0000,0,0,0.0000,0,0.0000,0,0,0,366,0
2187,1.4377,31.7135,0.0008,0.0000,0,0,0.0000,0,0.0000,0,0,0,366,0
2188,1.4343,21.1363,0.0021,0.0000,0,0,0.0000,0,0.0000,0,0,0,366,0
2189,1.4369,36.0322,0.0008,0.0000,0,0,0.0000,0,0.0000,0,0,0,366,0
2190,1.4422,24.1972,0.0013,0.0000,0,0,0.0000,0,0.0000,0,0,0,366,0
2191,1.5085,38.8301,0.0008,0.0000,0,0,0.0000,0,0.0000,0,0,0,366,0
2192,3.7192,12.9678,0.0010,0.0000,0,0,0.0000,0,0.0000,0,0,0,326,0
2193,1.4840,26.5293,0.0009,0.0000,0,0,0.0000,0,0.0000,0,0,0,326,0
2194,1.4615,18.4445,0.0010,0.0000,0,0,0.0000,0,0.0000,0,0,0,366,0
2195,1.4377,31.7164,0.0008,0.0000,0,0,0.0000,0,0.0000,0,0,0,366,0
2196,1.4343,21.1720,0.0008,0.0000,0,0,0.0000,0,0.0000,0,0,0,366,0
2197,1.4369,35.9534,0.0009,0.0000,0,0,0.0000,0,0.0000,0,0,0,366,0
2198,1.4422,24.2996,0.0007,0.0000,0,0,0.0000,0,0.0000,0,0,0,366,0
2199,1.5085,38.7333,0.0008,0.0000,0,0,0.0000,0,0.0000,0,0,0,366,0
2200,3.7192,13.0449,0.0009,0.0000,0,0,0.0000,0,0.0000,0,0,0,326,0
2201,1.4840,26.4431,0.0009,0.0000,0,0,0.0000,0,0.0000,0,0,0,326,0
2202,1.4615,18.3026,0.0010,0.0000,0,0,0.0000,0,0.0000,0,0,0,366,0
2203,1.4377,31.6211,0.0009,0.0000,0,0,0.0000,0,0.0000,0,0,0,366,0
2204,1.4343,20.9485,0.0008,0.0000,0,0,0.0000,0,0.0000,0,0,0,366,0
2205,1.4369,35.2695,0.0010,0.0000,0,0,0.0000,0,0.0000,0,0,0,366,0
2206,1.4422,24.0287,0.0009,0.0000,0,0,0.0000,0,0.0000,0,0,0,366,0
2207,1.5085,38.0820,0.0009,0.0000,0,0,0.0000,0,0.0000,0,0,0,366,0
2208,3.7192,12.8176,0.0010,0.0000,0,0,0.0000,0,0.0000,0,0,0,326,0
2209,1.4840,26.1130,0.0015,0.0000,0,0,0.0000,0,0.0000,0,0,0,326,0
2210,1.4615,17.7096,0.0011,0.0000,0,0,0.0000,0,0.0000,0,0,0,366,0
2211,1.4377,31.3109,0.0012,0.0000,0,0,0.0000,0,0.0000,0,0,0,366,0
2212,1.4343,20.3727,0.0009,0.0000,0,0,0.0000,0,0.0000,0,0,0,366,0
2213,1.4369,36.0106,0.0009,0.0000,0,0,0.0000,0,0.0000,0,0,0,366,0
2214,1.4422,23.4183,0.0009,0.0000,0,0,0.0000,0,0.0000,0,0,0,366,0
2215,1.5085,38.7567,0.0008,0.0000,0,0,0.0000,0,0.0000,0,0,0,366,0
2216,3.7192,13.0256,0.0014,0.0000,0,0,0.0000,0,0.0000,0,0,0,326,0
2217,1.4840,27.6806,0.0013,0.0000,0,0,0.0000,0,0.0000,0,0,0,326,0
2218,1.4615,19.7700,0.0015,0.0000,0,0,0.0000,0,0.0000,0,0,0,366,0
2219,1.4377,33.4102,0.0010,0.0000,0,0,0.0000,0,0.0000,0,0,0,366,0
2220,1.4343,22.4311,0.0010,0.0000,0,0,0.0000,0,0.0000,0,0,0,366,0
2221,1.4369,36.2110,0.0014,0.0000,0,0,0.0000,0,0.0000,0,0,0,366,0
2222,1.4422,25.6235,0.0009,0.0000,0,0,0.0000,0,0.0000,0,0,0,366,0
2223,1.5085,39.0671,0.0008,0.0000,0,0,0.0000,0,0.0000,0,0,0,366,0
2224,3.7192,13.1898,0.0008,0.0000,0,0,0.0000,0,0.0000,0,0,0,326,0
2225,1.4840,25.5948,0.0008,0.0000,0,0,0.0000,0,0.0000,0,0,0,326,0
2226,1.4615,16.5324,0.0008,0.0000,0,0,0.0000,0,0.0000,0,0,0,366,0
2227,1.4377,30.7896,0.0009,0.0000,0,0,0.0000,0,0.0000,0,0,0,366,0
2228,1.4343,19.2095,0.0008,0.0000,0,0,0.0000,0,0.0000,0,0,0,366,0
2229,1.4369,35.9551,0.0009,0.0000,0,0,0.0000,0,0.0000,0,0,0,366,0
2230,1.4422,22.1497,0.0008,0.0000,0,0,0.0000,0,0.0000,0,0,0,366,0
2231,1.5085,38.7384,0.0009,0.0000,0,0,0.0000,0,0.0000,0,0,0,366,0
2232,3.7192,13.4992,0.0008,0.0000,0,0,0.0000,0,0.0000,0,0,0,326,0
2233,1.4840,29.6762,0.0009,0.0000,0,0,0.0000,0,0.0000,0,0,0,326,0
2234,1.4615,19.1198,0.0008,0.0000,0,0,0.0000,0,0.0000,0,0,0,366,0
2235,1.4377,36.1605,0.0009,0.0000,0,0,0.0000,0,0.0000,0,0,0,366,0
2236,1.4343,23.0722,0.0008,0.0000,0,0,0.0000,0,0.0000,0,0,0,366,0
2237,1.4369,38.9328,0.0010,0.0000,0,0,0.0000,0,0.0000,0,0,0,366,0
2238,1.4422,25.8178,0.0009,0.0000,0,0,0.0000,0,0.0000,0,0,0,366,0
2239,1.5085,41.7110,0.0008,0.0000,0,0,0.0000,0,0.0000,0,0,0,366,0
2240,3.7192,10.3627,0.0008,0.0000,0,0,0.0000,0,0.0000,0,0,0,326,0
2241,1.4840,26.1105,0.0010,0.0000,0,0,0.0000,0,0.0000,0,0,0,326,0
2242,1.4615,15.9068,0.0009,0.0000,0,0,0.0000,0,0.0000,0,0,0,366,0
2243,1.4377,32.1114,0.0010,0.0000,0,0,0.0000,0,0.0000,0,0,0,366,0
2244,1.4343,18.5771,0.0013,0.0000,0,0,0.0000,0,0.0000,0,0,0,366,0
2245,1.4369,34.8599,0.0010,0.0000,0,0,0.0000,0,0.0000,0,0,0,366,0
2246,1.4422,21.3789,0.0009,0.0000,0,0,0.0000,0,0.0000,0,0,0,366,0
2247,1.5085,37.6272,0.0009,0.0000,0,0,0.0000,0,0.0000,0,0,0,366,0
2248,3.7192,11.5482,0.0008,0.0000,0,0,0.0000,0,0.0000,0,0,0,326,0
2249,1.4840,27.9785,0.0011,0.0000,0,0,0.0000,0,0.0000,0,0,0,326,0
2250,1.4615,17.9250,0.0015,0.0000,0,0,0.0000,0,0.0000,0,0,0,366,0
2251,1.4377,33.1334,0.0010,0.0000,0,0,0.0000,0,0.0000,0,0,0,366,0
2252,1.4343,20.5233,0.0009,0.0000,0,0,0.0000,0,0.0000,0,0,0,366,0
2253,1.4369,38.0542,0.0010,0.0000,0,0,0.0000,0,0.0000,0,0,0,366,0
2254,1.4422,23.2833,0.0010,0.0000,0,0,0.0000,0,0.0000,0,0,0,366,0
2255,1.5085,40.8264,0.0009,0.0000,0,0,0.0000,0,0.0000,0,0,0,366,0
2256,3.7192,11.5135,0.0010,0.0000,0,0,0.0000,0,0.0000,0,0,0,326,0
2257,1.4840,29.0293,0.0011,0.0000,0,0,0.0000,0,0.0000,0,0,0,326,0
2258,1.4615,16.3624,0.0010,0.0000,0,0,0.0000,0,0.0000,0,0,0,366,0
2259,1.4377,34.1945,0.0010,0.0000,0,0,0.0000,0,0.0000,0,0,0,366,0
2260,1.4343,21.5538,0.0011,0.0000,0,0,0.0000,0,0.0000,0,0,0,366,0
2261,1.4369,38.2181,0.0011,0.0000,0,0,0.0000,0,0.0000,0,0,0,366,0
2262,1.4422,24.1804,0.0010,0.0000,0,0,0.0000,0,0.0000,0,0,0,366,0
2263,1.5085,40.9011,0.0011,0.0000,0,0,0.0000,0,0.0000,0,0,0,366,0
2264,3.7192,9.2157,0.0012,0.0000,0,0,0.0000,0,0.0000,0,0,0,326,0
2265,1.4840,26.1170,0.0014,0.0000,0,0,0.0000,0,0.0000,0,0,0,326,0
2266,1.4615,14.0355,0.0012,0.0000,0,0,0.0000,0,0.0000,0,0,0,366,0
2267,1.4377,31.2580,0.0012,0.0000,0,0,0.0000,0,0.0000,0,0,0,366,0
2268,1.4343,18.5142,0.0013,0.0000,0,0,0.0000,0,0.0000,0,0,0,366,0
2269,1.4369,35.4043,0.0009,0.0000,0,0,0.0000,0,0.0000,0,0,0,366,0
2270,1.4422,21.1652,0.0012,0.0000,0,0,0.0000,0,0.0000,0,0,0,366,0
2271,1.5085,38.1008,0.0008,0.0000,0,0,0.0000,0,0.0000,0,0,0,366,0
2272,3.7192,9.5690,0.0015,0.0000,0,0,0.0000,0,0.0000,0,0,0,326,0
2273,1.4840,26.6985,0.0009,0.0000,0,0,0.0000,0,0.0000,0,0,0,326,0
2274,1.4615,14.2876,0.0017,0.0000,0,0,0.0000,0,0.0000,0,0,0,366,0
2275,1.4377,31.8153,0.0010,0.0000,0,0,0.0000,0,0.0000,0,0,0,366,0
2276,1.4343,18.9319,0.0011,0.0000,0,0,0.0000,0,0.0000,0,0,0,366,0
2277,1.4369,36.0569,0.0010,0.0000,0,0,0.0000,0,0.0000,0,0,0,366,0
2278,1.4422,21.5368,0.0010,0.0000,0,0,0.0000,0,0.0000,0,0,0,366,0
2279,1.5085,38.7478,0.0009,0.0000,0,0,0.0000,0,0.0000,0,0,0,366,0
2280,3.7192,9.2795,0.0009,0.0000,0,0,0.0000,0,0.0000,0,0,0,326,0
2281,1.4840,26.6761,0.0012,0.0000,0,0,0.0000,0,0.0000,0,0,0,326,0
2282,1.4615,14.0055,0.0010,0.0000,0,0,0.0000,0,0.0000,0,0,0,366,0
2283,1.4377,31.9155,0.0007,0.0000,0,0,0.0000,0,0.0000,0,0,0,366,0
2284,1.4343,18.9705,0.0014,0.0000,0,0,0.0000,0,0.0000,0,0,0,366,0
2285,1.4369,35.8068,0.0010,0.0000,0,0,0.0000,0,0.0000,0,0,0,366,0
2286,1.4422,21.6737,0.0010,0.0000,0,0,0.0000,0,0.0000,0,0,0,366,0
2287,1.5085,38.5693,0.0010,0.0000,0,0,0.0000,0,0.0000,0,0,0,366,0
2288,3.7192,9.3324,0.0010,0.0000,0,0,0.0000,0,0.0000,0,0,0,326,0
2289,1.4840,26.4230,0.0014,0.0000,0,0,0.0000,0,0.0000,0,0,0,326,0
2290,1.4615,14.1170,0.0017,0.0000,0,0,0.0000,0,0.0000,0,0,0,366,0
2291,1.4377,31.5969,0.0015,0.0000,0,0,0.0000,0,0.0000,0,0,0,366,0
2292,1.4343,18.5865,0.0021,0.0000,0,0,0.0000,0,0.0000,0,0,0,366,0
2293,1.4369,36.3310,0.0012,0.0000,0,0,0.0000,0,0.0000,0,0,0,366,0
2294,1.4422,21.3382,0.0013,0.0000,0,0,0.0000,0,0.0000,0,0,0,366,0
2295,1.5085,39.0224,0.0013,0.0000,0,0,0.0000,0,0.0000,0,0,0,366,0
2296,3.7192,8.9930,0.0010,0.0000,0,0,0.0000,0,0.0000,0,0,0,326,0
2297,1.4840,27.1536,0.0025,0.0000,0,0,0.0000,0,0.0000,0,0,0,326,0
2298,1.4615,13.8718,0.0022,0.0000,0,0,0.0000,0,0.0000,0,0,0,366,0
2299,1.4377,32.3486,0.0015,0.0000,0,0,0.0000,0,0.0000,0,0,0,366,0
2300,1.4343,19.2836,0.0025,0.0000,0,0,0.0000,0,0.0000,0,0,0,366,0
2301,1.4369,36.5487,0.0015,0.0000,0,0,0.0000,0,0.0000,0,0,0,366,0
2302,1.4422,22.1388,0.0010,0.0000,0,0,0.0000,0,0.0000,0,0,0,366,0
2303,1.5085,39.4235,0.0008,0.0000,0,0,0.0000,0,0.0000,0,0,0,366,0
2304,3.7192,9.5098,0.0030,0.0000,0,0,0.0000,0,0.0000,0,0,0,326,0
2305,1.4840,26.7683,0.0011,0.0000,0,0,0.0000,0,0.0000,0,0,0,326,0
2306,1.4615,13.9198,0.0015,0.0000,0,0,0.0000,0,0.0000,0,0,0,366,0
2307,1.4377,31.9209,0.0014,0.0000,0,0,0.0000,0,0.0000,0,0,0,366,0
2308,1.4343,18.6094,0.0025,0.0000,0,0,0.0000,0,0.0000,0,0,0,366,0
2309,1.4369,35.5457,0.0012,0.0000,0,0,0.0000,0,0.0000,0,0,0,366,0
2310,1.4422,21.1841,0.0012,0.0000,0,0,0.0000,0,0.0000,0,0,0,366,0
2311,1.5085,38.1410,0.0012,0.0000,0,0,0.0000,0,0.0000,0,0,0,366,0
2312,3.7192,9.5952,0.0009,0.0000,0,0,0.0000,0,0.0000,0,0,0,326,0
2313,1.4840,26.7219,0.0013,0.0000,0,0,0.0000,0,0.0000,0,0,0,326,0
2314,1.4615,13.9172,0.0013,0.0000,0,0,0.0000,0,0.0000,0,0,0,366,0
2315,1.4377,31.8050,0.0011,0.0000,0,0,0.0000,0,0.0000,0,0,0,366,0
2316,1.4343,18.5626,0.0015,0.0000,0,0,0.0000,0,0.0000,0,0,0,366,0
2317,1.4369,35.7803,0.0012,0.0000,0,0,0.0000,0,0.0000,0,0,0,366,0
2318,1.4422,21.1480,0.0012,0.0000,0,0,0.0000,0,0.0000,0,0,0,366,0
2319,1.5085,38.4224,0.0012,0.0000,0,0,0.0000,0,0.0000,0,0,0,366,0
2320,3.7192,9.4680,0.0017,0.0000,0,0,0.0000,0,0.0000,0,0,0,326,0
2321,1.4840,26.8456,0.0013,0.0000,0,0,0.0000,0,0.0000,0,0,0,326,0
2322,1.4615,13.9103,0.0013,0.0000,0,0,0.0000,0,0.0000,0,0,0,366,0
2323,1.4377,31.8707,0.0012,0.0000,0,0,0.0000,0,0.0000,0,0,0,366,0
2324,1.4343,18.7294,0.0024,0.0000,0,0,0.0000,0,0.0000,0,0,0,366,0
2325,1.4369,36.2409,0.0009,0.0000,0,0,0.0000,0,0.0000,0,0,0,366,0
2326,1.4422,21.3576,0.0010,0.0000,0,0,0.0000,0,0.0000,0,0,0,366,0
2327,1.5085,38.8912,0.0012,0.0000,0,0,0.0000,0,0.0000,0,0,0,366,0
2328,3.7192,9.2887,0.0018,0.0000,0,0,0.0000,0,0.0000,0,0,0,326,0
2329,1.4840,27.1041,0.0015,0.0000,0,0,0.0000,0,0.0000,0,0,0,326,0
2330,1.4615,13.7181,0.0014,0.0000,0,0,0.0000,0,0.0000,0,0,0,366,0
2331,1.4377,32.2174,0.0012,0.0000,0,0,0.0000,0,0.0000,0,0,0,366,0
2332,1.4343,19.0305,0.0013,0.0000,0,0,0.0000,0,0.0000,0,0,0,366,0
2333,1.4369,36.1286,0.0012,0.0000,0,0,0.0000,0,0.0000,0,0,0,366,0
2334,1.4422,21.6025,0.0014,0.0000,0,0,0.0000,0,0.0000,0,0,0,366,0
2335,1.5085,38.7852,0.0012,0.0000,0,0,0.0000,0,0.0000,0,0,0,366,0
2336,3.7192,9.1282,0.0014,0.0000,0,0,0.0000,0,0.0000,0,0,0,326,0
2337,1.4840,26.6170,0.0017,0.0000,0,0,0.0000,0,0.0000,0,0,0,326,0
2338,1.4615,13.5449,0.0015,0.0000,0,0,0.0000,0,0.0000,0,0,0,366,0
2339,1.4377,31.6320,0.0012,0.0000,0,0,0.0000,0,0.0000,0,0,0,366,0
2340,1.4343,18.4131,0.0017,0.0000,0,0,0.0000,0,0.0000,0,0,0,366,0
2341,1.4369,36.0238,0.0014,0.0000,0,0,0.0000,0,0.0000,0,0,0,366,0
2342,1.4422,20.9488,0.0020,0.0000,0,0,0.0000,0,0.0000,0,0,0,366,0
2343,1.5085,38.6198,0.0010,0.0000,0,0,0.0000,0,0.0000,0,0,0,366,0
2344,3.7192,9.1142,0.0014,0.0000,0,0,0.0000,0,0.0000,0,0,0,326,0
2345,1.4840,27.2120,0.0010,0.0000,0,0,0.0000,0,0.0000,0,0,0,326,0
2346,1.4615,13.5140,0.0018,0.0000,0,0,0.0000,0,0.0000,0,0,0,366,0
2347,1.4377,32.2946,0.0016,0.0000,0,0,0.0000,0,0.0000,0,0,0,366,0
2348,1.4343,18.9005,0.0013,0.0000,0,0,0.0000,0,0.0000,0,0,0,366,0
2349,1.4369,36.1300,0.0015,0.0000,0,0,0.0000,0,0.0000,0,0,0,366,0
2350,1.4422,21.4692,0.0013,0.0000,0,0,0.0000,0,0.0000,0,0,0,366,0
2351,1.5085,38.7650,0.0013,0.0000,0,0,0.0000,0,0.0000,0,0,0,366,0
2352,3.7192,9.0536,0.0011,0.0000,0,0,0.0000,0,0.0000,0,0,0,326,0
2353,1.4840,26.4505,0.0010,0.0000,0,0,0.0000,0,0.0000,0,0,0,326,0
2354,1.4615,13.3874,0.0041,0.0000,0,0,0.0000,0,0.0000,0,0,0,366,0
2355,1.4377,31.6292,0.0010,0.0000,0,0,0.0000,0,0.0000,0,0,0,366,0
2356,1.4343,18.1753,0.0021,0.0000,0,0,0.0000,0,0.0000,0,0,0,366,0
2357,1.4369,35.5203,0.0010,0.0000,0,0,0.0000,0,0.0000,0,0,0,366,0
2358,1.4422,20.7985,0.0013,0.0000,0,0,0.0000,0,0.0000,0,0,0,366,0
2359,1.5085,38.1212,0.0013,0.0000,0,0,0.0000,0,0.0000,0,0,0,366,0
2360,3.7192,8.9348,0.0012,0.0000,0,0,0.0000,0,0.0000,0,0,0,326,0
2361,1.4840,26.6574,0.0013,0.0000,0,0,0.0000,0,0.0000,0,0,0,326,0
2362,1.4615,13.2762,0.0010,0.0000,0,0,0.0000,0,0.0000,0,0,0,366,0
2363,1.4377,31.9433,0.0016,0.0000,0,0,0.0000,0,0.0000,0,0,0,366,0
2364,1.4343,18.3815,0.0011,0.0000,0,0,0.0000,0,0.0000,0,0,0,366,0
2365,1.4369,36.1709,0.0018,0.0000,0,0,0.0000,0,0.0000,0,0,0,366,0
2366,1.4422,20.9392,0.0012,0.0000,0,0,0.0000,0,0.0000,0,0,0,366,0
2367,1.5085,38.8248,0.0010,0.0000,0,0,0.0000,0,0.0000,0,0,0,366,0
2368,3.7192,8.5980,0.0010,0.0000,0,0,0.0000,0,0.0000,0,0,0,326,0
2369,1.4840,26.8893,0.0020,0.0000,0,0,0.0000,0,0.0000,0,0,0,326,0
2370,1.4615,13.0035,0.0013,0.0000,0,0,0.0000,0,0.0000,0,0,0,366,0
2371,1.4377,32.1652,0.0012,0.0000,0,0,0.0000,0,0.0000,0,0,0,366,0
2372,1.4343,18.5519,0.0019,0.0000,0,0,0.0000,0,0.0000,0,0,0,366,0
2373,1.4369,36.4274,0.0015,0.0000,0,0,0.0000,0,0.0000,0,0,0,366,0
2374,1.4422,21.2293,0.0011,0.0000,0,0,0.0000,0,0.0000,0,0,0,366,0
2375,1.5085,39.1259,0.0011,0.0000,0,0,0.0000,0,0.0000,0,0,0,366,0
2376,3.7192,8.7950,0.0012,0.0000,0,0,0.0000,0,0.0000,0,0,0,326,0
2377,1.4840,27.0747,0.0013,0.0000,0,0,0.0000,0,0.0000,0,0,0,326,0
2378,1.4615,13.1567,0.0013,0.0000,0,0,0.0000,0,0.0000,0,0,0,366,0
2379,1.4377,32.3350,0.0017,0.0000,0,0,0.0000,0,0.0000,0,0,0,366,0
2380,1.4343,18.6605,0.0013,0.0000,0,0,0.0000,0,0.0000,0,0,0,366,0
2381,1.4369,36.5070,0.0013,0.0000,0,0,0.0000,0,0.0000,0,0,0,366,0
2382,1.4422,21.1675,0.0021,0.0000,0,0,0.0000,0,0.0000,0,0,0,366,0
2383,1.5085,38.8621,0.0012,0.0000,0,0,0.0000,0,0.0000,0,0,0,366,0
2384,3.7192,8.6528,0.0015,0.0000,0,0,0.0000,0,0.0000,0,0,0,326,0
2385,1.4840,27.4791,0.0017,0.0000,0,0,0.0000,0,0.0000,0,0,0,326,0
2386,1.4615,12.8515,0.0012,0.0000,0,0,0.0000,0,0.0000,0,0,0,366,0
2387,1.4377,35.3836,0.0013,0.0000,0,0,0.0000,0,0.0000,0,0,0,366,0
2388,1.4343,18.3764,0.0015,0.0000,0,0,0.0000,0,0.0000,0,0,0,366,0
2389,1.4369,43.3488,0.0029,0.0000,0,0,0.0000,0,0.0000,0,0,0,366,0
2390,1.4422,20.9381,0.0013,0.0000,0,0,0.0000,0,0.0000,0,0,0,366,0
2391,1.5085,51.4472,0.0020,0.0000,0,0,0.0000,0,0.0000,0,0,0,366,0
2392,3.7192,8.9764,0.0013,0.0000,0,0,0.0000,0,0.0000,0,0,0,326,0
2393,1.4840,44.4220,0.0019,0.0000,0,0,0.0000,0,0.0000,0,0,0,326,0
2394,1.4615,15.2065,0.0016,0.0000,0,0,0.0000,0,0.0000,0,0,0,366,0
2395,1.4377,52.5919,0.0011,0.0000,0,0,0.0000,0,0.0000,0,0,0,366,0
2396,1.4343,23.1487,0.0034,0.0000,0,0,0.0000,0,0.0000,0,0,0,366,0
2397,1.4369,61.0400,0.0015,0.0000,0,0,0.0000,0,0.0000,0,0,0,366,0
2398,1.4422,31.1566,0.0015,0.0000,0,0,0.0000,0,0.0000,0,0,0,366,0
2399,1.5085,69.1975,0.0022,0.0000,0,0,0.0000,0,0.0000,0,0,0,366,0
