frame_id,generate_ms,encode_latency_ms,payload_extract_ms,enqueue_ms,queue_depth,dropped_before,send_ms,bytes_sent,frame_age_at_send_ms,send_failed,keyframe,sender_dropped,payload_bytes,status
0,3.8659,25.9413,0.0237,0.0000,0,0,0.0000,0,0.0000,0,1,0,30304,0
1,1.6612,22.6020,0.0090,0.0000,0,0,0.0000,0,0.0000,0,1,0,22597,0
2,1.6679,22.7835,0.0058,0.0000,0,0,0.0000,0,0.0000,0,1,0,30265,0
3,1.6084,28.2926,0.0163,0.0000,0,0,0.0000,0,0.0000,0,1,0,33936,0
4,1.6447,22.5563,0.0085,0.0000,0,0,0.0000,0,0.0000,0,1,0,35525,0
5,1.6658,22.3092,0.0045,0.0000,0,0,0.0000,0,0.0000,0,1,0,33903,0
6,1.6692,22.1730,0.0038,0.0000,0,0,0.0000,0,0.0000,0,1,0,39365,0
7,1.6227,25.8712,0.0079,0.0000,0,0,0.0000,0,0.0000,0,1,0,38930,0
8,3.8659,4.2557,0.0028,0.0000,0,0,0.0000,0,0.0000,0,0,0,8612,0
9,1.6612,4.0266,0.0018,0.0000,0,0,0.0000,0,0.0000,0,0,0,7437,0
10,1.6679,6.7426,0.0017,0.0000,0,0,0.0000,0,0.0000,0,0,0,8988,0
11,1.6084,6.6405,0.0012,0.0000,0,0,0.0000,0,0.0000,0,0,0,8908,0
12,1.6447,9.4823,0.0014,0.0000,0,0,0.0000,0,0.0000,0,0,0,9834,0
13,1.6658,9.4390,0.0017,0.0000,0,0,0.0000,0,0.0000,0,0,0,10690,0
14,1.6692,12.3545,0.0010,0.0000,0,0,0.0000,0,0.0000,0,0,0,6824,0
15,1.6227,12.2926,0.0013,0.0000,0,0,0.0000,0,0.0000,0,0,0,9286,0
16,3.8659,15.2280,0.0020,0.0000,0,0,0.0000,0,0.0000,0,0,0,4847,0
17,1.6612,15.1575,0.0008,0.0000,0,0,0.0000,0,0.0000,0,0,0,3613,0
18,1.6679,18.0136,0.0013,0.0000,0,0,0.0000,0,0.0000,0,0,0,5777,0
19,1.6084,17.9673,0.0012,0.0000,0,0,0.0000,0,0.0000,0,0,0,4870,0
20,1.6447,20.7422,0.0020,0.0000,0,0,0.0000,0,0.0000,0,0,0,5326,0
21,1.6658,20.7141,0.0058,0.0000,0,0,0.0000,0,0.0000,0,0,0,5681,0
22,1.6692,23.5402,0.0142,0.0000,0,0,0.0000,0,0.0000,0,0,0,8128,0
23,1.6227,23.4704,0.0019,0.0000,0,0,0.0000,0,0.0000,0,0,0,7015,0
24,3.8659,26.2867,0.0058,0.0000,0,0,0.0000,0,0.0000,0,0,0,8582,0
25,1.6612,26.2109,0.0013,0.0000,0,0,0.0000,0,0.0000,0,0,0,7729,0
26,1.6679,29.1942,0.0065,0.0000,0,0,0.0000,0,0.0000,0,0,0,9577,0
27,1.6084,29.0828,0.0013,0.0000,0,0,0.0000,0,0.0000,0,0,0,8304,0
28,1.6447,32.0221,0.0022,0.0000,0,0,0.0000,0,0.0000,0,0,0,8102,0
29,1.6658,31.9907,0.0017,0.0000,0,0,0.0000,0,0.0000,0,0,0,9370,0
30,1.6692,34.7838,0.0015,0.0000,0,0,0.0000,0,0.0000,0,0,0,8715,0
31,1.6227,34.7815,0.0013,0.0000,0,0,0.0000,0,0.0000,0,0,0,8816,0
32,3.8659,37.5177,0.0106,0.0000,0,0,0.0000,0,0.0000,0,0,0,11600,0
33,1.6612,37.5483,0.0017,0.0000,0,0,0.0000,0,0.0000,0,0,0,9660,0
34,1.6679,40.3750,0.0019,0.0000,0,0,0.0000,0,0.0000,0,0,0,10645,0
35,1.6084,40.3781,0.0015,0.0000,0,0,0.0000,0,0.0000,0,0,0,9875,0
36,1.6447,43.2155,0.0016,0.0000,0,0,0.0000,0,0.0000,0,0,0,9783,0
37,1.6658,43.2001,0.0014,0.0000,0,0,0.0000,0,0.0000,0,0,0,11755,0
38,1.6692,46.1036,0.0016,0.0000,0,0,0.0000,0,0.0000,0,0,0,10788,0
39,1.6227,46.0797,0.0017,0.0000,0,0,0.0000,0,0.0000,0,0,0,8251,0
40,3.8659,49.0585,0.0012,0.0000,0,0,0.0000,0,0.0000,0,0,0,6044,0
41,1.6612,48.9848,0.0013,0.0000,0,0,0.0000,0,0.0000,0,0,0,5465,0
42,1.6679,51.8187,0.0012,0.0000,0,0,0.0000,0,0.0000,0,0,0,6103,0
43,1.6084,51.7815,0.0015,0.0000,0,0,0.0000,0,0.0000,0,0,0,7836,0
44,1.6447,54.6251,0.0013,0.0000,0,0,0.0000,0,0.0000,0,0,0,7894,0
45,1.6658,54.5825,0.0015,0.0000,0,0,0.0000,0,0.0000,0,0,0,9675,0
46,1.6692,57.5619,0.0046,0.0000,0,0,0.0000,0,0.0000,0,0,0,14602,0
47,1.6227,57.4970,0.0033,0.0000,0,0,0.0000,0,0.0000,0,0,0,14263,0
48,3.8659,60.0297,0.0011,0.0000,0,0,0.0000,0,0.0000,0,0,0,3936,0
49,1.6612,59.9520,0.0007,0.0000,0,0,0.0000,0,0.0000,0,0,0,2388,0
50,1.6679,62.7934,0.0009,0.0000,0,0,0.0000,0,0.0000,0,0,0,3575,0
51,1.6084,62.7676,0.0010,0.0000,0,0,0.0000,0,0.0000,0,0,0,4280,0
52,1.6447,65.6468,0.0015,0.0000,0,0,0.0000,0,0.0000,0,0,0,4456,0
53,1.6658,65.5741,0.0010,0.0000,0,0,0.0000,0,0.0000,0,0,0,5478,0
54,1.6692,68.4605,0.0012,0.0000,0,0,0.0000,0,0.0000,0,0,0,2553,0
55,1.6227,68.4229,0.0010,0.0000,0,0,0.0000,0,0.0000,0,0,0,4753,0
56,3.8659,71.2872,0.0010,0.0000,0,0,0.0000,0,0.0000,0,0,0,2169,0
57,1.6612,71.2700,0.0006,0.0000,0,0,0.0000,0,0.0000,0,0,0,1799,0
58,1.6679,74.1445,0.0010,0.0000,0,0,0.0000,0,0.0000,0,0,0,1912,0
59,1.6084,72.1449,0.0016,0.0000,0,0,0.0000,0,0.0000,0,0,0,2448,0
60,1.6447,75.0155,0.0010,0.0000,0,0,0.0000,0,0.0000,0,0,0,2502,0
61,1.6658,72.1677,0.0011,0.0000,0,0,0.0000,0,0.0000,0,0,0,3419,0
62,1.6692,75.0906,0.0012,0.0000,0,0,0.0000,0,0.0000,0,0,0,2176,0
63,1.6227,72.1231,0.0009,0.0000,0,0,0.0000,0,0.0000,0,0,0,3340,0
64,3.8659,74.9418,0.0009,0.0000,0,0,0.0000,0,0.0000,0,0,0,1621,0
65,1.6612,72.0298,0.0005,0.0000,0,0,0.0000,0,0.0000,0,0,0,1496,0
66,1.6679,74.8657,0.0008,0.0000,0,0,0.0000,0,0.0000,0,0,0,1509,0
67,1.6084,72.0127,0.0066,0.0000,0,0,0.0000,0,0.0000,0,0,0,2032,0
68,1.6447,74.9010,0.0008,0.0000,0,0,0.0000,0,0.0000,0,0,0,1821,0
69,1.6658,72.0900,0.0008,0.0000,0,0,0.0000,0,0.0000,0,0,0,1877,0
70,1.6692,74.9447,0.0010,0.0000,0,0,0.0000,0,0.0000,0,0,0,1581,0
71,1.6227,72.0523,0.0006,0.0000,0,0,0.0000,0,0.0000,0,0,0,2031,0
72,3.8659,74.9640,0.0011,0.0000,0,0,0.0000,0,0.0000,0,0,0,1539,0
73,1.6612,72.1600,0.0007,0.0000,0,0,0.0000,0,0.0000,0,0,0,1491,0
74,1.6679,75.0105,0.0013,0.0000,0,0,0.0000,0,0.0000,0,0,0,1614,0
75,1.6084,72.0250,0.0007,0.0000,0,0,0.0000,0,0.0000,0,0,0,1836,0
76,1.6447,74.8026,0.0006,0.0000,0,0,0.0000,0,0.0000,0,0,0,1757,0
77,1.6658,71.8706,0.0012,0.0000,0,0,0.0000,0,0.0000,0,0,0,1929,0
78,1.6692,74.7464,0.0015,0.0000,0,0,0.0000,0,0.0000,0,0,0,1511,0
79,1.6227,71.9429,0.0008,0.0000,0,0,0.0000,0,0.0000,0,0,0,1839,0
80,3.8659,74.8115,0.0010,0.0000,0,0,0.0000,0,0.0000,0,0,0,1391,0
81,1.6612,71.9954,0.0008,0.0000,0,0,0.0000,0,0.0000,0,0,0,901,0
82,1.6679,74.8683,0.0008,0.0000,0,0,0.0000,0,0.0000,0,0,0,621,0
83,1.6084,71.9397,0.0005,0.0000,0,0,0.0000,0,0.0000,0,0,0,649,0
84,1.6447,74.8356,0.0011,0.0000,0,0,0.0000,0,0.0000,0,0,0,754,0
85,1.6658,72.0070,0.0008,0.0000,0,0,0.0000,0,0.0000,0,0,0,745,0
86,1.6692,74.8085,0.0012,0.0000,0,0,0.0000,0,0.0000,0,0,0,1528,0
87,1.6227,71.9748,0.0008,0.0000,0,0,0.0000,0,0.0000,0,0,0,773,0
88,3.8659,74.8303,0.0009,0.0000,0,0,0.0000,0,0.0000,0,0,0,931,0
89,1.6612,71.8544,0.0005,0.0000,0,0,0.0000,0,0.0000,0,0,0,746,0
90,1.6679,74.7390,0.0007,0.0000,0,0,0.0000,0,0.0000,0,0,0,454,0
91,1.6084,71.8970,0.0006,0.0000,0,0,0.0000,0,0.0000,0,0,0,541,0
92,1.6447,74.9188,0.0009,0.0000,0,0,0.0000,0,0.0000,0,0,0,534,0
93,1.6658,72.1107,0.0007,0.0000,0,0,0.0000,0,0.0000,0,0,0,644,0
94,1.6692,74.9761,0.0008,0.0000,0,0,0.0000,0,0.0000,0,0,0,1299,0
95,1.6227,72.0064,0.0008,0.0000,0,0,0.0000,0,0.0000,0,0,0,647,0
96,3.8659,74.8254,0.0008,0.0000,0,0,0.0000,0,0.0000,0,0,0,749,0
97,1.6612,71.9932,0.0006,0.0000,0,0,0.0000,0,0.0000,0,0,0,751,0
98,1.6679,74.8368,0.0009,0.0000,0,0,0.0000,0,0.0000,0,0,0,484,0
99,1.6084,71.9565,0.0009,0.0000,0,0,0.0000,0,0.0000,0,0,0,464,0
100,1.6447,74.8695,0.0022,0.0000,0,0,0.0000,0,0.0000,0,0,0,425,0
101,1.6658,72.0028,0.0007,0.0000,0,0,0.0000,0,0.0000,0,0,0,573,0
102,1.6692,74.8146,0.0009,0.0000,0,0,0.0000,0,0.0000,0,0,0,991,0
103,1.6227,71.9841,0.0009,0.0000,0,0,0.0000,0,0.0000,0,0,0,504,0
104,3.8659,74.8408,0.0010,0.0000,0,0,0.0000,0,0.0000,0,0,0,686,0
105,1.6612,71.9813,0.0008,0.0000,0,0,0.0000,0,0.0000,0,0,0,581,0
106,1.6679,74.8251,0.0008,0.0000,0,0,0.0000,0,0.0000,0,0,0,563,0
107,1.6084,71.9744,0.0011,0.0000,0,0,0.0000,0,0.0000,0,0,0,533,0
108,1.6447,74.7998,0.0009,0.0000,0,0,0.0000,0,0.0000,0,0,0,549,0
109,1.6658,71.9481,0.0007,0.0000,0,0,0.0000,0,0.0000,0,0,0,681,0
110,1.6692,74.8073,0.0010,0.0000,0,0,0.0000,0,0.0000,0,0,0,440,0
111,1.6227,71.8815,0.0013,0.0000,0,0,0.0000,0,0.0000,0,0,0,617,0
112,3.8659,74.7507,0.0009,0.0000,0,0,0.0000,0,0.0000,0,0,0,543,0
113,1.6612,71.9165,0.0007,0.0000,0,0,0.0000,0,0.0000,0,0,0,533,0
114,1.6679,74.8178,0.0010,0.0000,0,0,0.0000,0,0.0000,0,0,0,648,0
115,1.6084,71.9811,0.0008,0.0000,0,0,0.0000,0,0.0000,0,0,0,578,0
116,1.6447,74.8525,0.0010,0.0000,0,0,0.0000,0,0.0000,0,0,0,652,0
117,1.6658,71.9262,0.0007,0.0000,0,0,0.0000,0,0.0000,0,0,0,746,0
118,1.6692,74.7857,0.0010,0.0000,0,0,0.0000,0,0.0000,0,0,0,418,0
119,1.6227,71.8945,0.0010,0.0000,0,0,0.0000,0,0.0000,0,0,0,819,0
120,3.8659,74.7195,0.0011,0.0000,0,0,0.0000,0,0.0000,0,0,0,512,0
121,1.6612,71.8155,0.0008,0.0000,0,0,0.0000,0,0.0000,0,0,0,522,0
122,1.6679,74.6005,0.0013,0.0000,0,0,0.0000,0,0.0000,0,0,0,590,0
123,1.6084,71.7849,0.0011,0.0000,0,0,0.0000,0,0.0000,0,0,0,538,0
124,1.6447,74.5830,0.0011,0.0000,0,0,0.0000,0,0.0000,0,0,0,591,0
125,1.6658,71.8460,0.0010,0.0000,0,0,0.0000,0,0.0000,0,0,0,713,0
126,1.6692,74.7150,0.0011,0.0000,0,0,0.0000,0,0.0000,0,0,0,447,0
127,1.6227,71.8208,0.0008,0.0000,0,0,0.0000,0,0.0000,0,0,0,760,0
128,3.8659,74.8429,0.0010,0.0000,0,0,0.0000,0,0.0000,0,0,0,511,0
129,1.6612,71.9593,0.0007,0.0000,0,0,0.0000,0,0.0000,0,0,0,505,0
130,1.6679,74.6415,0.0011,0.0000,0,0,0.0000,0,0.0000,0,0,0,671,0
131,1.6084,71.8962,0.0011,0.0000,0,0,0.0000,0,0.0000,0,0,0,694,0
132,1.6447,74.6053,0.0009,0.0000,0,0,0.0000,0,0.0000,0,0,0,731,0
133,1.6658,71.7652,0.0011,0.0000,0,0,0.0000,0,0.0000,0,0,0,862,0
134,1.6692,74.5628,0.0014,0.0000,0,0,0.0000,0,0.0000,0,0,0,546,0
135,1.6227,71.7306,0.0014,0.0000,0,0,0.0000,0,0.0000,0,0,0,825,0
136,3.8659,74.5758,0.0014,0.0000,0,0,0.0000,0,0.0000,0,0,0,479,0
137,1.6612,71.6730,0.0014,0.0000,0,0,0.0000,0,0.0000,0,0,0,461,0
138,1.6679,74.5430,0.0014,0.0000,0,0,0.0000,0,0.0000,0,0,0,655,0
139,1.6084,71.7116,0.0008,0.0000,0,0,0.0000,0,0.0000,0,0,0,581,0
140,1.6447,74.5157,0.0010,0.0000,0,0,0.0000,0,0.0000,0,0,0,658,0
141,1.6658,71.4568,0.0009,0.0000,0,0,0.0000,0,0.0000,0,0,0,749,0
142,1.6692,74.2438,0.0010,0.0000,0,0,0.0000,0,0.0000,0,0,0,714,0
143,1.6227,71.3856,0.0007,0.0000,0,0,0.0000,0,0.0000,0,0,0,720,0
144,3.8659,74.2030,0.0010,0.0000,0,0,0.0000,0,0.0000,0,0,0,470,0
145,1.6612,71.3905,0.0008,0.0000,0,0,0.0000,0,0.0000,0,0,0,492,0
146,1.6679,74.2319,0.0010,0.0000,0,0,0.0000,0,0.0000,0,0,0,597,0
147,1.6084,71.3754,0.0008,0.0000,0,0,0.0000,0,0.0000,0,0,0,550,0
148,1.6447,74.2283,0.0009,0.0000,0,0,0.0000,0,0.0000,0,0,0,635,0
149,1.6658,71.3360,0.0009,0.0000,0,0,0.0000,0,0.0000,0,0,0,741,0
150,1.6692,74.1839,0.0007,0.0000,0,0,0.0000,0,0.0000,0,0,0,616,0
151,1.6227,71.3939,0.0008,0.0000,0,0,0.0000,0,0.0000,0,0,0,605,0
152,3.8659,74.2050,0.0007,0.0000,0,0,0.0000,0,0.0000,0,0,0,441,0
153,1.6612,71.3257,0.0007,0.0000,0,0,0.0000,0,0.0000,0,0,0,460,0
154,1.6679,74.1804,0.0006,0.0000,0,0,0.0000,0,0.0000,0,0,0,687,0
155,1.6084,71.3341,0.0007,0.0000,0,0,0.0000,0,0.0000,0,0,0,522,0
156,1.6447,74.0942,0.0009,0.0000,0,0,0.0000,0,0.0000,0,0,0,593,0
157,1.6658,71.2134,0.0008,0.0000,0,0,0.0000,0,0.0000,0,0,0,722,0
158,1.6692,74.0903,0.0008,0.0000,0,0,0.0000,0,0.0000,0,0,0,707,0
159,1.6227,71.2753,0.0007,0.0000,0,0,0.0000,0,0.0000,0,0,0,553,0
160,3.8659,76.7226,0.0039,0.0000,0,0,0.0000,0,0.0000,0,0,0,441,0
161,1.6612,73.9372,0.0009,0.0000,0,0,0.0000,0,0.0000,0,0,0,474,0
162,1.6679,74.1050,0.0009,0.0000,0,0,0.0000,0,0.0000,0,0,0,858,0
163,1.6084,71.2403,0.0006,0.0000,0,0,0.0000,0,0.0000,0,0,0,748,0
164,1.6447,74.3051,0.0016,0.0000,0,0,0.0000,0,0.0000,0,0,0,766,0
165,1.6658,71.4392,0.0011,0.0000,0,0,0.0000,0,0.0000,0,0,0,862,0
166,1.6692,74.2746,0.0022,0.0000,0,0,0.0000,0,0.0000,0,0,0,422,0
167,1.6227,71.4377,0.0022,0.0000,0,0,0.0000,0,0.0000,0,0,0,718,0
168,3.8659,74.3348,0.0020,0.0000,0,0,0.0000,0,0.0000,0,0,0,439,0
169,1.6612,71.5173,0.0007,0.0000,0,0,0.0000,0,0.0000,0,0,0,457,0
170,1.6679,74.5199,0.0020,0.0000,0,0,0.0000,0,0.0000,0,0,0,437,0
171,1.6084,71.7079,0.0020,0.0000,0,0,0.0000,0,0.0000,0,0,0,443,0
172,1.6447,74.5943,0.0015,0.0000,0,0,0.0000,0,0.0000,0,0,0,433,0
173,1.6658,71.7940,0.0007,0.0000,0,0,0.0000,0,0.0000,0,0,0,427,0
174,1.6692,74.6221,0.0017,0.0000,0,0,0.0000,0,0.0000,0,0,0,426,0
175,1.6227,71.7994,0.0003,0.0000,0,0,0.0000,0,0.0000,0,0,0,427,0
176,3.8659,74.6224,0.0020,0.0000,0,0,0.0000,0,0.0000,0,0,0,466,0
177,1.6612,71.6077,0.0008,0.0000,0,0,0.0000,0,0.0000,0,0,0,423,0
178,1.6679,74.5198,0.0020,0.0000,0,0,0.0000,0,0.0000,0,0,0,437,0
179,1.6084,71.7436,0.0019,0.0000,0,0,0.0000,0,0.0000,0,0,0,418,0
180,1.6447,74.5826,0.0028,0.0000,0,0,0.0000,0,0.0000,0,0,0,418,0
181,1.6658,72.0415,0.0006,0.0000,0,0,0.0000,0,0.0000,0,0,0,418,0
182,1.6692,74.6494,0.0021,0.0000,0,0,0.0000,0,0.0000,0,0,0,449,0
183,1.6227,72.0666,0.0014,0.0000,0,0,0.0000,0,0.0000,0,0,0,418,0
184,3.8659,74.7008,0.0024,0.0000,0,0,0.0000,0,0.0000,0,0,0,456,0
185,1.6612,72.0593,0.0005,0.0000,0,0,0.0000,0,0.0000,0,0,0,402,0
186,1.6679,74.7906,0.0018,0.0000,0,0,0.0000,0,0.0000,0,0,0,436,0
187,1.6084,72.1317,0.0006,0.0000,0,0,0.0000,0,0.0000,0,0,0,428,0
188,1.6447,74.8476,0.0013,0.0000,0,0,0.0000,0,0.0000,0,0,0,450,0
189,1.6658,72.2669,0.0005,0.0000,0,0,0.0000,0,0.0000,0,0,0,424,0
190,1.6692,74.9296,0.0005,0.0000,0,0,0.0000,0,0.0000,0,0,0,479,0
191,1.6227,72.8090,0.0005,0.0000,0,0,0.0000,0,0.0000,0,0,0,425,0
192,3.8659,74.9857,0.0006,0.0000,0,0,0.0000,0,0.0000,0,0,0,438,0
193,1.6612,72.8911,0.0005,0.0000,0,0,0.0000,0,0.0000,0,0,0,402,0
194,1.6679,75.0367,0.0005,0.0000,0,0,0.0000,0,0.0000,0,0,0,456,0
195,1.6084,72.8458,0.0005,0.0000,0,0,0.0000,0,0.0000,0,0,0,431,0
196,1.6447,75.0100,0.0005,0.0000,0,0,0.0000,0,0.0000,0,0,0,444,0
197,1.6658,72.8346,0.0005,0.0000,0,0,0.0000,0,0.0000,0,0,0,463,0
198,1.6692,75.3896,0.0005,0.0000,0,0,0.0000,0,0.0000,0,0,0,522,0
199,1.6227,72.8204,0.0005,0.0000,0,0,0.0000,0,0.0000,0,0,0,457,0
200,3.8659,75.2995,0.0005,0.0000,0,0,0.0000,0,0.0000,0,0,0,458,0
201,1.6612,72.8085,0.0006,0.0000,0,0,0.0000,0,0.0000,0,0,0,396,0
202,1.6679,75.4862,0.0006,0.0000,0,0,0.0000,0,0.0000,0,0,0,514,0
203,1.6084,73.0875,0.0006,0.0000,0,0,0.0000,0,0.0000,0,0,0,453,0
204,1.6447,75.5363,0.0005,0.0000,0,0,0.0000,0,0.0000,0,0,0,493,0
205,1.6658,73.1605,0.0005,0.0000,0,0,0.0000,0,0.0000,0,0,0,503,0
206,1.6692,75.5873,0.0005,0.0000,0,0,0.0000,0,0.0000,0,0,0,480,0
207,1.6227,73.1169,0.0005,0.0000,0,0,0.0000,0,0.0000,0,0,0,483,0
208,3.8659,75.8813,0.0005,0.0000,0,0,0.0000,0,0.0000,0,0,0,431,0
209,1.6612,70.5793,0.0005,0.0000,0,0,0.0000,0,0.0000,0,0,0,410,0
210,1.6679,72.5183,0.0005,0.0000,0,0,0.0000,0,0.0000,0,0,0,469,0
211,1.6084,72.5048,0.0009,0.0000,0,0,0.0000,0,0.0000,0,0,0,462,0
212,1.6447,75.0169,0.0005,0.0000,0,0,0.0000,0,0.0000,0,0,0,450,0
213,1.6658,73.0835,0.0005,0.0000,0,0,0.0000,0,0.0000,0,0,0,459,0
214,1.6692,75.2612,0.0007,0.0000,0,0,0.0000,0,0.0000,0,0,0,611,0
215,1.6227,73.4069,0.0005,0.0000,0,0,0.0000,0,0.0000,0,0,0,445,0
216,3.8659,75.3388,0.0005,0.0000,0,0,0.0000,0,0.0000,0,0,0,436,0
217,1.6612,73.2293,0.0005,0.0000,0,0,0.0000,0,0.0000,0,0,0,434,0
218,1.6679,75.2513,0.0006,0.0000,0,0,0.0000,0,0.0000,0,0,0,511,0
219,1.6084,73.3404,0.0006,0.0000,0,0,0.0000,0,0.0000,0,0,0,530,0
220,1.6447,75.1026,0.0006,0.0000,0,0,0.0000,0,0.0000,0,0,0,498,0
221,1.6658,73.2818,0.0006,0.0000,0,0,0.0000,0,0.0000,0,0,0,586,0
222,1.6692,74.9987,0.0005,0.0000,0,0,0.0000,0,0.0000,0,0,0,420,0
223,1.6227,73.6180,0.0009,0.0000,0,0,0.0000,0,0.0000,0,0,0,465,0
224,3.8659,69.3701,0.0009,0.0000,0,0,0.0000,0,0.0000,0,0,0,425,0
225,1.6612,70.5880,0.0008,0.0000,0,0,0.0000,0,0.0000,0,0,0,419,0
226,1.6679,71.6967,0.0007,0.0000,0,0,0.0000,0,0.0000,0,0,0,474,0
227,1.6084,73.1015,0.0008,0.0000,0,0,0.0000,0,0.0000,0,0,0,526,0
228,1.6447,74.7150,0.0007,0.0000,0,0,0.0000,0,0.0000,0,0,0,472,0
229,1.6658,73.6601,0.0006,0.0000,0,0,0.0000,0,0.0000,0,0,0,514,0
230,1.6692,75.1611,0.0007,0.0000,0,0,0.0000,0,0.0000,0,0,0,418,0
231,1.6227,73.5168,0.0007,0.0000,0,0,0.0000,0,0.0000,0,0,0,446,0
232,3.8659,63.6010,0.0007,0.0000,0,0,0.0000,0,0.0000,0,0,0,422,0
233,1.6612,64.6478,0.0007,0.0000,0,0,0.0000,0,0.0000,0,0,0,396,0
234,1.6679,66.0609,0.0009,0.0000,0,0,0.0000,0,0.0000,0,0,0,466,0
235,1.6084,67.3855,0.0007,0.0000,0,0,0.0000,0,0.0000,0,0,0,508,0
236,1.6447,69.0772,0.0013,0.0000,0,0,0.0000,0,0.0000,0,0,0,452,0
237,1.6658,70.1018,0.0009,0.0000,0,0,0.0000,0,0.0000,0,0,0,547,0
238,1.6692,71.8460,0.0006,0.0000,0,0,0.0000,0,0.0000,0,0,0,418,0
239,1.6227,73.0792,0.0006,0.0000,0,0,0.0000,0,0.0000,0,0,0,452,0
240,3.8659,58.2216,0.0008,0.0000,0,0,0.0000,0,0.0000,0,0,0,409,0
241,1.6612,59.3990,0.0008,0.0000,0,0,0.0000,0,0.0000,0,0,0,389,0
242,1.6679,61.2615,0.0007,0.0000,0,0,0.0000,0,0.0000,0,0,0,443,0
243,1.6084,62.1775,0.0006,0.0000,0,0,0.0000,0,0.0000,0,0,0,544,0
244,1.6447,64.0130,0.0007,0.0000,0,0,0.0000,0,0.0000,0,0,0,454,0
245,1.6658,65.2967,0.0006,0.0000,0,0,0.0000,0,0.0000,0,0,0,500,0
246,1.6692,67.1678,0.0007,0.0000,0,0,0.0000,0,0.0000,0,0,0,443,0
247,1.6227,68.4464,0.0007,0.0000,0,0,0.0000,0,0.0000,0,0,0,442,0
248,3.8659,54.0904,0.0006,0.0000,0,0,0.0000,0,0.0000,0,0,0,424,0
249,1.6612,55.2134,0.0010,0.0000,0,0,0.0000,0,0.0000,0,0,0,385,0
250,1.6679,56.7870,0.0009,0.0000,0,0,0.0000,0,0.0000,0,0,0,582,0
251,1.6084,58.0505,0.0007,0.0000,0,0,0.0000,0,0.0000,0,0,0,597,0
252,1.6447,59.6338,0.0006,0.0000,0,0,0.0000,0,0.0000,0,0,0,633,0
253,1.6658,60.8104,0.0007,0.0000,0,0,0.0000,0,0.0000,0,0,0,594,0
254,1.6692,62.4286,0.0007,0.0000,0,0,0.0000,0,0.0000,0,0,0,480,0
255,1.6227,63.5361,0.0007,0.0000,0,0,0.0000,0,0.0000,0,0,0,482,0
256,3.8659,50.2584,0.0007,0.0000,0,0,0.0000,0,0.0000,0,0,0,417,0
257,1.6612,51.7058,0.0009,0.0000,0,0,0.0000,0,0.0000,0,0,0,400,0
258,1.6679,53.0303,0.0007,0.0000,0,0,0.0000,0,0.0000,0,0,0,423,0
259,1.6084,54.4914,0.0007,0.0000,0,0,0.0000,0,0.0000,0,0,0,432,0
260,1.6447,55.8618,0.0006,0.0000,0,0,0.0000,0,0.0000,0,0,0,423,0
261,1.6658,57.3250,0.0008,0.0000,0,0,0.0000,0,0.0000,0,0,0,424,0
262,1.6692,58.6437,0.0007,0.0000,0,0,0.0000,0,0.0000,0,0,0,446,0
263,1.6227,60.1465,0.0007,0.0000,0,0,0.0000,0,0.0000,0,0,0,418,0
264,3.8659,45.8422,0.0005,0.0000,0,0,0.0000,0,0.0000,0,0,0,410,0
265,1.6612,46.9348,0.0007,0.0000,0,0,0.0000,0,0.0000,0,0,0,384,0
266,1.6679,48.4749,0.0008,0.0000,0,0,0.0000,0,0.0000,0,0,0,422,0
267,1.6084,49.6831,0.0008,0.0000,0,0,0.0000,0,0.0000,0,0,0,432,0
268,1.6447,51.9535,0.0008,0.0000,0,0,0.0000,0,0.0000,0,0,0,418,0
269,1.6658,52.4805,0.0005,0.0000,0,0,0.0000,0,0.0000,0,0,0,430,0
270,1.6692,54.8028,0.0007,0.0000,0,0,0.0000,0,0.0000,0,0,0,506,0
271,1.6227,55.2944,0.0007,0.0000,0,0,0.0000,0,0.0000,0,0,0,418,0
272,3.8659,40.3043,0.0009,0.0000,0,0,0.0000,0,0.0000,0,0,0,395,0
273,1.6612,40.8625,0.0013,0.0000,0,0,0.0000,0,0.0000,0,0,0,388,0
274,1.6679,43.2111,0.0015,0.0000,0,0,0.0000,0,0.0000,0,0,0,418,0
275,1.6084,43.8428,0.0007,0.0000,0,0,0.0000,0,0.0000,0,0,0,429,0
276,1.6447,45.9110,0.0008,0.0000,0,0,0.0000,0,0.0000,0,0,0,423,0
277,1.6658,46.5370,0.0009,0.0000,0,0,0.0000,0,0.0000,0,0,0,424,0
278,1.6692,48.6293,0.0008,0.0000,0,0,0.0000,0,0.0000,0,0,0,420,0
279,1.6227,49.2397,0.0010,0.0000,0,0,0.0000,0,0.0000,0,0,0,418,0
280,3.8659,36.0288,0.0010,0.0000,0,0,0.0000,0,0.0000,0,0,0,390,0
281,1.6612,36.6225,0.0006,0.0000,0,0,0.0000,0,0.0000,0,0,0,386,0
282,1.6679,38.7392,0.0009,0.0000,0,0,0.0000,0,0.0000,0,0,0,444,0
283,1.6084,39.4187,0.0007,0.0000,0,0,0.0000,0,0.0000,0,0,0,438,0
284,1.6447,41.5482,0.0007,0.0000,0,0,0.0000,0,0.0000,0,0,0,442,0
285,1.6658,42.2160,0.0006,0.0000,0,0,0.0000,0,0.0000,0,0,0,424,0
286,1.6692,44.3118,0.0006,0.0000,0,0,0.0000,0,0.0000,0,0,0,418,0
287,1.6227,44.9621,0.0006,0.0000,0,0,0.0000,0,0.0000,0,0,0,418,0
288,3.8659,30.8738,0.0007,0.0000,0,0,0.0000,0,0.0000,0,0,0,390,0
289,1.6612,31.4784,0.0010,0.0000,0,0,0.0000,0,0.0000,0,0,0,385,0
290,1.6679,34.8002,0.0018,0.0000,0,0,0.0000,0,0.0000,0,0,0,424,0
291,1.6084,34.7007,0.0010,0.0000,0,0,0.0000,0,0.0000,0,0,0,442,0
292,1.6447,37.5819,0.0012,0.0000,0,0,0.0000,0,0.0000,0,0,0,471,0
293,1.6658,37.5280,0.0007,0.0000,0,0,0.0000,0,0.0000,0,0,0,446,0
294,1.6692,40.4315,0.0023,0.0000,0,0,0.0000,0,0.0000,0,0,0,422,0
295,1.6227,40.3465,0.0012,0.0000,0,0,0.0000,0,0.0000,0,0,0,418,0
296,3.8659,27.3783,0.0010,0.0000,0,0,0.0000,0,0.0000,0,0,0,403,0
297,1.6612,27.1874,0.0005,0.0000,0,0,0.0000,0,0.0000,0,0,0,385,0
298,1.6679,29.9022,0.0012,0.0000,0,0,0.0000,0,0.0000,0,0,0,418,0
299,1.6084,29.8218,0.0008,0.0000,0,0,0.0000,0,0.0000,0,0,0,441,0
300,1.6447,32.6694,0.0007,0.0000,0,0,0.0000,0,0.0000,0,0,0,466,0
301,1.6658,32.5687,0.0008,0.0000,0,0,0.0000,0,0.0000,0,0,0,454,0
302,1.6692,35.3451,0.0008,0.0000,0,0,0.0000,0,0.0000,0,0,0,439,0
303,1.6227,35.2602,0.0007,0.0000,0,0,0.0000,0,0.0000,0,0,0,418,0
304,3.8659,22.4112,0.0008,0.0000,0,0,0.0000,0,0.0000,0,0,0,391,0
305,1.6612,22.2053,0.0006,0.0000,0,0,0.0000,0,0.0000,0,0,0,385,0
306,1.6679,25.0719,0.0011,0.0000,0,0,0.0000,0,0.0000,0,0,0,442,0
307,1.6084,24.9982,0.0011,0.0000,0,0,0.0000,0,0.0000,0,0,0,460,0
308,1.6447,27.8185,0.0012,0.0000,0,0,0.0000,0,0.0000,0,0,0,499,0
309,1.6658,27.8414,0.0010,0.0000,0,0,0.0000,0,0.0000,0,0,0,508,0
310,1.6692,30.5847,0.0010,0.0000,0,0,0.0000,0,0.0000,0,0,0,464,0
311,1.6227,30.5257,0.0007,0.0000,0,0,0.0000,0,0.0000,0,0,0,432,0
312,3.8659,18.8882,0.0014,0.0000,0,0,0.0000,0,0.0000,0,0,0,413,0
313,1.6612,18.8774,0.0040,0.0000,0,0,0.0000,0,0.0000,0,0,0,385,0
314,1.6679,21.7112,0.0010,0.0000,0,0,0.0000,0,0.0000,0,0,0,441,0
315,1.6084,21.6763,0.0007,0.0000,0,0,0.0000,0,0.0000,0,0,0,431,0
316,1.6447,24.4974,0.0012,0.0000,0,0,0.0000,0,0.0000,0,0,0,495,0
317,1.6658,24.4692,0.0011,0.0000,0,0,0.0000,0,0.0000,0,0,0,503,0
318,1.6692,27.3063,0.0007,0.0000,0,0,0.0000,0,0.0000,0,0,0,465,0
319,1.6227,27.2676,0.0005,0.0000,0,0,0.0000,0,0.0000,0,0,0,432,0
320,3.8659,13.7843,0.0011,0.0000,0,0,0.0000,0,0.0000,0,0,0,430,0
321,1.6612,13.5856,0.0011,0.0000,0,0,0.0000,0,0.0000,0,0,0,380,0
322,1.6679,16.3322,0.0013,0.0000,0,0,0.0000,0,0.0000,0,0,0,429,0
323,1.6084,16.3271,0.0009,0.0000,0,0,0.0000,0,0.0000,0,0,0,427,0
324,1.6447,19.0705,0.0022,0.0000,0,0,0.0000,0,0.0000,0,0,0,457,0
325,1.6658,19.0113,0.0007,0.0000,0,0,0.0000,0,0.0000,0,0,0,469,0
326,1.6692,21.7150,0.0014,0.0000,0,0,0.0000,0,0.0000,0,0,0,497,0
327,1.6227,21.6724,0.0008,0.0000,0,0,0.0000,0,0.0000,0,0,0,435,0
328,3.8659,10.5334,0.0011,0.0000,0,0,0.0000,0,0.0000,0,0,0,390,0
329,1.6612,10.3210,0.0012,0.0000,0,0,0.0000,0,0.0000,0,0,0,380,0
330,1.6679,13.0995,0.0008,0.0000,0,0,0.0000,0,0.0000,0,0,0,440,0
331,1.6084,12.9862,0.0080,0.0000,0,0,0.0000,0,0.0000,0,0,0,438,0
332,1.6447,15.8125,0.0011,0.0000,0,0,0.0000,0,0.0000,0,0,0,434,0
333,1.6658,15.7468,0.0012,0.0000,0,0,0.0000,0,0.0000,0,0,0,471,0
334,1.6692,19.6634,0.0013,0.0000,0,0,0.0000,0,0.0000,0,0,0,435,0
335,1.6227,19.6792,0.0010,0.0000,0,0,0.0000,0,0.0000,0,0,0,418,0
336,3.8659,4.9500,0.0010,0.0000,0,0,0.0000,0,0.0000,0,0,0,384,0
337,1.6612,4.7964,0.0009,0.0000,0,0,0.0000,0,0.0000,0,0,0,380,0
338,1.6679,7.6198,0.0010,0.0000,0,0,0.0000,0,0.0000,0,0,0,488,0
339,1.6084,7.5213,0.0009,0.0000,0,0,0.0000,0,0.0000,0,0,0,468,0
340,1.6447,10.3066,0.0014,0.0000,0,0,0.0000,0,0.0000,0,0,0,561,0
341,1.6658,10.2961,0.0008,0.0000,0,0,0.0000,0,0.0000,0,0,0,527,0
342,1.6692,13.1222,0.0010,0.0000,0,0,0.0000,0,0.0000,0,0,0,433,0
343,1.6227,13.1438,0.0008,0.0000,0,0,0.0000,0,0.0000,0,0,0,457,0
344,3.8659,3.6311,0.0014,0.0000,0,0,0.0000,0,0.0000,0,0,0,380,0
345,1.6612,3.6584,0.0009,0.0000,0,0,0.0000,0,0.0000,0,0,0,380,0
346,1.6679,6.1115,0.0010,0.0000,0,0,0.0000,0,0.0000,0,0,0,418,0
347,1.6084,6.2203,0.0008,0.0000,0,0,0.0000,0,0.0000,0,0,0,418,0
348,1.6447,8.8719,0.0013,0.0000,0,0,0.0000,0,0.0000,0,0,0,441,0
349,1.6658,8.8846,0.0009,0.0000,0,0,0.0000,0,0.0000,0,0,0,418,0
350,1.6692,11.5032,0.0012,0.0000,0,0,0.0000,0,0.0000,0,0,0,427,0
351,1.6227,11.5428,0.0008,0.0000,0,0,0.0000,0,0.0000,0,0,0,421,0
352,3.8659,3.6242,0.0012,0.0000,0,0,0.0000,0,0.0000,0,0,0,380,0
353,1.6612,3.5575,0.0010,0.0000,0,0,0.0000,0,0.0000,0,0,0,380,0
354,1.6679,6.0940,0.0009,0.0000,0,0,0.0000,0,0.0000,0,0,0,434,0
355,1.6084,6.0859,0.0009,0.0000,0,0,0.0000,0,0.0000,0,0,0,418,0
356,1.6447,8.7617,0.0009,0.0000,0,0,0.0000,0,0.0000,0,0,0,429,0
357,1.6658,8.7143,0.0007,0.0000,0,0,0.0000,0,0.0000,0,0,0,425,0
358,1.6692,11.5124,0.0012,0.0000,0,0,0.0000,0,0.0000,0,0,0,450,0
359,1.6227,11.4530,0.0011,0.0000,0,0,0.0000,0,0.0000,0,0,0,418,0
360,3.8659,3.5689,0.0010,0.0000,0,0,0.0000,0,0.0000,0,0,0,380,0
361,1.6612,3.4398,0.0009,0.0000,0,0,0.0000,0,0.0000,0,0,0,380,0
362,1.6679,6.0767,0.0009,0.0000,0,0,0.0000,0,0.0000,0,0,0,423,0
363,1.6084,6.0135,0.0008,0.0000,0,0,0.0000,0,0.0000,0,0,0,418,0
364,1.6447,8.7847,0.0010,0.0000,0,0,0.0000,0,0.0000,0,0,0,418,0
365,1.6658,8.6990,0.0008,0.0000,0,0,0.0000,0,0.0000,0,0,0,436,0
366,1.6692,11.4096,0.0012,0.0000,0,0,0.0000,0,0.0000,0,0,0,482,0
367,1.6227,11.3555,0.0012,0.0000,0,0,0.0000,0,0.0000,0,0,0,418,0
368,3.8659,3.5521,0.0040,0.0000,0,0,0.0000,0,0.0000,0,0,0,380,0
369,1.6612,3.4221,0.0011,0.0000,0,0,0.0000,0,0.0000,0,0,0,380,0
370,1.6679,5.9831,0.0032,0.0000,0,0,0.0000,0,0.0000,0,0,0,418,0
371,1.6084,5.9342,0.0015,0.0000,0,0,0.0000,0,0.0000,0,0,0,418,0
372,1.6447,8.6661,0.0010,0.0000,0,0,0.0000,0,0.0000,0,0,0,423,0
373,1.6658,8.5513,0.0007,0.0000,0,0,0.0000,0,0.0000,0,0,0,436,0
374,1.6692,11.2618,0.0009,0.0000,0,0,0.0000,0,0.0000,0,0,0,450,0
375,1.6227,11.1964,0.0008,0.0000,0,0,0.0000,0,0.0000,0,0,0,418,0
376,3.8659,3.6724,0.0025,0.0000,0,0,0.0000,0,0.0000,0,0,0,380,0
377,1.6612,3.4415,0.0012,0.0000,0,0,0.0000,0,0.0000,0,0,0,380,0
378,1.6679,6.1886,0.0011,0.0000,0,0,0.0000,0,0.0000,0,0,0,423,0
379,1.6084,6.1141,0.0008,0.0000,0,0,0.0000,0,0.0000,0,0,0,422,0
380,1.6447,8.8170,0.0010,0.0000,0,0,0.0000,0,0.0000,0,0,0,441,0
381,1.6658,8.7100,0.0010,0.0000,0,0,0.0000,0,0.0000,0,0,0,454,0
382,1.6692,11.4896,0.0010,0.0000,0,0,0.0000,0,0.0000,0,0,0,490,0
383,1.6227,11.4575,0.0010,0.0000,0,0,0.0000,0,0.0000,0,0,0,418,0
384,3.8659,3.6567,0.0012,0.0000,0,0,0.0000,0,0.0000,0,0,0,380,0
385,1.6612,3.4287,0.0012,0.0000,0,0,0.0000,0,0.0000,0,0,0,380,0
386,1.6679,6.0899,0.0015,0.0000,0,0,0.0000,0,0.0000,0,0,0,418,0
387,1.6084,6.0085,0.0010,0.0000,0,0,0.0000,0,0.0000,0,0,0,424,0
388,1.6447,8.7656,0.0010,0.0000,0,0,0.0000,0,0.0000,0,0,0,439,0
389,1.6658,8.6808,0.0010,0.0000,0,0,0.0000,0,0.0000,0,0,0,438,0
390,1.6692,11.4611,0.0011,0.0000,0,0,0.0000,0,0.0000,0,0,0,418,0
391,1.6227,11.3982,0.0010,0.0000,0,0,0.0000,0,0.0000,0,0,0,418,0
392,3.8659,3.6424,0.0019,0.0000,0,0,0.0000,0,0.0000,0,0,0,380,0
393,1.6612,3.4678,0.0016,0.0000,0,0,0.0000,0,0.0000,0,0,0,380,0
394,1.6679,6.0190,0.0012,0.0000,0,0,0.0000,0,0.0000,0,0,0,428,0
395,1.6084,5.9938,0.0011,0.0000,0,0,0.0000,0,0.0000,0,0,0,451,0
396,1.6447,8.7172,0.0011,0.0000,0,0,0.0000,0,0.0000,0,0,0,443,0
397,1.6658,8.6043,0.0008,0.0000,0,0,0.0000,0,0.0000,0,0,0,452,0
398,1.6692,11.3853,0.0010,0.0000,0,0,0.0000,0,0.0000,0,0,0,418,0
399,1.6227,11.3280,0.0010,0.0000,0,0,0.0000,0,0.0000,0,0,0,418,0
400,3.8659,3.5873,0.0015,0.0000,0,0,0.0000,0,0.0000,0,0,0,380,0
401,1.6612,3.4405,0.0009,0.0000,0,0,0.0000,0,0.0000,0,0,0,380,0
402,1.6679,6.0142,0.0013,0.0000,0,0,0.0000,0,0.0000,0,0,0,418,0
403,1.6084,5.9992,0.0016,0.0000,0,0,0.0000,0,0.0000,0,0,0,423,0
404,1.6447,8.6635,0.0014,0.0000,0,0,0.0000,0,0.0000,0,0,0,450,0
405,1.6658,8.5703,0.0014,0.0000,0,0,0.0000,0,0.0000,0,0,0,431,0
406,1.6692,11.2566,0.0190,0.0000,0,0,0.0000,0,0.0000,0,0,0,423,0
407,1.6227,11.2111,0.0011,0.0000,0,0,0.0000,0,0.0000,0,0,0,418,0
408,3.8659,3.6360,0.0017,0.0000,0,0,0.0000,0,0.0000,0,0,0,380,0
409,1.6612,3.4625,0.0010,0.0000,0,0,0.0000,0,0.0000,0,0,0,380,0
410,1.6679,5.9350,0.0018,0.0000,0,0,0.0000,0,0.0000,0,0,0,418,0
411,1.6084,5.8885,0.0010,0.0000,0,0,0.0000,0,0.0000,0,0,0,418,0
412,1.6447,8.5811,0.0013,0.0000,0,0,0.0000,0,0.0000,0,0,0,452,0
413,1.6658,8.3983,0.0011,0.0000,0,0,0.0000,0,0.0000,0,0,0,424,0
414,1.6692,11.1582,0.0010,0.0000,0,0,0.0000,0,0.0000,0,0,0,418,0
415,1.6227,11.0878,0.0008,0.0000,0,0,0.0000,0,0.0000,0,0,0,418,0
416,3.8659,3.8102,0.0018,0.0000,0,0,0.0000,0,0.0000,0,0,0,380,0
417,1.6612,3.5172,0.0008,0.0000,0,0,0.0000,0,0.0000,0,0,0,380,0
418,1.6679,6.1221,0.0010,0.0000,0,0,0.0000,0,0.0000,0,0,0,418,0
419,1.6084,6.0648,0.0009,0.0000,0,0,0.0000,0,0.0000,0,0,0,418,0
420,1.6447,8.8360,0.0013,0.0000,0,0,0.0000,0,0.0000,0,0,0,435,0
421,1.6658,8.7337,0.0009,0.0000,0,0,0.0000,0,0.0000,0,0,0,424,0
422,1.6692,11.5463,0.0009,0.0000,0,0,0.0000,0,0.0000,0,0,0,509,0
423,1.6227,11.5235,0.0009,0.0000,0,0,0.0000,0,0.0000,0,0,0,418,0
424,3.8659,3.6213,0.0013,0.0000,0,0,0.0000,0,0.0000,0,0,0,380,0
425,1.6612,3.4738,0.0012,0.0000,0,0,0.0000,0,0.0000,0,0,0,380,0
426,1.6679,6.0820,0.0011,0.0000,0,0,0.0000,0,0.0000,0,0,0,432,0
427,1.6084,5.9722,0.0012,0.0000,0,0,0.0000,0,0.0000,0,0,0,450,0
428,1.6447,8.6615,0.0011,0.0000,0,0,0.0000,0,0.0000,0,0,0,499,0
429,1.6658,8.5851,0.0015,0.0000,0,0,0.0000,0,0.0000,0,0,0,482,0
430,1.6692,11.4315,0.0010,0.0000,0,0,0.0000,0,0.0000,0,0,0,443,0
431,1.6227,11.4011,0.0010,0.0000,0,0,0.0000,0,0.0000,0,0,0,457,0
432,3.8659,3.7676,0.0014,0.0000,0,0,0.0000,0,0.0000,0,0,0,380,0
433,1.6612,3.5365,0.0011,0.0000,0,0,0.0000,0,0.0000,0,0,0,380,0
434,1.6679,6.2038,0.0010,0.0000,0,0,0.0000,0,0.0000,0,0,0,418,0
435,1.6084,6.0697,0.0012,0.0000,0,0,0.0000,0,0.0000,0,0,0,418,0
436,1.6447,8.7004,0.0010,0.0000,0,0,0.0000,0,0.0000,0,0,0,418,0
437,1.6658,8.6624,0.0012,0.0000,0,0,0.0000,0,0.0000,0,0,0,418,0
438,1.6692,11.4256,0.0011,0.0000,0,0,0.0000,0,0.0000,0,0,0,516,0
439,1.6227,11.3742,0.0011,0.0000,0,0,0.0000,0,0.0000,0,0,0,422,0
440,3.8659,3.5538,0.0014,0.0000,0,0,0.0000,0,0.0000,0,0,0,380,0
441,1.6612,3.4260,0.0012,0.0000,0,0,0.0000,0,0.0000,0,0,0,380,0
442,1.6679,5.9017,0.0012,0.0000,0,0,0.0000,0,0.0000,0,0,0,418,0
443,1.6084,5.8602,0.0013,0.0000,0,0,0.0000,0,0.0000,0,0,0,418,0
444,1.6447,8.4426,0.0012,0.0000,0,0,0.0000,0,0.0000,0,0,0,418,0
445,1.6658,8.3813,0.0013,0.0000,0,0,0.0000,0,0.0000,0,0,0,418,0
446,1.6692,11.1510,0.0025,0.0000,0,0,0.0000,0,0.0000,0,0,0,418,0
447,1.6227,11.0510,0.0010,0.0000,0,0,0.0000,0,0.0000,0,0,0,422,0
448,3.8659,4.1007,0.0072,0.0000,0,0,0.0000,0,0.0000,0,0,0,380,0
449,1.6612,3.5711,0.0015,0.0000,0,0,0.0000,0,0.0000,0,0,0,380,0
450,1.6679,5.9979,0.0022,0.0000,0,0,0.0000,0,0.0000,0,0,0,418,0
451,1.6084,5.8730,0.0018,0.0000,0,0,0.0000,0,0.0000,0,0,0,418,0
452,1.6447,8.3888,0.0015,0.0000,0,0,0.0000,0,0.0000,0,0,0,418,0
453,1.6658,8.2319,0.0013,0.0000,0,0,0.0000,0,0.0000,0,0,0,418,0
454,1.6692,10.8375,0.0022,0.0000,0,0,0.0000,0,0.0000,0,0,0,418,0
455,1.6227,10.7278,0.0038,0.0000,0,0,0.0000,0,0.0000,0,0,0,422,0
456,3.8659,3.7161,0.0029,0.0000,0,0,0.0000,0,0.0000,0,0,0,380,0
457,1.6612,3.4657,0.0014,0.0000,0,0,0.0000,0,0.0000,0,0,0,380,0
458,1.6679,5.9985,0.0032,0.0000,0,0,0.0000,0,0.0000,0,0,0,418,0
459,1.6084,5.8375,0.0014,0.0000,0,0,0.0000,0,0.0000,0,0,0,418,0
460,1.6447,10.8265,0.0028,0.0000,0,0,0.0000,0,0.0000,0,0,0,418,0
461,1.6658,10.6779,0.0040,0.0000,0,0,0.0000,0,0.0000,0,0,0,418,0
462,1.6692,11.8682,0.0015,0.0000,0,0,0.0000,0,0.0000,0,0,0,418,0
463,1.6227,13.2370,0.0015,0.0000,0,0,0.0000,0,0.0000,0,0,0,424,0
464,3.8659,4.0879,0.0025,0.0000,0,0,0.0000,0,0.0000,0,0,0,380,0
465,1.6612,3.7170,0.0013,0.0000,0,0,0.0000,0,0.0000,0,0,0,380,0
466,1.6679,5.9383,0.0009,0.0000,0,0,0.0000,0,0.0000,0,0,0,418,0
467,1.6084,5.9069,0.0011,0.0000,0,0,0.0000,0,0.0000,0,0,0,418,0
468,1.6447,8.4235,0.0022,0.0000,0,0,0.0000,0,0.0000,0,0,0,429,0
469,1.6658,8.2570,0.0070,0.0000,0,0,0.0000,0,0.0000,0,0,0,418,0
470,1.6692,10.7957,0.0029,0.0000,0,0,0.0000,0,0.0000,0,0,0,422,0
471,1.6227,10.9120,0.0009,0.0000,0,0,0.0000,0,0.0000,0,0,0,418,0
472,3.8659,3.7946,0.0059,0.0000,0,0,0.0000,0,0.0000,0,0,0,380,0
473,1.6612,3.5602,0.0007,0.0000,0,0,0.0000,0,0.0000,0,0,0,380,0
474,1.6679,5.8737,0.0008,0.0000,0,0,0.0000,0,0.0000,0,0,0,418,0
475,1.6084,5.9175,0.0006,0.0000,0,0,0.0000,0,0.0000,0,0,0,418,0
476,1.6447,8.4226,0.0006,0.0000,0,0,0.0000,0,0.0000,0,0,0,424,0
477,1.6658,8.5347,0.0007,0.0000,0,0,0.0000,0,0.0000,0,0,0,418,0
478,1.6692,11.2334,0.0007,0.0000,0,0,0.0000,0,0.0000,0,0,0,454,0
479,1.6227,11.3181,0.0006,0.0000,0,0,0.0000,0,0.0000,0,0,0,418,0
480,3.8659,3.6485,0.0011,0.0000,0,0,0.0000,0,0.0000,0,0,0,380,0
481,1.6612,3.5436,0.0011,0.0000,0,0,0.0000,0,0.0000,0,0,0,380,0
482,1.6679,6.2056,0.0007,0.0000,0,0,0.0000,0,0.0000,0,0,0,418,0
483,1.6084,6.1807,0.0008,0.0000,0,0,0.0000,0,0.0000,0,0,0,418,0
484,1.6447,8.9177,0.0007,0.0000,0,0,0.0000,0,0.0000,0,0,0,458,0
485,1.6658,8.9125,0.0009,0.0000,0,0,0.0000,0,0.0000,0,0,0,423,0
486,1.6692,11.7722,0.0007,0.0000,0,0,0.0000,0,0.0000,0,0,0,462,0
487,1.6227,11.9131,0.0008,0.0000,0,0,0.0000,0,0.0000,0,0,0,446,0
488,3.8659,4.1150,0.0103,0.0000,0,0,0.0000,0,0.0000,0,0,0,380,0
489,1.6612,3.6906,0.0016,0.0000,0,0,0.0000,0,0.0000,0,0,0,380,0
490,1.6679,5.7646,0.0016,0.0000,0,0,0.0000,0,0.0000,0,0,0,418,0
491,1.6084,5.9531,0.0016,0.0000,0,0,0.0000,0,0.0000,0,0,0,418,0
492,1.6447,8.2440,0.0022,0.0000,0,0,0.0000,0,0.0000,0,0,0,432,0
493,1.6658,8.4113,0.0018,0.0000,0,0,0.0000,0,0.0000,0,0,0,418,0
494,1.6692,10.8898,0.0019,0.0000,0,0,0.0000,0,0.0000,0,0,0,491,0
495,1.6227,10.9653,0.0023,0.0000,0,0,0.0000,0,0.0000,0,0,0,433,0
496,3.8659,3.9550,0.0040,0.0000,0,0,0.0000,0,0.0000,0,0,0,380,0
497,1.6612,3.7217,0.0016,0.0000,0,0,0.0000,0,0.0000,0,0,0,380,0
498,1.6679,5.5690,0.0017,0.0000,0,0,0.0000,0,0.0000,0,0,0,418,0
499,1.6084,5.7143,0.0018,0.0000,0,0,0.0000,0,0.0000,0,0,0,418,0
500,1.6447,7.7177,0.0020,0.0000,0,0,0.0000,0,0.0000,0,0,0,422,0
501,1.6658,7.8168,0.0018,0.0000,0,0,0.0000,0,0.0000,0,0,0,418,0
502,1.6692,14.0745,0.0044,0.0000,0,0,0.0000,0,0.0000,0,0,0,465,0
503,1.6227,13.7985,0.0045,0.0000,0,0,0.0000,0,0.0000,0,0,0,418,0
504,3.8659,3.8296,0.0037,0.0000,0,0,0.0000,0,0.0000,0,0,0,380,0
505,1.6612,3.4787,0.0010,0.0000,0,0,0.0000,0,0.0000,0,0,0,380,0
506,1.6679,5.5617,0.0043,0.0000,0,0,0.0000,0,0.0000,0,0,0,418,0
507,1.6084,5.8379,0.0017,0.0000,0,0,0.0000,0,0.0000,0,0,0,418,0
508,1.6447,8.0302,0.0015,0.0000,0,0,0.0000,0,0.0000,0,0,0,418,0
509,1.6658,8.2980,0.0016,0.0000,0,0,0.0000,0,0.0000,0,0,0,418,0
510,1.6692,10.5424,0.0020,0.0000,0,0,0.0000,0,0.0000,0,0,0,418,0
511,1.6227,10.6961,0.0018,0.0000,0,0,0.0000,0,0.0000,0,0,0,418,0
512,3.8659,4.1629,0.0046,0.0000,0,0,0.0000,0,0.0000,0,0,0,380,0
513,1.6612,3.7450,0.0016,0.0000,0,0,0.0000,0,0.0000,0,0,0,380,0
514,1.6679,5.1090,0.0015,0.0000,0,0,0.0000,0,0.0000,0,0,0,422,0
515,1.6084,4.8544,0.0015,0.0000,0,0,0.0000,0,0.0000,0,0,0,422,0
516,1.6447,7.3530,0.0020,0.0000,0,0,0.0000,0,0.0000,0,0,0,489,0
517,1.6658,7.3498,0.0019,0.0000,0,0,0.0000,0,0.0000,0,0,0,469,0
518,1.6692,10.0180,0.0029,0.0000,0,0,0.0000,0,0.0000,0,0,0,418,0
519,1.6227,9.9725,0.0026,0.0000,0,0,0.0000,0,0.0000,0,0,0,441,0
520,3.8659,3.9667,0.0037,0.0000,0,0,0.0000,0,0.0000,0,0,0,380,0
521,1.6612,3.7075,0.0016,0.0000,0,0,0.0000,0,0.0000,0,0,0,380,0
522,1.6679,5.6867,0.0015,0.0000,0,0,0.0000,0,0.0000,0,0,0,418,0
523,1.6084,5.7981,0.0016,0.0000,0,0,0.0000,0,0.0000,0,0,0,418,0
524,1.6447,7.9327,0.0022,0.0000,0,0,0.0000,0,0.0000,0,0,0,418,0
525,1.6658,8.0485,0.0018,0.0000,0,0,0.0000,0,0.0000,0,0,0,418,0
526,1.6692,10.1846,0.0027,0.0000,0,0,0.0000,0,0.0000,0,0,0,433,0
527,1.6227,10.3834,0.0025,0.0000,0,0,0.0000,0,0.0000,0,0,0,418,0
528,3.8659,4.3474,0.0037,0.0000,0,0,0.0000,0,0.0000,0,0,0,380,0
529,1.6612,3.9603,0.0021,0.0000,0,0,0.0000,0,0.0000,0,0,0,380,0
530,1.6679,5.8253,0.0031,0.0000,0,0,0.0000,0,0.0000,0,0,0,418,0
531,1.6084,5.5823,0.0012,0.0000,0,0,0.0000,0,0.0000,0,0,0,418,0
532,1.6447,7.5690,0.0021,0.0000,0,0,0.0000,0,0.0000,0,0,0,418,0
533,1.6658,7.3650,0.0012,0.0000,0,0,0.0000,0,0.0000,0,0,0,418,0
534,1.6692,9.7754,0.0009,0.0000,0,0,0.0000,0,0.0000,0,0,0,449,0
535,1.6227,9.8282,0.0007,0.0000,0,0,0.0000,0,0.0000,0,0,0,418,0
536,3.8659,3.8078,0.0018,0.0000,0,0,0.0000,0,0.0000,0,0,0,380,0
537,1.6612,3.6087,0.0013,0.0000,0,0,0.0000,0,0.0000,0,0,0,380,0
538,1.6679,6.0950,0.0012,0.0000,0,0,0.0000,0,0.0000,0,0,0,418,0
539,1.6084,6.0867,0.0013,0.0000,0,0,0.0000,0,0.0000,0,0,0,418,0
540,1.6447,8.6700,0.0012,0.0000,0,0,0.0000,0,0.0000,0,0,0,418,0
541,1.6658,8.7058,0.0012,0.0000,0,0,0.0000,0,0.0000,0,0,0,418,0
542,1.6692,11.3656,0.0007,0.0000,0,0,0.0000,0,0.0000,0,0,0,437,0
543,1.6227,11.3077,0.0007,0.0000,0,0,0.0000,0,0.0000,0,0,0,418,0
544,3.8659,3.6883,0.0020,0.0000,0,0,0.0000,0,0.0000,0,0,0,380,0
545,1.6612,3.6641,0.0015,0.0000,0,0,0.0000,0,0.0000,0,0,0,380,0
546,1.6679,5.9814,0.0013,0.0000,0,0,0.0000,0,0.0000,0,0,0,418,0
547,1.6084,6.0915,0.0012,0.0000,0,0,0.0000,0,0.0000,0,0,0,418,0
548,1.6447,8.6267,0.0015,0.0000,0,0,0.0000,0,0.0000,0,0,0,418,0
549,1.6658,8.7267,0.0014,0.0000,0,0,0.0000,0,0.0000,0,0,0,418,0
550,1.6692,11.2672,0.0018,0.0000,0,0,0.0000,0,0.0000,0,0,0,472,0
551,1.6227,11.3602,0.0015,0.0000,0,0,0.0000,0,0.0000,0,0,0,418,0
552,3.8659,3.5884,0.0034,0.0000,0,0,0.0000,0,0.0000,0,0,0,380,0
553,1.6612,3.4401,0.0018,0.0000,0,0,0.0000,0,0.0000,0,0,0,380,0
554,1.6679,5.8746,0.0015,0.0000,0,0,0.0000,0,0.0000,0,0,0,418,0
555,1.6084,5.8517,0.0013,0.0000,0,0,0.0000,0,0.0000,0,0,0,418,0
556,1.6447,8.3663,0.0012,0.0000,0,0,0.0000,0,0.0000,0,0,0,418,0
557,1.6658,8.3346,0.0012,0.0000,0,0,0.0000,0,0.0000,0,0,0,418,0
558,1.6692,10.9954,0.0013,0.0000,0,0,0.0000,0,0.0000,0,0,0,418,0
559,1.6227,10.9310,0.0011,0.0000,0,0,0.0000,0,0.0000,0,0,0,427,0
560,3.8659,3.6140,0.0019,0.0000,0,0,0.0000,0,0.0000,0,0,0,380,0
561,1.6612,3.4650,0.0015,0.0000,0,0,0.0000,0,0.0000,0,0,0,380,0
562,1.6679,5.9813,0.0012,0.0000,0,0,0.0000,0,0.0000,0,0,0,418,0
563,1.6084,6.0211,0.0010,0.0000,0,0,0.0000,0,0.0000,0,0,0,418,0
564,1.6447,8.6292,0.0011,0.0000,0,0,0.0000,0,0.0000,0,0,0,418,0
565,1.6658,8.5909,0.0010,0.0000,0,0,0.0000,0,0.0000,0,0,0,418,0
566,1.6692,11.2693,0.0010,0.0000,0,0,0.0000,0,0.0000,0,0,0,418,0
567,1.6227,11.2095,0.0012,0.0000,0,0,0.0000,0,0.0000,0,0,0,422,0
568,3.8659,3.5466,0.0014,0.0000,0,0,0.0000,0,0.0000,0,0,0,380,0
569,1.6612,3.5015,0.0015,0.0000,0,0,0.0000,0,0.0000,0,0,0,380,0
570,1.6679,5.9400,0.0013,0.0000,0,0,0.0000,0,0.0000,0,0,0,418,0
571,1.6084,5.9633,0.0016,0.0000,0,0,0.0000,0,0.0000,0,0,0,418,0
572,1.6447,8.5422,0.0013,0.0000,0,0,0.0000,0,0.0000,0,0,0,418,0
573,1.6658,8.5356,0.0012,0.0000,0,0,0.0000,0,0.0000,0,0,0,431,0
574,1.6692,11.2135,0.0012,0.0000,0,0,0.0000,0,0.0000,0,0,0,418,0
575,1.6227,11.1699,0.0011,0.0000,0,0,0.0000,0,0.0000,0,0,0,429,0
576,3.8659,3.5201,0.0015,0.0000,0,0,0.0000,0,0.0000,0,0,0,380,0
577,1.6612,3.4457,0.0013,0.0000,0,0,0.0000,0,0.0000,0,0,0,380,0
578,1.6679,5.9090,0.0013,0.0000,0,0,0.0000,0,0.0000,0,0,0,418,0
579,1.6084,5.8800,0.0011,0.0000,0,0,0.0000,0,0.0000,0,0,0,418,0
580,1.6447,8.4860,0.0015,0.0000,0,0,0.0000,0,0.0000,0,0,0,418,0
581,1.6658,8.3928,0.0019,0.0000,0,0,0.0000,0,0.0000,0,0,0,443,0
582,1.6692,10.9898,0.0014,0.0000,0,0,0.0000,0,0.0000,0,0,0,431,0
583,1.6227,10.9485,0.0015,0.0000,0,0,0.0000,0,0.0000,0,0,0,442,0
584,3.8659,3.5847,0.0018,0.0000,0,0,0.0000,0,0.0000,0,0,0,380,0
585,1.6612,3.4541,0.0013,0.0000,0,0,0.0000,0,0.0000,0,0,0,380,0
586,1.6679,5.9592,0.0013,0.0000,0,0,0.0000,0,0.0000,0,0,0,418,0
587,1.6084,5.9077,0.0017,0.0000,0,0,0.0000,0,0.0000,0,0,0,418,0
588,1.6447,8.8427,0.0047,0.0000,0,0,0.0000,0,0.0000,0,0,0,418,0
589,1.6658,8.6355,0.0047,0.0000,0,0,0.0000,0,0.0000,0,0,0,422,0
590,1.6692,11.2133,0.0025,0.0000,0,0,0.0000,0,0.0000,0,0,0,433,0
591,1.6227,11.1325,0.0013,0.0000,0,0,0.0000,0,0.0000,0,0,0,424,0
592,3.8659,4.0856,0.0016,0.0000,0,0,0.0000,0,0.0000,0,0,0,380,0
593,1.6612,3.8948,0.0017,0.0000,0,0,0.0000,0,0.0000,0,0,0,380,0
594,1.6679,4.1048,0.0019,0.0000,0,0,0.0000,0,0.0000,0,0,0,418,0
595,1.6084,5.0468,0.0016,0.0000,0,0,0.0000,0,0.0000,0,0,0,418,0
596,1.6447,5.9467,0.0014,0.0000,0,0,0.0000,0,0.0000,0,0,0,418,0
597,1.6658,6.9715,0.0012,0.0000,0,0,0.0000,0,0.0000,0,0,0,428,0
598,1.6692,8.3180,0.0012,0.0000,0,0,0.0000,0,0.0000,0,0,0,441,0
599,1.6227,9.4847,0.0014,0.0000,0,0,0.0000,0,0.0000,0,0,0,423,0
600,3.8659,3.6000,0.0014,0.0000,0,0,0.0000,0,0.0000,0,0,0,380,0
601,1.6612,3.4310,0.0010,0.0000,0,0,0.0000,0,0.0000,0,0,0,380,0
602,1.6679,5.8843,0.0012,0.0000,0,0,0.0000,0,0.0000,0,0,0,422,0
603,1.6084,5.8585,0.0012,0.0000,0,0,0.0000,0,0.0000,0,0,0,422,0
604,1.6447,8.4524,0.0014,0.0000,0,0,0.0000,0,0.0000,0,0,0,430,0
605,1.6658,8.3857,0.0010,0.0000,0,0,0.0000,0,0.0000,0,0,0,440,0
606,1.6692,11.0221,0.0012,0.0000,0,0,0.0000,0,0.0000,0,0,0,462,0
607,1.6227,10.9577,0.0010,0.0000,0,0,0.0000,0,0.0000,0,0,0,423,0
608,3.8659,3.7525,0.0025,0.0000,0,0,0.0000,0,0.0000,0,0,0,380,0
609,1.6612,3.4875,0.0018,0.0000,0,0,0.0000,0,0.0000,0,0,0,380,0
610,1.6679,5.9904,0.0013,0.0000,0,0,0.0000,0,0.0000,0,0,0,418,0
611,1.6084,5.9295,0.0014,0.0000,0,0,0.0000,0,0.0000,0,0,0,418,0
612,1.6447,8.5365,0.0014,0.0000,0,0,0.0000,0,0.0000,0,0,0,473,0
613,1.6658,8.4548,0.0010,0.0000,0,0,0.0000,0,0.0000,0,0,0,418,0
614,1.6692,11.1896,0.0012,0.0000,0,0,0.0000,0,0.0000,0,0,0,418,0
615,1.6227,11.1147,0.0012,0.0000,0,0,0.0000,0,0.0000,0,0,0,418,0
616,3.8659,3.5957,0.0014,0.0000,0,0,0.0000,0,0.0000,0,0,0,380,0
617,1.6612,3.4628,0.0015,0.0000,0,0,0.0000,0,0.0000,0,0,0,380,0
618,1.6679,5.9818,0.0012,0.0000,0,0,0.0000,0,0.0000,0,0,0,418,0
619,1.6084,5.9129,0.0013,0.0000,0,0,0.0000,0,0.0000,0,0,0,418,0
620,1.6447,8.5705,0.0012,0.0000,0,0,0.0000,0,0.0000,0,0,0,420,0
621,1.6658,8.4663,0.0009,0.0000,0,0,0.0000,0,0.0000,0,0,0,418,0
622,1.6692,11.2140,0.0013,0.0000,0,0,0.0000,0,0.0000,0,0,0,418,0
623,1.6227,11.1461,0.0014,0.0000,0,0,0.0000,0,0.0000,0,0,0,418,0
624,3.8659,3.6155,0.0017,0.0000,0,0,0.0000,0,0.0000,0,0,0,380,0
625,1.6612,3.5121,0.0016,0.0000,0,0,0.0000,0,0.0000,0,0,0,380,0
626,1.6679,5.9236,0.0021,0.0000,0,0,0.0000,0,0.0000,0,0,0,418,0
627,1.6084,5.8454,0.0015,0.0000,0,0,0.0000,0,0.0000,0,0,0,418,0
628,1.6447,8.3957,0.0015,0.0000,0,0,0.0000,0,0.0000,0,0,0,418,0
629,1.6658,8.3342,0.0018,0.0000,0,0,0.0000,0,0.0000,0,0,0,424,0
630,1.6692,10.9522,0.0015,0.0000,0,0,0.0000,0,0.0000,0,0,0,418,0
631,1.6227,10.8726,0.0015,0.0000,0,0,0.0000,0,0.0000,0,0,0,418,0
632,3.8659,4.4064,0.0015,0.0000,0,0,0.0000,0,0.0000,0,0,0,380,0
633,1.6612,3.7215,0.0015,0.0000,0,0,0.0000,0,0.0000,0,0,0,380,0
634,1.6679,7.2502,0.0083,0.0000,0,0,0.0000,0,0.0000,0,0,0,418,0
635,1.6084,7.1808,0.0016,0.0000,0,0,0.0000,0,0.0000,0,0,0,418,0
636,1.6447,8.0128,0.0018,0.0000,0,0,0.0000,0,0.0000,0,0,0,418,0
637,1.6658,8.0426,0.0012,0.0000,0,0,0.0000,0,0.0000,0,0,0,432,0
638,1.6692,11.0505,0.0043,0.0000,0,0,0.0000,0,0.0000,0,0,0,427,0
639,1.6227,10.3290,0.0044,0.0000,0,0,0.0000,0,0.0000,0,0,0,418,0
640,3.8659,3.8368,0.0067,0.0000,0,0,0.0000,0,0.0000,0,0,0,380,0
641,1.6612,3.4634,0.0018,0.0000,0,0,0.0000,0,0.0000,0,0,0,380,0
642,1.6679,5.9492,0.0017,0.0000,0,0,0.0000,0,0.0000,0,0,0,418,0
643,1.6084,5.8530,0.0014,0.0000,0,0,0.0000,0,0.0000,0,0,0,418,0
644,1.6447,8.6670,0.0013,0.0000,0,0,0.0000,0,0.0000,0,0,0,425,0
645,1.6658,8.4920,0.0009,0.0000,0,0,0.0000,0,0.0000,0,0,0,436,0
646,1.6692,12.2904,0.0010,0.0000,0,0,0.0000,0,0.0000,0,0,0,418,0
647,1.6227,12.1943,0.0016,0.0000,0,0,0.0000,0,0.0000,0,0,0,418,0
648,3.8659,3.7995,0.0017,0.0000,0,0,0.0000,0,0.0000,0,0,0,380,0
649,1.6612,3.4716,0.0007,0.0000,0,0,0.0000,0,0.0000,0,0,0,380,0
650,1.6679,6.0993,0.0010,0.0000,0,0,0.0000,0,0.0000,0,0,0,418,0
651,1.6084,5.9752,0.0013,0.0000,0,0,0.0000,0,0.0000,0,0,0,418,0
652,1.6447,8.6942,0.0009,0.0000,0,0,0.0000,0,0.0000,0,0,0,424,0
653,1.6658,8.5994,0.0013,0.0000,0,0,0.0000,0,0.0000,0,0,0,435,0
654,1.6692,11.4095,0.0008,0.0000,0,0,0.0000,0,0.0000,0,0,0,418,0
655,1.6227,11.3941,0.0011,0.0000,0,0,0.0000,0,0.0000,0,0,0,418,0
656,3.8659,3.7665,0.0011,0.0000,0,0,0.0000,0,0.0000,0,0,0,380,0
657,1.6612,3.5406,0.0009,0.0000,0,0,0.0000,0,0.0000,0,0,0,380,0
658,1.6679,6.0482,0.0009,0.0000,0,0,0.0000,0,0.0000,0,0,0,418,0
659,1.6084,6.0515,0.0007,0.0000,0,0,0.0000,0,0.0000,0,0,0,418,0
660,1.6447,8.7102,0.0010,0.0000,0,0,0.0000,0,0.0000,0,0,0,444,0
661,1.6658,8.6899,0.0010,0.0000,0,0,0.0000,0,0.0000,0,0,0,445,0
662,1.6692,11.4585,0.0010,0.0000,0,0,0.0000,0,0.0000,0,0,0,428,0
663,1.6227,11.4330,0.0006,0.0000,0,0,0.0000,0,0.0000,0,0,0,418,0
664,3.8659,3.6435,0.0014,0.0000,0,0,0.0000,0,0.0000,0,0,0,380,0
665,1.6612,3.4645,0.0009,0.0000,0,0,0.0000,0,0.0000,0,0,0,380,0
666,1.6679,6.0326,0.0010,0.0000,0,0,0.0000,0,0.0000,0,0,0,418,0
667,1.6084,5.9852,0.0010,0.0000,0,0,0.0000,0,0.0000,0,0,0,418,0
668,1.6447,8.8266,0.0013,0.0000,0,0,0.0000,0,0.0000,0,0,0,445,0
669,1.6658,8.7517,0.0008,0.0000,0,0,0.0000,0,0.0000,0,0,0,456,0
670,1.6692,11.5348,0.0009,0.0000,0,0,0.0000,0,0.0000,0,0,0,418,0
671,1.6227,11.5322,0.0008,0.0000,0,0,0.0000,0,0.0000,0,0,0,418,0
672,3.8659,3.7780,0.0024,0.0000,0,0,0.0000,0,0.0000,0,0,0,380,0
673,1.6612,3.4758,0.0015,0.0000,0,0,0.0000,0,0.0000,0,0,0,380,0
674,1.6679,6.0295,0.0008,0.0000,0,0,0.0000,0,0.0000,0,0,0,418,0
675,1.6084,5.9802,0.0010,0.0000,0,0,0.0000,0,0.0000,0,0,0,418,0
676,1.6447,8.8088,0.0015,0.0000,0,0,0.0000,0,0.0000,0,0,0,435,0
677,1.6658,8.6805,0.0014,0.0000,0,0,0.0000,0,0.0000,0,0,0,452,0
678,1.6692,11.5516,0.0032,0.0000,0,0,0.0000,0,0.0000,0,0,0,418,0
679,1.6227,11.4448,0.0014,0.0000,0,0,0.0000,0,0.0000,0,0,0,418,0
680,3.8659,4.0678,0.0030,0.0000,0,0,0.0000,0,0.0000,0,0,0,380,0
681,1.6612,3.4619,0.0030,0.0000,0,0,0.0000,0,0.0000,0,0,0,380,0
682,1.6679,6.0980,0.0008,0.0000,0,0,0.0000,0,0.0000,0,0,0,418,0
683,1.6084,5.9628,0.0011,0.0000,0,0,0.0000,0,0.0000,0,0,0,418,0
684,1.6447,8.6592,0.0011,0.0000,0,0,0.0000,0,0.0000,0,0,0,423,0
685,1.6658,8.5151,0.0132,0.0000,0,0,0.0000,0,0.0000,0,0,0,449,0
686,1.6692,11.3343,0.0009,0.0000,0,0,0.0000,0,0.0000,0,0,0,418,0
687,1.6227,11.2910,0.0012,0.0000,0,0,0.0000,0,0.0000,0,0,0,418,0
688,3.8659,3.9304,0.0043,0.0000,0,0,0.0000,0,0.0000,0,0,0,380,0
689,1.6612,3.4905,0.0043,0.0000,0,0,0.0000,0,0.0000,0,0,0,380,0
690,1.6679,6.0721,0.0012,0.0000,0,0,0.0000,0,0.0000,0,0,0,418,0
691,1.6084,5.9491,0.0006,0.0000,0,0,0.0000,0,0.0000,0,0,0,422,0
692,1.6447,8.6898,0.0013,0.0000,0,0,0.0000,0,0.0000,0,0,0,442,0
693,1.6658,8.4659,0.0008,0.0000,0,0,0.0000,0,0.0000,0,0,0,483,0
694,1.6692,11.2288,0.0012,0.0000,0,0,0.0000,0,0.0000,0,0,0,418,0
695,1.6227,11.1775,0.0008,0.0000,0,0,0.0000,0,0.0000,0,0,0,423,0
696,3.8659,3.7555,0.0012,0.0000,0,0,0.0000,0,0.0000,0,0,0,380,0
697,1.6612,3.4616,0.0013,0.0000,0,0,0.0000,0,0.0000,0,0,0,380,0
698,1.6679,6.0447,0.0010,0.0000,0,0,0.0000,0,0.0000,0,0,0,418,0
699,1.6084,6.0040,0.0008,0.0000,0,0,0.0000,0,0.0000,0,0,0,418,0
700,1.6447,8.6990,0.0011,0.0000,0,0,0.0000,0,0.0000,0,0,0,418,0
701,1.6658,8.6222,0.0010,0.0000,0,0,0.0000,0,0.0000,0,0,0,420,0
702,1.6692,11.4082,0.0009,0.0000,0,0,0.0000,0,0.0000,0,0,0,418,0
703,1.6227,11.4144,0.0008,0.0000,0,0,0.0000,0,0.0000,0,0,0,418,0
704,3.8659,3.6323,0.0015,0.0000,0,0,0.0000,0,0.0000,0,0,0,380,0
705,1.6612,3.4287,0.0012,0.0000,0,0,0.0000,0,0.0000,0,0,0,380,0
706,1.6679,6.0133,0.0012,0.0000,0,0,0.0000,0,0.0000,0,0,0,418,0
707,1.6084,5.9527,0.0008,0.0000,0,0,0.0000,0,0.0000,0,0,0,418,0
708,1.6447,8.6643,0.0009,0.0000,0,0,0.0000,0,0.0000,0,0,0,418,0
709,1.6658,8.5272,0.0006,0.0000,0,0,0.0000,0,0.0000,0,0,0,418,0
710,1.6692,11.3108,0.0012,0.0000,0,0,0.0000,0,0.0000,0,0,0,418,0
711,1.6227,11.3041,0.0008,0.0000,0,0,0.0000,0,0.0000,0,0,0,418,0
712,3.8659,3.6075,0.0017,0.0000,0,0,0.0000,0,0.0000,0,0,0,380,0
713,1.6612,3.4570,0.0014,0.0000,0,0,0.0000,0,0.0000,0,0,0,380,0
714,1.6679,6.1301,0.0014,0.0000,0,0,0.0000,0,0.0000,0,0,0,418,0
715,1.6084,6.0307,0.0038,0.0000,0,0,0.0000,0,0.0000,0,0,0,418,0
716,1.6447,8.7213,0.0018,0.0000,0,0,0.0000,0,0.0000,0,0,0,418,0
717,1.6658,8.5800,0.0011,0.0000,0,0,0.0000,0,0.0000,0,0,0,418,0
718,1.6692,11.3442,0.0016,0.0000,0,0,0.0000,0,0.0000,0,0,0,423,0
719,1.6227,11.2603,0.0010,0.0000,0,0,0.0000,0,0.0000,0,0,0,418,0
720,3.8659,3.7928,0.0016,0.0000,0,0,0.0000,0,0.0000,0,0,0,380,0
721,1.6612,3.4676,0.0010,0.0000,0,0,0.0000,0,0.0000,0,0,0,380,0
722,1.6679,5.9564,0.0014,0.0000,0,0,0.0000,0,0.0000,0,0,0,418,0
723,1.6084,5.9135,0.0010,0.0000,0,0,0.0000,0,0.0000,0,0,0,418,0
724,1.6447,8.6423,0.0015,0.0000,0,0,0.0000,0,0.0000,0,0,0,418,0
725,1.6658,8.4774,0.0011,0.0000,0,0,0.0000,0,0.0000,0,0,0,427,0
726,1.6692,11.2513,0.0020,0.0000,0,0,0.0000,0,0.0000,0,0,0,418,0
727,1.6227,11.1517,0.0010,0.0000,0,0,0.0000,0,0.0000,0,0,0,418,0
728,3.8659,3.6502,0.0021,0.0000,0,0,0.0000,0,0.0000,0,0,0,380,0
729,1.6612,3.3921,0.0009,0.0000,0,0,0.0000,0,0.0000,0,0,0,380,0
730,1.6679,5.9850,0.0010,0.0000,0,0,0.0000,0,0.0000,0,0,0,418,0
731,1.6084,5.9312,0.0009,0.0000,0,0,0.0000,0,0.0000,0,0,0,418,0
732,1.6447,8.6150,0.0009,0.0000,0,0,0.0000,0,0.0000,0,0,0,418,0
733,1.6658,8.5368,0.0008,0.0000,0,0,0.0000,0,0.0000,0,0,0,442,0
734,1.6692,11.2383,0.0010,0.0000,0,0,0.0000,0,0.0000,0,0,0,418,0
735,1.6227,11.1617,0.0009,0.0000,0,0,0.0000,0,0.0000,0,0,0,418,0
736,3.8659,3.7199,0.0024,0.0000,0,0,0.0000,0,0.0000,0,0,0,380,0
737,1.6612,3.4459,0.0012,0.0000,0,0,0.0000,0,0.0000,0,0,0,380,0
738,1.6679,6.0365,0.0011,0.0000,0,0,0.0000,0,0.0000,0,0,0,418,0
739,1.6084,6.0203,0.0008,0.0000,0,0,0.0000,0,0.0000,0,0,0,418,0
740,1.6447,8.7005,0.0010,0.0000,0,0,0.0000,0,0.0000,0,0,0,418,0
741,1.6658,8.6800,0.0005,0.0000,0,0,0.0000,0,0.0000,0,0,0,423,0
742,1.6692,11.4523,0.0013,0.0000,0,0,0.0000,0,0.0000,0,0,0,418,0
743,1.6227,11.4116,0.0005,0.0000,0,0,0.0000,0,0.0000,0,0,0,418,0
744,3.8659,3.8848,0.0036,0.0000,0,0,0.0000,0,0.0000,0,0,0,380,0
745,1.6612,3.6221,0.0037,0.0000,0,0,0.0000,0,0.0000,0,0,0,380,0
746,1.6679,6.3434,0.0025,0.0000,0,0,0.0000,0,0.0000,0,0,0,418,0
747,1.6084,6.2771,0.0018,0.0000,0,0,0.0000,0,0.0000,0,0,0,418,0
748,1.6447,9.0677,0.0022,0.0000,0,0,0.0000,0,0.0000,0,0,0,423,0
749,1.6658,9.0228,0.0021,0.0000,0,0,0.0000,0,0.0000,0,0,0,442,0
750,1.6692,12.2423,0.0034,0.0000,0,0,0.0000,0,0.0000,0,0,0,418,0
751,1.6227,12.1707,0.0029,0.0000,0,0,0.0000,0,0.0000,0,0,0,418,0
752,3.8659,3.9425,0.0037,0.0000,0,0,0.0000,0,0.0000,0,0,0,380,0
753,1.6612,3.7053,0.0015,0.0000,0,0,0.0000,0,0.0000,0,0,0,380,0
754,1.6679,5.9425,0.0046,0.0000,0,0,0.0000,0,0.0000,0,0,0,418,0
755,1.6084,5.9650,0.0013,0.0000,0,0,0.0000,0,0.0000,0,0,0,418,0
756,1.6447,8.1297,0.0019,0.0000,0,0,0.0000,0,0.0000,0,0,0,436,0
757,1.6658,8.2447,0.0015,0.0000,0,0,0.0000,0,0.0000,0,0,0,438,0
758,1.6692,11.9410,0.0020,0.0000,0,0,0.0000,0,0.0000,0,0,0,418,0
759,1.6227,11.7620,0.0025,0.0000,0,0,0.0000,0,0.0000,0,0,0,418,0
760,3.8659,4.9658,0.0040,0.0000,0,0,0.0000,0,0.0000,0,0,0,380,0
761,1.6612,4.9077,0.0014,0.0000,0,0,0.0000,0,0.0000,0,0,0,380,0
762,1.6679,7.4839,0.0015,0.0000,0,0,0.0000,0,0.0000,0,0,0,418,0
763,1.6084,7.4566,0.0014,0.0000,0,0,0.0000,0,0.0000,0,0,0,418,0
764,1.6447,10.0244,0.0012,0.0000,0,0,0.0000,0,0.0000,0,0,0,424,0
765,1.6658,9.9983,0.0015,0.0000,0,0,0.0000,0,0.0000,0,0,0,442,0
766,1.6692,12.6122,0.0007,0.0000,0,0,0.0000,0,0.0000,0,0,0,418,0
767,1.6227,12.5445,0.0012,0.0000,0,0,0.0000,0,0.0000,0,0,0,418,0
768,3.8659,3.7523,0.0016,0.0000,0,0,0.0000,0,0.0000,0,0,0,380,0
769,1.6612,3.4473,0.0009,0.0000,0,0,0.0000,0,0.0000,0,0,0,380,0
770,1.6679,5.9417,0.0010,0.0000,0,0,0.0000,0,0.0000,0,0,0,418,0
771,1.6084,5.8935,0.0015,0.0000,0,0,0.0000,0,0.0000,0,0,0,418,0
772,1.6447,8.5183,0.0018,0.0000,0,0,0.0000,0,0.0000,0,0,0,418,0
773,1.6658,8.4105,0.0017,0.0000,0,0,0.0000,0,0.0000,0,0,0,423,0
774,1.6692,11.1544,0.0015,0.0000,0,0,0.0000,0,0.0000,0,0,0,418,0
775,1.6227,11.1208,0.0012,0.0000,0,0,0.0000,0,0.0000,0,0,0,418,0
776,3.8659,3.5768,0.0014,0.0000,0,0,0.0000,0,0.0000,0,0,0,380,0
777,1.6612,3.4861,0.0013,0.0000,0,0,0.0000,0,0.0000,0,0,0,380,0
778,1.6679,5.8933,0.0013,0.0000,0,0,0.0000,0,0.0000,0,0,0,418,0
779,1.6084,5.9085,0.0012,0.0000,0,0,0.0000,0,0.0000,0,0,0,423,0
780,1.6447,8.4666,0.0012,0.0000,0,0,0.0000,0,0.0000,0,0,0,443,0
781,1.6658,8.4295,0.0012,0.0000,0,0,0.0000,0,0.0000,0,0,0,461,0
782,1.6692,11.0786,0.0012,0.0000,0,0,0.0000,0,0.0000,0,0,0,418,0
783,1.6227,11.0383,0.0016,0.0000,0,0,0.0000,0,0.0000,0,0,0,418,0
784,3.8659,3.5624,0.0018,0.0000,0,0,0.0000,0,0.0000,0,0,0,380,0
785,1.6612,3.4414,0.0017,0.0000,0,0,0.0000,0,0.0000,0,0,0,380,0
786,1.6679,5.8905,0.0015,0.0000,0,0,0.0000,0,0.0000,0,0,0,418,0
787,1.6084,5.8519,0.0018,0.0000,0,0,0.0000,0,0.0000,0,0,0,418,0
788,1.6447,8.4445,0.0013,0.0000,0,0,0.0000,0,0.0000,0,0,0,418,0
789,1.6658,8.3901,0.0013,0.0000,0,0,0.0000,0,0.0000,0,0,0,418,0
790,1.6692,11.0603,0.0010,0.0000,0,0,0.0000,0,0.0000,0,0,0,418,0
791,1.6227,10.9799,0.0012,0.0000,0,0,0.0000,0,0.0000,0,0,0,418,0
792,3.8659,3.6325,0.0018,0.0000,0,0,0.0000,0,0.0000,0,0,0,380,0
793,1.6612,3.4136,0.0010,0.0000,0,0,0.0000,0,0.0000,0,0,0,380,0
794,1.6679,5.9331,0.0014,0.0000,0,0,0.0000,0,0.0000,0,0,0,418,0
795,1.6084,5.8980,0.0012,0.0000,0,0,0.0000,0,0.0000,0,0,0,418,0
796,1.6447,8.5247,0.0010,0.0000,0,0,0.0000,0,0.0000,0,0,0,418,0
797,1.6658,8.4821,0.0011,0.0000,0,0,0.0000,0,0.0000,0,0,0,418,0
798,1.6692,11.1818,0.0010,0.0000,0,0,0.0000,0,0.0000,0,0,0,418,0
799,1.6227,11.1365,0.0011,0.0000,0,0,0.0000,0,0.0000,0,0,0,418,0
800,3.8659,3.6516,0.0013,0.0000,0,0,0.0000,0,0.0000,0,0,0,380,0
801,1.6612,3.4802,0.0008,0.0000,0,0,0.0000,0,0.0000,0,0,0,380,0
802,1.6679,5.9783,0.0012,0.0000,0,0,0.0000,0,0.0000,0,0,0,418,0
803,1.6084,5.9510,0.0011,0.0000,0,0,0.0000,0,0.0000,0,0,0,418,0
804,1.6447,8.6077,0.0012,0.0000,0,0,0.0000,0,0.0000,0,0,0,418,0
805,1.6658,8.5760,0.0011,0.0000,0,0,0.0000,0,0.0000,0,0,0,418,0
806,1.6692,11.3248,0.0012,0.0000,0,0,0.0000,0,0.0000,0,0,0,418,0
807,1.6227,11.2817,0.0010,0.0000,0,0,0.0000,0,0.0000,0,0,0,418,0
808,3.8659,3.7620,0.0013,0.0000,0,0,0.0000,0,0.0000,0,0,0,380,0
809,1.6612,3.5420,0.0008,0.0000,0,0,0.0000,0,0.0000,0,0,0,380,0
810,1.6679,6.0303,0.0013,0.0000,0,0,0.0000,0,0.0000,0,0,0,418,0
811,1.6084,6.0354,0.0011,0.0000,0,0,0.0000,0,0.0000,0,0,0,418,0
812,1.6447,8.6013,0.0012,0.0000,0,0,0.0000,0,0.0000,0,0,0,418,0
813,1.6658,8.5824,0.0014,0.0000,0,0,0.0000,0,0.0000,0,0,0,418,0
814,1.6692,11.2669,0.0010,0.0000,0,0,0.0000,0,0.0000,0,0,0,418,0
815,1.6227,11.1968,0.0015,0.0000,0,0,0.0000,0,0.0000,0,0,0,418,0
816,3.8659,3.5801,0.0018,0.0000,0,0,0.0000,0,0.0000,0,0,0,380,0
817,1.6612,3.4568,0.0013,0.0000,0,0,0.0000,0,0.0000,0,0,0,380,0
818,1.6679,5.9233,0.0013,0.0000,0,0,0.0000,0,0.0000,0,0,0,418,0
819,1.6084,5.9296,0.0011,0.0000,0,0,0.0000,0,0.0000,0,0,0,418,0
820,1.6447,8.5482,0.0018,0.0000,0,0,0.0000,0,0.0000,0,0,0,418,0
821,1.6658,8.5063,0.0015,0.0000,0,0,0.0000,0,0.0000,0,0,0,432,0
822,1.6692,11.2873,0.0020,0.0000,0,0,0.0000,0,0.0000,0,0,0,418,0
823,1.6227,11.1316,0.0019,0.0000,0,0,0.0000,0,0.0000,0,0,0,418,0
824,3.8659,3.7419,0.0021,0.0000,0,0,0.0000,0,0.0000,0,0,0,380,0
825,1.6612,3.5273,0.0015,0.0000,0,0,0.0000,0,0.0000,0,0,0,380,0
826,1.6679,5.9005,0.0015,0.0000,0,0,0.0000,0,0.0000,0,0,0,418,0
827,1.6084,5.8717,0.0015,0.0000,0,0,0.0000,0,0.0000,0,0,0,418,0
828,1.6447,8.3937,0.0015,0.0000,0,0,0.0000,0,0.0000,0,0,0,418,0
829,1.6658,8.3089,0.0016,0.0000,0,0,0.0000,0,0.0000,0,0,0,423,0
830,1.6692,11.3883,0.0088,0.0000,0,0,0.0000,0,0.0000,0,0,0,418,0
831,1.6227,11.1787,0.0089,0.0000,0,0,0.0000,0,0.0000,0,0,0,418,0
832,3.8659,4.2524,0.0075,0.0000,0,0,0.0000,0,0.0000,0,0,0,380,0
833,1.6612,3.5988,0.0017,0.0000,0,0,0.0000,0,0.0000,0,0,0,380,0
834,1.6679,5.9035,0.0017,0.0000,0,0,0.0000,0,0.0000,0,0,0,418,0
835,1.6084,5.8721,0.0014,0.0000,0,0,0.0000,0,0.0000,0,0,0,418,0
836,1.6447,8.4122,0.0017,0.0000,0,0,0.0000,0,0.0000,0,0,0,423,0
837,1.6658,8.3863,0.0021,0.0000,0,0,0.0000,0,0.0000,0,0,0,423,0
838,1.6692,11.0709,0.0027,0.0000,0,0,0.0000,0,0.0000,0,0,0,418,0
839,1.6227,10.9325,0.0026,0.0000,0,0,0.0000,0,0.0000,0,0,0,418,0
840,3.8659,4.3757,0.0047,0.0000,0,0,0.0000,0,0.0000,0,0,0,380,0
841,1.6612,3.6692,0.0014,0.0000,0,0,0.0000,0,0.0000,0,0,0,380,0
842,1.6679,5.2759,0.0016,0.0000,0,0,0.0000,0,0.0000,0,0,0,418,0
843,1.6084,5.5453,0.0013,0.0000,0,0,0.0000,0,0.0000,0,0,0,418,0
844,1.6447,7.6762,0.0035,0.0000,0,0,0.0000,0,0.0000,0,0,0,423,0
845,1.6658,7.9742,0.0026,0.0000,0,0,0.0000,0,0.0000,0,0,0,424,0
846,1.6692,10.2448,0.0033,0.0000,0,0,0.0000,0,0.0000,0,0,0,418,0
847,1.6227,10.4309,0.0026,0.0000,0,0,0.0000,0,0.0000,0,0,0,418,0
848,3.8659,3.8551,0.0049,0.0000,0,0,0.0000,0,0.0000,0,0,0,380,0
849,1.6612,3.4574,0.0009,0.0000,0,0,0.0000,0,0.0000,0,0,0,380,0
850,1.6679,5.9481,0.0024,0.0000,0,0,0.0000,0,0.0000,0,0,0,418,0
851,1.6084,5.8935,0.0012,0.0000,0,0,0.0000,0,0.0000,0,0,0,418,0
852,1.6447,8.5512,0.0013,0.0000,0,0,0.0000,0,0.0000,0,0,0,418,0
853,1.6658,8.4462,0.0020,0.0000,0,0,0.0000,0,0.0000,0,0,0,425,0
854,1.6692,11.1576,0.0012,0.0000,0,0,0.0000,0,0.0000,0,0,0,418,0
855,1.6227,11.0732,0.0013,0.0000,0,0,0.0000,0,0.0000,0,0,0,418,0
856,3.8659,3.6907,0.0021,0.0000,0,0,0.0000,0,0.0000,0,0,0,380,0
857,1.6612,3.4693,0.0011,0.0000,0,0,0.0000,0,0.0000,0,0,0,380,0
858,1.6679,5.9016,0.0013,0.0000,0,0,0.0000,0,0.0000,0,0,0,418,0
859,1.6084,5.8921,0.0010,0.0000,0,0,0.0000,0,0.0000,0,0,0,418,0
860,1.6447,8.4757,0.0013,0.0000,0,0,0.0000,0,0.0000,0,0,0,418,0
861,1.6658,8.4223,0.0012,0.0000,0,0,0.0000,0,0.0000,0,0,0,418,0
862,1.6692,11.1197,0.0013,0.0000,0,0,0.0000,0,0.0000,0,0,0,418,0
863,1.6227,11.0671,0.0014,0.0000,0,0,0.0000,0,0.0000,0,0,0,418,0
864,3.8659,3.5827,0.0016,0.0000,0,0,0.0000,0,0.0000,0,0,0,380,0
865,1.6612,3.4589,0.0013,0.0000,0,0,0.0000,0,0.0000,0,0,0,380,0
866,1.6679,5.9188,0.0013,0.0000,0,0,0.0000,0,0.0000,0,0,0,418,0
867,1.6084,5.8946,0.0013,0.0000,0,0,0.0000,0,0.0000,0,0,0,423,0
868,1.6447,8.5489,0.0015,0.0000,0,0,0.0000,0,0.0000,0,0,0,425,0
869,1.6658,8.4386,0.0015,0.0000,0,0,0.0000,0,0.0000,0,0,0,423,0
870,1.6692,11.1102,0.0013,0.0000,0,0,0.0000,0,0.0000,0,0,0,418,0
871,1.6227,11.0611,0.0014,0.0000,0,0,0.0000,0,0.0000,0,0,0,418,0
872,3.8659,3.6777,0.0022,0.0000,0,0,0.0000,0,0.0000,0,0,0,380,0
873,1.6612,3.4955,0.0015,0.0000,0,0,0.0000,0,0.0000,0,0,0,380,0
874,1.6679,5.9342,0.0015,0.0000,0,0,0.0000,0,0.0000,0,0,0,418,0
875,1.6084,5.8900,0.0012,0.0000,0,0,0.0000,0,0.0000,0,0,0,418,0
876,1.6447,8.4582,0.0014,0.0000,0,0,0.0000,0,0.0000,0,0,0,418,0
877,1.6658,8.3654,0.0010,0.0000,0,0,0.0000,0,0.0000,0,0,0,418,0
878,1.6692,11.1165,0.0017,0.0000,0,0,0.0000,0,0.0000,0,0,0,418,0
879,1.6227,11.0159,0.0016,0.0000,0,0,0.0000,0,0.0000,0,0,0,418,0
880,3.8659,3.7139,0.0017,0.0000,0,0,0.0000,0,0.0000,0,0,0,380,0
881,1.6612,3.4702,0.0013,0.0000,0,0,0.0000,0,0.0000,0,0,0,380,0
882,1.6679,5.9153,0.0013,0.0000,0,0,0.0000,0,0.0000,0,0,0,418,0
883,1.6084,5.9394,0.0012,0.0000,0,0,0.0000,0,0.0000,0,0,0,418,0
884,1.6447,8.5145,0.0012,0.0000,0,0,0.0000,0,0.0000,0,0,0,418,0
885,1.6658,8.4722,0.0009,0.0000,0,0,0.0000,0,0.0000,0,0,0,418,0
886,1.6692,11.1858,0.0015,0.0000,0,0,0.0000,0,0.0000,0,0,0,418,0
887,1.6227,11.1268,0.0009,0.0000,0,0,0.0000,0,0.0000,0,0,0,418,0
888,3.8659,3.5985,0.0017,0.0000,0,0,0.0000,0,0.0000,0,0,0,380,0
889,1.6612,3.4372,0.0016,0.0000,0,0,0.0000,0,0.0000,0,0,0,380,0
890,1.6679,5.9426,0.0012,0.0000,0,0,0.0000,0,0.0000,0,0,0,418,0
891,1.6084,5.9056,0.0010,0.0000,0,0,0.0000,0,0.0000,0,0,0,418,0
892,1.6447,8.5219,0.0009,0.0000,0,0,0.0000,0,0.0000,0,0,0,418,0
893,1.6658,8.4345,0.0011,0.0000,0,0,0.0000,0,0.0000,0,0,0,418,0
894,1.6692,11.1554,0.0012,0.0000,0,0,0.0000,0,0.0000,0,0,0,418,0
895,1.6227,11.1087,0.0013,0.0000,0,0,0.0000,0,0.0000,0,0,0,418,0
896,3.8659,3.5931,0.0017,0.0000,0,0,0.0000,0,0.0000,0,0,0,380,0
897,1.6612,3.4459,0.0012,0.0000,0,0,0.0000,0,0.0000,0,0,0,380,0
898,1.6679,5.9219,0.0012,0.0000,0,0,0.0000,0,0.0000,0,0,0,418,0
899,1.6084,5.8435,0.0011,0.0000,0,0,0.0000,0,0.0000,0,0,0,418,0
900,1.6447,8.4510,0.0014,0.0000,0,0,0.0000,0,0.0000,0,0,0,418,0
901,1.6658,8.3721,0.0014,0.0000,0,0,0.0000,0,0.0000,0,0,0,418,0
902,1.6692,11.1340,0.0012,0.0000,0,0,0.0000,0,0.0000,0,0,0,418,0
903,1.6227,11.0643,0.0010,0.0000,0,0,0.0000,0,0.0000,0,0,0,418,0
904,3.8659,3.7390,0.0032,0.0000,0,0,0.0000,0,0.0000,0,0,0,380,0
905,1.6612,3.4717,0.0017,0.0000,0,0,0.0000,0,0.0000,0,0,0,380,0
906,1.6679,6.0502,0.0013,0.0000,0,0,0.0000,0,0.0000,0,0,0,418,0
907,1.6084,5.8913,0.0012,0.0000,0,0,0.0000,0,0.0000,0,0,0,418,0
908,1.6447,8.5077,0.0010,0.0000,0,0,0.0000,0,0.0000,0,0,0,418,0
909,1.6658,8.4694,0.0011,0.0000,0,0,0.0000,0,0.0000,0,0,0,418,0
910,1.6692,11.1866,0.0009,0.0000,0,0,0.0000,0,0.0000,0,0,0,418,0
911,1.6227,11.1080,0.0018,0.0000,0,0,0.0000,0,0.0000,0,0,0,418,0
912,3.8659,3.7977,0.0015,0.0000,0,0,0.0000,0,0.0000,0,0,0,380,0
913,1.6612,3.4797,0.0015,0.0000,0,0,0.0000,0,0.0000,0,0,0,380,0
914,1.6679,6.0734,0.0010,0.0000,0,0,0.0000,0,0.0000,0,0,0,418,0
915,1.6084,5.9603,0.0007,0.0000,0,0,0.0000,0,0.0000,0,0,0,418,0
916,1.6447,8.7573,0.0012,0.0000,0,0,0.0000,0,0.0000,0,0,0,418,0
917,1.6658,8.6875,0.0010,0.0000,0,0,0.0000,0,0.0000,0,0,0,418,0
918,1.6692,11.4720,0.0011,0.0000,0,0,0.0000,0,0.0000,0,0,0,418,0
919,1.6227,11.4572,0.0008,0.0000,0,0,0.0000,0,0.0000,0,0,0,418,0
920,3.8659,3.6241,0.0014,0.0000,0,0,0.0000,0,0.0000,0,0,0,380,0
921,1.6612,3.4883,0.0013,0.0000,0,0,0.0000,0,0.0000,0,0,0,380,0
922,1.6679,6.0168,0.0013,0.0000,0,0,0.0000,0,0.0000,0,0,0,418,0
923,1.6084,5.9548,0.0012,0.0000,0,0,0.0000,0,0.0000,0,0,0,418,0
924,1.6447,8.6505,0.0010,0.0000,0,0,0.0000,0,0.0000,0,0,0,418,0
925,1.6658,8.5567,0.0009,0.0000,0,0,0.0000,0,0.0000,0,0,0,424,0
926,1.6692,11.3334,0.0011,0.0000,0,0,0.0000,0,0.0000,0,0,0,418,0
927,1.6227,11.3400,0.0012,0.0000,0,0,0.0000,0,0.0000,0,0,0,418,0
928,3.8659,3.5513,0.0014,0.0000,0,0,0.0000,0,0.0000,0,0,0,380,0
929,1.6612,3.4667,0.0013,0.0000,0,0,0.0000,0,0.0000,0,0,0,380,0
930,1.6679,5.9267,0.0012,0.0000,0,0,0.0000,0,0.0000,0,0,0,418,0
931,1.6084,5.8911,0.0014,0.0000,0,0,0.0000,0,0.0000,0,0,0,418,0
932,1.6447,8.5038,0.0014,0.0000,0,0,0.0000,0,0.0000,0,0,0,418,0
933,1.6658,8.4237,0.0009,0.0000,0,0,0.0000,0,0.0000,0,0,0,423,0
934,1.6692,11.1423,0.0011,0.0000,0,0,0.0000,0,0.0000,0,0,0,418,0
935,1.6227,11.0826,0.0013,0.0000,0,0,0.0000,0,0.0000,0,0,0,418,0
936,3.8659,3.5815,0.0013,0.0000,0,0,0.0000,0,0.0000,0,0,0,380,0
937,1.6612,3.5227,0.0013,0.0000,0,0,0.0000,0,0.0000,0,0,0,380,0
938,1.6679,5.9278,0.0012,0.0000,0,0,0.0000,0,0.0000,0,0,0,418,0
939,1.6084,5.9547,0.0011,0.0000,0,0,0.0000,0,0.0000,0,0,0,418,0
940,1.6447,8.4959,0.0010,0.0000,0,0,0.0000,0,0.0000,0,0,0,418,0
941,1.6658,8.4848,0.0011,0.0000,0,0,0.0000,0,0.0000,0,0,0,418,0
942,1.6692,11.1353,0.0014,0.0000,0,0,0.0000,0,0.0000,0,0,0,418,0
943,1.6227,11.0917,0.0019,0.0000,0,0,0.0000,0,0.0000,0,0,0,418,0
944,3.8659,3.6093,0.0018,0.0000,0,0,0.0000,0,0.0000,0,0,0,380,0
945,1.6612,3.5077,0.0016,0.0000,0,0,0.0000,0,0.0000,0,0,0,380,0
946,1.6679,5.8745,0.0015,0.0000,0,0,0.0000,0,0.0000,0,0,0,418,0
947,1.6084,5.8620,0.0015,0.0000,0,0,0.0000,0,0.0000,0,0,0,418,0
948,1.6447,8.3648,0.0016,0.0000,0,0,0.0000,0,0.0000,0,0,0,418,0
949,1.6658,8.3197,0.0014,0.0000,0,0,0.0000,0,0.0000,0,0,0,418,0
950,1.6692,10.8932,0.0013,0.0000,0,0,0.0000,0,0.0000,0,0,0,418,0
951,1.6227,10.8170,0.0012,0.0000,0,0,0.0000,0,0.0000,0,0,0,418,0
952,3.8659,3.8058,0.0025,0.0000,0,0,0.0000,0,0.0000,0,0,0,380,0
953,1.6612,3.4620,0.0013,0.0000,0,0,0.0000,0,0.0000,0,0,0,380,0
954,1.6679,6.2517,0.0032,0.0000,0,0,0.0000,0,0.0000,0,0,0,418,0
955,1.6084,6.0904,0.0018,0.0000,0,0,0.0000,0,0.0000,0,0,0,422,0
956,1.6447,8.6867,0.0025,0.0000,0,0,0.0000,0,0.0000,0,0,0,429,0
957,1.6658,8.5425,0.0021,0.0000,0,0,0.0000,0,0.0000,0,0,0,418,0
958,1.6692,11.2713,0.0016,0.0000,0,0,0.0000,0,0.0000,0,0,0,418,0
959,1.6227,11.1590,0.0017,0.0000,0,0,0.0000,0,0.0000,0,0,0,418,0
960,3.8659,3.6576,0.0032,0.0000,0,0,0.0000,0,0.0000,0,0,0,380,0
961,1.6612,3.4447,0.0010,0.0000,0,0,0.0000,0,0.0000,0,0,0,380,0
962,1.6679,5.8525,0.0014,0.0000,0,0,0.0000,0,0.0000,0,0,0,418,0
963,1.6084,5.8486,0.0042,0.0000,0,0,0.0000,0,0.0000,0,0,0,418,0
964,1.6447,8.2988,0.0035,0.0000,0,0,0.0000,0,0.0000,0,0,0,418,0
965,1.6658,8.1467,0.0012,0.0000,0,0,0.0000,0,0.0000,0,0,0,418,0
966,1.6692,10.7985,0.0017,0.0000,0,0,0.0000,0,0.0000,0,0,0,418,0
967,1.6227,10.6781,0.0025,0.0000,0,0,0.0000,0,0.0000,0,0,0,418,0
968,3.8659,3.7601,0.0043,0.0000,0,0,0.0000,0,0.0000,0,0,0,380,0
969,1.6612,3.4037,0.0011,0.0000,0,0,0.0000,0,0.0000,0,0,0,380,0
970,1.6679,6.0594,0.0012,0.0000,0,0,0.0000,0,0.0000,0,0,0,418,0
971,1.6084,5.9672,0.0006,0.0000,0,0,0.0000,0,0.0000,0,0,0,418,0
972,1.6447,8.6788,0.0009,0.0000,0,0,0.0000,0,0.0000,0,0,0,418,0
973,1.6658,8.6062,0.0012,0.0000,0,0,0.0000,0,0.0000,0,0,0,418,0
974,1.6692,11.4404,0.0008,0.0000,0,0,0.0000,0,0.0000,0,0,0,418,0
975,1.6227,11.2607,0.0008,0.0000,0,0,0.0000,0,0.0000,0,0,0,418,0
976,3.8659,3.7171,0.0028,0.0000,0,0,0.0000,0,0.0000,0,0,0,380,0
977,1.6612,3.5407,0.0007,0.0000,0,0,0.0000,0,0.0000,0,0,0,380,0
978,1.6679,6.1364,0.0013,0.0000,0,0,0.0000,0,0.0000,0,0,0,418,0
979,1.6084,6.1060,0.0008,0.0000,0,0,0.0000,0,0.0000,0,0,0,418,0
980,1.6447,8.8665,0.0011,0.0000,0,0,0.0000,0,0.0000,0,0,0,418,0
981,1.6658,8.8451,0.0006,0.0000,0,0,0.0000,0,0.0000,0,0,0,418,0
982,1.6692,11.6808,0.0011,0.0000,0,0,0.0000,0,0.0000,0,0,0,418,0
983,1.6227,11.6295,0.0007,0.0000,0,0,0.0000,0,0.0000,0,0,0,418,0
984,3.8659,3.7692,0.0020,0.0000,0,0,0.0000,0,0.0000,0,0,0,380,0
985,1.6612,3.5250,0.0005,0.0000,0,0,0.0000,0,0.0000,0,0,0,380,0
986,1.6679,6.3958,0.0064,0.0000,0,0,0.0000,0,0.0000,0,0,0,418,0
987,1.6084,6.2918,0.0065,0.0000,0,0,0.0000,0,0.0000,0,0,0,418,0
988,1.6447,9.0220,0.0017,0.0000,0,0,0.0000,0,0.0000,0,0,0,418,0
989,1.6658,8.9758,0.0017,0.0000,0,0,0.0000,0,0.0000,0,0,0,418,0
990,1.6692,11.9402,0.0021,0.0000,0,0,0.0000,0,0.0000,0,0,0,418,0
991,1.6227,12.0270,0.0017,0.0000,0,0,0.0000,0,0.0000,0,0,0,418,0
992,3.8659,4.4469,0.0073,0.0000,0,0,0.0000,0,0.0000,0,0,0,380,0
993,1.6612,3.8022,0.0015,0.0000,0,0,0.0000,0,0.0000,0,0,0,380,0
994,1.6679,5.8981,0.0017,0.0000,0,0,0.0000,0,0.0000,0,0,0,418,0
995,1.6084,5.6950,0.0017,0.0000,0,0,0.0000,0,0.0000,0,0,0,418,0
996,1.6447,7.8695,0.0028,0.0000,0,0,0.0000,0,0.0000,0,0,0,418,0
997,1.6658,7.6147,0.0020,0.0000,0,0,0.0000,0,0.0000,0,0,0,418,0
998,1.6692,9.7999,0.0021,0.0000,0,0,0.0000,0,0.0000,0,0,0,418,0
999,1.6227,9.9160,0.0029,0.0000,0,0,0.0000,0,0.0000,0,0,0,418,0
1000,3.8659,3.9286,0.0035,0.0000,0,0,0.0000,0,0.0000,0,0,0,380,0
1001,1.6612,3.6926,0.0016,0.0000,0,0,0.0000,0,0.0000,0,0,0,380,0
1002,1.6679,5.6738,0.0017,0.0000,0,0,0.0000,0,0.0000,0,0,0,418,0
1003,1.6084,5.7538,0.0019,0.0000,0,0,0.0000,0,0.0000,0,0,0,418,0
1004,1.6447,7.8786,0.0020,0.0000,0,0,0.0000,0,0.0000,0,0,0,418,0
1005,1.6658,7.9543,0.0018,0.0000,0,0,0.0000,0,0.0000,0,0,0,418,0
1006,1.6692,10.0614,0.0028,0.0000,0,0,0.0000,0,0.0000,0,0,0,418,0
1007,1.6227,10.0365,0.0028,0.0000,0,0,0.0000,0,0.0000,0,0,0,418,0
1008,3.8659,4.0200,0.0047,0.0000,0,0,0.0000,0,0.0000,0,0,0,380,0
1009,1.6612,3.6154,0.0016,0.0000,0,0,0.0000,0,0.0000,0,0,0,380,0
1010,1.6679,5.5433,0.0014,0.0000,0,0,0.0000,0,0.0000,0,0,0,418,0
1011,1.6084,5.5906,0.0017,0.0000,0,0,0.0000,0,0.0000,0,0,0,418,0
1012,1.6447,8.2011,0.0023,0.0000,0,0,0.0000,0,0.0000,0,0,0,423,0
1013,1.6658,8.0806,0.0014,0.0000,0,0,0.0000,0,0.0000,0,0,0,418,0
1014,1.6692,10.2407,0.0025,0.0000,0,0,0.0000,0,0.0000,0,0,0,418,0
1015,1.6227,10.1203,0.0014,0.0000,0,0,0.0000,0,0.0000,0,0,0,418,0
1016,3.8659,3.8341,0.0029,0.0000,0,0,0.0000,0,0.0000,0,0,0,380,0
1017,1.6612,3.4358,0.0008,0.0000,0,0,0.0000,0,0.0000,0,0,0,380,0
1018,1.6679,5.5156,0.0010,0.0000,0,0,0.0000,0,0.0000,0,0,0,418,0
1019,1.6084,5.6328,0.0009,0.0000,0,0,0.0000,0,0.0000,0,0,0,418,0
1020,1.6447,7.9997,0.0010,0.0000,0,0,0.0000,0,0.0000,0,0,0,422,0
1021,1.6658,8.1525,0.0014,0.0000,0,0,0.0000,0,0.0000,0,0,0,418,0
1022,1.6692,10.6623,0.0013,0.0000,0,0,0.0000,0,0.0000,0,0,0,418,0
1023,1.6227,10.7515,0.0011,0.0000,0,0,0.0000,0,0.0000,0,0,0,418,0
1024,3.8659,3.5544,0.0011,0.0000,0,0,0.0000,0,0.0000,0,0,0,380,0
1025,1.6612,3.4151,0.0006,0.0000,0,0,0.0000,0,0.0000,0,0,0,380,0
1026,1.6679,5.9289,0.0014,0.0000,0,0,0.0000,0,0.0000,0,0,0,418,0
1027,1.6084,5.8969,0.0012,0.0000,0,0,0.0000,0,0.0000,0,0,0,418,0
1028,1.6447,8.4743,0.0013,0.0000,0,0,0.0000,0,0.0000,0,0,0,418,0
1029,1.6658,8.4286,0.0014,0.0000,0,0,0.0000,0,0.0000,0,0,0,418,0
1030,1.6692,11.0435,0.0012,0.0000,0,0,0.0000,0,0.0000,0,0,0,418,0
1031,1.6227,11.0350,0.0014,0.0000,0,0,0.0000,0,0.0000,0,0,0,418,0
1032,3.8659,3.6326,0.0030,0.0000,0,0,0.0000,0,0.0000,0,0,0,380,0
1033,1.6612,3.5100,0.0014,0.0000,0,0,0.0000,0,0.0000,0,0,0,380,0
1034,1.6679,5.8780,0.0012,0.0000,0,0,0.0000,0,0.0000,0,0,0,418,0
1035,1.6084,5.9001,0.0013,0.0000,0,0,0.0000,0,0.0000,0,0,0,418,0
1036,1.6447,8.4070,0.0012,0.0000,0,0,0.0000,0,0.0000,0,0,0,418,0
1037,1.6658,8.4504,0.0012,0.0000,0,0,0.0000,0,0.0000,0,0,0,418,0
1038,1.6692,11.1064,0.0011,0.0000,0,0,0.0000,0,0.0000,0,0,0,418,0
1039,1.6227,11.1004,0.0009,0.0000,0,0,0.0000,0,0.0000,0,0,0,418,0
1040,3.8659,3.6539,0.0014,0.0000,0,0,0.0000,0,0.0000,0,0,0,380,0
1041,1.6612,3.4258,0.0008,0.0000,0,0,0.0000,0,0.0000,0,0,0,380,0
1042,1.6679,5.9873,0.0013,0.0000,0,0,0.0000,0,0.0000,0,0,0,418,0
1043,1.6084,5.9261,0.0011,0.0000,0,0,0.0000,0,0.0000,0,0,0,418,0
1044,1.6447,8.6080,0.0010,0.0000,0,0,0.0000,0,0.0000,0,0,0,424,0
1045,1.6658,8.5687,0.0011,0.0000,0,0,0.0000,0,0.0000,0,0,0,418,0
1046,1.6692,11.3022,0.0012,0.0000,0,0,0.0000,0,0.0000,0,0,0,418,0
1047,1.6227,11.2617,0.0013,0.0000,0,0,0.0000,0,0.0000,0,0,0,418,0
1048,3.8659,3.5678,0.0019,0.0000,0,0,0.0000,0,0.0000,0,0,0,380,0
1049,1.6612,3.4789,0.0013,0.0000,0,0,0.0000,0,0.0000,0,0,0,380,0
1050,1.6679,5.9950,0.0013,0.0000,0,0,0.0000,0,0.0000,0,0,0,418,0
1051,1.6084,5.9200,0.0014,0.0000,0,0,0.0000,0,0.0000,0,0,0,418,0
1052,1.6447,8.4721,0.0013,0.0000,0,0,0.0000,0,0.0000,0,0,0,418,0
1053,1.6658,8.4659,0.0013,0.0000,0,0,0.0000,0,0.0000,0,0,0,418,0
1054,1.6692,11.1204,0.0187,0.0000,0,0,0.0000,0,0.0000,0,0,0,418,0
1055,1.6227,11.0409,0.0015,0.0000,0,0,0.0000,0,0.0000,0,0,0,418,0
1056,3.8659,3.7128,0.0015,0.0000,0,0,0.0000,0,0.0000,0,0,0,380,0
1057,1.6612,3.4824,0.0008,0.0000,0,0,0.0000,0,0.0000,0,0,0,380,0
1058,1.6679,6.0799,0.0015,0.0000,0,0,0.0000,0,0.0000,0,0,0,418,0
1059,1.6084,6.0047,0.0011,0.0000,0,0,0.0000,0,0.0000,0,0,0,418,0
1060,1.6447,8.6013,0.0011,0.0000,0,0,0.0000,0,0.0000,0,0,0,418,0
1061,1.6658,8.5365,0.0014,0.0000,0,0,0.0000,0,0.0000,0,0,0,418,0
1062,1.6692,11.2152,0.0015,0.0000,0,0,0.0000,0,0.0000,0,0,0,418,0
1063,1.6227,11.1800,0.0018,0.0000,0,0,0.0000,0,0.0000,0,0,0,418,0
1064,3.8659,3.6643,0.0018,0.0000,0,0,0.0000,0,0.0000,0,0,0,380,0
1065,1.6612,3.5140,0.0015,0.0000,0,0,0.0000,0,0.0000,0,0,0,380,0
1066,1.6679,5.8697,0.0015,0.0000,0,0,0.0000,0,0.0000,0,0,0,418,0
1067,1.6084,5.8819,0.0014,0.0000,0,0,0.0000,0,0.0000,0,0,0,418,0
1068,1.6447,8.3789,0.0015,0.0000,0,0,0.0000,0,0.0000,0,0,0,418,0
1069,1.6658,8.5971,0.0059,0.0000,0,0,0.0000,0,0.0000,0,0,0,418,0
1070,1.6692,11.0897,0.0025,0.0000,0,0,0.0000,0,0.0000,0,0,0,418,0
1071,1.6227,10.9396,0.0013,0.0000,0,0,0.0000,0,0.0000,0,0,0,418,0
1072,3.8659,4.0228,0.0058,0.0000,0,0,0.0000,0,0.0000,0,0,0,380,0
1073,1.6612,3.5497,0.0012,0.0000,0,0,0.0000,0,0.0000,0,0,0,380,0
1074,1.6679,5.7021,0.0034,0.0000,0,0,0.0000,0,0.0000,0,0,0,418,0
1075,1.6084,5.6322,0.0019,0.0000,0,0,0.0000,0,0.0000,0,0,0,418,0
1076,1.6447,7.6820,0.0021,0.0000,0,0,0.0000,0,0.0000,0,0,0,418,0
1077,1.6658,7.5098,0.0020,0.0000,0,0,0.0000,0,0.0000,0,0,0,418,0
1078,1.6692,9.7812,0.0020,0.0000,0,0,0.0000,0,0.0000,0,0,0,418,0
1079,1.6227,9.7683,0.0018,0.0000,0,0,0.0000,0,0.0000,0,0,0,418,0
1080,3.8659,4.0410,0.0045,0.0000,0,0,0.0000,0,0.0000,0,0,0,380,0
1081,1.6612,3.6217,0.0017,0.0000,0,0,0.0000,0,0.0000,0,0,0,380,0
1082,1.6679,5.6139,0.0023,0.0000,0,0,0.0000,0,0.0000,0,0,0,418,0
1083,1.6084,5.2424,0.0016,0.0000,0,0,0.0000,0,0.0000,0,0,0,418,0
1084,1.6447,7.5392,0.0026,0.0000,0,0,0.0000,0,0.0000,0,0,0,418,0
1085,1.6658,7.5290,0.0014,0.0000,0,0,0.0000,0,0.0000,0,0,0,418,0
1086,1.6692,10.0098,0.0037,0.0000,0,0,0.0000,0,0.0000,0,0,0,418,0
1087,1.6227,9.9590,0.0012,0.0000,0,0,0.0000,0,0.0000,0,0,0,418,0
1088,3.8659,3.7199,0.0045,0.0000,0,0,0.0000,0,0.0000,0,0,0,380,0
1089,1.6612,3.4951,0.0017,0.0000,0,0,0.0000,0,0.0000,0,0,0,380,0
1090,1.6679,5.9381,0.0015,0.0000,0,0,0.0000,0,0.0000,0,0,0,418,0
1091,1.6084,5.8733,0.0013,0.0000,0,0,0.0000,0,0.0000,0,0,0,418,0
1092,1.6447,8.4200,0.0010,0.0000,0,0,0.0000,0,0.0000,0,0,0,418,0
1093,1.6658,8.4450,0.0014,0.0000,0,0,0.0000,0,0.0000,0,0,0,418,0
1094,1.6692,11.1172,0.0011,0.0000,0,0,0.0000,0,0.0000,0,0,0,418,0
1095,1.6227,11.0721,0.0011,0.0000,0,0,0.0000,0,0.0000,0,0,0,418,0
1096,3.8659,3.7880,0.0020,0.0000,0,0,0.0000,0,0.0000,0,0,0,380,0
1097,1.6612,3.5417,0.0013,0.0000,0,0,0.0000,0,0.0000,0,0,0,380,0
1098,1.6679,6.1737,0.0015,0.0000,0,0,0.0000,0,0.0000,0,0,0,418,0
1099,1.6084,6.0468,0.0009,0.0000,0,0,0.0000,0,0.0000,0,0,0,418,0
1100,1.6447,8.6705,0.0008,0.0000,0,0,0.0000,0,0.0000,0,0,0,418,0
1101,1.6658,8.6385,0.0007,0.0000,0,0,0.0000,0,0.0000,0,0,0,418,0
1102,1.6692,11.4478,0.0010,0.0000,0,0,0.0000,0,0.0000,0,0,0,418,0
1103,1.6227,11.4108,0.0006,0.0000,0,0,0.0000,0,0.0000,0,0,0,418,0
1104,3.8659,3.7692,0.0021,0.0000,0,0,0.0000,0,0.0000,0,0,0,380,0
1105,1.6612,3.4470,0.0009,0.0000,0,0,0.0000,0,0.0000,0,0,0,380,0
1106,1.6679,6.0337,0.0009,0.0000,0,0,0.0000,0,0.0000,0,0,0,418,0
1107,1.6084,6.0010,0.0007,0.0000,0,0,0.0000,0,0.0000,0,0,0,418,0
1108,1.6447,8.7098,0.0009,0.0000,0,0,0.0000,0,0.0000,0,0,0,418,0
1109,1.6658,8.6275,0.0005,0.0000,0,0,0.0000,0,0.0000,0,0,0,418,0
1110,1.6692,11.5013,0.0008,0.0000,0,0,0.0000,0,0.0000,0,0,0,418,0
1111,1.6227,11.5100,0.0007,0.0000,0,0,0.0000,0,0.0000,0,0,0,418,0
1112,3.8659,3.5723,0.0013,0.0000,0,0,0.0000,0,0.0000,0,0,0,380,0
1113,1.6612,3.4214,0.0012,0.0000,0,0,0.0000,0,0.0000,0,0,0,380,0
1114,1.6679,5.9719,0.0012,0.0000,0,0,0.0000,0,0.0000,0,0,0,418,0
1115,1.6084,5.9351,0.0010,0.0000,0,0,0.0000,0,0.0000,0,0,0,418,0
1116,1.6447,8.6407,0.0010,0.0000,0,0,0.0000,0,0.0000,0,0,0,418,0
1117,1.6658,8.5444,0.0007,0.0000,0,0,0.0000,0,0.0000,0,0,0,418,0
1118,1.6692,11.3691,0.0009,0.0000,0,0,0.0000,0,0.0000,0,0,0,418,0
1119,1.6227,11.3477,0.0009,0.0000,0,0,0.0000,0,0.0000,0,0,0,418,0
1120,3.8659,3.7070,0.0019,0.0000,0,0,0.0000,0,0.0000,0,0,0,380,0
1121,1.6612,3.5311,0.0007,0.0000,0,0,0.0000,0,0.0000,0,0,0,380,0
1122,1.6679,6.0019,0.0010,0.0000,0,0,0.0000,0,0.0000,0,0,0,418,0
1123,1.6084,5.9869,0.0009,0.0000,0,0,0.0000,0,0.0000,0,0,0,418,0
1124,1.6447,8.6844,0.0011,0.0000,0,0,0.0000,0,0.0000,0,0,0,418,0
1125,1.6658,8.6003,0.0008,0.0000,0,0,0.0000,0,0.0000,0,0,0,418,0
1126,1.6692,11.4404,0.0010,0.0000,0,0,0.0000,0,0.0000,0,0,0,418,0
1127,1.6227,11.4217,0.0013,0.0000,0,0,0.0000,0,0.0000,0,0,0,418,0
1128,3.8659,3.5485,0.0019,0.0000,0,0,0.0000,0,0.0000,0,0,0,380,0
1129,1.6612,3.4567,0.0011,0.0000,0,0,0.0000,0,0.0000,0,0,0,380,0
1130,1.6679,5.9523,0.0009,0.0000,0,0,0.0000,0,0.0000,0,0,0,418,0
1131,1.6084,5.9380,0.0010,0.0000,0,0,0.0000,0,0.0000,0,0,0,418,0
1132,1.6447,8.5816,0.0012,0.0000,0,0,0.0000,0,0.0000,0,0,0,418,0
1133,1.6658,8.5186,0.0013,0.0000,0,0,0.0000,0,0.0000,0,0,0,418,0
1134,1.6692,11.2566,0.0010,0.0000,0,0,0.0000,0,0.0000,0,0,0,418,0
1135,1.6227,11.2403,0.0008,0.0000,0,0,0.0000,0,0.0000,0,0,0,418,0
1136,3.8659,3.6361,0.0013,0.0000,0,0,0.0000,0,0.0000,0,0,0,380,0
1137,1.6612,3.4636,0.0008,0.0000,0,0,0.0000,0,0.0000,0,0,0,380,0
1138,1.6679,6.0332,0.0009,0.0000,0,0,0.0000,0,0.0000,0,0,0,418,0
1139,1.6084,6.0305,0.0008,0.0000,0,0,0.0000,0,0.0000,0,0,0,418,0
1140,1.6447,8.6974,0.0008,0.0000,0,0,0.0000,0,0.0000,0,0,0,418,0
1141,1.6658,8.6979,0.0007,0.0000,0,0,0.0000,0,0.0000,0,0,0,418,0
1142,1.6692,11.4893,0.0008,0.0000,0,0,0.0000,0,0.0000,0,0,0,418,0
1143,1.6227,11.4936,0.0008,0.0000,0,0,0.0000,0,0.0000,0,0,0,418,0
1144,3.8659,3.5394,0.0012,0.0000,0,0,0.0000,0,0.0000,0,0,0,380,0
1145,1.6612,3.4933,0.0009,0.0000,0,0,0.0000,0,0.0000,0,0,0,380,0
1146,1.6679,6.0834,0.0014,0.0000,0,0,0.0000,0,0.0000,0,0,0,418,0
1147,1.6084,5.9762,0.0007,0.0000,0,0,0.0000,0,0.0000,0,0,0,418,0
1148,1.6447,8.6430,0.0016,0.0000,0,0,0.0000,0,0.0000,0,0,0,418,0
1149,1.6658,8.5682,0.0012,0.0000,0,0,0.0000,0,0.0000,0,0,0,418,0
1150,1.6692,11.2383,0.0009,0.0000,0,0,0.0000,0,0.0000,0,0,0,418,0
1151,1.6227,11.1680,0.0008,0.0000,0,0,0.0000,0,0.0000,0,0,0,418,0
1152,3.8659,3.7273,0.0026,0.0000,0,0,0.0000,0,0.0000,0,0,0,380,0
1153,1.6612,3.4420,0.0009,0.0000,0,0,0.0000,0,0.0000,0,0,0,380,0
1154,1.6679,5.9084,0.0014,0.0000,0,0,0.0000,0,0.0000,0,0,0,418,0
1155,1.6084,5.8894,0.0013,0.0000,0,0,0.0000,0,0.0000,0,0,0,418,0
1156,1.6447,8.5575,0.0028,0.0000,0,0,0.0000,0,0.0000,0,0,0,418,0
1157,1.6658,8.4763,0.0015,0.0000,0,0,0.0000,0,0.0000,0,0,0,418,0
1158,1.6692,11.0523,0.0015,0.0000,0,0,0.0000,0,0.0000,0,0,0,418,0
1159,1.6227,10.9471,0.0018,0.0000,0,0,0.0000,0,0.0000,0,0,0,418,0
1160,3.8659,3.8395,0.0026,0.0000,0,0,0.0000,0,0.0000,0,0,0,380,0
1161,1.6612,3.6338,0.0010,0.0000,0,0,0.0000,0,0.0000,0,0,0,380,0
1162,1.6679,5.9759,0.0023,0.0000,0,0,0.0000,0,0.0000,0,0,0,418,0
1163,1.6084,5.9610,0.0008,0.0000,0,0,0.0000,0,0.0000,0,0,0,418,0
1164,1.6447,8.7073,0.0013,0.0000,0,0,0.0000,0,0.0000,0,0,0,418,0
1165,1.6658,8.6332,0.0011,0.0000,0,0,0.0000,0,0.0000,0,0,0,418,0
1166,1.6692,11.4011,0.0014,0.0000,0,0,0.0000,0,0.0000,0,0,0,418,0
1167,1.6227,11.3920,0.0009,0.0000,0,0,0.0000,0,0.0000,0,0,0,418,0
1168,3.8659,3.5597,0.0014,0.0000,0,0,0.0000,0,0.0000,0,0,0,380,0
1169,1.6612,3.4630,0.0015,0.0000,0,0,0.0000,0,0.0000,0,0,0,380,0
1170,1.6679,6.0675,0.0018,0.0000,0,0,0.0000,0,0.0000,0,0,0,418,0
1171,1.6084,6.0465,0.0010,0.0000,0,0,0.0000,0,0.0000,0,0,0,418,0
1172,1.6447,8.9126,0.0010,0.0000,0,0,0.0000,0,0.0000,0,0,0,418,0
1173,1.6658,8.8260,0.0007,0.0000,0,0,0.0000,0,0.0000,0,0,0,418,0
1174,1.6692,11.6675,0.0009,0.0000,0,0,0.0000,0,0.0000,0,0,0,418,0
1175,1.6227,11.7174,0.0009,0.0000,0,0,0.0000,0,0.0000,0,0,0,418,0
1176,3.8659,3.8373,0.0015,0.0000,0,0,0.0000,0,0.0000,0,0,0,380,0
1177,1.6612,3.5730,0.0010,0.0000,0,0,0.0000,0,0.0000,0,0,0,380,0
1178,1.6679,6.0635,0.0011,0.0000,0,0,0.0000,0,0.0000,0,0,0,418,0
1179,1.6084,6.1393,0.0010,0.0000,0,0,0.0000,0,0.0000,0,0,0,418,0
1180,1.6447,8.7605,0.0008,0.0000,0,0,0.0000,0,0.0000,0,0,0,418,0
1181,1.6658,8.7838,0.0008,0.0000,0,0,0.0000,0,0.0000,0,0,0,418,0
1182,1.6692,11.5375,0.0010,0.0000,0,0,0.0000,0,0.0000,0,0,0,418,0
1183,1.6227,11.5298,0.0008,0.0000,0,0,0.0000,0,0.0000,0,0,0,418,0
1184,3.8659,3.6327,0.0015,0.0000,0,0,0.0000,0,0.0000,0,0,0,380,0
1185,1.6612,3.5501,0.0013,0.0000,0,0,0.0000,0,0.0000,0,0,0,380,0
1186,1.6679,6.2693,0.0008,0.0000,0,0,0.0000,0,0.0000,0,0,0,418,0
1187,1.6084,6.2478,0.0013,0.0000,0,0,0.0000,0,0.0000,0,0,0,418,0
1188,1.6447,8.9985,0.0008,0.0000,0,0,0.0000,0,0.0000,0,0,0,418,0
1189,1.6658,8.9145,0.0005,0.0000,0,0,0.0000,0,0.0000,0,0,0,418,0
1190,1.6692,11.7592,0.0009,0.0000,0,0,0.0000,0,0.0000,0,0,0,418,0
1191,1.6227,11.8000,0.0008,0.0000,0,0,0.0000,0,0.0000,0,0,0,418,0
1192,3.8659,3.5957,0.0010,0.0000,0,0,0.0000,0,0.0000,0,0,0,380,0
1193,1.6612,3.5482,0.0008,0.0000,0,0,0.0000,0,0.0000,0,0,0,380,0
1194,1.6679,6.0920,0.0013,0.0000,0,0,0.0000,0,0.0000,0,0,0,418,0
1195,1.6084,6.1090,0.0011,0.0000,0,0,0.0000,0,0.0000,0,0,0,418,0
1196,1.6447,8.6822,0.0013,0.0000,0,0,0.0000,0,0.0000,0,0,0,418,0
1197,1.6658,8.6877,0.0013,0.0000,0,0,0.0000,0,0.0000,0,0,0,418,0
1198,1.6692,11.4335,0.0012,0.0000,0,0,0.0000,0,0.0000,0,0,0,418,0
1199,1.6227,11.4448,0.0012,0.0000,0,0,0.0000,0,0.0000,0,0,0,418,0
1200,3.8659,3.5154,0.0010,0.0000,0,0,0.0000,0,0.0000,0,0,0,380,0
1201,1.6612,3.4288,0.0008,0.0000,0,0,0.0000,0,0.0000,0,0,0,380,0
1202,1.6679,5.9241,0.0013,0.0000,0,0,0.0000,0,0.0000,0,0,0,418,0
1203,1.6084,5.9082,0.0013,0.0000,0,0,0.0000,0,0.0000,0,0,0,418,0
1204,1.6447,8.4395,0.0013,0.0000,0,0,0.0000,0,0.0000,0,0,0,418,0
1205,1.6658,8.3945,0.0010,0.0000,0,0,0.0000,0,0.0000,0,0,0,418,0
1206,1.6692,11.0018,0.0008,0.0000,0,0,0.0000,0,0.0000,0,0,0,418,0
1207,1.6227,10.9132,0.0006,0.0000,0,0,0.0000,0,0.0000,0,0,0,418,0
1208,3.8659,3.6300,0.0020,0.0000,0,0,0.0000,0,0.0000,0,0,0,380,0
1209,1.6612,3.5112,0.0015,0.0000,0,0,0.0000,0,0.0000,0,0,0,380,0
1210,1.6679,5.8694,0.0015,0.0000,0,0,0.0000,0,0.0000,0,0,0,418,0
1211,1.6084,5.8806,0.0025,0.0000,0,0,0.0000,0,0.0000,0,0,0,418,0
1212,1.6447,8.5188,0.0055,0.0000,0,0,0.0000,0,0.0000,0,0,0,418,0
1213,1.6658,8.4174,0.0012,0.0000,0,0,0.0000,0,0.0000,0,0,0,418,0
1214,1.6692,11.0052,0.0027,0.0000,0,0,0.0000,0,0.0000,0,0,0,418,0
1215,1.6227,10.8734,0.0012,0.0000,0,0,0.0000,0,0.0000,0,0,0,418,0
1216,3.8659,4.0941,0.0050,0.0000,0,0,0.0000,0,0.0000,0,0,0,380,0
1217,1.6612,3.5322,0.0014,0.0000,0,0,0.0000,0,0.0000,0,0,0,380,0
1218,1.6679,5.7199,0.0043,0.0000,0,0,0.0000,0,0.0000,0,0,0,418,0
1219,1.6084,5.5969,0.0020,0.0000,0,0,0.0000,0,0.0000,0,0,0,418,0
1220,1.6447,7.7235,0.0022,0.0000,0,0,0.0000,0,0.0000,0,0,0,418,0
1221,1.6658,7.7577,0.0021,0.0000,0,0,0.0000,0,0.0000,0,0,0,418,0
1222,1.6692,10.3792,0.0041,0.0000,0,0,0.0000,0,0.0000,0,0,0,418,0
1223,1.6227,10.2707,0.0024,0.0000,0,0,0.0000,0,0.0000,0,0,0,418,0
1224,3.8659,3.6370,0.0372,0.0000,0,0,0.0000,0,0.0000,0,0,0,380,0
1225,1.6612,3.4901,0.0026,0.0000,0,0,0.0000,0,0.0000,0,0,0,380,0
1226,1.6679,5.8793,0.0015,0.0000,0,0,0.0000,0,0.0000,0,0,0,418,0
1227,1.6084,5.8762,0.0012,0.0000,0,0,0.0000,0,0.0000,0,0,0,418,0
1228,1.6447,8.3250,0.0013,0.0000,0,0,0.0000,0,0.0000,0,0,0,418,0
1229,1.6658,8.2500,0.0012,0.0000,0,0,0.0000,0,0.0000,0,0,0,418,0
1230,1.6692,10.8488,0.0010,0.0000,0,0,0.0000,0,0.0000,0,0,0,418,0
1231,1.6227,10.7339,0.0009,0.0000,0,0,0.0000,0,0.0000,0,0,0,418,0
1232,3.8659,3.6708,0.0015,0.0000,0,0,0.0000,0,0.0000,0,0,0,380,0
1233,1.6612,3.4531,0.0015,0.0000,0,0,0.0000,0,0.0000,0,0,0,380,0
1234,1.6679,5.9309,0.0012,0.0000,0,0,0.0000,0,0.0000,0,0,0,418,0
1235,1.6084,5.9295,0.0010,0.0000,0,0,0.0000,0,0.0000,0,0,0,418,0
1236,1.6447,8.5318,0.0010,0.0000,0,0,0.0000,0,0.0000,0,0,0,418,0
1237,1.6658,8.5098,0.0010,0.0000,0,0,0.0000,0,0.0000,0,0,0,418,0
1238,1.6692,11.1909,0.0010,0.0000,0,0,0.0000,0,0.0000,0,0,0,418,0
1239,1.6227,11.1556,0.0013,0.0000,0,0,0.0000,0,0.0000,0,0,0,418,0
1240,3.8659,3.5854,0.0014,0.0000,0,0,0.0000,0,0.0000,0,0,0,380,0
1241,1.6612,3.4690,0.0013,0.0000,0,0,0.0000,0,0.0000,0,0,0,380,0
1242,1.6679,5.9206,0.0012,0.0000,0,0,0.0000,0,0.0000,0,0,0,418,0
1243,1.6084,5.8881,0.0013,0.0000,0,0,0.0000,0,0.0000,0,0,0,418,0
1244,1.6447,8.5130,0.0012,0.0000,0,0,0.0000,0,0.0000,0,0,0,418,0
1245,1.6658,8.4422,0.0014,0.0000,0,0,0.0000,0,0.0000,0,0,0,418,0
1246,1.6692,11.1193,0.0013,0.0000,0,0,0.0000,0,0.0000,0,0,0,418,0
1247,1.6227,11.0782,0.0014,0.0000,0,0,0.0000,0,0.0000,0,0,0,418,0
1248,3.8659,3.6073,0.0016,0.0000,0,0,0.0000,0,0.0000,0,0,0,380,0
1249,1.6612,3.4572,0.0016,0.0000,0,0,0.0000,0,0.0000,0,0,0,380,0
1250,1.6679,5.9428,0.0012,0.0000,0,0,0.0000,0,0.0000,0,0,0,418,0
1251,1.6084,5.8838,0.0011,0.0000,0,0,0.0000,0,0.0000,0,0,0,418,0
1252,1.6447,8.4798,0.0012,0.0000,0,0,0.0000,0,0.0000,0,0,0,418,0
1253,1.6658,8.4054,0.0013,0.0000,0,0,0.0000,0,0.0000,0,0,0,418,0
1254,1.6692,11.1245,0.0015,0.0000,0,0,0.0000,0,0.0000,0,0,0,418,0
1255,1.6227,11.0730,0.0014,0.0000,0,0,0.0000,0,0.0000,0,0,0,418,0
1256,3.8659,3.7963,0.0023,0.0000,0,0,0.0000,0,0.0000,0,0,0,380,0
1257,1.6612,3.5056,0.0019,0.0000,0,0,0.0000,0,0.0000,0,0,0,380,0
1258,1.6679,5.9415,0.0015,0.0000,0,0,0.0000,0,0.0000,0,0,0,418,0
1259,1.6084,5.8787,0.0017,0.0000,0,0,0.0000,0,0.0000,0,0,0,418,0
1260,1.6447,8.8500,0.0054,0.0000,0,0,0.0000,0,0.0000,0,0,0,418,0
1261,1.6658,8.6520,0.0055,0.0000,0,0,0.0000,0,0.0000,0,0,0,418,0
1262,1.6692,11.0689,0.0039,0.0000,0,0,0.0000,0,0.0000,0,0,0,418,0
1263,1.6227,10.9044,0.0014,0.0000,0,0,0.0000,0,0.0000,0,0,0,418,0
1264,3.8659,4.3632,0.0045,0.0000,0,0,0.0000,0,0.0000,0,0,0,380,0
1265,1.6612,3.8975,0.0012,0.0000,0,0,0.0000,0,0.0000,0,0,0,380,0
1266,1.6679,6.3893,0.0032,0.0000,0,0,0.0000,0,0.0000,0,0,0,418,0
1267,1.6084,6.2242,0.0015,0.0000,0,0,0.0000,0,0.0000,0,0,0,418,0
1268,1.6447,7.7522,0.0028,0.0000,0,0,0.0000,0,0.0000,0,0,0,418,0
1269,1.6658,7.5012,0.0016,0.0000,0,0,0.0000,0,0.0000,0,0,0,418,0
1270,1.6692,9.6799,0.0020,0.0000,0,0,0.0000,0,0.0000,0,0,0,418,0
1271,1.6227,9.8571,0.0018,0.0000,0,0,0.0000,0,0.0000,0,0,0,418,0
1272,3.8659,4.1295,0.0015,0.0000,0,0,0.0000,0,0.0000,0,0,0,380,0
1273,1.6612,3.6082,0.0016,0.0000,0,0,0.0000,0,0.0000,0,0,0,380,0
1274,1.6679,5.5005,0.0014,0.0000,0,0,0.0000,0,0.0000,0,0,0,418,0
1275,1.6084,5.4921,0.0015,0.0000,0,0,0.0000,0,0.0000,0,0,0,418,0
1276,1.6447,7.8025,0.0045,0.0000,0,0,0.0000,0,0.0000,0,0,0,418,0
1277,1.6658,7.7897,0.0017,0.0000,0,0,0.0000,0,0.0000,0,0,0,418,0
1278,1.6692,10.1032,0.0018,0.0000,0,0,0.0000,0,0.0000,0,0,0,418,0
1279,1.6227,8.7466,0.0017,0.0000,0,0,0.0000,0,0.0000,0,0,0,418,0
1280,3.8659,3.7335,0.0033,0.0000,0,0,0.0000,0,0.0000,0,0,0,380,0
1281,1.6612,3.5018,0.0015,0.0000,0,0,0.0000,0,0.0000,0,0,0,380,0
1282,1.6679,5.8634,0.0019,0.0000,0,0,0.0000,0,0.0000,0,0,0,418,0
1283,1.6084,5.8528,0.0016,0.0000,0,0,0.0000,0,0.0000,0,0,0,418,0
1284,1.6447,8.5551,0.0013,0.0000,0,0,0.0000,0,0.0000,0,0,0,418,0
1285,1.6658,8.4053,0.0008,0.0000,0,0,0.0000,0,0.0000,0,0,0,418,0
1286,1.6692,11.1162,0.0011,0.0000,0,0,0.0000,0,0.0000,0,0,0,418,0
1287,1.6227,11.0246,0.0012,0.0000,0,0,0.0000,0,0.0000,0,0,0,418,0
1288,3.8659,3.8141,0.0018,0.0000,0,0,0.0000,0,0.0000,0,0,0,380,0
1289,1.6612,3.4754,0.0014,0.0000,0,0,0.0000,0,0.0000,0,0,0,380,0
1290,1.6679,5.9938,0.0010,0.0000,0,0,0.0000,0,0.0000,0,0,0,418,0
1291,1.6084,5.9689,0.0010,0.0000,0,0,0.0000,0,0.0000,0,0,0,418,0
1292,1.6447,8.5931,0.0010,0.0000,0,0,0.0000,0,0.0000,0,0,0,418,0
1293,1.6658,8.5567,0.0010,0.0000,0,0,0.0000,0,0.0000,0,0,0,418,0
1294,1.6692,11.2743,0.0014,0.0000,0,0,0.0000,0,0.0000,0,0,0,418,0
1295,1.6227,11.2289,0.0010,0.0000,0,0,0.0000,0,0.0000,0,0,0,418,0
1296,3.8659,3.6453,0.0024,0.0000,0,0,0.0000,0,0.0000,0,0,0,380,0
1297,1.6612,3.4680,0.0012,0.0000,0,0,0.0000,0,0.0000,0,0,0,380,0
1298,1.6679,5.8842,0.0012,0.0000,0,0,0.0000,0,0.0000,0,0,0,418,0
1299,1.6084,5.9445,0.0016,0.0000,0,0,0.0000,0,0.0000,0,0,0,418,0
1300,1.6447,8.4924,0.0017,0.0000,0,0,0.0000,0,0.0000,0,0,0,418,0
1301,1.6658,8.4981,0.0012,0.0000,0,0,0.0000,0,0.0000,0,0,0,418,0
1302,1.6692,11.1658,0.0012,0.0000,0,0,0.0000,0,0.0000,0,0,0,418,0
1303,1.6227,11.1148,0.0011,0.0000,0,0,0.0000,0,0.0000,0,0,0,418,0
1304,3.8659,3.7052,0.0020,0.0000,0,0,0.0000,0,0.0000,0,0,0,380,0
1305,1.6612,3.4418,0.0009,0.0000,0,0,0.0000,0,0.0000,0,0,0,380,0
1306,1.6679,6.0930,0.0013,0.0000,0,0,0.0000,0,0.0000,0,0,0,418,0
1307,1.6084,5.9911,0.0007,0.0000,0,0,0.0000,0,0.0000,0,0,0,418,0
1308,1.6447,8.7110,0.0011,0.0000,0,0,0.0000,0,0.0000,0,0,0,418,0
1309,1.6658,8.6225,0.0006,0.0000,0,0,0.0000,0,0.0000,0,0,0,418,0
1310,1.6692,11.4837,0.0010,0.0000,0,0,0.0000,0,0.0000,0,0,0,418,0
1311,1.6227,11.4718,0.0010,0.0000,0,0,0.0000,0,0.0000,0,0,0,418,0
1312,3.8659,3.6158,0.0016,0.0000,0,0,0.0000,0,0.0000,0,0,0,380,0
1313,1.6612,3.4520,0.0015,0.0000,0,0,0.0000,0,0.0000,0,0,0,380,0
1314,1.6679,5.9902,0.0010,0.0000,0,0,0.0000,0,0.0000,0,0,0,418,0
1315,1.6084,5.9925,0.0010,0.0000,0,0,0.0000,0,0.0000,0,0,0,418,0
1316,1.6447,8.6642,0.0010,0.0000,0,0,0.0000,0,0.0000,0,0,0,418,0
1317,1.6658,8.6521,0.0015,0.0000,0,0,0.0000,0,0.0000,0,0,0,418,0
1318,1.6692,11.4463,0.0010,0.0000,0,0,0.0000,0,0.0000,0,0,0,418,0
1319,1.6227,11.4422,0.0013,0.0000,0,0,0.0000,0,0.0000,0,0,0,418,0
1320,3.8659,3.5927,0.0015,0.0000,0,0,0.0000,0,0.0000,0,0,0,380,0
1321,1.6612,3.4534,0.0010,0.0000,0,0,0.0000,0,0.0000,0,0,0,380,0
1322,1.6679,5.9820,0.0010,0.0000,0,0,0.0000,0,0.0000,0,0,0,418,0
1323,1.6084,5.9724,0.0010,0.0000,0,0,0.0000,0,0.0000,0,0,0,418,0
1324,1.6447,8.6206,0.0010,0.0000,0,0,0.0000,0,0.0000,0,0,0,418,0
1325,1.6658,8.5605,0.0011,0.0000,0,0,0.0000,0,0.0000,0,0,0,418,0
1326,1.6692,11.2970,0.0010,0.0000,0,0,0.0000,0,0.0000,0,0,0,418,0
1327,1.6227,11.2647,0.0013,0.0000,0,0,0.0000,0,0.0000,0,0,0,418,0
1328,3.8659,3.5984,0.0014,0.0000,0,0,0.0000,0,0.0000,0,0,0,380,0
1329,1.6612,3.4635,0.0015,0.0000,0,0,0.0000,0,0.0000,0,0,0,380,0
1330,1.6679,5.9578,0.0012,0.0000,0,0,0.0000,0,0.0000,0,0,0,418,0
1331,1.6084,5.9006,0.0013,0.0000,0,0,0.0000,0,0.0000,0,0,0,418,0
1332,1.6447,8.4926,0.0012,0.0000,0,0,0.0000,0,0.0000,0,0,0,418,0
1333,1.6658,8.4098,0.0013,0.0000,0,0,0.0000,0,0.0000,0,0,0,418,0
1334,1.6692,11.0970,0.0012,0.0000,0,0,0.0000,0,0.0000,0,0,0,418,0
1335,1.6227,11.0045,0.0011,0.0000,0,0,0.0000,0,0.0000,0,0,0,418,0
1336,3.8659,3.5841,0.0019,0.0000,0,0,0.0000,0,0.0000,0,0,0,380,0
1337,1.6612,3.4217,0.0014,0.0000,0,0,0.0000,0,0.0000,0,0,0,380,0
1338,1.6679,5.9075,0.0013,0.0000,0,0,0.0000,0,0.0000,0,0,0,418,0
1339,1.6084,5.8867,0.0012,0.0000,0,0,0.0000,0,0.0000,0,0,0,418,0
1340,1.6447,8.4770,0.0012,0.0000,0,0,0.0000,0,0.0000,0,0,0,418,0
1341,1.6658,8.4379,0.0013,0.0000,0,0,0.0000,0,0.0000,0,0,0,418,0
1342,1.6692,11.0969,0.0016,0.0000,0,0,0.0000,0,0.0000,0,0,0,418,0
1343,1.6227,11.0313,0.0015,0.0000,0,0,0.0000,0,0.0000,0,0,0,418,0
1344,3.8659,3.6030,0.0017,0.0000,0,0,0.0000,0,0.0000,0,0,0,380,0
1345,1.6612,3.4972,0.0015,0.0000,0,0,0.0000,0,0.0000,0,0,0,380,0
1346,1.6679,5.8962,0.0015,0.0000,0,0,0.0000,0,0.0000,0,0,0,418,0
1347,1.6084,5.8535,0.0015,0.0000,0,0,0.0000,0,0.0000,0,0,0,418,0
1348,1.6447,8.3882,0.0014,0.0000,0,0,0.0000,0,0.0000,0,0,0,418,0
1349,1.6658,8.3287,0.0017,0.0000,0,0,0.0000,0,0.0000,0,0,0,418,0
1350,1.6692,11.3783,0.0079,0.0000,0,0,0.0000,0,0.0000,0,0,0,418,0
1351,1.6227,11.1799,0.0080,0.0000,0,0,0.0000,0,0.0000,0,0,0,418,0
1352,3.8659,5.1098,0.0047,0.0000,0,0,0.0000,0,0.0000,0,0,0,380,0
1353,1.6612,4.2540,0.0015,0.0000,0,0,0.0000,0,0.0000,0,0,0,380,0
1354,1.6679,3.7504,0.0015,0.0000,0,0,0.0000,0,0.0000,0,0,0,418,0
1355,1.6084,5.0315,0.0015,0.0000,0,0,0.0000,0,0.0000,0,0,0,418,0
1356,1.6447,5.2344,0.0019,0.0000,0,0,0.0000,0,0.0000,0,0,0,418,0
1357,1.6658,7.2773,0.0035,0.0000,0,0,0.0000,0,0.0000,0,0,0,418,0
1358,1.6692,7.4787,0.0016,0.0000,0,0,0.0000,0,0.0000,0,0,0,418,0
1359,1.6227,9.4982,0.0021,0.0000,0,0,0.0000,0,0.0000,0,0,0,418,0
1360,3.8659,3.6353,0.0029,0.0000,0,0,0.0000,0,0.0000,0,0,0,380,0
1361,1.6612,3.4730,0.0016,0.0000,0,0,0.0000,0,0.0000,0,0,0,380,0
1362,1.6679,5.8923,0.0014,0.0000,0,0,0.0000,0,0.0000,0,0,0,418,0
1363,1.6084,5.8458,0.0012,0.0000,0,0,0.0000,0,0.0000,0,0,0,418,0
1364,1.6447,8.3396,0.0011,0.0000,0,0,0.0000,0,0.0000,0,0,0,418,0
1365,1.6658,8.3021,0.0010,0.0000,0,0,0.0000,0,0.0000,0,0,0,418,0
1366,1.6692,10.9347,0.0010,0.0000,0,0,0.0000,0,0.0000,0,0,0,418,0
1367,1.6227,10.8295,0.0014,0.0000,0,0,0.0000,0,0.0000,0,0,0,418,0
1368,3.8659,3.5914,0.0018,0.0000,0,0,0.0000,0,0.0000,0,0,0,380,0
1369,1.6612,3.4875,0.0010,0.0000,0,0,0.0000,0,0.0000,0,0,0,380,0
1370,1.6679,5.8968,0.0013,0.0000,0,0,0.0000,0,0.0000,0,0,0,418,0
1371,1.6084,5.9493,0.0010,0.0000,0,0,0.0000,0,0.0000,0,0,0,418,0
1372,1.6447,8.5401,0.0010,0.0000,0,0,0.0000,0,0.0000,0,0,0,418,0
1373,1.6658,8.5249,0.0012,0.0000,0,0,0.0000,0,0.0000,0,0,0,418,0
1374,1.6692,11.2575,0.0010,0.0000,0,0,0.0000,0,0.0000,0,0,0,418,0
1375,1.6227,11.2110,0.0013,0.0000,0,0,0.0000,0,0.0000,0,0,0,418,0
1376,3.8659,3.6939,0.0020,0.0000,0,0,0.0000,0,0.0000,0,0,0,380,0
1377,1.6612,3.4693,0.0145,0.0000,0,0,0.0000,0,0.0000,0,0,0,380,0
1378,1.6679,5.9466,0.0014,0.0000,0,0,0.0000,0,0.0000,0,0,0,418,0
1379,1.6084,5.9445,0.0012,0.0000,0,0,0.0000,0,0.0000,0,0,0,418,0
1380,1.6447,8.5370,0.0012,0.0000,0,0,0.0000,0,0.0000,0,0,0,418,0
1381,1.6658,8.5012,0.0014,0.0000,0,0,0.0000,0,0.0000,0,0,0,418,0
1382,1.6692,11.2043,0.0011,0.0000,0,0,0.0000,0,0.0000,0,0,0,418,0
1383,1.6227,11.1661,0.0013,0.0000,0,0,0.0000,0,0.0000,0,0,0,418,0
1384,3.8659,3.6277,0.0019,0.0000,0,0,0.0000,0,0.0000,0,0,0,380,0
1385,1.6612,3.4646,0.0013,0.0000,0,0,0.0000,0,0.0000,0,0,0,380,0
1386,1.6679,5.9210,0.0018,0.0000,0,0,0.0000,0,0.0000,0,0,0,418,0
1387,1.6084,5.8486,0.0008,0.0000,0,0,0.0000,0,0.0000,0,0,0,418,0
1388,1.6447,8.5165,0.0014,0.0000,0,0,0.0000,0,0.0000,0,0,0,418,0
1389,1.6658,8.3575,0.0014,0.0000,0,0,0.0000,0,0.0000,0,0,0,418,0
1390,1.6692,11.1215,0.0011,0.0000,0,0,0.0000,0,0.0000,0,0,0,418,0
1391,1.6227,11.0618,0.0008,0.0000,0,0,0.0000,0,0.0000,0,0,0,418,0
1392,3.8659,3.7527,0.0013,0.0000,0,0,0.0000,0,0.0000,0,0,0,380,0
1393,1.6612,3.4449,0.0011,0.0000,0,0,0.0000,0,0.0000,0,0,0,380,0
1394,1.6679,6.0165,0.0010,0.0000,0,0,0.0000,0,0.0000,0,0,0,418,0
1395,1.6084,5.9810,0.0015,0.0000,0,0,0.0000,0,0.0000,0,0,0,418,0
1396,1.6447,8.6717,0.0010,0.0000,0,0,0.0000,0,0.0000,0,0,0,418,0
1397,1.6658,8.6156,0.0008,0.0000,0,0,0.0000,0,0.0000,0,0,0,418,0
1398,1.6692,11.3610,0.0010,0.0000,0,0,0.0000,0,0.0000,0,0,0,418,0
1399,1.6227,11.3314,0.0008,0.0000,0,0,0.0000,0,0.0000,0,0,0,418,0
1400,3.8659,3.6760,0.0015,0.0000,0,0,0.0000,0,0.0000,0,0,0,380,0
1401,1.6612,3.4939,0.0013,0.0000,0,0,0.0000,0,0.0000,0,0,0,380,0
1402,1.6679,6.0302,0.0011,0.0000,0,0,0.0000,0,0.0000,0,0,0,418,0
1403,1.6084,5.9919,0.0011,0.0000,0,0,0.0000,0,0.0000,0,0,0,418,0
1404,1.6447,8.7587,0.0012,0.0000,0,0,0.0000,0,0.0000,0,0,0,418,0
1405,1.6658,8.6713,0.0009,0.0000,0,0,0.0000,0,0.0000,0,0,0,418,0
1406,1.6692,11.3340,0.0012,0.0000,0,0,0.0000,0,0.0000,0,0,0,418,0
1407,1.6227,11.3168,0.0012,0.0000,0,0,0.0000,0,0.0000,0,0,0,418,0
1408,3.8659,3.5435,0.0015,0.0000,0,0,0.0000,0,0.0000,0,0,0,380,0
1409,1.6612,3.4352,0.0011,0.0000,0,0,0.0000,0,0.0000,0,0,0,380,0
1410,1.6679,5.8997,0.0012,0.0000,0,0,0.0000,0,0.0000,0,0,0,418,0
1411,1.6084,5.8666,0.0011,0.0000,0,0,0.0000,0,0.0000,0,0,0,418,0
1412,1.6447,8.4375,0.0011,0.0000,0,0,0.0000,0,0.0000,0,0,0,418,0
1413,1.6658,8.4283,0.0010,0.0000,0,0,0.0000,0,0.0000,0,0,0,418,0
1414,1.6692,11.0434,0.0010,0.0000,0,0,0.0000,0,0.0000,0,0,0,418,0
1415,1.6227,10.9105,0.0009,0.0000,0,0,0.0000,0,0.0000,0,0,0,418,0
1416,3.8659,3.6234,0.0017,0.0000,0,0,0.0000,0,0.0000,0,0,0,380,0
1417,1.6612,3.4267,0.0009,0.0000,0,0,0.0000,0,0.0000,0,0,0,380,0
1418,1.6679,6.0314,0.0015,0.0000,0,0,0.0000,0,0.0000,0,0,0,418,0
1419,1.6084,5.9110,0.0009,0.0000,0,0,0.0000,0,0.0000,0,0,0,418,0
1420,1.6447,8.4827,0.0014,0.0000,0,0,0.0000,0,0.0000,0,0,0,418,0
1421,1.6658,8.3858,0.0010,0.0000,0,0,0.0000,0,0.0000,0,0,0,418,0
1422,1.6692,11.0980,0.0022,0.0000,0,0,0.0000,0,0.0000,0,0,0,418,0
1423,1.6227,11.0217,0.0013,0.0000,0,0,0.0000,0,0.0000,0,0,0,418,0
1424,3.8659,3.7343,0.0019,0.0000,0,0,0.0000,0,0.0000,0,0,0,380,0
1425,1.6612,3.4604,0.0013,0.0000,0,0,0.0000,0,0.0000,0,0,0,380,0
1426,1.6679,5.9328,0.0015,0.0000,0,0,0.0000,0,0.0000,0,0,0,418,0
1427,1.6084,5.9064,0.0010,0.0000,0,0,0.0000,0,0.0000,0,0,0,418,0
1428,1.6447,8.4847,0.0012,0.0000,0,0,0.0000,0,0.0000,0,0,0,418,0
1429,1.6658,8.4165,0.0011,0.0000,0,0,0.0000,0,0.0000,0,0,0,418,0
1430,1.6692,11.1459,0.0010,0.0000,0,0,0.0000,0,0.0000,0,0,0,418,0
1431,1.6227,11.0947,0.0011,0.0000,0,0,0.0000,0,0.0000,0,0,0,418,0
1432,3.8659,3.6131,0.0013,0.0000,0,0,0.0000,0,0.0000,0,0,0,380,0
1433,1.6612,3.4475,0.0012,0.0000,0,0,0.0000,0,0.0000,0,0,0,380,0
1434,1.6679,5.9789,0.0012,0.0000,0,0,0.0000,0,0.0000,0,0,0,418,0
1435,1.6084,5.9493,0.0012,0.0000,0,0,0.0000,0,0.0000,0,0,0,418,0
1436,1.6447,8.6261,0.0011,0.0000,0,0,0.0000,0,0.0000,0,0,0,418,0
1437,1.6658,8.5285,0.0010,0.0000,0,0,0.0000,0,0.0000,0,0,0,418,0
1438,1.6692,11.2691,0.0010,0.0000,0,0,0.0000,0,0.0000,0,0,0,418,0
1439,1.6227,11.2237,0.0011,0.0000,0,0,0.0000,0,0.0000,0,0,0,418,0
1440,3.8659,3.5902,0.0017,0.0000,0,0,0.0000,0,0.0000,0,0,0,380,0
1441,1.6612,3.4599,0.0012,0.0000,0,0,0.0000,0,0.0000,0,0,0,380,0
1442,1.6679,5.9181,0.0012,0.0000,0,0,0.0000,0,0.0000,0,0,0,418,0
1443,1.6084,5.8827,0.0013,0.0000,0,0,0.0000,0,0.0000,0,0,0,418,0
1444,1.6447,8.4400,0.0012,0.0000,0,0,0.0000,0,0.0000,0,0,0,418,0
1445,1.6658,8.3547,0.0015,0.0000,0,0,0.0000,0,0.0000,0,0,0,418,0
1446,1.6692,11.0170,0.0010,0.0000,0,0,0.0000,0,0.0000,0,0,0,418,0
1447,1.6227,10.9446,0.0010,0.0000,0,0,0.0000,0,0.0000,0,0,0,418,0
1448,3.8659,3.5989,0.0017,0.0000,0,0,0.0000,0,0.0000,0,0,0,380,0
1449,1.6612,3.4657,0.0015,0.0000,0,0,0.0000,0,0.0000,0,0,0,380,0
1450,1.6679,6.7340,0.0012,0.0000,0,0,0.0000,0,0.0000,0,0,0,418,0
1451,1.6084,6.6826,0.0013,0.0000,0,0,0.0000,0,0.0000,0,0,0,418,0
1452,1.6447,11.6325,0.0015,0.0000,0,0,0.0000,0,0.0000,0,0,0,418,0
1453,1.6658,11.6521,0.0015,0.0000,0,0,0.0000,0,0.0000,0,0,0,418,0
1454,1.6692,19.2540,0.0017,0.0000,0,0,0.0000,0,0.0000,0,0,0,418,0
1455,1.6227,19.3307,0.0014,0.0000,0,0,0.0000,0,0.0000,0,0,0,418,0
1456,3.8659,13.1825,0.0079,0.0000,0,0,0.0000,0,0.0000,0,0,0,380,0
1457,1.6612,13.1615,0.0021,0.0000,0,0,0.0000,0,0.0000,0,0,0,380,0
1458,1.6679,19.5928,0.0040,0.0000,0,0,0.0000,0,0.0000,0,0,0,418,0
1459,1.6084,19.7929,0.0009,0.0000,0,0,0.0000,0,0.0000,0,0,0,418,0
1460,1.6447,27.5183,0.0049,0.0000,0,0,0.0000,0,0.0000,0,0,0,418,0
1461,1.6658,27.5965,0.0019,0.0000,0,0,0.0000,0,0.0000,0,0,0,418,0
1462,1.6692,36.5502,0.0055,0.0000,0,0,0.0000,0,0.0000,0,0,0,418,0
1463,1.6227,36.5870,0.0013,0.0000,0,0,0.0000,0,0.0000,0,0,0,418,0
1464,3.8659,26.4089,0.0021,0.0000,0,0,0.0000,0,0.0000,0,0,0,380,0
1465,1.6612,26.1485,0.0017,0.0000,0,0,0.0000,0,0.0000,0,0,0,380,0
1466,1.6679,35.3453,0.0017,0.0000,0,0,0.0000,0,0.0000,0,0,0,418,0
1467,1.6084,34.9832,0.0041,0.0000,0,0,0.0000,0,0.0000,0,0,0,418,0
1468,1.6447,38.3890,0.0022,0.0000,0,0,0.0000,0,0.0000,0,0,0,418,0
1469,1.6658,38.1447,0.0035,0.0000,0,0,0.0000,0,0.0000,0,0,0,418,0
1470,1.6692,40.8448,0.0009,0.0000,0,0,0.0000,0,0.0000,0,0,0,418,0
1471,1.6227,40.3482,0.0012,0.0000,0,0,0.0000,0,0.0000,0,0,0,418,0
1472,3.8659,29.7491,0.0013,0.0000,0,0,0.0000,0,0.0000,0,0,0,380,0
1473,1.6612,27.5568,0.0020,0.0000,0,0,0.0000,0,0.0000,0,0,0,380,0
1474,1.6679,31.3841,0.0012,0.0000,0,0,0.0000,0,0.0000,0,0,0,418,0
1475,1.6084,31.0557,0.0014,0.0000,0,0,0.0000,0,0.0000,0,0,0,418,0
1476,1.6447,33.7966,0.0014,0.0000,0,0,0.0000,0,0.0000,0,0,0,418,0
1477,1.6658,33.4509,0.0012,0.0000,0,0,0.0000,0,0.0000,0,0,0,418,0
1478,1.6692,36.1685,0.0010,0.0000,0,0,0.0000,0,0.0000,0,0,0,418,0
1479,1.6227,35.8583,0.0010,0.0000,0,0,0.0000,0,0.0000,0,0,0,418,0
1480,3.8659,26.8406,0.0008,0.0000,0,0,0.0000,0,0.0000,0,0,0,380,0
1481,1.6612,25.9691,0.0011,0.0000,0,0,0.0000,0,0.0000,0,0,0,380,0
1482,1.6679,31.1305,0.0009,0.0000,0,0,0.0000,0,0.0000,0,0,0,418,0
1483,1.6084,28.7170,0.0011,0.0000,0,0,0.0000,0,0.0000,0,0,0,418,0
1484,1.6447,33.6563,0.0012,0.0000,0,0,0.0000,0,0.0000,0,0,0,418,0
1485,1.6658,33.2120,0.0016,0.0000,0,0,0.0000,0,0.0000,0,0,0,418,0
1486,1.6692,36.0231,0.0013,0.0000,0,0,0.0000,0,0.0000,0,0,0,418,0
1487,1.6227,35.5076,0.0015,0.0000,0,0,0.0000,0,0.0000,0,0,0,418,0
1488,3.8659,29.3724,0.0013,0.0000,0,0,0.0000,0,0.0000,0,0,0,380,0
1489,1.6612,28.8513,0.0013,0.0000,0,0,0.0000,0,0.0000,0,0,0,380,0
1490,1.6679,35.1337,0.0014,0.0000,0,0,0.0000,0,0.0000,0,0,0,418,0
1491,1.6084,34.9774,0.0009,0.0000,0,0,0.0000,0,0.0000,0,0,0,418,0
1492,1.6447,37.6382,0.0014,0.0000,0,0,0.0000,0,0.0000,0,0,0,418,0
1493,1.6658,37.4382,0.0013,0.0000,0,0,0.0000,0,0.0000,0,0,0,418,0
1494,1.6692,40.4207,0.0200,0.0000,0,0,0.0000,0,0.0000,0,0,0,418,0
1495,1.6227,40.3406,0.0010,0.0000,0,0,0.0000,0,0.0000,0,0,0,418,0
1496,3.8659,25.2426,0.0012,0.0000,0,0,0.0000,0,0.0000,0,0,0,380,0
1497,1.6612,25.3337,0.0013,0.0000,0,0,0.0000,0,0.0000,0,0,0,380,0
1498,1.6679,29.8067,0.0016,0.0000,0,0,0.0000,0,0.0000,0,0,0,418,0
1499,1.6084,30.2239,0.0014,0.0000,0,0,0.0000,0,0.0000,0,0,0,418,0
1500,1.6447,35.2899,0.0029,0.0000,0,0,0.0000,0,0.0000,0,0,0,418,0
1501,1.6658,35.3701,0.0014,0.0000,0,0,0.0000,0,0.0000,0,0,0,418,0
1502,1.6692,37.8462,0.0015,0.0000,0,0,0.0000,0,0.0000,0,0,0,418,0
1503,1.6227,37.8578,0.0015,0.0000,0,0,0.0000,0,0.0000,0,0,0,418,0
1504,3.8659,29.0069,0.0015,0.0000,0,0,0.0000,0,0.0000,0,0,0,380,0
1505,1.6612,29.0081,0.0015,0.0000,0,0,0.0000,0,0.0000,0,0,0,380,0
1506,1.6679,37.1039,0.0014,0.0000,0,0,0.0000,0,0.0000,0,0,0,418,0
1507,1.6084,36.9457,0.0018,0.0000,0,0,0.0000,0,0.0000,0,0,0,418,0
1508,1.6447,39.7055,0.0016,0.0000,0,0,0.0000,0,0.0000,0,0,0,418,0
1509,1.6658,39.5640,0.0026,0.0000,0,0,0.0000,0,0.0000,0,0,0,418,0
1510,1.6692,42.7295,0.0102,0.0000,0,0,0.0000,0,0.0000,0,0,0,418,0
1511,1.6227,42.7660,0.0019,0.0000,0,0,0.0000,0,0.0000,0,0,0,418,0
1512,3.8659,27.3437,0.0029,0.0000,0,0,0.0000,0,0.0000,0,0,0,380,0
1513,1.6612,27.4855,0.0020,0.0000,0,0,0.0000,0,0.0000,0,0,0,380,0
1514,1.6679,32.2039,0.0070,0.0000,0,0,0.0000,0,0.0000,0,0,0,418,0
1515,1.6084,32.5241,0.0030,0.0000,0,0,0.0000,0,0.0000,0,0,0,418,0
1516,1.6447,36.2409,0.0016,0.0000,0,0,0.0000,0,0.0000,0,0,0,418,0
1517,1.6658,36.2356,0.0017,0.0000,0,0,0.0000,0,0.0000,0,0,0,418,0
1518,1.6692,38.7908,0.0017,0.0000,0,0,0.0000,0,0.0000,0,0,0,418,0
1519,1.6227,38.6995,0.0018,0.0000,0,0,0.0000,0,0.0000,0,0,0,418,0
1520,3.8659,29.8186,0.0024,0.0000,0,0,0.0000,0,0.0000,0,0,0,380,0
1521,1.6612,27.7751,0.0014,0.0000,0,0,0.0000,0,0.0000,0,0,0,380,0
1522,1.6679,32.2304,0.0015,0.0000,0,0,0.0000,0,0.0000,0,0,0,418,0
1523,1.6084,31.3023,0.0015,0.0000,0,0,0.0000,0,0.0000,0,0,0,418,0
1524,1.6447,34.4118,0.0022,0.0000,0,0,0.0000,0,0.0000,0,0,0,418,0
1525,1.6658,34.3134,0.0008,0.0000,0,0,0.0000,0,0.0000,0,0,0,418,0
1526,1.6692,36.9492,0.0009,0.0000,0,0,0.0000,0,0.0000,0,0,0,418,0
1527,1.6227,36.8259,0.0013,0.0000,0,0,0.0000,0,0.0000,0,0,0,418,0
1528,3.8659,27.6783,0.0009,0.0000,0,0,0.0000,0,0.0000,0,0,0,380,0
1529,1.6612,26.5297,0.0008,0.0000,0,0,0.0000,0,0.0000,0,0,0,380,0
1530,1.6679,31.7761,0.0010,0.0000,0,0,0.0000,0,0.0000,0,0,0,418,0
1531,1.6084,31.5060,0.0010,0.0000,0,0,0.0000,0,0.0000,0,0,0,418,0
1532,1.6447,33.9843,0.0010,0.0000,0,0,0.0000,0,0.0000,0,0,0,418,0
1533,1.6658,33.7352,0.0070,0.0000,0,0,0.0000,0,0.0000,0,0,0,418,0
1534,1.6692,36.2421,0.0010,0.0000,0,0,0.0000,0,0.0000,0,0,0,418,0
1535,1.6227,36.0120,0.0008,0.0000,0,0,0.0000,0,0.0000,0,0,0,418,0
1536,3.8659,26.0513,0.0008,0.0000,0,0,0.0000,0,0.0000,0,0,0,380,0
1537,1.6612,25.8473,0.0008,0.0000,0,0,0.0000,0,0.0000,0,0,0,380,0
1538,1.6679,30.8596,0.0008,0.0000,0,0,0.0000,0,0.0000,0,0,0,418,0
1539,1.6084,30.7347,0.0009,0.0000,0,0,0.0000,0,0.0000,0,0,0,418,0
1540,1.6447,36.3235,0.0017,0.0000,0,0,0.0000,0,0.0000,0,0,0,418,0
1541,1.6658,36.1890,0.0011,0.0000,0,0,0.0000,0,0.0000,0,0,0,418,0
1542,1.6692,38.8040,0.0010,0.0000,0,0,0.0000,0,0.0000,0,0,0,418,0
1543,1.6227,38.7770,0.0009,0.0000,0,0,0.0000,0,0.0000,0,0,0,418,0
1544,3.8659,29.2239,0.0009,0.0000,0,0,0.0000,0,0.0000,0,0,0,380,0
1545,1.6612,29.1587,0.0015,0.0000,0,0,0.0000,0,0.0000,0,0,0,380,0
1546,1.6679,34.2004,0.0021,0.0000,0,0,0.0000,0,0.0000,0,0,0,418,0
1547,1.6084,34.1857,0.0008,0.0000,0,0,0.0000,0,0.0000,0,0,0,418,0
1548,1.6447,38.5053,0.0015,0.0000,0,0,0.0000,0,0.0000,0,0,0,418,0
1549,1.6658,38.4321,0.0009,0.0000,0,0,0.0000,0,0.0000,0,0,0,418,0
1550,1.6692,41.1750,0.0013,0.0000,0,0,0.0000,0,0.0000,0,0,0,418,0
1551,1.6227,41.1162,0.0008,0.0000,0,0,0.0000,0,0.0000,0,0,0,418,0
1552,3.8659,25.5211,0.0008,0.0000,0,0,0.0000,0,0.0000,0,0,0,380,0
1553,1.6612,25.4145,0.0008,0.0000,0,0,0.0000,0,0.0000,0,0,0,380,0
1554,1.6679,30.5367,0.0008,0.0000,0,0,0.0000,0,0.0000,0,0,0,418,0
1555,1.6084,30.4312,0.0008,0.0000,0,0,0.0000,0,0.0000,0,0,0,418,0
1556,1.6447,35.0581,0.0013,0.0000,0,0,0.0000,0,0.0000,0,0,0,418,0
1557,1.6658,34.9707,0.0010,0.0000,0,0,0.0000,0,0.0000,0,0,0,418,0
1558,1.6692,37.7461,0.0009,0.0000,0,0,0.0000,0,0.0000,0,0,0,418,0
1559,1.6227,37.6610,0.0007,0.0000,0,0,0.0000,0,0.0000,0,0,0,418,0
1560,3.8659,26.3190,0.0008,0.0000,0,0,0.0000,0,0.0000,0,0,0,380,0
1561,1.6612,26.1187,0.0005,0.0000,0,0,0.0000,0,0.0000,0,0,0,380,0
1562,1.6679,31.1576,0.0011,0.0000,0,0,0.0000,0,0.0000,0,0,0,418,0
1563,1.6084,31.1271,0.0008,0.0000,0,0,0.0000,0,0.0000,0,0,0,418,0
1564,1.6447,35.6766,0.0012,0.0000,0,0,0.0000,0,0.0000,0,0,0,418,0
1565,1.6658,35.5717,0.0008,0.0000,0,0,0.0000,0,0.0000,0,0,0,418,0
1566,1.6692,38.3159,0.0010,0.0000,0,0,0.0000,0,0.0000,0,0,0,418,0
1567,1.6227,38.2120,0.0006,0.0000,0,0,0.0000,0,0.0000,0,0,0,418,0
1568,3.8659,26.0517,0.0013,0.0000,0,0,0.0000,0,0.0000,0,0,0,380,0
1569,1.6612,25.9821,0.0007,0.0000,0,0,0.0000,0,0.0000,0,0,0,380,0
1570,1.6679,31.0530,0.0009,0.0000,0,0,0.0000,0,0.0000,0,0,0,418,0
1571,1.6084,31.0367,0.0008,0.0000,0,0,0.0000,0,0.0000,0,0,0,418,0
1572,1.6447,35.7089,0.0010,0.0000,0,0,0.0000,0,0.0000,0,0,0,418,0
1573,1.6658,35.5898,0.0009,0.0000,0,0,0.0000,0,0.0000,0,0,0,418,0
1574,1.6692,38.3937,0.0008,0.0000,0,0,0.0000,0,0.0000,0,0,0,418,0
1575,1.6227,38.3428,0.0009,0.0000,0,0,0.0000,0,0.0000,0,0,0,418,0
1576,3.8659,26.3447,0.0010,0.0000,0,0,0.0000,0,0.0000,0,0,0,380,0
1577,1.6612,26.2706,0.0008,0.0000,0,0,0.0000,0,0.0000,0,0,0,380,0
1578,1.6679,31.1656,0.0010,0.0000,0,0,0.0000,0,0.0000,0,0,0,418,0
1579,1.6084,31.3140,0.0009,0.0000,0,0,0.0000,0,0.0000,0,0,0,418,0
1580,1.6447,35.9643,0.0015,0.0000,0,0,0.0000,0,0.0000,0,0,0,418,0
1581,1.6658,35.8741,0.0008,0.0000,0,0,0.0000,0,0.0000,0,0,0,418,0
1582,1.6692,38.5459,0.0010,0.0000,0,0,0.0000,0,0.0000,0,0,0,418,0
1583,1.6227,38.5096,0.0011,0.0000,0,0,0.0000,0,0.0000,0,0,0,418,0
1584,3.8659,26.2637,0.0010,0.0000,0,0,0.0000,0,0.0000,0,0,0,380,0
1585,1.6612,26.2421,0.0010,0.0000,0,0,0.0000,0,0.0000,0,0,0,380,0
1586,1.6679,31.3212,0.0010,0.0000,0,0,0.0000,0,0.0000,0,0,0,418,0
1587,1.6084,31.2993,0.0010,0.0000,0,0,0.0000,0,0.0000,0,0,0,418,0
1588,1.6447,35.8909,0.0014,0.0000,0,0,0.0000,0,0.0000,0,0,0,418,0
1589,1.6658,35.8072,0.0008,0.0000,0,0,0.0000,0,0.0000,0,0,0,418,0
1590,1.6692,38.5839,0.0013,0.0000,0,0,0.0000,0,0.0000,0,0,0,418,0
1591,1.6227,38.5139,0.0010,0.0000,0,0,0.0000,0,0.0000,0,0,0,418,0
1592,3.8659,26.4006,0.0012,0.0000,0,0,0.0000,0,0.0000,0,0,0,380,0
1593,1.6612,26.2642,0.0008,0.0000,0,0,0.0000,0,0.0000,0,0,0,380,0
1594,1.6679,31.3763,0.0012,0.0000,0,0,0.0000,0,0.0000,0,0,0,418,0
1595,1.6084,31.2595,0.0008,0.0000,0,0,0.0000,0,0.0000,0,0,0,418,0
1596,1.6447,35.4775,0.0023,0.0000,0,0,0.0000,0,0.0000,0,0,0,418,0
1597,1.6658,35.3368,0.0015,0.0000,0,0,0.0000,0,0.0000,0,0,0,418,0
1598,1.6692,38.0676,0.0011,0.0000,0,0,0.0000,0,0.0000,0,0,0,418,0
1599,1.6227,37.9637,0.0014,0.0000,0,0,0.0000,0,0.0000,0,0,0,418,0
1600,3.8659,25.9719,0.0009,0.0000,0,0,0.0000,0,0.0000,0,0,0,380,0
1601,1.6612,25.8652,0.0013,0.0000,0,0,0.0000,0,0.0000,0,0,0,380,0
1602,1.6679,31.0122,0.0009,0.0000,0,0,0.0000,0,0.0000,0,0,0,418,0
1603,1.6084,30.9748,0.0011,0.0000,0,0,0.0000,0,0.0000,0,0,0,418,0
1604,1.6447,34.3690,0.0014,0.0000,0,0,0.0000,0,0.0000,0,0,0,418,0
1605,1.6658,34.2294,0.0008,0.0000,0,0,0.0000,0,0.0000,0,0,0,418,0
1606,1.6692,36.9959,0.0011,0.0000,0,0,0.0000,0,0.0000,0,0,0,418,0
1607,1.6227,36.8391,0.0007,0.0000,0,0,0.0000,0,0.0000,0,0,0,418,0
1608,3.8659,25.6178,0.0009,0.0000,0,0,0.0000,0,0.0000,0,0,0,380,0
1609,1.6612,25.4742,0.0007,0.0000,0,0,0.0000,0,0.0000,0,0,0,380,0
1610,1.6679,30.5387,0.0017,0.0000,0,0,0.0000,0,0.0000,0,0,0,418,0
1611,1.6084,30.4296,0.0008,0.0000,0,0,0.0000,0,0.0000,0,0,0,418,0
1612,1.6447,36.2954,0.0012,0.0000,0,0,0.0000,0,0.0000,0,0,0,418,0
1613,1.6658,36.1466,0.0012,0.0000,0,0,0.0000,0,0.0000,0,0,0,418,0
1614,1.6692,38.8575,0.0015,0.0000,0,0,0.0000,0,0.0000,0,0,0,418,0
1615,1.6227,38.7134,0.0013,0.0000,0,0,0.0000,0,0.0000,0,0,0,418,0
1616,3.8659,28.4578,0.0010,0.0000,0,0,0.0000,0,0.0000,0,0,0,380,0
1617,1.6612,28.2694,0.0012,0.0000,0,0,0.0000,0,0.0000,0,0,0,380,0
1618,1.6679,33.2412,0.0013,0.0000,0,0,0.0000,0,0.0000,0,0,0,418,0
1619,1.6084,33.3228,0.0014,0.0000,0,0,0.0000,0,0.0000,0,0,0,418,0
1620,1.6447,36.7220,0.0014,0.0000,0,0,0.0000,0,0.0000,0,0,0,418,0
1621,1.6658,36.6665,0.0013,0.0000,0,0,0.0000,0,0.0000,0,0,0,418,0
1622,1.6692,39.3890,0.0015,0.0000,0,0,0.0000,0,0.0000,0,0,0,418,0
1623,1.6227,39.2976,0.0011,0.0000,0,0,0.0000,0,0.0000,0,0,0,418,0
1624,3.8659,24.8510,0.0013,0.0000,0,0,0.0000,0,0.0000,0,0,0,380,0
1625,1.6612,24.7220,0.0008,0.0000,0,0,0.0000,0,0.0000,0,0,0,380,0
1626,1.6679,29.8105,0.0013,0.0000,0,0,0.0000,0,0.0000,0,0,0,418,0
1627,1.6084,29.7425,0.0013,0.0000,0,0,0.0000,0,0.0000,0,0,0,418,0
1628,1.6447,35.4159,0.0015,0.0000,0,0,0.0000,0,0.0000,0,0,0,418,0
1629,1.6658,35.2878,0.0015,0.0000,0,0,0.0000,0,0.0000,0,0,0,418,0
1630,1.6692,37.9501,0.0012,0.0000,0,0,0.0000,0,0.0000,0,0,0,418,0
1631,1.6227,37.8870,0.0011,0.0000,0,0,0.0000,0,0.0000,0,0,0,418,0
1632,3.8659,27.9572,0.0016,0.0000,0,0,0.0000,0,0.0000,0,0,0,380,0
1633,1.6612,27.9148,0.0016,0.0000,0,0,0.0000,0,0.0000,0,0,0,380,0
1634,1.6679,32.8400,0.0015,0.0000,0,0,0.0000,0,0.0000,0,0,0,418,0
1635,1.6084,32.8492,0.0014,0.0000,0,0,0.0000,0,0.0000,0,0,0,418,0
1636,1.6447,37.4271,0.0020,0.0000,0,0,0.0000,0,0.0000,0,0,0,418,0
1637,1.6658,37.3011,0.0010,0.0000,0,0,0.0000,0,0.0000,0,0,0,418,0
1638,1.6692,40.0605,0.0030,0.0000,0,0,0.0000,0,0.0000,0,0,0,418,0
1639,1.6227,39.8810,0.0030,0.0000,0,0,0.0000,0,0.0000,0,0,0,418,0
1640,3.8659,26.1262,0.0025,0.0000,0,0,0.0000,0,0.0000,0,0,0,380,0
1641,1.6612,25.9521,0.0025,0.0000,0,0,0.0000,0,0.0000,0,0,0,380,0
1642,1.6679,31.0063,0.0011,0.0000,0,0,0.0000,0,0.0000,0,0,0,418,0
1643,1.6084,30.9666,0.0010,0.0000,0,0,0.0000,0,0.0000,0,0,0,418,0
1644,1.6447,34.6093,0.0017,0.0000,0,0,0.0000,0,0.0000,0,0,0,418,0
1645,1.6658,34.4830,0.0015,0.0000,0,0,0.0000,0,0.0000,0,0,0,418,0
1646,1.6692,37.2019,0.0010,0.0000,0,0,0.0000,0,0.0000,0,0,0,418,0
1647,1.6227,37.0908,0.0011,0.0000,0,0,0.0000,0,0.0000,0,0,0,418,0
1648,3.8659,25.7327,0.0011,0.0000,0,0,0.0000,0,0.0000,0,0,0,380,0
1649,1.6612,25.5201,0.0011,0.0000,0,0,0.0000,0,0.0000,0,0,0,380,0
1650,1.6679,30.5960,0.0010,0.0000,0,0,0.0000,0,0.0000,0,0,0,418,0
1651,1.6084,30.4504,0.0013,0.0000,0,0,0.0000,0,0.0000,0,0,0,418,0
1652,1.6447,35.6533,0.0013,0.0000,0,0,0.0000,0,0.0000,0,0,0,418,0
1653,1.6658,35.5020,0.0008,0.0000,0,0,0.0000,0,0.0000,0,0,0,418,0
1654,1.6692,38.2539,0.0187,0.0000,0,0,0.0000,0,0.0000,0,0,0,418,0
1655,1.6227,38.1097,0.0011,0.0000,0,0,0.0000,0,0.0000,0,0,0,418,0
1656,3.8659,27.8640,0.0012,0.0000,0,0,0.0000,0,0.0000,0,0,0,380,0
1657,1.6612,27.6774,0.0010,0.0000,0,0,0.0000,0,0.0000,0,0,0,380,0
1658,1.6679,32.5309,0.0012,0.0000,0,0,0.0000,0,0.0000,0,0,0,418,0
1659,1.6084,32.6558,0.0011,0.0000,0,0,0.0000,0,0.0000,0,0,0,418,0
1660,1.6447,36.2425,0.0011,0.0000,0,0,0.0000,0,0.0000,0,0,0,418,0
1661,1.6658,36.1818,0.0008,0.0000,0,0,0.0000,0,0.0000,0,0,0,418,0
1662,1.6692,38.8950,0.0010,0.0000,0,0,0.0000,0,0.0000,0,0,0,418,0
1663,1.6227,38.8531,0.0012,0.0000,0,0,0.0000,0,0.0000,0,0,0,418,0
1664,3.8659,25.2043,0.0013,0.0000,0,0,0.0000,0,0.0000,0,0,0,380,0
1665,1.6612,25.0664,0.0020,0.0000,0,0,0.0000,0,0.0000,0,0,0,380,0
1666,1.6679,30.1307,0.0012,0.0000,0,0,0.0000,0,0.0000,0,0,0,418,0
1667,1.6084,29.9913,0.0013,0.0000,0,0,0.0000,0,0.0000,0,0,0,418,0
1668,1.6447,35.5589,0.0014,0.0000,0,0,0.0000,0,0.0000,0,0,0,418,0
1669,1.6658,35.4531,0.0013,0.0000,0,0,0.0000,0,0.0000,0,0,0,418,0
1670,1.6692,38.1924,0.0013,0.0000,0,0,0.0000,0,0.0000,0,0,0,418,0
1671,1.6227,38.0869,0.0014,0.0000,0,0,0.0000,0,0.0000,0,0,0,418,0
1672,3.8659,27.7390,0.0013,0.0000,0,0,0.0000,0,0.0000,0,0,0,380,0
1673,1.6612,27.6289,0.0011,0.0000,0,0,0.0000,0,0.0000,0,0,0,380,0
1674,1.6679,32.6124,0.0013,0.0000,0,0,0.0000,0,0.0000,0,0,0,418,0
1675,1.6084,32.6204,0.0013,0.0000,0,0,0.0000,0,0.0000,0,0,0,418,0
1676,1.6447,36.0138,0.0015,0.0000,0,0,0.0000,0,0.0000,0,0,0,418,0
1677,1.6658,35.8677,0.0009,0.0000,0,0,0.0000,0,0.0000,0,0,0,418,0
1678,1.6692,38.5397,0.0014,0.0000,0,0,0.0000,0,0.0000,0,0,0,418,0
1679,1.6227,38.4009,0.0010,0.0000,0,0,0.0000,0,0.0000,0,0,0,418,0
1680,3.8659,25.0258,0.0015,0.0000,0,0,0.0000,0,0.0000,0,0,0,380,0
1681,1.6612,24.8850,0.0010,0.0000,0,0,0.0000,0,0.0000,0,0,0,380,0
1682,1.6679,29.9890,0.0019,0.0000,0,0,0.0000,0,0.0000,0,0,0,418,0
1683,1.6084,29.8964,0.0013,0.0000,0,0,0.0000,0,0.0000,0,0,0,418,0
1684,1.6447,36.2861,0.0013,0.0000,0,0,0.0000,0,0.0000,0,0,0,418,0
1685,1.6658,36.1415,0.0008,0.0000,0,0,0.0000,0,0.0000,0,0,0,418,0
1686,1.6692,38.9165,0.0018,0.0000,0,0,0.0000,0,0.0000,0,0,0,418,0
1687,1.6227,38.7347,0.0014,0.0000,0,0,0.0000,0,0.0000,0,0,0,418,0
1688,3.8659,28.9953,0.0321,0.0000,0,0,0.0000,0,0.0000,0,0,0,380,0
1689,1.6612,28.8463,0.0009,0.0000,0,0,0.0000,0,0.0000,0,0,0,380,0
1690,1.6679,34.0063,0.0018,0.0000,0,0,0.0000,0,0.0000,0,0,0,418,0
1691,1.6084,33.9225,0.0011,0.0000,0,0,0.0000,0,0.0000,0,0,0,418,0
1692,1.6447,36.5680,0.0014,0.0000,0,0,0.0000,0,0.0000,0,0,0,418,0
1693,1.6658,36.4387,0.0008,0.0000,0,0,0.0000,0,0.0000,0,0,0,418,0
1694,1.6692,39.1441,0.0018,0.0000,0,0,0.0000,0,0.0000,0,0,0,418,0
1695,1.6227,39.0497,0.0008,0.0000,0,0,0.0000,0,0.0000,0,0,0,418,0
1696,3.8659,25.0570,0.0011,0.0000,0,0,0.0000,0,0.0000,0,0,0,380,0
1697,1.6612,24.4327,0.0011,0.0000,0,0,0.0000,0,0.0000,0,0,0,380,0
1698,1.6679,29.1475,0.0018,0.0000,0,0,0.0000,0,0.0000,0,0,0,418,0
1699,1.6084,28.8182,0.0007,0.0000,0,0,0.0000,0,0.0000,0,0,0,418,0
1700,1.6447,34.5660,0.0015,0.0000,0,0,0.0000,0,0.0000,0,0,0,418,0
1701,1.6658,34.3499,0.0014,0.0000,0,0,0.0000,0,0.0000,0,0,0,418,0
1702,1.6692,36.9251,0.0012,0.0000,0,0,0.0000,0,0.0000,0,0,0,418,0
1703,1.6227,36.7617,0.0012,0.0000,0,0,0.0000,0,0.0000,0,0,0,418,0
1704,3.8659,29.6501,0.0013,0.0000,0,0,0.0000,0,0.0000,0,0,0,380,0
1705,1.6612,29.4360,0.0012,0.0000,0,0,0.0000,0,0.0000,0,0,0,380,0
1706,1.6679,34.4765,0.0011,0.0000,0,0,0.0000,0,0.0000,0,0,0,418,0
1707,1.6084,34.3349,0.0012,0.0000,0,0,0.0000,0,0.0000,0,0,0,418,0
1708,1.6447,38.5450,0.0014,0.0000,0,0,0.0000,0,0.0000,0,0,0,418,0
1709,1.6658,38.3654,0.0009,0.0000,0,0,0.0000,0,0.0000,0,0,0,418,0
1710,1.6692,41.0519,0.0013,0.0000,0,0,0.0000,0,0.0000,0,0,0,418,0
1711,1.6227,40.9455,0.0012,0.0000,0,0,0.0000,0,0.0000,0,0,0,418,0
1712,3.8659,25.7874,0.0012,0.0000,0,0,0.0000,0,0.0000,0,0,0,380,0
1713,1.6612,25.5787,0.0009,0.0000,0,0,0.0000,0,0.0000,0,0,0,380,0
1714,1.6679,30.8184,0.0016,0.0000,0,0,0.0000,0,0.0000,0,0,0,418,0
1715,1.6084,30.7038,0.0015,0.0000,0,0,0.0000,0,0.0000,0,0,0,418,0
1716,1.6447,35.2513,0.0018,0.0000,0,0,0.0000,0,0.0000,0,0,0,418,0
1717,1.6658,35.1184,0.0016,0.0000,0,0,0.0000,0,0.0000,0,0,0,418,0
1718,1.6692,37.7812,0.0014,0.0000,0,0,0.0000,0,0.0000,0,0,0,418,0
1719,1.6227,37.6636,0.0016,0.0000,0,0,0.0000,0,0.0000,0,0,0,418,0
1720,3.8659,26.8164,0.0015,0.0000,0,0,0.0000,0,0.0000,0,0,0,380,0
1721,1.6612,26.6750,0.0023,0.0000,0,0,0.0000,0,0.0000,0,0,0,380,0
1722,1.6679,32.4628,0.0023,0.0000,0,0,0.0000,0,0.0000,0,0,0,418,0
1723,1.6084,32.1183,0.0054,0.0000,0,0,0.0000,0,0.0000,0,0,0,418,0
1724,1.6447,36.2861,0.0016,0.0000,0,0,0.0000,0,0.0000,0,0,0,418,0
1725,1.6658,36.1661,0.0011,0.0000,0,0,0.0000,0,0.0000,0,0,0,418,0
1726,1.6692,38.9475,0.0048,0.0000,0,0,0.0000,0,0.0000,0,0,0,418,0
1727,1.6227,38.7038,0.0047,0.0000,0,0,0.0000,0,0.0000,0,0,0,418,0
1728,3.8659,26.6702,0.0023,0.0000,0,0,0.0000,0,0.0000,0,0,0,380,0
1729,1.6612,26.5071,0.0021,0.0000,0,0,0.0000,0,0.0000,0,0,0,380,0
1730,1.6679,31.5947,0.0026,0.0000,0,0,0.0000,0,0.0000,0,0,0,418,0
1731,1.6084,31.7273,0.0023,0.0000,0,0,0.0000,0,0.0000,0,0,0,418,0
1732,1.6447,37.6804,0.0060,0.0000,0,0,0.0000,0,0.0000,0,0,0,418,0
1733,1.6658,37.4732,0.0044,0.0000,0,0,0.0000,0,0.0000,0,0,0,418,0
1734,1.6692,40.0691,0.0017,0.0000,0,0,0.0000,0,0.0000,0,0,0,418,0
1735,1.6227,39.8880,0.0015,0.0000,0,0,0.0000,0,0.0000,0,0,0,418,0
1736,3.8659,30.0395,0.0050,0.0000,0,0,0.0000,0,0.0000,0,0,0,380,0
1737,1.6612,29.4421,0.0050,0.0000,0,0,0.0000,0,0.0000,0,0,0,380,0
1738,1.6679,34.9104,0.0015,0.0000,0,0,0.0000,0,0.0000,0,0,0,418,0
1739,1.6084,34.4573,0.0044,0.0000,0,0,0.0000,0,0.0000,0,0,0,418,0
1740,1.6447,37.8557,0.0015,0.0000,0,0,0.0000,0,0.0000,0,0,0,418,0
1741,1.6658,37.5668,0.0015,0.0000,0,0,0.0000,0,0.0000,0,0,0,418,0
1742,1.6692,39.5032,0.0011,0.0000,0,0,0.0000,0,0.0000,0,0,0,418,0
1743,1.6227,39.1311,0.0170,0.0000,0,0,0.0000,0,0.0000,0,0,0,418,0
1744,3.8659,28.3231,0.0011,0.0000,0,0,0.0000,0,0.0000,0,0,0,380,0
1745,1.6612,26.5429,0.0019,0.0000,0,0,0.0000,0,0.0000,0,0,0,380,0
1746,1.6679,32.9040,0.0015,0.0000,0,0,0.0000,0,0.0000,0,0,0,418,0
1747,1.6084,30.8403,0.0013,0.0000,0,0,0.0000,0,0.0000,0,0,0,418,0
1748,1.6447,34.8767,0.0011,0.0000,0,0,0.0000,0,0.0000,0,0,0,418,0
1749,1.6658,33.3398,0.0011,0.0000,0,0,0.0000,0,0.0000,0,0,0,418,0
1750,1.6692,37.1287,0.0017,0.0000,0,0,0.0000,0,0.0000,0,0,0,418,0
1751,1.6227,35.7219,0.0010,0.0000,0,0,0.0000,0,0.0000,0,0,0,418,0
1752,3.8659,28.4318,0.0012,0.0000,0,0,0.0000,0,0.0000,0,0,0,380,0
1753,1.6612,26.1928,0.0009,0.0000,0,0,0.0000,0,0.0000,0,0,0,380,0
1754,1.6679,32.2844,0.0013,0.0000,0,0,0.0000,0,0.0000,0,0,0,418,0
1755,1.6084,28.7434,0.0010,0.0000,0,0,0.0000,0,0.0000,0,0,0,418,0
1756,1.6447,34.7075,0.0012,0.0000,0,0,0.0000,0,0.0000,0,0,0,418,0
1757,1.6658,32.2749,0.0011,0.0000,0,0,0.0000,0,0.0000,0,0,0,418,0
1758,1.6692,37.1365,0.0012,0.0000,0,0,0.0000,0,0.0000,0,0,0,418,0
1759,1.6227,34.6579,0.0009,0.0000,0,0,0.0000,0,0.0000,0,0,0,418,0
1760,3.8659,27.0970,0.0010,0.0000,0,0,0.0000,0,0.0000,0,0,0,380,0
1761,1.6612,23.8606,0.0010,0.0000,0,0,0.0000,0,0.0000,0,0,0,380,0
1762,1.6679,33.0468,0.0015,0.0000,0,0,0.0000,0,0.0000,0,0,0,418,0
1763,1.6084,27.3940,0.0011,0.0000,0,0,0.0000,0,0.0000,0,0,0,418,0
1764,1.6447,35.6608,0.0015,0.0000,0,0,0.0000,0,0.0000,0,0,0,418,0
1765,1.6658,32.6329,0.0013,0.0000,0,0,0.0000,0,0.0000,0,0,0,418,0
1766,1.6692,38.1915,0.0013,0.0000,0,0,0.0000,0,0.0000,0,0,0,418,0
1767,1.6227,35.2025,0.0012,0.0000,0,0,0.0000,0,0.0000,0,0,0,418,0
1768,3.8659,27.4921,0.0017,0.0000,0,0,0.0000,0,0.0000,0,0,0,380,0
1769,1.6612,23.6394,0.0013,0.0000,0,0,0.0000,0,0.0000,0,0,0,380,0
1770,1.6679,32.4539,0.0012,0.0000,0,0,0.0000,0,0.0000,0,0,0,418,0
1771,1.6084,27.0583,0.0012,0.0000,0,0,0.0000,0,0.0000,0,0,0,418,0
1772,1.6447,37.6131,0.0014,0.0000,0,0,0.0000,0,0.0000,0,0,0,418,0
1773,1.6658,32.0238,0.0013,0.0000,0,0,0.0000,0,0.0000,0,0,0,418,0
1774,1.6692,40.1831,0.0013,0.0000,0,0,0.0000,0,0.0000,0,0,0,418,0
1775,1.6227,37.2306,0.0014,0.0000,0,0,0.0000,0,0.0000,0,0,0,418,0
1776,3.8659,29.1126,0.0013,0.0000,0,0,0.0000,0,0.0000,0,0,0,380,0
1777,1.6612,25.2395,0.0010,0.0000,0,0,0.0000,0,0.0000,0,0,0,380,0
1778,1.6679,33.9900,0.0015,0.0000,0,0,0.0000,0,0.0000,0,0,0,418,0
1779,1.6084,28.6054,0.0008,0.0000,0,0,0.0000,0,0.0000,0,0,0,418,0
1780,1.6447,38.3593,0.0032,0.0000,0,0,0.0000,0,0.0000,0,0,0,418,0
1781,1.6658,33.5753,0.0012,0.0000,0,0,0.0000,0,0.0000,0,0,0,418,0
1782,1.6692,40.8239,0.0011,0.0000,0,0,0.0000,0,0.0000,0,0,0,418,0
1783,1.6227,37.8020,0.0015,0.0000,0,0,0.0000,0,0.0000,0,0,0,418,0
1784,3.8659,25.9983,0.0012,0.0000,0,0,0.0000,0,0.0000,0,0,0,380,0
1785,1.6612,22.1431,0.0007,0.0000,0,0,0.0000,0,0.0000,0,0,0,380,0
1786,1.6679,31.6520,0.0015,0.0000,0,0,0.0000,0,0.0000,0,0,0,418,0
1787,1.6084,25.5257,0.0016,0.0000,0,0,0.0000,0,0.0000,0,0,0,418,0
1788,1.6447,34.1687,0.0011,0.0000,0,0,0.0000,0,0.0000,0,0,0,418,0
1789,1.6658,31.2118,0.0011,0.0000,0,0,0.0000,0,0.0000,0,0,0,418,0
1790,1.6692,36.7509,0.0010,0.0000,0,0,0.0000,0,0.0000,0,0,0,418,0
1791,1.6227,33.7957,0.0011,0.0000,0,0,0.0000,0,0.0000,0,0,0,418,0
1792,3.8659,25.6558,0.0011,0.0000,0,0,0.0000,0,0.0000,0,0,0,380,0
1793,1.6612,21.6592,0.0009,0.0000,0,0,0.0000,0,0.0000,0,0,0,380,0
1794,1.6679,30.5726,0.0009,0.0000,0,0,0.0000,0,0.0000,0,0,0,418,0
1795,1.6084,25.1499,0.0011,0.0000,0,0,0.0000,0,0.0000,0,0,0,418,0
1796,1.6447,34.7873,0.0012,0.0000,0,0,0.0000,0,0.0000,0,0,0,418,0
1797,1.6658,30.1217,0.0011,0.0000,0,0,0.0000,0,0.0000,0,0,0,418,0
1798,1.6692,37.3921,0.0011,0.0000,0,0,0.0000,0,0.0000,0,0,0,418,0
1799,1.6227,34.3647,0.0010,0.0000,0,0,0.0000,0,0.0000,0,0,0,418,0
1800,3.8659,28.3411,0.0018,0.0000,0,0,0.0000,0,0.0000,0,0,0,380,0
1801,1.6612,24.4044,0.0008,0.0000,0,0,0.0000,0,0.0000,0,0,0,380,0
1802,1.6679,33.2554,0.0010,0.0000,0,0,0.0000,0,0.0000,0,0,0,418,0
1803,1.6084,27.8263,0.0008,0.0000,0,0,0.0000,0,0.0000,0,0,0,418,0
1804,1.6447,38.7694,0.0022,0.0000,0,0,0.0000,0,0.0000,0,0,0,418,0
1805,1.6658,32.8597,0.0010,0.0000,0,0,0.0000,0,0.0000,0,0,0,418,0
1806,1.6692,41.2722,0.0013,0.0000,0,0,0.0000,0,0.0000,0,0,0,418,0
1807,1.6227,38.4004,0.0012,0.0000,0,0,0.0000,0,0.0000,0,0,0,418,0
1808,3.8659,27.6472,0.0013,0.0000,0,0,0.0000,0,0.0000,0,0,0,380,0
1809,1.6612,23.8591,0.0012,0.0000,0,0,0.0000,0,0.0000,0,0,0,380,0
1810,1.6679,32.6992,0.0030,0.0000,0,0,0.0000,0,0.0000,0,0,0,418,0
1811,1.6084,27.2825,0.0014,0.0000,0,0,0.0000,0,0.0000,0,0,0,418,0
1812,1.6447,37.0666,0.0018,0.0000,0,0,0.0000,0,0.0000,0,0,0,418,0
1813,1.6658,32.3107,0.0013,0.0000,0,0,0.0000,0,0.0000,0,0,0,418,0
1814,1.6692,39.6763,0.0010,0.0000,0,0,0.0000,0,0.0000,0,0,0,418,0
1815,1.6227,36.6808,0.0013,0.0000,0,0,0.0000,0,0.0000,0,0,0,418,0
1816,3.8659,26.0407,0.0014,0.0000,0,0,0.0000,0,0.0000,0,0,0,380,0
1817,1.6612,22.1437,0.0009,0.0000,0,0,0.0000,0,0.0000,0,0,0,380,0
1818,1.6679,30.8957,0.0011,0.0000,0,0,0.0000,0,0.0000,0,0,0,418,0
1819,1.6084,25.5564,0.0010,0.0000,0,0,0.0000,0,0.0000,0,0,0,418,0
1820,1.6447,35.4365,0.0013,0.0000,0,0,0.0000,0,0.0000,0,0,0,418,0
1821,1.6658,30.5135,0.0010,0.0000,0,0,0.0000,0,0.0000,0,0,0,418,0
1822,1.6692,38.0439,0.0011,0.0000,0,0,0.0000,0,0.0000,0,0,0,418,0
1823,1.6227,34.9660,0.0008,0.0000,0,0,0.0000,0,0.0000,0,0,0,418,0
1824,3.8659,26.6258,0.0011,0.0000,0,0,0.0000,0,0.0000,0,0,0,380,0
1825,1.6612,22.7080,0.0008,0.0000,0,0,0.0000,0,0.0000,0,0,0,380,0
1826,1.6679,31.6206,0.0010,0.0000,0,0,0.0000,0,0.0000,0,0,0,418,0
1827,1.6084,26.1589,0.0013,0.0000,0,0,0.0000,0,0.0000,0,0,0,418,0
1828,1.6447,35.9881,0.0015,0.0000,0,0,0.0000,0,0.0000,0,0,0,418,0
1829,1.6658,31.2429,0.0006,0.0000,0,0,0.0000,0,0.0000,0,0,0,418,0
1830,1.6692,38.6554,0.0013,0.0000,0,0,0.0000,0,0.0000,0,0,0,418,0
1831,1.6227,35.6218,0.0012,0.0000,0,0,0.0000,0,0.0000,0,0,0,418,0
1832,3.8659,26.4638,0.0011,0.0000,0,0,0.0000,0,0.0000,0,0,0,380,0
1833,1.6612,22.6068,0.0013,0.0000,0,0,0.0000,0,0.0000,0,0,0,380,0
1834,1.6679,31.5109,0.0013,0.0000,0,0,0.0000,0,0.0000,0,0,0,418,0
1835,1.6084,25.9740,0.0010,0.0000,0,0,0.0000,0,0.0000,0,0,0,418,0
1836,1.6447,35.9243,0.0015,0.0000,0,0,0.0000,0,0.0000,0,0,0,418,0
1837,1.6658,31.0767,0.0010,0.0000,0,0,0.0000,0,0.0000,0,0,0,418,0
1838,1.6692,38.5537,0.0013,0.0000,0,0,0.0000,0,0.0000,0,0,0,418,0
1839,1.6227,35.5346,0.0012,0.0000,0,0,0.0000,0,0.0000,0,0,0,418,0
1840,3.8659,26.5837,0.0013,0.0000,0,0,0.0000,0,0.0000,0,0,0,380,0
1841,1.6612,22.8173,0.0014,0.0000,0,0,0.0000,0,0.0000,0,0,0,380,0
1842,1.6679,31.6669,0.0013,0.0000,0,0,0.0000,0,0.0000,0,0,0,418,0
1843,1.6084,26.1593,0.0008,0.0000,0,0,0.0000,0,0.0000,0,0,0,418,0
1844,1.6447,36.2189,0.0013,0.0000,0,0,0.0000,0,0.0000,0,0,0,418,0
1845,1.6658,31.2824,0.0010,0.0000,0,0,0.0000,0,0.0000,0,0,0,418,0
1846,1.6692,38.7952,0.0012,0.0000,0,0,0.0000,0,0.0000,0,0,0,418,0
1847,1.6227,35.7818,0.0008,0.0000,0,0,0.0000,0,0.0000,0,0,0,418,0
1848,3.8659,26.7153,0.0015,0.0000,0,0,0.0000,0,0.0000,0,0,0,380,0
1849,1.6612,22.8605,0.0009,0.0000,0,0,0.0000,0,0.0000,0,0,0,380,0
1850,1.6679,31.6864,0.0018,0.0000,0,0,0.0000,0,0.0000,0,0,0,418,0
1851,1.6084,26.2093,0.0011,0.0000,0,0,0.0000,0,0.0000,0,0,0,418,0
1852,1.6447,36.3135,0.0039,0.0000,0,0,0.0000,0,0.0000,0,0,0,418,0
1853,1.6658,31.2244,0.0022,0.0000,0,0,0.0000,0,0.0000,0,0,0,418,0
1854,1.6692,38.8678,0.0018,0.0000,0,0,0.0000,0,0.0000,0,0,0,418,0
1855,1.6227,35.8544,0.0026,0.0000,0,0,0.0000,0,0.0000,0,0,0,418,0
1856,3.8659,27.0188,0.0013,0.0000,0,0,0.0000,0,0.0000,0,0,0,380,0
1857,1.6612,23.1291,0.0013,0.0000,0,0,0.0000,0,0.0000,0,0,0,380,0
1858,1.6679,32.0210,0.0009,0.0000,0,0,0.0000,0,0.0000,0,0,0,418,0
1859,1.6084,26.4487,0.0011,0.0000,0,0,0.0000,0,0.0000,0,0,0,418,0
1860,1.6447,35.9977,0.0015,0.0000,0,0,0.0000,0,0.0000,0,0,0,418,0
1861,1.6658,31.4411,0.0007,0.0000,0,0,0.0000,0,0.0000,0,0,0,418,0
1862,1.6692,38.4614,0.0012,0.0000,0,0,0.0000,0,0.0000,0,0,0,418,0
1863,1.6227,35.3770,0.0011,0.0000,0,0,0.0000,0,0.0000,0,0,0,418,0
1864,3.8659,26.8818,0.0014,0.0000,0,0,0.0000,0,0.0000,0,0,0,380,0
1865,1.6612,22.8920,0.0010,0.0000,0,0,0.0000,0,0.0000,0,0,0,380,0
1866,1.6679,31.6866,0.0013,0.0000,0,0,0.0000,0,0.0000,0,0,0,418,0
1867,1.6084,26.3206,0.0012,0.0000,0,0,0.0000,0,0.0000,0,0,0,418,0
1868,1.6447,35.7587,0.0013,0.0000,0,0,0.0000,0,0.0000,0,0,0,418,0
1869,1.6658,31.2309,0.0012,0.0000,0,0,0.0000,0,0.0000,0,0,0,418,0
1870,1.6692,38.3126,0.0010,0.0000,0,0,0.0000,0,0.0000,0,0,0,418,0
1871,1.6227,35.2852,0.0010,0.0000,0,0,0.0000,0,0.0000,0,0,0,418,0
1872,3.8659,26.5567,0.0012,0.0000,0,0,0.0000,0,0.0000,0,0,0,380,0
1873,1.6612,22.5776,0.0007,0.0000,0,0,0.0000,0,0.0000,0,0,0,380,0
1874,1.6679,31.3749,0.0011,0.0000,0,0,0.0000,0,0.0000,0,0,0,418,0
1875,1.6084,25.9542,0.0008,0.0000,0,0,0.0000,0,0.0000,0,0,0,418,0
1876,1.6447,35.8475,0.0019,0.0000,0,0,0.0000,0,0.0000,0,0,0,418,0
1877,1.6658,30.9140,0.0013,0.0000,0,0,0.0000,0,0.0000,0,0,0,418,0
1878,1.6692,38.4179,0.0014,0.0000,0,0,0.0000,0,0.0000,0,0,0,418,0
1879,1.6227,35.3866,0.0014,0.0000,0,0,0.0000,0,0.0000,0,0,0,418,0
1880,3.8659,26.5774,0.0013,0.0000,0,0,0.0000,0,0.0000,0,0,0,380,0
1881,1.6612,22.7737,0.0015,0.0000,0,0,0.0000,0,0.0000,0,0,0,380,0
1882,1.6679,31.6479,0.0011,0.0000,0,0,0.0000,0,0.0000,0,0,0,418,0
1883,1.6084,26.2188,0.0011,0.0000,0,0,0.0000,0,0.0000,0,0,0,418,0
1884,1.6447,36.2461,0.0017,0.0000,0,0,0.0000,0,0.0000,0,0,0,418,0
1885,1.6658,31.3053,0.0008,0.0000,0,0,0.0000,0,0.0000,0,0,0,418,0
1886,1.6692,38.9126,0.0016,0.0000,0,0,0.0000,0,0.0000,0,0,0,418,0
1887,1.6227,35.8575,0.0009,0.0000,0,0,0.0000,0,0.0000,0,0,0,418,0
1888,3.8659,26.8036,0.0019,0.0000,0,0,0.0000,0,0.0000,0,0,0,380,0
1889,1.6612,22.8501,0.0011,0.0000,0,0,0.0000,0,0.0000,0,0,0,380,0
1890,1.6679,31.6827,0.0015,0.0000,0,0,0.0000,0,0.0000,0,0,0,418,0
1891,1.6084,26.3030,0.0014,0.0000,0,0,0.0000,0,0.0000,0,0,0,418,0
1892,1.6447,36.0353,0.0025,0.0000,0,0,0.0000,0,0.0000,0,0,0,418,0
1893,1.6658,31.2452,0.0013,0.0000,0,0,0.0000,0,0.0000,0,0,0,418,0
1894,1.6692,38.5854,0.0015,0.0000,0,0,0.0000,0,0.0000,0,0,0,418,0
1895,1.6227,35.5065,0.0018,0.0000,0,0,0.0000,0,0.0000,0,0,0,418,0
1896,3.8659,26.7301,0.0014,0.0000,0,0,0.0000,0,0.0000,0,0,0,380,0
1897,1.6612,22.8469,0.0013,0.0000,0,0,0.0000,0,0.0000,0,0,0,380,0
1898,1.6679,31.6965,0.0011,0.0000,0,0,0.0000,0,0.0000,0,0,0,418,0
1899,1.6084,26.1287,0.0013,0.0000,0,0,0.0000,0,0.0000,0,0,0,418,0
1900,1.6447,35.8220,0.0021,0.0000,0,0,0.0000,0,0.0000,0,0,0,418,0
1901,1.6658,31.1240,0.0007,0.0000,0,0,0.0000,0,0.0000,0,0,0,418,0
1902,1.6692,38.3309,0.0011,0.0000,0,0,0.0000,0,0.0000,0,0,0,418,0
1903,1.6227,35.2190,0.0008,0.0000,0,0,0.0000,0,0.0000,0,0,0,418,0
1904,3.8659,26.7375,0.0013,0.0000,0,0,0.0000,0,0.0000,0,0,0,380,0
1905,1.6612,22.7986,0.0007,0.0000,0,0,0.0000,0,0.0000,0,0,0,380,0
1906,1.6679,31.6147,0.0012,0.0000,0,0,0.0000,0,0.0000,0,0,0,418,0
1907,1.6084,26.1552,0.0008,0.0000,0,0,0.0000,0,0.0000,0,0,0,418,0
1908,1.6447,35.8629,0.0019,0.0000,0,0,0.0000,0,0.0000,0,0,0,418,0
1909,1.6658,31.0190,0.0008,0.0000,0,0,0.0000,0,0.0000,0,0,0,418,0
1910,1.6692,38.3253,0.0012,0.0000,0,0,0.0000,0,0.0000,0,0,0,418,0
1911,1.6227,35.2595,0.0013,0.0000,0,0,0.0000,0,0.0000,0,0,0,418,0
1912,3.8659,26.6380,0.0014,0.0000,0,0,0.0000,0,0.0000,0,0,0,380,0
1913,1.6612,22.7532,0.0010,0.0000,0,0,0.0000,0,0.0000,0,0,0,380,0
1914,1.6679,31.6071,0.0012,0.0000,0,0,0.0000,0,0.0000,0,0,0,418,0
1915,1.6084,26.1060,0.0030,0.0000,0,0,0.0000,0,0.0000,0,0,0,418,0
1916,1.6447,35.9259,0.0015,0.0000,0,0,0.0000,0,0.0000,0,0,0,418,0
1917,1.6658,31.1813,0.0012,0.0000,0,0,0.0000,0,0.0000,0,0,0,418,0
1918,1.6692,38.4945,0.0016,0.0000,0,0,0.0000,0,0.0000,0,0,0,418,0
1919,1.6227,35.4939,0.0010,0.0000,0,0,0.0000,0,0.0000,0,0,0,418,0
1920,3.8659,26.5035,0.0015,0.0000,0,0,0.0000,0,0.0000,0,0,0,380,0
1921,1.6612,22.6475,0.0017,0.0000,0,0,0.0000,0,0.0000,0,0,0,380,0
1922,1.6679,32.8777,0.0018,0.0000,0,0,0.0000,0,0.0000,0,0,0,418,0
1923,1.6084,25.9983,0.0015,0.0000,0,0,0.0000,0,0.0000,0,0,0,418,0
1924,1.6447,35.4506,0.0035,0.0000,0,0,0.0000,0,0.0000,0,0,0,418,0
1925,1.6658,32.2404,0.0017,0.0000,0,0,0.0000,0,0.0000,0,0,0,418,0
1926,1.6692,38.0584,0.0015,0.0000,0,0,0.0000,0,0.0000,0,0,0,418,0
1927,1.6227,35.0146,0.0016,0.0000,0,0,0.0000,0,0.0000,0,0,0,418,0
1928,3.8659,26.5617,0.0107,0.0000,0,0,0.0000,0,0.0000,0,0,0,380,0
1929,1.6612,22.3988,0.0015,0.0000,0,0,0.0000,0,0.0000,0,0,0,380,0
1930,1.6679,33.5099,0.0015,0.0000,0,0,0.0000,0,0.0000,0,0,0,418,0
1931,1.6084,26.0011,0.0108,0.0000,0,0,0.0000,0,0.0000,0,0,0,418,0
1932,1.6447,36.2802,0.0040,0.0000,0,0,0.0000,0,0.0000,0,0,0,418,0
1933,1.6658,32.9277,0.0058,0.0000,0,0,0.0000,0,0.0000,0,0,0,418,0
1934,1.6692,38.9500,0.0023,0.0000,0,0,0.0000,0,0.0000,0,0,0,418,0
1935,1.6227,35.7649,0.0020,0.0000,0,0,0.0000,0,0.0000,0,0,0,418,0
1936,3.8659,29.1184,0.0037,0.0000,0,0,0.0000,0,0.0000,0,0,0,380,0
1937,1.6612,25.2905,0.0023,0.0000,0,0,0.0000,0,0.0000,0,0,0,380,0
1938,1.6679,34.2307,0.0031,0.0000,0,0,0.0000,0,0.0000,0,0,0,418,0
1939,1.6084,28.5865,0.0013,0.0000,0,0,0.0000,0,0.0000,0,0,0,418,0
1940,1.6447,38.1297,0.0017,0.0000,0,0,0.0000,0,0.0000,0,0,0,418,0
1941,1.6658,33.6220,0.0030,0.0000,0,0,0.0000,0,0.0000,0,0,0,418,0
1942,1.6692,40.5931,0.0010,0.0000,0,0,0.0000,0,0.0000,0,0,0,418,0
1943,1.6227,37.5558,0.0013,0.0000,0,0,0.0000,0,0.0000,0,0,0,418,0
1944,3.8659,27.7053,0.0022,0.0000,0,0,0.0000,0,0.0000,0,0,0,380,0
1945,1.6612,23.0634,0.0011,0.0000,0,0,0.0000,0,0.0000,0,0,0,380,0
1946,1.6679,31.9346,0.0031,0.0000,0,0,0.0000,0,0.0000,0,0,0,418,0
1947,1.6084,26.1480,0.0010,0.0000,0,0,0.0000,0,0.0000,0,0,0,418,0
1948,1.6447,35.8488,0.0030,0.0000,0,0,0.0000,0,0.0000,0,0,0,418,0
1949,1.6658,30.9502,0.0009,0.0000,0,0,0.0000,0,0.0000,0,0,0,418,0
1950,1.6692,37.8974,0.0018,0.0000,0,0,0.0000,0,0.0000,0,0,0,418,0
1951,1.6227,34.3698,0.0010,0.0000,0,0,0.0000,0,0.0000,0,0,0,418,0
1952,3.8659,27.0499,0.0015,0.0000,0,0,0.0000,0,0.0000,0,0,0,380,0
1953,1.6612,22.8724,0.0019,0.0000,0,0,0.0000,0,0.0000,0,0,0,380,0
1954,1.6679,32.6917,0.0018,0.0000,0,0,0.0000,0,0.0000,0,0,0,418,0
1955,1.6084,26.1448,0.0015,0.0000,0,0,0.0000,0,0.0000,0,0,0,418,0
1956,1.6447,35.3024,0.0019,0.0000,0,0,0.0000,0,0.0000,0,0,0,418,0
1957,1.6658,32.1675,0.0006,0.0000,0,0,0.0000,0,0.0000,0,0,0,418,0
1958,1.6692,38.0376,0.0021,0.0000,0,0,0.0000,0,0.0000,0,0,0,418,0
1959,1.6227,34.8359,0.0008,0.0000,0,0,0.0000,0,0.0000,0,0,0,418,0
1960,3.8659,26.2503,0.0008,0.0000,0,0,0.0000,0,0.0000,0,0,0,380,0
1961,1.6612,22.2587,0.0006,0.0000,0,0,0.0000,0,0.0000,0,0,0,380,0
1962,1.6679,31.2536,0.0006,0.0000,0,0,0.0000,0,0.0000,0,0,0,418,0
1963,1.6084,25.7754,0.0009,0.0000,0,0,0.0000,0,0.0000,0,0,0,418,0
1964,1.6447,36.4439,0.0009,0.0000,0,0,0.0000,0,0.0000,0,0,0,418,0
1965,1.6658,30.9375,0.0007,0.0000,0,0,0.0000,0,0.0000,0,0,0,418,0
1966,1.6692,39.2356,0.0013,0.0000,0,0,0.0000,0,0.0000,0,0,0,418,0
1967,1.6227,36.0448,0.0008,0.0000,0,0,0.0000,0,0.0000,0,0,0,418,0
1968,3.8659,29.5266,0.0009,0.0000,0,0,0.0000,0,0.0000,0,0,0,380,0
1969,1.6612,25.6619,0.0010,0.0000,0,0,0.0000,0,0.0000,0,0,0,380,0
1970,1.6679,35.3109,0.0009,0.0000,0,0,0.0000,0,0.0000,0,0,0,418,0
1971,1.6084,29.2028,0.0008,0.0000,0,0,0.0000,0,0.0000,0,0,0,418,0
1972,1.6447,38.0715,0.0011,0.0000,0,0,0.0000,0,0.0000,0,0,0,418,0
1973,1.6658,35.1141,0.0011,0.0000,0,0,0.0000,0,0.0000,0,0,0,418,0
1974,1.6692,40.8753,0.0008,0.0000,0,0,0.0000,0,0.0000,0,0,0,418,0
1975,1.6227,37.8906,0.0012,0.0000,0,0,0.0000,0,0.0000,0,0,0,418,0
1976,3.8659,25.5338,0.0013,0.0000,0,0,0.0000,0,0.0000,0,0,0,380,0
1977,1.6612,21.5415,0.0009,0.0000,0,0,0.0000,0,0.0000,0,0,0,380,0
1978,1.6679,30.3745,0.0011,0.0000,0,0,0.0000,0,0.0000,0,0,0,418,0
1979,1.6084,24.9570,0.0008,0.0000,0,0,0.0000,0,0.0000,0,0,0,418,0
1980,1.6447,34.3455,0.0015,0.0000,0,0,0.0000,0,0.0000,0,0,0,418,0
1981,1.6658,29.9947,0.0007,0.0000,0,0,0.0000,0,0.0000,0,0,0,418,0
1982,1.6692,36.9569,0.0011,0.0000,0,0,0.0000,0,0.0000,0,0,0,418,0
1983,1.6227,33.8829,0.0013,0.0000,0,0,0.0000,0,0.0000,0,0,0,418,0
1984,3.8659,27.9701,0.0012,0.0000,0,0,0.0000,0,0.0000,0,0,0,380,0
1985,1.6612,24.1877,0.0014,0.0000,0,0,0.0000,0,0.0000,0,0,0,380,0
1986,1.6679,33.0212,0.0014,0.0000,0,0,0.0000,0,0.0000,0,0,0,418,0
1987,1.6084,27.5674,0.0010,0.0000,0,0,0.0000,0,0.0000,0,0,0,418,0
1988,1.6447,38.1287,0.0030,0.0000,0,0,0.0000,0,0.0000,0,0,0,418,0
1989,1.6658,32.6393,0.0017,0.0000,0,0,0.0000,0,0.0000,0,0,0,418,0
1990,1.6692,40.7071,0.0013,0.0000,0,0,0.0000,0,0.0000,0,0,0,418,0
1991,1.6227,37.7579,0.0010,0.0000,0,0,0.0000,0,0.0000,0,0,0,418,0
1992,3.8659,27.5112,0.0015,0.0000,0,0,0.0000,0,0.0000,0,0,0,380,0
1993,1.6612,23.6666,0.0020,0.0000,0,0,0.0000,0,0.0000,0,0,0,380,0
1994,1.6679,32.4654,0.0017,0.0000,0,0,0.0000,0,0.0000,0,0,0,418,0
1995,1.6084,27.0050,0.0015,0.0000,0,0,0.0000,0,0.0000,0,0,0,418,0
1996,1.6447,37.0329,0.0016,0.0000,0,0,0.0000,0,0.0000,0,0,0,418,0
1997,1.6658,31.9943,0.0025,0.0000,0,0,0.0000,0,0.0000,0,0,0,418,0
1998,1.6692,39.5596,0.0016,0.0000,0,0,0.0000,0,0.0000,0,0,0,418,0
1999,1.6227,36.6103,0.0017,0.0000,0,0,0.0000,0,0.0000,0,0,0,418,0
2000,3.8659,26.6169,0.0050,0.0000,0,0,0.0000,0,0.0000,0,0,0,380,0
2001,1.6612,22.4719,0.0018,0.0000,0,0,0.0000,0,0.0000,0,0,0,380,0
2002,1.6679,31.3782,0.0029,0.0000,0,0,0.0000,0,0.0000,0,0,0,418,0
2003,1.6084,26.1187,0.0051,0.0000,0,0,0.0000,0,0.0000,0,0,0,418,0
2004,1.6447,36.6157,0.0010,0.0000,0,0,0.0000,0,0.0000,0,0,0,418,0
2005,1.6658,30.9751,0.0017,0.0000,0,0,0.0000,0,0.0000,0,0,0,418,0
2006,1.6692,39.2418,0.0018,0.0000,0,0,0.0000,0,0.0000,0,0,0,418,0
2007,1.6227,36.2042,0.0010,0.0000,0,0,0.0000,0,0.0000,0,0,0,418,0
2008,3.8659,27.5443,0.0012,0.0000,0,0,0.0000,0,0.0000,0,0,0,380,0
2009,1.6612,23.6605,0.0019,0.0000,0,0,0.0000,0,0.0000,0,0,0,380,0
2010,1.6679,32.4807,0.0013,0.0000,0,0,0.0000,0,0.0000,0,0,0,418,0
2011,1.6084,26.9748,0.0010,0.0000,0,0,0.0000,0,0.0000,0,0,0,418,0
2012,1.6447,36.0250,0.0021,0.0000,0,0,0.0000,0,0.0000,0,0,0,418,0
2013,1.6658,31.9249,0.0008,0.0000,0,0,0.0000,0,0.0000,0,0,0,418,0
2014,1.6692,38.4701,0.0012,0.0000,0,0,0.0000,0,0.0000,0,0,0,418,0
2015,1.6227,35.5401,0.0011,0.0000,0,0,0.0000,0,0.0000,0,0,0,418,0
2016,3.8659,26.6899,0.0016,0.0000,0,0,0.0000,0,0.0000,0,0,0,380,0
2017,1.6612,22.2034,0.0008,0.0000,0,0,0.0000,0,0.0000,0,0,0,380,0
2018,1.6679,32.2314,0.0013,0.0000,0,0,0.0000,0,0.0000,0,0,0,418,0
2019,1.6084,25.1900,0.0010,0.0000,0,0,0.0000,0,0.0000,0,0,0,418,0
2020,1.6447,34.3618,0.0014,0.0000,0,0,0.0000,0,0.0000,0,0,0,418,0
2021,1.6658,29.9785,0.0016,0.0000,0,0,0.0000,0,0.0000,0,0,0,418,0
2022,1.6692,36.8147,0.0012,0.0000,0,0,0.0000,0,0.0000,0,0,0,418,0
2023,1.6227,32.9413,0.0012,0.0000,0,0,0.0000,0,0.0000,0,0,0,418,0
2024,3.8659,26.6274,0.0010,0.0000,0,0,0.0000,0,0.0000,0,0,0,380,0
2025,1.6612,21.9100,0.0013,0.0000,0,0,0.0000,0,0.0000,0,0,0,380,0
2026,1.6679,31.4855,0.0013,0.0000,0,0,0.0000,0,0.0000,0,0,0,418,0
2027,1.6084,25.0312,0.0012,0.0000,0,0,0.0000,0,0.0000,0,0,0,418,0
2028,1.6447,36.3440,0.0012,0.0000,0,0,0.0000,0,0.0000,0,0,0,418,0
2029,1.6658,29.5025,0.0012,0.0000,0,0,0.0000,0,0.0000,0,0,0,418,0
2030,1.6692,38.9565,0.0012,0.0000,0,0,0.0000,0,0.0000,0,0,0,418,0
2031,1.6227,35.2594,0.0016,0.0000,0,0,0.0000,0,0.0000,0,0,0,418,0
2032,3.8659,28.5008,0.0011,0.0000,0,0,0.0000,0,0.0000,0,0,0,380,0
2033,1.6612,23.9172,0.0013,0.0000,0,0,0.0000,0,0.0000,0,0,0,380,0
2034,1.6679,33.4044,0.0015,0.0000,0,0,0.0000,0,0.0000,0,0,0,418,0
2035,1.6084,26.9478,0.0013,0.0000,0,0,0.0000,0,0.0000,0,0,0,418,0
2036,1.6447,36.7176,0.0015,0.0000,0,0,0.0000,0,0.0000,0,0,0,418,0
2037,1.6658,31.4368,0.0016,0.0000,0,0,0.0000,0,0.0000,0,0,0,418,0
2038,1.6692,39.2793,0.0022,0.0000,0,0,0.0000,0,0.0000,0,0,0,418,0
2039,1.6227,35.5329,0.0016,0.0000,0,0,0.0000,0,0.0000,0,0,0,418,0
2040,3.8659,25.1517,0.0014,0.0000,0,0,0.0000,0,0.0000,0,0,0,380,0
2041,1.6612,20.5441,0.0016,0.0000,0,0,0.0000,0,0.0000,0,0,0,380,0
2042,1.6679,30.1205,0.0012,0.0000,0,0,0.0000,0,0.0000,0,0,0,418,0
2043,1.6084,23.6464,0.0015,0.0000,0,0,0.0000,0,0.0000,0,0,0,418,0
2044,1.6447,34.8552,0.0013,0.0000,0,0,0.0000,0,0.0000,0,0,0,418,0
2045,1.6658,28.1985,0.0019,0.0000,0,0,0.0000,0,0.0000,0,0,0,418,0
2046,1.6692,37.4039,0.0010,0.0000,0,0,0.0000,0,0.0000,0,0,0,418,0
2047,1.6227,33.7236,0.0022,0.0000,0,0,0.0000,0,0.0000,0,0,0,418,0
2048,3.8659,27.4938,0.0010,0.0000,0,0,0.0000,0,0.0000,0,0,0,380,0
2049,1.6612,22.8691,0.0011,0.0000,0,0,0.0000,0,0.0000,0,0,0,380,0
2050,1.6679,32.4045,0.0009,0.0000,0,0,0.0000,0,0.0000,0,0,0,418,0
2051,1.6084,25.9058,0.0010,0.0000,0,0,0.0000,0,0.0000,0,0,0,418,0
2052,1.6447,37.1101,0.0011,0.0000,0,0,0.0000,0,0.0000,0,0,0,418,0
2053,1.6658,30.3482,0.0010,0.0000,0,0,0.0000,0,0.0000,0,0,0,418,0
2054,1.6692,39.6072,0.0010,0.0000,0,0,0.0000,0,0.0000,0,0,0,418,0
2055,1.6227,35.8822,0.0015,0.0000,0,0,0.0000,0,0.0000,0,0,0,418,0
2056,3.8659,26.6691,0.0010,0.0000,0,0,0.0000,0,0.0000,0,0,0,380,0
2057,1.6612,22.0686,0.0010,0.0000,0,0,0.0000,0,0.0000,0,0,0,380,0
2058,1.6679,31.4956,0.0014,0.0000,0,0,0.0000,0,0.0000,0,0,0,418,0
2059,1.6084,25.1661,0.0010,0.0000,0,0,0.0000,0,0.0000,0,0,0,418,0
2060,1.6447,36.0800,0.0013,0.0000,0,0,0.0000,0,0.0000,0,0,0,418,0
2061,1.6658,29.7368,0.0012,0.0000,0,0,0.0000,0,0.0000,0,0,0,418,0
2062,1.6692,38.7140,0.0014,0.0000,0,0,0.0000,0,0.0000,0,0,0,418,0
2063,1.6227,35.0605,0.0014,0.0000,0,0,0.0000,0,0.0000,0,0,0,418,0
2064,3.8659,26.2549,0.0013,0.0000,0,0,0.0000,0,0.0000,0,0,0,380,0
2065,1.6612,21.7687,0.0014,0.0000,0,0,0.0000,0,0.0000,0,0,0,380,0
2066,1.6679,31.2430,0.0010,0.0000,0,0,0.0000,0,0.0000,0,0,0,418,0
2067,1.6084,24.8961,0.0013,0.0000,0,0,0.0000,0,0.0000,0,0,0,418,0
2068,1.6447,35.0285,0.0012,0.0000,0,0,0.0000,0,0.0000,0,0,0,418,0
2069,1.6658,29.4904,0.0011,0.0000,0,0,0.0000,0,0.0000,0,0,0,418,0
2070,1.6692,37.6027,0.0013,0.0000,0,0,0.0000,0,0.0000,0,0,0,418,0
2071,1.6227,33.9988,0.0020,0.0000,0,0,0.0000,0,0.0000,0,0,0,418,0
2072,3.8659,25.7188,0.0013,0.0000,0,0,0.0000,0,0.0000,0,0,0,380,0
2073,1.6612,21.2113,0.0015,0.0000,0,0,0.0000,0,0.0000,0,0,0,380,0
2074,1.6679,30.6358,0.0010,0.0000,0,0,0.0000,0,0.0000,0,0,0,418,0
2075,1.6084,24.3565,0.0012,0.0000,0,0,0.0000,0,0.0000,0,0,0,418,0
2076,1.6447,35.6966,0.0013,0.0000,0,0,0.0000,0,0.0000,0,0,0,418,0
2077,1.6658,28.8762,0.0015,0.0000,0,0,0.0000,0,0.0000,0,0,0,418,0
2078,1.6692,38.2343,0.0013,0.0000,0,0,0.0000,0,0.0000,0,0,0,418,0
2079,1.6227,34.7309,0.0013,0.0000,0,0,0.0000,0,0.0000,0,0,0,418,0
2080,3.8659,27.2662,0.0015,0.0000,0,0,0.0000,0,0.0000,0,0,0,380,0
2081,1.6612,22.8192,0.0016,0.0000,0,0,0.0000,0,0.0000,0,0,0,380,0
2082,1.6679,32.2209,0.0016,0.0000,0,0,0.0000,0,0.0000,0,0,0,418,0
2083,1.6084,25.9472,0.0014,0.0000,0,0,0.0000,0,0.0000,0,0,0,418,0
2084,1.6447,36.8581,0.0014,0.0000,0,0,0.0000,0,0.0000,0,0,0,418,0
2085,1.6658,30.5920,0.0022,0.0000,0,0,0.0000,0,0.0000,0,0,0,418,0
2086,1.6692,39.4610,0.0010,0.0000,0,0,0.0000,0,0.0000,0,0,0,418,0
2087,1.6227,35.8523,0.0041,0.0000,0,0,0.0000,0,0.0000,0,0,0,418,0
2088,3.8659,26.3178,0.0010,0.0000,0,0,0.0000,0,0.0000,0,0,0,380,0
2089,1.6612,21.8589,0.0013,0.0000,0,0,0.0000,0,0.0000,0,0,0,380,0
2090,1.6679,31.2516,0.0010,0.0000,0,0,0.0000,0,0.0000,0,0,0,418,0
2091,1.6084,25.0233,0.0013,0.0000,0,0,0.0000,0,0.0000,0,0,0,418,0
2092,1.6447,35.5931,0.0010,0.0000,0,0,0.0000,0,0.0000,0,0,0,418,0
2093,1.6658,29.6701,0.0013,0.0000,0,0,0.0000,0,0.0000,0,0,0,418,0
2094,1.6692,38.2096,0.0010,0.0000,0,0,0.0000,0,0.0000,0,0,0,418,0
2095,1.6227,34.5947,0.0013,0.0000,0,0,0.0000,0,0.0000,0,0,0,418,0
2096,3.8659,26.4277,0.0011,0.0000,0,0,0.0000,0,0.0000,0,0,0,380,0
2097,1.6612,21.8833,0.0013,0.0000,0,0,0.0000,0,0.0000,0,0,0,380,0
2098,1.6679,31.2248,0.0010,0.0000,0,0,0.0000,0,0.0000,0,0,0,418,0
2099,1.6084,25.0400,0.0010,0.0000,0,0,0.0000,0,0.0000,0,0,0,418,0
2100,1.6447,35.6226,0.0010,0.0000,0,0,0.0000,0,0.0000,0,0,0,418,0
2101,1.6658,29.5867,0.0010,0.0000,0,0,0.0000,0,0.0000,0,0,0,418,0
2102,1.6692,38.1541,0.0020,0.0000,0,0,0.0000,0,0.0000,0,0,0,418,0
2103,1.6227,34.4974,0.0011,0.0000,0,0,0.0000,0,0.0000,0,0,0,418,0
2104,3.8659,26.5192,0.0013,0.0000,0,0,0.0000,0,0.0000,0,0,0,380,0
2105,1.6612,22.0671,0.0010,0.0000,0,0,0.0000,0,0.0000,0,0,0,380,0
2106,1.6679,31.4225,0.0010,0.0000,0,0,0.0000,0,0.0000,0,0,0,418,0
2107,1.6084,25.2360,0.0019,0.0000,0,0,0.0000,0,0.0000,0,0,0,418,0
2108,1.6447,35.9275,0.0010,0.0000,0,0,0.0000,0,0.0000,0,0,0,418,0
2109,1.6658,29.8138,0.0014,0.0000,0,0,0.0000,0,0.0000,0,0,0,418,0
2110,1.6692,38.4845,0.0012,0.0000,0,0,0.0000,0,0.0000,0,0,0,418,0
2111,1.6227,34.9447,0.0016,0.0000,0,0,0.0000,0,0.0000,0,0,0,418,0
2112,3.8659,26.4367,0.0013,0.0000,0,0,0.0000,0,0.0000,0,0,0,380,0
2113,1.6612,22.0883,0.0012,0.0000,0,0,0.0000,0,0.0000,0,0,0,380,0
2114,1.6679,31.3802,0.0013,0.0000,0,0,0.0000,0,0.0000,0,0,0,418,0
2115,1.6084,25.3194,0.0013,0.0000,0,0,0.0000,0,0.0000,0,0,0,418,0
2116,1.6447,35.9939,0.0014,0.0000,0,0,0.0000,0,0.0000,0,0,0,418,0
2117,1.6658,29.9960,0.0019,0.0000,0,0,0.0000,0,0.0000,0,0,0,418,0
2118,1.6692,38.5897,0.0011,0.0000,0,0,0.0000,0,0.0000,0,0,0,418,0
2119,1.6227,35.0799,0.0023,0.0000,0,0,0.0000,0,0.0000,0,0,0,418,0
2120,3.8659,26.4979,0.0011,0.0000,0,0,0.0000,0,0.0000,0,0,0,380,0
2121,1.6612,22.0418,0.0013,0.0000,0,0,0.0000,0,0.0000,0,0,0,380,0
2122,1.6679,31.3890,0.0013,0.0000,0,0,0.0000,0,0.0000,0,0,0,418,0
2123,1.6084,25.3156,0.0019,0.0000,0,0,0.0000,0,0.0000,0,0,0,418,0
2124,1.6447,35.6048,0.0015,0.0000,0,0,0.0000,0,0.0000,0,0,0,418,0
2125,1.6658,30.1564,0.0012,0.0000,0,0,0.0000,0,0.0000,0,0,0,418,0
2126,1.6692,38.1753,0.0009,0.0000,0,0,0.0000,0,0.0000,0,0,0,418,0
2127,1.6227,34.7513,0.0018,0.0000,0,0,0.0000,0,0.0000,0,0,0,418,0
2128,3.8659,26.2894,0.0012,0.0000,0,0,0.0000,0,0.0000,0,0,0,380,0
2129,1.6612,21.9508,0.0013,0.0000,0,0,0.0000,0,0.0000,0,0,0,380,0
2130,1.6679,31.1596,0.0013,0.0000,0,0,0.0000,0,0.0000,0,0,0,418,0
2131,1.6084,25.0673,0.0011,0.0000,0,0,0.0000,0,0.0000,0,0,0,418,0
2132,1.6447,35.7239,0.0016,0.0000,0,0,0.0000,0,0.0000,0,0,0,418,0
2133,1.6658,29.7223,0.0012,0.0000,0,0,0.0000,0,0.0000,0,0,0,418,0
2134,1.6692,38.2709,0.0012,0.0000,0,0,0.0000,0,0.0000,0,0,0,418,0
2135,1.6227,34.9130,0.0047,0.0000,0,0,0.0000,0,0.0000,0,0,0,418,0
2136,3.8659,26.9762,0.0012,0.0000,0,0,0.0000,0,0.0000,0,0,0,380,0
2137,1.6612,22.5740,0.0014,0.0000,0,0,0.0000,0,0.0000,0,0,0,380,0
2138,1.6679,31.7907,0.0009,0.0000,0,0,0.0000,0,0.0000,0,0,0,418,0
2139,1.6084,25.7193,0.0015,0.0000,0,0,0.0000,0,0.0000,0,0,0,418,0
2140,1.6447,36.4105,0.0011,0.0000,0,0,0.0000,0,0.0000,0,0,0,418,0
2141,1.6658,30.3994,0.0016,0.0000,0,0,0.0000,0,0.0000,0,0,0,418,0
2142,1.6692,38.9858,0.0009,0.0000,0,0,0.0000,0,0.0000,0,0,0,418,0
2143,1.6227,35.5554,0.0037,0.0000,0,0,0.0000,0,0.0000,0,0,0,418,0
2144,3.8659,26.6145,0.0009,0.0000,0,0,0.0000,0,0.0000,0,0,0,380,0
2145,1.6612,22.3833,0.0015,0.0000,0,0,0.0000,0,0.0000,0,0,0,380,0
2146,1.6679,32.7193,0.0009,0.0000,0,0,0.0000,0,0.0000,0,0,0,418,0
2147,1.6084,25.6268,0.0009,0.0000,0,0,0.0000,0,0.0000,0,0,0,418,0
2148,1.6447,35.2935,0.0007,0.0000,0,0,0.0000,0,0.0000,0,0,0,418,0
2149,1.6658,30.5363,0.0015,0.0000,0,0,0.0000,0,0.0000,0,0,0,418,0
2150,1.6692,37.8886,0.0010,0.0000,0,0,0.0000,0,0.0000,0,0,0,418,0
2151,1.6227,33.4096,0.0009,0.0000,0,0,0.0000,0,0.0000,0,0,0,418,0
2152,3.8659,26.0893,0.0013,0.0000,0,0,0.0000,0,0.0000,0,0,0,380,0
2153,1.6612,20.6436,0.0008,0.0000,0,0,0.0000,0,0.0000,0,0,0,380,0
2154,1.6679,30.7945,0.0010,0.0000,0,0,0.0000,0,0.0000,0,0,0,418,0
2155,1.6084,23.6220,0.0010,0.0000,0,0,0.0000,0,0.0000,0,0,0,418,0
2156,1.6447,35.3150,0.0010,0.0000,0,0,0.0000,0,0.0000,0,0,0,418,0
2157,1.6658,27.5262,0.0008,0.0000,0,0,0.0000,0,0.0000,0,0,0,418,0
2158,1.6692,37.8401,0.0010,0.0000,0,0,0.0000,0,0.0000,0,0,0,418,0
2159,1.6227,33.8576,0.0015,0.0000,0,0,0.0000,0,0.0000,0,0,0,418,0
2160,3.8659,28.4735,0.0010,0.0000,0,0,0.0000,0,0.0000,0,0,0,380,0
2161,1.6612,23.5926,0.0018,0.0000,0,0,0.0000,0,0.0000,0,0,0,380,0
2162,1.6679,33.3801,0.0015,0.0000,0,0,0.0000,0,0.0000,0,0,0,418,0
2163,1.6084,26.6337,0.0009,0.0000,0,0,0.0000,0,0.0000,0,0,0,418,0
2164,1.6447,38.1559,0.0009,0.0000,0,0,0.0000,0,0.0000,0,0,0,418,0
2165,1.6658,31.2020,0.0015,0.0000,0,0,0.0000,0,0.0000,0,0,0,418,0
2166,1.6692,40.8673,0.0014,0.0000,0,0,0.0000,0,0.0000,0,0,0,418,0
2167,1.6227,37.1447,0.0016,0.0000,0,0,0.0000,0,0.0000,0,0,0,418,0
2168,3.8659,26.8895,0.0011,0.0000,0,0,0.0000,0,0.0000,0,0,0,380,0
2169,1.6612,22.1805,0.0016,0.0000,0,0,0.0000,0,0.0000,0,0,0,380,0
2170,1.6679,31.8171,0.0009,0.0000,0,0,0.0000,0,0.0000,0,0,0,418,0
2171,1.6084,25.3108,0.0020,0.0000,0,0,0.0000,0,0.0000,0,0,0,418,0
2172,1.6447,36.1932,0.0014,0.0000,0,0,0.0000,0,0.0000,0,0,0,418,0
2173,1.6658,29.8570,0.0015,0.0000,0,0,0.0000,0,0.0000,0,0,0,418,0
2174,1.6692,38.8177,0.0009,0.0000,0,0,0.0000,0,0.0000,0,0,0,418,0
2175,1.6227,34.7758,0.0023,0.0000,0,0,0.0000,0,0.0000,0,0,0,418,0
2176,3.8659,26.4103,0.0009,0.0000,0,0,0.0000,0,0.0000,0,0,0,380,0
2177,1.6612,21.6637,0.0010,0.0000,0,0,0.0000,0,0.0000,0,0,0,380,0
2178,1.6679,31.1932,0.0009,0.0000,0,0,0.0000,0,0.0000,0,0,0,418,0
2179,1.6084,24.6804,0.0010,0.0000,0,0,0.0000,0,0.0000,0,0,0,418,0
2180,1.6447,35.4804,0.0009,0.0000,0,0,0.0000,0,0.0000,0,0,0,418,0
2181,1.6658,29.1704,0.0010,0.0000,0,0,0.0000,0,0.0000,0,0,0,418,0
2182,1.6692,38.0110,0.0011,0.0000,0,0,0.0000,0,0.0000,0,0,0,418,0
2183,1.6227,34.2721,0.0012,0.0000,0,0,0.0000,0,0.0000,0,0,0,418,0
2184,3.8659,26.3655,0.0010,0.0000,0,0,0.0000,0,0.0000,0,0,0,380,0
2185,1.6612,21.6417,0.0013,0.0000,0,0,0.0000,0,0.0000,0,0,0,380,0
2186,1.6679,31.1803,0.0010,0.0000,0,0,0.0000,0,0.0000,0,0,0,418,0
2187,1.6084,24.7234,0.0009,0.0000,0,0,0.0000,0,0.0000,0,0,0,418,0
2188,1.6447,35.7041,0.0009,0.0000,0,0,0.0000,0,0.0000,0,0,0,418,0
2189,1.6658,29.2019,0.0010,0.0000,0,0,0.0000,0,0.0000,0,0,0,418,0
2190,1.6692,38.3290,0.0010,0.0000,0,0,0.0000,0,0.0000,0,0,0,418,0
2191,1.6227,34.5830,0.0014,0.0000,0,0,0.0000,0,0.0000,0,0,0,418,0
2192,3.8659,26.3192,0.0011,0.0000,0,0,0.0000,0,0.0000,0,0,0,380,0
2193,1.6612,21.7542,0.0013,0.0000,0,0,0.0000,0,0.0000,0,0,0,380,0
2194,1.6679,31.3390,0.0015,0.0000,0,0,0.0000,0,0.0000,0,0,0,418,0
2195,1.6084,24.8840,0.0010,0.0000,0,0,0.0000,0,0.0000,0,0,0,418,0
2196,1.6447,35.9212,0.0009,0.0000,0,0,0.0000,0,0.0000,0,0,0,418,0
2197,1.6658,29.4565,0.0010,0.0000,0,0,0.0000,0,0.0000,0,0,0,418,0
2198,1.6692,38.5520,0.0011,0.0000,0,0,0.0000,0,0.0000,0,0,0,418,0
2199,1.6227,34.8028,0.0014,0.0000,0,0,0.0000,0,0.0000,0,0,0,418,0
2200,3.8659,26.3842,0.0011,0.0000,0,0,0.0000,0,0.0000,0,0,0,380,0
2201,1.6612,21.7667,0.0012,0.0000,0,0,0.0000,0,0.0000,0,0,0,380,0
2202,1.6679,31.3191,0.0012,0.0000,0,0,0.0000,0,0.0000,0,0,0,418,0
2203,1.6084,24.9155,0.0013,0.0000,0,0,0.0000,0,0.0000,0,0,0,418,0
2204,1.6447,35.8113,0.0012,0.0000,0,0,0.0000,0,0.0000,0,0,0,418,0
2205,1.6658,29.3780,0.0013,0.0000,0,0,0.0000,0,0.0000,0,0,0,418,0
2206,1.6692,38.3542,0.0012,0.0000,0,0,0.0000,0,0.0000,0,0,0,418,0
2207,1.6227,34.6183,0.0013,0.0000,0,0,0.0000,0,0.0000,0,0,0,418,0
2208,3.8659,26.3588,0.0013,0.0000,0,0,0.0000,0,0.0000,0,0,0,380,0
2209,1.6612,21.8614,0.0012,0.0000,0,0,0.0000,0,0.0000,0,0,0,380,0
2210,1.6679,31.3039,0.0022,0.0000,0,0,0.0000,0,0.0000,0,0,0,418,0
2211,1.6084,24.9232,0.0013,0.0000,0,0,0.0000,0,0.0000,0,0,0,418,0
2212,1.6447,34.8589,0.0014,0.0000,0,0,0.0000,0,0.0000,0,0,0,418,0
2213,1.6658,29.4198,0.0015,0.0000,0,0,0.0000,0,0.0000,0,0,0,418,0
2214,1.6692,37.4136,0.0014,0.0000,0,0,0.0000,0,0.0000,0,0,0,418,0
2215,1.6227,33.6944,0.0015,0.0000,0,0,0.0000,0,0.0000,0,0,0,418,0
2216,3.8659,25.4704,0.0010,0.0000,0,0,0.0000,0,0.0000,0,0,0,380,0
2217,1.6612,20.9370,0.0020,0.0000,0,0,0.0000,0,0.0000,0,0,0,380,0
2218,1.6679,30.4500,0.0010,0.0000,0,0,0.0000,0,0.0000,0,0,0,418,0
2219,1.6084,24.0140,0.0010,0.0000,0,0,0.0000,0,0.0000,0,0,0,418,0
2220,1.6447,35.4936,0.0010,0.0000,0,0,0.0000,0,0.0000,0,0,0,418,0
2221,1.6658,28.5659,0.0008,0.0000,0,0,0.0000,0,0.0000,0,0,0,418,0
2222,1.6692,38.0824,0.0008,0.0000,0,0,0.0000,0,0.0000,0,0,0,418,0
2223,1.6227,34.4665,0.0010,0.0000,0,0,0.0000,0,0.0000,0,0,0,418,0
2224,3.8659,27.7611,0.0011,0.0000,0,0,0.0000,0,0.0000,0,0,0,380,0
2225,1.6612,23.2808,0.0009,0.0000,0,0,0.0000,0,0.0000,0,0,0,380,0
2226,1.6679,32.6029,0.0011,0.0000,0,0,0.0000,0,0.0000,0,0,0,418,0
2227,1.6084,26.3752,0.0009,0.0000,0,0,0.0000,0,0.0000,0,0,0,418,0
2228,1.6447,35.8657,0.0010,0.0000,0,0,0.0000,0,0.0000,0,0,0,418,0
2229,1.6658,30.9296,0.0010,0.0000,0,0,0.0000,0,0.0000,0,0,0,418,0
2230,1.6692,38.3347,0.0010,0.0000,0,0,0.0000,0,0.0000,0,0,0,418,0
2231,1.6227,34.6507,0.0011,0.0000,0,0,0.0000,0,0.0000,0,0,0,418,0
2232,3.8659,24.9798,0.0012,0.0000,0,0,0.0000,0,0.0000,0,0,0,380,0
2233,1.6612,20.4208,0.0011,0.0000,0,0,0.0000,0,0.0000,0,0,0,380,0
2234,1.6679,29.8577,0.0010,0.0000,0,0,0.0000,0,0.0000,0,0,0,418,0
2235,1.6084,23.5863,0.0011,0.0000,0,0,0.0000,0,0.0000,0,0,0,418,0
2236,1.6447,34.0437,0.0013,0.0000,0,0,0.0000,0,0.0000,0,0,0,418,0
2237,1.6658,28.2286,0.0010,0.0000,0,0,0.0000,0,0.0000,0,0,0,418,0
2238,1.6692,36.6602,0.0011,0.0000,0,0,0.0000,0,0.0000,0,0,0,418,0
2239,1.6227,33.0729,0.0011,0.0000,0,0,0.0000,0,0.0000,0,0,0,418,0
2240,3.8659,26.7355,0.0012,0.0000,0,0,0.0000,0,0.0000,0,0,0,380,0
2241,1.6612,22.2346,0.0010,0.0000,0,0,0.0000,0,0.0000,0,0,0,380,0
2242,1.6679,31.6646,0.0013,0.0000,0,0,0.0000,0,0.0000,0,0,0,418,0
2243,1.6084,25.3465,0.0011,0.0000,0,0,0.0000,0,0.0000,0,0,0,418,0
2244,1.6447,37.6915,0.0015,0.0000,0,0,0.0000,0,0.0000,0,0,0,418,0
2245,1.6658,29.9678,0.0013,0.0000,0,0,0.0000,0,0.0000,0,0,0,418,0
2246,1.6692,40.3292,0.0016,0.0000,0,0,0.0000,0,0.0000,0,0,0,418,0
2247,1.6227,37.2086,0.0019,0.0000,0,0,0.0000,0,0.0000,0,0,0,418,0
2248,3.8659,28.0188,0.0012,0.0000,0,0,0.0000,0,0.0000,0,0,0,380,0
2249,1.6612,24.0582,0.0013,0.0000,0,0,0.0000,0,0.0000,0,0,0,380,0
2250,1.6679,32.9657,0.0011,0.0000,0,0,0.0000,0,0.0000,0,0,0,418,0
2251,1.6084,27.2957,0.0012,0.0000,0,0,0.0000,0,0.0000,0,0,0,418,0
2252,1.6447,37.6218,0.0018,0.0000,0,0,0.0000,0,0.0000,0,0,0,418,0
2253,1.6658,32.2999,0.0012,0.0000,0,0,0.0000,0,0.0000,0,0,0,418,0
2254,1.6692,40.3181,0.0015,0.0000,0,0,0.0000,0,0.0000,0,0,0,418,0
2255,1.6227,37.1473,0.0017,0.0000,0,0,0.0000,0,0.0000,0,0,0,418,0
2256,3.8659,25.9551,0.0015,0.0000,0,0,0.0000,0,0.0000,0,0,0,380,0
2257,1.6612,21.8143,0.0015,0.0000,0,0,0.0000,0,0.0000,0,0,0,380,0
2258,1.6679,30.9004,0.0014,0.0000,0,0,0.0000,0,0.0000,0,0,0,418,0
2259,1.6084,25.1010,0.0015,0.0000,0,0,0.0000,0,0.0000,0,0,0,418,0
2260,1.6447,35.9210,0.0018,0.0000,0,0,0.0000,0,0.0000,0,0,0,418,0
2261,1.6658,29.9990,0.0018,0.0000,0,0,0.0000,0,0.0000,0,0,0,418,0
2262,1.6692,38.5046,0.0016,0.0000,0,0,0.0000,0,0.0000,0,0,0,418,0
2263,1.6227,35.2761,0.0016,0.0000,0,0,0.0000,0,0.0000,0,0,0,418,0
2264,3.8659,27.6075,0.0015,0.0000,0,0,0.0000,0,0.0000,0,0,0,380,0
2265,1.6612,23.0750,0.0016,0.0000,0,0,0.0000,0,0.0000,0,0,0,380,0
2266,1.6679,37.7234,0.0046,0.0000,0,0,0.0000,0,0.0000,0,0,0,418,0
2267,1.6084,26.8720,0.0068,0.0000,0,0,0.0000,0,0.0000,0,0,0,418,0
2268,1.6447,40.3044,0.0018,0.0000,0,0,0.0000,0,0.0000,0,0,0,418,0
2269,1.6658,31.7298,0.0049,0.0000,0,0,0.0000,0,0.0000,0,0,0,418,0
2270,1.6692,44.2325,0.0010,0.0000,0,0,0.0000,0,0.0000,0,0,0,418,0
2271,1.6227,39.5093,0.0054,0.0000,0,0,0.0000,0,0.0000,0,0,0,418,0
2272,3.8659,33.9535,0.0018,0.0000,0,0,0.0000,0,0.0000,0,0,0,380,0
2273,1.6612,28.1777,0.0017,0.0000,0,0,0.0000,0,0.0000,0,0,0,380,0
2274,1.6679,36.2549,0.0025,0.0000,0,0,0.0000,0,0.0000,0,0,0,418,0
2275,1.6084,33.2131,0.0042,0.0000,0,0,0.0000,0,0.0000,0,0,0,418,0
2276,1.6447,38.6875,0.0016,0.0000,0,0,0.0000,0,0.0000,0,0,0,418,0
2277,1.6658,35.0347,0.0015,0.0000,0,0,0.0000,0,0.0000,0,0,0,418,0
2278,1.6692,40.5270,0.0016,0.0000,0,0,0.0000,0,0.0000,0,0,0,418,0
2279,1.6227,37.2444,0.0017,0.0000,0,0,0.0000,0,0.0000,0,0,0,418,0
2280,3.8659,24.7859,0.0015,0.0000,0,0,0.0000,0,0.0000,0,0,0,380,0
2281,1.6612,19.5830,0.0018,0.0000,0,0,0.0000,0,0.0000,0,0,0,380,0
2282,1.6679,27.3523,0.0013,0.0000,0,0,0.0000,0,0.0000,0,0,0,418,0
2283,1.6084,22.2059,0.0014,0.0000,0,0,0.0000,0,0.0000,0,0,0,418,0
2284,1.6447,29.4796,0.0013,0.0000,0,0,0.0000,0,0.0000,0,0,0,418,0
2285,1.6658,26.2251,0.0015,0.0000,0,0,0.0000,0,0.0000,0,0,0,418,0
2286,1.6692,31.7755,0.0010,0.0000,0,0,0.0000,0,0.0000,0,0,0,418,0
2287,1.6227,28.5300,0.0013,0.0000,0,0,0.0000,0,0.0000,0,0,0,418,0
2288,3.8659,28.5729,0.0012,0.0000,0,0,0.0000,0,0.0000,0,0,0,380,0
2289,1.6612,24.0923,0.0011,0.0000,0,0,0.0000,0,0.0000,0,0,0,380,0
2290,1.6679,33.5687,0.0012,0.0000,0,0,0.0000,0,0.0000,0,0,0,418,0
2291,1.6084,27.0360,0.0010,0.0000,0,0,0.0000,0,0.0000,0,0,0,418,0
2292,1.6447,35.4434,0.0009,0.0000,0,0,0.0000,0,0.0000,0,0,0,418,0
2293,1.6658,32.2095,0.0013,0.0000,0,0,0.0000,0,0.0000,0,0,0,418,0
2294,1.6692,37.1349,0.0013,0.0000,0,0,0.0000,0,0.0000,0,0,0,418,0
2295,1.6227,33.7816,0.0008,0.0000,0,0,0.0000,0,0.0000,0,0,0,418,0
2296,3.8659,27.6547,0.0013,0.0000,0,0,0.0000,0,0.0000,0,0,0,380,0
2297,1.6612,23.6506,0.0016,0.0000,0,0,0.0000,0,0.0000,0,0,0,380,0
2298,1.6679,32.5129,0.0012,0.0000,0,0,0.0000,0,0.0000,0,0,0,418,0
2299,1.6084,27.1440,0.0015,0.0000,0,0,0.0000,0,0.0000,0,0,0,418,0
2300,1.6447,37.9162,0.0022,0.0000,0,0,0.0000,0,0.0000,0,0,0,418,0
2301,1.6658,32.0630,0.0009,0.0000,0,0,0.0000,0,0.0000,0,0,0,418,0
2302,1.6692,40.5314,0.0013,0.0000,0,0,0.0000,0,0.0000,0,0,0,418,0
2303,1.6227,37.5277,0.0014,0.0000,0,0,0.0000,0,0.0000,0,0,0,418,0
2304,3.8659,29.4658,0.0015,0.0000,0,0,0.0000,0,0.0000,0,0,0,380,0
2305,1.6612,25.6055,0.0014,0.0000,0,0,0.0000,0,0.0000,0,0,0,380,0
2306,1.6679,34.3662,0.0011,0.0000,0,0,0.0000,0,0.0000,0,0,0,418,0
2307,1.6084,28.9423,0.0012,0.0000,0,0,0.0000,0,0.0000,0,0,0,418,0
2308,1.6447,38.4155,0.0015,0.0000,0,0,0.0000,0,0.0000,0,0,0,418,0
2309,1.6658,33.9233,0.0013,0.0000,0,0,0.0000,0,0.0000,0,0,0,418,0
2310,1.6692,40.9901,0.0010,0.0000,0,0,0.0000,0,0.0000,0,0,0,418,0
2311,1.6227,37.9342,0.0010,0.0000,0,0,0.0000,0,0.0000,0,0,0,418,0
2312,3.8659,25.8705,0.0011,0.0000,0,0,0.0000,0,0.0000,0,0,0,380,0
2313,1.6612,21.9796,0.0011,0.0000,0,0,0.0000,0,0.0000,0,0,0,380,0
2314,1.6679,30.8217,0.0010,0.0000,0,0,0.0000,0,0.0000,0,0,0,418,0
2315,1.6084,25.3280,0.0008,0.0000,0,0,0.0000,0,0.0000,0,0,0,418,0
2316,1.6447,35.1676,0.0022,0.0000,0,0,0.0000,0,0.0000,0,0,0,418,0
2317,1.6658,30.3064,0.0007,0.0000,0,0,0.0000,0,0.0000,0,0,0,418,0
2318,1.6692,37.7068,0.0011,0.0000,0,0,0.0000,0,0.0000,0,0,0,418,0
2319,1.6227,34.6887,0.0012,0.0000,0,0,0.0000,0,0.0000,0,0,0,418,0
2320,3.8659,26.7306,0.0010,0.0000,0,0,0.0000,0,0.0000,0,0,0,380,0
2321,1.6612,22.7515,0.0010,0.0000,0,0,0.0000,0,0.0000,0,0,0,380,0
2322,1.6679,31.7455,0.0009,0.0000,0,0,0.0000,0,0.0000,0,0,0,418,0
2323,1.6084,26.1890,0.0009,0.0000,0,0,0.0000,0,0.0000,0,0,0,418,0
2324,1.6447,35.6504,0.0015,0.0000,0,0,0.0000,0,0.0000,0,0,0,418,0
2325,1.6658,31.2926,0.0007,0.0000,0,0,0.0000,0,0.0000,0,0,0,418,0
2326,1.6692,38.3086,0.0013,0.0000,0,0,0.0000,0,0.0000,0,0,0,418,0
2327,1.6227,35.2869,0.0013,0.0000,0,0,0.0000,0,0.0000,0,0,0,418,0
2328,3.8659,26.2310,0.0014,0.0000,0,0,0.0000,0,0.0000,0,0,0,380,0
2329,1.6612,22.3276,0.0009,0.0000,0,0,0.0000,0,0.0000,0,0,0,380,0
2330,1.6679,31.1400,0.0014,0.0000,0,0,0.0000,0,0.0000,0,0,0,418,0
2331,1.6084,25.7452,0.0010,0.0000,0,0,0.0000,0,0.0000,0,0,0,418,0
2332,1.6447,35.9624,0.0015,0.0000,0,0,0.0000,0,0.0000,0,0,0,418,0
2333,1.6658,30.7617,0.0012,0.0000,0,0,0.0000,0,0.0000,0,0,0,418,0
2334,1.6692,38.5631,0.0012,0.0000,0,0,0.0000,0,0.0000,0,0,0,418,0
2335,1.6227,35.5870,0.0011,0.0000,0,0,0.0000,0,0.0000,0,0,0,418,0
2336,3.8659,27.0854,0.0015,0.0000,0,0,0.0000,0,0.0000,0,0,0,380,0
2337,1.6612,23.2982,0.0010,0.0000,0,0,0.0000,0,0.0000,0,0,0,380,0
2338,1.6679,32.1230,0.0020,0.0000,0,0,0.0000,0,0.0000,0,0,0,418,0
2339,1.6084,26.6604,0.0010,0.0000,0,0,0.0000,0,0.0000,0,0,0,418,0
2340,1.6447,36.6795,0.0022,0.0000,0,0,0.0000,0,0.0000,0,0,0,418,0
2341,1.6658,31.7315,0.0011,0.0000,0,0,0.0000,0,0.0000,0,0,0,418,0
2342,1.6692,39.3349,0.0016,0.0000,0,0,0.0000,0,0.0000,0,0,0,418,0
2343,1.6227,36.2924,0.0015,0.0000,0,0,0.0000,0,0.0000,0,0,0,418,0
2344,3.8659,26.6370,0.0015,0.0000,0,0,0.0000,0,0.0000,0,0,0,380,0
2345,1.6612,22.7607,0.0010,0.0000,0,0,0.0000,0,0.0000,0,0,0,380,0
2346,1.6679,32.0669,0.0114,0.0000,0,0,0.0000,0,0.0000,0,0,0,418,0
2347,1.6084,26.1252,0.0019,0.0000,0,0,0.0000,0,0.0000,0,0,0,418,0
2348,1.6447,36.3776,0.0017,0.0000,0,0,0.0000,0,0.0000,0,0,0,418,0
2349,1.6658,31.5571,0.0113,0.0000,0,0,0.0000,0,0.0000,0,0,0,418,0
2350,1.6692,38.9727,0.0025,0.0000,0,0,0.0000,0,0.0000,0,0,0,418,0
2351,1.6227,35.9108,0.0011,0.0000,0,0,0.0000,0,0.0000,0,0,0,418,0
2352,3.8659,27.2774,0.0017,0.0000,0,0,0.0000,0,0.0000,0,0,0,380,0
2353,1.6612,23.3553,0.0015,0.0000,0,0,0.0000,0,0.0000,0,0,0,380,0
2354,1.6679,32.4027,0.0014,0.0000,0,0,0.0000,0,0.0000,0,0,0,418,0
2355,1.6084,26.6294,0.0017,0.0000,0,0,0.0000,0,0.0000,0,0,0,418,0
2356,1.6447,34.8937,0.0016,0.0000,0,0,0.0000,0,0.0000,0,0,0,418,0
2357,1.6658,31.8405,0.0008,0.0000,0,0,0.0000,0,0.0000,0,0,0,418,0
2358,1.6692,37.3784,0.0012,0.0000,0,0,0.0000,0,0.0000,0,0,0,418,0
2359,1.6227,34.3010,0.0011,0.0000,0,0,0.0000,0,0.0000,0,0,0,418,0
2360,3.8659,26.1682,0.0011,0.0000,0,0,0.0000,0,0.0000,0,0,0,380,0
2361,1.6612,22.0155,0.0009,0.0000,0,0,0.0000,0,0.0000,0,0,0,380,0
2362,1.6679,30.5160,0.0013,0.0000,0,0,0.0000,0,0.0000,0,0,0,418,0
2363,1.6084,24.8007,0.0008,0.0000,0,0,0.0000,0,0.0000,0,0,0,418,0
2364,1.6447,33.9342,0.0015,0.0000,0,0,0.0000,0,0.0000,0,0,0,418,0
2365,1.6658,29.5080,0.0006,0.0000,0,0,0.0000,0,0.0000,0,0,0,418,0
2366,1.6692,36.2196,0.0014,0.0000,0,0,0.0000,0,0.0000,0,0,0,418,0
2367,1.6227,33.0370,0.0010,0.0000,0,0,0.0000,0,0.0000,0,0,0,418,0
2368,3.8659,27.8213,0.0022,0.0000,0,0,0.0000,0,0.0000,0,0,0,380,0
2369,1.6612,23.9304,0.0010,0.0000,0,0,0.0000,0,0.0000,0,0,0,380,0
2370,1.6679,32.6414,0.0010,0.0000,0,0,0.0000,0,0.0000,0,0,0,418,0
2371,1.6084,27.1826,0.0009,0.0000,0,0,0.0000,0,0.0000,0,0,0,418,0
2372,1.6447,38.2350,0.0016,0.0000,0,0,0.0000,0,0.0000,0,0,0,418,0
2373,1.6658,32.1883,0.0013,0.0000,0,0,0.0000,0,0.0000,0,0,0,418,0
2374,1.6692,40.7461,0.0014,0.0000,0,0,0.0000,0,0.0000,0,0,0,418,0
2375,1.6227,37.7690,0.0014,0.0000,0,0,0.0000,0,0.0000,0,0,0,418,0
2376,3.8659,28.1101,0.0015,0.0000,0,0,0.0000,0,0.0000,0,0,0,380,0
2377,1.6612,24.2203,0.0013,0.0000,0,0,0.0000,0,0.0000,0,0,0,380,0
2378,1.6679,32.9988,0.0016,0.0000,0,0,0.0000,0,0.0000,0,0,0,418,0
2379,1.6084,27.5409,0.0010,0.0000,0,0,0.0000,0,0.0000,0,0,0,418,0
2380,1.6447,36.6725,0.0020,0.0000,0,0,0.0000,0,0.0000,0,0,0,418,0
2381,1.6658,32.5409,0.0021,0.0000,0,0,0.0000,0,0.0000,0,0,0,418,0
2382,1.6692,39.2326,0.0016,0.0000,0,0,0.0000,0,0.0000,0,0,0,418,0
2383,1.6227,36.1718,0.0011,0.0000,0,0,0.0000,0,0.0000,0,0,0,418,0
2384,3.8659,25.1984,0.0018,0.0000,0,0,0.0000,0,0.0000,0,0,0,380,0
2385,1.6612,21.3656,0.0021,0.0000,0,0,0.0000,0,0.0000,0,0,0,380,0
2386,1.6679,30.2244,0.0018,0.0000,0,0,0.0000,0,0.0000,0,0,0,418,0
2387,1.6084,24.7383,0.0013,0.0000,0,0,0.0000,0,0.0000,0,0,0,418,0
2388,1.6447,37.9389,0.0023,0.0000,0,0,0.0000,0,0.0000,0,0,0,418,0
2389,1.6658,29.8695,0.0018,0.0000,0,0,0.0000,0,0.0000,0,0,0,418,0
2390,1.6692,45.9080,0.0014,0.0000,0,0,0.0000,0,0.0000,0,0,0,418,0
2391,1.6227,37.5270,0.0013,0.0000,0,0,0.0000,0,0.0000,0,0,0,418,0
2392,3.8659,40.3622,0.0008,0.0000,0,0,0.0000,0,0.0000,0,0,0,380,0
2393,1.6612,32.0634,0.0010,0.0000,0,0,0.0000,0,0.0000,0,0,0,380,0
2394,1.6679,48.3231,0.0015,0.0000,0,0,0.0000,0,0.0000,0,0,0,418,0
2395,1.6084,39.8720,0.0006,0.0000,0,0,0.0000,0,0.0000,0,0,0,418,0
2396,1.6447,56.2981,0.0009,0.0000,0,0,0.0000,0,0.0000,0,0,0,418,0
2397,1.6658,47.8194,0.0007,0.0000,0,0,0.0000,0,0.0000,0,0,0,418,0
2398,1.6692,64.5073,0.0010,0.0000,0,0,0.0000,0,0.0000,0,0,0,418,0
2399,1.6227,55.9738,0.0008,0.0000,0,0,0.0000,0,0.0000,0,0,0,418,0
