frame_id,generate_ms,encode_latency_ms,payload_extract_ms,enqueue_ms,queue_depth,dropped_before,send_ms,bytes_sent,frame_age_at_send_ms,send_failed,keyframe,sender_dropped,payload_bytes,status
0,12.3287,20.1457,0.0230,0.0000,0,0,0.0000,0,0.0000,0,1,0,60271,0
1,3.3086,6.1765,0.0062,0.0000,0,0,0.0000,0,0.0000,0,0,0,17631,0
2,3.1975,8.1855,0.0029,0.0000,0,0,0.0000,0,0.0000,0,0,0,7835,0
3,3.4477,6.1121,0.0036,0.0000,0,0,0.0000,0,0.0000,0,0,0,11038,0
4,3.7914,6.2181,0.0080,0.0000,0,0,0.0000,0,0.0000,0,0,0,22313,0
5,3.7044,6.1154,0.0036,0.0000,0,0,0.0000,0,0.0000,0,0,0,10072,0
6,3.7389,6.2291,0.0028,0.0000,0,0,0.0000,0,0.0000,0,0,0,3764,0
7,4.0960,6.2728,0.0042,0.0000,0,0,0.0000,0,0.0000,0,0,0,2926,0
8,4.0495,6.2260,0.0038,0.0000,0,0,0.0000,0,0.0000,0,0,0,8658,0
9,4.0482,6.1412,0.0023,0.0000,0,0,0.0000,0,0.0000,0,0,0,1327,0
10,4.5506,6.1865,0.0024,0.0000,0,0,0.0000,0,0.0000,0,0,0,1027,0
11,4.5679,6.2044,0.0031,0.0000,0,0,0.0000,0,0.0000,0,0,0,1231,0
12,4.5816,6.2475,0.0041,0.0000,0,0,0.0000,0,0.0000,0,0,0,6834,0
13,3.7631,6.3013,0.0044,0.0000,0,0,0.0000,0,0.0000,0,0,0,1412,0
14,3.3239,6.2425,0.0047,0.0000,0,0,0.0000,0,0.0000,0,0,0,2143,0
15,3.0490,6.1653,0.0037,0.0000,0,0,0.0000,0,0.0000,0,0,0,1918,0
16,2.9855,6.2289,0.0037,0.0000,0,0,0.0000,0,0.0000,0,0,0,8770,0
17,3.2828,6.1547,0.0037,0.0000,0,0,0.0000,0,0.0000,0,0,0,3123,0
18,3.4985,6.1065,0.0036,0.0000,0,0,0.0000,0,0.0000,0,0,0,2323,0
19,3.7485,6.1695,0.0027,0.0000,0,0,0.0000,0,0.0000,0,0,0,1810,0
20,3.7123,6.1273,0.0034,0.0000,0,0,0.0000,0,0.0000,0,0,0,8392,0
21,4.0461,6.7679,0.0028,0.0000,0,0,0.0000,0,0.0000,0,0,0,1616,0
22,4.3266,6.4244,0.0061,0.0000,0,0,0.0000,0,0.0000,0,0,0,1595,0
23,4.2056,6.3094,0.0048,0.0000,0,0,0.0000,0,0.0000,0,0,0,1577,0
24,4.2387,6.4357,0.0043,0.0000,0,0,0.0000,0,0.0000,0,0,0,8114,0
25,4.1938,6.3492,0.0036,0.0000,0,0,0.0000,0,0.0000,0,0,0,1272,0
26,4.1772,6.2908,0.0021,0.0000,0,0,0.0000,0,0.0000,0,0,0,1193,0
27,4.6892,6.3013,0.0026,0.0000,0,0,0.0000,0,0.0000,0,0,0,1276,0
28,4.7115,6.3304,0.0033,0.0000,0,0,0.0000,0,0.0000,0,0,0,7171,0
29,4.7277,6.3927,0.0029,0.0000,0,0,0.0000,0,0.0000,0,0,0,1511,0
30,4.7248,6.3283,0.0028,0.0000,0,0,0.0000,0,0.0000,0,0,0,2059,0
31,4.9075,6.3491,0.0049,0.0000,0,0,0.0000,0,0.0000,0,0,0,1907,0
32,4.9783,6.3894,0.0047,0.0000,0,0,0.0000,0,0.0000,0,0,0,7320,0
33,4.9467,6.4270,0.0036,0.0000,0,0,0.0000,0,0.0000,0,0,0,2572,0
34,5.0187,6.3823,0.0029,0.0000,0,0,0.0000,0,0.0000,0,0,0,2161,0
35,5.1089,6.4549,0.0114,0.0000,0,0,0.0000,0,0.0000,0,0,0,1964,0
36,5.3833,6.5392,0.0052,0.0000,0,0,0.0000,0,0.0000,0,0,0,8740,0
37,5.4997,6.4995,0.0049,0.0000,0,0,0.0000,0,0.0000,0,0,0,2189,0
38,5.1409,6.3998,0.0038,0.0000,0,0,0.0000,0,0.0000,0,0,0,2162,0
39,4.8903,6.3350,0.0043,0.0000,0,0,0.0000,0,0.0000,0,0,0,2190,0
40,5.3032,6.4219,0.0043,0.0000,0,0,0.0000,0,0.0000,0,0,0,8061,0
41,5.1425,6.3972,0.0039,0.0000,0,0,0.0000,0,0.0000,0,0,0,1779,0
42,5.1449,6.3277,0.0037,0.0000,0,0,0.0000,0,0.0000,0,0,0,1591,0
43,5.1787,6.3931,0.0041,0.0000,0,0,0.0000,0,0.0000,0,0,0,1699,0
44,5.3128,6.4460,0.0038,0.0000,0,0,0.0000,0,0.0000,0,0,0,7092,0
45,5.3130,6.6472,0.0035,0.0000,0,0,0.0000,0,0.0000,0,0,0,1607,0
46,5.3603,6.4439,0.0026,0.0000,0,0,0.0000,0,0.0000,0,0,0,3012,0
47,5.2904,6.3907,0.0032,0.0000,0,0,0.0000,0,0.0000,0,0,0,2194,0
48,5.1775,6.2976,0.0071,0.0000,0,0,0.0000,0,0.0000,0,0,0,9298,0
49,5.2533,6.3582,0.0035,0.0000,0,0,0.0000,0,0.0000,0,0,0,3672,0
50,5.2460,6.3855,0.0028,0.0000,0,0,0.0000,0,0.0000,0,0,0,3016,0
51,5.2655,6.3742,0.0036,0.0000,0,0,0.0000,0,0.0000,0,0,0,3102,0
52,5.7076,6.3859,0.0034,0.0000,0,0,0.0000,0,0.0000,0,0,0,9204,0
53,5.6857,6.4353,0.0029,0.0000,0,0,0.0000,0,0.0000,0,0,0,3157,0
54,5.5122,6.4720,0.0030,0.0000,0,0,0.0000,0,0.0000,0,0,0,3242,0
55,5.2201,6.4020,0.0034,0.0000,0,0,0.0000,0,0.0000,0,0,0,3363,0
56,5.6636,6.4341,0.0037,0.0000,0,0,0.0000,0,0.0000,0,0,0,9417,0
57,5.4250,6.4543,0.0028,0.0000,0,0,0.0000,0,0.0000,0,0,0,2788,0
58,5.3712,6.4928,0.0031,0.0000,0,0,0.0000,0,0.0000,0,0,0,2281,0
59,5.3685,6.3739,0.0034,0.0000,0,0,0.0000,0,0.0000,0,0,0,2307,0
60,5.5944,5.6071,0.0416,0.0000,0,0,0.0000,0,0.0000,0,1,0,119347,0
61,5.3708,6.4183,0.0108,0.0000,0,0,0.0000,0,0.0000,0,0,0,17507,0
62,5.2022,6.4215,0.0050,0.0000,0,0,0.0000,0,0.0000,0,0,0,18445,0
63,5.3351,6.4757,0.0045,0.0000,0,0,0.0000,0,0.0000,0,0,0,10951,0
64,5.3575,6.5196,0.0065,0.0000,0,0,0.0000,0,0.0000,0,0,0,13056,0
65,5.3727,6.4180,0.0037,0.0000,0,0,0.0000,0,0.0000,0,0,0,4940,0
66,5.2916,6.6092,0.0027,0.0000,0,0,0.0000,0,0.0000,0,0,0,4325,0
67,5.3541,6.3499,0.0027,0.0000,0,0,0.0000,0,0.0000,0,0,0,3017,0
68,5.3398,6.3522,0.0033,0.0000,0,0,0.0000,0,0.0000,0,0,0,8535,0
69,5.3807,6.3612,0.0024,0.0000,0,0,0.0000,0,0.0000,0,0,0,746,0
70,5.3416,6.2931,0.0028,0.0000,0,0,0.0000,0,0.0000,0,0,0,769,0
71,5.3284,6.3738,0.0030,0.0000,0,0,0.0000,0,0.0000,0,0,0,766,0
72,5.5982,6.4078,0.0038,0.0000,0,0,0.0000,0,0.0000,0,0,0,7700,0
73,5.6114,6.3772,0.0028,0.0000,0,0,0.0000,0,0.0000,0,0,0,849,0
74,5.3770,6.3883,0.0027,0.0000,0,0,0.0000,0,0.0000,0,0,0,789,0
75,5.2172,6.3556,0.0030,0.0000,0,0,0.0000,0,0.0000,0,0,0,790,0
76,5.6881,6.3552,0.0033,0.0000,0,0,0.0000,0,0.0000,0,0,0,6112,0
77,5.5981,6.3950,0.0025,0.0000,0,0,0.0000,0,0.0000,0,0,0,1006,0
78,5.7243,6.3976,0.0029,0.0000,0,0,0.0000,0,0.0000,0,0,0,1553,0
79,5.6532,6.3900,0.0029,0.0000,0,0,0.0000,0,0.0000,0,0,0,846,0
80,5.5278,6.2835,0.0034,0.0000,0,0,0.0000,0,0.0000,0,0,0,8295,0
81,5.7337,6.3275,0.0030,0.0000,0,0,0.0000,0,0.0000,0,0,0,1679,0
82,5.6183,6.3193,0.0026,0.0000,0,0,0.0000,0,0.0000,0,0,0,816,0
83,5.3137,6.3793,0.0025,0.0000,0,0,0.0000,0,0.0000,0,0,0,892,0
84,5.3228,6.3966,0.0039,0.0000,0,0,0.0000,0,0.0000,0,0,0,8262,0
85,5.5838,6.3537,0.0032,0.0000,0,0,0.0000,0,0.0000,0,0,0,961,0
86,5.6215,6.3892,0.0028,0.0000,0,0,0.0000,0,0.0000,0,0,0,876,0
87,5.5908,6.3467,0.0031,0.0000,0,0,0.0000,0,0.0000,0,0,0,810,0
88,5.3492,6.3771,0.0033,0.0000,0,0,0.0000,0,0.0000,0,0,0,8112,0
89,5.3483,6.3915,0.0027,0.0000,0,0,0.0000,0,0.0000,0,0,0,836,0
90,5.3116,6.4220,0.0029,0.0000,0,0,0.0000,0,0.0000,0,0,0,787,0
91,5.3422,6.3383,0.0030,0.0000,0,0,0.0000,0,0.0000,0,0,0,762,0
92,5.1930,6.3509,0.0036,0.0000,0,0,0.0000,0,0.0000,0,0,0,6409,0
93,5.2859,6.4512,0.0028,0.0000,0,0,0.0000,0,0.0000,0,0,0,822,0
94,5.3338,6.5137,0.0024,0.0000,0,0,0.0000,0,0.0000,0,0,0,1043,0
95,5.6074,6.3995,0.0030,0.0000,0,0,0.0000,0,0.0000,0,0,0,964,0
96,5.8353,6.3962,0.0140,0.0000,0,0,0.0000,0,0.0000,0,0,0,22093,0
97,5.6804,6.4174,0.0030,0.0000,0,0,0.0000,0,0.0000,0,0,0,2275,0
98,5.6247,6.3945,0.0030,0.0000,0,0,0.0000,0,0.0000,0,0,0,956,0
99,5.4053,6.4952,0.0049,0.0000,0,0,0.0000,0,0.0000,0,0,0,866,0
100,5.2988,6.6433,0.0067,0.0000,0,0,0.0000,0,0.0000,0,0,0,7784,0
101,5.1922,6.5942,0.0037,0.0000,0,0,0.0000,0,0.0000,0,0,0,1927,0
102,5.2640,6.6135,0.0028,0.0000,0,0,0.0000,0,0.0000,0,0,0,818,0
103,5.2879,6.3744,0.0023,0.0000,0,0,0.0000,0,0.0000,0,0,0,811,0
104,5.3975,6.4901,0.0052,0.0000,0,0,0.0000,0,0.0000,0,0,0,7541,0
105,5.3071,6.4600,0.0040,0.0000,0,0,0.0000,0,0.0000,0,0,0,800,0
106,5.2766,6.3565,0.0031,0.0000,0,0,0.0000,0,0.0000,0,0,0,1608,0
107,5.3183,6.3457,0.0031,0.0000,0,0,0.0000,0,0.0000,0,0,0,776,0
108,5.3888,6.3376,0.0033,0.0000,0,0,0.0000,0,0.0000,0,0,0,6471,0
109,5.3600,6.3579,0.0043,0.0000,0,0,0.0000,0,0.0000,0,0,0,808,0
110,5.4188,6.4486,0.0030,0.0000,0,0,0.0000,0,0.0000,0,0,0,992,0
111,5.3621,6.3988,0.0032,0.0000,0,0,0.0000,0,0.0000,0,0,0,910,0
112,5.3441,6.3548,0.0035,0.0000,0,0,0.0000,0,0.0000,0,0,0,8107,0
113,5.3582,6.3720,0.0033,0.0000,0,0,0.0000,0,0.0000,0,0,0,2356,0
114,5.3430,6.3829,0.0038,0.0000,0,0,0.0000,0,0.0000,0,0,0,2016,0
115,5.2899,6.5109,0.0030,0.0000,0,0,0.0000,0,0.0000,0,0,0,1640,0
116,5.3579,6.4853,0.0036,0.0000,0,0,0.0000,0,0.0000,0,0,0,8274,0
117,5.3531,6.4125,0.0030,0.0000,0,0,0.0000,0,0.0000,0,0,0,1106,0
118,5.3403,6.6450,0.0028,0.0000,0,0,0.0000,0,0.0000,0,0,0,1260,0
119,5.3291,6.3685,0.0029,0.0000,0,0,0.0000,0,0.0000,0,0,0,1337,0
120,5.3295,5.5508,0.0249,0.0000,0,0,0.0000,0,0.0000,0,1,0,106449,0
121,5.3495,6.4737,0.0045,0.0000,0,0,0.0000,0,0.0000,0,0,0,16881,0
122,5.2056,6.3605,0.0036,0.0000,0,0,0.0000,0,0.0000,0,0,0,6844,0
123,5.2741,6.4673,0.0043,0.0000,0,0,0.0000,0,0.0000,0,0,0,7578,0
124,5.3135,6.5597,0.0037,0.0000,0,0,0.0000,0,0.0000,0,0,0,12162,0
125,5.2703,6.3909,0.0047,0.0000,0,0,0.0000,0,0.0000,0,0,0,3375,0
126,5.3231,6.4625,0.0038,0.0000,0,0,0.0000,0,0.0000,0,0,0,3537,0
127,5.3943,6.3931,0.0030,0.0000,0,0,0.0000,0,0.0000,0,0,0,2965,0
128,5.3382,6.3806,0.0034,0.0000,0,0,0.0000,0,0.0000,0,0,0,7851,0
129,5.3993,6.3381,0.0029,0.0000,0,0,0.0000,0,0.0000,0,0,0,2008,0
130,5.3418,6.3664,0.0030,0.0000,0,0,0.0000,0,0.0000,0,0,0,1697,0
131,5.3599,6.3859,0.0030,0.0000,0,0,0.0000,0,0.0000,0,0,0,1407,0
132,5.2183,6.4827,0.0044,0.0000,0,0,0.0000,0,0.0000,0,0,0,7427,0
133,4.5797,6.3114,0.0034,0.0000,0,0,0.0000,0,0.0000,0,0,0,1942,0
134,4.6647,6.2216,0.0025,0.0000,0,0,0.0000,0,0.0000,0,0,0,906,0
135,4.5624,6.2359,0.0025,0.0000,0,0,0.0000,0,0.0000,0,0,0,823,0
136,4.5831,6.2588,0.0031,0.0000,0,0,0.0000,0,0.0000,0,0,0,7519,0
137,4.5812,6.2620,0.0034,0.0000,0,0,0.0000,0,0.0000,0,0,0,844,0
138,4.9335,6.2426,0.0031,0.0000,0,0,0.0000,0,0.0000,0,0,0,1912,0
139,4.8205,6.2673,0.0021,0.0000,0,0,0.0000,0,0.0000,0,0,0,804,0
140,5.1608,6.3429,0.0038,0.0000,0,0,0.0000,0,0.0000,0,0,0,6107,0
141,5.0863,6.3735,0.0029,0.0000,0,0,0.0000,0,0.0000,0,0,0,777,0
142,5.3660,6.4100,0.0027,0.0000,0,0,0.0000,0,0.0000,0,0,0,1191,0
143,5.3513,6.3788,0.0026,0.0000,0,0,0.0000,0,0.0000,0,0,0,915,0
144,5.3658,6.3915,0.0031,0.0000,0,0,0.0000,0,0.0000,0,0,0,8408,0
145,5.3464,6.4120,0.0025,0.0000,0,0,0.0000,0,0.0000,0,0,0,2660,0
146,5.3451,6.3782,0.0032,0.0000,0,0,0.0000,0,0.0000,0,0,0,1883,0
147,5.3808,6.3284,0.0025,0.0000,0,0,0.0000,0,0.0000,0,0,0,1077,0
148,5.2165,6.3699,0.0032,0.0000,0,0,0.0000,0,0.0000,0,0,0,8358,0
149,5.3703,6.3700,0.0026,0.0000,0,0,0.0000,0,0.0000,0,0,0,1264,0
150,5.3209,6.3942,0.0030,0.0000,0,0,0.0000,0,0.0000,0,0,0,1300,0
151,5.3053,6.3817,0.0030,0.0000,0,0,0.0000,0,0.0000,0,0,0,1321,0
152,5.1971,6.4848,0.0044,0.0000,0,0,0.0000,0,0.0000,0,0,0,8301,0
153,5.2995,6.4555,0.0028,0.0000,0,0,0.0000,0,0.0000,0,0,0,1354,0
154,5.2685,6.4300,0.0025,0.0000,0,0,0.0000,0,0.0000,0,0,0,1177,0
155,5.3139,6.4230,0.0023,0.0000,0,0,0.0000,0,0.0000,0,0,0,1225,0
156,5.3488,6.3733,0.0030,0.0000,0,0,0.0000,0,0.0000,0,0,0,6931,0
157,5.1980,6.3918,0.0029,0.0000,0,0,0.0000,0,0.0000,0,0,0,1239,0
158,5.3215,6.4417,0.0038,0.0000,0,0,0.0000,0,0.0000,0,0,0,2155,0
159,5.2881,6.5130,0.0049,0.0000,0,0,0.0000,0,0.0000,0,0,0,2458,0
160,5.2405,6.5071,0.0046,0.0000,0,0,0.0000,0,0.0000,0,0,0,7408,0
161,4.9127,6.5281,0.0040,0.0000,0,0,0.0000,0,0.0000,0,0,0,2658,0
162,5.1643,6.4571,0.0049,0.0000,0,0,0.0000,0,0.0000,0,0,0,2107,0
163,4.9668,6.6433,0.0053,0.0000,0,0,0.0000,0,0.0000,0,0,0,1801,0
164,4.8447,6.4324,0.0035,0.0000,0,0,0.0000,0,0.0000,0,0,0,8647,0
165,4.9365,6.4221,0.0035,0.0000,0,0,0.0000,0,0.0000,0,0,0,2550,0
166,4.8391,6.4963,0.0045,0.0000,0,0,0.0000,0,0.0000,0,0,0,2461,0
167,5.1941,6.4113,0.0035,0.0000,0,0,0.0000,0,0.0000,0,0,0,2421,0
168,4.8117,6.3921,0.0048,0.0000,0,0,0.0000,0,0.0000,0,0,0,8034,0
169,4.9960,6.3433,0.0047,0.0000,0,0,0.0000,0,0.0000,0,0,0,1946,0
170,4.9914,6.3942,0.0044,0.0000,0,0,0.0000,0,0.0000,0,0,0,1508,0
171,5.2334,6.4601,0.0038,0.0000,0,0,0.0000,0,0.0000,0,0,0,1685,0
172,5.2011,6.4859,0.0044,0.0000,0,0,0.0000,0,0.0000,0,0,0,6869,0
173,5.2488,6.5161,0.0040,0.0000,0,0,0.0000,0,0.0000,0,0,0,1810,0
174,5.2382,6.5016,0.0034,0.0000,0,0,0.0000,0,0.0000,0,0,0,2833,0
175,5.3047,6.4949,0.0050,0.0000,0,0,0.0000,0,0.0000,0,0,0,2425,0
176,5.1891,6.4164,0.0039,0.0000,0,0,0.0000,0,0.0000,0,0,0,9394,0
177,5.3190,6.4958,0.0033,0.0000,0,0,0.0000,0,0.0000,0,0,0,3632,0
178,5.0388,6.5003,0.0036,0.0000,0,0,0.0000,0,0.0000,0,0,0,2916,0
179,5.1373,6.4603,0.0036,0.0000,0,0,0.0000,0,0.0000,0,0,0,2927,0
180,5.0404,5.6073,0.0493,0.0000,0,0,0.0000,0,0.0000,0,1,0,122025,0
181,4.8495,6.4837,0.0100,0.0000,0,0,0.0000,0,0.0000,0,0,0,17516,0
182,5.0200,7.4033,0.0050,0.0000,0,0,0.0000,0,0.0000,0,0,0,20923,0
183,4.8805,9.3226,0.0058,0.0000,0,0,0.0000,0,0.0000,0,0,0,6642,0
184,4.6407,7.3672,0.0046,0.0000,0,0,0.0000,0,0.0000,0,0,0,14311,0
185,4.6987,8.5112,0.0049,0.0000,0,0,0.0000,0,0.0000,0,0,0,7021,0
186,4.6910,6.8588,0.0035,0.0000,0,0,0.0000,0,0.0000,0,0,0,3945,0
187,4.7255,7.6239,0.0030,0.0000,0,0,0.0000,0,0.0000,0,0,0,2941,0
188,4.7351,7.4109,0.0037,0.0000,0,0,0.0000,0,0.0000,0,0,0,9496,0
189,4.7239,6.9406,0.0032,0.0000,0,0,0.0000,0,0.0000,0,0,0,1585,0
190,4.7152,6.8713,0.0028,0.0000,0,0,0.0000,0,0.0000,0,0,0,2044,0
191,5.2810,7.3805,0.0045,0.0000,0,0,0.0000,0,0.0000,0,0,0,1890,0
192,5.1421,7.2696,0.0050,0.0000,0,0,0.0000,0,0.0000,0,0,0,22686,0
193,5.3349,7.2934,0.0033,0.0000,0,0,0.0000,0,0.0000,0,0,0,2882,0
194,5.2237,7.4225,0.0034,0.0000,0,0,0.0000,0,0.0000,0,0,0,1490,0
195,5.3036,7.2782,0.0028,0.0000,0,0,0.0000,0,0.0000,0,0,0,1390,0
196,5.1563,8.7681,0.0050,0.0000,0,0,0.0000,0,0.0000,0,0,0,8460,0
197,5.2125,7.9543,0.0027,0.0000,0,0,0.0000,0,0.0000,0,0,0,1436,0
198,4.9644,9.2464,0.0036,0.0000,0,0,0.0000,0,0.0000,0,0,0,1231,0
199,5.0999,6.7289,0.0031,0.0000,0,0,0.0000,0,0.0000,0,0,0,1339,0
200,5.0602,7.1725,0.0033,0.0000,0,0,0.0000,0,0.0000,0,0,0,7666,0
201,5.1821,6.4885,0.0032,0.0000,0,0,0.0000,0,0.0000,0,0,0,998,0
202,5.0475,7.2138,0.0030,0.0000,0,0,0.0000,0,0.0000,0,0,0,1328,0
203,4.9400,7.3133,0.0030,0.0000,0,0,0.0000,0,0.0000,0,0,0,1029,0
204,5.0637,7.2488,0.0036,0.0000,0,0,0.0000,0,0.0000,0,0,0,6769,0
205,4.8237,7.7959,0.0045,0.0000,0,0,0.0000,0,0.0000,0,0,0,962,0
206,4.8275,6.7098,0.0031,0.0000,0,0,0.0000,0,0.0000,0,0,0,1698,0
207,4.7879,7.3843,0.0024,0.0000,0,0,0.0000,0,0.0000,0,0,0,1419,0
208,4.9432,7.3529,0.0034,0.0000,0,0,0.0000,0,0.0000,0,0,0,8571,0
209,4.8739,7.4898,0.0040,0.0000,0,0,0.0000,0,0.0000,0,0,0,2875,0
210,5.0131,7.4746,0.0034,0.0000,0,0,0.0000,0,0.0000,0,0,0,1762,0
211,4.9304,8.7020,0.0032,0.0000,0,0,0.0000,0,0.0000,0,0,0,1737,0
212,4.8347,7.0931,0.0037,0.0000,0,0,0.0000,0,0.0000,0,0,0,8350,0
213,4.6707,7.7822,0.0032,0.0000,0,0,0.0000,0,0.0000,0,0,0,1921,0
214,4.8425,6.6017,0.0032,0.0000,0,0,0.0000,0,0.0000,0,0,0,1803,0
215,5.3558,7.2529,0.0043,0.0000,0,0,0.0000,0,0.0000,0,0,0,2010,0
216,5.2095,8.5710,0.0037,0.0000,0,0,0.0000,0,0.0000,0,0,0,8411,0
217,5.3347,8.5810,0.0034,0.0000,0,0,0.0000,0,0.0000,0,0,0,1693,0
218,5.3510,8.0737,0.0048,0.0000,0,0,0.0000,0,0.0000,0,0,0,1274,0
219,5.3297,7.9798,0.0042,0.0000,0,0,0.0000,0,0.0000,0,0,0,1671,0
220,4.8920,7.9959,0.0034,0.0000,0,0,0.0000,0,0.0000,0,0,0,7281,0
221,5.0609,8.7853,0.0035,0.0000,0,0,0.0000,0,0.0000,0,0,0,1492,0
222,4.9095,7.3479,0.0027,0.0000,0,0,0.0000,0,0.0000,0,0,0,2918,0
223,4.8738,9.3399,0.0055,0.0000,0,0,0.0000,0,0.0000,0,0,0,3033,0
224,5.2297,9.2211,0.0050,0.0000,0,0,0.0000,0,0.0000,0,0,0,8201,0
225,5.3086,8.9350,0.0040,0.0000,0,0,0.0000,0,0.0000,0,0,0,3534,0
226,5.2692,8.7902,0.0031,0.0000,0,0,0.0000,0,0.0000,0,0,0,3096,0
227,5.0498,8.7130,0.0032,0.0000,0,0,0.0000,0,0.0000,0,0,0,2905,0
228,5.1005,8.6791,0.0039,0.0000,0,0,0.0000,0,0.0000,0,0,0,9366,0
229,5.2813,8.7280,0.0033,0.0000,0,0,0.0000,0,0.0000,0,0,0,3171,0
230,5.2048,8.8123,0.0027,0.0000,0,0,0.0000,0,0.0000,0,0,0,3009,0
231,5.1034,8.7637,0.0031,0.0000,0,0,0.0000,0,0.0000,0,0,0,2972,0
232,4.9537,8.8579,0.0035,0.0000,0,0,0.0000,0,0.0000,0,0,0,8681,0
233,5.3424,8.7479,0.0028,0.0000,0,0,0.0000,0,0.0000,0,0,0,2331,0
234,5.2175,8.7273,0.0038,0.0000,0,0,0.0000,0,0.0000,0,0,0,2078,0
235,5.3528,9.3136,0.0043,0.0000,0,0,0.0000,0,0.0000,0,0,0,2326,0
236,5.2508,8.7302,0.0043,0.0000,0,0,0.0000,0,0.0000,0,0,0,7631,0
237,5.3024,8.6655,0.0046,0.0000,0,0,0.0000,0,0.0000,0,0,0,2313,0
238,5.4085,8.7500,0.0036,0.0000,0,0,0.0000,0,0.0000,0,0,0,4181,0
239,5.3657,8.8498,0.0032,0.0000,0,0,0.0000,0,0.0000,0,0,0,3232,0
240,5.3127,6.9887,0.0285,0.0000,0,0,0.0000,0,0.0000,0,1,0,96632,0
241,5.3627,8.7825,0.0107,0.0000,0,0,0.0000,0,0.0000,0,0,0,19281,0
242,5.2340,7.0352,0.0036,0.0000,0,0,0.0000,0,0.0000,0,0,0,9757,0
243,5.1365,7.6609,0.0036,0.0000,0,0,0.0000,0,0.0000,0,0,0,8198,0
244,5.0859,9.6098,0.0050,0.0000,0,0,0.0000,0,0.0000,0,0,0,11824,0
245,5.1869,9.1686,0.0041,0.0000,0,0,0.0000,0,0.0000,0,0,0,3210,0
246,5.2409,8.8760,0.0037,0.0000,0,0,0.0000,0,0.0000,0,0,0,2047,0
247,5.3116,8.7006,0.0025,0.0000,0,0,0.0000,0,0.0000,0,0,0,1181,0
248,5.3216,8.7794,0.0040,0.0000,0,0,0.0000,0,0.0000,0,0,0,8206,0
249,5.3239,8.7314,0.0027,0.0000,0,0,0.0000,0,0.0000,0,0,0,856,0
250,5.3493,9.2891,0.0036,0.0000,0,0,0.0000,0,0.0000,0,0,0,831,0
251,5.2859,8.7077,0.0031,0.0000,0,0,0.0000,0,0.0000,0,0,0,806,0
252,5.1936,8.7482,0.0038,0.0000,0,0,0.0000,0,0.0000,0,0,0,6510,0
253,5.3463,8.7454,0.0030,0.0000,0,0,0.0000,0,0.0000,0,0,0,965,0
254,5.3289,8.8707,0.0036,0.0000,0,0,0.0000,0,0.0000,0,0,0,1495,0
255,5.2533,8.7425,0.0043,0.0000,0,0,0.0000,0,0.0000,0,0,0,1025,0
256,5.2138,8.7460,0.0053,0.0000,0,0,0.0000,0,0.0000,0,0,0,19836,0
257,5.3533,8.8293,0.0032,0.0000,0,0,0.0000,0,0.0000,0,0,0,1469,0
258,5.3015,8.6967,0.0035,0.0000,0,0,0.0000,0,0.0000,0,0,0,905,0
259,5.0509,8.8229,0.0027,0.0000,0,0,0.0000,0,0.0000,0,0,0,830,0
260,4.9827,9.2620,0.0034,0.0000,0,0,0.0000,0,0.0000,0,0,0,7367,0
261,5.1851,8.7355,0.0028,0.0000,0,0,0.0000,0,0.0000,0,0,0,1946,0
262,5.0224,8.6831,0.0026,0.0000,0,0,0.0000,0,0.0000,0,0,0,819,0
263,5.3383,8.7427,0.0027,0.0000,0,0,0.0000,0,0.0000,0,0,0,823,0
264,5.2942,8.8023,0.0032,0.0000,0,0,0.0000,0,0.0000,0,0,0,7497,0
265,5.1710,8.8829,0.0028,0.0000,0,0,0.0000,0,0.0000,0,0,0,818,0
266,5.2905,9.5775,0.0075,0.0000,0,0,0.0000,0,0.0000,0,0,0,1903,0
267,4.9655,8.7106,0.0027,0.0000,0,0,0.0000,0,0.0000,0,0,0,869,0
268,4.9614,8.6996,0.0027,0.0000,0,0,0.0000,0,0.0000,0,0,0,6185,0
269,5.3057,8.7716,0.0022,0.0000,0,0,0.0000,0,0.0000,0,0,0,776,0
270,5.2112,8.7381,0.0040,0.0000,0,0,0.0000,0,0.0000,0,0,0,970,0
271,5.3115,8.6702,0.0035,0.0000,0,0,0.0000,0,0.0000,0,0,0,931,0
272,5.1202,7.5414,0.0036,0.0000,0,0,0.0000,0,0.0000,0,0,0,7955,0
273,5.2507,8.8318,0.0032,0.0000,0,0,0.0000,0,0.0000,0,0,0,1621,0
274,5.1581,7.4616,0.0027,0.0000,0,0,0.0000,0,0.0000,0,0,0,969,0
275,5.3305,8.0950,0.0034,0.0000,0,0,0.0000,0,0.0000,0,0,0,1054,0
276,5.3211,8.0181,0.0039,0.0000,0,0,0.0000,0,0.0000,0,0,0,8295,0
277,5.3732,8.1018,0.0032,0.0000,0,0,0.0000,0,0.0000,0,0,0,899,0
278,5.3500,7.6389,0.0035,0.0000,0,0,0.0000,0,0.0000,0,0,0,843,0
279,5.2881,9.3001,0.0046,0.0000,0,0,0.0000,0,0.0000,0,0,0,884,0
280,5.3666,9.0853,0.0043,0.0000,0,0,0.0000,0,0.0000,0,0,0,8130,0
281,5.3450,9.0394,0.0038,0.0000,0,0,0.0000,0,0.0000,0,0,0,945,0
282,5.3770,8.7419,0.0033,0.0000,0,0,0.0000,0,0.0000,0,0,0,869,0
283,5.3797,8.9124,0.0027,0.0000,0,0,0.0000,0,0.0000,0,0,0,911,0
284,5.3378,8.7630,0.0035,0.0000,0,0,0.0000,0,0.0000,0,0,0,6599,0
285,5.2675,8.7000,0.0028,0.0000,0,0,0.0000,0,0.0000,0,0,0,1031,0
286,5.2149,8.8598,0.0032,0.0000,0,0,0.0000,0,0.0000,0,0,0,1186,0
287,5.3838,8.8917,0.0029,0.0000,0,0,0.0000,0,0.0000,0,0,0,1152,0
288,5.3883,8.8705,0.0038,0.0000,0,0,0.0000,0,0.0000,0,0,0,6807,0
289,5.3416,8.7813,0.0028,0.0000,0,0,0.0000,0,0.0000,0,0,0,1395,0
290,5.3537,8.7264,0.0030,0.0000,0,0,0.0000,0,0.0000,0,0,0,1187,0
291,5.3118,8.6997,0.0025,0.0000,0,0,0.0000,0,0.0000,0,0,0,1134,0
292,5.3320,9.1998,0.0048,0.0000,0,0,0.0000,0,0.0000,0,0,0,8650,0
293,5.3647,8.9096,0.0031,0.0000,0,0,0.0000,0,0.0000,0,0,0,1439,0
294,5.4031,8.9247,0.0034,0.0000,0,0,0.0000,0,0.0000,0,0,0,1265,0
295,5.3506,8.8827,0.0029,0.0000,0,0,0.0000,0,0.0000,0,0,0,2126,0
296,5.5031,8.7634,0.0037,0.0000,0,0,0.0000,0,0.0000,0,0,0,7754,0
297,5.2750,8.8894,0.0032,0.0000,0,0,0.0000,0,0.0000,0,0,0,1194,0
298,5.3194,8.7184,0.0026,0.0000,0,0,0.0000,0,0.0000,0,0,0,1054,0
299,5.3407,8.8493,0.0035,0.0000,0,0,0.0000,0,0.0000,0,0,0,1116,0
300,5.3607,7.4816,0.0357,0.0000,0,0,0.0000,0,0.0000,0,1,0,115353,0
301,5.5132,8.9232,0.0061,0.0000,0,0,0.0000,0,0.0000,0,0,0,14072,0
302,5.2553,7.2349,0.0092,0.0000,0,0,0.0000,0,0.0000,0,0,0,20529,0
303,5.3679,7.8528,0.0039,0.0000,0,0,0.0000,0,0.0000,0,0,0,6194,0
304,5.3213,9.4089,0.0056,0.0000,0,0,0.0000,0,0.0000,0,0,0,13690,0
305,5.5105,9.0476,0.0045,0.0000,0,0,0.0000,0,0.0000,0,0,0,5425,0
306,5.3477,9.1130,0.0037,0.0000,0,0,0.0000,0,0.0000,0,0,0,5060,0
307,5.3871,8.8793,0.0032,0.0000,0,0,0.0000,0,0.0000,0,0,0,3903,0
308,5.2722,8.7128,0.0042,0.0000,0,0,0.0000,0,0.0000,0,0,0,9886,0
309,5.3623,8.7493,0.0030,0.0000,0,0,0.0000,0,0.0000,0,0,0,1763,0
310,5.3414,8.7338,0.0028,0.0000,0,0,0.0000,0,0.0000,0,0,0,1310,0
311,5.3852,8.8817,0.0032,0.0000,0,0,0.0000,0,0.0000,0,0,0,1130,0
312,5.3703,8.8604,0.0030,0.0000,0,0,0.0000,0,0.0000,0,0,0,8270,0
313,5.3569,8.7261,0.0029,0.0000,0,0,0.0000,0,0.0000,0,0,0,977,0
314,5.3455,8.7990,0.0029,0.0000,0,0,0.0000,0,0.0000,0,0,0,894,0
315,5.2311,8.6595,0.0032,0.0000,0,0,0.0000,0,0.0000,0,0,0,832,0
316,5.3722,8.8296,0.0031,0.0000,0,0,0.0000,0,0.0000,0,0,0,6534,0
317,5.2825,9.2227,0.0029,0.0000,0,0,0.0000,0,0.0000,0,0,0,950,0
318,5.2382,8.6615,0.0034,0.0000,0,0,0.0000,0,0.0000,0,0,0,1413,0
319,5.3457,8.6875,0.0029,0.0000,0,0,0.0000,0,0.0000,0,0,0,1189,0
320,5.2725,8.6750,0.0037,0.0000,0,0,0.0000,0,0.0000,0,0,0,6957,0
321,5.3147,8.6893,0.0027,0.0000,0,0,0.0000,0,0.0000,0,0,0,1529,0
322,5.2172,8.7105,0.0031,0.0000,0,0,0.0000,0,0.0000,0,0,0,1133,0
323,5.3851,8.8095,0.0029,0.0000,0,0,0.0000,0,0.0000,0,0,0,979,0
324,5.3376,9.2783,0.0035,0.0000,0,0,0.0000,0,0.0000,0,0,0,7622,0
325,5.3507,8.8785,0.0033,0.0000,0,0,0.0000,0,0.0000,0,0,0,1860,0
326,5.3602,8.8000,0.0033,0.0000,0,0,0.0000,0,0.0000,0,0,0,891,0
327,5.5650,8.7693,0.0032,0.0000,0,0,0.0000,0,0.0000,0,0,0,905,0
328,5.3617,8.8737,0.0042,0.0000,0,0,0.0000,0,0.0000,0,0,0,7483,0
329,5.4464,8.9061,0.0030,0.0000,0,0,0.0000,0,0.0000,0,0,0,872,0
330,5.3900,8.7520,0.0032,0.0000,0,0,0.0000,0,0.0000,0,0,0,871,0
331,5.3736,8.8865,0.0041,0.0000,0,0,0.0000,0,0.0000,0,0,0,1883,0
332,5.2369,7.2639,0.0040,0.0000,0,0,0.0000,0,0.0000,0,0,0,6174,0
333,5.2563,7.0630,0.0030,0.0000,0,0,0.0000,0,0.0000,0,0,0,838,0
334,5.2661,9.4861,0.0040,0.0000,0,0,0.0000,0,0.0000,0,0,0,1033,0
335,5.3173,8.9721,0.0031,0.0000,0,0,0.0000,0,0.0000,0,0,0,944,0
336,5.3520,8.8506,0.0035,0.0000,0,0,0.0000,0,0.0000,0,0,0,8064,0
337,5.3175,9.2038,0.0032,0.0000,0,0,0.0000,0,0.0000,0,0,0,2299,0
338,5.2016,8.8200,0.0040,0.0000,0,0,0.0000,0,0.0000,0,0,0,1957,0
339,5.3115,8.8371,0.0039,0.0000,0,0,0.0000,0,0.0000,0,0,0,1622,0
340,5.4641,8.9231,0.0036,0.0000,0,0,0.0000,0,0.0000,0,0,0,8268,0
341,5.3743,8.6838,0.0033,0.0000,0,0,0.0000,0,0.0000,0,0,0,1979,0
342,5.3449,8.8832,0.0029,0.0000,0,0,0.0000,0,0.0000,0,0,0,1560,0
343,5.3615,8.7284,0.0032,0.0000,0,0,0.0000,0,0.0000,0,0,0,2200,0
344,5.3498,8.7372,0.0033,0.0000,0,0,0.0000,0,0.0000,0,0,0,9532,0
345,5.3332,8.6759,0.0032,0.0000,0,0,0.0000,0,0.0000,0,0,0,1091,0
346,5.3696,9.2138,0.0035,0.0000,0,0,0.0000,0,0.0000,0,0,0,1463,0
347,5.3756,8.7012,0.0036,0.0000,0,0,0.0000,0,0.0000,0,0,0,1576,0
348,5.4297,8.9534,0.0032,0.0000,0,0,0.0000,0,0.0000,0,0,0,7026,0
349,5.2668,8.9144,0.0031,0.0000,0,0,0.0000,0,0.0000,0,0,0,1682,0
350,5.3180,8.7260,0.0026,0.0000,0,0,0.0000,0,0.0000,0,0,0,3087,0
351,5.3161,8.8712,0.0033,0.0000,0,0,0.0000,0,0.0000,0,0,0,2429,0
352,5.6056,8.9028,0.0081,0.0000,0,0,0.0000,0,0.0000,0,0,0,23257,0
353,5.6182,9.2758,0.0041,0.0000,0,0,0.0000,0,0.0000,0,0,0,3346,0
354,5.8017,9.3795,0.0030,0.0000,0,0,0.0000,0,0.0000,0,0,0,2848,0
355,5.6715,8.8812,0.0028,0.0000,0,0,0.0000,0,0.0000,0,0,0,2362,0
356,5.5941,9.3246,0.0036,0.0000,0,0,0.0000,0,0.0000,0,0,0,8754,0
357,5.3340,8.8465,0.0032,0.0000,0,0,0.0000,0,0.0000,0,0,0,2867,0
358,5.5738,8.8886,0.0031,0.0000,0,0,0.0000,0,0.0000,0,0,0,2121,0
359,5.4186,8.7879,0.0025,0.0000,0,0,0.0000,0,0.0000,0,0,0,2951,0
360,5.2907,7.0055,0.0244,0.0000,0,0,0.0000,0,0.0000,0,1,0,104405,0
361,5.4227,8.8539,0.0060,0.0000,0,0,0.0000,0,0.0000,0,0,0,16483,0
362,5.2188,7.7646,0.0036,0.0000,0,0,0.0000,0,0.0000,0,0,0,12052,0
363,5.5317,7.5075,0.0041,0.0000,0,0,0.0000,0,0.0000,0,0,0,7574,0
364,5.2713,7.6643,0.0042,0.0000,0,0,0.0000,0,0.0000,0,0,0,11292,0
365,5.5970,8.0719,0.0038,0.0000,0,0,0.0000,0,0.0000,0,0,0,3420,0
366,5.3500,8.1612,0.0032,0.0000,0,0,0.0000,0,0.0000,0,0,0,4634,0
367,5.7638,8.4685,0.0037,0.0000,0,0,0.0000,0,0.0000,0,0,0,1507,0
368,5.6995,9.4521,0.0060,0.0000,0,0,0.0000,0,0.0000,0,0,0,8747,0
369,5.5857,9.0060,0.0033,0.0000,0,0,0.0000,0,0.0000,0,0,0,2084,0
370,5.3279,8.7326,0.0031,0.0000,0,0,0.0000,0,0.0000,0,0,0,1433,0
371,5.5744,8.7058,0.0027,0.0000,0,0,0.0000,0,0.0000,0,0,0,1577,0
372,5.3664,8.7200,0.0030,0.0000,0,0,0.0000,0,0.0000,0,0,0,8761,0
373,5.3363,8.8560,0.0032,0.0000,0,0,0.0000,0,0.0000,0,0,0,1817,0
374,5.3385,8.7331,0.0022,0.0000,0,0,0.0000,0,0.0000,0,0,0,1398,0
375,5.5866,9.2481,0.0026,0.0000,0,0,0.0000,0,0.0000,0,0,0,1005,0
376,5.2983,8.6960,0.0035,0.0000,0,0,0.0000,0,0.0000,0,0,0,8231,0
377,5.3505,8.8063,0.0032,0.0000,0,0,0.0000,0,0.0000,0,0,0,876,0
378,5.3288,8.7614,0.0036,0.0000,0,0,0.0000,0,0.0000,0,0,0,879,0
379,5.6398,9.3806,0.0039,0.0000,0,0,0.0000,0,0.0000,0,0,0,824,0
380,5.3845,8.8631,0.0037,0.0000,0,0,0.0000,0,0.0000,0,0,0,6537,0
381,5.3561,8.9134,0.0031,0.0000,0,0,0.0000,0,0.0000,0,0,0,987,0
382,5.3401,8.8523,0.0035,0.0000,0,0,0.0000,0,0.0000,0,0,0,1202,0
383,5.3655,8.7807,0.0027,0.0000,0,0,0.0000,0,0.0000,0,0,0,1078,0
384,5.3673,9.3219,0.0035,0.0000,0,0,0.0000,0,0.0000,0,0,0,6826,0
385,5.3093,8.7913,0.0028,0.0000,0,0,0.0000,0,0.0000,0,0,0,1291,0
386,5.3725,8.8746,0.0029,0.0000,0,0,0.0000,0,0.0000,0,0,0,856,0
387,5.4828,8.7847,0.0036,0.0000,0,0,0.0000,0,0.0000,0,0,0,785,0
388,5.3484,8.8384,0.0041,0.0000,0,0,0.0000,0,0.0000,0,0,0,7464,0
389,5.3948,8.7531,0.0032,0.0000,0,0,0.0000,0,0.0000,0,0,0,1889,0
390,5.3573,8.9521,0.0045,0.0000,0,0,0.0000,0,0.0000,0,0,0,778,0
391,5.3892,8.7880,0.0043,0.0000,0,0,0.0000,0,0.0000,0,0,0,789,0
392,5.2420,7.2245,0.0042,0.0000,0,0,0.0000,0,0.0000,0,0,0,7599,0
393,5.5095,7.1127,0.0029,0.0000,0,0,0.0000,0,0.0000,0,0,0,828,0
394,5.2565,11.2173,0.0031,0.0000,0,0,0.0000,0,0.0000,0,0,0,785,0
395,5.3531,9.0045,0.0031,0.0000,0,0,0.0000,0,0.0000,0,0,0,810,0
396,5.3877,9.2770,0.0041,0.0000,0,0,0.0000,0,0.0000,0,0,0,6795,0
397,5.3342,9.0129,0.0036,0.0000,0,0,0.0000,0,0.0000,0,0,0,831,0
398,5.3542,8.8289,0.0042,0.0000,0,0,0.0000,0,0.0000,0,0,0,895,0
399,5.5754,8.8615,0.0053,0.0000,0,0,0.0000,0,0.0000,0,0,0,907,0
400,5.2387,9.0262,0.0064,0.0000,0,0,0.0000,0,0.0000,0,0,0,8168,0
401,5.1678,7.5878,0.0032,0.0000,0,0,0.0000,0,0.0000,0,0,0,1731,0
402,5.0748,8.0311,0.0034,0.0000,0,0,0.0000,0,0.0000,0,0,0,1858,0
403,5.2025,7.6990,0.0035,0.0000,0,0,0.0000,0,0.0000,0,0,0,2103,0
404,5.1272,7.8511,0.0041,0.0000,0,0,0.0000,0,0.0000,0,0,0,8268,0
405,5.2179,7.6210,0.0028,0.0000,0,0,0.0000,0,0.0000,0,0,0,1046,0
406,5.1673,7.6210,0.0028,0.0000,0,0,0.0000,0,0.0000,0,0,0,1072,0
407,5.3132,7.7518,0.0037,0.0000,0,0,0.0000,0,0.0000,0,0,0,2049,0
408,5.0143,7.4017,0.0039,0.0000,0,0,0.0000,0,0.0000,0,0,0,8169,0
409,5.2152,7.6115,0.0031,0.0000,0,0,0.0000,0,0.0000,0,0,0,1840,0
410,5.0066,6.9806,0.0027,0.0000,0,0,0.0000,0,0.0000,0,0,0,860,0
411,5.1960,7.7344,0.0041,0.0000,0,0,0.0000,0,0.0000,0,0,0,993,0
412,5.1177,7.1662,0.0034,0.0000,0,0,0.0000,0,0.0000,0,0,0,7665,0
413,5.0089,7.3975,0.0030,0.0000,0,0,0.0000,0,0.0000,0,0,0,1964,0
414,5.1276,7.2131,0.0030,0.0000,0,0,0.0000,0,0.0000,0,0,0,2242,0
415,4.9908,7.4068,0.0026,0.0000,0,0,0.0000,0,0.0000,0,0,0,2311,0
416,5.3178,7.3200,0.0032,0.0000,0,0,0.0000,0,0.0000,0,0,0,7657,0
417,5.2058,7.8839,0.0033,0.0000,0,0,0.0000,0,0.0000,0,0,0,2990,0
418,5.2534,8.9489,0.0038,0.0000,0,0,0.0000,0,0.0000,0,0,0,1967,0
419,5.1783,6.6861,0.0032,0.0000,0,0,0.0000,0,0.0000,0,0,0,2588,0
420,5.0989,7.5529,0.0348,0.0000,0,0,0.0000,0,0.0000,0,1,0,103412,0
421,5.2170,6.9687,0.0047,0.0000,0,0,0.0000,0,0.0000,0,0,0,12411,0
422,5.1830,6.9656,0.0050,0.0000,0,0,0.0000,0,0.0000,0,0,0,15187,0
423,5.2631,6.9360,0.0041,0.0000,0,0,0.0000,0,0.0000,0,0,0,10840,0
424,5.2752,7.1221,0.0041,0.0000,0,0,0.0000,0,0.0000,0,0,0,15854,0
425,5.3356,6.9484,0.0037,0.0000,0,0,0.0000,0,0.0000,0,0,0,4876,0
426,5.0297,7.4480,0.0028,0.0000,0,0,0.0000,0,0.0000,0,0,0,3945,0
427,5.1513,7.1402,0.0030,0.0000,0,0,0.0000,0,0.0000,0,0,0,3983,0
428,4.7341,7.3083,0.0040,0.0000,0,0,0.0000,0,0.0000,0,0,0,9952,0
429,5.1167,7.1333,0.0032,0.0000,0,0,0.0000,0,0.0000,0,0,0,3852,0
430,5.0411,7.4305,0.0030,0.0000,0,0,0.0000,0,0.0000,0,0,0,4666,0
431,4.9046,7.8599,0.0028,0.0000,0,0,0.0000,0,0.0000,0,0,0,1202,0
432,5.0093,8.7923,0.0049,0.0000,0,0,0.0000,0,0.0000,0,0,0,8594,0
433,4.8918,7.7754,0.0028,0.0000,0,0,0.0000,0,0.0000,0,0,0,3455,0
434,5.0771,8.2815,0.0053,0.0000,0,0,0.0000,0,0.0000,0,0,0,1964,0
435,4.9271,6.8158,0.0028,0.0000,0,0,0.0000,0,0.0000,0,0,0,1807,0
436,5.3442,7.3097,0.0031,0.0000,0,0,0.0000,0,0.0000,0,0,0,8587,0
437,4.9110,7.2440,0.0028,0.0000,0,0,0.0000,0,0.0000,0,0,0,1577,0
438,5.1697,6.9037,0.0032,0.0000,0,0,0.0000,0,0.0000,0,0,0,1357,0
439,5.0829,7.3107,0.0030,0.0000,0,0,0.0000,0,0.0000,0,0,0,1305,0
440,4.9411,7.4680,0.0037,0.0000,0,0,0.0000,0,0.0000,0,0,0,8393,0
441,5.1485,7.4417,0.0023,0.0000,0,0,0.0000,0,0.0000,0,0,0,1464,0
442,4.9280,7.2283,0.0032,0.0000,0,0,0.0000,0,0.0000,0,0,0,1212,0
443,5.2925,7.3382,0.0029,0.0000,0,0,0.0000,0,0.0000,0,0,0,1234,0
444,5.1951,7.8407,0.0039,0.0000,0,0,0.0000,0,0.0000,0,0,0,7178,0
445,5.2166,8.4021,0.0031,0.0000,0,0,0.0000,0,0.0000,0,0,0,1518,0
446,5.2008,7.5126,0.0032,0.0000,0,0,0.0000,0,0.0000,0,0,0,2286,0
447,5.3404,7.4902,0.0027,0.0000,0,0,0.0000,0,0.0000,0,0,0,2003,0
448,5.0158,7.7702,0.0089,0.0000,0,0,0.0000,0,0.0000,0,0,0,22850,0
449,4.9268,7.5418,0.0052,0.0000,0,0,0.0000,0,0.0000,0,0,0,3327,0
450,5.0452,7.0711,0.0031,0.0000,0,0,0.0000,0,0.0000,0,0,0,1996,0
451,4.9624,7.3919,0.0025,0.0000,0,0,0.0000,0,0.0000,0,0,0,1872,0
452,5.1902,8.6796,0.0037,0.0000,0,0,0.0000,0,0.0000,0,0,0,8713,0
453,4.9185,7.3153,0.0030,0.0000,0,0,0.0000,0,0.0000,0,0,0,2067,0
454,5.1241,7.4322,0.0029,0.0000,0,0,0.0000,0,0.0000,0,0,0,2233,0
455,5.1855,7.4992,0.0032,0.0000,0,0,0.0000,0,0.0000,0,0,0,2393,0
456,5.2577,9.3499,0.0048,0.0000,0,0,0.0000,0,0.0000,0,0,0,8052,0
457,5.2955,9.1560,0.0028,0.0000,0,0,0.0000,0,0.0000,0,0,0,1952,0
458,5.1276,9.0385,0.0028,0.0000,0,0,0.0000,0,0.0000,0,0,0,1387,0
459,5.4308,9.0447,0.0035,0.0000,0,0,0.0000,0,0.0000,0,0,0,1366,0
460,4.7892,8.9028,0.0041,0.0000,0,0,0.0000,0,0.0000,0,0,0,7023,0
461,4.7358,7.6236,0.0032,0.0000,0,0,0.0000,0,0.0000,0,0,0,1586,0
462,5.1975,7.4398,0.0034,0.0000,0,0,0.0000,0,0.0000,0,0,0,2852,0
463,4.9469,7.8688,0.0029,0.0000,0,0,0.0000,0,0.0000,0,0,0,2459,0
464,5.2784,7.8328,0.0042,0.0000,0,0,0.0000,0,0.0000,0,0,0,9362,0
465,5.2592,9.2312,0.0034,0.0000,0,0,0.0000,0,0.0000,0,0,0,3880,0
466,5.0987,8.9113,0.0024,0.0000,0,0,0.0000,0,0.0000,0,0,0,2676,0
467,5.2388,8.6788,0.0031,0.0000,0,0,0.0000,0,0.0000,0,0,0,2682,0
468,5.3684,8.7455,0.0037,0.0000,0,0,0.0000,0,0.0000,0,0,0,9020,0
469,5.2923,8.7235,0.0033,0.0000,0,0,0.0000,0,0.0000,0,0,0,2889,0
470,5.3456,9.2822,0.0036,0.0000,0,0,0.0000,0,0.0000,0,0,0,2885,0
471,5.4078,9.3669,0.0031,0.0000,0,0,0.0000,0,0.0000,0,0,0,3085,0
472,5.3955,8.8430,0.0033,0.0000,0,0,0.0000,0,0.0000,0,0,0,9435,0
473,5.4517,8.8201,0.0030,0.0000,0,0,0.0000,0,0.0000,0,0,0,2841,0
474,5.3367,9.2572,0.0029,0.0000,0,0,0.0000,0,0.0000,0,0,0,2114,0
475,5.3864,8.8460,0.0030,0.0000,0,0,0.0000,0,0.0000,0,0,0,2358,0
476,5.5741,8.7055,0.0037,0.0000,0,0,0.0000,0,0.0000,0,0,0,7935,0
477,5.3840,8.7548,0.0030,0.0000,0,0,0.0000,0,0.0000,0,0,0,2566,0
478,5.4106,8.8941,0.0043,0.0000,0,0,0.0000,0,0.0000,0,0,0,4290,0
479,5.4229,8.7055,0.0034,0.0000,0,0,0.0000,0,0.0000,0,0,0,4065,0
480,5.3454,7.0214,0.0193,0.0000,0,0,0.0000,0,0.0000,0,1,0,104824,0
481,5.4492,8.7289,0.0100,0.0000,0,0,0.0000,0,0.0000,0,0,0,16496,0
482,5.2545,7.2397,0.0040,0.0000,0,0,0.0000,0,0.0000,0,0,0,11562,0
483,5.3370,7.7375,0.0041,0.0000,0,0,0.0000,0,0.0000,0,0,0,7547,0
484,5.3336,9.6962,0.0042,0.0000,0,0,0.0000,0,0.0000,0,0,0,10623,0
485,5.2438,9.0190,0.0035,0.0000,0,0,0.0000,0,0.0000,0,0,0,2485,0
486,5.2387,9.0729,0.0029,0.0000,0,0,0.0000,0,0.0000,0,0,0,2239,0
487,5.2493,9.2570,0.0032,0.0000,0,0,0.0000,0,0.0000,0,0,0,1376,0
488,5.4379,8.9803,0.0040,0.0000,0,0,0.0000,0,0.0000,0,0,0,8296,0
489,5.3146,8.8543,0.0026,0.0000,0,0,0.0000,0,0.0000,0,0,0,965,0
490,5.3825,8.6988,0.0029,0.0000,0,0,0.0000,0,0.0000,0,0,0,1251,0
491,5.4069,8.7294,0.0025,0.0000,0,0,0.0000,0,0.0000,0,0,0,1314,0
492,5.4265,8.7275,0.0038,0.0000,0,0,0.0000,0,0.0000,0,0,0,6541,0
493,5.3482,8.8374,0.0030,0.0000,0,0,0.0000,0,0.0000,0,0,0,1255,0
494,5.3992,8.7552,0.0032,0.0000,0,0,0.0000,0,0.0000,0,0,0,2278,0
495,5.4038,8.7477,0.0026,0.0000,0,0,0.0000,0,0.0000,0,0,0,939,0
496,5.2615,8.8574,0.0032,0.0000,0,0,0.0000,0,0.0000,0,0,0,8264,0
497,5.3923,9.2442,0.0031,0.0000,0,0,0.0000,0,0.0000,0,0,0,1529,0
498,5.3310,8.6846,0.0030,0.0000,0,0,0.0000,0,0.0000,0,0,0,978,0
499,5.4607,8.8990,0.0029,0.0000,0,0,0.0000,0,0.0000,0,0,0,961,0
500,5.4281,8.8473,0.0039,0.0000,0,0,0.0000,0,0.0000,0,0,0,8377,0
501,5.4975,9.2958,0.0035,0.0000,0,0,0.0000,0,0.0000,0,0,0,1034,0
502,5.4761,8.8881,0.0029,0.0000,0,0,0.0000,0,0.0000,0,0,0,840,0
503,5.4988,8.8175,0.0030,0.0000,0,0,0.0000,0,0.0000,0,0,0,814,0
504,5.4310,8.7450,0.0034,0.0000,0,0,0.0000,0,0.0000,0,0,0,8202,0
505,5.3211,8.8350,0.0031,0.0000,0,0,0.0000,0,0.0000,0,0,0,774,0
506,5.4416,8.9194,0.0031,0.0000,0,0,0.0000,0,0.0000,0,0,0,797,0
507,5.4835,8.9354,0.0036,0.0000,0,0,0.0000,0,0.0000,0,0,0,740,0
508,5.5087,8.7875,0.0033,0.0000,0,0,0.0000,0,0.0000,0,0,0,6556,0
509,5.4527,8.8341,0.0030,0.0000,0,0,0.0000,0,0.0000,0,0,0,927,0
510,5.3644,8.9467,0.0040,0.0000,0,0,0.0000,0,0.0000,0,0,0,1197,0
511,5.4238,9.3902,0.0048,0.0000,0,0,0.0000,0,0.0000,0,0,0,1110,0
512,5.1796,7.7989,0.0074,0.0000,0,0,0.0000,0,0.0000,0,0,0,20107,0
513,5.0882,7.6883,0.0029,0.0000,0,0,0.0000,0,0.0000,0,0,0,1323,0
514,5.2130,9.4577,0.0030,0.0000,0,0,0.0000,0,0.0000,0,0,0,1022,0
515,5.4073,9.1315,0.0028,0.0000,0,0,0.0000,0,0.0000,0,0,0,933,0
516,5.3250,9.1180,0.0039,0.0000,0,0,0.0000,0,0.0000,0,0,0,7457,0
517,5.3420,8.8847,0.0035,0.0000,0,0,0.0000,0,0.0000,0,0,0,2056,0
518,5.2375,8.7220,0.0038,0.0000,0,0,0.0000,0,0.0000,0,0,0,972,0
519,5.4036,9.5706,0.0043,0.0000,0,0,0.0000,0,0.0000,0,0,0,1017,0
520,5.3822,8.7858,0.0039,0.0000,0,0,0.0000,0,0.0000,0,0,0,7639,0
521,5.3748,8.7786,0.0035,0.0000,0,0,0.0000,0,0.0000,0,0,0,968,0
522,5.4116,8.9078,0.0032,0.0000,0,0,0.0000,0,0.0000,0,0,0,2024,0
523,5.3583,8.7411,0.0027,0.0000,0,0,0.0000,0,0.0000,0,0,0,877,0
524,5.3907,8.7269,0.0037,0.0000,0,0,0.0000,0,0.0000,0,0,0,6578,0
525,5.2686,8.7108,0.0027,0.0000,0,0,0.0000,0,0.0000,0,0,0,845,0
526,5.3823,8.7777,0.0031,0.0000,0,0,0.0000,0,0.0000,0,0,0,1118,0
527,5.3476,8.7242,0.0027,0.0000,0,0,0.0000,0,0.0000,0,0,0,1890,0
528,5.4276,8.7293,0.0034,0.0000,0,0,0.0000,0,0.0000,0,0,0,8942,0
529,5.3729,8.8850,0.0030,0.0000,0,0,0.0000,0,0.0000,0,0,0,1875,0
530,5.3935,8.7200,0.0029,0.0000,0,0,0.0000,0,0.0000,0,0,0,1187,0
531,5.4198,8.7745,0.0029,0.0000,0,0,0.0000,0,0.0000,0,0,0,1159,0
532,5.4057,8.7310,0.0033,0.0000,0,0,0.0000,0,0.0000,0,0,0,8405,0
533,5.4239,8.6677,0.0026,0.0000,0,0,0.0000,0,0.0000,0,0,0,1194,0
534,5.4082,8.7558,0.0029,0.0000,0,0,0.0000,0,0.0000,0,0,0,1213,0
535,5.3821,8.8860,0.0030,0.0000,0,0,0.0000,0,0.0000,0,0,0,2023,0
536,5.3862,8.7829,0.0035,0.0000,0,0,0.0000,0,0.0000,0,0,0,8235,0
537,5.4173,8.7194,0.0023,0.0000,0,0,0.0000,0,0.0000,0,0,0,1530,0
538,5.4063,9.3181,0.0027,0.0000,0,0,0.0000,0,0.0000,0,0,0,1003,0
539,5.3797,8.7065,0.0022,0.0000,0,0,0.0000,0,0.0000,0,0,0,975,0
540,5.3351,7.5655,0.0372,0.0000,0,0,0.0000,0,0.0000,0,1,0,119464,0
541,5.3728,8.4827,0.0060,0.0000,0,0,0.0000,0,0.0000,0,0,0,17139,0
542,5.2763,7.2272,0.0052,0.0000,0,0,0.0000,0,0.0000,0,0,0,18231,0
543,5.3055,7.1728,0.0047,0.0000,0,0,0.0000,0,0.0000,0,0,0,10869,0
544,5.2693,9.4963,0.0053,0.0000,0,0,0.0000,0,0.0000,0,0,0,12398,0
545,5.4323,9.2705,0.0043,0.0000,0,0,0.0000,0,0.0000,0,0,0,5236,0
546,4.8557,9.0586,0.0030,0.0000,0,0,0.0000,0,0.0000,0,0,0,3980,0
547,4.7337,9.2384,0.0034,0.0000,0,0,0.0000,0,0.0000,0,0,0,2915,0
548,5.1143,8.6835,0.0036,0.0000,0,0,0.0000,0,0.0000,0,0,0,8537,0
549,5.0409,8.6741,0.0028,0.0000,0,0,0.0000,0,0.0000,0,0,0,767,0
550,5.1588,8.7707,0.0021,0.0000,0,0,0.0000,0,0.0000,0,0,0,856,0
551,5.3139,9.2339,0.0031,0.0000,0,0,0.0000,0,0.0000,0,0,0,795,0
552,5.1869,8.7184,0.0036,0.0000,0,0,0.0000,0,0.0000,0,0,0,7729,0
553,5.1325,9.2332,0.0026,0.0000,0,0,0.0000,0,0.0000,0,0,0,870,0
554,5.1750,8.7116,0.0026,0.0000,0,0,0.0000,0,0.0000,0,0,0,852,0
555,5.3493,8.7323,0.0029,0.0000,0,0,0.0000,0,0.0000,0,0,0,822,0
556,5.2704,8.7048,0.0030,0.0000,0,0,0.0000,0,0.0000,0,0,0,6094,0
557,5.3412,8.7052,0.0032,0.0000,0,0,0.0000,0,0.0000,0,0,0,851,0
558,5.3545,8.6935,0.0026,0.0000,0,0,0.0000,0,0.0000,0,0,0,1676,0
559,5.3871,8.8727,0.0029,0.0000,0,0,0.0000,0,0.0000,0,0,0,833,0
560,5.4023,8.8500,0.0043,0.0000,0,0,0.0000,0,0.0000,0,0,0,8293,0
561,5.4060,8.7438,0.0027,0.0000,0,0,0.0000,0,0.0000,0,0,0,1682,0
562,5.4015,8.8412,0.0026,0.0000,0,0,0.0000,0,0.0000,0,0,0,831,0
563,5.3730,8.7255,0.0029,0.0000,0,0,0.0000,0,0.0000,0,0,0,878,0
564,5.3598,8.6516,0.0032,0.0000,0,0,0.0000,0,0.0000,0,0,0,8298,0
565,5.3399,8.6846,0.0026,0.0000,0,0,0.0000,0,0.0000,0,0,0,1063,0
566,5.3469,8.7413,0.0024,0.0000,0,0,0.0000,0,0.0000,0,0,0,915,0
567,5.4783,8.7598,0.0024,0.0000,0,0,0.0000,0,0.0000,0,0,0,968,0
568,5.3265,8.9038,0.0034,0.0000,0,0,0.0000,0,0.0000,0,0,0,8175,0
569,5.3260,9.2205,0.0030,0.0000,0,0,0.0000,0,0.0000,0,0,0,895,0
570,5.3257,8.7791,0.0044,0.0000,0,0,0.0000,0,0.0000,0,0,0,865,0
571,5.4262,8.8350,0.0044,0.0000,0,0,0.0000,0,0.0000,0,0,0,872,0
572,5.2778,7.8970,0.0041,0.0000,0,0,0.0000,0,0.0000,0,0,0,6531,0
573,5.2979,7.6896,0.0027,0.0000,0,0,0.0000,0,0.0000,0,0,0,948,0
574,5.3193,7.6988,0.0027,0.0000,0,0,0.0000,0,0.0000,0,0,0,1303,0
575,5.3630,8.0749,0.0028,0.0000,0,0,0.0000,0,0.0000,0,0,0,1269,0
576,5.2962,8.0614,0.0035,0.0000,0,0,0.0000,0,0.0000,0,0,0,6978,0
577,5.2446,8.0304,0.0030,0.0000,0,0,0.0000,0,0.0000,0,0,0,1267,0
578,5.2835,7.9992,0.0037,0.0000,0,0,0.0000,0,0.0000,0,0,0,1062,0
579,5.3780,9.4318,0.0051,0.0000,0,0,0.0000,0,0.0000,0,0,0,942,0
580,5.4611,9.1087,0.0040,0.0000,0,0,0.0000,0,0.0000,0,0,0,7513,0
581,5.2480,9.2657,0.0035,0.0000,0,0,0.0000,0,0.0000,0,0,0,1977,0
582,5.2743,8.8726,0.0028,0.0000,0,0,0.0000,0,0.0000,0,0,0,876,0
583,5.2848,8.8707,0.0027,0.0000,0,0,0.0000,0,0.0000,0,0,0,928,0
584,5.3245,8.8781,0.0034,0.0000,0,0,0.0000,0,0.0000,0,0,0,7609,0
585,5.2683,8.7142,0.0027,0.0000,0,0,0.0000,0,0.0000,0,0,0,912,0
586,5.4777,8.7222,0.0027,0.0000,0,0,0.0000,0,0.0000,0,0,0,880,0
587,5.4228,9.2649,0.0026,0.0000,0,0,0.0000,0,0.0000,0,0,0,933,0
588,5.4727,8.7915,0.0031,0.0000,0,0,0.0000,0,0.0000,0,0,0,6803,0
589,5.6178,8.7104,0.0025,0.0000,0,0,0.0000,0,0.0000,0,0,0,882,0
590,5.7255,8.7639,0.0026,0.0000,0,0,0.0000,0,0.0000,0,0,0,1079,0
591,5.7890,8.8138,0.0031,0.0000,0,0,0.0000,0,0.0000,0,0,0,2202,0
592,5.6464,8.7131,0.0035,0.0000,0,0,0.0000,0,0.0000,0,0,0,8293,0
593,5.4612,8.7550,0.0034,0.0000,0,0,0.0000,0,0.0000,0,0,0,2509,0
594,5.6445,8.7568,0.0025,0.0000,0,0,0.0000,0,0.0000,0,0,0,1109,0
595,5.4104,8.7091,0.0030,0.0000,0,0,0.0000,0,0.0000,0,0,0,1105,0
596,5.3405,8.7227,0.0031,0.0000,0,0,0.0000,0,0.0000,0,0,0,8289,0
597,5.4144,8.6655,0.0028,0.0000,0,0,0.0000,0,0.0000,0,0,0,1092,0
598,5.6436,8.8299,0.0027,0.0000,0,0,0.0000,0,0.0000,0,0,0,1379,0
599,5.8384,8.7435,0.0030,0.0000,0,0,0.0000,0,0.0000,0,0,0,1671,0
600,5.7114,7.1980,0.0304,0.0000,0,0,0.0000,0,0.0000,0,1,0,105817,0
601,5.6783,8.8188,0.0108,0.0000,0,0,0.0000,0,0.0000,0,0,0,16662,0
602,5.3195,7.0035,0.0039,0.0000,0,0,0.0000,0,0.0000,0,0,0,7721,0
603,5.3042,8.0255,0.0041,0.0000,0,0,0.0000,0,0.0000,0,0,0,6576,0
604,5.3246,9.5516,0.0040,0.0000,0,0,0.0000,0,0.0000,0,0,0,11439,0
605,5.4174,9.0418,0.0043,0.0000,0,0,0.0000,0,0.0000,0,0,0,3329,0
606,5.2742,9.0648,0.0030,0.0000,0,0,0.0000,0,0.0000,0,0,0,3895,0
607,5.0745,9.2483,0.0028,0.0000,0,0,0.0000,0,0.0000,0,0,0,3013,0
608,5.4040,8.8746,0.0055,0.0000,0,0,0.0000,0,0.0000,0,0,0,23247,0
609,5.3939,8.7449,0.0028,0.0000,0,0,0.0000,0,0.0000,0,0,0,3315,0
610,5.2397,8.7092,0.0033,0.0000,0,0,0.0000,0,0.0000,0,0,0,1948,0
611,5.2816,8.7280,0.0032,0.0000,0,0,0.0000,0,0.0000,0,0,0,1384,0
612,5.2553,8.7061,0.0035,0.0000,0,0,0.0000,0,0.0000,0,0,0,8054,0
613,5.1526,8.7300,0.0026,0.0000,0,0,0.0000,0,0.0000,0,0,0,1916,0
614,5.2394,8.7329,0.0031,0.0000,0,0,0.0000,0,0.0000,0,0,0,992,0
615,5.4167,8.7158,0.0031,0.0000,0,0,0.0000,0,0.0000,0,0,0,919,0
616,5.3162,8.7130,0.0036,0.0000,0,0,0.0000,0,0.0000,0,0,0,7681,0
617,5.4084,8.7088,0.0027,0.0000,0,0,0.0000,0,0.0000,0,0,0,863,0
618,5.4110,8.7279,0.0032,0.0000,0,0,0.0000,0,0.0000,0,0,0,825,0
619,5.4085,8.8762,0.0025,0.0000,0,0,0.0000,0,0.0000,0,0,0,828,0
620,5.3053,8.8901,0.0035,0.0000,0,0,0.0000,0,0.0000,0,0,0,6585,0
621,5.4153,9.3380,0.0033,0.0000,0,0,0.0000,0,0.0000,0,0,0,1325,0
622,5.4429,9.3198,0.0037,0.0000,0,0,0.0000,0,0.0000,0,0,0,2027,0
623,5.2772,8.7842,0.0029,0.0000,0,0,0.0000,0,0.0000,0,0,0,1254,0
624,5.4119,8.7085,0.0038,0.0000,0,0,0.0000,0,0.0000,0,0,0,8855,0
625,5.3907,8.7645,0.0027,0.0000,0,0,0.0000,0,0.0000,0,0,0,2656,0
626,5.3891,8.9042,0.0027,0.0000,0,0,0.0000,0,0.0000,0,0,0,1427,0
627,5.4175,8.7378,0.0032,0.0000,0,0,0.0000,0,0.0000,0,0,0,1409,0
628,5.4905,8.8567,0.0041,0.0000,0,0,0.0000,0,0.0000,0,0,0,8313,0
629,5.4913,8.8979,0.0028,0.0000,0,0,0.0000,0,0.0000,0,0,0,1442,0
630,5.4327,8.8086,0.0041,0.0000,0,0,0.0000,0,0.0000,0,0,0,1506,0
631,5.4429,8.7789,0.0040,0.0000,0,0,0.0000,0,0.0000,0,0,0,1704,0
632,5.2804,7.5466,0.0031,0.0000,0,0,0.0000,0,0.0000,0,0,0,8421,0
633,5.2677,7.6728,0.0028,0.0000,0,0,0.0000,0,0.0000,0,0,0,1316,0
634,5.1765,8.0756,0.0028,0.0000,0,0,0.0000,0,0.0000,0,0,0,1107,0
635,5.4234,8.0972,0.0027,0.0000,0,0,0.0000,0,0.0000,0,0,0,1172,0
636,5.4036,8.0197,0.0030,0.0000,0,0,0.0000,0,0.0000,0,0,0,7043,0
637,5.3434,8.1382,0.0036,0.0000,0,0,0.0000,0,0.0000,0,0,0,1274,0
638,5.3150,8.3816,0.0042,0.0000,0,0,0.0000,0,0.0000,0,0,0,2006,0
639,5.3846,9.3634,0.0063,0.0000,0,0,0.0000,0,0.0000,0,0,0,2005,0
640,5.2837,7.7598,0.0038,0.0000,0,0,0.0000,0,0.0000,0,0,0,7625,0
641,5.2325,7.9168,0.0036,0.0000,0,0,0.0000,0,0.0000,0,0,0,2450,0
642,5.2045,6.9270,0.0035,0.0000,0,0,0.0000,0,0.0000,0,0,0,2200,0
643,5.1591,7.7608,0.0034,0.0000,0,0,0.0000,0,0.0000,0,0,0,1912,0
644,5.0113,7.5532,0.0037,0.0000,0,0,0.0000,0,0.0000,0,0,0,8593,0
645,4.9065,7.6862,0.0032,0.0000,0,0,0.0000,0,0.0000,0,0,0,2617,0
646,5.0556,6.8480,0.0029,0.0000,0,0,0.0000,0,0.0000,0,0,0,2011,0
647,5.0105,7.2421,0.0036,0.0000,0,0,0.0000,0,0.0000,0,0,0,2054,0
648,5.1618,6.9933,0.0042,0.0000,0,0,0.0000,0,0.0000,0,0,0,8010,0
649,5.0301,7.6134,0.0030,0.0000,0,0,0.0000,0,0.0000,0,0,0,1755,0
650,4.9454,8.3972,0.0039,0.0000,0,0,0.0000,0,0.0000,0,0,0,1840,0
651,5.2113,7.1208,0.0038,0.0000,0,0,0.0000,0,0.0000,0,0,0,1937,0
652,4.9988,7.8567,0.0037,0.0000,0,0,0.0000,0,0.0000,0,0,0,7327,0
653,5.2155,7.4309,0.0032,0.0000,0,0,0.0000,0,0.0000,0,0,0,1877,0
654,5.1522,7.8458,0.0030,0.0000,0,0,0.0000,0,0.0000,0,0,0,3392,0
655,4.9817,8.8948,0.0037,0.0000,0,0,0.0000,0,0.0000,0,0,0,2720,0
656,4.8168,7.9193,0.0035,0.0000,0,0,0.0000,0,0.0000,0,0,0,9649,0
657,5.0545,9.1429,0.0041,0.0000,0,0,0.0000,0,0.0000,0,0,0,4125,0
658,4.9427,6.9479,0.0032,0.0000,0,0,0.0000,0,0.0000,0,0,0,3428,0
659,5.1234,7.4850,0.0035,0.0000,0,0,0.0000,0,0.0000,0,0,0,3166,0
660,5.0346,6.1280,0.0341,0.0000,0,0,0.0000,0,0.0000,0,1,0,121713,0
661,5.3536,7.0450,0.0081,0.0000,0,0,0.0000,0,0.0000,0,0,0,17220,0
662,5.1983,7.5051,0.0053,0.0000,0,0,0.0000,0,0.0000,0,0,0,21760,0
663,4.9916,7.2682,0.0039,0.0000,0,0,0.0000,0,0.0000,0,0,0,5989,0
664,4.8235,7.3333,0.0046,0.0000,0,0,0.0000,0,0.0000,0,0,0,14699,0
665,4.7351,7.4711,0.0062,0.0000,0,0,0.0000,0,0.0000,0,0,0,6930,0
666,4.7623,7.7338,0.0035,0.0000,0,0,0.0000,0,0.0000,0,0,0,4114,0
667,4.6980,8.9385,0.0038,0.0000,0,0,0.0000,0,0.0000,0,0,0,3068,0
668,4.6476,7.6848,0.0032,0.0000,0,0,0.0000,0,0.0000,0,0,0,9414,0
669,4.7285,9.1194,0.0033,0.0000,0,0,0.0000,0,0.0000,0,0,0,1568,0
670,4.6925,7.1718,0.0029,0.0000,0,0,0.0000,0,0.0000,0,0,0,2025,0
671,4.9856,6.9402,0.0033,0.0000,0,0,0.0000,0,0.0000,0,0,0,1606,0
672,5.0042,7.5302,0.0032,0.0000,0,0,0.0000,0,0.0000,0,0,0,7258,0
673,5.1400,7.4198,0.0033,0.0000,0,0,0.0000,0,0.0000,0,0,0,2268,0
674,5.0778,7.5431,0.0031,0.0000,0,0,0.0000,0,0.0000,0,0,0,1614,0
675,5.1720,7.3136,0.0026,0.0000,0,0,0.0000,0,0.0000,0,0,0,1475,0
676,5.0626,7.4774,0.0036,0.0000,0,0,0.0000,0,0.0000,0,0,0,8463,0
677,5.1700,7.4891,0.0028,0.0000,0,0,0.0000,0,0.0000,0,0,0,1415,0
678,5.0731,7.7455,0.0031,0.0000,0,0,0.0000,0,0.0000,0,0,0,1373,0
679,4.9833,8.7951,0.0041,0.0000,0,0,0.0000,0,0.0000,0,0,0,1485,0
680,5.1975,6.7656,0.0034,0.0000,0,0,0.0000,0,0.0000,0,0,0,7646,0
681,5.1707,8.8990,0.0045,0.0000,0,0,0.0000,0,0.0000,0,0,0,1194,0
682,5.3066,6.7809,0.0035,0.0000,0,0,0.0000,0,0.0000,0,0,0,950,0
683,5.3033,6.9976,0.0028,0.0000,0,0,0.0000,0,0.0000,0,0,0,1473,0
684,5.3600,7.4712,0.0032,0.0000,0,0,0.0000,0,0.0000,0,0,0,6776,0
685,5.2072,6.7138,0.0025,0.0000,0,0,0.0000,0,0.0000,0,0,0,1255,0
686,5.3298,7.2185,0.0029,0.0000,0,0,0.0000,0,0.0000,0,0,0,2056,0
687,5.2065,7.9466,0.0030,0.0000,0,0,0.0000,0,0.0000,0,0,0,1662,0
688,5.3937,7.4429,0.0032,0.0000,0,0,0.0000,0,0.0000,0,0,0,8643,0
689,4.9914,7.5122,0.0026,0.0000,0,0,0.0000,0,0.0000,0,0,0,3294,0
690,4.9621,7.5774,0.0037,0.0000,0,0,0.0000,0,0.0000,0,0,0,2158,0
691,5.0679,7.6242,0.0028,0.0000,0,0,0.0000,0,0.0000,0,0,0,2092,0
692,4.9322,8.9462,0.0045,0.0000,0,0,0.0000,0,0.0000,0,0,0,8440,0
693,5.0338,6.8400,0.0026,0.0000,0,0,0.0000,0,0.0000,0,0,0,2177,0
694,4.9924,7.9402,0.0029,0.0000,0,0,0.0000,0,0.0000,0,0,0,2145,0
695,5.0904,6.8729,0.0024,0.0000,0,0,0.0000,0,0.0000,0,0,0,2301,0
696,5.2876,7.8329,0.0046,0.0000,0,0,0.0000,0,0.0000,0,0,0,8500,0
697,4.8442,8.1285,0.0031,0.0000,0,0,0.0000,0,0.0000,0,0,0,1986,0
698,5.0273,7.8197,0.0038,0.0000,0,0,0.0000,0,0.0000,0,0,0,1325,0
699,4.9911,9.4029,0.0040,0.0000,0,0,0.0000,0,0.0000,0,0,0,1724,0
700,4.9299,8.3707,0.0038,0.0000,0,0,0.0000,0,0.0000,0,0,0,7528,0
701,4.6404,7.8952,0.0028,0.0000,0,0,0.0000,0,0.0000,0,0,0,1917,0
702,4.6260,8.3285,0.0026,0.0000,0,0,0.0000,0,0.0000,0,0,0,3080,0
703,4.6310,7.4826,0.0025,0.0000,0,0,0.0000,0,0.0000,0,0,0,2969,0
704,5.2076,9.2950,0.0097,0.0000,0,0,0.0000,0,0.0000,0,0,0,24327,0
705,5.1888,9.1161,0.0032,0.0000,0,0,0.0000,0,0.0000,0,0,0,3745,0
706,5.2771,8.8420,0.0027,0.0000,0,0,0.0000,0,0.0000,0,0,0,2768,0
707,5.1653,9.0330,0.0027,0.0000,0,0,0.0000,0,0.0000,0,0,0,2737,0
708,5.4324,8.7199,0.0043,0.0000,0,0,0.0000,0,0.0000,0,0,0,9278,0
709,5.3939,8.7404,0.0033,0.0000,0,0,0.0000,0,0.0000,0,0,0,2914,0
710,5.2662,8.6645,0.0036,0.0000,0,0,0.0000,0,0.0000,0,0,0,3048,0
711,5.3567,8.6611,0.0032,0.0000,0,0,0.0000,0,0.0000,0,0,0,3048,0
712,5.4850,8.7357,0.0037,0.0000,0,0,0.0000,0,0.0000,0,0,0,8588,0
713,5.4449,8.7747,0.0031,0.0000,0,0,0.0000,0,0.0000,0,0,0,2283,0
714,5.4690,8.7459,0.0030,0.0000,0,0,0.0000,0,0.0000,0,0,0,2203,0
715,5.4779,8.7827,0.0032,0.0000,0,0,0.0000,0,0.0000,0,0,0,2355,0
716,5.4403,8.7128,0.0043,0.0000,0,0,0.0000,0,0.0000,0,0,0,7679,0
717,5.4406,8.7354,0.0029,0.0000,0,0,0.0000,0,0.0000,0,0,0,2298,0
718,5.4597,8.6973,0.0030,0.0000,0,0,0.0000,0,0.0000,0,0,0,4167,0
719,5.3990,8.7590,0.0030,0.0000,0,0,0.0000,0,0.0000,0,0,0,3243,0
720,5.4234,7.0597,0.0195,0.0000,0,0,0.0000,0,0.0000,0,1,0,96478,0
721,5.5115,8.9225,0.0065,0.0000,0,0,0.0000,0,0.0000,0,0,0,19297,0
722,5.2474,7.8252,0.0035,0.0000,0,0,0.0000,0,0.0000,0,0,0,9913,0
723,5.3410,7.7718,0.0037,0.0000,0,0,0.0000,0,0.0000,0,0,0,8114,0
724,5.2048,9.4590,0.0050,0.0000,0,0,0.0000,0,0.0000,0,0,0,12132,0
725,5.1821,9.2519,0.0041,0.0000,0,0,0.0000,0,0.0000,0,0,0,3297,0
726,5.0912,9.0649,0.0030,0.0000,0,0,0.0000,0,0.0000,0,0,0,2077,0
727,5.1928,8.8305,0.0027,0.0000,0,0,0.0000,0,0.0000,0,0,0,1020,0
728,5.1259,8.7248,0.0037,0.0000,0,0,0.0000,0,0.0000,0,0,0,8376,0
729,5.3403,8.7073,0.0028,0.0000,0,0,0.0000,0,0.0000,0,0,0,846,0
730,5.2589,8.6648,0.0029,0.0000,0,0,0.0000,0,0.0000,0,0,0,761,0
731,5.4358,8.7196,0.0024,0.0000,0,0,0.0000,0,0.0000,0,0,0,1018,0
732,5.3739,8.7005,0.0033,0.0000,0,0,0.0000,0,0.0000,0,0,0,6385,0
733,5.4067,8.8362,0.0027,0.0000,0,0,0.0000,0,0.0000,0,0,0,869,0
734,5.3759,8.8575,0.0025,0.0000,0,0,0.0000,0,0.0000,0,0,0,1342,0
735,5.2836,8.6771,0.0023,0.0000,0,0,0.0000,0,0.0000,0,0,0,974,0
736,5.4246,8.7399,0.0035,0.0000,0,0,0.0000,0,0.0000,0,0,0,6866,0
737,5.5045,9.2361,0.0028,0.0000,0,0,0.0000,0,0.0000,0,0,0,1405,0
738,5.4085,8.8318,0.0037,0.0000,0,0,0.0000,0,0.0000,0,0,0,931,0
739,5.3533,8.7168,0.0030,0.0000,0,0,0.0000,0,0.0000,0,0,0,884,0
740,5.4445,8.7369,0.0034,0.0000,0,0,0.0000,0,0.0000,0,0,0,7409,0
741,5.4250,8.6905,0.0028,0.0000,0,0,0.0000,0,0.0000,0,0,0,1966,0
742,5.4719,9.2661,0.0027,0.0000,0,0,0.0000,0,0.0000,0,0,0,808,0
743,5.2555,9.1877,0.0033,0.0000,0,0,0.0000,0,0.0000,0,0,0,819,0
744,5.3208,8.7159,0.0034,0.0000,0,0,0.0000,0,0.0000,0,0,0,7506,0
745,5.3704,8.8247,0.0030,0.0000,0,0,0.0000,0,0.0000,0,0,0,833,0
746,5.3614,8.7392,0.0030,0.0000,0,0,0.0000,0,0.0000,0,0,0,1965,0
747,5.2967,8.7735,0.0028,0.0000,0,0,0.0000,0,0.0000,0,0,0,759,0
748,5.3458,8.7013,0.0031,0.0000,0,0,0.0000,0,0.0000,0,0,0,6070,0
749,5.2682,8.7444,0.0030,0.0000,0,0,0.0000,0,0.0000,0,0,0,810,0
750,5.3250,8.7331,0.0039,0.0000,0,0,0.0000,0,0.0000,0,0,0,875,0
751,5.3266,8.6971,0.0032,0.0000,0,0,0.0000,0,0.0000,0,0,0,846,0
752,5.1428,7.0462,0.0042,0.0000,0,0,0.0000,0,0.0000,0,0,0,8165,0
753,5.1974,7.9062,0.0029,0.0000,0,0,0.0000,0,0.0000,0,0,0,2559,0
754,5.1885,9.1608,0.0033,0.0000,0,0,0.0000,0,0.0000,0,0,0,1871,0
755,5.3451,9.2398,0.0031,0.0000,0,0,0.0000,0,0.0000,0,0,0,1580,0
756,5.2043,8.8183,0.0039,0.0000,0,0,0.0000,0,0.0000,0,0,0,8276,0
757,5.3005,8.8909,0.0030,0.0000,0,0,0.0000,0,0.0000,0,0,0,1956,0
758,5.3075,8.7703,0.0041,0.0000,0,0,0.0000,0,0.0000,0,0,0,1485,0
759,5.3442,8.8200,0.0047,0.0000,0,0,0.0000,0,0.0000,0,0,0,2224,0
760,5.3631,8.9125,0.0041,0.0000,0,0,0.0000,0,0.0000,0,0,0,9566,0
761,5.3663,8.8188,0.0035,0.0000,0,0,0.0000,0,0.0000,0,0,0,1008,0
762,5.2889,8.7345,0.0033,0.0000,0,0,0.0000,0,0.0000,0,0,0,1650,0
763,5.1760,8.6898,0.0029,0.0000,0,0,0.0000,0,0.0000,0,0,0,991,0
764,5.3622,8.7104,0.0034,0.0000,0,0,0.0000,0,0.0000,0,0,0,6483,0
765,5.3418,8.7147,0.0030,0.0000,0,0,0.0000,0,0.0000,0,0,0,1009,0
766,5.3126,8.7310,0.0027,0.0000,0,0,0.0000,0,0.0000,0,0,0,1682,0
767,5.2930,8.6724,0.0031,0.0000,0,0,0.0000,0,0.0000,0,0,0,1907,0
768,5.3172,8.7167,0.0091,0.0000,0,0,0.0000,0,0.0000,0,0,0,20909,0
769,5.2473,8.7430,0.0031,0.0000,0,0,0.0000,0,0.0000,0,0,0,1606,0
770,5.1456,8.7663,0.0022,0.0000,0,0,0.0000,0,0.0000,0,0,0,1352,0
771,5.2232,8.8701,0.0031,0.0000,0,0,0.0000,0,0.0000,0,0,0,1277,0
772,5.2240,8.7313,0.0039,0.0000,0,0,0.0000,0,0.0000,0,0,0,8679,0
773,5.2793,8.6841,0.0032,0.0000,0,0,0.0000,0,0.0000,0,0,0,2815,0
774,5.4428,8.8437,0.0047,0.0000,0,0,0.0000,0,0.0000,0,0,0,1453,0
775,5.6592,8.8124,0.0031,0.0000,0,0,0.0000,0,0.0000,0,0,0,1623,0
776,5.2592,8.7531,0.0034,0.0000,0,0,0.0000,0,0.0000,0,0,0,7963,0
777,5.2110,8.7545,0.0034,0.0000,0,0,0.0000,0,0.0000,0,0,0,1408,0
778,5.3811,8.8833,0.0029,0.0000,0,0,0.0000,0,0.0000,0,0,0,1372,0
779,5.6729,8.7545,0.0035,0.0000,0,0,0.0000,0,0.0000,0,0,0,1797,0
780,5.7788,7.0717,0.0306,0.0000,0,0,0.0000,0,0.0000,0,1,0,108426,0
781,5.8053,8.8330,0.0044,0.0000,0,0,0.0000,0,0.0000,0,0,0,12207,0
782,5.4655,7.8280,0.0044,0.0000,0,0,0.0000,0,0.0000,0,0,0,18858,0
783,5.2832,7.9670,0.0036,0.0000,0,0,0.0000,0,0.0000,0,0,0,5363,0
784,5.2957,7.5770,0.0043,0.0000,0,0,0.0000,0,0.0000,0,0,0,15343,0
785,5.5897,7.6352,0.0039,0.0000,0,0,0.0000,0,0.0000,0,0,0,5903,0
786,5.4655,8.2372,0.0037,0.0000,0,0,0.0000,0,0.0000,0,0,0,5807,0
787,5.4460,8.0843,0.0037,0.0000,0,0,0.0000,0,0.0000,0,0,0,4672,0
788,5.4297,9.3311,0.0043,0.0000,0,0,0.0000,0,0.0000,0,0,0,10466,0
789,5.4861,9.0154,0.0034,0.0000,0,0,0.0000,0,0.0000,0,0,0,2743,0
790,5.4367,9.0227,0.0032,0.0000,0,0,0.0000,0,0.0000,0,0,0,1177,0
791,5.4634,8.7335,0.0038,0.0000,0,0,0.0000,0,0.0000,0,0,0,976,0
792,5.4620,8.8956,0.0039,0.0000,0,0,0.0000,0,0.0000,0,0,0,8231,0
793,5.5006,8.9243,0.0028,0.0000,0,0,0.0000,0,0.0000,0,0,0,935,0
794,5.3985,8.7992,0.0028,0.0000,0,0,0.0000,0,0.0000,0,0,0,878,0
795,5.4368,8.8102,0.0027,0.0000,0,0,0.0000,0,0.0000,0,0,0,870,0
796,5.3732,8.8457,0.0034,0.0000,0,0,0.0000,0,0.0000,0,0,0,6610,0
797,5.3177,8.9694,0.0032,0.0000,0,0,0.0000,0,0.0000,0,0,0,895,0
798,5.3209,8.8806,0.0032,0.0000,0,0,0.0000,0,0.0000,0,0,0,1505,0
799,5.3852,8.6914,0.0025,0.0000,0,0,0.0000,0,0.0000,0,0,0,1314,0
800,5.4731,8.7015,0.0035,0.0000,0,0,0.0000,0,0.0000,0,0,0,7002,0
801,5.5445,8.7654,0.0030,0.0000,0,0,0.0000,0,0.0000,0,0,0,1639,0
802,5.2360,8.6945,0.0033,0.0000,0,0,0.0000,0,0.0000,0,0,0,1229,0
803,5.4639,8.8971,0.0036,0.0000,0,0,0.0000,0,0.0000,0,0,0,1179,0
804,5.5894,9.3487,0.0038,0.0000,0,0,0.0000,0,0.0000,0,0,0,7637,0
805,5.4510,8.7657,0.0031,0.0000,0,0,0.0000,0,0.0000,0,0,0,1924,0
806,5.4519,8.8461,0.0027,0.0000,0,0,0.0000,0,0.0000,0,0,0,880,0
807,5.4506,8.9470,0.0026,0.0000,0,0,0.0000,0,0.0000,0,0,0,926,0
808,5.4155,8.7139,0.0035,0.0000,0,0,0.0000,0,0.0000,0,0,0,7622,0
809,5.4643,8.7411,0.0026,0.0000,0,0,0.0000,0,0.0000,0,0,0,896,0
810,5.3507,8.7643,0.0034,0.0000,0,0,0.0000,0,0.0000,0,0,0,970,0
811,5.4726,8.7608,0.0033,0.0000,0,0,0.0000,0,0.0000,0,0,0,1898,0
812,5.1849,6.8583,0.0034,0.0000,0,0,0.0000,0,0.0000,0,0,0,6532,0
813,5.2728,7.6900,0.0033,0.0000,0,0,0.0000,0,0.0000,0,0,0,839,0
814,5.2843,9.3785,0.0030,0.0000,0,0,0.0000,0,0.0000,0,0,0,1127,0
815,5.4528,9.0011,0.0031,0.0000,0,0,0.0000,0,0.0000,0,0,0,1829,0
816,5.4771,9.2433,0.0037,0.0000,0,0,0.0000,0,0.0000,0,0,0,8930,0
817,5.3816,8.7781,0.0031,0.0000,0,0,0.0000,0,0.0000,0,0,0,2078,0
818,5.4222,8.7153,0.0044,0.0000,0,0,0.0000,0,0.0000,0,0,0,1190,0
819,5.3273,8.9016,0.0035,0.0000,0,0,0.0000,0,0.0000,0,0,0,1138,0
820,5.5130,8.7913,0.0038,0.0000,0,0,0.0000,0,0.0000,0,0,0,8256,0
821,5.4972,8.7379,0.0029,0.0000,0,0,0.0000,0,0.0000,0,0,0,1203,0
822,5.5020,8.7472,0.0027,0.0000,0,0,0.0000,0,0.0000,0,0,0,1140,0
823,5.4842,8.7334,0.0032,0.0000,0,0,0.0000,0,0.0000,0,0,0,1215,0
824,5.4700,8.6975,0.0032,0.0000,0,0,0.0000,0,0.0000,0,0,0,8281,0
825,5.4875,8.8364,0.0022,0.0000,0,0,0.0000,0,0.0000,0,0,0,1127,0
826,5.5596,8.8583,0.0028,0.0000,0,0,0.0000,0,0.0000,0,0,0,951,0
827,5.4257,8.7000,0.0025,0.0000,0,0,0.0000,0,0.0000,0,0,0,971,0
828,5.4260,8.7285,0.0030,0.0000,0,0,0.0000,0,0.0000,0,0,0,7279,0
829,5.4455,8.7844,0.0024,0.0000,0,0,0.0000,0,0.0000,0,0,0,1030,0
830,5.4206,8.7231,0.0023,0.0000,0,0,0.0000,0,0.0000,0,0,0,1656,0
831,5.4825,8.8450,0.0028,0.0000,0,0,0.0000,0,0.0000,0,0,0,1497,0
832,5.4641,8.8839,0.0037,0.0000,0,0,0.0000,0,0.0000,0,0,0,7356,0
833,5.4190,8.7378,0.0030,0.0000,0,0,0.0000,0,0.0000,0,0,0,2528,0
834,5.4867,8.8210,0.0036,0.0000,0,0,0.0000,0,0.0000,0,0,0,1845,0
835,5.3740,8.6775,0.0040,0.0000,0,0,0.0000,0,0.0000,0,0,0,1819,0
836,5.5338,8.7142,0.0043,0.0000,0,0,0.0000,0,0.0000,0,0,0,8731,0
837,5.5644,8.8406,0.0037,0.0000,0,0,0.0000,0,0.0000,0,0,0,1917,0
838,5.4286,8.8395,0.0030,0.0000,0,0,0.0000,0,0.0000,0,0,0,1875,0
839,5.4863,8.7224,0.0031,0.0000,0,0,0.0000,0,0.0000,0,0,0,2027,0
840,5.5040,7.0607,0.0177,0.0000,0,0,0.0000,0,0.0000,0,1,0,104421,0
841,5.5125,8.8924,0.0099,0.0000,0,0,0.0000,0,0.0000,0,0,0,16516,0
842,5.2145,8.0665,0.0035,0.0000,0,0,0.0000,0,0.0000,0,0,0,11307,0
843,5.2959,7.8318,0.0040,0.0000,0,0,0.0000,0,0.0000,0,0,0,7824,0
844,5.3640,7.0303,0.0035,0.0000,0,0,0.0000,0,0.0000,0,0,0,11249,0
845,5.4971,8.0461,0.0037,0.0000,0,0,0.0000,0,0.0000,0,0,0,3397,0
846,5.5498,8.1310,0.0035,0.0000,0,0,0.0000,0,0.0000,0,0,0,4705,0
847,5.4680,8.3562,0.0038,0.0000,0,0,0.0000,0,0.0000,0,0,0,1448,0
848,5.4835,7.8486,0.0041,0.0000,0,0,0.0000,0,0.0000,0,0,0,8546,0
849,5.8522,9.3151,0.0032,0.0000,0,0,0.0000,0,0.0000,0,0,0,2086,0
850,5.3577,9.1728,0.0030,0.0000,0,0,0.0000,0,0.0000,0,0,0,1372,0
851,5.5207,8.9715,0.0028,0.0000,0,0,0.0000,0,0.0000,0,0,0,1566,0
852,5.3662,8.9236,0.0039,0.0000,0,0,0.0000,0,0.0000,0,0,0,8754,0
853,5.4624,8.9181,0.0024,0.0000,0,0,0.0000,0,0.0000,0,0,0,1494,0
854,5.4169,8.8155,0.0034,0.0000,0,0,0.0000,0,0.0000,0,0,0,1244,0
855,5.3417,8.7055,0.0027,0.0000,0,0,0.0000,0,0.0000,0,0,0,1166,0
856,5.5012,8.8092,0.0032,0.0000,0,0,0.0000,0,0.0000,0,0,0,8228,0
857,5.4236,8.6590,0.0026,0.0000,0,0,0.0000,0,0.0000,0,0,0,934,0
858,5.4307,8.6894,0.0030,0.0000,0,0,0.0000,0,0.0000,0,0,0,928,0
859,5.4822,8.7468,0.0026,0.0000,0,0,0.0000,0,0.0000,0,0,0,900,0
860,5.5007,9.2597,0.0037,0.0000,0,0,0.0000,0,0.0000,0,0,0,6480,0
861,5.5013,8.9010,0.0030,0.0000,0,0,0.0000,0,0.0000,0,0,0,906,0
862,5.4918,8.7825,0.0031,0.0000,0,0,0.0000,0,0.0000,0,0,0,1251,0
863,5.4185,8.8289,0.0028,0.0000,0,0,0.0000,0,0.0000,0,0,0,1148,0
864,5.3116,9.2643,0.0058,0.0000,0,0,0.0000,0,0.0000,0,0,0,22145,0
865,5.4312,8.7803,0.0034,0.0000,0,0,0.0000,0,0.0000,0,0,0,2491,0
866,5.4127,8.8775,0.0026,0.0000,0,0,0.0000,0,0.0000,0,0,0,1022,0
867,5.0983,8.7268,0.0023,0.0000,0,0,0.0000,0,0.0000,0,0,0,920,0
868,5.2225,8.7051,0.0038,0.0000,0,0,0.0000,0,0.0000,0,0,0,7840,0
869,5.2483,8.7453,0.0031,0.0000,0,0,0.0000,0,0.0000,0,0,0,1895,0
870,5.0099,8.7521,0.0037,0.0000,0,0,0.0000,0,0.0000,0,0,0,898,0
871,5.4037,8.9087,0.0045,0.0000,0,0,0.0000,0,0.0000,0,0,0,908,0
872,4.9085,8.0247,0.0038,0.0000,0,0,0.0000,0,0.0000,0,0,0,7617,0
873,5.3033,7.0774,0.0027,0.0000,0,0,0.0000,0,0.0000,0,0,0,940,0
874,5.2320,7.8870,0.0030,0.0000,0,0,0.0000,0,0.0000,0,0,0,1037,0
875,5.2713,9.3325,0.0033,0.0000,0,0,0.0000,0,0.0000,0,0,0,1424,0
876,5.4005,8.9402,0.0034,0.0000,0,0,0.0000,0,0.0000,0,0,0,6863,0
877,5.2933,8.7800,0.0029,0.0000,0,0,0.0000,0,0.0000,0,0,0,976,0
878,5.2960,8.8015,0.0036,0.0000,0,0,0.0000,0,0.0000,0,0,0,1584,0
879,5.1652,8.8373,0.0043,0.0000,0,0,0.0000,0,0.0000,0,0,0,1167,0
880,4.7711,8.9580,0.0043,0.0000,0,0,0.0000,0,0.0000,0,0,0,8449,0
881,4.6075,7.8303,0.0027,0.0000,0,0,0.0000,0,0.0000,0,0,0,2043,0
882,4.6876,7.9445,0.0034,0.0000,0,0,0.0000,0,0.0000,0,0,0,1238,0
883,4.6599,7.4464,0.0035,0.0000,0,0,0.0000,0,0.0000,0,0,0,1239,0
884,4.4923,7.0901,0.0058,0.0000,0,0,0.0000,0,0.0000,0,0,0,8277,0
885,4.6220,6.9429,0.0032,0.0000,0,0,0.0000,0,0.0000,0,0,0,1378,0
886,4.6333,7.8335,0.0032,0.0000,0,0,0.0000,0,0.0000,0,0,0,1412,0
887,4.6203,7.8282,0.0031,0.0000,0,0,0.0000,0,0.0000,0,0,0,1848,0
888,4.6808,8.2984,0.0036,0.0000,0,0,0.0000,0,0.0000,0,0,0,8670,0
889,4.6443,7.7177,0.0029,0.0000,0,0,0.0000,0,0.0000,0,0,0,1186,0
890,4.5927,7.0074,0.0035,0.0000,0,0,0.0000,0,0.0000,0,0,0,1200,0
891,4.6322,8.1814,0.0029,0.0000,0,0,0.0000,0,0.0000,0,0,0,1185,0
892,5.0508,6.9452,0.0033,0.0000,0,0,0.0000,0,0.0000,0,0,0,7217,0
893,4.9996,7.7563,0.0034,0.0000,0,0,0.0000,0,0.0000,0,0,0,1708,0
894,4.8873,7.1584,0.0034,0.0000,0,0,0.0000,0,0.0000,0,0,0,2481,0
895,5.0103,7.6502,0.0031,0.0000,0,0,0.0000,0,0.0000,0,0,0,2616,0
896,4.9836,7.3718,0.0035,0.0000,0,0,0.0000,0,0.0000,0,0,0,7562,0
897,5.1529,7.6270,0.0031,0.0000,0,0,0.0000,0,0.0000,0,0,0,2704,0
898,5.0252,7.7880,0.0048,0.0000,0,0,0.0000,0,0.0000,0,0,0,2022,0
899,18.3641,6.6224,0.0032,0.0000,0,0,0.0000,0,0.0000,0,0,0,1938,0
900,7.4502,5.3513,0.0118,0.0000,0,0,0.0000,0,0.0000,0,1,0,102632,0
901,3.2779,7.7834,0.0015,0.0000,0,0,0.0000,0,0.0000,0,0,0,12444,0
902,3.4733,6.8906,0.0053,0.0000,0,0,0.0000,0,0.0000,0,0,0,15615,0
903,3.8155,6.4149,0.0035,0.0000,0,0,0.0000,0,0.0000,0,0,0,10643,0
904,3.8081,6.5976,0.0044,0.0000,0,0,0.0000,0,0.0000,0,0,0,15271,0
905,3.9381,6.3830,0.0035,0.0000,0,0,0.0000,0,0.0000,0,0,0,5038,0
906,3.8272,6.3877,0.0027,0.0000,0,0,0.0000,0,0.0000,0,0,0,4390,0
907,4.1342,6.5131,0.0058,0.0000,0,0,0.0000,0,0.0000,0,0,0,3705,0
908,4.1353,6.4650,0.0061,0.0000,0,0,0.0000,0,0.0000,0,0,0,10034,0
909,4.1308,6.5061,0.0029,0.0000,0,0,0.0000,0,0.0000,0,0,0,3572,0
910,4.1534,6.6801,0.0053,0.0000,0,0,0.0000,0,0.0000,0,0,0,5112,0
911,4.6004,7.1145,0.0030,0.0000,0,0,0.0000,0,0.0000,0,0,0,1281,0
912,4.6413,7.2337,0.0037,0.0000,0,0,0.0000,0,0.0000,0,0,0,8816,0
913,4.6345,7.4008,0.0040,0.0000,0,0,0.0000,0,0.0000,0,0,0,3344,0
914,4.6333,7.6740,0.0033,0.0000,0,0,0.0000,0,0.0000,0,0,0,2048,0
915,4.6256,9.0632,0.0047,0.0000,0,0,0.0000,0,0.0000,0,0,0,1876,0
916,4.6299,7.9510,0.0037,0.0000,0,0,0.0000,0,0.0000,0,0,0,8678,0
917,4.7064,8.4015,0.0028,0.0000,0,0,0.0000,0,0.0000,0,0,0,1696,0
918,4.6903,7.2980,0.0035,0.0000,0,0,0.0000,0,0.0000,0,0,0,1445,0
919,4.7302,7.5976,0.0033,0.0000,0,0,0.0000,0,0.0000,0,0,0,1298,0
920,4.7430,7.2197,0.0036,0.0000,0,0,0.0000,0,0.0000,0,0,0,8305,0
921,4.7839,7.2664,0.0034,0.0000,0,0,0.0000,0,0.0000,0,0,0,1568,0
922,4.7779,7.4610,0.0034,0.0000,0,0,0.0000,0,0.0000,0,0,0,1231,0
923,4.7790,7.4130,0.0027,0.0000,0,0,0.0000,0,0.0000,0,0,0,1354,0
924,4.7168,7.5874,0.0034,0.0000,0,0,0.0000,0,0.0000,0,0,0,7225,0
925,4.7420,7.9089,0.0034,0.0000,0,0,0.0000,0,0.0000,0,0,0,1508,0
926,4.9984,7.8560,0.0029,0.0000,0,0,0.0000,0,0.0000,0,0,0,2350,0
927,4.9570,8.2253,0.0031,0.0000,0,0,0.0000,0,0.0000,0,0,0,2174,0
928,5.0675,8.8805,0.0044,0.0000,0,0,0.0000,0,0.0000,0,0,0,7419,0
929,4.9178,7.7656,0.0032,0.0000,0,0,0.0000,0,0.0000,0,0,0,2597,0
930,5.0726,8.1010,0.0028,0.0000,0,0,0.0000,0,0.0000,0,0,0,2227,0
931,4.9716,6.9182,0.0053,0.0000,0,0,0.0000,0,0.0000,0,0,0,1906,0
932,5.3372,7.3805,0.0043,0.0000,0,0,0.0000,0,0.0000,0,0,0,8698,0
933,5.3000,7.3386,0.0035,0.0000,0,0,0.0000,0,0.0000,0,0,0,2231,0
934,5.2306,7.6256,0.0029,0.0000,0,0,0.0000,0,0.0000,0,0,0,2320,0
935,5.0905,7.6567,0.0023,0.0000,0,0,0.0000,0,0.0000,0,0,0,2298,0
936,4.9596,8.0128,0.0036,0.0000,0,0,0.0000,0,0.0000,0,0,0,7935,0
937,5.1032,8.0640,0.0030,0.0000,0,0,0.0000,0,0.0000,0,0,0,1911,0
938,5.1063,11.1125,0.0043,0.0000,0,0,0.0000,0,0.0000,0,0,0,1566,0
939,5.3552,9.0428,0.0035,0.0000,0,0,0.0000,0,0.0000,0,0,0,1380,0
940,5.2631,9.0184,0.0041,0.0000,0,0,0.0000,0,0.0000,0,0,0,6832,0
941,5.0765,7.5728,0.0027,0.0000,0,0,0.0000,0,0.0000,0,0,0,1680,0
942,5.0628,9.0532,0.0041,0.0000,0,0,0.0000,0,0.0000,0,0,0,2517,0
943,4.8965,7.3110,0.0022,0.0000,0,0,0.0000,0,0.0000,0,0,0,2130,0
944,5.4161,8.0942,0.0035,0.0000,0,0,0.0000,0,0.0000,0,0,0,9005,0
945,5.3758,8.0576,0.0024,0.0000,0,0,0.0000,0,0.0000,0,0,0,3551,0
946,5.4314,8.1397,0.0022,0.0000,0,0,0.0000,0,0.0000,0,0,0,2669,0
947,5.4760,8.3113,0.0029,0.0000,0,0,0.0000,0,0.0000,0,0,0,2966,0
948,5.4603,8.0540,0.0036,0.0000,0,0,0.0000,0,0.0000,0,0,0,9022,0
949,5.3704,9.0374,0.0034,0.0000,0,0,0.0000,0,0.0000,0,0,0,2752,0
950,5.4925,9.3010,0.0025,0.0000,0,0,0.0000,0,0.0000,0,0,0,2696,0
951,5.4953,9.2390,0.0027,0.0000,0,0,0.0000,0,0.0000,0,0,0,2864,0
952,5.3145,8.7739,0.0040,0.0000,0,0,0.0000,0,0.0000,0,0,0,9168,0
953,5.3395,8.8715,0.0027,0.0000,0,0,0.0000,0,0.0000,0,0,0,2708,0
954,5.3566,8.8898,0.0027,0.0000,0,0,0.0000,0,0.0000,0,0,0,2067,0
955,5.4494,8.9463,0.0028,0.0000,0,0,0.0000,0,0.0000,0,0,0,1899,0
956,5.5658,8.7687,0.0028,0.0000,0,0,0.0000,0,0.0000,0,0,0,7695,0
957,5.4164,8.7922,0.0026,0.0000,0,0,0.0000,0,0.0000,0,0,0,2103,0
958,5.5040,8.7853,0.0025,0.0000,0,0,0.0000,0,0.0000,0,0,0,3350,0
959,5.4659,8.8697,0.0027,0.0000,0,0,0.0000,0,0.0000,0,0,0,3114,0
960,5.4922,7.1130,0.0189,0.0000,0,0,0.0000,0,0.0000,0,1,0,104169,0
961,5.5200,8.8310,0.0094,0.0000,0,0,0.0000,0,0.0000,0,0,0,16591,0
962,5.2475,7.0307,0.0033,0.0000,0,0,0.0000,0,0.0000,0,0,0,11511,0
963,5.1877,8.1510,0.0032,0.0000,0,0,0.0000,0,0.0000,0,0,0,7355,0
964,5.1507,9.3245,0.0127,0.0000,0,0,0.0000,0,0.0000,0,0,0,10689,0
965,5.1317,9.2691,0.0033,0.0000,0,0,0.0000,0,0.0000,0,0,0,2618,0
966,5.0907,9.2066,0.0027,0.0000,0,0,0.0000,0,0.0000,0,0,0,1764,0
967,5.1341,8.8763,0.0028,0.0000,0,0,0.0000,0,0.0000,0,0,0,1246,0
968,5.4992,8.7118,0.0037,0.0000,0,0,0.0000,0,0.0000,0,0,0,8249,0
969,5.4512,8.6948,0.0027,0.0000,0,0,0.0000,0,0.0000,0,0,0,934,0
970,5.4478,8.7858,0.0029,0.0000,0,0,0.0000,0,0.0000,0,0,0,1267,0
971,5.2825,8.7333,0.0029,0.0000,0,0,0.0000,0,0.0000,0,0,0,1142,0
972,5.2847,8.8523,0.0030,0.0000,0,0,0.0000,0,0.0000,0,0,0,6252,0
973,5.4528,11.1502,0.0028,0.0000,0,0,0.0000,0,0.0000,0,0,0,1352,0
974,5.2102,8.7446,0.0043,0.0000,0,0,0.0000,0,0.0000,0,0,0,2288,0
975,5.4714,8.8557,0.0033,0.0000,0,0,0.0000,0,0.0000,0,0,0,1135,0
976,5.4898,8.7980,0.0036,0.0000,0,0,0.0000,0,0.0000,0,0,0,8306,0
977,5.4607,8.7619,0.0032,0.0000,0,0,0.0000,0,0.0000,0,0,0,1705,0
978,5.5326,8.9512,0.0033,0.0000,0,0,0.0000,0,0.0000,0,0,0,910,0
979,5.5476,8.8791,0.0039,0.0000,0,0,0.0000,0,0.0000,0,0,0,950,0
980,5.4553,8.7741,0.0032,0.0000,0,0,0.0000,0,0.0000,0,0,0,8288,0
981,5.6268,8.7717,0.0033,0.0000,0,0,0.0000,0,0.0000,0,0,0,1015,0
982,5.3958,8.8303,0.0034,0.0000,0,0,0.0000,0,0.0000,0,0,0,951,0
983,5.2347,8.7277,0.0033,0.0000,0,0,0.0000,0,0.0000,0,0,0,869,0
984,5.5969,8.7496,0.0040,0.0000,0,0,0.0000,0,0.0000,0,0,0,8176,0
985,5.4088,8.7921,0.0031,0.0000,0,0,0.0000,0,0.0000,0,0,0,863,0
986,5.5273,8.7241,0.0030,0.0000,0,0,0.0000,0,0.0000,0,0,0,784,0
987,5.4208,8.8922,0.0030,0.0000,0,0,0.0000,0,0.0000,0,0,0,808,0
988,5.5306,8.7426,0.0032,0.0000,0,0,0.0000,0,0.0000,0,0,0,6353,0
989,5.4470,9.3145,0.0030,0.0000,0,0,0.0000,0,0.0000,0,0,0,851,0
990,5.4681,8.8174,0.0033,0.0000,0,0,0.0000,0,0.0000,0,0,0,1095,0
991,5.4672,8.8013,0.0032,0.0000,0,0,0.0000,0,0.0000,0,0,0,1065,0
992,5.0962,7.5806,0.0040,0.0000,0,0,0.0000,0,0.0000,0,0,0,6921,0
993,5.2464,7.8253,0.0029,0.0000,0,0,0.0000,0,0.0000,0,0,0,1365,0
994,5.1662,8.5234,0.0025,0.0000,0,0,0.0000,0,0.0000,0,0,0,985,0
995,5.4267,8.0094,0.0032,0.0000,0,0,0.0000,0,0.0000,0,0,0,874,0
996,5.3734,8.1265,0.0038,0.0000,0,0,0.0000,0,0.0000,0,0,0,7446,0
997,5.3965,8.0476,0.0034,0.0000,0,0,0.0000,0,0.0000,0,0,0,2002,0
998,5.5120,8.1628,0.0032,0.0000,0,0,0.0000,0,0.0000,0,0,0,798,0
999,5.2880,9.3752,0.0056,0.0000,0,0,0.0000,0,0.0000,0,0,0,808,0
1000,5.3530,9.1619,0.0052,0.0000,0,0,0.0000,0,0.0000,0,0,0,7571,0
1001,5.5358,8.8023,0.0035,0.0000,0,0,0.0000,0,0.0000,0,0,0,841,0
1002,5.3194,8.8326,0.0029,0.0000,0,0,0.0000,0,0.0000,0,0,0,789,0
1003,5.5317,8.8255,0.0028,0.0000,0,0,0.0000,0,0.0000,0,0,0,2006,0
1004,5.5176,8.8716,0.0031,0.0000,0,0,0.0000,0,0.0000,0,0,0,6758,0
1005,5.5146,8.7943,0.0025,0.0000,0,0,0.0000,0,0.0000,0,0,0,857,0
1006,5.4925,8.6985,0.0030,0.0000,0,0,0.0000,0,0.0000,0,0,0,1005,0
1007,5.5118,8.9319,0.0033,0.0000,0,0,0.0000,0,0.0000,0,0,0,1148,0
1008,5.4615,8.7758,0.0033,0.0000,0,0,0.0000,0,0.0000,0,0,0,8125,0
1009,5.4653,8.9510,0.0027,0.0000,0,0,0.0000,0,0.0000,0,0,0,1642,0
1010,5.3315,8.7497,0.0026,0.0000,0,0,0.0000,0,0.0000,0,0,0,1042,0
1011,5.3226,8.7542,0.0026,0.0000,0,0,0.0000,0,0.0000,0,0,0,1192,0
1012,5.3985,8.7814,0.0031,0.0000,0,0,0.0000,0,0.0000,0,0,0,8427,0
1013,5.4486,9.2837,0.0030,0.0000,0,0,0.0000,0,0.0000,0,0,0,1029,0
1014,5.4380,8.7553,0.0033,0.0000,0,0,0.0000,0,0.0000,0,0,0,1072,0
1015,5.4140,8.7097,0.0037,0.0000,0,0,0.0000,0,0.0000,0,0,0,1266,0
1016,5.4987,8.9132,0.0034,0.0000,0,0,0.0000,0,0.0000,0,0,0,8190,0
1017,5.5291,8.9410,0.0024,0.0000,0,0,0.0000,0,0.0000,0,0,0,1089,0
1018,5.4809,8.7195,0.0026,0.0000,0,0,0.0000,0,0.0000,0,0,0,977,0
1019,5.5199,8.7790,0.0028,0.0000,0,0,0.0000,0,0.0000,0,0,0,1460,0
1020,5.4808,7.2296,0.0315,0.0000,0,0,0.0000,0,0.0000,0,1,0,119673,0
1021,5.4321,8.9248,0.0103,0.0000,0,0,0.0000,0,0.0000,0,0,0,17565,0
1022,5.2116,6.8635,0.0043,0.0000,0,0,0.0000,0,0.0000,0,0,0,18354,0
1023,5.3029,7.7989,0.0042,0.0000,0,0,0.0000,0,0.0000,0,0,0,10785,0
1024,4.7444,9.4333,0.0052,0.0000,0,0,0.0000,0,0.0000,0,0,0,24570,0
1025,5.0771,9.0040,0.0039,0.0000,0,0,0.0000,0,0.0000,0,0,0,5168,0
1026,4.8832,8.9665,0.0035,0.0000,0,0,0.0000,0,0.0000,0,0,0,4166,0
1027,4.7942,8.7484,0.0030,0.0000,0,0,0.0000,0,0.0000,0,0,0,3077,0
1028,4.7665,9.2233,0.0043,0.0000,0,0,0.0000,0,0.0000,0,0,0,8525,0
1029,5.0108,8.9365,0.0026,0.0000,0,0,0.0000,0,0.0000,0,0,0,780,0
1030,5.2743,8.8377,0.0027,0.0000,0,0,0.0000,0,0.0000,0,0,0,780,0
1031,5.2045,8.7215,0.0032,0.0000,0,0,0.0000,0,0.0000,0,0,0,798,0
1032,5.2924,9.2905,0.0032,0.0000,0,0,0.0000,0,0.0000,0,0,0,7776,0
1033,5.1854,8.7322,0.0031,0.0000,0,0,0.0000,0,0.0000,0,0,0,879,0
1034,5.2710,8.7377,0.0029,0.0000,0,0,0.0000,0,0.0000,0,0,0,856,0
1035,5.3039,8.7539,0.0028,0.0000,0,0,0.0000,0,0.0000,0,0,0,856,0
1036,5.3854,8.7223,0.0040,0.0000,0,0,0.0000,0,0.0000,0,0,0,6099,0
1037,5.3102,8.8100,0.0037,0.0000,0,0,0.0000,0,0.0000,0,0,0,887,0
1038,5.1781,8.7761,0.0029,0.0000,0,0,0.0000,0,0.0000,0,0,0,1812,0
1039,5.4931,8.7212,0.0032,0.0000,0,0,0.0000,0,0.0000,0,0,0,865,0
1040,5.3446,8.7771,0.0036,0.0000,0,0,0.0000,0,0.0000,0,0,0,8111,0
1041,5.5242,8.7422,0.0027,0.0000,0,0,0.0000,0,0.0000,0,0,0,1532,0
1042,5.4665,8.7515,0.0026,0.0000,0,0,0.0000,0,0.0000,0,0,0,891,0
1043,5.5159,8.8561,0.0027,0.0000,0,0,0.0000,0,0.0000,0,0,0,941,0
1044,5.5195,8.7398,0.0034,0.0000,0,0,0.0000,0,0.0000,0,0,0,8261,0
1045,5.5069,11.1896,0.0035,0.0000,0,0,0.0000,0,0.0000,0,0,0,920,0
1046,5.3055,8.9431,0.0031,0.0000,0,0,0.0000,0,0.0000,0,0,0,901,0
1047,5.4710,9.3185,0.0033,0.0000,0,0,0.0000,0,0.0000,0,0,0,907,0
1048,5.4640,8.8137,0.0046,0.0000,0,0,0.0000,0,0.0000,0,0,0,8196,0
1049,5.3998,8.7750,0.0037,0.0000,0,0,0.0000,0,0.0000,0,0,0,852,0
1050,5.5473,8.8640,0.0043,0.0000,0,0,0.0000,0,0.0000,0,0,0,814,0
1051,5.6285,8.8220,0.0043,0.0000,0,0,0.0000,0,0.0000,0,0,0,794,0
1052,5.2443,8.0645,0.0035,0.0000,0,0,0.0000,0,0.0000,0,0,0,6435,0
1053,5.3119,7.7972,0.0027,0.0000,0,0,0.0000,0,0.0000,0,0,0,844,0
1054,5.2620,10.0397,0.0035,0.0000,0,0,0.0000,0,0.0000,0,0,0,1259,0
1055,5.4867,7.7918,0.0030,0.0000,0,0,0.0000,0,0.0000,0,0,0,1198,0
1056,5.5113,9.2995,0.0043,0.0000,0,0,0.0000,0,0.0000,0,0,0,7013,0
1057,5.2490,9.3131,0.0028,0.0000,0,0,0.0000,0,0.0000,0,0,0,1443,0
1058,5.4331,9.0245,0.0044,0.0000,0,0,0.0000,0,0.0000,0,0,0,1110,0
1059,5.3299,9.3381,0.0036,0.0000,0,0,0.0000,0,0.0000,0,0,0,963,0
1060,5.4537,8.7683,0.0029,0.0000,0,0,0.0000,0,0.0000,0,0,0,7553,0
1061,5.5357,8.9333,0.0031,0.0000,0,0,0.0000,0,0.0000,0,0,0,1980,0
1062,5.4544,8.7997,0.0025,0.0000,0,0,0.0000,0,0.0000,0,0,0,944,0
1063,5.5347,8.7795,0.0026,0.0000,0,0,0.0000,0,0.0000,0,0,0,933,0
1064,5.4667,9.2883,0.0030,0.0000,0,0,0.0000,0,0.0000,0,0,0,7560,0
1065,5.4230,8.7242,0.0029,0.0000,0,0,0.0000,0,0.0000,0,0,0,863,0
1066,5.4994,8.8319,0.0028,0.0000,0,0,0.0000,0,0.0000,0,0,0,793,0
1067,5.3195,8.8204,0.0025,0.0000,0,0,0.0000,0,0.0000,0,0,0,863,0
1068,5.4720,8.8279,0.0032,0.0000,0,0,0.0000,0,0.0000,0,0,0,6477,0
1069,5.4761,8.7869,0.0029,0.0000,0,0,0.0000,0,0.0000,0,0,0,890,0
1070,5.3645,8.7938,0.0030,0.0000,0,0,0.0000,0,0.0000,0,0,0,1058,0
1071,5.3845,8.7645,0.0029,0.0000,0,0,0.0000,0,0.0000,0,0,0,1041,0
1072,5.4953,9.2758,0.0034,0.0000,0,0,0.0000,0,0.0000,0,0,0,8023,0
1073,5.3886,8.8935,0.0035,0.0000,0,0,0.0000,0,0.0000,0,0,0,1745,0
1074,5.4785,8.9091,0.0029,0.0000,0,0,0.0000,0,0.0000,0,0,0,1123,0
1075,5.4249,9.2896,0.0034,0.0000,0,0,0.0000,0,0.0000,0,0,0,1029,0
1076,5.5388,9.3081,0.0041,0.0000,0,0,0.0000,0,0.0000,0,0,0,8322,0
1077,5.4021,8.9548,0.0032,0.0000,0,0,0.0000,0,0.0000,0,0,0,1038,0
1078,5.5813,8.7608,0.0031,0.0000,0,0,0.0000,0,0.0000,0,0,0,1120,0
1079,5.5412,8.9350,0.0033,0.0000,0,0,0.0000,0,0.0000,0,0,0,1238,0
1080,5.4591,7.1706,0.0224,0.0000,0,0,0.0000,0,0.0000,0,1,0,104886,0
1081,5.5610,8.8480,0.0118,0.0000,0,0,0.0000,0,0.0000,0,0,0,16477,0
1082,5.1761,8.0249,0.0032,0.0000,0,0,0.0000,0,0.0000,0,0,0,6501,0
1083,5.2940,8.9667,0.0060,0.0000,0,0,0.0000,0,0.0000,0,0,0,7454,0
1084,5.1873,9.1590,0.0039,0.0000,0,0,0.0000,0,0.0000,0,0,0,11545,0
1085,5.3741,9.3657,0.0036,0.0000,0,0,0.0000,0,0.0000,0,0,0,3354,0
1086,5.5073,8.8919,0.0030,0.0000,0,0,0.0000,0,0.0000,0,0,0,4108,0
1087,5.4930,8.7698,0.0030,0.0000,0,0,0.0000,0,0.0000,0,0,0,2978,0
1088,5.3161,8.7172,0.0040,0.0000,0,0,0.0000,0,0.0000,0,0,0,7962,0
1089,5.5286,8.7882,0.0026,0.0000,0,0,0.0000,0,0.0000,0,0,0,2267,0
1090,5.5105,8.8794,0.0028,0.0000,0,0,0.0000,0,0.0000,0,0,0,1868,0
1091,5.3550,8.9288,0.0030,0.0000,0,0,0.0000,0,0.0000,0,0,0,1595,0
1092,5.4163,8.7804,0.0030,0.0000,0,0,0.0000,0,0.0000,0,0,0,7533,0
1093,5.5110,8.9466,0.0024,0.0000,0,0,0.0000,0,0.0000,0,0,0,979,0
1094,5.4549,8.7041,0.0029,0.0000,0,0,0.0000,0,0.0000,0,0,0,1862,0
1095,5.3538,8.7514,0.0026,0.0000,0,0,0.0000,0,0.0000,0,0,0,776,0
1096,5.4873,8.8655,0.0036,0.0000,0,0,0.0000,0,0.0000,0,0,0,7598,0
1097,5.4835,8.7683,0.0029,0.0000,0,0,0.0000,0,0.0000,0,0,0,996,0
1098,5.4834,8.7780,0.0024,0.0000,0,0,0.0000,0,0.0000,0,0,0,844,0
1099,5.4705,8.7352,0.0029,0.0000,0,0,0.0000,0,0.0000,0,0,0,883,0
1100,5.5006,8.7761,0.0035,0.0000,0,0,0.0000,0,0.0000,0,0,0,6953,0
1101,5.5375,8.8785,0.0033,0.0000,0,0,0.0000,0,0.0000,0,0,0,779,0
1102,5.5027,8.7191,0.0026,0.0000,0,0,0.0000,0,0.0000,0,0,0,2272,0
1103,5.4787,8.8012,0.0028,0.0000,0,0,0.0000,0,0.0000,0,0,0,983,0
1104,5.3959,8.8633,0.0037,0.0000,0,0,0.0000,0,0.0000,0,0,0,8617,0
1105,5.5214,8.9116,0.0038,0.0000,0,0,0.0000,0,0.0000,0,0,0,3606,0
1106,5.4990,8.7645,0.0031,0.0000,0,0,0.0000,0,0.0000,0,0,0,1843,0
1107,5.4128,8.8549,0.0027,0.0000,0,0,0.0000,0,0.0000,0,0,0,1948,0
1108,5.4160,8.7417,0.0037,0.0000,0,0,0.0000,0,0.0000,0,0,0,8431,0
1109,5.5360,8.9078,0.0032,0.0000,0,0,0.0000,0,0.0000,0,0,0,1768,0
1110,5.4240,8.8232,0.0034,0.0000,0,0,0.0000,0,0.0000,0,0,0,1721,0
1111,5.4255,8.7413,0.0031,0.0000,0,0,0.0000,0,0.0000,0,0,0,2204,0
1112,5.0670,7.4462,0.0055,0.0000,0,0,0.0000,0,0.0000,0,0,0,8429,0
1113,5.2427,7.8318,0.0027,0.0000,0,0,0.0000,0,0.0000,0,0,0,2272,0
1114,5.2715,9.0963,0.0032,0.0000,0,0,0.0000,0,0.0000,0,0,0,1489,0
1115,5.5364,12.0597,0.0026,0.0000,0,0,0.0000,0,0.0000,0,0,0,1593,0
1116,5.5186,8.9210,0.0030,0.0000,0,0,0.0000,0,0.0000,0,0,0,7485,0
1117,5.2992,9.3785,0.0025,0.0000,0,0,0.0000,0,0.0000,0,0,0,1976,0
1118,5.2780,8.8085,0.0034,0.0000,0,0,0.0000,0,0.0000,0,0,0,3301,0
1119,5.3341,11.0661,0.0054,0.0000,0,0,0.0000,0,0.0000,0,0,0,3295,0
1120,5.2978,8.2484,0.0110,0.0000,0,0,0.0000,0,0.0000,0,0,0,24932,0
1121,5.0695,7.2544,0.0045,0.0000,0,0,0.0000,0,0.0000,0,0,0,4047,0
1122,5.2756,7.6426,0.0031,0.0000,0,0,0.0000,0,0.0000,0,0,0,3330,0
1123,5.1931,7.6590,0.0032,0.0000,0,0,0.0000,0,0.0000,0,0,0,2939,0
1124,5.2803,7.7735,0.0036,0.0000,0,0,0.0000,0,0.0000,0,0,0,9285,0
1125,5.1290,7.5316,0.0032,0.0000,0,0,0.0000,0,0.0000,0,0,0,2954,0
1126,5.2798,8.0298,0.0034,0.0000,0,0,0.0000,0,0.0000,0,0,0,2975,0
1127,5.2408,7.8801,0.0032,0.0000,0,0,0.0000,0,0.0000,0,0,0,3132,0
1128,5.3507,7.7366,0.0036,0.0000,0,0,0.0000,0,0.0000,0,0,0,8612,0
1129,5.2526,7.0918,0.0029,0.0000,0,0,0.0000,0,0.0000,0,0,0,2384,0
1130,5.2090,7.7210,0.0034,0.0000,0,0,0.0000,0,0.0000,0,0,0,2058,0
1131,5.3009,7.4490,0.0030,0.0000,0,0,0.0000,0,0.0000,0,0,0,2372,0
1132,5.2591,7.6818,0.0040,0.0000,0,0,0.0000,0,0.0000,0,0,0,7613,0
1133,5.3469,7.5512,0.0030,0.0000,0,0,0.0000,0,0.0000,0,0,0,2468,0
1134,5.2274,7.5781,0.0035,0.0000,0,0,0.0000,0,0.0000,0,0,0,4408,0
1135,5.3283,7.4504,0.0029,0.0000,0,0,0.0000,0,0.0000,0,0,0,3462,0
1136,5.2251,7.9888,0.0039,0.0000,0,0,0.0000,0,0.0000,0,0,0,10691,0
1137,5.3070,7.8040,0.0037,0.0000,0,0,0.0000,0,0.0000,0,0,0,5292,0
1138,5.2084,8.2617,0.0034,0.0000,0,0,0.0000,0,0.0000,0,0,0,3874,0
1139,5.2484,7.7145,0.0034,0.0000,0,0,0.0000,0,0.0000,0,0,0,3952,0
1140,5.2637,7.2841,0.0194,0.0000,0,0,0.0000,0,0.0000,0,1,0,122798,0
1141,5.1509,7.4931,0.0048,0.0000,0,0,0.0000,0,0.0000,0,0,0,18408,0
1142,5.1294,7.4167,0.0042,0.0000,0,0,0.0000,0,0.0000,0,0,0,21275,0
1143,4.9923,7.2326,0.0038,0.0000,0,0,0.0000,0,0.0000,0,0,0,7234,0
1144,4.7923,7.1091,0.0089,0.0000,0,0,0.0000,0,0.0000,0,0,0,14243,0
1145,4.7238,7.4291,0.0032,0.0000,0,0,0.0000,0,0.0000,0,0,0,6686,0
1146,4.8429,7.7225,0.0031,0.0000,0,0,0.0000,0,0.0000,0,0,0,4064,0
1147,4.7842,7.6775,0.0032,0.0000,0,0,0.0000,0,0.0000,0,0,0,2816,0
1148,4.7550,7.6384,0.0035,0.0000,0,0,0.0000,0,0.0000,0,0,0,9260,0
1149,4.7510,8.1028,0.0031,0.0000,0,0,0.0000,0,0.0000,0,0,0,1404,0
1150,4.7475,7.8772,0.0035,0.0000,0,0,0.0000,0,0.0000,0,0,0,1808,0
1151,4.7246,8.9535,0.0051,0.0000,0,0,0.0000,0,0.0000,0,0,0,1543,0
1152,4.6862,7.9952,0.0033,0.0000,0,0,0.0000,0,0.0000,0,0,0,7347,0
1153,4.7352,8.1085,0.0027,0.0000,0,0,0.0000,0,0.0000,0,0,0,2354,0
1154,4.7207,7.3730,0.0030,0.0000,0,0,0.0000,0,0.0000,0,0,0,1580,0
1155,5.2141,7.4757,0.0023,0.0000,0,0,0.0000,0,0.0000,0,0,0,1426,0
1156,4.9983,7.1523,0.0033,0.0000,0,0,0.0000,0,0.0000,0,0,0,8412,0
1157,5.0418,7.4634,0.0030,0.0000,0,0,0.0000,0,0.0000,0,0,0,1535,0
1158,4.8176,7.7824,0.0033,0.0000,0,0,0.0000,0,0.0000,0,0,0,1306,0
1159,4.7920,7.9832,0.0032,0.0000,0,0,0.0000,0,0.0000,0,0,0,1357,0
1160,4.7835,7.5994,0.0026,0.0000,0,0,0.0000,0,0.0000,0,0,0,7693,0
1161,4.6903,7.6705,0.0027,0.0000,0,0,0.0000,0,0.0000,0,0,0,1071,0
1162,5.0041,7.6771,0.0030,0.0000,0,0,0.0000,0,0.0000,0,0,0,1016,0
1163,4.9537,8.7701,0.0039,0.0000,0,0,0.0000,0,0.0000,0,0,0,1472,0
1164,5.0315,7.8875,0.0031,0.0000,0,0,0.0000,0,0.0000,0,0,0,6743,0
1165,5.0124,7.9266,0.0025,0.0000,0,0,0.0000,0,0.0000,0,0,0,1174,0
1166,5.1033,7.0515,0.0028,0.0000,0,0,0.0000,0,0.0000,0,0,0,1836,0
1167,5.0397,7.4767,0.0031,0.0000,0,0,0.0000,0,0.0000,0,0,0,1543,0
1168,5.2037,7.0923,0.0034,0.0000,0,0,0.0000,0,0.0000,0,0,0,8460,0
1169,5.1255,7.3889,0.0031,0.0000,0,0,0.0000,0,0.0000,0,0,0,3245,0
1170,4.9740,7.5390,0.0029,0.0000,0,0,0.0000,0,0.0000,0,0,0,2035,0
1171,5.0762,7.6943,0.0035,0.0000,0,0,0.0000,0,0.0000,0,0,0,2084,0
1172,4.9748,7.4923,0.0036,0.0000,0,0,0.0000,0,0.0000,0,0,0,8502,0
1173,5.0857,7.6722,0.0037,0.0000,0,0,0.0000,0,0.0000,0,0,0,2126,0
1174,4.9798,7.6773,0.0032,0.0000,0,0,0.0000,0,0.0000,0,0,0,2119,0
1175,5.0621,7.9744,0.0026,0.0000,0,0,0.0000,0,0.0000,0,0,0,2321,0
1176,4.9330,8.7042,0.0044,0.0000,0,0,0.0000,0,0.0000,0,0,0,8486,0
1177,5.0643,8.7141,0.0031,0.0000,0,0,0.0000,0,0.0000,0,0,0,2116,0
1178,5.1065,8.7838,0.0036,0.0000,0,0,0.0000,0,0.0000,0,0,0,1564,0
1179,4.9830,8.9173,0.0050,0.0000,0,0,0.0000,0,0.0000,0,0,0,1727,0
1180,5.1196,8.9056,0.0041,0.0000,0,0,0.0000,0,0.0000,0,0,0,7446,0
1181,4.8660,8.2714,0.0027,0.0000,0,0,0.0000,0,0.0000,0,0,0,1816,0
1182,5.2997,7.7065,0.0029,0.0000,0,0,0.0000,0,0.0000,0,0,0,2976,0
1183,5.2359,8.0397,0.0033,0.0000,0,0,0.0000,0,0.0000,0,0,0,2695,0
1184,5.5388,7.9985,0.0039,0.0000,0,0,0.0000,0,0.0000,0,0,0,8274,0
1185,5.4695,9.1865,0.0037,0.0000,0,0,0.0000,0,0.0000,0,0,0,3350,0
1186,5.6516,9.0380,0.0027,0.0000,0,0,0.0000,0,0.0000,0,0,0,2897,0
1187,5.5745,8.8249,0.0030,0.0000,0,0,0.0000,0,0.0000,0,0,0,2775,0
1188,5.5854,8.8044,0.0037,0.0000,0,0,0.0000,0,0.0000,0,0,0,9296,0
1189,5.3911,8.7448,0.0029,0.0000,0,0,0.0000,0,0.0000,0,0,0,2926,0
1190,5.4302,8.7683,0.0028,0.0000,0,0,0.0000,0,0.0000,0,0,0,3109,0
1191,5.5515,9.3268,0.0027,0.0000,0,0,0.0000,0,0.0000,0,0,0,3159,0
1192,5.4028,8.7411,0.0040,0.0000,0,0,0.0000,0,0.0000,0,0,0,8603,0
1193,5.5542,8.7453,0.0021,0.0000,0,0,0.0000,0,0.0000,0,0,0,2449,0
1194,5.5042,11.1434,0.0030,0.0000,0,0,0.0000,0,0.0000,0,0,0,1991,0
1195,5.3212,8.7156,0.0029,0.0000,0,0,0.0000,0,0.0000,0,0,0,2139,0
1196,5.4192,8.7621,0.0038,0.0000,0,0,0.0000,0,0.0000,0,0,0,7552,0
1197,5.3989,8.8508,0.0028,0.0000,0,0,0.0000,0,0.0000,0,0,0,2272,0
1198,5.3112,8.6815,0.0035,0.0000,0,0,0.0000,0,0.0000,0,0,0,3993,0
1199,5.5973,8.7401,0.0028,0.0000,0,0,0.0000,0,0.0000,0,0,0,3005,0
1200,5.4251,7.5030,0.0199,0.0000,0,0,0.0000,0,0.0000,0,1,0,97110,0
1201,5.3655,8.8032,0.0102,0.0000,0,0,0.0000,0,0.0000,0,0,0,20562,0
1202,5.2460,8.0422,0.0040,0.0000,0,0,0.0000,0,0.0000,0,0,0,11627,0
1203,4.9268,7.2175,0.0075,0.0000,0,0,0.0000,0,0.0000,0,0,0,8574,0
1204,4.1000,6.3900,0.0081,0.0000,0,0,0.0000,0,0.0000,0,0,0,12208,0
1205,3.2917,6.3357,0.0027,0.0000,0,0,0.0000,0,0.0000,0,0,0,3485,0
1206,3.1272,6.1603,0.0027,0.0000,0,0,0.0000,0,0.0000,0,0,0,2500,0
1207,3.0773,6.1200,0.0027,0.0000,0,0,0.0000,0,0.0000,0,0,0,1450,0
1208,3.0609,6.1215,0.0035,0.0000,0,0,0.0000,0,0.0000,0,0,0,8344,0
1209,3.0445,6.1002,0.0023,0.0000,0,0,0.0000,0,0.0000,0,0,0,1051,0
1210,2.9923,7.2422,0.0033,0.0000,0,0,0.0000,0,0.0000,0,0,0,867,0
1211,3.5195,6.9864,0.0025,0.0000,0,0,0.0000,0,0.0000,0,0,0,1048,0
1212,3.7968,6.8657,0.0022,0.0000,0,0,0.0000,0,0.0000,0,0,0,6413,0
1213,3.8297,6.7951,0.0022,0.0000,0,0,0.0000,0,0.0000,0,0,0,782,0
1214,3.7242,7.0229,0.0021,0.0000,0,0,0.0000,0,0.0000,0,0,0,1133,0
1215,4.1353,8.0100,0.0023,0.0000,0,0,0.0000,0,0.0000,0,0,0,982,0
1216,4.1086,7.7285,0.0040,0.0000,0,0,0.0000,0,0.0000,0,0,0,22024,0
1217,4.5650,7.8450,0.0034,0.0000,0,0,0.0000,0,0.0000,0,0,0,2255,0
1218,4.6355,8.1209,0.0030,0.0000,0,0,0.0000,0,0.0000,0,0,0,906,0
1219,4.6214,7.7854,0.0032,0.0000,0,0,0.0000,0,0.0000,0,0,0,852,0
1220,4.6451,7.8468,0.0033,0.0000,0,0,0.0000,0,0.0000,0,0,0,7588,0
1221,4.8196,9.1377,0.0030,0.0000,0,0,0.0000,0,0.0000,0,0,0,1951,0
1222,4.9832,8.1143,0.0032,0.0000,0,0,0.0000,0,0.0000,0,0,0,761,0
1223,4.7020,7.8388,0.0027,0.0000,0,0,0.0000,0,0.0000,0,0,0,802,0
1224,4.6484,7.6738,0.0036,0.0000,0,0,0.0000,0,0.0000,0,0,0,7702,0
1225,4.6472,10.0146,0.0025,0.0000,0,0,0.0000,0,0.0000,0,0,0,798,0
1226,4.8220,7.9843,0.0029,0.0000,0,0,0.0000,0,0.0000,0,0,0,1742,0
1227,4.9710,8.6988,0.0027,0.0000,0,0,0.0000,0,0.0000,0,0,0,793,0
1228,5.0893,9.1668,0.0030,0.0000,0,0,0.0000,0,0.0000,0,0,0,6802,0
1229,5.2558,8.7966,0.0030,0.0000,0,0,0.0000,0,0.0000,0,0,0,823,0
1230,5.1204,9.1898,0.0038,0.0000,0,0,0.0000,0,0.0000,0,0,0,1040,0
1231,5.2467,8.7183,0.0044,0.0000,0,0,0.0000,0,0.0000,0,0,0,954,0
1232,5.2202,7.6750,0.0034,0.0000,0,0,0.0000,0,0.0000,0,0,0,8381,0
1233,5.2092,8.4488,0.0034,0.0000,0,0,0.0000,0,0.0000,0,0,0,3926,0
1234,5.1830,9.1430,0.0032,0.0000,0,0,0.0000,0,0.0000,0,0,0,1045,0
1235,5.5172,9.0158,0.0026,0.0000,0,0,0.0000,0,0.0000,0,0,0,1723,0
1236,5.4627,8.8528,0.0029,0.0000,0,0,0.0000,0,0.0000,0,0,0,8354,0
1237,5.3829,9.5901,0.0038,0.0000,0,0,0.0000,0,0.0000,0,0,0,2255,0
1238,5.3528,8.8010,0.0032,0.0000,0,0,0.0000,0,0.0000,0,0,0,1509,0
1239,5.2234,8.9268,0.0040,0.0000,0,0,0.0000,0,0.0000,0,0,0,1561,0
1240,5.1539,9.0021,0.0060,0.0000,0,0,0.0000,0,0.0000,0,0,0,8425,0
1241,5.3733,9.3614,0.0032,0.0000,0,0,0.0000,0,0.0000,0,0,0,1809,0
1242,5.2216,8.8133,0.0030,0.0000,0,0,0.0000,0,0.0000,0,0,0,2005,0
1243,5.0356,8.9551,0.0039,0.0000,0,0,0.0000,0,0.0000,0,0,0,1411,0
1244,4.2258,7.6694,0.0050,0.0000,0,0,0.0000,0,0.0000,0,0,0,8039,0
1245,4.1326,8.0362,0.0026,0.0000,0,0,0.0000,0,0.0000,0,0,0,1640,0
1246,4.1454,7.9315,0.0027,0.0000,0,0,0.0000,0,0.0000,0,0,0,2906,0
1247,4.1428,7.6542,0.0029,0.0000,0,0,0.0000,0,0.0000,0,0,0,2229,0
1248,4.6043,9.8220,0.0034,0.0000,0,0,0.0000,0,0.0000,0,0,0,7919,0
1249,4.6294,7.6782,0.0025,0.0000,0,0,0.0000,0,0.0000,0,0,0,2636,0
1250,4.7234,8.6016,0.0025,0.0000,0,0,0.0000,0,0.0000,0,0,0,1883,0
1251,4.6306,8.8746,0.0024,0.0000,0,0,0.0000,0,0.0000,0,0,0,1252,0
1252,4.9342,8.8010,0.0030,0.0000,0,0,0.0000,0,0.0000,0,0,0,8411,0
1253,5.2202,8.8171,0.0025,0.0000,0,0,0.0000,0,0.0000,0,0,0,3159,0
1254,5.2406,8.8116,0.0026,0.0000,0,0,0.0000,0,0.0000,0,0,0,2381,0
1255,5.3112,8.7859,0.0020,0.0000,0,0,0.0000,0,0.0000,0,0,0,3118,0
1256,5.3839,8.9443,0.0034,0.0000,0,0,0.0000,0,0.0000,0,0,0,7687,0
1257,5.3885,8.7792,0.0025,0.0000,0,0,0.0000,0,0.0000,0,0,0,1883,0
1258,5.3643,8.7538,0.0032,0.0000,0,0,0.0000,0,0.0000,0,0,0,2569,0
1259,5.5420,8.7662,0.0027,0.0000,0,0,0.0000,0,0.0000,0,0,0,2484,0
1260,5.4552,7.2914,0.0200,0.0000,0,0,0.0000,0,0.0000,0,1,0,115559,0
1261,5.3565,8.8274,0.0048,0.0000,0,0,0.0000,0,0.0000,0,0,0,14568,0
1262,5.2570,7.1678,0.0088,0.0000,0,0,0.0000,0,0.0000,0,0,0,20519,0
1263,5.2785,7.9203,0.0032,0.0000,0,0,0.0000,0,0.0000,0,0,0,6297,0
1264,5.1912,8.9754,0.0042,0.0000,0,0,0.0000,0,0.0000,0,0,0,13859,0
1265,5.2518,9.0445,0.0045,0.0000,0,0,0.0000,0,0.0000,0,0,0,5229,0
1266,5.2035,8.9843,0.0033,0.0000,0,0,0.0000,0,0.0000,0,0,0,4916,0
1267,4.7643,9.0494,0.0028,0.0000,0,0,0.0000,0,0.0000,0,0,0,3858,0
1268,5.1263,8.6944,0.0033,0.0000,0,0,0.0000,0,0.0000,0,0,0,9934,0
1269,5.3247,8.7478,0.0023,0.0000,0,0,0.0000,0,0.0000,0,0,0,1802,0
1270,5.1868,8.8327,0.0025,0.0000,0,0,0.0000,0,0.0000,0,0,0,1298,0
1271,5.5490,8.7150,0.0025,0.0000,0,0,0.0000,0,0.0000,0,0,0,1080,0
1272,5.4830,8.7166,0.0036,0.0000,0,0,0.0000,0,0.0000,0,0,0,8341,0
1273,5.3255,8.8424,0.0025,0.0000,0,0,0.0000,0,0.0000,0,0,0,1096,0
1274,5.4292,8.8196,0.0029,0.0000,0,0,0.0000,0,0.0000,0,0,0,881,0
1275,5.5809,8.7394,0.0032,0.0000,0,0,0.0000,0,0.0000,0,0,0,895,0
1276,5.5181,8.7705,0.0031,0.0000,0,0,0.0000,0,0.0000,0,0,0,6486,0
1277,5.5853,8.9603,0.0030,0.0000,0,0,0.0000,0,0.0000,0,0,0,907,0
1278,5.3877,8.7003,0.0026,0.0000,0,0,0.0000,0,0.0000,0,0,0,1164,0
1279,5.5518,8.7654,0.0027,0.0000,0,0,0.0000,0,0.0000,0,0,0,1131,0
1280,5.3243,8.8972,0.0049,0.0000,0,0,0.0000,0,0.0000,0,0,0,20146,0
1281,5.2158,8.6619,0.0032,0.0000,0,0,0.0000,0,0.0000,0,0,0,1298,0
1282,5.4980,8.8765,0.0026,0.0000,0,0,0.0000,0,0.0000,0,0,0,973,0
1283,5.5136,8.7602,0.0025,0.0000,0,0,0.0000,0,0.0000,0,0,0,916,0
1284,5.4924,9.2649,0.0030,0.0000,0,0,0.0000,0,0.0000,0,0,0,7466,0
1285,5.4442,8.7350,0.0033,0.0000,0,0,0.0000,0,0.0000,0,0,0,1878,0
1286,5.5421,10.9483,0.0027,0.0000,0,0,0.0000,0,0.0000,0,0,0,875,0
1287,5.3968,8.9469,0.0033,0.0000,0,0,0.0000,0,0.0000,0,0,0,892,0
1288,5.5208,8.8358,0.0039,0.0000,0,0,0.0000,0,0.0000,0,0,0,7673,0
1289,5.4950,8.7585,0.0026,0.0000,0,0,0.0000,0,0.0000,0,0,0,878,0
1290,5.3556,8.8163,0.0043,0.0000,0,0,0.0000,0,0.0000,0,0,0,1020,0
1291,5.5956,8.9615,0.0038,0.0000,0,0,0.0000,0,0.0000,0,0,0,842,0
1292,5.2076,7.8984,0.0033,0.0000,0,0,0.0000,0,0.0000,0,0,0,6671,0
1293,5.2561,7.8407,0.0029,0.0000,0,0,0.0000,0,0.0000,0,0,0,883,0
1294,5.3183,12.0307,0.0030,0.0000,0,0,0.0000,0,0.0000,0,0,0,1068,0
1295,5.3695,8.5489,0.0031,0.0000,0,0,0.0000,0,0.0000,0,0,0,958,0
1296,5.4283,7.9573,0.0039,0.0000,0,0,0.0000,0,0.0000,0,0,0,8133,0
1297,5.2660,8.9196,0.0039,0.0000,0,0,0.0000,0,0.0000,0,0,0,3291,0
1298,5.3357,8.9638,0.0039,0.0000,0,0,0.0000,0,0.0000,0,0,0,1171,0
1299,5.3467,8.8867,0.0040,0.0000,0,0,0.0000,0,0.0000,0,0,0,1933,0
1300,5.6433,9.0223,0.0040,0.0000,0,0,0.0000,0,0.0000,0,0,0,8297,0
1301,5.5330,8.9444,0.0025,0.0000,0,0,0.0000,0,0.0000,0,0,0,1131,0
1302,5.4433,8.9045,0.0027,0.0000,0,0,0.0000,0,0.0000,0,0,0,1964,0
1303,5.3628,8.8883,0.0026,0.0000,0,0,0.0000,0,0.0000,0,0,0,1248,0
1304,5.5542,8.7123,0.0033,0.0000,0,0,0.0000,0,0.0000,0,0,0,8270,0
1305,5.4397,8.7415,0.0031,0.0000,0,0,0.0000,0,0.0000,0,0,0,1130,0
1306,5.7133,8.7850,0.0027,0.0000,0,0,0.0000,0,0.0000,0,0,0,1008,0
1307,5.4796,8.9166,0.0025,0.0000,0,0,0.0000,0,0.0000,0,0,0,1012,0
1308,5.5636,8.7657,0.0038,0.0000,0,0,0.0000,0,0.0000,0,0,0,6718,0
1309,5.6511,8.7755,0.0030,0.0000,0,0,0.0000,0,0.0000,0,0,0,1016,0
1310,5.6740,8.8790,0.0031,0.0000,0,0,0.0000,0,0.0000,0,0,0,1439,0
1311,5.5475,8.9128,0.0032,0.0000,0,0,0.0000,0,0.0000,0,0,0,1346,0
1312,5.6242,9.3069,0.0033,0.0000,0,0,0.0000,0,0.0000,0,0,0,6997,0
1313,5.3722,8.7251,0.0026,0.0000,0,0,0.0000,0,0.0000,0,0,0,2093,0
1314,5.6714,8.7589,0.0032,0.0000,0,0,0.0000,0,0.0000,0,0,0,1592,0
1315,5.6600,8.9039,0.0032,0.0000,0,0,0.0000,0,0.0000,0,0,0,1376,0
1316,5.6404,8.9573,0.0031,0.0000,0,0,0.0000,0,0.0000,0,0,0,8330,0
1317,5.5419,8.9672,0.0030,0.0000,0,0,0.0000,0,0.0000,0,0,0,2053,0
1318,5.5982,9.2728,0.0034,0.0000,0,0,0.0000,0,0.0000,0,0,0,2118,0
1319,5.6049,8.7562,0.0030,0.0000,0,0,0.0000,0,0.0000,0,0,0,1847,0
1320,5.6310,7.5109,0.0201,0.0000,0,0,0.0000,0,0.0000,0,1,0,104539,0
1321,5.2080,8.8715,0.0045,0.0000,0,0,0.0000,0,0.0000,0,0,0,16174,0
1322,5.2029,7.5872,0.0034,0.0000,0,0,0.0000,0,0.0000,0,0,0,12007,0
1323,5.1702,8.1724,0.0034,0.0000,0,0,0.0000,0,0.0000,0,0,0,7946,0
1324,5.2364,9.3420,0.0040,0.0000,0,0,0.0000,0,0.0000,0,0,0,12055,0
1325,5.5856,9.0350,0.0037,0.0000,0,0,0.0000,0,0.0000,0,0,0,3408,0
1326,5.6508,9.3111,0.0030,0.0000,0,0,0.0000,0,0.0000,0,0,0,4703,0
1327,5.3591,8.8449,0.0029,0.0000,0,0,0.0000,0,0.0000,0,0,0,1301,0
1328,5.5937,8.8422,0.0036,0.0000,0,0,0.0000,0,0.0000,0,0,0,8910,0
1329,5.4468,8.7151,0.0026,0.0000,0,0,0.0000,0,0.0000,0,0,0,2251,0
1330,5.4044,8.8495,0.0033,0.0000,0,0,0.0000,0,0.0000,0,0,0,1588,0
1331,5.5028,8.7241,0.0029,0.0000,0,0,0.0000,0,0.0000,0,0,0,1586,0
1332,5.3889,8.8807,0.0037,0.0000,0,0,0.0000,0,0.0000,0,0,0,8700,0
1333,5.6280,8.7062,0.0030,0.0000,0,0,0.0000,0,0.0000,0,0,0,1562,0
1334,5.6126,8.8697,0.0028,0.0000,0,0,0.0000,0,0.0000,0,0,0,1370,0
1335,5.5552,9.2807,0.0027,0.0000,0,0,0.0000,0,0.0000,0,0,0,1122,0
1336,5.5037,8.7688,0.0033,0.0000,0,0,0.0000,0,0.0000,0,0,0,8210,0
1337,5.5773,9.2629,0.0026,0.0000,0,0,0.0000,0,0.0000,0,0,0,916,0
1338,5.5320,8.7394,0.0032,0.0000,0,0,0.0000,0,0.0000,0,0,0,825,0
1339,5.4675,8.8159,0.0030,0.0000,0,0,0.0000,0,0.0000,0,0,0,859,0
1340,5.4725,8.8359,0.0032,0.0000,0,0,0.0000,0,0.0000,0,0,0,6405,0
1341,5.5967,8.7327,0.0029,0.0000,0,0,0.0000,0,0.0000,0,0,0,848,0
1342,5.6043,8.7677,0.0031,0.0000,0,0,0.0000,0,0.0000,0,0,0,1317,0
1343,5.5848,9.2986,0.0027,0.0000,0,0,0.0000,0,0.0000,0,0,0,1246,0
1344,5.4773,8.6813,0.0027,0.0000,0,0,0.0000,0,0.0000,0,0,0,6926,0
1345,5.2320,8.7172,0.0032,0.0000,0,0,0.0000,0,0.0000,0,0,0,1458,0
1346,5.4016,8.7503,0.0025,0.0000,0,0,0.0000,0,0.0000,0,0,0,1017,0
1347,5.3963,9.2901,0.0031,0.0000,0,0,0.0000,0,0.0000,0,0,0,902,0
1348,5.5662,8.7304,0.0033,0.0000,0,0,0.0000,0,0.0000,0,0,0,7508,0
1349,5.6317,8.7881,0.0028,0.0000,0,0,0.0000,0,0.0000,0,0,0,1914,0
1350,5.3305,6.7161,0.0035,0.0000,0,0,0.0000,0,0.0000,0,0,0,891,0
1351,4.7661,8.2086,0.0037,0.0000,0,0,0.0000,0,0.0000,0,0,0,868,0
1352,4.7235,6.8650,0.0049,0.0000,0,0,0.0000,0,0.0000,0,0,0,7534,0
1353,4.6925,6.9093,0.0032,0.0000,0,0,0.0000,0,0.0000,0,0,0,840,0
1354,4.6922,6.4481,0.0023,0.0000,0,0,0.0000,0,0.0000,0,0,0,1973,0
1355,5.1845,8.3690,0.0027,0.0000,0,0,0.0000,0,0.0000,0,0,0,807,0
1356,4.8696,7.6876,0.0038,0.0000,0,0,0.0000,0,0.0000,0,0,0,6115,0
1357,5.1790,7.6093,0.0030,0.0000,0,0,0.0000,0,0.0000,0,0,0,843,0
1358,5.1156,7.6212,0.0029,0.0000,0,0,0.0000,0,0.0000,0,0,0,962,0
1359,5.2629,9.2174,0.0052,0.0000,0,0,0.0000,0,0.0000,0,0,0,915,0
1360,4.8688,8.5092,0.0037,0.0000,0,0,0.0000,0,0.0000,0,0,0,8068,0
1361,4.0767,6.6049,0.0037,0.0000,0,0,0.0000,0,0.0000,0,0,0,2422,0
1362,3.5113,6.3597,0.0034,0.0000,0,0,0.0000,0,0.0000,0,0,0,1956,0
1363,3.6604,6.6400,0.0037,0.0000,0,0,0.0000,0,0.0000,0,0,0,1028,0
1364,3.1435,6.3490,0.0053,0.0000,0,0,0.0000,0,0.0000,0,0,0,8331,0
1365,3.1668,7.2530,0.0037,0.0000,0,0,0.0000,0,0.0000,0,0,0,1514,0
1366,3.2976,6.6130,0.0045,0.0000,0,0,0.0000,0,0.0000,0,0,0,1621,0
1367,3.3464,6.3484,0.0030,0.0000,0,0,0.0000,0,0.0000,0,0,0,2043,0
1368,3.1696,6.5723,0.0053,0.0000,0,0,0.0000,0,0.0000,0,0,0,8298,0
1369,17.3781,6.5254,0.0052,0.0000,0,0,0.0000,0,0.0000,0,0,0,1494,0
1370,7.8680,6.3857,0.0044,0.0000,0,0,0.0000,0,0.0000,0,0,0,931,0
1371,3.2210,6.4110,0.0035,0.0000,0,0,0.0000,0,0.0000,0,0,0,1469,0
1372,3.1174,6.7447,0.0045,0.0000,0,0,0.0000,0,0.0000,0,0,0,6932,0
1373,3.1909,7.1320,0.0043,0.0000,0,0,0.0000,0,0.0000,0,0,0,1046,0
1374,3.2618,6.6125,0.0032,0.0000,0,0,0.0000,0,0.0000,0,0,0,1912,0
1375,3.3130,6.3787,0.0029,0.0000,0,0,0.0000,0,0.0000,0,0,0,1795,0
1376,3.3947,6.3324,0.0077,0.0000,0,0,0.0000,0,0.0000,0,0,0,23528,0
1377,3.3240,6.3071,0.0034,0.0000,0,0,0.0000,0,0.0000,0,0,0,2616,0
1378,3.4242,6.2350,0.0027,0.0000,0,0,0.0000,0,0.0000,0,0,0,1721,0
1379,3.3169,6.3132,0.0038,0.0000,0,0,0.0000,0,0.0000,0,0,0,1631,0
1380,3.3403,5.6106,0.0132,0.0000,0,0,0.0000,0,0.0000,0,1,0,103025,0
1381,3.1437,6.4016,0.0042,0.0000,0,0,0.0000,0,0.0000,0,0,0,12449,0
1382,3.4167,6.4242,0.0039,0.0000,0,0,0.0000,0,0.0000,0,0,0,15864,0
1383,3.3714,6.4711,0.0041,0.0000,0,0,0.0000,0,0.0000,0,0,0,10413,0
1384,3.4838,6.7029,0.0033,0.0000,0,0,0.0000,0,0.0000,0,0,0,15422,0
1385,3.3733,6.7870,0.0037,0.0000,0,0,0.0000,0,0.0000,0,0,0,4358,0
1386,3.4676,6.6072,0.0043,0.0000,0,0,0.0000,0,0.0000,0,0,0,4065,0
1387,3.3787,6.3352,0.0032,0.0000,0,0,0.0000,0,0.0000,0,0,0,3962,0
1388,3.4259,6.6840,0.0043,0.0000,0,0,0.0000,0,0.0000,0,0,0,9955,0
1389,3.4022,7.3626,0.0052,0.0000,0,0,0.0000,0,0.0000,0,0,0,3556,0
1390,3.4428,6.7469,0.0036,0.0000,0,0,0.0000,0,0.0000,0,0,0,4494,0
1391,3.3902,7.0417,0.0037,0.0000,0,0,0.0000,0,0.0000,0,0,0,1341,0
1392,3.5663,6.4943,0.0044,0.0000,0,0,0.0000,0,0.0000,0,0,0,8675,0
1393,4.6508,6.4844,0.0040,0.0000,0,0,0.0000,0,0.0000,0,0,0,3465,0
1394,3.4603,7.4205,0.0034,0.0000,0,0,0.0000,0,0.0000,0,0,0,1679,0
1395,3.4898,7.0003,0.0054,0.0000,0,0,0.0000,0,0.0000,0,0,0,1747,0
1396,3.4854,6.5827,0.0053,0.0000,0,0,0.0000,0,0.0000,0,0,0,8553,0
1397,4.4253,8.0245,0.0037,0.0000,0,0,0.0000,0,0.0000,0,0,0,1519,0
1398,3.6282,6.9340,0.0024,0.0000,0,0,0.0000,0,0.0000,0,0,0,1423,0
1399,3.8573,6.6928,0.0045,0.0000,0,0,0.0000,0,0.0000,0,0,0,1344,0
1400,3.4169,7.6163,0.0046,0.0000,0,0,0.0000,0,0.0000,0,0,0,8221,0
1401,3.4268,6.2898,0.0028,0.0000,0,0,0.0000,0,0.0000,0,0,0,1448,0
1402,3.3277,6.2697,0.0037,0.0000,0,0,0.0000,0,0.0000,0,0,0,1353,0
1403,3.3950,6.6500,0.0043,0.0000,0,0,0.0000,0,0.0000,0,0,0,1204,0
1404,3.5352,6.9056,0.0040,0.0000,0,0,0.0000,0,0.0000,0,0,0,7147,0
1405,3.5200,6.7999,0.0034,0.0000,0,0,0.0000,0,0.0000,0,0,0,1387,0
1406,3.5428,6.5441,0.0036,0.0000,0,0,0.0000,0,0.0000,0,0,0,2137,0
1407,3.6241,6.4617,0.0045,0.0000,0,0,0.0000,0,0.0000,0,0,0,1878,0
1408,3.2607,6.4873,0.0035,0.0000,0,0,0.0000,0,0.0000,0,0,0,7223,0
1409,4.6203,7.2666,0.0048,0.0000,0,0,0.0000,0,0.0000,0,0,0,2583,0
1410,3.4454,6.9858,0.0047,0.0000,0,0,0.0000,0,0.0000,0,0,0,2225,0
1411,3.6349,6.4944,0.0030,0.0000,0,0,0.0000,0,0.0000,0,0,0,2030,0
1412,3.7615,6.3456,0.0041,0.0000,0,0,0.0000,0,0.0000,0,0,0,8654,0
1413,3.4845,6.7546,0.0046,0.0000,0,0,0.0000,0,0.0000,0,0,0,2026,0
1414,3.4456,6.2850,0.0037,0.0000,0,0,0.0000,0,0.0000,0,0,0,2055,0
1415,3.1547,6.6104,0.0037,0.0000,0,0,0.0000,0,0.0000,0,0,0,2099,0
1416,3.2605,6.4732,0.0040,0.0000,0,0,0.0000,0,0.0000,0,0,0,7840,0
1417,3.3628,6.3351,0.0032,0.0000,0,0,0.0000,0,0.0000,0,0,0,1758,0
1418,3.4940,6.2117,0.0024,0.0000,0,0,0.0000,0,0.0000,0,0,0,1551,0
1419,3.8738,6.4757,0.0030,0.0000,0,0,0.0000,0,0.0000,0,0,0,1356,0
1420,3.8282,7.3955,0.0053,0.0000,0,0,0.0000,0,0.0000,0,0,0,6867,0
1421,3.7868,6.4388,0.0015,0.0000,0,0,0.0000,0,0.0000,0,0,0,1526,0
1422,4.1443,6.5484,0.0046,0.0000,0,0,0.0000,0,0.0000,0,0,0,2596,0
1423,4.2270,6.7850,0.0040,0.0000,0,0,0.0000,0,0.0000,0,0,0,2005,0
1424,4.2110,6.5706,0.0040,0.0000,0,0,0.0000,0,0.0000,0,0,0,9095,0
1425,4.1616,7.7028,0.0060,0.0000,0,0,0.0000,0,0.0000,0,0,0,3753,0
1426,4.2559,7.4315,0.0039,0.0000,0,0,0.0000,0,0.0000,0,0,0,2818,0
1427,4.3668,7.0530,0.0037,0.0000,0,0,0.0000,0,0.0000,0,0,0,2662,0
1428,4.3475,6.8857,0.0055,0.0000,0,0,0.0000,0,0.0000,0,0,0,8958,0
1429,4.6941,7.1252,0.0040,0.0000,0,0,0.0000,0,0.0000,0,0,0,2766,0
1430,4.6426,7.8825,0.0028,0.0000,0,0,0.0000,0,0.0000,0,0,0,2863,0
1431,4.6828,7.7712,0.0030,0.0000,0,0,0.0000,0,0.0000,0,0,0,2928,0
1432,4.7252,7.6917,0.0037,0.0000,0,0,0.0000,0,0.0000,0,0,0,9092,0
1433,4.7092,7.7950,0.0030,0.0000,0,0,0.0000,0,0.0000,0,0,0,2370,0
1434,4.7588,8.0859,0.0029,0.0000,0,0,0.0000,0,0.0000,0,0,0,1780,0
1435,4.7282,8.1947,0.0037,0.0000,0,0,0.0000,0,0.0000,0,0,0,1883,0
1436,4.6972,8.8824,0.0049,0.0000,0,0,0.0000,0,0.0000,0,0,0,7629,0
1437,4.6820,7.6767,0.0027,0.0000,0,0,0.0000,0,0.0000,0,0,0,1887,0
1438,4.7340,8.1535,0.0033,0.0000,0,0,0.0000,0,0.0000,0,0,0,3128,0
1439,4.9994,7.2678,0.0028,0.0000,0,0,0.0000,0,0.0000,0,0,0,2867,0
1440,5.1308,6.7491,0.0259,0.0000,0,0,0.0000,0,0.0000,0,1,0,107061,0
1441,5.0740,8.8218,0.0122,0.0000,0,0,0.0000,0,0.0000,0,0,0,16834,0
1442,5.0965,6.8625,0.0064,0.0000,0,0,0.0000,0,0.0000,0,0,0,11648,0
1443,4.1895,6.3435,0.0040,0.0000,0,0,0.0000,0,0.0000,0,0,0,7104,0
1444,3.5417,6.3474,0.0032,0.0000,0,0,0.0000,0,0.0000,0,0,0,10547,0
1445,3.8598,6.4878,0.0027,0.0000,0,0,0.0000,0,0.0000,0,0,0,2178,0
1446,3.6078,6.4380,0.0032,0.0000,0,0,0.0000,0,0.0000,0,0,0,1701,0
1447,3.7287,6.5117,0.0020,0.0000,0,0,0.0000,0,0.0000,0,0,0,1076,0
1448,3.7910,7.1375,0.0053,0.0000,0,0,0.0000,0,0.0000,0,0,0,8152,0
1449,3.8123,6.9687,0.0028,0.0000,0,0,0.0000,0,0.0000,0,0,0,881,0
1450,4.0960,6.4835,0.0025,0.0000,0,0,0.0000,0,0.0000,0,0,0,1198,0
1451,4.1109,6.9692,0.0036,0.0000,0,0,0.0000,0,0.0000,0,0,0,1034,0
1452,3.8187,7.3416,0.0047,0.0000,0,0,0.0000,0,0.0000,0,0,0,6310,0
1453,3.8087,6.6589,0.0020,0.0000,0,0,0.0000,0,0.0000,0,0,0,1194,0
1454,3.8969,6.3705,0.0018,0.0000,0,0,0.0000,0,0.0000,0,0,0,2404,0
1455,4.1261,6.5100,0.0043,0.0000,0,0,0.0000,0,0.0000,0,0,0,923,0
1456,4.1403,6.4637,0.0027,0.0000,0,0,0.0000,0,0.0000,0,0,0,8228,0
1457,4.1440,6.6177,0.0040,0.0000,0,0,0.0000,0,0.0000,0,0,0,1641,0
1458,3.8300,6.4924,0.0030,0.0000,0,0,0.0000,0,0.0000,0,0,0,901,0
1459,3.9596,6.3660,0.0022,0.0000,0,0,0.0000,0,0.0000,0,0,0,1002,0
1460,3.7842,7.5301,0.0033,0.0000,0,0,0.0000,0,0.0000,0,0,0,8364,0
1461,4.1581,7.0362,0.0034,0.0000,0,0,0.0000,0,0.0000,0,0,0,1071,0
1462,4.2337,6.4329,0.0021,0.0000,0,0,0.0000,0,0.0000,0,0,0,995,0
1463,4.7122,6.6751,0.0024,0.0000,0,0,0.0000,0,0.0000,0,0,0,967,0
1464,4.4802,7.5530,0.0035,0.0000,0,0,0.0000,0,0.0000,0,0,0,8207,0
1465,4.6935,6.6100,0.0030,0.0000,0,0,0.0000,0,0.0000,0,0,0,875,0
1466,4.6457,7.8298,0.0027,0.0000,0,0,0.0000,0,0.0000,0,0,0,818,0
1467,4.6802,8.0483,0.0032,0.0000,0,0,0.0000,0,0.0000,0,0,0,791,0
1468,4.7280,7.6315,0.0032,0.0000,0,0,0.0000,0,0.0000,0,0,0,6376,0
1469,5.0838,7.8892,0.0035,0.0000,0,0,0.0000,0,0.0000,0,0,0,814,0
1470,4.6287,6.6312,0.0035,0.0000,0,0,0.0000,0,0.0000,0,0,0,1213,0
1471,4.6884,6.3556,0.0036,0.0000,0,0,0.0000,0,0.0000,0,0,0,1014,0
1472,4.5668,6.3039,0.0049,0.0000,0,0,0.0000,0,0.0000,0,0,0,22311,0
1473,4.5876,6.2820,0.0031,0.0000,0,0,0.0000,0,0.0000,0,0,0,2298,0
1474,4.6294,6.9165,0.0036,0.0000,0,0,0.0000,0,0.0000,0,0,0,985,0
1475,4.5736,7.0207,0.0046,0.0000,0,0,0.0000,0,0.0000,0,0,0,851,0
1476,4.6852,7.1393,0.0067,0.0000,0,0,0.0000,0,0.0000,0,0,0,7514,0
1477,5.0070,7.4811,0.0030,0.0000,0,0,0.0000,0,0.0000,0,0,0,1902,0
1478,4.9868,8.1114,0.0034,0.0000,0,0,0.0000,0,0.0000,0,0,0,771,0
1479,4.8605,8.7441,0.0038,0.0000,0,0,0.0000,0,0.0000,0,0,0,1609,0
1480,4.8331,9.0190,0.0046,0.0000,0,0,0.0000,0,0.0000,0,0,0,7553,0
1481,4.9185,7.8468,0.0025,0.0000,0,0,0.0000,0,0.0000,0,0,0,821,0
1482,4.9859,9.1755,0.0039,0.0000,0,0,0.0000,0,0.0000,0,0,0,822,0
1483,4.6474,7.6445,0.0036,0.0000,0,0,0.0000,0,0.0000,0,0,0,815,0
1484,4.4635,6.1947,0.0025,0.0000,0,0,0.0000,0,0.0000,0,0,0,6448,0
1485,4.4905,6.1841,0.0022,0.0000,0,0,0.0000,0,0.0000,0,0,0,785,0
1486,4.5603,6.1918,0.0026,0.0000,0,0,0.0000,0,0.0000,0,0,0,1187,0
1487,4.5435,6.1910,0.0023,0.0000,0,0,0.0000,0,0.0000,0,0,0,1004,0
1488,4.5713,7.5912,0.0034,0.0000,0,0,0.0000,0,0.0000,0,0,0,8252,0
1489,4.5725,7.5662,0.0031,0.0000,0,0,0.0000,0,0.0000,0,0,0,2612,0
1490,4.5961,7.5384,0.0033,0.0000,0,0,0.0000,0,0.0000,0,0,0,1117,0
1491,5.0090,7.6247,0.0027,0.0000,0,0,0.0000,0,0.0000,0,0,0,1275,0
1492,4.9253,8.8187,0.0035,0.0000,0,0,0.0000,0,0.0000,0,0,0,8269,0
1493,5.2956,8.8471,0.0035,0.0000,0,0,0.0000,0,0.0000,0,0,0,1636,0
1494,5.4552,9.2265,0.0034,0.0000,0,0,0.0000,0,0.0000,0,0,0,1728,0
1495,5.1835,8.8570,0.0026,0.0000,0,0,0.0000,0,0.0000,0,0,0,2097,0
1496,5.4410,9.1892,0.0032,0.0000,0,0,0.0000,0,0.0000,0,0,0,8374,0
1497,5.2499,9.3082,0.0028,0.0000,0,0,0.0000,0,0.0000,0,0,0,1603,0
1498,5.2473,8.7931,0.0030,0.0000,0,0,0.0000,0,0.0000,0,0,0,1111,0
1499,5.2459,8.8075,0.0029,0.0000,0,0,0.0000,0,0.0000,0,0,0,1391,0
1500,5.2399,7.1749,0.0195,0.0000,0,0,0.0000,0,0.0000,0,1,0,119486,0
1501,5.3957,8.7689,0.0054,0.0000,0,0,0.0000,0,0.0000,0,0,0,17509,0
1502,5.1291,8.1699,0.0041,0.0000,0,0,0.0000,0,0.0000,0,0,0,18271,0
1503,5.1651,7.9813,0.0036,0.0000,0,0,0.0000,0,0.0000,0,0,0,10416,0
1504,5.2092,8.2373,0.0043,0.0000,0,0,0.0000,0,0.0000,0,0,0,12765,0
1505,5.4510,9.3905,0.0050,0.0000,0,0,0.0000,0,0.0000,0,0,0,4970,0
1506,5.6822,9.2000,0.0036,0.0000,0,0,0.0000,0,0.0000,0,0,0,4211,0
1507,5.5985,9.1438,0.0031,0.0000,0,0,0.0000,0,0.0000,0,0,0,3013,0
1508,5.5973,8.9209,0.0040,0.0000,0,0,0.0000,0,0.0000,0,0,0,8557,0
1509,5.3360,8.9273,0.0031,0.0000,0,0,0.0000,0,0.0000,0,0,0,800,0
1510,5.3069,8.8439,0.0035,0.0000,0,0,0.0000,0,0.0000,0,0,0,759,0
1511,5.4520,8.8536,0.0030,0.0000,0,0,0.0000,0,0.0000,0,0,0,752,0
1512,5.4799,8.7204,0.0035,0.0000,0,0,0.0000,0,0.0000,0,0,0,7732,0
1513,5.2715,8.7273,0.0028,0.0000,0,0,0.0000,0,0.0000,0,0,0,810,0
1514,5.4851,8.7436,0.0030,0.0000,0,0,0.0000,0,0.0000,0,0,0,803,0
1515,5.6379,9.3036,0.0029,0.0000,0,0,0.0000,0,0.0000,0,0,0,741,0
1516,5.5143,8.7874,0.0030,0.0000,0,0,0.0000,0,0.0000,0,0,0,6178,0
1517,5.3668,8.7442,0.0027,0.0000,0,0,0.0000,0,0.0000,0,0,0,1009,0
1518,5.3518,8.7556,0.0031,0.0000,0,0,0.0000,0,0.0000,0,0,0,2110,0
1519,5.3655,8.7671,0.0033,0.0000,0,0,0.0000,0,0.0000,0,0,0,861,0
1520,5.3018,8.8888,0.0037,0.0000,0,0,0.0000,0,0.0000,0,0,0,8377,0
1521,5.3501,8.7428,0.0030,0.0000,0,0,0.0000,0,0.0000,0,0,0,1711,0
1522,5.2211,8.6955,0.0026,0.0000,0,0,0.0000,0,0.0000,0,0,0,965,0
1523,5.3537,8.7057,0.0033,0.0000,0,0,0.0000,0,0.0000,0,0,0,994,0
1524,5.3499,9.3664,0.0032,0.0000,0,0,0.0000,0,0.0000,0,0,0,8268,0
1525,5.5030,8.7413,0.0028,0.0000,0,0,0.0000,0,0.0000,0,0,0,994,0
1526,5.6213,8.7012,0.0029,0.0000,0,0,0.0000,0,0.0000,0,0,0,880,0
1527,5.4341,8.9802,0.0032,0.0000,0,0,0.0000,0,0.0000,0,0,0,831,0
1528,5.4458,8.7996,0.0039,0.0000,0,0,0.0000,0,0.0000,0,0,0,8193,0
1529,5.5364,8.8043,0.0031,0.0000,0,0,0.0000,0,0.0000,0,0,0,890,0
1530,5.5775,8.7965,0.0032,0.0000,0,0,0.0000,0,0.0000,0,0,0,817,0
1531,5.5144,8.1617,0.0032,0.0000,0,0,0.0000,0,0.0000,0,0,0,805,0
1532,5.2013,7.0307,0.0049,0.0000,0,0,0.0000,0,0.0000,0,0,0,6440,0
1533,5.2981,8.1278,0.0025,0.0000,0,0,0.0000,0,0.0000,0,0,0,841,0
1534,5.2188,9.3852,0.0032,0.0000,0,0,0.0000,0,0.0000,0,0,0,1154,0
1535,5.6102,9.0417,0.0033,0.0000,0,0,0.0000,0,0.0000,0,0,0,1240,0
1536,5.4996,9.1497,0.0088,0.0000,0,0,0.0000,0,0.0000,0,0,0,20172,0
1537,5.2705,8.8558,0.0028,0.0000,0,0,0.0000,0,0.0000,0,0,0,1439,0
1538,5.2765,9.1907,0.0037,0.0000,0,0,0.0000,0,0.0000,0,0,0,1043,0
1539,5.3012,8.7820,0.0043,0.0000,0,0,0.0000,0,0.0000,0,0,0,953,0
1540,5.3075,8.7048,0.0050,0.0000,0,0,0.0000,0,0.0000,0,0,0,7508,0
1541,5.6468,8.8963,0.0032,0.0000,0,0,0.0000,0,0.0000,0,0,0,2024,0
1542,5.4987,8.8540,0.0052,0.0000,0,0,0.0000,0,0.0000,0,0,0,1018,0
1543,5.5533,8.8372,0.0037,0.0000,0,0,0.0000,0,0.0000,0,0,0,1021,0
1544,5.1666,6.7834,0.0043,0.0000,0,0,0.0000,0,0.0000,0,0,0,7612,0
1545,5.3046,8.0429,0.0036,0.0000,0,0,0.0000,0,0.0000,0,0,0,995,0
1546,4.7332,7.9941,0.0023,0.0000,0,0,0.0000,0,0.0000,0,0,0,1948,0
1547,5.0548,8.3746,0.0029,0.0000,0,0,0.0000,0,0.0000,0,0,0,1022,0
1548,5.2160,8.0568,0.0037,0.0000,0,0,0.0000,0,0.0000,0,0,0,6979,0
1549,5.0718,8.1055,0.0029,0.0000,0,0,0.0000,0,0.0000,0,0,0,919,0
1550,5.2063,8.8343,0.0033,0.0000,0,0,0.0000,0,0.0000,0,0,0,1271,0
1551,5.2672,8.7460,0.0029,0.0000,0,0,0.0000,0,0.0000,0,0,0,1071,0
1552,5.2387,8.6864,0.0041,0.0000,0,0,0.0000,0,0.0000,0,0,0,8179,0
1553,5.2185,8.6905,0.0027,0.0000,0,0,0.0000,0,0.0000,0,0,0,1893,0
1554,5.3185,8.9345,0.0032,0.0000,0,0,0.0000,0,0.0000,0,0,0,1231,0
1555,5.3436,8.9161,0.0035,0.0000,0,0,0.0000,0,0.0000,0,0,0,2018,0
1556,5.3730,9.3752,0.0037,0.0000,0,0,0.0000,0,0.0000,0,0,0,8361,0
1557,5.3102,8.7890,0.0030,0.0000,0,0,0.0000,0,0.0000,0,0,0,1266,0
1558,5.3615,8.7719,0.0031,0.0000,0,0,0.0000,0,0.0000,0,0,0,1312,0
1559,5.3649,9.3198,0.0030,0.0000,0,0,0.0000,0,0.0000,0,0,0,1790,0
1560,5.4894,7.4030,0.0190,0.0000,0,0,0.0000,0,0.0000,0,1,0,105662,0
1561,5.5989,8.8000,0.0058,0.0000,0,0,0.0000,0,0.0000,0,0,0,16235,0
1562,5.2318,7.7766,0.0030,0.0000,0,0,0.0000,0,0.0000,0,0,0,6309,0
1563,5.3326,8.1547,0.0029,0.0000,0,0,0.0000,0,0.0000,0,0,0,7783,0
1564,5.2765,7.4213,0.0036,0.0000,0,0,0.0000,0,0.0000,0,0,0,11619,0
1565,5.5626,8.4087,0.0037,0.0000,0,0,0.0000,0,0.0000,0,0,0,3193,0
1566,5.6164,8.0638,0.0029,0.0000,0,0,0.0000,0,0.0000,0,0,0,3578,0
1567,5.5496,9.3227,0.0040,0.0000,0,0,0.0000,0,0.0000,0,0,0,2973,0
1568,5.5269,9.3102,0.0040,0.0000,0,0,0.0000,0,0.0000,0,0,0,7927,0
1569,5.4433,9.2732,0.0037,0.0000,0,0,0.0000,0,0.0000,0,0,0,2397,0
1570,5.4303,8.7063,0.0035,0.0000,0,0,0.0000,0,0.0000,0,0,0,1869,0
1571,5.5396,8.6914,0.0033,0.0000,0,0,0.0000,0,0.0000,0,0,0,1519,0
1572,5.4127,8.6989,0.0032,0.0000,0,0,0.0000,0,0.0000,0,0,0,7511,0
1573,5.1203,9.2623,0.0026,0.0000,0,0,0.0000,0,0.0000,0,0,0,1975,0
1574,5.3533,8.6873,0.0031,0.0000,0,0,0.0000,0,0.0000,0,0,0,873,0
1575,5.5772,8.8428,0.0026,0.0000,0,0,0.0000,0,0.0000,0,0,0,774,0
1576,5.4832,8.6989,0.0035,0.0000,0,0,0.0000,0,0.0000,0,0,0,7639,0
1577,5.6444,8.6817,0.0032,0.0000,0,0,0.0000,0,0.0000,0,0,0,786,0
1578,5.5241,8.7375,0.0035,0.0000,0,0,0.0000,0,0.0000,0,0,0,875,0
1579,5.6455,8.7005,0.0030,0.0000,0,0,0.0000,0,0.0000,0,0,0,1870,0
1580,5.4607,8.8679,0.0045,0.0000,0,0,0.0000,0,0.0000,0,0,0,6759,0
1581,5.5260,8.7989,0.0028,0.0000,0,0,0.0000,0,0.0000,0,0,0,831,0
1582,5.4842,8.7302,0.0027,0.0000,0,0,0.0000,0,0.0000,0,0,0,1221,0
1583,5.4937,9.2875,0.0033,0.0000,0,0,0.0000,0,0.0000,0,0,0,951,0
1584,5.4883,8.8195,0.0034,0.0000,0,0,0.0000,0,0.0000,0,0,0,7536,0
1585,5.3380,9.0920,0.0028,0.0000,0,0,0.0000,0,0.0000,0,0,0,2769,0
1586,5.3262,8.9287,0.0026,0.0000,0,0,0.0000,0,0.0000,0,0,0,1165,0
1587,5.3392,9.2941,0.0030,0.0000,0,0,0.0000,0,0.0000,0,0,0,1393,0
1588,5.6304,8.9024,0.0039,0.0000,0,0,0.0000,0,0.0000,0,0,0,8259,0
1589,5.5410,8.8620,0.0025,0.0000,0,0,0.0000,0,0.0000,0,0,0,1099,0
1590,5.5721,8.9127,0.0034,0.0000,0,0,0.0000,0,0.0000,0,0,0,1100,0
1591,5.6227,8.7628,0.0038,0.0000,0,0,0.0000,0,0.0000,0,0,0,1293,0
1592,5.1700,8.1601,0.0029,0.0000,0,0,0.0000,0,0.0000,0,0,0,8404,0
1593,5.2620,7.5446,0.0029,0.0000,0,0,0.0000,0,0.0000,0,0,0,1168,0
1594,5.3109,9.3440,0.0027,0.0000,0,0,0.0000,0,0.0000,0,0,0,1065,0
1595,5.5974,9.0808,0.0034,0.0000,0,0,0.0000,0,0.0000,0,0,0,1094,0
1596,5.6119,9.2385,0.0033,0.0000,0,0,0.0000,0,0.0000,0,0,0,7100,0
1597,5.3261,8.8715,0.0026,0.0000,0,0,0.0000,0,0.0000,0,0,0,1289,0
1598,5.2671,8.7363,0.0038,0.0000,0,0,0.0000,0,0.0000,0,0,0,2267,0
1599,5.3166,9.0839,0.0045,0.0000,0,0,0.0000,0,0.0000,0,0,0,2601,0
1600,5.6847,8.8526,0.0037,0.0000,0,0,0.0000,0,0.0000,0,0,0,7567,0
1601,5.3300,8.9871,0.0032,0.0000,0,0,0.0000,0,0.0000,0,0,0,2709,0
1602,5.3787,8.8994,0.0047,0.0000,0,0,0.0000,0,0.0000,0,0,0,2345,0
1603,5.6026,10.3165,0.0043,0.0000,0,0,0.0000,0,0.0000,0,0,0,2291,0
1604,5.1955,8.0814,0.0037,0.0000,0,0,0.0000,0,0.0000,0,0,0,8705,0
1605,5.1366,8.3664,0.0028,0.0000,0,0,0.0000,0,0.0000,0,0,0,2489,0
1606,5.1945,9.2569,0.0034,0.0000,0,0,0.0000,0,0.0000,0,0,0,2410,0
1607,5.6117,8.8978,0.0032,0.0000,0,0,0.0000,0,0.0000,0,0,0,2690,0
1608,5.6146,8.9277,0.0041,0.0000,0,0,0.0000,0,0.0000,0,0,0,8265,0
1609,5.3292,11.1165,0.0030,0.0000,0,0,0.0000,0,0.0000,0,0,0,2192,0
1610,5.2767,8.7470,0.0026,0.0000,0,0,0.0000,0,0.0000,0,0,0,1795,0
1611,5.3294,8.7627,0.0033,0.0000,0,0,0.0000,0,0.0000,0,0,0,1894,0
1612,5.2324,8.7506,0.0039,0.0000,0,0,0.0000,0,0.0000,0,0,0,7268,0
1613,5.3586,8.8342,0.0028,0.0000,0,0,0.0000,0,0.0000,0,0,0,1869,0
1614,5.2254,8.8613,0.0033,0.0000,0,0,0.0000,0,0.0000,0,0,0,3461,0
1615,5.3732,8.7778,0.0027,0.0000,0,0,0.0000,0,0.0000,0,0,0,2592,0
1616,5.3477,8.7104,0.0036,0.0000,0,0,0.0000,0,0.0000,0,0,0,9861,0
1617,5.3691,8.7529,0.0033,0.0000,0,0,0.0000,0,0.0000,0,0,0,4187,0
1618,5.5369,8.9028,0.0035,0.0000,0,0,0.0000,0,0.0000,0,0,0,3319,0
1619,5.5413,8.8576,0.0030,0.0000,0,0,0.0000,0,0.0000,0,0,0,3300,0
1620,5.4333,7.5486,0.0208,0.0000,0,0,0.0000,0,0.0000,0,1,0,122134,0
1621,5.5781,8.1548,0.0084,0.0000,0,0,0.0000,0,0.0000,0,0,0,18152,0
1622,5.2244,7.4711,0.0048,0.0000,0,0,0.0000,0,0.0000,0,0,0,21783,0
1623,5.2980,8.0230,0.0035,0.0000,0,0,0.0000,0,0.0000,0,0,0,6635,0
1624,5.2698,9.2348,0.0045,0.0000,0,0,0.0000,0,0.0000,0,0,0,14157,0
1625,5.6067,9.3163,0.0057,0.0000,0,0,0.0000,0,0.0000,0,0,0,6641,0
1626,5.7262,8.9955,0.0039,0.0000,0,0,0.0000,0,0.0000,0,0,0,4204,0
1627,5.5644,8.9068,0.0030,0.0000,0,0,0.0000,0,0.0000,0,0,0,3025,0
1628,5.6558,8.8685,0.0036,0.0000,0,0,0.0000,0,0.0000,0,0,0,9161,0
1629,5.5293,8.7852,0.0035,0.0000,0,0,0.0000,0,0.0000,0,0,0,1554,0
1630,5.3842,8.7505,0.0031,0.0000,0,0,0.0000,0,0.0000,0,0,0,2103,0
1631,5.3576,8.7944,0.0026,0.0000,0,0,0.0000,0,0.0000,0,0,0,1605,0
1632,5.2458,8.9304,0.0053,0.0000,0,0,0.0000,0,0.0000,0,0,0,22433,0
1633,5.3853,8.7679,0.0030,0.0000,0,0,0.0000,0,0.0000,0,0,0,2842,0
1634,5.3762,8.7643,0.0034,0.0000,0,0,0.0000,0,0.0000,0,0,0,1602,0
1635,5.4495,9.0624,0.0031,0.0000,0,0,0.0000,0,0.0000,0,0,0,1387,0
1636,5.3679,8.7568,0.0040,0.0000,0,0,0.0000,0,0.0000,0,0,0,8507,0
1637,5.3590,8.9002,0.0035,0.0000,0,0,0.0000,0,0.0000,0,0,0,1435,0
1638,5.1433,8.9742,0.0037,0.0000,0,0,0.0000,0,0.0000,0,0,0,1263,0
1639,4.6315,7.3963,0.0059,0.0000,0,0,0.0000,0,0.0000,0,0,0,1443,0
1640,4.6450,7.7090,0.0043,0.0000,0,0,0.0000,0,0.0000,0,0,0,7698,0
1641,4.6304,7.0655,0.0048,0.0000,0,0,0.0000,0,0.0000,0,0,0,1014,0
1642,4.6565,7.2255,0.0051,0.0000,0,0,0.0000,0,0.0000,0,0,0,983,0
1643,4.6353,7.2754,0.0040,0.0000,0,0,0.0000,0,0.0000,0,0,0,1298,0
1644,4.6524,8.2202,0.0033,0.0000,0,0,0.0000,0,0.0000,0,0,0,6785,0
1645,4.9052,8.2668,0.0033,0.0000,0,0,0.0000,0,0.0000,0,0,0,1240,0
1646,5.0187,8.8747,0.0031,0.0000,0,0,0.0000,0,0.0000,0,0,0,2314,0
1647,5.0998,7.2215,0.0049,0.0000,0,0,0.0000,0,0.0000,0,0,0,1605,0
1648,5.1382,8.1323,0.0034,0.0000,0,0,0.0000,0,0.0000,0,0,0,8649,0
1649,5.0070,7.3332,0.0043,0.0000,0,0,0.0000,0,0.0000,0,0,0,3237,0
1650,5.1895,9.0670,0.0049,0.0000,0,0,0.0000,0,0.0000,0,0,0,2072,0
1651,5.1055,7.9765,0.0030,0.0000,0,0,0.0000,0,0.0000,0,0,0,2026,0
1652,5.0200,7.3936,0.0035,0.0000,0,0,0.0000,0,0.0000,0,0,0,8495,0
1653,5.1345,7.4578,0.0028,0.0000,0,0,0.0000,0,0.0000,0,0,0,2141,0
1654,5.0089,7.4512,0.0024,0.0000,0,0,0.0000,0,0.0000,0,0,0,2126,0
1655,5.1378,7.8807,0.0032,0.0000,0,0,0.0000,0,0.0000,0,0,0,2312,0
1656,5.0768,7.7911,0.0036,0.0000,0,0,0.0000,0,0.0000,0,0,0,8587,0
1657,5.0426,7.5629,0.0026,0.0000,0,0,0.0000,0,0.0000,0,0,0,2150,0
1658,4.9472,7.6549,0.0040,0.0000,0,0,0.0000,0,0.0000,0,0,0,1705,0
1659,5.0961,7.9403,0.0041,0.0000,0,0,0.0000,0,0.0000,0,0,0,1865,0
1660,5.0554,9.3440,0.0048,0.0000,0,0,0.0000,0,0.0000,0,0,0,7780,0
1661,4.8979,7.4387,0.0041,0.0000,0,0,0.0000,0,0.0000,0,0,0,2021,0
1662,5.2860,8.6191,0.0035,0.0000,0,0,0.0000,0,0.0000,0,0,0,3278,0
1663,4.7011,7.5234,0.0041,0.0000,0,0,0.0000,0,0.0000,0,0,0,3022,0
1664,4.7672,7.7367,0.0038,0.0000,0,0,0.0000,0,0.0000,0,0,0,8610,0
1665,4.9895,7.6138,0.0031,0.0000,0,0,0.0000,0,0.0000,0,0,0,3701,0
1666,5.1546,7.9479,0.0031,0.0000,0,0,0.0000,0,0.0000,0,0,0,2981,0
1667,5.0291,7.2221,0.0062,0.0000,0,0,0.0000,0,0.0000,0,0,0,2885,0
1668,4.2445,6.2266,0.0039,0.0000,0,0,0.0000,0,0.0000,0,0,0,9282,0
1669,3.5592,6.6063,0.0021,0.0000,0,0,0.0000,0,0.0000,0,0,0,3013,0
1670,3.8434,6.4813,0.0024,0.0000,0,0,0.0000,0,0.0000,0,0,0,2964,0
1671,3.8472,6.8535,0.0027,0.0000,0,0,0.0000,0,0.0000,0,0,0,3117,0
1672,3.7967,7.3686,0.0043,0.0000,0,0,0.0000,0,0.0000,0,0,0,8723,0
1673,3.9027,6.4765,0.0020,0.0000,0,0,0.0000,0,0.0000,0,0,0,2336,0
1674,4.1602,6.8386,0.0037,0.0000,0,0,0.0000,0,0.0000,0,0,0,1983,0
1675,4.2089,6.6866,0.0027,0.0000,0,0,0.0000,0,0.0000,0,0,0,2136,0
1676,4.4901,7.7110,0.0046,0.0000,0,0,0.0000,0,0.0000,0,0,0,7582,0
1677,4.7419,7.4945,0.0028,0.0000,0,0,0.0000,0,0.0000,0,0,0,2073,0
1678,4.4885,7.5512,0.0017,0.0000,0,0,0.0000,0,0.0000,0,0,0,4050,0
1679,4.6198,7.2060,0.0035,0.0000,0,0,0.0000,0,0.0000,0,0,0,3006,0
1680,4.7352,7.3363,0.0282,0.0000,0,0,0.0000,0,0.0000,0,1,0,96684,0
1681,4.6875,8.0809,0.0087,0.0000,0,0,0.0000,0,0.0000,0,0,0,19693,0
1682,4.6758,8.3926,0.0037,0.0000,0,0,0.0000,0,0.0000,0,0,0,9750,0
1683,4.7033,7.9762,0.0037,0.0000,0,0,0.0000,0,0.0000,0,0,0,8435,0
1684,4.7038,8.4893,0.0041,0.0000,0,0,0.0000,0,0.0000,0,0,0,11552,0
1685,4.6731,8.6099,0.0034,0.0000,0,0,0.0000,0,0.0000,0,0,0,3071,0
1686,5.0380,8.1365,0.0026,0.0000,0,0,0.0000,0,0.0000,0,0,0,2393,0
1687,4.7228,8.7802,0.0033,0.0000,0,0,0.0000,0,0.0000,0,0,0,1090,0
1688,5.0802,8.0714,0.0033,0.0000,0,0,0.0000,0,0.0000,0,0,0,8261,0
1689,4.9657,7.6380,0.0024,0.0000,0,0,0.0000,0,0.0000,0,0,0,936,0
1690,5.1125,7.3042,0.0032,0.0000,0,0,0.0000,0,0.0000,0,0,0,851,0
1691,5.1627,8.2996,0.0030,0.0000,0,0,0.0000,0,0.0000,0,0,0,821,0
1692,5.3388,7.6563,0.0041,0.0000,0,0,0.0000,0,0.0000,0,0,0,6412,0
1693,5.2632,7.7558,0.0028,0.0000,0,0,0.0000,0,0.0000,0,0,0,884,0
1694,5.3817,7.5491,0.0030,0.0000,0,0,0.0000,0,0.0000,0,0,0,1486,0
1695,5.2732,7.8135,0.0025,0.0000,0,0,0.0000,0,0.0000,0,0,0,1136,0
1696,5.3040,7.9908,0.0029,0.0000,0,0,0.0000,0,0.0000,0,0,0,6945,0
1697,5.2509,8.7707,0.0045,0.0000,0,0,0.0000,0,0.0000,0,0,0,1241,0
1698,4.8952,6.8414,0.0032,0.0000,0,0,0.0000,0,0.0000,0,0,0,854,0
1699,5.0550,7.6868,0.0032,0.0000,0,0,0.0000,0,0.0000,0,0,0,812,0
1700,4.9182,7.8044,0.0029,0.0000,0,0,0.0000,0,0.0000,0,0,0,7362,0
1701,4.9915,7.0571,0.0034,0.0000,0,0,0.0000,0,0.0000,0,0,0,1979,0
1702,4.8779,8.1122,0.0025,0.0000,0,0,0.0000,0,0.0000,0,0,0,771,0
1703,5.2506,9.2667,0.0036,0.0000,0,0,0.0000,0,0.0000,0,0,0,781,0
1704,5.3270,9.1677,0.0033,0.0000,0,0,0.0000,0,0.0000,0,0,0,7474,0
1705,5.2493,8.9898,0.0028,0.0000,0,0,0.0000,0,0.0000,0,0,0,818,0
1706,5.2501,8.8497,0.0030,0.0000,0,0,0.0000,0,0.0000,0,0,0,795,0
1707,5.3573,9.4163,0.0030,0.0000,0,0,0.0000,0,0.0000,0,0,0,1960,0
1708,5.3860,9.2953,0.0039,0.0000,0,0,0.0000,0,0.0000,0,0,0,6066,0
1709,5.2850,8.9938,0.0035,0.0000,0,0,0.0000,0,0.0000,0,0,0,822,0
1710,5.3420,9.0277,0.0040,0.0000,0,0,0.0000,0,0.0000,0,0,0,935,0
1711,5.3692,8.8491,0.0036,0.0000,0,0,0.0000,0,0.0000,0,0,0,862,0
1712,5.2528,7.5969,0.0032,0.0000,0,0,0.0000,0,0.0000,0,0,0,7915,0
1713,5.3088,8.0370,0.0032,0.0000,0,0,0.0000,0,0.0000,0,0,0,2522,0
1714,5.3420,7.7590,0.0025,0.0000,0,0,0.0000,0,0.0000,0,0,0,1871,0
1715,5.6202,8.2127,0.0036,0.0000,0,0,0.0000,0,0.0000,0,0,0,853,0
1716,5.6873,8.0938,0.0040,0.0000,0,0,0.0000,0,0.0000,0,0,0,8281,0
1717,5.3387,8.1435,0.0038,0.0000,0,0,0.0000,0,0.0000,0,0,0,1534,0
1718,5.2902,7.7470,0.0031,0.0000,0,0,0.0000,0,0.0000,0,0,0,1523,0
1719,5.2923,9.3368,0.0056,0.0000,0,0,0.0000,0,0.0000,0,0,0,2012,0
1720,5.4576,9.4565,0.0036,0.0000,0,0,0.0000,0,0.0000,0,0,0,8153,0
1721,5.5247,8.8193,0.0033,0.0000,0,0,0.0000,0,0.0000,0,0,0,1461,0
1722,5.4462,8.8411,0.0045,0.0000,0,0,0.0000,0,0.0000,0,0,0,829,0
1723,5.1955,8.4076,0.0040,0.0000,0,0,0.0000,0,0.0000,0,0,0,1462,0
1724,4.9737,8.0261,0.0034,0.0000,0,0,0.0000,0,0.0000,0,0,0,6808,0
1725,4.8852,8.0839,0.0030,0.0000,0,0,0.0000,0,0.0000,0,0,0,981,0
1726,5.2213,7.8565,0.0029,0.0000,0,0,0.0000,0,0.0000,0,0,0,1732,0
1727,5.1503,7.8874,0.0031,0.0000,0,0,0.0000,0,0.0000,0,0,0,1916,0
1728,5.3192,9.3872,0.0095,0.0000,0,0,0.0000,0,0.0000,0,0,0,22706,0
1729,5.5060,9.3086,0.0036,0.0000,0,0,0.0000,0,0.0000,0,0,0,2576,0
1730,5.6738,9.1296,0.0035,0.0000,0,0,0.0000,0,0.0000,0,0,0,1618,0
1731,5.5917,9.1011,0.0030,0.0000,0,0,0.0000,0,0.0000,0,0,0,1924,0
1732,5.6341,8.9042,0.0034,0.0000,0,0,0.0000,0,0.0000,0,0,0,7782,0
1733,5.3446,8.7364,0.0032,0.0000,0,0,0.0000,0,0.0000,0,0,0,3174,0
1734,5.2096,8.7324,0.0028,0.0000,0,0,0.0000,0,0.0000,0,0,0,1222,0
1735,5.4062,8.7818,0.0036,0.0000,0,0,0.0000,0,0.0000,0,0,0,1310,0
1736,5.3580,8.9703,0.0035,0.0000,0,0,0.0000,0,0.0000,0,0,0,8326,0
1737,5.3187,8.9400,0.0027,0.0000,0,0,0.0000,0,0.0000,0,0,0,1119,0
1738,5.3590,11.0115,0.0034,0.0000,0,0,0.0000,0,0.0000,0,0,0,1489,0
1739,5.4940,8.8119,0.0032,0.0000,0,0,0.0000,0,0.0000,0,0,0,1563,0
1740,5.5454,7.3373,0.0205,0.0000,0,0,0.0000,0,0.0000,0,1,0,115416,0
1741,5.2470,8.7393,0.0062,0.0000,0,0,0.0000,0,0.0000,0,0,0,13974,0
1742,5.2061,8.0104,0.0043,0.0000,0,0,0.0000,0,0.0000,0,0,0,21244,0
1743,5.2381,8.0627,0.0033,0.0000,0,0,0.0000,0,0.0000,0,0,0,6034,0
1744,5.1942,9.1350,0.0057,0.0000,0,0,0.0000,0,0.0000,0,0,0,13815,0
1745,5.5525,9.1395,0.0048,0.0000,0,0,0.0000,0,0.0000,0,0,0,4965,0
1746,5.6980,9.5841,0.0036,0.0000,0,0,0.0000,0,0.0000,0,0,0,4796,0
1747,5.3928,8.8124,0.0030,0.0000,0,0,0.0000,0,0.0000,0,0,0,3911,0
1748,5.3848,8.7829,0.0040,0.0000,0,0,0.0000,0,0.0000,0,0,0,9857,0
1749,5.3631,8.8110,0.0030,0.0000,0,0,0.0000,0,0.0000,0,0,0,1693,0
1750,5.3747,8.7660,0.0035,0.0000,0,0,0.0000,0,0.0000,0,0,0,1281,0
1751,5.3005,8.9083,0.0030,0.0000,0,0,0.0000,0,0.0000,0,0,0,1116,0
1752,5.3641,8.7646,0.0040,0.0000,0,0,0.0000,0,0.0000,0,0,0,8417,0
1753,5.4271,8.9653,0.0022,0.0000,0,0,0.0000,0,0.0000,0,0,0,1103,0
1754,5.3465,8.9213,0.0032,0.0000,0,0,0.0000,0,0.0000,0,0,0,814,0
1755,5.6104,8.9300,0.0029,0.0000,0,0,0.0000,0,0.0000,0,0,0,800,0
1756,5.3643,8.7750,0.0038,0.0000,0,0,0.0000,0,0.0000,0,0,0,6474,0
1757,5.3939,8.8221,0.0029,0.0000,0,0,0.0000,0,0.0000,0,0,0,898,0
1758,5.3908,8.9437,0.0027,0.0000,0,0,0.0000,0,0.0000,0,0,0,1176,0
1759,5.4930,11.1355,0.0029,0.0000,0,0,0.0000,0,0.0000,0,0,0,1135,0
1760,5.3845,8.7665,0.0040,0.0000,0,0,0.0000,0,0.0000,0,0,0,6890,0
1761,5.3878,8.7669,0.0029,0.0000,0,0,0.0000,0,0.0000,0,0,0,1428,0
1762,5.6223,8.7154,0.0035,0.0000,0,0,0.0000,0,0.0000,0,0,0,1103,0
1763,5.6109,8.8782,0.0028,0.0000,0,0,0.0000,0,0.0000,0,0,0,990,0
1764,5.6617,8.8028,0.0035,0.0000,0,0,0.0000,0,0.0000,0,0,0,7546,0
1765,5.3633,8.9341,0.0035,0.0000,0,0,0.0000,0,0.0000,0,0,0,1907,0
1766,5.3852,8.7770,0.0029,0.0000,0,0,0.0000,0,0.0000,0,0,0,869,0
1767,5.3561,8.7660,0.0032,0.0000,0,0,0.0000,0,0.0000,0,0,0,888,0
1768,5.3403,8.7396,0.0032,0.0000,0,0,0.0000,0,0.0000,0,0,0,7478,0
1769,5.4165,8.7693,0.0030,0.0000,0,0,0.0000,0,0.0000,0,0,0,870,0
1770,5.5164,8.7836,0.0040,0.0000,0,0,0.0000,0,0.0000,0,0,0,1963,0
1771,5.3877,8.7397,0.0036,0.0000,0,0,0.0000,0,0.0000,0,0,0,812,0
1772,5.2443,7.4830,0.0033,0.0000,0,0,0.0000,0,0.0000,0,0,0,6137,0
1773,5.3161,8.1360,0.0032,0.0000,0,0,0.0000,0,0.0000,0,0,0,822,0
1774,5.3192,10.4983,0.0032,0.0000,0,0,0.0000,0,0.0000,0,0,0,1049,0
1775,5.6202,9.3959,0.0029,0.0000,0,0,0.0000,0,0.0000,0,0,0,949,0
1776,5.3477,9.1979,0.0044,0.0000,0,0,0.0000,0,0.0000,0,0,0,8108,0
1777,5.3359,9.1263,0.0038,0.0000,0,0,0.0000,0,0.0000,0,0,0,1725,0
1778,5.3901,8.9789,0.0047,0.0000,0,0,0.0000,0,0.0000,0,0,0,1251,0
1779,5.2986,8.9712,0.0053,0.0000,0,0,0.0000,0,0.0000,0,0,0,1063,0
1780,5.7054,8.9071,0.0043,0.0000,0,0,0.0000,0,0.0000,0,0,0,8261,0
1781,5.7760,11.1259,0.0031,0.0000,0,0,0.0000,0,0.0000,0,0,0,1113,0
1782,5.3446,8.7611,0.0043,0.0000,0,0,0.0000,0,0.0000,0,0,0,1230,0
1783,5.1411,8.8124,0.0042,0.0000,0,0,0.0000,0,0.0000,0,0,0,1335,0
1784,5.1041,7.6707,0.0036,0.0000,0,0,0.0000,0,0.0000,0,0,0,8235,0
1785,5.0165,8.0665,0.0030,0.0000,0,0,0.0000,0,0.0000,0,0,0,1254,0
1786,5.0931,8.8398,0.0031,0.0000,0,0,0.0000,0,0.0000,0,0,0,1016,0
1787,5.5463,9.1675,0.0029,0.0000,0,0,0.0000,0,0.0000,0,0,0,1021,0
1788,5.4980,8.9267,0.0040,0.0000,0,0,0.0000,0,0.0000,0,0,0,6677,0
1789,5.2993,8.7668,0.0032,0.0000,0,0,0.0000,0,0.0000,0,0,0,1093,0
1790,5.3493,8.7946,0.0030,0.0000,0,0,0.0000,0,0.0000,0,0,0,1532,0
1791,5.3811,8.8069,0.0032,0.0000,0,0,0.0000,0,0.0000,0,0,0,1365,0
1792,5.2736,8.7881,0.0096,0.0000,0,0,0.0000,0,0.0000,0,0,0,20362,0
1793,5.4275,8.8335,0.0032,0.0000,0,0,0.0000,0,0.0000,0,0,0,1700,0
1794,5.4064,8.7748,0.0032,0.0000,0,0,0.0000,0,0.0000,0,0,0,1380,0
1795,5.4420,8.8172,0.0034,0.0000,0,0,0.0000,0,0.0000,0,0,0,1323,0
1796,5.3434,8.6991,0.0040,0.0000,0,0,0.0000,0,0.0000,0,0,0,8350,0
1797,5.2758,8.8780,0.0030,0.0000,0,0,0.0000,0,0.0000,0,0,0,2375,0
1798,5.5985,8.7416,0.0032,0.0000,0,0,0.0000,0,0.0000,0,0,0,1646,0
1799,5.4865,8.8062,0.0028,0.0000,0,0,0.0000,0,0.0000,0,0,0,1618,0
