frame_id,generate_ms,encode_latency_ms,payload_extract_ms,enqueue_ms,queue_depth,dropped_before,send_ms,bytes_sent,frame_age_at_send_ms,send_failed,keyframe,sender_dropped,payload_bytes,status
0,9.5359,27.0850,0.0439,0.0000,0,0,0.0000,0,0.0000,0,1,0,134758,0
1,7.8887,12.8203,0.0102,0.0000,0,0,0.0000,0,0.0000,0,0,0,22508,0
2,7.1699,17.2320,0.0039,0.0000,0,0,0.0000,0,0.0000,0,0,0,13876,0
3,6.8525,21.9938,0.0051,0.0000,0,0,0.0000,0,0.0000,0,0,0,19348,0
4,7.5682,16.4878,0.0110,0.0000,0,0,0.0000,0,0.0000,0,0,0,33309,0
5,7.5636,12.8432,0.0026,0.0000,0,0,0.0000,0,0.0000,0,0,0,26815,0
6,7.6625,12.6123,0.0019,0.0000,0,0,0.0000,0,0.0000,0,0,0,12881,0
7,8.1434,12.6898,0.0017,0.0000,0,0,0.0000,0,0.0000,0,0,0,7322,0
8,7.8641,12.6812,0.0059,0.0000,0,0,0.0000,0,0.0000,0,0,0,20788,0
9,8.1980,12.6227,0.0015,0.0000,0,0,0.0000,0,0.0000,0,0,0,3174,0
10,7.9452,12.6301,0.0027,0.0000,0,0,0.0000,0,0.0000,0,0,0,3302,0
11,8.0919,12.6325,0.0011,0.0000,0,0,0.0000,0,0.0000,0,0,0,1980,0
12,7.8207,12.7228,0.0032,0.0000,0,0,0.0000,0,0.0000,0,0,0,14181,0
13,8.0672,12.6810,0.0029,0.0000,0,0,0.0000,0,0.0000,0,0,0,2505,0
14,7.8578,12.7447,0.0015,0.0000,0,0,0.0000,0,0.0000,0,0,0,3770,0
15,8.2391,12.6906,0.0016,0.0000,0,0,0.0000,0,0.0000,0,0,0,3284,0
16,8.1760,12.8470,0.0021,0.0000,0,0,0.0000,0,0.0000,0,0,0,16013,0
17,8.6200,12.6815,0.0018,0.0000,0,0,0.0000,0,0.0000,0,0,0,4859,0
18,8.2354,12.7250,0.0012,0.0000,0,0,0.0000,0,0.0000,0,0,0,3363,0
19,7.9309,12.8053,0.0012,0.0000,0,0,0.0000,0,0.0000,0,0,0,2952,0
20,7.9830,12.8608,0.0021,0.0000,0,0,0.0000,0,0.0000,0,0,0,15104,0
21,8.0606,12.7151,0.0016,0.0000,0,0,0.0000,0,0.0000,0,0,0,2394,0
22,7.5372,12.7253,0.0010,0.0000,0,0,0.0000,0,0.0000,0,0,0,2154,0
23,8.1524,12.7944,0.0035,0.0000,0,0,0.0000,0,0.0000,0,0,0,2225,0
24,7.7573,12.7848,0.0025,0.0000,0,0,0.0000,0,0.0000,0,0,0,14872,0
25,7.8053,12.7452,0.0010,0.0000,0,0,0.0000,0,0.0000,0,0,0,1721,0
26,8.3606,12.6692,0.0014,0.0000,0,0,0.0000,0,0.0000,0,0,0,1709,0
27,7.7721,12.6908,0.0037,0.0000,0,0,0.0000,0,0.0000,0,0,0,1728,0
28,7.1647,12.7320,0.0032,0.0000,0,0,0.0000,0,0.0000,0,0,0,14406,0
29,6.6154,12.7968,0.0025,0.0000,0,0,0.0000,0,0.0000,0,0,0,1750,0
30,6.6025,12.7672,0.0030,0.0000,0,0,0.0000,0,0.0000,0,0,0,2576,0
31,6.5165,12.7469,0.0027,0.0000,0,0,0.0000,0,0.0000,0,0,0,2327,0
32,6.6327,12.6535,0.0020,0.0000,0,0,0.0000,0,0.0000,0,0,0,12691,0
33,6.6822,12.7835,0.0019,0.0000,0,0,0.0000,0,0.0000,0,0,0,3100,0
34,6.7230,12.7653,0.0019,0.0000,0,0,0.0000,0,0.0000,0,0,0,2275,0
35,6.6414,12.6703,0.0024,0.0000,0,0,0.0000,0,0.0000,0,0,0,1705,0
36,6.5973,12.6616,0.0033,0.0000,0,0,0.0000,0,0.0000,0,0,0,14461,0
37,6.5320,12.6917,0.0013,0.0000,0,0,0.0000,0,0.0000,0,0,0,3668,0
38,7.5051,12.5548,0.0016,0.0000,0,0,0.0000,0,0.0000,0,0,0,2013,0
39,7.4843,12.5647,0.0012,0.0000,0,0,0.0000,0,0.0000,0,0,0,1958,0
40,7.6350,12.5474,0.0020,0.0000,0,0,0.0000,0,0.0000,0,0,0,13916,0
41,7.8155,12.5966,0.0012,0.0000,0,0,0.0000,0,0.0000,0,0,0,1861,0
42,7.7333,12.5632,0.0015,0.0000,0,0,0.0000,0,0.0000,0,0,0,3390,0
43,7.7062,12.6510,0.0013,0.0000,0,0,0.0000,0,0.0000,0,0,0,1859,0
44,7.8860,12.6304,0.0021,0.0000,0,0,0.0000,0,0.0000,0,0,0,13669,0
45,7.9065,12.6220,0.0011,0.0000,0,0,0.0000,0,0.0000,0,0,0,1962,0
46,7.8794,12.7282,0.0029,0.0000,0,0,0.0000,0,0.0000,0,0,0,2593,0
47,7.9938,13.0036,0.0070,0.0000,0,0,0.0000,0,0.0000,0,0,0,1827,0
48,8.0919,13.0664,0.0052,0.0000,0,0,0.0000,0,0.0000,0,0,0,15794,0
49,7.7598,12.8011,0.0028,0.0000,0,0,0.0000,0,0.0000,0,0,0,3345,0
50,7.6134,12.7336,0.0029,0.0000,0,0,0.0000,0,0.0000,0,0,0,3625,0
51,7.7320,12.7382,0.0015,0.0000,0,0,0.0000,0,0.0000,0,0,0,2492,0
52,7.6068,12.6365,0.0023,0.0000,0,0,0.0000,0,0.0000,0,0,0,16278,0
53,7.8406,12.6040,0.0014,0.0000,0,0,0.0000,0,0.0000,0,0,0,2342,0
54,7.7387,12.6237,0.0015,0.0000,0,0,0.0000,0,0.0000,0,0,0,2201,0
55,7.7545,12.6497,0.0017,0.0000,0,0,0.0000,0,0.0000,0,0,0,2295,0
56,7.8550,12.7025,0.0023,0.0000,0,0,0.0000,0,0.0000,0,0,0,16161,0
57,8.0152,12.6726,0.0014,0.0000,0,0,0.0000,0,0.0000,0,0,0,1949,0
58,7.5430,12.6100,0.0009,0.0000,0,0,0.0000,0,0.0000,0,0,0,1992,0
59,8.0230,12.6375,0.0013,0.0000,0,0,0.0000,0,0.0000,0,0,0,1980,0
60,7.9394,10.3316,0.0513,0.0000,0,0,0.0000,0,0.0000,0,1,0,246938,0
61,7.6700,12.6065,0.0070,0.0000,0,0,0.0000,0,0.0000,0,0,0,28131,0
62,7.7840,12.6041,0.0073,0.0000,0,0,0.0000,0,0.0000,0,0,0,42163,0
63,7.7085,12.6022,0.0073,0.0000,0,0,0.0000,0,0.0000,0,0,0,21132,0
64,7.7554,12.6722,0.0030,0.0000,0,0,0.0000,0,0.0000,0,0,0,28780,0
65,7.6976,12.6550,0.0025,0.0000,0,0,0.0000,0,0.0000,0,0,0,14151,0
66,7.8370,12.5940,0.0018,0.0000,0,0,0.0000,0,0.0000,0,0,0,10320,0
67,7.7354,12.5690,0.0012,0.0000,0,0,0.0000,0,0.0000,0,0,0,2492,0
68,7.6027,12.6898,0.0024,0.0000,0,0,0.0000,0,0.0000,0,0,0,18182,0
69,7.9497,12.6499,0.0010,0.0000,0,0,0.0000,0,0.0000,0,0,0,1876,0
70,7.8174,12.7134,0.0010,0.0000,0,0,0.0000,0,0.0000,0,0,0,2472,0
71,7.9821,12.7094,0.0009,0.0000,0,0,0.0000,0,0.0000,0,0,0,2376,0
72,8.5184,12.7188,0.0024,0.0000,0,0,0.0000,0,0.0000,0,0,0,14248,0
73,8.3606,12.7081,0.0012,0.0000,0,0,0.0000,0,0.0000,0,0,0,1829,0
74,8.8383,12.6578,0.0013,0.0000,0,0,0.0000,0,0.0000,0,0,0,1853,0
75,8.1770,12.6855,0.0010,0.0000,0,0,0.0000,0,0.0000,0,0,0,2125,0
76,8.7323,12.7403,0.0025,0.0000,0,0,0.0000,0,0.0000,0,0,0,13978,0
77,8.2235,12.9344,0.0010,0.0000,0,0,0.0000,0,0.0000,0,0,0,2614,0
78,8.6583,12.8543,0.0018,0.0000,0,0,0.0000,0,0.0000,0,0,0,3974,0
79,7.6050,12.7266,0.0010,0.0000,0,0,0.0000,0,0.0000,0,0,0,1797,0
80,8.5717,12.9057,0.0036,0.0000,0,0,0.0000,0,0.0000,0,0,0,16281,0
81,7.6792,12.8265,0.0013,0.0000,0,0,0.0000,0,0.0000,0,0,0,4891,0
82,7.6946,12.8682,0.0010,0.0000,0,0,0.0000,0,0.0000,0,0,0,2288,0
83,7.8361,12.7065,0.0013,0.0000,0,0,0.0000,0,0.0000,0,0,0,2171,0
84,7.9732,12.8108,0.0030,0.0000,0,0,0.0000,0,0.0000,0,0,0,15813,0
85,7.9630,12.8230,0.0020,0.0000,0,0,0.0000,0,0.0000,0,0,0,2407,0
86,8.2415,12.8019,0.0021,0.0000,0,0,0.0000,0,0.0000,0,0,0,2456,0
87,8.1452,12.9108,0.0031,0.0000,0,0,0.0000,0,0.0000,0,0,0,2058,0
88,7.7025,13.4117,0.0033,0.0000,0,0,0.0000,0,0.0000,0,0,0,15714,0
89,7.9863,12.7205,0.0013,0.0000,0,0,0.0000,0,0.0000,0,0,0,1681,0
90,8.1937,12.6867,0.0020,0.0000,0,0,0.0000,0,0.0000,0,0,0,1703,0
91,8.3795,12.7117,0.0016,0.0000,0,0,0.0000,0,0.0000,0,0,0,1969,0
92,8.0165,12.6821,0.0018,0.0000,0,0,0.0000,0,0.0000,0,0,0,15318,0
93,8.2820,12.6760,0.0015,0.0000,0,0,0.0000,0,0.0000,0,0,0,2391,0
94,7.9112,12.6313,0.0012,0.0000,0,0,0.0000,0,0.0000,0,0,0,3399,0
95,8.1690,12.6683,0.0014,0.0000,0,0,0.0000,0,0.0000,0,0,0,3392,0
96,7.7950,12.6693,0.0097,0.0000,0,0,0.0000,0,0.0000,0,0,0,50716,0
97,8.0699,12.6587,0.0012,0.0000,0,0,0.0000,0,0.0000,0,0,0,5978,0
98,7.7170,12.6528,0.0014,0.0000,0,0,0.0000,0,0.0000,0,0,0,3641,0
99,8.4214,12.7083,0.0013,0.0000,0,0,0.0000,0,0.0000,0,0,0,2600,0
100,7.9470,12.7782,0.0040,0.0000,0,0,0.0000,0,0.0000,0,0,0,16503,0
101,8.2528,12.7154,0.0013,0.0000,0,0,0.0000,0,0.0000,0,0,0,3661,0
102,7.8690,12.7573,0.0013,0.0000,0,0,0.0000,0,0.0000,0,0,0,3530,0
103,8.2530,12.7580,0.0014,0.0000,0,0,0.0000,0,0.0000,0,0,0,3436,0
104,7.9889,12.6783,0.0018,0.0000,0,0,0.0000,0,0.0000,0,0,0,15452,0
105,8.4894,12.7830,0.0013,0.0000,0,0,0.0000,0,0.0000,0,0,0,2587,0
106,8.3919,12.8653,0.0018,0.0000,0,0,0.0000,0,0.0000,0,0,0,2625,0
107,8.4838,12.8053,0.0010,0.0000,0,0,0.0000,0,0.0000,0,0,0,2891,0
108,8.8215,12.9682,0.0021,0.0000,0,0,0.0000,0,0.0000,0,0,0,14987,0
109,8.0200,12.7660,0.0009,0.0000,0,0,0.0000,0,0.0000,0,0,0,3255,0
110,8.4276,12.6755,0.0017,0.0000,0,0,0.0000,0,0.0000,0,0,0,4550,0
111,7.6948,12.6651,0.0010,0.0000,0,0,0.0000,0,0.0000,0,0,0,3121,0
112,8.1179,12.7664,0.0037,0.0000,0,0,0.0000,0,0.0000,0,0,0,17786,0
113,8.3315,12.7961,0.0014,0.0000,0,0,0.0000,0,0.0000,0,0,0,5592,0
114,8.5516,13.0011,0.0010,0.0000,0,0,0.0000,0,0.0000,0,0,0,3578,0
115,10.1376,12.7559,0.0016,0.0000,0,0,0.0000,0,0.0000,0,0,0,4149,0
116,8.1345,12.6508,0.0018,0.0000,0,0,0.0000,0,0.0000,0,0,0,17443,0
117,8.1811,12.6706,0.0011,0.0000,0,0,0.0000,0,0.0000,0,0,0,4132,0
118,8.1006,12.6811,0.0010,0.0000,0,0,0.0000,0,0.0000,0,0,0,3812,0
119,8.5183,12.6630,0.0013,0.0000,0,0,0.0000,0,0.0000,0,0,0,4416,0
120,8.1050,10.4026,0.0340,0.0000,0,0,0.0000,0,0.0000,0,1,0,228422,0
121,8.6060,12.8148,0.0071,0.0000,0,0,0.0000,0,0.0000,0,0,0,37811,0
122,7.8907,12.6335,0.0030,0.0000,0,0,0.0000,0,0.0000,0,0,0,24401,0
123,8.0177,12.6460,0.0018,0.0000,0,0,0.0000,0,0.0000,0,0,0,14293,0
124,8.0705,12.7800,0.0027,0.0000,0,0,0.0000,0,0.0000,0,0,0,22506,0
125,8.4549,12.6974,0.0016,0.0000,0,0,0.0000,0,0.0000,0,0,0,8358,0
126,7.9659,12.7059,0.0016,0.0000,0,0,0.0000,0,0.0000,0,0,0,8909,0
127,8.4518,12.7076,0.0017,0.0000,0,0,0.0000,0,0.0000,0,0,0,5960,0
128,8.2006,12.7001,0.0020,0.0000,0,0,0.0000,0,0.0000,0,0,0,14018,0
129,8.7405,12.7995,0.0018,0.0000,0,0,0.0000,0,0.0000,0,0,0,4192,0
130,7.5922,12.6606,0.0010,0.0000,0,0,0.0000,0,0.0000,0,0,0,3151,0
131,8.0545,13.2073,0.0012,0.0000,0,0,0.0000,0,0.0000,0,0,0,1712,0
132,8.2009,12.7076,0.0015,0.0000,0,0,0.0000,0,0.0000,0,0,0,13439,0
133,8.0441,12.8650,0.0022,0.0000,0,0,0.0000,0,0.0000,0,0,0,4061,0
134,8.2300,12.9684,0.0012,0.0000,0,0,0.0000,0,0.0000,0,0,0,1871,0
135,8.2749,12.7580,0.0012,0.0000,0,0,0.0000,0,0.0000,0,0,0,1745,0
136,8.6867,12.8675,0.0025,0.0000,0,0,0.0000,0,0.0000,0,0,0,14410,0
137,8.3459,12.9120,0.0017,0.0000,0,0,0.0000,0,0.0000,0,0,0,1518,0
138,8.0406,12.8086,0.0013,0.0000,0,0,0.0000,0,0.0000,0,0,0,1509,0
139,7.7368,12.6546,0.0011,0.0000,0,0,0.0000,0,0.0000,0,0,0,1681,0
140,7.9868,12.6520,0.0019,0.0000,0,0,0.0000,0,0.0000,0,0,0,13205,0
141,7.9085,12.6323,0.0014,0.0000,0,0,0.0000,0,0.0000,0,0,0,1958,0
142,7.7820,12.6356,0.0017,0.0000,0,0,0.0000,0,0.0000,0,0,0,2327,0
143,7.8117,12.6696,0.0018,0.0000,0,0,0.0000,0,0.0000,0,0,0,1709,0
144,7.8148,12.7965,0.0028,0.0000,0,0,0.0000,0,0.0000,0,0,0,16320,0
145,8.3940,12.7379,0.0013,0.0000,0,0,0.0000,0,0.0000,0,0,0,3628,0
146,8.0965,12.7132,0.0011,0.0000,0,0,0.0000,0,0.0000,0,0,0,1769,0
147,8.3428,12.7188,0.0013,0.0000,0,0,0.0000,0,0.0000,0,0,0,1906,0
148,8.2046,12.6586,0.0018,0.0000,0,0,0.0000,0,0.0000,0,0,0,16348,0
149,8.4037,12.6550,0.0012,0.0000,0,0,0.0000,0,0.0000,0,0,0,2627,0
150,8.1538,12.7623,0.0011,0.0000,0,0,0.0000,0,0.0000,0,0,0,2148,0
151,8.0909,12.7115,0.0011,0.0000,0,0,0.0000,0,0.0000,0,0,0,1920,0
152,8.1903,12.7355,0.0047,0.0000,0,0,0.0000,0,0.0000,0,0,0,15607,0
153,8.4539,12.6643,0.0015,0.0000,0,0,0.0000,0,0.0000,0,0,0,1765,0
154,8.0213,12.7831,0.0009,0.0000,0,0,0.0000,0,0.0000,0,0,0,1763,0
155,8.4100,12.7858,0.0013,0.0000,0,0,0.0000,0,0.0000,0,0,0,2750,0
156,8.1157,12.8095,0.0020,0.0000,0,0,0.0000,0,0.0000,0,0,0,14546,0
157,8.1263,12.9305,0.0011,0.0000,0,0,0.0000,0,0.0000,0,0,0,1881,0
158,7.7548,12.6834,0.0011,0.0000,0,0,0.0000,0,0.0000,0,0,0,2799,0
159,8.1542,12.6305,0.0015,0.0000,0,0,0.0000,0,0.0000,0,0,0,2677,0
160,8.0174,12.6484,0.0020,0.0000,0,0,0.0000,0,0.0000,0,0,0,13297,0
161,8.2240,12.6435,0.0011,0.0000,0,0,0.0000,0,0.0000,0,0,0,3932,0
162,8.6992,12.6497,0.0013,0.0000,0,0,0.0000,0,0.0000,0,0,0,2835,0
163,8.0894,12.6706,0.0011,0.0000,0,0,0.0000,0,0.0000,0,0,0,2626,0
164,8.2118,12.6933,0.0046,0.0000,0,0,0.0000,0,0.0000,0,0,0,16434,0
165,7.9402,12.7205,0.0008,0.0000,0,0,0.0000,0,0.0000,0,0,0,3287,0
166,8.0542,12.6442,0.0016,0.0000,0,0,0.0000,0,0.0000,0,0,0,4223,0
167,7.8110,12.6980,0.0012,0.0000,0,0,0.0000,0,0.0000,0,0,0,3973,0
168,8.2295,12.6952,0.0022,0.0000,0,0,0.0000,0,0.0000,0,0,0,15197,0
169,7.8223,12.7195,0.0010,0.0000,0,0,0.0000,0,0.0000,0,0,0,3150,0
170,7.9451,12.7292,0.0011,0.0000,0,0,0.0000,0,0.0000,0,0,0,2183,0
171,7.6638,12.6873,0.0011,0.0000,0,0,0.0000,0,0.0000,0,0,0,2850,0
172,8.2388,12.7973,0.0023,0.0000,0,0,0.0000,0,0.0000,0,0,0,14425,0
173,8.0464,12.8708,0.0020,0.0000,0,0,0.0000,0,0.0000,0,0,0,2570,0
174,9.6797,12.8038,0.0019,0.0000,0,0,0.0000,0,0.0000,0,0,0,5311,0
175,8.1582,12.8052,0.0015,0.0000,0,0,0.0000,0,0.0000,0,0,0,4089,0
176,7.9888,12.6369,0.0027,0.0000,0,0,0.0000,0,0.0000,0,0,0,17231,0
177,7.6693,12.6905,0.0020,0.0000,0,0,0.0000,0,0.0000,0,0,0,4980,0
178,7.9207,12.6628,0.0025,0.0000,0,0,0.0000,0,0.0000,0,0,0,3586,0
179,7.8165,12.9376,0.0022,0.0000,0,0,0.0000,0,0.0000,0,0,0,3747,0
180,8.1824,10.5557,0.0334,0.0000,0,0,0.0000,0,0.0000,0,1,0,275542,0
181,7.9258,12.7362,0.0088,0.0000,0,0,0.0000,0,0.0000,0,0,0,52035,0
182,7.9160,16.7827,0.0065,0.0000,0,0,0.0000,0,0.0000,0,0,0,45619,0
183,8.2688,16.8320,0.0032,0.0000,0,0,0.0000,0,0.0000,0,0,0,22993,0
184,8.2710,16.6735,0.0034,0.0000,0,0,0.0000,0,0.0000,0,0,0,32232,0
185,8.5587,16.9574,0.0020,0.0000,0,0,0.0000,0,0.0000,0,0,0,12138,0
186,8.2652,16.8863,0.0016,0.0000,0,0,0.0000,0,0.0000,0,0,0,8731,0
187,8.5192,16.7715,0.0014,0.0000,0,0,0.0000,0,0.0000,0,0,0,5883,0
188,7.4912,17.4211,0.0025,0.0000,0,0,0.0000,0,0.0000,0,0,0,17978,0
189,7.9194,16.8585,0.0033,0.0000,0,0,0.0000,0,0.0000,0,0,0,2865,0
190,7.6827,16.9747,0.0029,0.0000,0,0,0.0000,0,0.0000,0,0,0,4772,0
191,7.1948,16.1002,0.0013,0.0000,0,0,0.0000,0,0.0000,0,0,0,3914,0
192,7.9597,14.2952,0.0034,0.0000,0,0,0.0000,0,0.0000,0,0,0,50573,0
193,7.9625,16.5975,0.0017,0.0000,0,0,0.0000,0,0.0000,0,0,0,6293,0
194,8.1174,16.7465,0.0015,0.0000,0,0,0.0000,0,0.0000,0,0,0,3478,0
195,8.9655,16.6948,0.0013,0.0000,0,0,0.0000,0,0.0000,0,0,0,1623,0
196,8.8793,16.6783,0.0019,0.0000,0,0,0.0000,0,0.0000,0,0,0,15808,0
197,8.4771,17.2039,0.0013,0.0000,0,0,0.0000,0,0.0000,0,0,0,2392,0
198,8.2327,17.0610,0.0015,0.0000,0,0,0.0000,0,0.0000,0,0,0,2335,0
199,7.9039,16.8774,0.0011,0.0000,0,0,0.0000,0,0.0000,0,0,0,2504,0
200,7.7293,16.8440,0.0020,0.0000,0,0,0.0000,0,0.0000,0,0,0,14755,0
201,8.2226,16.8040,0.0015,0.0000,0,0,0.0000,0,0.0000,0,0,0,2158,0
202,8.5088,17.0448,0.0012,0.0000,0,0,0.0000,0,0.0000,0,0,0,1890,0
203,8.0412,16.9852,0.0015,0.0000,0,0,0.0000,0,0.0000,0,0,0,1828,0
204,7.9629,16.8930,0.0043,0.0000,0,0,0.0000,0,0.0000,0,0,0,14431,0
205,8.1556,17.0181,0.0022,0.0000,0,0,0.0000,0,0.0000,0,0,0,2686,0
206,8.1285,16.8215,0.0017,0.0000,0,0,0.0000,0,0.0000,0,0,0,3250,0
207,8.2291,16.6891,0.0012,0.0000,0,0,0.0000,0,0.0000,0,0,0,1992,0
208,8.5359,16.8660,0.0027,0.0000,0,0,0.0000,0,0.0000,0,0,0,16935,0
209,7.9120,17.1273,0.0014,0.0000,0,0,0.0000,0,0.0000,0,0,0,5211,0
210,8.3601,16.8354,0.0017,0.0000,0,0,0.0000,0,0.0000,0,0,0,2312,0
211,7.9647,17.0652,0.0011,0.0000,0,0,0.0000,0,0.0000,0,0,0,2509,0
212,8.1201,17.0015,0.0047,0.0000,0,0,0.0000,0,0.0000,0,0,0,16247,0
213,8.5262,16.7938,0.0035,0.0000,0,0,0.0000,0,0.0000,0,0,0,2783,0
214,8.4843,17.0878,0.0017,0.0000,0,0,0.0000,0,0.0000,0,0,0,2430,0
215,7.9627,17.1690,0.0014,0.0000,0,0,0.0000,0,0.0000,0,0,0,2608,0
216,8.1956,16.9059,0.0027,0.0000,0,0,0.0000,0,0.0000,0,0,0,16323,0
217,8.8131,16.7905,0.0017,0.0000,0,0,0.0000,0,0.0000,0,0,0,2181,0
218,8.9080,16.9305,0.0012,0.0000,0,0,0.0000,0,0.0000,0,0,0,2314,0
219,9.4768,17.1185,0.0013,0.0000,0,0,0.0000,0,0.0000,0,0,0,2479,0
220,7.8524,19.2267,0.0022,0.0000,0,0,0.0000,0,0.0000,0,0,0,15792,0
221,8.6422,16.7489,0.0014,0.0000,0,0,0.0000,0,0.0000,0,0,0,2860,0
222,8.4001,18.0119,0.0015,0.0000,0,0,0.0000,0,0.0000,0,0,0,4511,0
223,8.7532,16.7453,0.0016,0.0000,0,0,0.0000,0,0.0000,0,0,0,4535,0
224,7.8430,17.8238,0.0032,0.0000,0,0,0.0000,0,0.0000,0,0,0,15566,0
225,8.4505,16.7330,0.0022,0.0000,0,0,0.0000,0,0.0000,0,0,0,5841,0
226,8.0273,17.4506,0.0026,0.0000,0,0,0.0000,0,0.0000,0,0,0,4688,0
227,8.0339,16.9565,0.0015,0.0000,0,0,0.0000,0,0.0000,0,0,0,3481,0
228,7.5998,17.3017,0.0025,0.0000,0,0,0.0000,0,0.0000,0,0,0,17038,0
229,8.1430,16.8433,0.0019,0.0000,0,0,0.0000,0,0.0000,0,0,0,4163,0
230,8.6090,17.3828,0.0020,0.0000,0,0,0.0000,0,0.0000,0,0,0,3950,0
231,8.5954,17.0512,0.0015,0.0000,0,0,0.0000,0,0.0000,0,0,0,4322,0
232,8.3953,16.8326,0.0032,0.0000,0,0,0.0000,0,0.0000,0,0,0,16075,0
233,8.6950,17.0197,0.0013,0.0000,0,0,0.0000,0,0.0000,0,0,0,3020,0
234,8.2755,17.1834,0.0015,0.0000,0,0,0.0000,0,0.0000,0,0,0,3117,0
235,9.2329,16.8060,0.0013,0.0000,0,0,0.0000,0,0.0000,0,0,0,3413,0
236,8.9223,17.6111,0.0020,0.0000,0,0,0.0000,0,0.0000,0,0,0,15550,0
237,8.4910,17.0248,0.0016,0.0000,0,0,0.0000,0,0.0000,0,0,0,3923,0
238,7.9743,17.1824,0.0028,0.0000,0,0,0.0000,0,0.0000,0,0,0,6308,0
239,8.2657,16.9896,0.0012,0.0000,0,0,0.0000,0,0.0000,0,0,0,5170,0
240,8.0253,14.1654,0.0285,0.0000,0,0,0.0000,0,0.0000,0,1,0,206878,0
241,8.2528,17.0900,0.0066,0.0000,0,0,0.0000,0,0.0000,0,0,0,42191,0
242,8.0885,17.0105,0.0034,0.0000,0,0,0.0000,0,0.0000,0,0,0,27874,0
243,8.2798,17.0949,0.0025,0.0000,0,0,0.0000,0,0.0000,0,0,0,16471,0
244,8.1163,17.0963,0.0030,0.0000,0,0,0.0000,0,0.0000,0,0,0,26185,0
245,8.3334,17.0067,0.0020,0.0000,0,0,0.0000,0,0.0000,0,0,0,7259,0
246,8.1367,17.0555,0.0014,0.0000,0,0,0.0000,0,0.0000,0,0,0,4665,0
247,8.4853,16.9086,0.0013,0.0000,0,0,0.0000,0,0.0000,0,0,0,2039,0
248,8.2017,17.0511,0.0065,0.0000,0,0,0.0000,0,0.0000,0,0,0,14458,0
249,8.1273,16.9806,0.0026,0.0000,0,0,0.0000,0,0.0000,0,0,0,1652,0
250,7.6853,17.0829,0.0022,0.0000,0,0,0.0000,0,0.0000,0,0,0,1666,0
251,7.6438,16.7359,0.0020,0.0000,0,0,0.0000,0,0.0000,0,0,0,1718,0
252,7.8199,16.7395,0.0028,0.0000,0,0,0.0000,0,0.0000,0,0,0,14118,0
253,7.6903,16.8050,0.0014,0.0000,0,0,0.0000,0,0.0000,0,0,0,1995,0
254,7.8143,16.6615,0.0015,0.0000,0,0,0.0000,0,0.0000,0,0,0,3209,0
255,8.3735,16.6377,0.0012,0.0000,0,0,0.0000,0,0.0000,0,0,0,2697,0
256,8.6807,16.6820,0.0036,0.0000,0,0,0.0000,0,0.0000,0,0,0,45318,0
257,8.2286,16.7140,0.0013,0.0000,0,0,0.0000,0,0.0000,0,0,0,2887,0
258,9.0762,16.7320,0.0016,0.0000,0,0,0.0000,0,0.0000,0,0,0,2211,0
259,8.0745,17.7365,0.0011,0.0000,0,0,0.0000,0,0.0000,0,0,0,1556,0
260,8.4644,16.9852,0.0022,0.0000,0,0,0.0000,0,0.0000,0,0,0,13198,0
261,7.5904,17.9972,0.0019,0.0000,0,0,0.0000,0,0.0000,0,0,0,3976,0
262,7.7763,17.0002,0.0015,0.0000,0,0,0.0000,0,0.0000,0,0,0,1636,0
263,7.7955,17.1202,0.0020,0.0000,0,0,0.0000,0,0.0000,0,0,0,1635,0
264,7.8155,16.7005,0.0026,0.0000,0,0,0.0000,0,0.0000,0,0,0,14313,0
265,7.9206,16.8257,0.0016,0.0000,0,0,0.0000,0,0.0000,0,0,0,1539,0
266,7.6898,16.6100,0.0009,0.0000,0,0,0.0000,0,0.0000,0,0,0,1540,0
267,7.7437,16.5843,0.0012,0.0000,0,0,0.0000,0,0.0000,0,0,0,1665,0
268,7.7803,16.6613,0.0018,0.0000,0,0,0.0000,0,0.0000,0,0,0,14232,0
269,7.5732,16.8837,0.0013,0.0000,0,0,0.0000,0,0.0000,0,0,0,1629,0
270,7.8032,16.7774,0.0023,0.0000,0,0,0.0000,0,0.0000,0,0,0,2040,0
271,8.7342,16.8314,0.0020,0.0000,0,0,0.0000,0,0.0000,0,0,0,1680,0
272,8.2980,17.0629,0.0023,0.0000,0,0,0.0000,0,0.0000,0,0,0,16160,0
273,8.4462,16.8674,0.0017,0.0000,0,0,0.0000,0,0.0000,0,0,0,5110,0
274,7.8943,17.2095,0.0011,0.0000,0,0,0.0000,0,0.0000,0,0,0,1972,0
275,8.2250,16.6773,0.0017,0.0000,0,0,0.0000,0,0.0000,0,0,0,1657,0
276,7.5082,17.2790,0.0021,0.0000,0,0,0.0000,0,0.0000,0,0,0,15450,0
277,8.2253,16.7544,0.0014,0.0000,0,0,0.0000,0,0.0000,0,0,0,1721,0
278,7.7780,17.3632,0.0013,0.0000,0,0,0.0000,0,0.0000,0,0,0,1661,0
279,8.6606,16.7702,0.0010,0.0000,0,0,0.0000,0,0.0000,0,0,0,1725,0
280,8.4241,17.2638,0.0022,0.0000,0,0,0.0000,0,0.0000,0,0,0,15934,0
281,8.1197,16.8129,0.0012,0.0000,0,0,0.0000,0,0.0000,0,0,0,1787,0
282,8.7345,16.7591,0.0013,0.0000,0,0,0.0000,0,0.0000,0,0,0,1616,0
283,9.2408,17.1860,0.0011,0.0000,0,0,0.0000,0,0.0000,0,0,0,1629,0
284,9.0916,17.1656,0.0020,0.0000,0,0,0.0000,0,0.0000,0,0,0,15323,0
285,8.6993,16.8886,0.0015,0.0000,0,0,0.0000,0,0.0000,0,0,0,1784,0
286,8.7687,16.9342,0.0020,0.0000,0,0,0.0000,0,0.0000,0,0,0,3672,0
287,7.8611,17.4254,0.0017,0.0000,0,0,0.0000,0,0.0000,0,0,0,3744,0
288,8.1394,17.1343,0.0021,0.0000,0,0,0.0000,0,0.0000,0,0,0,14578,0
289,8.1309,17.1915,0.0023,0.0000,0,0,0.0000,0,0.0000,0,0,0,4300,0
290,8.5530,16.7728,0.0020,0.0000,0,0,0.0000,0,0.0000,0,0,0,2510,0
291,9.0753,16.7322,0.0010,0.0000,0,0,0.0000,0,0.0000,0,0,0,1848,0
292,8.1053,17.2422,0.0030,0.0000,0,0,0.0000,0,0.0000,0,0,0,15856,0
293,8.5276,16.8125,0.0017,0.0000,0,0,0.0000,0,0.0000,0,0,0,3608,0
294,8.0456,17.4290,0.0015,0.0000,0,0,0.0000,0,0.0000,0,0,0,4132,0
295,7.7958,16.8671,0.0014,0.0000,0,0,0.0000,0,0.0000,0,0,0,2161,0
296,7.8516,16.6833,0.0026,0.0000,0,0,0.0000,0,0.0000,0,0,0,14839,0
297,7.6469,16.6293,0.0011,0.0000,0,0,0.0000,0,0.0000,0,0,0,1818,0
298,7.5200,16.6639,0.0013,0.0000,0,0,0.0000,0,0.0000,0,0,0,1860,0
299,7.8212,16.6139,0.0013,0.0000,0,0,0.0000,0,0.0000,0,0,0,1859,0
300,7.6844,13.5415,0.0275,0.0000,0,0,0.0000,0,0.0000,0,1,0,242922,0
301,7.9163,16.9780,0.0073,0.0000,0,0,0.0000,0,0.0000,0,0,0,41927,0
302,7.4454,17.0003,0.0028,0.0000,0,0,0.0000,0,0.0000,0,0,0,39880,0
303,7.9328,16.7056,0.0022,0.0000,0,0,0.0000,0,0.0000,0,0,0,11373,0
304,8.5350,16.8912,0.0050,0.0000,0,0,0.0000,0,0.0000,0,0,0,28520,0
305,7.4971,17.4709,0.0020,0.0000,0,0,0.0000,0,0.0000,0,0,0,10371,0
306,7.7179,16.8352,0.0017,0.0000,0,0,0.0000,0,0.0000,0,0,0,8950,0
307,8.2603,16.9967,0.0019,0.0000,0,0,0.0000,0,0.0000,0,0,0,6626,0
308,8.2995,16.7397,0.0029,0.0000,0,0,0.0000,0,0.0000,0,0,0,21309,0
309,8.5047,16.9948,0.0012,0.0000,0,0,0.0000,0,0.0000,0,0,0,3546,0
310,7.9879,17.1068,0.0012,0.0000,0,0,0.0000,0,0.0000,0,0,0,2947,0
311,8.1161,16.6708,0.0014,0.0000,0,0,0.0000,0,0.0000,0,0,0,2972,0
312,8.1575,17.2904,0.0020,0.0000,0,0,0.0000,0,0.0000,0,0,0,15344,0
313,8.1009,16.9151,0.0012,0.0000,0,0,0.0000,0,0.0000,0,0,0,2395,0
314,8.3108,17.1278,0.0013,0.0000,0,0,0.0000,0,0.0000,0,0,0,2350,0
315,8.1713,17.1388,0.0015,0.0000,0,0,0.0000,0,0.0000,0,0,0,2477,0
316,9.4053,16.7169,0.0020,0.0000,0,0,0.0000,0,0.0000,0,0,0,14675,0
317,8.3296,18.0973,0.0015,0.0000,0,0,0.0000,0,0.0000,0,0,0,2321,0
318,8.4771,16.9616,0.0010,0.0000,0,0,0.0000,0,0.0000,0,0,0,3112,0
319,8.3965,17.0578,0.0017,0.0000,0,0,0.0000,0,0.0000,0,0,0,2849,0
320,8.4652,16.7800,0.0030,0.0000,0,0,0.0000,0,0.0000,0,0,0,12720,0
321,9.7320,16.7237,0.0012,0.0000,0,0,0.0000,0,0.0000,0,0,0,2848,0
322,8.5866,17.9318,0.0018,0.0000,0,0,0.0000,0,0.0000,0,0,0,2401,0
323,8.5655,16.8513,0.0016,0.0000,0,0,0.0000,0,0.0000,0,0,0,1543,0
324,7.7298,17.6176,0.0023,0.0000,0,0,0.0000,0,0.0000,0,0,0,13438,0
325,8.1145,17.0132,0.0018,0.0000,0,0,0.0000,0,0.0000,0,0,0,3923,0
326,8.0626,17.1651,0.0042,0.0000,0,0,0.0000,0,0.0000,0,0,0,1651,0
327,7.9763,17.1323,0.0016,0.0000,0,0,0.0000,0,0.0000,0,0,0,1583,0
328,7.8680,16.9185,0.0023,0.0000,0,0,0.0000,0,0.0000,0,0,0,13537,0
329,8.5461,16.9823,0.0014,0.0000,0,0,0.0000,0,0.0000,0,0,0,1617,0
330,8.4560,17.2095,0.0020,0.0000,0,0,0.0000,0,0.0000,0,0,0,1594,0
331,8.5313,16.8212,0.0020,0.0000,0,0,0.0000,0,0.0000,0,0,0,1634,0
332,8.4573,17.0600,0.0037,0.0000,0,0,0.0000,0,0.0000,0,0,0,14256,0
333,8.3010,16.8612,0.0019,0.0000,0,0,0.0000,0,0.0000,0,0,0,2034,0
334,8.1679,17.2149,0.0017,0.0000,0,0,0.0000,0,0.0000,0,0,0,2998,0
335,7.9146,17.0579,0.0013,0.0000,0,0,0.0000,0,0.0000,0,0,0,1939,0
336,8.0858,16.9831,0.0027,0.0000,0,0,0.0000,0,0.0000,0,0,0,16075,0
337,8.3895,16.8821,0.0022,0.0000,0,0,0.0000,0,0.0000,0,0,0,5028,0
338,7.9108,16.9382,0.0012,0.0000,0,0,0.0000,0,0.0000,0,0,0,1778,0
339,8.4589,16.8392,0.0015,0.0000,0,0,0.0000,0,0.0000,0,0,0,1961,0
340,7.9701,17.0639,0.0018,0.0000,0,0,0.0000,0,0.0000,0,0,0,16018,0
341,8.4623,16.7443,0.0011,0.0000,0,0,0.0000,0,0.0000,0,0,0,1867,0
342,7.9008,17.2219,0.0011,0.0000,0,0,0.0000,0,0.0000,0,0,0,1933,0
343,8.0975,16.9807,0.0014,0.0000,0,0,0.0000,0,0.0000,0,0,0,1999,0
344,8.6236,17.2055,0.0022,0.0000,0,0,0.0000,0,0.0000,0,0,0,15800,0
345,8.7671,16.8222,0.0014,0.0000,0,0,0.0000,0,0.0000,0,0,0,1648,0
346,8.4137,17.4569,0.0012,0.0000,0,0,0.0000,0,0.0000,0,0,0,1620,0
347,8.2366,17.2360,0.0016,0.0000,0,0,0.0000,0,0.0000,0,0,0,1732,0
348,8.3984,16.7562,0.0025,0.0000,0,0,0.0000,0,0.0000,0,0,0,14974,0
349,7.8001,17.2480,0.0010,0.0000,0,0,0.0000,0,0.0000,0,0,0,1766,0
350,8.1949,16.9989,0.0010,0.0000,0,0,0.0000,0,0.0000,0,0,0,2425,0
351,8.1855,17.0917,0.0010,0.0000,0,0,0.0000,0,0.0000,0,0,0,2783,0
352,7.8877,16.6980,0.0076,0.0000,0,0,0.0000,0,0.0000,0,0,0,49966,0
353,8.5576,16.7289,0.0013,0.0000,0,0,0.0000,0,0.0000,0,0,0,5402,0
354,7.7438,17.2196,0.0012,0.0000,0,0,0.0000,0,0.0000,0,0,0,2850,0
355,8.4157,16.9355,0.0010,0.0000,0,0,0.0000,0,0.0000,0,0,0,2154,0
356,8.5433,17.1904,0.0021,0.0000,0,0,0.0000,0,0.0000,0,0,0,16215,0
357,7.7860,17.0917,0.0015,0.0000,0,0,0.0000,0,0.0000,0,0,0,3869,0
358,8.1788,16.9384,0.0013,0.0000,0,0,0.0000,0,0.0000,0,0,0,3673,0
359,7.8821,17.0563,0.0011,0.0000,0,0,0.0000,0,0.0000,0,0,0,3166,0
360,8.0659,13.9001,0.0242,0.0000,0,0,0.0000,0,0.0000,0,1,0,223143,0
361,7.9553,16.7079,0.0067,0.0000,0,0,0.0000,0,0.0000,0,0,0,43052,0
362,8.5105,16.7790,0.0051,0.0000,0,0,0.0000,0,0.0000,0,0,0,28457,0
363,8.1016,17.0749,0.0021,0.0000,0,0,0.0000,0,0.0000,0,0,0,15639,0
364,7.9836,16.7346,0.0033,0.0000,0,0,0.0000,0,0.0000,0,0,0,23867,0
365,8.0373,16.7039,0.0030,0.0000,0,0,0.0000,0,0.0000,0,0,0,11201,0
366,8.1994,17.2167,0.0021,0.0000,0,0,0.0000,0,0.0000,0,0,0,12029,0
367,8.0699,17.0526,0.0015,0.0000,0,0,0.0000,0,0.0000,0,0,0,3964,0
368,9.9930,16.9088,0.0024,0.0000,0,0,0.0000,0,0.0000,0,0,0,21017,0
369,7.7475,19.9689,0.0018,0.0000,0,0,0.0000,0,0.0000,0,0,0,5317,0
370,9.4430,17.0678,0.0013,0.0000,0,0,0.0000,0,0.0000,0,0,0,3870,0
371,7.9939,20.1127,0.0014,0.0000,0,0,0.0000,0,0.0000,0,0,0,3678,0
372,8.6439,17.1444,0.0020,0.0000,0,0,0.0000,0,0.0000,0,0,0,15880,0
373,8.3123,18.2190,0.0015,0.0000,0,0,0.0000,0,0.0000,0,0,0,3151,0
374,9.4801,16.8902,0.0011,0.0000,0,0,0.0000,0,0.0000,0,0,0,2798,0
375,8.0353,18.7865,0.0010,0.0000,0,0,0.0000,0,0.0000,0,0,0,2394,0
376,9.4395,16.8499,0.0019,0.0000,0,0,0.0000,0,0.0000,0,0,0,15525,0
377,7.5243,19.5520,0.0013,0.0000,0,0,0.0000,0,0.0000,0,0,0,1946,0
378,8.9481,16.9305,0.0010,0.0000,0,0,0.0000,0,0.0000,0,0,0,1989,0
379,7.9600,19.0371,0.0016,0.0000,0,0,0.0000,0,0.0000,0,0,0,2078,0
380,8.8333,16.8389,0.0021,0.0000,0,0,0.0000,0,0.0000,0,0,0,14988,0
381,8.3509,17.9331,0.0013,0.0000,0,0,0.0000,0,0.0000,0,0,0,2038,0
382,9.1005,16.7551,0.0020,0.0000,0,0,0.0000,0,0.0000,0,0,0,3107,0
383,7.8569,18.2991,0.0013,0.0000,0,0,0.0000,0,0.0000,0,0,0,2699,0
384,9.8318,16.7802,0.0022,0.0000,0,0,0.0000,0,0.0000,0,0,0,13113,0
385,7.5035,20.1612,0.0018,0.0000,0,0,0.0000,0,0.0000,0,0,0,3279,0
386,7.8536,17.2237,0.0020,0.0000,0,0,0.0000,0,0.0000,0,0,0,2441,0
387,7.7985,17.9347,0.0016,0.0000,0,0,0.0000,0,0.0000,0,0,0,1735,0
388,7.8694,16.7992,0.0029,0.0000,0,0,0.0000,0,0.0000,0,0,0,15490,0
389,7.9128,16.6855,0.0014,0.0000,0,0,0.0000,0,0.0000,0,0,0,3058,0
390,7.7186,16.8054,0.0023,0.0000,0,0,0.0000,0,0.0000,0,0,0,2363,0
391,7.9295,16.7416,0.0025,0.0000,0,0,0.0000,0,0.0000,0,0,0,2413,0
392,7.9088,233.5270,0.0053,0.0000,0,0,0.0000,0,0.0000,0,0,0,14535,0
393,8.6356,16.0800,0.0204,0.0000,0,0,0.0000,0,0.0000,0,1,0,122591,0
394,8.3494,22.4599,0.0033,0.0000,0,0,0.0000,0,0.0000,0,0,0,12991,0
395,8.4038,25.6498,0.0035,0.0000,0,0,0.0000,0,0.0000,0,0,0,15496,0
396,10.3571,26.9313,0.0090,0.0000,0,0,0.0000,0,0.0000,0,0,0,33816,0
397,11.2935,27.1045,0.0061,0.0000,0,0,0.0000,0,0.0000,0,0,0,32418,0
398,9.8285,28.9025,0.0039,0.0000,0,0,0.0000,0,0.0000,0,0,0,25951,0
399,8.7618,31.7433,0.0063,0.0000,0,0,0.0000,0,0.0000,0,0,0,14505,0
400,7.9767,35.4240,0.0077,0.0000,0,0,0.0000,0,0.0000,0,0,0,24878,0
401,7.3965,39.7400,0.0035,0.0000,0,0,0.0000,0,0.0000,0,0,0,8605,0
402,7.0348,44.3863,0.0021,0.0000,0,0,0.0000,0,0.0000,0,0,0,6618,0
403,6.6534,49.5110,0.0019,0.0000,0,0,0.0000,0,0.0000,0,0,0,5260,0
404,6.5750,54.5775,0.0026,0.0000,0,0,0.0000,0,0.0000,0,0,0,15224,0
405,6.6340,59.6216,0.0019,0.0000,0,0,0.0000,0,0.0000,0,0,0,2462,0
406,6.5705,64.6863,0.0017,0.0000,0,0,0.0000,0,0.0000,0,0,0,2264,0
407,6.5632,69.7746,0.0018,0.0000,0,0,0.0000,0,0.0000,0,0,0,2202,0
408,6.4247,75.1117,0.0022,0.0000,0,0,0.0000,0,0.0000,0,0,0,14299,0
409,6.5020,77.8490,0.0016,0.0000,0,0,0.0000,0,0.0000,0,0,0,1547,0
410,7.0308,77.1753,0.0030,0.0000,0,0,0.0000,0,0.0000,0,0,0,1583,0
411,7.0388,77.2444,0.0023,0.0000,0,0,0.0000,0,0.0000,0,0,0,1608,0
412,7.2139,77.0222,0.0028,0.0000,0,0,0.0000,0,0.0000,0,0,0,13950,0
413,7.4279,76.8952,0.0023,0.0000,0,0,0.0000,0,0.0000,0,0,0,1792,0
414,7.3154,77.0249,0.0018,0.0000,0,0,0.0000,0,0.0000,0,0,0,2109,0
415,7.4038,76.7858,0.0023,0.0000,0,0,0.0000,0,0.0000,0,0,0,2036,0
416,7.7110,76.4151,0.0023,0.0000,0,0,0.0000,0,0.0000,0,0,0,12043,0
417,7.4504,76.7218,0.0015,0.0000,0,0,0.0000,0,0.0000,0,0,0,2446,0
418,7.4353,76.8563,0.0013,0.0000,0,0,0.0000,0,0.0000,0,0,0,1822,0
419,7.4329,76.8854,0.0010,0.0000,0,0,0.0000,0,0.0000,0,0,0,1543,0
420,7.4085,76.9255,0.0017,0.0000,0,0,0.0000,0,0.0000,0,0,0,13412,0
421,8.0058,76.3235,0.0012,0.0000,0,0,0.0000,0,0.0000,0,0,0,3811,0
422,7.3007,76.9755,0.0010,0.0000,0,0,0.0000,0,0.0000,0,0,0,1685,0
423,7.4321,76.9915,0.0010,0.0000,0,0,0.0000,0,0.0000,0,0,0,1665,0
424,7.5671,76.6159,0.0020,0.0000,0,0,0.0000,0,0.0000,0,0,0,14346,0
425,7.3718,76.8558,0.0011,0.0000,0,0,0.0000,0,0.0000,0,0,0,1567,0
426,7.3716,76.9129,0.0008,0.0000,0,0,0.0000,0,0.0000,0,0,0,1589,0
427,7.2900,77.0070,0.0010,0.0000,0,0,0.0000,0,0.0000,0,0,0,1604,0
428,7.3370,76.9564,0.0019,0.0000,0,0,0.0000,0,0.0000,0,0,0,13283,0
429,7.3845,76.8952,0.0010,0.0000,0,0,0.0000,0,0.0000,0,0,0,1734,0
430,7.3005,77.0643,0.0010,0.0000,0,0,0.0000,0,0.0000,0,0,0,1885,0
431,7.6683,71.8880,0.0010,0.0000,0,0,0.0000,0,0.0000,0,0,0,1664,0
432,7.9920,64.9937,0.0023,0.0000,0,0,0.0000,0,0.0000,0,0,0,16168,0
433,7.7752,61.7536,0.0008,0.0000,0,0,0.0000,0,0.0000,0,0,0,2491,0
434,7.8948,56.4012,0.0008,0.0000,0,0,0.0000,0,0.0000,0,0,0,1680,0
435,7.7088,52.4261,0.0013,0.0000,0,0,0.0000,0,0.0000,0,0,0,1670,0
436,7.7898,47.5103,0.0018,0.0000,0,0,0.0000,0,0.0000,0,0,0,15973,0
437,7.7719,43.1270,0.0009,0.0000,0,0,0.0000,0,0.0000,0,0,0,1675,0
438,7.6385,39.7493,0.0011,0.0000,0,0,0.0000,0,0.0000,0,0,0,1697,0
439,7.6465,35.1299,0.0008,0.0000,0,0,0.0000,0,0.0000,0,0,0,1658,0
440,7.8054,30.9769,0.0021,0.0000,0,0,0.0000,0,0.0000,0,0,0,15817,0
441,7.8260,30.4764,0.0015,0.0000,0,0,0.0000,0,0.0000,0,0,0,1607,0
442,7.6953,29.9635,0.0012,0.0000,0,0,0.0000,0,0.0000,0,0,0,1645,0
443,7.7973,29.2239,0.0010,0.0000,0,0,0.0000,0,0.0000,0,0,0,1611,0
444,7.7830,28.7179,0.0025,0.0000,0,0,0.0000,0,0.0000,0,0,0,14724,0
445,7.8325,28.0910,0.0020,0.0000,0,0,0.0000,0,0.0000,0,0,0,1685,0
446,7.7953,27.4908,0.0014,0.0000,0,0,0.0000,0,0.0000,0,0,0,2115,0
447,7.9139,26.7660,0.0016,0.0000,0,0,0.0000,0,0.0000,0,0,0,3930,0
448,7.9241,26.2955,0.0106,0.0000,0,0,0.0000,0,0.0000,0,0,0,51740,0
449,7.8207,25.7054,0.0024,0.0000,0,0,0.0000,0,0.0000,0,0,0,7679,0
450,7.8900,25.0968,0.0024,0.0000,0,0,0.0000,0,0.0000,0,0,0,3603,0
451,7.7449,24.6869,0.0019,0.0000,0,0,0.0000,0,0.0000,0,0,0,2171,0
452,7.7360,23.9907,0.0035,0.0000,0,0,0.0000,0,0.0000,0,0,0,16005,0
453,8.3630,17.7103,0.0495,0.0000,0,0,0.0000,0,0.0000,0,1,0,238445,0
454,12.2937,12.8680,0.0130,0.0000,0,0,0.0000,0,0.0000,0,0,0,38626,0
455,8.9369,12.8317,0.0033,0.0000,0,0,0.0000,0,0.0000,0,0,0,41460,0
456,7.7726,13.0106,0.0041,0.0000,0,0,0.0000,0,0.0000,0,0,0,49092,0
457,7.7499,14.8484,0.0050,0.0000,0,0,0.0000,0,0.0000,0,0,0,24374,0
458,8.2792,14.4412,0.0023,0.0000,0,0,0.0000,0,0.0000,0,0,0,13008,0
459,7.8357,14.7044,0.0019,0.0000,0,0,0.0000,0,0.0000,0,0,0,8508,0
460,8.1165,14.5057,0.0024,0.0000,0,0,0.0000,0,0.0000,0,0,0,18886,0
461,7.8637,16.4699,0.0015,0.0000,0,0,0.0000,0,0.0000,0,0,0,6546,0
462,7.8535,16.6665,0.0024,0.0000,0,0,0.0000,0,0.0000,0,0,0,6900,0
463,7.9428,16.6182,0.0012,0.0000,0,0,0.0000,0,0.0000,0,0,0,1975,0
464,8.4558,16.7214,0.0030,0.0000,0,0,0.0000,0,0.0000,0,0,0,17039,0
465,7.7977,17.0963,0.0018,0.0000,0,0,0.0000,0,0.0000,0,0,0,5363,0
466,7.7665,16.8051,0.0013,0.0000,0,0,0.0000,0,0.0000,0,0,0,2840,0
467,7.7948,16.6912,0.0016,0.0000,0,0,0.0000,0,0.0000,0,0,0,2951,0
468,8.0655,16.9518,0.0032,0.0000,0,0,0.0000,0,0.0000,0,0,0,16095,0
469,7.7640,16.9525,0.0016,0.0000,0,0,0.0000,0,0.0000,0,0,0,3068,0
470,7.6714,18.4703,0.0011,0.0000,0,0,0.0000,0,0.0000,0,0,0,2691,0
471,8.1797,16.7700,0.0013,0.0000,0,0,0.0000,0,0.0000,0,0,0,2913,0
472,7.8663,18.4175,0.0022,0.0000,0,0,0.0000,0,0.0000,0,0,0,16399,0
473,8.6876,16.8741,0.0012,0.0000,0,0,0.0000,0,0.0000,0,0,0,2272,0
474,8.0895,18.1660,0.0010,0.0000,0,0,0.0000,0,0.0000,0,0,0,2216,0
475,8.1355,16.8600,0.0013,0.0000,0,0,0.0000,0,0.0000,0,0,0,2332,0
476,8.0280,17.0790,0.0025,0.0000,0,0,0.0000,0,0.0000,0,0,0,15618,0
477,8.2889,16.7997,0.0014,0.0000,0,0,0.0000,0,0.0000,0,0,0,2513,0
478,8.4338,16.7124,0.0013,0.0000,0,0,0.0000,0,0.0000,0,0,0,4236,0
479,7.9365,16.7576,0.0026,0.0000,0,0,0.0000,0,0.0000,0,0,0,3618,0
480,7.8648,16.9557,0.0026,0.0000,0,0,0.0000,0,0.0000,0,0,0,15182,0
481,7.8896,16.8122,0.0016,0.0000,0,0,0.0000,0,0.0000,0,0,0,4847,0
482,8.1996,16.7274,0.0014,0.0000,0,0,0.0000,0,0.0000,0,0,0,3624,0
483,7.8578,16.7829,0.0015,0.0000,0,0,0.0000,0,0.0000,0,0,0,2839,0
484,7.5989,16.8901,0.0024,0.0000,0,0,0.0000,0,0.0000,0,0,0,16757,0
485,8.4693,16.7007,0.0015,0.0000,0,0,0.0000,0,0.0000,0,0,0,3765,0
486,8.5531,17.0821,0.0022,0.0000,0,0,0.0000,0,0.0000,0,0,0,3737,0
487,8.5918,16.7907,0.0015,0.0000,0,0,0.0000,0,0.0000,0,0,0,3741,0
488,8.5295,16.8878,0.0024,0.0000,0,0,0.0000,0,0.0000,0,0,0,15516,0
489,8.3304,16.9494,0.0016,0.0000,0,0,0.0000,0,0.0000,0,0,0,2704,0
490,8.1059,16.9984,0.0026,0.0000,0,0,0.0000,0,0.0000,0,0,0,2689,0
491,7.8879,16.8798,0.0025,0.0000,0,0,0.0000,0,0.0000,0,0,0,2806,0
492,8.0134,16.7280,0.0026,0.0000,0,0,0.0000,0,0.0000,0,0,0,14999,0
493,7.8819,17.2211,0.0013,0.0000,0,0,0.0000,0,0.0000,0,0,0,3594,0
494,7.5928,17.0437,0.0018,0.0000,0,0,0.0000,0,0.0000,0,0,0,5544,0
495,7.9298,16.9726,0.0017,0.0000,0,0,0.0000,0,0.0000,0,0,0,4387,0
496,7.7110,17.1369,0.0032,0.0000,0,0,0.0000,0,0.0000,0,0,0,19059,0
497,8.3700,16.6463,0.0018,0.0000,0,0,0.0000,0,0.0000,0,0,0,6312,0
498,7.8063,17.1942,0.0019,0.0000,0,0,0.0000,0,0.0000,0,0,0,4416,0
499,7.8572,16.8641,0.0022,0.0000,0,0,0.0000,0,0.0000,0,0,0,4423,0
500,7.9632,17.0661,0.0029,0.0000,0,0,0.0000,0,0.0000,0,0,0,17854,0
501,7.7708,16.9503,0.0024,0.0000,0,0,0.0000,0,0.0000,0,0,0,4904,0
502,8.0395,16.9012,0.0025,0.0000,0,0,0.0000,0,0.0000,0,0,0,4656,0
503,8.3329,17.1153,0.0023,0.0000,0,0,0.0000,0,0.0000,0,0,0,5152,0
504,8.0237,17.1338,0.0030,0.0000,0,0,0.0000,0,0.0000,0,0,0,18175,0
505,7.8115,16.8667,0.0025,0.0000,0,0,0.0000,0,0.0000,0,0,0,3727,0
506,7.8388,16.9147,0.0039,0.0000,0,0,0.0000,0,0.0000,0,0,0,3911,0
507,7.9476,16.7772,0.0021,0.0000,0,0,0.0000,0,0.0000,0,0,0,4220,0
508,7.6372,16.6716,0.0022,0.0000,0,0,0.0000,0,0.0000,0,0,0,17261,0
509,7.8751,16.7636,0.0017,0.0000,0,0,0.0000,0,0.0000,0,0,0,4769,0
510,7.9038,16.7231,0.0016,0.0000,0,0,0.0000,0,0.0000,0,0,0,6979,0
511,8.3044,16.8173,0.0018,0.0000,0,0,0.0000,0,0.0000,0,0,0,6087,0
512,8.1766,16.9050,0.0097,0.0000,0,0,0.0000,0,0.0000,0,0,0,50390,0
513,8.6964,13.9621,0.0423,0.0000,0,0,0.0000,0,0.0000,0,1,0,152052,0
514,8.6972,16.9462,0.0080,0.0000,0,0,0.0000,0,0.0000,0,0,0,34758,0
515,8.7359,16.8577,0.0033,0.0000,0,0,0.0000,0,0.0000,0,0,0,14675,0
516,8.6617,16.8721,0.0045,0.0000,0,0,0.0000,0,0.0000,0,0,0,27904,0
517,8.8225,16.9078,0.0019,0.0000,0,0,0.0000,0,0.0000,0,0,0,10827,0
518,8.1515,17.3561,0.0019,0.0000,0,0,0.0000,0,0.0000,0,0,0,8556,0
519,7.9600,16.9121,0.0017,0.0000,0,0,0.0000,0,0.0000,0,0,0,6832,0
520,8.0303,16.8195,0.0031,0.0000,0,0,0.0000,0,0.0000,0,0,0,19744,0
521,8.6395,16.8910,0.0018,0.0000,0,0,0.0000,0,0.0000,0,0,0,2336,0
522,8.7627,16.9076,0.0013,0.0000,0,0,0.0000,0,0.0000,0,0,0,2419,0
523,8.4595,17.9892,0.0010,0.0000,0,0,0.0000,0,0.0000,0,0,0,2290,0
524,8.7973,16.7665,0.0020,0.0000,0,0,0.0000,0,0.0000,0,0,0,13794,0
525,8.2978,18.0115,0.0017,0.0000,0,0,0.0000,0,0.0000,0,0,0,3229,0
526,8.2662,17.0877,0.0014,0.0000,0,0,0.0000,0,0.0000,0,0,0,3960,0
527,8.3101,17.1181,0.0016,0.0000,0,0,0.0000,0,0.0000,0,0,0,2315,0
528,8.1062,16.8225,0.0020,0.0000,0,0,0.0000,0,0.0000,0,0,0,12205,0
529,8.1929,17.0035,0.0018,0.0000,0,0,0.0000,0,0.0000,0,0,0,5380,0
530,8.3487,17.0900,0.0020,0.0000,0,0,0.0000,0,0.0000,0,0,0,2079,0
531,8.4331,16.7259,0.0013,0.0000,0,0,0.0000,0,0.0000,0,0,0,2184,0
532,8.1742,16.8441,0.0025,0.0000,0,0,0.0000,0,0.0000,0,0,0,15298,0
533,7.9139,16.8166,0.0014,0.0000,0,0,0.0000,0,0.0000,0,0,0,2252,0
534,8.4793,16.7508,0.0014,0.0000,0,0,0.0000,0,0.0000,0,0,0,2557,0
535,7.9333,17.2774,0.0015,0.0000,0,0,0.0000,0,0.0000,0,0,0,2042,0
536,8.1575,17.0030,0.0020,0.0000,0,0,0.0000,0,0.0000,0,0,0,15480,0
537,7.8024,17.3507,0.0010,0.0000,0,0,0.0000,0,0.0000,0,0,0,1686,0
538,8.5605,16.8502,0.0013,0.0000,0,0,0.0000,0,0.0000,0,0,0,1784,0
539,7.9923,17.6965,0.0015,0.0000,0,0,0.0000,0,0.0000,0,0,0,1878,0
540,8.2956,16.8457,0.0021,0.0000,0,0,0.0000,0,0.0000,0,0,0,14773,0
541,8.0655,17.0456,0.0015,0.0000,0,0,0.0000,0,0.0000,0,0,0,2098,0
542,8.1374,17.0432,0.0041,0.0000,0,0,0.0000,0,0.0000,0,0,0,3339,0
543,8.4191,16.8649,0.0017,0.0000,0,0,0.0000,0,0.0000,0,0,0,3023,0
544,8.0121,16.7810,0.0020,0.0000,0,0,0.0000,0,0.0000,0,0,0,13368,0
545,7.9775,16.7447,0.0023,0.0000,0,0,0.0000,0,0.0000,0,0,0,3818,0
546,8.2020,16.6441,0.0015,0.0000,0,0,0.0000,0,0.0000,0,0,0,2683,0
547,8.0084,16.9534,0.0013,0.0000,0,0,0.0000,0,0.0000,0,0,0,1783,0
548,8.3219,16.7790,0.0023,0.0000,0,0,0.0000,0,0.0000,0,0,0,15748,0
549,8.1694,17.1466,0.0014,0.0000,0,0,0.0000,0,0.0000,0,0,0,2938,0
550,7.7186,17.1525,0.0023,0.0000,0,0,0.0000,0,0.0000,0,0,0,2678,0
551,8.4201,16.7605,0.0014,0.0000,0,0,0.0000,0,0.0000,0,0,0,2841,0
552,7.9727,17.4955,0.0022,0.0000,0,0,0.0000,0,0.0000,0,0,0,14651,0
553,8.0525,17.0074,0.0014,0.0000,0,0,0.0000,0,0.0000,0,0,0,1927,0
554,7.9950,17.1588,0.0014,0.0000,0,0,0.0000,0,0.0000,0,0,0,2074,0
555,8.6140,16.7810,0.0018,0.0000,0,0,0.0000,0,0.0000,0,0,0,2063,0
556,8.7310,16.8944,0.0022,0.0000,0,0,0.0000,0,0.0000,0,0,0,14379,0
557,8.6280,16.9334,0.0016,0.0000,0,0,0.0000,0,0.0000,0,0,0,2484,0
558,8.7748,17.0732,0.0013,0.0000,0,0,0.0000,0,0.0000,0,0,0,3590,0
559,8.1918,17.2767,0.0015,0.0000,0,0,0.0000,0,0.0000,0,0,0,2343,0
560,8.8781,16.9840,0.0046,0.0000,0,0,0.0000,0,0.0000,0,0,0,16506,0
561,8.8426,17.1449,0.0018,0.0000,0,0,0.0000,0,0.0000,0,0,0,4525,0
562,8.7505,17.0065,0.0011,0.0000,0,0,0.0000,0,0.0000,0,0,0,2479,0
563,7.9570,17.4941,0.0014,0.0000,0,0,0.0000,0,0.0000,0,0,0,2755,0
564,7.9937,16.8380,0.0030,0.0000,0,0,0.0000,0,0.0000,0,0,0,16398,0
565,7.6327,17.0309,0.0029,0.0000,0,0,0.0000,0,0.0000,0,0,0,3099,0
566,8.1060,16.9646,0.0022,0.0000,0,0,0.0000,0,0.0000,0,0,0,3043,0
567,7.8430,17.1677,0.0020,0.0000,0,0,0.0000,0,0.0000,0,0,0,3061,0
568,8.5674,17.0674,0.0028,0.0000,0,0,0.0000,0,0.0000,0,0,0,16528,0
569,8.5806,17.0873,0.0013,0.0000,0,0,0.0000,0,0.0000,0,0,0,2403,0
570,8.5131,17.0688,0.0015,0.0000,0,0,0.0000,0,0.0000,0,0,0,3049,0
571,8.2766,16.9363,0.0012,0.0000,0,0,0.0000,0,0.0000,0,0,0,2757,0
572,8.6260,17.0553,0.0027,0.0000,0,0,0.0000,0,0.0000,0,0,0,15729,0
573,8.3163,15.8477,0.0414,0.0000,0,0,0.0000,0,0.0000,0,1,0,246650,0
574,8.7506,16.7336,0.0096,0.0000,0,0,0.0000,0,0.0000,0,0,0,47008,0
575,8.1547,17.2854,0.0041,0.0000,0,0,0.0000,0,0.0000,0,0,0,37344,0
576,8.9025,16.8182,0.0036,0.0000,0,0,0.0000,0,0.0000,0,0,0,34667,0
577,8.7104,17.1694,0.0022,0.0000,0,0,0.0000,0,0.0000,0,0,0,15824,0
578,8.3422,16.7841,0.0017,0.0000,0,0,0.0000,0,0.0000,0,0,0,10789,0
579,8.1521,17.9506,0.0015,0.0000,0,0,0.0000,0,0.0000,0,0,0,3190,0
580,8.3489,16.8392,0.0027,0.0000,0,0,0.0000,0,0.0000,0,0,0,19153,0
581,8.4015,17.5193,0.0021,0.0000,0,0,0.0000,0,0.0000,0,0,0,2031,0
582,8.6224,16.8667,0.0010,0.0000,0,0,0.0000,0,0.0000,0,0,0,2651,0
583,8.3021,17.1726,0.0015,0.0000,0,0,0.0000,0,0.0000,0,0,0,2295,0
584,8.7315,16.7499,0.0024,0.0000,0,0,0.0000,0,0.0000,0,0,0,14403,0
585,7.5775,17.7806,0.0014,0.0000,0,0,0.0000,0,0.0000,0,0,0,1828,0
586,7.8590,16.6934,0.0014,0.0000,0,0,0.0000,0,0.0000,0,0,0,1817,0
587,8.0969,16.8137,0.0015,0.0000,0,0,0.0000,0,0.0000,0,0,0,2060,0
588,8.6341,16.7485,0.0021,0.0000,0,0,0.0000,0,0.0000,0,0,0,14032,0
589,7.9298,17.1636,0.0012,0.0000,0,0,0.0000,0,0.0000,0,0,0,2635,0
590,8.0092,16.6948,0.0015,0.0000,0,0,0.0000,0,0.0000,0,0,0,4205,0
591,8.1248,16.5871,0.0011,0.0000,0,0,0.0000,0,0.0000,0,0,0,1799,0
592,8.0726,16.7941,0.0022,0.0000,0,0,0.0000,0,0.0000,0,0,0,16814,0
593,8.3554,16.5921,0.0018,0.0000,0,0,0.0000,0,0.0000,0,0,0,4930,0
594,7.9476,16.6473,0.0010,0.0000,0,0,0.0000,0,0.0000,0,0,0,2516,0
595,8.5117,16.6772,0.0022,0.0000,0,0,0.0000,0,0.0000,0,0,0,2413,0
596,8.7824,16.7965,0.0022,0.0000,0,0,0.0000,0,0.0000,0,0,0,16122,0
597,7.6980,17.3611,0.0013,0.0000,0,0,0.0000,0,0.0000,0,0,0,2748,0
598,7.8004,18.5045,0.0009,0.0000,0,0,0.0000,0,0.0000,0,0,0,2339,0
599,8.5065,16.7725,0.0019,0.0000,0,0,0.0000,0,0.0000,0,0,0,2255,0
600,8.7505,16.9336,0.0026,0.0000,0,0,0.0000,0,0.0000,0,0,0,16057,0
601,8.2909,17.0027,0.0030,0.0000,0,0,0.0000,0,0.0000,0,0,0,1970,0
602,8.2958,16.9593,0.0015,0.0000,0,0,0.0000,0,0.0000,0,0,0,1977,0
603,7.9905,17.0352,0.0024,0.0000,0,0,0.0000,0,0.0000,0,0,0,2122,0
604,8.7543,16.6961,0.0024,0.0000,0,0,0.0000,0,0.0000,0,0,0,15505,0
605,8.0324,17.4767,0.0018,0.0000,0,0,0.0000,0,0.0000,0,0,0,2714,0
606,8.4993,16.7256,0.0015,0.0000,0,0,0.0000,0,0.0000,0,0,0,3935,0
607,8.1510,18.1588,0.0011,0.0000,0,0,0.0000,0,0.0000,0,0,0,3579,0
608,8.4966,16.8125,0.0089,0.0000,0,0,0.0000,0,0.0000,0,0,0,50982,0
609,7.9435,18.1287,0.0057,0.0000,0,0,0.0000,0,0.0000,0,0,0,6612,0
610,7.8563,17.0553,0.0014,0.0000,0,0,0.0000,0,0.0000,0,0,0,3604,0
611,7.9757,16.8586,0.0013,0.0000,0,0,0.0000,0,0.0000,0,0,0,2631,0
612,8.3950,16.6925,0.0027,0.0000,0,0,0.0000,0,0.0000,0,0,0,16535,0
613,8.7082,16.8146,0.0018,0.0000,0,0,0.0000,0,0.0000,0,0,0,3659,0
614,8.7795,16.8165,0.0018,0.0000,0,0,0.0000,0,0.0000,0,0,0,3574,0
615,8.5846,16.8080,0.0015,0.0000,0,0,0.0000,0,0.0000,0,0,0,3689,0
616,8.6684,16.9219,0.0024,0.0000,0,0,0.0000,0,0.0000,0,0,0,15528,0
617,7.9777,17.1927,0.0016,0.0000,0,0,0.0000,0,0.0000,0,0,0,2654,0
618,8.6486,16.7204,0.0013,0.0000,0,0,0.0000,0,0.0000,0,0,0,2685,0
619,8.1842,17.2629,0.0014,0.0000,0,0,0.0000,0,0.0000,0,0,0,2813,0
620,8.2482,16.9509,0.0025,0.0000,0,0,0.0000,0,0.0000,0,0,0,15028,0
621,8.0549,16.9930,0.0015,0.0000,0,0,0.0000,0,0.0000,0,0,0,3088,0
622,8.8975,16.8472,0.0015,0.0000,0,0,0.0000,0,0.0000,0,0,0,4946,0
623,8.2103,17.7018,0.0022,0.0000,0,0,0.0000,0,0.0000,0,0,0,3988,0
624,9.0240,16.6811,0.0032,0.0000,0,0,0.0000,0,0.0000,0,0,0,18201,0
625,7.7035,18.2245,0.0021,0.0000,0,0,0.0000,0,0.0000,0,0,0,5714,0
626,7.7902,17.0342,0.0026,0.0000,0,0,0.0000,0,0.0000,0,0,0,3783,0
627,7.8184,17.1480,0.0022,0.0000,0,0,0.0000,0,0.0000,0,0,0,3966,0
628,7.7774,17.1640,0.0028,0.0000,0,0,0.0000,0,0.0000,0,0,0,17580,0
629,8.0338,16.8540,0.0020,0.0000,0,0,0.0000,0,0.0000,0,0,0,4282,0
630,8.7051,16.9466,0.0014,0.0000,0,0,0.0000,0,0.0000,0,0,0,3964,0
631,8.9121,16.9314,0.0023,0.0000,0,0,0.0000,0,0.0000,0,0,0,4090,0
632,9.0331,16.7897,0.0031,0.0000,0,0,0.0000,0,0.0000,0,0,0,17659,0
633,8.9259,14.0389,0.0261,0.0000,0,0,0.0000,0,0.0000,0,1,0,180404,0
634,8.5785,16.9193,0.0050,0.0000,0,0,0.0000,0,0.0000,0,0,0,25372,0
635,8.6748,16.9397,0.0024,0.0000,0,0,0.0000,0,0.0000,0,0,0,18850,0
636,8.0485,17.3162,0.0039,0.0000,0,0,0.0000,0,0.0000,0,0,0,26803,0
637,8.4901,16.8270,0.0024,0.0000,0,0,0.0000,0,0.0000,0,0,0,14093,0
638,8.2227,17.1421,0.0053,0.0000,0,0,0.0000,0,0.0000,0,0,0,14905,0
639,8.2190,17.0065,0.0018,0.0000,0,0,0.0000,0,0.0000,0,0,0,9492,0
640,8.2566,16.8919,0.0026,0.0000,0,0,0.0000,0,0.0000,0,0,0,20411,0
641,8.6072,16.8633,0.0018,0.0000,0,0,0.0000,0,0.0000,0,0,0,7253,0
642,8.0983,17.1103,0.0017,0.0000,0,0,0.0000,0,0.0000,0,0,0,3873,0
643,8.2256,16.7746,0.0012,0.0000,0,0,0.0000,0,0.0000,0,0,0,1728,0
644,8.9575,17.0290,0.0025,0.0000,0,0,0.0000,0,0.0000,0,0,0,14512,0
645,8.7386,17.0752,0.0015,0.0000,0,0,0.0000,0,0.0000,0,0,0,3232,0
646,8.7477,16.9450,0.0012,0.0000,0,0,0.0000,0,0.0000,0,0,0,1865,0
647,8.1515,17.3387,0.0013,0.0000,0,0,0.0000,0,0.0000,0,0,0,1994,0
648,8.8400,16.7399,0.0025,0.0000,0,0,0.0000,0,0.0000,0,0,0,14482,0
649,8.0603,17.6435,0.0010,0.0000,0,0,0.0000,0,0.0000,0,0,0,1633,0
650,8.3498,16.7690,0.0013,0.0000,0,0,0.0000,0,0.0000,0,0,0,1696,0
651,7.9178,17.2451,0.0016,0.0000,0,0,0.0000,0,0.0000,0,0,0,2246,0
652,8.0481,16.7808,0.0027,0.0000,0,0,0.0000,0,0.0000,0,0,0,14454,0
653,8.7112,16.9270,0.0012,0.0000,0,0,0.0000,0,0.0000,0,0,0,2149,0
654,8.0165,17.3675,0.0011,0.0000,0,0,0.0000,0,0.0000,0,0,0,3177,0
655,8.3322,16.8758,0.0010,0.0000,0,0,0.0000,0,0.0000,0,0,0,1963,0
656,8.0540,17.2488,0.0040,0.0000,0,0,0.0000,0,0.0000,0,0,0,16595,0
657,8.0600,16.7727,0.0016,0.0000,0,0,0.0000,0,0.0000,0,0,0,5577,0
658,8.3049,16.9478,0.0014,0.0000,0,0,0.0000,0,0.0000,0,0,0,2203,0
659,8.6958,16.8407,0.0011,0.0000,0,0,0.0000,0,0.0000,0,0,0,2178,0
660,8.0260,17.1683,0.0026,0.0000,0,0,0.0000,0,0.0000,0,0,0,15896,0
661,8.6841,16.7686,0.0013,0.0000,0,0,0.0000,0,0.0000,0,0,0,2317,0
662,8.0979,17.5873,0.0016,0.0000,0,0,0.0000,0,0.0000,0,0,0,2201,0
663,8.0020,17.0029,0.0014,0.0000,0,0,0.0000,0,0.0000,0,0,0,2251,0
664,7.9381,16.7443,0.0021,0.0000,0,0,0.0000,0,0.0000,0,0,0,15860,0
665,8.3462,16.8247,0.0010,0.0000,0,0,0.0000,0,0.0000,0,0,0,1869,0
666,7.9314,17.0106,0.0013,0.0000,0,0,0.0000,0,0.0000,0,0,0,1757,0
667,8.0470,16.9488,0.0010,0.0000,0,0,0.0000,0,0.0000,0,0,0,1868,0
668,7.9575,19.3318,0.0019,0.0000,0,0,0.0000,0,0.0000,0,0,0,15100,0
669,8.5572,16.8500,0.0010,0.0000,0,0,0.0000,0,0.0000,0,0,0,2234,0
670,8.0051,19.4601,0.0011,0.0000,0,0,0.0000,0,0.0000,0,0,0,3485,0
671,8.3992,16.9806,0.0012,0.0000,0,0,0.0000,0,0.0000,0,0,0,3167,0
672,7.8323,17.9715,0.0019,0.0000,0,0,0.0000,0,0.0000,0,0,0,13922,0
673,8.3472,16.6726,0.0011,0.0000,0,0,0.0000,0,0.0000,0,0,0,4264,0
674,7.9480,17.1680,0.0010,0.0000,0,0,0.0000,0,0.0000,0,0,0,3012,0
675,8.5207,16.7067,0.0009,0.0000,0,0,0.0000,0,0.0000,0,0,0,2223,0
676,8.0929,17.1680,0.0018,0.0000,0,0,0.0000,0,0.0000,0,0,0,16154,0
677,8.6134,16.7390,0.0013,0.0000,0,0,0.0000,0,0.0000,0,0,0,3004,0
678,7.9774,17.3655,0.0013,0.0000,0,0,0.0000,0,0.0000,0,0,0,2888,0
679,7.9930,16.7515,0.0013,0.0000,0,0,0.0000,0,0.0000,0,0,0,2869,0
680,8.3332,16.8631,0.0026,0.0000,0,0,0.0000,0,0.0000,0,0,0,15090,0
681,8.5859,16.8742,0.0013,0.0000,0,0,0.0000,0,0.0000,0,0,0,2174,0
682,7.9577,17.0051,0.0014,0.0000,0,0,0.0000,0,0.0000,0,0,0,2172,0
683,8.1483,17.0406,0.0016,0.0000,0,0,0.0000,0,0.0000,0,0,0,2273,0
684,7.9495,17.1128,0.0055,0.0000,0,0,0.0000,0,0.0000,0,0,0,14675,0
685,8.2245,17.0706,0.0015,0.0000,0,0,0.0000,0,0.0000,0,0,0,2610,0
686,7.7597,17.7297,0.0017,0.0000,0,0,0.0000,0,0.0000,0,0,0,3871,0
687,8.1058,16.7620,0.0014,0.0000,0,0,0.0000,0,0.0000,0,0,0,2995,0
688,7.8705,17.2004,0.0046,0.0000,0,0,0.0000,0,0.0000,0,0,0,17212,0
689,7.8542,16.7247,0.0015,0.0000,0,0,0.0000,0,0.0000,0,0,0,4584,0
690,8.4315,17.0175,0.0014,0.0000,0,0,0.0000,0,0.0000,0,0,0,3157,0
691,8.1714,16.8802,0.0015,0.0000,0,0,0.0000,0,0.0000,0,0,0,3029,0
692,8.0840,16.6648,0.0025,0.0000,0,0,0.0000,0,0.0000,0,0,0,16791,0
693,8.6145,13.7503,0.0318,0.0000,0,0,0.0000,0,0.0000,0,1,0,268628,0
694,8.5050,16.8100,0.0081,0.0000,0,0,0.0000,0,0.0000,0,0,0,44328,0
695,8.3531,17.0868,0.0032,0.0000,0,0,0.0000,0,0.0000,0,0,0,36096,0
696,7.9665,16.9960,0.0035,0.0000,0,0,0.0000,0,0.0000,0,0,0,30951,0
697,8.4074,16.7904,0.0030,0.0000,0,0,0.0000,0,0.0000,0,0,0,16041,0
698,7.9547,17.0977,0.0019,0.0000,0,0,0.0000,0,0.0000,0,0,0,9336,0
699,8.7150,16.8206,0.0020,0.0000,0,0,0.0000,0,0.0000,0,0,0,5716,0
700,8.5240,17.1327,0.0025,0.0000,0,0,0.0000,0,0.0000,0,0,0,17430,0
701,8.7080,16.8891,0.0014,0.0000,0,0,0.0000,0,0.0000,0,0,0,2922,0
702,8.0070,17.5062,0.0020,0.0000,0,0,0.0000,0,0.0000,0,0,0,4189,0
703,8.4611,16.7807,0.0019,0.0000,0,0,0.0000,0,0.0000,0,0,0,3544,0
704,8.7391,17.0517,0.0087,0.0000,0,0,0.0000,0,0.0000,0,0,0,50750,0
705,8.0244,17.1334,0.0019,0.0000,0,0,0.0000,0,0.0000,0,0,0,6385,0
706,8.2042,16.8561,0.0016,0.0000,0,0,0.0000,0,0.0000,0,0,0,3213,0
707,8.5207,16.9421,0.0013,0.0000,0,0,0.0000,0,0.0000,0,0,0,1676,0
708,8.1112,17.2664,0.0021,0.0000,0,0,0.0000,0,0.0000,0,0,0,15467,0
709,8.2633,16.7378,0.0012,0.0000,0,0,0.0000,0,0.0000,0,0,0,2730,0
710,7.8497,17.1336,0.0012,0.0000,0,0,0.0000,0,0.0000,0,0,0,2121,0
711,8.3978,16.8857,0.0011,0.0000,0,0,0.0000,0,0.0000,0,0,0,2156,0
712,8.4849,16.8118,0.0025,0.0000,0,0,0.0000,0,0.0000,0,0,0,14810,0
713,8.4576,16.7340,0.0011,0.0000,0,0,0.0000,0,0.0000,0,0,0,1576,0
714,8.5256,16.9121,0.0014,0.0000,0,0,0.0000,0,0.0000,0,0,0,1828,0
715,7.8490,17.0686,0.0010,0.0000,0,0,0.0000,0,0.0000,0,0,0,1924,0
716,8.0912,16.9304,0.0021,0.0000,0,0,0.0000,0,0.0000,0,0,0,14697,0
717,7.9238,16.8738,0.0012,0.0000,0,0,0.0000,0,0.0000,0,0,0,2555,0
718,8.6310,16.9370,0.0020,0.0000,0,0,0.0000,0,0.0000,0,0,0,3720,0
719,8.5808,16.9657,0.0011,0.0000,0,0,0.0000,0,0.0000,0,0,0,2255,0
720,7.5691,19.4395,0.0023,0.0000,0,0,0.0000,0,0.0000,0,0,0,17190,0
721,7.7523,16.7260,0.0016,0.0000,0,0,0.0000,0,0.0000,0,0,0,5383,0
722,7.6396,18.2785,0.0013,0.0000,0,0,0.0000,0,0.0000,0,0,0,2462,0
723,7.9291,16.7317,0.0013,0.0000,0,0,0.0000,0,0.0000,0,0,0,2647,0
724,7.6252,17.1333,0.0020,0.0000,0,0,0.0000,0,0.0000,0,0,0,16215,0
725,7.8130,16.8698,0.0010,0.0000,0,0,0.0000,0,0.0000,0,0,0,2879,0
726,7.6323,16.8031,0.0012,0.0000,0,0,0.0000,0,0.0000,0,0,0,2413,0
727,8.3334,16.9228,0.0012,0.0000,0,0,0.0000,0,0.0000,0,0,0,2839,0
728,8.2192,17.0105,0.0022,0.0000,0,0,0.0000,0,0.0000,0,0,0,16429,0
729,8.1496,16.7818,0.0011,0.0000,0,0,0.0000,0,0.0000,0,0,0,2104,0
730,8.3036,16.9083,0.0013,0.0000,0,0,0.0000,0,0.0000,0,0,0,2164,0
731,8.4303,17.1545,0.0014,0.0000,0,0,0.0000,0,0.0000,0,0,0,2421,0
732,8.2084,16.8661,0.0022,0.0000,0,0,0.0000,0,0.0000,0,0,0,15571,0
733,8.2229,16.7637,0.0016,0.0000,0,0,0.0000,0,0.0000,0,0,0,2663,0
734,8.6965,17.2873,0.0027,0.0000,0,0,0.0000,0,0.0000,0,0,0,4038,0
735,8.6192,17.1771,0.0015,0.0000,0,0,0.0000,0,0.0000,0,0,0,3731,0
736,8.2827,16.8178,0.0024,0.0000,0,0,0.0000,0,0.0000,0,0,0,14987,0
737,8.0202,16.6934,0.0014,0.0000,0,0,0.0000,0,0.0000,0,0,0,4931,0
738,8.5278,16.7436,0.0015,0.0000,0,0,0.0000,0,0.0000,0,0,0,3852,0
739,8.5227,16.8264,0.0020,0.0000,0,0,0.0000,0,0.0000,0,0,0,3065,0
740,8.4998,16.7148,0.0028,0.0000,0,0,0.0000,0,0.0000,0,0,0,16823,0
741,8.2263,16.7565,0.0015,0.0000,0,0,0.0000,0,0.0000,0,0,0,4162,0
742,8.7470,16.7286,0.0013,0.0000,0,0,0.0000,0,0.0000,0,0,0,4116,0
743,8.1698,17.2943,0.0027,0.0000,0,0,0.0000,0,0.0000,0,0,0,4135,0
744,8.1560,17.1401,0.0020,0.0000,0,0,0.0000,0,0.0000,0,0,0,16047,0
745,7.9860,17.1655,0.0025,0.0000,0,0,0.0000,0,0.0000,0,0,0,3098,0
746,7.9706,16.8824,0.0030,0.0000,0,0,0.0000,0,0.0000,0,0,0,3359,0
747,7.9186,16.9390,0.0016,0.0000,0,0,0.0000,0,0.0000,0,0,0,3563,0
748,7.6419,16.7682,0.0023,0.0000,0,0,0.0000,0,0.0000,0,0,0,15647,0
749,7.9052,16.6525,0.0017,0.0000,0,0,0.0000,0,0.0000,0,0,0,3996,0
750,7.8029,16.8951,0.0021,0.0000,0,0,0.0000,0,0.0000,0,0,0,5892,0
751,7.7673,16.6941,0.0016,0.0000,0,0,0.0000,0,0.0000,0,0,0,4346,0
752,8.0917,17.0216,0.0024,0.0000,0,0,0.0000,0,0.0000,0,0,0,19071,0
753,7.6434,14.0732,0.0198,0.0000,0,0,0.0000,0,0.0000,0,1,0,152330,0
754,7.9512,16.7856,0.0039,0.0000,0,0,0.0000,0,0.0000,0,0,0,27504,0
755,8.4852,16.8754,0.0034,0.0000,0,0,0.0000,0,0.0000,0,0,0,27883,0
756,7.8955,17.0060,0.0059,0.0000,0,0,0.0000,0,0.0000,0,0,0,36547,0
757,8.5571,16.7082,0.0033,0.0000,0,0,0.0000,0,0.0000,0,0,0,17053,0
758,7.8706,17.3853,0.0016,0.0000,0,0,0.0000,0,0.0000,0,0,0,9995,0
759,7.7684,17.0919,0.0017,0.0000,0,0,0.0000,0,0.0000,0,0,0,7299,0
760,7.6749,17.1435,0.0033,0.0000,0,0,0.0000,0,0.0000,0,0,0,21100,0
761,7.8547,16.6707,0.0018,0.0000,0,0,0.0000,0,0.0000,0,0,0,4171,0
762,7.9515,17.1622,0.0013,0.0000,0,0,0.0000,0,0.0000,0,0,0,1906,0
763,7.6410,17.0466,0.0020,0.0000,0,0,0.0000,0,0.0000,0,0,0,1946,0
764,8.1474,16.9673,0.0023,0.0000,0,0,0.0000,0,0.0000,0,0,0,15155,0
765,7.9760,17.0638,0.0016,0.0000,0,0,0.0000,0,0.0000,0,0,0,1745,0
766,7.6764,16.8572,0.0015,0.0000,0,0,0.0000,0,0.0000,0,0,0,3589,0
767,7.7937,16.8660,0.0013,0.0000,0,0,0.0000,0,0.0000,0,0,0,2929,0
768,7.7017,18.3375,0.0045,0.0000,0,0,0.0000,0,0.0000,0,0,0,45417,0
769,8.0644,16.6404,0.0013,0.0000,0,0,0.0000,0,0.0000,0,0,0,3496,0
770,7.8347,17.9888,0.0011,0.0000,0,0,0.0000,0,0.0000,0,0,0,2485,0
771,7.9545,16.6661,0.0011,0.0000,0,0,0.0000,0,0.0000,0,0,0,1993,0
772,8.1138,16.7828,0.0050,0.0000,0,0,0.0000,0,0.0000,0,0,0,15604,0
773,7.8517,16.9212,0.0014,0.0000,0,0,0.0000,0,0.0000,0,0,0,2902,0
774,8.0203,17.1151,0.0013,0.0000,0,0,0.0000,0,0.0000,0,0,0,2840,0
775,7.6746,17.0796,0.0015,0.0000,0,0,0.0000,0,0.0000,0,0,0,2741,0
776,7.7567,16.9430,0.0032,0.0000,0,0,0.0000,0,0.0000,0,0,0,14936,0
777,7.9841,16.7020,0.0013,0.0000,0,0,0.0000,0,0.0000,0,0,0,2098,0
778,7.8310,16.8015,0.0022,0.0000,0,0,0.0000,0,0.0000,0,0,0,2088,0
779,7.7942,17.0056,0.0014,0.0000,0,0,0.0000,0,0.0000,0,0,0,2202,0
780,7.8422,16.7404,0.0036,0.0000,0,0,0.0000,0,0.0000,0,0,0,14723,0
781,7.7199,16.7836,0.0025,0.0000,0,0,0.0000,0,0.0000,0,0,0,2848,0
782,7.6266,16.7950,0.0020,0.0000,0,0,0.0000,0,0.0000,0,0,0,4003,0
783,7.8543,16.7350,0.0018,0.0000,0,0,0.0000,0,0.0000,0,0,0,2663,0
784,7.7539,16.7792,0.0027,0.0000,0,0,0.0000,0,0.0000,0,0,0,17070,0
785,7.7947,16.6819,0.0022,0.0000,0,0,0.0000,0,0.0000,0,0,0,5135,0
786,7.5710,16.8571,0.0013,0.0000,0,0,0.0000,0,0.0000,0,0,0,2901,0
787,7.6490,16.7711,0.0015,0.0000,0,0,0.0000,0,0.0000,0,0,0,2990,0
788,7.9150,16.8749,0.0025,0.0000,0,0,0.0000,0,0.0000,0,0,0,16633,0
789,7.9616,16.6532,0.0013,0.0000,0,0,0.0000,0,0.0000,0,0,0,3260,0
790,7.9552,16.5815,0.0014,0.0000,0,0,0.0000,0,0.0000,0,0,0,3093,0
791,7.7523,16.7435,0.0016,0.0000,0,0,0.0000,0,0.0000,0,0,0,3114,0
792,7.7968,16.5643,0.0029,0.0000,0,0,0.0000,0,0.0000,0,0,0,16720,0
793,7.6975,16.7778,0.0015,0.0000,0,0,0.0000,0,0.0000,0,0,0,2457,0
794,7.7963,16.7643,0.0013,0.0000,0,0,0.0000,0,0.0000,0,0,0,2456,0
795,7.8394,16.7543,0.0014,0.0000,0,0,0.0000,0,0.0000,0,0,0,2540,0
796,7.5669,16.6743,0.0024,0.0000,0,0,0.0000,0,0.0000,0,0,0,15849,0
797,7.7371,16.6995,0.0018,0.0000,0,0,0.0000,0,0.0000,0,0,0,2940,0
798,7.5722,16.7957,0.0016,0.0000,0,0,0.0000,0,0.0000,0,0,0,4345,0
799,7.7404,17.0355,0.0022,0.0000,0,0,0.0000,0,0.0000,0,0,0,4110,0
800,8.4006,16.9863,0.0026,0.0000,0,0,0.0000,0,0.0000,0,0,0,15395,0
801,7.9092,17.0610,0.0016,0.0000,0,0,0.0000,0,0.0000,0,0,0,5004,0
802,7.8828,16.7293,0.0025,0.0000,0,0,0.0000,0,0.0000,0,0,0,4509,0
803,8.1025,16.7903,0.0032,0.0000,0,0,0.0000,0,0.0000,0,0,0,3415,0
804,7.8545,16.7685,0.0027,0.0000,0,0,0.0000,0,0.0000,0,0,0,17283,0
805,7.7367,16.6744,0.0016,0.0000,0,0,0.0000,0,0.0000,0,0,0,4093,0
806,7.8024,16.7368,0.0013,0.0000,0,0,0.0000,0,0.0000,0,0,0,4296,0
807,7.7746,16.8490,0.0018,0.0000,0,0,0.0000,0,0.0000,0,0,0,4340,0
808,7.5949,16.7372,0.0024,0.0000,0,0,0.0000,0,0.0000,0,0,0,16194,0
809,7.9807,16.8545,0.0017,0.0000,0,0,0.0000,0,0.0000,0,0,0,2907,0
810,7.9393,16.8954,0.0013,0.0000,0,0,0.0000,0,0.0000,0,0,0,3139,0
811,8.6713,16.8379,0.0026,0.0000,0,0,0.0000,0,0.0000,0,0,0,3845,0
812,8.6403,17.0045,0.0022,0.0000,0,0,0.0000,0,0.0000,0,0,0,16044,0
813,7.9630,15.6669,0.0626,0.0000,0,0,0.0000,0,0.0000,0,1,0,254242,0
814,8.7277,16.9440,0.0064,0.0000,0,0,0.0000,0,0.0000,0,0,0,43518,0
815,8.1660,17.5813,0.0032,0.0000,0,0,0.0000,0,0.0000,0,0,0,21483,0
816,8.5175,16.7623,0.0037,0.0000,0,0,0.0000,0,0.0000,0,0,0,35433,0
817,7.9792,17.2509,0.0025,0.0000,0,0,0.0000,0,0.0000,0,0,0,12295,0
818,8.0929,16.7591,0.0022,0.0000,0,0,0.0000,0,0.0000,0,0,0,9832,0
819,7.6114,17.0164,0.0021,0.0000,0,0,0.0000,0,0.0000,0,0,0,7369,0
820,7.9712,16.8210,0.0032,0.0000,0,0,0.0000,0,0.0000,0,0,0,21103,0
821,8.6453,16.7190,0.0015,0.0000,0,0,0.0000,0,0.0000,0,0,0,4511,0
822,7.9159,16.9999,0.0011,0.0000,0,0,0.0000,0,0.0000,0,0,0,2530,0
823,8.4706,16.7970,0.0014,0.0000,0,0,0.0000,0,0.0000,0,0,0,2029,0
824,7.9915,17.3725,0.0029,0.0000,0,0,0.0000,0,0.0000,0,0,0,14931,0
825,8.4582,16.8594,0.0022,0.0000,0,0,0.0000,0,0.0000,0,0,0,1747,0
826,8.7812,16.8396,0.0013,0.0000,0,0,0.0000,0,0.0000,0,0,0,1672,0
827,8.8536,16.7762,0.0015,0.0000,0,0,0.0000,0,0.0000,0,0,0,1562,0
828,8.8589,17.1184,0.0024,0.0000,0,0,0.0000,0,0.0000,0,0,0,13990,0
829,8.4968,17.0440,0.0009,0.0000,0,0,0.0000,0,0.0000,0,0,0,1788,0
830,8.3422,16.9916,0.0011,0.0000,0,0,0.0000,0,0.0000,0,0,0,2547,0
831,7.9967,17.0493,0.0013,0.0000,0,0,0.0000,0,0.0000,0,0,0,2147,0
832,7.9462,16.6889,0.0026,0.0000,0,0,0.0000,0,0.0000,0,0,0,12552,0
833,7.7853,16.7870,0.0015,0.0000,0,0,0.0000,0,0.0000,0,0,0,2936,0
834,7.8164,16.6436,0.0013,0.0000,0,0,0.0000,0,0.0000,0,0,0,2028,0
835,7.6770,16.7948,0.0013,0.0000,0,0,0.0000,0,0.0000,0,0,0,1510,0
836,7.7069,16.7322,0.0020,0.0000,0,0,0.0000,0,0.0000,0,0,0,13613,0
837,7.8172,16.9831,0.0014,0.0000,0,0,0.0000,0,0.0000,0,0,0,3766,0
838,7.5328,16.8577,0.0013,0.0000,0,0,0.0000,0,0.0000,0,0,0,1626,0
839,7.7869,16.6924,0.0014,0.0000,0,0,0.0000,0,0.0000,0,0,0,1668,0
840,7.7744,16.6907,0.0060,0.0000,0,0,0.0000,0,0.0000,0,0,0,14337,0
841,7.8205,16.6350,0.0032,0.0000,0,0,0.0000,0,0.0000,0,0,0,1571,0
842,8.0264,16.8925,0.0014,0.0000,0,0,0.0000,0,0.0000,0,0,0,1715,0
843,7.6615,217.1761,0.0031,0.0000,0,0,0.0000,0,0.0000,0,0,0,1568,0
844,8.6044,15.8617,0.0502,0.0000,0,0,0.0000,0,0.0000,0,1,0,178444,0
845,8.6323,21.9387,0.0099,0.0000,0,0,0.0000,0,0.0000,0,0,0,32030,0
846,8.3955,24.9110,0.0028,0.0000,0,0,0.0000,0,0.0000,0,0,0,19351,0
847,8.9804,27.3718,0.0032,0.0000,0,0,0.0000,0,0.0000,0,0,0,20423,0
848,11.3611,27.2640,0.0067,0.0000,0,0,0.0000,0,0.0000,0,0,0,48000,0
849,9.8439,28.9109,0.0032,0.0000,0,0,0.0000,0,0.0000,0,0,0,40367,0
850,8.8901,31.5961,0.0024,0.0000,0,0,0.0000,0,0.0000,0,0,0,21019,0
851,8.0103,35.2549,0.0027,0.0000,0,0,0.0000,0,0.0000,0,0,0,13205,0
852,7.2404,39.7632,0.0075,0.0000,0,0,0.0000,0,0.0000,0,0,0,22970,0
853,7.0606,44.3962,0.0034,0.0000,0,0,0.0000,0,0.0000,0,0,0,6606,0
854,6.6176,49.5513,0.0032,0.0000,0,0,0.0000,0,0.0000,0,0,0,5674,0
855,6.6039,54.7156,0.0030,0.0000,0,0,0.0000,0,0.0000,0,0,0,4662,0
856,10.0037,56.6818,0.0040,0.0000,0,0,0.0000,0,0.0000,0,0,0,15415,0
857,7.0488,61.3485,0.0027,0.0000,0,0,0.0000,0,0.0000,0,0,0,1813,0
858,7.9095,64.4375,0.0036,0.0000,0,0,0.0000,0,0.0000,0,0,0,2183,0
859,7.7547,69.4898,0.0155,0.0000,0,0,0.0000,0,0.0000,0,0,0,2039,0
860,11.8973,67.9322,0.0107,0.0000,0,0,0.0000,0,0.0000,0,0,0,14706,0
861,8.0549,71.4601,0.0029,0.0000,0,0,0.0000,0,0.0000,0,0,0,1826,0
862,22.1175,60.2655,0.0030,0.0000,0,0,0.0000,0,0.0000,0,0,0,2722,0
863,18.2598,47.2724,0.0040,0.0000,0,0,0.0000,0,0.0000,0,0,0,2630,0
864,10.0212,77.2465,0.0128,0.0000,0,0,0.0000,0,0.0000,0,0,0,49808,0
865,13.1445,69.3371,0.2934,0.0000,0,0,0.0000,0,0.0000,0,0,0,5204,0
866,10.6859,58.6837,0.0012,0.0000,0,0,0.0000,0,0.0000,0,0,0,2344,0
867,98.8068,13.6773,0.0056,0.0000,0,0,0.0000,0,0.0000,0,0,0,1588,0
868,223.7244,13.7212,0.0050,0.0000,0,0,0.0000,0,0.0000,0,0,0,15376,0
869,18.8841,13.3881,0.0048,0.0000,0,0,0.0000,0,0.0000,0,0,0,2733,0
870,8.8256,15.7615,0.0041,0.0000,0,0,0.0000,0,0.0000,0,0,0,2232,0
871,14.5834,13.5740,0.0041,0.0000,0,0,0.0000,0,0.0000,0,0,0,2229,0
872,13.0792,14.3322,0.0267,0.0000,0,0,0.0000,0,0.0000,0,0,0,14739,0
873,9.7069,15.6463,0.0040,0.0000,0,0,0.0000,0,0.0000,0,0,0,1780,0
874,13.2310,13.1657,0.0043,0.0000,0,0,0.0000,0,0.0000,0,0,0,1814,0
875,11.8243,13.3960,0.0032,0.0000,0,0,0.0000,0,0.0000,0,0,0,1921,0
876,12.8504,19.0175,0.0045,0.0000,0,0,0.0000,0,0.0000,0,0,0,14633,0
877,28.9429,13.7881,0.0050,0.0000,0,0,0.0000,0,0.0000,0,0,0,2461,0
878,14.7193,13.6016,0.0072,0.0000,0,0,0.0000,0,0.0000,0,0,0,4351,0
879,13.0324,13.1000,0.0050,0.0000,0,0,0.0000,0,0.0000,0,0,0,2151,0
880,31.2682,13.9832,0.0110,0.0000,0,0,0.0000,0,0.0000,0,0,0,16483,0
881,17.9497,13.2569,0.0031,0.0000,0,0,0.0000,0,0.0000,0,0,0,4751,0
882,10.8483,13.5476,0.0053,0.0000,0,0,0.0000,0,0.0000,0,0,0,3061,0
883,7.3629,18.8514,0.0046,0.0000,0,0,0.0000,0,0.0000,0,0,0,2652,0
884,9.3954,22.0145,0.0163,0.0000,0,0,0.0000,0,0.0000,0,0,0,16135,0
885,11.7165,19.6885,0.0064,0.0000,0,0,0.0000,0,0.0000,0,0,0,3015,0
886,15.0087,20.1212,0.0065,0.0000,0,0,0.0000,0,0.0000,0,0,0,2482,0
887,36.4288,17.4041,0.0064,0.0000,0,0,0.0000,0,0.0000,0,0,0,3054,0
888,17.2165,13.5000,0.0098,0.0000,0,0,0.0000,0,0.0000,0,0,0,16584,0
889,10.1225,14.2917,0.0027,0.0000,0,0,0.0000,0,0.0000,0,0,0,2342,0
890,11.5885,13.3862,0.0052,0.0000,0,0,0.0000,0,0.0000,0,0,0,2387,0
891,8.4514,16.1812,0.0055,0.0000,0,0,0.0000,0,0.0000,0,0,0,2529,0
892,8.3852,18.8345,0.0049,0.0000,0,0,0.0000,0,0.0000,0,0,0,15671,0
893,9.5510,20.4245,0.0045,0.0000,0,0,0.0000,0,0.0000,0,0,0,2677,0
894,8.9345,22.6855,0.0035,0.0000,0,0,0.0000,0,0.0000,0,0,0,3951,0
895,9.8752,23.8159,0.0036,0.0000,0,0,0.0000,0,0.0000,0,0,0,3880,0
896,8.1640,26.8717,0.0039,0.0000,0,0,0.0000,0,0.0000,0,0,0,14746,0
897,7.5106,30.6934,0.0049,0.0000,0,0,0.0000,0,0.0000,0,0,0,4321,0
898,7.5728,34.3524,0.0065,0.0000,0,0,0.0000,0,0.0000,0,0,0,4031,0
899,7.2890,38.3192,0.0037,0.0000,0,0,0.0000,0,0.0000,0,0,0,3153,0
900,7.8949,41.9132,0.0058,0.0000,0,0,0.0000,0,0.0000,0,0,0,16996,0
901,10.8788,42.6914,0.0738,0.0000,0,0,0.0000,0,0.0000,0,0,0,3915,0
902,7.8978,45.7056,0.0043,0.0000,0,0,0.0000,0,0.0000,0,0,0,3957,0
903,7.0232,50.1455,0.0051,0.0000,0,0,0.0000,0,0.0000,0,0,0,4529,0
904,6.8416,52.3058,0.0563,0.0000,0,0,0.0000,0,0.0000,0,1,0,222769,0
905,7.0075,56.8993,0.0377,0.0000,0,0,0.0000,0,0.0000,0,0,0,43512,0
906,7.9265,60.4243,0.0200,0.0000,0,0,0.0000,0,0.0000,0,0,0,29657,0
907,9.0903,62.3529,0.0047,0.0000,0,0,0.0000,0,0.0000,0,0,0,16002,0
908,7.7575,66.4643,0.1337,0.0000,0,0,0.0000,0,0.0000,0,0,0,22628,0
909,7.8799,69.1607,0.0152,0.0000,0,0,0.0000,0,0.0000,0,0,0,10411,0
910,6.6107,73.8382,0.0054,0.0000,0,0,0.0000,0,0.0000,0,0,0,11199,0
911,7.9141,76.4565,0.0032,0.0000,0,0,0.0000,0,0.0000,0,0,0,3383,0
912,7.2022,76.7285,0.0043,0.0000,0,0,0.0000,0,0.0000,0,0,0,21371,0
913,7.3117,76.5387,0.0057,0.0000,0,0,0.0000,0,0.0000,0,0,0,5208,0
914,8.6121,75.6491,0.0042,0.0000,0,0,0.0000,0,0.0000,0,0,0,3761,0
915,9.1769,73.5171,0.0051,0.0000,0,0,0.0000,0,0.0000,0,0,0,3835,0
916,7.1691,76.8499,0.0056,0.0000,0,0,0.0000,0,0.0000,0,0,0,16072,0
917,7.4997,76.6135,0.0035,0.0000,0,0,0.0000,0,0.0000,0,0,0,3469,0
918,8.7208,75.2589,0.0040,0.0000,0,0,0.0000,0,0.0000,0,0,0,2765,0
919,7.0362,76.9349,0.0033,0.0000,0,0,0.0000,0,0.0000,0,0,0,2266,0
920,7.1077,76.9005,0.0033,0.0000,0,0,0.0000,0,0.0000,0,0,0,15422,0
921,7.1898,76.7486,0.0023,0.0000,0,0,0.0000,0,0.0000,0,0,0,2059,0
922,8.9639,74.8938,0.0032,0.0000,0,0,0.0000,0,0.0000,0,0,0,2026,0
923,7.2357,76.5775,0.0027,0.0000,0,0,0.0000,0,0.0000,0,0,0,1975,0
924,9.5305,74.4816,0.0050,0.0000,0,0,0.0000,0,0.0000,0,0,0,14781,0
925,6.8391,77.2862,0.0025,0.0000,0,0,0.0000,0,0.0000,0,0,0,2035,0
926,6.7044,77.3007,0.0027,0.0000,0,0,0.0000,0,0.0000,0,0,0,3116,0
927,7.0925,77.0671,0.0038,0.0000,0,0,0.0000,0,0.0000,0,0,0,2719,0
928,7.6812,76.5378,0.0034,0.0000,0,0,0.0000,0,0.0000,0,0,0,13328,0
929,7.3129,76.9455,0.0034,0.0000,0,0,0.0000,0,0.0000,0,0,0,3256,0
930,7.2598,76.9270,0.0054,0.0000,0,0,0.0000,0,0.0000,0,0,0,2802,0
931,7.3883,77.7883,0.0027,0.0000,0,0,0.0000,0,0.0000,0,0,0,1707,0
932,7.7388,78.1831,0.0042,0.0000,0,0,0.0000,0,0.0000,0,0,0,15218,0
933,9.3866,75.0922,0.0029,0.0000,0,0,0.0000,0,0.0000,0,0,0,3125,0
934,10.2153,73.6764,0.0022,0.0000,0,0,0.0000,0,0.0000,0,0,0,2343,0
935,9.6358,75.0601,0.0055,0.0000,0,0,0.0000,0,0.0000,0,0,0,2383,0
936,15.8876,68.4891,0.0115,0.0000,0,0,0.0000,0,0.0000,0,0,0,14671,0
937,22.1665,56.4432,0.0024,0.0000,0,0,0.0000,0,0.0000,0,0,0,1978,0
938,8.7640,58.9918,0.0061,0.0000,0,0,0.0000,0,0.0000,0,0,0,2017,0
939,8.3127,62.6655,0.0047,0.0000,0,0,0.0000,0,0.0000,0,0,0,2727,0
940,7.0750,66.3607,0.0071,0.0000,0,0,0.0000,0,0.0000,0,0,0,14162,0
941,7.7240,69.9584,0.0036,0.0000,0,0,0.0000,0,0.0000,0,0,0,2272,0
942,11.3078,69.7758,0.0046,0.0000,0,0,0.0000,0,0.0000,0,0,0,3085,0
943,7.6315,73.3856,0.0022,0.0000,0,0,0.0000,0,0.0000,0,0,0,2106,0
944,13.1828,75.0533,0.0068,0.0000,0,0,0.0000,0,0.0000,0,0,0,16480,0
945,14.1508,73.4445,0.0038,0.0000,0,0,0.0000,0,0.0000,0,0,0,4276,0
946,9.2269,80.5640,0.0038,0.0000,0,0,0.0000,0,0.0000,0,0,0,2375,0
947,7.6270,75.7963,0.0046,0.0000,0,0,0.0000,0,0.0000,0,0,0,2389,0
948,6.9850,81.5004,0.0068,0.0000,0,0,0.0000,0,0.0000,0,0,0,16125,0
949,6.7881,78.3670,0.0035,0.0000,0,0,0.0000,0,0.0000,0,0,0,2606,0
950,22.6886,63.4395,0.0053,0.0000,0,0,0.0000,0,0.0000,0,0,0,2260,0
951,31.7539,42.2596,0.0058,0.0000,0,0,0.0000,0,0.0000,0,0,0,2498,0
952,19.3168,34.4993,0.0102,0.0000,0,0,0.0000,0,0.0000,0,0,0,16118,0
953,11.6814,31.2853,0.0035,0.0000,0,0,0.0000,0,0.0000,0,0,0,2045,0
954,7.9899,34.3060,0.0027,0.0000,0,0,0.0000,0,0.0000,0,0,0,2080,0
955,10.7450,34.6048,0.0027,0.0000,0,0,0.0000,0,0.0000,0,0,0,2191,0
956,10.3605,34.9143,0.0095,0.0000,0,0,0.0000,0,0.0000,0,0,0,15468,0
957,8.6406,37.3090,0.0042,0.0000,0,0,0.0000,0,0.0000,0,0,0,2478,0
958,8.6537,40.1155,0.0035,0.0000,0,0,0.0000,0,0.0000,0,0,0,4116,0
959,7.2552,44.3274,0.0025,0.0000,0,0,0.0000,0,0.0000,0,0,0,4204,0
960,12.3045,43.5741,0.1049,0.0000,0,0,0.0000,0,0.0000,0,0,0,51738,0
961,8.5248,45.9936,0.0065,0.0000,0,0,0.0000,0,0.0000,0,0,0,6656,0
962,6.5419,50.9126,0.0105,0.0000,0,0,0.0000,0,0.0000,0,0,0,3730,0
963,7.5114,55.1204,0.0035,0.0000,0,0,0.0000,0,0.0000,0,0,0,2987,0
964,6.6929,54.1292,0.1214,0.0000,0,0,0.0000,0,0.0000,0,1,0,237908,0
965,7.5741,47.2183,0.0084,0.0000,0,0,0.0000,0,0.0000,0,0,0,37332,0
966,7.5530,43.2809,0.0047,0.0000,0,0,0.0000,0,0.0000,0,0,0,38419,0
967,8.2687,37.8283,0.0066,0.0000,0,0,0.0000,0,0.0000,0,0,0,25481,0
968,7.5240,35.3434,0.0208,0.0000,0,0,0.0000,0,0.0000,0,0,0,33228,0
969,7.7538,29.4265,0.0027,0.0000,0,0,0.0000,0,0.0000,0,0,0,12328,0
970,7.7598,25.4291,0.0092,0.0000,0,0,0.0000,0,0.0000,0,0,0,8099,0
971,7.7100,21.1600,0.0033,0.0000,0,0,0.0000,0,0.0000,0,0,0,6034,0
972,7.7522,16.7387,0.0039,0.0000,0,0,0.0000,0,0.0000,0,0,0,17166,0
973,7.6848,13.1737,0.0030,0.0000,0,0,0.0000,0,0.0000,0,0,0,5024,0
974,7.6620,13.1612,0.0028,0.0000,0,0,0.0000,0,0.0000,0,0,0,4155,0
975,7.6924,12.9233,0.0017,0.0000,0,0,0.0000,0,0.0000,0,0,0,1825,0
976,7.6597,12.7315,0.0043,0.0000,0,0,0.0000,0,0.0000,0,0,0,16465,0
977,7.8048,12.8604,0.0027,0.0000,0,0,0.0000,0,0.0000,0,0,0,5363,0
978,7.8469,12.7540,0.0025,0.0000,0,0,0.0000,0,0.0000,0,0,0,2642,0
979,7.6842,12.9123,0.0017,0.0000,0,0,0.0000,0,0.0000,0,0,0,2921,0
980,7.7686,12.7426,0.0030,0.0000,0,0,0.0000,0,0.0000,0,0,0,15881,0
981,7.6594,12.7482,0.0020,0.0000,0,0,0.0000,0,0.0000,0,0,0,2765,0
982,7.6441,12.7845,0.0020,0.0000,0,0,0.0000,0,0.0000,0,0,0,2394,0
983,7.8128,12.8703,0.0023,0.0000,0,0,0.0000,0,0.0000,0,0,0,2274,0
984,7.6422,12.7494,0.0037,0.0000,0,0,0.0000,0,0.0000,0,0,0,15710,0
985,7.7377,12.8411,0.0036,0.0000,0,0,0.0000,0,0.0000,0,0,0,1684,0
986,7.6709,12.8100,0.0025,0.0000,0,0,0.0000,0,0.0000,0,0,0,1640,0
987,6.9455,12.8522,0.0026,0.0000,0,0,0.0000,0,0.0000,0,0,0,1730,0
988,6.7362,12.7691,0.0039,0.0000,0,0,0.0000,0,0.0000,0,0,0,14973,0
989,7.4286,13.0030,0.0034,0.0000,0,0,0.0000,0,0.0000,0,0,0,2017,0
990,7.6715,12.8954,0.0031,0.0000,0,0,0.0000,0,0.0000,0,0,0,3143,0
991,7.6195,12.8851,0.0033,0.0000,0,0,0.0000,0,0.0000,0,0,0,2819,0
992,7.9416,13.2461,0.0063,0.0000,0,0,0.0000,0,0.0000,0,0,0,13913,0
993,6.7988,12.8202,0.0030,0.0000,0,0,0.0000,0,0.0000,0,0,0,3792,0
994,6.6848,12.9160,0.0032,0.0000,0,0,0.0000,0,0.0000,0,0,0,2782,0
995,7.3080,13.0229,0.0022,0.0000,0,0,0.0000,0,0.0000,0,0,0,1960,0
996,6.6614,12.9235,0.0040,0.0000,0,0,0.0000,0,0.0000,0,0,0,15878,0
997,6.7997,13.0552,0.0025,0.0000,0,0,0.0000,0,0.0000,0,0,0,2862,0
998,6.8064,12.8534,0.0030,0.0000,0,0,0.0000,0,0.0000,0,0,0,3069,0
999,7.4785,12.8186,0.0020,0.0000,0,0,0.0000,0,0.0000,0,0,0,2972,0
1000,7.8645,13.1196,0.0036,0.0000,0,0,0.0000,0,0.0000,0,0,0,14889,0
1001,7.9486,13.4041,0.0024,0.0000,0,0,0.0000,0,0.0000,0,0,0,2340,0
1002,7.6877,12.7336,0.0025,0.0000,0,0,0.0000,0,0.0000,0,0,0,2206,0
1003,7.7108,12.7763,0.0036,0.0000,0,0,0.0000,0,0.0000,0,0,0,2351,0
1004,7.9787,13.1000,0.0040,0.0000,0,0,0.0000,0,0.0000,0,0,0,14508,0
1005,6.9202,13.1140,0.0035,0.0000,0,0,0.0000,0,0.0000,0,0,0,2815,0
1006,6.7468,12.8780,0.0027,0.0000,0,0,0.0000,0,0.0000,0,0,0,4063,0
1007,7.5894,13.3540,0.0034,0.0000,0,0,0.0000,0,0.0000,0,0,0,2607,0
1008,7.8357,12.9563,0.0072,0.0000,0,0,0.0000,0,0.0000,0,0,0,16988,0
1009,7.7795,12.7318,0.0032,0.0000,0,0,0.0000,0,0.0000,0,0,0,5147,0
1010,7.6746,13.3870,0.0038,0.0000,0,0,0.0000,0,0.0000,0,0,0,2861,0
1011,7.8260,12.7815,0.0026,0.0000,0,0,0.0000,0,0.0000,0,0,0,2884,0
1012,7.6688,13.0005,0.0092,0.0000,0,0,0.0000,0,0.0000,0,0,0,16593,0
1013,7.8133,12.8423,0.0032,0.0000,0,0,0.0000,0,0.0000,0,0,0,3346,0
1014,7.7437,12.8670,0.0039,0.0000,0,0,0.0000,0,0.0000,0,0,0,3136,0
1015,7.8421,12.9458,0.0029,0.0000,0,0,0.0000,0,0.0000,0,0,0,3251,0
1016,7.8134,12.7585,0.0031,0.0000,0,0,0.0000,0,0.0000,0,0,0,16719,0
1017,7.7668,12.9469,0.0034,0.0000,0,0,0.0000,0,0.0000,0,0,0,2521,0
1018,7.8452,12.8560,0.0033,0.0000,0,0,0.0000,0,0.0000,0,0,0,2585,0
1019,7.5290,13.1890,0.0026,0.0000,0,0,0.0000,0,0.0000,0,0,0,2839,0
1020,7.6445,13.7383,0.0037,0.0000,0,0,0.0000,0,0.0000,0,0,0,15827,0
1021,7.7660,12.7575,0.0025,0.0000,0,0,0.0000,0,0.0000,0,0,0,3545,0
1022,7.6424,12.7030,0.0025,0.0000,0,0,0.0000,0,0.0000,0,0,0,4690,0
1023,7.6950,12.7136,0.0031,0.0000,0,0,0.0000,0,0.0000,0,0,0,4216,0
1024,7.7582,10.8472,0.0260,0.0000,0,0,0.0000,0,0.0000,0,1,0,236750,0
1025,7.7966,13.0840,0.0141,0.0000,0,0,0.0000,0,0.0000,0,0,0,35827,0
1026,7.7561,12.8865,0.0044,0.0000,0,0,0.0000,0,0.0000,0,0,0,24627,0
1027,7.6723,12.8292,0.0035,0.0000,0,0,0.0000,0,0.0000,0,0,0,10395,0
1028,7.3081,13.2275,0.0035,0.0000,0,0,0.0000,0,0.0000,0,0,0,22997,0
1029,7.3957,13.2312,0.0047,0.0000,0,0,0.0000,0,0.0000,0,0,0,5425,0
1030,7.9498,12.9592,0.0027,0.0000,0,0,0.0000,0,0.0000,0,0,0,4195,0
1031,7.7217,12.8394,0.0052,0.0000,0,0,0.0000,0,0.0000,0,0,0,2579,0
1032,7.6663,13.0060,0.0043,0.0000,0,0,0.0000,0,0.0000,0,0,0,13755,0
1033,7.6924,12.7468,0.0026,0.0000,0,0,0.0000,0,0.0000,0,0,0,1801,0
1034,7.7157,12.9798,0.0020,0.0000,0,0,0.0000,0,0.0000,0,0,0,1820,0
1035,7.7183,13.3902,0.0020,0.0000,0,0,0.0000,0,0.0000,0,0,0,1652,0
1036,7.6666,12.9314,0.0064,0.0000,0,0,0.0000,0,0.0000,0,0,0,13785,0
1037,7.7296,12.7864,0.0022,0.0000,0,0,0.0000,0,0.0000,0,0,0,2153,0
1038,7.7242,12.8009,0.0028,0.0000,0,0,0.0000,0,0.0000,0,0,0,3168,0
1039,7.7527,12.7344,0.0027,0.0000,0,0,0.0000,0,0.0000,0,0,0,1888,0
1040,7.6552,12.7932,0.0052,0.0000,0,0,0.0000,0,0.0000,0,0,0,12189,0
1041,7.6929,12.7612,0.0031,0.0000,0,0,0.0000,0,0.0000,0,0,0,5334,0
1042,7.7328,13.0395,0.0041,0.0000,0,0,0.0000,0,0.0000,0,0,0,1977,0
1043,7.7498,13.8229,0.0028,0.0000,0,0,0.0000,0,0.0000,0,0,0,1803,0
1044,7.7518,12.8223,0.0029,0.0000,0,0,0.0000,0,0.0000,0,0,0,14861,0
1045,7.6936,12.8225,0.0030,0.0000,0,0,0.0000,0,0.0000,0,0,0,1811,0
1046,7.6973,13.3378,0.0025,0.0000,0,0,0.0000,0,0.0000,0,0,0,3485,0
1047,7.7547,15.5575,0.0025,0.0000,0,0,0.0000,0,0.0000,0,0,0,2019,0
1048,7.8054,13.3728,0.0042,0.0000,0,0,0.0000,0,0.0000,0,0,0,14827,0
1049,7.6768,13.2898,0.0029,0.0000,0,0,0.0000,0,0.0000,0,0,0,1564,0
1050,7.8027,13.1464,0.0022,0.0000,0,0,0.0000,0,0.0000,0,0,0,1570,0
1051,7.8630,15.5756,0.0027,0.0000,0,0,0.0000,0,0.0000,0,0,0,1534,0
1052,7.9043,15.2415,0.0046,0.0000,0,0,0.0000,0,0.0000,0,0,0,14166,0
1053,7.8376,14.0780,0.0045,0.0000,0,0,0.0000,0,0.0000,0,0,0,1805,0
1054,7.7526,13.3779,0.0043,0.0000,0,0,0.0000,0,0.0000,0,0,0,2593,0
1055,7.8564,12.7841,0.0023,0.0000,0,0,0.0000,0,0.0000,0,0,0,2363,0
1056,7.7242,12.8346,0.0033,0.0000,0,0,0.0000,0,0.0000,0,0,0,13048,0
1057,7.8542,13.0792,0.0064,0.0000,0,0,0.0000,0,0.0000,0,0,0,3123,0
1058,7.7713,12.9110,0.0038,0.0000,0,0,0.0000,0,0.0000,0,0,0,2295,0
1059,7.8033,12.8823,0.0027,0.0000,0,0,0.0000,0,0.0000,0,0,0,1639,0
1060,7.9084,13.9831,0.0045,0.0000,0,0,0.0000,0,0.0000,0,0,0,15457,0
1061,7.7097,13.2507,0.0027,0.0000,0,0,0.0000,0,0.0000,0,0,0,3517,0
1062,7.6955,12.7192,0.0022,0.0000,0,0,0.0000,0,0.0000,0,0,0,2679,0
1063,7.6993,12.7819,0.0023,0.0000,0,0,0.0000,0,0.0000,0,0,0,2337,0
1064,7.7107,13.2109,0.0045,0.0000,0,0,0.0000,0,0.0000,0,0,0,14554,0
1065,7.9464,13.1788,0.0037,0.0000,0,0,0.0000,0,0.0000,0,0,0,1903,0
1066,7.7694,12.9604,0.0056,0.0000,0,0,0.0000,0,0.0000,0,0,0,2112,0
1067,7.7200,12.9971,0.0037,0.0000,0,0,0.0000,0,0.0000,0,0,0,2073,0
1068,7.8610,13.2835,0.0073,0.0000,0,0,0.0000,0,0.0000,0,0,0,14398,0
1069,7.6990,12.9451,0.0023,0.0000,0,0,0.0000,0,0.0000,0,0,0,2477,0
1070,7.6981,13.0029,0.0020,0.0000,0,0,0.0000,0,0.0000,0,0,0,3158,0
1071,7.7070,13.2587,0.0036,0.0000,0,0,0.0000,0,0.0000,0,0,0,2355,0
1072,7.7603,13.4230,0.0041,0.0000,0,0,0.0000,0,0.0000,0,0,0,16144,0
1073,7.6463,14.2450,0.0036,0.0000,0,0,0.0000,0,0.0000,0,0,0,5081,0
1074,8.0622,12.9608,0.0026,0.0000,0,0,0.0000,0,0.0000,0,0,0,2539,0
1075,7.7490,12.7543,0.0024,0.0000,0,0,0.0000,0,0.0000,0,0,0,2530,0
1076,7.6925,12.9919,0.0040,0.0000,0,0,0.0000,0,0.0000,0,0,0,15939,0
1077,7.6695,14.1272,0.0032,0.0000,0,0,0.0000,0,0.0000,0,0,0,2853,0
1078,7.6422,14.4645,0.0050,0.0000,0,0,0.0000,0,0.0000,0,0,0,2904,0
1079,7.8440,12.8290,0.0027,0.0000,0,0,0.0000,0,0.0000,0,0,0,2977,0
1080,7.7013,13.2072,0.0031,0.0000,0,0,0.0000,0,0.0000,0,0,0,16123,0
1081,7.9421,13.3637,0.0034,0.0000,0,0,0.0000,0,0.0000,0,0,0,2718,0
1082,7.8460,14.3799,0.0025,0.0000,0,0,0.0000,0,0.0000,0,0,0,2552,0
1083,7.6954,13.6468,0.0033,0.0000,0,0,0.0000,0,0.0000,0,0,0,2714,0
1084,7.7289,10.6342,0.0259,0.0000,0,0,0.0000,0,0.0000,0,1,0,246938,0
1085,7.7097,12.9401,0.0078,0.0000,0,0,0.0000,0,0.0000,0,0,0,28131,0
1086,7.7562,12.8543,0.0081,0.0000,0,0,0.0000,0,0.0000,0,0,0,42163,0
1087,7.6847,13.7611,0.0064,0.0000,0,0,0.0000,0,0.0000,0,0,0,21132,0
1088,7.6736,14.1170,0.0040,0.0000,0,0,0.0000,0,0.0000,0,0,0,28780,0
1089,7.6977,14.0780,0.0053,0.0000,0,0,0.0000,0,0.0000,0,0,0,14151,0
1090,7.7500,12.7188,0.0025,0.0000,0,0,0.0000,0,0.0000,0,0,0,10320,0
1091,7.6534,12.6959,0.0019,0.0000,0,0,0.0000,0,0.0000,0,0,0,2492,0
1092,7.6223,14.2332,0.0032,0.0000,0,0,0.0000,0,0.0000,0,0,0,18182,0
1093,7.6591,14.0915,0.0033,0.0000,0,0,0.0000,0,0.0000,0,0,0,1876,0
1094,7.8441,14.4066,0.0044,0.0000,0,0,0.0000,0,0.0000,0,0,0,2472,0
1095,7.8641,14.4837,0.0033,0.0000,0,0,0.0000,0,0.0000,0,0,0,2376,0
1096,7.8312,13.0601,0.0059,0.0000,0,0,0.0000,0,0.0000,0,0,0,14248,0
1097,7.7139,12.7338,0.0021,0.0000,0,0,0.0000,0,0.0000,0,0,0,1829,0
1098,7.6718,14.0800,0.0024,0.0000,0,0,0.0000,0,0.0000,0,0,0,1853,0
1099,7.6982,16.7514,0.0038,0.0000,0,0,0.0000,0,0.0000,0,0,0,2125,0
1100,7.8599,16.0292,0.0041,0.0000,0,0,0.0000,0,0.0000,0,0,0,13978,0
1101,7.7043,16.3143,0.0028,0.0000,0,0,0.0000,0,0.0000,0,0,0,2614,0
1102,7.8706,16.9889,0.0030,0.0000,0,0,0.0000,0,0.0000,0,0,0,3974,0
1103,7.7168,16.9260,0.0037,0.0000,0,0,0.0000,0,0.0000,0,0,0,1797,0
1104,7.6542,15.0904,0.0041,0.0000,0,0,0.0000,0,0.0000,0,0,0,16281,0
1105,7.8647,12.9189,0.0034,0.0000,0,0,0.0000,0,0.0000,0,0,0,4891,0
1106,7.2251,12.9169,0.0026,0.0000,0,0,0.0000,0,0.0000,0,0,0,2288,0
1107,6.6637,13.2608,0.0025,0.0000,0,0,0.0000,0,0.0000,0,0,0,2171,0
1108,7.7816,13.6673,0.0039,0.0000,0,0,0.0000,0,0.0000,0,0,0,15813,0
1109,7.8264,13.3591,0.0023,0.0000,0,0,0.0000,0,0.0000,0,0,0,2407,0
1110,7.7179,14.6163,0.0026,0.0000,0,0,0.0000,0,0.0000,0,0,0,2456,0
1111,8.0997,14.4517,0.0029,0.0000,0,0,0.0000,0,0.0000,0,0,0,2058,0
1112,7.7339,14.3087,0.0044,0.0000,0,0,0.0000,0,0.0000,0,0,0,15714,0
1113,7.9385,14.2639,0.0024,0.0000,0,0,0.0000,0,0.0000,0,0,0,1681,0
1114,7.7962,12.9690,0.0021,0.0000,0,0,0.0000,0,0.0000,0,0,0,1703,0
1115,7.6571,13.0304,0.0052,0.0000,0,0,0.0000,0,0.0000,0,0,0,1969,0
1116,7.8116,12.8419,0.0037,0.0000,0,0,0.0000,0,0.0000,0,0,0,15318,0
1117,7.7744,14.2232,0.0040,0.0000,0,0,0.0000,0,0.0000,0,0,0,2391,0
1118,7.7464,14.4747,0.0031,0.0000,0,0,0.0000,0,0.0000,0,0,0,3399,0
1119,7.6209,15.7567,0.0023,0.0000,0,0,0.0000,0,0.0000,0,0,0,3392,0
1120,7.7663,16.2562,0.0099,0.0000,0,0,0.0000,0,0.0000,0,0,0,50716,0
1121,7.9598,15.0415,0.0030,0.0000,0,0,0.0000,0,0.0000,0,0,0,5978,0
1122,7.6184,12.7698,0.0020,0.0000,0,0,0.0000,0,0.0000,0,0,0,3641,0
1123,7.6762,16.0264,0.0024,0.0000,0,0,0.0000,0,0.0000,0,0,0,2600,0
1124,7.6655,16.5685,0.0072,0.0000,0,0,0.0000,0,0.0000,0,0,0,16503,0
1125,7.7491,16.4421,0.0030,0.0000,0,0,0.0000,0,0.0000,0,0,0,3661,0
1126,7.8320,16.3048,0.0028,0.0000,0,0,0.0000,0,0.0000,0,0,0,3530,0
1127,8.0938,16.8227,0.0023,0.0000,0,0,0.0000,0,0.0000,0,0,0,3436,0
1128,7.6485,13.5961,0.0043,0.0000,0,0,0.0000,0,0.0000,0,0,0,15452,0
1129,7.7745,15.7548,0.0033,0.0000,0,0,0.0000,0,0.0000,0,0,0,2587,0
1130,7.7573,14.3559,0.0031,0.0000,0,0,0.0000,0,0.0000,0,0,0,2625,0
1131,7.7977,16.3207,0.0036,0.0000,0,0,0.0000,0,0.0000,0,0,0,2891,0
1132,7.7948,16.3931,0.0040,0.0000,0,0,0.0000,0,0.0000,0,0,0,14987,0
1133,7.7103,15.9078,0.0039,0.0000,0,0,0.0000,0,0.0000,0,0,0,3255,0
1134,8.1370,14.5705,0.0031,0.0000,0,0,0.0000,0,0.0000,0,0,0,4550,0
1135,7.8503,14.0843,0.0029,0.0000,0,0,0.0000,0,0.0000,0,0,0,3121,0
1136,7.6655,16.5312,0.0061,0.0000,0,0,0.0000,0,0.0000,0,0,0,17786,0
1137,7.8408,16.6594,0.0037,0.0000,0,0,0.0000,0,0.0000,0,0,0,5592,0
1138,7.8607,15.9113,0.0037,0.0000,0,0,0.0000,0,0.0000,0,0,0,3578,0
1139,7.6256,16.8142,0.0037,0.0000,0,0,0.0000,0,0.0000,0,0,0,4149,0
1140,7.7877,16.1832,0.0036,0.0000,0,0,0.0000,0,0.0000,0,0,0,17443,0
1141,7.6969,16.3642,0.0040,0.0000,0,0,0.0000,0,0.0000,0,0,0,4132,0
1142,7.5378,15.0633,0.0040,0.0000,0,0,0.0000,0,0.0000,0,0,0,3812,0
1143,7.4793,14.1536,0.0042,0.0000,0,0,0.0000,0,0.0000,0,0,0,4416,0
1144,7.6272,10.6422,0.0231,0.0000,0,0,0.0000,0,0.0000,0,1,0,228422,0
1145,7.7661,13.3850,0.0141,0.0000,0,0,0.0000,0,0.0000,0,0,0,37811,0
1146,7.6869,13.0363,0.0043,0.0000,0,0,0.0000,0,0.0000,0,0,0,24401,0
1147,7.9143,13.4157,0.0040,0.0000,0,0,0.0000,0,0.0000,0,0,0,14293,0
1148,7.7853,13.2716,0.0088,0.0000,0,0,0.0000,0,0.0000,0,0,0,22506,0
1149,7.7925,13.2543,0.0062,0.0000,0,0,0.0000,0,0.0000,0,0,0,8358,0
1150,7.7922,12.9955,0.0032,0.0000,0,0,0.0000,0,0.0000,0,0,0,8909,0
1151,7.6501,13.3521,0.0053,0.0000,0,0,0.0000,0,0.0000,0,0,0,5960,0
1152,7.9320,13.1509,0.0066,0.0000,0,0,0.0000,0,0.0000,0,0,0,14018,0
1153,7.7918,13.5269,0.0050,0.0000,0,0,0.0000,0,0.0000,0,0,0,4192,0
1154,7.8636,13.0960,0.0027,0.0000,0,0,0.0000,0,0.0000,0,0,0,3151,0
1155,7.7810,14.1357,0.0064,0.0000,0,0,0.0000,0,0.0000,0,0,0,1712,0
1156,8.0090,13.3214,0.0043,0.0000,0,0,0.0000,0,0.0000,0,0,0,13439,0
1157,7.7175,13.6095,0.0060,0.0000,0,0,0.0000,0,0.0000,0,0,0,4061,0
1158,7.6716,13.2573,0.0058,0.0000,0,0,0.0000,0,0.0000,0,0,0,1871,0
1159,7.7839,12.9700,0.0032,0.0000,0,0,0.0000,0,0.0000,0,0,0,1745,0
1160,7.8411,13.0307,0.0075,0.0000,0,0,0.0000,0,0.0000,0,0,0,14410,0
1161,7.7406,13.0522,0.0040,0.0000,0,0,0.0000,0,0.0000,0,0,0,1518,0
1162,7.9575,13.0848,0.0031,0.0000,0,0,0.0000,0,0.0000,0,0,0,1509,0
1163,7.7646,12.8745,0.0040,0.0000,0,0,0.0000,0,0.0000,0,0,0,1681,0
1164,7.7791,12.8207,0.0107,0.0000,0,0,0.0000,0,0.0000,0,0,0,13205,0
1165,7.7484,12.9703,0.0043,0.0000,0,0,0.0000,0,0.0000,0,0,0,1958,0
1166,7.7009,12.8862,0.0042,0.0000,0,0,0.0000,0,0.0000,0,0,0,2327,0
1167,7.6798,13.5776,0.0037,0.0000,0,0,0.0000,0,0.0000,0,0,0,1709,0
1168,7.7105,12.9944,0.0045,0.0000,0,0,0.0000,0,0.0000,0,0,0,16320,0
1169,7.8126,13.3163,0.0050,0.0000,0,0,0.0000,0,0.0000,0,0,0,3628,0
1170,7.8095,13.4138,0.0044,0.0000,0,0,0.0000,0,0.0000,0,0,0,1769,0
1171,7.7915,13.4288,0.0050,0.0000,0,0,0.0000,0,0.0000,0,0,0,1906,0
1172,7.7661,12.8151,0.0039,0.0000,0,0,0.0000,0,0.0000,0,0,0,16348,0
1173,7.1902,12.8883,0.0025,0.0000,0,0,0.0000,0,0.0000,0,0,0,2627,0
1174,6.6865,12.9485,0.0054,0.0000,0,0,0.0000,0,0.0000,0,0,0,2148,0
1175,7.5771,13.2361,0.0024,0.0000,0,0,0.0000,0,0.0000,0,0,0,1920,0
1176,7.7017,13.2554,0.0047,0.0000,0,0,0.0000,0,0.0000,0,0,0,15607,0
1177,7.9105,13.3971,0.0024,0.0000,0,0,0.0000,0,0.0000,0,0,0,1765,0
1178,7.7016,13.6888,0.0028,0.0000,0,0,0.0000,0,0.0000,0,0,0,1763,0
1179,7.7967,13.1207,0.0025,0.0000,0,0,0.0000,0,0.0000,0,0,0,2750,0
1180,7.6708,13.2128,0.0065,0.0000,0,0,0.0000,0,0.0000,0,0,0,14546,0
1181,7.8520,13.2244,0.0024,0.0000,0,0,0.0000,0,0.0000,0,0,0,1881,0
1182,7.7825,13.4756,0.0032,0.0000,0,0,0.0000,0,0.0000,0,0,0,2799,0
1183,7.7471,12.9647,0.0028,0.0000,0,0,0.0000,0,0.0000,0,0,0,2677,0
1184,7.7986,13.3186,0.0031,0.0000,0,0,0.0000,0,0.0000,0,0,0,13297,0
1185,7.8897,13.3887,0.0057,0.0000,0,0,0.0000,0,0.0000,0,0,0,3932,0
1186,7.7877,12.9069,0.0032,0.0000,0,0,0.0000,0,0.0000,0,0,0,2835,0
1187,7.7546,12.8363,0.0025,0.0000,0,0,0.0000,0,0.0000,0,0,0,2626,0
1188,7.7169,12.8787,0.0079,0.0000,0,0,0.0000,0,0.0000,0,0,0,16434,0
1189,7.8596,12.7990,0.0031,0.0000,0,0,0.0000,0,0.0000,0,0,0,3287,0
1190,7.7119,12.8692,0.0043,0.0000,0,0,0.0000,0,0.0000,0,0,0,4223,0
1191,7.7042,12.9954,0.0050,0.0000,0,0,0.0000,0,0.0000,0,0,0,3973,0
1192,7.7863,12.8088,0.0065,0.0000,0,0,0.0000,0,0.0000,0,0,0,15197,0
1193,7.7128,13.8011,0.0060,0.0000,0,0,0.0000,0,0.0000,0,0,0,3150,0
1194,8.7558,13.0433,0.0031,0.0000,0,0,0.0000,0,0.0000,0,0,0,2183,0
1195,10.6475,13.5013,0.0029,0.0000,0,0,0.0000,0,0.0000,0,0,0,2850,0
1196,12.7260,13.2523,0.0047,0.0000,0,0,0.0000,0,0.0000,0,0,0,14425,0
1197,9.1632,13.4092,0.0043,0.0000,0,0,0.0000,0,0.0000,0,0,0,2570,0
1198,7.3058,13.0995,0.0033,0.0000,0,0,0.0000,0,0.0000,0,0,0,5311,0
1199,8.3120,13.1169,0.0040,0.0000,0,0,0.0000,0,0.0000,0,0,0,4089,0
1200,12.0218,13.6626,0.0054,0.0000,0,0,0.0000,0,0.0000,0,0,0,17231,0
1201,17.2151,15.5303,0.0055,0.0000,0,0,0.0000,0,0.0000,0,0,0,4980,0
1202,23.8820,14.3495,0.0071,0.0000,0,0,0.0000,0,0.0000,0,0,0,3586,0
1203,9.0367,14.6779,0.0040,0.0000,0,0,0.0000,0,0.0000,0,0,0,3747,0
1204,8.6651,15.2456,0.0575,0.0000,0,0,0.0000,0,0.0000,0,1,0,275542,0
1205,7.5265,18.1634,0.0133,0.0000,0,0,0.0000,0,0.0000,0,0,0,52035,0
1206,7.4471,12.9569,0.0311,0.0000,0,0,0.0000,0,0.0000,0,0,0,45619,0
1207,7.5853,12.9606,0.0051,0.0000,0,0,0.0000,0,0.0000,0,0,0,22993,0
1208,7.7756,12.9968,0.0058,0.0000,0,0,0.0000,0,0.0000,0,0,0,32232,0
1209,7.8322,12.8640,0.0033,0.0000,0,0,0.0000,0,0.0000,0,0,0,12138,0
1210,7.6065,12.8387,0.0030,0.0000,0,0,0.0000,0,0.0000,0,0,0,8731,0
1211,7.6383,12.8336,0.0030,0.0000,0,0,0.0000,0,0.0000,0,0,0,5883,0
1212,7.7393,12.8816,0.0038,0.0000,0,0,0.0000,0,0.0000,0,0,0,17978,0
1213,7.7562,13.0545,0.0040,0.0000,0,0,0.0000,0,0.0000,0,0,0,2865,0
1214,7.6085,12.8264,0.0029,0.0000,0,0,0.0000,0,0.0000,0,0,0,4772,0
1215,7.7153,12.7819,0.0025,0.0000,0,0,0.0000,0,0.0000,0,0,0,3914,0
1216,7.6693,12.7941,0.0047,0.0000,0,0,0.0000,0,0.0000,0,0,0,50573,0
1217,7.6790,12.8313,0.0034,0.0000,0,0,0.0000,0,0.0000,0,0,0,6293,0
1218,7.9380,13.0126,0.0028,0.0000,0,0,0.0000,0,0.0000,0,0,0,3478,0
1219,7.7353,14.0192,0.0046,0.0000,0,0,0.0000,0,0.0000,0,0,0,1623,0
1220,7.8990,17.0715,0.0052,0.0000,0,0,0.0000,0,0.0000,0,0,0,15808,0
1221,7.7857,16.6796,0.0028,0.0000,0,0,0.0000,0,0.0000,0,0,0,2392,0
1222,7.8771,16.5704,0.0029,0.0000,0,0,0.0000,0,0.0000,0,0,0,2335,0
1223,7.7908,16.3382,0.0040,0.0000,0,0,0.0000,0,0.0000,0,0,0,2504,0
1224,7.8201,16.6165,0.0040,0.0000,0,0,0.0000,0,0.0000,0,0,0,14755,0
1225,7.8470,16.8927,0.0031,0.0000,0,0,0.0000,0,0.0000,0,0,0,2158,0
1226,7.8151,16.9233,0.0043,0.0000,0,0,0.0000,0,0.0000,0,0,0,1890,0
1227,7.7655,15.9889,0.0047,0.0000,0,0,0.0000,0,0.0000,0,0,0,1828,0
1228,7.8178,14.4269,0.0035,0.0000,0,0,0.0000,0,0.0000,0,0,0,14431,0
1229,7.7648,13.3963,0.0032,0.0000,0,0,0.0000,0,0.0000,0,0,0,2686,0
1230,7.8580,14.6025,0.0031,0.0000,0,0,0.0000,0,0.0000,0,0,0,3250,0
1231,7.8565,14.3576,0.0029,0.0000,0,0,0.0000,0,0.0000,0,0,0,1992,0
1232,7.7412,14.3516,0.0055,0.0000,0,0,0.0000,0,0.0000,0,0,0,16935,0
1233,7.8609,14.2904,0.0043,0.0000,0,0,0.0000,0,0.0000,0,0,0,5211,0
1234,7.6713,13.9421,0.0030,0.0000,0,0,0.0000,0,0.0000,0,0,0,2312,0
1235,7.8505,14.4991,0.0050,0.0000,0,0,0.0000,0,0.0000,0,0,0,2509,0
1236,7.7855,13.7308,0.0045,0.0000,0,0,0.0000,0,0.0000,0,0,0,16247,0
1237,7.8275,14.9246,0.0040,0.0000,0,0,0.0000,0,0.0000,0,0,0,2783,0
1238,7.7442,14.9308,0.0035,0.0000,0,0,0.0000,0,0.0000,0,0,0,2430,0
1239,7.7186,14.3268,0.0036,0.0000,0,0,0.0000,0,0.0000,0,0,0,2608,0
1240,7.7759,14.1333,0.0035,0.0000,0,0,0.0000,0,0.0000,0,0,0,16323,0
1241,7.7406,14.3867,0.0041,0.0000,0,0,0.0000,0,0.0000,0,0,0,2181,0
1242,7.7737,14.2084,0.0053,0.0000,0,0,0.0000,0,0.0000,0,0,0,2314,0
1243,7.8364,14.7364,0.0033,0.0000,0,0,0.0000,0,0.0000,0,0,0,2479,0
1244,7.8667,15.4352,0.0043,0.0000,0,0,0.0000,0,0.0000,0,0,0,15792,0
1245,7.7587,13.7647,0.0038,0.0000,0,0,0.0000,0,0.0000,0,0,0,2860,0
1246,7.8040,14.6710,0.0036,0.0000,0,0,0.0000,0,0.0000,0,0,0,4511,0
1247,7.9793,14.2660,0.0033,0.0000,0,0,0.0000,0,0.0000,0,0,0,4535,0
1248,7.7397,14.2907,0.0040,0.0000,0,0,0.0000,0,0.0000,0,0,0,15566,0
1249,7.9608,14.1414,0.0038,0.0000,0,0,0.0000,0,0.0000,0,0,0,5841,0
1250,7.6802,14.4987,0.0033,0.0000,0,0,0.0000,0,0.0000,0,0,0,4688,0
1251,7.7814,14.2010,0.0041,0.0000,0,0,0.0000,0,0.0000,0,0,0,3481,0
1252,7.8381,13.2871,0.0067,0.0000,0,0,0.0000,0,0.0000,0,0,0,17038,0
1253,7.6662,14.8414,0.0036,0.0000,0,0,0.0000,0,0.0000,0,0,0,4163,0
1254,7.9913,16.8861,0.0023,0.0000,0,0,0.0000,0,0.0000,0,0,0,3950,0
1255,7.7097,16.1215,0.0036,0.0000,0,0,0.0000,0,0.0000,0,0,0,4322,0
1256,7.8138,16.8040,0.0037,0.0000,0,0,0.0000,0,0.0000,0,0,0,16075,0
1257,7.8594,17.0774,0.0025,0.0000,0,0,0.0000,0,0.0000,0,0,0,3020,0
1258,7.7155,15.9398,0.0031,0.0000,0,0,0.0000,0,0.0000,0,0,0,3117,0
1259,8.0369,16.6582,0.0034,0.0000,0,0,0.0000,0,0.0000,0,0,0,3413,0
1260,7.9717,16.5445,0.0037,0.0000,0,0,0.0000,0,0.0000,0,0,0,15550,0
1261,7.7517,17.3890,0.0031,0.0000,0,0,0.0000,0,0.0000,0,0,0,3923,0
1262,7.7457,15.6140,0.0044,0.0000,0,0,0.0000,0,0.0000,0,0,0,6308,0
1263,7.8097,16.8583,0.0029,0.0000,0,0,0.0000,0,0.0000,0,0,0,5170,0
1264,7.8516,13.3624,0.0976,0.0000,0,0,0.0000,0,0.0000,0,1,0,206878,0
1265,7.9229,14.7628,0.0110,0.0000,0,0,0.0000,0,0.0000,0,0,0,42191,0
1266,7.6245,14.6714,0.0042,0.0000,0,0,0.0000,0,0.0000,0,0,0,27874,0
1267,7.7076,16.0518,0.0030,0.0000,0,0,0.0000,0,0.0000,0,0,0,16471,0
1268,7.6199,14.2744,0.0042,0.0000,0,0,0.0000,0,0.0000,0,0,0,26185,0
1269,7.6665,14.4763,0.0022,0.0000,0,0,0.0000,0,0.0000,0,0,0,7259,0
1270,7.6455,12.7814,0.0022,0.0000,0,0,0.0000,0,0.0000,0,0,0,4665,0
1271,7.7783,14.1719,0.0029,0.0000,0,0,0.0000,0,0.0000,0,0,0,2039,0
1272,7.8959,14.4131,0.0030,0.0000,0,0,0.0000,0,0.0000,0,0,0,14458,0
1273,7.7743,14.4569,0.0024,0.0000,0,0,0.0000,0,0.0000,0,0,0,1652,0
1274,7.7763,14.8893,0.0022,0.0000,0,0,0.0000,0,0.0000,0,0,0,1666,0
1275,7.6393,16.2033,0.0017,0.0000,0,0,0.0000,0,0.0000,0,0,0,1718,0
1276,7.6980,15.9110,0.0026,0.0000,0,0,0.0000,0,0.0000,0,0,0,14118,0
1277,7.6904,14.4756,0.0021,0.0000,0,0,0.0000,0,0.0000,0,0,0,1995,0
1278,7.7563,13.6442,0.0019,0.0000,0,0,0.0000,0,0.0000,0,0,0,3209,0
1279,7.6687,13.9007,0.0020,0.0000,0,0,0.0000,0,0.0000,0,0,0,2697,0
1280,7.6357,12.7416,0.0044,0.0000,0,0,0.0000,0,0.0000,0,0,0,45318,0
1281,7.6860,12.7543,0.0025,0.0000,0,0,0.0000,0,0.0000,0,0,0,2887,0
1282,7.7130,14.4327,0.0030,0.0000,0,0,0.0000,0,0.0000,0,0,0,2211,0
1283,7.6665,14.4769,0.0020,0.0000,0,0,0.0000,0,0.0000,0,0,0,1556,0
1284,7.6495,14.4784,0.0030,0.0000,0,0,0.0000,0,0.0000,0,0,0,13198,0
1285,7.6985,13.4909,0.0027,0.0000,0,0,0.0000,0,0.0000,0,0,0,3976,0
1286,7.6757,14.1646,0.0025,0.0000,0,0,0.0000,0,0.0000,0,0,0,1636,0
1287,7.6530,13.8327,0.0020,0.0000,0,0,0.0000,0,0.0000,0,0,0,1635,0
1288,7.6351,13.3346,0.0033,0.0000,0,0,0.0000,0,0.0000,0,0,0,14313,0
1289,7.7230,13.4146,0.0026,0.0000,0,0,0.0000,0,0.0000,0,0,0,1539,0
1290,7.7011,14.5896,0.0023,0.0000,0,0,0.0000,0,0.0000,0,0,0,1540,0
1291,7.7209,14.3875,0.0017,0.0000,0,0,0.0000,0,0.0000,0,0,0,1665,0
1292,7.6795,14.4936,0.0030,0.0000,0,0,0.0000,0,0.0000,0,0,0,14232,0
1293,7.7721,14.4138,0.0026,0.0000,0,0,0.0000,0,0.0000,0,0,0,1629,0
1294,7.7560,13.1523,0.0017,0.0000,0,0,0.0000,0,0.0000,0,0,0,2040,0
1295,7.6519,13.5773,0.0020,0.0000,0,0,0.0000,0,0.0000,0,0,0,1680,0
1296,7.7491,13.3527,0.0032,0.0000,0,0,0.0000,0,0.0000,0,0,0,16160,0
1297,7.5782,14.3996,0.0022,0.0000,0,0,0.0000,0,0.0000,0,0,0,5110,0
1298,7.7178,13.8918,0.0019,0.0000,0,0,0.0000,0,0.0000,0,0,0,1972,0
1299,7.5730,14.1702,0.0019,0.0000,0,0,0.0000,0,0.0000,0,0,0,1657,0
1300,7.7440,14.2290,0.0030,0.0000,0,0,0.0000,0,0.0000,0,0,0,15450,0
1301,7.6308,13.9565,0.0018,0.0000,0,0,0.0000,0,0.0000,0,0,0,1721,0
1302,7.7049,14.2453,0.0017,0.0000,0,0,0.0000,0,0.0000,0,0,0,1661,0
1303,7.6115,14.4712,0.0020,0.0000,0,0,0.0000,0,0.0000,0,0,0,1725,0
1304,7.6910,14.5470,0.0030,0.0000,0,0,0.0000,0,0.0000,0,0,0,15934,0
1305,7.5993,12.7014,0.0018,0.0000,0,0,0.0000,0,0.0000,0,0,0,1787,0
1306,7.6269,13.8027,0.0020,0.0000,0,0,0.0000,0,0.0000,0,0,0,1616,0
1307,7.6680,14.3852,0.0022,0.0000,0,0,0.0000,0,0.0000,0,0,0,1629,0
1308,7.6808,14.3616,0.0027,0.0000,0,0,0.0000,0,0.0000,0,0,0,15323,0
1309,7.6785,13.2869,0.0022,0.0000,0,0,0.0000,0,0.0000,0,0,0,1784,0
1310,7.6152,12.7705,0.0022,0.0000,0,0,0.0000,0,0.0000,0,0,0,3672,0
1311,7.5898,12.8567,0.0031,0.0000,0,0,0.0000,0,0.0000,0,0,0,3744,0
1312,7.5400,12.7031,0.0032,0.0000,0,0,0.0000,0,0.0000,0,0,0,14578,0
1313,7.5508,12.8732,0.0020,0.0000,0,0,0.0000,0,0.0000,0,0,0,4300,0
1314,7.7274,13.1225,0.0022,0.0000,0,0,0.0000,0,0.0000,0,0,0,2510,0
1315,7.5819,14.1280,0.0018,0.0000,0,0,0.0000,0,0.0000,0,0,0,1848,0
1316,7.6360,14.1518,0.0034,0.0000,0,0,0.0000,0,0.0000,0,0,0,15856,0
1317,7.6515,14.4081,0.0020,0.0000,0,0,0.0000,0,0.0000,0,0,0,3608,0
1318,7.6102,14.4108,0.0020,0.0000,0,0,0.0000,0,0.0000,0,0,0,4132,0
1319,7.6469,14.4882,0.0019,0.0000,0,0,0.0000,0,0.0000,0,0,0,2161,0
1320,7.6691,14.6281,0.0039,0.0000,0,0,0.0000,0,0.0000,0,0,0,14839,0
1321,7.6933,14.5554,0.0022,0.0000,0,0,0.0000,0,0.0000,0,0,0,1818,0
1322,7.7145,14.4980,0.0017,0.0000,0,0,0.0000,0,0.0000,0,0,0,1860,0
1323,7.5647,14.4308,0.0017,0.0000,0,0,0.0000,0,0.0000,0,0,0,1859,0
1324,7.6477,11.3576,0.0448,0.0000,0,0,0.0000,0,0.0000,0,1,0,242922,0
1325,7.7618,13.5679,0.0073,0.0000,0,0,0.0000,0,0.0000,0,0,0,41927,0
1326,7.6271,13.1086,0.0036,0.0000,0,0,0.0000,0,0.0000,0,0,0,39880,0
1327,7.7088,14.4480,0.0027,0.0000,0,0,0.0000,0,0.0000,0,0,0,11373,0
1328,7.6128,14.1911,0.0065,0.0000,0,0,0.0000,0,0.0000,0,0,0,28520,0
1329,7.6880,14.6351,0.0027,0.0000,0,0,0.0000,0,0.0000,0,0,0,10371,0
1330,7.7273,13.6776,0.0020,0.0000,0,0,0.0000,0,0.0000,0,0,0,8950,0
1331,7.6327,14.2416,0.0021,0.0000,0,0,0.0000,0,0.0000,0,0,0,6626,0
1332,7.6678,14.6641,0.0038,0.0000,0,0,0.0000,0,0.0000,0,0,0,21309,0
1333,7.6632,14.4362,0.0025,0.0000,0,0,0.0000,0,0.0000,0,0,0,3546,0
1334,7.6754,14.1324,0.0019,0.0000,0,0,0.0000,0,0.0000,0,0,0,2947,0
1335,7.5817,14.0995,0.0021,0.0000,0,0,0.0000,0,0.0000,0,0,0,2972,0
1336,7.6424,14.1550,0.0031,0.0000,0,0,0.0000,0,0.0000,0,0,0,15344,0
1337,7.6175,14.4537,0.0020,0.0000,0,0,0.0000,0,0.0000,0,0,0,2395,0
1338,7.6369,12.8436,0.0017,0.0000,0,0,0.0000,0,0.0000,0,0,0,2350,0
1339,7.6323,13.4669,0.0021,0.0000,0,0,0.0000,0,0.0000,0,0,0,2477,0
1340,7.6016,12.6932,0.0028,0.0000,0,0,0.0000,0,0.0000,0,0,0,14675,0
1341,7.5728,12.7545,0.0024,0.0000,0,0,0.0000,0,0.0000,0,0,0,2321,0
1342,7.7404,13.4549,0.0025,0.0000,0,0,0.0000,0,0.0000,0,0,0,3112,0
1343,7.6803,13.0562,0.0021,0.0000,0,0,0.0000,0,0.0000,0,0,0,2849,0
1344,7.6482,13.3911,0.0025,0.0000,0,0,0.0000,0,0.0000,0,0,0,12720,0
1345,7.6541,13.1193,0.0020,0.0000,0,0,0.0000,0,0.0000,0,0,0,2848,0
1346,7.5988,16.5541,0.0051,0.0000,0,0,0.0000,0,0.0000,0,0,0,2401,0
1347,7.6254,12.8133,0.0031,0.0000,0,0,0.0000,0,0.0000,0,0,0,1543,0
1348,7.5559,12.6993,0.0032,0.0000,0,0,0.0000,0,0.0000,0,0,0,13438,0
1349,7.5811,12.7445,0.0020,0.0000,0,0,0.0000,0,0.0000,0,0,0,3923,0
1350,7.5646,12.9686,0.0018,0.0000,0,0,0.0000,0,0.0000,0,0,0,1651,0
1351,7.6590,13.3599,0.0025,0.0000,0,0,0.0000,0,0.0000,0,0,0,1583,0
1352,7.6647,12.8103,0.0025,0.0000,0,0,0.0000,0,0.0000,0,0,0,13537,0
1353,7.5585,12.8118,0.0018,0.0000,0,0,0.0000,0,0.0000,0,0,0,1617,0
1354,7.6088,13.4985,0.0019,0.0000,0,0,0.0000,0,0.0000,0,0,0,1594,0
1355,7.6615,13.8083,0.0018,0.0000,0,0,0.0000,0,0.0000,0,0,0,1634,0
1356,7.5932,12.8465,0.0031,0.0000,0,0,0.0000,0,0.0000,0,0,0,14256,0
1357,7.5586,14.3875,0.0021,0.0000,0,0,0.0000,0,0.0000,0,0,0,2034,0
1358,7.6125,14.4083,0.0024,0.0000,0,0,0.0000,0,0.0000,0,0,0,2998,0
1359,7.6186,14.3613,0.0018,0.0000,0,0,0.0000,0,0.0000,0,0,0,1939,0
1360,7.6497,14.4807,0.0030,0.0000,0,0,0.0000,0,0.0000,0,0,0,16075,0
1361,7.6363,14.2522,0.0023,0.0000,0,0,0.0000,0,0.0000,0,0,0,5028,0
1362,7.5950,13.9912,0.0019,0.0000,0,0,0.0000,0,0.0000,0,0,0,1778,0
1363,7.5991,14.4562,0.0022,0.0000,0,0,0.0000,0,0.0000,0,0,0,1961,0
1364,7.7042,14.5628,0.0035,0.0000,0,0,0.0000,0,0.0000,0,0,0,16018,0
1365,7.6483,14.5084,0.0019,0.0000,0,0,0.0000,0,0.0000,0,0,0,1867,0
1366,7.5995,14.5539,0.0017,0.0000,0,0,0.0000,0,0.0000,0,0,0,1933,0
1367,7.6231,14.2881,0.0019,0.0000,0,0,0.0000,0,0.0000,0,0,0,1999,0
1368,7.6027,14.6085,0.0027,0.0000,0,0,0.0000,0,0.0000,0,0,0,15800,0
1369,7.6321,14.3141,0.0023,0.0000,0,0,0.0000,0,0.0000,0,0,0,1648,0
1370,7.7940,14.2771,0.0020,0.0000,0,0,0.0000,0,0.0000,0,0,0,1620,0
1371,7.6433,14.2225,0.0022,0.0000,0,0,0.0000,0,0.0000,0,0,0,1732,0
1372,7.7415,14.3371,0.0025,0.0000,0,0,0.0000,0,0.0000,0,0,0,14974,0
1373,7.9783,15.0361,0.0021,0.0000,0,0,0.0000,0,0.0000,0,0,0,1766,0
1374,7.9149,16.4155,0.0018,0.0000,0,0,0.0000,0,0.0000,0,0,0,2425,0
1375,7.6566,14.7816,0.0025,0.0000,0,0,0.0000,0,0.0000,0,0,0,2783,0
1376,7.7687,14.3626,0.0092,0.0000,0,0,0.0000,0,0.0000,0,0,0,49966,0
1377,7.7264,14.3535,0.0029,0.0000,0,0,0.0000,0,0.0000,0,0,0,5402,0
1378,7.7443,14.5080,0.0020,0.0000,0,0,0.0000,0,0.0000,0,0,0,2850,0
1379,7.6812,14.5003,0.0029,0.0000,0,0,0.0000,0,0.0000,0,0,0,2154,0
1380,7.7526,14.1688,0.0034,0.0000,0,0,0.0000,0,0.0000,0,0,0,16215,0
1381,7.6284,13.9287,0.0029,0.0000,0,0,0.0000,0,0.0000,0,0,0,3869,0
1382,7.5672,13.5599,0.0028,0.0000,0,0,0.0000,0,0.0000,0,0,0,3673,0
1383,7.5607,13.3118,0.0026,0.0000,0,0,0.0000,0,0.0000,0,0,0,3166,0
1384,7.7290,10.7058,0.0222,0.0000,0,0,0.0000,0,0.0000,0,1,0,223143,0
1385,7.6738,12.9553,0.0081,0.0000,0,0,0.0000,0,0.0000,0,0,0,43052,0
1386,7.7520,12.7531,0.0063,0.0000,0,0,0.0000,0,0.0000,0,0,0,28457,0
1387,7.7731,12.7980,0.0029,0.0000,0,0,0.0000,0,0.0000,0,0,0,15639,0
1388,7.6131,12.7148,0.0042,0.0000,0,0,0.0000,0,0.0000,0,0,0,23867,0
1389,7.8138,13.9637,0.0032,0.0000,0,0,0.0000,0,0.0000,0,0,0,11201,0
1390,7.6788,13.9052,0.0032,0.0000,0,0,0.0000,0,0.0000,0,0,0,12029,0
1391,7.7051,13.0435,0.0027,0.0000,0,0,0.0000,0,0.0000,0,0,0,3964,0
1392,7.6018,13.0802,0.0038,0.0000,0,0,0.0000,0,0.0000,0,0,0,21017,0
1393,7.7681,13.0829,0.0025,0.0000,0,0,0.0000,0,0.0000,0,0,0,5317,0
1394,7.6427,13.0349,0.0023,0.0000,0,0,0.0000,0,0.0000,0,0,0,3870,0
1395,7.7306,13.3654,0.0022,0.0000,0,0,0.0000,0,0.0000,0,0,0,3678,0
1396,7.6483,13.2052,0.0032,0.0000,0,0,0.0000,0,0.0000,0,0,0,15880,0
1397,7.7592,13.2739,0.0035,0.0000,0,0,0.0000,0,0.0000,0,0,0,3151,0
1398,18.3984,14.7985,0.0057,0.0000,0,0,0.0000,0,0.0000,0,0,0,2798,0
1399,14.8354,13.0434,0.0022,0.0000,0,0,0.0000,0,0.0000,0,0,0,2394,0
1400,6.7466,17.5817,0.0033,0.0000,0,0,0.0000,0,0.0000,0,0,0,15525,0
1401,6.4394,20.8749,0.0028,0.0000,0,0,0.0000,0,0.0000,0,0,0,1946,0
1402,7.5780,13.8469,0.0018,0.0000,0,0,0.0000,0,0.0000,0,0,0,1989,0
1403,7.6705,13.0877,0.0018,0.0000,0,0,0.0000,0,0.0000,0,0,0,2078,0
1404,7.5884,12.9347,0.0028,0.0000,0,0,0.0000,0,0.0000,0,0,0,14988,0
1405,7.6395,13.1350,0.0019,0.0000,0,0,0.0000,0,0.0000,0,0,0,2038,0
1406,7.6374,13.0408,0.0025,0.0000,0,0,0.0000,0,0.0000,0,0,0,3107,0
1407,7.6476,13.0919,0.0023,0.0000,0,0,0.0000,0,0.0000,0,0,0,2699,0
1408,7.6124,13.2591,0.0031,0.0000,0,0,0.0000,0,0.0000,0,0,0,13113,0
1409,7.6379,13.0765,0.0022,0.0000,0,0,0.0000,0,0.0000,0,0,0,3279,0
1410,7.5868,13.4592,0.0020,0.0000,0,0,0.0000,0,0.0000,0,0,0,2441,0
1411,7.6480,13.7395,0.0015,0.0000,0,0,0.0000,0,0.0000,0,0,0,1735,0
1412,7.6070,13.8082,0.0030,0.0000,0,0,0.0000,0,0.0000,0,0,0,15490,0
1413,7.6459,13.9034,0.0019,0.0000,0,0,0.0000,0,0.0000,0,0,0,3058,0
1414,7.6082,13.6654,0.0027,0.0000,0,0,0.0000,0,0.0000,0,0,0,2363,0
1415,7.6340,13.3432,0.0021,0.0000,0,0,0.0000,0,0.0000,0,0,0,2413,0
1416,7.6504,12.9796,0.0034,0.0000,0,0,0.0000,0,0.0000,0,0,0,14535,0
1417,7.6769,13.0829,0.0015,0.0000,0,0,0.0000,0,0.0000,0,0,0,2088,0
1418,7.6006,13.0383,0.0020,0.0000,0,0,0.0000,0,0.0000,0,0,0,2520,0
1419,7.6500,13.8222,0.0015,0.0000,0,0,0.0000,0,0.0000,0,0,0,1924,0
1420,7.6067,13.0243,0.0032,0.0000,0,0,0.0000,0,0.0000,0,0,0,14188,0
1421,7.5894,13.0653,0.0019,0.0000,0,0,0.0000,0,0.0000,0,0,0,2449,0
1422,7.6341,13.0375,0.0024,0.0000,0,0,0.0000,0,0.0000,0,0,0,3660,0
1423,7.6216,13.3517,0.0023,0.0000,0,0,0.0000,0,0.0000,0,0,0,2023,0
1424,7.6318,13.7263,0.0055,0.0000,0,0,0.0000,0,0.0000,0,0,0,16517,0
1425,7.6145,13.9443,0.0022,0.0000,0,0,0.0000,0,0.0000,0,0,0,4470,0
1426,7.6231,13.2562,0.0015,0.0000,0,0,0.0000,0,0.0000,0,0,0,2757,0
1427,7.5801,12.9770,0.0021,0.0000,0,0,0.0000,0,0.0000,0,0,0,2394,0
1428,7.6519,13.1865,0.0035,0.0000,0,0,0.0000,0,0.0000,0,0,0,16121,0
1429,7.6525,13.0618,0.0020,0.0000,0,0,0.0000,0,0.0000,0,0,0,2738,0
1430,7.5468,13.1358,0.0019,0.0000,0,0,0.0000,0,0.0000,0,0,0,2644,0
1431,7.6112,13.2659,0.0023,0.0000,0,0,0.0000,0,0.0000,0,0,0,2646,0
1432,7.6418,13.1867,0.0030,0.0000,0,0,0.0000,0,0.0000,0,0,0,16279,0
1433,7.6240,12.7338,0.0018,0.0000,0,0,0.0000,0,0.0000,0,0,0,2192,0
1434,7.5857,12.7323,0.0020,0.0000,0,0,0.0000,0,0.0000,0,0,0,2168,0
1435,7.5664,12.7055,0.0022,0.0000,0,0,0.0000,0,0.0000,0,0,0,2273,0
1436,7.5409,12.7263,0.0033,0.0000,0,0,0.0000,0,0.0000,0,0,0,15459,0
1437,7.6161,12.6885,0.0020,0.0000,0,0,0.0000,0,0.0000,0,0,0,2642,0
1438,7.6556,12.7428,0.0023,0.0000,0,0,0.0000,0,0.0000,0,0,0,3718,0
1439,7.5387,12.7860,0.0022,0.0000,0,0,0.0000,0,0.0000,0,0,0,3302,0
1440,7.5994,12.8072,0.0030,0.0000,0,0,0.0000,0,0.0000,0,0,0,14438,0
1441,7.5757,12.7812,0.0027,0.0000,0,0,0.0000,0,0.0000,0,0,0,3887,0
1442,7.5552,12.7373,0.0024,0.0000,0,0,0.0000,0,0.0000,0,0,0,3333,0
1443,7.5442,12.7257,0.0023,0.0000,0,0,0.0000,0,0.0000,0,0,0,2807,0
1444,7.5456,10.5200,0.0241,0.0000,0,0,0.0000,0,0.0000,0,1,0,235254,0
1445,7.5454,12.7381,0.0077,0.0000,0,0,0.0000,0,0.0000,0,0,0,34759,0
1446,7.6003,12.7766,0.0033,0.0000,0,0,0.0000,0,0.0000,0,0,0,35643,0
1447,7.5382,12.7530,0.0037,0.0000,0,0,0.0000,0,0.0000,0,0,0,25399,0
1448,7.5895,12.6949,0.0032,0.0000,0,0,0.0000,0,0.0000,0,0,0,33779,0
1449,7.5913,12.6960,0.0030,0.0000,0,0,0.0000,0,0.0000,0,0,0,12666,0
1450,7.5309,12.6722,0.0024,0.0000,0,0,0.0000,0,0.0000,0,0,0,9026,0
1451,7.5678,12.6274,0.0025,0.0000,0,0,0.0000,0,0.0000,0,0,0,6164,0
1452,7.5757,12.7295,0.0026,0.0000,0,0,0.0000,0,0.0000,0,0,0,16803,0
1453,7.7150,12.7171,0.0020,0.0000,0,0,0.0000,0,0.0000,0,0,0,4891,0
1454,7.5614,12.6586,0.0019,0.0000,0,0,0.0000,0,0.0000,0,0,0,4373,0
1455,7.5369,12.6536,0.0018,0.0000,0,0,0.0000,0,0.0000,0,0,0,1788,0
1456,7.5320,12.6912,0.0030,0.0000,0,0,0.0000,0,0.0000,0,0,0,16660,0
1457,7.5693,12.6470,0.0021,0.0000,0,0,0.0000,0,0.0000,0,0,0,5164,0
1458,7.5338,12.6800,0.0017,0.0000,0,0,0.0000,0,0.0000,0,0,0,2509,0
1459,7.5219,16.1877,0.0019,0.0000,0,0,0.0000,0,0.0000,0,0,0,2908,0
1460,7.5958,16.2244,0.0032,0.0000,0,0,0.0000,0,0.0000,0,0,0,15842,0
1461,7.7199,16.2032,0.0027,0.0000,0,0,0.0000,0,0.0000,0,0,0,2797,0
1462,7.6698,16.2592,0.0018,0.0000,0,0,0.0000,0,0.0000,0,0,0,2570,0
1463,7.6332,16.2147,0.0020,0.0000,0,0,0.0000,0,0.0000,0,0,0,2227,0
1464,7.5639,16.2271,0.0031,0.0000,0,0,0.0000,0,0.0000,0,0,0,15795,0
1465,7.7510,16.2280,0.0021,0.0000,0,0,0.0000,0,0.0000,0,0,0,1726,0
1466,7.6667,16.2290,0.0020,0.0000,0,0,0.0000,0,0.0000,0,0,0,1739,0
1467,7.6395,14.7781,0.0023,0.0000,0,0,0.0000,0,0.0000,0,0,0,1767,0
1468,7.8394,15.0427,0.0033,0.0000,0,0,0.0000,0,0.0000,0,0,0,15041,0
1469,7.6271,12.9970,0.0020,0.0000,0,0,0.0000,0,0.0000,0,0,0,2174,0
1470,7.7026,14.5160,0.0025,0.0000,0,0,0.0000,0,0.0000,0,0,0,3277,0
1471,7.6381,14.5248,0.0019,0.0000,0,0,0.0000,0,0.0000,0,0,0,3030,0
1472,7.6834,13.9950,0.0081,0.0000,0,0,0.0000,0,0.0000,0,0,0,50645,0
1473,7.5915,14.1743,0.0025,0.0000,0,0,0.0000,0,0.0000,0,0,0,5939,0
1474,7.8013,12.7690,0.0024,0.0000,0,0,0.0000,0,0.0000,0,0,0,2850,0
1475,7.6546,13.3358,0.0022,0.0000,0,0,0.0000,0,0.0000,0,0,0,2012,0
1476,7.6099,12.7060,0.0030,0.0000,0,0,0.0000,0,0.0000,0,0,0,16175,0
1477,7.5433,12.6717,0.0020,0.0000,0,0,0.0000,0,0.0000,0,0,0,2986,0
1478,7.5906,12.7182,0.0020,0.0000,0,0,0.0000,0,0.0000,0,0,0,3080,0
1479,7.5347,12.6933,0.0020,0.0000,0,0,0.0000,0,0.0000,0,0,0,3536,0
1480,7.5551,12.7119,0.0028,0.0000,0,0,0.0000,0,0.0000,0,0,0,15342,0
1481,7.5460,12.7033,0.0019,0.0000,0,0,0.0000,0,0.0000,0,0,0,2337,0
1482,7.6826,14.0246,0.0020,0.0000,0,0,0.0000,0,0.0000,0,0,0,2283,0
1483,7.6149,14.6024,0.0021,0.0000,0,0,0.0000,0,0.0000,0,0,0,2427,0
1484,7.6303,14.0803,0.0031,0.0000,0,0,0.0000,0,0.0000,0,0,0,14724,0
1485,7.5310,14.5758,0.0018,0.0000,0,0,0.0000,0,0.0000,0,0,0,2931,0
1486,7.6185,14.5719,0.0028,0.0000,0,0,0.0000,0,0.0000,0,0,0,4577,0
1487,7.6674,14.5808,0.0025,0.0000,0,0,0.0000,0,0.0000,0,0,0,2810,0
1488,7.7070,12.7683,0.0066,0.0000,0,0,0.0000,0,0.0000,0,0,0,17191,0
1489,7.5554,13.4205,0.0024,0.0000,0,0,0.0000,0,0.0000,0,0,0,4886,0
1490,7.6366,13.0044,0.0028,0.0000,0,0,0.0000,0,0.0000,0,0,0,3234,0
1491,7.5274,12.6945,0.0022,0.0000,0,0,0.0000,0,0.0000,0,0,0,3258,0
1492,7.6647,12.7018,0.0032,0.0000,0,0,0.0000,0,0.0000,0,0,0,16885,0
1493,7.5542,12.6765,0.0022,0.0000,0,0,0.0000,0,0.0000,0,0,0,3671,0
1494,7.6156,12.6858,0.0031,0.0000,0,0,0.0000,0,0.0000,0,0,0,3476,0
1495,7.2499,12.6717,0.0023,0.0000,0,0,0.0000,0,0.0000,0,0,0,3663,0
1496,7.5329,12.7036,0.0034,0.0000,0,0,0.0000,0,0.0000,0,0,0,17146,0
1497,7.5098,12.7003,0.0026,0.0000,0,0,0.0000,0,0.0000,0,0,0,2836,0
1498,7.6594,14.1550,0.0026,0.0000,0,0,0.0000,0,0.0000,0,0,0,3027,0
1499,7.6343,12.6803,0.0021,0.0000,0,0,0.0000,0,0.0000,0,0,0,3187,0
1500,7.4982,12.6676,0.0035,0.0000,0,0,0.0000,0,0.0000,0,0,0,16219,0
1501,7.5942,12.6829,0.0023,0.0000,0,0,0.0000,0,0.0000,0,0,0,3456,0
1502,7.5116,12.6392,0.0024,0.0000,0,0,0.0000,0,0.0000,0,0,0,5136,0
1503,7.6142,12.7549,0.0041,0.0000,0,0,0.0000,0,0.0000,0,0,0,4514,0
1504,7.5493,10.4795,0.0244,0.0000,0,0,0.0000,0,0.0000,0,1,0,235908,0
1505,7.6504,12.7220,0.0073,0.0000,0,0,0.0000,0,0.0000,0,0,0,35863,0
1506,7.5463,12.6909,0.0040,0.0000,0,0,0.0000,0,0.0000,0,0,0,24858,0
1507,7.6125,12.6940,0.0030,0.0000,0,0,0.0000,0,0.0000,0,0,0,10469,0
1508,7.4961,12.6733,0.0035,0.0000,0,0,0.0000,0,0.0000,0,0,0,22801,0
1509,7.5837,12.6925,0.0022,0.0000,0,0,0.0000,0,0.0000,0,0,0,4978,0
1510,7.5161,12.7327,0.0027,0.0000,0,0,0.0000,0,0.0000,0,0,0,4662,0
1511,7.5712,12.7111,0.0021,0.0000,0,0,0.0000,0,0.0000,0,0,0,2591,0
1512,7.5423,12.7082,0.0030,0.0000,0,0,0.0000,0,0.0000,0,0,0,13871,0
1513,7.5877,12.6385,0.0022,0.0000,0,0,0.0000,0,0.0000,0,0,0,1743,0
1514,7.5154,12.6717,0.0025,0.0000,0,0,0.0000,0,0.0000,0,0,0,1761,0
1515,7.5099,12.6643,0.0024,0.0000,0,0,0.0000,0,0.0000,0,0,0,1673,0
1516,7.4945,12.6878,0.0028,0.0000,0,0,0.0000,0,0.0000,0,0,0,13384,0
1517,7.5479,12.7148,0.0023,0.0000,0,0,0.0000,0,0.0000,0,0,0,2374,0
1518,7.5500,12.7208,0.0018,0.0000,0,0,0.0000,0,0.0000,0,0,0,3287,0
1519,7.5637,14.4144,0.0022,0.0000,0,0,0.0000,0,0.0000,0,0,0,2398,0
1520,7.6242,16.0002,0.0032,0.0000,0,0,0.0000,0,0.0000,0,0,0,12184,0
1521,7.6282,16.2074,0.0031,0.0000,0,0,0.0000,0,0.0000,0,0,0,5338,0
1522,7.6318,16.2480,0.0021,0.0000,0,0,0.0000,0,0.0000,0,0,0,1795,0
1523,7.6043,16.2124,0.0028,0.0000,0,0,0.0000,0,0.0000,0,0,0,1786,0
1524,7.5839,16.2307,0.0041,0.0000,0,0,0.0000,0,0.0000,0,0,0,15337,0
1525,7.6262,16.6433,0.0025,0.0000,0,0,0.0000,0,0.0000,0,0,0,1840,0
1526,7.5715,15.8048,0.0029,0.0000,0,0,0.0000,0,0.0000,0,0,0,1779,0
1527,7.6672,13.3952,0.0018,0.0000,0,0,0.0000,0,0.0000,0,0,0,1681,0
1528,7.6151,13.5825,0.0032,0.0000,0,0,0.0000,0,0.0000,0,0,0,15614,0
1529,7.5352,13.3601,0.0021,0.0000,0,0,0.0000,0,0.0000,0,0,0,1523,0
1530,7.5850,14.6941,0.0020,0.0000,0,0,0.0000,0,0.0000,0,0,0,1959,0
1531,7.6203,14.4375,0.0022,0.0000,0,0,0.0000,0,0.0000,0,0,0,1600,0
1532,7.6188,14.3563,0.0032,0.0000,0,0,0.0000,0,0.0000,0,0,0,14515,0
1533,7.6690,14.5519,0.0017,0.0000,0,0,0.0000,0,0.0000,0,0,0,1703,0
1534,7.9583,13.6834,0.0019,0.0000,0,0,0.0000,0,0.0000,0,0,0,2915,0
1535,7.7018,14.0103,0.0023,0.0000,0,0,0.0000,0,0.0000,0,0,0,2466,0
1536,7.6807,13.6280,0.0080,0.0000,0,0,0.0000,0,0.0000,0,0,0,45189,0
1537,7.6572,14.4272,0.0022,0.0000,0,0,0.0000,0,0.0000,0,0,0,3203,0
1538,7.6529,14.6082,0.0030,0.0000,0,0,0.0000,0,0.0000,0,0,0,2201,0
1539,7.6355,14.5796,0.0021,0.0000,0,0,0.0000,0,0.0000,0,0,0,1703,0
1540,7.6457,14.7397,0.0037,0.0000,0,0,0.0000,0,0.0000,0,0,0,15614,0
1541,7.6920,14.5567,0.0023,0.0000,0,0,0.0000,0,0.0000,0,0,0,3530,0
1542,7.9607,14.0044,0.0017,0.0000,0,0,0.0000,0,0.0000,0,0,0,2500,0
1543,7.6374,14.2588,0.0019,0.0000,0,0,0.0000,0,0.0000,0,0,0,2418,0
1544,7.6373,14.5894,0.0032,0.0000,0,0,0.0000,0,0.0000,0,0,0,14739,0
1545,7.6528,14.5317,0.0021,0.0000,0,0,0.0000,0,0.0000,0,0,0,2318,0
1546,7.6217,14.5779,0.0018,0.0000,0,0,0.0000,0,0.0000,0,0,0,2215,0
1547,7.6603,14.5473,0.0023,0.0000,0,0,0.0000,0,0.0000,0,0,0,2274,0
1548,7.6236,13.8735,0.0029,0.0000,0,0,0.0000,0,0.0000,0,0,0,14375,0
1549,7.6490,14.1767,0.0022,0.0000,0,0,0.0000,0,0.0000,0,0,0,2672,0
1550,7.6552,14.5615,0.0023,0.0000,0,0,0.0000,0,0.0000,0,0,0,3547,0
1551,7.6650,12.9957,0.0015,0.0000,0,0,0.0000,0,0.0000,0,0,0,2510,0
1552,7.5240,12.7420,0.0056,0.0000,0,0,0.0000,0,0.0000,0,0,0,16726,0
1553,7.6379,14.5590,0.0024,0.0000,0,0,0.0000,0,0.0000,0,0,0,4694,0
1554,7.6352,14.5964,0.0021,0.0000,0,0,0.0000,0,0.0000,0,0,0,2706,0
1555,7.6195,14.3489,0.0020,0.0000,0,0,0.0000,0,0.0000,0,0,0,2613,0
1556,7.6230,14.3540,0.0030,0.0000,0,0,0.0000,0,0.0000,0,0,0,16364,0
1557,7.6257,14.4354,0.0016,0.0000,0,0,0.0000,0,0.0000,0,0,0,2930,0
1558,7.6834,14.6439,0.0018,0.0000,0,0,0.0000,0,0.0000,0,0,0,2778,0
1559,7.6047,14.5722,0.0022,0.0000,0,0,0.0000,0,0.0000,0,0,0,3108,0
1560,7.8494,14.3850,0.0032,0.0000,0,0,0.0000,0,0.0000,0,0,0,16514,0
1561,7.6844,13.9175,0.0020,0.0000,0,0,0.0000,0,0.0000,0,0,0,2585,0
1562,7.6007,14.5431,0.0018,0.0000,0,0,0.0000,0,0.0000,0,0,0,2580,0
1563,7.8275,14.5040,0.0021,0.0000,0,0,0.0000,0,0.0000,0,0,0,2661,0
1564,7.6329,11.7099,0.0254,0.0000,0,0,0.0000,0,0.0000,0,1,0,246844,0
1565,7.6792,13.2620,0.0052,0.0000,0,0,0.0000,0,0.0000,0,0,0,28244,0
1566,7.6130,13.2659,0.0078,0.0000,0,0,0.0000,0,0.0000,0,0,0,42193,0
1567,7.6647,14.3351,0.0035,0.0000,0,0,0.0000,0,0.0000,0,0,0,21961,0
1568,7.5962,14.2803,0.0043,0.0000,0,0,0.0000,0,0.0000,0,0,0,29227,0
1569,7.6184,14.4288,0.0025,0.0000,0,0,0.0000,0,0.0000,0,0,0,13351,0
1570,7.6572,13.5564,0.0023,0.0000,0,0,0.0000,0,0.0000,0,0,0,10039,0
1571,7.9443,14.4217,0.0021,0.0000,0,0,0.0000,0,0.0000,0,0,0,2683,0
1572,7.7467,14.4631,0.0033,0.0000,0,0,0.0000,0,0.0000,0,0,0,18200,0
1573,7.7733,14.3610,0.0017,0.0000,0,0,0.0000,0,0.0000,0,0,0,1892,0
1574,7.6219,13.9608,0.0022,0.0000,0,0,0.0000,0,0.0000,0,0,0,2301,0
1575,7.6197,14.5395,0.0019,0.0000,0,0,0.0000,0,0.0000,0,0,0,2343,0
1576,7.6647,14.6070,0.0033,0.0000,0,0,0.0000,0,0.0000,0,0,0,14212,0
1577,7.6622,14.6044,0.0019,0.0000,0,0,0.0000,0,0.0000,0,0,0,1889,0
1578,7.6540,14.6370,0.0021,0.0000,0,0,0.0000,0,0.0000,0,0,0,1722,0
1579,7.6119,12.8560,0.0018,0.0000,0,0,0.0000,0,0.0000,0,0,0,1792,0
1580,7.5697,12.6650,0.0030,0.0000,0,0,0.0000,0,0.0000,0,0,0,13831,0
1581,7.6325,12.7592,0.0030,0.0000,0,0,0.0000,0,0.0000,0,0,0,2930,0
1582,7.8232,14.3367,0.0026,0.0000,0,0,0.0000,0,0.0000,0,0,0,4378,0
1583,7.7384,14.6748,0.0020,0.0000,0,0,0.0000,0,0.0000,0,0,0,1881,0
1584,7.6798,14.5545,0.0030,0.0000,0,0,0.0000,0,0.0000,0,0,0,16301,0
1585,8.0023,14.4477,0.0030,0.0000,0,0,0.0000,0,0.0000,0,0,0,5333,0
1586,7.6638,13.9754,0.0022,0.0000,0,0,0.0000,0,0.0000,0,0,0,2119,0
1587,7.6294,13.1297,0.0019,0.0000,0,0,0.0000,0,0.0000,0,0,0,2289,0
1588,7.6857,13.2630,0.0031,0.0000,0,0,0.0000,0,0.0000,0,0,0,15707,0
1589,7.5872,13.0850,0.0022,0.0000,0,0,0.0000,0,0.0000,0,0,0,2491,0
1590,7.6464,13.9183,0.0018,0.0000,0,0,0.0000,0,0.0000,0,0,0,2658,0
1591,7.6342,14.4157,0.0019,0.0000,0,0,0.0000,0,0.0000,0,0,0,2212,0
1592,7.6521,14.5318,0.0031,0.0000,0,0,0.0000,0,0.0000,0,0,0,15630,0
1593,7.5958,13.6261,0.0020,0.0000,0,0,0.0000,0,0.0000,0,0,0,1776,0
1594,7.9491,13.1124,0.0021,0.0000,0,0,0.0000,0,0.0000,0,0,0,1755,0
1595,7.6146,14.1626,0.0025,0.0000,0,0,0.0000,0,0.0000,0,0,0,1850,0
1596,7.6613,13.7524,0.0030,0.0000,0,0,0.0000,0,0.0000,0,0,0,14926,0
1597,7.7002,14.6162,0.0020,0.0000,0,0,0.0000,0,0.0000,0,0,0,2059,0
1598,7.6770,14.4424,0.0021,0.0000,0,0,0.0000,0,0.0000,0,0,0,3474,0
1599,7.6292,14.5313,0.0022,0.0000,0,0,0.0000,0,0.0000,0,0,0,3266,0
1600,7.6478,13.8969,0.0026,0.0000,0,0,0.0000,0,0.0000,0,0,0,13910,0
1601,7.5979,14.5926,0.0021,0.0000,0,0,0.0000,0,0.0000,0,0,0,4067,0
1602,7.6541,14.4102,0.0017,0.0000,0,0,0.0000,0,0.0000,0,0,0,3312,0
1603,7.6214,14.6535,0.0022,0.0000,0,0,0.0000,0,0.0000,0,0,0,2307,0
1604,7.6644,14.4572,0.0032,0.0000,0,0,0.0000,0,0.0000,0,0,0,16254,0
1605,7.6243,14.6179,0.0021,0.0000,0,0,0.0000,0,0.0000,0,0,0,3542,0
1606,7.6360,14.3996,0.0020,0.0000,0,0,0.0000,0,0.0000,0,0,0,3280,0
1607,7.6406,14.5523,0.0018,0.0000,0,0,0.0000,0,0.0000,0,0,0,3327,0
1608,7.7088,14.5391,0.0033,0.0000,0,0,0.0000,0,0.0000,0,0,0,15166,0
1609,7.6582,14.3599,0.0024,0.0000,0,0,0.0000,0,0.0000,0,0,0,2541,0
1610,7.7799,14.3337,0.0022,0.0000,0,0,0.0000,0,0.0000,0,0,0,2469,0
1611,7.6545,14.5510,0.0021,0.0000,0,0,0.0000,0,0.0000,0,0,0,2428,0
1612,7.5795,14.3288,0.0030,0.0000,0,0,0.0000,0,0.0000,0,0,0,14703,0
1613,7.5870,13.6506,0.0021,0.0000,0,0,0.0000,0,0.0000,0,0,0,2667,0
1614,7.6012,14.5944,0.0024,0.0000,0,0,0.0000,0,0.0000,0,0,0,4550,0
1615,7.5976,14.4560,0.0020,0.0000,0,0,0.0000,0,0.0000,0,0,0,3027,0
1616,7.6072,14.1952,0.0063,0.0000,0,0,0.0000,0,0.0000,0,0,0,17378,0
1617,7.6042,14.3473,0.0022,0.0000,0,0,0.0000,0,0.0000,0,0,0,5300,0
1618,7.7301,12.6921,0.0018,0.0000,0,0,0.0000,0,0.0000,0,0,0,3258,0
1619,7.5316,14.3424,0.0021,0.0000,0,0,0.0000,0,0.0000,0,0,0,3426,0
1620,7.6278,14.5131,0.0035,0.0000,0,0,0.0000,0,0.0000,0,0,0,16907,0
1621,7.6526,13.8342,0.0027,0.0000,0,0,0.0000,0,0.0000,0,0,0,3608,0
1622,7.6176,13.6152,0.0021,0.0000,0,0,0.0000,0,0.0000,0,0,0,3401,0
1623,7.5847,13.7377,0.0022,0.0000,0,0,0.0000,0,0.0000,0,0,0,4372,0
1624,7.6667,11.1342,0.0233,0.0000,0,0,0.0000,0,0.0000,0,1,0,227348,0
1625,7.6928,13.1375,0.0077,0.0000,0,0,0.0000,0,0.0000,0,0,0,36355,0
1626,7.6795,13.1306,0.0037,0.0000,0,0,0.0000,0,0.0000,0,0,0,21324,0
1627,7.7231,13.3357,0.0032,0.0000,0,0,0.0000,0,0.0000,0,0,0,15205,0
1628,7.6517,13.1025,0.0030,0.0000,0,0,0.0000,0,0.0000,0,0,0,22637,0
1629,7.7190,13.1152,0.0024,0.0000,0,0,0.0000,0,0.0000,0,0,0,7613,0
1630,7.5902,13.1362,0.0024,0.0000,0,0,0.0000,0,0.0000,0,0,0,9144,0
1631,7.6210,13.4020,0.0025,0.0000,0,0,0.0000,0,0.0000,0,0,0,6602,0
1632,7.6078,13.6240,0.0083,0.0000,0,0,0.0000,0,0.0000,0,0,0,50350,0
1633,7.6247,13.1808,0.0022,0.0000,0,0,0.0000,0,0.0000,0,0,0,6274,0
1634,7.6317,12.7846,0.0017,0.0000,0,0,0.0000,0,0.0000,0,0,0,3093,0
1635,7.5903,12.8090,0.0022,0.0000,0,0,0.0000,0,0.0000,0,0,0,1687,0
1636,7.6408,13.1702,0.0027,0.0000,0,0,0.0000,0,0.0000,0,0,0,14607,0
1637,7.5999,13.4039,0.0024,0.0000,0,0,0.0000,0,0.0000,0,0,0,3991,0
1638,7.7322,13.0556,0.0021,0.0000,0,0,0.0000,0,0.0000,0,0,0,2604,0
1639,7.6012,12.9783,0.0021,0.0000,0,0,0.0000,0,0.0000,0,0,0,2042,0
1640,7.6881,12.7626,0.0032,0.0000,0,0,0.0000,0,0.0000,0,0,0,14756,0
1641,7.6059,12.7570,0.0028,0.0000,0,0,0.0000,0,0.0000,0,0,0,1467,0
1642,7.7024,12.9029,0.0018,0.0000,0,0,0.0000,0,0.0000,0,0,0,1510,0
1643,7.6768,13.2611,0.0020,0.0000,0,0,0.0000,0,0.0000,0,0,0,1501,0
1644,7.6768,13.4659,0.0031,0.0000,0,0,0.0000,0,0.0000,0,0,0,14705,0
1645,7.6725,13.3791,0.0021,0.0000,0,0,0.0000,0,0.0000,0,0,0,1746,0
1646,7.6747,13.5451,0.0025,0.0000,0,0,0.0000,0,0.0000,0,0,0,4990,0
1647,7.6930,13.5723,0.0025,0.0000,0,0,0.0000,0,0.0000,0,0,0,2549,0
1648,7.6576,13.1227,0.0032,0.0000,0,0,0.0000,0,0.0000,0,0,0,16801,0
1649,7.6323,13.1870,0.0022,0.0000,0,0,0.0000,0,0.0000,0,0,0,4929,0
1650,7.5304,13.2732,0.0021,0.0000,0,0,0.0000,0,0.0000,0,0,0,2602,0
1651,7.6805,13.3296,0.0018,0.0000,0,0,0.0000,0,0.0000,0,0,0,1992,0
1652,7.6510,13.1632,0.0036,0.0000,0,0,0.0000,0,0.0000,0,0,0,16123,0
1653,7.6539,13.0925,0.0021,0.0000,0,0,0.0000,0,0.0000,0,0,0,2192,0
1654,7.6049,13.0973,0.0020,0.0000,0,0,0.0000,0,0.0000,0,0,0,2130,0
1655,7.6705,13.3440,0.0023,0.0000,0,0,0.0000,0,0.0000,0,0,0,2117,0
1656,7.6108,13.8276,0.0031,0.0000,0,0,0.0000,0,0.0000,0,0,0,16472,0
1657,7.6734,13.6671,0.0016,0.0000,0,0,0.0000,0,0.0000,0,0,0,1856,0
1658,7.6528,13.6660,0.0019,0.0000,0,0,0.0000,0,0.0000,0,0,0,2305,0
1659,7.6536,13.2021,0.0022,0.0000,0,0,0.0000,0,0.0000,0,0,0,2017,0
1660,7.6100,13.2758,0.0030,0.0000,0,0,0.0000,0,0.0000,0,0,0,15514,0
1661,7.6495,13.2671,0.0018,0.0000,0,0,0.0000,0,0.0000,0,0,0,2326,0
1662,7.4911,12.7732,0.0022,0.0000,0,0,0.0000,0,0.0000,0,0,0,4059,0
1663,7.6065,13.3265,0.0024,0.0000,0,0,0.0000,0,0.0000,0,0,0,3637,0
1664,7.6650,13.3070,0.0036,0.0000,0,0,0.0000,0,0.0000,0,0,0,14503,0
1665,7.6625,13.2670,0.0021,0.0000,0,0,0.0000,0,0.0000,0,0,0,5007,0
1666,7.6506,13.3820,0.0024,0.0000,0,0,0.0000,0,0.0000,0,0,0,3997,0
1667,7.6291,13.4443,0.0019,0.0000,0,0,0.0000,0,0.0000,0,0,0,2605,0
1668,7.6609,13.5476,0.0026,0.0000,0,0,0.0000,0,0.0000,0,0,0,16290,0
1669,7.6310,13.9918,0.0030,0.0000,0,0,0.0000,0,0.0000,0,0,0,3807,0
1670,7.7830,14.0875,0.0022,0.0000,0,0,0.0000,0,0.0000,0,0,0,3875,0
1671,7.6461,13.1731,0.0025,0.0000,0,0,0.0000,0,0.0000,0,0,0,4466,0
1672,7.6674,13.7797,0.0024,0.0000,0,0,0.0000,0,0.0000,0,0,0,15749,0
1673,7.6185,13.1422,0.0021,0.0000,0,0,0.0000,0,0.0000,0,0,0,2870,0
1674,7.6757,13.7080,0.0022,0.0000,0,0,0.0000,0,0.0000,0,0,0,2881,0
1675,7.6970,13.0025,0.0022,0.0000,0,0,0.0000,0,0.0000,0,0,0,3226,0
1676,7.6627,13.1860,0.0030,0.0000,0,0,0.0000,0,0.0000,0,0,0,15434,0
1677,7.6441,13.0476,0.0026,0.0000,0,0,0.0000,0,0.0000,0,0,0,3858,0
1678,7.6346,13.0676,0.0027,0.0000,0,0,0.0000,0,0.0000,0,0,0,6117,0
1679,7.6887,13.1522,0.0030,0.0000,0,0,0.0000,0,0.0000,0,0,0,4094,0
1680,7.6407,13.1833,0.0039,0.0000,0,0,0.0000,0,0.0000,0,0,0,18909,0
1681,7.6578,13.9370,0.0026,0.0000,0,0,0.0000,0,0.0000,0,0,0,6729,0
1682,7.7180,13.5898,0.0031,0.0000,0,0,0.0000,0,0.0000,0,0,0,4222,0
1683,7.6317,12.7772,0.0024,0.0000,0,0,0.0000,0,0.0000,0,0,0,4314,0
1684,7.5346,10.5191,0.0346,0.0000,0,0,0.0000,0,0.0000,0,1,0,274246,0
1685,7.6243,13.5335,0.0090,0.0000,0,0,0.0000,0,0.0000,0,0,0,51555,0
1686,7.6350,13.5700,0.0076,0.0000,0,0,0.0000,0,0.0000,0,0,0,45922,0
1687,7.6271,13.8646,0.0035,0.0000,0,0,0.0000,0,0.0000,0,0,0,23025,0
1688,7.6200,14.6628,0.0040,0.0000,0,0,0.0000,0,0.0000,0,0,0,32131,0
1689,7.7141,14.3184,0.0025,0.0000,0,0,0.0000,0,0.0000,0,0,0,12274,0
1690,7.6728,14.3772,0.0029,0.0000,0,0,0.0000,0,0.0000,0,0,0,8365,0
1691,7.6738,14.6315,0.0026,0.0000,0,0,0.0000,0,0.0000,0,0,0,6651,0
1692,7.6845,14.6692,0.0035,0.0000,0,0,0.0000,0,0.0000,0,0,0,18302,0
1693,7.6583,14.5182,0.0018,0.0000,0,0,0.0000,0,0.0000,0,0,0,2956,0
1694,7.7880,14.5794,0.0021,0.0000,0,0,0.0000,0,0.0000,0,0,0,4793,0
1695,7.6278,13.1548,0.0022,0.0000,0,0,0.0000,0,0.0000,0,0,0,4240,0
1696,7.5784,14.4143,0.0029,0.0000,0,0,0.0000,0,0.0000,0,0,0,14474,0
1697,7.6121,14.5717,0.0023,0.0000,0,0,0.0000,0,0.0000,0,0,0,4287,0
1698,7.6597,14.6301,0.0016,0.0000,0,0,0.0000,0,0.0000,0,0,0,2824,0
1699,7.6321,14.5037,0.0018,0.0000,0,0,0.0000,0,0.0000,0,0,0,1569,0
1700,7.5559,12.7074,0.0030,0.0000,0,0,0.0000,0,0.0000,0,0,0,15303,0
1701,7.5931,12.7393,0.0033,0.0000,0,0,0.0000,0,0.0000,0,0,0,2237,0
1702,7.7995,14.6552,0.0023,0.0000,0,0,0.0000,0,0.0000,0,0,0,2239,0
1703,7.7334,14.2400,0.0024,0.0000,0,0,0.0000,0,0.0000,0,0,0,2185,0
1704,7.6158,14.3857,0.0030,0.0000,0,0,0.0000,0,0.0000,0,0,0,14671,0
1705,7.6140,14.1496,0.0022,0.0000,0,0,0.0000,0,0.0000,0,0,0,1669,0
1706,7.5825,13.1024,0.0032,0.0000,0,0,0.0000,0,0.0000,0,0,0,1845,0
1707,6.7267,12.7582,0.0027,0.0000,0,0,0.0000,0,0.0000,0,0,0,1998,0
1708,6.6690,12.9686,0.0031,0.0000,0,0,0.0000,0,0.0000,0,0,0,14401,0
1709,6.6923,14.5174,0.0021,0.0000,0,0,0.0000,0,0.0000,0,0,0,2574,0
1710,7.4858,14.5472,0.0029,0.0000,0,0,0.0000,0,0.0000,0,0,0,3034,0
1711,7.7062,14.3726,0.0018,0.0000,0,0,0.0000,0,0.0000,0,0,0,2149,0
1712,7.6007,14.2777,0.0034,0.0000,0,0,0.0000,0,0.0000,0,0,0,16562,0
1713,7.6270,14.5617,0.0026,0.0000,0,0,0.0000,0,0.0000,0,0,0,4895,0
1714,7.6863,14.5058,0.0022,0.0000,0,0,0.0000,0,0.0000,0,0,0,2464,0
1715,7.7055,14.1740,0.0019,0.0000,0,0,0.0000,0,0.0000,0,0,0,2429,0
1716,7.6367,13.8745,0.0032,0.0000,0,0,0.0000,0,0.0000,0,0,0,16083,0
1717,7.7197,14.3689,0.0024,0.0000,0,0,0.0000,0,0.0000,0,0,0,2578,0
1718,7.7017,14.5001,0.0020,0.0000,0,0,0.0000,0,0.0000,0,0,0,2363,0
1719,7.7002,14.5572,0.0020,0.0000,0,0,0.0000,0,0.0000,0,0,0,2574,0
1720,7.5715,13.3087,0.0027,0.0000,0,0,0.0000,0,0.0000,0,0,0,16107,0
1721,7.5251,12.7025,0.0019,0.0000,0,0,0.0000,0,0.0000,0,0,0,2169,0
1722,7.5424,14.6482,0.0017,0.0000,0,0,0.0000,0,0.0000,0,0,0,2263,0
1723,7.6420,14.5164,0.0022,0.0000,0,0,0.0000,0,0.0000,0,0,0,2563,0
1724,7.6324,14.2183,0.0032,0.0000,0,0,0.0000,0,0.0000,0,0,0,15508,0
1725,7.7103,14.6759,0.0027,0.0000,0,0,0.0000,0,0.0000,0,0,0,2986,0
1726,7.6573,14.3995,0.0022,0.0000,0,0,0.0000,0,0.0000,0,0,0,3583,0
1727,7.6371,13.9017,0.0023,0.0000,0,0,0.0000,0,0.0000,0,0,0,3511,0
1728,7.6189,14.1898,0.0087,0.0000,0,0,0.0000,0,0.0000,0,0,0,51187,0
1729,7.5716,14.2883,0.0027,0.0000,0,0,0.0000,0,0.0000,0,0,0,6347,0
1730,7.7357,12.7863,0.0026,0.0000,0,0,0.0000,0,0.0000,0,0,0,3322,0
1731,7.5405,14.4160,0.0018,0.0000,0,0,0.0000,0,0.0000,0,0,0,2672,0
1732,7.7183,14.3978,0.0035,0.0000,0,0,0.0000,0,0.0000,0,0,0,16682,0
1733,7.6435,14.4846,0.0022,0.0000,0,0,0.0000,0,0.0000,0,0,0,3603,0
1734,7.6512,14.5064,0.0025,0.0000,0,0,0.0000,0,0.0000,0,0,0,3406,0
1735,7.5953,14.2791,0.0024,0.0000,0,0,0.0000,0,0.0000,0,0,0,3583,0
1736,7.6022,14.3415,0.0033,0.0000,0,0,0.0000,0,0.0000,0,0,0,15874,0
1737,7.5874,14.5655,0.0019,0.0000,0,0,0.0000,0,0.0000,0,0,0,2517,0
1738,7.7536,14.3439,0.0022,0.0000,0,0,0.0000,0,0.0000,0,0,0,2568,0
1739,7.6392,14.5640,0.0020,0.0000,0,0,0.0000,0,0.0000,0,0,0,2658,0
1740,7.7226,14.4875,0.0031,0.0000,0,0,0.0000,0,0.0000,0,0,0,15255,0
1741,7.6087,14.5587,0.0023,0.0000,0,0,0.0000,0,0.0000,0,0,0,3075,0
1742,7.7797,14.5336,0.0027,0.0000,0,0,0.0000,0,0.0000,0,0,0,4599,0
1743,7.7270,14.5329,0.0020,0.0000,0,0,0.0000,0,0.0000,0,0,0,3443,0
1744,7.7343,11.5878,0.0414,0.0000,0,0,0.0000,0,0.0000,0,1,0,208120,0
1745,7.6785,13.6952,0.0083,0.0000,0,0,0.0000,0,0.0000,0,0,0,41943,0
1746,7.7910,13.4031,0.0041,0.0000,0,0,0.0000,0,0.0000,0,0,0,27981,0
1747,7.5727,14.4766,0.0032,0.0000,0,0,0.0000,0,0.0000,0,0,0,16564,0
1748,7.6492,14.1725,0.0040,0.0000,0,0,0.0000,0,0.0000,0,0,0,26593,0
1749,7.6339,14.5061,0.0025,0.0000,0,0,0.0000,0,0.0000,0,0,0,7251,0
1750,7.7460,14.4960,0.0024,0.0000,0,0,0.0000,0,0.0000,0,0,0,4820,0
1751,7.6785,14.5769,0.0025,0.0000,0,0,0.0000,0,0.0000,0,0,0,2590,0
1752,7.6919,14.6747,0.0033,0.0000,0,0,0.0000,0,0.0000,0,0,0,14559,0
1753,7.6903,14.5413,0.0022,0.0000,0,0,0.0000,0,0.0000,0,0,0,1674,0
1754,7.7996,14.1944,0.0022,0.0000,0,0,0.0000,0,0.0000,0,0,0,1569,0
1755,7.5945,14.3487,0.0019,0.0000,0,0,0.0000,0,0.0000,0,0,0,1643,0
1756,7.6715,13.8049,0.0028,0.0000,0,0,0.0000,0,0.0000,0,0,0,14063,0
1757,7.5812,14.5816,0.0021,0.0000,0,0,0.0000,0,0.0000,0,0,0,1846,0
1758,7.6518,14.5364,0.0027,0.0000,0,0,0.0000,0,0.0000,0,0,0,3000,0
1759,7.6134,14.3484,0.0020,0.0000,0,0,0.0000,0,0.0000,0,0,0,2521,0
1760,7.7668,12.7163,0.0027,0.0000,0,0,0.0000,0,0.0000,0,0,0,12816,0
1761,7.6157,12.7541,0.0027,0.0000,0,0,0.0000,0,0.0000,0,0,0,2938,0
1762,7.7046,14.1956,0.0021,0.0000,0,0,0.0000,0,0.0000,0,0,0,2073,0
1763,7.6387,14.0720,0.0027,0.0000,0,0,0.0000,0,0.0000,0,0,0,1606,0
1764,7.6085,14.0917,0.0029,0.0000,0,0,0.0000,0,0.0000,0,0,0,13312,0
1765,7.6173,13.9618,0.0026,0.0000,0,0,0.0000,0,0.0000,0,0,0,3920,0
1766,7.6299,13.7041,0.0019,0.0000,0,0,0.0000,0,0.0000,0,0,0,1539,0
1767,7.6858,13.4032,0.0022,0.0000,0,0,0.0000,0,0.0000,0,0,0,1535,0
1768,7.6189,13.6609,0.0034,0.0000,0,0,0.0000,0,0.0000,0,0,0,13327,0
1769,7.6315,14.6233,0.0021,0.0000,0,0,0.0000,0,0.0000,0,0,0,1482,0
1770,7.6575,14.4791,0.0019,0.0000,0,0,0.0000,0,0.0000,0,0,0,3914,0
1771,7.6723,14.1054,0.0018,0.0000,0,0,0.0000,0,0.0000,0,0,0,1498,0
1772,7.5240,14.3430,0.0030,0.0000,0,0,0.0000,0,0.0000,0,0,0,13148,0
1773,7.8059,13.6568,0.0021,0.0000,0,0,0.0000,0,0.0000,0,0,0,1607,0
1774,7.5999,13.0580,0.0025,0.0000,0,0,0.0000,0,0.0000,0,0,0,1837,0
1775,7.6174,13.2997,0.0020,0.0000,0,0,0.0000,0,0.0000,0,0,0,1676,0
1776,7.5812,13.1352,0.0035,0.0000,0,0,0.0000,0,0.0000,0,0,0,15342,0
1777,7.6412,14.3757,0.0025,0.0000,0,0,0.0000,0,0.0000,0,0,0,4865,0
1778,7.5989,14.5308,0.0023,0.0000,0,0,0.0000,0,0.0000,0,0,0,1690,0
1779,7.5853,14.3879,0.0021,0.0000,0,0,0.0000,0,0.0000,0,0,0,1586,0
1780,7.6321,14.5901,0.0035,0.0000,0,0,0.0000,0,0.0000,0,0,0,15043,0
1781,7.6551,14.5930,0.0015,0.0000,0,0,0.0000,0,0.0000,0,0,0,1639,0
1782,7.6405,14.6026,0.0017,0.0000,0,0,0.0000,0,0.0000,0,0,0,1587,0
1783,7.5977,14.0751,0.0018,0.0000,0,0,0.0000,0,0.0000,0,0,0,2165,0
1784,7.6672,14.4816,0.0030,0.0000,0,0,0.0000,0,0.0000,0,0,0,14862,0
1785,7.6923,14.5509,0.0018,0.0000,0,0,0.0000,0,0.0000,0,0,0,1485,0
1786,7.6086,14.5410,0.0017,0.0000,0,0,0.0000,0,0.0000,0,0,0,1552,0
1787,7.6142,14.4196,0.0021,0.0000,0,0,0.0000,0,0.0000,0,0,0,1545,0
1788,7.6314,14.5874,0.0036,0.0000,0,0,0.0000,0,0.0000,0,0,0,14326,0
1789,7.6590,14.3955,0.0023,0.0000,0,0,0.0000,0,0.0000,0,0,0,1613,0
1790,7.6818,14.5948,0.0018,0.0000,0,0,0.0000,0,0.0000,0,0,0,2149,0
1791,7.5990,14.4342,0.0015,0.0000,0,0,0.0000,0,0.0000,0,0,0,2065,0
1792,7.6265,13.9587,0.0070,0.0000,0,0,0.0000,0,0.0000,0,0,0,44546,0
1793,7.6820,14.0693,0.0018,0.0000,0,0,0.0000,0,0.0000,0,0,0,3018,0
1794,7.6045,14.3976,0.0021,0.0000,0,0,0.0000,0,0.0000,0,0,0,2305,0
1795,7.6664,14.4901,0.0017,0.0000,0,0,0.0000,0,0.0000,0,0,0,1748,0
1796,7.6273,14.2047,0.0026,0.0000,0,0,0.0000,0,0.0000,0,0,0,15668,0
1797,7.6616,14.6248,0.0023,0.0000,0,0,0.0000,0,0.0000,0,0,0,5062,0
1798,7.6698,14.4755,0.0018,0.0000,0,0,0.0000,0,0.0000,0,0,0,3248,0
1799,7.7073,14.6528,0.0017,0.0000,0,0,0.0000,0,0.0000,0,0,0,2260,0
