frame_id,generate_ms,encode_latency_ms,payload_extract_ms,enqueue_ms,queue_depth,dropped_before,send_ms,bytes_sent,frame_age_at_send_ms,send_failed,keyframe,sender_dropped,payload_bytes,status
0,5.1946,18.4410,0.0207,0.0000,0,0,0.0000,0,0.0000,0,1,0,60271,0
1,3.1340,16.0155,0.0115,0.0000,0,0,0.0000,0,0.0000,0,1,0,43482,0
2,3.0552,16.9397,0.0178,0.0000,0,0,0.0000,0,0.0000,0,1,0,59828,0
3,2.9733,16.5584,0.0111,0.0000,0,0,0.0000,0,0.0000,0,1,0,68126,0
4,5.1946,6.0195,0.0035,0.0000,0,0,0.0000,0,0.0000,0,0,0,15967,0
5,3.1340,11.3644,0.0058,0.0000,0,0,0.0000,0,0.0000,0,0,0,14199,0
6,3.0552,16.8487,0.0063,0.0000,0,0,0.0000,0,0.0000,0,0,0,17643,0
7,2.9733,22.3318,0.0018,0.0000,0,0,0.0000,0,0.0000,0,0,0,14303,0
8,5.1946,5.9698,0.0022,0.0000,0,0,0.0000,0,0.0000,0,0,0,6175,0
9,3.1340,11.3653,0.0011,0.0000,0,0,0.0000,0,0.0000,0,0,0,5501,0
10,3.0552,16.7997,0.0015,0.0000,0,0,0.0000,0,0.0000,0,0,0,8663,0
11,2.9733,22.3307,0.0071,0.0000,0,0,0.0000,0,0.0000,0,0,0,6869,0
12,5.1946,6.0349,0.0022,0.0000,0,0,0.0000,0,0.0000,0,0,0,12054,0
13,3.1340,11.4289,0.0053,0.0000,0,0,0.0000,0,0.0000,0,0,0,15189,0
14,3.0552,16.8117,0.0035,0.0000,0,0,0.0000,0,0.0000,0,0,0,14797,0
15,2.9733,22.3189,0.0023,0.0000,0,0,0.0000,0,0.0000,0,0,0,11135,0
16,5.1946,6.0989,0.0024,0.0000,0,0,0.0000,0,0.0000,0,0,0,19327,0
17,3.1340,11.4066,0.0031,0.0000,0,0,0.0000,0,0.0000,0,0,0,15140,0
18,3.0552,16.8937,0.0027,0.0000,0,0,0.0000,0,0.0000,0,0,0,16878,0
19,2.9733,22.3766,0.0023,0.0000,0,0,0.0000,0,0.0000,0,0,0,17362,0
20,5.1946,6.2296,0.0032,0.0000,0,0,0.0000,0,0.0000,0,0,0,10956,0
21,3.1340,11.4812,0.0018,0.0000,0,0,0.0000,0,0.0000,0,0,0,9351,0
22,3.0552,16.8027,0.0024,0.0000,0,0,0.0000,0,0.0000,0,0,0,9754,0
23,2.9733,22.3200,0.0043,0.0000,0,0,0.0000,0,0.0000,0,0,0,17542,0
24,5.1946,6.1625,0.0021,0.0000,0,0,0.0000,0,0.0000,0,0,0,5031,0
25,3.1340,11.3744,0.0037,0.0000,0,0,0.0000,0,0.0000,0,0,0,4635,0
26,3.0552,16.7494,0.0038,0.0000,0,0,0.0000,0,0.0000,0,0,0,6836,0
27,2.9733,22.2176,0.0024,0.0000,0,0,0.0000,0,0.0000,0,0,0,5769,0
28,5.1946,6.1526,0.0029,0.0000,0,0,0.0000,0,0.0000,0,0,0,3913,0
29,3.1340,11.3991,0.0016,0.0000,0,0,0.0000,0,0.0000,0,0,0,2919,0
30,3.0552,16.8637,0.0014,0.0000,0,0,0.0000,0,0.0000,0,0,0,3234,0
31,2.9733,22.3840,0.0029,0.0000,0,0,0.0000,0,0.0000,0,0,0,3051,0
32,5.1946,6.1099,0.0018,0.0000,0,0,0.0000,0,0.0000,0,0,0,3192,0
33,3.1340,11.3975,0.0017,0.0000,0,0,0.0000,0,0.0000,0,0,0,2362,0
34,3.0552,16.7533,0.0032,0.0000,0,0,0.0000,0,0.0000,0,0,0,2230,0
35,2.9733,22.1981,0.0019,0.0000,0,0,0.0000,0,0.0000,0,0,0,2863,0
36,5.1946,6.1733,0.0021,0.0000,0,0,0.0000,0,0.0000,0,0,0,3165,0
37,3.1340,11.4891,0.0027,0.0000,0,0,0.0000,0,0.0000,0,0,0,2416,0
38,3.0552,16.8607,0.0022,0.0000,0,0,0.0000,0,0.0000,0,0,0,2408,0
39,2.9733,22.3553,0.0021,0.0000,0,0,0.0000,0,0.0000,0,0,0,2470,0
40,5.1946,6.4418,0.0050,0.0000,0,0,0.0000,0,0.0000,0,0,0,2454,0
41,3.1340,11.5597,0.0080,0.0000,0,0,0.0000,0,0.0000,0,0,0,1491,0
42,3.0552,16.8472,0.0053,0.0000,0,0,0.0000,0,0.0000,0,0,0,870,0
43,2.9733,22.3568,0.0103,0.0000,0,0,0.0000,0,0.0000,0,0,0,2369,0
44,5.1946,6.3637,0.0072,0.0000,0,0,0.0000,0,0.0000,0,0,0,1462,0
45,3.1340,11.5369,0.0055,0.0000,0,0,0.0000,0,0.0000,0,0,0,1285,0
46,3.0552,16.8320,0.0115,0.0000,0,0,0.0000,0,0.0000,0,0,0,699,0
47,2.9733,22.1247,0.0082,0.0000,0,0,0.0000,0,0.0000,0,0,0,1409,0
48,5.1946,6.5312,0.0075,0.0000,0,0,0.0000,0,0.0000,0,0,0,1319,0
49,3.1340,11.4493,0.0093,0.0000,0,0,0.0000,0,0.0000,0,0,0,1143,0
50,3.0552,16.6702,0.0037,0.0000,0,0,0.0000,0,0.0000,0,0,0,695,0
51,2.9733,22.0851,0.0122,0.0000,0,0,0.0000,0,0.0000,0,0,0,1718,0
52,5.1946,6.1885,0.0039,0.0000,0,0,0.0000,0,0.0000,0,0,0,1127,0
53,3.1340,11.3328,0.0058,0.0000,0,0,0.0000,0,0.0000,0,0,0,972,0
54,3.0552,16.6614,0.0037,0.0000,0,0,0.0000,0,0.0000,0,0,0,702,0
55,2.9733,21.9771,0.0017,0.0000,0,0,0.0000,0,0.0000,0,0,0,729,0
56,5.1946,6.1515,0.0027,0.0000,0,0,0.0000,0,0.0000,0,0,0,1059,0
57,3.1340,11.3954,0.0027,0.0000,0,0,0.0000,0,0.0000,0,0,0,873,0
58,3.0552,16.7902,0.0015,0.0000,0,0,0.0000,0,0.0000,0,0,0,749,0
59,2.9733,22.2620,0.0018,0.0000,0,0,0.0000,0,0.0000,0,0,0,695,0
60,5.1946,6.0127,0.0031,0.0000,0,0,0.0000,0,0.0000,0,0,0,947,0
61,3.1340,11.3486,0.0025,0.0000,0,0,0.0000,0,0.0000,0,0,0,793,0
62,3.0552,16.7649,0.0021,0.0000,0,0,0.0000,0,0.0000,0,0,0,712,0
63,2.9733,22.2188,0.0030,0.0000,0,0,0.0000,0,0.0000,0,0,0,726,0
64,5.1946,6.0068,0.0022,0.0000,0,0,0.0000,0,0.0000,0,0,0,875,0
65,3.1340,11.3546,0.0020,0.0000,0,0,0.0000,0,0.0000,0,0,0,748,0
66,3.0552,16.7760,0.0027,0.0000,0,0,0.0000,0,0.0000,0,0,0,896,0
67,2.9733,22.2710,0.0008,0.0000,0,0,0.0000,0,0.0000,0,0,0,793,0
68,5.1946,5.9844,0.0009,0.0000,0,0,0.0000,0,0.0000,0,0,0,790,0
69,3.1340,11.3527,0.0023,0.0000,0,0,0.0000,0,0.0000,0,0,0,759,0
70,3.0552,16.7752,0.0010,0.0000,0,0,0.0000,0,0.0000,0,0,0,819,0
71,2.9733,22.3272,0.0008,0.0000,0,0,0.0000,0,0.0000,0,0,0,1103,0
72,5.1946,5.9794,0.0020,0.0000,0,0,0.0000,0,0.0000,0,0,0,729,0
73,3.1340,11.3539,0.0008,0.0000,0,0,0.0000,0,0.0000,0,0,0,770,0
74,3.0552,16.7777,0.0005,0.0000,0,0,0.0000,0,0.0000,0,0,0,832,0
75,2.9733,22.3303,0.0018,0.0000,0,0,0.0000,0,0.0000,0,0,0,980,0
76,5.1946,5.9845,0.0009,0.0000,0,0,0.0000,0,0.0000,0,0,0,695,0
77,3.1340,11.3267,0.0005,0.0000,0,0,0.0000,0,0.0000,0,0,0,678,0
78,3.0552,16.7760,0.0016,0.0000,0,0,0.0000,0,0.0000,0,0,0,774,0
79,2.9733,22.2810,0.0008,0.0000,0,0,0.0000,0,0.0000,0,0,0,1479,0
80,5.1946,5.9873,0.0014,0.0000,0,0,0.0000,0,0.0000,0,0,0,655,0
81,3.1340,11.3386,0.0021,0.0000,0,0,0.0000,0,0.0000,0,0,0,665,0
82,3.0552,16.8488,0.0014,0.0000,0,0,0.0000,0,0.0000,0,0,0,1157,0
83,2.9733,22.3557,0.0007,0.0000,0,0,0.0000,0,0.0000,0,0,0,711,0
84,5.1946,6.0724,0.0018,0.0000,0,0,0.0000,0,0.0000,0,0,0,655,0
85,3.1340,11.5173,0.0009,0.0000,0,0,0.0000,0,0.0000,0,0,0,614,0
86,3.0552,16.7893,0.0014,0.0000,0,0,0.0000,0,0.0000,0,0,0,713,0
87,2.9733,22.3448,0.0007,0.0000,0,0,0.0000,0,0.0000,0,0,0,695,0
88,5.1946,6.1056,0.0011,0.0000,0,0,0.0000,0,0.0000,0,0,0,646,0
89,3.1340,11.3375,0.0022,0.0000,0,0,0.0000,0,0.0000,0,0,0,599,0
90,3.0552,16.7844,0.0008,0.0000,0,0,0.0000,0,0.0000,0,0,0,695,0
91,2.9733,22.4058,0.0009,0.0000,0,0,0.0000,0,0.0000,0,0,0,701,0
92,5.1946,5.9775,0.0024,0.0000,0,0,0.0000,0,0.0000,0,0,0,645,0
93,3.1340,11.4433,0.0013,0.0000,0,0,0.0000,0,0.0000,0,0,0,599,0
94,3.0552,16.9623,0.0009,0.0000,0,0,0.0000,0,0.0000,0,0,0,695,0
95,2.9733,22.4532,0.0018,0.0000,0,0,0.0000,0,0.0000,0,0,0,751,0
96,5.1946,6.0419,0.0008,0.0000,0,0,0.0000,0,0.0000,0,0,0,634,0
97,3.1340,11.4117,0.0009,0.0000,0,0,0.0000,0,0.0000,0,0,0,599,0
98,3.0552,16.8381,0.0019,0.0000,0,0,0.0000,0,0.0000,0,0,0,707,0
99,2.9733,22.3927,0.0011,0.0000,0,0,0.0000,0,0.0000,0,0,0,871,0
100,5.1946,6.0946,0.0010,0.0000,0,0,0.0000,0,0.0000,0,0,0,636,0
101,3.1340,11.4095,0.0020,0.0000,0,0,0.0000,0,0.0000,0,0,0,599,0
102,3.0552,16.8960,0.0011,0.0000,0,0,0.0000,0,0.0000,0,0,0,745,0
103,2.9733,22.4142,0.0012,0.0000,0,0,0.0000,0,0.0000,0,0,0,814,0
104,5.1946,6.0600,0.0023,0.0000,0,0,0.0000,0,0.0000,0,0,0,649,0
105,3.1340,11.4260,0.0013,0.0000,0,0,0.0000,0,0.0000,0,0,0,599,0
106,3.0552,16.8390,0.0013,0.0000,0,0,0.0000,0,0.0000,0,0,0,728,0
107,2.9733,22.3305,0.0022,0.0000,0,0,0.0000,0,0.0000,0,0,0,1064,0
108,5.1946,6.0698,0.0022,0.0000,0,0,0.0000,0,0.0000,0,0,0,662,0
109,3.1340,11.3548,0.0018,0.0000,0,0,0.0000,0,0.0000,0,0,0,599,0
110,3.0552,16.8435,0.0038,0.0000,0,0,0.0000,0,0.0000,0,0,0,831,0
111,2.9733,22.3439,0.0029,0.0000,0,0,0.0000,0,0.0000,0,0,0,701,0
112,5.1946,6.2357,0.0042,0.0000,0,0,0.0000,0,0.0000,0,0,0,624,0
113,3.1340,11.4164,0.0036,0.0000,0,0,0.0000,0,0.0000,0,0,0,599,0
114,3.0552,16.7070,0.0017,0.0000,0,0,0.0000,0,0.0000,0,0,0,736,0
115,2.9733,22.1022,0.0018,0.0000,0,0,0.0000,0,0.0000,0,0,0,695,0
116,5.1946,6.1928,0.0026,0.0000,0,0,0.0000,0,0.0000,0,0,0,610,0
117,3.1340,11.5668,0.0053,0.0000,0,0,0.0000,0,0.0000,0,0,0,599,0
118,3.0552,16.9745,0.0056,0.0000,0,0,0.0000,0,0.0000,0,0,0,740,0
119,2.9733,22.3651,0.0050,0.0000,0,0,0.0000,0,0.0000,0,0,0,703,0
120,5.1946,6.4772,0.0076,0.0000,0,0,0.0000,0,0.0000,0,0,0,599,0
121,3.1340,11.5755,0.0054,0.0000,0,0,0.0000,0,0.0000,0,0,0,599,0
122,3.0552,16.8292,0.0027,0.0000,0,0,0.0000,0,0.0000,0,0,0,705,0
123,2.9733,22.3992,0.0063,0.0000,0,0,0.0000,0,0.0000,0,0,0,731,0
124,5.1946,6.4194,0.0068,0.0000,0,0,0.0000,0,0.0000,0,0,0,599,0
125,3.1340,11.3695,0.0051,0.0000,0,0,0.0000,0,0.0000,0,0,0,599,0
126,3.0552,16.7791,0.0086,0.0000,0,0,0.0000,0,0.0000,0,0,0,888,0
127,2.9733,22.0674,0.0048,0.0000,0,0,0.0000,0,0.0000,0,0,0,800,0
128,5.1946,6.2353,0.0025,0.0000,0,0,0.0000,0,0.0000,0,0,0,599,0
129,3.1340,11.5050,0.0033,0.0000,0,0,0.0000,0,0.0000,0,0,0,599,0
130,3.0552,16.7413,0.0015,0.0000,0,0,0.0000,0,0.0000,0,0,0,699,0
131,2.9733,22.3769,0.0041,0.0000,0,0,0.0000,0,0.0000,0,0,0,782,0
132,5.1946,6.3667,0.0037,0.0000,0,0,0.0000,0,0.0000,0,0,0,599,0
133,3.1340,11.3150,0.0022,0.0000,0,0,0.0000,0,0.0000,0,0,0,599,0
134,3.0552,16.7490,0.0047,0.0000,0,0,0.0000,0,0.0000,0,0,0,695,0
135,2.9733,22.1670,0.0053,0.0000,0,0,0.0000,0,0.0000,0,0,0,929,0
136,5.1946,6.3535,0.0035,0.0000,0,0,0.0000,0,0.0000,0,0,0,599,0
137,3.1340,10.6186,0.0040,0.0000,0,0,0.0000,0,0.0000,0,0,0,599,0
138,3.0552,15.3861,0.0087,0.0000,0,0,0.0000,0,0.0000,0,0,0,695,0
139,2.9733,20.7595,0.0042,0.0000,0,0,0.0000,0,0.0000,0,0,0,695,0
140,5.1946,6.5810,0.0052,0.0000,0,0,0.0000,0,0.0000,0,0,0,599,0
141,3.1340,11.7876,0.0053,0.0000,0,0,0.0000,0,0.0000,0,0,0,599,0
142,3.0552,17.0158,0.0179,0.0000,0,0,0.0000,0,0.0000,0,0,0,727,0
143,2.9733,22.4228,0.0058,0.0000,0,0,0.0000,0,0.0000,0,0,0,695,0
144,5.1946,6.5444,0.0045,0.0000,0,0,0.0000,0,0.0000,0,0,0,599,0
145,3.1340,11.4782,0.0040,0.0000,0,0,0.0000,0,0.0000,0,0,0,599,0
146,3.0552,16.8890,0.0057,0.0000,0,0,0.0000,0,0.0000,0,0,0,728,0
147,2.9733,22.2731,0.0055,0.0000,0,0,0.0000,0,0.0000,0,0,0,699,0
148,5.1946,6.4045,0.0076,0.0000,0,0,0.0000,0,0.0000,0,0,0,599,0
149,3.1340,11.4367,0.0041,0.0000,0,0,0.0000,0,0.0000,0,0,0,599,0
150,3.0552,16.5731,0.0030,0.0000,0,0,0.0000,0,0.0000,0,0,0,705,0
151,2.9733,21.8217,0.0041,0.0000,0,0,0.0000,0,0.0000,0,0,0,723,0
152,5.1946,6.3794,0.0048,0.0000,0,0,0.0000,0,0.0000,0,0,0,599,0
153,3.1340,11.4245,0.0043,0.0000,0,0,0.0000,0,0.0000,0,0,0,599,0
154,3.0552,16.7697,0.0046,0.0000,0,0,0.0000,0,0.0000,0,0,0,754,0
155,2.9733,22.1590,0.0059,0.0000,0,0,0.0000,0,0.0000,0,0,0,754,0
156,5.1946,6.4719,0.0050,0.0000,0,0,0.0000,0,0.0000,0,0,0,599,0
157,3.1340,11.4526,0.0042,0.0000,0,0,0.0000,0,0.0000,0,0,0,599,0
158,3.0552,16.7537,0.0050,0.0000,0,0,0.0000,0,0.0000,0,0,0,741,0
159,2.9733,21.8220,0.0055,0.0000,0,0,0.0000,0,0.0000,0,0,0,712,0
160,5.1946,6.4162,0.0055,0.0000,0,0,0.0000,0,0.0000,0,0,0,599,0
161,3.1340,11.5546,0.0061,0.0000,0,0,0.0000,0,0.0000,0,0,0,599,0
162,3.0552,16.8730,0.0043,0.0000,0,0,0.0000,0,0.0000,0,0,0,734,0
163,2.9733,22.3199,0.0064,0.0000,0,0,0.0000,0,0.0000,0,0,0,775,0
164,5.1946,6.4978,0.0052,0.0000,0,0,0.0000,0,0.0000,0,0,0,599,0
165,3.1340,11.4844,0.0030,0.0000,0,0,0.0000,0,0.0000,0,0,0,599,0
166,3.0552,16.8621,0.0051,0.0000,0,0,0.0000,0,0.0000,0,0,0,752,0
167,2.9733,22.1492,0.0100,0.0000,0,0,0.0000,0,0.0000,0,0,0,695,0
168,5.1946,6.3756,0.0038,0.0000,0,0,0.0000,0,0.0000,0,0,0,599,0
169,3.1340,11.5087,0.0064,0.0000,0,0,0.0000,0,0.0000,0,0,0,599,0
170,3.0552,16.8454,0.0048,0.0000,0,0,0.0000,0,0.0000,0,0,0,907,0
171,2.9733,22.2330,0.0049,0.0000,0,0,0.0000,0,0.0000,0,0,0,695,0
172,5.1946,6.4114,0.0047,0.0000,0,0,0.0000,0,0.0000,0,0,0,599,0
173,3.1340,11.4695,0.0047,0.0000,0,0,0.0000,0,0.0000,0,0,0,599,0
174,3.0552,16.7596,0.0046,0.0000,0,0,0.0000,0,0.0000,0,0,0,704,0
175,2.9733,22.0523,0.0047,0.0000,0,0,0.0000,0,0.0000,0,0,0,695,0
176,5.1946,6.4154,0.0039,0.0000,0,0,0.0000,0,0.0000,0,0,0,599,0
177,3.1340,11.5414,0.0040,0.0000,0,0,0.0000,0,0.0000,0,0,0,599,0
178,3.0552,17.5369,0.0050,0.0000,0,0,0.0000,0,0.0000,0,0,0,695,0
179,2.9733,21.5149,0.0041,0.0000,0,0,0.0000,0,0.0000,0,0,0,699,0
180,5.1946,6.4455,0.0039,0.0000,0,0,0.0000,0,0.0000,0,0,0,599,0
181,3.1340,11.6084,0.0057,0.0000,0,0,0.0000,0,0.0000,0,0,0,599,0
182,3.0552,16.9835,0.0056,0.0000,0,0,0.0000,0,0.0000,0,0,0,695,0
183,2.9733,22.4097,0.0066,0.0000,0,0,0.0000,0,0.0000,0,0,0,723,0
184,5.1946,6.4851,0.0042,0.0000,0,0,0.0000,0,0.0000,0,0,0,599,0
185,3.1340,11.3260,0.0037,0.0000,0,0,0.0000,0,0.0000,0,0,0,599,0
186,3.0552,16.4353,0.0043,0.0000,0,0,0.0000,0,0.0000,0,0,0,695,0
187,2.9733,21.8923,0.0058,0.0000,0,0,0.0000,0,0.0000,0,0,0,734,0
188,5.1946,6.2939,0.0034,0.0000,0,0,0.0000,0,0.0000,0,0,0,599,0
189,3.1340,11.4655,0.0073,0.0000,0,0,0.0000,0,0.0000,0,0,0,599,0
190,3.0552,16.8012,0.0048,0.0000,0,0,0.0000,0,0.0000,0,0,0,728,0
191,2.9733,22.1765,0.0040,0.0000,0,0,0.0000,0,0.0000,0,0,0,761,0
192,5.1946,6.5663,0.0063,0.0000,0,0,0.0000,0,0.0000,0,0,0,599,0
193,3.1340,11.5906,0.0050,0.0000,0,0,0.0000,0,0.0000,0,0,0,599,0
194,3.0552,16.9031,0.0042,0.0000,0,0,0.0000,0,0.0000,0,0,0,711,0
195,2.9733,22.3024,0.0062,0.0000,0,0,0.0000,0,0.0000,0,0,0,695,0
196,5.1946,6.5131,0.0076,0.0000,0,0,0.0000,0,0.0000,0,0,0,599,0
197,3.1340,11.4680,0.0129,0.0000,0,0,0.0000,0,0.0000,0,0,0,599,0
198,3.0552,16.2208,0.0063,0.0000,0,0,0.0000,0,0.0000,0,0,0,817,0
199,2.9733,21.2280,0.0043,0.0000,0,0,0.0000,0,0.0000,0,0,0,695,0
200,5.1946,6.2850,0.0026,0.0000,0,0,0.0000,0,0.0000,0,0,0,599,0
201,3.1340,11.5152,0.0043,0.0000,0,0,0.0000,0,0.0000,0,0,0,599,0
202,3.0552,16.8048,0.0045,0.0000,0,0,0.0000,0,0.0000,0,0,0,825,0
203,2.9733,22.3223,0.0053,0.0000,0,0,0.0000,0,0.0000,0,0,0,695,0
204,5.1946,6.3653,0.0045,0.0000,0,0,0.0000,0,0.0000,0,0,0,599,0
205,3.1340,11.4471,0.0030,0.0000,0,0,0.0000,0,0.0000,0,0,0,599,0
206,3.0552,16.8193,0.0037,0.0000,0,0,0.0000,0,0.0000,0,0,0,785,0
207,2.9733,22.2093,0.0037,0.0000,0,0,0.0000,0,0.0000,0,0,0,706,0
208,5.1946,6.3783,0.0035,0.0000,0,0,0.0000,0,0.0000,0,0,0,599,0
209,3.1340,11.5570,0.0037,0.0000,0,0,0.0000,0,0.0000,0,0,0,599,0
210,3.0552,16.8605,0.0044,0.0000,0,0,0.0000,0,0.0000,0,0,0,755,0
211,2.9733,22.2649,0.0039,0.0000,0,0,0.0000,0,0.0000,0,0,0,767,0
212,5.1946,6.4368,0.0052,0.0000,0,0,0.0000,0,0.0000,0,0,0,599,0
213,3.1340,11.5693,0.0053,0.0000,0,0,0.0000,0,0.0000,0,0,0,599,0
214,3.0552,16.8835,0.0039,0.0000,0,0,0.0000,0,0.0000,0,0,0,950,0
215,2.9733,22.4177,0.0060,0.0000,0,0,0.0000,0,0.0000,0,0,0,746,0
216,5.1946,6.5295,0.0046,0.0000,0,0,0.0000,0,0.0000,0,0,0,599,0
217,3.1340,11.5932,0.0048,0.0000,0,0,0.0000,0,0.0000,0,0,0,599,0
218,3.0552,16.9092,0.0054,0.0000,0,0,0.0000,0,0.0000,0,0,0,700,0
219,2.9733,22.0132,0.0047,0.0000,0,0,0.0000,0,0.0000,0,0,0,799,0
220,5.1946,6.4790,0.0058,0.0000,0,0,0.0000,0,0.0000,0,0,0,599,0
221,3.1340,11.4606,0.0056,0.0000,0,0,0.0000,0,0.0000,0,0,0,599,0
222,3.0552,16.6259,0.0045,0.0000,0,0,0.0000,0,0.0000,0,0,0,697,0
223,2.9733,22.0821,0.0103,0.0000,0,0,0.0000,0,0.0000,0,0,0,695,0
224,5.1946,6.4387,0.0048,0.0000,0,0,0.0000,0,0.0000,0,0,0,599,0
225,3.1340,11.4493,0.0037,0.0000,0,0,0.0000,0,0.0000,0,0,0,599,0
226,3.0552,16.7992,0.0060,0.0000,0,0,0.0000,0,0.0000,0,0,0,695,0
227,2.9733,22.0598,0.0050,0.0000,0,0,0.0000,0,0.0000,0,0,0,695,0
228,5.1946,6.4168,0.0046,0.0000,0,0,0.0000,0,0.0000,0,0,0,599,0
229,3.1340,11.5772,0.0048,0.0000,0,0,0.0000,0,0.0000,0,0,0,599,0
230,3.0552,16.9013,0.0052,0.0000,0,0,0.0000,0,0.0000,0,0,0,708,0
231,2.9733,22.3778,0.0044,0.0000,0,0,0.0000,0,0.0000,0,0,0,695,0
232,5.1946,7.0426,0.0061,0.0000,0,0,0.0000,0,0.0000,0,0,0,599,0
233,3.1340,11.5953,0.0049,0.0000,0,0,0.0000,0,0.0000,0,0,0,599,0
234,3.0552,16.8810,0.0084,0.0000,0,0,0.0000,0,0.0000,0,0,0,715,0
235,2.9733,22.5046,0.0064,0.0000,0,0,0.0000,0,0.0000,0,0,0,711,0
236,5.1946,6.5168,0.0053,0.0000,0,0,0.0000,0,0.0000,0,0,0,599,0
237,3.1340,11.5079,0.0056,0.0000,0,0,0.0000,0,0.0000,0,0,0,599,0
238,3.0552,16.6495,0.0054,0.0000,0,0,0.0000,0,0.0000,0,0,0,728,0
239,2.9733,21.8055,0.0050,0.0000,0,0,0.0000,0,0.0000,0,0,0,718,0
240,5.1946,5.7354,0.1221,0.0000,0,0,0.0000,0,0.0000,0,1,0,105482,0
241,3.1340,9.8707,0.0511,0.0000,0,0,0.0000,0,0.0000,0,1,0,71919,0
242,3.0552,14.4377,0.0920,0.0000,0,0,0.0000,0,0.0000,0,1,0,118482,0
243,2.9733,18.8382,0.0333,0.0000,0,0,0.0000,0,0.0000,0,1,0,121308,0
244,5.1946,6.5072,0.0244,0.0000,0,0,0.0000,0,0.0000,0,0,0,15863,0
245,3.1340,11.5140,0.0057,0.0000,0,0,0.0000,0,0.0000,0,0,0,9553,0
246,3.0552,16.8431,0.0299,0.0000,0,0,0.0000,0,0.0000,0,0,0,18283,0
247,2.9733,22.2911,0.0155,0.0000,0,0,0.0000,0,0.0000,0,0,0,16957,0
248,5.1946,6.4501,0.0085,0.0000,0,0,0.0000,0,0.0000,0,0,0,9106,0
249,3.1340,11.4802,0.0050,0.0000,0,0,0.0000,0,0.0000,0,0,0,3310,0
250,3.0552,16.6288,0.0064,0.0000,0,0,0.0000,0,0.0000,0,0,0,13242,0
251,2.9733,21.8628,0.0050,0.0000,0,0,0.0000,0,0.0000,0,0,0,5603,0
252,5.1946,6.4565,0.0055,0.0000,0,0,0.0000,0,0.0000,0,0,0,7345,0
253,3.1340,11.4731,0.0049,0.0000,0,0,0.0000,0,0.0000,0,0,0,3453,0
254,3.0552,16.7591,0.0046,0.0000,0,0,0.0000,0,0.0000,0,0,0,8492,0
255,2.9733,22.1928,0.0063,0.0000,0,0,0.0000,0,0.0000,0,0,0,5499,0
256,5.1946,6.3625,0.0057,0.0000,0,0,0.0000,0,0.0000,0,0,0,5064,0
257,3.1340,11.4917,0.0036,0.0000,0,0,0.0000,0,0.0000,0,0,0,1807,0
258,3.0552,16.8164,0.0055,0.0000,0,0,0.0000,0,0.0000,0,0,0,7279,0
259,2.9733,22.2568,0.0065,0.0000,0,0,0.0000,0,0.0000,0,0,0,4910,0
260,5.1946,6.4732,0.0049,0.0000,0,0,0.0000,0,0.0000,0,0,0,4261,0
261,3.1340,11.5613,0.0060,0.0000,0,0,0.0000,0,0.0000,0,0,0,1446,0
262,3.0552,16.8751,0.0035,0.0000,0,0,0.0000,0,0.0000,0,0,0,2044,0
263,2.9733,22.2760,0.0033,0.0000,0,0,0.0000,0,0.0000,0,0,0,4608,0
264,5.1946,6.3834,0.0067,0.0000,0,0,0.0000,0,0.0000,0,0,0,3916,0
265,3.1340,11.4420,0.0042,0.0000,0,0,0.0000,0,0.0000,0,0,0,1368,0
266,3.0552,16.8561,0.0068,0.0000,0,0,0.0000,0,0.0000,0,0,0,1916,0
267,2.9733,22.1896,0.0104,0.0000,0,0,0.0000,0,0.0000,0,0,0,4126,0
268,5.1946,6.4350,0.0053,0.0000,0,0,0.0000,0,0.0000,0,0,0,2949,0
269,3.1340,11.4970,0.0055,0.0000,0,0,0.0000,0,0.0000,0,0,0,1443,0
270,3.0552,16.8126,0.0059,0.0000,0,0,0.0000,0,0.0000,0,0,0,2261,0
271,2.9733,22.0925,0.0045,0.0000,0,0,0.0000,0,0.0000,0,0,0,3675,0
272,5.1946,6.4586,0.0055,0.0000,0,0,0.0000,0,0.0000,0,0,0,1746,0
273,3.1340,11.5867,0.0056,0.0000,0,0,0.0000,0,0.0000,0,0,0,1587,0
274,3.0552,16.8416,0.0032,0.0000,0,0,0.0000,0,0.0000,0,0,0,1787,0
275,2.9733,22.3053,0.0106,0.0000,0,0,0.0000,0,0.0000,0,0,0,3610,0
276,5.1946,6.4117,0.0097,0.0000,0,0,0.0000,0,0.0000,0,0,0,1549,0
277,3.1340,11.4260,0.0085,0.0000,0,0,0.0000,0,0.0000,0,0,0,1578,0
278,3.0552,16.7328,0.0040,0.0000,0,0,0.0000,0,0.0000,0,0,0,2146,0
279,2.9733,22.0983,0.0100,0.0000,0,0,0.0000,0,0.0000,0,0,0,1060,0
280,5.1946,6.4288,0.0052,0.0000,0,0,0.0000,0,0.0000,0,0,0,1191,0
281,3.1340,11.5058,0.0050,0.0000,0,0,0.0000,0,0.0000,0,0,0,1431,0
282,3.0552,16.9362,0.0057,0.0000,0,0,0.0000,0,0.0000,0,0,0,1577,0
283,2.9733,22.4027,0.0060,0.0000,0,0,0.0000,0,0.0000,0,0,0,754,0
284,5.1946,7.5823,0.0060,0.0000,0,0,0.0000,0,0.0000,0,0,0,1033,0
285,3.1340,12.4725,0.0057,0.0000,0,0,0.0000,0,0.0000,0,0,0,1325,0
286,3.0552,16.7834,0.0047,0.0000,0,0,0.0000,0,0.0000,0,0,0,1979,0
287,2.9733,21.9974,0.0064,0.0000,0,0,0.0000,0,0.0000,0,0,0,835,0
288,5.1946,6.6081,0.0095,0.0000,0,0,0.0000,0,0.0000,0,0,0,1043,0
289,3.1340,11.5834,0.0056,0.0000,0,0,0.0000,0,0.0000,0,0,0,1267,0
290,3.0552,16.8261,0.0058,0.0000,0,0,0.0000,0,0.0000,0,0,0,1429,0
291,2.9733,22.4181,0.0052,0.0000,0,0,0.0000,0,0.0000,0,0,0,1138,0
292,5.1946,6.3609,0.0051,0.0000,0,0,0.0000,0,0.0000,0,0,0,846,0
293,3.1340,9.9930,0.0050,0.0000,0,0,0.0000,0,0.0000,0,0,0,1218,0
294,3.0552,15.0648,0.0047,0.0000,0,0,0.0000,0,0.0000,0,0,0,1219,0
295,2.9733,20.4280,0.0055,0.0000,0,0,0.0000,0,0.0000,0,0,0,1728,0
296,5.1946,6.3937,0.0050,0.0000,0,0,0.0000,0,0.0000,0,0,0,763,0
297,3.1340,11.4739,0.0050,0.0000,0,0,0.0000,0,0.0000,0,0,0,1111,0
298,3.0552,16.6437,0.0054,0.0000,0,0,0.0000,0,0.0000,0,0,0,1074,0
299,2.9733,21.5683,0.0034,0.0000,0,0,0.0000,0,0.0000,0,0,0,1422,0
300,5.1946,6.3830,0.0045,0.0000,0,0,0.0000,0,0.0000,0,0,0,681,0
301,3.1340,12.1736,0.0055,0.0000,0,0,0.0000,0,0.0000,0,0,0,1116,0
302,3.0552,16.9038,0.0064,0.0000,0,0,0.0000,0,0.0000,0,0,0,1772,0
303,2.9733,22.2028,0.0038,0.0000,0,0,0.0000,0,0.0000,0,0,0,1693,0
304,5.1946,6.1182,0.0030,0.0000,0,0,0.0000,0,0.0000,0,0,0,635,0
305,3.1340,11.4045,0.0027,0.0000,0,0,0.0000,0,0.0000,0,0,0,895,0
306,3.0552,13.2194,0.0024,0.0000,0,0,0.0000,0,0.0000,0,0,0,723,0
307,2.9733,18.4960,0.0037,0.0000,0,0,0.0000,0,0.0000,0,0,0,714,0
308,5.1946,6.1200,0.0046,0.0000,0,0,0.0000,0,0.0000,0,0,0,635,0
309,3.1340,11.5361,0.0031,0.0000,0,0,0.0000,0,0.0000,0,0,0,951,0
310,3.0552,16.9095,0.0028,0.0000,0,0,0.0000,0,0.0000,0,0,0,695,0
311,2.9733,22.3506,0.0009,0.0000,0,0,0.0000,0,0.0000,0,0,0,704,0
312,5.1946,6.0436,0.0012,0.0000,0,0,0.0000,0,0.0000,0,0,0,634,0
313,3.1340,11.3707,0.0027,0.0000,0,0,0.0000,0,0.0000,0,0,0,874,0
314,3.0552,16.7992,0.0011,0.0000,0,0,0.0000,0,0.0000,0,0,0,695,0
315,2.9733,22.3239,0.0011,0.0000,0,0,0.0000,0,0.0000,0,0,0,712,0
316,5.1946,6.0726,0.0023,0.0000,0,0,0.0000,0,0.0000,0,0,0,623,0
317,3.1340,11.4170,0.0013,0.0000,0,0,0.0000,0,0.0000,0,0,0,816,0
318,3.0552,16.7961,0.0012,0.0000,0,0,0.0000,0,0.0000,0,0,0,732,0
319,2.9733,22.2297,0.0017,0.0000,0,0,0.0000,0,0.0000,0,0,0,790,0
320,5.1946,6.0805,0.0014,0.0000,0,0,0.0000,0,0.0000,0,0,0,681,0
321,3.1340,11.4222,0.0014,0.0000,0,0,0.0000,0,0.0000,0,0,0,774,0
322,3.0552,16.7765,0.0018,0.0000,0,0,0.0000,0,0.0000,0,0,0,806,0
323,2.9733,22.2848,0.0013,0.0000,0,0,0.0000,0,0.0000,0,0,0,1044,0
324,5.1946,6.0723,0.0018,0.0000,0,0,0.0000,0,0.0000,0,0,0,640,0
325,3.1340,11.3962,0.0025,0.0000,0,0,0.0000,0,0.0000,0,0,0,819,0
326,3.0552,16.8490,0.0016,0.0000,0,0,0.0000,0,0.0000,0,0,0,740,0
327,2.9733,22.4078,0.0031,0.0000,0,0,0.0000,0,0.0000,0,0,0,871,0
328,5.1946,6.2334,0.0038,0.0000,0,0,0.0000,0,0.0000,0,0,0,602,0
329,3.1340,11.4345,0.0025,0.0000,0,0,0.0000,0,0.0000,0,0,0,721,0
330,3.0552,16.7703,0.0025,0.0000,0,0,0.0000,0,0.0000,0,0,0,1059,0
331,2.9733,22.3637,0.0091,0.0000,0,0,0.0000,0,0.0000,0,0,0,1253,0
332,5.1946,6.4124,0.0051,0.0000,0,0,0.0000,0,0.0000,0,0,0,599,0
333,3.1340,11.5939,0.0051,0.0000,0,0,0.0000,0,0.0000,0,0,0,614,0
334,3.0552,17.0758,0.0026,0.0000,0,0,0.0000,0,0.0000,0,0,0,928,0
335,2.9733,22.5250,0.0056,0.0000,0,0,0.0000,0,0.0000,0,0,0,701,0
336,5.1946,6.4294,0.0045,0.0000,0,0,0.0000,0,0.0000,0,0,0,599,0
337,3.1340,11.4457,0.0047,0.0000,0,0,0.0000,0,0.0000,0,0,0,599,0
338,3.0552,16.7171,0.0056,0.0000,0,0,0.0000,0,0.0000,0,0,0,928,0
339,2.9733,21.9900,0.0097,0.0000,0,0,0.0000,0,0.0000,0,0,0,695,0
340,5.1946,6.4892,0.0043,0.0000,0,0,0.0000,0,0.0000,0,0,0,599,0
341,3.1340,11.5761,0.0050,0.0000,0,0,0.0000,0,0.0000,0,0,0,599,0
342,3.0552,16.9175,0.0059,0.0000,0,0,0.0000,0,0.0000,0,0,0,902,0
343,2.9733,22.2359,0.0039,0.0000,0,0,0.0000,0,0.0000,0,0,0,701,0
344,5.1946,6.5027,0.0065,0.0000,0,0,0.0000,0,0.0000,0,0,0,599,0
345,3.1340,11.5387,0.0053,0.0000,0,0,0.0000,0,0.0000,0,0,0,599,0
346,3.0552,16.7400,0.0040,0.0000,0,0,0.0000,0,0.0000,0,0,0,1292,0
347,2.9733,22.1840,0.0067,0.0000,0,0,0.0000,0,0.0000,0,0,0,699,0
348,5.1946,6.6474,0.0056,0.0000,0,0,0.0000,0,0.0000,0,0,0,599,0
349,3.1340,11.3758,0.0041,0.0000,0,0,0.0000,0,0.0000,0,0,0,599,0
350,3.0552,16.3770,0.0068,0.0000,0,0,0.0000,0,0.0000,0,0,0,700,0
351,2.9733,21.4466,0.0060,0.0000,0,0,0.0000,0,0.0000,0,0,0,789,0
352,5.1946,6.6592,0.0070,0.0000,0,0,0.0000,0,0.0000,0,0,0,599,0
353,3.1340,11.5760,0.0057,0.0000,0,0,0.0000,0,0.0000,0,0,0,599,0
354,3.0552,16.7749,0.0041,0.0000,0,0,0.0000,0,0.0000,0,0,0,695,0
355,2.9733,22.0620,0.0057,0.0000,0,0,0.0000,0,0.0000,0,0,0,717,0
356,5.1946,6.3631,0.0043,0.0000,0,0,0.0000,0,0.0000,0,0,0,599,0
357,3.1340,11.5100,0.0030,0.0000,0,0,0.0000,0,0.0000,0,0,0,599,0
358,3.0552,16.9086,0.0056,0.0000,0,0,0.0000,0,0.0000,0,0,0,732,0
359,2.9733,22.3392,0.0070,0.0000,0,0,0.0000,0,0.0000,0,0,0,983,0
360,5.1946,6.4866,0.0053,0.0000,0,0,0.0000,0,0.0000,0,0,0,599,0
361,3.1340,11.6044,0.0073,0.0000,0,0,0.0000,0,0.0000,0,0,0,599,0
362,3.0552,16.7648,0.0109,0.0000,0,0,0.0000,0,0.0000,0,0,0,716,0
363,2.9733,22.0092,0.0073,0.0000,0,0,0.0000,0,0.0000,0,0,0,701,0
364,5.1946,6.7901,0.0063,0.0000,0,0,0.0000,0,0.0000,0,0,0,599,0
365,3.1340,11.5998,0.0077,0.0000,0,0,0.0000,0,0.0000,0,0,0,599,0
366,3.0552,16.6194,0.0059,0.0000,0,0,0.0000,0,0.0000,0,0,0,801,0
367,2.9733,21.8813,0.0068,0.0000,0,0,0.0000,0,0.0000,0,0,0,695,0
368,5.1946,6.5566,0.0095,0.0000,0,0,0.0000,0,0.0000,0,0,0,599,0
369,3.1340,11.4714,0.0050,0.0000,0,0,0.0000,0,0.0000,0,0,0,599,0
370,3.0552,16.7595,0.0227,0.0000,0,0,0.0000,0,0.0000,0,0,0,747,0
371,2.9733,22.0103,0.0072,0.0000,0,0,0.0000,0,0.0000,0,0,0,695,0
372,5.1946,6.4610,0.0062,0.0000,0,0,0.0000,0,0.0000,0,0,0,599,0
373,3.1340,11.4569,0.0046,0.0000,0,0,0.0000,0,0.0000,0,0,0,599,0
374,3.0552,16.6629,0.0024,0.0000,0,0,0.0000,0,0.0000,0,0,0,930,0
375,2.9733,22.2249,0.0054,0.0000,0,0,0.0000,0,0.0000,0,0,0,712,0
376,5.1946,6.4547,0.0093,0.0000,0,0,0.0000,0,0.0000,0,0,0,599,0
377,3.1340,11.4476,0.0030,0.0000,0,0,0.0000,0,0.0000,0,0,0,599,0
378,3.0552,16.9319,0.0058,0.0000,0,0,0.0000,0,0.0000,0,0,0,767,0
379,2.9733,22.4901,0.0109,0.0000,0,0,0.0000,0,0.0000,0,0,0,729,0
380,5.1946,6.7064,0.0086,0.0000,0,0,0.0000,0,0.0000,0,0,0,599,0
381,3.1340,11.6336,0.0064,0.0000,0,0,0.0000,0,0.0000,0,0,0,599,0
382,3.0552,17.0550,0.0102,0.0000,0,0,0.0000,0,0.0000,0,0,0,727,0
383,2.9733,22.3374,0.0036,0.0000,0,0,0.0000,0,0.0000,0,0,0,695,0
384,5.1946,6.6219,0.0071,0.0000,0,0,0.0000,0,0.0000,0,0,0,599,0
385,3.1340,11.5276,0.0049,0.0000,0,0,0.0000,0,0.0000,0,0,0,599,0
386,3.0552,16.7252,0.0088,0.0000,0,0,0.0000,0,0.0000,0,0,0,746,0
387,2.9733,22.1023,0.0078,0.0000,0,0,0.0000,0,0.0000,0,0,0,821,0
388,5.1946,6.4433,0.0101,0.0000,0,0,0.0000,0,0.0000,0,0,0,599,0
389,3.1340,11.5209,0.0091,0.0000,0,0,0.0000,0,0.0000,0,0,0,599,0
390,3.0552,16.9067,0.0074,0.0000,0,0,0.0000,0,0.0000,0,0,0,1008,0
391,2.9733,22.1569,0.0029,0.0000,0,0,0.0000,0,0.0000,0,0,0,695,0
392,5.1946,6.7054,0.0100,0.0000,0,0,0.0000,0,0.0000,0,0,0,599,0
393,3.1340,11.5273,0.0103,0.0000,0,0,0.0000,0,0.0000,0,0,0,599,0
394,3.0552,16.8623,0.0061,0.0000,0,0,0.0000,0,0.0000,0,0,0,697,0
395,2.9733,22.0542,0.0040,0.0000,0,0,0.0000,0,0.0000,0,0,0,695,0
396,5.1946,6.3374,0.0048,0.0000,0,0,0.0000,0,0.0000,0,0,0,599,0
397,3.1340,11.4129,0.0023,0.0000,0,0,0.0000,0,0.0000,0,0,0,599,0
398,3.0552,16.6215,0.0014,0.0000,0,0,0.0000,0,0.0000,0,0,0,695,0
399,2.9733,21.9550,0.0035,0.0000,0,0,0.0000,0,0.0000,0,0,0,695,0
400,5.1946,6.2757,0.0020,0.0000,0,0,0.0000,0,0.0000,0,0,0,599,0
401,3.1340,11.4690,0.0018,0.0000,0,0,0.0000,0,0.0000,0,0,0,599,0
402,3.0552,16.8914,0.0013,0.0000,0,0,0.0000,0,0.0000,0,0,0,695,0
403,2.9733,22.3726,0.0011,0.0000,0,0,0.0000,0,0.0000,0,0,0,695,0
404,5.1946,6.0836,0.0026,0.0000,0,0,0.0000,0,0.0000,0,0,0,599,0
405,3.1340,11.3927,0.0016,0.0000,0,0,0.0000,0,0.0000,0,0,0,599,0
406,3.0552,16.8719,0.0015,0.0000,0,0,0.0000,0,0.0000,0,0,0,695,0
407,2.9733,22.2808,0.0022,0.0000,0,0,0.0000,0,0.0000,0,0,0,718,0
408,5.1946,6.2000,0.0022,0.0000,0,0,0.0000,0,0.0000,0,0,0,599,0
409,3.1340,11.4680,0.0015,0.0000,0,0,0.0000,0,0.0000,0,0,0,599,0
410,3.0552,16.7771,0.0033,0.0000,0,0,0.0000,0,0.0000,0,0,0,705,0
411,2.9733,22.2302,0.0018,0.0000,0,0,0.0000,0,0.0000,0,0,0,700,0
412,5.1946,6.3880,0.0092,0.0000,0,0,0.0000,0,0.0000,0,0,0,599,0
413,3.1340,11.4425,0.0021,0.0000,0,0,0.0000,0,0.0000,0,0,0,599,0
414,3.0552,16.8255,0.0045,0.0000,0,0,0.0000,0,0.0000,0,0,0,695,0
415,2.9733,22.2600,0.0055,0.0000,0,0,0.0000,0,0.0000,0,0,0,725,0
416,5.1946,6.3778,0.0049,0.0000,0,0,0.0000,0,0.0000,0,0,0,599,0
417,3.1340,11.4271,0.0027,0.0000,0,0,0.0000,0,0.0000,0,0,0,599,0
418,3.0552,16.8040,0.0092,0.0000,0,0,0.0000,0,0.0000,0,0,0,717,0
419,2.9733,22.2348,0.0103,0.0000,0,0,0.0000,0,0.0000,0,0,0,695,0
420,5.1946,6.5274,0.0085,0.0000,0,0,0.0000,0,0.0000,0,0,0,599,0
421,3.1340,11.5335,0.0053,0.0000,0,0,0.0000,0,0.0000,0,0,0,599,0
422,3.0552,16.8370,0.0055,0.0000,0,0,0.0000,0,0.0000,0,0,0,720,0
423,2.9733,22.2535,0.0042,0.0000,0,0,0.0000,0,0.0000,0,0,0,695,0
424,5.1946,6.5806,0.0059,0.0000,0,0,0.0000,0,0.0000,0,0,0,599,0
425,3.1340,11.4000,0.0022,0.0000,0,0,0.0000,0,0.0000,0,0,0,599,0
426,3.0552,16.7027,0.0037,0.0000,0,0,0.0000,0,0.0000,0,0,0,716,0
427,2.9733,22.0534,0.0063,0.0000,0,0,0.0000,0,0.0000,0,0,0,695,0
428,5.1946,6.4890,0.0053,0.0000,0,0,0.0000,0,0.0000,0,0,0,599,0
429,3.1340,11.5803,0.0047,0.0000,0,0,0.0000,0,0.0000,0,0,0,599,0
430,3.0552,16.8367,0.0053,0.0000,0,0,0.0000,0,0.0000,0,0,0,740,0
431,2.9733,22.1082,0.0030,0.0000,0,0,0.0000,0,0.0000,0,0,0,695,0
432,5.1946,6.6065,0.0048,0.0000,0,0,0.0000,0,0.0000,0,0,0,599,0
433,3.1340,11.5063,0.0060,0.0000,0,0,0.0000,0,0.0000,0,0,0,599,0
434,3.0552,16.5371,0.0043,0.0000,0,0,0.0000,0,0.0000,0,0,0,836,0
435,2.9733,21.8768,0.0060,0.0000,0,0,0.0000,0,0.0000,0,0,0,706,0
436,5.1946,6.4355,0.0047,0.0000,0,0,0.0000,0,0.0000,0,0,0,599,0
437,3.1340,11.4568,0.0037,0.0000,0,0,0.0000,0,0.0000,0,0,0,599,0
438,3.0552,16.7850,0.0050,0.0000,0,0,0.0000,0,0.0000,0,0,0,695,0
439,2.9733,22.1086,0.0053,0.0000,0,0,0.0000,0,0.0000,0,0,0,701,0
440,5.1946,6.4091,0.0043,0.0000,0,0,0.0000,0,0.0000,0,0,0,599,0
441,3.1340,11.5120,0.0046,0.0000,0,0,0.0000,0,0.0000,0,0,0,599,0
442,3.0552,16.8741,0.0051,0.0000,0,0,0.0000,0,0.0000,0,0,0,695,0
443,2.9733,22.2402,0.0075,0.0000,0,0,0.0000,0,0.0000,0,0,0,699,0
444,5.1946,6.4414,0.0056,0.0000,0,0,0.0000,0,0.0000,0,0,0,599,0
445,3.1340,11.6999,0.0050,0.0000,0,0,0.0000,0,0.0000,0,0,0,599,0
446,3.0552,16.8903,0.0035,0.0000,0,0,0.0000,0,0.0000,0,0,0,695,0
447,2.9733,22.2588,0.0060,0.0000,0,0,0.0000,0,0.0000,0,0,0,695,0
448,5.1946,6.5358,0.0058,0.0000,0,0,0.0000,0,0.0000,0,0,0,599,0
449,3.1340,11.5136,0.0043,0.0000,0,0,0.0000,0,0.0000,0,0,0,599,0
450,3.0552,16.7203,0.0101,0.0000,0,0,0.0000,0,0.0000,0,0,0,695,0
451,2.9733,22.0183,0.0028,0.0000,0,0,0.0000,0,0.0000,0,0,0,695,0
452,5.1946,6.5955,0.0054,0.0000,0,0,0.0000,0,0.0000,0,0,0,599,0
453,3.1340,11.5400,0.0058,0.0000,0,0,0.0000,0,0.0000,0,0,0,599,0
454,3.0552,16.6909,0.0027,0.0000,0,0,0.0000,0,0.0000,0,0,0,704,0
455,2.9733,22.1000,0.0100,0.0000,0,0,0.0000,0,0.0000,0,0,0,695,0
456,5.1946,6.4563,0.0045,0.0000,0,0,0.0000,0,0.0000,0,0,0,599,0
457,3.1340,11.4684,0.0032,0.0000,0,0,0.0000,0,0.0000,0,0,0,599,0
458,3.0552,16.8133,0.0076,0.0000,0,0,0.0000,0,0.0000,0,0,0,708,0
459,2.9733,22.1368,0.0055,0.0000,0,0,0.0000,0,0.0000,0,0,0,695,0
460,5.1946,6.4307,0.0085,0.0000,0,0,0.0000,0,0.0000,0,0,0,599,0
461,3.1340,11.6181,0.0056,0.0000,0,0,0.0000,0,0.0000,0,0,0,599,0
462,3.0552,16.8693,0.0039,0.0000,0,0,0.0000,0,0.0000,0,0,0,710,0
463,2.9733,22.2305,0.0057,0.0000,0,0,0.0000,0,0.0000,0,0,0,695,0
464,5.1946,6.4563,0.0059,0.0000,0,0,0.0000,0,0.0000,0,0,0,599,0
465,3.1340,11.4571,0.0033,0.0000,0,0,0.0000,0,0.0000,0,0,0,599,0
466,3.0552,16.7863,0.0050,0.0000,0,0,0.0000,0,0.0000,0,0,0,703,0
467,2.9733,22.0527,0.0061,0.0000,0,0,0.0000,0,0.0000,0,0,0,695,0
468,5.1946,6.4443,0.0049,0.0000,0,0,0.0000,0,0.0000,0,0,0,599,0
469,3.1340,11.5015,0.0056,0.0000,0,0,0.0000,0,0.0000,0,0,0,599,0
470,3.0552,16.6301,0.0053,0.0000,0,0,0.0000,0,0.0000,0,0,0,695,0
471,2.9733,21.9779,0.0044,0.0000,0,0,0.0000,0,0.0000,0,0,0,695,0
472,5.1946,6.5336,0.0048,0.0000,0,0,0.0000,0,0.0000,0,0,0,599,0
473,3.1340,11.5783,0.0059,0.0000,0,0,0.0000,0,0.0000,0,0,0,599,0
474,3.0552,16.7439,0.0036,0.0000,0,0,0.0000,0,0.0000,0,0,0,695,0
475,2.9733,22.1444,0.0057,0.0000,0,0,0.0000,0,0.0000,0,0,0,695,0
476,5.1946,6.5095,0.0054,0.0000,0,0,0.0000,0,0.0000,0,0,0,599,0
477,3.1340,11.5766,0.0038,0.0000,0,0,0.0000,0,0.0000,0,0,0,599,0
478,3.0552,16.8761,0.0058,0.0000,0,0,0.0000,0,0.0000,0,0,0,799,0
479,2.9733,22.2823,0.0056,0.0000,0,0,0.0000,0,0.0000,0,0,0,695,0
480,5.1946,5.7134,0.0781,0.0000,0,0,0.0000,0,0.0000,0,1,0,105482,0
481,3.1340,9.9331,0.0643,0.0000,0,0,0.0000,0,0.0000,0,1,0,71919,0
482,3.0552,14.1895,0.0508,0.0000,0,0,0.0000,0,0.0000,0,1,0,100728,0
483,2.9733,18.5946,0.0159,0.0000,0,0,0.0000,0,0.0000,0,1,0,109587,0
484,5.1946,6.5245,0.0130,0.0000,0,0,0.0000,0,0.0000,0,0,0,15863,0
485,3.1340,11.5865,0.0217,0.0000,0,0,0.0000,0,0.0000,0,0,0,9553,0
486,3.0552,16.7460,0.0105,0.0000,0,0,0.0000,0,0.0000,0,0,0,14021,0
487,2.9733,22.2642,0.0290,0.0000,0,0,0.0000,0,0.0000,0,0,0,22860,0
488,5.1946,6.5274,0.0056,0.0000,0,0,0.0000,0,0.0000,0,0,0,9106,0
489,3.1340,11.5488,0.0047,0.0000,0,0,0.0000,0,0.0000,0,0,0,3310,0
490,3.0552,16.8225,0.0120,0.0000,0,0,0.0000,0,0.0000,0,0,0,16824,0
491,2.9733,22.2464,0.0345,0.0000,0,0,0.0000,0,0.0000,0,0,0,20305,0
492,5.1946,6.4468,0.0091,0.0000,0,0,0.0000,0,0.0000,0,0,0,7345,0
493,3.1340,11.4972,0.0060,0.0000,0,0,0.0000,0,0.0000,0,0,0,3453,0
494,3.0552,16.8063,0.0079,0.0000,0,0,0.0000,0,0.0000,0,0,0,15486,0
495,2.9733,22.1295,0.0119,0.0000,0,0,0.0000,0,0.0000,0,0,0,8839,0
496,5.1946,6.4747,0.0057,0.0000,0,0,0.0000,0,0.0000,0,0,0,5064,0
497,3.1340,11.4518,0.0042,0.0000,0,0,0.0000,0,0.0000,0,0,0,1807,0
498,3.0552,16.6750,0.0111,0.0000,0,0,0.0000,0,0.0000,0,0,0,12230,0
499,2.9733,21.9414,0.0051,0.0000,0,0,0.0000,0,0.0000,0,0,0,7342,0
500,5.1946,6.4384,0.0060,0.0000,0,0,0.0000,0,0.0000,0,0,0,4261,0
501,3.1340,11.5063,0.0067,0.0000,0,0,0.0000,0,0.0000,0,0,0,1446,0
502,3.0552,16.8116,0.0133,0.0000,0,0,0.0000,0,0.0000,0,0,0,8041,0
503,2.9733,22.0989,0.0045,0.0000,0,0,0.0000,0,0.0000,0,0,0,2243,0
504,5.1946,6.2253,0.0047,0.0000,0,0,0.0000,0,0.0000,0,0,0,3916,0
505,3.1340,11.4557,0.0038,0.0000,0,0,0.0000,0,0.0000,0,0,0,1368,0
506,3.0552,16.7883,0.0032,0.0000,0,0,0.0000,0,0.0000,0,0,0,7441,0
507,2.9733,22.3480,0.0053,0.0000,0,0,0.0000,0,0.0000,0,0,0,1961,0
508,5.1946,6.4662,0.0057,0.0000,0,0,0.0000,0,0.0000,0,0,0,2949,0
509,3.1340,11.5946,0.0042,0.0000,0,0,0.0000,0,0.0000,0,0,0,1443,0
510,3.0552,16.9820,0.0067,0.0000,0,0,0.0000,0,0.0000,0,0,0,4682,0
511,2.9733,22.5764,0.0067,0.0000,0,0,0.0000,0,0.0000,0,0,0,1949,0
512,5.1946,6.6695,0.0092,0.0000,0,0,0.0000,0,0.0000,0,0,0,1746,0
513,3.1340,11.5400,0.0069,0.0000,0,0,0.0000,0,0.0000,0,0,0,1587,0
514,3.0552,16.7470,0.0065,0.0000,0,0,0.0000,0,0.0000,0,0,0,3830,0
515,2.9733,22.0865,0.0056,0.0000,0,0,0.0000,0,0.0000,0,0,0,1561,0
516,5.1946,6.6363,0.0098,0.0000,0,0,0.0000,0,0.0000,0,0,0,1549,0
517,3.1340,11.4407,0.0033,0.0000,0,0,0.0000,0,0.0000,0,0,0,1578,0
518,3.0552,16.8773,0.0056,0.0000,0,0,0.0000,0,0.0000,0,0,0,3348,0
519,2.9733,22.1954,0.0067,0.0000,0,0,0.0000,0,0.0000,0,0,0,2325,0
520,5.1946,6.4262,0.0036,0.0000,0,0,0.0000,0,0.0000,0,0,0,1191,0
521,3.1340,11.4838,0.0063,0.0000,0,0,0.0000,0,0.0000,0,0,0,1431,0
522,3.0552,16.8628,0.0057,0.0000,0,0,0.0000,0,0.0000,0,0,0,3249,0
523,2.9733,22.2321,0.0064,0.0000,0,0,0.0000,0,0.0000,0,0,0,1876,0
524,5.1946,6.6485,0.0058,0.0000,0,0,0.0000,0,0.0000,0,0,0,1033,0
525,3.1340,11.4319,0.0058,0.0000,0,0,0.0000,0,0.0000,0,0,0,1325,0
526,3.0552,16.5641,0.0049,0.0000,0,0,0.0000,0,0.0000,0,0,0,995,0
527,2.9733,21.7481,0.0050,0.0000,0,0,0.0000,0,0.0000,0,0,0,2376,0
528,5.1946,6.3735,0.0043,0.0000,0,0,0.0000,0,0.0000,0,0,0,1043,0
529,3.1340,11.4796,0.0050,0.0000,0,0,0.0000,0,0.0000,0,0,0,1267,0
530,3.0552,16.7787,0.0050,0.0000,0,0,0.0000,0,0.0000,0,0,0,742,0
531,2.9733,22.2238,0.0068,0.0000,0,0,0.0000,0,0.0000,0,0,0,787,0
532,5.1946,6.5773,0.0063,0.0000,0,0,0.0000,0,0.0000,0,0,0,846,0
533,3.1340,11.5652,0.0056,0.0000,0,0,0.0000,0,0.0000,0,0,0,1218,0
534,3.0552,16.7926,0.0054,0.0000,0,0,0.0000,0,0.0000,0,0,0,791,0
535,2.9733,22.0053,0.0060,0.0000,0,0,0.0000,0,0.0000,0,0,0,700,0
536,5.1946,6.5557,0.0062,0.0000,0,0,0.0000,0,0.0000,0,0,0,763,0
537,3.1340,11.3638,0.0029,0.0000,0,0,0.0000,0,0.0000,0,0,0,1111,0
538,3.0552,16.6993,0.0099,0.0000,0,0,0.0000,0,0.0000,0,0,0,856,0
539,2.9733,22.0686,0.0090,0.0000,0,0,0.0000,0,0.0000,0,0,0,710,0
540,5.1946,6.4757,0.0046,0.0000,0,0,0.0000,0,0.0000,0,0,0,681,0
541,3.1340,11.5431,0.0065,0.0000,0,0,0.0000,0,0.0000,0,0,0,1116,0
542,3.0552,16.7805,0.0057,0.0000,0,0,0.0000,0,0.0000,0,0,0,1108,0
543,2.9733,22.0573,0.0099,0.0000,0,0,0.0000,0,0.0000,0,0,0,910,0
544,5.1946,6.5700,0.0065,0.0000,0,0,0.0000,0,0.0000,0,0,0,635,0
545,3.1340,11.5363,0.0081,0.0000,0,0,0.0000,0,0.0000,0,0,0,895,0
546,3.0552,16.8720,0.0047,0.0000,0,0,0.0000,0,0.0000,0,0,0,1017,0
547,2.9733,22.2748,0.0059,0.0000,0,0,0.0000,0,0.0000,0,0,0,1349,0
548,5.1946,6.5523,0.0099,0.0000,0,0,0.0000,0,0.0000,0,0,0,635,0
549,3.1340,11.5010,0.0051,0.0000,0,0,0.0000,0,0.0000,0,0,0,951,0
550,3.0552,16.7277,0.0058,0.0000,0,0,0.0000,0,0.0000,0,0,0,1548,0
551,2.9733,21.8605,0.0056,0.0000,0,0,0.0000,0,0.0000,0,0,0,1172,0
552,5.1946,6.5418,0.0058,0.0000,0,0,0.0000,0,0.0000,0,0,0,634,0
553,3.1340,11.5115,0.0052,0.0000,0,0,0.0000,0,0.0000,0,0,0,874,0
554,3.0552,16.6304,0.0025,0.0000,0,0,0.0000,0,0.0000,0,0,0,1320,0
555,2.9733,22.1152,0.0068,0.0000,0,0,0.0000,0,0.0000,0,0,0,1733,0
556,5.1946,6.5175,0.0057,0.0000,0,0,0.0000,0,0.0000,0,0,0,623,0
557,3.1340,11.4998,0.0041,0.0000,0,0,0.0000,0,0.0000,0,0,0,816,0
558,3.0552,17.0070,0.0072,0.0000,0,0,0.0000,0,0.0000,0,0,0,1177,0
559,2.9733,22.3455,0.0105,0.0000,0,0,0.0000,0,0.0000,0,0,0,706,0
560,5.1946,6.5114,0.0085,0.0000,0,0,0.0000,0,0.0000,0,0,0,681,0
561,3.1340,11.6062,0.0108,0.0000,0,0,0.0000,0,0.0000,0,0,0,774,0
562,3.0552,16.7841,0.0147,0.0000,0,0,0.0000,0,0.0000,0,0,0,1043,0
563,2.9733,22.1564,0.0045,0.0000,0,0,0.0000,0,0.0000,0,0,0,706,0
564,5.1946,6.7575,0.0073,0.0000,0,0,0.0000,0,0.0000,0,0,0,640,0
565,3.1340,11.4800,0.0062,0.0000,0,0,0.0000,0,0.0000,0,0,0,819,0
566,3.0552,16.7124,0.0063,0.0000,0,0,0.0000,0,0.0000,0,0,0,1589,0
567,2.9733,22.3008,0.0076,0.0000,0,0,0.0000,0,0.0000,0,0,0,695,0
568,5.1946,6.6360,0.0091,0.0000,0,0,0.0000,0,0.0000,0,0,0,602,0
569,3.1340,11.6807,0.0062,0.0000,0,0,0.0000,0,0.0000,0,0,0,721,0
570,3.0552,17.0582,0.0081,0.0000,0,0,0.0000,0,0.0000,0,0,0,738,0
571,2.9733,22.1433,0.0039,0.0000,0,0,0.0000,0,0.0000,0,0,0,722,0
572,5.1946,6.5209,0.0059,0.0000,0,0,0.0000,0,0.0000,0,0,0,599,0
573,3.1340,11.5102,0.0089,0.0000,0,0,0.0000,0,0.0000,0,0,0,614,0
574,3.0552,16.7153,0.0063,0.0000,0,0,0.0000,0,0.0000,0,0,0,695,0
575,2.9733,22.1270,0.0160,0.0000,0,0,0.0000,0,0.0000,0,0,0,912,0
576,5.1946,6.4929,0.0050,0.0000,0,0,0.0000,0,0.0000,0,0,0,599,0
577,3.1340,11.5648,0.0039,0.0000,0,0,0.0000,0,0.0000,0,0,0,599,0
578,3.0552,16.7770,0.0055,0.0000,0,0,0.0000,0,0.0000,0,0,0,695,0
579,2.9733,22.1872,0.0077,0.0000,0,0,0.0000,0,0.0000,0,0,0,853,0
580,5.1946,6.5332,0.0036,0.0000,0,0,0.0000,0,0.0000,0,0,0,599,0
581,3.1340,11.5453,0.0058,0.0000,0,0,0.0000,0,0.0000,0,0,0,599,0
582,3.0552,16.8154,0.0075,0.0000,0,0,0.0000,0,0.0000,0,0,0,695,0
583,2.9733,22.1372,0.0048,0.0000,0,0,0.0000,0,0.0000,0,0,0,1381,0
584,5.1946,6.5980,0.0061,0.0000,0,0,0.0000,0,0.0000,0,0,0,599,0
585,3.1340,11.6251,0.0041,0.0000,0,0,0.0000,0,0.0000,0,0,0,599,0
586,3.0552,16.9446,0.0053,0.0000,0,0,0.0000,0,0.0000,0,0,0,752,0
587,2.9733,22.4278,0.0076,0.0000,0,0,0.0000,0,0.0000,0,0,0,700,0
588,5.1946,6.5347,0.0048,0.0000,0,0,0.0000,0,0.0000,0,0,0,599,0
589,3.1340,11.4965,0.0083,0.0000,0,0,0.0000,0,0.0000,0,0,0,599,0
590,3.0552,16.7524,0.0060,0.0000,0,0,0.0000,0,0.0000,0,0,0,706,0
591,2.9733,21.9054,0.0029,0.0000,0,0,0.0000,0,0.0000,0,0,0,695,0
592,5.1946,6.7154,0.0059,0.0000,0,0,0.0000,0,0.0000,0,0,0,599,0
593,3.1340,11.5995,0.0100,0.0000,0,0,0.0000,0,0.0000,0,0,0,599,0
594,3.0552,16.7297,0.0043,0.0000,0,0,0.0000,0,0.0000,0,0,0,931,0
595,2.9733,22.2238,0.0068,0.0000,0,0,0.0000,0,0.0000,0,0,0,701,0
596,5.1946,6.6803,0.0100,0.0000,0,0,0.0000,0,0.0000,0,0,0,599,0
597,3.1340,11.5157,0.0043,0.0000,0,0,0.0000,0,0.0000,0,0,0,599,0
598,3.0552,16.6565,0.0069,0.0000,0,0,0.0000,0,0.0000,0,0,0,795,0
599,2.9733,21.9102,0.0063,0.0000,0,0,0.0000,0,0.0000,0,0,0,703,0
600,5.1946,6.7134,0.0046,0.0000,0,0,0.0000,0,0.0000,0,0,0,599,0
601,3.1340,11.7344,0.0062,0.0000,0,0,0.0000,0,0.0000,0,0,0,599,0
602,3.0552,16.9857,0.0080,0.0000,0,0,0.0000,0,0.0000,0,0,0,786,0
603,2.9733,22.3427,0.0050,0.0000,0,0,0.0000,0,0.0000,0,0,0,799,0
604,5.1946,6.7125,0.0053,0.0000,0,0,0.0000,0,0.0000,0,0,0,599,0
605,3.1340,11.4229,0.0051,0.0000,0,0,0.0000,0,0.0000,0,0,0,599,0
606,3.0552,16.8128,0.0057,0.0000,0,0,0.0000,0,0.0000,0,0,0,764,0
607,2.9733,22.1423,0.0061,0.0000,0,0,0.0000,0,0.0000,0,0,0,780,0
608,5.1946,6.3883,0.0037,0.0000,0,0,0.0000,0,0.0000,0,0,0,599,0
609,3.1340,11.5262,0.0057,0.0000,0,0,0.0000,0,0.0000,0,0,0,599,0
610,3.0552,16.7660,0.0057,0.0000,0,0,0.0000,0,0.0000,0,0,0,1139,0
611,2.9733,22.2395,0.0050,0.0000,0,0,0.0000,0,0.0000,0,0,0,1021,0
612,5.1946,6.5458,0.0056,0.0000,0,0,0.0000,0,0.0000,0,0,0,599,0
613,3.1340,11.5472,0.0065,0.0000,0,0,0.0000,0,0.0000,0,0,0,599,0
614,3.0552,16.6885,0.0057,0.0000,0,0,0.0000,0,0.0000,0,0,0,695,0
615,2.9733,22.1230,0.0069,0.0000,0,0,0.0000,0,0.0000,0,0,0,695,0
616,5.1946,6.6088,0.0050,0.0000,0,0,0.0000,0,0.0000,0,0,0,599,0
617,3.1340,11.5243,0.0107,0.0000,0,0,0.0000,0,0.0000,0,0,0,599,0
618,3.0552,16.9286,0.0064,0.0000,0,0,0.0000,0,0.0000,0,0,0,695,0
619,2.9733,22.1009,0.0103,0.0000,0,0,0.0000,0,0.0000,0,0,0,695,0
620,5.1946,6.5511,0.0062,0.0000,0,0,0.0000,0,0.0000,0,0,0,599,0
621,3.1340,11.5131,0.0062,0.0000,0,0,0.0000,0,0.0000,0,0,0,599,0
622,3.0552,16.6046,0.0028,0.0000,0,0,0.0000,0,0.0000,0,0,0,695,0
623,2.9733,22.0662,0.0054,0.0000,0,0,0.0000,0,0.0000,0,0,0,695,0
624,5.1946,6.4213,0.0054,0.0000,0,0,0.0000,0,0.0000,0,0,0,599,0
625,3.1340,11.4295,0.0027,0.0000,0,0,0.0000,0,0.0000,0,0,0,599,0
626,3.0552,16.7811,0.0062,0.0000,0,0,0.0000,0,0.0000,0,0,0,695,0
627,2.9733,22.2222,0.0070,0.0000,0,0,0.0000,0,0.0000,0,0,0,695,0
628,5.1946,6.7466,0.0089,0.0000,0,0,0.0000,0,0.0000,0,0,0,599,0
629,3.1340,11.5460,0.0106,0.0000,0,0,0.0000,0,0.0000,0,0,0,599,0
630,3.0552,16.7093,0.0101,0.0000,0,0,0.0000,0,0.0000,0,0,0,724,0
631,2.9733,21.9874,0.0044,0.0000,0,0,0.0000,0,0.0000,0,0,0,746,0
632,5.1946,6.5123,0.0060,0.0000,0,0,0.0000,0,0.0000,0,0,0,599,0
633,3.1340,11.6633,0.0062,0.0000,0,0,0.0000,0,0.0000,0,0,0,599,0
634,3.0552,16.8596,0.0047,0.0000,0,0,0.0000,0,0.0000,0,0,0,695,0
635,2.9733,22.2057,0.0066,0.0000,0,0,0.0000,0,0.0000,0,0,0,712,0
636,5.1946,6.5318,0.0065,0.0000,0,0,0.0000,0,0.0000,0,0,0,599,0
637,3.1340,11.4759,0.0082,0.0000,0,0,0.0000,0,0.0000,0,0,0,599,0
638,3.0552,16.6898,0.0060,0.0000,0,0,0.0000,0,0.0000,0,0,0,756,0
639,2.9733,21.9876,0.0059,0.0000,0,0,0.0000,0,0.0000,0,0,0,812,0
640,5.1946,6.7110,0.0062,0.0000,0,0,0.0000,0,0.0000,0,0,0,599,0
641,3.1340,11.4827,0.0085,0.0000,0,0,0.0000,0,0.0000,0,0,0,599,0
642,3.0552,16.6022,0.0030,0.0000,0,0,0.0000,0,0.0000,0,0,0,749,0
643,2.9733,21.9730,0.0063,0.0000,0,0,0.0000,0,0.0000,0,0,0,734,0
644,5.1946,6.4700,0.0059,0.0000,0,0,0.0000,0,0.0000,0,0,0,599,0
645,3.1340,11.5303,0.0037,0.0000,0,0,0.0000,0,0.0000,0,0,0,599,0
646,3.0552,16.7789,0.0053,0.0000,0,0,0.0000,0,0.0000,0,0,0,715,0
647,2.9733,22.1480,0.0103,0.0000,0,0,0.0000,0,0.0000,0,0,0,695,0
648,5.1946,6.4867,0.0042,0.0000,0,0,0.0000,0,0.0000,0,0,0,599,0
649,3.1340,11.5705,0.0060,0.0000,0,0,0.0000,0,0.0000,0,0,0,599,0
650,3.0552,16.8170,0.0094,0.0000,0,0,0.0000,0,0.0000,0,0,0,709,0
651,2.9733,22.2225,0.0047,0.0000,0,0,0.0000,0,0.0000,0,0,0,695,0
652,5.1946,6.5516,0.0097,0.0000,0,0,0.0000,0,0.0000,0,0,0,599,0
653,3.1340,11.5900,0.0064,0.0000,0,0,0.0000,0,0.0000,0,0,0,599,0
654,3.0552,16.8735,0.0064,0.0000,0,0,0.0000,0,0.0000,0,0,0,863,0
655,2.9733,22.1889,0.0063,0.0000,0,0,0.0000,0,0.0000,0,0,0,702,0
656,5.1946,6.3929,0.0076,0.0000,0,0,0.0000,0,0.0000,0,0,0,599,0
657,3.1340,11.5135,0.0053,0.0000,0,0,0.0000,0,0.0000,0,0,0,599,0
658,3.0552,16.8401,0.0083,0.0000,0,0,0.0000,0,0.0000,0,0,0,695,0
659,2.9733,22.1329,0.0029,0.0000,0,0,0.0000,0,0.0000,0,0,0,743,0
660,5.1946,6.5195,0.0058,0.0000,0,0,0.0000,0,0.0000,0,0,0,599,0
661,3.1340,11.6080,0.0059,0.0000,0,0,0.0000,0,0.0000,0,0,0,599,0
662,3.0552,16.8707,0.0050,0.0000,0,0,0.0000,0,0.0000,0,0,0,695,0
663,2.9733,22.4334,0.0216,0.0000,0,0,0.0000,0,0.0000,0,0,0,738,0
664,5.1946,6.7287,0.0103,0.0000,0,0,0.0000,0,0.0000,0,0,0,599,0
665,3.1340,11.5298,0.0039,0.0000,0,0,0.0000,0,0.0000,0,0,0,599,0
666,3.0552,16.7293,0.0065,0.0000,0,0,0.0000,0,0.0000,0,0,0,695,0
667,2.9733,22.0282,0.0051,0.0000,0,0,0.0000,0,0.0000,0,0,0,788,0
668,5.1946,6.5982,0.0091,0.0000,0,0,0.0000,0,0.0000,0,0,0,599,0
669,3.1340,11.6886,0.0108,0.0000,0,0,0.0000,0,0.0000,0,0,0,599,0
670,3.0552,16.9089,0.0057,0.0000,0,0,0.0000,0,0.0000,0,0,0,695,0
671,2.9733,22.2826,0.0049,0.0000,0,0,0.0000,0,0.0000,0,0,0,695,0
672,5.1946,6.5951,0.0053,0.0000,0,0,0.0000,0,0.0000,0,0,0,599,0
673,3.1340,11.4570,0.0028,0.0000,0,0,0.0000,0,0.0000,0,0,0,599,0
674,3.0552,16.8196,0.0057,0.0000,0,0,0.0000,0,0.0000,0,0,0,695,0
675,2.9733,22.3080,0.0057,0.0000,0,0,0.0000,0,0.0000,0,0,0,695,0
676,5.1946,6.4866,0.0037,0.0000,0,0,0.0000,0,0.0000,0,0,0,599,0
677,3.1340,11.5887,0.0057,0.0000,0,0,0.0000,0,0.0000,0,0,0,599,0
678,3.0552,16.8332,0.0056,0.0000,0,0,0.0000,0,0.0000,0,0,0,695,0
679,2.9733,22.2026,0.0041,0.0000,0,0,0.0000,0,0.0000,0,0,0,705,0
680,5.1946,6.6604,0.0057,0.0000,0,0,0.0000,0,0.0000,0,0,0,599,0
681,3.1340,11.6237,0.0063,0.0000,0,0,0.0000,0,0.0000,0,0,0,599,0
682,3.0552,16.7618,0.0040,0.0000,0,0,0.0000,0,0.0000,0,0,0,706,0
683,2.9733,22.1547,0.0050,0.0000,0,0,0.0000,0,0.0000,0,0,0,725,0
684,5.1946,6.5831,0.0066,0.0000,0,0,0.0000,0,0.0000,0,0,0,599,0
685,3.1340,11.5074,0.0045,0.0000,0,0,0.0000,0,0.0000,0,0,0,599,0
686,3.0552,16.7440,0.0060,0.0000,0,0,0.0000,0,0.0000,0,0,0,714,0
687,2.9733,21.9523,0.0105,0.0000,0,0,0.0000,0,0.0000,0,0,0,746,0
688,5.1946,6.7095,0.0104,0.0000,0,0,0.0000,0,0.0000,0,0,0,599,0
689,3.1340,11.5820,0.0043,0.0000,0,0,0.0000,0,0.0000,0,0,0,599,0
690,3.0552,16.7694,0.0038,0.0000,0,0,0.0000,0,0.0000,0,0,0,697,0
691,2.9733,22.1459,0.0082,0.0000,0,0,0.0000,0,0.0000,0,0,0,721,0
692,5.1946,6.6652,0.0054,0.0000,0,0,0.0000,0,0.0000,0,0,0,599,0
693,3.1340,11.5583,0.0087,0.0000,0,0,0.0000,0,0.0000,0,0,0,599,0
694,3.0552,16.8451,0.0103,0.0000,0,0,0.0000,0,0.0000,0,0,0,695,0
695,2.9733,22.1475,0.0065,0.0000,0,0,0.0000,0,0.0000,0,0,0,758,0
696,5.1946,6.4986,0.0057,0.0000,0,0,0.0000,0,0.0000,0,0,0,599,0
697,3.1340,11.4305,0.0045,0.0000,0,0,0.0000,0,0.0000,0,0,0,599,0
698,3.0552,16.7461,0.0047,0.0000,0,0,0.0000,0,0.0000,0,0,0,781,0
699,2.9733,22.1369,0.0043,0.0000,0,0,0.0000,0,0.0000,0,0,0,695,0
700,5.1946,6.4083,0.0054,0.0000,0,0,0.0000,0,0.0000,0,0,0,599,0
701,3.1340,11.4625,0.0047,0.0000,0,0,0.0000,0,0.0000,0,0,0,599,0
702,3.0552,16.7495,0.0068,0.0000,0,0,0.0000,0,0.0000,0,0,0,695,0
703,2.9733,22.2578,0.0080,0.0000,0,0,0.0000,0,0.0000,0,0,0,695,0
704,5.1946,6.7856,0.0071,0.0000,0,0,0.0000,0,0.0000,0,0,0,599,0
705,3.1340,11.6265,0.0060,0.0000,0,0,0.0000,0,0.0000,0,0,0,599,0
706,3.0552,16.6971,0.0063,0.0000,0,0,0.0000,0,0.0000,0,0,0,695,0
707,2.9733,21.9162,0.0023,0.0000,0,0,0.0000,0,0.0000,0,0,0,695,0
708,5.1946,6.7508,0.0177,0.0000,0,0,0.0000,0,0.0000,0,0,0,599,0
709,3.1340,11.6552,0.0064,0.0000,0,0,0.0000,0,0.0000,0,0,0,599,0
710,3.0552,16.8178,0.0091,0.0000,0,0,0.0000,0,0.0000,0,0,0,695,0
711,2.9733,22.1915,0.0059,0.0000,0,0,0.0000,0,0.0000,0,0,0,695,0
712,5.1946,6.4374,0.0042,0.0000,0,0,0.0000,0,0.0000,0,0,0,599,0
713,3.1340,11.4346,0.0023,0.0000,0,0,0.0000,0,0.0000,0,0,0,599,0
714,3.0552,16.8077,0.0047,0.0000,0,0,0.0000,0,0.0000,0,0,0,695,0
715,2.9733,22.2506,0.0051,0.0000,0,0,0.0000,0,0.0000,0,0,0,716,0
716,5.1946,6.4941,0.0073,0.0000,0,0,0.0000,0,0.0000,0,0,0,599,0
717,3.1340,11.6984,0.0057,0.0000,0,0,0.0000,0,0.0000,0,0,0,599,0
718,3.0552,17.0242,0.0050,0.0000,0,0,0.0000,0,0.0000,0,0,0,695,0
719,2.9733,22.4358,0.0045,0.0000,0,0,0.0000,0,0.0000,0,0,0,707,0
720,5.1946,18.5718,0.0319,0.0000,0,0,0.0000,0,0.0000,0,1,0,60271,0
721,3.1340,16.8292,0.0177,0.0000,0,0,0.0000,0,0.0000,0,1,0,43482,0
722,3.0552,16.3435,0.0049,0.0000,0,0,0.0000,0,0.0000,0,1,0,59828,0
723,2.9733,16.8730,0.0102,0.0000,0,0,0.0000,0,0.0000,0,1,0,68126,0
724,5.1946,6.0166,0.0024,0.0000,0,0,0.0000,0,0.0000,0,0,0,15967,0
725,3.1340,11.4252,0.0026,0.0000,0,0,0.0000,0,0.0000,0,0,0,14199,0
726,3.0552,16.8569,0.0135,0.0000,0,0,0.0000,0,0.0000,0,0,0,17643,0
727,2.9733,22.3548,0.0016,0.0000,0,0,0.0000,0,0.0000,0,0,0,14303,0
728,5.1946,6.0300,0.0022,0.0000,0,0,0.0000,0,0.0000,0,0,0,6175,0
729,3.1340,11.4083,0.0013,0.0000,0,0,0.0000,0,0.0000,0,0,0,5501,0
730,3.0552,16.8693,0.0017,0.0000,0,0,0.0000,0,0.0000,0,0,0,8663,0
731,2.9733,22.3679,0.0022,0.0000,0,0,0.0000,0,0.0000,0,0,0,6869,0
732,5.1946,6.0550,0.0020,0.0000,0,0,0.0000,0,0.0000,0,0,0,12054,0
733,3.1340,11.4040,0.0018,0.0000,0,0,0.0000,0,0.0000,0,0,0,15189,0
734,3.0552,16.8636,0.0031,0.0000,0,0,0.0000,0,0.0000,0,0,0,14797,0
735,2.9733,22.3443,0.0019,0.0000,0,0,0.0000,0,0.0000,0,0,0,11135,0
736,5.1946,6.0250,0.0084,0.0000,0,0,0.0000,0,0.0000,0,0,0,19327,0
737,3.1340,11.3893,0.0029,0.0000,0,0,0.0000,0,0.0000,0,0,0,15140,0
738,3.0552,16.8528,0.0026,0.0000,0,0,0.0000,0,0.0000,0,0,0,16878,0
739,2.9733,22.3191,0.0036,0.0000,0,0,0.0000,0,0.0000,0,0,0,17362,0
740,5.1946,6.1238,0.0031,0.0000,0,0,0.0000,0,0.0000,0,0,0,10956,0
741,3.1340,11.4665,0.0017,0.0000,0,0,0.0000,0,0.0000,0,0,0,9351,0
742,3.0552,16.8050,0.0028,0.0000,0,0,0.0000,0,0.0000,0,0,0,9754,0
743,2.9733,22.3378,0.0031,0.0000,0,0,0.0000,0,0.0000,0,0,0,17542,0
744,5.1946,6.1257,0.0021,0.0000,0,0,0.0000,0,0.0000,0,0,0,5031,0
745,3.1340,11.3991,0.0024,0.0000,0,0,0.0000,0,0.0000,0,0,0,4635,0
746,3.0552,16.8453,0.0022,0.0000,0,0,0.0000,0,0.0000,0,0,0,6836,0
747,2.9733,22.3878,0.0019,0.0000,0,0,0.0000,0,0.0000,0,0,0,5769,0
748,5.1946,6.1220,0.0032,0.0000,0,0,0.0000,0,0.0000,0,0,0,3913,0
749,3.1340,11.4375,0.0017,0.0000,0,0,0.0000,0,0.0000,0,0,0,2919,0
750,3.0552,16.8808,0.0016,0.0000,0,0,0.0000,0,0.0000,0,0,0,3234,0
751,2.9733,22.2867,0.0030,0.0000,0,0,0.0000,0,0.0000,0,0,0,3051,0
752,5.1946,6.1721,0.0025,0.0000,0,0,0.0000,0,0.0000,0,0,0,3192,0
753,3.1340,11.5093,0.0094,0.0000,0,0,0.0000,0,0.0000,0,0,0,2362,0
754,3.0552,16.7702,0.0023,0.0000,0,0,0.0000,0,0.0000,0,0,0,2230,0
755,2.9733,22.1925,0.0025,0.0000,0,0,0.0000,0,0.0000,0,0,0,2863,0
756,5.1946,6.1781,0.0023,0.0000,0,0,0.0000,0,0.0000,0,0,0,3165,0
757,3.1340,11.4446,0.0021,0.0000,0,0,0.0000,0,0.0000,0,0,0,2416,0
758,3.0552,16.7152,0.0021,0.0000,0,0,0.0000,0,0.0000,0,0,0,2408,0
759,2.9733,22.1603,0.0060,0.0000,0,0,0.0000,0,0.0000,0,0,0,2470,0
760,5.1946,6.4029,0.0054,0.0000,0,0,0.0000,0,0.0000,0,0,0,2454,0
761,3.1340,11.4311,0.0040,0.0000,0,0,0.0000,0,0.0000,0,0,0,1491,0
762,3.0552,16.7390,0.0089,0.0000,0,0,0.0000,0,0.0000,0,0,0,870,0
763,2.9733,22.1581,0.0061,0.0000,0,0,0.0000,0,0.0000,0,0,0,2369,0
764,5.1946,6.5021,0.0100,0.0000,0,0,0.0000,0,0.0000,0,0,0,1462,0
765,3.1340,11.6509,0.0068,0.0000,0,0,0.0000,0,0.0000,0,0,0,1285,0
766,3.0552,16.9925,0.0050,0.0000,0,0,0.0000,0,0.0000,0,0,0,699,0
767,2.9733,22.4352,0.0052,0.0000,0,0,0.0000,0,0.0000,0,0,0,1409,0
768,5.1946,6.5594,0.0109,0.0000,0,0,0.0000,0,0.0000,0,0,0,1319,0
769,3.1340,11.5648,0.0043,0.0000,0,0,0.0000,0,0.0000,0,0,0,1143,0
770,3.0552,16.9154,0.0103,0.0000,0,0,0.0000,0,0.0000,0,0,0,695,0
771,2.9733,22.0920,0.0058,0.0000,0,0,0.0000,0,0.0000,0,0,0,1718,0
772,5.1946,6.3143,0.0039,0.0000,0,0,0.0000,0,0.0000,0,0,0,1127,0
773,3.1340,11.4773,0.0090,0.0000,0,0,0.0000,0,0.0000,0,0,0,972,0
774,3.0552,16.8243,0.0044,0.0000,0,0,0.0000,0,0.0000,0,0,0,702,0
775,2.9733,22.2008,0.0028,0.0000,0,0,0.0000,0,0.0000,0,0,0,729,0
776,5.1946,6.4824,0.0053,0.0000,0,0,0.0000,0,0.0000,0,0,0,1059,0
777,3.1340,11.3731,0.0048,0.0000,0,0,0.0000,0,0.0000,0,0,0,873,0
778,3.0552,16.6025,0.0035,0.0000,0,0,0.0000,0,0.0000,0,0,0,749,0
779,2.9733,21.9538,0.0051,0.0000,0,0,0.0000,0,0.0000,0,0,0,695,0
780,5.1946,6.3695,0.0048,0.0000,0,0,0.0000,0,0.0000,0,0,0,947,0
781,3.1340,11.5260,0.0034,0.0000,0,0,0.0000,0,0.0000,0,0,0,793,0
782,3.0552,16.8986,0.0044,0.0000,0,0,0.0000,0,0.0000,0,0,0,712,0
783,2.9733,22.3300,0.0050,0.0000,0,0,0.0000,0,0.0000,0,0,0,726,0
784,5.1946,6.4570,0.0047,0.0000,0,0,0.0000,0,0.0000,0,0,0,875,0
785,3.1340,11.7003,0.0066,0.0000,0,0,0.0000,0,0.0000,0,0,0,748,0
786,3.0552,17.0025,0.0054,0.0000,0,0,0.0000,0,0.0000,0,0,0,896,0
787,2.9733,22.5280,0.0059,0.0000,0,0,0.0000,0,0.0000,0,0,0,793,0
788,5.1946,6.6733,0.0063,0.0000,0,0,0.0000,0,0.0000,0,0,0,790,0
789,3.1340,11.4224,0.0050,0.0000,0,0,0.0000,0,0.0000,0,0,0,759,0
790,3.0552,16.4264,0.0020,0.0000,0,0,0.0000,0,0.0000,0,0,0,819,0
791,2.9733,21.6347,0.0051,0.0000,0,0,0.0000,0,0.0000,0,0,0,1103,0
792,5.1946,6.3062,0.0028,0.0000,0,0,0.0000,0,0.0000,0,0,0,729,0
793,3.1340,11.4223,0.0021,0.0000,0,0,0.0000,0,0.0000,0,0,0,770,0
794,3.0552,16.7060,0.0079,0.0000,0,0,0.0000,0,0.0000,0,0,0,832,0
795,2.9733,22.1000,0.0047,0.0000,0,0,0.0000,0,0.0000,0,0,0,980,0
796,5.1946,6.4960,0.0056,0.0000,0,0,0.0000,0,0.0000,0,0,0,695,0
797,3.1340,11.5433,0.0052,0.0000,0,0,0.0000,0,0.0000,0,0,0,678,0
798,3.0552,16.8698,0.0035,0.0000,0,0,0.0000,0,0.0000,0,0,0,774,0
799,2.9733,22.3888,0.0059,0.0000,0,0,0.0000,0,0.0000,0,0,0,1479,0
800,5.1946,6.4015,0.0049,0.0000,0,0,0.0000,0,0.0000,0,0,0,655,0
801,3.1340,11.4593,0.0032,0.0000,0,0,0.0000,0,0.0000,0,0,0,665,0
802,3.0552,16.7140,0.0048,0.0000,0,0,0.0000,0,0.0000,0,0,0,1157,0
803,2.9733,22.1660,0.0081,0.0000,0,0,0.0000,0,0.0000,0,0,0,711,0
804,5.1946,6.5936,0.0091,0.0000,0,0,0.0000,0,0.0000,0,0,0,655,0
805,3.1340,11.6187,0.0103,0.0000,0,0,0.0000,0,0.0000,0,0,0,614,0
806,3.0552,16.9440,0.0090,0.0000,0,0,0.0000,0,0.0000,0,0,0,713,0
807,2.9733,22.5073,0.0093,0.0000,0,0,0.0000,0,0.0000,0,0,0,695,0
808,5.1946,6.3910,0.0046,0.0000,0,0,0.0000,0,0.0000,0,0,0,646,0
809,3.1340,11.4518,0.0045,0.0000,0,0,0.0000,0,0.0000,0,0,0,599,0
810,3.0552,16.9506,0.0057,0.0000,0,0,0.0000,0,0.0000,0,0,0,695,0
811,2.9733,22.2545,0.0108,0.0000,0,0,0.0000,0,0.0000,0,0,0,701,0
812,5.1946,6.5261,0.0049,0.0000,0,0,0.0000,0,0.0000,0,0,0,645,0
813,3.1340,11.5481,0.0055,0.0000,0,0,0.0000,0,0.0000,0,0,0,599,0
814,3.0552,16.8430,0.0050,0.0000,0,0,0.0000,0,0.0000,0,0,0,695,0
815,2.9733,22.2200,0.0075,0.0000,0,0,0.0000,0,0.0000,0,0,0,751,0
816,5.1946,6.4575,0.0058,0.0000,0,0,0.0000,0,0.0000,0,0,0,634,0
817,3.1340,11.5087,0.0046,0.0000,0,0,0.0000,0,0.0000,0,0,0,599,0
818,3.0552,16.8101,0.0077,0.0000,0,0,0.0000,0,0.0000,0,0,0,707,0
819,2.9733,22.2437,0.0055,0.0000,0,0,0.0000,0,0.0000,0,0,0,871,0
820,5.1946,6.5453,0.0051,0.0000,0,0,0.0000,0,0.0000,0,0,0,636,0
821,3.1340,11.6103,0.0038,0.0000,0,0,0.0000,0,0.0000,0,0,0,599,0
822,3.0552,17.4410,0.0060,0.0000,0,0,0.0000,0,0.0000,0,0,0,745,0
823,2.9733,21.4644,0.0055,0.0000,0,0,0.0000,0,0.0000,0,0,0,814,0
824,5.1946,6.5560,0.0055,0.0000,0,0,0.0000,0,0.0000,0,0,0,649,0
825,3.1340,11.6368,0.0059,0.0000,0,0,0.0000,0,0.0000,0,0,0,599,0
826,3.0552,16.9801,0.0053,0.0000,0,0,0.0000,0,0.0000,0,0,0,728,0
827,2.9733,22.4097,0.0059,0.0000,0,0,0.0000,0,0.0000,0,0,0,1064,0
828,5.1946,6.5290,0.0053,0.0000,0,0,0.0000,0,0.0000,0,0,0,662,0
829,3.1340,11.5465,0.0037,0.0000,0,0,0.0000,0,0.0000,0,0,0,599,0
830,3.0552,16.8562,0.0055,0.0000,0,0,0.0000,0,0.0000,0,0,0,831,0
831,2.9733,22.1612,0.0051,0.0000,0,0,0.0000,0,0.0000,0,0,0,701,0
832,5.1946,6.4171,0.0042,0.0000,0,0,0.0000,0,0.0000,0,0,0,624,0
833,3.1340,11.4841,0.0045,0.0000,0,0,0.0000,0,0.0000,0,0,0,599,0
834,3.0552,16.7066,0.0022,0.0000,0,0,0.0000,0,0.0000,0,0,0,736,0
835,2.9733,22.1416,0.0022,0.0000,0,0,0.0000,0,0.0000,0,0,0,695,0
836,5.1946,6.3795,0.0048,0.0000,0,0,0.0000,0,0.0000,0,0,0,610,0
837,3.1340,11.5686,0.0048,0.0000,0,0,0.0000,0,0.0000,0,0,0,599,0
838,3.0552,16.8289,0.0035,0.0000,0,0,0.0000,0,0.0000,0,0,0,740,0
839,2.9733,22.3039,0.0050,0.0000,0,0,0.0000,0,0.0000,0,0,0,703,0
840,5.1946,6.4184,0.0048,0.0000,0,0,0.0000,0,0.0000,0,0,0,599,0
841,3.1340,11.4966,0.0048,0.0000,0,0,0.0000,0,0.0000,0,0,0,599,0
842,3.0552,16.1812,0.0058,0.0000,0,0,0.0000,0,0.0000,0,0,0,705,0
843,2.9733,21.0764,0.0056,0.0000,0,0,0.0000,0,0.0000,0,0,0,731,0
844,5.1946,6.4542,0.0048,0.0000,0,0,0.0000,0,0.0000,0,0,0,599,0
845,3.1340,11.5074,0.0045,0.0000,0,0,0.0000,0,0.0000,0,0,0,599,0
846,3.0552,16.7679,0.0038,0.0000,0,0,0.0000,0,0.0000,0,0,0,888,0
847,2.9733,22.1785,0.0054,0.0000,0,0,0.0000,0,0.0000,0,0,0,800,0
848,5.1946,6.3910,0.0050,0.0000,0,0,0.0000,0,0.0000,0,0,0,599,0
849,3.1340,11.5781,0.0050,0.0000,0,0,0.0000,0,0.0000,0,0,0,599,0
850,3.0552,17.0672,0.0115,0.0000,0,0,0.0000,0,0.0000,0,0,0,699,0
851,2.9733,22.4369,0.0063,0.0000,0,0,0.0000,0,0.0000,0,0,0,782,0
852,5.1946,6.6940,0.0057,0.0000,0,0,0.0000,0,0.0000,0,0,0,599,0
853,3.1340,11.6476,0.0057,0.0000,0,0,0.0000,0,0.0000,0,0,0,599,0
854,3.0552,16.7349,0.0056,0.0000,0,0,0.0000,0,0.0000,0,0,0,695,0
855,2.9733,22.1204,0.0040,0.0000,0,0,0.0000,0,0.0000,0,0,0,929,0
856,5.1946,6.6568,0.0110,0.0000,0,0,0.0000,0,0.0000,0,0,0,599,0
857,3.1340,11.4867,0.0053,0.0000,0,0,0.0000,0,0.0000,0,0,0,599,0
858,3.0552,16.7285,0.0075,0.0000,0,0,0.0000,0,0.0000,0,0,0,695,0
859,2.9733,21.9845,0.0055,0.0000,0,0,0.0000,0,0.0000,0,0,0,695,0
860,5.1946,7.6625,0.0047,0.0000,0,0,0.0000,0,0.0000,0,0,0,599,0
861,3.1340,11.3239,0.0050,0.0000,0,0,0.0000,0,0.0000,0,0,0,599,0
862,3.0552,16.4492,0.0051,0.0000,0,0,0.0000,0,0.0000,0,0,0,727,0
863,2.9733,21.7293,0.0023,0.0000,0,0,0.0000,0,0.0000,0,0,0,695,0
864,5.1946,6.4148,0.0051,0.0000,0,0,0.0000,0,0.0000,0,0,0,599,0
865,3.1340,11.5180,0.0050,0.0000,0,0,0.0000,0,0.0000,0,0,0,599,0
866,3.0552,16.7835,0.0154,0.0000,0,0,0.0000,0,0.0000,0,0,0,728,0
867,2.9733,22.2928,0.0064,0.0000,0,0,0.0000,0,0.0000,0,0,0,699,0
868,5.1946,6.4410,0.0086,0.0000,0,0,0.0000,0,0.0000,0,0,0,599,0
869,3.1340,11.4672,0.0046,0.0000,0,0,0.0000,0,0.0000,0,0,0,599,0
870,3.0552,16.6988,0.0047,0.0000,0,0,0.0000,0,0.0000,0,0,0,705,0
871,2.9733,22.0783,0.0048,0.0000,0,0,0.0000,0,0.0000,0,0,0,723,0
872,5.1946,6.3907,0.0039,0.0000,0,0,0.0000,0,0.0000,0,0,0,599,0
873,3.1340,11.6173,0.0044,0.0000,0,0,0.0000,0,0.0000,0,0,0,599,0
874,3.0552,17.0129,0.0050,0.0000,0,0,0.0000,0,0.0000,0,0,0,754,0
875,2.9733,22.3996,0.0041,0.0000,0,0,0.0000,0,0.0000,0,0,0,754,0
876,5.1946,6.5820,0.0059,0.0000,0,0,0.0000,0,0.0000,0,0,0,599,0
877,3.1340,11.5788,0.0052,0.0000,0,0,0.0000,0,0.0000,0,0,0,599,0
878,3.0552,16.8751,0.0043,0.0000,0,0,0.0000,0,0.0000,0,0,0,741,0
879,2.9733,22.4972,0.0057,0.0000,0,0,0.0000,0,0.0000,0,0,0,712,0
880,5.1946,6.4151,0.0045,0.0000,0,0,0.0000,0,0.0000,0,0,0,599,0
881,3.1340,11.3579,0.0061,0.0000,0,0,0.0000,0,0.0000,0,0,0,599,0
882,3.0552,16.6084,0.0052,0.0000,0,0,0.0000,0,0.0000,0,0,0,734,0
883,2.9733,21.8870,0.0035,0.0000,0,0,0.0000,0,0.0000,0,0,0,775,0
884,5.1946,6.4943,0.0054,0.0000,0,0,0.0000,0,0.0000,0,0,0,599,0
885,3.1340,11.5267,0.0050,0.0000,0,0,0.0000,0,0.0000,0,0,0,599,0
886,3.0552,16.8195,0.0038,0.0000,0,0,0.0000,0,0.0000,0,0,0,752,0
887,2.9733,22.2810,0.0064,0.0000,0,0,0.0000,0,0.0000,0,0,0,695,0
888,5.1946,6.5122,0.0053,0.0000,0,0,0.0000,0,0.0000,0,0,0,599,0
889,3.1340,11.4025,0.0080,0.0000,0,0,0.0000,0,0.0000,0,0,0,599,0
890,3.0552,16.1234,0.0047,0.0000,0,0,0.0000,0,0.0000,0,0,0,907,0
891,2.9733,21.2786,0.0057,0.0000,0,0,0.0000,0,0.0000,0,0,0,695,0
892,5.1946,6.5860,0.0046,0.0000,0,0,0.0000,0,0.0000,0,0,0,599,0
893,3.1340,11.5743,0.0051,0.0000,0,0,0.0000,0,0.0000,0,0,0,599,0
894,3.0552,16.9126,0.0045,0.0000,0,0,0.0000,0,0.0000,0,0,0,704,0
895,2.9733,22.3691,0.0091,0.0000,0,0,0.0000,0,0.0000,0,0,0,695,0
896,5.1946,6.5626,0.0053,0.0000,0,0,0.0000,0,0.0000,0,0,0,599,0
897,3.1340,11.4805,0.0094,0.0000,0,0,0.0000,0,0.0000,0,0,0,599,0
898,3.0552,16.8060,0.0054,0.0000,0,0,0.0000,0,0.0000,0,0,0,695,0
899,2.9733,22.0754,0.0060,0.0000,0,0,0.0000,0,0.0000,0,0,0,699,0
900,5.1946,6.4678,0.0044,0.0000,0,0,0.0000,0,0.0000,0,0,0,599,0
901,3.1340,11.5288,0.0036,0.0000,0,0,0.0000,0,0.0000,0,0,0,599,0
902,3.0552,16.9161,0.0052,0.0000,0,0,0.0000,0,0.0000,0,0,0,695,0
903,2.9733,22.3120,0.0045,0.0000,0,0,0.0000,0,0.0000,0,0,0,723,0
904,5.1946,6.5136,0.0095,0.0000,0,0,0.0000,0,0.0000,0,0,0,599,0
905,3.1340,11.4330,0.0050,0.0000,0,0,0.0000,0,0.0000,0,0,0,599,0
906,3.0552,16.7368,0.0044,0.0000,0,0,0.0000,0,0.0000,0,0,0,695,0
907,2.9733,21.9617,0.0063,0.0000,0,0,0.0000,0,0.0000,0,0,0,734,0
908,5.1946,6.4900,0.0048,0.0000,0,0,0.0000,0,0.0000,0,0,0,599,0
909,3.1340,10.9931,0.0035,0.0000,0,0,0.0000,0,0.0000,0,0,0,599,0
910,3.0552,16.0012,0.0063,0.0000,0,0,0.0000,0,0.0000,0,0,0,728,0
911,2.9733,21.2104,0.0059,0.0000,0,0,0.0000,0,0.0000,0,0,0,761,0
912,5.1946,6.4907,0.0054,0.0000,0,0,0.0000,0,0.0000,0,0,0,599,0
913,3.1340,11.5761,0.0055,0.0000,0,0,0.0000,0,0.0000,0,0,0,599,0
914,3.0552,16.9583,0.0073,0.0000,0,0,0.0000,0,0.0000,0,0,0,711,0
915,2.9733,22.3009,0.0055,0.0000,0,0,0.0000,0,0.0000,0,0,0,695,0
916,5.1946,6.9062,0.0051,0.0000,0,0,0.0000,0,0.0000,0,0,0,599,0
917,3.1340,11.5154,0.0045,0.0000,0,0,0.0000,0,0.0000,0,0,0,599,0
918,3.0552,16.7725,0.0060,0.0000,0,0,0.0000,0,0.0000,0,0,0,817,0
919,2.9733,22.0912,0.0046,0.0000,0,0,0.0000,0,0.0000,0,0,0,695,0
920,5.1946,6.3561,0.0041,0.0000,0,0,0.0000,0,0.0000,0,0,0,599,0
921,3.1340,11.5490,0.0048,0.0000,0,0,0.0000,0,0.0000,0,0,0,599,0
922,3.0552,16.8419,0.0054,0.0000,0,0,0.0000,0,0.0000,0,0,0,825,0
923,2.9733,22.1798,0.0029,0.0000,0,0,0.0000,0,0.0000,0,0,0,695,0
924,5.1946,6.2722,0.0037,0.0000,0,0,0.0000,0,0.0000,0,0,0,599,0
925,3.1340,11.5080,0.0092,0.0000,0,0,0.0000,0,0.0000,0,0,0,599,0
926,3.0552,16.6422,0.0042,0.0000,0,0,0.0000,0,0.0000,0,0,0,785,0
927,2.9733,22.0138,0.0060,0.0000,0,0,0.0000,0,0.0000,0,0,0,706,0
928,5.1946,7.2203,0.0045,0.0000,0,0,0.0000,0,0.0000,0,0,0,599,0
929,3.1340,11.5126,0.0054,0.0000,0,0,0.0000,0,0.0000,0,0,0,599,0
930,3.0552,16.6532,0.0060,0.0000,0,0,0.0000,0,0.0000,0,0,0,755,0
931,2.9733,21.9575,0.0049,0.0000,0,0,0.0000,0,0.0000,0,0,0,767,0
932,5.1946,6.4497,0.0059,0.0000,0,0,0.0000,0,0.0000,0,0,0,599,0
933,3.1340,11.5566,0.0054,0.0000,0,0,0.0000,0,0.0000,0,0,0,599,0
934,3.0552,16.8592,0.0040,0.0000,0,0,0.0000,0,0.0000,0,0,0,950,0
935,2.9733,22.3750,0.0053,0.0000,0,0,0.0000,0,0.0000,0,0,0,746,0
936,5.1946,6.4790,0.0048,0.0000,0,0,0.0000,0,0.0000,0,0,0,599,0
937,3.1340,11.4621,0.0034,0.0000,0,0,0.0000,0,0.0000,0,0,0,599,0
938,3.0552,16.8964,0.0056,0.0000,0,0,0.0000,0,0.0000,0,0,0,700,0
939,2.9733,22.1575,0.0054,0.0000,0,0,0.0000,0,0.0000,0,0,0,799,0
940,5.1946,6.3875,0.0050,0.0000,0,0,0.0000,0,0.0000,0,0,0,599,0
941,3.1340,11.5185,0.0055,0.0000,0,0,0.0000,0,0.0000,0,0,0,599,0
942,3.0552,16.8110,0.0050,0.0000,0,0,0.0000,0,0.0000,0,0,0,697,0
943,2.9733,22.2342,0.0096,0.0000,0,0,0.0000,0,0.0000,0,0,0,695,0
944,5.1946,6.4603,0.0055,0.0000,0,0,0.0000,0,0.0000,0,0,0,599,0
945,3.1340,11.4782,0.0041,0.0000,0,0,0.0000,0,0.0000,0,0,0,599,0
946,3.0552,16.7678,0.0037,0.0000,0,0,0.0000,0,0.0000,0,0,0,695,0
947,2.9733,22.0722,0.0055,0.0000,0,0,0.0000,0,0.0000,0,0,0,695,0
948,5.1946,7.0934,0.0060,0.0000,0,0,0.0000,0,0.0000,0,0,0,599,0
949,3.1340,11.4698,0.0049,0.0000,0,0,0.0000,0,0.0000,0,0,0,599,0
950,3.0552,16.6683,0.0057,0.0000,0,0,0.0000,0,0.0000,0,0,0,708,0
951,2.9733,21.8764,0.0051,0.0000,0,0,0.0000,0,0.0000,0,0,0,695,0
952,5.1946,6.5499,0.0054,0.0000,0,0,0.0000,0,0.0000,0,0,0,599,0
953,3.1340,11.5131,0.0050,0.0000,0,0,0.0000,0,0.0000,0,0,0,599,0
954,3.0552,16.6627,0.0070,0.0000,0,0,0.0000,0,0.0000,0,0,0,715,0
955,2.9733,22.1052,0.0053,0.0000,0,0,0.0000,0,0.0000,0,0,0,711,0
956,5.1946,6.4364,0.0048,0.0000,0,0,0.0000,0,0.0000,0,0,0,599,0
957,3.1340,11.5348,0.0096,0.0000,0,0,0.0000,0,0.0000,0,0,0,599,0
958,3.0552,16.8104,0.0055,0.0000,0,0,0.0000,0,0.0000,0,0,0,728,0
959,2.9733,22.2662,0.0065,0.0000,0,0,0.0000,0,0.0000,0,0,0,718,0
960,5.1946,5.6386,0.1232,0.0000,0,0,0.0000,0,0.0000,0,1,0,105482,0
961,3.1340,9.8267,0.0327,0.0000,0,0,0.0000,0,0.0000,0,1,0,71919,0
962,3.0552,14.0998,0.1025,0.0000,0,0,0.0000,0,0.0000,0,1,0,118482,0
963,2.9733,18.4967,0.0440,0.0000,0,0,0.0000,0,0.0000,0,1,0,121308,0
964,5.1946,6.2665,0.0054,0.0000,0,0,0.0000,0,0.0000,0,0,0,15863,0
965,3.1340,11.4048,0.0035,0.0000,0,0,0.0000,0,0.0000,0,0,0,9553,0
966,3.0552,16.6842,0.0113,0.0000,0,0,0.0000,0,0.0000,0,0,0,18283,0
967,2.9733,22.1690,0.0082,0.0000,0,0,0.0000,0,0.0000,0,0,0,16957,0
968,5.1946,6.3041,0.0037,0.0000,0,0,0.0000,0,0.0000,0,0,0,9106,0
969,3.1340,11.4982,0.0097,0.0000,0,0,0.0000,0,0.0000,0,0,0,3310,0
970,3.0552,16.9531,0.0070,0.0000,0,0,0.0000,0,0.0000,0,0,0,13242,0
971,2.9733,22.4371,0.0067,0.0000,0,0,0.0000,0,0.0000,0,0,0,5603,0
972,5.1946,6.3267,0.0088,0.0000,0,0,0.0000,0,0.0000,0,0,0,7345,0
973,3.1340,11.5524,0.0044,0.0000,0,0,0.0000,0,0.0000,0,0,0,3453,0
974,3.0552,16.9111,0.0121,0.0000,0,0,0.0000,0,0.0000,0,0,0,8492,0
975,2.9733,22.3596,0.0052,0.0000,0,0,0.0000,0,0.0000,0,0,0,5499,0
976,5.1946,6.3740,0.0059,0.0000,0,0,0.0000,0,0.0000,0,0,0,5064,0
977,3.1340,11.6041,0.0083,0.0000,0,0,0.0000,0,0.0000,0,0,0,1807,0
978,3.0552,16.9041,0.0345,0.0000,0,0,0.0000,0,0.0000,0,0,0,7279,0
979,2.9733,22.3570,0.0077,0.0000,0,0,0.0000,0,0.0000,0,0,0,4910,0
980,5.1946,6.7154,0.0056,0.0000,0,0,0.0000,0,0.0000,0,0,0,4261,0
981,3.1340,11.5652,0.0055,0.0000,0,0,0.0000,0,0.0000,0,0,0,1446,0
982,3.0552,16.6767,0.0062,0.0000,0,0,0.0000,0,0.0000,0,0,0,2044,0
983,2.9733,22.0350,0.0085,0.0000,0,0,0.0000,0,0.0000,0,0,0,4608,0
984,5.1946,6.6716,0.0081,0.0000,0,0,0.0000,0,0.0000,0,0,0,3916,0
985,3.1340,11.6873,0.0072,0.0000,0,0,0.0000,0,0.0000,0,0,0,1368,0
986,3.0552,16.8833,0.0050,0.0000,0,0,0.0000,0,0.0000,0,0,0,1916,0
987,2.9733,22.2465,0.0062,0.0000,0,0,0.0000,0,0.0000,0,0,0,4126,0
988,5.1946,6.4942,0.0057,0.0000,0,0,0.0000,0,0.0000,0,0,0,2949,0
989,3.1340,11.5412,0.0086,0.0000,0,0,0.0000,0,0.0000,0,0,0,1443,0
990,3.0552,16.6477,0.0058,0.0000,0,0,0.0000,0,0.0000,0,0,0,2261,0
991,2.9733,21.9538,0.0108,0.0000,0,0,0.0000,0,0.0000,0,0,0,3675,0
992,5.1946,6.4682,0.0045,0.0000,0,0,0.0000,0,0.0000,0,0,0,1746,0
993,3.1340,11.4887,0.0056,0.0000,0,0,0.0000,0,0.0000,0,0,0,1587,0
994,3.0552,16.8466,0.0060,0.0000,0,0,0.0000,0,0.0000,0,0,0,1787,0
995,2.9733,22.1475,0.0056,0.0000,0,0,0.0000,0,0.0000,0,0,0,3610,0
996,5.1946,6.5646,0.0059,0.0000,0,0,0.0000,0,0.0000,0,0,0,1549,0
997,3.1340,11.5988,0.0057,0.0000,0,0,0.0000,0,0.0000,0,0,0,1578,0
998,3.0552,16.8298,0.0053,0.0000,0,0,0.0000,0,0.0000,0,0,0,2146,0
999,2.9733,22.1705,0.0109,0.0000,0,0,0.0000,0,0.0000,0,0,0,1060,0
1000,5.1946,6.3955,0.0033,0.0000,0,0,0.0000,0,0.0000,0,0,0,1191,0
1001,3.1340,11.5876,0.0054,0.0000,0,0,0.0000,0,0.0000,0,0,0,1431,0
1002,3.0552,16.7919,0.0056,0.0000,0,0,0.0000,0,0.0000,0,0,0,1577,0
1003,2.9733,22.0800,0.0030,0.0000,0,0,0.0000,0,0.0000,0,0,0,754,0
1004,5.1946,6.5544,0.0057,0.0000,0,0,0.0000,0,0.0000,0,0,0,1033,0
1005,3.1340,11.5457,0.0063,0.0000,0,0,0.0000,0,0.0000,0,0,0,1325,0
1006,3.0552,16.7080,0.0058,0.0000,0,0,0.0000,0,0.0000,0,0,0,1979,0
1007,2.9733,22.0334,0.0060,0.0000,0,0,0.0000,0,0.0000,0,0,0,835,0
1008,5.1946,6.4678,0.0057,0.0000,0,0,0.0000,0,0.0000,0,0,0,1043,0
1009,3.1340,11.4814,0.0051,0.0000,0,0,0.0000,0,0.0000,0,0,0,1267,0
1010,3.0552,16.8005,0.0060,0.0000,0,0,0.0000,0,0.0000,0,0,0,1429,0
1011,2.9733,22.2030,0.0065,0.0000,0,0,0.0000,0,0.0000,0,0,0,1138,0
1012,5.1946,6.4989,0.0057,0.0000,0,0,0.0000,0,0.0000,0,0,0,846,0
1013,3.1340,11.5585,0.0069,0.0000,0,0,0.0000,0,0.0000,0,0,0,1218,0
1014,3.0552,16.8483,0.0062,0.0000,0,0,0.0000,0,0.0000,0,0,0,1219,0
1015,2.9733,22.1728,0.0060,0.0000,0,0,0.0000,0,0.0000,0,0,0,1728,0
1016,5.1946,6.3409,0.0043,0.0000,0,0,0.0000,0,0.0000,0,0,0,763,0
1017,3.1340,11.3826,0.0022,0.0000,0,0,0.0000,0,0.0000,0,0,0,1111,0
1018,3.0552,16.7405,0.0039,0.0000,0,0,0.0000,0,0.0000,0,0,0,1074,0
1019,2.9733,22.1231,0.0059,0.0000,0,0,0.0000,0,0.0000,0,0,0,1422,0
1020,5.1946,6.3600,0.0050,0.0000,0,0,0.0000,0,0.0000,0,0,0,681,0
1021,3.1340,11.5551,0.0103,0.0000,0,0,0.0000,0,0.0000,0,0,0,1116,0
1022,3.0552,16.8354,0.0072,0.0000,0,0,0.0000,0,0.0000,0,0,0,1772,0
1023,2.9733,22.1353,0.0063,0.0000,0,0,0.0000,0,0.0000,0,0,0,1693,0
1024,5.1946,6.7092,0.0092,0.0000,0,0,0.0000,0,0.0000,0,0,0,635,0
1025,3.1340,11.4470,0.0051,0.0000,0,0,0.0000,0,0.0000,0,0,0,895,0
1026,3.0552,16.4891,0.0037,0.0000,0,0,0.0000,0,0.0000,0,0,0,723,0
1027,2.9733,21.8825,0.0059,0.0000,0,0,0.0000,0,0.0000,0,0,0,714,0
1028,5.1946,6.5263,0.0100,0.0000,0,0,0.0000,0,0.0000,0,0,0,635,0
1029,3.1340,11.4827,0.0033,0.0000,0,0,0.0000,0,0.0000,0,0,0,951,0
1030,3.0552,16.7373,0.0088,0.0000,0,0,0.0000,0,0.0000,0,0,0,695,0
1031,2.9733,22.0705,0.0047,0.0000,0,0,0.0000,0,0.0000,0,0,0,704,0
1032,5.1946,6.2545,0.0026,0.0000,0,0,0.0000,0,0.0000,0,0,0,634,0
1033,3.1340,11.4135,0.0042,0.0000,0,0,0.0000,0,0.0000,0,0,0,874,0
1034,3.0552,16.6370,0.0026,0.0000,0,0,0.0000,0,0.0000,0,0,0,695,0
1035,2.9733,22.2161,0.0039,0.0000,0,0,0.0000,0,0.0000,0,0,0,712,0
1036,5.1946,6.3855,0.0047,0.0000,0,0,0.0000,0,0.0000,0,0,0,623,0
1037,3.1340,11.5177,0.0173,0.0000,0,0,0.0000,0,0.0000,0,0,0,816,0
1038,3.0552,16.9277,0.0047,0.0000,0,0,0.0000,0,0.0000,0,0,0,732,0
1039,2.9733,22.3505,0.0051,0.0000,0,0,0.0000,0,0.0000,0,0,0,790,0
1040,5.1946,6.4873,0.0038,0.0000,0,0,0.0000,0,0.0000,0,0,0,681,0
1041,3.1340,11.5201,0.0050,0.0000,0,0,0.0000,0,0.0000,0,0,0,774,0
1042,3.0552,16.7659,0.0045,0.0000,0,0,0.0000,0,0.0000,0,0,0,806,0
1043,2.9733,22.0765,0.0027,0.0000,0,0,0.0000,0,0.0000,0,0,0,1044,0
1044,5.1946,6.7045,0.0067,0.0000,0,0,0.0000,0,0.0000,0,0,0,640,0
1045,3.1340,11.4770,0.0103,0.0000,0,0,0.0000,0,0.0000,0,0,0,819,0
1046,3.0552,16.6803,0.0035,0.0000,0,0,0.0000,0,0.0000,0,0,0,740,0
1047,2.9733,22.2002,0.0065,0.0000,0,0,0.0000,0,0.0000,0,0,0,871,0
1048,5.1946,6.6064,0.0055,0.0000,0,0,0.0000,0,0.0000,0,0,0,602,0
1049,3.1340,11.6132,0.0040,0.0000,0,0,0.0000,0,0.0000,0,0,0,721,0
1050,3.0552,16.8744,0.0069,0.0000,0,0,0.0000,0,0.0000,0,0,0,1059,0
1051,2.9733,22.1837,0.0059,0.0000,0,0,0.0000,0,0.0000,0,0,0,1253,0
1052,5.1946,6.4548,0.0080,0.0000,0,0,0.0000,0,0.0000,0,0,0,599,0
1053,3.1340,11.6518,0.0061,0.0000,0,0,0.0000,0,0.0000,0,0,0,614,0
1054,3.0552,16.9024,0.0061,0.0000,0,0,0.0000,0,0.0000,0,0,0,928,0
1055,2.9733,22.3268,0.0048,0.0000,0,0,0.0000,0,0.0000,0,0,0,701,0
1056,5.1946,6.5065,0.0053,0.0000,0,0,0.0000,0,0.0000,0,0,0,599,0
1057,3.1340,11.4718,0.0033,0.0000,0,0,0.0000,0,0.0000,0,0,0,599,0
1058,3.0552,16.8047,0.0054,0.0000,0,0,0.0000,0,0.0000,0,0,0,928,0
1059,2.9733,22.3625,0.0075,0.0000,0,0,0.0000,0,0.0000,0,0,0,695,0
1060,5.1946,6.6517,0.0053,0.0000,0,0,0.0000,0,0.0000,0,0,0,599,0
1061,3.1340,11.5490,0.0054,0.0000,0,0,0.0000,0,0.0000,0,0,0,599,0
1062,3.0552,16.9394,0.0069,0.0000,0,0,0.0000,0,0.0000,0,0,0,902,0
1063,2.9733,22.2589,0.0037,0.0000,0,0,0.0000,0,0.0000,0,0,0,701,0
1064,5.1946,6.7475,0.0055,0.0000,0,0,0.0000,0,0.0000,0,0,0,599,0
1065,3.1340,11.5092,0.0053,0.0000,0,0,0.0000,0,0.0000,0,0,0,599,0
1066,3.0552,16.6558,0.0047,0.0000,0,0,0.0000,0,0.0000,0,0,0,1292,0
1067,2.9733,21.9193,0.0056,0.0000,0,0,0.0000,0,0.0000,0,0,0,699,0
1068,5.1946,6.5970,0.0053,0.0000,0,0,0.0000,0,0.0000,0,0,0,599,0
1069,3.1340,11.4250,0.0037,0.0000,0,0,0.0000,0,0.0000,0,0,0,599,0
1070,3.0552,16.6061,0.0107,0.0000,0,0,0.0000,0,0.0000,0,0,0,700,0
1071,2.9733,21.7883,0.0065,0.0000,0,0,0.0000,0,0.0000,0,0,0,789,0
1072,5.1946,6.6929,0.0053,0.0000,0,0,0.0000,0,0.0000,0,0,0,599,0
1073,3.1340,11.6413,0.0066,0.0000,0,0,0.0000,0,0.0000,0,0,0,599,0
1074,3.0552,16.8395,0.0040,0.0000,0,0,0.0000,0,0.0000,0,0,0,695,0
1075,2.9733,22.2700,0.0040,0.0000,0,0,0.0000,0,0.0000,0,0,0,717,0
1076,5.1946,6.5857,0.0055,0.0000,0,0,0.0000,0,0.0000,0,0,0,599,0
1077,3.1340,11.5370,0.0044,0.0000,0,0,0.0000,0,0.0000,0,0,0,599,0
1078,3.0552,16.8069,0.0049,0.0000,0,0,0.0000,0,0.0000,0,0,0,732,0
1079,2.9733,22.1290,0.0101,0.0000,0,0,0.0000,0,0.0000,0,0,0,983,0
1080,5.1946,6.4961,0.0080,0.0000,0,0,0.0000,0,0.0000,0,0,0,599,0
1081,3.1340,11.5086,0.0055,0.0000,0,0,0.0000,0,0.0000,0,0,0,599,0
1082,3.0552,16.7916,0.0057,0.0000,0,0,0.0000,0,0.0000,0,0,0,716,0
1083,2.9733,22.1989,0.0065,0.0000,0,0,0.0000,0,0.0000,0,0,0,701,0
1084,5.1946,6.6357,0.0057,0.0000,0,0,0.0000,0,0.0000,0,0,0,599,0
1085,3.1340,11.5752,0.0057,0.0000,0,0,0.0000,0,0.0000,0,0,0,599,0
1086,3.0552,16.8083,0.0079,0.0000,0,0,0.0000,0,0.0000,0,0,0,801,0
1087,2.9733,22.1459,0.0062,0.0000,0,0,0.0000,0,0.0000,0,0,0,695,0
1088,5.1946,6.5931,0.0049,0.0000,0,0,0.0000,0,0.0000,0,0,0,599,0
1089,3.1340,11.5137,0.0042,0.0000,0,0,0.0000,0,0.0000,0,0,0,599,0
1090,3.0552,16.7522,0.0055,0.0000,0,0,0.0000,0,0.0000,0,0,0,747,0
1091,2.9733,22.0285,0.0027,0.0000,0,0,0.0000,0,0.0000,0,0,0,695,0
1092,5.1946,6.6287,0.0049,0.0000,0,0,0.0000,0,0.0000,0,0,0,599,0
1093,3.1340,11.5215,0.0060,0.0000,0,0,0.0000,0,0.0000,0,0,0,599,0
1094,3.0552,16.7210,0.0039,0.0000,0,0,0.0000,0,0.0000,0,0,0,930,0
1095,2.9733,22.1096,0.0057,0.0000,0,0,0.0000,0,0.0000,0,0,0,712,0
1096,5.1946,6.4985,0.0049,0.0000,0,0,0.0000,0,0.0000,0,0,0,599,0
1097,3.1340,11.5053,0.0039,0.0000,0,0,0.0000,0,0.0000,0,0,0,599,0
1098,3.0552,16.7743,0.0049,0.0000,0,0,0.0000,0,0.0000,0,0,0,767,0
1099,2.9733,22.2458,0.0100,0.0000,0,0,0.0000,0,0.0000,0,0,0,729,0
1100,5.1946,6.5111,0.0045,0.0000,0,0,0.0000,0,0.0000,0,0,0,599,0
1101,3.1340,11.4950,0.0047,0.0000,0,0,0.0000,0,0.0000,0,0,0,599,0
1102,3.0552,16.8840,0.0047,0.0000,0,0,0.0000,0,0.0000,0,0,0,727,0
1103,2.9733,22.1990,0.0038,0.0000,0,0,0.0000,0,0.0000,0,0,0,695,0
1104,5.1946,6.4861,0.0056,0.0000,0,0,0.0000,0,0.0000,0,0,0,599,0
1105,3.1340,11.5525,0.0046,0.0000,0,0,0.0000,0,0.0000,0,0,0,599,0
1106,3.0552,16.8115,0.0085,0.0000,0,0,0.0000,0,0.0000,0,0,0,746,0
1107,2.9733,22.1409,0.0063,0.0000,0,0,0.0000,0,0.0000,0,0,0,821,0
1108,5.1946,6.4559,0.0050,0.0000,0,0,0.0000,0,0.0000,0,0,0,599,0
1109,3.1340,11.4193,0.0051,0.0000,0,0,0.0000,0,0.0000,0,0,0,599,0
1110,3.0552,16.6883,0.0057,0.0000,0,0,0.0000,0,0.0000,0,0,0,1008,0
1111,2.9733,21.9644,0.0035,0.0000,0,0,0.0000,0,0.0000,0,0,0,695,0
1112,5.1946,6.5763,0.0050,0.0000,0,0,0.0000,0,0.0000,0,0,0,599,0
1113,3.1340,11.5181,0.0057,0.0000,0,0,0.0000,0,0.0000,0,0,0,599,0
1114,3.0552,16.6763,0.0062,0.0000,0,0,0.0000,0,0.0000,0,0,0,697,0
1115,2.9733,22.0667,0.0053,0.0000,0,0,0.0000,0,0.0000,0,0,0,695,0
1116,5.1946,6.4123,0.0051,0.0000,0,0,0.0000,0,0.0000,0,0,0,599,0
1117,3.1340,11.5307,0.0079,0.0000,0,0,0.0000,0,0.0000,0,0,0,599,0
1118,3.0552,16.7944,0.0052,0.0000,0,0,0.0000,0,0.0000,0,0,0,695,0
1119,2.9733,22.2840,0.0058,0.0000,0,0,0.0000,0,0.0000,0,0,0,695,0
1120,5.1946,6.4283,0.0047,0.0000,0,0,0.0000,0,0.0000,0,0,0,599,0
1121,3.1340,11.4567,0.0048,0.0000,0,0,0.0000,0,0.0000,0,0,0,599,0
1122,3.0552,16.9740,0.0050,0.0000,0,0,0.0000,0,0.0000,0,0,0,695,0
1123,2.9733,22.3733,0.0045,0.0000,0,0,0.0000,0,0.0000,0,0,0,695,0
1124,5.1946,6.4176,0.0046,0.0000,0,0,0.0000,0,0.0000,0,0,0,599,0
1125,3.1340,11.5825,0.0043,0.0000,0,0,0.0000,0,0.0000,0,0,0,599,0
1126,3.0552,16.9581,0.0048,0.0000,0,0,0.0000,0,0.0000,0,0,0,695,0
1127,2.9733,22.4007,0.0050,0.0000,0,0,0.0000,0,0.0000,0,0,0,718,0
1128,5.1946,6.3209,0.0032,0.0000,0,0,0.0000,0,0.0000,0,0,0,599,0
1129,3.1340,11.4600,0.0042,0.0000,0,0,0.0000,0,0.0000,0,0,0,599,0
1130,3.0552,16.9845,0.0067,0.0000,0,0,0.0000,0,0.0000,0,0,0,705,0
1131,2.9733,22.3157,0.0045,0.0000,0,0,0.0000,0,0.0000,0,0,0,700,0
1132,5.1946,6.8074,0.0062,0.0000,0,0,0.0000,0,0.0000,0,0,0,599,0
1133,3.1340,11.5240,0.0053,0.0000,0,0,0.0000,0,0.0000,0,0,0,599,0
1134,3.0552,16.6094,0.0069,0.0000,0,0,0.0000,0,0.0000,0,0,0,695,0
1135,2.9733,22.0027,0.0068,0.0000,0,0,0.0000,0,0.0000,0,0,0,725,0
1136,5.1946,6.6940,0.0096,0.0000,0,0,0.0000,0,0.0000,0,0,0,599,0
1137,3.1340,11.4274,0.0053,0.0000,0,0,0.0000,0,0.0000,0,0,0,599,0
1138,3.0552,16.1865,0.0055,0.0000,0,0,0.0000,0,0.0000,0,0,0,717,0
1139,2.9733,21.3255,0.0103,0.0000,0,0,0.0000,0,0.0000,0,0,0,695,0
1140,5.1946,6.4881,0.0048,0.0000,0,0,0.0000,0,0.0000,0,0,0,599,0
1141,3.1340,11.5191,0.0045,0.0000,0,0,0.0000,0,0.0000,0,0,0,599,0
1142,3.0552,16.8618,0.0044,0.0000,0,0,0.0000,0,0.0000,0,0,0,720,0
1143,2.9733,22.3112,0.0094,0.0000,0,0,0.0000,0,0.0000,0,0,0,695,0
1144,5.1946,6.3929,0.0050,0.0000,0,0,0.0000,0,0.0000,0,0,0,599,0
1145,3.1340,11.4725,0.0027,0.0000,0,0,0.0000,0,0.0000,0,0,0,599,0
1146,3.0552,16.8530,0.0091,0.0000,0,0,0.0000,0,0.0000,0,0,0,716,0
1147,2.9733,22.2796,0.0051,0.0000,0,0,0.0000,0,0.0000,0,0,0,695,0
1148,5.1946,6.3029,0.0027,0.0000,0,0,0.0000,0,0.0000,0,0,0,599,0
1149,3.1340,11.4332,0.0045,0.0000,0,0,0.0000,0,0.0000,0,0,0,599,0
1150,3.0552,16.8027,0.0046,0.0000,0,0,0.0000,0,0.0000,0,0,0,740,0
1151,2.9733,22.2082,0.0033,0.0000,0,0,0.0000,0,0.0000,0,0,0,695,0
1152,5.1946,6.4721,0.0048,0.0000,0,0,0.0000,0,0.0000,0,0,0,599,0
1153,3.1340,11.5050,0.0044,0.0000,0,0,0.0000,0,0.0000,0,0,0,599,0
1154,3.0552,16.8176,0.0034,0.0000,0,0,0.0000,0,0.0000,0,0,0,836,0
1155,2.9733,22.2493,0.0052,0.0000,0,0,0.0000,0,0.0000,0,0,0,706,0
1156,5.1946,6.5950,0.0071,0.0000,0,0,0.0000,0,0.0000,0,0,0,599,0
1157,3.1340,11.6773,0.0048,0.0000,0,0,0.0000,0,0.0000,0,0,0,599,0
1158,3.0552,17.0150,0.0069,0.0000,0,0,0.0000,0,0.0000,0,0,0,695,0
1159,2.9733,22.5557,0.0071,0.0000,0,0,0.0000,0,0.0000,0,0,0,701,0
1160,5.1946,6.7242,0.0058,0.0000,0,0,0.0000,0,0.0000,0,0,0,599,0
1161,3.1340,11.5456,0.0066,0.0000,0,0,0.0000,0,0.0000,0,0,0,599,0
1162,3.0552,16.7470,0.0085,0.0000,0,0,0.0000,0,0.0000,0,0,0,695,0
1163,2.9733,22.1693,0.0064,0.0000,0,0,0.0000,0,0.0000,0,0,0,699,0
1164,5.1946,6.6825,0.0068,0.0000,0,0,0.0000,0,0.0000,0,0,0,599,0
1165,3.1340,11.4393,0.0039,0.0000,0,0,0.0000,0,0.0000,0,0,0,599,0
1166,3.0552,16.6320,0.0046,0.0000,0,0,0.0000,0,0.0000,0,0,0,695,0
1167,2.9733,21.9416,0.0052,0.0000,0,0,0.0000,0,0.0000,0,0,0,695,0
1168,5.1946,6.3800,0.0033,0.0000,0,0,0.0000,0,0.0000,0,0,0,599,0
1169,3.1340,11.4791,0.0044,0.0000,0,0,0.0000,0,0.0000,0,0,0,599,0
1170,3.0552,16.8439,0.0046,0.0000,0,0,0.0000,0,0.0000,0,0,0,695,0
1171,2.9733,22.2329,0.0037,0.0000,0,0,0.0000,0,0.0000,0,0,0,695,0
1172,5.1946,6.3649,0.0045,0.0000,0,0,0.0000,0,0.0000,0,0,0,599,0
1173,3.1340,11.5130,0.0051,0.0000,0,0,0.0000,0,0.0000,0,0,0,599,0
1174,3.0552,16.8708,0.0075,0.0000,0,0,0.0000,0,0.0000,0,0,0,704,0
1175,2.9733,22.2930,0.0089,0.0000,0,0,0.0000,0,0.0000,0,0,0,695,0
1176,5.1946,6.3347,0.0043,0.0000,0,0,0.0000,0,0.0000,0,0,0,599,0
1177,3.1340,11.5183,0.0090,0.0000,0,0,0.0000,0,0.0000,0,0,0,599,0
1178,3.0552,16.7482,0.0071,0.0000,0,0,0.0000,0,0.0000,0,0,0,708,0
1179,2.9733,22.4508,0.0073,0.0000,0,0,0.0000,0,0.0000,0,0,0,695,0
1180,5.1946,6.9088,0.0106,0.0000,0,0,0.0000,0,0.0000,0,0,0,599,0
1181,3.1340,11.4869,0.0047,0.0000,0,0,0.0000,0,0.0000,0,0,0,599,0
1182,3.0552,16.6060,0.0040,0.0000,0,0,0.0000,0,0.0000,0,0,0,710,0
1183,2.9733,22.0480,0.0060,0.0000,0,0,0.0000,0,0.0000,0,0,0,695,0
1184,5.1946,6.5342,0.0052,0.0000,0,0,0.0000,0,0.0000,0,0,0,599,0
1185,3.1340,11.4035,0.0047,0.0000,0,0,0.0000,0,0.0000,0,0,0,599,0
1186,3.0552,16.5912,0.0050,0.0000,0,0,0.0000,0,0.0000,0,0,0,703,0
1187,2.9733,21.8029,0.0037,0.0000,0,0,0.0000,0,0.0000,0,0,0,695,0
1188,5.1946,6.2570,0.0037,0.0000,0,0,0.0000,0,0.0000,0,0,0,599,0
1189,3.1340,11.4169,0.0033,0.0000,0,0,0.0000,0,0.0000,0,0,0,599,0
1190,3.0552,16.7845,0.0037,0.0000,0,0,0.0000,0,0.0000,0,0,0,695,0
1191,2.9733,22.2603,0.0075,0.0000,0,0,0.0000,0,0.0000,0,0,0,695,0
1192,5.1946,6.3923,0.0054,0.0000,0,0,0.0000,0,0.0000,0,0,0,599,0
1193,3.1340,11.5133,0.0054,0.0000,0,0,0.0000,0,0.0000,0,0,0,599,0
1194,3.0552,16.8852,0.0059,0.0000,0,0,0.0000,0,0.0000,0,0,0,695,0
1195,2.9733,22.2657,0.0053,0.0000,0,0,0.0000,0,0.0000,0,0,0,695,0
1196,5.1946,6.6130,0.0046,0.0000,0,0,0.0000,0,0.0000,0,0,0,599,0
1197,3.1340,11.5574,0.0087,0.0000,0,0,0.0000,0,0.0000,0,0,0,599,0
1198,3.0552,16.8460,0.0090,0.0000,0,0,0.0000,0,0.0000,0,0,0,799,0
1199,2.9733,22.2456,0.0058,0.0000,0,0,0.0000,0,0.0000,0,0,0,695,0
1200,5.1946,5.6327,0.1029,0.0000,0,0,0.0000,0,0.0000,0,1,0,105482,0
1201,3.1340,9.9102,0.0658,0.0000,0,0,0.0000,0,0.0000,0,1,0,71919,0
1202,3.0552,14.1895,0.0297,0.0000,0,0,0.0000,0,0.0000,0,1,0,100728,0
1203,2.9733,18.8043,0.0762,0.0000,0,0,0.0000,0,0.0000,0,1,0,109587,0
1204,5.1946,6.5603,0.0120,0.0000,0,0,0.0000,0,0.0000,0,0,0,15863,0
1205,3.1340,11.6340,0.0207,0.0000,0,0,0.0000,0,0.0000,0,0,0,9553,0
1206,3.0552,17.0296,0.0080,0.0000,0,0,0.0000,0,0.0000,0,0,0,14021,0
1207,2.9733,22.5212,0.0234,0.0000,0,0,0.0000,0,0.0000,0,0,0,22860,0
1208,5.1946,6.6908,0.0065,0.0000,0,0,0.0000,0,0.0000,0,0,0,9106,0
1209,3.1340,11.5152,0.0102,0.0000,0,0,0.0000,0,0.0000,0,0,0,3310,0
1210,3.0552,16.6602,0.0115,0.0000,0,0,0.0000,0,0.0000,0,0,0,16824,0
1211,2.9733,21.7270,0.0060,0.0000,0,0,0.0000,0,0.0000,0,0,0,20305,0
1212,5.1946,6.5273,0.0102,0.0000,0,0,0.0000,0,0.0000,0,0,0,7345,0
1213,3.1340,11.5593,0.0057,0.0000,0,0,0.0000,0,0.0000,0,0,0,3453,0
1214,3.0552,16.8558,0.0065,0.0000,0,0,0.0000,0,0.0000,0,0,0,15486,0
1215,2.9733,22.3606,0.0080,0.0000,0,0,0.0000,0,0.0000,0,0,0,8839,0
1216,5.1946,6.4929,0.0105,0.0000,0,0,0.0000,0,0.0000,0,0,0,5064,0
1217,3.1340,11.5008,0.0075,0.0000,0,0,0.0000,0,0.0000,0,0,0,1807,0
1218,3.0552,16.8784,0.0167,0.0000,0,0,0.0000,0,0.0000,0,0,0,12230,0
1219,2.9733,22.3447,0.0073,0.0000,0,0,0.0000,0,0.0000,0,0,0,7342,0
1220,5.1946,6.4649,0.0093,0.0000,0,0,0.0000,0,0.0000,0,0,0,4261,0
1221,3.1340,11.5281,0.0062,0.0000,0,0,0.0000,0,0.0000,0,0,0,1446,0
1222,3.0552,17.2043,0.0140,0.0000,0,0,0.0000,0,0.0000,0,0,0,8041,0
1223,2.9733,22.6055,0.0069,0.0000,0,0,0.0000,0,0.0000,0,0,0,2243,0
1224,5.1946,6.7066,0.0071,0.0000,0,0,0.0000,0,0.0000,0,0,0,3916,0
1225,3.1340,11.4314,0.0061,0.0000,0,0,0.0000,0,0.0000,0,0,0,1368,0
1226,3.0552,16.7381,0.0112,0.0000,0,0,0.0000,0,0.0000,0,0,0,7441,0
1227,2.9733,21.9418,0.0070,0.0000,0,0,0.0000,0,0.0000,0,0,0,1961,0
1228,5.1946,6.6718,0.0062,0.0000,0,0,0.0000,0,0.0000,0,0,0,2949,0
1229,3.1340,11.5030,0.0063,0.0000,0,0,0.0000,0,0.0000,0,0,0,1443,0
1230,3.0552,16.6419,0.0054,0.0000,0,0,0.0000,0,0.0000,0,0,0,4682,0
1231,2.9733,21.9670,0.0037,0.0000,0,0,0.0000,0,0.0000,0,0,0,1949,0
1232,5.1946,6.5039,0.0068,0.0000,0,0,0.0000,0,0.0000,0,0,0,1746,0
1233,3.1340,11.6744,0.0108,0.0000,0,0,0.0000,0,0.0000,0,0,0,1587,0
1234,3.0552,16.9055,0.0055,0.0000,0,0,0.0000,0,0.0000,0,0,0,3830,0
1235,2.9733,22.4566,0.0112,0.0000,0,0,0.0000,0,0.0000,0,0,0,1561,0
1236,5.1946,6.7851,0.0114,0.0000,0,0,0.0000,0,0.0000,0,0,0,1549,0
1237,3.1340,11.5742,0.0075,0.0000,0,0,0.0000,0,0.0000,0,0,0,1578,0
1238,3.0552,16.8004,0.0120,0.0000,0,0,0.0000,0,0.0000,0,0,0,3348,0
1239,2.9733,22.0757,0.0087,0.0000,0,0,0.0000,0,0.0000,0,0,0,2325,0
1240,5.1946,6.9061,0.0106,0.0000,0,0,0.0000,0,0.0000,0,0,0,1191,0
1241,3.1340,11.4614,0.0113,0.0000,0,0,0.0000,0,0.0000,0,0,0,1431,0
1242,3.0552,16.5226,0.0041,0.0000,0,0,0.0000,0,0.0000,0,0,0,3249,0
1243,2.9733,21.9500,0.0071,0.0000,0,0,0.0000,0,0.0000,0,0,0,1876,0
1244,5.1946,6.7364,0.0067,0.0000,0,0,0.0000,0,0.0000,0,0,0,1033,0
1245,3.1340,11.3810,0.0039,0.0000,0,0,0.0000,0,0.0000,0,0,0,1325,0
1246,3.0552,16.6381,0.0102,0.0000,0,0,0.0000,0,0.0000,0,0,0,995,0
1247,2.9733,21.8549,0.0073,0.0000,0,0,0.0000,0,0.0000,0,0,0,2376,0
1248,5.1946,6.4267,0.0085,0.0000,0,0,0.0000,0,0.0000,0,0,0,1043,0
1249,3.1340,11.5267,0.0095,0.0000,0,0,0.0000,0,0.0000,0,0,0,1267,0
1250,3.0552,16.8639,0.0063,0.0000,0,0,0.0000,0,0.0000,0,0,0,742,0
1251,2.9733,22.2872,0.0056,0.0000,0,0,0.0000,0,0.0000,0,0,0,787,0
1252,5.1946,6.6880,0.0115,0.0000,0,0,0.0000,0,0.0000,0,0,0,846,0
1253,3.1340,11.5206,0.0057,0.0000,0,0,0.0000,0,0.0000,0,0,0,1218,0
1254,3.0552,16.7052,0.0055,0.0000,0,0,0.0000,0,0.0000,0,0,0,791,0
1255,2.9733,22.0173,0.0105,0.0000,0,0,0.0000,0,0.0000,0,0,0,700,0
1256,5.1946,6.5034,0.0088,0.0000,0,0,0.0000,0,0.0000,0,0,0,763,0
1257,3.1340,11.4205,0.0062,0.0000,0,0,0.0000,0,0.0000,0,0,0,1111,0
1258,3.0552,16.4819,0.0092,0.0000,0,0,0.0000,0,0.0000,0,0,0,856,0
1259,2.9733,21.8071,0.0030,0.0000,0,0,0.0000,0,0.0000,0,0,0,710,0
1260,5.1946,6.7495,0.0060,0.0000,0,0,0.0000,0,0.0000,0,0,0,681,0
1261,3.1340,11.5444,0.0103,0.0000,0,0,0.0000,0,0.0000,0,0,0,1116,0
1262,3.0552,16.7920,0.0049,0.0000,0,0,0.0000,0,0.0000,0,0,0,1108,0
1263,2.9733,22.3305,0.0066,0.0000,0,0,0.0000,0,0.0000,0,0,0,910,0
1264,5.1946,6.8051,0.0053,0.0000,0,0,0.0000,0,0.0000,0,0,0,635,0
1265,3.1340,11.3842,0.0036,0.0000,0,0,0.0000,0,0.0000,0,0,0,895,0
1266,3.0552,16.3660,0.0057,0.0000,0,0,0.0000,0,0.0000,0,0,0,1017,0
1267,2.9733,21.7774,0.0124,0.0000,0,0,0.0000,0,0.0000,0,0,0,1349,0
1268,5.1946,6.7725,0.0048,0.0000,0,0,0.0000,0,0.0000,0,0,0,635,0
1269,3.1340,11.5874,0.0057,0.0000,0,0,0.0000,0,0.0000,0,0,0,951,0
1270,3.0552,17.0239,0.0046,0.0000,0,0,0.0000,0,0.0000,0,0,0,1548,0
1271,2.9733,22.5637,0.0055,0.0000,0,0,0.0000,0,0.0000,0,0,0,1172,0
1272,5.1946,6.5999,0.0055,0.0000,0,0,0.0000,0,0.0000,0,0,0,634,0
1273,3.1340,11.4057,0.0026,0.0000,0,0,0.0000,0,0.0000,0,0,0,874,0
1274,3.0552,16.8561,0.0072,0.0000,0,0,0.0000,0,0.0000,0,0,0,1320,0
1275,2.9733,22.1412,0.0123,0.0000,0,0,0.0000,0,0.0000,0,0,0,1733,0
1276,5.1946,6.5035,0.0039,0.0000,0,0,0.0000,0,0.0000,0,0,0,623,0
1277,3.1340,11.6538,0.0076,0.0000,0,0,0.0000,0,0.0000,0,0,0,816,0
1278,3.0552,16.8478,0.0097,0.0000,0,0,0.0000,0,0.0000,0,0,0,1177,0
1279,2.9733,22.1895,0.0040,0.0000,0,0,0.0000,0,0.0000,0,0,0,706,0
1280,5.1946,7.5570,0.0077,0.0000,0,0,0.0000,0,0.0000,0,0,0,681,0
1281,3.1340,11.5813,0.0053,0.0000,0,0,0.0000,0,0.0000,0,0,0,774,0
1282,3.0552,16.7545,0.0036,0.0000,0,0,0.0000,0,0.0000,0,0,0,1043,0
1283,2.9733,22.1973,0.0079,0.0000,0,0,0.0000,0,0.0000,0,0,0,706,0
1284,5.1946,6.8146,0.0112,0.0000,0,0,0.0000,0,0.0000,0,0,0,640,0
1285,3.1340,11.5920,0.0061,0.0000,0,0,0.0000,0,0.0000,0,0,0,819,0
1286,3.0552,17.1167,0.0066,0.0000,0,0,0.0000,0,0.0000,0,0,0,1589,0
1287,2.9733,21.8992,0.0038,0.0000,0,0,0.0000,0,0.0000,0,0,0,695,0
1288,5.1946,6.7952,0.0102,0.0000,0,0,0.0000,0,0.0000,0,0,0,602,0
1289,3.1340,11.6991,0.0115,0.0000,0,0,0.0000,0,0.0000,0,0,0,721,0
1290,3.0552,16.8178,0.0037,0.0000,0,0,0.0000,0,0.0000,0,0,0,738,0
1291,2.9733,22.1998,0.0044,0.0000,0,0,0.0000,0,0.0000,0,0,0,722,0
1292,5.1946,6.5356,0.0058,0.0000,0,0,0.0000,0,0.0000,0,0,0,599,0
1293,3.1340,11.4834,0.0060,0.0000,0,0,0.0000,0,0.0000,0,0,0,614,0
1294,3.0552,16.7870,0.0061,0.0000,0,0,0.0000,0,0.0000,0,0,0,695,0
1295,2.9733,22.1731,0.0115,0.0000,0,0,0.0000,0,0.0000,0,0,0,912,0
1296,5.1946,6.5275,0.0045,0.0000,0,0,0.0000,0,0.0000,0,0,0,599,0
1297,3.1340,11.5690,0.0060,0.0000,0,0,0.0000,0,0.0000,0,0,0,599,0
1298,3.0552,16.9563,0.0061,0.0000,0,0,0.0000,0,0.0000,0,0,0,695,0
1299,2.9733,22.2973,0.0047,0.0000,0,0,0.0000,0,0.0000,0,0,0,853,0
1300,5.1946,6.5512,0.0064,0.0000,0,0,0.0000,0,0.0000,0,0,0,599,0
1301,3.1340,11.5549,0.0031,0.0000,0,0,0.0000,0,0.0000,0,0,0,599,0
1302,3.0552,16.8598,0.0087,0.0000,0,0,0.0000,0,0.0000,0,0,0,695,0
1303,2.9733,22.1629,0.0067,0.0000,0,0,0.0000,0,0.0000,0,0,0,1381,0
1304,5.1946,6.4343,0.0041,0.0000,0,0,0.0000,0,0.0000,0,0,0,599,0
1305,3.1340,11.4613,0.0097,0.0000,0,0,0.0000,0,0.0000,0,0,0,599,0
1306,3.0552,16.7824,0.0173,0.0000,0,0,0.0000,0,0.0000,0,0,0,752,0
1307,2.9733,21.9225,0.0034,0.0000,0,0,0.0000,0,0.0000,0,0,0,700,0
1308,5.1946,6.5495,0.0062,0.0000,0,0,0.0000,0,0.0000,0,0,0,599,0
1309,3.1340,11.5555,0.0107,0.0000,0,0,0.0000,0,0.0000,0,0,0,599,0
1310,3.0552,16.7807,0.0078,0.0000,0,0,0.0000,0,0.0000,0,0,0,706,0
1311,2.9733,22.1985,0.0065,0.0000,0,0,0.0000,0,0.0000,0,0,0,695,0
1312,5.1946,6.7121,0.0112,0.0000,0,0,0.0000,0,0.0000,0,0,0,599,0
1313,3.1340,11.5890,0.0034,0.0000,0,0,0.0000,0,0.0000,0,0,0,599,0
1314,3.0552,16.9431,0.0053,0.0000,0,0,0.0000,0,0.0000,0,0,0,931,0
1315,2.9733,22.4064,0.0073,0.0000,0,0,0.0000,0,0.0000,0,0,0,701,0
1316,5.1946,6.5274,0.0050,0.0000,0,0,0.0000,0,0.0000,0,0,0,599,0
1317,3.1340,11.6088,0.0055,0.0000,0,0,0.0000,0,0.0000,0,0,0,599,0
1318,3.0552,16.9218,0.0072,0.0000,0,0,0.0000,0,0.0000,0,0,0,795,0
1319,2.9733,22.3510,0.0085,0.0000,0,0,0.0000,0,0.0000,0,0,0,703,0
1320,5.1946,6.6465,0.0096,0.0000,0,0,0.0000,0,0.0000,0,0,0,599,0
1321,3.1340,11.4782,0.0030,0.0000,0,0,0.0000,0,0.0000,0,0,0,599,0
1322,3.0552,16.7130,0.0079,0.0000,0,0,0.0000,0,0.0000,0,0,0,786,0
1323,2.9733,22.0903,0.0065,0.0000,0,0,0.0000,0,0.0000,0,0,0,799,0
1324,5.1946,6.3639,0.0036,0.0000,0,0,0.0000,0,0.0000,0,0,0,599,0
1325,3.1340,11.5597,0.0105,0.0000,0,0,0.0000,0,0.0000,0,0,0,599,0
1326,3.0552,16.8642,0.0097,0.0000,0,0,0.0000,0,0.0000,0,0,0,764,0
1327,2.9733,22.2715,0.0062,0.0000,0,0,0.0000,0,0.0000,0,0,0,780,0
1328,5.1946,6.8085,0.0062,0.0000,0,0,0.0000,0,0.0000,0,0,0,599,0
1329,3.1340,11.5827,0.0060,0.0000,0,0,0.0000,0,0.0000,0,0,0,599,0
1330,3.0552,16.7126,0.0050,0.0000,0,0,0.0000,0,0.0000,0,0,0,1139,0
1331,2.9733,21.9648,0.0075,0.0000,0,0,0.0000,0,0.0000,0,0,0,1021,0
1332,5.1946,6.5269,0.0100,0.0000,0,0,0.0000,0,0.0000,0,0,0,599,0
1333,3.1340,11.4685,0.0046,0.0000,0,0,0.0000,0,0.0000,0,0,0,599,0
1334,3.0552,16.6349,0.0065,0.0000,0,0,0.0000,0,0.0000,0,0,0,695,0
1335,2.9733,22.1122,0.0082,0.0000,0,0,0.0000,0,0.0000,0,0,0,695,0
1336,5.1946,6.8494,0.0060,0.0000,0,0,0.0000,0,0.0000,0,0,0,599,0
1337,3.1340,11.5663,0.0102,0.0000,0,0,0.0000,0,0.0000,0,0,0,599,0
1338,3.0552,16.6339,0.0073,0.0000,0,0,0.0000,0,0.0000,0,0,0,695,0
1339,2.9733,21.9710,0.0049,0.0000,0,0,0.0000,0,0.0000,0,0,0,695,0
1340,5.1946,6.7893,0.0069,0.0000,0,0,0.0000,0,0.0000,0,0,0,599,0
1341,3.1340,11.4228,0.0033,0.0000,0,0,0.0000,0,0.0000,0,0,0,599,0
1342,3.0552,16.7685,0.0097,0.0000,0,0,0.0000,0,0.0000,0,0,0,695,0
1343,2.9733,22.1500,0.0106,0.0000,0,0,0.0000,0,0.0000,0,0,0,695,0
1344,5.1946,6.5488,0.0038,0.0000,0,0,0.0000,0,0.0000,0,0,0,599,0
1345,3.1340,11.5733,0.0094,0.0000,0,0,0.0000,0,0.0000,0,0,0,599,0
1346,3.0552,16.8859,0.0065,0.0000,0,0,0.0000,0,0.0000,0,0,0,695,0
1347,2.9733,22.1086,0.0073,0.0000,0,0,0.0000,0,0.0000,0,0,0,695,0
1348,5.1946,6.5118,0.0059,0.0000,0,0,0.0000,0,0.0000,0,0,0,599,0
1349,3.1340,11.4332,0.0033,0.0000,0,0,0.0000,0,0.0000,0,0,0,599,0
1350,3.0552,16.7917,0.0042,0.0000,0,0,0.0000,0,0.0000,0,0,0,724,0
1351,2.9733,22.2066,0.0067,0.0000,0,0,0.0000,0,0.0000,0,0,0,746,0
1352,5.1946,6.6770,0.0063,0.0000,0,0,0.0000,0,0.0000,0,0,0,599,0
1353,3.1340,11.6071,0.0060,0.0000,0,0,0.0000,0,0.0000,0,0,0,599,0
1354,3.0552,16.8062,0.0062,0.0000,0,0,0.0000,0,0.0000,0,0,0,695,0
1355,2.9733,22.0803,0.0044,0.0000,0,0,0.0000,0,0.0000,0,0,0,712,0
1356,5.1946,6.4991,0.0059,0.0000,0,0,0.0000,0,0.0000,0,0,0,599,0
1357,3.1340,11.4157,0.0047,0.0000,0,0,0.0000,0,0.0000,0,0,0,599,0
1358,3.0552,16.7637,0.0036,0.0000,0,0,0.0000,0,0.0000,0,0,0,756,0
1359,2.9733,22.1573,0.0156,0.0000,0,0,0.0000,0,0.0000,0,0,0,812,0
1360,5.1946,6.3865,0.0056,0.0000,0,0,0.0000,0,0.0000,0,0,0,599,0
1361,3.1340,11.5014,0.0040,0.0000,0,0,0.0000,0,0.0000,0,0,0,599,0
1362,3.0552,16.8296,0.0057,0.0000,0,0,0.0000,0,0.0000,0,0,0,749,0
1363,2.9733,22.2321,0.0061,0.0000,0,0,0.0000,0,0.0000,0,0,0,734,0
1364,5.1946,6.5405,0.0084,0.0000,0,0,0.0000,0,0.0000,0,0,0,599,0
1365,3.1340,11.4951,0.0063,0.0000,0,0,0.0000,0,0.0000,0,0,0,599,0
1366,3.0552,16.8417,0.0059,0.0000,0,0,0.0000,0,0.0000,0,0,0,715,0
1367,2.9733,22.1977,0.0083,0.0000,0,0,0.0000,0,0.0000,0,0,0,695,0
1368,5.1946,6.6013,0.0104,0.0000,0,0,0.0000,0,0.0000,0,0,0,599,0
1369,3.1340,11.5280,0.0045,0.0000,0,0,0.0000,0,0.0000,0,0,0,599,0
1370,3.0552,16.7592,0.0044,0.0000,0,0,0.0000,0,0.0000,0,0,0,709,0
1371,2.9733,22.0977,0.0055,0.0000,0,0,0.0000,0,0.0000,0,0,0,695,0
1372,5.1946,6.4705,0.0071,0.0000,0,0,0.0000,0,0.0000,0,0,0,599,0
1373,3.1340,11.5741,0.0046,0.0000,0,0,0.0000,0,0.0000,0,0,0,599,0
1374,3.0552,16.7521,0.0037,0.0000,0,0,0.0000,0,0.0000,0,0,0,863,0
1375,2.9733,22.0506,0.0031,0.0000,0,0,0.0000,0,0.0000,0,0,0,702,0
1376,5.1946,6.4025,0.0094,0.0000,0,0,0.0000,0,0.0000,0,0,0,599,0
1377,3.1340,11.4386,0.0049,0.0000,0,0,0.0000,0,0.0000,0,0,0,599,0
1378,3.0552,16.6887,0.0032,0.0000,0,0,0.0000,0,0.0000,0,0,0,695,0
1379,2.9733,22.0714,0.0058,0.0000,0,0,0.0000,0,0.0000,0,0,0,743,0
1380,5.1946,6.4860,0.0045,0.0000,0,0,0.0000,0,0.0000,0,0,0,599,0
1381,3.1340,11.5201,0.0027,0.0000,0,0,0.0000,0,0.0000,0,0,0,599,0
1382,3.0552,16.7750,0.0040,0.0000,0,0,0.0000,0,0.0000,0,0,0,695,0
1383,2.9733,22.1027,0.0055,0.0000,0,0,0.0000,0,0.0000,0,0,0,738,0
1384,5.1946,6.5772,0.0049,0.0000,0,0,0.0000,0,0.0000,0,0,0,599,0
1385,3.1340,11.6105,0.0056,0.0000,0,0,0.0000,0,0.0000,0,0,0,599,0
1386,3.0552,17.0257,0.0056,0.0000,0,0,0.0000,0,0.0000,0,0,0,695,0
1387,2.9733,22.5571,0.0061,0.0000,0,0,0.0000,0,0.0000,0,0,0,788,0
1388,5.1946,6.6778,0.0059,0.0000,0,0,0.0000,0,0.0000,0,0,0,599,0
1389,3.1340,11.4299,0.0027,0.0000,0,0,0.0000,0,0.0000,0,0,0,599,0
1390,3.0552,16.7730,0.0061,0.0000,0,0,0.0000,0,0.0000,0,0,0,695,0
1391,2.9733,21.9853,0.0071,0.0000,0,0,0.0000,0,0.0000,0,0,0,695,0
1392,5.1946,6.6390,0.0043,0.0000,0,0,0.0000,0,0.0000,0,0,0,599,0
1393,3.1340,11.5581,0.0069,0.0000,0,0,0.0000,0,0.0000,0,0,0,599,0
1394,3.0552,16.7624,0.0055,0.0000,0,0,0.0000,0,0.0000,0,0,0,695,0
1395,2.9733,22.0075,0.0037,0.0000,0,0,0.0000,0,0.0000,0,0,0,695,0
1396,5.1946,6.4944,0.0055,0.0000,0,0,0.0000,0,0.0000,0,0,0,599,0
1397,3.1340,11.5026,0.0048,0.0000,0,0,0.0000,0,0.0000,0,0,0,599,0
1398,3.0552,16.7284,0.0035,0.0000,0,0,0.0000,0,0.0000,0,0,0,695,0
1399,2.9733,22.1574,0.0053,0.0000,0,0,0.0000,0,0.0000,0,0,0,705,0
1400,5.1946,6.5700,0.0089,0.0000,0,0,0.0000,0,0.0000,0,0,0,599,0
1401,3.1340,11.5071,0.0085,0.0000,0,0,0.0000,0,0.0000,0,0,0,599,0
1402,3.0552,16.5078,0.0048,0.0000,0,0,0.0000,0,0.0000,0,0,0,706,0
1403,2.9733,21.7665,0.0021,0.0000,0,0,0.0000,0,0.0000,0,0,0,725,0
1404,5.1946,6.5684,0.0056,0.0000,0,0,0.0000,0,0.0000,0,0,0,599,0
1405,3.1340,11.5609,0.0051,0.0000,0,0,0.0000,0,0.0000,0,0,0,599,0
1406,3.0552,16.7589,0.0031,0.0000,0,0,0.0000,0,0.0000,0,0,0,714,0
1407,2.9733,22.2835,0.0053,0.0000,0,0,0.0000,0,0.0000,0,0,0,746,0
1408,5.1946,6.4854,0.0050,0.0000,0,0,0.0000,0,0.0000,0,0,0,599,0
1409,3.1340,11.4216,0.0027,0.0000,0,0,0.0000,0,0.0000,0,0,0,599,0
1410,3.0552,16.7117,0.0050,0.0000,0,0,0.0000,0,0.0000,0,0,0,697,0
1411,2.9733,22.1575,0.0112,0.0000,0,0,0.0000,0,0.0000,0,0,0,721,0
1412,5.1946,6.6066,0.0041,0.0000,0,0,0.0000,0,0.0000,0,0,0,599,0
1413,3.1340,11.5415,0.0050,0.0000,0,0,0.0000,0,0.0000,0,0,0,599,0
1414,3.0552,16.7348,0.0098,0.0000,0,0,0.0000,0,0.0000,0,0,0,695,0
1415,2.9733,22.0045,0.0047,0.0000,0,0,0.0000,0,0.0000,0,0,0,758,0
1416,5.1946,6.7100,0.0072,0.0000,0,0,0.0000,0,0.0000,0,0,0,599,0
1417,3.1340,11.6189,0.0066,0.0000,0,0,0.0000,0,0.0000,0,0,0,599,0
1418,3.0552,16.5903,0.0050,0.0000,0,0,0.0000,0,0.0000,0,0,0,781,0
1419,2.9733,21.7787,0.0074,0.0000,0,0,0.0000,0,0.0000,0,0,0,695,0
1420,5.1946,6.6593,0.0107,0.0000,0,0,0.0000,0,0.0000,0,0,0,599,0
1421,3.1340,11.4158,0.0044,0.0000,0,0,0.0000,0,0.0000,0,0,0,599,0
1422,3.0552,16.4393,0.0055,0.0000,0,0,0.0000,0,0.0000,0,0,0,695,0
1423,2.9733,21.6425,0.0037,0.0000,0,0,0.0000,0,0.0000,0,0,0,695,0
1424,5.1946,6.5791,0.0057,0.0000,0,0,0.0000,0,0.0000,0,0,0,599,0
1425,3.1340,11.3965,0.0054,0.0000,0,0,0.0000,0,0.0000,0,0,0,599,0
1426,3.0552,16.4610,0.0060,0.0000,0,0,0.0000,0,0.0000,0,0,0,695,0
1427,2.9733,21.8239,0.0057,0.0000,0,0,0.0000,0,0.0000,0,0,0,695,0
1428,5.1946,6.4723,0.0051,0.0000,0,0,0.0000,0,0.0000,0,0,0,599,0
1429,3.1340,11.4679,0.0034,0.0000,0,0,0.0000,0,0.0000,0,0,0,599,0
1430,3.0552,16.8359,0.0056,0.0000,0,0,0.0000,0,0.0000,0,0,0,695,0
1431,2.9733,22.0931,0.0095,0.0000,0,0,0.0000,0,0.0000,0,0,0,695,0
1432,5.1946,6.4189,0.0042,0.0000,0,0,0.0000,0,0.0000,0,0,0,599,0
1433,3.1340,11.5098,0.0059,0.0000,0,0,0.0000,0,0.0000,0,0,0,599,0
1434,3.0552,16.7761,0.0060,0.0000,0,0,0.0000,0,0.0000,0,0,0,695,0
1435,2.9733,22.0302,0.0042,0.0000,0,0,0.0000,0,0.0000,0,0,0,716,0
1436,5.1946,6.5794,0.0100,0.0000,0,0,0.0000,0,0.0000,0,0,0,599,0
1437,3.1340,11.6259,0.0045,0.0000,0,0,0.0000,0,0.0000,0,0,0,599,0
1438,3.0552,17.0160,0.0047,0.0000,0,0,0.0000,0,0.0000,0,0,0,695,0
1439,2.9733,22.4822,0.0062,0.0000,0,0,0.0000,0,0.0000,0,0,0,707,0
1440,5.1946,20.0635,0.0125,0.0000,0,0,0.0000,0,0.0000,0,1,0,60271,0
1441,3.1340,17.6404,0.0084,0.0000,0,0,0.0000,0,0.0000,0,1,0,43482,0
1442,3.0552,16.6307,0.0048,0.0000,0,0,0.0000,0,0.0000,0,1,0,59828,0
1443,2.9733,17.1649,0.0103,0.0000,0,0,0.0000,0,0.0000,0,1,0,68126,0
1444,5.1946,5.9823,0.0024,0.0000,0,0,0.0000,0,0.0000,0,0,0,15967,0
1445,3.1340,11.3673,0.0030,0.0000,0,0,0.0000,0,0.0000,0,0,0,14199,0
1446,3.0552,16.8118,0.0122,0.0000,0,0,0.0000,0,0.0000,0,0,0,17643,0
1447,2.9733,22.3176,0.0019,0.0000,0,0,0.0000,0,0.0000,0,0,0,14303,0
1448,5.1946,6.0164,0.0025,0.0000,0,0,0.0000,0,0.0000,0,0,0,6175,0
1449,3.1340,11.3637,0.0012,0.0000,0,0,0.0000,0,0.0000,0,0,0,5501,0
1450,3.0552,16.8522,0.0018,0.0000,0,0,0.0000,0,0.0000,0,0,0,8663,0
1451,2.9733,22.3463,0.0038,0.0000,0,0,0.0000,0,0.0000,0,0,0,6869,0
1452,5.1946,6.1235,0.0026,0.0000,0,0,0.0000,0,0.0000,0,0,0,12054,0
1453,3.1340,11.4040,0.0020,0.0000,0,0,0.0000,0,0.0000,0,0,0,15189,0
1454,3.0552,16.8579,0.0048,0.0000,0,0,0.0000,0,0.0000,0,0,0,14797,0
1455,2.9733,22.3835,0.0021,0.0000,0,0,0.0000,0,0.0000,0,0,0,11135,0
1456,5.1946,6.1016,0.0025,0.0000,0,0,0.0000,0,0.0000,0,0,0,19327,0
1457,3.1340,11.4548,0.0095,0.0000,0,0,0.0000,0,0.0000,0,0,0,15140,0
1458,3.0552,16.8823,0.0028,0.0000,0,0,0.0000,0,0.0000,0,0,0,16878,0
1459,2.9733,22.4232,0.0025,0.0000,0,0,0.0000,0,0.0000,0,0,0,17362,0
1460,5.1946,6.1231,0.0044,0.0000,0,0,0.0000,0,0.0000,0,0,0,10956,0
1461,3.1340,11.4343,0.0018,0.0000,0,0,0.0000,0,0.0000,0,0,0,9351,0
1462,3.0552,16.8443,0.0025,0.0000,0,0,0.0000,0,0.0000,0,0,0,9754,0
1463,2.9733,22.3627,0.0044,0.0000,0,0,0.0000,0,0.0000,0,0,0,17542,0
1464,5.1946,6.2104,0.0023,0.0000,0,0,0.0000,0,0.0000,0,0,0,5031,0
1465,3.1340,11.4680,0.0045,0.0000,0,0,0.0000,0,0.0000,0,0,0,4635,0
1466,3.0552,16.7966,0.0026,0.0000,0,0,0.0000,0,0.0000,0,0,0,6836,0
1467,2.9733,22.3031,0.0021,0.0000,0,0,0.0000,0,0.0000,0,0,0,5769,0
1468,5.1946,6.2115,0.0046,0.0000,0,0,0.0000,0,0.0000,0,0,0,3913,0
1469,3.1340,11.5148,0.0020,0.0000,0,0,0.0000,0,0.0000,0,0,0,2919,0
1470,3.0552,16.8627,0.0019,0.0000,0,0,0.0000,0,0.0000,0,0,0,3234,0
1471,2.9733,22.3487,0.0039,0.0000,0,0,0.0000,0,0.0000,0,0,0,3051,0
1472,5.1946,6.1790,0.0021,0.0000,0,0,0.0000,0,0.0000,0,0,0,3192,0
1473,3.1340,11.4431,0.0265,0.0000,0,0,0.0000,0,0.0000,0,0,0,2362,0
1474,3.0552,16.7997,0.0037,0.0000,0,0,0.0000,0,0.0000,0,0,0,2230,0
1475,2.9733,22.1861,0.0041,0.0000,0,0,0.0000,0,0.0000,0,0,0,2863,0
1476,5.1946,6.4414,0.0054,0.0000,0,0,0.0000,0,0.0000,0,0,0,3165,0
1477,3.1340,11.5009,0.0050,0.0000,0,0,0.0000,0,0.0000,0,0,0,2416,0
1478,3.0552,16.7817,0.0033,0.0000,0,0,0.0000,0,0.0000,0,0,0,2408,0
1479,2.9733,22.2882,0.0058,0.0000,0,0,0.0000,0,0.0000,0,0,0,2470,0
1480,5.1946,6.3986,0.0052,0.0000,0,0,0.0000,0,0.0000,0,0,0,2454,0
1481,3.1340,11.5237,0.0049,0.0000,0,0,0.0000,0,0.0000,0,0,0,1491,0
1482,3.0552,16.8036,0.0053,0.0000,0,0,0.0000,0,0.0000,0,0,0,870,0
1483,2.9733,22.1531,0.0056,0.0000,0,0,0.0000,0,0.0000,0,0,0,2369,0
1484,5.1946,6.4760,0.0055,0.0000,0,0,0.0000,0,0.0000,0,0,0,1462,0
1485,3.1340,11.5598,0.0054,0.0000,0,0,0.0000,0,0.0000,0,0,0,1285,0
1486,3.0552,16.8650,0.0083,0.0000,0,0,0.0000,0,0.0000,0,0,0,699,0
1487,2.9733,22.3081,0.0054,0.0000,0,0,0.0000,0,0.0000,0,0,0,1409,0
1488,5.1946,6.5621,0.0058,0.0000,0,0,0.0000,0,0.0000,0,0,0,1319,0
1489,3.1340,11.5518,0.0044,0.0000,0,0,0.0000,0,0.0000,0,0,0,1143,0
1490,3.0552,16.8098,0.0048,0.0000,0,0,0.0000,0,0.0000,0,0,0,695,0
1491,2.9733,22.5462,0.0083,0.0000,0,0,0.0000,0,0.0000,0,0,0,1718,0
1492,5.1946,6.4713,0.0052,0.0000,0,0,0.0000,0,0.0000,0,0,0,1127,0
1493,3.1340,11.4957,0.0057,0.0000,0,0,0.0000,0,0.0000,0,0,0,972,0
1494,3.0552,16.6126,0.0050,0.0000,0,0,0.0000,0,0.0000,0,0,0,702,0
1495,2.9733,21.7850,0.0031,0.0000,0,0,0.0000,0,0.0000,0,0,0,729,0
1496,5.1946,6.4278,0.0059,0.0000,0,0,0.0000,0,0.0000,0,0,0,1059,0
1497,3.1340,11.4687,0.0056,0.0000,0,0,0.0000,0,0.0000,0,0,0,873,0
1498,3.0552,16.7222,0.0035,0.0000,0,0,0.0000,0,0.0000,0,0,0,749,0
1499,2.9733,22.2574,0.0068,0.0000,0,0,0.0000,0,0.0000,0,0,0,695,0
1500,5.1946,6.4656,0.0090,0.0000,0,0,0.0000,0,0.0000,0,0,0,947,0
1501,3.1340,11.4540,0.0039,0.0000,0,0,0.0000,0,0.0000,0,0,0,793,0
1502,3.0552,16.6412,0.0037,0.0000,0,0,0.0000,0,0.0000,0,0,0,712,0
1503,2.9733,21.4082,0.0090,0.0000,0,0,0.0000,0,0.0000,0,0,0,726,0
1504,5.1946,6.4500,0.0055,0.0000,0,0,0.0000,0,0.0000,0,0,0,875,0
1505,3.1340,11.5739,0.0053,0.0000,0,0,0.0000,0,0.0000,0,0,0,748,0
1506,3.0552,17.0170,0.0103,0.0000,0,0,0.0000,0,0.0000,0,0,0,896,0
1507,2.9733,22.5253,0.0055,0.0000,0,0,0.0000,0,0.0000,0,0,0,793,0
1508,5.1946,6.4478,0.0043,0.0000,0,0,0.0000,0,0.0000,0,0,0,790,0
1509,3.1340,11.4221,0.0029,0.0000,0,0,0.0000,0,0.0000,0,0,0,759,0
1510,3.0552,16.7433,0.0049,0.0000,0,0,0.0000,0,0.0000,0,0,0,819,0
1511,2.9733,22.1057,0.0048,0.0000,0,0,0.0000,0,0.0000,0,0,0,1103,0
1512,5.1946,6.3935,0.0042,0.0000,0,0,0.0000,0,0.0000,0,0,0,729,0
1513,3.1340,11.6530,0.0055,0.0000,0,0,0.0000,0,0.0000,0,0,0,770,0
1514,3.0552,16.9647,0.0094,0.0000,0,0,0.0000,0,0.0000,0,0,0,832,0
1515,2.9733,22.3331,0.0068,0.0000,0,0,0.0000,0,0.0000,0,0,0,980,0
1516,5.1946,6.4330,0.0097,0.0000,0,0,0.0000,0,0.0000,0,0,0,695,0
1517,3.1340,11.5265,0.0051,0.0000,0,0,0.0000,0,0.0000,0,0,0,678,0
1518,3.0552,16.7961,0.0037,0.0000,0,0,0.0000,0,0.0000,0,0,0,774,0
1519,2.9733,22.2724,0.0111,0.0000,0,0,0.0000,0,0.0000,0,0,0,1479,0
1520,5.1946,6.5077,0.0067,0.0000,0,0,0.0000,0,0.0000,0,0,0,655,0
1521,3.1340,11.5300,0.0076,0.0000,0,0,0.0000,0,0.0000,0,0,0,665,0
1522,3.0552,16.7282,0.0092,0.0000,0,0,0.0000,0,0.0000,0,0,0,1157,0
1523,2.9733,22.2150,0.0058,0.0000,0,0,0.0000,0,0.0000,0,0,0,711,0
1524,5.1946,6.5255,0.0042,0.0000,0,0,0.0000,0,0.0000,0,0,0,655,0
1525,3.1340,11.4766,0.0048,0.0000,0,0,0.0000,0,0.0000,0,0,0,614,0
1526,3.0552,16.7909,0.0042,0.0000,0,0,0.0000,0,0.0000,0,0,0,713,0
1527,2.9733,22.3211,0.0058,0.0000,0,0,0.0000,0,0.0000,0,0,0,695,0
1528,5.1946,6.3620,0.0037,0.0000,0,0,0.0000,0,0.0000,0,0,0,646,0
1529,3.1340,11.5604,0.0035,0.0000,0,0,0.0000,0,0.0000,0,0,0,599,0
1530,3.0552,16.9544,0.0052,0.0000,0,0,0.0000,0,0.0000,0,0,0,695,0
1531,2.9733,22.3892,0.0056,0.0000,0,0,0.0000,0,0.0000,0,0,0,701,0
1532,5.1946,6.3424,0.0044,0.0000,0,0,0.0000,0,0.0000,0,0,0,645,0
1533,3.1340,11.5045,0.0051,0.0000,0,0,0.0000,0,0.0000,0,0,0,599,0
1534,3.0552,16.8912,0.0050,0.0000,0,0,0.0000,0,0.0000,0,0,0,695,0
1535,2.9733,22.2462,0.0043,0.0000,0,0,0.0000,0,0.0000,0,0,0,751,0
1536,5.1946,6.4003,0.0099,0.0000,0,0,0.0000,0,0.0000,0,0,0,634,0
1537,3.1340,11.4707,0.0052,0.0000,0,0,0.0000,0,0.0000,0,0,0,599,0
1538,3.0552,16.7397,0.0034,0.0000,0,0,0.0000,0,0.0000,0,0,0,707,0
1539,2.9733,22.2771,0.0060,0.0000,0,0,0.0000,0,0.0000,0,0,0,871,0
1540,5.1946,6.5170,0.0053,0.0000,0,0,0.0000,0,0.0000,0,0,0,636,0
1541,3.1340,11.5403,0.0043,0.0000,0,0,0.0000,0,0.0000,0,0,0,599,0
1542,3.0552,16.3679,0.0073,0.0000,0,0,0.0000,0,0.0000,0,0,0,745,0
1543,2.9733,21.1973,0.0070,0.0000,0,0,0.0000,0,0.0000,0,0,0,814,0
1544,5.1946,6.4432,0.0095,0.0000,0,0,0.0000,0,0.0000,0,0,0,649,0
1545,3.1340,11.5575,0.0057,0.0000,0,0,0.0000,0,0.0000,0,0,0,599,0
1546,3.0552,16.8820,0.0057,0.0000,0,0,0.0000,0,0.0000,0,0,0,728,0
1547,2.9733,22.2913,0.0062,0.0000,0,0,0.0000,0,0.0000,0,0,0,1064,0
1548,5.1946,6.4854,0.0052,0.0000,0,0,0.0000,0,0.0000,0,0,0,662,0
1549,3.1340,11.5707,0.0036,0.0000,0,0,0.0000,0,0.0000,0,0,0,599,0
1550,3.0552,16.8621,0.0066,0.0000,0,0,0.0000,0,0.0000,0,0,0,831,0
1551,2.9733,22.1656,0.0055,0.0000,0,0,0.0000,0,0.0000,0,0,0,701,0
1552,5.1946,6.3907,0.0040,0.0000,0,0,0.0000,0,0.0000,0,0,0,624,0
1553,3.1340,11.5426,0.0048,0.0000,0,0,0.0000,0,0.0000,0,0,0,599,0
1554,3.0552,16.8090,0.0050,0.0000,0,0,0.0000,0,0.0000,0,0,0,736,0
1555,2.9733,22.1613,0.0040,0.0000,0,0,0.0000,0,0.0000,0,0,0,695,0
1556,5.1946,6.4793,0.0047,0.0000,0,0,0.0000,0,0.0000,0,0,0,610,0
1557,3.1340,11.6090,0.0051,0.0000,0,0,0.0000,0,0.0000,0,0,0,599,0
1558,3.0552,16.9006,0.0040,0.0000,0,0,0.0000,0,0.0000,0,0,0,740,0
1559,2.9733,22.3765,0.0058,0.0000,0,0,0.0000,0,0.0000,0,0,0,703,0
1560,5.1946,6.5753,0.0049,0.0000,0,0,0.0000,0,0.0000,0,0,0,599,0
1561,3.1340,11.2003,0.0043,0.0000,0,0,0.0000,0,0.0000,0,0,0,599,0
1562,3.0552,16.5415,0.0062,0.0000,0,0,0.0000,0,0.0000,0,0,0,705,0
1563,2.9733,21.3733,0.0046,0.0000,0,0,0.0000,0,0.0000,0,0,0,731,0
1564,5.1946,6.4387,0.0048,0.0000,0,0,0.0000,0,0.0000,0,0,0,599,0
1565,3.1340,11.4922,0.0055,0.0000,0,0,0.0000,0,0.0000,0,0,0,599,0
1566,3.0552,16.6680,0.0045,0.0000,0,0,0.0000,0,0.0000,0,0,0,888,0
1567,2.9733,22.0478,0.0050,0.0000,0,0,0.0000,0,0.0000,0,0,0,800,0
1568,5.1946,6.4004,0.0042,0.0000,0,0,0.0000,0,0.0000,0,0,0,599,0
1569,3.1340,11.4869,0.0040,0.0000,0,0,0.0000,0,0.0000,0,0,0,599,0
1570,3.0552,16.9255,0.0053,0.0000,0,0,0.0000,0,0.0000,0,0,0,699,0
1571,2.9733,22.3050,0.0095,0.0000,0,0,0.0000,0,0.0000,0,0,0,782,0
1572,5.1946,6.3915,0.0039,0.0000,0,0,0.0000,0,0.0000,0,0,0,599,0
1573,3.1340,11.5575,0.0057,0.0000,0,0,0.0000,0,0.0000,0,0,0,599,0
1574,3.0552,16.8851,0.0050,0.0000,0,0,0.0000,0,0.0000,0,0,0,695,0
1575,2.9733,22.2599,0.0040,0.0000,0,0,0.0000,0,0.0000,0,0,0,929,0
1576,5.1946,6.8221,0.0060,0.0000,0,0,0.0000,0,0.0000,0,0,0,599,0
1577,3.1340,11.6210,0.0052,0.0000,0,0,0.0000,0,0.0000,0,0,0,599,0
1578,3.0552,17.0223,0.0045,0.0000,0,0,0.0000,0,0.0000,0,0,0,695,0
1579,2.9733,22.8168,0.0059,0.0000,0,0,0.0000,0,0.0000,0,0,0,695,0
1580,5.1946,6.6232,0.0042,0.0000,0,0,0.0000,0,0.0000,0,0,0,599,0
1581,3.1340,11.5280,0.0061,0.0000,0,0,0.0000,0,0.0000,0,0,0,599,0
1582,3.0552,16.6861,0.0051,0.0000,0,0,0.0000,0,0.0000,0,0,0,727,0
1583,2.9733,21.9403,0.0034,0.0000,0,0,0.0000,0,0.0000,0,0,0,695,0
1584,5.1946,6.5140,0.0054,0.0000,0,0,0.0000,0,0.0000,0,0,0,599,0
1585,3.1340,11.5277,0.0050,0.0000,0,0,0.0000,0,0.0000,0,0,0,599,0
1586,3.0552,16.6932,0.0023,0.0000,0,0,0.0000,0,0.0000,0,0,0,728,0
1587,2.9733,22.1852,0.0050,0.0000,0,0,0.0000,0,0.0000,0,0,0,699,0
1588,5.1946,6.3105,0.0043,0.0000,0,0,0.0000,0,0.0000,0,0,0,599,0
1589,3.1340,11.4655,0.0029,0.0000,0,0,0.0000,0,0.0000,0,0,0,599,0
1590,3.0552,16.8540,0.0054,0.0000,0,0,0.0000,0,0.0000,0,0,0,705,0
1591,2.9733,22.2618,0.0052,0.0000,0,0,0.0000,0,0.0000,0,0,0,723,0
1592,5.1946,6.3996,0.0078,0.0000,0,0,0.0000,0,0.0000,0,0,0,599,0
1593,3.1340,11.5378,0.0048,0.0000,0,0,0.0000,0,0.0000,0,0,0,599,0
1594,3.0552,16.8840,0.0047,0.0000,0,0,0.0000,0,0.0000,0,0,0,754,0
1595,2.9733,22.3096,0.0097,0.0000,0,0,0.0000,0,0.0000,0,0,0,754,0
1596,5.1946,6.6963,0.0103,0.0000,0,0,0.0000,0,0.0000,0,0,0,599,0
1597,3.1340,11.5198,0.0090,0.0000,0,0,0.0000,0,0.0000,0,0,0,599,0
1598,3.0552,16.8645,0.0051,0.0000,0,0,0.0000,0,0.0000,0,0,0,741,0
1599,2.9733,22.5040,0.0060,0.0000,0,0,0.0000,0,0.0000,0,0,0,712,0
1600,5.1946,6.5213,0.0050,0.0000,0,0,0.0000,0,0.0000,0,0,0,599,0
1601,3.1340,11.5297,0.0053,0.0000,0,0,0.0000,0,0.0000,0,0,0,599,0
1602,3.0552,16.7066,0.0053,0.0000,0,0,0.0000,0,0.0000,0,0,0,734,0
1603,2.9733,21.8086,0.0023,0.0000,0,0,0.0000,0,0.0000,0,0,0,775,0
1604,5.1946,6.4341,0.0057,0.0000,0,0,0.0000,0,0.0000,0,0,0,599,0
1605,3.1340,11.5735,0.0052,0.0000,0,0,0.0000,0,0.0000,0,0,0,599,0
1606,3.0552,16.8681,0.0070,0.0000,0,0,0.0000,0,0.0000,0,0,0,752,0
1607,2.9733,22.3927,0.0060,0.0000,0,0,0.0000,0,0.0000,0,0,0,695,0
1608,5.1946,6.4405,0.0044,0.0000,0,0,0.0000,0,0.0000,0,0,0,599,0
1609,3.1340,11.4550,0.0068,0.0000,0,0,0.0000,0,0.0000,0,0,0,599,0
1610,3.0552,16.7965,0.0055,0.0000,0,0,0.0000,0,0.0000,0,0,0,907,0
1611,2.9733,22.1928,0.0059,0.0000,0,0,0.0000,0,0.0000,0,0,0,695,0
1612,5.1946,6.5390,0.0087,0.0000,0,0,0.0000,0,0.0000,0,0,0,599,0
1613,3.1340,11.5796,0.0102,0.0000,0,0,0.0000,0,0.0000,0,0,0,599,0
1614,3.0552,16.7475,0.0092,0.0000,0,0,0.0000,0,0.0000,0,0,0,704,0
1615,2.9733,22.1513,0.0095,0.0000,0,0,0.0000,0,0.0000,0,0,0,695,0
1616,5.1946,6.5492,0.0059,0.0000,0,0,0.0000,0,0.0000,0,0,0,599,0
1617,3.1340,11.5694,0.0049,0.0000,0,0,0.0000,0,0.0000,0,0,0,599,0
1618,3.0552,16.7854,0.0054,0.0000,0,0,0.0000,0,0.0000,0,0,0,695,0
1619,2.9733,22.2693,0.0067,0.0000,0,0,0.0000,0,0.0000,0,0,0,699,0
1620,5.1946,7.0185,0.0054,0.0000,0,0,0.0000,0,0.0000,0,0,0,599,0
1621,3.1340,11.4906,0.0059,0.0000,0,0,0.0000,0,0.0000,0,0,0,599,0
1622,3.0552,16.6993,0.0052,0.0000,0,0,0.0000,0,0.0000,0,0,0,695,0
1623,2.9733,22.0987,0.0054,0.0000,0,0,0.0000,0,0.0000,0,0,0,723,0
1624,5.1946,6.4454,0.0102,0.0000,0,0,0.0000,0,0.0000,0,0,0,599,0
1625,3.1340,11.5304,0.0029,0.0000,0,0,0.0000,0,0.0000,0,0,0,599,0
1626,3.0552,16.8405,0.0025,0.0000,0,0,0.0000,0,0.0000,0,0,0,695,0
1627,2.9733,22.3312,0.0046,0.0000,0,0,0.0000,0,0.0000,0,0,0,734,0
1628,5.1946,6.3473,0.0018,0.0000,0,0,0.0000,0,0.0000,0,0,0,599,0
1629,3.1340,10.9417,0.0090,0.0000,0,0,0.0000,0,0.0000,0,0,0,599,0
1630,3.0552,16.0994,0.0053,0.0000,0,0,0.0000,0,0.0000,0,0,0,728,0
1631,2.9733,21.0432,0.0039,0.0000,0,0,0.0000,0,0.0000,0,0,0,761,0
1632,5.1946,6.3434,0.0052,0.0000,0,0,0.0000,0,0.0000,0,0,0,599,0
1633,3.1340,11.5440,0.0048,0.0000,0,0,0.0000,0,0.0000,0,0,0,599,0
1634,3.0552,16.8203,0.0016,0.0000,0,0,0.0000,0,0.0000,0,0,0,711,0
1635,2.9733,22.3889,0.0055,0.0000,0,0,0.0000,0,0.0000,0,0,0,695,0
1636,5.1946,6.4268,0.0047,0.0000,0,0,0.0000,0,0.0000,0,0,0,599,0
1637,3.1340,11.4072,0.0028,0.0000,0,0,0.0000,0,0.0000,0,0,0,599,0
1638,3.0552,16.9174,0.0059,0.0000,0,0,0.0000,0,0.0000,0,0,0,817,0
1639,2.9733,22.3285,0.0059,0.0000,0,0,0.0000,0,0.0000,0,0,0,695,0
1640,5.1946,6.4486,0.0035,0.0000,0,0,0.0000,0,0.0000,0,0,0,599,0
1641,3.1340,11.4753,0.0054,0.0000,0,0,0.0000,0,0.0000,0,0,0,599,0
1642,3.0552,16.7480,0.0049,0.0000,0,0,0.0000,0,0.0000,0,0,0,825,0
1643,2.9733,22.0097,0.0036,0.0000,0,0,0.0000,0,0.0000,0,0,0,695,0
1644,5.1946,6.5925,0.0056,0.0000,0,0,0.0000,0,0.0000,0,0,0,599,0
1645,3.1340,11.6077,0.0055,0.0000,0,0,0.0000,0,0.0000,0,0,0,599,0
1646,3.0552,16.9329,0.0054,0.0000,0,0,0.0000,0,0.0000,0,0,0,785,0
1647,2.9733,22.3337,0.0075,0.0000,0,0,0.0000,0,0.0000,0,0,0,706,0
1648,5.1946,6.7383,0.0060,0.0000,0,0,0.0000,0,0.0000,0,0,0,599,0
1649,3.1340,11.4262,0.0041,0.0000,0,0,0.0000,0,0.0000,0,0,0,599,0
1650,3.0552,16.5441,0.0068,0.0000,0,0,0.0000,0,0.0000,0,0,0,755,0
1651,2.9733,21.7354,0.0055,0.0000,0,0,0.0000,0,0.0000,0,0,0,767,0
1652,5.1946,6.7077,0.0085,0.0000,0,0,0.0000,0,0.0000,0,0,0,599,0
1653,3.1340,11.5767,0.0069,0.0000,0,0,0.0000,0,0.0000,0,0,0,599,0
1654,3.0552,16.5926,0.0030,0.0000,0,0,0.0000,0,0.0000,0,0,0,950,0
1655,2.9733,21.9074,0.0084,0.0000,0,0,0.0000,0,0.0000,0,0,0,746,0
1656,5.1946,6.6102,0.0059,0.0000,0,0,0.0000,0,0.0000,0,0,0,599,0
1657,3.1340,11.4890,0.0041,0.0000,0,0,0.0000,0,0.0000,0,0,0,599,0
1658,3.0552,16.7325,0.0050,0.0000,0,0,0.0000,0,0.0000,0,0,0,700,0
1659,2.9733,22.0905,0.0062,0.0000,0,0,0.0000,0,0.0000,0,0,0,799,0
1660,5.1946,6.4828,0.0042,0.0000,0,0,0.0000,0,0.0000,0,0,0,599,0
1661,3.1340,11.4729,0.0052,0.0000,0,0,0.0000,0,0.0000,0,0,0,599,0
1662,3.0552,16.7708,0.0058,0.0000,0,0,0.0000,0,0.0000,0,0,0,697,0
1663,2.9733,22.1795,0.0056,0.0000,0,0,0.0000,0,0.0000,0,0,0,695,0
1664,5.1946,6.6247,0.0067,0.0000,0,0,0.0000,0,0.0000,0,0,0,599,0
1665,3.1340,11.6237,0.0107,0.0000,0,0,0.0000,0,0.0000,0,0,0,599,0
1666,3.0552,16.7793,0.0041,0.0000,0,0,0.0000,0,0.0000,0,0,0,695,0
1667,2.9733,22.1743,0.0065,0.0000,0,0,0.0000,0,0.0000,0,0,0,695,0
1668,5.1946,6.4865,0.0053,0.0000,0,0,0.0000,0,0.0000,0,0,0,599,0
1669,3.1340,11.5273,0.0053,0.0000,0,0,0.0000,0,0.0000,0,0,0,599,0
1670,3.0552,16.7515,0.0055,0.0000,0,0,0.0000,0,0.0000,0,0,0,708,0
1671,2.9733,22.0080,0.0025,0.0000,0,0,0.0000,0,0.0000,0,0,0,695,0
1672,5.1946,6.6275,0.0060,0.0000,0,0,0.0000,0,0.0000,0,0,0,599,0
1673,3.1340,11.5366,0.0099,0.0000,0,0,0.0000,0,0.0000,0,0,0,599,0
1674,3.0552,16.6672,0.0051,0.0000,0,0,0.0000,0,0.0000,0,0,0,715,0
1675,2.9733,21.8716,0.0105,0.0000,0,0,0.0000,0,0.0000,0,0,0,711,0
1676,5.1946,6.5758,0.0058,0.0000,0,0,0.0000,0,0.0000,0,0,0,599,0
1677,3.1340,11.4784,0.0043,0.0000,0,0,0.0000,0,0.0000,0,0,0,599,0
1678,3.0552,16.7242,0.0053,0.0000,0,0,0.0000,0,0.0000,0,0,0,728,0
1679,2.9733,22.0079,0.0044,0.0000,0,0,0.0000,0,0.0000,0,0,0,718,0
1680,5.1946,5.4960,0.0298,0.0000,0,0,0.0000,0,0.0000,0,1,0,105482,0
1681,3.1340,9.7902,0.0237,0.0000,0,0,0.0000,0,0.0000,0,1,0,71919,0
1682,3.0552,14.2866,0.0449,0.0000,0,0,0.0000,0,0.0000,0,1,0,118482,0
1683,2.9733,18.6728,0.0114,0.0000,0,0,0.0000,0,0.0000,0,1,0,121308,0
1684,5.1946,6.5128,0.0220,0.0000,0,0,0.0000,0,0.0000,0,0,0,15863,0
1685,3.1340,11.5917,0.0146,0.0000,0,0,0.0000,0,0.0000,0,0,0,9553,0
1686,3.0552,16.9181,0.0307,0.0000,0,0,0.0000,0,0.0000,0,0,0,18283,0
1687,2.9733,22.3382,0.0341,0.0000,0,0,0.0000,0,0.0000,0,0,0,16957,0
1688,5.1946,6.5637,0.0067,0.0000,0,0,0.0000,0,0.0000,0,0,0,9106,0
1689,3.1340,11.5221,0.0053,0.0000,0,0,0.0000,0,0.0000,0,0,0,3310,0
1690,3.0552,16.8660,0.0127,0.0000,0,0,0.0000,0,0.0000,0,0,0,13242,0
1691,2.9733,22.2452,0.0124,0.0000,0,0,0.0000,0,0.0000,0,0,0,5603,0
1692,5.1946,6.6344,0.0106,0.0000,0,0,0.0000,0,0.0000,0,0,0,7345,0
1693,3.1340,11.5791,0.0075,0.0000,0,0,0.0000,0,0.0000,0,0,0,3453,0
1694,3.0552,16.8404,0.0072,0.0000,0,0,0.0000,0,0.0000,0,0,0,8492,0
1695,2.9733,22.1417,0.0088,0.0000,0,0,0.0000,0,0.0000,0,0,0,5499,0
1696,5.1946,6.4545,0.0113,0.0000,0,0,0.0000,0,0.0000,0,0,0,5064,0
1697,3.1340,11.6025,0.0060,0.0000,0,0,0.0000,0,0.0000,0,0,0,1807,0
1698,3.0552,16.9833,0.0067,0.0000,0,0,0.0000,0,0.0000,0,0,0,7279,0
1699,2.9733,22.3280,0.0058,0.0000,0,0,0.0000,0,0.0000,0,0,0,4910,0
1700,5.1946,6.5890,0.0054,0.0000,0,0,0.0000,0,0.0000,0,0,0,4261,0
1701,3.1340,11.5706,0.0060,0.0000,0,0,0.0000,0,0.0000,0,0,0,1446,0
1702,3.0552,16.8475,0.0082,0.0000,0,0,0.0000,0,0.0000,0,0,0,2044,0
1703,2.9733,22.1258,0.0094,0.0000,0,0,0.0000,0,0.0000,0,0,0,4608,0
1704,5.1946,6.4951,0.0116,0.0000,0,0,0.0000,0,0.0000,0,0,0,3916,0
1705,3.1340,11.5832,0.0119,0.0000,0,0,0.0000,0,0.0000,0,0,0,1368,0
1706,3.0552,16.7736,0.0031,0.0000,0,0,0.0000,0,0.0000,0,0,0,1916,0
1707,2.9733,22.3649,0.0070,0.0000,0,0,0.0000,0,0.0000,0,0,0,4126,0
1708,5.1946,6.5200,0.0065,0.0000,0,0,0.0000,0,0.0000,0,0,0,2949,0
1709,3.1340,11.5896,0.0053,0.0000,0,0,0.0000,0,0.0000,0,0,0,1443,0
1710,3.0552,16.8322,0.0065,0.0000,0,0,0.0000,0,0.0000,0,0,0,2261,0
1711,2.9733,22.3853,0.0084,0.0000,0,0,0.0000,0,0.0000,0,0,0,3675,0
1712,5.1946,6.6675,0.0091,0.0000,0,0,0.0000,0,0.0000,0,0,0,1746,0
1713,3.1340,11.6064,0.0083,0.0000,0,0,0.0000,0,0.0000,0,0,0,1587,0
1714,3.0552,16.7977,0.0117,0.0000,0,0,0.0000,0,0.0000,0,0,0,1787,0
1715,2.9733,22.0501,0.0068,0.0000,0,0,0.0000,0,0.0000,0,0,0,3610,0
1716,5.1946,6.5581,0.0059,0.0000,0,0,0.0000,0,0.0000,0,0,0,1549,0
1717,3.1340,11.3923,0.0039,0.0000,0,0,0.0000,0,0.0000,0,0,0,1578,0
1718,3.0552,16.6183,0.0065,0.0000,0,0,0.0000,0,0.0000,0,0,0,2146,0
1719,2.9733,21.9312,0.0066,0.0000,0,0,0.0000,0,0.0000,0,0,0,1060,0
1720,5.1946,6.4310,0.0050,0.0000,0,0,0.0000,0,0.0000,0,0,0,1191,0
1721,3.1340,11.5842,0.0064,0.0000,0,0,0.0000,0,0.0000,0,0,0,1431,0
1722,3.0552,16.8954,0.0057,0.0000,0,0,0.0000,0,0.0000,0,0,0,1577,0
1723,2.9733,22.2550,0.0044,0.0000,0,0,0.0000,0,0.0000,0,0,0,754,0
1724,5.1946,6.5644,0.0063,0.0000,0,0,0.0000,0,0.0000,0,0,0,1033,0
1725,3.1340,11.7813,0.0110,0.0000,0,0,0.0000,0,0.0000,0,0,0,1325,0
1726,3.0552,16.9373,0.0043,0.0000,0,0,0.0000,0,0.0000,0,0,0,1979,0
1727,2.9733,22.3151,0.0107,0.0000,0,0,0.0000,0,0.0000,0,0,0,835,0
1728,5.1946,6.5697,0.0061,0.0000,0,0,0.0000,0,0.0000,0,0,0,1043,0
1729,3.1340,11.5367,0.0043,0.0000,0,0,0.0000,0,0.0000,0,0,0,1267,0
1730,3.0552,16.6893,0.0106,0.0000,0,0,0.0000,0,0.0000,0,0,0,1429,0
1731,2.9733,21.8337,0.0040,0.0000,0,0,0.0000,0,0.0000,0,0,0,1138,0
1732,5.1946,6.7367,0.0114,0.0000,0,0,0.0000,0,0.0000,0,0,0,846,0
1733,3.1340,11.5429,0.0105,0.0000,0,0,0.0000,0,0.0000,0,0,0,1218,0
1734,3.0552,16.7342,0.0041,0.0000,0,0,0.0000,0,0.0000,0,0,0,1219,0
1735,2.9733,22.2007,0.0179,0.0000,0,0,0.0000,0,0.0000,0,0,0,1728,0
1736,5.1946,6.5201,0.0060,0.0000,0,0,0.0000,0,0.0000,0,0,0,763,0
1737,3.1340,11.3558,0.0037,0.0000,0,0,0.0000,0,0.0000,0,0,0,1111,0
1738,3.0552,16.7138,0.0095,0.0000,0,0,0.0000,0,0.0000,0,0,0,1074,0
1739,2.9733,22.0835,0.0068,0.0000,0,0,0.0000,0,0.0000,0,0,0,1422,0
1740,5.1946,6.4779,0.0043,0.0000,0,0,0.0000,0,0.0000,0,0,0,681,0
1741,3.1340,11.5351,0.0056,0.0000,0,0,0.0000,0,0.0000,0,0,0,1116,0
1742,3.0552,16.8802,0.0066,0.0000,0,0,0.0000,0,0.0000,0,0,0,1772,0
1743,2.9733,22.1971,0.0040,0.0000,0,0,0.0000,0,0.0000,0,0,0,1693,0
1744,5.1946,6.5085,0.0105,0.0000,0,0,0.0000,0,0.0000,0,0,0,635,0
1745,3.1340,11.5962,0.0067,0.0000,0,0,0.0000,0,0.0000,0,0,0,895,0
1746,3.0552,16.8130,0.0067,0.0000,0,0,0.0000,0,0.0000,0,0,0,723,0
1747,2.9733,22.1913,0.0115,0.0000,0,0,0.0000,0,0.0000,0,0,0,714,0
1748,5.1946,6.6754,0.0088,0.0000,0,0,0.0000,0,0.0000,0,0,0,635,0
1749,3.1340,11.6623,0.0058,0.0000,0,0,0.0000,0,0.0000,0,0,0,951,0
1750,3.0552,16.6425,0.0058,0.0000,0,0,0.0000,0,0.0000,0,0,0,695,0
1751,2.9733,22.0587,0.0028,0.0000,0,0,0.0000,0,0.0000,0,0,0,704,0
1752,5.1946,6.6233,0.0097,0.0000,0,0,0.0000,0,0.0000,0,0,0,634,0
1753,3.1340,11.5401,0.0334,0.0000,0,0,0.0000,0,0.0000,0,0,0,874,0
1754,3.0552,16.6365,0.0033,0.0000,0,0,0.0000,0,0.0000,0,0,0,695,0
1755,2.9733,22.0887,0.0053,0.0000,0,0,0.0000,0,0.0000,0,0,0,712,0
1756,5.1946,6.5202,0.0102,0.0000,0,0,0.0000,0,0.0000,0,0,0,623,0
1757,3.1340,11.5378,0.0054,0.0000,0,0,0.0000,0,0.0000,0,0,0,816,0
1758,3.0552,16.8521,0.0056,0.0000,0,0,0.0000,0,0.0000,0,0,0,732,0
1759,2.9733,22.3087,0.0100,0.0000,0,0,0.0000,0,0.0000,0,0,0,790,0
1760,5.1946,6.4705,0.0076,0.0000,0,0,0.0000,0,0.0000,0,0,0,681,0
1761,3.1340,11.5771,0.0072,0.0000,0,0,0.0000,0,0.0000,0,0,0,774,0
1762,3.0552,16.9052,0.0059,0.0000,0,0,0.0000,0,0.0000,0,0,0,806,0
1763,2.9733,22.3412,0.0049,0.0000,0,0,0.0000,0,0.0000,0,0,0,1044,0
1764,5.1946,6.6602,0.0101,0.0000,0,0,0.0000,0,0.0000,0,0,0,640,0
1765,3.1340,11.5761,0.0095,0.0000,0,0,0.0000,0,0.0000,0,0,0,819,0
1766,3.0552,16.9100,0.0087,0.0000,0,0,0.0000,0,0.0000,0,0,0,740,0
1767,2.9733,22.1355,0.0062,0.0000,0,0,0.0000,0,0.0000,0,0,0,871,0
1768,5.1946,6.4182,0.0041,0.0000,0,0,0.0000,0,0.0000,0,0,0,602,0
1769,3.1340,11.5208,0.0046,0.0000,0,0,0.0000,0,0.0000,0,0,0,721,0
1770,3.0552,16.9000,0.0057,0.0000,0,0,0.0000,0,0.0000,0,0,0,1059,0
1771,2.9733,22.1970,0.0037,0.0000,0,0,0.0000,0,0.0000,0,0,0,1253,0
1772,5.1946,6.5990,0.0055,0.0000,0,0,0.0000,0,0.0000,0,0,0,599,0
1773,3.1340,11.4826,0.0061,0.0000,0,0,0.0000,0,0.0000,0,0,0,614,0
1774,3.0552,16.6146,0.0034,0.0000,0,0,0.0000,0,0.0000,0,0,0,928,0
1775,2.9733,22.0340,0.0061,0.0000,0,0,0.0000,0,0.0000,0,0,0,701,0
1776,5.1946,6.5246,0.0064,0.0000,0,0,0.0000,0,0.0000,0,0,0,599,0
1777,3.1340,11.4946,0.0030,0.0000,0,0,0.0000,0,0.0000,0,0,0,599,0
1778,3.0552,16.7226,0.0052,0.0000,0,0,0.0000,0,0.0000,0,0,0,928,0
1779,2.9733,22.0302,0.0065,0.0000,0,0,0.0000,0,0.0000,0,0,0,695,0
1780,5.1946,6.5339,0.0075,0.0000,0,0,0.0000,0,0.0000,0,0,0,599,0
1781,3.1340,12.3402,0.0103,0.0000,0,0,0.0000,0,0.0000,0,0,0,599,0
1782,3.0552,16.8912,0.0059,0.0000,0,0,0.0000,0,0.0000,0,0,0,902,0
1783,2.9733,22.1637,0.0046,0.0000,0,0,0.0000,0,0.0000,0,0,0,701,0
1784,5.1946,6.5142,0.0060,0.0000,0,0,0.0000,0,0.0000,0,0,0,599,0
1785,3.1340,11.5638,0.0055,0.0000,0,0,0.0000,0,0.0000,0,0,0,599,0
1786,3.0552,16.8330,0.0089,0.0000,0,0,0.0000,0,0.0000,0,0,0,1292,0
1787,2.9733,22.2067,0.0068,0.0000,0,0,0.0000,0,0.0000,0,0,0,699,0
1788,5.1946,6.4848,0.0083,0.0000,0,0,0.0000,0,0.0000,0,0,0,599,0
1789,3.1340,11.5739,0.0047,0.0000,0,0,0.0000,0,0.0000,0,0,0,599,0
1790,3.0552,16.8530,0.0059,0.0000,0,0,0.0000,0,0.0000,0,0,0,700,0
1791,2.9733,22.1485,0.0053,0.0000,0,0,0.0000,0,0.0000,0,0,0,789,0
1792,5.1946,6.5400,0.0064,0.0000,0,0,0.0000,0,0.0000,0,0,0,599,0
1793,3.1340,11.5057,0.0063,0.0000,0,0,0.0000,0,0.0000,0,0,0,599,0
1794,3.0552,16.6055,0.0063,0.0000,0,0,0.0000,0,0.0000,0,0,0,695,0
1795,2.9733,21.9903,0.0107,0.0000,0,0,0.0000,0,0.0000,0,0,0,717,0
1796,5.1946,6.5235,0.0065,0.0000,0,0,0.0000,0,0.0000,0,0,0,599,0
1797,3.1340,11.6142,0.0040,0.0000,0,0,0.0000,0,0.0000,0,0,0,599,0
1798,3.0552,16.8134,0.0054,0.0000,0,0,0.0000,0,0.0000,0,0,0,732,0
1799,2.9733,22.2289,0.0057,0.0000,0,0,0.0000,0,0.0000,0,0,0,983,0
1800,5.1946,6.4943,0.0040,0.0000,0,0,0.0000,0,0.0000,0,0,0,599,0
1801,3.1340,11.5548,0.0108,0.0000,0,0,0.0000,0,0.0000,0,0,0,599,0
1802,3.0552,16.8894,0.0060,0.0000,0,0,0.0000,0,0.0000,0,0,0,716,0
1803,2.9733,22.2293,0.0076,0.0000,0,0,0.0000,0,0.0000,0,0,0,701,0
1804,5.1946,6.6074,0.0057,0.0000,0,0,0.0000,0,0.0000,0,0,0,599,0
1805,3.1340,11.5092,0.0027,0.0000,0,0,0.0000,0,0.0000,0,0,0,599,0
1806,3.0552,16.8915,0.0101,0.0000,0,0,0.0000,0,0.0000,0,0,0,801,0
1807,2.9733,22.3283,0.0143,0.0000,0,0,0.0000,0,0.0000,0,0,0,695,0
1808,5.1946,6.5413,0.0057,0.0000,0,0,0.0000,0,0.0000,0,0,0,599,0
1809,3.1340,11.5675,0.0212,0.0000,0,0,0.0000,0,0.0000,0,0,0,599,0
1810,3.0552,16.8770,0.0053,0.0000,0,0,0.0000,0,0.0000,0,0,0,747,0
1811,2.9733,22.2523,0.0037,0.0000,0,0,0.0000,0,0.0000,0,0,0,695,0
1812,5.1946,6.5414,0.0099,0.0000,0,0,0.0000,0,0.0000,0,0,0,599,0
1813,3.1340,11.5812,0.0103,0.0000,0,0,0.0000,0,0.0000,0,0,0,599,0
1814,3.0552,16.8287,0.0043,0.0000,0,0,0.0000,0,0.0000,0,0,0,930,0
1815,2.9733,22.1903,0.0059,0.0000,0,0,0.0000,0,0.0000,0,0,0,712,0
1816,5.1946,6.4829,0.0061,0.0000,0,0,0.0000,0,0.0000,0,0,0,599,0
1817,3.1340,11.5081,0.0035,0.0000,0,0,0.0000,0,0.0000,0,0,0,599,0
1818,3.0552,16.9261,0.0055,0.0000,0,0,0.0000,0,0.0000,0,0,0,767,0
1819,2.9733,22.4268,0.0086,0.0000,0,0,0.0000,0,0.0000,0,0,0,729,0
1820,5.1946,6.7477,0.0057,0.0000,0,0,0.0000,0,0.0000,0,0,0,599,0
1821,3.1340,11.6409,0.0062,0.0000,0,0,0.0000,0,0.0000,0,0,0,599,0
1822,3.0552,16.8218,0.0029,0.0000,0,0,0.0000,0,0.0000,0,0,0,727,0
1823,2.9733,22.3140,0.0055,0.0000,0,0,0.0000,0,0.0000,0,0,0,695,0
1824,5.1946,6.7279,0.0073,0.0000,0,0,0.0000,0,0.0000,0,0,0,599,0
1825,3.1340,11.4552,0.0032,0.0000,0,0,0.0000,0,0.0000,0,0,0,599,0
1826,3.0552,16.8514,0.0095,0.0000,0,0,0.0000,0,0.0000,0,0,0,746,0
1827,2.9733,22.1267,0.0072,0.0000,0,0,0.0000,0,0.0000,0,0,0,821,0
1828,5.1946,6.4753,0.0034,0.0000,0,0,0.0000,0,0.0000,0,0,0,599,0
1829,3.1340,11.4946,0.0058,0.0000,0,0,0.0000,0,0.0000,0,0,0,599,0
1830,3.0552,16.8607,0.0067,0.0000,0,0,0.0000,0,0.0000,0,0,0,1008,0
1831,2.9733,22.2362,0.0052,0.0000,0,0,0.0000,0,0.0000,0,0,0,695,0
1832,5.1946,6.6334,0.0103,0.0000,0,0,0.0000,0,0.0000,0,0,0,599,0
1833,3.1340,11.4879,0.0059,0.0000,0,0,0.0000,0,0.0000,0,0,0,599,0
1834,3.0552,16.6171,0.0039,0.0000,0,0,0.0000,0,0.0000,0,0,0,697,0
1835,2.9733,21.9006,0.0072,0.0000,0,0,0.0000,0,0.0000,0,0,0,695,0
1836,5.1946,6.5299,0.0061,0.0000,0,0,0.0000,0,0.0000,0,0,0,599,0
1837,3.1340,11.6972,0.0057,0.0000,0,0,0.0000,0,0.0000,0,0,0,599,0
1838,3.0552,16.9188,0.0054,0.0000,0,0,0.0000,0,0.0000,0,0,0,695,0
1839,2.9733,22.3557,0.0037,0.0000,0,0,0.0000,0,0.0000,0,0,0,695,0
1840,5.1946,6.7144,0.0061,0.0000,0,0,0.0000,0,0.0000,0,0,0,599,0
1841,3.1340,11.6564,0.0068,0.0000,0,0,0.0000,0,0.0000,0,0,0,599,0
1842,3.0552,16.7657,0.0040,0.0000,0,0,0.0000,0,0.0000,0,0,0,695,0
1843,2.9733,22.1895,0.0060,0.0000,0,0,0.0000,0,0.0000,0,0,0,695,0
1844,5.1946,6.4901,0.0063,0.0000,0,0,0.0000,0,0.0000,0,0,0,599,0
1845,3.1340,11.4999,0.0053,0.0000,0,0,0.0000,0,0.0000,0,0,0,599,0
1846,3.0552,16.7630,0.0064,0.0000,0,0,0.0000,0,0.0000,0,0,0,695,0
1847,2.9733,22.0512,0.0067,0.0000,0,0,0.0000,0,0.0000,0,0,0,718,0
1848,5.1946,6.4894,0.0053,0.0000,0,0,0.0000,0,0.0000,0,0,0,599,0
1849,3.1340,11.4323,0.0055,0.0000,0,0,0.0000,0,0.0000,0,0,0,599,0
1850,3.0552,16.7682,0.0060,0.0000,0,0,0.0000,0,0.0000,0,0,0,705,0
1851,2.9733,22.1608,0.0053,0.0000,0,0,0.0000,0,0.0000,0,0,0,700,0
1852,5.1946,6.5072,0.0054,0.0000,0,0,0.0000,0,0.0000,0,0,0,599,0
1853,3.1340,11.4023,0.0050,0.0000,0,0,0.0000,0,0.0000,0,0,0,599,0
1854,3.0552,16.7171,0.0066,0.0000,0,0,0.0000,0,0.0000,0,0,0,695,0
1855,2.9733,22.1801,0.0110,0.0000,0,0,0.0000,0,0.0000,0,0,0,725,0
1856,5.1946,6.5410,0.0077,0.0000,0,0,0.0000,0,0.0000,0,0,0,599,0
1857,3.1340,11.5163,0.0090,0.0000,0,0,0.0000,0,0.0000,0,0,0,599,0
1858,3.0552,16.6998,0.0061,0.0000,0,0,0.0000,0,0.0000,0,0,0,717,0
1859,2.9733,21.9222,0.0027,0.0000,0,0,0.0000,0,0.0000,0,0,0,695,0
1860,5.1946,6.7532,0.0110,0.0000,0,0,0.0000,0,0.0000,0,0,0,599,0
1861,3.1340,11.5688,0.0067,0.0000,0,0,0.0000,0,0.0000,0,0,0,599,0
1862,3.0552,16.6891,0.0040,0.0000,0,0,0.0000,0,0.0000,0,0,0,720,0
1863,2.9733,22.1478,0.0066,0.0000,0,0,0.0000,0,0.0000,0,0,0,695,0
1864,5.1946,6.5898,0.0069,0.0000,0,0,0.0000,0,0.0000,0,0,0,599,0
1865,3.1340,11.4520,0.0032,0.0000,0,0,0.0000,0,0.0000,0,0,0,599,0
1866,3.0552,16.7695,0.0093,0.0000,0,0,0.0000,0,0.0000,0,0,0,716,0
1867,2.9733,22.0820,0.0053,0.0000,0,0,0.0000,0,0.0000,0,0,0,695,0
1868,5.1946,6.4005,0.0046,0.0000,0,0,0.0000,0,0.0000,0,0,0,599,0
1869,3.1340,11.6042,0.0045,0.0000,0,0,0.0000,0,0.0000,0,0,0,599,0
1870,3.0552,16.9472,0.0099,0.0000,0,0,0.0000,0,0.0000,0,0,0,740,0
1871,2.9733,22.3171,0.0040,0.0000,0,0,0.0000,0,0.0000,0,0,0,695,0
1872,5.1946,6.7352,0.0071,0.0000,0,0,0.0000,0,0.0000,0,0,0,599,0
1873,3.1340,11.5854,0.0032,0.0000,0,0,0.0000,0,0.0000,0,0,0,599,0
1874,3.0552,16.9373,0.0058,0.0000,0,0,0.0000,0,0.0000,0,0,0,836,0
1875,2.9733,22.3709,0.0115,0.0000,0,0,0.0000,0,0.0000,0,0,0,706,0
1876,5.1946,6.6367,0.0069,0.0000,0,0,0.0000,0,0.0000,0,0,0,599,0
1877,3.1340,11.5390,0.0107,0.0000,0,0,0.0000,0,0.0000,0,0,0,599,0
1878,3.0552,16.7550,0.0058,0.0000,0,0,0.0000,0,0.0000,0,0,0,695,0
1879,2.9733,22.0784,0.0039,0.0000,0,0,0.0000,0,0.0000,0,0,0,701,0
1880,5.1946,6.7290,0.0104,0.0000,0,0,0.0000,0,0.0000,0,0,0,599,0
1881,3.1340,11.5220,0.0090,0.0000,0,0,0.0000,0,0.0000,0,0,0,599,0
1882,3.0552,16.7955,0.0042,0.0000,0,0,0.0000,0,0.0000,0,0,0,695,0
1883,2.9733,22.2669,0.0111,0.0000,0,0,0.0000,0,0.0000,0,0,0,699,0
1884,5.1946,6.6282,0.0057,0.0000,0,0,0.0000,0,0.0000,0,0,0,599,0
1885,3.1340,11.4977,0.0084,0.0000,0,0,0.0000,0,0.0000,0,0,0,599,0
1886,3.0552,16.7298,0.0120,0.0000,0,0,0.0000,0,0.0000,0,0,0,695,0
1887,2.9733,21.6771,0.0062,0.0000,0,0,0.0000,0,0.0000,0,0,0,695,0
1888,5.1946,6.5246,0.0111,0.0000,0,0,0.0000,0,0.0000,0,0,0,599,0
1889,3.1340,11.6327,0.0071,0.0000,0,0,0.0000,0,0.0000,0,0,0,599,0
1890,3.0552,16.8440,0.0100,0.0000,0,0,0.0000,0,0.0000,0,0,0,695,0
1891,2.9733,22.2641,0.0055,0.0000,0,0,0.0000,0,0.0000,0,0,0,695,0
1892,5.1946,6.6527,0.0051,0.0000,0,0,0.0000,0,0.0000,0,0,0,599,0
1893,3.1340,11.4635,0.0030,0.0000,0,0,0.0000,0,0.0000,0,0,0,599,0
1894,3.0552,16.8646,0.0107,0.0000,0,0,0.0000,0,0.0000,0,0,0,704,0
1895,2.9733,22.1960,0.0053,0.0000,0,0,0.0000,0,0.0000,0,0,0,695,0
1896,5.1946,6.5339,0.0077,0.0000,0,0,0.0000,0,0.0000,0,0,0,599,0
1897,3.1340,11.6680,0.0060,0.0000,0,0,0.0000,0,0.0000,0,0,0,599,0
1898,3.0552,16.9474,0.0057,0.0000,0,0,0.0000,0,0.0000,0,0,0,708,0
1899,2.9733,22.3414,0.0047,0.0000,0,0,0.0000,0,0.0000,0,0,0,695,0
1900,5.1946,6.6260,0.0077,0.0000,0,0,0.0000,0,0.0000,0,0,0,599,0
1901,3.1340,11.5811,0.0059,0.0000,0,0,0.0000,0,0.0000,0,0,0,599,0
1902,3.0552,16.7575,0.0037,0.0000,0,0,0.0000,0,0.0000,0,0,0,710,0
1903,2.9733,22.2335,0.0110,0.0000,0,0,0.0000,0,0.0000,0,0,0,695,0
1904,5.1946,6.9904,0.0074,0.0000,0,0,0.0000,0,0.0000,0,0,0,599,0
1905,3.1340,11.5500,0.0083,0.0000,0,0,0.0000,0,0.0000,0,0,0,599,0
1906,3.0552,16.6813,0.0066,0.0000,0,0,0.0000,0,0.0000,0,0,0,703,0
1907,2.9733,22.1349,0.0058,0.0000,0,0,0.0000,0,0.0000,0,0,0,695,0
1908,5.1946,6.7082,0.0059,0.0000,0,0,0.0000,0,0.0000,0,0,0,599,0
1909,3.1340,11.6832,0.0273,0.0000,0,0,0.0000,0,0.0000,0,0,0,599,0
1910,3.0552,16.9045,0.0050,0.0000,0,0,0.0000,0,0.0000,0,0,0,695,0
1911,2.9733,22.2835,0.0061,0.0000,0,0,0.0000,0,0.0000,0,0,0,695,0
1912,5.1946,6.4934,0.0056,0.0000,0,0,0.0000,0,0.0000,0,0,0,599,0
1913,3.1340,11.4292,0.0041,0.0000,0,0,0.0000,0,0.0000,0,0,0,599,0
1914,3.0552,16.7329,0.0060,0.0000,0,0,0.0000,0,0.0000,0,0,0,695,0
1915,2.9733,22.1188,0.0108,0.0000,0,0,0.0000,0,0.0000,0,0,0,695,0
1916,5.1946,6.5758,0.0043,0.0000,0,0,0.0000,0,0.0000,0,0,0,599,0
1917,3.1340,11.5313,0.0062,0.0000,0,0,0.0000,0,0.0000,0,0,0,599,0
1918,3.0552,16.8458,0.0098,0.0000,0,0,0.0000,0,0.0000,0,0,0,799,0
1919,2.9733,22.1344,0.0038,0.0000,0,0,0.0000,0,0.0000,0,0,0,695,0
1920,5.1946,5.8160,0.0500,0.0000,0,0,0.0000,0,0.0000,0,1,0,105482,0
1921,3.1340,9.9300,0.0328,0.0000,0,0,0.0000,0,0.0000,0,1,0,71919,0
1922,3.0552,14.1243,0.0120,0.0000,0,0,0.0000,0,0.0000,0,1,0,100728,0
1923,2.9733,18.6471,0.0355,0.0000,0,0,0.0000,0,0.0000,0,1,0,109587,0
1924,5.1946,6.5813,0.0084,0.0000,0,0,0.0000,0,0.0000,0,0,0,15863,0
1925,3.1340,11.5345,0.0057,0.0000,0,0,0.0000,0,0.0000,0,0,0,9553,0
1926,3.0552,16.8365,0.0086,0.0000,0,0,0.0000,0,0.0000,0,0,0,14021,0
1927,2.9733,22.3389,0.0341,0.0000,0,0,0.0000,0,0.0000,0,0,0,22860,0
1928,5.1946,6.5075,0.0062,0.0000,0,0,0.0000,0,0.0000,0,0,0,9106,0
1929,3.1340,11.6032,0.0067,0.0000,0,0,0.0000,0,0.0000,0,0,0,3310,0
1930,3.0552,16.9637,0.0147,0.0000,0,0,0.0000,0,0.0000,0,0,0,16824,0
1931,2.9733,22.2781,0.0069,0.0000,0,0,0.0000,0,0.0000,0,0,0,20305,0
1932,5.1946,6.4525,0.0069,0.0000,0,0,0.0000,0,0.0000,0,0,0,7345,0
1933,3.1340,11.5144,0.0028,0.0000,0,0,0.0000,0,0.0000,0,0,0,3453,0
1934,3.0552,16.9995,0.0304,0.0000,0,0,0.0000,0,0.0000,0,0,0,15486,0
1935,2.9733,22.3956,0.0127,0.0000,0,0,0.0000,0,0.0000,0,0,0,8839,0
1936,5.1946,6.4248,0.0083,0.0000,0,0,0.0000,0,0.0000,0,0,0,5064,0
1937,3.1340,11.5495,0.0070,0.0000,0,0,0.0000,0,0.0000,0,0,0,1807,0
1938,3.0552,16.8336,0.0071,0.0000,0,0,0.0000,0,0.0000,0,0,0,12230,0
1939,2.9733,22.0790,0.0033,0.0000,0,0,0.0000,0,0.0000,0,0,0,7342,0
1940,5.1946,6.4658,0.0075,0.0000,0,0,0.0000,0,0.0000,0,0,0,4261,0
1941,3.1340,11.5715,0.0065,0.0000,0,0,0.0000,0,0.0000,0,0,0,1446,0
1942,3.0552,16.8614,0.0095,0.0000,0,0,0.0000,0,0.0000,0,0,0,8041,0
1943,2.9733,22.3875,0.0114,0.0000,0,0,0.0000,0,0.0000,0,0,0,2243,0
1944,5.1946,6.7089,0.0069,0.0000,0,0,0.0000,0,0.0000,0,0,0,3916,0
1945,3.1340,11.4997,0.0056,0.0000,0,0,0.0000,0,0.0000,0,0,0,1368,0
1946,3.0552,16.6491,0.0128,0.0000,0,0,0.0000,0,0.0000,0,0,0,7441,0
1947,2.9733,21.8400,0.0072,0.0000,0,0,0.0000,0,0.0000,0,0,0,1961,0
1948,5.1946,6.5465,0.0063,0.0000,0,0,0.0000,0,0.0000,0,0,0,2949,0
1949,3.1340,11.7360,0.0074,0.0000,0,0,0.0000,0,0.0000,0,0,0,1443,0
1950,3.0552,16.9611,0.0062,0.0000,0,0,0.0000,0,0.0000,0,0,0,4682,0
1951,2.9733,22.3364,0.0099,0.0000,0,0,0.0000,0,0.0000,0,0,0,1949,0
1952,5.1946,6.5841,0.0100,0.0000,0,0,0.0000,0,0.0000,0,0,0,1746,0
1953,3.1340,11.3733,0.0037,0.0000,0,0,0.0000,0,0.0000,0,0,0,1587,0
1954,3.0552,16.7452,0.0070,0.0000,0,0,0.0000,0,0.0000,0,0,0,3830,0
1955,2.9733,22.0718,0.0063,0.0000,0,0,0.0000,0,0.0000,0,0,0,1561,0
1956,5.1946,6.4086,0.0043,0.0000,0,0,0.0000,0,0.0000,0,0,0,1549,0
1957,3.1340,11.5765,0.0103,0.0000,0,0,0.0000,0,0.0000,0,0,0,1578,0
1958,3.0552,16.8302,0.0155,0.0000,0,0,0.0000,0,0.0000,0,0,0,3348,0
1959,2.9733,22.2048,0.0029,0.0000,0,0,0.0000,0,0.0000,0,0,0,2325,0
1960,5.1946,6.5832,0.0110,0.0000,0,0,0.0000,0,0.0000,0,0,0,1191,0
1961,3.1340,11.6123,0.0072,0.0000,0,0,0.0000,0,0.0000,0,0,0,1431,0
1962,3.0552,16.9803,0.0088,0.0000,0,0,0.0000,0,0.0000,0,0,0,3249,0
1963,2.9733,22.4302,0.0132,0.0000,0,0,0.0000,0,0.0000,0,0,0,1876,0
1964,5.1946,6.7675,0.0070,0.0000,0,0,0.0000,0,0.0000,0,0,0,1033,0
1965,3.1340,11.5489,0.0066,0.0000,0,0,0.0000,0,0.0000,0,0,0,1325,0
1966,3.0552,16.6165,0.0073,0.0000,0,0,0.0000,0,0.0000,0,0,0,995,0
1967,2.9733,21.9183,0.0105,0.0000,0,0,0.0000,0,0.0000,0,0,0,2376,0
1968,5.1946,6.8230,0.0115,0.0000,0,0,0.0000,0,0.0000,0,0,0,1043,0
1969,3.1340,11.5342,0.0058,0.0000,0,0,0.0000,0,0.0000,0,0,0,1267,0
1970,3.0552,16.7810,0.0050,0.0000,0,0,0.0000,0,0.0000,0,0,0,742,0
1971,2.9733,22.2488,0.0068,0.0000,0,0,0.0000,0,0.0000,0,0,0,787,0
1972,5.1946,6.4698,0.0097,0.0000,0,0,0.0000,0,0.0000,0,0,0,846,0
1973,3.1340,11.5078,0.0080,0.0000,0,0,0.0000,0,0.0000,0,0,0,1218,0
1974,3.0552,16.9262,0.0078,0.0000,0,0,0.0000,0,0.0000,0,0,0,791,0
1975,2.9733,22.1870,0.0055,0.0000,0,0,0.0000,0,0.0000,0,0,0,700,0
1976,5.1946,6.4720,0.0055,0.0000,0,0,0.0000,0,0.0000,0,0,0,763,0
1977,3.1340,11.5619,0.0052,0.0000,0,0,0.0000,0,0.0000,0,0,0,1111,0
1978,3.0552,17.0640,0.0105,0.0000,0,0,0.0000,0,0.0000,0,0,0,856,0
1979,2.9733,22.4283,0.0085,0.0000,0,0,0.0000,0,0.0000,0,0,0,710,0
1980,5.1946,6.5831,0.0059,0.0000,0,0,0.0000,0,0.0000,0,0,0,681,0
1981,3.1340,11.5665,0.0072,0.0000,0,0,0.0000,0,0.0000,0,0,0,1116,0
1982,3.0552,16.9202,0.0052,0.0000,0,0,0.0000,0,0.0000,0,0,0,1108,0
1983,2.9733,22.3800,0.0080,0.0000,0,0,0.0000,0,0.0000,0,0,0,910,0
1984,5.1946,6.6999,0.0064,0.0000,0,0,0.0000,0,0.0000,0,0,0,635,0
1985,3.1340,11.5547,0.0097,0.0000,0,0,0.0000,0,0.0000,0,0,0,895,0
1986,3.0552,16.8176,0.0063,0.0000,0,0,0.0000,0,0.0000,0,0,0,1017,0
1987,2.9733,22.1984,0.0037,0.0000,0,0,0.0000,0,0.0000,0,0,0,1349,0
1988,5.1946,6.7393,0.0079,0.0000,0,0,0.0000,0,0.0000,0,0,0,635,0
1989,3.1340,11.6104,0.0109,0.0000,0,0,0.0000,0,0.0000,0,0,0,951,0
1990,3.0552,16.6536,0.0044,0.0000,0,0,0.0000,0,0.0000,0,0,0,1548,0
1991,2.9733,22.0830,0.0218,0.0000,0,0,0.0000,0,0.0000,0,0,0,1172,0
1992,5.1946,6.7289,0.0059,0.0000,0,0,0.0000,0,0.0000,0,0,0,634,0
1993,3.1340,11.4406,0.0047,0.0000,0,0,0.0000,0,0.0000,0,0,0,874,0
1994,3.0552,16.6036,0.0108,0.0000,0,0,0.0000,0,0.0000,0,0,0,1320,0
1995,2.9733,21.7730,0.0098,0.0000,0,0,0.0000,0,0.0000,0,0,0,1733,0
1996,5.1946,6.8089,0.0047,0.0000,0,0,0.0000,0,0.0000,0,0,0,623,0
1997,3.1340,11.5759,0.0066,0.0000,0,0,0.0000,0,0.0000,0,0,0,816,0
1998,3.0552,16.8499,0.0032,0.0000,0,0,0.0000,0,0.0000,0,0,0,1177,0
1999,2.9733,22.2093,0.0049,0.0000,0,0,0.0000,0,0.0000,0,0,0,706,0
2000,5.1946,6.7131,0.0061,0.0000,0,0,0.0000,0,0.0000,0,0,0,681,0
2001,3.1340,11.4707,0.0035,0.0000,0,0,0.0000,0,0.0000,0,0,0,774,0
2002,3.0552,16.8218,0.0095,0.0000,0,0,0.0000,0,0.0000,0,0,0,1043,0
2003,2.9733,22.2021,0.0085,0.0000,0,0,0.0000,0,0.0000,0,0,0,706,0
2004,5.1946,6.5420,0.0039,0.0000,0,0,0.0000,0,0.0000,0,0,0,640,0
2005,3.1340,11.5202,0.0109,0.0000,0,0,0.0000,0,0.0000,0,0,0,819,0
2006,3.0552,16.8308,0.0107,0.0000,0,0,0.0000,0,0.0000,0,0,0,1589,0
2007,2.9733,22.3642,0.0049,0.0000,0,0,0.0000,0,0.0000,0,0,0,695,0
2008,5.1946,6.8502,0.0104,0.0000,0,0,0.0000,0,0.0000,0,0,0,602,0
2009,3.1340,11.5961,0.0063,0.0000,0,0,0.0000,0,0.0000,0,0,0,721,0
2010,3.0552,16.7518,0.0039,0.0000,0,0,0.0000,0,0.0000,0,0,0,738,0
2011,2.9733,22.1699,0.0073,0.0000,0,0,0.0000,0,0.0000,0,0,0,722,0
2012,5.1946,6.6472,0.0072,0.0000,0,0,0.0000,0,0.0000,0,0,0,599,0
2013,3.1340,11.5030,0.0087,0.0000,0,0,0.0000,0,0.0000,0,0,0,614,0
2014,3.0552,16.7072,0.0063,0.0000,0,0,0.0000,0,0.0000,0,0,0,695,0
2015,2.9733,22.0234,0.0070,0.0000,0,0,0.0000,0,0.0000,0,0,0,912,0
2016,5.1946,6.7914,0.0065,0.0000,0,0,0.0000,0,0.0000,0,0,0,599,0
2017,3.1340,11.5733,0.0068,0.0000,0,0,0.0000,0,0.0000,0,0,0,599,0
2018,3.0552,16.7374,0.0055,0.0000,0,0,0.0000,0,0.0000,0,0,0,695,0
2019,2.9733,22.0933,0.0070,0.0000,0,0,0.0000,0,0.0000,0,0,0,853,0
2020,5.1946,6.3768,0.0050,0.0000,0,0,0.0000,0,0.0000,0,0,0,599,0
2021,3.1340,11.4369,0.0041,0.0000,0,0,0.0000,0,0.0000,0,0,0,599,0
2022,3.0552,16.7352,0.0050,0.0000,0,0,0.0000,0,0.0000,0,0,0,695,0
2023,2.9733,22.1272,0.0065,0.0000,0,0,0.0000,0,0.0000,0,0,0,1381,0
2024,5.1946,6.5109,0.0098,0.0000,0,0,0.0000,0,0.0000,0,0,0,599,0
2025,3.1340,11.5688,0.0095,0.0000,0,0,0.0000,0,0.0000,0,0,0,599,0
2026,3.0552,16.9037,0.0106,0.0000,0,0,0.0000,0,0.0000,0,0,0,752,0
2027,2.9733,22.2056,0.0048,0.0000,0,0,0.0000,0,0.0000,0,0,0,700,0
2028,5.1946,6.5343,0.0064,0.0000,0,0,0.0000,0,0.0000,0,0,0,599,0
2029,3.1340,11.4759,0.0022,0.0000,0,0,0.0000,0,0.0000,0,0,0,599,0
2030,3.0552,16.8010,0.0046,0.0000,0,0,0.0000,0,0.0000,0,0,0,706,0
2031,2.9733,22.1755,0.0065,0.0000,0,0,0.0000,0,0.0000,0,0,0,695,0
2032,5.1946,6.6651,0.0077,0.0000,0,0,0.0000,0,0.0000,0,0,0,599,0
2033,3.1340,11.5194,0.0080,0.0000,0,0,0.0000,0,0.0000,0,0,0,599,0
2034,3.0552,16.7205,0.0067,0.0000,0,0,0.0000,0,0.0000,0,0,0,931,0
2035,2.9733,22.0805,0.0072,0.0000,0,0,0.0000,0,0.0000,0,0,0,701,0
2036,5.1946,6.6594,0.0057,0.0000,0,0,0.0000,0,0.0000,0,0,0,599,0
2037,3.1340,11.5977,0.0057,0.0000,0,0,0.0000,0,0.0000,0,0,0,599,0
2038,3.0552,16.8880,0.0073,0.0000,0,0,0.0000,0,0.0000,0,0,0,795,0
2039,2.9733,22.4175,0.0057,0.0000,0,0,0.0000,0,0.0000,0,0,0,703,0
2040,5.1946,6.5745,0.0051,0.0000,0,0,0.0000,0,0.0000,0,0,0,599,0
2041,3.1340,11.5879,0.0031,0.0000,0,0,0.0000,0,0.0000,0,0,0,599,0
2042,3.0552,16.8261,0.0039,0.0000,0,0,0.0000,0,0.0000,0,0,0,786,0
2043,2.9733,22.3173,0.0054,0.0000,0,0,0.0000,0,0.0000,0,0,0,799,0
2044,5.1946,6.4597,0.0050,0.0000,0,0,0.0000,0,0.0000,0,0,0,599,0
2045,3.1340,11.6206,0.0057,0.0000,0,0,0.0000,0,0.0000,0,0,0,599,0
2046,3.0552,16.9866,0.0038,0.0000,0,0,0.0000,0,0.0000,0,0,0,764,0
2047,2.9733,22.3586,0.0050,0.0000,0,0,0.0000,0,0.0000,0,0,0,780,0
2048,5.1946,6.4718,0.0056,0.0000,0,0,0.0000,0,0.0000,0,0,0,599,0
2049,3.1340,11.3441,0.0018,0.0000,0,0,0.0000,0,0.0000,0,0,0,599,0
2050,3.0552,16.7527,0.0060,0.0000,0,0,0.0000,0,0.0000,0,0,0,1139,0
2051,2.9733,22.0433,0.0059,0.0000,0,0,0.0000,0,0.0000,0,0,0,1021,0
2052,5.1946,6.3707,0.0038,0.0000,0,0,0.0000,0,0.0000,0,0,0,599,0
2053,3.1340,11.5348,0.0056,0.0000,0,0,0.0000,0,0.0000,0,0,0,599,0
2054,3.0552,16.8368,0.0055,0.0000,0,0,0.0000,0,0.0000,0,0,0,695,0
2055,2.9733,22.1831,0.0025,0.0000,0,0,0.0000,0,0.0000,0,0,0,695,0
2056,5.1946,6.4840,0.0102,0.0000,0,0,0.0000,0,0.0000,0,0,0,599,0
2057,3.1340,11.5232,0.0059,0.0000,0,0,0.0000,0,0.0000,0,0,0,599,0
2058,3.0552,16.8080,0.0031,0.0000,0,0,0.0000,0,0.0000,0,0,0,695,0
2059,2.9733,22.3773,0.0073,0.0000,0,0,0.0000,0,0.0000,0,0,0,695,0
2060,5.1946,6.6713,0.0053,0.0000,0,0,0.0000,0,0.0000,0,0,0,599,0
2061,3.1340,11.4170,0.0040,0.0000,0,0,0.0000,0,0.0000,0,0,0,599,0
2062,3.0552,16.6090,0.0053,0.0000,0,0,0.0000,0,0.0000,0,0,0,695,0
2063,2.9733,21.9315,0.0060,0.0000,0,0,0.0000,0,0.0000,0,0,0,695,0
2064,5.1946,6.7497,0.0059,0.0000,0,0,0.0000,0,0.0000,0,0,0,599,0
2065,3.1340,11.5847,0.0093,0.0000,0,0,0.0000,0,0.0000,0,0,0,599,0
2066,3.0552,16.8648,0.0024,0.0000,0,0,0.0000,0,0.0000,0,0,0,695,0
2067,2.9733,22.4132,0.0057,0.0000,0,0,0.0000,0,0.0000,0,0,0,695,0
2068,5.1946,6.4092,0.0054,0.0000,0,0,0.0000,0,0.0000,0,0,0,599,0
2069,3.1340,11.3734,0.0026,0.0000,0,0,0.0000,0,0.0000,0,0,0,599,0
2070,3.0552,16.8311,0.0058,0.0000,0,0,0.0000,0,0.0000,0,0,0,724,0
2071,2.9733,22.1553,0.0063,0.0000,0,0,0.0000,0,0.0000,0,0,0,746,0
2072,5.1946,6.3707,0.0033,0.0000,0,0,0.0000,0,0.0000,0,0,0,599,0
2073,3.1340,11.6088,0.0066,0.0000,0,0,0.0000,0,0.0000,0,0,0,599,0
2074,3.0552,16.8662,0.0055,0.0000,0,0,0.0000,0,0.0000,0,0,0,695,0
2075,2.9733,22.2021,0.0026,0.0000,0,0,0.0000,0,0.0000,0,0,0,712,0
2076,5.1946,6.6742,0.0063,0.0000,0,0,0.0000,0,0.0000,0,0,0,599,0
2077,3.1340,11.6014,0.0067,0.0000,0,0,0.0000,0,0.0000,0,0,0,599,0
2078,3.0552,16.9077,0.0084,0.0000,0,0,0.0000,0,0.0000,0,0,0,756,0
2079,2.9733,22.3794,0.0081,0.0000,0,0,0.0000,0,0.0000,0,0,0,812,0
2080,5.1946,6.6827,0.0062,0.0000,0,0,0.0000,0,0.0000,0,0,0,599,0
2081,3.1340,11.4935,0.0049,0.0000,0,0,0.0000,0,0.0000,0,0,0,599,0
2082,3.0552,16.4412,0.0075,0.0000,0,0,0.0000,0,0.0000,0,0,0,749,0
2083,2.9733,21.6993,0.0130,0.0000,0,0,0.0000,0,0.0000,0,0,0,734,0
2084,5.1946,6.7718,0.0090,0.0000,0,0,0.0000,0,0.0000,0,0,0,599,0
2085,3.1340,11.6073,0.0103,0.0000,0,0,0.0000,0,0.0000,0,0,0,599,0
2086,3.0552,16.8178,0.0046,0.0000,0,0,0.0000,0,0.0000,0,0,0,715,0
2087,2.9733,22.2989,0.0101,0.0000,0,0,0.0000,0,0.0000,0,0,0,695,0
2088,5.1946,6.6033,0.0055,0.0000,0,0,0.0000,0,0.0000,0,0,0,599,0
2089,3.1340,11.4358,0.0035,0.0000,0,0,0.0000,0,0.0000,0,0,0,599,0
2090,3.0552,16.7291,0.0052,0.0000,0,0,0.0000,0,0.0000,0,0,0,709,0
2091,2.9733,22.1322,0.0110,0.0000,0,0,0.0000,0,0.0000,0,0,0,695,0
2092,5.1946,6.5503,0.0039,0.0000,0,0,0.0000,0,0.0000,0,0,0,599,0
2093,3.1340,11.5361,0.0099,0.0000,0,0,0.0000,0,0.0000,0,0,0,599,0
2094,3.0552,16.9050,0.0098,0.0000,0,0,0.0000,0,0.0000,0,0,0,863,0
2095,2.9733,22.1642,0.0046,0.0000,0,0,0.0000,0,0.0000,0,0,0,702,0
2096,5.1946,6.6196,0.0099,0.0000,0,0,0.0000,0,0.0000,0,0,0,599,0
2097,3.1340,11.6496,0.0056,0.0000,0,0,0.0000,0,0.0000,0,0,0,599,0
2098,3.0552,16.8472,0.0081,0.0000,0,0,0.0000,0,0.0000,0,0,0,695,0
2099,2.9733,22.2258,0.0069,0.0000,0,0,0.0000,0,0.0000,0,0,0,743,0
2100,5.1946,6.4870,0.0091,0.0000,0,0,0.0000,0,0.0000,0,0,0,599,0
2101,3.1340,11.5748,0.0064,0.0000,0,0,0.0000,0,0.0000,0,0,0,599,0
2102,3.0552,16.6693,0.0053,0.0000,0,0,0.0000,0,0.0000,0,0,0,695,0
2103,2.9733,22.0813,0.0029,0.0000,0,0,0.0000,0,0.0000,0,0,0,738,0
2104,5.1946,6.7109,0.0060,0.0000,0,0,0.0000,0,0.0000,0,0,0,599,0
2105,3.1340,11.5765,0.0060,0.0000,0,0,0.0000,0,0.0000,0,0,0,599,0
2106,3.0552,16.7254,0.0030,0.0000,0,0,0.0000,0,0.0000,0,0,0,695,0
2107,2.9733,22.1831,0.0105,0.0000,0,0,0.0000,0,0.0000,0,0,0,788,0
2108,5.1946,6.5062,0.0097,0.0000,0,0,0.0000,0,0.0000,0,0,0,599,0
2109,3.1340,11.5215,0.0036,0.0000,0,0,0.0000,0,0.0000,0,0,0,599,0
2110,3.0552,16.7779,0.0059,0.0000,0,0,0.0000,0,0.0000,0,0,0,695,0
2111,2.9733,22.2250,0.0067,0.0000,0,0,0.0000,0,0.0000,0,0,0,695,0
2112,5.1946,6.5029,0.0047,0.0000,0,0,0.0000,0,0.0000,0,0,0,599,0
2113,3.1340,11.6567,0.0066,0.0000,0,0,0.0000,0,0.0000,0,0,0,599,0
2114,3.0552,16.8263,0.0085,0.0000,0,0,0.0000,0,0.0000,0,0,0,695,0
2115,2.9733,22.0807,0.0049,0.0000,0,0,0.0000,0,0.0000,0,0,0,695,0
2116,5.1946,6.5352,0.0103,0.0000,0,0,0.0000,0,0.0000,0,0,0,599,0
2117,3.1340,11.5085,0.0037,0.0000,0,0,0.0000,0,0.0000,0,0,0,599,0
2118,3.0552,16.7884,0.0047,0.0000,0,0,0.0000,0,0.0000,0,0,0,695,0
2119,2.9733,22.2648,0.0061,0.0000,0,0,0.0000,0,0.0000,0,0,0,705,0
2120,5.1946,6.4888,0.0047,0.0000,0,0,0.0000,0,0.0000,0,0,0,599,0
2121,3.1340,11.5599,0.0053,0.0000,0,0,0.0000,0,0.0000,0,0,0,599,0
2122,3.0552,16.7922,0.0058,0.0000,0,0,0.0000,0,0.0000,0,0,0,706,0
2123,2.9733,22.0347,0.0041,0.0000,0,0,0.0000,0,0.0000,0,0,0,725,0
2124,5.1946,6.6463,0.0054,0.0000,0,0,0.0000,0,0.0000,0,0,0,599,0
2125,3.1340,11.5965,0.0100,0.0000,0,0,0.0000,0,0.0000,0,0,0,599,0
2126,3.0552,16.7704,0.0039,0.0000,0,0,0.0000,0,0.0000,0,0,0,714,0
2127,2.9733,22.1563,0.0096,0.0000,0,0,0.0000,0,0.0000,0,0,0,746,0
2128,5.1946,6.5205,0.0060,0.0000,0,0,0.0000,0,0.0000,0,0,0,599,0
2129,3.1340,11.5505,0.0033,0.0000,0,0,0.0000,0,0.0000,0,0,0,599,0
2130,3.0552,16.9048,0.0068,0.0000,0,0,0.0000,0,0.0000,0,0,0,697,0
2131,2.9733,22.4215,0.0055,0.0000,0,0,0.0000,0,0.0000,0,0,0,721,0
2132,5.1946,6.5488,0.0056,0.0000,0,0,0.0000,0,0.0000,0,0,0,599,0
2133,3.1340,11.4555,0.0049,0.0000,0,0,0.0000,0,0.0000,0,0,0,599,0
2134,3.0552,16.7775,0.0061,0.0000,0,0,0.0000,0,0.0000,0,0,0,695,0
2135,2.9733,21.9961,0.0048,0.0000,0,0,0.0000,0,0.0000,0,0,0,758,0
2136,5.1946,6.3704,0.0053,0.0000,0,0,0.0000,0,0.0000,0,0,0,599,0
2137,3.1340,11.3391,0.0025,0.0000,0,0,0.0000,0,0.0000,0,0,0,599,0
2138,3.0552,16.6469,0.0041,0.0000,0,0,0.0000,0,0.0000,0,0,0,781,0
2139,2.9733,22.0266,0.0027,0.0000,0,0,0.0000,0,0.0000,0,0,0,695,0
2140,5.1946,6.2264,0.0044,0.0000,0,0,0.0000,0,0.0000,0,0,0,599,0
2141,3.1340,11.5685,0.0054,0.0000,0,0,0.0000,0,0.0000,0,0,0,599,0
2142,3.0552,16.9263,0.0050,0.0000,0,0,0.0000,0,0.0000,0,0,0,695,0
2143,2.9733,22.4017,0.0039,0.0000,0,0,0.0000,0,0.0000,0,0,0,695,0
2144,5.1946,6.4363,0.0052,0.0000,0,0,0.0000,0,0.0000,0,0,0,599,0
2145,3.1340,11.4749,0.0047,0.0000,0,0,0.0000,0,0.0000,0,0,0,599,0
2146,3.0552,16.7685,0.0071,0.0000,0,0,0.0000,0,0.0000,0,0,0,695,0
2147,2.9733,22.1725,0.0046,0.0000,0,0,0.0000,0,0.0000,0,0,0,695,0
2148,5.1946,6.5164,0.0095,0.0000,0,0,0.0000,0,0.0000,0,0,0,599,0
2149,3.1340,11.5558,0.0034,0.0000,0,0,0.0000,0,0.0000,0,0,0,599,0
2150,3.0552,16.8778,0.0062,0.0000,0,0,0.0000,0,0.0000,0,0,0,695,0
2151,2.9733,21.2701,0.0048,0.0000,0,0,0.0000,0,0.0000,0,0,0,695,0
2152,5.1946,6.4582,0.0046,0.0000,0,0,0.0000,0,0.0000,0,0,0,599,0
2153,3.1340,11.6571,0.0054,0.0000,0,0,0.0000,0,0.0000,0,0,0,599,0
2154,3.0552,16.9998,0.0050,0.0000,0,0,0.0000,0,0.0000,0,0,0,695,0
2155,2.9733,22.4846,0.0099,0.0000,0,0,0.0000,0,0.0000,0,0,0,716,0
2156,5.1946,6.5195,0.0052,0.0000,0,0,0.0000,0,0.0000,0,0,0,599,0
2157,3.1340,11.5141,0.0073,0.0000,0,0,0.0000,0,0.0000,0,0,0,599,0
2158,3.0552,16.9381,0.0052,0.0000,0,0,0.0000,0,0.0000,0,0,0,695,0
2159,2.9733,22.3388,0.0067,0.0000,0,0,0.0000,0,0.0000,0,0,0,707,0
2160,5.1946,18.5077,0.0114,0.0000,0,0,0.0000,0,0.0000,0,1,0,60271,0
2161,3.1340,16.5916,0.0085,0.0000,0,0,0.0000,0,0.0000,0,1,0,43482,0
2162,3.0552,16.0926,0.0054,0.0000,0,0,0.0000,0,0.0000,0,1,0,59828,0
2163,2.9733,16.3170,0.0102,0.0000,0,0,0.0000,0,0.0000,0,1,0,68126,0
2164,5.1946,6.0302,0.0022,0.0000,0,0,0.0000,0,0.0000,0,0,0,15967,0
2165,3.1340,11.3746,0.0037,0.0000,0,0,0.0000,0,0.0000,0,0,0,14199,0
2166,3.0552,16.8403,0.0053,0.0000,0,0,0.0000,0,0.0000,0,0,0,17643,0
2167,2.9733,22.3470,0.0032,0.0000,0,0,0.0000,0,0.0000,0,0,0,14303,0
2168,5.1946,6.0394,0.0027,0.0000,0,0,0.0000,0,0.0000,0,0,0,6175,0
2169,3.1340,11.3510,0.0011,0.0000,0,0,0.0000,0,0.0000,0,0,0,5501,0
2170,3.0552,16.7912,0.0016,0.0000,0,0,0.0000,0,0.0000,0,0,0,8663,0
2171,2.9733,22.4245,0.0049,0.0000,0,0,0.0000,0,0.0000,0,0,0,6869,0
2172,5.1946,6.1233,0.0031,0.0000,0,0,0.0000,0,0.0000,0,0,0,12054,0
2173,3.1340,11.4787,0.0031,0.0000,0,0,0.0000,0,0.0000,0,0,0,15189,0
2174,3.0552,16.8440,0.0108,0.0000,0,0,0.0000,0,0.0000,0,0,0,14797,0
2175,2.9733,22.4155,0.0021,0.0000,0,0,0.0000,0,0.0000,0,0,0,11135,0
2176,5.1946,6.1461,0.0055,0.0000,0,0,0.0000,0,0.0000,0,0,0,19327,0
2177,3.1340,11.4247,0.0050,0.0000,0,0,0.0000,0,0.0000,0,0,0,15140,0
2178,3.0552,16.8744,0.0027,0.0000,0,0,0.0000,0,0.0000,0,0,0,16878,0
2179,2.9733,22.4005,0.0033,0.0000,0,0,0.0000,0,0.0000,0,0,0,17362,0
2180,5.1946,6.2113,0.0035,0.0000,0,0,0.0000,0,0.0000,0,0,0,10956,0
2181,3.1340,11.5030,0.0018,0.0000,0,0,0.0000,0,0.0000,0,0,0,9351,0
2182,3.0552,16.9386,0.0045,0.0000,0,0,0.0000,0,0.0000,0,0,0,9754,0
2183,2.9733,22.3805,0.0046,0.0000,0,0,0.0000,0,0.0000,0,0,0,17542,0
2184,5.1946,6.2157,0.0021,0.0000,0,0,0.0000,0,0.0000,0,0,0,5031,0
2185,3.1340,11.4758,0.0034,0.0000,0,0,0.0000,0,0.0000,0,0,0,4635,0
2186,3.0552,16.8049,0.0027,0.0000,0,0,0.0000,0,0.0000,0,0,0,6836,0
2187,2.9733,22.3429,0.0017,0.0000,0,0,0.0000,0,0.0000,0,0,0,5769,0
2188,5.1946,6.2293,0.0031,0.0000,0,0,0.0000,0,0.0000,0,0,0,3913,0
2189,3.1340,11.4321,0.0019,0.0000,0,0,0.0000,0,0.0000,0,0,0,2919,0
2190,3.0552,16.8514,0.0018,0.0000,0,0,0.0000,0,0.0000,0,0,0,3234,0
2191,2.9733,22.2991,0.0034,0.0000,0,0,0.0000,0,0.0000,0,0,0,3051,0
2192,5.1946,6.1787,0.0023,0.0000,0,0,0.0000,0,0.0000,0,0,0,3192,0
2193,3.1340,11.4173,0.0016,0.0000,0,0,0.0000,0,0.0000,0,0,0,2362,0
2194,3.0552,16.8065,0.0035,0.0000,0,0,0.0000,0,0.0000,0,0,0,2230,0
2195,2.9733,22.0997,0.0022,0.0000,0,0,0.0000,0,0.0000,0,0,0,2863,0
2196,5.1946,6.3937,0.0045,0.0000,0,0,0.0000,0,0.0000,0,0,0,3165,0
2197,3.1340,11.4817,0.0023,0.0000,0,0,0.0000,0,0.0000,0,0,0,2416,0
2198,3.0552,16.9125,0.0050,0.0000,0,0,0.0000,0,0.0000,0,0,0,2408,0
2199,2.9733,22.3113,0.0055,0.0000,0,0,0.0000,0,0.0000,0,0,0,2470,0
2200,5.1946,6.3834,0.0054,0.0000,0,0,0.0000,0,0.0000,0,0,0,2454,0
2201,3.1340,11.4915,0.0044,0.0000,0,0,0.0000,0,0.0000,0,0,0,1491,0
2202,3.0552,16.8239,0.0040,0.0000,0,0,0.0000,0,0.0000,0,0,0,870,0
2203,2.9733,22.3362,0.0059,0.0000,0,0,0.0000,0,0.0000,0,0,0,2369,0
2204,5.1946,6.5193,0.0097,0.0000,0,0,0.0000,0,0.0000,0,0,0,1462,0
2205,3.1340,12.1059,0.0065,0.0000,0,0,0.0000,0,0.0000,0,0,0,1285,0
2206,3.0552,16.8188,0.0053,0.0000,0,0,0.0000,0,0.0000,0,0,0,699,0
2207,2.9733,22.1775,0.0065,0.0000,0,0,0.0000,0,0.0000,0,0,0,1409,0
2208,5.1946,6.5214,0.0057,0.0000,0,0,0.0000,0,0.0000,0,0,0,1319,0
2209,3.1340,11.4387,0.0027,0.0000,0,0,0.0000,0,0.0000,0,0,0,1143,0
2210,3.0552,16.8223,0.0058,0.0000,0,0,0.0000,0,0.0000,0,0,0,695,0
2211,2.9733,22.1267,0.0072,0.0000,0,0,0.0000,0,0.0000,0,0,0,1718,0
2212,5.1946,6.4864,0.0051,0.0000,0,0,0.0000,0,0.0000,0,0,0,1127,0
2213,3.1340,11.5127,0.0054,0.0000,0,0,0.0000,0,0.0000,0,0,0,972,0
2214,3.0552,16.7898,0.0047,0.0000,0,0,0.0000,0,0.0000,0,0,0,702,0
2215,2.9733,22.1860,0.0048,0.0000,0,0,0.0000,0,0.0000,0,0,0,729,0
2216,5.1946,6.4791,0.0059,0.0000,0,0,0.0000,0,0.0000,0,0,0,1059,0
2217,3.1340,11.4851,0.0059,0.0000,0,0,0.0000,0,0.0000,0,0,0,873,0
2218,3.0552,16.8732,0.0064,0.0000,0,0,0.0000,0,0.0000,0,0,0,749,0
2219,2.9733,22.1857,0.0057,0.0000,0,0,0.0000,0,0.0000,0,0,0,695,0
2220,5.1946,6.5193,0.0056,0.0000,0,0,0.0000,0,0.0000,0,0,0,947,0
2221,3.1340,11.5903,0.0077,0.0000,0,0,0.0000,0,0.0000,0,0,0,793,0
2222,3.0552,16.7243,0.0052,0.0000,0,0,0.0000,0,0.0000,0,0,0,712,0
2223,2.9733,21.5815,0.0049,0.0000,0,0,0.0000,0,0.0000,0,0,0,726,0
2224,5.1946,6.5488,0.0065,0.0000,0,0,0.0000,0,0.0000,0,0,0,875,0
2225,3.1340,11.6082,0.0054,0.0000,0,0,0.0000,0,0.0000,0,0,0,748,0
2226,3.0552,16.8847,0.0049,0.0000,0,0,0.0000,0,0.0000,0,0,0,896,0
2227,2.9733,22.3055,0.0088,0.0000,0,0,0.0000,0,0.0000,0,0,0,793,0
2228,5.1946,6.7176,0.0058,0.0000,0,0,0.0000,0,0.0000,0,0,0,790,0
2229,3.1340,11.5015,0.0038,0.0000,0,0,0.0000,0,0.0000,0,0,0,759,0
2230,3.0552,16.8425,0.0060,0.0000,0,0,0.0000,0,0.0000,0,0,0,819,0
2231,2.9733,22.1784,0.0053,0.0000,0,0,0.0000,0,0.0000,0,0,0,1103,0
2232,5.1946,6.3520,0.0037,0.0000,0,0,0.0000,0,0.0000,0,0,0,729,0
2233,3.1340,11.5151,0.0040,0.0000,0,0,0.0000,0,0.0000,0,0,0,770,0
2234,3.0552,16.9630,0.0049,0.0000,0,0,0.0000,0,0.0000,0,0,0,832,0
2235,2.9733,22.4605,0.0044,0.0000,0,0,0.0000,0,0.0000,0,0,0,980,0
2236,5.1946,6.4173,0.0056,0.0000,0,0,0.0000,0,0.0000,0,0,0,695,0
2237,3.1340,11.6255,0.0083,0.0000,0,0,0.0000,0,0.0000,0,0,0,678,0
2238,3.0552,16.8927,0.0033,0.0000,0,0,0.0000,0,0.0000,0,0,0,774,0
2239,2.9733,22.3415,0.0058,0.0000,0,0,0.0000,0,0.0000,0,0,0,1479,0
2240,5.1946,6.4010,0.0046,0.0000,0,0,0.0000,0,0.0000,0,0,0,655,0
2241,3.1340,10.8768,0.0049,0.0000,0,0,0.0000,0,0.0000,0,0,0,665,0
2242,3.0552,15.9797,0.0066,0.0000,0,0,0.0000,0,0.0000,0,0,0,1157,0
2243,2.9733,21.1817,0.0047,0.0000,0,0,0.0000,0,0.0000,0,0,0,711,0
2244,5.1946,6.5117,0.0053,0.0000,0,0,0.0000,0,0.0000,0,0,0,655,0
2245,3.1340,11.5213,0.0052,0.0000,0,0,0.0000,0,0.0000,0,0,0,614,0
2246,3.0552,16.8092,0.0035,0.0000,0,0,0.0000,0,0.0000,0,0,0,713,0
2247,2.9733,22.4593,0.0164,0.0000,0,0,0.0000,0,0.0000,0,0,0,695,0
2248,5.1946,6.4699,0.0051,0.0000,0,0,0.0000,0,0.0000,0,0,0,646,0
2249,3.1340,11.5075,0.0044,0.0000,0,0,0.0000,0,0.0000,0,0,0,599,0
2250,3.0552,16.7288,0.0051,0.0000,0,0,0.0000,0,0.0000,0,0,0,695,0
2251,2.9733,22.0416,0.0045,0.0000,0,0,0.0000,0,0.0000,0,0,0,701,0
2252,5.1946,6.4480,0.0042,0.0000,0,0,0.0000,0,0.0000,0,0,0,645,0
2253,3.1340,11.5645,0.0052,0.0000,0,0,0.0000,0,0.0000,0,0,0,599,0
2254,3.0552,17.0205,0.0047,0.0000,0,0,0.0000,0,0.0000,0,0,0,695,0
2255,2.9733,22.4542,0.0066,0.0000,0,0,0.0000,0,0.0000,0,0,0,751,0
2256,5.1946,6.5110,0.0059,0.0000,0,0,0.0000,0,0.0000,0,0,0,634,0
2257,3.1340,11.5843,0.0057,0.0000,0,0,0.0000,0,0.0000,0,0,0,599,0
2258,3.0552,16.8089,0.0040,0.0000,0,0,0.0000,0,0.0000,0,0,0,707,0
2259,2.9733,23.4907,0.0074,0.0000,0,0,0.0000,0,0.0000,0,0,0,871,0
2260,5.1946,6.8646,0.0055,0.0000,0,0,0.0000,0,0.0000,0,0,0,636,0
2261,3.1340,11.5552,0.0054,0.0000,0,0,0.0000,0,0.0000,0,0,0,599,0
2262,3.0552,16.6587,0.0050,0.0000,0,0,0.0000,0,0.0000,0,0,0,745,0
2263,2.9733,21.9344,0.0086,0.0000,0,0,0.0000,0,0.0000,0,0,0,814,0
2264,5.1946,6.4793,0.0055,0.0000,0,0,0.0000,0,0.0000,0,0,0,649,0
2265,3.1340,11.4798,0.0050,0.0000,0,0,0.0000,0,0.0000,0,0,0,599,0
2266,3.0552,16.7493,0.0074,0.0000,0,0,0.0000,0,0.0000,0,0,0,728,0
2267,2.9733,22.1554,0.0061,0.0000,0,0,0.0000,0,0.0000,0,0,0,1064,0
2268,5.1946,6.5526,0.0053,0.0000,0,0,0.0000,0,0.0000,0,0,0,662,0
2269,3.1340,11.6379,0.0041,0.0000,0,0,0.0000,0,0.0000,0,0,0,599,0
2270,3.0552,16.9138,0.0068,0.0000,0,0,0.0000,0,0.0000,0,0,0,831,0
2271,2.9733,22.1148,0.0057,0.0000,0,0,0.0000,0,0.0000,0,0,0,701,0
2272,5.1946,6.5273,0.0056,0.0000,0,0,0.0000,0,0.0000,0,0,0,624,0
2273,3.1340,11.5918,0.0057,0.0000,0,0,0.0000,0,0.0000,0,0,0,599,0
2274,3.0552,16.8017,0.0035,0.0000,0,0,0.0000,0,0.0000,0,0,0,736,0
2275,2.9733,21.9288,0.0096,0.0000,0,0,0.0000,0,0.0000,0,0,0,695,0
2276,5.1946,6.6342,0.0057,0.0000,0,0,0.0000,0,0.0000,0,0,0,610,0
2277,3.1340,11.5449,0.0029,0.0000,0,0,0.0000,0,0.0000,0,0,0,599,0
2278,3.0552,16.8403,0.0059,0.0000,0,0,0.0000,0,0.0000,0,0,0,740,0
2279,2.9733,22.0925,0.0049,0.0000,0,0,0.0000,0,0.0000,0,0,0,703,0
2280,5.1946,6.3802,0.0045,0.0000,0,0,0.0000,0,0.0000,0,0,0,599,0
2281,3.1340,11.5747,0.0048,0.0000,0,0,0.0000,0,0.0000,0,0,0,599,0
2282,3.0552,16.8278,0.0053,0.0000,0,0,0.0000,0,0.0000,0,0,0,705,0
2283,2.9733,22.1936,0.0048,0.0000,0,0,0.0000,0,0.0000,0,0,0,731,0
2284,5.1946,6.5037,0.0059,0.0000,0,0,0.0000,0,0.0000,0,0,0,599,0
2285,3.1340,11.3996,0.0047,0.0000,0,0,0.0000,0,0.0000,0,0,0,599,0
2286,3.0552,16.6013,0.0057,0.0000,0,0,0.0000,0,0.0000,0,0,0,888,0
2287,2.9733,21.9275,0.0056,0.0000,0,0,0.0000,0,0.0000,0,0,0,800,0
2288,5.1946,6.3309,0.0031,0.0000,0,0,0.0000,0,0.0000,0,0,0,599,0
2289,3.1340,11.5376,0.0090,0.0000,0,0,0.0000,0,0.0000,0,0,0,599,0
2290,3.0552,16.7461,0.0057,0.0000,0,0,0.0000,0,0.0000,0,0,0,699,0
2291,2.9733,21.1794,0.0022,0.0000,0,0,0.0000,0,0.0000,0,0,0,782,0
2292,5.1946,6.3546,0.0081,0.0000,0,0,0.0000,0,0.0000,0,0,0,599,0
2293,3.1340,11.5044,0.0045,0.0000,0,0,0.0000,0,0.0000,0,0,0,599,0
2294,3.0552,16.6844,0.0038,0.0000,0,0,0.0000,0,0.0000,0,0,0,695,0
2295,2.9733,22.1027,0.0055,0.0000,0,0,0.0000,0,0.0000,0,0,0,929,0
2296,5.1946,6.4606,0.0047,0.0000,0,0,0.0000,0,0.0000,0,0,0,599,0
2297,3.1340,11.5152,0.0044,0.0000,0,0,0.0000,0,0.0000,0,0,0,599,0
2298,3.0552,16.8398,0.0050,0.0000,0,0,0.0000,0,0.0000,0,0,0,695,0
2299,2.9733,22.2820,0.0054,0.0000,0,0,0.0000,0,0.0000,0,0,0,695,0
2300,5.1946,6.3041,0.0023,0.0000,0,0,0.0000,0,0.0000,0,0,0,599,0
2301,3.1340,11.5623,0.0049,0.0000,0,0,0.0000,0,0.0000,0,0,0,599,0
2302,3.0552,16.8964,0.0049,0.0000,0,0,0.0000,0,0.0000,0,0,0,727,0
2303,2.9733,22.1448,0.0018,0.0000,0,0,0.0000,0,0.0000,0,0,0,695,0
2304,5.1946,6.4701,0.0048,0.0000,0,0,0.0000,0,0.0000,0,0,0,599,0
2305,3.1340,11.5111,0.0048,0.0000,0,0,0.0000,0,0.0000,0,0,0,599,0
2306,3.0552,16.7661,0.0075,0.0000,0,0,0.0000,0,0.0000,0,0,0,728,0
2307,2.9733,22.1174,0.0060,0.0000,0,0,0.0000,0,0.0000,0,0,0,699,0
2308,5.1946,6.5695,0.0061,0.0000,0,0,0.0000,0,0.0000,0,0,0,599,0
2309,3.1340,11.4966,0.0080,0.0000,0,0,0.0000,0,0.0000,0,0,0,599,0
2310,3.0552,16.8194,0.0067,0.0000,0,0,0.0000,0,0.0000,0,0,0,705,0
2311,2.9733,22.2290,0.0069,0.0000,0,0,0.0000,0,0.0000,0,0,0,723,0
2312,5.1946,6.8299,0.0095,0.0000,0,0,0.0000,0,0.0000,0,0,0,599,0
2313,3.1340,11.6146,0.0108,0.0000,0,0,0.0000,0,0.0000,0,0,0,599,0
2314,3.0552,16.6436,0.0050,0.0000,0,0,0.0000,0,0.0000,0,0,0,754,0
2315,2.9733,21.8257,0.0042,0.0000,0,0,0.0000,0,0.0000,0,0,0,754,0
2316,5.1946,6.4943,0.0049,0.0000,0,0,0.0000,0,0.0000,0,0,0,599,0
2317,3.1340,11.4595,0.0024,0.0000,0,0,0.0000,0,0.0000,0,0,0,599,0
2318,3.0552,16.8684,0.0046,0.0000,0,0,0.0000,0,0.0000,0,0,0,741,0
2319,2.9733,22.1382,0.0058,0.0000,0,0,0.0000,0,0.0000,0,0,0,712,0
2320,5.1946,6.3301,0.0033,0.0000,0,0,0.0000,0,0.0000,0,0,0,599,0
2321,3.1340,11.5851,0.0054,0.0000,0,0,0.0000,0,0.0000,0,0,0,599,0
2322,3.0552,16.9149,0.0099,0.0000,0,0,0.0000,0,0.0000,0,0,0,734,0
2323,2.9733,22.3135,0.0048,0.0000,0,0,0.0000,0,0.0000,0,0,0,775,0
2324,5.1946,6.6527,0.0059,0.0000,0,0,0.0000,0,0.0000,0,0,0,599,0
2325,3.1340,11.4737,0.0050,0.0000,0,0,0.0000,0,0.0000,0,0,0,599,0
2326,3.0552,16.6446,0.0042,0.0000,0,0,0.0000,0,0.0000,0,0,0,752,0
2327,2.9733,21.9127,0.0057,0.0000,0,0,0.0000,0,0.0000,0,0,0,695,0
2328,5.1946,6.3992,0.0025,0.0000,0,0,0.0000,0,0.0000,0,0,0,599,0
2329,3.1340,11.2828,0.0038,0.0000,0,0,0.0000,0,0.0000,0,0,0,599,0
2330,3.0552,16.4086,0.0037,0.0000,0,0,0.0000,0,0.0000,0,0,0,907,0
2331,2.9733,21.5720,0.0019,0.0000,0,0,0.0000,0,0.0000,0,0,0,695,0
2332,5.1946,6.2199,0.0017,0.0000,0,0,0.0000,0,0.0000,0,0,0,599,0
2333,3.1340,11.3975,0.0030,0.0000,0,0,0.0000,0,0.0000,0,0,0,599,0
2334,3.0552,16.7168,0.0015,0.0000,0,0,0.0000,0,0.0000,0,0,0,704,0
2335,2.9733,22.2222,0.0015,0.0000,0,0,0.0000,0,0.0000,0,0,0,695,0
2336,5.1946,6.1513,0.0033,0.0000,0,0,0.0000,0,0.0000,0,0,0,599,0
2337,3.1340,11.4632,0.0010,0.0000,0,0,0.0000,0,0.0000,0,0,0,599,0
2338,3.0552,16.9891,0.0009,0.0000,0,0,0.0000,0,0.0000,0,0,0,695,0
2339,2.9733,22.4168,0.0018,0.0000,0,0,0.0000,0,0.0000,0,0,0,699,0
2340,5.1946,6.1220,0.0011,0.0000,0,0,0.0000,0,0.0000,0,0,0,599,0
2341,3.1340,11.4057,0.0010,0.0000,0,0,0.0000,0,0.0000,0,0,0,599,0
2342,3.0552,16.8295,0.0020,0.0000,0,0,0.0000,0,0.0000,0,0,0,695,0
2343,2.9733,22.2723,0.0013,0.0000,0,0,0.0000,0,0.0000,0,0,0,723,0
2344,5.1946,6.0355,0.0014,0.0000,0,0,0.0000,0,0.0000,0,0,0,599,0
2345,3.1340,11.3865,0.0030,0.0000,0,0,0.0000,0,0.0000,0,0,0,599,0
2346,3.0552,16.7528,0.0013,0.0000,0,0,0.0000,0,0.0000,0,0,0,695,0
2347,2.9733,22.2309,0.0013,0.0000,0,0,0.0000,0,0.0000,0,0,0,734,0
2348,5.1946,6.1578,0.0025,0.0000,0,0,0.0000,0,0.0000,0,0,0,599,0
2349,3.1340,11.3803,0.0024,0.0000,0,0,0.0000,0,0.0000,0,0,0,599,0
2350,3.0552,16.7196,0.0015,0.0000,0,0,0.0000,0,0.0000,0,0,0,728,0
2351,2.9733,22.2108,0.0024,0.0000,0,0,0.0000,0,0.0000,0,0,0,761,0
2352,5.1946,6.2315,0.0017,0.0000,0,0,0.0000,0,0.0000,0,0,0,599,0
2353,3.1340,11.4195,0.0015,0.0000,0,0,0.0000,0,0.0000,0,0,0,599,0
2354,3.0552,16.7790,0.0045,0.0000,0,0,0.0000,0,0.0000,0,0,0,711,0
2355,2.9733,22.1073,0.0017,0.0000,0,0,0.0000,0,0.0000,0,0,0,695,0
2356,5.1946,6.1615,0.0021,0.0000,0,0,0.0000,0,0.0000,0,0,0,599,0
2357,3.1340,11.3685,0.0020,0.0000,0,0,0.0000,0,0.0000,0,0,0,599,0
2358,3.0552,16.8100,0.0025,0.0000,0,0,0.0000,0,0.0000,0,0,0,817,0
2359,2.9733,22.3110,0.0055,0.0000,0,0,0.0000,0,0.0000,0,0,0,695,0
2360,5.1946,6.4345,0.0049,0.0000,0,0,0.0000,0,0.0000,0,0,0,599,0
2361,3.1340,11.5397,0.0044,0.0000,0,0,0.0000,0,0.0000,0,0,0,599,0
2362,3.0552,16.7807,0.0079,0.0000,0,0,0.0000,0,0.0000,0,0,0,825,0
2363,2.9733,22.1567,0.0100,0.0000,0,0,0.0000,0,0.0000,0,0,0,695,0
2364,5.1946,6.4080,0.0050,0.0000,0,0,0.0000,0,0.0000,0,0,0,599,0
2365,3.1340,11.5353,0.0087,0.0000,0,0,0.0000,0,0.0000,0,0,0,599,0
2366,3.0552,16.7607,0.0025,0.0000,0,0,0.0000,0,0.0000,0,0,0,785,0
2367,2.9733,22.2629,0.0065,0.0000,0,0,0.0000,0,0.0000,0,0,0,706,0
2368,5.1946,6.5033,0.0049,0.0000,0,0,0.0000,0,0.0000,0,0,0,599,0
2369,3.1340,11.4844,0.0029,0.0000,0,0,0.0000,0,0.0000,0,0,0,599,0
2370,3.0552,16.8543,0.0055,0.0000,0,0,0.0000,0,0.0000,0,0,0,755,0
2371,2.9733,22.2386,0.0061,0.0000,0,0,0.0000,0,0.0000,0,0,0,767,0
2372,5.1946,6.5981,0.0088,0.0000,0,0,0.0000,0,0.0000,0,0,0,599,0
2373,3.1340,11.6104,0.0054,0.0000,0,0,0.0000,0,0.0000,0,0,0,599,0
2374,3.0552,16.8256,0.0060,0.0000,0,0,0.0000,0,0.0000,0,0,0,950,0
2375,2.9733,22.0636,0.0055,0.0000,0,0,0.0000,0,0.0000,0,0,0,746,0
2376,5.1946,6.7312,0.0068,0.0000,0,0,0.0000,0,0.0000,0,0,0,599,0
2377,3.1340,11.4344,0.0053,0.0000,0,0,0.0000,0,0.0000,0,0,0,599,0
2378,3.0552,16.5675,0.0052,0.0000,0,0,0.0000,0,0.0000,0,0,0,700,0
2379,2.9733,21.9922,0.0062,0.0000,0,0,0.0000,0,0.0000,0,0,0,799,0
2380,5.1946,6.3830,0.0045,0.0000,0,0,0.0000,0,0.0000,0,0,0,599,0
2381,3.1340,11.5439,0.0055,0.0000,0,0,0.0000,0,0.0000,0,0,0,599,0
2382,3.0552,16.8193,0.0090,0.0000,0,0,0.0000,0,0.0000,0,0,0,697,0
2383,2.9733,22.0784,0.0022,0.0000,0,0,0.0000,0,0.0000,0,0,0,695,0
2384,5.1946,6.4181,0.0051,0.0000,0,0,0.0000,0,0.0000,0,0,0,599,0
2385,3.1340,11.4964,0.0049,0.0000,0,0,0.0000,0,0.0000,0,0,0,599,0
2386,3.0552,16.7252,0.0029,0.0000,0,0,0.0000,0,0.0000,0,0,0,695,0
2387,2.9733,22.2468,0.0053,0.0000,0,0,0.0000,0,0.0000,0,0,0,695,0
2388,5.1946,6.6062,0.0054,0.0000,0,0,0.0000,0,0.0000,0,0,0,599,0
2389,3.1340,11.6669,0.0025,0.0000,0,0,0.0000,0,0.0000,0,0,0,599,0
2390,3.0552,17.0602,0.0057,0.0000,0,0,0.0000,0,0.0000,0,0,0,708,0
2391,2.9733,22.5892,0.0058,0.0000,0,0,0.0000,0,0.0000,0,0,0,695,0
2392,5.1946,6.7181,0.0052,0.0000,0,0,0.0000,0,0.0000,0,0,0,599,0
2393,3.1340,11.6258,0.0065,0.0000,0,0,0.0000,0,0.0000,0,0,0,599,0
2394,3.0552,16.8825,0.0055,0.0000,0,0,0.0000,0,0.0000,0,0,0,715,0
2395,2.9733,22.2608,0.0088,0.0000,0,0,0.0000,0,0.0000,0,0,0,711,0
2396,5.1946,6.7340,0.0058,0.0000,0,0,0.0000,0,0.0000,0,0,0,599,0
2397,3.1340,11.3999,0.0028,0.0000,0,0,0.0000,0,0.0000,0,0,0,599,0
2398,3.0552,16.7478,0.0092,0.0000,0,0,0.0000,0,0.0000,0,0,0,728,0
2399,2.9733,21.8974,0.0104,0.0000,0,0,0.0000,0,0.0000,0,0,0,718,0
2400,5.1946,5.7432,0.0566,0.0000,0,0,0.0000,0,0.0000,0,1,0,105482,0
2401,3.1340,9.8825,0.0335,0.0000,0,0,0.0000,0,0.0000,0,1,0,71919,0
2402,3.0552,14.2570,0.0725,0.0000,0,0,0.0000,0,0.0000,0,1,0,118482,0
2403,2.9733,18.6129,0.0162,0.0000,0,0,0.0000,0,0.0000,0,1,0,121308,0
2404,5.1946,6.5124,0.0224,0.0000,0,0,0.0000,0,0.0000,0,0,0,15863,0
2405,3.1340,11.6170,0.0093,0.0000,0,0,0.0000,0,0.0000,0,0,0,9553,0
2406,3.0552,16.9037,0.0203,0.0000,0,0,0.0000,0,0.0000,0,0,0,18283,0
2407,2.9733,22.1740,0.0083,0.0000,0,0,0.0000,0,0.0000,0,0,0,16957,0
2408,5.1946,6.6470,0.0077,0.0000,0,0,0.0000,0,0.0000,0,0,0,9106,0
2409,3.1340,11.4410,0.0043,0.0000,0,0,0.0000,0,0.0000,0,0,0,3310,0
2410,3.0552,16.6732,0.0118,0.0000,0,0,0.0000,0,0.0000,0,0,0,13242,0
2411,2.9733,21.9466,0.0090,0.0000,0,0,0.0000,0,0.0000,0,0,0,5603,0
2412,5.1946,6.6104,0.0064,0.0000,0,0,0.0000,0,0.0000,0,0,0,7345,0
2413,3.1340,11.4917,0.0073,0.0000,0,0,0.0000,0,0.0000,0,0,0,3453,0
2414,3.0552,16.7022,0.0071,0.0000,0,0,0.0000,0,0.0000,0,0,0,8492,0
2415,2.9733,21.8965,0.0041,0.0000,0,0,0.0000,0,0.0000,0,0,0,5499,0
2416,5.1946,6.5140,0.0079,0.0000,0,0,0.0000,0,0.0000,0,0,0,5064,0
2417,3.1340,11.5192,0.0053,0.0000,0,0,0.0000,0,0.0000,0,0,0,1807,0
2418,3.0552,16.6088,0.0046,0.0000,0,0,0.0000,0,0.0000,0,0,0,7279,0
2419,2.9733,22.0139,0.0086,0.0000,0,0,0.0000,0,0.0000,0,0,0,4910,0
2420,5.1946,6.5765,0.0060,0.0000,0,0,0.0000,0,0.0000,0,0,0,4261,0
2421,3.1340,11.4090,0.0050,0.0000,0,0,0.0000,0,0.0000,0,0,0,1446,0
2422,3.0552,16.3735,0.0050,0.0000,0,0,0.0000,0,0.0000,0,0,0,2044,0
2423,2.9733,21.4305,0.0047,0.0000,0,0,0.0000,0,0.0000,0,0,0,4608,0
2424,5.1946,6.4832,0.0046,0.0000,0,0,0.0000,0,0.0000,0,0,0,3916,0
2425,3.1340,11.4707,0.0055,0.0000,0,0,0.0000,0,0.0000,0,0,0,1368,0
2426,3.0552,16.7702,0.0026,0.0000,0,0,0.0000,0,0.0000,0,0,0,1916,0
2427,2.9733,22.3415,0.0095,0.0000,0,0,0.0000,0,0.0000,0,0,0,4126,0
2428,5.1946,6.3364,0.0053,0.0000,0,0,0.0000,0,0.0000,0,0,0,2949,0
2429,3.1340,11.3912,0.0030,0.0000,0,0,0.0000,0,0.0000,0,0,0,1443,0
2430,3.0552,16.7940,0.0055,0.0000,0,0,0.0000,0,0.0000,0,0,0,2261,0
2431,2.9733,22.1080,0.0095,0.0000,0,0,0.0000,0,0.0000,0,0,0,3675,0
2432,5.1946,6.4563,0.0062,0.0000,0,0,0.0000,0,0.0000,0,0,0,1746,0
2433,3.1340,11.5594,0.0573,0.0000,0,0,0.0000,0,0.0000,0,0,0,1587,0
2434,3.0552,16.8668,0.0073,0.0000,0,0,0.0000,0,0.0000,0,0,0,1787,0
2435,2.9733,22.1133,0.0081,0.0000,0,0,0.0000,0,0.0000,0,0,0,3610,0
2436,5.1946,6.7304,0.0118,0.0000,0,0,0.0000,0,0.0000,0,0,0,1549,0
2437,3.1340,11.5405,0.0103,0.0000,0,0,0.0000,0,0.0000,0,0,0,1578,0
2438,3.0552,16.6947,0.0063,0.0000,0,0,0.0000,0,0.0000,0,0,0,2146,0
2439,2.9733,21.9740,0.0071,0.0000,0,0,0.0000,0,0.0000,0,0,0,1060,0
2440,5.1946,6.5995,0.0057,0.0000,0,0,0.0000,0,0.0000,0,0,0,1191,0
2441,3.1340,11.5535,0.0064,0.0000,0,0,0.0000,0,0.0000,0,0,0,1431,0
2442,3.0552,16.7835,0.0067,0.0000,0,0,0.0000,0,0.0000,0,0,0,1577,0
2443,2.9733,21.6687,0.0057,0.0000,0,0,0.0000,0,0.0000,0,0,0,754,0
2444,5.1946,6.6731,0.0076,0.0000,0,0,0.0000,0,0.0000,0,0,0,1033,0
2445,3.1340,11.5750,0.0103,0.0000,0,0,0.0000,0,0.0000,0,0,0,1325,0
2446,3.0552,16.7874,0.0070,0.0000,0,0,0.0000,0,0.0000,0,0,0,1979,0
2447,2.9733,22.3386,0.0062,0.0000,0,0,0.0000,0,0.0000,0,0,0,835,0
2448,5.1946,6.4646,0.0059,0.0000,0,0,0.0000,0,0.0000,0,0,0,1043,0
2449,3.1340,11.4408,0.0041,0.0000,0,0,0.0000,0,0.0000,0,0,0,1267,0
2450,3.0552,16.6719,0.0066,0.0000,0,0,0.0000,0,0.0000,0,0,0,1429,0
2451,2.9733,22.0106,0.0107,0.0000,0,0,0.0000,0,0.0000,0,0,0,1138,0
2452,5.1946,6.4365,0.0076,0.0000,0,0,0.0000,0,0.0000,0,0,0,846,0
2453,3.1340,11.4830,0.0065,0.0000,0,0,0.0000,0,0.0000,0,0,0,1218,0
2454,3.0552,16.9052,0.0105,0.0000,0,0,0.0000,0,0.0000,0,0,0,1219,0
2455,2.9733,22.2324,0.0100,0.0000,0,0,0.0000,0,0.0000,0,0,0,1728,0
2456,5.1946,6.5765,0.0056,0.0000,0,0,0.0000,0,0.0000,0,0,0,763,0
2457,3.1340,11.5714,0.0071,0.0000,0,0,0.0000,0,0.0000,0,0,0,1111,0
2458,3.0552,16.7057,0.0042,0.0000,0,0,0.0000,0,0.0000,0,0,0,1074,0
2459,2.9733,22.0655,0.0068,0.0000,0,0,0.0000,0,0.0000,0,0,0,1422,0
2460,5.1946,6.5882,0.0055,0.0000,0,0,0.0000,0,0.0000,0,0,0,681,0
2461,3.1340,11.5729,0.0046,0.0000,0,0,0.0000,0,0.0000,0,0,0,1116,0
2462,3.0552,16.8103,0.0060,0.0000,0,0,0.0000,0,0.0000,0,0,0,1772,0
2463,2.9733,22.1277,0.0049,0.0000,0,0,0.0000,0,0.0000,0,0,0,1693,0
2464,5.1946,6.6048,0.0054,0.0000,0,0,0.0000,0,0.0000,0,0,0,635,0
2465,3.1340,11.5573,0.0156,0.0000,0,0,0.0000,0,0.0000,0,0,0,895,0
2466,3.0552,16.7437,0.0032,0.0000,0,0,0.0000,0,0.0000,0,0,0,723,0
2467,2.9733,22.1744,0.0064,0.0000,0,0,0.0000,0,0.0000,0,0,0,714,0
2468,5.1946,6.4099,0.0051,0.0000,0,0,0.0000,0,0.0000,0,0,0,635,0
2469,3.1340,11.5109,0.0044,0.0000,0,0,0.0000,0,0.0000,0,0,0,951,0
2470,3.0552,16.8133,0.0199,0.0000,0,0,0.0000,0,0.0000,0,0,0,695,0
2471,2.9733,22.2084,0.0060,0.0000,0,0,0.0000,0,0.0000,0,0,0,704,0
2472,5.1946,6.5260,0.0052,0.0000,0,0,0.0000,0,0.0000,0,0,0,634,0
2473,3.1340,11.5736,0.0064,0.0000,0,0,0.0000,0,0.0000,0,0,0,874,0
2474,3.0552,16.8017,0.0086,0.0000,0,0,0.0000,0,0.0000,0,0,0,695,0
2475,2.9733,22.1190,0.0043,0.0000,0,0,0.0000,0,0.0000,0,0,0,712,0
2476,5.1946,6.5520,0.0051,0.0000,0,0,0.0000,0,0.0000,0,0,0,623,0
2477,3.1340,11.6371,0.0059,0.0000,0,0,0.0000,0,0.0000,0,0,0,816,0
2478,3.0552,16.8371,0.0041,0.0000,0,0,0.0000,0,0.0000,0,0,0,732,0
2479,2.9733,22.1420,0.0063,0.0000,0,0,0.0000,0,0.0000,0,0,0,790,0
2480,5.1946,6.5350,0.0062,0.0000,0,0,0.0000,0,0.0000,0,0,0,681,0
2481,3.1340,11.5758,0.0043,0.0000,0,0,0.0000,0,0.0000,0,0,0,774,0
2482,3.0552,16.8512,0.0055,0.0000,0,0,0.0000,0,0.0000,0,0,0,806,0
2483,2.9733,22.2165,0.0044,0.0000,0,0,0.0000,0,0.0000,0,0,0,1044,0
2484,5.1946,6.6183,0.0047,0.0000,0,0,0.0000,0,0.0000,0,0,0,640,0
2485,3.1340,11.5285,0.0051,0.0000,0,0,0.0000,0,0.0000,0,0,0,819,0
2486,3.0552,16.8137,0.0050,0.0000,0,0,0.0000,0,0.0000,0,0,0,740,0
2487,2.9733,22.0352,0.0052,0.0000,0,0,0.0000,0,0.0000,0,0,0,871,0
2488,5.1946,6.4780,0.0054,0.0000,0,0,0.0000,0,0.0000,0,0,0,602,0
2489,3.1340,11.5952,0.0069,0.0000,0,0,0.0000,0,0.0000,0,0,0,721,0
2490,3.0552,16.7462,0.0064,0.0000,0,0,0.0000,0,0.0000,0,0,0,1059,0
2491,2.9733,22.1444,0.0106,0.0000,0,0,0.0000,0,0.0000,0,0,0,1253,0
2492,5.1946,6.4643,0.0042,0.0000,0,0,0.0000,0,0.0000,0,0,0,599,0
2493,3.1340,11.5498,0.0052,0.0000,0,0,0.0000,0,0.0000,0,0,0,614,0
2494,3.0552,16.7123,0.0034,0.0000,0,0,0.0000,0,0.0000,0,0,0,928,0
2495,2.9733,22.1879,0.0035,0.0000,0,0,0.0000,0,0.0000,0,0,0,701,0
2496,5.1946,6.5242,0.0050,0.0000,0,0,0.0000,0,0.0000,0,0,0,599,0
2497,3.1340,11.4291,0.0023,0.0000,0,0,0.0000,0,0.0000,0,0,0,599,0
2498,3.0552,16.8372,0.0095,0.0000,0,0,0.0000,0,0.0000,0,0,0,928,0
2499,2.9733,22.1314,0.0065,0.0000,0,0,0.0000,0,0.0000,0,0,0,695,0
2500,5.1946,6.4855,0.0067,0.0000,0,0,0.0000,0,0.0000,0,0,0,599,0
2501,3.1340,11.5604,0.0053,0.0000,0,0,0.0000,0,0.0000,0,0,0,599,0
2502,3.0552,16.8456,0.0061,0.0000,0,0,0.0000,0,0.0000,0,0,0,902,0
2503,2.9733,22.1582,0.0048,0.0000,0,0,0.0000,0,0.0000,0,0,0,701,0
2504,5.1946,6.5524,0.0058,0.0000,0,0,0.0000,0,0.0000,0,0,0,599,0
2505,3.1340,11.6055,0.0058,0.0000,0,0,0.0000,0,0.0000,0,0,0,599,0
2506,3.0552,16.7795,0.0076,0.0000,0,0,0.0000,0,0.0000,0,0,0,1292,0
2507,2.9733,22.1498,0.0055,0.0000,0,0,0.0000,0,0.0000,0,0,0,699,0
2508,5.1946,6.5104,0.0097,0.0000,0,0,0.0000,0,0.0000,0,0,0,599,0
2509,3.1340,11.5384,0.0050,0.0000,0,0,0.0000,0,0.0000,0,0,0,599,0
2510,3.0552,16.9480,0.0064,0.0000,0,0,0.0000,0,0.0000,0,0,0,700,0
2511,2.9733,22.2047,0.0065,0.0000,0,0,0.0000,0,0.0000,0,0,0,789,0
2512,5.1946,6.5142,0.0053,0.0000,0,0,0.0000,0,0.0000,0,0,0,599,0
2513,3.1340,11.4672,0.0054,0.0000,0,0,0.0000,0,0.0000,0,0,0,599,0
2514,3.0552,16.5941,0.0028,0.0000,0,0,0.0000,0,0.0000,0,0,0,695,0
2515,2.9733,21.9905,0.0053,0.0000,0,0,0.0000,0,0.0000,0,0,0,717,0
2516,5.1946,6.3430,0.0050,0.0000,0,0,0.0000,0,0.0000,0,0,0,599,0
2517,3.1340,11.3411,0.0028,0.0000,0,0,0.0000,0,0.0000,0,0,0,599,0
2518,3.0552,16.9090,0.0053,0.0000,0,0,0.0000,0,0.0000,0,0,0,732,0
2519,2.9733,22.1619,0.0072,0.0000,0,0,0.0000,0,0.0000,0,0,0,983,0
2520,5.1946,6.4996,0.0035,0.0000,0,0,0.0000,0,0.0000,0,0,0,599,0
2521,3.1340,11.5268,0.0062,0.0000,0,0,0.0000,0,0.0000,0,0,0,599,0
2522,3.0552,16.7728,0.0101,0.0000,0,0,0.0000,0,0.0000,0,0,0,716,0
2523,2.9733,22.0712,0.0059,0.0000,0,0,0.0000,0,0.0000,0,0,0,701,0
2524,5.1946,6.6417,0.0062,0.0000,0,0,0.0000,0,0.0000,0,0,0,599,0
2525,3.1340,11.4380,0.0051,0.0000,0,0,0.0000,0,0.0000,0,0,0,599,0
2526,3.0552,16.5250,0.0038,0.0000,0,0,0.0000,0,0.0000,0,0,0,801,0
2527,2.9733,21.7409,0.0025,0.0000,0,0,0.0000,0,0.0000,0,0,0,695,0
2528,5.1946,6.2994,0.0035,0.0000,0,0,0.0000,0,0.0000,0,0,0,599,0
2529,3.1340,11.3970,0.0021,0.0000,0,0,0.0000,0,0.0000,0,0,0,599,0
2530,3.0552,16.6060,0.0030,0.0000,0,0,0.0000,0,0.0000,0,0,0,747,0
2531,2.9733,21.9025,0.0036,0.0000,0,0,0.0000,0,0.0000,0,0,0,695,0
2532,5.1946,6.4523,0.0050,0.0000,0,0,0.0000,0,0.0000,0,0,0,599,0
2533,3.1340,11.5673,0.0054,0.0000,0,0,0.0000,0,0.0000,0,0,0,599,0
2534,3.0552,16.8115,0.0032,0.0000,0,0,0.0000,0,0.0000,0,0,0,930,0
2535,2.9733,22.3764,0.0056,0.0000,0,0,0.0000,0,0.0000,0,0,0,712,0
2536,5.1946,6.4530,0.0056,0.0000,0,0,0.0000,0,0.0000,0,0,0,599,0
2537,3.1340,11.4104,0.0024,0.0000,0,0,0.0000,0,0.0000,0,0,0,599,0
2538,3.0552,16.8533,0.0062,0.0000,0,0,0.0000,0,0.0000,0,0,0,767,0
2539,2.9733,22.3439,0.0075,0.0000,0,0,0.0000,0,0.0000,0,0,0,729,0
2540,5.1946,6.6813,0.0043,0.0000,0,0,0.0000,0,0.0000,0,0,0,599,0
2541,3.1340,11.4890,0.0044,0.0000,0,0,0.0000,0,0.0000,0,0,0,599,0
2542,3.0552,16.6570,0.0100,0.0000,0,0,0.0000,0,0.0000,0,0,0,727,0
2543,2.9733,21.9014,0.0047,0.0000,0,0,0.0000,0,0.0000,0,0,0,695,0
2544,5.1946,6.5977,0.0060,0.0000,0,0,0.0000,0,0.0000,0,0,0,599,0
2545,3.1340,11.5557,0.0058,0.0000,0,0,0.0000,0,0.0000,0,0,0,599,0
2546,3.0552,16.7870,0.0032,0.0000,0,0,0.0000,0,0.0000,0,0,0,746,0
2547,2.9733,22.1453,0.0112,0.0000,0,0,0.0000,0,0.0000,0,0,0,821,0
2548,5.1946,6.4826,0.0053,0.0000,0,0,0.0000,0,0.0000,0,0,0,599,0
2549,3.1340,11.5075,0.0077,0.0000,0,0,0.0000,0,0.0000,0,0,0,599,0
2550,3.0552,16.5660,0.0067,0.0000,0,0,0.0000,0,0.0000,0,0,0,1008,0
2551,2.9733,21.5256,0.0056,0.0000,0,0,0.0000,0,0.0000,0,0,0,695,0
2552,5.1946,6.5650,0.0091,0.0000,0,0,0.0000,0,0.0000,0,0,0,599,0
2553,3.1340,11.5670,0.0055,0.0000,0,0,0.0000,0,0.0000,0,0,0,599,0
2554,3.0552,16.8324,0.0036,0.0000,0,0,0.0000,0,0.0000,0,0,0,697,0
2555,2.9733,22.1704,0.0055,0.0000,0,0,0.0000,0,0.0000,0,0,0,695,0
2556,5.1946,6.5207,0.0058,0.0000,0,0,0.0000,0,0.0000,0,0,0,599,0
2557,3.1340,11.4392,0.0031,0.0000,0,0,0.0000,0,0.0000,0,0,0,599,0
2558,3.0552,16.7965,0.0053,0.0000,0,0,0.0000,0,0.0000,0,0,0,695,0
2559,2.9733,22.1410,0.0060,0.0000,0,0,0.0000,0,0.0000,0,0,0,695,0
2560,5.1946,6.5862,0.0090,0.0000,0,0,0.0000,0,0.0000,0,0,0,599,0
2561,3.1340,11.5104,0.0054,0.0000,0,0,0.0000,0,0.0000,0,0,0,599,0
2562,3.0552,16.8002,0.0062,0.0000,0,0,0.0000,0,0.0000,0,0,0,695,0
2563,2.9733,22.1117,0.0034,0.0000,0,0,0.0000,0,0.0000,0,0,0,695,0
2564,5.1946,6.4909,0.0059,0.0000,0,0,0.0000,0,0.0000,0,0,0,599,0
2565,3.1340,11.5360,0.0060,0.0000,0,0,0.0000,0,0.0000,0,0,0,599,0
2566,3.0552,16.7381,0.0041,0.0000,0,0,0.0000,0,0.0000,0,0,0,695,0
2567,2.9733,22.0870,0.0062,0.0000,0,0,0.0000,0,0.0000,0,0,0,718,0
2568,5.1946,6.4584,0.0055,0.0000,0,0,0.0000,0,0.0000,0,0,0,599,0
2569,3.1340,11.4236,0.0040,0.0000,0,0,0.0000,0,0.0000,0,0,0,599,0
2570,3.0552,16.5778,0.0055,0.0000,0,0,0.0000,0,0.0000,0,0,0,705,0
2571,2.9733,21.8309,0.0056,0.0000,0,0,0.0000,0,0.0000,0,0,0,700,0
2572,5.1946,6.7281,0.0057,0.0000,0,0,0.0000,0,0.0000,0,0,0,599,0
2573,3.1340,11.5500,0.0058,0.0000,0,0,0.0000,0,0.0000,0,0,0,599,0
2574,3.0552,16.7093,0.0061,0.0000,0,0,0.0000,0,0.0000,0,0,0,695,0
2575,2.9733,22.1739,0.0054,0.0000,0,0,0.0000,0,0.0000,0,0,0,725,0
2576,5.1946,6.5500,0.0060,0.0000,0,0,0.0000,0,0.0000,0,0,0,599,0
2577,3.1340,11.4477,0.0032,0.0000,0,0,0.0000,0,0.0000,0,0,0,599,0
2578,3.0552,16.7991,0.0055,0.0000,0,0,0.0000,0,0.0000,0,0,0,717,0
2579,2.9733,22.0922,0.0061,0.0000,0,0,0.0000,0,0.0000,0,0,0,695,0
2580,5.1946,6.4660,0.0035,0.0000,0,0,0.0000,0,0.0000,0,0,0,599,0
2581,3.1340,11.5205,0.0054,0.0000,0,0,0.0000,0,0.0000,0,0,0,599,0
2582,3.0552,16.8318,0.0060,0.0000,0,0,0.0000,0,0.0000,0,0,0,720,0
2583,2.9733,22.1867,0.0043,0.0000,0,0,0.0000,0,0.0000,0,0,0,695,0
2584,5.1946,6.5049,0.0058,0.0000,0,0,0.0000,0,0.0000,0,0,0,599,0
2585,3.1340,11.5880,0.0047,0.0000,0,0,0.0000,0,0.0000,0,0,0,599,0
2586,3.0552,16.7994,0.0042,0.0000,0,0,0.0000,0,0.0000,0,0,0,716,0
2587,2.9733,22.1289,0.0060,0.0000,0,0,0.0000,0,0.0000,0,0,0,695,0
2588,5.1946,6.6825,0.0097,0.0000,0,0,0.0000,0,0.0000,0,0,0,599,0
2589,3.1340,11.6226,0.0050,0.0000,0,0,0.0000,0,0.0000,0,0,0,599,0
2590,3.0552,16.7659,0.0054,0.0000,0,0,0.0000,0,0.0000,0,0,0,740,0
2591,2.9733,22.1748,0.0074,0.0000,0,0,0.0000,0,0.0000,0,0,0,695,0
2592,5.1946,6.5526,0.0047,0.0000,0,0,0.0000,0,0.0000,0,0,0,599,0
2593,3.1340,11.5322,0.0048,0.0000,0,0,0.0000,0,0.0000,0,0,0,599,0
2594,3.0552,16.7749,0.0031,0.0000,0,0,0.0000,0,0.0000,0,0,0,836,0
2595,2.9733,22.2898,0.0051,0.0000,0,0,0.0000,0,0.0000,0,0,0,706,0
2596,5.1946,6.4495,0.0039,0.0000,0,0,0.0000,0,0.0000,0,0,0,599,0
2597,3.1340,11.5191,0.0040,0.0000,0,0,0.0000,0,0.0000,0,0,0,599,0
2598,3.0552,16.8755,0.0055,0.0000,0,0,0.0000,0,0.0000,0,0,0,695,0
2599,2.9733,22.3519,0.0063,0.0000,0,0,0.0000,0,0.0000,0,0,0,701,0
2600,5.1946,6.5000,0.0082,0.0000,0,0,0.0000,0,0.0000,0,0,0,599,0
2601,3.1340,11.5060,0.0057,0.0000,0,0,0.0000,0,0.0000,0,0,0,599,0
2602,3.0552,16.8016,0.0052,0.0000,0,0,0.0000,0,0.0000,0,0,0,695,0
2603,2.9733,22.1445,0.0043,0.0000,0,0,0.0000,0,0.0000,0,0,0,699,0
2604,5.1946,6.4603,0.0057,0.0000,0,0,0.0000,0,0.0000,0,0,0,599,0
2605,3.1340,11.6337,0.0040,0.0000,0,0,0.0000,0,0.0000,0,0,0,599,0
2606,3.0552,16.9104,0.0050,0.0000,0,0,0.0000,0,0.0000,0,0,0,695,0
2607,2.9733,22.3004,0.0105,0.0000,0,0,0.0000,0,0.0000,0,0,0,695,0
2608,5.1946,6.3762,0.0076,0.0000,0,0,0.0000,0,0.0000,0,0,0,599,0
2609,3.1340,11.5184,0.0057,0.0000,0,0,0.0000,0,0.0000,0,0,0,599,0
2610,3.0552,16.7772,0.0053,0.0000,0,0,0.0000,0,0.0000,0,0,0,695,0
2611,2.9733,22.0540,0.0046,0.0000,0,0,0.0000,0,0.0000,0,0,0,695,0
2612,5.1946,6.4983,0.0050,0.0000,0,0,0.0000,0,0.0000,0,0,0,599,0
2613,3.1340,11.4300,0.0047,0.0000,0,0,0.0000,0,0.0000,0,0,0,599,0
2614,3.0552,16.6363,0.0034,0.0000,0,0,0.0000,0,0.0000,0,0,0,704,0
2615,2.9733,22.0128,0.0100,0.0000,0,0,0.0000,0,0.0000,0,0,0,695,0
2616,5.1946,6.5431,0.0060,0.0000,0,0,0.0000,0,0.0000,0,0,0,599,0
2617,3.1340,11.4963,0.0037,0.0000,0,0,0.0000,0,0.0000,0,0,0,599,0
2618,3.0552,16.7797,0.0055,0.0000,0,0,0.0000,0,0.0000,0,0,0,708,0
2619,2.9733,22.1926,0.0054,0.0000,0,0,0.0000,0,0.0000,0,0,0,695,0
2620,5.1946,6.5888,0.0043,0.0000,0,0,0.0000,0,0.0000,0,0,0,599,0
2621,3.1340,11.4582,0.0054,0.0000,0,0,0.0000,0,0.0000,0,0,0,599,0
2622,3.0552,16.7107,0.0055,0.0000,0,0,0.0000,0,0.0000,0,0,0,710,0
2623,2.9733,21.9950,0.0043,0.0000,0,0,0.0000,0,0.0000,0,0,0,695,0
2624,5.1946,6.4928,0.0057,0.0000,0,0,0.0000,0,0.0000,0,0,0,599,0
2625,3.1340,11.6049,0.0037,0.0000,0,0,0.0000,0,0.0000,0,0,0,599,0
2626,3.0552,16.8942,0.0045,0.0000,0,0,0.0000,0,0.0000,0,0,0,703,0
2627,2.9733,22.2390,0.0063,0.0000,0,0,0.0000,0,0.0000,0,0,0,695,0
2628,5.1946,6.4410,0.0039,0.0000,0,0,0.0000,0,0.0000,0,0,0,599,0
2629,3.1340,11.5126,0.0049,0.0000,0,0,0.0000,0,0.0000,0,0,0,599,0
2630,3.0552,16.7617,0.0056,0.0000,0,0,0.0000,0,0.0000,0,0,0,695,0
2631,2.9733,22.1995,0.0039,0.0000,0,0,0.0000,0,0.0000,0,0,0,695,0
2632,5.1946,6.7819,0.0097,0.0000,0,0,0.0000,0,0.0000,0,0,0,599,0
2633,3.1340,11.5358,0.0056,0.0000,0,0,0.0000,0,0.0000,0,0,0,599,0
2634,3.0552,16.7150,0.0046,0.0000,0,0,0.0000,0,0.0000,0,0,0,695,0
2635,2.9733,22.1345,0.0060,0.0000,0,0,0.0000,0,0.0000,0,0,0,695,0
2636,5.1946,6.5545,0.0050,0.0000,0,0,0.0000,0,0.0000,0,0,0,599,0
2637,3.1340,11.5947,0.0040,0.0000,0,0,0.0000,0,0.0000,0,0,0,599,0
2638,3.0552,16.8065,0.0044,0.0000,0,0,0.0000,0,0.0000,0,0,0,799,0
2639,2.9733,22.1109,0.0048,0.0000,0,0,0.0000,0,0.0000,0,0,0,695,0
2640,5.1946,5.7148,0.0364,0.0000,0,0,0.0000,0,0.0000,0,1,0,105482,0
2641,3.1340,10.0028,0.0370,0.0000,0,0,0.0000,0,0.0000,0,1,0,71919,0
2642,3.0552,14.3806,0.0437,0.0000,0,0,0.0000,0,0.0000,0,1,0,100728,0
2643,2.9733,18.9066,0.0868,0.0000,0,0,0.0000,0,0.0000,0,1,0,109587,0
2644,5.1946,6.6598,0.0111,0.0000,0,0,0.0000,0,0.0000,0,0,0,15863,0
2645,3.1340,11.5996,0.0068,0.0000,0,0,0.0000,0,0.0000,0,0,0,9553,0
2646,3.0552,16.8672,0.0095,0.0000,0,0,0.0000,0,0.0000,0,0,0,14021,0
2647,2.9733,22.3007,0.0283,0.0000,0,0,0.0000,0,0.0000,0,0,0,22860,0
2648,5.1946,6.5342,0.0066,0.0000,0,0,0.0000,0,0.0000,0,0,0,9106,0
2649,3.1340,11.5075,0.0051,0.0000,0,0,0.0000,0,0.0000,0,0,0,3310,0
2650,3.0552,16.6894,0.0090,0.0000,0,0,0.0000,0,0.0000,0,0,0,16824,0
2651,2.9733,21.7988,0.0075,0.0000,0,0,0.0000,0,0.0000,0,0,0,20305,0
2652,5.1946,6.6570,0.0070,0.0000,0,0,0.0000,0,0.0000,0,0,0,7345,0
2653,3.1340,11.5662,0.0055,0.0000,0,0,0.0000,0,0.0000,0,0,0,3453,0
2654,3.0552,16.7834,0.0297,0.0000,0,0,0.0000,0,0.0000,0,0,0,15486,0
2655,2.9733,22.2441,0.0111,0.0000,0,0,0.0000,0,0.0000,0,0,0,8839,0
2656,5.1946,6.4839,0.0105,0.0000,0,0,0.0000,0,0.0000,0,0,0,5064,0
2657,3.1340,11.3805,0.0041,0.0000,0,0,0.0000,0,0.0000,0,0,0,1807,0
2658,3.0552,16.7109,0.0108,0.0000,0,0,0.0000,0,0.0000,0,0,0,12230,0
2659,2.9733,22.0560,0.0070,0.0000,0,0,0.0000,0,0.0000,0,0,0,7342,0
2660,5.1946,6.4483,0.0080,0.0000,0,0,0.0000,0,0.0000,0,0,0,4261,0
2661,3.1340,11.4963,0.0055,0.0000,0,0,0.0000,0,0.0000,0,0,0,1446,0
2662,3.0552,16.8251,0.0107,0.0000,0,0,0.0000,0,0.0000,0,0,0,8041,0
2663,2.9733,22.1382,0.0055,0.0000,0,0,0.0000,0,0.0000,0,0,0,2243,0
2664,5.1946,6.5691,0.0056,0.0000,0,0,0.0000,0,0.0000,0,0,0,3916,0
2665,3.1340,11.5902,0.0063,0.0000,0,0,0.0000,0,0.0000,0,0,0,1368,0
2666,3.0552,16.8033,0.0061,0.0000,0,0,0.0000,0,0.0000,0,0,0,7441,0
2667,2.9733,22.1499,0.0068,0.0000,0,0,0.0000,0,0.0000,0,0,0,1961,0
2668,5.1946,6.5425,0.0055,0.0000,0,0,0.0000,0,0.0000,0,0,0,2949,0
2669,3.1340,11.5813,0.0045,0.0000,0,0,0.0000,0,0.0000,0,0,0,1443,0
2670,3.0552,16.9014,0.0071,0.0000,0,0,0.0000,0,0.0000,0,0,0,4682,0
2671,2.9733,22.3956,0.0063,0.0000,0,0,0.0000,0,0.0000,0,0,0,1949,0
2672,5.1946,6.6298,0.0055,0.0000,0,0,0.0000,0,0.0000,0,0,0,1746,0
2673,3.1340,11.5288,0.0106,0.0000,0,0,0.0000,0,0.0000,0,0,0,1587,0
2674,3.0552,16.7295,0.0034,0.0000,0,0,0.0000,0,0.0000,0,0,0,3830,0
2675,2.9733,22.1420,0.0118,0.0000,0,0,0.0000,0,0.0000,0,0,0,1561,0
2676,5.1946,6.4463,0.0062,0.0000,0,0,0.0000,0,0.0000,0,0,0,1549,0
2677,3.1340,11.4904,0.0043,0.0000,0,0,0.0000,0,0.0000,0,0,0,1578,0
2678,3.0552,16.8318,0.0093,0.0000,0,0,0.0000,0,0.0000,0,0,0,3348,0
2679,2.9733,22.3103,0.0066,0.0000,0,0,0.0000,0,0.0000,0,0,0,2325,0
2680,5.1946,6.4894,0.0060,0.0000,0,0,0.0000,0,0.0000,0,0,0,1191,0
2681,3.1340,11.5335,0.0068,0.0000,0,0,0.0000,0,0.0000,0,0,0,1431,0
2682,3.0552,16.7644,0.0070,0.0000,0,0,0.0000,0,0.0000,0,0,0,3249,0
2683,2.9733,22.1101,0.0098,0.0000,0,0,0.0000,0,0.0000,0,0,0,1876,0
2684,5.1946,6.3866,0.0046,0.0000,0,0,0.0000,0,0.0000,0,0,0,1033,0
2685,3.1340,11.3764,0.0030,0.0000,0,0,0.0000,0,0.0000,0,0,0,1325,0
2686,3.0552,16.7443,0.0048,0.0000,0,0,0.0000,0,0.0000,0,0,0,995,0
2687,2.9733,22.1363,0.0059,0.0000,0,0,0.0000,0,0.0000,0,0,0,2376,0
2688,5.1946,6.2908,0.0036,0.0000,0,0,0.0000,0,0.0000,0,0,0,1043,0
2689,3.1340,11.5881,0.0068,0.0000,0,0,0.0000,0,0.0000,0,0,0,1267,0
2690,3.0552,16.8321,0.0063,0.0000,0,0,0.0000,0,0.0000,0,0,0,742,0
2691,2.9733,22.1863,0.0087,0.0000,0,0,0.0000,0,0.0000,0,0,0,787,0
2692,5.1946,6.5178,0.0064,0.0000,0,0,0.0000,0,0.0000,0,0,0,846,0
2693,3.1340,11.4832,0.0066,0.0000,0,0,0.0000,0,0.0000,0,0,0,1218,0
2694,3.0552,16.6256,0.0033,0.0000,0,0,0.0000,0,0.0000,0,0,0,791,0
2695,2.9733,21.9980,0.0095,0.0000,0,0,0.0000,0,0.0000,0,0,0,700,0
2696,5.1946,6.5510,0.0105,0.0000,0,0,0.0000,0,0.0000,0,0,0,763,0
2697,3.1340,11.5464,0.0079,0.0000,0,0,0.0000,0,0.0000,0,0,0,1111,0
2698,3.0552,16.8494,0.0061,0.0000,0,0,0.0000,0,0.0000,0,0,0,856,0
2699,2.9733,22.1675,0.0101,0.0000,0,0,0.0000,0,0.0000,0,0,0,710,0
2700,5.1946,6.4521,0.0041,0.0000,0,0,0.0000,0,0.0000,0,0,0,681,0
2701,3.1340,11.5004,0.0086,0.0000,0,0,0.0000,0,0.0000,0,0,0,1116,0
2702,3.0552,16.8049,0.0053,0.0000,0,0,0.0000,0,0.0000,0,0,0,1108,0
2703,2.9733,22.1070,0.0091,0.0000,0,0,0.0000,0,0.0000,0,0,0,910,0
2704,5.1946,6.5258,0.0063,0.0000,0,0,0.0000,0,0.0000,0,0,0,635,0
2705,3.1340,11.5618,0.0116,0.0000,0,0,0.0000,0,0.0000,0,0,0,895,0
2706,3.0552,16.8068,0.0092,0.0000,0,0,0.0000,0,0.0000,0,0,0,1017,0
2707,2.9733,22.1865,0.0067,0.0000,0,0,0.0000,0,0.0000,0,0,0,1349,0
2708,5.1946,6.4775,0.0085,0.0000,0,0,0.0000,0,0.0000,0,0,0,635,0
2709,3.1340,11.5383,0.0050,0.0000,0,0,0.0000,0,0.0000,0,0,0,951,0
2710,3.0552,16.7454,0.0054,0.0000,0,0,0.0000,0,0.0000,0,0,0,1548,0
2711,2.9733,22.0993,0.0047,0.0000,0,0,0.0000,0,0.0000,0,0,0,1172,0
2712,5.1946,6.6748,0.0065,0.0000,0,0,0.0000,0,0.0000,0,0,0,634,0
2713,3.1340,11.5838,0.0096,0.0000,0,0,0.0000,0,0.0000,0,0,0,874,0
2714,3.0552,16.6854,0.0036,0.0000,0,0,0.0000,0,0.0000,0,0,0,1320,0
2715,2.9733,22.1215,0.0059,0.0000,0,0,0.0000,0,0.0000,0,0,0,1733,0
2716,5.1946,6.5379,0.0058,0.0000,0,0,0.0000,0,0.0000,0,0,0,623,0
2717,3.1340,11.5443,0.0088,0.0000,0,0,0.0000,0,0.0000,0,0,0,816,0
2718,3.0552,16.8560,0.0057,0.0000,0,0,0.0000,0,0.0000,0,0,0,1177,0
2719,2.9733,22.2851,0.0063,0.0000,0,0,0.0000,0,0.0000,0,0,0,706,0
2720,5.1946,6.4721,0.0050,0.0000,0,0,0.0000,0,0.0000,0,0,0,681,0
2721,3.1340,11.6132,0.0057,0.0000,0,0,0.0000,0,0.0000,0,0,0,774,0
2722,3.0552,16.8416,0.0067,0.0000,0,0,0.0000,0,0.0000,0,0,0,1043,0
2723,2.9733,22.1679,0.0048,0.0000,0,0,0.0000,0,0.0000,0,0,0,706,0
2724,5.1946,6.5415,0.0107,0.0000,0,0,0.0000,0,0.0000,0,0,0,640,0
2725,3.1340,11.5330,0.0065,0.0000,0,0,0.0000,0,0.0000,0,0,0,819,0
2726,3.0552,16.8373,0.0058,0.0000,0,0,0.0000,0,0.0000,0,0,0,1589,0
2727,2.9733,22.2890,0.0100,0.0000,0,0,0.0000,0,0.0000,0,0,0,695,0
2728,5.1946,6.3735,0.0043,0.0000,0,0,0.0000,0,0.0000,0,0,0,602,0
2729,3.1340,11.5202,0.0053,0.0000,0,0,0.0000,0,0.0000,0,0,0,721,0
2730,3.0552,16.7732,0.0057,0.0000,0,0,0.0000,0,0.0000,0,0,0,738,0
2731,2.9733,22.0290,0.0041,0.0000,0,0,0.0000,0,0.0000,0,0,0,722,0
2732,5.1946,6.5920,0.0055,0.0000,0,0,0.0000,0,0.0000,0,0,0,599,0
2733,3.1340,11.5537,0.0064,0.0000,0,0,0.0000,0,0.0000,0,0,0,614,0
2734,3.0552,16.5459,0.0048,0.0000,0,0,0.0000,0,0.0000,0,0,0,695,0
2735,2.9733,21.9049,0.0111,0.0000,0,0,0.0000,0,0.0000,0,0,0,912,0
2736,5.1946,6.5833,0.0102,0.0000,0,0,0.0000,0,0.0000,0,0,0,599,0
2737,3.1340,11.6606,0.0037,0.0000,0,0,0.0000,0,0.0000,0,0,0,599,0
2738,3.0552,16.8696,0.0088,0.0000,0,0,0.0000,0,0.0000,0,0,0,695,0
2739,2.9733,22.4119,0.0068,0.0000,0,0,0.0000,0,0.0000,0,0,0,853,0
2740,5.1946,6.4817,0.0039,0.0000,0,0,0.0000,0,0.0000,0,0,0,599,0
2741,3.1340,11.6127,0.0103,0.0000,0,0,0.0000,0,0.0000,0,0,0,599,0
2742,3.0552,16.8452,0.0095,0.0000,0,0,0.0000,0,0.0000,0,0,0,695,0
2743,2.9733,22.1488,0.0048,0.0000,0,0,0.0000,0,0.0000,0,0,0,1381,0
2744,5.1946,6.5071,0.0061,0.0000,0,0,0.0000,0,0.0000,0,0,0,599,0
2745,3.1340,11.4563,0.0022,0.0000,0,0,0.0000,0,0.0000,0,0,0,599,0
2746,3.0552,16.8804,0.0050,0.0000,0,0,0.0000,0,0.0000,0,0,0,752,0
2747,2.9733,22.2978,0.0055,0.0000,0,0,0.0000,0,0.0000,0,0,0,700,0
2748,5.1946,6.3960,0.0037,0.0000,0,0,0.0000,0,0.0000,0,0,0,599,0
2749,3.1340,11.5339,0.0049,0.0000,0,0,0.0000,0,0.0000,0,0,0,599,0
2750,3.0552,16.8629,0.0400,0.0000,0,0,0.0000,0,0.0000,0,0,0,706,0
2751,2.9733,22.1950,0.0031,0.0000,0,0,0.0000,0,0.0000,0,0,0,695,0
2752,5.1946,6.6437,0.0094,0.0000,0,0,0.0000,0,0.0000,0,0,0,599,0
2753,3.1340,11.5852,0.0053,0.0000,0,0,0.0000,0,0.0000,0,0,0,599,0
2754,3.0552,16.8443,0.0044,0.0000,0,0,0.0000,0,0.0000,0,0,0,931,0
2755,2.9733,22.2115,0.0059,0.0000,0,0,0.0000,0,0.0000,0,0,0,701,0
2756,5.1946,6.5365,0.0058,0.0000,0,0,0.0000,0,0.0000,0,0,0,599,0
2757,3.1340,11.5681,0.0040,0.0000,0,0,0.0000,0,0.0000,0,0,0,599,0
2758,3.0552,16.9837,0.0094,0.0000,0,0,0.0000,0,0.0000,0,0,0,795,0
2759,2.9733,22.4190,0.0053,0.0000,0,0,0.0000,0,0.0000,0,0,0,703,0
2760,5.1946,6.7089,0.0203,0.0000,0,0,0.0000,0,0.0000,0,0,0,599,0
2761,3.1340,11.5230,0.0058,0.0000,0,0,0.0000,0,0.0000,0,0,0,599,0
2762,3.0552,16.8630,0.0045,0.0000,0,0,0.0000,0,0.0000,0,0,0,786,0
2763,2.9733,22.1868,0.0052,0.0000,0,0,0.0000,0,0.0000,0,0,0,799,0
2764,5.1946,6.4273,0.0050,0.0000,0,0,0.0000,0,0.0000,0,0,0,599,0
2765,3.1340,11.3257,0.0046,0.0000,0,0,0.0000,0,0.0000,0,0,0,599,0
2766,3.0552,16.7076,0.0083,0.0000,0,0,0.0000,0,0.0000,0,0,0,764,0
2767,2.9733,22.2112,0.0057,0.0000,0,0,0.0000,0,0.0000,0,0,0,780,0
2768,5.1946,6.4931,0.0045,0.0000,0,0,0.0000,0,0.0000,0,0,0,599,0
2769,3.1340,11.4847,0.0057,0.0000,0,0,0.0000,0,0.0000,0,0,0,599,0
2770,3.0552,16.8128,0.0101,0.0000,0,0,0.0000,0,0.0000,0,0,0,1139,0
2771,2.9733,22.0778,0.0040,0.0000,0,0,0.0000,0,0.0000,0,0,0,1021,0
2772,5.1946,6.6780,0.0055,0.0000,0,0,0.0000,0,0.0000,0,0,0,599,0
2773,3.1340,11.5646,0.0060,0.0000,0,0,0.0000,0,0.0000,0,0,0,599,0
2774,3.0552,16.7323,0.0068,0.0000,0,0,0.0000,0,0.0000,0,0,0,695,0
2775,2.9733,22.0590,0.0060,0.0000,0,0,0.0000,0,0.0000,0,0,0,695,0
2776,5.1946,6.6367,0.0053,0.0000,0,0,0.0000,0,0.0000,0,0,0,599,0
2777,3.1340,11.4213,0.0040,0.0000,0,0,0.0000,0,0.0000,0,0,0,599,0
2778,3.0552,16.5246,0.0094,0.0000,0,0,0.0000,0,0.0000,0,0,0,695,0
2779,2.9733,21.9583,0.0029,0.0000,0,0,0.0000,0,0.0000,0,0,0,695,0
2780,5.1946,6.7027,0.0058,0.0000,0,0,0.0000,0,0.0000,0,0,0,599,0
2781,3.1340,11.5564,0.0060,0.0000,0,0,0.0000,0,0.0000,0,0,0,599,0
2782,3.0552,16.6940,0.0030,0.0000,0,0,0.0000,0,0.0000,0,0,0,695,0
2783,2.9733,22.1175,0.0051,0.0000,0,0,0.0000,0,0.0000,0,0,0,695,0
2784,5.1946,6.5132,0.0099,0.0000,0,0,0.0000,0,0.0000,0,0,0,599,0
2785,3.1340,11.4160,0.0033,0.0000,0,0,0.0000,0,0.0000,0,0,0,599,0
2786,3.0552,16.7696,0.0057,0.0000,0,0,0.0000,0,0.0000,0,0,0,695,0
2787,2.9733,22.1915,0.0065,0.0000,0,0,0.0000,0,0.0000,0,0,0,695,0
2788,5.1946,6.4736,0.0042,0.0000,0,0,0.0000,0,0.0000,0,0,0,599,0
2789,3.1340,11.5370,0.0058,0.0000,0,0,0.0000,0,0.0000,0,0,0,599,0
2790,3.0552,16.8650,0.0063,0.0000,0,0,0.0000,0,0.0000,0,0,0,724,0
2791,2.9733,22.2220,0.0041,0.0000,0,0,0.0000,0,0.0000,0,0,0,746,0
2792,5.1946,6.7571,0.0062,0.0000,0,0,0.0000,0,0.0000,0,0,0,599,0
2793,3.1340,11.5237,0.0051,0.0000,0,0,0.0000,0,0.0000,0,0,0,599,0
2794,3.0552,16.7043,0.0037,0.0000,0,0,0.0000,0,0.0000,0,0,0,695,0
2795,2.9733,22.1258,0.0067,0.0000,0,0,0.0000,0,0.0000,0,0,0,712,0
2796,5.1946,6.6121,0.0067,0.0000,0,0,0.0000,0,0.0000,0,0,0,599,0
2797,3.1340,11.5913,0.0044,0.0000,0,0,0.0000,0,0.0000,0,0,0,599,0
2798,3.0552,16.8051,0.0060,0.0000,0,0,0.0000,0,0.0000,0,0,0,756,0
2799,2.9733,22.0310,0.0044,0.0000,0,0,0.0000,0,0.0000,0,0,0,812,0
2800,5.1946,6.3519,0.0044,0.0000,0,0,0.0000,0,0.0000,0,0,0,599,0
2801,3.1340,11.5653,0.0051,0.0000,0,0,0.0000,0,0.0000,0,0,0,599,0
2802,3.0552,16.6774,0.0034,0.0000,0,0,0.0000,0,0.0000,0,0,0,749,0
2803,2.9733,22.0802,0.0022,0.0000,0,0,0.0000,0,0.0000,0,0,0,734,0
2804,5.1946,6.2479,0.0048,0.0000,0,0,0.0000,0,0.0000,0,0,0,599,0
2805,3.1340,11.3858,0.0021,0.0000,0,0,0.0000,0,0.0000,0,0,0,599,0
2806,3.0552,16.7429,0.0050,0.0000,0,0,0.0000,0,0.0000,0,0,0,715,0
2807,2.9733,22.0418,0.0023,0.0000,0,0,0.0000,0,0.0000,0,0,0,695,0
2808,5.1946,6.3754,0.0043,0.0000,0,0,0.0000,0,0.0000,0,0,0,599,0
2809,3.1340,11.4915,0.0038,0.0000,0,0,0.0000,0,0.0000,0,0,0,599,0
2810,3.0552,16.7597,0.0045,0.0000,0,0,0.0000,0,0.0000,0,0,0,709,0
2811,2.9733,22.1060,0.0037,0.0000,0,0,0.0000,0,0.0000,0,0,0,695,0
2812,5.1946,6.3197,0.0049,0.0000,0,0,0.0000,0,0.0000,0,0,0,599,0
2813,3.1340,11.5633,0.0051,0.0000,0,0,0.0000,0,0.0000,0,0,0,599,0
2814,3.0552,16.8373,0.0040,0.0000,0,0,0.0000,0,0.0000,0,0,0,863,0
2815,2.9733,22.4198,0.0055,0.0000,0,0,0.0000,0,0.0000,0,0,0,702,0
2816,5.1946,6.4535,0.0043,0.0000,0,0,0.0000,0,0.0000,0,0,0,599,0
2817,3.1340,11.4489,0.0045,0.0000,0,0,0.0000,0,0.0000,0,0,0,599,0
2818,3.0552,16.5291,0.0048,0.0000,0,0,0.0000,0,0.0000,0,0,0,695,0
2819,2.9733,21.7199,0.0049,0.0000,0,0,0.0000,0,0.0000,0,0,0,743,0
2820,5.1946,6.5412,0.0061,0.0000,0,0,0.0000,0,0.0000,0,0,0,599,0
2821,3.1340,11.5905,0.0050,0.0000,0,0,0.0000,0,0.0000,0,0,0,599,0
2822,3.0552,16.8509,0.0032,0.0000,0,0,0.0000,0,0.0000,0,0,0,695,0
2823,2.9733,22.4125,0.0100,0.0000,0,0,0.0000,0,0.0000,0,0,0,738,0
2824,5.1946,6.4293,0.0046,0.0000,0,0,0.0000,0,0.0000,0,0,0,599,0
2825,3.1340,11.4464,0.0028,0.0000,0,0,0.0000,0,0.0000,0,0,0,599,0
2826,3.0552,16.7623,0.0049,0.0000,0,0,0.0000,0,0.0000,0,0,0,695,0
2827,2.9733,22.0465,0.0046,0.0000,0,0,0.0000,0,0.0000,0,0,0,788,0
2828,5.1946,6.4366,0.0043,0.0000,0,0,0.0000,0,0.0000,0,0,0,599,0
2829,3.1340,11.5770,0.0086,0.0000,0,0,0.0000,0,0.0000,0,0,0,599,0
2830,3.0552,16.8619,0.0050,0.0000,0,0,0.0000,0,0.0000,0,0,0,695,0
2831,2.9733,22.2667,0.0050,0.0000,0,0,0.0000,0,0.0000,0,0,0,695,0
2832,5.1946,6.5878,0.0060,0.0000,0,0,0.0000,0,0.0000,0,0,0,599,0
2833,3.1340,11.5887,0.0052,0.0000,0,0,0.0000,0,0.0000,0,0,0,599,0
2834,3.0552,16.8870,0.0046,0.0000,0,0,0.0000,0,0.0000,0,0,0,695,0
2835,2.9733,22.1685,0.0054,0.0000,0,0,0.0000,0,0.0000,0,0,0,695,0
2836,5.1946,6.4202,0.0059,0.0000,0,0,0.0000,0,0.0000,0,0,0,599,0
2837,3.1340,11.5008,0.0052,0.0000,0,0,0.0000,0,0.0000,0,0,0,599,0
2838,3.0552,16.8392,0.0051,0.0000,0,0,0.0000,0,0.0000,0,0,0,695,0
2839,2.9733,22.0002,0.0061,0.0000,0,0,0.0000,0,0.0000,0,0,0,705,0
2840,5.1946,6.3720,0.0051,0.0000,0,0,0.0000,0,0.0000,0,0,0,599,0
2841,3.1340,11.4582,0.0045,0.0000,0,0,0.0000,0,0.0000,0,0,0,599,0
2842,3.0552,16.7705,0.0027,0.0000,0,0,0.0000,0,0.0000,0,0,0,706,0
2843,2.9733,22.2295,0.0053,0.0000,0,0,0.0000,0,0.0000,0,0,0,725,0
2844,5.1946,6.3743,0.0050,0.0000,0,0,0.0000,0,0.0000,0,0,0,599,0
2845,3.1340,11.4455,0.0043,0.0000,0,0,0.0000,0,0.0000,0,0,0,599,0
2846,3.0552,16.7947,0.0189,0.0000,0,0,0.0000,0,0.0000,0,0,0,714,0
2847,2.9733,22.0791,0.0051,0.0000,0,0,0.0000,0,0.0000,0,0,0,746,0
2848,5.1946,6.3800,0.0040,0.0000,0,0,0.0000,0,0.0000,0,0,0,599,0
2849,3.1340,11.5915,0.0057,0.0000,0,0,0.0000,0,0.0000,0,0,0,599,0
2850,3.0552,16.8726,0.0049,0.0000,0,0,0.0000,0,0.0000,0,0,0,697,0
2851,2.9733,22.3600,0.0100,0.0000,0,0,0.0000,0,0.0000,0,0,0,721,0
2852,5.1946,6.6132,0.0266,0.0000,0,0,0.0000,0,0.0000,0,0,0,599,0
2853,3.1340,11.4772,0.0047,0.0000,0,0,0.0000,0,0.0000,0,0,0,599,0
2854,3.0552,16.7493,0.0054,0.0000,0,0,0.0000,0,0.0000,0,0,0,695,0
2855,2.9733,21.9245,0.0048,0.0000,0,0,0.0000,0,0.0000,0,0,0,758,0
2856,5.1946,6.2443,0.0032,0.0000,0,0,0.0000,0,0.0000,0,0,0,599,0
2857,3.1340,11.4699,0.0039,0.0000,0,0,0.0000,0,0.0000,0,0,0,599,0
2858,3.0552,16.8698,0.0042,0.0000,0,0,0.0000,0,0.0000,0,0,0,781,0
2859,2.9733,22.3304,0.0053,0.0000,0,0,0.0000,0,0.0000,0,0,0,695,0
2860,5.1946,6.4820,0.0101,0.0000,0,0,0.0000,0,0.0000,0,0,0,599,0
2861,3.1340,11.6087,0.0105,0.0000,0,0,0.0000,0,0.0000,0,0,0,599,0
2862,3.0552,16.9071,0.0047,0.0000,0,0,0.0000,0,0.0000,0,0,0,695,0
2863,2.9733,22.4295,0.0062,0.0000,0,0,0.0000,0,0.0000,0,0,0,695,0
2864,5.1946,6.4798,0.0052,0.0000,0,0,0.0000,0,0.0000,0,0,0,599,0
2865,3.1340,11.4795,0.0034,0.0000,0,0,0.0000,0,0.0000,0,0,0,599,0
2866,3.0552,16.8392,0.0059,0.0000,0,0,0.0000,0,0.0000,0,0,0,695,0
2867,2.9733,22.1530,0.0063,0.0000,0,0,0.0000,0,0.0000,0,0,0,695,0
2868,5.1946,6.4892,0.0039,0.0000,0,0,0.0000,0,0.0000,0,0,0,599,0
2869,3.1340,11.6014,0.0059,0.0000,0,0,0.0000,0,0.0000,0,0,0,599,0
2870,3.0552,16.9305,0.0044,0.0000,0,0,0.0000,0,0.0000,0,0,0,695,0
2871,2.9733,22.2603,0.0048,0.0000,0,0,0.0000,0,0.0000,0,0,0,695,0
2872,5.1946,6.3850,0.0035,0.0000,0,0,0.0000,0,0.0000,0,0,0,599,0
2873,3.1340,11.4838,0.0046,0.0000,0,0,0.0000,0,0.0000,0,0,0,599,0
2874,3.0552,16.8865,0.0036,0.0000,0,0,0.0000,0,0.0000,0,0,0,695,0
2875,2.9733,22.2890,0.0046,0.0000,0,0,0.0000,0,0.0000,0,0,0,716,0
2876,5.1946,6.4898,0.0035,0.0000,0,0,0.0000,0,0.0000,0,0,0,599,0
2877,3.1340,11.5275,0.0052,0.0000,0,0,0.0000,0,0.0000,0,0,0,599,0
2878,3.0552,16.7962,0.0105,0.0000,0,0,0.0000,0,0.0000,0,0,0,695,0
2879,2.9733,22.1481,0.0030,0.0000,0,0,0.0000,0,0.0000,0,0,0,707,0
2880,5.1946,19.4461,0.0117,0.0000,0,0,0.0000,0,0.0000,0,1,0,60271,0
2881,3.1340,17.5622,0.0083,0.0000,0,0,0.0000,0,0.0000,0,1,0,43482,0
2882,3.0552,16.4526,0.0064,0.0000,0,0,0.0000,0,0.0000,0,1,0,59828,0
2883,2.9733,16.8898,0.0105,0.0000,0,0,0.0000,0,0.0000,0,1,0,68126,0
2884,5.1946,5.9742,0.0039,0.0000,0,0,0.0000,0,0.0000,0,0,0,15967,0
2885,3.1340,11.3732,0.0018,0.0000,0,0,0.0000,0,0.0000,0,0,0,14199,0
2886,3.0552,16.8320,0.0048,0.0000,0,0,0.0000,0,0.0000,0,0,0,17643,0
2887,2.9733,22.3241,0.0033,0.0000,0,0,0.0000,0,0.0000,0,0,0,14303,0
2888,5.1946,6.0753,0.0015,0.0000,0,0,0.0000,0,0.0000,0,0,0,6175,0
2889,3.1340,11.3159,0.0017,0.0000,0,0,0.0000,0,0.0000,0,0,0,5501,0
2890,3.0552,16.7978,0.0022,0.0000,0,0,0.0000,0,0.0000,0,0,0,8663,0
2891,2.9733,22.3267,0.0014,0.0000,0,0,0.0000,0,0.0000,0,0,0,6869,0
2892,5.1946,6.1488,0.0076,0.0000,0,0,0.0000,0,0.0000,0,0,0,12054,0
2893,3.1340,11.4824,0.0022,0.0000,0,0,0.0000,0,0.0000,0,0,0,15189,0
2894,3.0552,16.9703,0.0022,0.0000,0,0,0.0000,0,0.0000,0,0,0,14797,0
2895,2.9733,22.5715,0.0069,0.0000,0,0,0.0000,0,0.0000,0,0,0,11135,0
2896,5.1946,6.1983,0.0030,0.0000,0,0,0.0000,0,0.0000,0,0,0,19327,0
2897,3.1340,11.4440,0.0025,0.0000,0,0,0.0000,0,0.0000,0,0,0,15140,0
2898,3.0552,16.9135,0.0035,0.0000,0,0,0.0000,0,0.0000,0,0,0,16878,0
2899,2.9733,22.3803,0.0027,0.0000,0,0,0.0000,0,0.0000,0,0,0,17362,0
2900,5.1946,6.1836,0.0021,0.0000,0,0,0.0000,0,0.0000,0,0,0,10956,0
2901,3.1340,11.4410,0.0033,0.0000,0,0,0.0000,0,0.0000,0,0,0,9351,0
2902,3.0552,16.8225,0.0021,0.0000,0,0,0.0000,0,0.0000,0,0,0,9754,0
2903,2.9733,22.3894,0.0029,0.0000,0,0,0.0000,0,0.0000,0,0,0,17542,0
2904,5.1946,6.1828,0.0042,0.0000,0,0,0.0000,0,0.0000,0,0,0,5031,0
2905,3.1340,11.4384,0.0016,0.0000,0,0,0.0000,0,0.0000,0,0,0,4635,0
2906,3.0552,16.8139,0.0019,0.0000,0,0,0.0000,0,0.0000,0,0,0,6836,0
2907,2.9733,22.2832,0.0040,0.0000,0,0,0.0000,0,0.0000,0,0,0,5769,0
2908,5.1946,6.1990,0.0028,0.0000,0,0,0.0000,0,0.0000,0,0,0,3913,0
2909,3.1340,11.4785,0.0019,0.0000,0,0,0.0000,0,0.0000,0,0,0,2919,0
2910,3.0552,16.9647,0.0052,0.0000,0,0,0.0000,0,0.0000,0,0,0,3234,0
2911,2.9733,22.4793,0.0020,0.0000,0,0,0.0000,0,0.0000,0,0,0,3051,0
2912,5.1946,6.2025,0.0030,0.0000,0,0,0.0000,0,0.0000,0,0,0,3192,0
2913,3.1340,11.4503,0.0041,0.0000,0,0,0.0000,0,0.0000,0,0,0,2362,0
2914,3.0552,16.7834,0.0020,0.0000,0,0,0.0000,0,0.0000,0,0,0,2230,0
2915,2.9733,22.2725,0.0023,0.0000,0,0,0.0000,0,0.0000,0,0,0,2863,0
2916,5.1946,6.3348,0.0033,0.0000,0,0,0.0000,0,0.0000,0,0,0,3165,0
2917,3.1340,11.4916,0.0023,0.0000,0,0,0.0000,0,0.0000,0,0,0,2416,0
2918,3.0552,16.7551,0.0051,0.0000,0,0,0.0000,0,0.0000,0,0,0,2408,0
2919,2.9733,22.0198,0.0034,0.0000,0,0,0.0000,0,0.0000,0,0,0,2470,0
2920,5.1946,6.3270,0.0025,0.0000,0,0,0.0000,0,0.0000,0,0,0,2454,0
2921,3.1340,11.4533,0.0044,0.0000,0,0,0.0000,0,0.0000,0,0,0,1491,0
2922,3.0552,16.7224,0.0020,0.0000,0,0,0.0000,0,0.0000,0,0,0,870,0
2923,2.9733,22.2185,0.0098,0.0000,0,0,0.0000,0,0.0000,0,0,0,2369,0
2924,5.1946,6.4344,0.0055,0.0000,0,0,0.0000,0,0.0000,0,0,0,1462,0
2925,3.1340,11.4489,0.0023,0.0000,0,0,0.0000,0,0.0000,0,0,0,1285,0
2926,3.0552,16.8845,0.0052,0.0000,0,0,0.0000,0,0.0000,0,0,0,699,0
2927,2.9733,22.2777,0.0056,0.0000,0,0,0.0000,0,0.0000,0,0,0,1409,0
2928,5.1946,6.3418,0.0044,0.0000,0,0,0.0000,0,0.0000,0,0,0,1319,0
2929,3.1340,11.4977,0.0062,0.0000,0,0,0.0000,0,0.0000,0,0,0,1143,0
2930,3.0552,16.7809,0.0047,0.0000,0,0,0.0000,0,0.0000,0,0,0,695,0
2931,2.9733,22.1142,0.0045,0.0000,0,0,0.0000,0,0.0000,0,0,0,1718,0
2932,5.1946,6.4742,0.0058,0.0000,0,0,0.0000,0,0.0000,0,0,0,1127,0
2933,3.1340,11.5098,0.0047,0.0000,0,0,0.0000,0,0.0000,0,0,0,972,0
2934,3.0552,16.8281,0.0036,0.0000,0,0,0.0000,0,0.0000,0,0,0,702,0
2935,2.9733,22.3785,0.0045,0.0000,0,0,0.0000,0,0.0000,0,0,0,729,0
2936,5.1946,6.5596,0.0085,0.0000,0,0,0.0000,0,0.0000,0,0,0,1059,0
2937,3.1340,11.5973,0.0057,0.0000,0,0,0.0000,0,0.0000,0,0,0,873,0
2938,3.0552,16.3799,0.0059,0.0000,0,0,0.0000,0,0.0000,0,0,0,749,0
2939,2.9733,20.7918,0.0052,0.0000,0,0,0.0000,0,0.0000,0,0,0,695,0
2940,5.1946,6.5010,0.0108,0.0000,0,0,0.0000,0,0.0000,0,0,0,947,0
2941,3.1340,11.6162,0.0060,0.0000,0,0,0.0000,0,0.0000,0,0,0,793,0
2942,3.0552,16.9770,0.0051,0.0000,0,0,0.0000,0,0.0000,0,0,0,712,0
2943,2.9733,22.4882,0.0243,0.0000,0,0,0.0000,0,0.0000,0,0,0,726,0
2944,5.1946,6.5615,0.0050,0.0000,0,0,0.0000,0,0.0000,0,0,0,875,0
2945,3.1340,11.4675,0.0079,0.0000,0,0,0.0000,0,0.0000,0,0,0,748,0
2946,3.0552,16.7445,0.0048,0.0000,0,0,0.0000,0,0.0000,0,0,0,896,0
2947,2.9733,22.0171,0.0051,0.0000,0,0,0.0000,0,0.0000,0,0,0,793,0
2948,5.1946,6.4661,0.0086,0.0000,0,0,0.0000,0,0.0000,0,0,0,790,0
2949,3.1340,11.6653,0.0072,0.0000,0,0,0.0000,0,0.0000,0,0,0,759,0
2950,3.0552,16.8414,0.0045,0.0000,0,0,0.0000,0,0.0000,0,0,0,819,0
2951,2.9733,22.1580,0.0022,0.0000,0,0,0.0000,0,0.0000,0,0,0,1103,0
2952,5.1946,6.2477,0.0042,0.0000,0,0,0.0000,0,0.0000,0,0,0,729,0
2953,3.1340,11.5179,0.0031,0.0000,0,0,0.0000,0,0.0000,0,0,0,770,0
2954,3.0552,16.8718,0.0025,0.0000,0,0,0.0000,0,0.0000,0,0,0,832,0
2955,2.9733,22.3738,0.0041,0.0000,0,0,0.0000,0,0.0000,0,0,0,980,0
2956,5.1946,6.2792,0.0037,0.0000,0,0,0.0000,0,0.0000,0,0,0,695,0
2957,3.1340,11.4287,0.0021,0.0000,0,0,0.0000,0,0.0000,0,0,0,678,0
2958,3.0552,16.8278,0.0055,0.0000,0,0,0.0000,0,0.0000,0,0,0,774,0
2959,2.9733,22.0870,0.0025,0.0000,0,0,0.0000,0,0.0000,0,0,0,1479,0
2960,5.1946,6.3636,0.0042,0.0000,0,0,0.0000,0,0.0000,0,0,0,655,0
2961,3.1340,11.4920,0.0052,0.0000,0,0,0.0000,0,0.0000,0,0,0,665,0
2962,3.0552,16.6667,0.0027,0.0000,0,0,0.0000,0,0.0000,0,0,0,1157,0
2963,2.9733,22.2375,0.0055,0.0000,0,0,0.0000,0,0.0000,0,0,0,711,0
2964,5.1946,6.5330,0.0043,0.0000,0,0,0.0000,0,0.0000,0,0,0,655,0
2965,3.1340,11.4586,0.0066,0.0000,0,0,0.0000,0,0.0000,0,0,0,614,0
2966,3.0552,16.9447,0.0047,0.0000,0,0,0.0000,0,0.0000,0,0,0,713,0
2967,2.9733,22.4863,0.0091,0.0000,0,0,0.0000,0,0.0000,0,0,0,695,0
2968,5.1946,6.4245,0.0032,0.0000,0,0,0.0000,0,0.0000,0,0,0,646,0
2969,3.1340,11.5249,0.0053,0.0000,0,0,0.0000,0,0.0000,0,0,0,599,0
2970,3.0552,16.8535,0.0088,0.0000,0,0,0.0000,0,0.0000,0,0,0,695,0
2971,2.9733,22.0748,0.0036,0.0000,0,0,0.0000,0,0.0000,0,0,0,701,0
2972,5.1946,6.5965,0.0055,0.0000,0,0,0.0000,0,0.0000,0,0,0,645,0
2973,3.1340,11.6323,0.0057,0.0000,0,0,0.0000,0,0.0000,0,0,0,599,0
2974,3.0552,16.9249,0.0042,0.0000,0,0,0.0000,0,0.0000,0,0,0,695,0
2975,2.9733,22.4310,0.0073,0.0000,0,0,0.0000,0,0.0000,0,0,0,751,0
2976,5.1946,6.6355,0.0063,0.0000,0,0,0.0000,0,0.0000,0,0,0,634,0
2977,3.1340,11.5235,0.0053,0.0000,0,0,0.0000,0,0.0000,0,0,0,599,0
2978,3.0552,16.4787,0.0066,0.0000,0,0,0.0000,0,0.0000,0,0,0,707,0
2979,2.9733,21.5849,0.0059,0.0000,0,0,0.0000,0,0.0000,0,0,0,871,0
2980,5.1946,6.5729,0.0054,0.0000,0,0,0.0000,0,0.0000,0,0,0,636,0
2981,3.1340,11.5256,0.0056,0.0000,0,0,0.0000,0,0.0000,0,0,0,599,0
2982,3.0552,16.6484,0.0056,0.0000,0,0,0.0000,0,0.0000,0,0,0,745,0
2983,2.9733,21.9308,0.0053,0.0000,0,0,0.0000,0,0.0000,0,0,0,814,0
2984,5.1946,6.5620,0.0064,0.0000,0,0,0.0000,0,0.0000,0,0,0,649,0
2985,3.1340,11.4929,0.0046,0.0000,0,0,0.0000,0,0.0000,0,0,0,599,0
2986,3.0552,16.7759,0.0054,0.0000,0,0,0.0000,0,0.0000,0,0,0,728,0
2987,2.9733,22.1021,0.0068,0.0000,0,0,0.0000,0,0.0000,0,0,0,1064,0
2988,5.1946,6.6258,0.0052,0.0000,0,0,0.0000,0,0.0000,0,0,0,662,0
2989,3.1340,11.6073,0.0053,0.0000,0,0,0.0000,0,0.0000,0,0,0,599,0
2990,3.0552,16.8032,0.0063,0.0000,0,0,0.0000,0,0.0000,0,0,0,831,0
2991,2.9733,22.1101,0.0034,0.0000,0,0,0.0000,0,0.0000,0,0,0,701,0
2992,5.1946,6.5162,0.0058,0.0000,0,0,0.0000,0,0.0000,0,0,0,624,0
2993,3.1340,11.5325,0.0050,0.0000,0,0,0.0000,0,0.0000,0,0,0,599,0
2994,3.0552,16.7431,0.0041,0.0000,0,0,0.0000,0,0.0000,0,0,0,736,0
2995,2.9733,22.0263,0.0060,0.0000,0,0,0.0000,0,0.0000,0,0,0,695,0
2996,5.1946,6.5626,0.0055,0.0000,0,0,0.0000,0,0.0000,0,0,0,610,0
2997,3.1340,11.5091,0.0057,0.0000,0,0,0.0000,0,0.0000,0,0,0,599,0
2998,3.0552,16.7875,0.0069,0.0000,0,0,0.0000,0,0.0000,0,0,0,740,0
2999,2.9733,22.0887,0.0053,0.0000,0,0,0.0000,0,0.0000,0,0,0,703,0
3000,5.1946,6.6658,0.0049,0.0000,0,0,0.0000,0,0.0000,0,0,0,599,0
3001,3.1340,11.5214,0.0056,0.0000,0,0,0.0000,0,0.0000,0,0,0,599,0
3002,3.0552,16.6750,0.0050,0.0000,0,0,0.0000,0,0.0000,0,0,0,705,0
3003,2.9733,21.8900,0.0065,0.0000,0,0,0.0000,0,0.0000,0,0,0,731,0
3004,5.1946,6.5294,0.0057,0.0000,0,0,0.0000,0,0.0000,0,0,0,599,0
3005,3.1340,11.5169,0.0042,0.0000,0,0,0.0000,0,0.0000,0,0,0,599,0
3006,3.0552,16.7327,0.0058,0.0000,0,0,0.0000,0,0.0000,0,0,0,888,0
3007,2.9733,22.0860,0.0056,0.0000,0,0,0.0000,0,0.0000,0,0,0,800,0
3008,5.1946,6.3057,0.0035,0.0000,0,0,0.0000,0,0.0000,0,0,0,599,0
3009,3.1340,11.4526,0.0050,0.0000,0,0,0.0000,0,0.0000,0,0,0,599,0
3010,3.0552,16.8635,0.0055,0.0000,0,0,0.0000,0,0.0000,0,0,0,699,0
3011,2.9733,22.2945,0.0047,0.0000,0,0,0.0000,0,0.0000,0,0,0,782,0
3012,5.1946,6.5208,0.0059,0.0000,0,0,0.0000,0,0.0000,0,0,0,599,0
3013,3.1340,11.6735,0.0073,0.0000,0,0,0.0000,0,0.0000,0,0,0,599,0
3014,3.0552,16.8707,0.0046,0.0000,0,0,0.0000,0,0.0000,0,0,0,695,0
3015,2.9733,22.2351,0.0060,0.0000,0,0,0.0000,0,0.0000,0,0,0,929,0
3016,5.1946,6.5904,0.0056,0.0000,0,0,0.0000,0,0.0000,0,0,0,599,0
3017,3.1340,11.4676,0.0065,0.0000,0,0,0.0000,0,0.0000,0,0,0,599,0
3018,3.0552,16.5066,0.0057,0.0000,0,0,0.0000,0,0.0000,0,0,0,695,0
3019,2.9733,21.6388,0.0060,0.0000,0,0,0.0000,0,0.0000,0,0,0,695,0
3020,5.1946,6.4661,0.0056,0.0000,0,0,0.0000,0,0.0000,0,0,0,599,0
3021,3.1340,11.5403,0.0049,0.0000,0,0,0.0000,0,0.0000,0,0,0,599,0
3022,3.0552,16.7897,0.0048,0.0000,0,0,0.0000,0,0.0000,0,0,0,727,0
3023,2.9733,22.3779,0.0055,0.0000,0,0,0.0000,0,0.0000,0,0,0,695,0
3024,5.1946,6.4621,0.0050,0.0000,0,0,0.0000,0,0.0000,0,0,0,599,0
3025,3.1340,11.5809,0.0033,0.0000,0,0,0.0000,0,0.0000,0,0,0,599,0
3026,3.0552,16.8565,0.0043,0.0000,0,0,0.0000,0,0.0000,0,0,0,728,0
3027,2.9733,22.2449,0.0047,0.0000,0,0,0.0000,0,0.0000,0,0,0,699,0
3028,5.1946,6.4970,0.0042,0.0000,0,0,0.0000,0,0.0000,0,0,0,599,0
3029,3.1340,11.5650,0.0048,0.0000,0,0,0.0000,0,0.0000,0,0,0,599,0
3030,3.0552,17.1233,0.0053,0.0000,0,0,0.0000,0,0.0000,0,0,0,705,0
3031,2.9733,22.5950,0.0059,0.0000,0,0,0.0000,0,0.0000,0,0,0,723,0
3032,5.1946,6.7503,0.0059,0.0000,0,0,0.0000,0,0.0000,0,0,0,599,0
3033,3.1340,11.4868,0.0031,0.0000,0,0,0.0000,0,0.0000,0,0,0,599,0
3034,3.0552,16.8523,0.0110,0.0000,0,0,0.0000,0,0.0000,0,0,0,754,0
3035,2.9733,22.1282,0.0073,0.0000,0,0,0.0000,0,0.0000,0,0,0,754,0
3036,5.1946,6.6018,0.0080,0.0000,0,0,0.0000,0,0.0000,0,0,0,599,0
3037,3.1340,11.4214,0.0052,0.0000,0,0,0.0000,0,0.0000,0,0,0,599,0
3038,3.0552,16.6567,0.0055,0.0000,0,0,0.0000,0,0.0000,0,0,0,741,0
3039,2.9733,21.9524,0.0043,0.0000,0,0,0.0000,0,0.0000,0,0,0,712,0
3040,5.1946,6.4787,0.0059,0.0000,0,0,0.0000,0,0.0000,0,0,0,599,0
3041,3.1340,11.4455,0.0046,0.0000,0,0,0.0000,0,0.0000,0,0,0,599,0
3042,3.0552,16.8646,0.0053,0.0000,0,0,0.0000,0,0.0000,0,0,0,734,0
3043,2.9733,22.1846,0.0050,0.0000,0,0,0.0000,0,0.0000,0,0,0,775,0
3044,5.1946,6.5452,0.0044,0.0000,0,0,0.0000,0,0.0000,0,0,0,599,0
3045,3.1340,11.5218,0.0041,0.0000,0,0,0.0000,0,0.0000,0,0,0,599,0
3046,3.0552,15.9467,0.0044,0.0000,0,0,0.0000,0,0.0000,0,0,0,752,0
3047,2.9733,20.6253,0.0048,0.0000,0,0,0.0000,0,0.0000,0,0,0,695,0
3048,5.1946,6.4647,0.0049,0.0000,0,0,0.0000,0,0.0000,0,0,0,599,0
3049,3.1340,11.5708,0.0050,0.0000,0,0,0.0000,0,0.0000,0,0,0,599,0
3050,3.0552,16.8169,0.0043,0.0000,0,0,0.0000,0,0.0000,0,0,0,907,0
3051,2.9733,22.1790,0.0076,0.0000,0,0,0.0000,0,0.0000,0,0,0,695,0
3052,5.1946,6.4736,0.0054,0.0000,0,0,0.0000,0,0.0000,0,0,0,599,0
3053,3.1340,11.4340,0.0027,0.0000,0,0,0.0000,0,0.0000,0,0,0,599,0
3054,3.0552,16.8063,0.0059,0.0000,0,0,0.0000,0,0.0000,0,0,0,704,0
3055,2.9733,22.0587,0.0058,0.0000,0,0,0.0000,0,0.0000,0,0,0,695,0
3056,5.1946,6.4049,0.0040,0.0000,0,0,0.0000,0,0.0000,0,0,0,599,0
3057,3.1340,11.5222,0.0096,0.0000,0,0,0.0000,0,0.0000,0,0,0,599,0
3058,3.0552,16.8573,0.0056,0.0000,0,0,0.0000,0,0.0000,0,0,0,695,0
3059,2.9733,22.2804,0.0045,0.0000,0,0,0.0000,0,0.0000,0,0,0,699,0
3060,5.1946,6.6687,0.0061,0.0000,0,0,0.0000,0,0.0000,0,0,0,599,0
3061,3.1340,11.5815,0.0062,0.0000,0,0,0.0000,0,0.0000,0,0,0,599,0
3062,3.0552,16.8139,0.0042,0.0000,0,0,0.0000,0,0.0000,0,0,0,695,0
3063,2.9733,22.1369,0.0069,0.0000,0,0,0.0000,0,0.0000,0,0,0,723,0
3064,5.1946,6.5540,0.0053,0.0000,0,0,0.0000,0,0.0000,0,0,0,599,0
3065,3.1340,11.4661,0.0073,0.0000,0,0,0.0000,0,0.0000,0,0,0,599,0
3066,3.0552,16.6970,0.0071,0.0000,0,0,0.0000,0,0.0000,0,0,0,695,0
3067,2.9733,22.0862,0.0078,0.0000,0,0,0.0000,0,0.0000,0,0,0,734,0
3068,5.1946,6.6656,0.0058,0.0000,0,0,0.0000,0,0.0000,0,0,0,599,0
3069,3.1340,11.5198,0.0060,0.0000,0,0,0.0000,0,0.0000,0,0,0,599,0
3070,3.0552,16.3351,0.0025,0.0000,0,0,0.0000,0,0.0000,0,0,0,728,0
3071,2.9733,21.7693,0.0050,0.0000,0,0,0.0000,0,0.0000,0,0,0,761,0
3072,5.1946,6.4457,0.0062,0.0000,0,0,0.0000,0,0.0000,0,0,0,599,0
3073,3.1340,11.3935,0.0030,0.0000,0,0,0.0000,0,0.0000,0,0,0,599,0
3074,3.0552,16.6876,0.0045,0.0000,0,0,0.0000,0,0.0000,0,0,0,711,0
3075,2.9733,22.0399,0.0060,0.0000,0,0,0.0000,0,0.0000,0,0,0,695,0
3076,5.1946,6.5080,0.0038,0.0000,0,0,0.0000,0,0.0000,0,0,0,599,0
3077,3.1340,11.4495,0.0050,0.0000,0,0,0.0000,0,0.0000,0,0,0,599,0
3078,3.0552,16.8266,0.0062,0.0000,0,0,0.0000,0,0.0000,0,0,0,817,0
3079,2.9733,22.1542,0.0074,0.0000,0,0,0.0000,0,0.0000,0,0,0,695,0
3080,5.1946,6.5190,0.0051,0.0000,0,0,0.0000,0,0.0000,0,0,0,599,0
3081,3.1340,11.4987,0.0033,0.0000,0,0,0.0000,0,0.0000,0,0,0,599,0
3082,3.0552,16.7998,0.0046,0.0000,0,0,0.0000,0,0.0000,0,0,0,825,0
3083,2.9733,22.2524,0.0067,0.0000,0,0,0.0000,0,0.0000,0,0,0,695,0
3084,5.1946,6.6208,0.0057,0.0000,0,0,0.0000,0,0.0000,0,0,0,599,0
3085,3.1340,11.5754,0.0055,0.0000,0,0,0.0000,0,0.0000,0,0,0,599,0
3086,3.0552,16.8073,0.0094,0.0000,0,0,0.0000,0,0.0000,0,0,0,785,0
3087,2.9733,22.2595,0.0052,0.0000,0,0,0.0000,0,0.0000,0,0,0,706,0
3088,5.1946,6.6851,0.0059,0.0000,0,0,0.0000,0,0.0000,0,0,0,599,0
3089,3.1340,11.4956,0.0056,0.0000,0,0,0.0000,0,0.0000,0,0,0,599,0
3090,3.0552,16.6673,0.0024,0.0000,0,0,0.0000,0,0.0000,0,0,0,755,0
3091,2.9733,22.1976,0.0060,0.0000,0,0,0.0000,0,0.0000,0,0,0,767,0
3092,5.1946,6.5704,0.0103,0.0000,0,0,0.0000,0,0.0000,0,0,0,599,0
3093,3.1340,11.5183,0.0042,0.0000,0,0,0.0000,0,0.0000,0,0,0,599,0
3094,3.0552,16.8033,0.0050,0.0000,0,0,0.0000,0,0.0000,0,0,0,950,0
3095,2.9733,22.2174,0.0107,0.0000,0,0,0.0000,0,0.0000,0,0,0,746,0
3096,5.1946,6.5132,0.0081,0.0000,0,0,0.0000,0,0.0000,0,0,0,599,0
3097,3.1340,11.5561,0.0061,0.0000,0,0,0.0000,0,0.0000,0,0,0,599,0
3098,3.0552,16.8583,0.0068,0.0000,0,0,0.0000,0,0.0000,0,0,0,700,0
3099,2.9733,22.1743,0.0043,0.0000,0,0,0.0000,0,0.0000,0,0,0,799,0
3100,5.1946,6.5561,0.0061,0.0000,0,0,0.0000,0,0.0000,0,0,0,599,0
3101,3.1340,11.5405,0.0027,0.0000,0,0,0.0000,0,0.0000,0,0,0,599,0
3102,3.0552,16.9001,0.0048,0.0000,0,0,0.0000,0,0.0000,0,0,0,697,0
3103,2.9733,22.2438,0.0113,0.0000,0,0,0.0000,0,0.0000,0,0,0,695,0
3104,5.1946,6.5313,0.0045,0.0000,0,0,0.0000,0,0.0000,0,0,0,599,0
3105,3.1340,11.5037,0.0056,0.0000,0,0,0.0000,0,0.0000,0,0,0,599,0
3106,3.0552,16.6727,0.0060,0.0000,0,0,0.0000,0,0.0000,0,0,0,695,0
3107,2.9733,21.9827,0.0044,0.0000,0,0,0.0000,0,0.0000,0,0,0,695,0
3108,5.1946,6.7287,0.0065,0.0000,0,0,0.0000,0,0.0000,0,0,0,599,0
3109,3.1340,11.5634,0.0062,0.0000,0,0,0.0000,0,0.0000,0,0,0,599,0
3110,3.0552,16.7439,0.0037,0.0000,0,0,0.0000,0,0.0000,0,0,0,708,0
3111,2.9733,22.1205,0.0057,0.0000,0,0,0.0000,0,0.0000,0,0,0,695,0
3112,5.1946,6.5747,0.0059,0.0000,0,0,0.0000,0,0.0000,0,0,0,599,0
3113,3.1340,11.4650,0.0040,0.0000,0,0,0.0000,0,0.0000,0,0,0,599,0
3114,3.0552,16.7823,0.0058,0.0000,0,0,0.0000,0,0.0000,0,0,0,715,0
3115,2.9733,22.1565,0.0057,0.0000,0,0,0.0000,0,0.0000,0,0,0,711,0
3116,5.1946,6.5267,0.0042,0.0000,0,0,0.0000,0,0.0000,0,0,0,599,0
3117,3.1340,11.5554,0.0058,0.0000,0,0,0.0000,0,0.0000,0,0,0,599,0
3118,3.0552,16.9588,0.0040,0.0000,0,0,0.0000,0,0.0000,0,0,0,728,0
3119,2.9733,22.3140,0.0058,0.0000,0,0,0.0000,0,0.0000,0,0,0,718,0
3120,5.1946,5.7585,0.0316,0.0000,0,0,0.0000,0,0.0000,0,1,0,105482,0
3121,3.1340,9.6908,0.0177,0.0000,0,0,0.0000,0,0.0000,0,1,0,71919,0
3122,3.0552,14.2915,0.0348,0.0000,0,0,0.0000,0,0.0000,0,1,0,118482,0
3123,2.9733,18.6264,0.0568,0.0000,0,0,0.0000,0,0.0000,0,1,0,121308,0
3124,5.1946,6.6970,0.0078,0.0000,0,0,0.0000,0,0.0000,0,0,0,15863,0
3125,3.1340,11.3780,0.0110,0.0000,0,0,0.0000,0,0.0000,0,0,0,9553,0
3126,3.0552,16.4573,0.0157,0.0000,0,0,0.0000,0,0.0000,0,0,0,18283,0
3127,2.9733,21.3135,0.0127,0.0000,0,0,0.0000,0,0.0000,0,0,0,16957,0
3128,5.1946,6.3639,0.0063,0.0000,0,0,0.0000,0,0.0000,0,0,0,9106,0
3129,3.1340,11.5777,0.0052,0.0000,0,0,0.0000,0,0.0000,0,0,0,3310,0
3130,3.0552,16.8113,0.0075,0.0000,0,0,0.0000,0,0.0000,0,0,0,13242,0
3131,2.9733,22.3186,0.0057,0.0000,0,0,0.0000,0,0.0000,0,0,0,5603,0
3132,5.1946,6.3546,0.0096,0.0000,0,0,0.0000,0,0.0000,0,0,0,7345,0
3133,3.1340,11.4214,0.0035,0.0000,0,0,0.0000,0,0.0000,0,0,0,3453,0
3134,3.0552,16.8192,0.0061,0.0000,0,0,0.0000,0,0.0000,0,0,0,8492,0
3135,2.9733,22.3049,0.0060,0.0000,0,0,0.0000,0,0.0000,0,0,0,5499,0
3136,5.1946,6.3989,0.0073,0.0000,0,0,0.0000,0,0.0000,0,0,0,5064,0
3137,3.1340,11.5835,0.0075,0.0000,0,0,0.0000,0,0.0000,0,0,0,1807,0
3138,3.0552,16.9409,0.0070,0.0000,0,0,0.0000,0,0.0000,0,0,0,7279,0
3139,2.9733,22.3424,0.0060,0.0000,0,0,0.0000,0,0.0000,0,0,0,4910,0
3140,5.1946,6.7689,0.0125,0.0000,0,0,0.0000,0,0.0000,0,0,0,4261,0
3141,3.1340,11.5478,0.0061,0.0000,0,0,0.0000,0,0.0000,0,0,0,1446,0
3142,3.0552,16.6706,0.0071,0.0000,0,0,0.0000,0,0.0000,0,0,0,2044,0
3143,2.9733,21.9160,0.0081,0.0000,0,0,0.0000,0,0.0000,0,0,0,4608,0
3144,5.1946,6.7503,0.0113,0.0000,0,0,0.0000,0,0.0000,0,0,0,3916,0
3145,3.1340,11.4893,0.0056,0.0000,0,0,0.0000,0,0.0000,0,0,0,1368,0
3146,3.0552,16.3195,0.0085,0.0000,0,0,0.0000,0,0.0000,0,0,0,1916,0
3147,2.9733,21.3488,0.0063,0.0000,0,0,0.0000,0,0.0000,0,0,0,4126,0
3148,5.1946,6.4130,0.0053,0.0000,0,0,0.0000,0,0.0000,0,0,0,2949,0
3149,3.1340,11.4370,0.0050,0.0000,0,0,0.0000,0,0.0000,0,0,0,1443,0
3150,3.0552,16.6753,0.0038,0.0000,0,0,0.0000,0,0.0000,0,0,0,2261,0
3151,2.9733,22.0582,0.0054,0.0000,0,0,0.0000,0,0.0000,0,0,0,3675,0
3152,5.1946,6.3845,0.0095,0.0000,0,0,0.0000,0,0.0000,0,0,0,1746,0
3153,3.1340,11.4392,0.0035,0.0000,0,0,0.0000,0,0.0000,0,0,0,1587,0
3154,3.0552,16.8310,0.0050,0.0000,0,0,0.0000,0,0.0000,0,0,0,1787,0
3155,2.9733,22.3003,0.0065,0.0000,0,0,0.0000,0,0.0000,0,0,0,3610,0
3156,5.1946,6.3558,0.0038,0.0000,0,0,0.0000,0,0.0000,0,0,0,1549,0
3157,3.1340,11.4807,0.0056,0.0000,0,0,0.0000,0,0.0000,0,0,0,1578,0
3158,3.0552,16.8594,0.0100,0.0000,0,0,0.0000,0,0.0000,0,0,0,2146,0
3159,2.9733,22.3063,0.0078,0.0000,0,0,0.0000,0,0.0000,0,0,0,1060,0
3160,5.1946,6.4280,0.0047,0.0000,0,0,0.0000,0,0.0000,0,0,0,1191,0
3161,3.1340,11.5126,0.0055,0.0000,0,0,0.0000,0,0.0000,0,0,0,1431,0
3162,3.0552,16.8015,0.0048,0.0000,0,0,0.0000,0,0.0000,0,0,0,1577,0
3163,2.9733,22.2182,0.0057,0.0000,0,0,0.0000,0,0.0000,0,0,0,754,0
3164,5.1946,6.6427,0.0071,0.0000,0,0,0.0000,0,0.0000,0,0,0,1033,0
3165,3.1340,11.5931,0.0101,0.0000,0,0,0.0000,0,0.0000,0,0,0,1325,0
3166,3.0552,16.6439,0.0073,0.0000,0,0,0.0000,0,0.0000,0,0,0,1979,0
3167,2.9733,21.9277,0.0119,0.0000,0,0,0.0000,0,0.0000,0,0,0,835,0
3168,5.1946,6.7858,0.0070,0.0000,0,0,0.0000,0,0.0000,0,0,0,1043,0
3169,3.1340,11.6275,0.0079,0.0000,0,0,0.0000,0,0.0000,0,0,0,1267,0
3170,3.0552,16.6408,0.0043,0.0000,0,0,0.0000,0,0.0000,0,0,0,1429,0
3171,2.9733,22.0274,0.0070,0.0000,0,0,0.0000,0,0.0000,0,0,0,1138,0
3172,5.1946,6.5841,0.0052,0.0000,0,0,0.0000,0,0.0000,0,0,0,846,0
3173,3.1340,11.4297,0.0043,0.0000,0,0,0.0000,0,0.0000,0,0,0,1218,0
3174,3.0552,16.5109,0.0054,0.0000,0,0,0.0000,0,0.0000,0,0,0,1219,0
3175,2.9733,21.7648,0.0059,0.0000,0,0,0.0000,0,0.0000,0,0,0,1728,0
3176,5.1946,6.4490,0.0054,0.0000,0,0,0.0000,0,0.0000,0,0,0,763,0
3177,3.1340,11.5560,0.0057,0.0000,0,0,0.0000,0,0.0000,0,0,0,1111,0
3178,3.0552,16.8367,0.0048,0.0000,0,0,0.0000,0,0.0000,0,0,0,1074,0
3179,2.9733,22.2288,0.0044,0.0000,0,0,0.0000,0,0.0000,0,0,0,1422,0
3180,5.1946,6.3425,0.0041,0.0000,0,0,0.0000,0,0.0000,0,0,0,681,0
3181,3.1340,11.4434,0.0037,0.0000,0,0,0.0000,0,0.0000,0,0,0,1116,0
3182,3.0552,16.9033,0.0080,0.0000,0,0,0.0000,0,0.0000,0,0,0,1772,0
3183,2.9733,22.4068,0.0068,0.0000,0,0,0.0000,0,0.0000,0,0,0,1693,0
3184,5.1946,6.3440,0.0098,0.0000,0,0,0.0000,0,0.0000,0,0,0,635,0
3185,3.1340,11.4781,0.0056,0.0000,0,0,0.0000,0,0.0000,0,0,0,895,0
3186,3.0552,16.7810,0.0055,0.0000,0,0,0.0000,0,0.0000,0,0,0,723,0
3187,2.9733,22.3357,0.0057,0.0000,0,0,0.0000,0,0.0000,0,0,0,714,0
3188,5.1946,6.7760,0.0060,0.0000,0,0,0.0000,0,0.0000,0,0,0,635,0
3189,3.1340,11.5271,0.0105,0.0000,0,0,0.0000,0,0.0000,0,0,0,951,0
3190,3.0552,16.6228,0.0071,0.0000,0,0,0.0000,0,0.0000,0,0,0,695,0
3191,2.9733,21.9468,0.0107,0.0000,0,0,0.0000,0,0.0000,0,0,0,704,0
3192,5.1946,6.7321,0.0048,0.0000,0,0,0.0000,0,0.0000,0,0,0,634,0
3193,3.1340,11.4899,0.0085,0.0000,0,0,0.0000,0,0.0000,0,0,0,874,0
3194,3.0552,16.7499,0.0100,0.0000,0,0,0.0000,0,0.0000,0,0,0,695,0
3195,2.9733,21.8822,0.0051,0.0000,0,0,0.0000,0,0.0000,0,0,0,712,0
3196,5.1946,6.6490,0.0098,0.0000,0,0,0.0000,0,0.0000,0,0,0,623,0
3197,3.1340,11.9828,0.0065,0.0000,0,0,0.0000,0,0.0000,0,0,0,816,0
3198,3.0552,17.0670,0.0053,0.0000,0,0,0.0000,0,0.0000,0,0,0,732,0
3199,2.9733,22.5556,0.0098,0.0000,0,0,0.0000,0,0.0000,0,0,0,790,0
3200,5.1946,6.5587,0.0062,0.0000,0,0,0.0000,0,0.0000,0,0,0,681,0
3201,3.1340,11.5631,0.0034,0.0000,0,0,0.0000,0,0.0000,0,0,0,774,0
3202,3.0552,16.9916,0.0048,0.0000,0,0,0.0000,0,0.0000,0,0,0,806,0
3203,2.9733,22.4106,0.0057,0.0000,0,0,0.0000,0,0.0000,0,0,0,1044,0
3204,5.1946,6.3179,0.0069,0.0000,0,0,0.0000,0,0.0000,0,0,0,640,0
3205,3.1340,11.4737,0.0054,0.0000,0,0,0.0000,0,0.0000,0,0,0,819,0
3206,3.0552,16.9345,0.0054,0.0000,0,0,0.0000,0,0.0000,0,0,0,740,0
3207,2.9733,22.2817,0.0039,0.0000,0,0,0.0000,0,0.0000,0,0,0,871,0
3208,5.1946,6.4272,0.0056,0.0000,0,0,0.0000,0,0.0000,0,0,0,602,0
3209,3.1340,11.6781,0.0068,0.0000,0,0,0.0000,0,0.0000,0,0,0,721,0
3210,3.0552,16.9559,0.0057,0.0000,0,0,0.0000,0,0.0000,0,0,0,1059,0
3211,2.9733,22.4867,0.0075,0.0000,0,0,0.0000,0,0.0000,0,0,0,1253,0
3212,5.1946,6.5954,0.0092,0.0000,0,0,0.0000,0,0.0000,0,0,0,599,0
3213,3.1340,11.6454,0.0056,0.0000,0,0,0.0000,0,0.0000,0,0,0,614,0
3214,3.0552,16.6403,0.0067,0.0000,0,0,0.0000,0,0.0000,0,0,0,928,0
3215,2.9733,21.0763,0.0045,0.0000,0,0,0.0000,0,0.0000,0,0,0,701,0
3216,5.1946,6.5150,0.0059,0.0000,0,0,0.0000,0,0.0000,0,0,0,599,0
3217,3.1340,11.7803,0.0057,0.0000,0,0,0.0000,0,0.0000,0,0,0,599,0
3218,3.0552,16.8956,0.0097,0.0000,0,0,0.0000,0,0.0000,0,0,0,928,0
3219,2.9733,22.3360,0.0095,0.0000,0,0,0.0000,0,0.0000,0,0,0,695,0
3220,5.1946,6.4567,0.0100,0.0000,0,0,0.0000,0,0.0000,0,0,0,599,0
3221,3.1340,11.3945,0.0032,0.0000,0,0,0.0000,0,0.0000,0,0,0,599,0
3222,3.0552,16.4093,0.0091,0.0000,0,0,0.0000,0,0.0000,0,0,0,902,0
3223,2.9733,21.8222,0.0056,0.0000,0,0,0.0000,0,0.0000,0,0,0,701,0
3224,5.1946,6.3742,0.0037,0.0000,0,0,0.0000,0,0.0000,0,0,0,599,0
3225,3.1340,11.4898,0.0050,0.0000,0,0,0.0000,0,0.0000,0,0,0,599,0
3226,3.0552,16.8760,0.0105,0.0000,0,0,0.0000,0,0.0000,0,0,0,1292,0
3227,2.9733,22.2204,0.0039,0.0000,0,0,0.0000,0,0.0000,0,0,0,699,0
3228,5.1946,6.3847,0.0094,0.0000,0,0,0.0000,0,0.0000,0,0,0,599,0
3229,3.1340,11.5215,0.0097,0.0000,0,0,0.0000,0,0.0000,0,0,0,599,0
3230,3.0552,16.8450,0.0077,0.0000,0,0,0.0000,0,0.0000,0,0,0,700,0
3231,2.9733,22.4225,0.0074,0.0000,0,0,0.0000,0,0.0000,0,0,0,789,0
3232,5.1946,6.7935,0.0119,0.0000,0,0,0.0000,0,0.0000,0,0,0,599,0
3233,3.1340,11.6240,0.0061,0.0000,0,0,0.0000,0,0.0000,0,0,0,599,0
3234,3.0552,16.6377,0.0074,0.0000,0,0,0.0000,0,0.0000,0,0,0,695,0
3235,2.9733,21.7521,0.0081,0.0000,0,0,0.0000,0,0.0000,0,0,0,717,0
3236,5.1946,6.8214,0.0111,0.0000,0,0,0.0000,0,0.0000,0,0,0,599,0
3237,3.1340,11.6317,0.0070,0.0000,0,0,0.0000,0,0.0000,0,0,0,599,0
3238,3.0552,16.5170,0.0034,0.0000,0,0,0.0000,0,0.0000,0,0,0,732,0
3239,2.9733,21.9290,0.0100,0.0000,0,0,0.0000,0,0.0000,0,0,0,983,0
3240,5.1946,6.7482,0.0065,0.0000,0,0,0.0000,0,0.0000,0,0,0,599,0
3241,3.1340,11.4419,0.0046,0.0000,0,0,0.0000,0,0.0000,0,0,0,599,0
3242,3.0552,16.7882,0.0106,0.0000,0,0,0.0000,0,0.0000,0,0,0,716,0
3243,2.9733,21.9029,0.0114,0.0000,0,0,0.0000,0,0.0000,0,0,0,701,0
3244,5.1946,6.5297,0.0040,0.0000,0,0,0.0000,0,0.0000,0,0,0,599,0
3245,3.1340,11.6112,0.0103,0.0000,0,0,0.0000,0,0.0000,0,0,0,599,0
3246,3.0552,16.8632,0.0064,0.0000,0,0,0.0000,0,0.0000,0,0,0,801,0
3247,2.9733,22.1918,0.0047,0.0000,0,0,0.0000,0,0.0000,0,0,0,695,0
3248,5.1946,6.6410,0.0098,0.0000,0,0,0.0000,0,0.0000,0,0,0,599,0
3249,3.1340,11.5866,0.0095,0.0000,0,0,0.0000,0,0.0000,0,0,0,599,0
3250,3.0552,16.9129,0.0050,0.0000,0,0,0.0000,0,0.0000,0,0,0,747,0
3251,2.9733,22.2320,0.0065,0.0000,0,0,0.0000,0,0.0000,0,0,0,695,0
3252,5.1946,6.5297,0.0066,0.0000,0,0,0.0000,0,0.0000,0,0,0,599,0
3253,3.1340,11.5571,0.0096,0.0000,0,0,0.0000,0,0.0000,0,0,0,599,0
3254,3.0552,16.7174,0.0096,0.0000,0,0,0.0000,0,0.0000,0,0,0,930,0
3255,2.9733,22.1903,0.0053,0.0000,0,0,0.0000,0,0.0000,0,0,0,712,0
3256,5.1946,6.6063,0.0096,0.0000,0,0,0.0000,0,0.0000,0,0,0,599,0
3257,3.1340,11.5924,0.0055,0.0000,0,0,0.0000,0,0.0000,0,0,0,599,0
3258,3.0552,16.8207,0.0034,0.0000,0,0,0.0000,0,0.0000,0,0,0,767,0
3259,2.9733,22.4434,0.0071,0.0000,0,0,0.0000,0,0.0000,0,0,0,729,0
3260,5.1946,6.4983,0.0062,0.0000,0,0,0.0000,0,0.0000,0,0,0,599,0
3261,3.1340,11.5736,0.0041,0.0000,0,0,0.0000,0,0.0000,0,0,0,599,0
3262,3.0552,16.8715,0.0065,0.0000,0,0,0.0000,0,0.0000,0,0,0,727,0
3263,2.9733,22.2316,0.0113,0.0000,0,0,0.0000,0,0.0000,0,0,0,695,0
3264,5.1946,6.5254,0.0044,0.0000,0,0,0.0000,0,0.0000,0,0,0,599,0
3265,3.1340,11.8437,0.0080,0.0000,0,0,0.0000,0,0.0000,0,0,0,599,0
3266,3.0552,16.8770,0.0115,0.0000,0,0,0.0000,0,0.0000,0,0,0,746,0
3267,2.9733,22.2080,0.0063,0.0000,0,0,0.0000,0,0.0000,0,0,0,821,0
3268,5.1946,6.8835,0.0072,0.0000,0,0,0.0000,0,0.0000,0,0,0,599,0
3269,3.1340,11.4810,0.0033,0.0000,0,0,0.0000,0,0.0000,0,0,0,599,0
3270,3.0552,16.7168,0.0045,0.0000,0,0,0.0000,0,0.0000,0,0,0,1008,0
3271,2.9733,21.9812,0.0104,0.0000,0,0,0.0000,0,0.0000,0,0,0,695,0
3272,5.1946,6.4845,0.0076,0.0000,0,0,0.0000,0,0.0000,0,0,0,599,0
3273,3.1340,11.5382,0.0058,0.0000,0,0,0.0000,0,0.0000,0,0,0,599,0
3274,3.0552,16.8704,0.0065,0.0000,0,0,0.0000,0,0.0000,0,0,0,697,0
3275,2.9733,22.1369,0.0049,0.0000,0,0,0.0000,0,0.0000,0,0,0,695,0
3276,5.1946,6.7252,0.0112,0.0000,0,0,0.0000,0,0.0000,0,0,0,599,0
3277,3.1340,11.5722,0.0062,0.0000,0,0,0.0000,0,0.0000,0,0,0,599,0
3278,3.0552,16.7803,0.0043,0.0000,0,0,0.0000,0,0.0000,0,0,0,695,0
3279,2.9733,22.1451,0.0112,0.0000,0,0,0.0000,0,0.0000,0,0,0,695,0
3280,5.1946,6.5502,0.0104,0.0000,0,0,0.0000,0,0.0000,0,0,0,599,0
3281,3.1340,11.4586,0.0036,0.0000,0,0,0.0000,0,0.0000,0,0,0,599,0
3282,3.0552,16.5470,0.0064,0.0000,0,0,0.0000,0,0.0000,0,0,0,695,0
3283,2.9733,21.9245,0.0089,0.0000,0,0,0.0000,0,0.0000,0,0,0,695,0
3284,5.1946,6.7568,0.0109,0.0000,0,0,0.0000,0,0.0000,0,0,0,599,0
3285,3.1340,11.5542,0.0063,0.0000,0,0,0.0000,0,0.0000,0,0,0,599,0
3286,3.0552,16.0706,0.0024,0.0000,0,0,0.0000,0,0.0000,0,0,0,695,0
3287,2.9733,21.4650,0.0042,0.0000,0,0,0.0000,0,0.0000,0,0,0,718,0
3288,5.1946,6.6472,0.0105,0.0000,0,0,0.0000,0,0.0000,0,0,0,599,0
3289,3.1340,11.4418,0.0028,0.0000,0,0,0.0000,0,0.0000,0,0,0,599,0
3290,3.0552,16.8127,0.0059,0.0000,0,0,0.0000,0,0.0000,0,0,0,705,0
3291,2.9733,22.2802,0.0064,0.0000,0,0,0.0000,0,0.0000,0,0,0,700,0
3292,5.1946,6.5373,0.0055,0.0000,0,0,0.0000,0,0.0000,0,0,0,599,0
3293,3.1340,11.5242,0.0044,0.0000,0,0,0.0000,0,0.0000,0,0,0,599,0
3294,3.0552,16.8185,0.0057,0.0000,0,0,0.0000,0,0.0000,0,0,0,695,0
3295,2.9733,22.1998,0.0033,0.0000,0,0,0.0000,0,0.0000,0,0,0,725,0
3296,5.1946,6.6291,0.0055,0.0000,0,0,0.0000,0,0.0000,0,0,0,599,0
3297,3.1340,11.6701,0.0065,0.0000,0,0,0.0000,0,0.0000,0,0,0,599,0
3298,3.0552,16.8683,0.0070,0.0000,0,0,0.0000,0,0.0000,0,0,0,717,0
3299,2.9733,22.3139,0.0072,0.0000,0,0,0.0000,0,0.0000,0,0,0,695,0
3300,5.1946,6.4807,0.0261,0.0000,0,0,0.0000,0,0.0000,0,0,0,599,0
3301,3.1340,11.5892,0.0056,0.0000,0,0,0.0000,0,0.0000,0,0,0,599,0
3302,3.0552,16.9477,0.0110,0.0000,0,0,0.0000,0,0.0000,0,0,0,720,0
3303,2.9733,22.3131,0.0051,0.0000,0,0,0.0000,0,0.0000,0,0,0,695,0
3304,5.1946,6.4794,0.0093,0.0000,0,0,0.0000,0,0.0000,0,0,0,599,0
3305,3.1340,11.5938,0.0104,0.0000,0,0,0.0000,0,0.0000,0,0,0,599,0
3306,3.0552,16.7123,0.0035,0.0000,0,0,0.0000,0,0.0000,0,0,0,716,0
3307,2.9733,22.2057,0.0057,0.0000,0,0,0.0000,0,0.0000,0,0,0,695,0
3308,5.1946,6.5745,0.0054,0.0000,0,0,0.0000,0,0.0000,0,0,0,599,0
3309,3.1340,11.5363,0.0042,0.0000,0,0,0.0000,0,0.0000,0,0,0,599,0
3310,3.0552,17.0080,0.0105,0.0000,0,0,0.0000,0,0.0000,0,0,0,740,0
3311,2.9733,22.4630,0.0073,0.0000,0,0,0.0000,0,0.0000,0,0,0,695,0
3312,5.1946,6.6371,0.0042,0.0000,0,0,0.0000,0,0.0000,0,0,0,599,0
3313,3.1340,11.6572,0.0107,0.0000,0,0,0.0000,0,0.0000,0,0,0,599,0
3314,3.0552,17.1097,0.0166,0.0000,0,0,0.0000,0,0.0000,0,0,0,836,0
3315,2.9733,22.4232,0.0088,0.0000,0,0,0.0000,0,0.0000,0,0,0,706,0
3316,5.1946,6.5697,0.0102,0.0000,0,0,0.0000,0,0.0000,0,0,0,599,0
3317,3.1340,11.6205,0.0042,0.0000,0,0,0.0000,0,0.0000,0,0,0,599,0
3318,3.0552,16.9587,0.0095,0.0000,0,0,0.0000,0,0.0000,0,0,0,695,0
3319,2.9733,22.2616,0.0070,0.0000,0,0,0.0000,0,0.0000,0,0,0,701,0
3320,5.1946,6.4056,0.0037,0.0000,0,0,0.0000,0,0.0000,0,0,0,599,0
3321,3.1340,11.5256,0.0097,0.0000,0,0,0.0000,0,0.0000,0,0,0,599,0
3322,3.0552,16.8329,0.0235,0.0000,0,0,0.0000,0,0.0000,0,0,0,695,0
3323,2.9733,22.0328,0.0030,0.0000,0,0,0.0000,0,0.0000,0,0,0,699,0
3324,5.1946,6.7192,0.0103,0.0000,0,0,0.0000,0,0.0000,0,0,0,599,0
3325,3.1340,11.5109,0.0099,0.0000,0,0,0.0000,0,0.0000,0,0,0,599,0
3326,3.0552,16.7051,0.0027,0.0000,0,0,0.0000,0,0.0000,0,0,0,695,0
3327,2.9733,22.1106,0.0054,0.0000,0,0,0.0000,0,0.0000,0,0,0,695,0
3328,5.1946,6.5219,0.0063,0.0000,0,0,0.0000,0,0.0000,0,0,0,599,0
3329,3.1340,11.4113,0.0073,0.0000,0,0,0.0000,0,0.0000,0,0,0,599,0
3330,3.0552,16.5955,0.0046,0.0000,0,0,0.0000,0,0.0000,0,0,0,695,0
3331,2.9733,22.0604,0.0070,0.0000,0,0,0.0000,0,0.0000,0,0,0,695,0
3332,5.1946,6.4981,0.0040,0.0000,0,0,0.0000,0,0.0000,0,0,0,599,0
3333,3.1340,11.5154,0.0065,0.0000,0,0,0.0000,0,0.0000,0,0,0,599,0
3334,3.0552,16.7246,0.0020,0.0000,0,0,0.0000,0,0.0000,0,0,0,704,0
3335,2.9733,22.1976,0.0084,0.0000,0,0,0.0000,0,0.0000,0,0,0,695,0
3336,5.1946,6.5922,0.0098,0.0000,0,0,0.0000,0,0.0000,0,0,0,599,0
3337,3.1340,11.4479,0.0029,0.0000,0,0,0.0000,0,0.0000,0,0,0,599,0
3338,3.0552,16.9052,0.0051,0.0000,0,0,0.0000,0,0.0000,0,0,0,708,0
3339,2.9733,22.3705,0.0069,0.0000,0,0,0.0000,0,0.0000,0,0,0,695,0
3340,5.1946,6.5855,0.0054,0.0000,0,0,0.0000,0,0.0000,0,0,0,599,0
3341,3.1340,11.4908,0.0056,0.0000,0,0,0.0000,0,0.0000,0,0,0,599,0
3342,3.0552,16.8369,0.0102,0.0000,0,0,0.0000,0,0.0000,0,0,0,710,0
3343,2.9733,22.1875,0.0053,0.0000,0,0,0.0000,0,0.0000,0,0,0,695,0
3344,5.1946,6.5495,0.0065,0.0000,0,0,0.0000,0,0.0000,0,0,0,599,0
3345,3.1340,11.5147,0.0068,0.0000,0,0,0.0000,0,0.0000,0,0,0,599,0
3346,3.0552,16.6252,0.0055,0.0000,0,0,0.0000,0,0.0000,0,0,0,703,0
3347,2.9733,21.9541,0.0063,0.0000,0,0,0.0000,0,0.0000,0,0,0,695,0
3348,5.1946,6.4985,0.0067,0.0000,0,0,0.0000,0,0.0000,0,0,0,599,0
3349,3.1340,11.4038,0.0041,0.0000,0,0,0.0000,0,0.0000,0,0,0,599,0
3350,3.0552,16.6377,0.0056,0.0000,0,0,0.0000,0,0.0000,0,0,0,695,0
3351,2.9733,22.0476,0.0067,0.0000,0,0,0.0000,0,0.0000,0,0,0,695,0
3352,5.1946,6.5401,0.0063,0.0000,0,0,0.0000,0,0.0000,0,0,0,599,0
3353,3.1340,11.5820,0.0102,0.0000,0,0,0.0000,0,0.0000,0,0,0,599,0
3354,3.0552,16.8563,0.0040,0.0000,0,0,0.0000,0,0.0000,0,0,0,695,0
3355,2.9733,22.2874,0.0062,0.0000,0,0,0.0000,0,0.0000,0,0,0,695,0
3356,5.1946,6.5383,0.0064,0.0000,0,0,0.0000,0,0.0000,0,0,0,599,0
3357,3.1340,11.4126,0.0027,0.0000,0,0,0.0000,0,0.0000,0,0,0,599,0
3358,3.0552,16.8159,0.0065,0.0000,0,0,0.0000,0,0.0000,0,0,0,799,0
3359,2.9733,22.1670,0.0104,0.0000,0,0,0.0000,0,0.0000,0,0,0,695,0
3360,5.1946,5.7811,0.0467,0.0000,0,0,0.0000,0,0.0000,0,1,0,105482,0
3361,3.1340,9.8229,0.0447,0.0000,0,0,0.0000,0,0.0000,0,1,0,71919,0
3362,3.0552,14.1037,0.0433,0.0000,0,0,0.0000,0,0.0000,0,1,0,100728,0
3363,2.9733,18.6217,0.0165,0.0000,0,0,0.0000,0,0.0000,0,1,0,109587,0
3364,5.1946,6.5274,0.0120,0.0000,0,0,0.0000,0,0.0000,0,0,0,15863,0
3365,3.1340,11.6199,0.0138,0.0000,0,0,0.0000,0,0.0000,0,0,0,9553,0
3366,3.0552,16.8819,0.0094,0.0000,0,0,0.0000,0,0.0000,0,0,0,14021,0
3367,2.9733,22.4501,0.0423,0.0000,0,0,0.0000,0,0.0000,0,0,0,22860,0
3368,5.1946,6.5474,0.0120,0.0000,0,0,0.0000,0,0.0000,0,0,0,9106,0
3369,3.1340,11.4382,0.0034,0.0000,0,0,0.0000,0,0.0000,0,0,0,3310,0
3370,3.0552,16.8420,0.0272,0.0000,0,0,0.0000,0,0.0000,0,0,0,16824,0
3371,2.9733,22.1899,0.0280,0.0000,0,0,0.0000,0,0.0000,0,0,0,20305,0
3372,5.1946,6.5218,0.0117,0.0000,0,0,0.0000,0,0.0000,0,0,0,7345,0
3373,3.1340,11.5799,0.0064,0.0000,0,0,0.0000,0,0.0000,0,0,0,3453,0
3374,3.0552,16.9701,0.0145,0.0000,0,0,0.0000,0,0.0000,0,0,0,15486,0
3375,2.9733,22.2194,0.0094,0.0000,0,0,0.0000,0,0.0000,0,0,0,8839,0
3376,5.1946,6.5033,0.0059,0.0000,0,0,0.0000,0,0.0000,0,0,0,5064,0
3377,3.1340,11.7145,0.0056,0.0000,0,0,0.0000,0,0.0000,0,0,0,1807,0
3378,3.0552,16.9139,0.0060,0.0000,0,0,0.0000,0,0.0000,0,0,0,12230,0
3379,2.9733,22.3326,0.0124,0.0000,0,0,0.0000,0,0.0000,0,0,0,7342,0
3380,5.1946,6.6555,0.0070,0.0000,0,0,0.0000,0,0.0000,0,0,0,4261,0
3381,3.1340,11.4605,0.0053,0.0000,0,0,0.0000,0,0.0000,0,0,0,1446,0
3382,3.0552,16.6896,0.0111,0.0000,0,0,0.0000,0,0.0000,0,0,0,8041,0
3383,2.9733,21.9652,0.0030,0.0000,0,0,0.0000,0,0.0000,0,0,0,2243,0
3384,5.1946,6.7548,0.0117,0.0000,0,0,0.0000,0,0.0000,0,0,0,3916,0
3385,3.1340,11.5980,0.0102,0.0000,0,0,0.0000,0,0.0000,0,0,0,1368,0
3386,3.0552,16.7933,0.0075,0.0000,0,0,0.0000,0,0.0000,0,0,0,7441,0
3387,2.9733,22.2943,0.0071,0.0000,0,0,0.0000,0,0.0000,0,0,0,1961,0
3388,5.1946,6.6010,0.0099,0.0000,0,0,0.0000,0,0.0000,0,0,0,2949,0
3389,3.1340,11.5545,0.0049,0.0000,0,0,0.0000,0,0.0000,0,0,0,1443,0
3390,3.0552,16.8323,0.0067,0.0000,0,0,0.0000,0,0.0000,0,0,0,4682,0
3391,2.9733,21.9502,0.0107,0.0000,0,0,0.0000,0,0.0000,0,0,0,1949,0
3392,5.1946,6.5545,0.0057,0.0000,0,0,0.0000,0,0.0000,0,0,0,1746,0
3393,3.1340,11.6022,0.0104,0.0000,0,0,0.0000,0,0.0000,0,0,0,1587,0
3394,3.0552,16.9514,0.0049,0.0000,0,0,0.0000,0,0.0000,0,0,0,3830,0
3395,2.9733,22.3972,0.0088,0.0000,0,0,0.0000,0,0.0000,0,0,0,1561,0
3396,5.1946,6.5390,0.0096,0.0000,0,0,0.0000,0,0.0000,0,0,0,1549,0
3397,3.1340,11.5051,0.0044,0.0000,0,0,0.0000,0,0.0000,0,0,0,1578,0
3398,3.0552,16.8121,0.0055,0.0000,0,0,0.0000,0,0.0000,0,0,0,3348,0
3399,2.9733,22.2123,0.0113,0.0000,0,0,0.0000,0,0.0000,0,0,0,2325,0
3400,5.1946,6.5315,0.0044,0.0000,0,0,0.0000,0,0.0000,0,0,0,1191,0
3401,3.1340,11.5210,0.0095,0.0000,0,0,0.0000,0,0.0000,0,0,0,1431,0
3402,3.0552,16.8436,0.0105,0.0000,0,0,0.0000,0,0.0000,0,0,0,3249,0
3403,2.9733,21.9946,0.0033,0.0000,0,0,0.0000,0,0.0000,0,0,0,1876,0
3404,5.1946,6.5458,0.0112,0.0000,0,0,0.0000,0,0.0000,0,0,0,1033,0
3405,3.1340,11.6596,0.0071,0.0000,0,0,0.0000,0,0.0000,0,0,0,1325,0
3406,3.0552,16.7619,0.0078,0.0000,0,0,0.0000,0,0.0000,0,0,0,995,0
3407,2.9733,22.1667,0.0063,0.0000,0,0,0.0000,0,0.0000,0,0,0,2376,0
3408,5.1946,6.5752,0.0069,0.0000,0,0,0.0000,0,0.0000,0,0,0,1043,0
3409,3.1340,11.4827,0.0043,0.0000,0,0,0.0000,0,0.0000,0,0,0,1267,0
3410,3.0552,16.7790,0.0097,0.0000,0,0,0.0000,0,0.0000,0,0,0,742,0
3411,2.9733,22.2433,0.0112,0.0000,0,0,0.0000,0,0.0000,0,0,0,787,0
3412,5.1946,6.6158,0.0054,0.0000,0,0,0.0000,0,0.0000,0,0,0,846,0
3413,3.1340,11.6809,0.0103,0.0000,0,0,0.0000,0,0.0000,0,0,0,1218,0
3414,3.0552,16.9456,0.0041,0.0000,0,0,0.0000,0,0.0000,0,0,0,791,0
3415,2.9733,22.3691,0.0055,0.0000,0,0,0.0000,0,0.0000,0,0,0,700,0
3416,5.1946,6.6050,0.0275,0.0000,0,0,0.0000,0,0.0000,0,0,0,763,0
3417,3.1340,11.4147,0.0025,0.0000,0,0,0.0000,0,0.0000,0,0,0,1111,0
3418,3.0552,16.7991,0.0070,0.0000,0,0,0.0000,0,0.0000,0,0,0,856,0
3419,2.9733,22.1833,0.0110,0.0000,0,0,0.0000,0,0.0000,0,0,0,710,0
3420,5.1946,6.5106,0.0080,0.0000,0,0,0.0000,0,0.0000,0,0,0,681,0
3421,3.1340,11.6092,0.0061,0.0000,0,0,0.0000,0,0.0000,0,0,0,1116,0
3422,3.0552,16.8678,0.0063,0.0000,0,0,0.0000,0,0.0000,0,0,0,1108,0
3423,2.9733,22.1253,0.0042,0.0000,0,0,0.0000,0,0.0000,0,0,0,910,0
3424,5.1946,6.7976,0.0071,0.0000,0,0,0.0000,0,0.0000,0,0,0,635,0
3425,3.1340,11.5524,0.0095,0.0000,0,0,0.0000,0,0.0000,0,0,0,895,0
3426,3.0552,16.7049,0.0038,0.0000,0,0,0.0000,0,0.0000,0,0,0,1017,0
3427,2.9733,22.1437,0.0068,0.0000,0,0,0.0000,0,0.0000,0,0,0,1349,0
3428,5.1946,6.6355,0.0109,0.0000,0,0,0.0000,0,0.0000,0,0,0,635,0
3429,3.1340,11.6672,0.0061,0.0000,0,0,0.0000,0,0.0000,0,0,0,951,0
3430,3.0552,16.9177,0.0105,0.0000,0,0,0.0000,0,0.0000,0,0,0,1548,0
3431,2.9733,22.5116,0.0061,0.0000,0,0,0.0000,0,0.0000,0,0,0,1172,0
3432,5.1946,6.6920,0.0057,0.0000,0,0,0.0000,0,0.0000,0,0,0,634,0
3433,3.1340,11.5547,0.0056,0.0000,0,0,0.0000,0,0.0000,0,0,0,874,0
3434,3.0552,16.7130,0.0034,0.0000,0,0,0.0000,0,0.0000,0,0,0,1320,0
3435,2.9733,22.2011,0.0097,0.0000,0,0,0.0000,0,0.0000,0,0,0,1733,0
3436,5.1946,6.6068,0.0105,0.0000,0,0,0.0000,0,0.0000,0,0,0,623,0
3437,3.1340,11.4504,0.0031,0.0000,0,0,0.0000,0,0.0000,0,0,0,816,0
3438,3.0552,16.8162,0.0060,0.0000,0,0,0.0000,0,0.0000,0,0,0,1177,0
3439,2.9733,22.2394,0.0063,0.0000,0,0,0.0000,0,0.0000,0,0,0,706,0
3440,5.1946,6.5363,0.0047,0.0000,0,0,0.0000,0,0.0000,0,0,0,681,0
3441,3.1340,11.5350,0.0054,0.0000,0,0,0.0000,0,0.0000,0,0,0,774,0
3442,3.0552,16.8675,0.0065,0.0000,0,0,0.0000,0,0.0000,0,0,0,1043,0
3443,2.9733,22.2100,0.0084,0.0000,0,0,0.0000,0,0.0000,0,0,0,706,0
3444,5.1946,6.5585,0.0097,0.0000,0,0,0.0000,0,0.0000,0,0,0,640,0
3445,3.1340,11.6220,0.0098,0.0000,0,0,0.0000,0,0.0000,0,0,0,819,0
3446,3.0552,16.8608,0.0057,0.0000,0,0,0.0000,0,0.0000,0,0,0,1589,0
3447,2.9733,22.4337,0.0063,0.0000,0,0,0.0000,0,0.0000,0,0,0,695,0
3448,5.1946,6.6503,0.0075,0.0000,0,0,0.0000,0,0.0000,0,0,0,602,0
3449,3.1340,11.5298,0.0051,0.0000,0,0,0.0000,0,0.0000,0,0,0,721,0
3450,3.0552,16.7235,0.0063,0.0000,0,0,0.0000,0,0.0000,0,0,0,738,0
3451,2.9733,21.9274,0.0032,0.0000,0,0,0.0000,0,0.0000,0,0,0,722,0
3452,5.1946,6.6860,0.0062,0.0000,0,0,0.0000,0,0.0000,0,0,0,599,0
3453,3.1340,11.5453,0.0102,0.0000,0,0,0.0000,0,0.0000,0,0,0,614,0
3454,3.0552,16.6580,0.0033,0.0000,0,0,0.0000,0,0.0000,0,0,0,695,0
3455,2.9733,22.1185,0.0067,0.0000,0,0,0.0000,0,0.0000,0,0,0,912,0
3456,5.1946,6.6225,0.0060,0.0000,0,0,0.0000,0,0.0000,0,0,0,599,0
3457,3.1340,11.5349,0.0037,0.0000,0,0,0.0000,0,0.0000,0,0,0,599,0
3458,3.0552,16.9409,0.0100,0.0000,0,0,0.0000,0,0.0000,0,0,0,695,0
3459,2.9733,22.4735,0.0115,0.0000,0,0,0.0000,0,0.0000,0,0,0,853,0
3460,5.1946,6.5002,0.0089,0.0000,0,0,0.0000,0,0.0000,0,0,0,599,0
3461,3.1340,11.5183,0.0061,0.0000,0,0,0.0000,0,0.0000,0,0,0,599,0
3462,3.0552,16.7770,0.0065,0.0000,0,0,0.0000,0,0.0000,0,0,0,695,0
3463,2.9733,22.0000,0.0045,0.0000,0,0,0.0000,0,0.0000,0,0,0,1381,0
3464,5.1946,6.1655,0.0050,0.0000,0,0,0.0000,0,0.0000,0,0,0,599,0
3465,3.1340,11.3259,0.0019,0.0000,0,0,0.0000,0,0.0000,0,0,0,599,0
3466,3.0552,16.7410,0.0023,0.0000,0,0,0.0000,0,0.0000,0,0,0,752,0
3467,2.9733,22.2086,0.0041,0.0000,0,0,0.0000,0,0.0000,0,0,0,700,0
3468,5.1946,6.3241,0.0026,0.0000,0,0,0.0000,0,0.0000,0,0,0,599,0
3469,3.1340,11.4624,0.0045,0.0000,0,0,0.0000,0,0.0000,0,0,0,599,0
3470,3.0552,16.6810,0.0021,0.0000,0,0,0.0000,0,0.0000,0,0,0,706,0
3471,2.9733,22.0709,0.0047,0.0000,0,0,0.0000,0,0.0000,0,0,0,695,0
3472,5.1946,6.4195,0.0041,0.0000,0,0,0.0000,0,0.0000,0,0,0,599,0
3473,3.1340,11.4277,0.0020,0.0000,0,0,0.0000,0,0.0000,0,0,0,599,0
3474,3.0552,16.8511,0.0051,0.0000,0,0,0.0000,0,0.0000,0,0,0,931,0
3475,2.9733,22.3295,0.0052,0.0000,0,0,0.0000,0,0.0000,0,0,0,701,0
3476,5.1946,6.4189,0.0018,0.0000,0,0,0.0000,0,0.0000,0,0,0,599,0
3477,3.1340,11.7094,0.0043,0.0000,0,0,0.0000,0,0.0000,0,0,0,599,0
3478,3.0552,16.9478,0.0047,0.0000,0,0,0.0000,0,0.0000,0,0,0,795,0
3479,2.9733,22.3547,0.0024,0.0000,0,0,0.0000,0,0.0000,0,0,0,703,0
3480,5.1946,6.2527,0.0045,0.0000,0,0,0.0000,0,0.0000,0,0,0,599,0
3481,3.1340,11.4768,0.0090,0.0000,0,0,0.0000,0,0.0000,0,0,0,599,0
3482,3.0552,16.6257,0.0052,0.0000,0,0,0.0000,0,0.0000,0,0,0,786,0
3483,2.9733,22.1220,0.0071,0.0000,0,0,0.0000,0,0.0000,0,0,0,799,0
3484,5.1946,6.4019,0.0051,0.0000,0,0,0.0000,0,0.0000,0,0,0,599,0
3485,3.1340,11.4892,0.0050,0.0000,0,0,0.0000,0,0.0000,0,0,0,599,0
3486,3.0552,16.8137,0.0052,0.0000,0,0,0.0000,0,0.0000,0,0,0,764,0
3487,2.9733,22.2568,0.0056,0.0000,0,0,0.0000,0,0.0000,0,0,0,780,0
3488,5.1946,6.4145,0.0049,0.0000,0,0,0.0000,0,0.0000,0,0,0,599,0
3489,3.1340,11.5419,0.0060,0.0000,0,0,0.0000,0,0.0000,0,0,0,599,0
3490,3.0552,16.7486,0.0061,0.0000,0,0,0.0000,0,0.0000,0,0,0,1139,0
3491,2.9733,22.0138,0.0048,0.0000,0,0,0.0000,0,0.0000,0,0,0,1021,0
3492,5.1946,6.4981,0.0061,0.0000,0,0,0.0000,0,0.0000,0,0,0,599,0
3493,3.1340,11.5690,0.0056,0.0000,0,0,0.0000,0,0.0000,0,0,0,599,0
3494,3.0552,16.8087,0.0069,0.0000,0,0,0.0000,0,0.0000,0,0,0,695,0
3495,2.9733,22.2880,0.0060,0.0000,0,0,0.0000,0,0.0000,0,0,0,695,0
3496,5.1946,6.3912,0.0042,0.0000,0,0,0.0000,0,0.0000,0,0,0,599,0
3497,3.1340,11.4399,0.0035,0.0000,0,0,0.0000,0,0.0000,0,0,0,599,0
3498,3.0552,16.7214,0.0045,0.0000,0,0,0.0000,0,0.0000,0,0,0,695,0
3499,2.9733,22.0786,0.0058,0.0000,0,0,0.0000,0,0.0000,0,0,0,695,0
3500,5.1946,6.5255,0.0045,0.0000,0,0,0.0000,0,0.0000,0,0,0,599,0
3501,3.1340,11.6140,0.0055,0.0000,0,0,0.0000,0,0.0000,0,0,0,599,0
3502,3.0552,16.8862,0.0052,0.0000,0,0,0.0000,0,0.0000,0,0,0,695,0
3503,2.9733,22.3092,0.0085,0.0000,0,0,0.0000,0,0.0000,0,0,0,695,0
3504,5.1946,6.5760,0.0380,0.0000,0,0,0.0000,0,0.0000,0,0,0,599,0
3505,3.1340,11.6471,0.0056,0.0000,0,0,0.0000,0,0.0000,0,0,0,599,0
3506,3.0552,16.9303,0.0048,0.0000,0,0,0.0000,0,0.0000,0,0,0,695,0
3507,2.9733,22.5530,0.0076,0.0000,0,0,0.0000,0,0.0000,0,0,0,695,0
3508,5.1946,6.5427,0.0057,0.0000,0,0,0.0000,0,0.0000,0,0,0,599,0
3509,3.1340,11.5152,0.0050,0.0000,0,0,0.0000,0,0.0000,0,0,0,599,0
3510,3.0552,16.7464,0.0053,0.0000,0,0,0.0000,0,0.0000,0,0,0,724,0
3511,2.9733,22.0694,0.0048,0.0000,0,0,0.0000,0,0.0000,0,0,0,746,0
3512,5.1946,6.5011,0.0054,0.0000,0,0,0.0000,0,0.0000,0,0,0,599,0
3513,3.1340,11.4619,0.0045,0.0000,0,0,0.0000,0,0.0000,0,0,0,599,0
3514,3.0552,16.8183,0.0101,0.0000,0,0,0.0000,0,0.0000,0,0,0,695,0
3515,2.9733,22.1020,0.0063,0.0000,0,0,0.0000,0,0.0000,0,0,0,712,0
3516,5.1946,6.4712,0.0049,0.0000,0,0,0.0000,0,0.0000,0,0,0,599,0
3517,3.1340,11.5200,0.0052,0.0000,0,0,0.0000,0,0.0000,0,0,0,599,0
3518,3.0552,16.8603,0.0058,0.0000,0,0,0.0000,0,0.0000,0,0,0,756,0
3519,2.9733,21.9789,0.0061,0.0000,0,0,0.0000,0,0.0000,0,0,0,812,0
3520,5.1946,6.3620,0.0045,0.0000,0,0,0.0000,0,0.0000,0,0,0,599,0
3521,3.1340,11.4592,0.0046,0.0000,0,0,0.0000,0,0.0000,0,0,0,599,0
3522,3.0552,16.7557,0.0058,0.0000,0,0,0.0000,0,0.0000,0,0,0,749,0
3523,2.9733,22.2439,0.0066,0.0000,0,0,0.0000,0,0.0000,0,0,0,734,0
3524,5.1946,6.9120,0.0066,0.0000,0,0,0.0000,0,0.0000,0,0,0,599,0
3525,3.1340,11.5011,0.0099,0.0000,0,0,0.0000,0,0.0000,0,0,0,599,0
3526,3.0552,16.5944,0.0067,0.0000,0,0,0.0000,0,0.0000,0,0,0,715,0
3527,2.9733,21.7778,0.0201,0.0000,0,0,0.0000,0,0.0000,0,0,0,695,0
3528,5.1946,6.5212,0.0093,0.0000,0,0,0.0000,0,0.0000,0,0,0,599,0
3529,3.1340,11.5776,0.0096,0.0000,0,0,0.0000,0,0.0000,0,0,0,599,0
3530,3.0552,16.8038,0.0047,0.0000,0,0,0.0000,0,0.0000,0,0,0,709,0
3531,2.9733,22.1578,0.0038,0.0000,0,0,0.0000,0,0.0000,0,0,0,695,0
3532,5.1946,6.4404,0.0057,0.0000,0,0,0.0000,0,0.0000,0,0,0,599,0
3533,3.1340,11.4792,0.0044,0.0000,0,0,0.0000,0,0.0000,0,0,0,599,0
3534,3.0552,16.7695,0.0052,0.0000,0,0,0.0000,0,0.0000,0,0,0,863,0
3535,2.9733,22.1555,0.0046,0.0000,0,0,0.0000,0,0.0000,0,0,0,702,0
3536,5.1946,6.4884,0.0043,0.0000,0,0,0.0000,0,0.0000,0,0,0,599,0
3537,3.1340,11.0012,0.0040,0.0000,0,0,0.0000,0,0.0000,0,0,0,599,0
3538,3.0552,16.2284,0.0055,0.0000,0,0,0.0000,0,0.0000,0,0,0,695,0
3539,2.9733,21.3718,0.0057,0.0000,0,0,0.0000,0,0.0000,0,0,0,743,0
3540,5.1946,6.5988,0.0056,0.0000,0,0,0.0000,0,0.0000,0,0,0,599,0
3541,3.1340,11.5833,0.0053,0.0000,0,0,0.0000,0,0.0000,0,0,0,599,0
3542,3.0552,16.8887,0.0041,0.0000,0,0,0.0000,0,0.0000,0,0,0,695,0
3543,2.9733,22.2555,0.0059,0.0000,0,0,0.0000,0,0.0000,0,0,0,738,0
3544,5.1946,6.4607,0.0051,0.0000,0,0,0.0000,0,0.0000,0,0,0,599,0
3545,3.1340,11.4395,0.0061,0.0000,0,0,0.0000,0,0.0000,0,0,0,599,0
3546,3.0552,16.8985,0.0050,0.0000,0,0,0.0000,0,0.0000,0,0,0,695,0
3547,2.9733,22.3646,0.0063,0.0000,0,0,0.0000,0,0.0000,0,0,0,788,0
3548,5.1946,6.4042,0.0040,0.0000,0,0,0.0000,0,0.0000,0,0,0,599,0
3549,3.1340,11.5229,0.0058,0.0000,0,0,0.0000,0,0.0000,0,0,0,599,0
3550,3.0552,16.7967,0.0082,0.0000,0,0,0.0000,0,0.0000,0,0,0,695,0
3551,2.9733,22.1580,0.0043,0.0000,0,0,0.0000,0,0.0000,0,0,0,695,0
3552,5.1946,6.3997,0.0060,0.0000,0,0,0.0000,0,0.0000,0,0,0,599,0
3553,3.1340,11.4720,0.0056,0.0000,0,0,0.0000,0,0.0000,0,0,0,599,0
3554,3.0552,16.7928,0.0041,0.0000,0,0,0.0000,0,0.0000,0,0,0,695,0
3555,2.9733,22.2050,0.0058,0.0000,0,0,0.0000,0,0.0000,0,0,0,695,0
3556,5.1946,6.4599,0.0050,0.0000,0,0,0.0000,0,0.0000,0,0,0,599,0
3557,3.1340,10.8423,0.0052,0.0000,0,0,0.0000,0,0.0000,0,0,0,599,0
3558,3.0552,16.3702,0.0064,0.0000,0,0,0.0000,0,0.0000,0,0,0,695,0
3559,2.9733,20.9165,0.0060,0.0000,0,0,0.0000,0,0.0000,0,0,0,705,0
3560,5.1946,6.5484,0.0065,0.0000,0,0,0.0000,0,0.0000,0,0,0,599,0
3561,3.1340,11.6108,0.0089,0.0000,0,0,0.0000,0,0.0000,0,0,0,599,0
3562,3.0552,16.9712,0.0047,0.0000,0,0,0.0000,0,0.0000,0,0,0,706,0
3563,2.9733,22.4787,0.0058,0.0000,0,0,0.0000,0,0.0000,0,0,0,725,0
3564,5.1946,6.5321,0.0054,0.0000,0,0,0.0000,0,0.0000,0,0,0,599,0
3565,3.1340,11.4761,0.0032,0.0000,0,0,0.0000,0,0.0000,0,0,0,599,0
3566,3.0552,16.8741,0.0057,0.0000,0,0,0.0000,0,0.0000,0,0,0,714,0
3567,2.9733,22.2207,0.0051,0.0000,0,0,0.0000,0,0.0000,0,0,0,746,0
3568,5.1946,6.3720,0.0039,0.0000,0,0,0.0000,0,0.0000,0,0,0,599,0
3569,3.1340,11.5445,0.0045,0.0000,0,0,0.0000,0,0.0000,0,0,0,599,0
3570,3.0552,16.9162,0.0050,0.0000,0,0,0.0000,0,0.0000,0,0,0,697,0
3571,2.9733,22.3818,0.0035,0.0000,0,0,0.0000,0,0.0000,0,0,0,721,0
3572,5.1946,6.4670,0.0089,0.0000,0,0,0.0000,0,0.0000,0,0,0,599,0
3573,3.1340,11.4603,0.0046,0.0000,0,0,0.0000,0,0.0000,0,0,0,599,0
3574,3.0552,16.7045,0.0049,0.0000,0,0,0.0000,0,0.0000,0,0,0,695,0
3575,2.9733,22.3300,0.0068,0.0000,0,0,0.0000,0,0.0000,0,0,0,758,0
3576,5.1946,6.4541,0.0047,0.0000,0,0,0.0000,0,0.0000,0,0,0,599,0
3577,3.1340,11.4353,0.0039,0.0000,0,0,0.0000,0,0.0000,0,0,0,599,0
3578,3.0552,16.5532,0.0063,0.0000,0,0,0.0000,0,0.0000,0,0,0,781,0
3579,2.9733,21.8188,0.0058,0.0000,0,0,0.0000,0,0.0000,0,0,0,695,0
3580,5.1946,7.0492,0.0056,0.0000,0,0,0.0000,0,0.0000,0,0,0,599,0
3581,3.1340,11.4995,0.0057,0.0000,0,0,0.0000,0,0.0000,0,0,0,599,0
3582,3.0552,16.6735,0.0056,0.0000,0,0,0.0000,0,0.0000,0,0,0,695,0
3583,2.9733,22.1242,0.0063,0.0000,0,0,0.0000,0,0.0000,0,0,0,695,0
3584,5.1946,6.4658,0.0053,0.0000,0,0,0.0000,0,0.0000,0,0,0,599,0
3585,3.1340,11.5150,0.0060,0.0000,0,0,0.0000,0,0.0000,0,0,0,599,0
3586,3.0552,16.7827,0.0058,0.0000,0,0,0.0000,0,0.0000,0,0,0,695,0
3587,2.9733,21.9758,0.0097,0.0000,0,0,0.0000,0,0.0000,0,0,0,695,0
3588,5.1946,6.4289,0.0061,0.0000,0,0,0.0000,0,0.0000,0,0,0,599,0
3589,3.1340,11.5358,0.0057,0.0000,0,0,0.0000,0,0.0000,0,0,0,599,0
3590,3.0552,16.8006,0.0052,0.0000,0,0,0.0000,0,0.0000,0,0,0,695,0
3591,2.9733,22.2140,0.0059,0.0000,0,0,0.0000,0,0.0000,0,0,0,695,0
3592,5.1946,7.5752,0.0061,0.0000,0,0,0.0000,0,0.0000,0,0,0,599,0
3593,3.1340,11.5510,0.0055,0.0000,0,0,0.0000,0,0.0000,0,0,0,599,0
3594,3.0552,16.9153,0.0047,0.0000,0,0,0.0000,0,0.0000,0,0,0,695,0
3595,2.9733,23.3057,0.0062,0.0000,0,0,0.0000,0,0.0000,0,0,0,716,0
3596,5.1946,6.4760,0.0040,0.0000,0,0,0.0000,0,0.0000,0,0,0,599,0
3597,3.1340,11.5612,0.0043,0.0000,0,0,0.0000,0,0.0000,0,0,0,599,0
3598,3.0552,16.7505,0.0051,0.0000,0,0,0.0000,0,0.0000,0,0,0,695,0
3599,2.9733,21.6809,0.0081,0.0000,0,0,0.0000,0,0.0000,0,0,0,707,0
3600,5.1946,19.8204,0.0101,0.0000,0,0,0.0000,0,0.0000,0,1,0,60271,0
3601,3.1340,17.7912,0.0114,0.0000,0,0,0.0000,0,0.0000,0,1,0,43482,0
3602,3.0552,17.3323,0.0064,0.0000,0,0,0.0000,0,0.0000,0,1,0,59828,0
3603,2.9733,16.8493,0.0111,0.0000,0,0,0.0000,0,0.0000,0,1,0,68126,0
3604,5.1946,6.1262,0.0059,0.0000,0,0,0.0000,0,0.0000,0,0,0,15967,0
3605,3.1340,11.4560,0.0021,0.0000,0,0,0.0000,0,0.0000,0,0,0,14199,0
3606,3.0552,16.9761,0.0055,0.0000,0,0,0.0000,0,0.0000,0,0,0,17643,0
3607,2.9733,22.5033,0.0043,0.0000,0,0,0.0000,0,0.0000,0,0,0,14303,0
3608,5.1946,6.0819,0.0018,0.0000,0,0,0.0000,0,0.0000,0,0,0,6175,0
3609,3.1340,11.3570,0.0013,0.0000,0,0,0.0000,0,0.0000,0,0,0,5501,0
3610,3.0552,16.9128,0.0028,0.0000,0,0,0.0000,0,0.0000,0,0,0,8663,0
3611,2.9733,22.4389,0.0015,0.0000,0,0,0.0000,0,0.0000,0,0,0,6869,0
3612,5.1946,6.0645,0.0033,0.0000,0,0,0.0000,0,0.0000,0,0,0,12054,0
3613,3.1340,11.4940,0.0053,0.0000,0,0,0.0000,0,0.0000,0,0,0,15189,0
3614,3.0552,16.9655,0.0044,0.0000,0,0,0.0000,0,0.0000,0,0,0,14797,0
3615,2.9733,22.4810,0.0039,0.0000,0,0,0.0000,0,0.0000,0,0,0,11135,0
3616,5.1946,6.1940,0.0033,0.0000,0,0,0.0000,0,0.0000,0,0,0,19327,0
3617,3.1340,11.5253,0.0024,0.0000,0,0,0.0000,0,0.0000,0,0,0,15140,0
3618,3.0552,16.9400,0.0042,0.0000,0,0,0.0000,0,0.0000,0,0,0,16878,0
3619,2.9733,22.3435,0.0028,0.0000,0,0,0.0000,0,0.0000,0,0,0,17362,0
3620,5.1946,6.1743,0.0026,0.0000,0,0,0.0000,0,0.0000,0,0,0,10956,0
3621,3.1340,11.4711,0.0031,0.0000,0,0,0.0000,0,0.0000,0,0,0,9351,0
3622,3.0552,16.8729,0.0027,0.0000,0,0,0.0000,0,0.0000,0,0,0,9754,0
3623,2.9733,22.4255,0.0029,0.0000,0,0,0.0000,0,0.0000,0,0,0,17542,0
3624,5.1946,6.1423,0.0032,0.0000,0,0,0.0000,0,0.0000,0,0,0,5031,0
3625,3.1340,11.4028,0.0016,0.0000,0,0,0.0000,0,0.0000,0,0,0,4635,0
3626,3.0552,16.8271,0.0018,0.0000,0,0,0.0000,0,0.0000,0,0,0,6836,0
3627,2.9733,22.2840,0.0040,0.0000,0,0,0.0000,0,0.0000,0,0,0,5769,0
3628,5.1946,6.2435,0.0021,0.0000,0,0,0.0000,0,0.0000,0,0,0,3913,0
3629,3.1340,11.4740,0.0018,0.0000,0,0,0.0000,0,0.0000,0,0,0,2919,0
3630,3.0552,16.9205,0.0027,0.0000,0,0,0.0000,0,0.0000,0,0,0,3234,0
3631,2.9733,22.3032,0.0017,0.0000,0,0,0.0000,0,0.0000,0,0,0,3051,0
3632,5.1946,6.1419,0.0022,0.0000,0,0,0.0000,0,0.0000,0,0,0,3192,0
3633,3.1340,11.4457,0.0031,0.0000,0,0,0.0000,0,0.0000,0,0,0,2362,0
3634,3.0552,16.9270,0.0060,0.0000,0,0,0.0000,0,0.0000,0,0,0,2230,0
3635,2.9733,22.3372,0.0059,0.0000,0,0,0.0000,0,0.0000,0,0,0,2863,0
3636,5.1946,6.3351,0.0053,0.0000,0,0,0.0000,0,0.0000,0,0,0,3165,0
3637,3.1340,11.4502,0.0041,0.0000,0,0,0.0000,0,0.0000,0,0,0,2416,0
3638,3.0552,16.7919,0.0055,0.0000,0,0,0.0000,0,0.0000,0,0,0,2408,0
3639,2.9733,22.1017,0.0030,0.0000,0,0,0.0000,0,0.0000,0,0,0,2470,0
3640,5.1946,6.6470,0.0060,0.0000,0,0,0.0000,0,0.0000,0,0,0,2454,0
3641,3.1340,11.6194,0.0061,0.0000,0,0,0.0000,0,0.0000,0,0,0,1491,0
3642,3.0552,16.9569,0.0032,0.0000,0,0,0.0000,0,0.0000,0,0,0,870,0
3643,2.9733,22.6016,0.0064,0.0000,0,0,0.0000,0,0.0000,0,0,0,2369,0
3644,5.1946,6.4286,0.0055,0.0000,0,0,0.0000,0,0.0000,0,0,0,1462,0
3645,3.1340,11.3567,0.0027,0.0000,0,0,0.0000,0,0.0000,0,0,0,1285,0
3646,3.0552,16.6590,0.0043,0.0000,0,0,0.0000,0,0.0000,0,0,0,699,0
3647,2.9733,22.0018,0.0060,0.0000,0,0,0.0000,0,0.0000,0,0,0,1409,0
3648,5.1946,6.4458,0.0055,0.0000,0,0,0.0000,0,0.0000,0,0,0,1319,0
3649,3.1340,11.5467,0.0064,0.0000,0,0,0.0000,0,0.0000,0,0,0,1143,0
3650,3.0552,16.7527,0.0049,0.0000,0,0,0.0000,0,0.0000,0,0,0,695,0
3651,2.9733,22.0683,0.0035,0.0000,0,0,0.0000,0,0.0000,0,0,0,1718,0
3652,5.1946,6.5642,0.0059,0.0000,0,0,0.0000,0,0.0000,0,0,0,1127,0
3653,3.1340,11.6481,0.0073,0.0000,0,0,0.0000,0,0.0000,0,0,0,972,0
3654,3.0552,16.8050,0.0044,0.0000,0,0,0.0000,0,0.0000,0,0,0,702,0
3655,2.9733,22.1859,0.0077,0.0000,0,0,0.0000,0,0.0000,0,0,0,729,0
3656,5.1946,6.6100,0.0056,0.0000,0,0,0.0000,0,0.0000,0,0,0,1059,0
3657,3.1340,11.4635,0.0042,0.0000,0,0,0.0000,0,0.0000,0,0,0,873,0
3658,3.0552,16.4982,0.0093,0.0000,0,0,0.0000,0,0.0000,0,0,0,749,0
3659,2.9733,21.7475,0.0057,0.0000,0,0,0.0000,0,0.0000,0,0,0,695,0
3660,5.1946,6.7436,0.0054,0.0000,0,0,0.0000,0,0.0000,0,0,0,947,0
3661,3.1340,11.6109,0.0073,0.0000,0,0,0.0000,0,0.0000,0,0,0,793,0
3662,3.0552,16.6677,0.0054,0.0000,0,0,0.0000,0,0.0000,0,0,0,712,0
3663,2.9733,21.9144,0.0051,0.0000,0,0,0.0000,0,0.0000,0,0,0,726,0
3664,5.1946,6.5657,0.0068,0.0000,0,0,0.0000,0,0.0000,0,0,0,875,0
3665,3.1340,11.5585,0.0054,0.0000,0,0,0.0000,0,0.0000,0,0,0,748,0
3666,3.0552,16.7209,0.0063,0.0000,0,0,0.0000,0,0.0000,0,0,0,896,0
3667,2.9733,22.0593,0.0065,0.0000,0,0,0.0000,0,0.0000,0,0,0,793,0
3668,5.1946,6.5046,0.0047,0.0000,0,0,0.0000,0,0.0000,0,0,0,790,0
3669,3.1340,11.5150,0.0049,0.0000,0,0,0.0000,0,0.0000,0,0,0,759,0
3670,3.0552,16.7331,0.0047,0.0000,0,0,0.0000,0,0.0000,0,0,0,819,0
3671,2.9733,22.1016,0.0047,0.0000,0,0,0.0000,0,0.0000,0,0,0,1103,0
3672,5.1946,6.3844,0.0051,0.0000,0,0,0.0000,0,0.0000,0,0,0,729,0
3673,3.1340,11.4993,0.0059,0.0000,0,0,0.0000,0,0.0000,0,0,0,770,0
3674,3.0552,16.8267,0.0053,0.0000,0,0,0.0000,0,0.0000,0,0,0,832,0
3675,2.9733,22.1677,0.0103,0.0000,0,0,0.0000,0,0.0000,0,0,0,980,0
3676,5.1946,6.5733,0.0095,0.0000,0,0,0.0000,0,0.0000,0,0,0,695,0
3677,3.1340,11.4862,0.0042,0.0000,0,0,0.0000,0,0.0000,0,0,0,678,0
3678,3.0552,16.7533,0.0059,0.0000,0,0,0.0000,0,0.0000,0,0,0,774,0
3679,2.9733,22.0547,0.0061,0.0000,0,0,0.0000,0,0.0000,0,0,0,1479,0
3680,5.1946,6.7950,0.0102,0.0000,0,0,0.0000,0,0.0000,0,0,0,655,0
3681,3.1340,11.5205,0.0052,0.0000,0,0,0.0000,0,0.0000,0,0,0,665,0
3682,3.0552,16.6066,0.0048,0.0000,0,0,0.0000,0,0.0000,0,0,0,1157,0
3683,2.9733,21.8415,0.0024,0.0000,0,0,0.0000,0,0.0000,0,0,0,711,0
3684,5.1946,6.2978,0.0022,0.0000,0,0,0.0000,0,0.0000,0,0,0,655,0
3685,3.1340,11.4145,0.0020,0.0000,0,0,0.0000,0,0.0000,0,0,0,614,0
3686,3.0552,16.8302,0.0048,0.0000,0,0,0.0000,0,0.0000,0,0,0,713,0
3687,2.9733,22.1106,0.0053,0.0000,0,0,0.0000,0,0.0000,0,0,0,695,0
3688,5.1946,6.4875,0.0076,0.0000,0,0,0.0000,0,0.0000,0,0,0,646,0
3689,3.1340,11.7651,0.0057,0.0000,0,0,0.0000,0,0.0000,0,0,0,599,0
3690,3.0552,16.9135,0.0051,0.0000,0,0,0.0000,0,0.0000,0,0,0,695,0
3691,2.9733,22.3598,0.0048,0.0000,0,0,0.0000,0,0.0000,0,0,0,701,0
3692,5.1946,6.4291,0.0055,0.0000,0,0,0.0000,0,0.0000,0,0,0,645,0
3693,3.1340,11.4576,0.0030,0.0000,0,0,0.0000,0,0.0000,0,0,0,599,0
3694,3.0552,16.7395,0.0077,0.0000,0,0,0.0000,0,0.0000,0,0,0,695,0
3695,2.9733,22.0396,0.0055,0.0000,0,0,0.0000,0,0.0000,0,0,0,751,0
3696,5.1946,6.4656,0.0052,0.0000,0,0,0.0000,0,0.0000,0,0,0,634,0
3697,3.1340,11.4689,0.0052,0.0000,0,0,0.0000,0,0.0000,0,0,0,599,0
3698,3.0552,16.6687,0.0048,0.0000,0,0,0.0000,0,0.0000,0,0,0,707,0
3699,2.9733,21.9908,0.0040,0.0000,0,0,0.0000,0,0.0000,0,0,0,871,0
3700,5.1946,6.5810,0.0052,0.0000,0,0,0.0000,0,0.0000,0,0,0,636,0
3701,3.1340,11.5507,0.0051,0.0000,0,0,0.0000,0,0.0000,0,0,0,599,0
3702,3.0552,16.7611,0.0032,0.0000,0,0,0.0000,0,0.0000,0,0,0,745,0
3703,2.9733,22.3022,0.0101,0.0000,0,0,0.0000,0,0.0000,0,0,0,814,0
3704,5.1946,6.4497,0.0055,0.0000,0,0,0.0000,0,0.0000,0,0,0,649,0
3705,3.1340,11.5012,0.0036,0.0000,0,0,0.0000,0,0.0000,0,0,0,599,0
3706,3.0552,16.8508,0.0070,0.0000,0,0,0.0000,0,0.0000,0,0,0,728,0
3707,2.9733,22.2218,0.0052,0.0000,0,0,0.0000,0,0.0000,0,0,0,1064,0
3708,5.1946,6.4560,0.0045,0.0000,0,0,0.0000,0,0.0000,0,0,0,662,0
3709,3.1340,11.8375,0.0055,0.0000,0,0,0.0000,0,0.0000,0,0,0,599,0
3710,3.0552,16.9112,0.0056,0.0000,0,0,0.0000,0,0.0000,0,0,0,831,0
3711,2.9733,22.4173,0.0049,0.0000,0,0,0.0000,0,0.0000,0,0,0,701,0
3712,5.1946,6.5312,0.0059,0.0000,0,0,0.0000,0,0.0000,0,0,0,624,0
3713,3.1340,11.5580,0.0298,0.0000,0,0,0.0000,0,0.0000,0,0,0,599,0
3714,3.0552,16.8202,0.0056,0.0000,0,0,0.0000,0,0.0000,0,0,0,736,0
3715,2.9733,22.2153,0.0067,0.0000,0,0,0.0000,0,0.0000,0,0,0,695,0
3716,5.1946,6.5264,0.0096,0.0000,0,0,0.0000,0,0.0000,0,0,0,610,0
3717,3.1340,11.4748,0.0051,0.0000,0,0,0.0000,0,0.0000,0,0,0,599,0
3718,3.0552,16.5564,0.0055,0.0000,0,0,0.0000,0,0.0000,0,0,0,740,0
3719,2.9733,21.8404,0.0051,0.0000,0,0,0.0000,0,0.0000,0,0,0,703,0
3720,5.1946,6.5877,0.0054,0.0000,0,0,0.0000,0,0.0000,0,0,0,599,0
3721,3.1340,11.5205,0.0057,0.0000,0,0,0.0000,0,0.0000,0,0,0,599,0
3722,3.0552,16.6992,0.0030,0.0000,0,0,0.0000,0,0.0000,0,0,0,705,0
3723,2.9733,22.1569,0.0059,0.0000,0,0,0.0000,0,0.0000,0,0,0,731,0
3724,5.1946,6.4959,0.0054,0.0000,0,0,0.0000,0,0.0000,0,0,0,599,0
3725,3.1340,11.5032,0.0078,0.0000,0,0,0.0000,0,0.0000,0,0,0,599,0
3726,3.0552,16.8251,0.0053,0.0000,0,0,0.0000,0,0.0000,0,0,0,888,0
3727,2.9733,22.2559,0.0061,0.0000,0,0,0.0000,0,0.0000,0,0,0,800,0
3728,5.1946,6.4673,0.0039,0.0000,0,0,0.0000,0,0.0000,0,0,0,599,0
3729,3.1340,11.5105,0.0057,0.0000,0,0,0.0000,0,0.0000,0,0,0,599,0
3730,3.0552,16.8919,0.0065,0.0000,0,0,0.0000,0,0.0000,0,0,0,699,0
3731,2.9733,22.2718,0.0057,0.0000,0,0,0.0000,0,0.0000,0,0,0,782,0
3732,5.1946,6.5467,0.0051,0.0000,0,0,0.0000,0,0.0000,0,0,0,599,0
3733,3.1340,11.3402,0.0026,0.0000,0,0,0.0000,0,0.0000,0,0,0,599,0
3734,3.0552,16.5355,0.0056,0.0000,0,0,0.0000,0,0.0000,0,0,0,695,0
3735,2.9733,21.7658,0.0062,0.0000,0,0,0.0000,0,0.0000,0,0,0,929,0
3736,5.1946,6.4974,0.0036,0.0000,0,0,0.0000,0,0.0000,0,0,0,599,0
3737,3.1340,11.6217,0.0097,0.0000,0,0,0.0000,0,0.0000,0,0,0,599,0
3738,3.0552,16.8716,0.0054,0.0000,0,0,0.0000,0,0.0000,0,0,0,695,0
3739,2.9733,22.1987,0.0036,0.0000,0,0,0.0000,0,0.0000,0,0,0,695,0
3740,5.1946,6.4753,0.0056,0.0000,0,0,0.0000,0,0.0000,0,0,0,599,0
3741,3.1340,11.6032,0.0059,0.0000,0,0,0.0000,0,0.0000,0,0,0,599,0
3742,3.0552,16.7676,0.0040,0.0000,0,0,0.0000,0,0.0000,0,0,0,727,0
3743,2.9733,22.0864,0.0058,0.0000,0,0,0.0000,0,0.0000,0,0,0,695,0
3744,5.1946,6.5021,0.0055,0.0000,0,0,0.0000,0,0.0000,0,0,0,599,0
3745,3.1340,11.4744,0.0041,0.0000,0,0,0.0000,0,0.0000,0,0,0,599,0
3746,3.0552,16.7655,0.0055,0.0000,0,0,0.0000,0,0.0000,0,0,0,728,0
3747,2.9733,22.1226,0.0056,0.0000,0,0,0.0000,0,0.0000,0,0,0,699,0
3748,5.1946,6.4845,0.0055,0.0000,0,0,0.0000,0,0.0000,0,0,0,599,0
3749,3.1340,11.5888,0.0057,0.0000,0,0,0.0000,0,0.0000,0,0,0,599,0
3750,3.0552,16.9259,0.0027,0.0000,0,0,0.0000,0,0.0000,0,0,0,705,0
3751,2.9733,22.4692,0.0095,0.0000,0,0,0.0000,0,0.0000,0,0,0,723,0
3752,5.1946,6.4474,0.0050,0.0000,0,0,0.0000,0,0.0000,0,0,0,599,0
3753,3.1340,11.3900,0.0028,0.0000,0,0,0.0000,0,0.0000,0,0,0,599,0
3754,3.0552,16.7817,0.0048,0.0000,0,0,0.0000,0,0.0000,0,0,0,754,0
3755,2.9733,22.0650,0.0058,0.0000,0,0,0.0000,0,0.0000,0,0,0,754,0
3756,5.1946,6.4855,0.0039,0.0000,0,0,0.0000,0,0.0000,0,0,0,599,0
3757,3.1340,11.6546,0.0058,0.0000,0,0,0.0000,0,0.0000,0,0,0,599,0
3758,3.0552,16.9014,0.0057,0.0000,0,0,0.0000,0,0.0000,0,0,0,741,0
3759,2.9733,22.3381,0.0040,0.0000,0,0,0.0000,0,0.0000,0,0,0,712,0
3760,5.1946,6.6380,0.0054,0.0000,0,0,0.0000,0,0.0000,0,0,0,599,0
3761,3.1340,11.5413,0.0057,0.0000,0,0,0.0000,0,0.0000,0,0,0,599,0
3762,3.0552,16.5535,0.0062,0.0000,0,0,0.0000,0,0.0000,0,0,0,734,0
3763,2.9733,21.9033,0.0097,0.0000,0,0,0.0000,0,0.0000,0,0,0,775,0
3764,5.1946,6.5433,0.0057,0.0000,0,0,0.0000,0,0.0000,0,0,0,599,0
3765,3.1340,11.5201,0.0042,0.0000,0,0,0.0000,0,0.0000,0,0,0,599,0
3766,3.0552,16.9018,0.0100,0.0000,0,0,0.0000,0,0.0000,0,0,0,752,0
3767,2.9733,21.8077,0.0059,0.0000,0,0,0.0000,0,0.0000,0,0,0,695,0
3768,5.1946,6.5403,0.0087,0.0000,0,0,0.0000,0,0.0000,0,0,0,599,0
3769,3.1340,11.4922,0.0054,0.0000,0,0,0.0000,0,0.0000,0,0,0,599,0
3770,3.0552,16.6867,0.0023,0.0000,0,0,0.0000,0,0.0000,0,0,0,907,0
3771,2.9733,22.1626,0.0054,0.0000,0,0,0.0000,0,0.0000,0,0,0,695,0
3772,5.1946,6.5010,0.0058,0.0000,0,0,0.0000,0,0.0000,0,0,0,599,0
3773,3.1340,11.4936,0.0042,0.0000,0,0,0.0000,0,0.0000,0,0,0,599,0
3774,3.0552,16.7616,0.0058,0.0000,0,0,0.0000,0,0.0000,0,0,0,704,0
3775,2.9733,22.0620,0.0062,0.0000,0,0,0.0000,0,0.0000,0,0,0,695,0
3776,5.1946,6.4088,0.0037,0.0000,0,0,0.0000,0,0.0000,0,0,0,599,0
3777,3.1340,11.5025,0.0052,0.0000,0,0,0.0000,0,0.0000,0,0,0,599,0
3778,3.0552,16.7728,0.0059,0.0000,0,0,0.0000,0,0.0000,0,0,0,695,0
3779,2.9733,22.0832,0.0039,0.0000,0,0,0.0000,0,0.0000,0,0,0,699,0
3780,5.1946,6.4916,0.0055,0.0000,0,0,0.0000,0,0.0000,0,0,0,599,0
3781,3.1340,11.5595,0.0055,0.0000,0,0,0.0000,0,0.0000,0,0,0,599,0
3782,3.0552,16.6954,0.0040,0.0000,0,0,0.0000,0,0.0000,0,0,0,695,0
3783,2.9733,22.0053,0.0095,0.0000,0,0,0.0000,0,0.0000,0,0,0,723,0
3784,5.1946,6.5417,0.0055,0.0000,0,0,0.0000,0,0.0000,0,0,0,599,0
3785,3.1340,11.4415,0.0073,0.0000,0,0,0.0000,0,0.0000,0,0,0,599,0
3786,3.0552,16.6588,0.0053,0.0000,0,0,0.0000,0,0.0000,0,0,0,695,0
3787,2.9733,22.0012,0.0034,0.0000,0,0,0.0000,0,0.0000,0,0,0,734,0
3788,5.1946,6.5169,0.0093,0.0000,0,0,0.0000,0,0.0000,0,0,0,599,0
3789,3.1340,11.5295,0.0055,0.0000,0,0,0.0000,0,0.0000,0,0,0,599,0
3790,3.0552,16.7355,0.0035,0.0000,0,0,0.0000,0,0.0000,0,0,0,728,0
3791,2.9733,22.1151,0.0094,0.0000,0,0,0.0000,0,0.0000,0,0,0,761,0
3792,5.1946,6.4134,0.0057,0.0000,0,0,0.0000,0,0.0000,0,0,0,599,0
3793,3.1340,11.4527,0.0073,0.0000,0,0,0.0000,0,0.0000,0,0,0,599,0
3794,3.0552,16.8237,0.0053,0.0000,0,0,0.0000,0,0.0000,0,0,0,711,0
3795,2.9733,22.2580,0.0060,0.0000,0,0,0.0000,0,0.0000,0,0,0,695,0
3796,5.1946,6.4403,0.0039,0.0000,0,0,0.0000,0,0.0000,0,0,0,599,0
3797,3.1340,11.4748,0.0053,0.0000,0,0,0.0000,0,0.0000,0,0,0,599,0
3798,3.0552,16.8201,0.0071,0.0000,0,0,0.0000,0,0.0000,0,0,0,817,0
3799,2.9733,22.1131,0.0062,0.0000,0,0,0.0000,0,0.0000,0,0,0,695,0
3800,5.1946,6.3925,0.0049,0.0000,0,0,0.0000,0,0.0000,0,0,0,599,0
3801,3.1340,11.5391,0.0050,0.0000,0,0,0.0000,0,0.0000,0,0,0,599,0
3802,3.0552,16.7962,0.0074,0.0000,0,0,0.0000,0,0.0000,0,0,0,825,0
3803,2.9733,22.1389,0.0097,0.0000,0,0,0.0000,0,0.0000,0,0,0,695,0
3804,5.1946,6.5807,0.0043,0.0000,0,0,0.0000,0,0.0000,0,0,0,599,0
3805,3.1340,11.5728,0.0036,0.0000,0,0,0.0000,0,0.0000,0,0,0,599,0
3806,3.0552,16.7425,0.0058,0.0000,0,0,0.0000,0,0.0000,0,0,0,785,0
3807,2.9733,22.1909,0.0076,0.0000,0,0,0.0000,0,0.0000,0,0,0,706,0
3808,5.1946,6.5994,0.0054,0.0000,0,0,0.0000,0,0.0000,0,0,0,599,0
3809,3.1340,11.5928,0.0059,0.0000,0,0,0.0000,0,0.0000,0,0,0,599,0
3810,3.0552,16.7380,0.0028,0.0000,0,0,0.0000,0,0.0000,0,0,0,755,0
3811,2.9733,22.0621,0.0050,0.0000,0,0,0.0000,0,0.0000,0,0,0,767,0
3812,5.1946,6.4354,0.0057,0.0000,0,0,0.0000,0,0.0000,0,0,0,599,0
3813,3.1340,11.4592,0.0024,0.0000,0,0,0.0000,0,0.0000,0,0,0,599,0
3814,3.0552,16.8326,0.0062,0.0000,0,0,0.0000,0,0.0000,0,0,0,950,0
3815,2.9733,22.2593,0.0061,0.0000,0,0,0.0000,0,0.0000,0,0,0,746,0
3816,5.1946,6.4809,0.0037,0.0000,0,0,0.0000,0,0.0000,0,0,0,599,0
3817,3.1340,11.5003,0.0054,0.0000,0,0,0.0000,0,0.0000,0,0,0,599,0
3818,3.0552,16.8250,0.0055,0.0000,0,0,0.0000,0,0.0000,0,0,0,700,0
3819,2.9733,22.1683,0.0041,0.0000,0,0,0.0000,0,0.0000,0,0,0,799,0
3820,5.1946,6.4812,0.0061,0.0000,0,0,0.0000,0,0.0000,0,0,0,599,0
3821,3.1340,11.5202,0.0044,0.0000,0,0,0.0000,0,0.0000,0,0,0,599,0
3822,3.0552,16.7134,0.0040,0.0000,0,0,0.0000,0,0.0000,0,0,0,697,0
3823,2.9733,22.0928,0.0102,0.0000,0,0,0.0000,0,0.0000,0,0,0,695,0
3824,5.1946,6.6260,0.0053,0.0000,0,0,0.0000,0,0.0000,0,0,0,599,0
3825,3.1340,11.5430,0.0048,0.0000,0,0,0.0000,0,0.0000,0,0,0,599,0
3826,3.0552,16.7074,0.0060,0.0000,0,0,0.0000,0,0.0000,0,0,0,695,0
3827,2.9733,22.1450,0.0075,0.0000,0,0,0.0000,0,0.0000,0,0,0,695,0
3828,5.1946,6.5756,0.0057,0.0000,0,0,0.0000,0,0.0000,0,0,0,599,0
3829,3.1340,11.5363,0.0055,0.0000,0,0,0.0000,0,0.0000,0,0,0,599,0
3830,3.0552,16.7255,0.0040,0.0000,0,0,0.0000,0,0.0000,0,0,0,708,0
3831,2.9733,22.1260,0.0053,0.0000,0,0,0.0000,0,0.0000,0,0,0,695,0
3832,5.1946,6.5046,0.0097,0.0000,0,0,0.0000,0,0.0000,0,0,0,599,0
3833,3.1340,11.4820,0.0043,0.0000,0,0,0.0000,0,0.0000,0,0,0,599,0
3834,3.0552,16.7900,0.0060,0.0000,0,0,0.0000,0,0.0000,0,0,0,715,0
3835,2.9733,22.1753,0.0065,0.0000,0,0,0.0000,0,0.0000,0,0,0,711,0
3836,5.1946,6.4778,0.0057,0.0000,0,0,0.0000,0,0.0000,0,0,0,599,0
3837,3.1340,11.5452,0.0062,0.0000,0,0,0.0000,0,0.0000,0,0,0,599,0
3838,3.0552,16.8060,0.0100,0.0000,0,0,0.0000,0,0.0000,0,0,0,728,0
3839,2.9733,22.0970,0.0055,0.0000,0,0,0.0000,0,0.0000,0,0,0,718,0
3840,5.1946,5.5218,0.0253,0.0000,0,0,0.0000,0,0.0000,0,1,0,105482,0
3841,3.1340,9.7308,0.0168,0.0000,0,0,0.0000,0,0.0000,0,1,0,71919,0
3842,3.0552,14.3570,0.0595,0.0000,0,0,0.0000,0,0.0000,0,1,0,118482,0
3843,2.9733,18.6530,0.0156,0.0000,0,0,0.0000,0,0.0000,0,1,0,121308,0
3844,5.1946,6.2822,0.0164,0.0000,0,0,0.0000,0,0.0000,0,0,0,15863,0
3845,3.1340,11.4523,0.0064,0.0000,0,0,0.0000,0,0.0000,0,0,0,9553,0
3846,3.0552,16.6923,0.0131,0.0000,0,0,0.0000,0,0.0000,0,0,0,18283,0
3847,2.9733,22.0192,0.0078,0.0000,0,0,0.0000,0,0.0000,0,0,0,16957,0
3848,5.1946,6.2464,0.0045,0.0000,0,0,0.0000,0,0.0000,0,0,0,9106,0
3849,3.1340,11.5217,0.0051,0.0000,0,0,0.0000,0,0.0000,0,0,0,3310,0
3850,3.0552,17.0705,0.0154,0.0000,0,0,0.0000,0,0.0000,0,0,0,13242,0
3851,2.9733,22.4507,0.0073,0.0000,0,0,0.0000,0,0.0000,0,0,0,5603,0
3852,5.1946,6.7586,0.0131,0.0000,0,0,0.0000,0,0.0000,0,0,0,7345,0
3853,3.1340,11.5148,0.0073,0.0000,0,0,0.0000,0,0.0000,0,0,0,3453,0
3854,3.0552,16.6692,0.0070,0.0000,0,0,0.0000,0,0.0000,0,0,0,8492,0
3855,2.9733,22.3710,0.0119,0.0000,0,0,0.0000,0,0.0000,0,0,0,5499,0
3856,5.1946,6.5966,0.0076,0.0000,0,0,0.0000,0,0.0000,0,0,0,5064,0
3857,3.1340,11.5406,0.0059,0.0000,0,0,0.0000,0,0.0000,0,0,0,1807,0
3858,3.0552,16.6713,0.0064,0.0000,0,0,0.0000,0,0.0000,0,0,0,7279,0
3859,2.9733,21.8428,0.0031,0.0000,0,0,0.0000,0,0.0000,0,0,0,4910,0
3860,5.1946,6.5300,0.0113,0.0000,0,0,0.0000,0,0.0000,0,0,0,4261,0
3861,3.1340,11.5394,0.0057,0.0000,0,0,0.0000,0,0.0000,0,0,0,1446,0
3862,3.0552,16.8418,0.0053,0.0000,0,0,0.0000,0,0.0000,0,0,0,2044,0
3863,2.9733,22.4142,0.0115,0.0000,0,0,0.0000,0,0.0000,0,0,0,4608,0
3864,5.1946,6.6318,0.0074,0.0000,0,0,0.0000,0,0.0000,0,0,0,3916,0
3865,3.1340,11.6760,0.0050,0.0000,0,0,0.0000,0,0.0000,0,0,0,1368,0
3866,3.0552,16.9676,0.0065,0.0000,0,0,0.0000,0,0.0000,0,0,0,1916,0
3867,2.9733,22.5040,0.0093,0.0000,0,0,0.0000,0,0.0000,0,0,0,4126,0
3868,5.1946,6.8752,0.0064,0.0000,0,0,0.0000,0,0.0000,0,0,0,2949,0
3869,3.1340,11.6232,0.0071,0.0000,0,0,0.0000,0,0.0000,0,0,0,1443,0
3870,3.0552,16.8326,0.0090,0.0000,0,0,0.0000,0,0.0000,0,0,0,2261,0
3871,2.9733,22.1636,0.0069,0.0000,0,0,0.0000,0,0.0000,0,0,0,3675,0
3872,5.1946,6.6860,0.0063,0.0000,0,0,0.0000,0,0.0000,0,0,0,1746,0
3873,3.1340,11.4910,0.0041,0.0000,0,0,0.0000,0,0.0000,0,0,0,1587,0
3874,3.0552,16.8395,0.0095,0.0000,0,0,0.0000,0,0.0000,0,0,0,1787,0
3875,2.9733,22.2220,0.0085,0.0000,0,0,0.0000,0,0.0000,0,0,0,3610,0
3876,5.1946,6.5150,0.0107,0.0000,0,0,0.0000,0,0.0000,0,0,0,1549,0
3877,3.1340,11.6322,0.0126,0.0000,0,0,0.0000,0,0.0000,0,0,0,1578,0
3878,3.0552,16.7179,0.0095,0.0000,0,0,0.0000,0,0.0000,0,0,0,2146,0
3879,2.9733,21.9627,0.0043,0.0000,0,0,0.0000,0,0.0000,0,0,0,1060,0
3880,5.1946,6.5000,0.0060,0.0000,0,0,0.0000,0,0.0000,0,0,0,1191,0
3881,3.1340,11.5307,0.0091,0.0000,0,0,0.0000,0,0.0000,0,0,0,1431,0
3882,3.0552,16.8340,0.0085,0.0000,0,0,0.0000,0,0.0000,0,0,0,1577,0
3883,2.9733,22.3779,0.0060,0.0000,0,0,0.0000,0,0.0000,0,0,0,754,0
3884,5.1946,6.6516,0.0110,0.0000,0,0,0.0000,0,0.0000,0,0,0,1033,0
3885,3.1340,11.6031,0.0095,0.0000,0,0,0.0000,0,0.0000,0,0,0,1325,0
3886,3.0552,16.7205,0.0063,0.0000,0,0,0.0000,0,0.0000,0,0,0,1979,0
3887,2.9733,22.1745,0.0060,0.0000,0,0,0.0000,0,0.0000,0,0,0,835,0
3888,5.1946,6.8490,0.0065,0.0000,0,0,0.0000,0,0.0000,0,0,0,1043,0
3889,3.1340,11.6403,0.0077,0.0000,0,0,0.0000,0,0.0000,0,0,0,1267,0
3890,3.0552,16.7213,0.0040,0.0000,0,0,0.0000,0,0.0000,0,0,0,1429,0
3891,2.9733,22.1722,0.0095,0.0000,0,0,0.0000,0,0.0000,0,0,0,1138,0
3892,5.1946,6.6771,0.0058,0.0000,0,0,0.0000,0,0.0000,0,0,0,846,0
3893,3.1340,11.3894,0.0036,0.0000,0,0,0.0000,0,0.0000,0,0,0,1218,0
3894,3.0552,16.6379,0.0056,0.0000,0,0,0.0000,0,0.0000,0,0,0,1219,0
3895,2.9733,21.9912,0.0110,0.0000,0,0,0.0000,0,0.0000,0,0,0,1728,0
3896,5.1946,6.6057,0.0056,0.0000,0,0,0.0000,0,0.0000,0,0,0,763,0
3897,3.1340,11.4843,0.0062,0.0000,0,0,0.0000,0,0.0000,0,0,0,1111,0
3898,3.0552,16.9208,0.0082,0.0000,0,0,0.0000,0,0.0000,0,0,0,1074,0
3899,2.9733,22.1542,0.0043,0.0000,0,0,0.0000,0,0.0000,0,0,0,1422,0
3900,5.1946,6.5995,0.0060,0.0000,0,0,0.0000,0,0.0000,0,0,0,681,0
3901,3.1340,11.5204,0.0035,0.0000,0,0,0.0000,0,0.0000,0,0,0,1116,0
3902,3.0552,16.8241,0.0057,0.0000,0,0,0.0000,0,0.0000,0,0,0,1772,0
3903,2.9733,22.2023,0.0067,0.0000,0,0,0.0000,0,0.0000,0,0,0,1693,0
3904,5.1946,6.4712,0.0054,0.0000,0,0,0.0000,0,0.0000,0,0,0,635,0
3905,3.1340,11.5907,0.0056,0.0000,0,0,0.0000,0,0.0000,0,0,0,895,0
3906,3.0552,16.9345,0.0061,0.0000,0,0,0.0000,0,0.0000,0,0,0,723,0
3907,2.9733,22.2568,0.0040,0.0000,0,0,0.0000,0,0.0000,0,0,0,714,0
3908,5.1946,6.7600,0.0103,0.0000,0,0,0.0000,0,0.0000,0,0,0,635,0
3909,3.1340,11.5523,0.0059,0.0000,0,0,0.0000,0,0.0000,0,0,0,951,0
3910,3.0552,16.7602,0.0041,0.0000,0,0,0.0000,0,0.0000,0,0,0,695,0
3911,2.9733,22.1337,0.0097,0.0000,0,0,0.0000,0,0.0000,0,0,0,704,0
3912,5.1946,6.5515,0.0066,0.0000,0,0,0.0000,0,0.0000,0,0,0,634,0
3913,3.1340,11.5653,0.0073,0.0000,0,0,0.0000,0,0.0000,0,0,0,874,0
3914,3.0552,16.9069,0.0067,0.0000,0,0,0.0000,0,0.0000,0,0,0,695,0
3915,2.9733,22.1730,0.0114,0.0000,0,0,0.0000,0,0.0000,0,0,0,712,0
3916,5.1946,6.6247,0.0083,0.0000,0,0,0.0000,0,0.0000,0,0,0,623,0
3917,3.1340,11.5328,0.0070,0.0000,0,0,0.0000,0,0.0000,0,0,0,816,0
3918,3.0552,16.8365,0.0053,0.0000,0,0,0.0000,0,0.0000,0,0,0,732,0
3919,2.9733,22.1430,0.0060,0.0000,0,0,0.0000,0,0.0000,0,0,0,790,0
3920,5.1946,6.6538,0.0067,0.0000,0,0,0.0000,0,0.0000,0,0,0,681,0
3921,3.1340,11.4593,0.0096,0.0000,0,0,0.0000,0,0.0000,0,0,0,774,0
3922,3.0552,16.7731,0.0092,0.0000,0,0,0.0000,0,0.0000,0,0,0,806,0
3923,2.9733,22.0835,0.0108,0.0000,0,0,0.0000,0,0.0000,0,0,0,1044,0
3924,5.1946,6.3297,0.0030,0.0000,0,0,0.0000,0,0.0000,0,0,0,640,0
3925,3.1340,11.5400,0.0065,0.0000,0,0,0.0000,0,0.0000,0,0,0,819,0
3926,3.0552,16.9812,0.0057,0.0000,0,0,0.0000,0,0.0000,0,0,0,740,0
3927,2.9733,22.3904,0.0049,0.0000,0,0,0.0000,0,0.0000,0,0,0,871,0
3928,5.1946,6.8795,0.0059,0.0000,0,0,0.0000,0,0.0000,0,0,0,602,0
3929,3.1340,11.5259,0.0061,0.0000,0,0,0.0000,0,0.0000,0,0,0,721,0
3930,3.0552,16.6662,0.0052,0.0000,0,0,0.0000,0,0.0000,0,0,0,1059,0
3931,2.9733,21.8812,0.0063,0.0000,0,0,0.0000,0,0.0000,0,0,0,1253,0
3932,5.1946,6.6683,0.0056,0.0000,0,0,0.0000,0,0.0000,0,0,0,599,0
3933,3.1340,11.4535,0.0043,0.0000,0,0,0.0000,0,0.0000,0,0,0,614,0
3934,3.0552,16.6852,0.0068,0.0000,0,0,0.0000,0,0.0000,0,0,0,928,0
3935,2.9733,21.7804,0.0107,0.0000,0,0,0.0000,0,0.0000,0,0,0,701,0
3936,5.1946,6.7918,0.0056,0.0000,0,0,0.0000,0,0.0000,0,0,0,599,0
3937,3.1340,11.5489,0.0099,0.0000,0,0,0.0000,0,0.0000,0,0,0,599,0
3938,3.0552,16.5482,0.0033,0.0000,0,0,0.0000,0,0.0000,0,0,0,928,0
3939,2.9733,21.9608,0.0047,0.0000,0,0,0.0000,0,0.0000,0,0,0,695,0
3940,5.1946,6.6568,0.0096,0.0000,0,0,0.0000,0,0.0000,0,0,0,599,0
3941,3.1340,11.4305,0.0037,0.0000,0,0,0.0000,0,0.0000,0,0,0,599,0
3942,3.0552,16.7526,0.0059,0.0000,0,0,0.0000,0,0.0000,0,0,0,902,0
3943,2.9733,22.2013,0.0066,0.0000,0,0,0.0000,0,0.0000,0,0,0,701,0
3944,5.1946,6.5195,0.0073,0.0000,0,0,0.0000,0,0.0000,0,0,0,599,0
3945,3.1340,11.5365,0.0088,0.0000,0,0,0.0000,0,0.0000,0,0,0,599,0
3946,3.0552,16.9069,0.0067,0.0000,0,0,0.0000,0,0.0000,0,0,0,1292,0
3947,2.9733,22.1706,0.0040,0.0000,0,0,0.0000,0,0.0000,0,0,0,699,0
3948,5.1946,6.5846,0.0100,0.0000,0,0,0.0000,0,0.0000,0,0,0,599,0
3949,3.1340,11.6531,0.0102,0.0000,0,0,0.0000,0,0.0000,0,0,0,599,0
3950,3.0552,16.9201,0.0043,0.0000,0,0,0.0000,0,0.0000,0,0,0,700,0
3951,2.9733,22.4109,0.0069,0.0000,0,0,0.0000,0,0.0000,0,0,0,789,0
3952,5.1946,6.5778,0.0065,0.0000,0,0,0.0000,0,0.0000,0,0,0,599,0
3953,3.1340,11.6378,0.0063,0.0000,0,0,0.0000,0,0.0000,0,0,0,599,0
3954,3.0552,16.8191,0.0106,0.0000,0,0,0.0000,0,0.0000,0,0,0,695,0
3955,2.9733,22.0727,0.0029,0.0000,0,0,0.0000,0,0.0000,0,0,0,717,0
3956,5.1946,6.6803,0.0094,0.0000,0,0,0.0000,0,0.0000,0,0,0,599,0
3957,3.1340,11.6215,0.0099,0.0000,0,0,0.0000,0,0.0000,0,0,0,599,0
3958,3.0552,16.7387,0.0040,0.0000,0,0,0.0000,0,0.0000,0,0,0,732,0
3959,2.9733,22.1417,0.0058,0.0000,0,0,0.0000,0,0.0000,0,0,0,983,0
3960,5.1946,6.4700,0.0059,0.0000,0,0,0.0000,0,0.0000,0,0,0,599,0
3961,3.1340,11.5539,0.0062,0.0000,0,0,0.0000,0,0.0000,0,0,0,599,0
3962,3.0552,16.9473,0.0064,0.0000,0,0,0.0000,0,0.0000,0,0,0,716,0
3963,2.9733,22.3609,0.0071,0.0000,0,0,0.0000,0,0.0000,0,0,0,701,0
3964,5.1946,6.5119,0.0049,0.0000,0,0,0.0000,0,0.0000,0,0,0,599,0
3965,3.1340,11.5648,0.0103,0.0000,0,0,0.0000,0,0.0000,0,0,0,599,0
3966,3.0552,16.8848,0.0061,0.0000,0,0,0.0000,0,0.0000,0,0,0,801,0
3967,2.9733,22.2285,0.0080,0.0000,0,0,0.0000,0,0.0000,0,0,0,695,0
3968,5.1946,6.5139,0.0061,0.0000,0,0,0.0000,0,0.0000,0,0,0,599,0
3969,3.1340,11.4981,0.0040,0.0000,0,0,0.0000,0,0.0000,0,0,0,599,0
3970,3.0552,16.7559,0.0053,0.0000,0,0,0.0000,0,0.0000,0,0,0,747,0
3971,2.9733,22.0583,0.0061,0.0000,0,0,0.0000,0,0.0000,0,0,0,695,0
3972,5.1946,6.4973,0.0055,0.0000,0,0,0.0000,0,0.0000,0,0,0,599,0
3973,3.1340,11.4521,0.0052,0.0000,0,0,0.0000,0,0.0000,0,0,0,599,0
3974,3.0552,16.7967,0.0100,0.0000,0,0,0.0000,0,0.0000,0,0,0,930,0
3975,2.9733,22.0165,0.0029,0.0000,0,0,0.0000,0,0.0000,0,0,0,712,0
3976,5.1946,6.6210,0.0056,0.0000,0,0,0.0000,0,0.0000,0,0,0,599,0
3977,3.1340,11.5101,0.0059,0.0000,0,0,0.0000,0,0.0000,0,0,0,599,0
3978,3.0552,16.6487,0.0031,0.0000,0,0,0.0000,0,0.0000,0,0,0,767,0
3979,2.9733,22.0207,0.0057,0.0000,0,0,0.0000,0,0.0000,0,0,0,729,0
3980,5.1946,6.5150,0.0062,0.0000,0,0,0.0000,0,0.0000,0,0,0,599,0
3981,3.1340,11.5486,0.0080,0.0000,0,0,0.0000,0,0.0000,0,0,0,599,0
3982,3.0552,16.8815,0.0053,0.0000,0,0,0.0000,0,0.0000,0,0,0,727,0
3983,2.9733,22.4703,0.0113,0.0000,0,0,0.0000,0,0.0000,0,0,0,695,0
3984,5.1946,6.4956,0.0077,0.0000,0,0,0.0000,0,0.0000,0,0,0,599,0
3985,3.1340,11.5188,0.0063,0.0000,0,0,0.0000,0,0.0000,0,0,0,599,0
3986,3.0552,16.7595,0.0037,0.0000,0,0,0.0000,0,0.0000,0,0,0,746,0
3987,2.9733,22.1057,0.0052,0.0000,0,0,0.0000,0,0.0000,0,0,0,821,0
3988,5.1946,6.4998,0.0060,0.0000,0,0,0.0000,0,0.0000,0,0,0,599,0
3989,3.1340,11.5050,0.0039,0.0000,0,0,0.0000,0,0.0000,0,0,0,599,0
3990,3.0552,16.8962,0.0061,0.0000,0,0,0.0000,0,0.0000,0,0,0,1008,0
3991,2.9733,22.3111,0.0104,0.0000,0,0,0.0000,0,0.0000,0,0,0,695,0
3992,5.1946,6.4169,0.0076,0.0000,0,0,0.0000,0,0.0000,0,0,0,599,0
3993,3.1340,11.2834,0.0056,0.0000,0,0,0.0000,0,0.0000,0,0,0,599,0
3994,3.0552,16.3335,0.0057,0.0000,0,0,0.0000,0,0.0000,0,0,0,697,0
3995,2.9733,21.6743,0.0031,0.0000,0,0,0.0000,0,0.0000,0,0,0,695,0
3996,5.1946,6.6435,0.0062,0.0000,0,0,0.0000,0,0.0000,0,0,0,599,0
3997,3.1340,11.5150,0.0054,0.0000,0,0,0.0000,0,0.0000,0,0,0,599,0
3998,3.0552,16.7139,0.0059,0.0000,0,0,0.0000,0,0.0000,0,0,0,695,0
3999,2.9733,22.0830,0.0055,0.0000,0,0,0.0000,0,0.0000,0,0,0,695,0
4000,5.1946,6.5719,0.0051,0.0000,0,0,0.0000,0,0.0000,0,0,0,599,0
4001,3.1340,11.5686,0.0038,0.0000,0,0,0.0000,0,0.0000,0,0,0,599,0
4002,3.0552,16.8525,0.0085,0.0000,0,0,0.0000,0,0.0000,0,0,0,695,0
4003,2.9733,22.3940,0.0067,0.0000,0,0,0.0000,0,0.0000,0,0,0,695,0
4004,5.1946,6.6179,0.0056,0.0000,0,0,0.0000,0,0.0000,0,0,0,599,0
4005,3.1340,11.6760,0.0092,0.0000,0,0,0.0000,0,0.0000,0,0,0,599,0
4006,3.0552,16.9310,0.0030,0.0000,0,0,0.0000,0,0.0000,0,0,0,695,0
4007,2.9733,22.3965,0.0068,0.0000,0,0,0.0000,0,0.0000,0,0,0,718,0
4008,5.1946,6.4211,0.0057,0.0000,0,0,0.0000,0,0.0000,0,0,0,599,0
4009,3.1340,11.4579,0.0050,0.0000,0,0,0.0000,0,0.0000,0,0,0,599,0
4010,3.0552,16.7578,0.0056,0.0000,0,0,0.0000,0,0.0000,0,0,0,705,0
4011,2.9733,22.0340,0.0049,0.0000,0,0,0.0000,0,0.0000,0,0,0,700,0
4012,5.1946,6.3010,0.0040,0.0000,0,0,0.0000,0,0.0000,0,0,0,599,0
4013,3.1340,11.5061,0.0056,0.0000,0,0,0.0000,0,0.0000,0,0,0,599,0
4014,3.0552,16.8584,0.0054,0.0000,0,0,0.0000,0,0.0000,0,0,0,695,0
4015,2.9733,22.2742,0.0037,0.0000,0,0,0.0000,0,0.0000,0,0,0,725,0
4016,5.1946,6.5914,0.0105,0.0000,0,0,0.0000,0,0.0000,0,0,0,599,0
4017,3.1340,11.5301,0.0065,0.0000,0,0,0.0000,0,0.0000,0,0,0,599,0
4018,3.0552,16.7403,0.0034,0.0000,0,0,0.0000,0,0.0000,0,0,0,717,0
4019,2.9733,23.4697,0.0063,0.0000,0,0,0.0000,0,0.0000,0,0,0,695,0
4020,5.1946,6.5084,0.0050,0.0000,0,0,0.0000,0,0.0000,0,0,0,599,0
4021,3.1340,11.6014,0.0100,0.0000,0,0,0.0000,0,0.0000,0,0,0,599,0
4022,3.0552,16.9778,0.0061,0.0000,0,0,0.0000,0,0.0000,0,0,0,720,0
4023,2.9733,22.3195,0.0057,0.0000,0,0,0.0000,0,0.0000,0,0,0,695,0
4024,5.1946,6.5485,0.0099,0.0000,0,0,0.0000,0,0.0000,0,0,0,599,0
4025,3.1340,11.5500,0.0057,0.0000,0,0,0.0000,0,0.0000,0,0,0,599,0
4026,3.0552,16.8035,0.0040,0.0000,0,0,0.0000,0,0.0000,0,0,0,716,0
4027,2.9733,22.2469,0.0101,0.0000,0,0,0.0000,0,0.0000,0,0,0,695,0
4028,5.1946,6.4690,0.0061,0.0000,0,0,0.0000,0,0.0000,0,0,0,599,0
4029,3.1340,11.4782,0.0041,0.0000,0,0,0.0000,0,0.0000,0,0,0,599,0
4030,3.0552,16.9135,0.0058,0.0000,0,0,0.0000,0,0.0000,0,0,0,740,0
4031,2.9733,22.3164,0.0059,0.0000,0,0,0.0000,0,0.0000,0,0,0,695,0
4032,5.1946,6.4733,0.0049,0.0000,0,0,0.0000,0,0.0000,0,0,0,599,0
4033,3.1340,11.5330,0.0053,0.0000,0,0,0.0000,0,0.0000,0,0,0,599,0
4034,3.0552,17.0579,0.0075,0.0000,0,0,0.0000,0,0.0000,0,0,0,836,0
4035,2.9733,22.3623,0.0040,0.0000,0,0,0.0000,0,0.0000,0,0,0,706,0
4036,5.1946,6.6445,0.0060,0.0000,0,0,0.0000,0,0.0000,0,0,0,599,0
4037,3.1340,11.4903,0.0024,0.0000,0,0,0.0000,0,0.0000,0,0,0,599,0
4038,3.0552,16.9948,0.0075,0.0000,0,0,0.0000,0,0.0000,0,0,0,695,0
4039,2.9733,22.2859,0.0101,0.0000,0,0,0.0000,0,0.0000,0,0,0,701,0
4040,5.1946,6.5113,0.0052,0.0000,0,0,0.0000,0,0.0000,0,0,0,599,0
4041,3.1340,11.6439,0.0054,0.0000,0,0,0.0000,0,0.0000,0,0,0,599,0
4042,3.0552,17.0192,0.0101,0.0000,0,0,0.0000,0,0.0000,0,0,0,695,0
4043,2.9733,22.3086,0.0037,0.0000,0,0,0.0000,0,0.0000,0,0,0,699,0
4044,5.1946,6.5050,0.0057,0.0000,0,0,0.0000,0,0.0000,0,0,0,599,0
4045,3.1340,11.5482,0.0103,0.0000,0,0,0.0000,0,0.0000,0,0,0,599,0
4046,3.0552,16.7695,0.0032,0.0000,0,0,0.0000,0,0.0000,0,0,0,695,0
4047,2.9733,22.1763,0.0055,0.0000,0,0,0.0000,0,0.0000,0,0,0,695,0
4048,5.1946,6.5716,0.0065,0.0000,0,0,0.0000,0,0.0000,0,0,0,599,0
4049,3.1340,11.6051,0.0037,0.0000,0,0,0.0000,0,0.0000,0,0,0,599,0
4050,3.0552,16.9865,0.0058,0.0000,0,0,0.0000,0,0.0000,0,0,0,695,0
4051,2.9733,22.2017,0.0058,0.0000,0,0,0.0000,0,0.0000,0,0,0,695,0
4052,5.1946,6.5564,0.0053,0.0000,0,0,0.0000,0,0.0000,0,0,0,599,0
4053,3.1340,11.5460,0.0061,0.0000,0,0,0.0000,0,0.0000,0,0,0,599,0
4054,3.0552,17.0487,0.0067,0.0000,0,0,0.0000,0,0.0000,0,0,0,704,0
4055,2.9733,22.3490,0.0093,0.0000,0,0,0.0000,0,0.0000,0,0,0,695,0
4056,5.1946,6.5582,0.0064,0.0000,0,0,0.0000,0,0.0000,0,0,0,599,0
4057,3.1340,11.4386,0.0031,0.0000,0,0,0.0000,0,0.0000,0,0,0,599,0
4058,3.0552,16.7713,0.0096,0.0000,0,0,0.0000,0,0.0000,0,0,0,708,0
4059,2.9733,22.0596,0.0063,0.0000,0,0,0.0000,0,0.0000,0,0,0,695,0
4060,5.1946,6.3810,0.0027,0.0000,0,0,0.0000,0,0.0000,0,0,0,599,0
4061,3.1340,11.5684,0.0105,0.0000,0,0,0.0000,0,0.0000,0,0,0,599,0
4062,3.0552,16.7462,0.0098,0.0000,0,0,0.0000,0,0.0000,0,0,0,710,0
4063,2.9733,22.0477,0.0032,0.0000,0,0,0.0000,0,0.0000,0,0,0,695,0
4064,5.1946,6.7023,0.0102,0.0000,0,0,0.0000,0,0.0000,0,0,0,599,0
4065,3.1340,11.5314,0.0054,0.0000,0,0,0.0000,0,0.0000,0,0,0,599,0
4066,3.0552,16.7805,0.0041,0.0000,0,0,0.0000,0,0.0000,0,0,0,703,0
4067,2.9733,22.1720,0.0053,0.0000,0,0,0.0000,0,0.0000,0,0,0,695,0
4068,5.1946,6.6468,0.0103,0.0000,0,0,0.0000,0,0.0000,0,0,0,599,0
4069,3.1340,11.5541,0.0043,0.0000,0,0,0.0000,0,0.0000,0,0,0,599,0
4070,3.0552,16.9410,0.0061,0.0000,0,0,0.0000,0,0.0000,0,0,0,695,0
4071,2.9733,22.2268,0.0052,0.0000,0,0,0.0000,0,0.0000,0,0,0,695,0
4072,5.1946,6.7437,0.0097,0.0000,0,0,0.0000,0,0.0000,0,0,0,599,0
4073,3.1340,11.5778,0.0060,0.0000,0,0,0.0000,0,0.0000,0,0,0,599,0
4074,3.0552,16.8888,0.0042,0.0000,0,0,0.0000,0,0.0000,0,0,0,695,0
4075,2.9733,22.2177,0.0077,0.0000,0,0,0.0000,0,0.0000,0,0,0,695,0
4076,5.1946,6.6187,0.0099,0.0000,0,0,0.0000,0,0.0000,0,0,0,599,0
4077,3.1340,11.4965,0.0043,0.0000,0,0,0.0000,0,0.0000,0,0,0,599,0
4078,3.0552,16.7168,0.0060,0.0000,0,0,0.0000,0,0.0000,0,0,0,799,0
4079,2.9733,22.0935,0.0069,0.0000,0,0,0.0000,0,0.0000,0,0,0,695,0
4080,5.1946,5.8040,0.0347,0.0000,0,0,0.0000,0,0.0000,0,1,0,105482,0
4081,3.1340,9.8731,0.0326,0.0000,0,0,0.0000,0,0.0000,0,1,0,71919,0
4082,3.0552,14.1931,0.0437,0.0000,0,0,0.0000,0,0.0000,0,1,0,100728,0
4083,2.9733,18.5626,0.0121,0.0000,0,0,0.0000,0,0.0000,0,1,0,109587,0
4084,5.1946,6.8033,0.0141,0.0000,0,0,0.0000,0,0.0000,0,0,0,15863,0
4085,3.1340,11.5930,0.0077,0.0000,0,0,0.0000,0,0.0000,0,0,0,9553,0
4086,3.0552,16.7710,0.0076,0.0000,0,0,0.0000,0,0.0000,0,0,0,14021,0
4087,2.9733,22.3296,0.0297,0.0000,0,0,0.0000,0,0.0000,0,0,0,22860,0
4088,5.1946,6.4874,0.0108,0.0000,0,0,0.0000,0,0.0000,0,0,0,9106,0
4089,3.1340,11.4552,0.0055,0.0000,0,0,0.0000,0,0.0000,0,0,0,3310,0
4090,3.0552,16.8032,0.0077,0.0000,0,0,0.0000,0,0.0000,0,0,0,16824,0
4091,2.9733,22.1649,0.0154,0.0000,0,0,0.0000,0,0.0000,0,0,0,20305,0
4092,5.1946,6.4308,0.0080,0.0000,0,0,0.0000,0,0.0000,0,0,0,7345,0
4093,3.1340,11.5825,0.0095,0.0000,0,0,0.0000,0,0.0000,0,0,0,3453,0
4094,3.0552,16.9683,0.0092,0.0000,0,0,0.0000,0,0.0000,0,0,0,15486,0
4095,2.9733,22.3661,0.0061,0.0000,0,0,0.0000,0,0.0000,0,0,0,8839,0
4096,5.1946,6.5382,0.0107,0.0000,0,0,0.0000,0,0.0000,0,0,0,5064,0
4097,3.1340,11.6075,0.0068,0.0000,0,0,0.0000,0,0.0000,0,0,0,1807,0
4098,3.0552,16.8096,0.0063,0.0000,0,0,0.0000,0,0.0000,0,0,0,12230,0
4099,2.9733,22.2265,0.0120,0.0000,0,0,0.0000,0,0.0000,0,0,0,7342,0
4100,5.1946,6.6514,0.0089,0.0000,0,0,0.0000,0,0.0000,0,0,0,4261,0
4101,3.1340,11.6186,0.0058,0.0000,0,0,0.0000,0,0.0000,0,0,0,1446,0
4102,3.0552,16.8275,0.0078,0.0000,0,0,0.0000,0,0.0000,0,0,0,8041,0
4103,2.9733,22.1270,0.0041,0.0000,0,0,0.0000,0,0.0000,0,0,0,2243,0
4104,5.1946,6.6784,0.0061,0.0000,0,0,0.0000,0,0.0000,0,0,0,3916,0
4105,3.1340,11.6090,0.0104,0.0000,0,0,0.0000,0,0.0000,0,0,0,1368,0
4106,3.0552,16.7707,0.0059,0.0000,0,0,0.0000,0,0.0000,0,0,0,7441,0
4107,2.9733,22.1522,0.0073,0.0000,0,0,0.0000,0,0.0000,0,0,0,1961,0
4108,5.1946,6.4882,0.0151,0.0000,0,0,0.0000,0,0.0000,0,0,0,2949,0
4109,3.1340,11.4323,0.0047,0.0000,0,0,0.0000,0,0.0000,0,0,0,1443,0
4110,3.0552,16.7455,0.0068,0.0000,0,0,0.0000,0,0.0000,0,0,0,4682,0
4111,2.9733,22.1462,0.0120,0.0000,0,0,0.0000,0,0.0000,0,0,0,1949,0
4112,5.1946,6.6128,0.0044,0.0000,0,0,0.0000,0,0.0000,0,0,0,1746,0
4113,3.1340,11.5705,0.0072,0.0000,0,0,0.0000,0,0.0000,0,0,0,1587,0
4114,3.0552,16.8950,0.0076,0.0000,0,0,0.0000,0,0.0000,0,0,0,3830,0
4115,2.9733,22.1426,0.0050,0.0000,0,0,0.0000,0,0.0000,0,0,0,1561,0
4116,5.1946,6.5468,0.0106,0.0000,0,0,0.0000,0,0.0000,0,0,0,1549,0
4117,3.1340,11.5881,0.0149,0.0000,0,0,0.0000,0,0.0000,0,0,0,1578,0
4118,3.0552,16.9363,0.0144,0.0000,0,0,0.0000,0,0.0000,0,0,0,3348,0
4119,2.9733,22.2854,0.0073,0.0000,0,0,0.0000,0,0.0000,0,0,0,2325,0
4120,5.1946,6.4193,0.0063,0.0000,0,0,0.0000,0,0.0000,0,0,0,1191,0
4121,3.1340,11.5054,0.0051,0.0000,0,0,0.0000,0,0.0000,0,0,0,1431,0
4122,3.0552,16.7692,0.0112,0.0000,0,0,0.0000,0,0.0000,0,0,0,3249,0
4123,2.9733,22.0502,0.0052,0.0000,0,0,0.0000,0,0.0000,0,0,0,1876,0
4124,5.1946,6.6955,0.0060,0.0000,0,0,0.0000,0,0.0000,0,0,0,1033,0
4125,3.1340,11.5690,0.0109,0.0000,0,0,0.0000,0,0.0000,0,0,0,1325,0
4126,3.0552,16.7033,0.0061,0.0000,0,0,0.0000,0,0.0000,0,0,0,995,0
4127,2.9733,22.1000,0.0064,0.0000,0,0,0.0000,0,0.0000,0,0,0,2376,0
4128,5.1946,6.4980,0.0044,0.0000,0,0,0.0000,0,0.0000,0,0,0,1043,0
4129,3.1340,11.1269,0.0040,0.0000,0,0,0.0000,0,0.0000,0,0,0,1267,0
4130,3.0552,15.8695,0.0052,0.0000,0,0,0.0000,0,0.0000,0,0,0,742,0
4131,2.9733,21.1054,0.0033,0.0000,0,0,0.0000,0,0.0000,0,0,0,787,0
4132,5.1946,6.4459,0.0047,0.0000,0,0,0.0000,0,0.0000,0,0,0,846,0
4133,3.1340,11.5801,0.0061,0.0000,0,0,0.0000,0,0.0000,0,0,0,1218,0
4134,3.0552,16.8326,0.0034,0.0000,0,0,0.0000,0,0.0000,0,0,0,791,0
4135,2.9733,22.2289,0.0055,0.0000,0,0,0.0000,0,0.0000,0,0,0,700,0
4136,5.1946,6.3175,0.0031,0.0000,0,0,0.0000,0,0.0000,0,0,0,763,0
4137,3.1340,11.4921,0.0099,0.0000,0,0,0.0000,0,0.0000,0,0,0,1111,0
4138,3.0552,16.8030,0.0051,0.0000,0,0,0.0000,0,0.0000,0,0,0,856,0
4139,2.9733,22.2375,0.0051,0.0000,0,0,0.0000,0,0.0000,0,0,0,710,0
4140,5.1946,6.3166,0.0023,0.0000,0,0,0.0000,0,0.0000,0,0,0,681,0
4141,3.1340,11.5204,0.0050,0.0000,0,0,0.0000,0,0.0000,0,0,0,1116,0
4142,3.0552,16.7245,0.0022,0.0000,0,0,0.0000,0,0.0000,0,0,0,1108,0
4143,2.9733,22.1502,0.0048,0.0000,0,0,0.0000,0,0.0000,0,0,0,910,0
4144,5.1946,6.3578,0.0053,0.0000,0,0,0.0000,0,0.0000,0,0,0,635,0
4145,3.1340,11.4643,0.0047,0.0000,0,0,0.0000,0,0.0000,0,0,0,895,0
4146,3.0552,16.7924,0.0071,0.0000,0,0,0.0000,0,0.0000,0,0,0,1017,0
4147,2.9733,22.2431,0.0050,0.0000,0,0,0.0000,0,0.0000,0,0,0,1349,0
4148,5.1946,6.4039,0.0089,0.0000,0,0,0.0000,0,0.0000,0,0,0,635,0
4149,3.1340,11.4826,0.0079,0.0000,0,0,0.0000,0,0.0000,0,0,0,951,0
4150,3.0552,16.7808,0.0049,0.0000,0,0,0.0000,0,0.0000,0,0,0,1548,0
4151,2.9733,21.1595,0.0059,0.0000,0,0,0.0000,0,0.0000,0,0,0,1172,0
4152,5.1946,6.5854,0.0047,0.0000,0,0,0.0000,0,0.0000,0,0,0,634,0
4153,3.1340,11.7022,0.0059,0.0000,0,0,0.0000,0,0.0000,0,0,0,874,0
4154,3.0552,16.9449,0.0043,0.0000,0,0,0.0000,0,0.0000,0,0,0,1320,0
4155,2.9733,22.3951,0.0058,0.0000,0,0,0.0000,0,0.0000,0,0,0,1733,0
4156,5.1946,6.4354,0.0056,0.0000,0,0,0.0000,0,0.0000,0,0,0,623,0
4157,3.1340,11.4348,0.0054,0.0000,0,0,0.0000,0,0.0000,0,0,0,816,0
4158,3.0552,16.8132,0.0057,0.0000,0,0,0.0000,0,0.0000,0,0,0,1177,0
4159,2.9733,22.1755,0.0055,0.0000,0,0,0.0000,0,0.0000,0,0,0,706,0
4160,5.1946,6.4807,0.0046,0.0000,0,0,0.0000,0,0.0000,0,0,0,681,0
4161,3.1340,11.4858,0.0050,0.0000,0,0,0.0000,0,0.0000,0,0,0,774,0
4162,3.0552,16.6837,0.0046,0.0000,0,0,0.0000,0,0.0000,0,0,0,1043,0
4163,2.9733,21.9658,0.0034,0.0000,0,0,0.0000,0,0.0000,0,0,0,706,0
4164,5.1946,6.4448,0.0050,0.0000,0,0,0.0000,0,0.0000,0,0,0,640,0
4165,3.1340,11.4656,0.0070,0.0000,0,0,0.0000,0,0.0000,0,0,0,819,0
4166,3.0552,16.7579,0.0074,0.0000,0,0,0.0000,0,0.0000,0,0,0,1589,0
4167,2.9733,22.2293,0.0050,0.0000,0,0,0.0000,0,0.0000,0,0,0,695,0
4168,5.1946,6.3956,0.0040,0.0000,0,0,0.0000,0,0.0000,0,0,0,602,0
4169,3.1340,11.4998,0.0037,0.0000,0,0,0.0000,0,0.0000,0,0,0,721,0
4170,3.0552,17.2188,0.0068,0.0000,0,0,0.0000,0,0.0000,0,0,0,738,0
4171,2.9733,21.9552,0.0057,0.0000,0,0,0.0000,0,0.0000,0,0,0,722,0
4172,5.1946,6.4355,0.0046,0.0000,0,0,0.0000,0,0.0000,0,0,0,599,0
4173,3.1340,11.6477,0.0057,0.0000,0,0,0.0000,0,0.0000,0,0,0,614,0
4174,3.0552,16.9350,0.0090,0.0000,0,0,0.0000,0,0.0000,0,0,0,695,0
4175,2.9733,22.4892,0.0068,0.0000,0,0,0.0000,0,0.0000,0,0,0,912,0
4176,5.1946,6.5179,0.0055,0.0000,0,0,0.0000,0,0.0000,0,0,0,599,0
4177,3.1340,11.5470,0.0050,0.0000,0,0,0.0000,0,0.0000,0,0,0,599,0
4178,3.0552,16.7530,0.0058,0.0000,0,0,0.0000,0,0.0000,0,0,0,695,0
4179,2.9733,22.0252,0.0067,0.0000,0,0,0.0000,0,0.0000,0,0,0,853,0
4180,5.1946,6.5469,0.0046,0.0000,0,0,0.0000,0,0.0000,0,0,0,599,0
4181,3.1340,11.5431,0.0051,0.0000,0,0,0.0000,0,0.0000,0,0,0,599,0
4182,3.0552,16.7188,0.0038,0.0000,0,0,0.0000,0,0.0000,0,0,0,695,0
4183,2.9733,22.0443,0.0038,0.0000,0,0,0.0000,0,0.0000,0,0,0,1381,0
4184,5.1946,6.3015,0.0039,0.0000,0,0,0.0000,0,0.0000,0,0,0,599,0
4185,3.1340,11.5377,0.0049,0.0000,0,0,0.0000,0,0.0000,0,0,0,599,0
4186,3.0552,16.8480,0.0038,0.0000,0,0,0.0000,0,0.0000,0,0,0,752,0
4187,2.9733,22.4359,0.0063,0.0000,0,0,0.0000,0,0.0000,0,0,0,700,0
4188,5.1946,7.4592,0.0051,0.0000,0,0,0.0000,0,0.0000,0,0,0,599,0
4189,3.1340,11.5658,0.0059,0.0000,0,0,0.0000,0,0.0000,0,0,0,599,0
4190,3.0552,16.8042,0.0062,0.0000,0,0,0.0000,0,0.0000,0,0,0,706,0
4191,2.9733,21.8968,0.0097,0.0000,0,0,0.0000,0,0.0000,0,0,0,695,0
4192,5.1946,6.5805,0.0061,0.0000,0,0,0.0000,0,0.0000,0,0,0,599,0
4193,3.1340,11.6077,0.0055,0.0000,0,0,0.0000,0,0.0000,0,0,0,599,0
4194,3.0552,16.7837,0.0028,0.0000,0,0,0.0000,0,0.0000,0,0,0,931,0
4195,2.9733,22.3689,0.0063,0.0000,0,0,0.0000,0,0.0000,0,0,0,701,0
4196,5.1946,6.4771,0.0050,0.0000,0,0,0.0000,0,0.0000,0,0,0,599,0
4197,3.1340,11.4521,0.0090,0.0000,0,0,0.0000,0,0.0000,0,0,0,599,0
4198,3.0552,16.7856,0.0055,0.0000,0,0,0.0000,0,0.0000,0,0,0,795,0
4199,2.9733,22.0658,0.0050,0.0000,0,0,0.0000,0,0.0000,0,0,0,703,0
4200,5.1946,6.3725,0.0048,0.0000,0,0,0.0000,0,0.0000,0,0,0,599,0
4201,3.1340,11.5428,0.0039,0.0000,0,0,0.0000,0,0.0000,0,0,0,599,0
4202,3.0552,16.9045,0.0058,0.0000,0,0,0.0000,0,0.0000,0,0,0,786,0
4203,2.9733,22.3795,0.0079,0.0000,0,0,0.0000,0,0.0000,0,0,0,799,0
4204,5.1946,7.0314,0.0071,0.0000,0,0,0.0000,0,0.0000,0,0,0,599,0
4205,3.1340,11.5474,0.0062,0.0000,0,0,0.0000,0,0.0000,0,0,0,599,0
4206,3.0552,16.8165,0.0049,0.0000,0,0,0.0000,0,0.0000,0,0,0,764,0
4207,2.9733,22.2461,0.0070,0.0000,0,0,0.0000,0,0.0000,0,0,0,780,0
4208,5.1946,6.5951,0.0089,0.0000,0,0,0.0000,0,0.0000,0,0,0,599,0
4209,3.1340,11.4907,0.0055,0.0000,0,0,0.0000,0,0.0000,0,0,0,599,0
4210,3.0552,16.5583,0.0053,0.0000,0,0,0.0000,0,0.0000,0,0,0,1139,0
4211,2.9733,21.6820,0.0021,0.0000,0,0,0.0000,0,0.0000,0,0,0,1021,0
4212,5.1946,6.4539,0.0057,0.0000,0,0,0.0000,0,0.0000,0,0,0,599,0
4213,3.1340,11.6041,0.0062,0.0000,0,0,0.0000,0,0.0000,0,0,0,599,0
4214,3.0552,16.8266,0.0068,0.0000,0,0,0.0000,0,0.0000,0,0,0,695,0
4215,2.9733,22.3792,0.0065,0.0000,0,0,0.0000,0,0.0000,0,0,0,695,0
4216,5.1946,6.4465,0.0046,0.0000,0,0,0.0000,0,0.0000,0,0,0,599,0
4217,3.1340,11.4374,0.0043,0.0000,0,0,0.0000,0,0.0000,0,0,0,599,0
4218,3.0552,16.7141,0.0043,0.0000,0,0,0.0000,0,0.0000,0,0,0,695,0
4219,2.9733,22.0102,0.0054,0.0000,0,0,0.0000,0,0.0000,0,0,0,695,0
4220,5.1946,6.3771,0.0042,0.0000,0,0,0.0000,0,0.0000,0,0,0,599,0
4221,3.1340,11.4825,0.0036,0.0000,0,0,0.0000,0,0.0000,0,0,0,599,0
4222,3.0552,16.9002,0.0057,0.0000,0,0,0.0000,0,0.0000,0,0,0,695,0
4223,2.9733,22.3183,0.0052,0.0000,0,0,0.0000,0,0.0000,0,0,0,695,0
4224,5.1946,6.4843,0.0053,0.0000,0,0,0.0000,0,0.0000,0,0,0,599,0
4225,3.1340,11.5956,0.0095,0.0000,0,0,0.0000,0,0.0000,0,0,0,599,0
4226,3.0552,16.9655,0.0045,0.0000,0,0,0.0000,0,0.0000,0,0,0,695,0
4227,2.9733,22.3793,0.0065,0.0000,0,0,0.0000,0,0.0000,0,0,0,695,0
4228,5.1946,6.6071,0.0051,0.0000,0,0,0.0000,0,0.0000,0,0,0,599,0
4229,3.1340,11.4990,0.0057,0.0000,0,0,0.0000,0,0.0000,0,0,0,599,0
4230,3.0552,16.7901,0.0067,0.0000,0,0,0.0000,0,0.0000,0,0,0,724,0
4231,2.9733,22.0992,0.0059,0.0000,0,0,0.0000,0,0.0000,0,0,0,746,0
4232,5.1946,6.6168,0.0099,0.0000,0,0,0.0000,0,0.0000,0,0,0,599,0
4233,3.1340,11.4857,0.0047,0.0000,0,0,0.0000,0,0.0000,0,0,0,599,0
4234,3.0552,16.7423,0.0037,0.0000,0,0,0.0000,0,0.0000,0,0,0,695,0
4235,2.9733,22.1258,0.0063,0.0000,0,0,0.0000,0,0.0000,0,0,0,712,0
4236,5.1946,6.4489,0.0045,0.0000,0,0,0.0000,0,0.0000,0,0,0,599,0
4237,3.1340,11.4836,0.0037,0.0000,0,0,0.0000,0,0.0000,0,0,0,599,0
4238,3.0552,16.6732,0.0051,0.0000,0,0,0.0000,0,0.0000,0,0,0,756,0
4239,2.9733,21.2800,0.0057,0.0000,0,0,0.0000,0,0.0000,0,0,0,812,0
4240,5.1946,6.4250,0.0048,0.0000,0,0,0.0000,0,0.0000,0,0,0,599,0
4241,3.1340,11.5964,0.0050,0.0000,0,0,0.0000,0,0.0000,0,0,0,599,0
4242,3.0552,16.8885,0.0094,0.0000,0,0,0.0000,0,0.0000,0,0,0,749,0
4243,2.9733,22.2572,0.0044,0.0000,0,0,0.0000,0,0.0000,0,0,0,734,0
4244,5.1946,6.5560,0.0055,0.0000,0,0,0.0000,0,0.0000,0,0,0,599,0
4245,3.1340,11.5471,0.0048,0.0000,0,0,0.0000,0,0.0000,0,0,0,599,0
4246,3.0552,16.9035,0.0045,0.0000,0,0,0.0000,0,0.0000,0,0,0,715,0
4247,2.9733,22.3300,0.0049,0.0000,0,0,0.0000,0,0.0000,0,0,0,695,0
4248,5.1946,6.3361,0.0030,0.0000,0,0,0.0000,0,0.0000,0,0,0,599,0
4249,3.1340,11.5058,0.0049,0.0000,0,0,0.0000,0,0.0000,0,0,0,599,0
4250,3.0552,16.5795,0.0045,0.0000,0,0,0.0000,0,0.0000,0,0,0,709,0
4251,2.9733,21.8426,0.0066,0.0000,0,0,0.0000,0,0.0000,0,0,0,695,0
4252,5.1946,6.3936,0.0050,0.0000,0,0,0.0000,0,0.0000,0,0,0,599,0
4253,3.1340,11.5252,0.0092,0.0000,0,0,0.0000,0,0.0000,0,0,0,599,0
4254,3.0552,16.8070,0.0074,0.0000,0,0,0.0000,0,0.0000,0,0,0,863,0
4255,2.9733,22.3544,0.0105,0.0000,0,0,0.0000,0,0.0000,0,0,0,702,0
4256,5.1946,6.5267,0.0048,0.0000,0,0,0.0000,0,0.0000,0,0,0,599,0
4257,3.1340,11.3811,0.0075,0.0000,0,0,0.0000,0,0.0000,0,0,0,599,0
4258,3.0552,15.7216,0.0055,0.0000,0,0,0.0000,0,0.0000,0,0,0,695,0
4259,2.9733,20.6469,0.0029,0.0000,0,0,0.0000,0,0.0000,0,0,0,743,0
4260,5.1946,6.3413,0.0045,0.0000,0,0,0.0000,0,0.0000,0,0,0,599,0
4261,3.1340,11.6468,0.0051,0.0000,0,0,0.0000,0,0.0000,0,0,0,599,0
4262,3.0552,16.7451,0.0040,0.0000,0,0,0.0000,0,0.0000,0,0,0,695,0
4263,2.9733,22.2208,0.0101,0.0000,0,0,0.0000,0,0.0000,0,0,0,738,0
4264,5.1946,6.2704,0.0024,0.0000,0,0,0.0000,0,0.0000,0,0,0,599,0
4265,3.1340,11.4219,0.0045,0.0000,0,0,0.0000,0,0.0000,0,0,0,599,0
4266,3.0552,16.7797,0.0052,0.0000,0,0,0.0000,0,0.0000,0,0,0,695,0
4267,2.9733,22.1483,0.0043,0.0000,0,0,0.0000,0,0.0000,0,0,0,788,0
4268,5.1946,6.1825,0.0022,0.0000,0,0,0.0000,0,0.0000,0,0,0,599,0
4269,3.1340,11.4461,0.0036,0.0000,0,0,0.0000,0,0.0000,0,0,0,599,0
4270,3.0552,16.7081,0.0045,0.0000,0,0,0.0000,0,0.0000,0,0,0,695,0
4271,2.9733,22.0458,0.0035,0.0000,0,0,0.0000,0,0.0000,0,0,0,695,0
4272,5.1946,6.4252,0.0040,0.0000,0,0,0.0000,0,0.0000,0,0,0,599,0
4273,3.1340,11.4916,0.0043,0.0000,0,0,0.0000,0,0.0000,0,0,0,599,0
4274,3.0552,16.8155,0.0031,0.0000,0,0,0.0000,0,0.0000,0,0,0,695,0
4275,2.9733,22.3225,0.0057,0.0000,0,0,0.0000,0,0.0000,0,0,0,695,0
4276,5.1946,6.4158,0.0050,0.0000,0,0,0.0000,0,0.0000,0,0,0,599,0
4277,3.1340,11.4480,0.0070,0.0000,0,0,0.0000,0,0.0000,0,0,0,599,0
4278,3.0552,16.8230,0.0060,0.0000,0,0,0.0000,0,0.0000,0,0,0,695,0
4279,2.9733,22.1040,0.0059,0.0000,0,0,0.0000,0,0.0000,0,0,0,705,0
4280,5.1946,6.4674,0.0084,0.0000,0,0,0.0000,0,0.0000,0,0,0,599,0
4281,3.1340,11.9647,0.0057,0.0000,0,0,0.0000,0,0.0000,0,0,0,599,0
4282,3.0552,16.8461,0.0046,0.0000,0,0,0.0000,0,0.0000,0,0,0,706,0
4283,2.9733,22.2814,0.0096,0.0000,0,0,0.0000,0,0.0000,0,0,0,725,0
4284,5.1946,6.5069,0.0054,0.0000,0,0,0.0000,0,0.0000,0,0,0,599,0
4285,3.1340,11.5678,0.0051,0.0000,0,0,0.0000,0,0.0000,0,0,0,599,0
4286,3.0552,16.9145,0.0058,0.0000,0,0,0.0000,0,0.0000,0,0,0,714,0
4287,2.9733,22.2032,0.0067,0.0000,0,0,0.0000,0,0.0000,0,0,0,746,0
4288,5.1946,6.5310,0.0053,0.0000,0,0,0.0000,0,0.0000,0,0,0,599,0
4289,3.1340,11.5305,0.0060,0.0000,0,0,0.0000,0,0.0000,0,0,0,599,0
4290,3.0552,16.7606,0.0051,0.0000,0,0,0.0000,0,0.0000,0,0,0,697,0
4291,2.9733,22.0435,0.0036,0.0000,0,0,0.0000,0,0.0000,0,0,0,721,0
4292,5.1946,6.4806,0.0054,0.0000,0,0,0.0000,0,0.0000,0,0,0,599,0
4293,3.1340,11.4737,0.0093,0.0000,0,0,0.0000,0,0.0000,0,0,0,599,0
4294,3.0552,16.7579,0.0079,0.0000,0,0,0.0000,0,0.0000,0,0,0,695,0
4295,2.9733,22.1880,0.0057,0.0000,0,0,0.0000,0,0.0000,0,0,0,758,0
4296,5.1946,6.5075,0.0047,0.0000,0,0,0.0000,0,0.0000,0,0,0,599,0
4297,3.1340,11.5456,0.0043,0.0000,0,0,0.0000,0,0.0000,0,0,0,599,0
4298,3.0552,16.7782,0.0037,0.0000,0,0,0.0000,0,0.0000,0,0,0,781,0
4299,2.9733,21.9986,0.0026,0.0000,0,0,0.0000,0,0.0000,0,0,0,695,0
4300,5.1946,6.2913,0.0022,0.0000,0,0,0.0000,0,0.0000,0,0,0,599,0
4301,3.1340,11.4365,0.0020,0.0000,0,0,0.0000,0,0.0000,0,0,0,599,0
4302,3.0552,16.7020,0.0021,0.0000,0,0,0.0000,0,0.0000,0,0,0,695,0
4303,2.9733,22.2530,0.0052,0.0000,0,0,0.0000,0,0.0000,0,0,0,695,0
4304,5.1946,6.8446,0.0023,0.0000,0,0,0.0000,0,0.0000,0,0,0,599,0
4305,3.1340,11.4782,0.0048,0.0000,0,0,0.0000,0,0.0000,0,0,0,599,0
4306,3.0552,16.8145,0.0052,0.0000,0,0,0.0000,0,0.0000,0,0,0,695,0
4307,2.9733,22.1192,0.0045,0.0000,0,0,0.0000,0,0.0000,0,0,0,695,0
4308,5.1946,6.3004,0.0031,0.0000,0,0,0.0000,0,0.0000,0,0,0,599,0
4309,3.1340,11.5639,0.0050,0.0000,0,0,0.0000,0,0.0000,0,0,0,599,0
4310,3.0552,16.9093,0.0042,0.0000,0,0,0.0000,0,0.0000,0,0,0,695,0
4311,2.9733,22.2565,0.0025,0.0000,0,0,0.0000,0,0.0000,0,0,0,695,0
4312,5.1946,6.4294,0.0047,0.0000,0,0,0.0000,0,0.0000,0,0,0,599,0
4313,3.1340,11.6812,0.0092,0.0000,0,0,0.0000,0,0.0000,0,0,0,599,0
4314,3.0552,16.9834,0.0033,0.0000,0,0,0.0000,0,0.0000,0,0,0,695,0
4315,2.9733,22.4878,0.0063,0.0000,0,0,0.0000,0,0.0000,0,0,0,716,0
4316,5.1946,6.6920,0.0053,0.0000,0,0,0.0000,0,0.0000,0,0,0,599,0
4317,3.1340,11.5793,0.0089,0.0000,0,0,0.0000,0,0.0000,0,0,0,599,0
4318,3.0552,16.7516,0.0111,0.0000,0,0,0.0000,0,0.0000,0,0,0,695,0
4319,2.9733,22.0207,0.0110,0.0000,0,0,0.0000,0,0.0000,0,0,0,707,0
4320,5.1946,19.5444,0.0102,0.0000,0,0,0.0000,0,0.0000,0,1,0,60271,0
4321,3.1340,16.8007,0.0085,0.0000,0,0,0.0000,0,0.0000,0,1,0,43482,0
4322,3.0552,16.5942,0.0050,0.0000,0,0,0.0000,0,0.0000,0,1,0,59828,0
4323,2.9733,16.4878,0.0103,0.0000,0,0,0.0000,0,0.0000,0,1,0,68126,0
4324,5.1946,6.0504,0.0037,0.0000,0,0,0.0000,0,0.0000,0,0,0,15967,0
4325,3.1340,11.4039,0.0018,0.0000,0,0,0.0000,0,0.0000,0,0,0,14199,0
4326,3.0552,16.8300,0.0060,0.0000,0,0,0.0000,0,0.0000,0,0,0,17643,0
4327,2.9733,22.4897,0.0022,0.0000,0,0,0.0000,0,0.0000,0,0,0,14303,0
4328,5.1946,6.0957,0.0015,0.0000,0,0,0.0000,0,0.0000,0,0,0,6175,0
4329,3.1340,11.3887,0.0022,0.0000,0,0,0.0000,0,0.0000,0,0,0,5501,0
4330,3.0552,16.7943,0.0016,0.0000,0,0,0.0000,0,0.0000,0,0,0,8663,0
4331,2.9733,22.3069,0.0015,0.0000,0,0,0.0000,0,0.0000,0,0,0,6869,0
4332,5.1946,6.0447,0.0034,0.0000,0,0,0.0000,0,0.0000,0,0,0,12054,0
4333,3.1340,11.3872,0.0024,0.0000,0,0,0.0000,0,0.0000,0,0,0,15189,0
4334,3.0552,16.8681,0.0029,0.0000,0,0,0.0000,0,0.0000,0,0,0,14797,0
4335,2.9733,22.3950,0.0042,0.0000,0,0,0.0000,0,0.0000,0,0,0,11135,0
4336,5.1946,6.1428,0.0030,0.0000,0,0,0.0000,0,0.0000,0,0,0,19327,0
4337,3.1340,11.4245,0.0026,0.0000,0,0,0.0000,0,0.0000,0,0,0,15140,0
4338,3.0552,16.8233,0.0041,0.0000,0,0,0.0000,0,0.0000,0,0,0,16878,0
4339,2.9733,22.2826,0.0031,0.0000,0,0,0.0000,0,0.0000,0,0,0,17362,0
4340,5.1946,6.1539,0.0026,0.0000,0,0,0.0000,0,0.0000,0,0,0,10956,0
4341,3.1340,11.3970,0.0030,0.0000,0,0,0.0000,0,0.0000,0,0,0,9351,0
4342,3.0552,16.7748,0.0023,0.0000,0,0,0.0000,0,0.0000,0,0,0,9754,0
4343,2.9733,22.2709,0.0035,0.0000,0,0,0.0000,0,0.0000,0,0,0,17542,0
4344,5.1946,6.2020,0.0049,0.0000,0,0,0.0000,0,0.0000,0,0,0,5031,0
4345,3.1340,11.3660,0.0016,0.0000,0,0,0.0000,0,0.0000,0,0,0,4635,0
4346,3.0552,16.6956,0.0024,0.0000,0,0,0.0000,0,0.0000,0,0,0,6836,0
4347,2.9733,22.0907,0.0040,0.0000,0,0,0.0000,0,0.0000,0,0,0,5769,0
4348,5.1946,6.2622,0.0021,0.0000,0,0,0.0000,0,0.0000,0,0,0,3913,0
4349,3.1340,11.4260,0.0018,0.0000,0,0,0.0000,0,0.0000,0,0,0,2919,0
4350,3.0552,16.7935,0.0032,0.0000,0,0,0.0000,0,0.0000,0,0,0,3234,0
4351,2.9733,22.2608,0.0026,0.0000,0,0,0.0000,0,0.0000,0,0,0,3051,0
4352,5.1946,6.2539,0.0047,0.0000,0,0,0.0000,0,0.0000,0,0,0,3192,0
4353,3.1340,11.5343,0.0045,0.0000,0,0,0.0000,0,0.0000,0,0,0,2362,0
4354,3.0552,16.8708,0.0067,0.0000,0,0,0.0000,0,0.0000,0,0,0,2230,0
4355,2.9733,22.2525,0.0050,0.0000,0,0,0.0000,0,0.0000,0,0,0,2863,0
4356,5.1946,6.5108,0.0056,0.0000,0,0,0.0000,0,0.0000,0,0,0,3165,0
4357,3.1340,11.4998,0.0047,0.0000,0,0,0.0000,0,0.0000,0,0,0,2416,0
4358,3.0552,16.6218,0.0066,0.0000,0,0,0.0000,0,0.0000,0,0,0,2408,0
4359,2.9733,22.0273,0.0063,0.0000,0,0,0.0000,0,0.0000,0,0,0,2470,0
4360,5.1946,6.5176,0.0100,0.0000,0,0,0.0000,0,0.0000,0,0,0,2454,0
4361,3.1340,11.6254,0.0060,0.0000,0,0,0.0000,0,0.0000,0,0,0,1491,0
4362,3.0552,16.8219,0.0032,0.0000,0,0,0.0000,0,0.0000,0,0,0,870,0
4363,2.9733,22.3655,0.0081,0.0000,0,0,0.0000,0,0.0000,0,0,0,2369,0
4364,5.1946,6.6466,0.0051,0.0000,0,0,0.0000,0,0.0000,0,0,0,1462,0
4365,3.1340,11.4395,0.0043,0.0000,0,0,0.0000,0,0.0000,0,0,0,1285,0
4366,3.0552,16.7180,0.0057,0.0000,0,0,0.0000,0,0.0000,0,0,0,699,0
4367,2.9733,21.9470,0.0055,0.0000,0,0,0.0000,0,0.0000,0,0,0,1409,0
4368,5.1946,6.4278,0.0057,0.0000,0,0,0.0000,0,0.0000,0,0,0,1319,0
4369,3.1340,11.5902,0.0107,0.0000,0,0,0.0000,0,0.0000,0,0,0,1143,0
4370,3.0552,16.9629,0.0049,0.0000,0,0,0.0000,0,0.0000,0,0,0,695,0
4371,2.9733,22.4192,0.0054,0.0000,0,0,0.0000,0,0.0000,0,0,0,1718,0
4372,5.1946,6.4698,0.0063,0.0000,0,0,0.0000,0,0.0000,0,0,0,1127,0
4373,3.1340,11.4522,0.0054,0.0000,0,0,0.0000,0,0.0000,0,0,0,972,0
4374,3.0552,16.7207,0.0077,0.0000,0,0,0.0000,0,0.0000,0,0,0,702,0
4375,2.9733,22.1603,0.0060,0.0000,0,0,0.0000,0,0.0000,0,0,0,729,0
4376,5.1946,6.4835,0.0091,0.0000,0,0,0.0000,0,0.0000,0,0,0,1059,0
4377,3.1340,11.5489,0.0053,0.0000,0,0,0.0000,0,0.0000,0,0,0,873,0
4378,3.0552,16.8878,0.0355,0.0000,0,0,0.0000,0,0.0000,0,0,0,749,0
4379,2.9733,22.0809,0.0035,0.0000,0,0,0.0000,0,0.0000,0,0,0,695,0
4380,5.1946,6.7307,0.0244,0.0000,0,0,0.0000,0,0.0000,0,0,0,947,0
4381,3.1340,11.5174,0.0055,0.0000,0,0,0.0000,0,0.0000,0,0,0,793,0
4382,3.0552,16.5802,0.0044,0.0000,0,0,0.0000,0,0.0000,0,0,0,712,0
4383,2.9733,21.8700,0.0054,0.0000,0,0,0.0000,0,0.0000,0,0,0,726,0
4384,5.1946,6.5490,0.0066,0.0000,0,0,0.0000,0,0.0000,0,0,0,875,0
4385,3.1340,11.5310,0.0041,0.0000,0,0,0.0000,0,0.0000,0,0,0,748,0
4386,3.0552,16.8109,0.0060,0.0000,0,0,0.0000,0,0.0000,0,0,0,896,0
4387,2.9733,22.2464,0.0069,0.0000,0,0,0.0000,0,0.0000,0,0,0,793,0
4388,5.1946,6.6159,0.0046,0.0000,0,0,0.0000,0,0.0000,0,0,0,790,0
4389,3.1340,11.4543,0.0054,0.0000,0,0,0.0000,0,0.0000,0,0,0,759,0
4390,3.0552,16.7733,0.0074,0.0000,0,0,0.0000,0,0.0000,0,0,0,819,0
4391,2.9733,21.9380,0.0047,0.0000,0,0,0.0000,0,0.0000,0,0,0,1103,0
4392,5.1946,6.4878,0.0052,0.0000,0,0,0.0000,0,0.0000,0,0,0,729,0
4393,3.1340,11.4911,0.0024,0.0000,0,0,0.0000,0,0.0000,0,0,0,770,0
4394,3.0552,16.8451,0.0057,0.0000,0,0,0.0000,0,0.0000,0,0,0,832,0
4395,2.9733,22.2342,0.0118,0.0000,0,0,0.0000,0,0.0000,0,0,0,980,0
4396,5.1946,6.5002,0.0040,0.0000,0,0,0.0000,0,0.0000,0,0,0,695,0
4397,3.1340,11.4485,0.0065,0.0000,0,0,0.0000,0,0.0000,0,0,0,678,0
4398,3.0552,16.7402,0.0188,0.0000,0,0,0.0000,0,0.0000,0,0,0,774,0
4399,2.9733,22.0168,0.0037,0.0000,0,0,0.0000,0,0.0000,0,0,0,1479,0
4400,5.1946,6.5198,0.0053,0.0000,0,0,0.0000,0,0.0000,0,0,0,655,0
4401,3.1340,11.6150,0.0069,0.0000,0,0,0.0000,0,0.0000,0,0,0,665,0
4402,3.0552,16.7730,0.0048,0.0000,0,0,0.0000,0,0.0000,0,0,0,1157,0
4403,2.9733,22.0399,0.0050,0.0000,0,0,0.0000,0,0.0000,0,0,0,711,0
4404,5.1946,6.5669,0.0054,0.0000,0,0,0.0000,0,0.0000,0,0,0,655,0
4405,3.1340,11.5438,0.0042,0.0000,0,0,0.0000,0,0.0000,0,0,0,614,0
4406,3.0552,16.8354,0.0053,0.0000,0,0,0.0000,0,0.0000,0,0,0,713,0
4407,2.9733,22.1532,0.0063,0.0000,0,0,0.0000,0,0.0000,0,0,0,695,0
4408,5.1946,6.4842,0.0048,0.0000,0,0,0.0000,0,0.0000,0,0,0,646,0
4409,3.1340,11.6468,0.0069,0.0000,0,0,0.0000,0,0.0000,0,0,0,599,0
4410,3.0552,16.7835,0.0045,0.0000,0,0,0.0000,0,0.0000,0,0,0,695,0
4411,2.9733,22.1819,0.0052,0.0000,0,0,0.0000,0,0.0000,0,0,0,701,0
4412,5.1946,6.3812,0.0096,0.0000,0,0,0.0000,0,0.0000,0,0,0,645,0
4413,3.1340,11.3734,0.0019,0.0000,0,0,0.0000,0,0.0000,0,0,0,599,0
4414,3.0552,16.8051,0.0050,0.0000,0,0,0.0000,0,0.0000,0,0,0,695,0
4415,2.9733,22.1302,0.0050,0.0000,0,0,0.0000,0,0.0000,0,0,0,751,0
4416,5.1946,6.2766,0.0025,0.0000,0,0,0.0000,0,0.0000,0,0,0,634,0
4417,3.1340,11.5276,0.0051,0.0000,0,0,0.0000,0,0.0000,0,0,0,599,0
4418,3.0552,16.9275,0.0061,0.0000,0,0,0.0000,0,0.0000,0,0,0,707,0
4419,2.9733,22.2803,0.0033,0.0000,0,0,0.0000,0,0.0000,0,0,0,871,0
4420,5.1946,6.5277,0.0067,0.0000,0,0,0.0000,0,0.0000,0,0,0,636,0
4421,3.1340,11.4710,0.0056,0.0000,0,0,0.0000,0,0.0000,0,0,0,599,0
4422,3.0552,16.5962,0.0042,0.0000,0,0,0.0000,0,0.0000,0,0,0,745,0
4423,2.9733,22.0306,0.0077,0.0000,0,0,0.0000,0,0.0000,0,0,0,814,0
4424,5.1946,6.6069,0.0054,0.0000,0,0,0.0000,0,0.0000,0,0,0,649,0
4425,3.1340,11.4332,0.0076,0.0000,0,0,0.0000,0,0.0000,0,0,0,599,0
4426,3.0552,16.5686,0.0065,0.0000,0,0,0.0000,0,0.0000,0,0,0,728,0
4427,2.9733,21.7243,0.0058,0.0000,0,0,0.0000,0,0.0000,0,0,0,1064,0
4428,5.1946,6.5800,0.0041,0.0000,0,0,0.0000,0,0.0000,0,0,0,662,0
4429,3.1340,11.8114,0.0052,0.0000,0,0,0.0000,0,0.0000,0,0,0,599,0
4430,3.0552,16.9966,0.0056,0.0000,0,0,0.0000,0,0.0000,0,0,0,831,0
4431,2.9733,22.4013,0.0047,0.0000,0,0,0.0000,0,0.0000,0,0,0,701,0
4432,5.1946,6.5649,0.0049,0.0000,0,0,0.0000,0,0.0000,0,0,0,624,0
4433,3.1340,11.3628,0.0024,0.0000,0,0,0.0000,0,0.0000,0,0,0,599,0
4434,3.0552,16.6052,0.0055,0.0000,0,0,0.0000,0,0.0000,0,0,0,736,0
4435,2.9733,21.9311,0.0063,0.0000,0,0,0.0000,0,0.0000,0,0,0,695,0
4436,5.1946,6.5005,0.0044,0.0000,0,0,0.0000,0,0.0000,0,0,0,610,0
4437,3.1340,11.5375,0.0053,0.0000,0,0,0.0000,0,0.0000,0,0,0,599,0
4438,3.0552,16.7887,0.0058,0.0000,0,0,0.0000,0,0.0000,0,0,0,740,0
4439,2.9733,22.1393,0.0049,0.0000,0,0,0.0000,0,0.0000,0,0,0,703,0
4440,5.1946,6.6829,0.0060,0.0000,0,0,0.0000,0,0.0000,0,0,0,599,0
4441,3.1340,11.5831,0.0058,0.0000,0,0,0.0000,0,0.0000,0,0,0,599,0
4442,3.0552,16.6561,0.0040,0.0000,0,0,0.0000,0,0.0000,0,0,0,705,0
4443,2.9733,21.8824,0.0063,0.0000,0,0,0.0000,0,0.0000,0,0,0,731,0
4444,5.1946,6.5895,0.0060,0.0000,0,0,0.0000,0,0.0000,0,0,0,599,0
4445,3.1340,11.4811,0.0090,0.0000,0,0,0.0000,0,0.0000,0,0,0,599,0
4446,3.0552,16.6378,0.0057,0.0000,0,0,0.0000,0,0.0000,0,0,0,888,0
4447,2.9733,22.0083,0.0052,0.0000,0,0,0.0000,0,0.0000,0,0,0,800,0
4448,5.1946,6.6338,0.0253,0.0000,0,0,0.0000,0,0.0000,0,0,0,599,0
4449,3.1340,11.5401,0.0060,0.0000,0,0,0.0000,0,0.0000,0,0,0,599,0
4450,3.0552,16.5780,0.0024,0.0000,0,0,0.0000,0,0.0000,0,0,0,699,0
4451,2.9733,22.0250,0.0058,0.0000,0,0,0.0000,0,0.0000,0,0,0,782,0
4452,5.1946,6.4866,0.0059,0.0000,0,0,0.0000,0,0.0000,0,0,0,599,0
4453,3.1340,11.4060,0.0060,0.0000,0,0,0.0000,0,0.0000,0,0,0,599,0
4454,3.0552,16.7258,0.0060,0.0000,0,0,0.0000,0,0.0000,0,0,0,695,0
4455,2.9733,22.0337,0.0062,0.0000,0,0,0.0000,0,0.0000,0,0,0,929,0
4456,5.1946,6.5137,0.0047,0.0000,0,0,0.0000,0,0.0000,0,0,0,599,0
4457,3.1340,11.5509,0.0092,0.0000,0,0,0.0000,0,0.0000,0,0,0,599,0
4458,3.0552,16.8872,0.0055,0.0000,0,0,0.0000,0,0.0000,0,0,0,695,0
4459,2.9733,22.1655,0.0037,0.0000,0,0,0.0000,0,0.0000,0,0,0,695,0
4460,5.1946,6.6536,0.0064,0.0000,0,0,0.0000,0,0.0000,0,0,0,599,0
4461,3.1340,11.5838,0.0056,0.0000,0,0,0.0000,0,0.0000,0,0,0,599,0
4462,3.0552,16.8280,0.0048,0.0000,0,0,0.0000,0,0.0000,0,0,0,727,0
4463,2.9733,22.1853,0.0067,0.0000,0,0,0.0000,0,0.0000,0,0,0,695,0
4464,5.1946,6.5296,0.0039,0.0000,0,0,0.0000,0,0.0000,0,0,0,599,0
4465,3.1340,11.5780,0.0049,0.0000,0,0,0.0000,0,0.0000,0,0,0,599,0
4466,3.0552,16.7944,0.0055,0.0000,0,0,0.0000,0,0.0000,0,0,0,728,0
4467,2.9733,22.1794,0.0040,0.0000,0,0,0.0000,0,0.0000,0,0,0,699,0
4468,5.1946,6.6262,0.0190,0.0000,0,0,0.0000,0,0.0000,0,0,0,599,0
4469,3.1340,11.5047,0.0060,0.0000,0,0,0.0000,0,0.0000,0,0,0,599,0
4470,3.0552,16.5978,0.0042,0.0000,0,0,0.0000,0,0.0000,0,0,0,705,0
4471,2.9733,21.9242,0.0054,0.0000,0,0,0.0000,0,0.0000,0,0,0,723,0
4472,5.1946,6.5458,0.0059,0.0000,0,0,0.0000,0,0.0000,0,0,0,599,0
4473,3.1340,11.4145,0.0041,0.0000,0,0,0.0000,0,0.0000,0,0,0,599,0
4474,3.0552,16.7322,0.0059,0.0000,0,0,0.0000,0,0.0000,0,0,0,754,0
4475,2.9733,22.1193,0.0064,0.0000,0,0,0.0000,0,0.0000,0,0,0,754,0
4476,5.1946,6.4842,0.0042,0.0000,0,0,0.0000,0,0.0000,0,0,0,599,0
4477,3.1340,11.4786,0.0054,0.0000,0,0,0.0000,0,0.0000,0,0,0,599,0
4478,3.0552,16.8340,0.0055,0.0000,0,0,0.0000,0,0.0000,0,0,0,741,0
4479,2.9733,22.2033,0.0061,0.0000,0,0,0.0000,0,0.0000,0,0,0,712,0
4480,5.1946,6.4548,0.0103,0.0000,0,0,0.0000,0,0.0000,0,0,0,599,0
4481,3.1340,11.3457,0.0021,0.0000,0,0,0.0000,0,0.0000,0,0,0,599,0
4482,3.0552,16.6593,0.0066,0.0000,0,0,0.0000,0,0.0000,0,0,0,734,0
4483,2.9733,21.9638,0.0061,0.0000,0,0,0.0000,0,0.0000,0,0,0,775,0
4484,5.1946,6.6016,0.0058,0.0000,0,0,0.0000,0,0.0000,0,0,0,599,0
4485,3.1340,11.5415,0.0049,0.0000,0,0,0.0000,0,0.0000,0,0,0,599,0
4486,3.0552,16.7703,0.0057,0.0000,0,0,0.0000,0,0.0000,0,0,0,752,0
4487,2.9733,21.9566,0.0029,0.0000,0,0,0.0000,0,0.0000,0,0,0,695,0
4488,5.1946,6.5451,0.0189,0.0000,0,0,0.0000,0,0.0000,0,0,0,599,0
4489,3.1340,11.5642,0.0058,0.0000,0,0,0.0000,0,0.0000,0,0,0,599,0
4490,3.0552,16.6998,0.0034,0.0000,0,0,0.0000,0,0.0000,0,0,0,907,0
4491,2.9733,22.2025,0.0103,0.0000,0,0,0.0000,0,0.0000,0,0,0,695,0
4492,5.1946,6.4849,0.0062,0.0000,0,0,0.0000,0,0.0000,0,0,0,599,0
4493,3.1340,11.4669,0.0037,0.0000,0,0,0.0000,0,0.0000,0,0,0,599,0
4494,3.0552,16.7121,0.0061,0.0000,0,0,0.0000,0,0.0000,0,0,0,704,0
4495,2.9733,22.0482,0.0061,0.0000,0,0,0.0000,0,0.0000,0,0,0,695,0
4496,5.1946,6.4927,0.0045,0.0000,0,0,0.0000,0,0.0000,0,0,0,599,0
4497,3.1340,11.4917,0.0064,0.0000,0,0,0.0000,0,0.0000,0,0,0,599,0
4498,3.0552,16.8320,0.0064,0.0000,0,0,0.0000,0,0.0000,0,0,0,695,0
4499,2.9733,22.1820,0.0061,0.0000,0,0,0.0000,0,0.0000,0,0,0,699,0
4500,5.1946,6.4829,0.0059,0.0000,0,0,0.0000,0,0.0000,0,0,0,599,0
4501,3.1340,11.5570,0.0054,0.0000,0,0,0.0000,0,0.0000,0,0,0,599,0
4502,3.0552,16.7867,0.0057,0.0000,0,0,0.0000,0,0.0000,0,0,0,695,0
4503,2.9733,21.9629,0.0045,0.0000,0,0,0.0000,0,0.0000,0,0,0,723,0
4504,5.1946,6.3039,0.0042,0.0000,0,0,0.0000,0,0.0000,0,0,0,599,0
4505,3.1340,11.5725,0.0046,0.0000,0,0,0.0000,0,0.0000,0,0,0,599,0
4506,3.0552,16.9364,0.0050,0.0000,0,0,0.0000,0,0.0000,0,0,0,695,0
4507,2.9733,22.4876,0.0070,0.0000,0,0,0.0000,0,0.0000,0,0,0,734,0
4508,5.1946,6.5479,0.0065,0.0000,0,0,0.0000,0,0.0000,0,0,0,599,0
4509,3.1340,11.4855,0.0105,0.0000,0,0,0.0000,0,0.0000,0,0,0,599,0
4510,3.0552,16.6344,0.0061,0.0000,0,0,0.0000,0,0.0000,0,0,0,728,0
4511,2.9733,21.9477,0.0107,0.0000,0,0,0.0000,0,0.0000,0,0,0,761,0
4512,5.1946,6.5427,0.0063,0.0000,0,0,0.0000,0,0.0000,0,0,0,599,0
4513,3.1340,11.4880,0.0040,0.0000,0,0,0.0000,0,0.0000,0,0,0,599,0
4514,3.0552,16.7698,0.0062,0.0000,0,0,0.0000,0,0.0000,0,0,0,711,0
4515,2.9733,22.0753,0.0104,0.0000,0,0,0.0000,0,0.0000,0,0,0,695,0
4516,5.1946,6.4408,0.0097,0.0000,0,0,0.0000,0,0.0000,0,0,0,599,0
4517,3.1340,11.7477,0.0099,0.0000,0,0,0.0000,0,0.0000,0,0,0,599,0
4518,3.0552,16.6770,0.0094,0.0000,0,0,0.0000,0,0.0000,0,0,0,817,0
4519,2.9733,22.1458,0.0050,0.0000,0,0,0.0000,0,0.0000,0,0,0,695,0
4520,5.1946,6.5510,0.0058,0.0000,0,0,0.0000,0,0.0000,0,0,0,599,0
4521,3.1340,11.5783,0.0047,0.0000,0,0,0.0000,0,0.0000,0,0,0,599,0
4522,3.0552,16.8662,0.0080,0.0000,0,0,0.0000,0,0.0000,0,0,0,825,0
4523,2.9733,22.1328,0.0061,0.0000,0,0,0.0000,0,0.0000,0,0,0,695,0
4524,5.1946,6.5170,0.0089,0.0000,0,0,0.0000,0,0.0000,0,0,0,599,0
4525,3.1340,11.4670,0.0055,0.0000,0,0,0.0000,0,0.0000,0,0,0,599,0
4526,3.0552,16.8082,0.0054,0.0000,0,0,0.0000,0,0.0000,0,0,0,785,0
4527,2.9733,22.1199,0.0031,0.0000,0,0,0.0000,0,0.0000,0,0,0,706,0
4528,5.1946,6.5946,0.0055,0.0000,0,0,0.0000,0,0.0000,0,0,0,599,0
4529,3.1340,11.6367,0.0064,0.0000,0,0,0.0000,0,0.0000,0,0,0,599,0
4530,3.0552,16.8531,0.0043,0.0000,0,0,0.0000,0,0.0000,0,0,0,755,0
4531,2.9733,22.3782,0.0107,0.0000,0,0,0.0000,0,0.0000,0,0,0,767,0
4532,5.1946,6.6111,0.0062,0.0000,0,0,0.0000,0,0.0000,0,0,0,599,0
4533,3.1340,11.5379,0.0043,0.0000,0,0,0.0000,0,0.0000,0,0,0,599,0
4534,3.0552,16.7275,0.0065,0.0000,0,0,0.0000,0,0.0000,0,0,0,950,0
4535,2.9733,22.2268,0.0077,0.0000,0,0,0.0000,0,0.0000,0,0,0,746,0
4536,5.1946,6.8053,0.0046,0.0000,0,0,0.0000,0,0.0000,0,0,0,599,0
4537,3.1340,11.5664,0.0063,0.0000,0,0,0.0000,0,0.0000,0,0,0,599,0
4538,3.0552,16.6880,0.0058,0.0000,0,0,0.0000,0,0.0000,0,0,0,700,0
4539,2.9733,21.9082,0.0059,0.0000,0,0,0.0000,0,0.0000,0,0,0,799,0
4540,5.1946,6.6836,0.0062,0.0000,0,0,0.0000,0,0.0000,0,0,0,599,0
4541,3.1340,11.4137,0.0048,0.0000,0,0,0.0000,0,0.0000,0,0,0,599,0
4542,3.0552,16.7614,0.0052,0.0000,0,0,0.0000,0,0.0000,0,0,0,697,0
4543,2.9733,22.1146,0.0101,0.0000,0,0,0.0000,0,0.0000,0,0,0,695,0
4544,5.1946,6.4506,0.0043,0.0000,0,0,0.0000,0,0.0000,0,0,0,599,0
4545,3.1340,11.5753,0.0059,0.0000,0,0,0.0000,0,0.0000,0,0,0,599,0
4546,3.0552,16.9126,0.0061,0.0000,0,0,0.0000,0,0.0000,0,0,0,695,0
4547,2.9733,22.3622,0.0041,0.0000,0,0,0.0000,0,0.0000,0,0,0,695,0
4548,5.1946,6.6752,0.0062,0.0000,0,0,0.0000,0,0.0000,0,0,0,599,0
4549,3.1340,11.5635,0.0063,0.0000,0,0,0.0000,0,0.0000,0,0,0,599,0
4550,3.0552,16.7768,0.0046,0.0000,0,0,0.0000,0,0.0000,0,0,0,708,0
4551,2.9733,22.1247,0.0069,0.0000,0,0,0.0000,0,0.0000,0,0,0,695,0
4552,5.1946,6.7469,0.0070,0.0000,0,0,0.0000,0,0.0000,0,0,0,599,0
4553,3.1340,11.6106,0.0054,0.0000,0,0,0.0000,0,0.0000,0,0,0,599,0
4554,3.0552,16.8108,0.0065,0.0000,0,0,0.0000,0,0.0000,0,0,0,715,0
4555,2.9733,22.2779,0.0065,0.0000,0,0,0.0000,0,0.0000,0,0,0,711,0
4556,5.1946,6.7076,0.0103,0.0000,0,0,0.0000,0,0.0000,0,0,0,599,0
4557,3.1340,11.5715,0.0101,0.0000,0,0,0.0000,0,0.0000,0,0,0,599,0
4558,3.0552,16.7012,0.0033,0.0000,0,0,0.0000,0,0.0000,0,0,0,728,0
4559,2.9733,22.1169,0.0065,0.0000,0,0,0.0000,0,0.0000,0,0,0,718,0
4560,5.1946,5.7602,0.0360,0.0000,0,0,0.0000,0,0.0000,0,1,0,105482,0
4561,3.1340,9.7935,0.0490,0.0000,0,0,0.0000,0,0.0000,0,1,0,71919,0
4562,3.0552,14.2814,0.0361,0.0000,0,0,0.0000,0,0.0000,0,1,0,118482,0
4563,2.9733,22.2499,0.0160,0.0000,0,0,0.0000,0,0.0000,0,1,0,121308,0
4564,5.1946,6.4183,0.0161,0.0000,0,0,0.0000,0,0.0000,0,0,0,15863,0
4565,3.1340,11.4545,0.0108,0.0000,0,0,0.0000,0,0.0000,0,0,0,9553,0
4566,3.0552,16.4847,0.0140,0.0000,0,0,0.0000,0,0.0000,0,0,0,18283,0
4567,2.9733,21.5418,0.0107,0.0000,0,0,0.0000,0,0.0000,0,0,0,16957,0
4568,5.1946,6.3791,0.0065,0.0000,0,0,0.0000,0,0.0000,0,0,0,9106,0
4569,3.1340,11.6998,0.0090,0.0000,0,0,0.0000,0,0.0000,0,0,0,3310,0
4570,3.0552,17.0670,0.0076,0.0000,0,0,0.0000,0,0.0000,0,0,0,13242,0
4571,2.9733,22.4064,0.0066,0.0000,0,0,0.0000,0,0.0000,0,0,0,5603,0
4572,5.1946,6.3799,0.0075,0.0000,0,0,0.0000,0,0.0000,0,0,0,7345,0
4573,3.1340,11.4919,0.0061,0.0000,0,0,0.0000,0,0.0000,0,0,0,3453,0
4574,3.0552,16.7742,0.0073,0.0000,0,0,0.0000,0,0.0000,0,0,0,8492,0
4575,2.9733,22.0308,0.0044,0.0000,0,0,0.0000,0,0.0000,0,0,0,5499,0
4576,5.1946,6.6203,0.0070,0.0000,0,0,0.0000,0,0.0000,0,0,0,5064,0
4577,3.1340,11.4641,0.0060,0.0000,0,0,0.0000,0,0.0000,0,0,0,1807,0
4578,3.0552,16.6164,0.0045,0.0000,0,0,0.0000,0,0.0000,0,0,0,7279,0
4579,2.9733,21.9945,0.0062,0.0000,0,0,0.0000,0,0.0000,0,0,0,4910,0
4580,5.1946,6.4500,0.0109,0.0000,0,0,0.0000,0,0.0000,0,0,0,4261,0
4581,3.1340,11.5056,0.0088,0.0000,0,0,0.0000,0,0.0000,0,0,0,1446,0
4582,3.0552,16.7727,0.0095,0.0000,0,0,0.0000,0,0.0000,0,0,0,2044,0
4583,2.9733,22.2518,0.0077,0.0000,0,0,0.0000,0,0.0000,0,0,0,4608,0
4584,5.1946,6.4398,0.0075,0.0000,0,0,0.0000,0,0.0000,0,0,0,3916,0
4585,3.1340,11.4842,0.0043,0.0000,0,0,0.0000,0,0.0000,0,0,0,1368,0
4586,3.0552,16.9590,0.0080,0.0000,0,0,0.0000,0,0.0000,0,0,0,1916,0
4587,2.9733,22.3092,0.0078,0.0000,0,0,0.0000,0,0.0000,0,0,0,4126,0
4588,5.1946,6.4935,0.0112,0.0000,0,0,0.0000,0,0.0000,0,0,0,2949,0
4589,3.1340,11.6893,0.0057,0.0000,0,0,0.0000,0,0.0000,0,0,0,1443,0
4590,3.0552,16.9782,0.0043,0.0000,0,0,0.0000,0,0.0000,0,0,0,2261,0
4591,2.9733,22.4055,0.0063,0.0000,0,0,0.0000,0,0.0000,0,0,0,3675,0
4592,5.1946,6.4454,0.0070,0.0000,0,0,0.0000,0,0.0000,0,0,0,1746,0
4593,3.1340,11.5271,0.0056,0.0000,0,0,0.0000,0,0.0000,0,0,0,1587,0
4594,3.0552,16.8946,0.0103,0.0000,0,0,0.0000,0,0.0000,0,0,0,1787,0
4595,2.9733,22.2357,0.0049,0.0000,0,0,0.0000,0,0.0000,0,0,0,3610,0
4596,5.1946,6.5338,0.0062,0.0000,0,0,0.0000,0,0.0000,0,0,0,1549,0
4597,3.1340,11.5625,0.0108,0.0000,0,0,0.0000,0,0.0000,0,0,0,1578,0
4598,3.0552,16.6910,0.0044,0.0000,0,0,0.0000,0,0.0000,0,0,0,2146,0
4599,2.9733,22.1337,0.0059,0.0000,0,0,0.0000,0,0.0000,0,0,0,1060,0
4600,5.1946,6.5001,0.0066,0.0000,0,0,0.0000,0,0.0000,0,0,0,1191,0
4601,3.1340,11.5174,0.0073,0.0000,0,0,0.0000,0,0.0000,0,0,0,1431,0
4602,3.0552,16.8953,0.0062,0.0000,0,0,0.0000,0,0.0000,0,0,0,1577,0
4603,2.9733,22.4127,0.0071,0.0000,0,0,0.0000,0,0.0000,0,0,0,754,0
4604,5.1946,6.4881,0.0042,0.0000,0,0,0.0000,0,0.0000,0,0,0,1033,0
4605,3.1340,11.5430,0.0066,0.0000,0,0,0.0000,0,0.0000,0,0,0,1325,0
4606,3.0552,16.8695,0.0070,0.0000,0,0,0.0000,0,0.0000,0,0,0,1979,0
4607,2.9733,22.1995,0.0086,0.0000,0,0,0.0000,0,0.0000,0,0,0,835,0
4608,5.1946,6.5685,0.0065,0.0000,0,0,0.0000,0,0.0000,0,0,0,1043,0
4609,3.1340,11.5997,0.0071,0.0000,0,0,0.0000,0,0.0000,0,0,0,1267,0
4610,3.0552,17.0041,0.0057,0.0000,0,0,0.0000,0,0.0000,0,0,0,1429,0
4611,2.9733,22.5039,0.0071,0.0000,0,0,0.0000,0,0.0000,0,0,0,1138,0
4612,5.1946,6.4467,0.0049,0.0000,0,0,0.0000,0,0.0000,0,0,0,846,0
4613,3.1340,11.4852,0.0060,0.0000,0,0,0.0000,0,0.0000,0,0,0,1218,0
4614,3.0552,16.7745,0.0067,0.0000,0,0,0.0000,0,0.0000,0,0,0,1219,0
4615,2.9733,22.0808,0.0043,0.0000,0,0,0.0000,0,0.0000,0,0,0,1728,0
4616,5.1946,6.6993,0.0064,0.0000,0,0,0.0000,0,0.0000,0,0,0,763,0
4617,3.1340,11.5325,0.0059,0.0000,0,0,0.0000,0,0.0000,0,0,0,1111,0
4618,3.0552,16.7686,0.0053,0.0000,0,0,0.0000,0,0.0000,0,0,0,1074,0
4619,2.9733,22.0952,0.0065,0.0000,0,0,0.0000,0,0.0000,0,0,0,1422,0
4620,5.1946,6.5153,0.0102,0.0000,0,0,0.0000,0,0.0000,0,0,0,681,0
4621,3.1340,11.3977,0.0040,0.0000,0,0,0.0000,0,0.0000,0,0,0,1116,0
4622,3.0552,16.6393,0.0058,0.0000,0,0,0.0000,0,0.0000,0,0,0,1772,0
4623,2.9733,21.9958,0.0105,0.0000,0,0,0.0000,0,0.0000,0,0,0,1693,0
4624,5.1946,6.7140,0.0095,0.0000,0,0,0.0000,0,0.0000,0,0,0,635,0
4625,3.1340,11.5607,0.0100,0.0000,0,0,0.0000,0,0.0000,0,0,0,895,0
4626,3.0552,16.9230,0.0054,0.0000,0,0,0.0000,0,0.0000,0,0,0,723,0
4627,2.9733,22.2651,0.0064,0.0000,0,0,0.0000,0,0.0000,0,0,0,714,0
4628,5.1946,6.4937,0.0100,0.0000,0,0,0.0000,0,0.0000,0,0,0,635,0
4629,3.1340,11.4448,0.0031,0.0000,0,0,0.0000,0,0.0000,0,0,0,951,0
4630,3.0552,16.8740,0.0056,0.0000,0,0,0.0000,0,0.0000,0,0,0,695,0
4631,2.9733,22.3347,0.0061,0.0000,0,0,0.0000,0,0.0000,0,0,0,704,0
4632,5.1946,6.4337,0.0078,0.0000,0,0,0.0000,0,0.0000,0,0,0,634,0
4633,3.1340,11.6128,0.0066,0.0000,0,0,0.0000,0,0.0000,0,0,0,874,0
4634,3.0552,16.9221,0.0054,0.0000,0,0,0.0000,0,0.0000,0,0,0,695,0
4635,2.9733,22.1909,0.0035,0.0000,0,0,0.0000,0,0.0000,0,0,0,712,0
4636,5.1946,6.7139,0.0067,0.0000,0,0,0.0000,0,0.0000,0,0,0,623,0
4637,3.1340,11.7196,0.0052,0.0000,0,0,0.0000,0,0.0000,0,0,0,816,0
4638,3.0552,16.9065,0.0061,0.0000,0,0,0.0000,0,0.0000,0,0,0,732,0
4639,2.9733,22.4199,0.0056,0.0000,0,0,0.0000,0,0.0000,0,0,0,790,0
4640,5.1946,6.6898,0.0071,0.0000,0,0,0.0000,0,0.0000,0,0,0,681,0
4641,3.1340,11.4947,0.0049,0.0000,0,0,0.0000,0,0.0000,0,0,0,774,0
4642,3.0552,16.7037,0.0062,0.0000,0,0,0.0000,0,0.0000,0,0,0,806,0
4643,2.9733,22.0264,0.0071,0.0000,0,0,0.0000,0,0.0000,0,0,0,1044,0
4644,5.1946,6.6697,0.0164,0.0000,0,0,0.0000,0,0.0000,0,0,0,640,0
4645,3.1340,11.5399,0.0102,0.0000,0,0,0.0000,0,0.0000,0,0,0,819,0
4646,3.0552,16.7282,0.0037,0.0000,0,0,0.0000,0,0.0000,0,0,0,740,0
4647,2.9733,22.1784,0.0107,0.0000,0,0,0.0000,0,0.0000,0,0,0,871,0
4648,5.1946,6.5320,0.0061,0.0000,0,0,0.0000,0,0.0000,0,0,0,602,0
4649,3.1340,11.5575,0.0042,0.0000,0,0,0.0000,0,0.0000,0,0,0,721,0
4650,3.0552,16.7970,0.0067,0.0000,0,0,0.0000,0,0.0000,0,0,0,1059,0
4651,2.9733,22.2130,0.0075,0.0000,0,0,0.0000,0,0.0000,0,0,0,1253,0
4652,5.1946,6.5075,0.0047,0.0000,0,0,0.0000,0,0.0000,0,0,0,599,0
4653,3.1340,11.6098,0.0063,0.0000,0,0,0.0000,0,0.0000,0,0,0,614,0
4654,3.0552,16.8564,0.0111,0.0000,0,0,0.0000,0,0.0000,0,0,0,928,0
4655,2.9733,22.1006,0.0043,0.0000,0,0,0.0000,0,0.0000,0,0,0,701,0
4656,5.1946,6.5267,0.0100,0.0000,0,0,0.0000,0,0.0000,0,0,0,599,0
4657,3.1340,11.6652,0.0064,0.0000,0,0,0.0000,0,0.0000,0,0,0,599,0
4658,3.0552,16.9083,0.0046,0.0000,0,0,0.0000,0,0.0000,0,0,0,928,0
4659,2.9733,22.2661,0.0070,0.0000,0,0,0.0000,0,0.0000,0,0,0,695,0
4660,5.1946,6.5500,0.0075,0.0000,0,0,0.0000,0,0.0000,0,0,0,599,0
4661,3.1340,11.5352,0.0063,0.0000,0,0,0.0000,0,0.0000,0,0,0,599,0
4662,3.0552,16.7718,0.0063,0.0000,0,0,0.0000,0,0.0000,0,0,0,902,0
4663,2.9733,22.0079,0.0031,0.0000,0,0,0.0000,0,0.0000,0,0,0,701,0
4664,5.1946,6.7613,0.0104,0.0000,0,0,0.0000,0,0.0000,0,0,0,599,0
4665,3.1340,11.5967,0.0063,0.0000,0,0,0.0000,0,0.0000,0,0,0,599,0
4666,3.0552,16.7360,0.0043,0.0000,0,0,0.0000,0,0.0000,0,0,0,1292,0
4667,2.9733,22.1606,0.0071,0.0000,0,0,0.0000,0,0.0000,0,0,0,699,0
4668,5.1946,6.5737,0.0105,0.0000,0,0,0.0000,0,0.0000,0,0,0,599,0
4669,3.1340,11.5538,0.0057,0.0000,0,0,0.0000,0,0.0000,0,0,0,599,0
4670,3.0552,16.8704,0.0061,0.0000,0,0,0.0000,0,0.0000,0,0,0,700,0
4671,2.9733,22.2259,0.0075,0.0000,0,0,0.0000,0,0.0000,0,0,0,789,0
4672,5.1946,6.6193,0.0064,0.0000,0,0,0.0000,0,0.0000,0,0,0,599,0
4673,3.1340,11.5140,0.0053,0.0000,0,0,0.0000,0,0.0000,0,0,0,599,0
4674,3.0552,16.7405,0.0036,0.0000,0,0,0.0000,0,0.0000,0,0,0,695,0
4675,2.9733,22.1409,0.0055,0.0000,0,0,0.0000,0,0.0000,0,0,0,717,0
4676,5.1946,6.4800,0.0044,0.0000,0,0,0.0000,0,0.0000,0,0,0,599,0
4677,3.1340,11.4122,0.0032,0.0000,0,0,0.0000,0,0.0000,0,0,0,599,0
4678,3.0552,16.8519,0.0050,0.0000,0,0,0.0000,0,0.0000,0,0,0,732,0
4679,2.9733,22.2077,0.0068,0.0000,0,0,0.0000,0,0.0000,0,0,0,983,0
4680,5.1946,6.4472,0.0090,0.0000,0,0,0.0000,0,0.0000,0,0,0,599,0
4681,3.1340,11.5652,0.0065,0.0000,0,0,0.0000,0,0.0000,0,0,0,599,0
4682,3.0552,16.6242,0.0056,0.0000,0,0,0.0000,0,0.0000,0,0,0,716,0
4683,2.9733,21.8862,0.0030,0.0000,0,0,0.0000,0,0.0000,0,0,0,701,0
4684,5.1946,6.6579,0.0053,0.0000,0,0,0.0000,0,0.0000,0,0,0,599,0
4685,3.1340,11.5239,0.0051,0.0000,0,0,0.0000,0,0.0000,0,0,0,599,0
4686,3.0552,16.6790,0.0032,0.0000,0,0,0.0000,0,0.0000,0,0,0,801,0
4687,2.9733,22.1428,0.0067,0.0000,0,0,0.0000,0,0.0000,0,0,0,695,0
4688,5.1946,6.4649,0.0105,0.0000,0,0,0.0000,0,0.0000,0,0,0,599,0
4689,3.1340,11.4569,0.0040,0.0000,0,0,0.0000,0,0.0000,0,0,0,599,0
4690,3.0552,16.8042,0.0057,0.0000,0,0,0.0000,0,0.0000,0,0,0,747,0
4691,2.9733,22.1622,0.0064,0.0000,0,0,0.0000,0,0.0000,0,0,0,695,0
4692,5.1946,6.5062,0.0145,0.0000,0,0,0.0000,0,0.0000,0,0,0,599,0
4693,3.1340,11.7087,0.0068,0.0000,0,0,0.0000,0,0.0000,0,0,0,599,0
4694,3.0552,16.8935,0.0019,0.0000,0,0,0.0000,0,0.0000,0,0,0,930,0
4695,2.9733,22.4626,0.0057,0.0000,0,0,0.0000,0,0.0000,0,0,0,712,0
4696,5.1946,6.4540,0.0086,0.0000,0,0,0.0000,0,0.0000,0,0,0,599,0
4697,3.1340,11.3485,0.0024,0.0000,0,0,0.0000,0,0.0000,0,0,0,599,0
4698,3.0552,16.8373,0.0103,0.0000,0,0,0.0000,0,0.0000,0,0,0,767,0
4699,2.9733,22.2407,0.0092,0.0000,0,0,0.0000,0,0.0000,0,0,0,729,0
4700,5.1946,6.2990,0.0068,0.0000,0,0,0.0000,0,0.0000,0,0,0,599,0
4701,3.1340,11.5166,0.0061,0.0000,0,0,0.0000,0,0.0000,0,0,0,599,0
4702,3.0552,16.9419,0.0060,0.0000,0,0,0.0000,0,0.0000,0,0,0,727,0
4703,2.9733,22.3072,0.0026,0.0000,0,0,0.0000,0,0.0000,0,0,0,695,0
4704,5.1946,6.6287,0.0068,0.0000,0,0,0.0000,0,0.0000,0,0,0,599,0
4705,3.1340,11.6727,0.0108,0.0000,0,0,0.0000,0,0.0000,0,0,0,599,0
4706,3.0552,16.8670,0.0039,0.0000,0,0,0.0000,0,0.0000,0,0,0,746,0
4707,2.9733,22.3714,0.0098,0.0000,0,0,0.0000,0,0.0000,0,0,0,821,0
4708,5.1946,6.6460,0.0098,0.0000,0,0,0.0000,0,0.0000,0,0,0,599,0
4709,3.1340,11.4970,0.0075,0.0000,0,0,0.0000,0,0.0000,0,0,0,599,0
4710,3.0552,16.6818,0.0115,0.0000,0,0,0.0000,0,0.0000,0,0,0,1008,0
4711,2.9733,21.9295,0.0108,0.0000,0,0,0.0000,0,0.0000,0,0,0,695,0
4712,5.1946,6.5593,0.0065,0.0000,0,0,0.0000,0,0.0000,0,0,0,599,0
4713,3.1340,11.5696,0.0058,0.0000,0,0,0.0000,0,0.0000,0,0,0,599,0
4714,3.0552,16.8581,0.0048,0.0000,0,0,0.0000,0,0.0000,0,0,0,697,0
4715,2.9733,22.3122,0.0060,0.0000,0,0,0.0000,0,0.0000,0,0,0,695,0
4716,5.1946,6.6322,0.0108,0.0000,0,0,0.0000,0,0.0000,0,0,0,599,0
4717,3.1340,11.5088,0.0040,0.0000,0,0,0.0000,0,0.0000,0,0,0,599,0
4718,3.0552,16.8772,0.0052,0.0000,0,0,0.0000,0,0.0000,0,0,0,695,0
4719,2.9733,22.3363,0.0062,0.0000,0,0,0.0000,0,0.0000,0,0,0,695,0
4720,5.1946,6.6291,0.0073,0.0000,0,0,0.0000,0,0.0000,0,0,0,599,0
4721,3.1340,11.6835,0.0107,0.0000,0,0,0.0000,0,0.0000,0,0,0,599,0
4722,3.0552,16.9837,0.0069,0.0000,0,0,0.0000,0,0.0000,0,0,0,695,0
4723,2.9733,22.2437,0.0065,0.0000,0,0,0.0000,0,0.0000,0,0,0,695,0
4724,5.1946,6.5930,0.0101,0.0000,0,0,0.0000,0,0.0000,0,0,0,599,0
4725,3.1340,11.6230,0.0130,0.0000,0,0,0.0000,0,0.0000,0,0,0,599,0
4726,3.0552,16.8580,0.0046,0.0000,0,0,0.0000,0,0.0000,0,0,0,695,0
4727,2.9733,22.2567,0.0071,0.0000,0,0,0.0000,0,0.0000,0,0,0,718,0
4728,5.1946,6.6728,0.0073,0.0000,0,0,0.0000,0,0.0000,0,0,0,599,0
4729,3.1340,11.6560,0.0106,0.0000,0,0,0.0000,0,0.0000,0,0,0,599,0
4730,3.0552,16.8230,0.0101,0.0000,0,0,0.0000,0,0.0000,0,0,0,705,0
4731,2.9733,22.1122,0.0063,0.0000,0,0,0.0000,0,0.0000,0,0,0,700,0
4732,5.1946,6.6550,0.0059,0.0000,0,0,0.0000,0,0.0000,0,0,0,599,0
4733,3.1340,11.5545,0.0065,0.0000,0,0,0.0000,0,0.0000,0,0,0,599,0
4734,3.0552,16.7358,0.0067,0.0000,0,0,0.0000,0,0.0000,0,0,0,695,0
4735,2.9733,22.1045,0.0063,0.0000,0,0,0.0000,0,0.0000,0,0,0,725,0
4736,5.1946,6.4671,0.0103,0.0000,0,0,0.0000,0,0.0000,0,0,0,599,0
4737,3.1340,11.5085,0.0039,0.0000,0,0,0.0000,0,0.0000,0,0,0,599,0
4738,3.0552,16.9243,0.0055,0.0000,0,0,0.0000,0,0.0000,0,0,0,717,0
4739,2.9733,22.4334,0.0069,0.0000,0,0,0.0000,0,0.0000,0,0,0,695,0
4740,5.1946,6.4636,0.0092,0.0000,0,0,0.0000,0,0.0000,0,0,0,599,0
4741,3.1340,11.5464,0.0069,0.0000,0,0,0.0000,0,0.0000,0,0,0,599,0
4742,3.0552,16.8788,0.0065,0.0000,0,0,0.0000,0,0.0000,0,0,0,720,0
4743,2.9733,22.1239,0.0040,0.0000,0,0,0.0000,0,0.0000,0,0,0,695,0
4744,5.1946,6.4790,0.0065,0.0000,0,0,0.0000,0,0.0000,0,0,0,599,0
4745,3.1340,11.6674,0.0095,0.0000,0,0,0.0000,0,0.0000,0,0,0,599,0
4746,3.0552,16.8608,0.0045,0.0000,0,0,0.0000,0,0.0000,0,0,0,716,0
4747,2.9733,22.3310,0.0107,0.0000,0,0,0.0000,0,0.0000,0,0,0,695,0
4748,5.1946,6.5621,0.0072,0.0000,0,0,0.0000,0,0.0000,0,0,0,599,0
4749,3.1340,11.5892,0.0057,0.0000,0,0,0.0000,0,0.0000,0,0,0,599,0
4750,3.0552,16.8814,0.0061,0.0000,0,0,0.0000,0,0.0000,0,0,0,740,0
4751,2.9733,22.2166,0.0051,0.0000,0,0,0.0000,0,0.0000,0,0,0,695,0
4752,5.1946,6.6818,0.0103,0.0000,0,0,0.0000,0,0.0000,0,0,0,599,0
4753,3.1340,11.6877,0.0061,0.0000,0,0,0.0000,0,0.0000,0,0,0,599,0
4754,3.0552,16.8609,0.0036,0.0000,0,0,0.0000,0,0.0000,0,0,0,836,0
4755,2.9733,22.3373,0.0061,0.0000,0,0,0.0000,0,0.0000,0,0,0,706,0
4756,5.1946,6.5590,0.0108,0.0000,0,0,0.0000,0,0.0000,0,0,0,599,0
4757,3.1340,11.5340,0.0075,0.0000,0,0,0.0000,0,0.0000,0,0,0,599,0
4758,3.0552,16.8992,0.0097,0.0000,0,0,0.0000,0,0.0000,0,0,0,695,0
4759,2.9733,22.4805,0.0118,0.0000,0,0,0.0000,0,0.0000,0,0,0,701,0
4760,5.1946,6.4430,0.0042,0.0000,0,0,0.0000,0,0.0000,0,0,0,599,0
4761,3.1340,11.5109,0.0111,0.0000,0,0,0.0000,0,0.0000,0,0,0,599,0
4762,3.0552,16.7100,0.0027,0.0000,0,0,0.0000,0,0.0000,0,0,0,695,0
4763,2.9733,22.1418,0.0082,0.0000,0,0,0.0000,0,0.0000,0,0,0,699,0
4764,5.1946,6.5447,0.0106,0.0000,0,0,0.0000,0,0.0000,0,0,0,599,0
4765,3.1340,11.4998,0.0026,0.0000,0,0,0.0000,0,0.0000,0,0,0,599,0
4766,3.0552,16.9405,0.0090,0.0000,0,0,0.0000,0,0.0000,0,0,0,695,0
4767,2.9733,22.3687,0.0115,0.0000,0,0,0.0000,0,0.0000,0,0,0,695,0
4768,5.1946,6.4686,0.0037,0.0000,0,0,0.0000,0,0.0000,0,0,0,599,0
4769,3.1340,11.4359,0.0047,0.0000,0,0,0.0000,0,0.0000,0,0,0,599,0
4770,3.0552,16.7468,0.0105,0.0000,0,0,0.0000,0,0.0000,0,0,0,695,0
4771,2.9733,22.0172,0.0035,0.0000,0,0,0.0000,0,0.0000,0,0,0,695,0
4772,5.1946,6.6586,0.0049,0.0000,0,0,0.0000,0,0.0000,0,0,0,599,0
4773,3.1340,11.5595,0.0097,0.0000,0,0,0.0000,0,0.0000,0,0,0,599,0
4774,3.0552,16.7426,0.0041,0.0000,0,0,0.0000,0,0.0000,0,0,0,704,0
4775,2.9733,22.1526,0.0066,0.0000,0,0,0.0000,0,0.0000,0,0,0,695,0
4776,5.1946,6.6135,0.0067,0.0000,0,0,0.0000,0,0.0000,0,0,0,599,0
4777,3.1340,11.5405,0.0070,0.0000,0,0,0.0000,0,0.0000,0,0,0,599,0
4778,3.0552,16.9191,0.0067,0.0000,0,0,0.0000,0,0.0000,0,0,0,708,0
4779,2.9733,22.1956,0.0063,0.0000,0,0,0.0000,0,0.0000,0,0,0,695,0
4780,5.1946,6.7589,0.0053,0.0000,0,0,0.0000,0,0.0000,0,0,0,599,0
4781,3.1340,11.5642,0.0097,0.0000,0,0,0.0000,0,0.0000,0,0,0,599,0
4782,3.0552,16.7326,0.0036,0.0000,0,0,0.0000,0,0.0000,0,0,0,710,0
4783,2.9733,22.2816,0.0070,0.0000,0,0,0.0000,0,0.0000,0,0,0,695,0
4784,5.1946,6.5458,0.0069,0.0000,0,0,0.0000,0,0.0000,0,0,0,599,0
4785,3.1340,11.4542,0.0038,0.0000,0,0,0.0000,0,0.0000,0,0,0,599,0
4786,3.0552,16.8675,0.0065,0.0000,0,0,0.0000,0,0.0000,0,0,0,703,0
4787,2.9733,22.1303,0.0073,0.0000,0,0,0.0000,0,0.0000,0,0,0,695,0
4788,5.1946,6.4826,0.0055,0.0000,0,0,0.0000,0,0.0000,0,0,0,599,0
4789,3.1340,11.5292,0.0090,0.0000,0,0,0.0000,0,0.0000,0,0,0,599,0
4790,3.0552,16.7736,0.0053,0.0000,0,0,0.0000,0,0.0000,0,0,0,695,0
4791,2.9733,21.9720,0.0031,0.0000,0,0,0.0000,0,0.0000,0,0,0,695,0
4792,5.1946,6.2502,0.0039,0.0000,0,0,0.0000,0,0.0000,0,0,0,599,0
4793,3.1340,11.4518,0.0041,0.0000,0,0,0.0000,0,0.0000,0,0,0,599,0
4794,3.0552,16.7940,0.0022,0.0000,0,0,0.0000,0,0.0000,0,0,0,695,0
4795,2.9733,22.2955,0.0057,0.0000,0,0,0.0000,0,0.0000,0,0,0,695,0
4796,5.1946,6.3360,0.0019,0.0000,0,0,0.0000,0,0.0000,0,0,0,599,0
4797,3.1340,11.2120,0.0040,0.0000,0,0,0.0000,0,0.0000,0,0,0,599,0
4798,3.0552,16.2614,0.0051,0.0000,0,0,0.0000,0,0.0000,0,0,0,799,0
4799,2.9733,21.5955,0.0045,0.0000,0,0,0.0000,0,0.0000,0,0,0,695,0
4800,5.1946,5.6705,0.0444,0.0000,0,0,0.0000,0,0.0000,0,1,0,105482,0
4801,3.1340,9.7477,0.0227,0.0000,0,0,0.0000,0,0.0000,0,1,0,71919,0
4802,3.0552,14.2863,0.0435,0.0000,0,0,0.0000,0,0.0000,0,1,0,100728,0
4803,2.9733,18.8411,0.0135,0.0000,0,0,0.0000,0,0.0000,0,1,0,109587,0
4804,5.1946,6.5132,0.0067,0.0000,0,0,0.0000,0,0.0000,0,0,0,15863,0
4805,3.1340,11.5754,0.0057,0.0000,0,0,0.0000,0,0.0000,0,0,0,9553,0
4806,3.0552,16.9113,0.0222,0.0000,0,0,0.0000,0,0.0000,0,0,0,14021,0
4807,2.9733,22.4272,0.0196,0.0000,0,0,0.0000,0,0.0000,0,0,0,22860,0
4808,5.1946,6.4342,0.0062,0.0000,0,0,0.0000,0,0.0000,0,0,0,9106,0
4809,3.1340,11.0627,0.0050,0.0000,0,0,0.0000,0,0.0000,0,0,0,3310,0
4810,3.0552,15.9877,0.0115,0.0000,0,0,0.0000,0,0.0000,0,0,0,16824,0
4811,2.9733,21.3503,0.0225,0.0000,0,0,0.0000,0,0.0000,0,0,0,20305,0
4812,5.1946,6.5063,0.0067,0.0000,0,0,0.0000,0,0.0000,0,0,0,7345,0
4813,3.1340,11.5513,0.0055,0.0000,0,0,0.0000,0,0.0000,0,0,0,3453,0
4814,3.0552,16.8581,0.0073,0.0000,0,0,0.0000,0,0.0000,0,0,0,15486,0
4815,2.9733,22.3186,0.0066,0.0000,0,0,0.0000,0,0.0000,0,0,0,8839,0
4816,5.1946,6.4819,0.0057,0.0000,0,0,0.0000,0,0.0000,0,0,0,5064,0
4817,3.1340,11.3632,0.0030,0.0000,0,0,0.0000,0,0.0000,0,0,0,1807,0
4818,3.0552,16.7933,0.0070,0.0000,0,0,0.0000,0,0.0000,0,0,0,12230,0
4819,2.9733,22.1576,0.0107,0.0000,0,0,0.0000,0,0.0000,0,0,0,7342,0
4820,5.1946,6.5537,0.0063,0.0000,0,0,0.0000,0,0.0000,0,0,0,4261,0
4821,3.1340,11.6901,0.0100,0.0000,0,0,0.0000,0,0.0000,0,0,0,1446,0
4822,3.0552,16.9671,0.0061,0.0000,0,0,0.0000,0,0.0000,0,0,0,8041,0
4823,2.9733,22.3699,0.0053,0.0000,0,0,0.0000,0,0.0000,0,0,0,2243,0
4824,5.1946,7.3222,0.0075,0.0000,0,0,0.0000,0,0.0000,0,0,0,3916,0
4825,3.1340,11.6331,0.0058,0.0000,0,0,0.0000,0,0.0000,0,0,0,1368,0
4826,3.0552,16.9364,0.0063,0.0000,0,0,0.0000,0,0.0000,0,0,0,7441,0
4827,2.9733,22.6765,0.0079,0.0000,0,0,0.0000,0,0.0000,0,0,0,1961,0
4828,5.1946,6.5275,0.0059,0.0000,0,0,0.0000,0,0.0000,0,0,0,2949,0
4829,3.1340,11.5349,0.0061,0.0000,0,0,0.0000,0,0.0000,0,0,0,1443,0
4830,3.0552,16.7551,0.0064,0.0000,0,0,0.0000,0,0.0000,0,0,0,4682,0
4831,2.9733,21.9803,0.0055,0.0000,0,0,0.0000,0,0.0000,0,0,0,1949,0
4832,5.1946,6.5689,0.0060,0.0000,0,0,0.0000,0,0.0000,0,0,0,1746,0
4833,3.1340,11.5031,0.0054,0.0000,0,0,0.0000,0,0.0000,0,0,0,1587,0
4834,3.0552,16.6798,0.0042,0.0000,0,0,0.0000,0,0.0000,0,0,0,3830,0
4835,2.9733,22.1491,0.0097,0.0000,0,0,0.0000,0,0.0000,0,0,0,1561,0
4836,5.1946,6.4750,0.0089,0.0000,0,0,0.0000,0,0.0000,0,0,0,1549,0
4837,3.1340,11.4667,0.0037,0.0000,0,0,0.0000,0,0.0000,0,0,0,1578,0
4838,3.0552,16.7910,0.0055,0.0000,0,0,0.0000,0,0.0000,0,0,0,3348,0
4839,2.9733,22.1940,0.0051,0.0000,0,0,0.0000,0,0.0000,0,0,0,2325,0
4840,5.1946,6.5371,0.0059,0.0000,0,0,0.0000,0,0.0000,0,0,0,1191,0
4841,3.1340,11.6554,0.0067,0.0000,0,0,0.0000,0,0.0000,0,0,0,1431,0
4842,3.0552,17.0069,0.0060,0.0000,0,0,0.0000,0,0.0000,0,0,0,3249,0
4843,2.9733,22.4237,0.0069,0.0000,0,0,0.0000,0,0.0000,0,0,0,1876,0
4844,5.1946,6.4536,0.0046,0.0000,0,0,0.0000,0,0.0000,0,0,0,1033,0
4845,3.1340,11.4212,0.0168,0.0000,0,0,0.0000,0,0.0000,0,0,0,1325,0
4846,3.0552,16.7743,0.0047,0.0000,0,0,0.0000,0,0.0000,0,0,0,995,0
4847,2.9733,22.2267,0.0047,0.0000,0,0,0.0000,0,0.0000,0,0,0,2376,0
4848,5.1946,6.2351,0.0036,0.0000,0,0,0.0000,0,0.0000,0,0,0,1043,0
4849,3.1340,11.4936,0.0058,0.0000,0,0,0.0000,0,0.0000,0,0,0,1267,0
4850,3.0552,16.7755,0.0055,0.0000,0,0,0.0000,0,0.0000,0,0,0,742,0
4851,2.9733,22.1960,0.0053,0.0000,0,0,0.0000,0,0.0000,0,0,0,787,0
4852,5.1946,6.4549,0.0063,0.0000,0,0,0.0000,0,0.0000,0,0,0,846,0
4853,3.1340,11.4358,0.0055,0.0000,0,0,0.0000,0,0.0000,0,0,0,1218,0
4854,3.0552,16.7397,0.0095,0.0000,0,0,0.0000,0,0.0000,0,0,0,791,0
4855,2.9733,22.1073,0.0067,0.0000,0,0,0.0000,0,0.0000,0,0,0,700,0
4856,5.1946,6.4196,0.0037,0.0000,0,0,0.0000,0,0.0000,0,0,0,763,0
4857,3.1340,11.4033,0.0032,0.0000,0,0,0.0000,0,0.0000,0,0,0,1111,0
4858,3.0552,16.6490,0.0022,0.0000,0,0,0.0000,0,0.0000,0,0,0,856,0
4859,2.9733,21.9426,0.0026,0.0000,0,0,0.0000,0,0.0000,0,0,0,710,0
4860,5.1946,6.4943,0.0049,0.0000,0,0,0.0000,0,0.0000,0,0,0,681,0
4861,3.1340,11.8252,0.0055,0.0000,0,0,0.0000,0,0.0000,0,0,0,1116,0
4862,3.0552,16.7391,0.0025,0.0000,0,0,0.0000,0,0.0000,0,0,0,1108,0
4863,2.9733,22.1815,0.0059,0.0000,0,0,0.0000,0,0.0000,0,0,0,910,0
4864,5.1946,6.4608,0.0047,0.0000,0,0,0.0000,0,0.0000,0,0,0,635,0
4865,3.1340,11.5026,0.0021,0.0000,0,0,0.0000,0,0.0000,0,0,0,895,0
4866,3.0552,16.9059,0.0049,0.0000,0,0,0.0000,0,0.0000,0,0,0,1017,0
4867,2.9733,22.3924,0.0060,0.0000,0,0,0.0000,0,0.0000,0,0,0,1349,0
4868,5.1946,6.5590,0.0044,0.0000,0,0,0.0000,0,0.0000,0,0,0,635,0
4869,3.1340,11.4872,0.0047,0.0000,0,0,0.0000,0,0.0000,0,0,0,951,0
4870,3.0552,16.8113,0.0051,0.0000,0,0,0.0000,0,0.0000,0,0,0,1548,0
4871,2.9733,22.1840,0.0032,0.0000,0,0,0.0000,0,0.0000,0,0,0,1172,0
4872,5.1946,6.3772,0.0049,0.0000,0,0,0.0000,0,0.0000,0,0,0,634,0
4873,3.1340,11.4835,0.0043,0.0000,0,0,0.0000,0,0.0000,0,0,0,874,0
4874,3.0552,16.7760,0.0043,0.0000,0,0,0.0000,0,0.0000,0,0,0,1320,0
4875,2.9733,22.2440,0.0050,0.0000,0,0,0.0000,0,0.0000,0,0,0,1733,0
4876,5.1946,6.4068,0.0044,0.0000,0,0,0.0000,0,0.0000,0,0,0,623,0
4877,3.1340,11.5010,0.0042,0.0000,0,0,0.0000,0,0.0000,0,0,0,816,0
4878,3.0552,17.1179,0.0187,0.0000,0,0,0.0000,0,0.0000,0,0,0,1177,0
4879,2.9733,22.0400,0.0043,0.0000,0,0,0.0000,0,0.0000,0,0,0,706,0
4880,5.1946,6.4384,0.0045,0.0000,0,0,0.0000,0,0.0000,0,0,0,681,0
4881,3.1340,11.7937,0.0058,0.0000,0,0,0.0000,0,0.0000,0,0,0,774,0
4882,3.0552,17.0149,0.0061,0.0000,0,0,0.0000,0,0.0000,0,0,0,1043,0
4883,2.9733,22.4772,0.0050,0.0000,0,0,0.0000,0,0.0000,0,0,0,706,0
4884,5.1946,6.6664,0.0056,0.0000,0,0,0.0000,0,0.0000,0,0,0,640,0
4885,3.1340,11.4998,0.0059,0.0000,0,0,0.0000,0,0.0000,0,0,0,819,0
4886,3.0552,16.8227,0.0060,0.0000,0,0,0.0000,0,0.0000,0,0,0,1589,0
4887,2.9733,22.1883,0.0053,0.0000,0,0,0.0000,0,0.0000,0,0,0,695,0
4888,5.1946,6.4435,0.0349,0.0000,0,0,0.0000,0,0.0000,0,0,0,602,0
4889,3.1340,11.5702,0.0050,0.0000,0,0,0.0000,0,0.0000,0,0,0,721,0
4890,3.0552,16.7420,0.0054,0.0000,0,0,0.0000,0,0.0000,0,0,0,738,0
4891,2.9733,22.0335,0.0035,0.0000,0,0,0.0000,0,0.0000,0,0,0,722,0
4892,5.1946,6.4015,0.0049,0.0000,0,0,0.0000,0,0.0000,0,0,0,599,0
4893,3.1340,11.5022,0.0051,0.0000,0,0,0.0000,0,0.0000,0,0,0,614,0
4894,3.0552,16.7636,0.0028,0.0000,0,0,0.0000,0,0.0000,0,0,0,695,0
4895,2.9733,22.2443,0.0057,0.0000,0,0,0.0000,0,0.0000,0,0,0,912,0
4896,5.1946,6.5753,0.0090,0.0000,0,0,0.0000,0,0.0000,0,0,0,599,0
4897,3.1340,11.6483,0.0041,0.0000,0,0,0.0000,0,0.0000,0,0,0,599,0
4898,3.0552,16.2652,0.0050,0.0000,0,0,0.0000,0,0.0000,0,0,0,695,0
4899,2.9733,21.3884,0.0057,0.0000,0,0,0.0000,0,0.0000,0,0,0,853,0
4900,5.1946,6.5331,0.0048,0.0000,0,0,0.0000,0,0.0000,0,0,0,599,0
4901,3.1340,11.6123,0.0050,0.0000,0,0,0.0000,0,0.0000,0,0,0,599,0
4902,3.0552,16.9092,0.0051,0.0000,0,0,0.0000,0,0.0000,0,0,0,695,0
4903,2.9733,22.3736,0.0105,0.0000,0,0,0.0000,0,0.0000,0,0,0,1381,0
4904,5.1946,6.6371,0.0055,0.0000,0,0,0.0000,0,0.0000,0,0,0,599,0
4905,3.1340,11.4527,0.0034,0.0000,0,0,0.0000,0,0.0000,0,0,0,599,0
4906,3.0552,16.7775,0.0059,0.0000,0,0,0.0000,0,0.0000,0,0,0,752,0
4907,2.9733,22.0709,0.0050,0.0000,0,0,0.0000,0,0.0000,0,0,0,700,0
4908,5.1946,6.3251,0.0086,0.0000,0,0,0.0000,0,0.0000,0,0,0,599,0
4909,3.1340,11.5531,0.0053,0.0000,0,0,0.0000,0,0.0000,0,0,0,599,0
4910,3.0552,16.8037,0.0047,0.0000,0,0,0.0000,0,0.0000,0,0,0,706,0
4911,2.9733,22.2434,0.0045,0.0000,0,0,0.0000,0,0.0000,0,0,0,695,0
4912,5.1946,6.4192,0.0049,0.0000,0,0,0.0000,0,0.0000,0,0,0,599,0
4913,3.1340,11.5545,0.0055,0.0000,0,0,0.0000,0,0.0000,0,0,0,599,0
4914,3.0552,16.7667,0.0038,0.0000,0,0,0.0000,0,0.0000,0,0,0,931,0
4915,2.9733,22.2556,0.0052,0.0000,0,0,0.0000,0,0.0000,0,0,0,701,0
4916,5.1946,6.4599,0.0046,0.0000,0,0,0.0000,0,0.0000,0,0,0,599,0
4917,3.1340,11.5060,0.0080,0.0000,0,0,0.0000,0,0.0000,0,0,0,599,0
4918,3.0552,16.4837,0.0066,0.0000,0,0,0.0000,0,0.0000,0,0,0,795,0
4919,2.9733,21.0542,0.0057,0.0000,0,0,0.0000,0,0.0000,0,0,0,703,0
4920,5.1946,6.5033,0.0056,0.0000,0,0,0.0000,0,0.0000,0,0,0,599,0
4921,3.1340,11.6410,0.0057,0.0000,0,0,0.0000,0,0.0000,0,0,0,599,0
4922,3.0552,16.9577,0.0028,0.0000,0,0,0.0000,0,0.0000,0,0,0,786,0
4923,2.9733,22.4786,0.0051,0.0000,0,0,0.0000,0,0.0000,0,0,0,799,0
4924,5.1946,6.2810,0.0028,0.0000,0,0,0.0000,0,0.0000,0,0,0,599,0
4925,3.1340,11.3863,0.0043,0.0000,0,0,0.0000,0,0.0000,0,0,0,599,0
4926,3.0552,16.7883,0.0054,0.0000,0,0,0.0000,0,0.0000,0,0,0,764,0
4927,2.9733,22.1285,0.0092,0.0000,0,0,0.0000,0,0.0000,0,0,0,780,0
4928,5.1946,6.3098,0.0023,0.0000,0,0,0.0000,0,0.0000,0,0,0,599,0
4929,3.1340,11.6532,0.0045,0.0000,0,0,0.0000,0,0.0000,0,0,0,599,0
4930,3.0552,16.9093,0.0020,0.0000,0,0,0.0000,0,0.0000,0,0,0,1139,0
4931,2.9733,22.1822,0.0050,0.0000,0,0,0.0000,0,0.0000,0,0,0,1021,0
4932,5.1946,6.3259,0.0044,0.0000,0,0,0.0000,0,0.0000,0,0,0,599,0
4933,3.1340,11.5213,0.0053,0.0000,0,0,0.0000,0,0.0000,0,0,0,599,0
4934,3.0552,16.8831,0.0034,0.0000,0,0,0.0000,0,0.0000,0,0,0,695,0
4935,2.9733,22.3594,0.0041,0.0000,0,0,0.0000,0,0.0000,0,0,0,695,0
4936,5.1946,6.3653,0.0049,0.0000,0,0,0.0000,0,0.0000,0,0,0,599,0
4937,3.1340,11.4243,0.0034,0.0000,0,0,0.0000,0,0.0000,0,0,0,599,0
4938,3.0552,16.6833,0.0061,0.0000,0,0,0.0000,0,0.0000,0,0,0,695,0
4939,2.9733,21.6764,0.0054,0.0000,0,0,0.0000,0,0.0000,0,0,0,695,0
4940,5.1946,6.4269,0.0047,0.0000,0,0,0.0000,0,0.0000,0,0,0,599,0
4941,3.1340,11.6325,0.0060,0.0000,0,0,0.0000,0,0.0000,0,0,0,599,0
4942,3.0552,16.8995,0.0039,0.0000,0,0,0.0000,0,0.0000,0,0,0,695,0
4943,2.9733,22.2444,0.0175,0.0000,0,0,0.0000,0,0.0000,0,0,0,695,0
4944,5.1946,6.5735,0.0058,0.0000,0,0,0.0000,0,0.0000,0,0,0,599,0
4945,3.1340,11.4491,0.0070,0.0000,0,0,0.0000,0,0.0000,0,0,0,599,0
4946,3.0552,16.8281,0.0062,0.0000,0,0,0.0000,0,0.0000,0,0,0,695,0
4947,2.9733,22.1202,0.0094,0.0000,0,0,0.0000,0,0.0000,0,0,0,695,0
4948,5.1946,6.2828,0.0040,0.0000,0,0,0.0000,0,0.0000,0,0,0,599,0
4949,3.1340,11.5076,0.0050,0.0000,0,0,0.0000,0,0.0000,0,0,0,599,0
4950,3.0552,16.7810,0.0050,0.0000,0,0,0.0000,0,0.0000,0,0,0,724,0
4951,2.9733,22.2390,0.0042,0.0000,0,0,0.0000,0,0.0000,0,0,0,746,0
4952,5.1946,6.4896,0.0055,0.0000,0,0,0.0000,0,0.0000,0,0,0,599,0
4953,3.1340,11.5579,0.0050,0.0000,0,0,0.0000,0,0.0000,0,0,0,599,0
4954,3.0552,16.8141,0.0037,0.0000,0,0,0.0000,0,0.0000,0,0,0,695,0
4955,2.9733,22.1828,0.0055,0.0000,0,0,0.0000,0,0.0000,0,0,0,712,0
4956,5.1946,6.5054,0.0048,0.0000,0,0,0.0000,0,0.0000,0,0,0,599,0
4957,3.1340,11.1595,0.0053,0.0000,0,0,0.0000,0,0.0000,0,0,0,599,0
4958,3.0552,16.2617,0.0059,0.0000,0,0,0.0000,0,0.0000,0,0,0,756,0
4959,2.9733,21.5112,0.0022,0.0000,0,0,0.0000,0,0.0000,0,0,0,812,0
4960,5.1946,6.1824,0.0019,0.0000,0,0,0.0000,0,0.0000,0,0,0,599,0
4961,3.1340,11.4639,0.0052,0.0000,0,0,0.0000,0,0.0000,0,0,0,599,0
4962,3.0552,16.7137,0.0030,0.0000,0,0,0.0000,0,0.0000,0,0,0,749,0
4963,2.9733,22.3433,0.0047,0.0000,0,0,0.0000,0,0.0000,0,0,0,734,0
4964,5.1946,6.3595,0.0021,0.0000,0,0,0.0000,0,0.0000,0,0,0,599,0
4965,3.1340,11.6107,0.0041,0.0000,0,0,0.0000,0,0.0000,0,0,0,599,0
4966,3.0552,16.9303,0.0054,0.0000,0,0,0.0000,0,0.0000,0,0,0,715,0
4967,2.9733,22.2313,0.0020,0.0000,0,0,0.0000,0,0.0000,0,0,0,695,0
4968,5.1946,6.2395,0.0040,0.0000,0,0,0.0000,0,0.0000,0,0,0,599,0
4969,3.1340,11.4912,0.0042,0.0000,0,0,0.0000,0,0.0000,0,0,0,599,0
4970,3.0552,16.7444,0.0090,0.0000,0,0,0.0000,0,0.0000,0,0,0,709,0
4971,2.9733,22.1337,0.0044,0.0000,0,0,0.0000,0,0.0000,0,0,0,695,0
4972,5.1946,6.4887,0.0050,0.0000,0,0,0.0000,0,0.0000,0,0,0,599,0
4973,3.1340,11.5924,0.0087,0.0000,0,0,0.0000,0,0.0000,0,0,0,599,0
4974,3.0552,16.9428,0.0047,0.0000,0,0,0.0000,0,0.0000,0,0,0,863,0
4975,2.9733,22.2680,0.0055,0.0000,0,0,0.0000,0,0.0000,0,0,0,702,0
4976,5.1946,6.4966,0.0050,0.0000,0,0,0.0000,0,0.0000,0,0,0,599,0
4977,3.1340,11.3750,0.0045,0.0000,0,0,0.0000,0,0.0000,0,0,0,599,0
4978,3.0552,16.5491,0.0067,0.0000,0,0,0.0000,0,0.0000,0,0,0,695,0
4979,2.9733,21.8885,0.0070,0.0000,0,0,0.0000,0,0.0000,0,0,0,743,0
4980,5.1946,6.7016,0.0058,0.0000,0,0,0.0000,0,0.0000,0,0,0,599,0
4981,3.1340,11.4844,0.0056,0.0000,0,0,0.0000,0,0.0000,0,0,0,599,0
4982,3.0552,16.4692,0.0035,0.0000,0,0,0.0000,0,0.0000,0,0,0,695,0
4983,2.9733,21.8828,0.0055,0.0000,0,0,0.0000,0,0.0000,0,0,0,738,0
4984,5.1946,6.7362,0.0064,0.0000,0,0,0.0000,0,0.0000,0,0,0,599,0
4985,3.1340,11.4894,0.0045,0.0000,0,0,0.0000,0,0.0000,0,0,0,599,0
4986,3.0552,16.5539,0.0050,0.0000,0,0,0.0000,0,0.0000,0,0,0,695,0
4987,2.9733,21.7474,0.0097,0.0000,0,0,0.0000,0,0.0000,0,0,0,788,0
4988,5.1946,6.4315,0.0043,0.0000,0,0,0.0000,0,0.0000,0,0,0,599,0
4989,3.1340,11.4549,0.0054,0.0000,0,0,0.0000,0,0.0000,0,0,0,599,0
4990,3.0552,16.7421,0.0053,0.0000,0,0,0.0000,0,0.0000,0,0,0,695,0
4991,2.9733,22.1010,0.0048,0.0000,0,0,0.0000,0,0.0000,0,0,0,695,0
4992,5.1946,6.4878,0.0057,0.0000,0,0,0.0000,0,0.0000,0,0,0,599,0
4993,3.1340,11.5357,0.0037,0.0000,0,0,0.0000,0,0.0000,0,0,0,599,0
4994,3.0552,16.8613,0.0042,0.0000,0,0,0.0000,0,0.0000,0,0,0,695,0
4995,2.9733,22.1725,0.0065,0.0000,0,0,0.0000,0,0.0000,0,0,0,695,0
4996,5.1946,6.5823,0.0063,0.0000,0,0,0.0000,0,0.0000,0,0,0,599,0
4997,3.1340,11.5153,0.0043,0.0000,0,0,0.0000,0,0.0000,0,0,0,599,0
4998,3.0552,16.7501,0.0103,0.0000,0,0,0.0000,0,0.0000,0,0,0,695,0
4999,2.9733,22.2132,0.0045,0.0000,0,0,0.0000,0,0.0000,0,0,0,705,0
5000,5.1946,6.6777,0.0055,0.0000,0,0,0.0000,0,0.0000,0,0,0,599,0
5001,3.1340,11.5146,0.0059,0.0000,0,0,0.0000,0,0.0000,0,0,0,599,0
5002,3.0552,16.6196,0.0072,0.0000,0,0,0.0000,0,0.0000,0,0,0,706,0
5003,2.9733,21.8607,0.0092,0.0000,0,0,0.0000,0,0.0000,0,0,0,725,0
5004,5.1946,6.4919,0.0050,0.0000,0,0,0.0000,0,0.0000,0,0,0,599,0
5005,3.1340,11.4508,0.0034,0.0000,0,0,0.0000,0,0.0000,0,0,0,599,0
5006,3.0552,16.7411,0.0054,0.0000,0,0,0.0000,0,0.0000,0,0,0,714,0
5007,2.9733,22.1518,0.0063,0.0000,0,0,0.0000,0,0.0000,0,0,0,746,0
5008,5.1946,6.4677,0.0042,0.0000,0,0,0.0000,0,0.0000,0,0,0,599,0
5009,3.1340,11.4687,0.0045,0.0000,0,0,0.0000,0,0.0000,0,0,0,599,0
5010,3.0552,16.8169,0.0044,0.0000,0,0,0.0000,0,0.0000,0,0,0,697,0
5011,2.9733,22.1328,0.0051,0.0000,0,0,0.0000,0,0.0000,0,0,0,721,0
5012,5.1946,6.4893,0.0058,0.0000,0,0,0.0000,0,0.0000,0,0,0,599,0
5013,3.1340,11.4992,0.0039,0.0000,0,0,0.0000,0,0.0000,0,0,0,599,0
5014,3.0552,16.7298,0.0045,0.0000,0,0,0.0000,0,0.0000,0,0,0,695,0
5015,2.9733,21.9997,0.0050,0.0000,0,0,0.0000,0,0.0000,0,0,0,758,0
5016,5.1946,6.1867,0.0025,0.0000,0,0,0.0000,0,0.0000,0,0,0,599,0
5017,3.1340,11.5056,0.0039,0.0000,0,0,0.0000,0,0.0000,0,0,0,599,0
5018,3.0552,16.9559,0.0058,0.0000,0,0,0.0000,0,0.0000,0,0,0,781,0
5019,2.9733,22.2547,0.0043,0.0000,0,0,0.0000,0,0.0000,0,0,0,695,0
5020,5.1946,6.5782,0.0046,0.0000,0,0,0.0000,0,0.0000,0,0,0,599,0
5021,3.1340,11.4792,0.0047,0.0000,0,0,0.0000,0,0.0000,0,0,0,599,0
5022,3.0552,16.7252,0.0053,0.0000,0,0,0.0000,0,0.0000,0,0,0,695,0
5023,2.9733,22.0639,0.0062,0.0000,0,0,0.0000,0,0.0000,0,0,0,695,0
5024,5.1946,6.5908,0.0065,0.0000,0,0,0.0000,0,0.0000,0,0,0,599,0
5025,3.1340,11.4887,0.0063,0.0000,0,0,0.0000,0,0.0000,0,0,0,599,0
5026,3.0552,16.8133,0.0107,0.0000,0,0,0.0000,0,0.0000,0,0,0,695,0
5027,2.9733,22.0731,0.0056,0.0000,0,0,0.0000,0,0.0000,0,0,0,695,0
5028,5.1946,6.4755,0.0054,0.0000,0,0,0.0000,0,0.0000,0,0,0,599,0
5029,3.1340,11.5280,0.0050,0.0000,0,0,0.0000,0,0.0000,0,0,0,599,0
5030,3.0552,16.8104,0.0048,0.0000,0,0,0.0000,0,0.0000,0,0,0,695,0
5031,2.9733,22.2615,0.0052,0.0000,0,0,0.0000,0,0.0000,0,0,0,695,0
5032,5.1946,6.4780,0.0050,0.0000,0,0,0.0000,0,0.0000,0,0,0,599,0
5033,3.1340,11.5548,0.0050,0.0000,0,0,0.0000,0,0.0000,0,0,0,599,0
5034,3.0552,16.9133,0.0062,0.0000,0,0,0.0000,0,0.0000,0,0,0,695,0
5035,2.9733,22.3175,0.0058,0.0000,0,0,0.0000,0,0.0000,0,0,0,716,0
5036,5.1946,6.7618,0.0050,0.0000,0,0,0.0000,0,0.0000,0,0,0,599,0
5037,3.1340,11.5528,0.0105,0.0000,0,0,0.0000,0,0.0000,0,0,0,599,0
5038,3.0552,16.8983,0.0054,0.0000,0,0,0.0000,0,0.0000,0,0,0,695,0
5039,2.9733,22.1975,0.0026,0.0000,0,0,0.0000,0,0.0000,0,0,0,707,0
5040,5.1946,18.7372,0.0158,0.0000,0,0,0.0000,0,0.0000,0,1,0,60271,0
5041,3.1340,16.2400,0.0074,0.0000,0,0,0.0000,0,0.0000,0,1,0,43482,0
5042,3.0552,15.6637,0.0049,0.0000,0,0,0.0000,0,0.0000,0,1,0,59828,0
5043,2.9733,15.6862,0.0122,0.0000,0,0,0.0000,0,0.0000,0,1,0,68126,0
5044,5.1946,6.1558,0.0018,0.0000,0,0,0.0000,0,0.0000,0,0,0,15967,0
5045,3.1340,11.4245,0.0018,0.0000,0,0,0.0000,0,0.0000,0,0,0,14199,0
5046,3.0552,16.8788,0.0058,0.0000,0,0,0.0000,0,0.0000,0,0,0,17643,0
5047,2.9733,22.5345,0.0019,0.0000,0,0,0.0000,0,0.0000,0,0,0,14303,0
5048,5.1946,6.0621,0.0017,0.0000,0,0,0.0000,0,0.0000,0,0,0,6175,0
5049,3.1340,11.3605,0.0020,0.0000,0,0,0.0000,0,0.0000,0,0,0,5501,0
5050,3.0552,16.8190,0.0015,0.0000,0,0,0.0000,0,0.0000,0,0,0,8663,0
5051,2.9733,22.3940,0.0013,0.0000,0,0,0.0000,0,0.0000,0,0,0,6869,0
5052,5.1946,6.0015,0.0028,0.0000,0,0,0.0000,0,0.0000,0,0,0,12054,0
5053,3.1340,11.4033,0.0023,0.0000,0,0,0.0000,0,0.0000,0,0,0,15189,0
5054,3.0552,16.8875,0.0022,0.0000,0,0,0.0000,0,0.0000,0,0,0,14797,0
5055,2.9733,22.3751,0.0029,0.0000,0,0,0.0000,0,0.0000,0,0,0,11135,0
5056,5.1946,6.0805,0.0022,0.0000,0,0,0.0000,0,0.0000,0,0,0,19327,0
5057,3.1340,11.4245,0.0024,0.0000,0,0,0.0000,0,0.0000,0,0,0,15140,0
5058,3.0552,16.7854,0.0033,0.0000,0,0,0.0000,0,0.0000,0,0,0,16878,0
5059,2.9733,22.3202,0.0026,0.0000,0,0,0.0000,0,0.0000,0,0,0,17362,0
5060,5.1946,6.0694,0.0022,0.0000,0,0,0.0000,0,0.0000,0,0,0,10956,0
5061,3.1340,11.3794,0.0030,0.0000,0,0,0.0000,0,0.0000,0,0,0,9351,0
5062,3.0552,16.7902,0.0023,0.0000,0,0,0.0000,0,0.0000,0,0,0,9754,0
5063,2.9733,22.3334,0.0030,0.0000,0,0,0.0000,0,0.0000,0,0,0,17542,0
5064,5.1946,6.1583,0.0042,0.0000,0,0,0.0000,0,0.0000,0,0,0,5031,0
5065,3.1340,11.4073,0.0018,0.0000,0,0,0.0000,0,0.0000,0,0,0,4635,0
5066,3.0552,16.8303,0.0024,0.0000,0,0,0.0000,0,0.0000,0,0,0,6836,0
5067,2.9733,22.2766,0.0034,0.0000,0,0,0.0000,0,0.0000,0,0,0,5769,0
5068,5.1946,6.1598,0.0020,0.0000,0,0,0.0000,0,0.0000,0,0,0,3913,0
5069,3.1340,11.3886,0.0019,0.0000,0,0,0.0000,0,0.0000,0,0,0,2919,0
5070,3.0552,16.7562,0.0027,0.0000,0,0,0.0000,0,0.0000,0,0,0,3234,0
5071,2.9733,22.2354,0.0023,0.0000,0,0,0.0000,0,0.0000,0,0,0,3051,0
5072,5.1946,6.2371,0.0045,0.0000,0,0,0.0000,0,0.0000,0,0,0,3192,0
5073,3.1340,11.5051,0.0045,0.0000,0,0,0.0000,0,0.0000,0,0,0,2362,0
5074,3.0552,16.7894,0.0025,0.0000,0,0,0.0000,0,0.0000,0,0,0,2230,0
5075,2.9733,22.2840,0.0058,0.0000,0,0,0.0000,0,0.0000,0,0,0,2863,0
5076,5.1946,6.5014,0.0050,0.0000,0,0,0.0000,0,0.0000,0,0,0,3165,0
5077,3.1340,11.6215,0.0050,0.0000,0,0,0.0000,0,0.0000,0,0,0,2416,0
5078,3.0552,16.9935,0.0061,0.0000,0,0,0.0000,0,0.0000,0,0,0,2408,0
5079,2.9733,22.4904,0.0074,0.0000,0,0,0.0000,0,0.0000,0,0,0,2470,0
5080,5.1946,6.7287,0.0187,0.0000,0,0,0.0000,0,0.0000,0,0,0,2454,0
5081,3.1340,11.5382,0.0061,0.0000,0,0,0.0000,0,0.0000,0,0,0,1491,0
5082,3.0552,16.6698,0.0057,0.0000,0,0,0.0000,0,0.0000,0,0,0,870,0
5083,2.9733,22.1119,0.0070,0.0000,0,0,0.0000,0,0.0000,0,0,0,2369,0
5084,5.1946,6.5429,0.0107,0.0000,0,0,0.0000,0,0.0000,0,0,0,1462,0
5085,3.1340,11.5330,0.0053,0.0000,0,0,0.0000,0,0.0000,0,0,0,1285,0
5086,3.0552,16.8025,0.0054,0.0000,0,0,0.0000,0,0.0000,0,0,0,699,0
5087,2.9733,22.1943,0.0110,0.0000,0,0,0.0000,0,0.0000,0,0,0,1409,0
5088,5.1946,6.4997,0.0084,0.0000,0,0,0.0000,0,0.0000,0,0,0,1319,0
5089,3.1340,11.5000,0.0057,0.0000,0,0,0.0000,0,0.0000,0,0,0,1143,0
5090,3.0552,16.8062,0.0052,0.0000,0,0,0.0000,0,0.0000,0,0,0,695,0
5091,2.9733,22.1698,0.0055,0.0000,0,0,0.0000,0,0.0000,0,0,0,1718,0
5092,5.1946,6.5401,0.0060,0.0000,0,0,0.0000,0,0.0000,0,0,0,1127,0
5093,3.1340,11.5320,0.0041,0.0000,0,0,0.0000,0,0.0000,0,0,0,972,0
5094,3.0552,16.8196,0.0057,0.0000,0,0,0.0000,0,0.0000,0,0,0,702,0
5095,2.9733,22.6343,0.0070,0.0000,0,0,0.0000,0,0.0000,0,0,0,729,0
5096,5.1946,6.4873,0.0040,0.0000,0,0,0.0000,0,0.0000,0,0,0,1059,0
5097,3.1340,11.4494,0.0058,0.0000,0,0,0.0000,0,0.0000,0,0,0,873,0
5098,3.0552,16.6918,0.0101,0.0000,0,0,0.0000,0,0.0000,0,0,0,749,0
5099,2.9733,22.0587,0.0046,0.0000,0,0,0.0000,0,0.0000,0,0,0,695,0
5100,5.1946,6.7637,0.0057,0.0000,0,0,0.0000,0,0.0000,0,0,0,947,0
5101,3.1340,11.4558,0.0048,0.0000,0,0,0.0000,0,0.0000,0,0,0,793,0
5102,3.0552,16.5550,0.0043,0.0000,0,0,0.0000,0,0.0000,0,0,0,712,0
5103,2.9733,22.0000,0.0065,0.0000,0,0,0.0000,0,0.0000,0,0,0,726,0
5104,5.1946,6.5118,0.0062,0.0000,0,0,0.0000,0,0.0000,0,0,0,875,0
5105,3.1340,11.5300,0.0079,0.0000,0,0,0.0000,0,0.0000,0,0,0,748,0
5106,3.0552,16.7263,0.0056,0.0000,0,0,0.0000,0,0.0000,0,0,0,896,0
5107,2.9733,21.9515,0.0053,0.0000,0,0,0.0000,0,0.0000,0,0,0,793,0
5108,5.1946,6.8239,0.0055,0.0000,0,0,0.0000,0,0.0000,0,0,0,790,0
5109,3.1340,11.6223,0.0098,0.0000,0,0,0.0000,0,0.0000,0,0,0,759,0
5110,3.0552,16.7703,0.0037,0.0000,0,0,0.0000,0,0.0000,0,0,0,819,0
5111,2.9733,22.3296,0.0064,0.0000,0,0,0.0000,0,0.0000,0,0,0,1103,0
5112,5.1946,6.5477,0.0047,0.0000,0,0,0.0000,0,0.0000,0,0,0,729,0
5113,3.1340,11.4595,0.0039,0.0000,0,0,0.0000,0,0.0000,0,0,0,770,0
5114,3.0552,16.7928,0.0059,0.0000,0,0,0.0000,0,0.0000,0,0,0,832,0
5115,2.9733,22.1165,0.0063,0.0000,0,0,0.0000,0,0.0000,0,0,0,980,0
5116,5.1946,6.5370,0.0050,0.0000,0,0,0.0000,0,0.0000,0,0,0,695,0
5117,3.1340,11.5497,0.0055,0.0000,0,0,0.0000,0,0.0000,0,0,0,678,0
5118,3.0552,16.9255,0.0055,0.0000,0,0,0.0000,0,0.0000,0,0,0,774,0
5119,2.9733,22.2911,0.0090,0.0000,0,0,0.0000,0,0.0000,0,0,0,1479,0
5120,5.1946,6.5380,0.0060,0.0000,0,0,0.0000,0,0.0000,0,0,0,655,0
5121,3.1340,11.5165,0.0095,0.0000,0,0,0.0000,0,0.0000,0,0,0,665,0
5122,3.0552,16.7715,0.0051,0.0000,0,0,0.0000,0,0.0000,0,0,0,1157,0
5123,2.9733,22.1376,0.0058,0.0000,0,0,0.0000,0,0.0000,0,0,0,711,0
5124,5.1946,6.6430,0.0042,0.0000,0,0,0.0000,0,0.0000,0,0,0,655,0
5125,3.1340,11.4307,0.0042,0.0000,0,0,0.0000,0,0.0000,0,0,0,614,0
5126,3.0552,16.7499,0.0055,0.0000,0,0,0.0000,0,0.0000,0,0,0,713,0
5127,2.9733,21.8167,0.0106,0.0000,0,0,0.0000,0,0.0000,0,0,0,695,0
5128,5.1946,6.6336,0.0056,0.0000,0,0,0.0000,0,0.0000,0,0,0,646,0
5129,3.1340,11.5003,0.0054,0.0000,0,0,0.0000,0,0.0000,0,0,0,599,0
5130,3.0552,16.4319,0.0073,0.0000,0,0,0.0000,0,0.0000,0,0,0,695,0
5131,2.9733,21.6502,0.0060,0.0000,0,0,0.0000,0,0.0000,0,0,0,701,0
5132,5.1946,6.5563,0.0054,0.0000,0,0,0.0000,0,0.0000,0,0,0,645,0
5133,3.1340,11.5549,0.0080,0.0000,0,0,0.0000,0,0.0000,0,0,0,599,0
5134,3.0552,16.8126,0.0078,0.0000,0,0,0.0000,0,0.0000,0,0,0,695,0
5135,2.9733,22.0880,0.0058,0.0000,0,0,0.0000,0,0.0000,0,0,0,751,0
5136,5.1946,6.5013,0.0040,0.0000,0,0,0.0000,0,0.0000,0,0,0,634,0
5137,3.1340,11.5077,0.0057,0.0000,0,0,0.0000,0,0.0000,0,0,0,599,0
5138,3.0552,16.7923,0.0055,0.0000,0,0,0.0000,0,0.0000,0,0,0,707,0
5139,2.9733,22.1038,0.0041,0.0000,0,0,0.0000,0,0.0000,0,0,0,871,0
5140,5.1946,6.4192,0.0047,0.0000,0,0,0.0000,0,0.0000,0,0,0,636,0
5141,3.1340,11.5102,0.0040,0.0000,0,0,0.0000,0,0.0000,0,0,0,599,0
5142,3.0552,16.8900,0.0045,0.0000,0,0,0.0000,0,0.0000,0,0,0,745,0
5143,2.9733,22.2810,0.0058,0.0000,0,0,0.0000,0,0.0000,0,0,0,814,0
5144,5.1946,6.3393,0.0044,0.0000,0,0,0.0000,0,0.0000,0,0,0,649,0
5145,3.1340,11.4655,0.0046,0.0000,0,0,0.0000,0,0.0000,0,0,0,599,0
5146,3.0552,16.9661,0.0067,0.0000,0,0,0.0000,0,0.0000,0,0,0,728,0
5147,2.9733,22.3500,0.0056,0.0000,0,0,0.0000,0,0.0000,0,0,0,1064,0
5148,5.1946,6.7431,0.0053,0.0000,0,0,0.0000,0,0.0000,0,0,0,662,0
5149,3.1340,11.5654,0.0054,0.0000,0,0,0.0000,0,0.0000,0,0,0,599,0
5150,3.0552,16.5479,0.0075,0.0000,0,0,0.0000,0,0.0000,0,0,0,831,0
5151,2.9733,21.8564,0.0061,0.0000,0,0,0.0000,0,0.0000,0,0,0,701,0
5152,5.1946,6.5489,0.0058,0.0000,0,0,0.0000,0,0.0000,0,0,0,624,0
5153,3.1340,11.4482,0.0036,0.0000,0,0,0.0000,0,0.0000,0,0,0,599,0
5154,3.0552,16.6683,0.0086,0.0000,0,0,0.0000,0,0.0000,0,0,0,736,0
5155,2.9733,22.0486,0.0052,0.0000,0,0,0.0000,0,0.0000,0,0,0,695,0
5156,5.1946,6.3738,0.0045,0.0000,0,0,0.0000,0,0.0000,0,0,0,610,0
5157,3.1340,11.5924,0.0050,0.0000,0,0,0.0000,0,0.0000,0,0,0,599,0
5158,3.0552,16.9100,0.0039,0.0000,0,0,0.0000,0,0.0000,0,0,0,740,0
5159,2.9733,22.3183,0.0041,0.0000,0,0,0.0000,0,0.0000,0,0,0,703,0
5160,5.1946,6.4573,0.0048,0.0000,0,0,0.0000,0,0.0000,0,0,0,599,0
5161,3.1340,11.5668,0.0035,0.0000,0,0,0.0000,0,0.0000,0,0,0,599,0
5162,3.0552,17.0108,0.0051,0.0000,0,0,0.0000,0,0.0000,0,0,0,705,0
5163,2.9733,22.3765,0.0050,0.0000,0,0,0.0000,0,0.0000,0,0,0,731,0
5164,5.1946,6.4611,0.0044,0.0000,0,0,0.0000,0,0.0000,0,0,0,599,0
5165,3.1340,11.4762,0.0049,0.0000,0,0,0.0000,0,0.0000,0,0,0,599,0
5166,3.0552,16.7786,0.0052,0.0000,0,0,0.0000,0,0.0000,0,0,0,888,0
5167,2.9733,22.1023,0.0035,0.0000,0,0,0.0000,0,0.0000,0,0,0,800,0
5168,5.1946,6.2419,0.0035,0.0000,0,0,0.0000,0,0.0000,0,0,0,599,0
5169,3.1340,11.3975,0.0034,0.0000,0,0,0.0000,0,0.0000,0,0,0,599,0
5170,3.0552,16.8873,0.0058,0.0000,0,0,0.0000,0,0.0000,0,0,0,699,0
5171,2.9733,22.5328,0.0069,0.0000,0,0,0.0000,0,0.0000,0,0,0,782,0
5172,5.1946,6.5459,0.0057,0.0000,0,0,0.0000,0,0.0000,0,0,0,599,0
5173,3.1340,11.4502,0.0040,0.0000,0,0,0.0000,0,0.0000,0,0,0,599,0
5174,3.0552,16.5948,0.0055,0.0000,0,0,0.0000,0,0.0000,0,0,0,695,0
5175,2.9733,21.7892,0.0066,0.0000,0,0,0.0000,0,0.0000,0,0,0,929,0
5176,5.1946,6.5065,0.0055,0.0000,0,0,0.0000,0,0.0000,0,0,0,599,0
5177,3.1340,11.7427,0.0056,0.0000,0,0,0.0000,0,0.0000,0,0,0,599,0
5178,3.0552,16.8006,0.0045,0.0000,0,0,0.0000,0,0.0000,0,0,0,695,0
5179,2.9733,22.2102,0.0048,0.0000,0,0,0.0000,0,0.0000,0,0,0,695,0
5180,5.1946,6.5100,0.0050,0.0000,0,0,0.0000,0,0.0000,0,0,0,599,0
5181,3.1340,11.4612,0.0025,0.0000,0,0,0.0000,0,0.0000,0,0,0,599,0
5182,3.0552,16.8837,0.0046,0.0000,0,0,0.0000,0,0.0000,0,0,0,727,0
5183,2.9733,22.3013,0.0055,0.0000,0,0,0.0000,0,0.0000,0,0,0,695,0
5184,5.1946,6.5362,0.0043,0.0000,0,0,0.0000,0,0.0000,0,0,0,599,0
5185,3.1340,11.4258,0.0046,0.0000,0,0,0.0000,0,0.0000,0,0,0,599,0
5186,3.0552,16.7144,0.0041,0.0000,0,0,0.0000,0,0.0000,0,0,0,728,0
5187,2.9733,22.0408,0.0038,0.0000,0,0,0.0000,0,0.0000,0,0,0,699,0
5188,5.1946,6.2925,0.0050,0.0000,0,0,0.0000,0,0.0000,0,0,0,599,0
5189,3.1340,11.5028,0.0057,0.0000,0,0,0.0000,0,0.0000,0,0,0,599,0
5190,3.0552,16.8368,0.0073,0.0000,0,0,0.0000,0,0.0000,0,0,0,705,0
5191,2.9733,22.3897,0.0063,0.0000,0,0,0.0000,0,0.0000,0,0,0,723,0
5192,5.1946,6.8455,0.0073,0.0000,0,0,0.0000,0,0.0000,0,0,0,599,0
5193,3.1340,11.6219,0.0041,0.0000,0,0,0.0000,0,0.0000,0,0,0,599,0
5194,3.0552,16.7551,0.0099,0.0000,0,0,0.0000,0,0.0000,0,0,0,754,0
5195,2.9733,21.9484,0.0144,0.0000,0,0,0.0000,0,0.0000,0,0,0,754,0
5196,5.1946,6.7257,0.0100,0.0000,0,0,0.0000,0,0.0000,0,0,0,599,0
5197,3.1340,11.6728,0.0104,0.0000,0,0,0.0000,0,0.0000,0,0,0,599,0
5198,3.0552,16.8489,0.0053,0.0000,0,0,0.0000,0,0.0000,0,0,0,741,0
5199,2.9733,22.3136,0.0055,0.0000,0,0,0.0000,0,0.0000,0,0,0,712,0
5200,5.1946,6.4969,0.0057,0.0000,0,0,0.0000,0,0.0000,0,0,0,599,0
5201,3.1340,11.4787,0.0084,0.0000,0,0,0.0000,0,0.0000,0,0,0,599,0
5202,3.0552,16.8672,0.0056,0.0000,0,0,0.0000,0,0.0000,0,0,0,734,0
5203,2.9733,22.2746,0.0092,0.0000,0,0,0.0000,0,0.0000,0,0,0,775,0
5204,5.1946,6.2750,0.0041,0.0000,0,0,0.0000,0,0.0000,0,0,0,599,0
5205,3.1340,11.5187,0.0059,0.0000,0,0,0.0000,0,0.0000,0,0,0,599,0
5206,3.0552,16.8487,0.0093,0.0000,0,0,0.0000,0,0.0000,0,0,0,752,0
5207,2.9733,22.1557,0.0034,0.0000,0,0,0.0000,0,0.0000,0,0,0,695,0
5208,5.1946,6.4205,0.0057,0.0000,0,0,0.0000,0,0.0000,0,0,0,599,0
5209,3.1340,11.5651,0.0055,0.0000,0,0,0.0000,0,0.0000,0,0,0,599,0
5210,3.0552,16.8876,0.0033,0.0000,0,0,0.0000,0,0.0000,0,0,0,907,0
5211,2.9733,22.3594,0.0097,0.0000,0,0,0.0000,0,0.0000,0,0,0,695,0
5212,5.1946,6.4759,0.0109,0.0000,0,0,0.0000,0,0.0000,0,0,0,599,0
5213,3.1340,11.6937,0.0070,0.0000,0,0,0.0000,0,0.0000,0,0,0,599,0
5214,3.0552,17.1235,0.0105,0.0000,0,0,0.0000,0,0.0000,0,0,0,704,0
5215,2.9733,22.5031,0.0108,0.0000,0,0,0.0000,0,0.0000,0,0,0,695,0
5216,5.1946,6.5604,0.0070,0.0000,0,0,0.0000,0,0.0000,0,0,0,599,0
5217,3.1340,11.6675,0.0110,0.0000,0,0,0.0000,0,0.0000,0,0,0,599,0
5218,3.0552,16.8775,0.0095,0.0000,0,0,0.0000,0,0.0000,0,0,0,695,0
5219,2.9733,22.2665,0.0065,0.0000,0,0,0.0000,0,0.0000,0,0,0,699,0
5220,5.1946,6.5546,0.0066,0.0000,0,0,0.0000,0,0.0000,0,0,0,599,0
5221,3.1340,11.4217,0.0045,0.0000,0,0,0.0000,0,0.0000,0,0,0,599,0
5222,3.0552,16.7036,0.0055,0.0000,0,0,0.0000,0,0.0000,0,0,0,695,0
5223,2.9733,22.0217,0.0060,0.0000,0,0,0.0000,0,0.0000,0,0,0,723,0
5224,5.1946,6.2861,0.0027,0.0000,0,0,0.0000,0,0.0000,0,0,0,599,0
5225,3.1340,11.4963,0.0053,0.0000,0,0,0.0000,0,0.0000,0,0,0,599,0
5226,3.0552,16.8450,0.0059,0.0000,0,0,0.0000,0,0.0000,0,0,0,695,0
5227,2.9733,22.1093,0.0066,0.0000,0,0,0.0000,0,0.0000,0,0,0,734,0
5228,5.1946,6.3527,0.0057,0.0000,0,0,0.0000,0,0.0000,0,0,0,599,0
5229,3.1340,11.5073,0.0063,0.0000,0,0,0.0000,0,0.0000,0,0,0,599,0
5230,3.0552,16.7605,0.0028,0.0000,0,0,0.0000,0,0.0000,0,0,0,728,0
5231,2.9733,22.2499,0.0064,0.0000,0,0,0.0000,0,0.0000,0,0,0,761,0
5232,5.1946,6.4310,0.0057,0.0000,0,0,0.0000,0,0.0000,0,0,0,599,0
5233,3.1340,11.5003,0.0079,0.0000,0,0,0.0000,0,0.0000,0,0,0,599,0
5234,3.0552,16.8592,0.0054,0.0000,0,0,0.0000,0,0.0000,0,0,0,711,0
5235,2.9733,22.5269,0.0130,0.0000,0,0,0.0000,0,0.0000,0,0,0,695,0
5236,5.1946,6.9744,0.0065,0.0000,0,0,0.0000,0,0.0000,0,0,0,599,0
5237,3.1340,11.6068,0.0066,0.0000,0,0,0.0000,0,0.0000,0,0,0,599,0
5238,3.0552,16.6674,0.0039,0.0000,0,0,0.0000,0,0.0000,0,0,0,817,0
5239,2.9733,22.0713,0.0065,0.0000,0,0,0.0000,0,0.0000,0,0,0,695,0
5240,5.1946,6.6542,0.0058,0.0000,0,0,0.0000,0,0.0000,0,0,0,599,0
5241,3.1340,11.4054,0.0040,0.0000,0,0,0.0000,0,0.0000,0,0,0,599,0
5242,3.0552,16.7633,0.0078,0.0000,0,0,0.0000,0,0.0000,0,0,0,825,0
5243,2.9733,21.8900,0.0299,0.0000,0,0,0.0000,0,0.0000,0,0,0,695,0
5244,5.1946,6.5256,0.0057,0.0000,0,0,0.0000,0,0.0000,0,0,0,599,0
5245,3.1340,11.4767,0.0057,0.0000,0,0,0.0000,0,0.0000,0,0,0,599,0
5246,3.0552,16.8596,0.0069,0.0000,0,0,0.0000,0,0.0000,0,0,0,785,0
5247,2.9733,22.1423,0.0046,0.0000,0,0,0.0000,0,0.0000,0,0,0,706,0
5248,5.1946,6.5935,0.0114,0.0000,0,0,0.0000,0,0.0000,0,0,0,599,0
5249,3.1340,11.6730,0.0080,0.0000,0,0,0.0000,0,0.0000,0,0,0,599,0
5250,3.0552,16.8422,0.0083,0.0000,0,0,0.0000,0,0.0000,0,0,0,755,0
5251,2.9733,22.2041,0.0075,0.0000,0,0,0.0000,0,0.0000,0,0,0,767,0
5252,5.1946,6.5089,0.0064,0.0000,0,0,0.0000,0,0.0000,0,0,0,599,0
5253,3.1340,11.4168,0.0076,0.0000,0,0,0.0000,0,0.0000,0,0,0,599,0
5254,3.0552,16.6920,0.0067,0.0000,0,0,0.0000,0,0.0000,0,0,0,950,0
5255,2.9733,22.0506,0.0048,0.0000,0,0,0.0000,0,0.0000,0,0,0,746,0
5256,5.1946,6.8167,0.0103,0.0000,0,0,0.0000,0,0.0000,0,0,0,599,0
5257,3.1340,11.5405,0.0107,0.0000,0,0,0.0000,0,0.0000,0,0,0,599,0
5258,3.0552,16.6674,0.0069,0.0000,0,0,0.0000,0,0.0000,0,0,0,700,0
5259,2.9733,21.9605,0.0047,0.0000,0,0,0.0000,0,0.0000,0,0,0,799,0
5260,5.1946,6.5916,0.0066,0.0000,0,0,0.0000,0,0.0000,0,0,0,599,0
5261,3.1340,11.5441,0.0040,0.0000,0,0,0.0000,0,0.0000,0,0,0,599,0
5262,3.0552,16.8771,0.0058,0.0000,0,0,0.0000,0,0.0000,0,0,0,697,0
5263,2.9733,22.2442,0.0116,0.0000,0,0,0.0000,0,0.0000,0,0,0,695,0
5264,5.1946,6.4686,0.0043,0.0000,0,0,0.0000,0,0.0000,0,0,0,599,0
5265,3.1340,11.5195,0.0066,0.0000,0,0,0.0000,0,0.0000,0,0,0,599,0
5266,3.0552,16.8398,0.0067,0.0000,0,0,0.0000,0,0.0000,0,0,0,695,0
5267,2.9733,22.1170,0.0041,0.0000,0,0,0.0000,0,0.0000,0,0,0,695,0
5268,5.1946,6.7432,0.0066,0.0000,0,0,0.0000,0,0.0000,0,0,0,599,0
5269,3.1340,11.5039,0.0027,0.0000,0,0,0.0000,0,0.0000,0,0,0,599,0
5270,3.0552,16.8423,0.0046,0.0000,0,0,0.0000,0,0.0000,0,0,0,708,0
5271,2.9733,22.2921,0.0074,0.0000,0,0,0.0000,0,0.0000,0,0,0,695,0
5272,5.1946,6.5857,0.0063,0.0000,0,0,0.0000,0,0.0000,0,0,0,599,0
5273,3.1340,11.4594,0.0041,0.0000,0,0,0.0000,0,0.0000,0,0,0,599,0
5274,3.0552,16.6973,0.0064,0.0000,0,0,0.0000,0,0.0000,0,0,0,715,0
5275,2.9733,21.9469,0.0025,0.0000,0,0,0.0000,0,0.0000,0,0,0,711,0
5276,5.1946,6.6354,0.0063,0.0000,0,0,0.0000,0,0.0000,0,0,0,599,0
5277,3.1340,11.5593,0.0055,0.0000,0,0,0.0000,0,0.0000,0,0,0,599,0
5278,3.0552,16.7326,0.0032,0.0000,0,0,0.0000,0,0.0000,0,0,0,728,0
5279,2.9733,22.1545,0.0093,0.0000,0,0,0.0000,0,0.0000,0,0,0,718,0
5280,5.1946,5.7740,0.0394,0.0000,0,0,0.0000,0,0.0000,0,1,0,105482,0
5281,3.1340,9.7330,0.0382,0.0000,0,0,0.0000,0,0.0000,0,1,0,71919,0
5282,3.0552,14.0893,0.0370,0.0000,0,0,0.0000,0,0.0000,0,1,0,118482,0
5283,2.9733,18.5362,0.0176,0.0000,0,0,0.0000,0,0.0000,0,1,0,121308,0
5284,5.1946,6.7172,0.0123,0.0000,0,0,0.0000,0,0.0000,0,0,0,15863,0
5285,3.1340,11.6580,0.0088,0.0000,0,0,0.0000,0,0.0000,0,0,0,9553,0
5286,3.0552,16.9846,0.0188,0.0000,0,0,0.0000,0,0.0000,0,0,0,18283,0
5287,2.9733,22.1620,0.0199,0.0000,0,0,0.0000,0,0.0000,0,0,0,16957,0
5288,5.1946,6.7214,0.0166,0.0000,0,0,0.0000,0,0.0000,0,0,0,9106,0
5289,3.1340,11.6393,0.0100,0.0000,0,0,0.0000,0,0.0000,0,0,0,3310,0
5290,3.0552,16.8349,0.0085,0.0000,0,0,0.0000,0,0.0000,0,0,0,13242,0
5291,2.9733,22.2719,0.0088,0.0000,0,0,0.0000,0,0.0000,0,0,0,5603,0
5292,5.1946,6.4660,0.0063,0.0000,0,0,0.0000,0,0.0000,0,0,0,7345,0
5293,3.1340,11.5230,0.0059,0.0000,0,0,0.0000,0,0.0000,0,0,0,3453,0
5294,3.0552,16.8452,0.0069,0.0000,0,0,0.0000,0,0.0000,0,0,0,8492,0
5295,2.9733,22.4758,0.0099,0.0000,0,0,0.0000,0,0.0000,0,0,0,5499,0
5296,5.1946,6.7410,0.0087,0.0000,0,0,0.0000,0,0.0000,0,0,0,5064,0
5297,3.1340,11.6935,0.0092,0.0000,0,0,0.0000,0,0.0000,0,0,0,1807,0
5298,3.0552,17.0161,0.0088,0.0000,0,0,0.0000,0,0.0000,0,0,0,7279,0
5299,2.9733,22.4680,0.0067,0.0000,0,0,0.0000,0,0.0000,0,0,0,4910,0
5300,5.1946,6.5977,0.0055,0.0000,0,0,0.0000,0,0.0000,0,0,0,4261,0
5301,3.1340,11.3979,0.0027,0.0000,0,0,0.0000,0,0.0000,0,0,0,1446,0
5302,3.0552,16.7687,0.0067,0.0000,0,0,0.0000,0,0.0000,0,0,0,2044,0
5303,2.9733,22.1502,0.0063,0.0000,0,0,0.0000,0,0.0000,0,0,0,4608,0
5304,5.1946,6.4624,0.0093,0.0000,0,0,0.0000,0,0.0000,0,0,0,3916,0
5305,3.1340,11.6432,0.0073,0.0000,0,0,0.0000,0,0.0000,0,0,0,1368,0
5306,3.0552,16.8878,0.0065,0.0000,0,0,0.0000,0,0.0000,0,0,0,1916,0
5307,2.9733,22.1794,0.0067,0.0000,0,0,0.0000,0,0.0000,0,0,0,4126,0
5308,5.1946,6.7047,0.0063,0.0000,0,0,0.0000,0,0.0000,0,0,0,2949,0
5309,3.1340,11.6285,0.0070,0.0000,0,0,0.0000,0,0.0000,0,0,0,1443,0
5310,3.0552,16.7598,0.0051,0.0000,0,0,0.0000,0,0.0000,0,0,0,2261,0
5311,2.9733,22.1367,0.0107,0.0000,0,0,0.0000,0,0.0000,0,0,0,3675,0
5312,5.1946,6.5710,0.0132,0.0000,0,0,0.0000,0,0.0000,0,0,0,1746,0
5313,3.1340,11.4130,0.0085,0.0000,0,0,0.0000,0,0.0000,0,0,0,1587,0
5314,3.0552,16.6127,0.0072,0.0000,0,0,0.0000,0,0.0000,0,0,0,1787,0
5315,2.9733,22.2432,0.0111,0.0000,0,0,0.0000,0,0.0000,0,0,0,3610,0
5316,5.1946,6.8785,0.0066,0.0000,0,0,0.0000,0,0.0000,0,0,0,1549,0
5317,3.1340,11.5567,0.0115,0.0000,0,0,0.0000,0,0.0000,0,0,0,1578,0
5318,3.0552,16.6326,0.0044,0.0000,0,0,0.0000,0,0.0000,0,0,0,2146,0
5319,2.9733,22.0832,0.0067,0.0000,0,0,0.0000,0,0.0000,0,0,0,1060,0
5320,5.1946,6.5857,0.0107,0.0000,0,0,0.0000,0,0.0000,0,0,0,1191,0
5321,3.1340,11.5207,0.0073,0.0000,0,0,0.0000,0,0.0000,0,0,0,1431,0
5322,3.0552,16.8828,0.0065,0.0000,0,0,0.0000,0,0.0000,0,0,0,1577,0
5323,2.9733,22.2420,0.0110,0.0000,0,0,0.0000,0,0.0000,0,0,0,754,0
5324,5.1946,6.4776,0.0044,0.0000,0,0,0.0000,0,0.0000,0,0,0,1033,0
5325,3.1340,11.5405,0.0118,0.0000,0,0,0.0000,0,0.0000,0,0,0,1325,0
5326,3.0552,16.8988,0.0072,0.0000,0,0,0.0000,0,0.0000,0,0,0,1979,0
5327,2.9733,22.1974,0.0051,0.0000,0,0,0.0000,0,0.0000,0,0,0,835,0
5328,5.1946,6.6098,0.0085,0.0000,0,0,0.0000,0,0.0000,0,0,0,1043,0
5329,3.1340,11.6141,0.0057,0.0000,0,0,0.0000,0,0.0000,0,0,0,1267,0
5330,3.0552,16.8470,0.0047,0.0000,0,0,0.0000,0,0.0000,0,0,0,1429,0
5331,2.9733,22.3029,0.0077,0.0000,0,0,0.0000,0,0.0000,0,0,0,1138,0
5332,5.1946,6.4410,0.0090,0.0000,0,0,0.0000,0,0.0000,0,0,0,846,0
5333,3.1340,11.6203,0.0067,0.0000,0,0,0.0000,0,0.0000,0,0,0,1218,0
5334,3.0552,16.8778,0.0062,0.0000,0,0,0.0000,0,0.0000,0,0,0,1219,0
5335,2.9733,22.1475,0.0050,0.0000,0,0,0.0000,0,0.0000,0,0,0,1728,0
5336,5.1946,6.3826,0.0054,0.0000,0,0,0.0000,0,0.0000,0,0,0,763,0
5337,3.1340,11.4446,0.0058,0.0000,0,0,0.0000,0,0.0000,0,0,0,1111,0
5338,3.0552,16.7961,0.0053,0.0000,0,0,0.0000,0,0.0000,0,0,0,1074,0
5339,2.9733,22.2034,0.0073,0.0000,0,0,0.0000,0,0.0000,0,0,0,1422,0
5340,5.1946,6.4198,0.0065,0.0000,0,0,0.0000,0,0.0000,0,0,0,681,0
5341,3.1340,11.5304,0.0060,0.0000,0,0,0.0000,0,0.0000,0,0,0,1116,0
5342,3.0552,16.7616,0.0108,0.0000,0,0,0.0000,0,0.0000,0,0,0,1772,0
5343,2.9733,22.1200,0.0072,0.0000,0,0,0.0000,0,0.0000,0,0,0,1693,0
5344,5.1946,6.4728,0.0076,0.0000,0,0,0.0000,0,0.0000,0,0,0,635,0
5345,3.1340,11.5340,0.0160,0.0000,0,0,0.0000,0,0.0000,0,0,0,895,0
5346,3.0552,16.8523,0.0074,0.0000,0,0,0.0000,0,0.0000,0,0,0,723,0
5347,2.9733,22.1285,0.0045,0.0000,0,0,0.0000,0,0.0000,0,0,0,714,0
5348,5.1946,6.5034,0.0065,0.0000,0,0,0.0000,0,0.0000,0,0,0,635,0
5349,3.1340,11.4467,0.0097,0.0000,0,0,0.0000,0,0.0000,0,0,0,951,0
5350,3.0552,16.6745,0.0059,0.0000,0,0,0.0000,0,0.0000,0,0,0,695,0
5351,2.9733,22.2416,0.0102,0.0000,0,0,0.0000,0,0.0000,0,0,0,704,0
5352,5.1946,6.4395,0.0082,0.0000,0,0,0.0000,0,0.0000,0,0,0,634,0
5353,3.1340,11.4470,0.0068,0.0000,0,0,0.0000,0,0.0000,0,0,0,874,0
5354,3.0552,16.6914,0.0055,0.0000,0,0,0.0000,0,0.0000,0,0,0,695,0
5355,2.9733,22.0586,0.0034,0.0000,0,0,0.0000,0,0.0000,0,0,0,712,0
5356,5.1946,6.4730,0.0060,0.0000,0,0,0.0000,0,0.0000,0,0,0,623,0
5357,3.1340,11.4863,0.0097,0.0000,0,0,0.0000,0,0.0000,0,0,0,816,0
5358,3.0552,16.7074,0.0033,0.0000,0,0,0.0000,0,0.0000,0,0,0,732,0
5359,2.9733,22.3218,0.0110,0.0000,0,0,0.0000,0,0.0000,0,0,0,790,0
5360,5.1946,6.7234,0.0080,0.0000,0,0,0.0000,0,0.0000,0,0,0,681,0
5361,3.1340,11.6179,0.0043,0.0000,0,0,0.0000,0,0.0000,0,0,0,774,0
5362,3.0552,17.0307,0.0072,0.0000,0,0,0.0000,0,0.0000,0,0,0,806,0
5363,2.9733,22.5265,0.0170,0.0000,0,0,0.0000,0,0.0000,0,0,0,1044,0
5364,5.1946,6.8210,0.0068,0.0000,0,0,0.0000,0,0.0000,0,0,0,640,0
5365,3.1340,11.7526,0.0118,0.0000,0,0,0.0000,0,0.0000,0,0,0,819,0
5366,3.0552,17.0100,0.0049,0.0000,0,0,0.0000,0,0.0000,0,0,0,740,0
5367,2.9733,22.4191,0.0084,0.0000,0,0,0.0000,0,0.0000,0,0,0,871,0
5368,5.1946,6.6995,0.0098,0.0000,0,0,0.0000,0,0.0000,0,0,0,602,0
5369,3.1340,11.3790,0.0025,0.0000,0,0,0.0000,0,0.0000,0,0,0,721,0
5370,3.0552,16.5995,0.0061,0.0000,0,0,0.0000,0,0.0000,0,0,0,1059,0
5371,2.9733,21.7910,0.0101,0.0000,0,0,0.0000,0,0.0000,0,0,0,1253,0
5372,5.1946,6.5845,0.0060,0.0000,0,0,0.0000,0,0.0000,0,0,0,599,0
5373,3.1340,11.6017,0.0112,0.0000,0,0,0.0000,0,0.0000,0,0,0,614,0
5374,3.0552,16.9029,0.0090,0.0000,0,0,0.0000,0,0.0000,0,0,0,928,0
5375,2.9733,22.3091,0.0038,0.0000,0,0,0.0000,0,0.0000,0,0,0,701,0
5376,5.1946,6.5740,0.0115,0.0000,0,0,0.0000,0,0.0000,0,0,0,599,0
5377,3.1340,11.5344,0.0092,0.0000,0,0,0.0000,0,0.0000,0,0,0,599,0
5378,3.0552,16.8347,0.0051,0.0000,0,0,0.0000,0,0.0000,0,0,0,928,0
5379,2.9733,22.4503,0.0067,0.0000,0,0,0.0000,0,0.0000,0,0,0,695,0
5380,5.1946,6.6762,0.0097,0.0000,0,0,0.0000,0,0.0000,0,0,0,599,0
5381,3.1340,11.5499,0.0057,0.0000,0,0,0.0000,0,0.0000,0,0,0,599,0
5382,3.0552,16.8568,0.0066,0.0000,0,0,0.0000,0,0.0000,0,0,0,902,0
5383,2.9733,22.2945,0.0041,0.0000,0,0,0.0000,0,0.0000,0,0,0,701,0
5384,5.1946,6.6751,0.0100,0.0000,0,0,0.0000,0,0.0000,0,0,0,599,0
5385,3.1340,11.6133,0.0063,0.0000,0,0,0.0000,0,0.0000,0,0,0,599,0
5386,3.0552,16.6528,0.0031,0.0000,0,0,0.0000,0,0.0000,0,0,0,1292,0
5387,2.9733,22.1456,0.0100,0.0000,0,0,0.0000,0,0.0000,0,0,0,699,0
5388,5.1946,6.6755,0.0117,0.0000,0,0,0.0000,0,0.0000,0,0,0,599,0
5389,3.1340,11.5285,0.0032,0.0000,0,0,0.0000,0,0.0000,0,0,0,599,0
5390,3.0552,16.8953,0.0134,0.0000,0,0,0.0000,0,0.0000,0,0,0,700,0
5391,2.9733,22.2697,0.0081,0.0000,0,0,0.0000,0,0.0000,0,0,0,789,0
5392,5.1946,6.5695,0.0045,0.0000,0,0,0.0000,0,0.0000,0,0,0,599,0
5393,3.1340,11.4704,0.0060,0.0000,0,0,0.0000,0,0.0000,0,0,0,599,0
5394,3.0552,16.7447,0.0112,0.0000,0,0,0.0000,0,0.0000,0,0,0,695,0
5395,2.9733,21.9341,0.0050,0.0000,0,0,0.0000,0,0.0000,0,0,0,717,0
5396,5.1946,6.6969,0.0070,0.0000,0,0,0.0000,0,0.0000,0,0,0,599,0
5397,3.1340,11.4544,0.0022,0.0000,0,0,0.0000,0,0.0000,0,0,0,599,0
5398,3.0552,16.8390,0.0093,0.0000,0,0,0.0000,0,0.0000,0,0,0,732,0
5399,2.9733,22.2386,0.0068,0.0000,0,0,0.0000,0,0.0000,0,0,0,983,0
5400,5.1946,6.4517,0.0063,0.0000,0,0,0.0000,0,0.0000,0,0,0,599,0
5401,3.1340,11.4502,0.0057,0.0000,0,0,0.0000,0,0.0000,0,0,0,599,0
5402,3.0552,16.7551,0.0105,0.0000,0,0,0.0000,0,0.0000,0,0,0,716,0
5403,2.9733,21.9476,0.0034,0.0000,0,0,0.0000,0,0.0000,0,0,0,701,0
5404,5.1946,6.7663,0.0066,0.0000,0,0,0.0000,0,0.0000,0,0,0,599,0
5405,3.1340,11.5154,0.0063,0.0000,0,0,0.0000,0,0.0000,0,0,0,599,0
5406,3.0552,16.6188,0.0035,0.0000,0,0,0.0000,0,0.0000,0,0,0,801,0
5407,2.9733,22.0972,0.0104,0.0000,0,0,0.0000,0,0.0000,0,0,0,695,0
5408,5.1946,6.5533,0.0077,0.0000,0,0,0.0000,0,0.0000,0,0,0,599,0
5409,3.1340,11.5126,0.0046,0.0000,0,0,0.0000,0,0.0000,0,0,0,599,0
5410,3.0552,16.8329,0.0105,0.0000,0,0,0.0000,0,0.0000,0,0,0,747,0
5411,2.9733,22.2855,0.0127,0.0000,0,0,0.0000,0,0.0000,0,0,0,695,0
5412,5.1946,6.5715,0.0049,0.0000,0,0,0.0000,0,0.0000,0,0,0,599,0
5413,3.1340,11.6713,0.0065,0.0000,0,0,0.0000,0,0.0000,0,0,0,599,0
5414,3.0552,16.8563,0.0057,0.0000,0,0,0.0000,0,0.0000,0,0,0,930,0
5415,2.9733,22.1649,0.0053,0.0000,0,0,0.0000,0,0.0000,0,0,0,712,0
5416,5.1946,6.4365,0.0092,0.0000,0,0,0.0000,0,0.0000,0,0,0,599,0
5417,3.1340,11.3553,0.0020,0.0000,0,0,0.0000,0,0.0000,0,0,0,599,0
5418,3.0552,16.7703,0.0045,0.0000,0,0,0.0000,0,0.0000,0,0,0,767,0
5419,2.9733,22.2475,0.0062,0.0000,0,0,0.0000,0,0.0000,0,0,0,729,0
5420,5.1946,6.3841,0.0033,0.0000,0,0,0.0000,0,0.0000,0,0,0,599,0
5421,3.1340,11.5916,0.0058,0.0000,0,0,0.0000,0,0.0000,0,0,0,599,0
5422,3.0552,16.8302,0.0051,0.0000,0,0,0.0000,0,0.0000,0,0,0,727,0
5423,2.9733,22.2060,0.0037,0.0000,0,0,0.0000,0,0.0000,0,0,0,695,0
5424,5.1946,6.6439,0.0053,0.0000,0,0,0.0000,0,0.0000,0,0,0,599,0
5425,3.1340,11.5348,0.0059,0.0000,0,0,0.0000,0,0.0000,0,0,0,599,0
5426,3.0552,16.7546,0.0042,0.0000,0,0,0.0000,0,0.0000,0,0,0,746,0
5427,2.9733,22.1379,0.0069,0.0000,0,0,0.0000,0,0.0000,0,0,0,821,0
5428,5.1946,6.5803,0.0057,0.0000,0,0,0.0000,0,0.0000,0,0,0,599,0
5429,3.1340,11.5349,0.0040,0.0000,0,0,0.0000,0,0.0000,0,0,0,599,0
5430,3.0552,16.8177,0.0060,0.0000,0,0,0.0000,0,0.0000,0,0,0,1008,0
5431,2.9733,22.0065,0.0082,0.0000,0,0,0.0000,0,0.0000,0,0,0,695,0
5432,5.1946,6.7601,0.0053,0.0000,0,0,0.0000,0,0.0000,0,0,0,599,0
5433,3.1340,11.6590,0.0068,0.0000,0,0,0.0000,0,0.0000,0,0,0,599,0
5434,3.0552,16.9245,0.0033,0.0000,0,0,0.0000,0,0.0000,0,0,0,697,0
5435,2.9733,22.2720,0.0053,0.0000,0,0,0.0000,0,0.0000,0,0,0,695,0
5436,5.1946,6.5235,0.0050,0.0000,0,0,0.0000,0,0.0000,0,0,0,599,0
5437,3.1340,11.3799,0.0018,0.0000,0,0,0.0000,0,0.0000,0,0,0,599,0
5438,3.0552,16.7274,0.0060,0.0000,0,0,0.0000,0,0.0000,0,0,0,695,0
5439,2.9733,21.9988,0.0057,0.0000,0,0,0.0000,0,0.0000,0,0,0,695,0
5440,5.1946,6.3710,0.0027,0.0000,0,0,0.0000,0,0.0000,0,0,0,599,0
5441,3.1340,11.5488,0.0056,0.0000,0,0,0.0000,0,0.0000,0,0,0,599,0
5442,3.0552,16.8998,0.0057,0.0000,0,0,0.0000,0,0.0000,0,0,0,695,0
5443,2.9733,22.3609,0.0053,0.0000,0,0,0.0000,0,0.0000,0,0,0,695,0
5444,5.1946,6.7912,0.0057,0.0000,0,0,0.0000,0,0.0000,0,0,0,599,0
5445,3.1340,11.5356,0.0100,0.0000,0,0,0.0000,0,0.0000,0,0,0,599,0
5446,3.0552,16.6278,0.0037,0.0000,0,0,0.0000,0,0.0000,0,0,0,695,0
5447,2.9733,21.8463,0.0066,0.0000,0,0,0.0000,0,0.0000,0,0,0,718,0
5448,5.1946,6.6293,0.0055,0.0000,0,0,0.0000,0,0.0000,0,0,0,599,0
5449,3.1340,11.5190,0.0055,0.0000,0,0,0.0000,0,0.0000,0,0,0,599,0
5450,3.0552,16.4480,0.0053,0.0000,0,0,0.0000,0,0.0000,0,0,0,705,0
5451,2.9733,21.7476,0.0049,0.0000,0,0,0.0000,0,0.0000,0,0,0,700,0
5452,5.1946,6.5720,0.0053,0.0000,0,0,0.0000,0,0.0000,0,0,0,599,0
5453,3.1340,11.4917,0.0039,0.0000,0,0,0.0000,0,0.0000,0,0,0,599,0
5454,3.0552,16.7559,0.0035,0.0000,0,0,0.0000,0,0.0000,0,0,0,695,0
5455,2.9733,22.2261,0.0020,0.0000,0,0,0.0000,0,0.0000,0,0,0,725,0
5456,5.1946,6.4334,0.0035,0.0000,0,0,0.0000,0,0.0000,0,0,0,599,0
5457,3.1340,11.4900,0.0020,0.0000,0,0,0.0000,0,0.0000,0,0,0,599,0
5458,3.0552,16.8453,0.0049,0.0000,0,0,0.0000,0,0.0000,0,0,0,717,0
5459,2.9733,22.1393,0.0037,0.0000,0,0,0.0000,0,0.0000,0,0,0,695,0
5460,5.1946,6.4627,0.0040,0.0000,0,0,0.0000,0,0.0000,0,0,0,599,0
5461,3.1340,11.6048,0.0045,0.0000,0,0,0.0000,0,0.0000,0,0,0,599,0
5462,3.0552,17.0694,0.0052,0.0000,0,0,0.0000,0,0.0000,0,0,0,720,0
5463,2.9733,22.4602,0.0037,0.0000,0,0,0.0000,0,0.0000,0,0,0,695,0
5464,5.1946,6.8624,0.0072,0.0000,0,0,0.0000,0,0.0000,0,0,0,599,0
5465,3.1340,11.6440,0.0053,0.0000,0,0,0.0000,0,0.0000,0,0,0,599,0
5466,3.0552,16.9042,0.0131,0.0000,0,0,0.0000,0,0.0000,0,0,0,716,0
5467,2.9733,22.7301,0.0057,0.0000,0,0,0.0000,0,0.0000,0,0,0,695,0
5468,5.1946,6.5969,0.0049,0.0000,0,0,0.0000,0,0.0000,0,0,0,599,0
5469,3.1340,11.5979,0.0063,0.0000,0,0,0.0000,0,0.0000,0,0,0,599,0
5470,3.0552,16.8722,0.0057,0.0000,0,0,0.0000,0,0.0000,0,0,0,740,0
5471,2.9733,22.0792,0.0021,0.0000,0,0,0.0000,0,0.0000,0,0,0,695,0
5472,5.1946,6.4616,0.0102,0.0000,0,0,0.0000,0,0.0000,0,0,0,599,0
5473,3.1340,11.5441,0.0051,0.0000,0,0,0.0000,0,0.0000,0,0,0,599,0
5474,3.0552,16.7518,0.0074,0.0000,0,0,0.0000,0,0.0000,0,0,0,836,0
5475,2.9733,22.2864,0.0063,0.0000,0,0,0.0000,0,0.0000,0,0,0,706,0
5476,5.1946,6.4484,0.0050,0.0000,0,0,0.0000,0,0.0000,0,0,0,599,0
5477,3.1340,11.5129,0.0050,0.0000,0,0,0.0000,0,0.0000,0,0,0,599,0
5478,3.0552,16.8365,0.0051,0.0000,0,0,0.0000,0,0.0000,0,0,0,695,0
5479,2.9733,22.1713,0.0053,0.0000,0,0,0.0000,0,0.0000,0,0,0,701,0
5480,5.1946,6.4510,0.0093,0.0000,0,0,0.0000,0,0.0000,0,0,0,599,0
5481,3.1340,11.6504,0.0047,0.0000,0,0,0.0000,0,0.0000,0,0,0,599,0
5482,3.0552,16.9846,0.0050,0.0000,0,0,0.0000,0,0.0000,0,0,0,695,0
5483,2.9733,22.5208,0.0061,0.0000,0,0,0.0000,0,0.0000,0,0,0,699,0
5484,5.1946,6.6254,0.0054,0.0000,0,0,0.0000,0,0.0000,0,0,0,599,0
5485,3.1340,11.5334,0.0046,0.0000,0,0,0.0000,0,0.0000,0,0,0,599,0
5486,3.0552,16.8115,0.0050,0.0000,0,0,0.0000,0,0.0000,0,0,0,695,0
5487,2.9733,22.0896,0.0059,0.0000,0,0,0.0000,0,0.0000,0,0,0,695,0
5488,5.1946,6.5049,0.0056,0.0000,0,0,0.0000,0,0.0000,0,0,0,599,0
5489,3.1340,11.5655,0.0056,0.0000,0,0,0.0000,0,0.0000,0,0,0,599,0
5490,3.0552,16.8371,0.0059,0.0000,0,0,0.0000,0,0.0000,0,0,0,695,0
5491,2.9733,22.1010,0.0080,0.0000,0,0,0.0000,0,0.0000,0,0,0,695,0
5492,5.1946,6.3991,0.0057,0.0000,0,0,0.0000,0,0.0000,0,0,0,599,0
5493,3.1340,11.4690,0.0088,0.0000,0,0,0.0000,0,0.0000,0,0,0,599,0
5494,3.0552,16.7237,0.0040,0.0000,0,0,0.0000,0,0.0000,0,0,0,704,0
5495,2.9733,22.2515,0.0054,0.0000,0,0,0.0000,0,0.0000,0,0,0,695,0
5496,5.1946,6.4575,0.0047,0.0000,0,0,0.0000,0,0.0000,0,0,0,599,0
5497,3.1340,11.4681,0.0039,0.0000,0,0,0.0000,0,0.0000,0,0,0,599,0
5498,3.0552,16.7795,0.0049,0.0000,0,0,0.0000,0,0.0000,0,0,0,708,0
5499,2.9733,22.0829,0.0097,0.0000,0,0,0.0000,0,0.0000,0,0,0,695,0
5500,5.1946,6.5655,0.0048,0.0000,0,0,0.0000,0,0.0000,0,0,0,599,0
5501,3.1340,11.6980,0.0062,0.0000,0,0,0.0000,0,0.0000,0,0,0,599,0
5502,3.0552,16.9808,0.0048,0.0000,0,0,0.0000,0,0.0000,0,0,0,710,0
5503,2.9733,22.4170,0.0065,0.0000,0,0,0.0000,0,0.0000,0,0,0,695,0
5504,5.1946,6.5138,0.0048,0.0000,0,0,0.0000,0,0.0000,0,0,0,599,0
5505,3.1340,11.5338,0.0051,0.0000,0,0,0.0000,0,0.0000,0,0,0,599,0
5506,3.0552,16.7371,0.0056,0.0000,0,0,0.0000,0,0.0000,0,0,0,703,0
5507,2.9733,21.9778,0.0040,0.0000,0,0,0.0000,0,0.0000,0,0,0,695,0
5508,5.1946,6.1839,0.0027,0.0000,0,0,0.0000,0,0.0000,0,0,0,599,0
5509,3.1340,11.5230,0.0047,0.0000,0,0,0.0000,0,0.0000,0,0,0,599,0
5510,3.0552,16.8315,0.0044,0.0000,0,0,0.0000,0,0.0000,0,0,0,695,0
5511,2.9733,22.3035,0.0030,0.0000,0,0,0.0000,0,0.0000,0,0,0,695,0
5512,5.1946,6.5656,0.0063,0.0000,0,0,0.0000,0,0.0000,0,0,0,599,0
5513,3.1340,11.4762,0.0109,0.0000,0,0,0.0000,0,0.0000,0,0,0,599,0
5514,3.0552,16.7424,0.0063,0.0000,0,0,0.0000,0,0.0000,0,0,0,695,0
5515,2.9733,22.0912,0.0082,0.0000,0,0,0.0000,0,0.0000,0,0,0,695,0
5516,5.1946,6.4736,0.0060,0.0000,0,0,0.0000,0,0.0000,0,0,0,599,0
5517,3.1340,11.3204,0.0060,0.0000,0,0,0.0000,0,0.0000,0,0,0,599,0
5518,3.0552,15.6298,0.0059,0.0000,0,0,0.0000,0,0.0000,0,0,0,799,0
5519,2.9733,19.5254,0.0067,0.0000,0,0,0.0000,0,0.0000,0,0,0,695,0
5520,5.1946,5.5395,0.0572,0.0000,0,0,0.0000,0,0.0000,0,1,0,105482,0
5521,3.1340,9.6798,0.0217,0.0000,0,0,0.0000,0,0.0000,0,1,0,71919,0
5522,3.0552,14.0476,0.0110,0.0000,0,0,0.0000,0,0.0000,0,1,0,100728,0
5523,2.9733,18.5026,0.0471,0.0000,0,0,0.0000,0,0.0000,0,1,0,109587,0
5524,5.1946,6.3058,0.0067,0.0000,0,0,0.0000,0,0.0000,0,0,0,15863,0
5525,3.1340,11.4268,0.0041,0.0000,0,0,0.0000,0,0.0000,0,0,0,9553,0
5526,3.0552,16.7978,0.0182,0.0000,0,0,0.0000,0,0.0000,0,0,0,14021,0
5527,2.9733,22.2728,0.0233,0.0000,0,0,0.0000,0,0.0000,0,0,0,22860,0
5528,5.1946,6.2814,0.0044,0.0000,0,0,0.0000,0,0.0000,0,0,0,9106,0
5529,3.1340,11.3788,0.0043,0.0000,0,0,0.0000,0,0.0000,0,0,0,3310,0
5530,3.0552,16.7165,0.0090,0.0000,0,0,0.0000,0,0.0000,0,0,0,16824,0
5531,2.9733,22.2983,0.0123,0.0000,0,0,0.0000,0,0.0000,0,0,0,20305,0
5532,5.1946,6.4022,0.0103,0.0000,0,0,0.0000,0,0.0000,0,0,0,7345,0
5533,3.1340,11.7285,0.0062,0.0000,0,0,0.0000,0,0.0000,0,0,0,3453,0
5534,3.0552,16.9834,0.0187,0.0000,0,0,0.0000,0,0.0000,0,0,0,15486,0
5535,2.9733,22.3988,0.0072,0.0000,0,0,0.0000,0,0.0000,0,0,0,8839,0
5536,5.1946,6.5457,0.0105,0.0000,0,0,0.0000,0,0.0000,0,0,0,5064,0
5537,3.1340,11.5523,0.0051,0.0000,0,0,0.0000,0,0.0000,0,0,0,1807,0
5538,3.0552,16.8788,0.0064,0.0000,0,0,0.0000,0,0.0000,0,0,0,12230,0
5539,2.9733,22.2948,0.0076,0.0000,0,0,0.0000,0,0.0000,0,0,0,7342,0
5540,5.1946,6.5534,0.0057,0.0000,0,0,0.0000,0,0.0000,0,0,0,4261,0
5541,3.1340,11.5479,0.0060,0.0000,0,0,0.0000,0,0.0000,0,0,0,1446,0
5542,3.0552,16.7533,0.0070,0.0000,0,0,0.0000,0,0.0000,0,0,0,8041,0
5543,2.9733,21.9934,0.0068,0.0000,0,0,0.0000,0,0.0000,0,0,0,2243,0
5544,5.1946,6.4680,0.0067,0.0000,0,0,0.0000,0,0.0000,0,0,0,3916,0
5545,3.1340,11.5359,0.0063,0.0000,0,0,0.0000,0,0.0000,0,0,0,1368,0
5546,3.0552,16.8791,0.0058,0.0000,0,0,0.0000,0,0.0000,0,0,0,7441,0
5547,2.9733,22.4020,0.0067,0.0000,0,0,0.0000,0,0.0000,0,0,0,1961,0
5548,5.1946,6.4892,0.0055,0.0000,0,0,0.0000,0,0.0000,0,0,0,2949,0
5549,3.1340,11.4696,0.0040,0.0000,0,0,0.0000,0,0.0000,0,0,0,1443,0
5550,3.0552,16.7336,0.0056,0.0000,0,0,0.0000,0,0.0000,0,0,0,4682,0
5551,2.9733,22.0251,0.0071,0.0000,0,0,0.0000,0,0.0000,0,0,0,1949,0
5552,5.1946,6.5279,0.0055,0.0000,0,0,0.0000,0,0.0000,0,0,0,1746,0
5553,3.1340,11.5303,0.0063,0.0000,0,0,0.0000,0,0.0000,0,0,0,1587,0
5554,3.0552,16.8573,0.0064,0.0000,0,0,0.0000,0,0.0000,0,0,0,3830,0
5555,2.9733,22.3173,0.0063,0.0000,0,0,0.0000,0,0.0000,0,0,0,1561,0
5556,5.1946,6.6467,0.0060,0.0000,0,0,0.0000,0,0.0000,0,0,0,1549,0
5557,3.1340,11.5041,0.0085,0.0000,0,0,0.0000,0,0.0000,0,0,0,1578,0
5558,3.0552,16.7620,0.0058,0.0000,0,0,0.0000,0,0.0000,0,0,0,3348,0
5559,2.9733,22.0815,0.0114,0.0000,0,0,0.0000,0,0.0000,0,0,0,2325,0
5560,5.1946,6.8980,0.0050,0.0000,0,0,0.0000,0,0.0000,0,0,0,1191,0
5561,3.1340,11.6403,0.0060,0.0000,0,0,0.0000,0,0.0000,0,0,0,1431,0
5562,3.0552,16.9069,0.0060,0.0000,0,0,0.0000,0,0.0000,0,0,0,3249,0
5563,2.9733,22.3305,0.0052,0.0000,0,0,0.0000,0,0.0000,0,0,0,1876,0
5564,5.1946,6.5109,0.0059,0.0000,0,0,0.0000,0,0.0000,0,0,0,1033,0
5565,3.1340,11.4258,0.0100,0.0000,0,0,0.0000,0,0.0000,0,0,0,1325,0
5566,3.0552,16.6818,0.0040,0.0000,0,0,0.0000,0,0.0000,0,0,0,995,0
5567,2.9733,22.0517,0.0058,0.0000,0,0,0.0000,0,0.0000,0,0,0,2376,0
5568,5.1946,6.4550,0.0066,0.0000,0,0,0.0000,0,0.0000,0,0,0,1043,0
5569,3.1340,11.4710,0.0051,0.0000,0,0,0.0000,0,0.0000,0,0,0,1267,0
5570,3.0552,15.9913,0.0268,0.0000,0,0,0.0000,0,0.0000,0,0,0,742,0
5571,2.9733,21.3676,0.0063,0.0000,0,0,0.0000,0,0.0000,0,0,0,787,0
5572,5.1946,6.4138,0.0055,0.0000,0,0,0.0000,0,0.0000,0,0,0,846,0
5573,3.1340,11.5136,0.0098,0.0000,0,0,0.0000,0,0.0000,0,0,0,1218,0
5574,3.0552,16.7422,0.0020,0.0000,0,0,0.0000,0,0.0000,0,0,0,791,0
5575,2.9733,22.3056,0.0055,0.0000,0,0,0.0000,0,0.0000,0,0,0,700,0
5576,5.1946,6.4768,0.0058,0.0000,0,0,0.0000,0,0.0000,0,0,0,763,0
5577,3.1340,11.5602,0.0077,0.0000,0,0,0.0000,0,0.0000,0,0,0,1111,0
5578,3.0552,16.9309,0.0058,0.0000,0,0,0.0000,0,0.0000,0,0,0,856,0
5579,2.9733,22.3202,0.0055,0.0000,0,0,0.0000,0,0.0000,0,0,0,710,0
5580,5.1946,6.3119,0.0041,0.0000,0,0,0.0000,0,0.0000,0,0,0,681,0
5581,3.1340,11.4536,0.0050,0.0000,0,0,0.0000,0,0.0000,0,0,0,1116,0
5582,3.0552,16.6047,0.0052,0.0000,0,0,0.0000,0,0.0000,0,0,0,1108,0
5583,2.9733,21.9231,0.0062,0.0000,0,0,0.0000,0,0.0000,0,0,0,910,0
5584,5.1946,6.4831,0.0054,0.0000,0,0,0.0000,0,0.0000,0,0,0,635,0
5585,3.1340,11.4379,0.0050,0.0000,0,0,0.0000,0,0.0000,0,0,0,895,0
5586,3.0552,16.6430,0.0040,0.0000,0,0,0.0000,0,0.0000,0,0,0,1017,0
5587,2.9733,22.0503,0.0061,0.0000,0,0,0.0000,0,0.0000,0,0,0,1349,0
5588,5.1946,6.3976,0.0092,0.0000,0,0,0.0000,0,0.0000,0,0,0,635,0
5589,3.1340,11.1280,0.0089,0.0000,0,0,0.0000,0,0.0000,0,0,0,951,0
5590,3.0552,16.1621,0.0051,0.0000,0,0,0.0000,0,0.0000,0,0,0,1548,0
5591,2.9733,21.4193,0.0061,0.0000,0,0,0.0000,0,0.0000,0,0,0,1172,0
5592,5.1946,6.4629,0.0098,0.0000,0,0,0.0000,0,0.0000,0,0,0,634,0
5593,3.1340,11.5624,0.0059,0.0000,0,0,0.0000,0,0.0000,0,0,0,874,0
5594,3.0552,16.8698,0.0051,0.0000,0,0,0.0000,0,0.0000,0,0,0,1320,0
5595,2.9733,22.2868,0.0061,0.0000,0,0,0.0000,0,0.0000,0,0,0,1733,0
5596,5.1946,6.4377,0.0054,0.0000,0,0,0.0000,0,0.0000,0,0,0,623,0
5597,3.1340,11.3855,0.0026,0.0000,0,0,0.0000,0,0.0000,0,0,0,816,0
5598,3.0552,16.7518,0.0092,0.0000,0,0,0.0000,0,0.0000,0,0,0,1177,0
5599,2.9733,22.0859,0.0049,0.0000,0,0,0.0000,0,0.0000,0,0,0,706,0
5600,5.1946,6.3150,0.0036,0.0000,0,0,0.0000,0,0.0000,0,0,0,681,0
5601,3.1340,11.3782,0.0050,0.0000,0,0,0.0000,0,0.0000,0,0,0,774,0
5602,3.0552,16.6440,0.0051,0.0000,0,0,0.0000,0,0.0000,0,0,0,1043,0
5603,2.9733,22.0385,0.0039,0.0000,0,0,0.0000,0,0.0000,0,0,0,706,0
5604,5.1946,6.3523,0.0056,0.0000,0,0,0.0000,0,0.0000,0,0,0,640,0
5605,3.1340,11.4795,0.0042,0.0000,0,0,0.0000,0,0.0000,0,0,0,819,0
5606,3.0552,16.7647,0.0048,0.0000,0,0,0.0000,0,0.0000,0,0,0,1589,0
5607,2.9733,22.3175,0.0053,0.0000,0,0,0.0000,0,0.0000,0,0,0,695,0
5608,5.1946,6.7281,0.0053,0.0000,0,0,0.0000,0,0.0000,0,0,0,602,0
5609,3.1340,11.3428,0.0050,0.0000,0,0,0.0000,0,0.0000,0,0,0,721,0
5610,3.0552,16.4056,0.0063,0.0000,0,0,0.0000,0,0.0000,0,0,0,738,0
5611,2.9733,21.5716,0.0090,0.0000,0,0,0.0000,0,0.0000,0,0,0,722,0
5612,5.1946,6.4256,0.0053,0.0000,0,0,0.0000,0,0.0000,0,0,0,599,0
5613,3.1340,11.7264,0.0059,0.0000,0,0,0.0000,0,0.0000,0,0,0,614,0
5614,3.0552,16.8792,0.0038,0.0000,0,0,0.0000,0,0.0000,0,0,0,695,0
5615,2.9733,22.4253,0.0079,0.0000,0,0,0.0000,0,0.0000,0,0,0,912,0
5616,5.1946,6.6086,0.0093,0.0000,0,0,0.0000,0,0.0000,0,0,0,599,0
5617,3.1340,11.5822,0.0032,0.0000,0,0,0.0000,0,0.0000,0,0,0,599,0
5618,3.0552,16.7903,0.0117,0.0000,0,0,0.0000,0,0.0000,0,0,0,695,0
5619,2.9733,21.9423,0.0100,0.0000,0,0,0.0000,0,0.0000,0,0,0,853,0
5620,5.1946,6.3745,0.0055,0.0000,0,0,0.0000,0,0.0000,0,0,0,599,0
5621,3.1340,11.6135,0.0065,0.0000,0,0,0.0000,0,0.0000,0,0,0,599,0
5622,3.0552,16.7957,0.0040,0.0000,0,0,0.0000,0,0.0000,0,0,0,695,0
5623,2.9733,22.0720,0.0031,0.0000,0,0,0.0000,0,0.0000,0,0,0,1381,0
5624,5.1946,6.2275,0.0059,0.0000,0,0,0.0000,0,0.0000,0,0,0,599,0
5625,3.1340,11.4286,0.0032,0.0000,0,0,0.0000,0,0.0000,0,0,0,599,0
5626,3.0552,16.6578,0.0023,0.0000,0,0,0.0000,0,0.0000,0,0,0,752,0
5627,2.9733,22.7302,0.0047,0.0000,0,0,0.0000,0,0.0000,0,0,0,700,0
5628,5.1946,6.3716,0.0025,0.0000,0,0,0.0000,0,0.0000,0,0,0,599,0
5629,3.1340,11.5022,0.0042,0.0000,0,0,0.0000,0,0.0000,0,0,0,599,0
5630,3.0552,16.7538,0.0054,0.0000,0,0,0.0000,0,0.0000,0,0,0,706,0
5631,2.9733,21.9743,0.0022,0.0000,0,0,0.0000,0,0.0000,0,0,0,695,0
5632,5.1946,6.2077,0.0040,0.0000,0,0,0.0000,0,0.0000,0,0,0,599,0
5633,3.1340,11.5493,0.0049,0.0000,0,0,0.0000,0,0.0000,0,0,0,599,0
5634,3.0552,16.6305,0.0025,0.0000,0,0,0.0000,0,0.0000,0,0,0,931,0
5635,2.9733,22.1951,0.0100,0.0000,0,0,0.0000,0,0.0000,0,0,0,701,0
5636,5.1946,6.5390,0.0051,0.0000,0,0,0.0000,0,0.0000,0,0,0,599,0
5637,3.1340,11.5898,0.0043,0.0000,0,0,0.0000,0,0.0000,0,0,0,599,0
5638,3.0552,16.9202,0.0063,0.0000,0,0,0.0000,0,0.0000,0,0,0,795,0
5639,2.9733,22.3689,0.0061,0.0000,0,0,0.0000,0,0.0000,0,0,0,703,0
5640,5.1946,6.7738,0.0087,0.0000,0,0,0.0000,0,0.0000,0,0,0,599,0
5641,3.1340,11.5852,0.0108,0.0000,0,0,0.0000,0,0.0000,0,0,0,599,0
5642,3.0552,16.8465,0.0067,0.0000,0,0,0.0000,0,0.0000,0,0,0,786,0
5643,2.9733,22.0660,0.0057,0.0000,0,0,0.0000,0,0.0000,0,0,0,799,0
5644,5.1946,6.6387,0.0057,0.0000,0,0,0.0000,0,0.0000,0,0,0,599,0
5645,3.1340,11.5090,0.0072,0.0000,0,0,0.0000,0,0.0000,0,0,0,599,0
5646,3.0552,16.7475,0.0050,0.0000,0,0,0.0000,0,0.0000,0,0,0,764,0
5647,2.9733,21.9189,0.0054,0.0000,0,0,0.0000,0,0.0000,0,0,0,780,0
5648,5.1946,6.5232,0.0058,0.0000,0,0,0.0000,0,0.0000,0,0,0,599,0
5649,3.1340,11.4705,0.0044,0.0000,0,0,0.0000,0,0.0000,0,0,0,599,0
5650,3.0552,16.7346,0.0059,0.0000,0,0,0.0000,0,0.0000,0,0,0,1139,0
5651,2.9733,22.0261,0.0041,0.0000,0,0,0.0000,0,0.0000,0,0,0,1021,0
5652,5.1946,6.6290,0.0200,0.0000,0,0,0.0000,0,0.0000,0,0,0,599,0
5653,3.1340,11.4864,0.0055,0.0000,0,0,0.0000,0,0.0000,0,0,0,599,0
5654,3.0552,16.5884,0.0029,0.0000,0,0,0.0000,0,0.0000,0,0,0,695,0
5655,2.9733,21.9497,0.0057,0.0000,0,0,0.0000,0,0.0000,0,0,0,695,0
5656,5.1946,6.4945,0.0056,0.0000,0,0,0.0000,0,0.0000,0,0,0,599,0
5657,3.1340,11.4798,0.0043,0.0000,0,0,0.0000,0,0.0000,0,0,0,599,0
5658,3.0552,16.7621,0.0055,0.0000,0,0,0.0000,0,0.0000,0,0,0,695,0
5659,2.9733,22.1813,0.0061,0.0000,0,0,0.0000,0,0.0000,0,0,0,695,0
5660,5.1946,6.4939,0.0043,0.0000,0,0,0.0000,0,0.0000,0,0,0,599,0
5661,3.1340,11.4914,0.0059,0.0000,0,0,0.0000,0,0.0000,0,0,0,599,0
5662,3.0552,16.7335,0.0025,0.0000,0,0,0.0000,0,0.0000,0,0,0,695,0
5663,2.9733,22.2089,0.0049,0.0000,0,0,0.0000,0,0.0000,0,0,0,695,0
5664,5.1946,6.5308,0.0057,0.0000,0,0,0.0000,0,0.0000,0,0,0,599,0
5665,3.1340,11.4565,0.0034,0.0000,0,0,0.0000,0,0.0000,0,0,0,599,0
5666,3.0552,16.7959,0.0048,0.0000,0,0,0.0000,0,0.0000,0,0,0,695,0
5667,2.9733,22.1453,0.0064,0.0000,0,0,0.0000,0,0.0000,0,0,0,695,0
5668,5.1946,6.3816,0.0033,0.0000,0,0,0.0000,0,0.0000,0,0,0,599,0
5669,3.1340,11.5648,0.0051,0.0000,0,0,0.0000,0,0.0000,0,0,0,599,0
5670,3.0552,16.7471,0.0062,0.0000,0,0,0.0000,0,0.0000,0,0,0,724,0
5671,2.9733,21.9951,0.0034,0.0000,0,0,0.0000,0,0.0000,0,0,0,746,0
5672,5.1946,6.4797,0.0055,0.0000,0,0,0.0000,0,0.0000,0,0,0,599,0
5673,3.1340,11.5288,0.0059,0.0000,0,0,0.0000,0,0.0000,0,0,0,599,0
5674,3.0552,16.7897,0.0047,0.0000,0,0,0.0000,0,0.0000,0,0,0,695,0
5675,2.9733,22.1193,0.0100,0.0000,0,0,0.0000,0,0.0000,0,0,0,712,0
5676,5.1946,6.4612,0.0054,0.0000,0,0,0.0000,0,0.0000,0,0,0,599,0
5677,3.1340,11.5498,0.0093,0.0000,0,0,0.0000,0,0.0000,0,0,0,599,0
5678,3.0552,16.7950,0.0043,0.0000,0,0,0.0000,0,0.0000,0,0,0,756,0
5679,2.9733,22.2548,0.0050,0.0000,0,0,0.0000,0,0.0000,0,0,0,812,0
5680,5.1946,6.2559,0.0041,0.0000,0,0,0.0000,0,0.0000,0,0,0,599,0
5681,3.1340,11.4936,0.0051,0.0000,0,0,0.0000,0,0.0000,0,0,0,599,0
5682,3.0552,16.8493,0.0045,0.0000,0,0,0.0000,0,0.0000,0,0,0,749,0
5683,2.9733,22.3605,0.0044,0.0000,0,0,0.0000,0,0.0000,0,0,0,734,0
5684,5.1946,6.5793,0.0059,0.0000,0,0,0.0000,0,0.0000,0,0,0,599,0
5685,3.1340,11.6057,0.0100,0.0000,0,0,0.0000,0,0.0000,0,0,0,599,0
5686,3.0552,16.8394,0.0047,0.0000,0,0,0.0000,0,0.0000,0,0,0,715,0
5687,2.9733,22.1633,0.0072,0.0000,0,0,0.0000,0,0.0000,0,0,0,695,0
5688,5.1946,6.4177,0.0086,0.0000,0,0,0.0000,0,0.0000,0,0,0,599,0
5689,3.1340,11.4202,0.0054,0.0000,0,0,0.0000,0,0.0000,0,0,0,599,0
5690,3.0552,16.8387,0.0062,0.0000,0,0,0.0000,0,0.0000,0,0,0,709,0
5691,2.9733,21.9683,0.0051,0.0000,0,0,0.0000,0,0.0000,0,0,0,695,0
5692,5.1946,6.4275,0.0057,0.0000,0,0,0.0000,0,0.0000,0,0,0,599,0
5693,3.1340,11.5049,0.0047,0.0000,0,0,0.0000,0,0.0000,0,0,0,599,0
5694,3.0552,16.7997,0.0040,0.0000,0,0,0.0000,0,0.0000,0,0,0,863,0
5695,2.9733,22.2895,0.0053,0.0000,0,0,0.0000,0,0.0000,0,0,0,702,0
5696,5.1946,6.4326,0.0060,0.0000,0,0,0.0000,0,0.0000,0,0,0,599,0
5697,3.1340,11.4365,0.0065,0.0000,0,0,0.0000,0,0.0000,0,0,0,599,0
5698,3.0552,16.4600,0.0088,0.0000,0,0,0.0000,0,0.0000,0,0,0,695,0
5699,2.9733,21.6659,0.0038,0.0000,0,0,0.0000,0,0.0000,0,0,0,743,0
5700,5.1946,6.5145,0.0040,0.0000,0,0,0.0000,0,0.0000,0,0,0,599,0
5701,3.1340,11.5645,0.0049,0.0000,0,0,0.0000,0,0.0000,0,0,0,599,0
5702,3.0552,16.8590,0.0028,0.0000,0,0,0.0000,0,0.0000,0,0,0,695,0
5703,2.9733,22.3267,0.0082,0.0000,0,0,0.0000,0,0.0000,0,0,0,738,0
5704,5.1946,6.4966,0.0062,0.0000,0,0,0.0000,0,0.0000,0,0,0,599,0
5705,3.1340,11.5896,0.0044,0.0000,0,0,0.0000,0,0.0000,0,0,0,599,0
5706,3.0552,16.8925,0.0081,0.0000,0,0,0.0000,0,0.0000,0,0,0,695,0
5707,2.9733,22.2325,0.0060,0.0000,0,0,0.0000,0,0.0000,0,0,0,788,0
5708,5.1946,6.3531,0.0033,0.0000,0,0,0.0000,0,0.0000,0,0,0,599,0
5709,3.1340,11.5366,0.0055,0.0000,0,0,0.0000,0,0.0000,0,0,0,599,0
5710,3.0552,16.7695,0.0057,0.0000,0,0,0.0000,0,0.0000,0,0,0,695,0
5711,2.9733,22.0679,0.0048,0.0000,0,0,0.0000,0,0.0000,0,0,0,695,0
5712,5.1946,6.6087,0.0053,0.0000,0,0,0.0000,0,0.0000,0,0,0,599,0
5713,3.1340,11.4282,0.0050,0.0000,0,0,0.0000,0,0.0000,0,0,0,599,0
5714,3.0552,16.5793,0.0043,0.0000,0,0,0.0000,0,0.0000,0,0,0,695,0
5715,2.9733,21.9342,0.0061,0.0000,0,0,0.0000,0,0.0000,0,0,0,695,0
5716,5.1946,6.4499,0.0095,0.0000,0,0,0.0000,0,0.0000,0,0,0,599,0
5717,3.1340,11.4690,0.0037,0.0000,0,0,0.0000,0,0.0000,0,0,0,599,0
5718,3.0552,16.3358,0.0050,0.0000,0,0,0.0000,0,0.0000,0,0,0,695,0
5719,2.9733,21.5591,0.0051,0.0000,0,0,0.0000,0,0.0000,0,0,0,705,0
5720,5.1946,6.4039,0.0090,0.0000,0,0,0.0000,0,0.0000,0,0,0,599,0
5721,3.1340,11.4934,0.0061,0.0000,0,0,0.0000,0,0.0000,0,0,0,599,0
5722,3.0552,16.7331,0.0035,0.0000,0,0,0.0000,0,0.0000,0,0,0,706,0
5723,2.9733,22.2392,0.0043,0.0000,0,0,0.0000,0,0.0000,0,0,0,725,0
5724,5.1946,6.5946,0.0072,0.0000,0,0,0.0000,0,0.0000,0,0,0,599,0
5725,3.1340,11.4730,0.0031,0.0000,0,0,0.0000,0,0.0000,0,0,0,599,0
5726,3.0552,16.8641,0.0054,0.0000,0,0,0.0000,0,0.0000,0,0,0,714,0
5727,2.9733,22.1363,0.0062,0.0000,0,0,0.0000,0,0.0000,0,0,0,746,0
5728,5.1946,6.4439,0.0033,0.0000,0,0,0.0000,0,0.0000,0,0,0,599,0
5729,3.1340,11.4983,0.0050,0.0000,0,0,0.0000,0,0.0000,0,0,0,599,0
5730,3.0552,16.7994,0.0057,0.0000,0,0,0.0000,0,0.0000,0,0,0,697,0
5731,2.9733,22.1280,0.0040,0.0000,0,0,0.0000,0,0.0000,0,0,0,721,0
5732,5.1946,6.6455,0.0063,0.0000,0,0,0.0000,0,0.0000,0,0,0,599,0
5733,3.1340,11.4738,0.0053,0.0000,0,0,0.0000,0,0.0000,0,0,0,599,0
5734,3.0552,16.6211,0.0046,0.0000,0,0,0.0000,0,0.0000,0,0,0,695,0
5735,2.9733,22.0870,0.0071,0.0000,0,0,0.0000,0,0.0000,0,0,0,758,0
5736,5.1946,6.5364,0.0053,0.0000,0,0,0.0000,0,0.0000,0,0,0,599,0
5737,3.1340,11.3743,0.0050,0.0000,0,0,0.0000,0,0.0000,0,0,0,599,0
5738,3.0552,16.2316,0.0057,0.0000,0,0,0.0000,0,0.0000,0,0,0,781,0
5739,2.9733,21.4028,0.0076,0.0000,0,0,0.0000,0,0.0000,0,0,0,695,0
5740,5.1946,6.6804,0.0095,0.0000,0,0,0.0000,0,0.0000,0,0,0,599,0
5741,3.1340,11.4590,0.0055,0.0000,0,0,0.0000,0,0.0000,0,0,0,599,0
5742,3.0552,16.4192,0.0021,0.0000,0,0,0.0000,0,0.0000,0,0,0,695,0
5743,2.9733,21.7589,0.0053,0.0000,0,0,0.0000,0,0.0000,0,0,0,695,0
5744,5.1946,6.5822,0.0069,0.0000,0,0,0.0000,0,0.0000,0,0,0,599,0
5745,3.1340,11.4605,0.0040,0.0000,0,0,0.0000,0,0.0000,0,0,0,599,0
5746,3.0552,16.7183,0.0050,0.0000,0,0,0.0000,0,0.0000,0,0,0,695,0
5747,2.9733,22.0930,0.0065,0.0000,0,0,0.0000,0,0.0000,0,0,0,695,0
5748,5.1946,6.5071,0.0037,0.0000,0,0,0.0000,0,0.0000,0,0,0,599,0
5749,3.1340,11.5319,0.0052,0.0000,0,0,0.0000,0,0.0000,0,0,0,599,0
5750,3.0552,16.8094,0.0105,0.0000,0,0,0.0000,0,0.0000,0,0,0,695,0
5751,2.9733,22.1144,0.0041,0.0000,0,0,0.0000,0,0.0000,0,0,0,695,0
5752,5.1946,6.3855,0.0095,0.0000,0,0,0.0000,0,0.0000,0,0,0,599,0
5753,3.1340,11.5345,0.0053,0.0000,0,0,0.0000,0,0.0000,0,0,0,599,0
5754,3.0552,16.7308,0.0073,0.0000,0,0,0.0000,0,0.0000,0,0,0,695,0
5755,2.9733,22.0848,0.0054,0.0000,0,0,0.0000,0,0.0000,0,0,0,716,0
5756,5.1946,6.5421,0.0050,0.0000,0,0,0.0000,0,0.0000,0,0,0,599,0
5757,3.1340,11.5900,0.0058,0.0000,0,0,0.0000,0,0.0000,0,0,0,599,0
5758,3.0552,16.7412,0.0050,0.0000,0,0,0.0000,0,0.0000,0,0,0,695,0
5759,2.9733,22.0746,0.0022,0.0000,0,0,0.0000,0,0.0000,0,0,0,707,0
5760,5.1946,19.3312,0.0102,0.0000,0,0,0.0000,0,0.0000,0,1,0,60271,0
5761,3.1340,17.0359,0.0080,0.0000,0,0,0.0000,0,0.0000,0,1,0,43482,0
5762,3.0552,16.6313,0.0052,0.0000,0,0,0.0000,0,0.0000,0,1,0,59828,0
5763,2.9733,16.7407,0.0097,0.0000,0,0,0.0000,0,0.0000,0,1,0,68126,0
5764,5.1946,6.0648,0.0031,0.0000,0,0,0.0000,0,0.0000,0,0,0,15967,0
5765,3.1340,11.3926,0.0018,0.0000,0,0,0.0000,0,0.0000,0,0,0,14199,0
5766,3.0552,16.8650,0.0055,0.0000,0,0,0.0000,0,0.0000,0,0,0,17643,0
5767,2.9733,22.4994,0.0031,0.0000,0,0,0.0000,0,0.0000,0,0,0,14303,0
5768,5.1946,6.0515,0.0015,0.0000,0,0,0.0000,0,0.0000,0,0,0,6175,0
5769,3.1340,11.3329,0.0018,0.0000,0,0,0.0000,0,0.0000,0,0,0,5501,0
5770,3.0552,16.8460,0.0019,0.0000,0,0,0.0000,0,0.0000,0,0,0,8663,0
5771,2.9733,22.3989,0.0015,0.0000,0,0,0.0000,0,0.0000,0,0,0,6869,0
5772,5.1946,6.0426,0.0031,0.0000,0,0,0.0000,0,0.0000,0,0,0,12054,0
5773,3.1340,11.4092,0.0022,0.0000,0,0,0.0000,0,0.0000,0,0,0,15189,0
5774,3.0552,16.8693,0.0021,0.0000,0,0,0.0000,0,0.0000,0,0,0,14797,0
5775,2.9733,22.3481,0.0027,0.0000,0,0,0.0000,0,0.0000,0,0,0,11135,0
5776,5.1946,6.1917,0.0026,0.0000,0,0,0.0000,0,0.0000,0,0,0,19327,0
5777,3.1340,11.4774,0.0024,0.0000,0,0,0.0000,0,0.0000,0,0,0,15140,0
5778,3.0552,16.8489,0.0033,0.0000,0,0,0.0000,0,0.0000,0,0,0,16878,0
5779,2.9733,22.3897,0.0027,0.0000,0,0,0.0000,0,0.0000,0,0,0,17362,0
5780,5.1946,6.1422,0.0025,0.0000,0,0,0.0000,0,0.0000,0,0,0,10956,0
5781,3.1340,11.4426,0.0041,0.0000,0,0,0.0000,0,0.0000,0,0,0,9351,0
5782,3.0552,16.8818,0.0024,0.0000,0,0,0.0000,0,0.0000,0,0,0,9754,0
5783,2.9733,22.4343,0.0029,0.0000,0,0,0.0000,0,0.0000,0,0,0,17542,0
5784,5.1946,6.1886,0.0033,0.0000,0,0,0.0000,0,0.0000,0,0,0,5031,0
5785,3.1340,11.4883,0.0020,0.0000,0,0,0.0000,0,0.0000,0,0,0,4635,0
5786,3.0552,16.8835,0.0025,0.0000,0,0,0.0000,0,0.0000,0,0,0,6836,0
5787,2.9733,22.4407,0.0047,0.0000,0,0,0.0000,0,0.0000,0,0,0,5769,0
5788,5.1946,6.1747,0.0021,0.0000,0,0,0.0000,0,0.0000,0,0,0,3913,0
5789,3.1340,11.4362,0.0034,0.0000,0,0,0.0000,0,0.0000,0,0,0,2919,0
5790,3.0552,16.8297,0.0036,0.0000,0,0,0.0000,0,0.0000,0,0,0,3234,0
5791,2.9733,22.2868,0.0022,0.0000,0,0,0.0000,0,0.0000,0,0,0,3051,0
5792,5.1946,6.2939,0.0050,0.0000,0,0,0.0000,0,0.0000,0,0,0,3192,0
5793,3.1340,11.7050,0.0096,0.0000,0,0,0.0000,0,0.0000,0,0,0,2362,0
5794,3.0552,16.9545,0.0035,0.0000,0,0,0.0000,0,0.0000,0,0,0,2230,0
5795,2.9733,22.2284,0.0061,0.0000,0,0,0.0000,0,0.0000,0,0,0,2863,0
5796,5.1946,6.5135,0.0047,0.0000,0,0,0.0000,0,0.0000,0,0,0,3165,0
5797,3.1340,11.4903,0.0088,0.0000,0,0,0.0000,0,0.0000,0,0,0,2416,0
5798,3.0552,16.5853,0.0051,0.0000,0,0,0.0000,0,0.0000,0,0,0,2408,0
5799,2.9733,22.1121,0.0092,0.0000,0,0,0.0000,0,0.0000,0,0,0,2470,0
5800,5.1946,6.6019,0.0047,0.0000,0,0,0.0000,0,0.0000,0,0,0,2454,0
5801,3.1340,11.5651,0.0057,0.0000,0,0,0.0000,0,0.0000,0,0,0,1491,0
5802,3.0552,16.6776,0.0043,0.0000,0,0,0.0000,0,0.0000,0,0,0,870,0
5803,2.9733,21.8888,0.0090,0.0000,0,0,0.0000,0,0.0000,0,0,0,2369,0
5804,5.1946,6.5377,0.0061,0.0000,0,0,0.0000,0,0.0000,0,0,0,1462,0
5805,3.1340,11.5070,0.0056,0.0000,0,0,0.0000,0,0.0000,0,0,0,1285,0
5806,3.0552,16.7569,0.0053,0.0000,0,0,0.0000,0,0.0000,0,0,0,699,0
5807,2.9733,22.1577,0.0109,0.0000,0,0,0.0000,0,0.0000,0,0,0,1409,0
5808,5.1946,6.4419,0.0084,0.0000,0,0,0.0000,0,0.0000,0,0,0,1319,0
5809,3.1340,11.5383,0.0062,0.0000,0,0,0.0000,0,0.0000,0,0,0,1143,0
5810,3.0552,16.8192,0.0062,0.0000,0,0,0.0000,0,0.0000,0,0,0,695,0
5811,2.9733,22.1185,0.0045,0.0000,0,0,0.0000,0,0.0000,0,0,0,1718,0
5812,5.1946,6.6297,0.0112,0.0000,0,0,0.0000,0,0.0000,0,0,0,1127,0
5813,3.1340,11.4741,0.0054,0.0000,0,0,0.0000,0,0.0000,0,0,0,972,0
5814,3.0552,16.6107,0.0043,0.0000,0,0,0.0000,0,0.0000,0,0,0,702,0
5815,2.9733,21.9174,0.0062,0.0000,0,0,0.0000,0,0.0000,0,0,0,729,0
5816,5.1946,6.7242,0.0055,0.0000,0,0,0.0000,0,0.0000,0,0,0,1059,0
5817,3.1340,11.5425,0.0059,0.0000,0,0,0.0000,0,0.0000,0,0,0,873,0
5818,3.0552,16.7126,0.0057,0.0000,0,0,0.0000,0,0.0000,0,0,0,749,0
5819,2.9733,22.0014,0.0037,0.0000,0,0,0.0000,0,0.0000,0,0,0,695,0
5820,5.1946,6.5312,0.0052,0.0000,0,0,0.0000,0,0.0000,0,0,0,947,0
5821,3.1340,11.5084,0.0059,0.0000,0,0,0.0000,0,0.0000,0,0,0,793,0
5822,3.0552,16.6648,0.0035,0.0000,0,0,0.0000,0,0.0000,0,0,0,712,0
5823,2.9733,22.0776,0.0061,0.0000,0,0,0.0000,0,0.0000,0,0,0,726,0
5824,5.1946,6.4902,0.0104,0.0000,0,0,0.0000,0,0.0000,0,0,0,875,0
5825,3.1340,11.5365,0.0048,0.0000,0,0,0.0000,0,0.0000,0,0,0,748,0
5826,3.0552,16.8399,0.0058,0.0000,0,0,0.0000,0,0.0000,0,0,0,896,0
5827,2.9733,22.1753,0.0059,0.0000,0,0,0.0000,0,0.0000,0,0,0,793,0
5828,5.1946,6.4967,0.0100,0.0000,0,0,0.0000,0,0.0000,0,0,0,790,0
5829,3.1340,11.4224,0.0046,0.0000,0,0,0.0000,0,0.0000,0,0,0,759,0
5830,3.0552,16.6860,0.0043,0.0000,0,0,0.0000,0,0.0000,0,0,0,819,0
5831,2.9733,22.0320,0.0044,0.0000,0,0,0.0000,0,0.0000,0,0,0,1103,0
5832,5.1946,6.3711,0.0052,0.0000,0,0,0.0000,0,0.0000,0,0,0,729,0
5833,3.1340,11.5140,0.0053,0.0000,0,0,0.0000,0,0.0000,0,0,0,770,0
5834,3.0552,16.8087,0.0053,0.0000,0,0,0.0000,0,0.0000,0,0,0,832,0
5835,2.9733,22.1600,0.0066,0.0000,0,0,0.0000,0,0.0000,0,0,0,980,0
5836,5.1946,6.4945,0.0109,0.0000,0,0,0.0000,0,0.0000,0,0,0,695,0
5837,3.1340,11.5872,0.0060,0.0000,0,0,0.0000,0,0.0000,0,0,0,678,0
5838,3.0552,16.8501,0.0062,0.0000,0,0,0.0000,0,0.0000,0,0,0,774,0
5839,2.9733,22.1807,0.0050,0.0000,0,0,0.0000,0,0.0000,0,0,0,1479,0
5840,5.1946,6.8228,0.0105,0.0000,0,0,0.0000,0,0.0000,0,0,0,655,0
5841,3.1340,11.4893,0.0048,0.0000,0,0,0.0000,0,0.0000,0,0,0,665,0
5842,3.0552,16.5642,0.0043,0.0000,0,0,0.0000,0,0.0000,0,0,0,1157,0
5843,2.9733,21.8790,0.0039,0.0000,0,0,0.0000,0,0.0000,0,0,0,711,0
5844,5.1946,6.3838,0.0029,0.0000,0,0,0.0000,0,0.0000,0,0,0,655,0
5845,3.1340,11.5772,0.0044,0.0000,0,0,0.0000,0,0.0000,0,0,0,614,0
5846,3.0552,16.9992,0.0048,0.0000,0,0,0.0000,0,0.0000,0,0,0,713,0
5847,2.9733,22.3875,0.0047,0.0000,0,0,0.0000,0,0.0000,0,0,0,695,0
5848,5.1946,6.4062,0.0047,0.0000,0,0,0.0000,0,0.0000,0,0,0,646,0
5849,3.1340,11.6129,0.0040,0.0000,0,0,0.0000,0,0.0000,0,0,0,599,0
5850,3.0552,16.8769,0.0051,0.0000,0,0,0.0000,0,0.0000,0,0,0,695,0
5851,2.9733,22.3405,0.0052,0.0000,0,0,0.0000,0,0.0000,0,0,0,701,0
5852,5.1946,6.4003,0.0047,0.0000,0,0,0.0000,0,0.0000,0,0,0,645,0
5853,3.1340,11.3920,0.0020,0.0000,0,0,0.0000,0,0.0000,0,0,0,599,0
5854,3.0552,16.7733,0.0095,0.0000,0,0,0.0000,0,0.0000,0,0,0,695,0
5855,2.9733,22.2780,0.0077,0.0000,0,0,0.0000,0,0.0000,0,0,0,751,0
5856,5.1946,6.5046,0.0039,0.0000,0,0,0.0000,0,0.0000,0,0,0,634,0
5857,3.1340,11.5440,0.0056,0.0000,0,0,0.0000,0,0.0000,0,0,0,599,0
5858,3.0552,16.8395,0.0053,0.0000,0,0,0.0000,0,0.0000,0,0,0,707,0
5859,2.9733,22.2220,0.0040,0.0000,0,0,0.0000,0,0.0000,0,0,0,871,0
5860,5.1946,6.5116,0.0102,0.0000,0,0,0.0000,0,0.0000,0,0,0,636,0
5861,3.1340,11.5699,0.0097,0.0000,0,0,0.0000,0,0.0000,0,0,0,599,0
5862,3.0552,16.7767,0.0042,0.0000,0,0,0.0000,0,0.0000,0,0,0,745,0
5863,2.9733,22.0934,0.0061,0.0000,0,0,0.0000,0,0.0000,0,0,0,814,0
5864,5.1946,6.5055,0.0056,0.0000,0,0,0.0000,0,0.0000,0,0,0,649,0
5865,3.1340,11.5219,0.0048,0.0000,0,0,0.0000,0,0.0000,0,0,0,599,0
5866,3.0552,16.7841,0.0054,0.0000,0,0,0.0000,0,0.0000,0,0,0,728,0
5867,2.9733,21.5284,0.0099,0.0000,0,0,0.0000,0,0.0000,0,0,0,1064,0
5868,5.1946,6.5098,0.0045,0.0000,0,0,0.0000,0,0.0000,0,0,0,662,0
5869,3.1340,11.6112,0.0053,0.0000,0,0,0.0000,0,0.0000,0,0,0,599,0
5870,3.0552,16.8381,0.0060,0.0000,0,0,0.0000,0,0.0000,0,0,0,831,0
5871,2.9733,22.2446,0.0058,0.0000,0,0,0.0000,0,0.0000,0,0,0,701,0
5872,5.1946,6.5311,0.0051,0.0000,0,0,0.0000,0,0.0000,0,0,0,624,0
5873,3.1340,11.3935,0.0035,0.0000,0,0,0.0000,0,0.0000,0,0,0,599,0
5874,3.0552,16.7078,0.0056,0.0000,0,0,0.0000,0,0.0000,0,0,0,736,0
5875,2.9733,22.0576,0.0062,0.0000,0,0,0.0000,0,0.0000,0,0,0,695,0
5876,5.1946,6.4900,0.0035,0.0000,0,0,0.0000,0,0.0000,0,0,0,610,0
5877,3.1340,11.5710,0.0101,0.0000,0,0,0.0000,0,0.0000,0,0,0,599,0
5878,3.0552,16.8361,0.0062,0.0000,0,0,0.0000,0,0.0000,0,0,0,740,0
5879,2.9733,22.1250,0.0036,0.0000,0,0,0.0000,0,0.0000,0,0,0,703,0
5880,5.1946,6.5889,0.0062,0.0000,0,0,0.0000,0,0.0000,0,0,0,599,0
5881,3.1340,11.5252,0.0055,0.0000,0,0,0.0000,0,0.0000,0,0,0,599,0
5882,3.0552,16.7203,0.0042,0.0000,0,0,0.0000,0,0.0000,0,0,0,705,0
5883,2.9733,22.0935,0.0061,0.0000,0,0,0.0000,0,0.0000,0,0,0,731,0
5884,5.1946,6.5976,0.0051,0.0000,0,0,0.0000,0,0.0000,0,0,0,599,0
5885,3.1340,11.4683,0.0045,0.0000,0,0,0.0000,0,0.0000,0,0,0,599,0
5886,3.0552,16.6218,0.0107,0.0000,0,0,0.0000,0,0.0000,0,0,0,888,0
5887,2.9733,22.0264,0.0041,0.0000,0,0,0.0000,0,0.0000,0,0,0,800,0
5888,5.1946,6.6188,0.0069,0.0000,0,0,0.0000,0,0.0000,0,0,0,599,0
5889,3.1340,11.5620,0.0097,0.0000,0,0,0.0000,0,0.0000,0,0,0,599,0
5890,3.0552,16.7537,0.0037,0.0000,0,0,0.0000,0,0.0000,0,0,0,699,0
5891,2.9733,22.2837,0.0050,0.0000,0,0,0.0000,0,0.0000,0,0,0,782,0
5892,5.1946,6.4936,0.0100,0.0000,0,0,0.0000,0,0.0000,0,0,0,599,0
5893,3.1340,11.4085,0.0034,0.0000,0,0,0.0000,0,0.0000,0,0,0,599,0
5894,3.0552,16.6645,0.0051,0.0000,0,0,0.0000,0,0.0000,0,0,0,695,0
5895,2.9733,22.0790,0.0062,0.0000,0,0,0.0000,0,0.0000,0,0,0,929,0
5896,5.1946,6.4516,0.0030,0.0000,0,0,0.0000,0,0.0000,0,0,0,599,0
5897,3.1340,11.4470,0.0053,0.0000,0,0,0.0000,0,0.0000,0,0,0,599,0
5898,3.0552,16.7379,0.0089,0.0000,0,0,0.0000,0,0.0000,0,0,0,695,0
5899,2.9733,22.0724,0.0078,0.0000,0,0,0.0000,0,0.0000,0,0,0,695,0
5900,5.1946,6.4769,0.0093,0.0000,0,0,0.0000,0,0.0000,0,0,0,599,0
5901,3.1340,11.5533,0.0056,0.0000,0,0,0.0000,0,0.0000,0,0,0,599,0
5902,3.0552,16.7907,0.0034,0.0000,0,0,0.0000,0,0.0000,0,0,0,727,0
5903,2.9733,22.1872,0.0064,0.0000,0,0,0.0000,0,0.0000,0,0,0,695,0
5904,5.1946,6.6432,0.0063,0.0000,0,0,0.0000,0,0.0000,0,0,0,599,0
5905,3.1340,11.6278,0.0053,0.0000,0,0,0.0000,0,0.0000,0,0,0,599,0
5906,3.0552,16.7758,0.0058,0.0000,0,0,0.0000,0,0.0000,0,0,0,728,0
5907,2.9733,22.1642,0.0039,0.0000,0,0,0.0000,0,0.0000,0,0,0,699,0
5908,5.1946,6.5926,0.0052,0.0000,0,0,0.0000,0,0.0000,0,0,0,599,0
5909,3.1340,11.5276,0.0041,0.0000,0,0,0.0000,0,0.0000,0,0,0,599,0
5910,3.0552,16.8034,0.0032,0.0000,0,0,0.0000,0,0.0000,0,0,0,705,0
5911,2.9733,22.2942,0.0057,0.0000,0,0,0.0000,0,0.0000,0,0,0,723,0
5912,5.1946,6.4502,0.0082,0.0000,0,0,0.0000,0,0.0000,0,0,0,599,0
5913,3.1340,11.5055,0.0028,0.0000,0,0,0.0000,0,0.0000,0,0,0,599,0
5914,3.0552,16.9322,0.0062,0.0000,0,0,0.0000,0,0.0000,0,0,0,754,0
5915,2.9733,22.3474,0.0061,0.0000,0,0,0.0000,0,0.0000,0,0,0,754,0
5916,5.1946,6.4553,0.0040,0.0000,0,0,0.0000,0,0.0000,0,0,0,599,0
5917,3.1340,11.5541,0.0056,0.0000,0,0,0.0000,0,0.0000,0,0,0,599,0
5918,3.0552,16.8690,0.0059,0.0000,0,0,0.0000,0,0.0000,0,0,0,741,0
5919,2.9733,22.2011,0.0081,0.0000,0,0,0.0000,0,0.0000,0,0,0,712,0
5920,5.1946,6.4955,0.0064,0.0000,0,0,0.0000,0,0.0000,0,0,0,599,0
5921,3.1340,11.4873,0.0027,0.0000,0,0,0.0000,0,0.0000,0,0,0,599,0
5922,3.0552,16.8903,0.0048,0.0000,0,0,0.0000,0,0.0000,0,0,0,734,0
5923,2.9733,22.1880,0.0060,0.0000,0,0,0.0000,0,0.0000,0,0,0,775,0
5924,5.1946,6.4125,0.0045,0.0000,0,0,0.0000,0,0.0000,0,0,0,599,0
5925,3.1340,11.4354,0.0044,0.0000,0,0,0.0000,0,0.0000,0,0,0,599,0
5926,3.0552,16.6818,0.0061,0.0000,0,0,0.0000,0,0.0000,0,0,0,752,0
5927,2.9733,21.9283,0.0030,0.0000,0,0,0.0000,0,0.0000,0,0,0,695,0
5928,5.1946,6.6673,0.0047,0.0000,0,0,0.0000,0,0.0000,0,0,0,599,0
5929,3.1340,11.5419,0.0053,0.0000,0,0,0.0000,0,0.0000,0,0,0,599,0
5930,3.0552,16.6792,0.0037,0.0000,0,0,0.0000,0,0.0000,0,0,0,907,0
5931,2.9733,22.0975,0.0055,0.0000,0,0,0.0000,0,0.0000,0,0,0,695,0
5932,5.1946,6.5019,0.0055,0.0000,0,0,0.0000,0,0.0000,0,0,0,599,0
5933,3.1340,11.5272,0.0044,0.0000,0,0,0.0000,0,0.0000,0,0,0,599,0
5934,3.0552,16.8485,0.0050,0.0000,0,0,0.0000,0,0.0000,0,0,0,704,0
5935,2.9733,22.3796,0.0063,0.0000,0,0,0.0000,0,0.0000,0,0,0,695,0
5936,5.1946,6.4595,0.0064,0.0000,0,0,0.0000,0,0.0000,0,0,0,599,0
5937,3.1340,11.4433,0.0056,0.0000,0,0,0.0000,0,0.0000,0,0,0,599,0
5938,3.0552,16.6852,0.0055,0.0000,0,0,0.0000,0,0.0000,0,0,0,695,0
5939,2.9733,22.2116,0.0053,0.0000,0,0,0.0000,0,0.0000,0,0,0,699,0
5940,5.1946,6.6133,0.0095,0.0000,0,0,0.0000,0,0.0000,0,0,0,599,0
5941,3.1340,11.4093,0.0026,0.0000,0,0,0.0000,0,0.0000,0,0,0,599,0
5942,3.0552,16.8742,0.0053,0.0000,0,0,0.0000,0,0.0000,0,0,0,695,0
5943,2.9733,22.3011,0.0061,0.0000,0,0,0.0000,0,0.0000,0,0,0,723,0
5944,5.1946,6.3798,0.0032,0.0000,0,0,0.0000,0,0.0000,0,0,0,599,0
5945,3.1340,11.4561,0.0093,0.0000,0,0,0.0000,0,0.0000,0,0,0,599,0
5946,3.0552,16.6943,0.0061,0.0000,0,0,0.0000,0,0.0000,0,0,0,695,0
5947,2.9733,21.9938,0.0039,0.0000,0,0,0.0000,0,0.0000,0,0,0,734,0
5948,5.1946,6.6257,0.0050,0.0000,0,0,0.0000,0,0.0000,0,0,0,599,0
5949,3.1340,11.4977,0.0092,0.0000,0,0,0.0000,0,0.0000,0,0,0,599,0
5950,3.0552,16.7015,0.0035,0.0000,0,0,0.0000,0,0.0000,0,0,0,728,0
5951,2.9733,22.0371,0.0055,0.0000,0,0,0.0000,0,0.0000,0,0,0,761,0
5952,5.1946,6.4182,0.0054,0.0000,0,0,0.0000,0,0.0000,0,0,0,599,0
5953,3.1340,11.2634,0.0073,0.0000,0,0,0.0000,0,0.0000,0,0,0,599,0
5954,3.0552,16.3760,0.0063,0.0000,0,0,0.0000,0,0.0000,0,0,0,711,0
5955,2.9733,21.6732,0.0053,0.0000,0,0,0.0000,0,0.0000,0,0,0,695,0
5956,5.1946,6.4592,0.0039,0.0000,0,0,0.0000,0,0.0000,0,0,0,599,0
5957,3.1340,11.4493,0.0092,0.0000,0,0,0.0000,0,0.0000,0,0,0,599,0
5958,3.0552,16.6581,0.0056,0.0000,0,0,0.0000,0,0.0000,0,0,0,817,0
5959,2.9733,22.0695,0.0050,0.0000,0,0,0.0000,0,0.0000,0,0,0,695,0
5960,5.1946,6.4576,0.0046,0.0000,0,0,0.0000,0,0.0000,0,0,0,599,0
5961,3.1340,11.3839,0.0032,0.0000,0,0,0.0000,0,0.0000,0,0,0,599,0
5962,3.0552,16.7540,0.0048,0.0000,0,0,0.0000,0,0.0000,0,0,0,825,0
5963,2.9733,22.2407,0.0060,0.0000,0,0,0.0000,0,0.0000,0,0,0,695,0
5964,5.1946,6.4155,0.0039,0.0000,0,0,0.0000,0,0.0000,0,0,0,599,0
5965,3.1340,11.4754,0.0055,0.0000,0,0,0.0000,0,0.0000,0,0,0,599,0
5966,3.0552,16.8337,0.0058,0.0000,0,0,0.0000,0,0.0000,0,0,0,785,0
5967,2.9733,22.1236,0.0085,0.0000,0,0,0.0000,0,0.0000,0,0,0,706,0
5968,5.1946,6.5359,0.0056,0.0000,0,0,0.0000,0,0.0000,0,0,0,599,0
5969,3.1340,11.5424,0.0052,0.0000,0,0,0.0000,0,0.0000,0,0,0,599,0
5970,3.0552,16.7567,0.0041,0.0000,0,0,0.0000,0,0.0000,0,0,0,755,0
5971,2.9733,22.1092,0.0065,0.0000,0,0,0.0000,0,0.0000,0,0,0,767,0
5972,5.1946,6.6149,0.0056,0.0000,0,0,0.0000,0,0.0000,0,0,0,599,0
5973,3.1340,11.4805,0.0040,0.0000,0,0,0.0000,0,0.0000,0,0,0,599,0
5974,3.0552,16.6503,0.0061,0.0000,0,0,0.0000,0,0.0000,0,0,0,950,0
5975,2.9733,22.0174,0.0065,0.0000,0,0,0.0000,0,0.0000,0,0,0,746,0
5976,5.1946,6.7432,0.0052,0.0000,0,0,0.0000,0,0.0000,0,0,0,599,0
5977,3.1340,11.5932,0.0100,0.0000,0,0,0.0000,0,0.0000,0,0,0,599,0
5978,3.0552,16.7685,0.0028,0.0000,0,0,0.0000,0,0.0000,0,0,0,700,0
5979,2.9733,22.2225,0.0054,0.0000,0,0,0.0000,0,0.0000,0,0,0,799,0
5980,5.1946,6.5325,0.0059,0.0000,0,0,0.0000,0,0.0000,0,0,0,599,0
5981,3.1340,11.4309,0.0034,0.0000,0,0,0.0000,0,0.0000,0,0,0,599,0
5982,3.0552,16.7698,0.0096,0.0000,0,0,0.0000,0,0.0000,0,0,0,697,0
5983,2.9733,22.1208,0.0060,0.0000,0,0,0.0000,0,0.0000,0,0,0,695,0
5984,5.1946,6.4380,0.0037,0.0000,0,0,0.0000,0,0.0000,0,0,0,599,0
5985,3.1340,11.5080,0.0049,0.0000,0,0,0.0000,0,0.0000,0,0,0,599,0
5986,3.0552,16.7991,0.0057,0.0000,0,0,0.0000,0,0.0000,0,0,0,695,0
5987,2.9733,22.1672,0.0053,0.0000,0,0,0.0000,0,0.0000,0,0,0,695,0
5988,5.1946,6.4705,0.0099,0.0000,0,0,0.0000,0,0.0000,0,0,0,599,0
5989,3.1340,11.5535,0.0054,0.0000,0,0,0.0000,0,0.0000,0,0,0,599,0
5990,3.0552,16.7286,0.0042,0.0000,0,0,0.0000,0,0.0000,0,0,0,708,0
5991,2.9733,22.0816,0.0060,0.0000,0,0,0.0000,0,0.0000,0,0,0,695,0
5992,5.1946,6.6647,0.0049,0.0000,0,0,0.0000,0,0.0000,0,0,0,599,0
5993,3.1340,11.7304,0.0050,0.0000,0,0,0.0000,0,0.0000,0,0,0,599,0
5994,3.0552,16.7220,0.0061,0.0000,0,0,0.0000,0,0.0000,0,0,0,715,0
5995,2.9733,22.1126,0.0037,0.0000,0,0,0.0000,0,0.0000,0,0,0,711,0
5996,5.1946,6.7122,0.0060,0.0000,0,0,0.0000,0,0.0000,0,0,0,599,0
5997,3.1340,11.5809,0.0063,0.0000,0,0,0.0000,0,0.0000,0,0,0,599,0
5998,3.0552,16.7236,0.0044,0.0000,0,0,0.0000,0,0.0000,0,0,0,728,0
5999,2.9733,22.1030,0.0043,0.0000,0,0,0.0000,0,0.0000,0,0,0,718,0
6000,5.1946,5.5470,0.0225,0.0000,0,0,0.0000,0,0.0000,0,1,0,105482,0
6001,3.1340,9.6912,0.0199,0.0000,0,0,0.0000,0,0.0000,0,1,0,71919,0
6002,3.0552,14.2155,0.0427,0.0000,0,0,0.0000,0,0.0000,0,1,0,118482,0
6003,2.9733,18.5822,0.0164,0.0000,0,0,0.0000,0,0.0000,0,1,0,121308,0
6004,5.1946,6.5586,0.0082,0.0000,0,0,0.0000,0,0.0000,0,0,0,15863,0
6005,3.1340,11.5435,0.0065,0.0000,0,0,0.0000,0,0.0000,0,0,0,9553,0
6006,3.0552,16.8439,0.0277,0.0000,0,0,0.0000,0,0.0000,0,0,0,18283,0
6007,2.9733,22.2596,0.0132,0.0000,0,0,0.0000,0,0.0000,0,0,0,16957,0
6008,5.1946,6.7093,0.0080,0.0000,0,0,0.0000,0,0.0000,0,0,0,9106,0
6009,3.1340,11.6108,0.0078,0.0000,0,0,0.0000,0,0.0000,0,0,0,3310,0
6010,3.0552,16.7408,0.0054,0.0000,0,0,0.0000,0,0.0000,0,0,0,13242,0
6011,2.9733,22.0911,0.0069,0.0000,0,0,0.0000,0,0.0000,0,0,0,5603,0
6012,5.1946,6.4631,0.0071,0.0000,0,0,0.0000,0,0.0000,0,0,0,7345,0
6013,3.1340,11.4525,0.0048,0.0000,0,0,0.0000,0,0.0000,0,0,0,3453,0
6014,3.0552,16.7440,0.0073,0.0000,0,0,0.0000,0,0.0000,0,0,0,8492,0
6015,2.9733,22.0786,0.0139,0.0000,0,0,0.0000,0,0.0000,0,0,0,5499,0
6016,5.1946,6.4677,0.0060,0.0000,0,0,0.0000,0,0.0000,0,0,0,5064,0
6017,3.1340,11.5582,0.0093,0.0000,0,0,0.0000,0,0.0000,0,0,0,1807,0
6018,3.0552,16.9885,0.0098,0.0000,0,0,0.0000,0,0.0000,0,0,0,7279,0
6019,2.9733,22.3920,0.0090,0.0000,0,0,0.0000,0,0.0000,0,0,0,4910,0
6020,5.1946,6.4832,0.0065,0.0000,0,0,0.0000,0,0.0000,0,0,0,4261,0
6021,3.1340,11.5189,0.0104,0.0000,0,0,0.0000,0,0.0000,0,0,0,1446,0
6022,3.0552,16.8576,0.0060,0.0000,0,0,0.0000,0,0.0000,0,0,0,2044,0
6023,2.9733,22.0849,0.0054,0.0000,0,0,0.0000,0,0.0000,0,0,0,4608,0
6024,5.1946,6.3697,0.0097,0.0000,0,0,0.0000,0,0.0000,0,0,0,3916,0
6025,3.1340,11.6076,0.0107,0.0000,0,0,0.0000,0,0.0000,0,0,0,1368,0
6026,3.0552,16.7814,0.0094,0.0000,0,0,0.0000,0,0.0000,0,0,0,1916,0
6027,2.9733,22.0540,0.0042,0.0000,0,0,0.0000,0,0.0000,0,0,0,4126,0
6028,5.1946,6.6851,0.0065,0.0000,0,0,0.0000,0,0.0000,0,0,0,2949,0
6029,3.1340,11.5692,0.0063,0.0000,0,0,0.0000,0,0.0000,0,0,0,1443,0
6030,3.0552,16.7181,0.0047,0.0000,0,0,0.0000,0,0.0000,0,0,0,2261,0
6031,2.9733,22.2052,0.0159,0.0000,0,0,0.0000,0,0.0000,0,0,0,3675,0
6032,5.1946,6.5518,0.0067,0.0000,0,0,0.0000,0,0.0000,0,0,0,1746,0
6033,3.1340,11.5335,0.0040,0.0000,0,0,0.0000,0,0.0000,0,0,0,1587,0
6034,3.0552,16.8478,0.0067,0.0000,0,0,0.0000,0,0.0000,0,0,0,1787,0
6035,2.9733,22.2263,0.0075,0.0000,0,0,0.0000,0,0.0000,0,0,0,3610,0
6036,5.1946,6.5374,0.0047,0.0000,0,0,0.0000,0,0.0000,0,0,0,1549,0
6037,3.1340,11.5649,0.0107,0.0000,0,0,0.0000,0,0.0000,0,0,0,1578,0
6038,3.0552,16.7770,0.0063,0.0000,0,0,0.0000,0,0.0000,0,0,0,2146,0
6039,2.9733,22.1080,0.0095,0.0000,0,0,0.0000,0,0.0000,0,0,0,1060,0
6040,5.1946,6.6741,0.0125,0.0000,0,0,0.0000,0,0.0000,0,0,0,1191,0
6041,3.1340,11.5092,0.0039,0.0000,0,0,0.0000,0,0.0000,0,0,0,1431,0
6042,3.0552,16.8411,0.0103,0.0000,0,0,0.0000,0,0.0000,0,0,0,1577,0
6043,2.9733,22.2438,0.0069,0.0000,0,0,0.0000,0,0.0000,0,0,0,754,0
6044,5.1946,6.6797,0.0059,0.0000,0,0,0.0000,0,0.0000,0,0,0,1033,0
6045,3.1340,11.5808,0.0073,0.0000,0,0,0.0000,0,0.0000,0,0,0,1325,0
6046,3.0552,16.8054,0.0100,0.0000,0,0,0.0000,0,0.0000,0,0,0,1979,0
6047,2.9733,22.0127,0.0041,0.0000,0,0,0.0000,0,0.0000,0,0,0,835,0
6048,5.1946,6.7085,0.0071,0.0000,0,0,0.0000,0,0.0000,0,0,0,1043,0
6049,3.1340,11.5697,0.0115,0.0000,0,0,0.0000,0,0.0000,0,0,0,1267,0
6050,3.0552,16.6953,0.0037,0.0000,0,0,0.0000,0,0.0000,0,0,0,1429,0
6051,2.9733,22.0603,0.0054,0.0000,0,0,0.0000,0,0.0000,0,0,0,1138,0
6052,5.1946,6.5236,0.0073,0.0000,0,0,0.0000,0,0.0000,0,0,0,846,0
6053,3.1340,11.5292,0.0041,0.0000,0,0,0.0000,0,0.0000,0,0,0,1218,0
6054,3.0552,16.7934,0.0061,0.0000,0,0,0.0000,0,0.0000,0,0,0,1219,0
6055,2.9733,22.2255,0.0068,0.0000,0,0,0.0000,0,0.0000,0,0,0,1728,0
6056,5.1946,6.5667,0.0085,0.0000,0,0,0.0000,0,0.0000,0,0,0,763,0
6057,3.1340,11.5085,0.0057,0.0000,0,0,0.0000,0,0.0000,0,0,0,1111,0
6058,3.0552,16.8850,0.0042,0.0000,0,0,0.0000,0,0.0000,0,0,0,1074,0
6059,2.9733,22.3087,0.0052,0.0000,0,0,0.0000,0,0.0000,0,0,0,1422,0
6060,5.1946,6.5379,0.0099,0.0000,0,0,0.0000,0,0.0000,0,0,0,681,0
6061,3.1340,11.4294,0.0037,0.0000,0,0,0.0000,0,0.0000,0,0,0,1116,0
6062,3.0552,16.8642,0.0050,0.0000,0,0,0.0000,0,0.0000,0,0,0,1772,0
6063,2.9733,22.2965,0.0109,0.0000,0,0,0.0000,0,0.0000,0,0,0,1693,0
6064,5.1946,6.5418,0.0044,0.0000,0,0,0.0000,0,0.0000,0,0,0,635,0
6065,3.1340,11.5064,0.0102,0.0000,0,0,0.0000,0,0.0000,0,0,0,895,0
6066,3.0552,16.8260,0.0060,0.0000,0,0,0.0000,0,0.0000,0,0,0,723,0
6067,2.9733,22.0895,0.0027,0.0000,0,0,0.0000,0,0.0000,0,0,0,714,0
6068,5.1946,6.6214,0.0057,0.0000,0,0,0.0000,0,0.0000,0,0,0,635,0
6069,3.1340,11.5427,0.0098,0.0000,0,0,0.0000,0,0.0000,0,0,0,951,0
6070,3.0552,16.6686,0.0042,0.0000,0,0,0.0000,0,0.0000,0,0,0,695,0
6071,2.9733,22.0586,0.0103,0.0000,0,0,0.0000,0,0.0000,0,0,0,704,0
6072,5.1946,6.5184,0.0072,0.0000,0,0,0.0000,0,0.0000,0,0,0,634,0
6073,3.1340,11.5184,0.0046,0.0000,0,0,0.0000,0,0.0000,0,0,0,874,0
6074,3.0552,16.8564,0.0050,0.0000,0,0,0.0000,0,0.0000,0,0,0,695,0
6075,2.9733,22.1907,0.0046,0.0000,0,0,0.0000,0,0.0000,0,0,0,712,0
6076,5.1946,6.7540,0.0053,0.0000,0,0,0.0000,0,0.0000,0,0,0,623,0
6077,3.1340,11.5538,0.0054,0.0000,0,0,0.0000,0,0.0000,0,0,0,816,0
6078,3.0552,16.7507,0.0070,0.0000,0,0,0.0000,0,0.0000,0,0,0,732,0
6079,2.9733,22.0606,0.0089,0.0000,0,0,0.0000,0,0.0000,0,0,0,790,0
6080,5.1946,6.5256,0.0056,0.0000,0,0,0.0000,0,0.0000,0,0,0,681,0
6081,3.1340,11.4459,0.0025,0.0000,0,0,0.0000,0,0.0000,0,0,0,774,0
6082,3.0552,16.8514,0.0057,0.0000,0,0,0.0000,0,0.0000,0,0,0,806,0
6083,2.9733,22.2883,0.0072,0.0000,0,0,0.0000,0,0.0000,0,0,0,1044,0
6084,5.1946,6.4540,0.0040,0.0000,0,0,0.0000,0,0.0000,0,0,0,640,0
6085,3.1340,11.4507,0.0101,0.0000,0,0,0.0000,0,0.0000,0,0,0,819,0
6086,3.0552,16.9240,0.0067,0.0000,0,0,0.0000,0,0.0000,0,0,0,740,0
6087,2.9733,22.1895,0.0050,0.0000,0,0,0.0000,0,0.0000,0,0,0,871,0
6088,5.1946,6.5673,0.0063,0.0000,0,0,0.0000,0,0.0000,0,0,0,602,0
6089,3.1340,11.7435,0.0094,0.0000,0,0,0.0000,0,0.0000,0,0,0,721,0
6090,3.0552,16.8210,0.0040,0.0000,0,0,0.0000,0,0.0000,0,0,0,1059,0
6091,2.9733,22.3879,0.0070,0.0000,0,0,0.0000,0,0.0000,0,0,0,1253,0
6092,5.1946,6.7430,0.0074,0.0000,0,0,0.0000,0,0.0000,0,0,0,599,0
6093,3.1340,11.7335,0.0107,0.0000,0,0,0.0000,0,0.0000,0,0,0,614,0
6094,3.0552,16.7986,0.0064,0.0000,0,0,0.0000,0,0.0000,0,0,0,928,0
6095,2.9733,22.0805,0.0033,0.0000,0,0,0.0000,0,0.0000,0,0,0,701,0
6096,5.1946,6.6917,0.0101,0.0000,0,0,0.0000,0,0.0000,0,0,0,599,0
6097,3.1340,11.5791,0.0061,0.0000,0,0,0.0000,0,0.0000,0,0,0,599,0
6098,3.0552,16.7504,0.0028,0.0000,0,0,0.0000,0,0.0000,0,0,0,928,0
6099,2.9733,22.1639,0.0107,0.0000,0,0,0.0000,0,0.0000,0,0,0,695,0
6100,5.1946,6.5184,0.0099,0.0000,0,0,0.0000,0,0.0000,0,0,0,599,0
6101,3.1340,11.5692,0.0082,0.0000,0,0,0.0000,0,0.0000,0,0,0,599,0
6102,3.0552,16.8460,0.0065,0.0000,0,0,0.0000,0,0.0000,0,0,0,902,0
6103,2.9733,22.2697,0.0120,0.0000,0,0,0.0000,0,0.0000,0,0,0,701,0
6104,5.1946,6.5408,0.0074,0.0000,0,0,0.0000,0,0.0000,0,0,0,599,0
6105,3.1340,11.5394,0.0069,0.0000,0,0,0.0000,0,0.0000,0,0,0,599,0
6106,3.0552,16.8649,0.0064,0.0000,0,0,0.0000,0,0.0000,0,0,0,1292,0
6107,2.9733,22.1703,0.0048,0.0000,0,0,0.0000,0,0.0000,0,0,0,699,0
6108,5.1946,6.4876,0.0062,0.0000,0,0,0.0000,0,0.0000,0,0,0,599,0
6109,3.1340,11.6007,0.0038,0.0000,0,0,0.0000,0,0.0000,0,0,0,599,0
6110,3.0552,16.8661,0.0038,0.0000,0,0,0.0000,0,0.0000,0,0,0,700,0
6111,2.9733,22.2968,0.0068,0.0000,0,0,0.0000,0,0.0000,0,0,0,789,0
6112,5.1946,6.4188,0.0037,0.0000,0,0,0.0000,0,0.0000,0,0,0,599,0
6113,3.1340,11.5160,0.0053,0.0000,0,0,0.0000,0,0.0000,0,0,0,599,0
6114,3.0552,16.8729,0.0064,0.0000,0,0,0.0000,0,0.0000,0,0,0,695,0
6115,2.9733,22.0329,0.0097,0.0000,0,0,0.0000,0,0.0000,0,0,0,717,0
6116,5.1946,6.4401,0.0097,0.0000,0,0,0.0000,0,0.0000,0,0,0,599,0
6117,3.1340,11.5543,0.0045,0.0000,0,0,0.0000,0,0.0000,0,0,0,599,0
6118,3.0552,16.9442,0.0051,0.0000,0,0,0.0000,0,0.0000,0,0,0,732,0
6119,2.9733,22.4342,0.0096,0.0000,0,0,0.0000,0,0.0000,0,0,0,983,0
6120,5.1946,6.4886,0.0052,0.0000,0,0,0.0000,0,0.0000,0,0,0,599,0
6121,3.1340,11.5985,0.0077,0.0000,0,0,0.0000,0,0.0000,0,0,0,599,0
6122,3.0552,16.9917,0.0055,0.0000,0,0,0.0000,0,0.0000,0,0,0,716,0
6123,2.9733,22.3858,0.0055,0.0000,0,0,0.0000,0,0.0000,0,0,0,701,0
6124,5.1946,6.5027,0.0045,0.0000,0,0,0.0000,0,0.0000,0,0,0,599,0
6125,3.1340,11.7332,0.0050,0.0000,0,0,0.0000,0,0.0000,0,0,0,599,0
6126,3.0552,16.8650,0.0049,0.0000,0,0,0.0000,0,0.0000,0,0,0,801,0
6127,2.9733,22.3847,0.0060,0.0000,0,0,0.0000,0,0.0000,0,0,0,695,0
6128,5.1946,6.4726,0.0046,0.0000,0,0,0.0000,0,0.0000,0,0,0,599,0
6129,3.1340,11.6304,0.0045,0.0000,0,0,0.0000,0,0.0000,0,0,0,599,0
6130,3.0552,16.8967,0.0051,0.0000,0,0,0.0000,0,0.0000,0,0,0,747,0
6131,2.9733,22.5162,0.0055,0.0000,0,0,0.0000,0,0.0000,0,0,0,695,0
6132,5.1946,6.3870,0.0042,0.0000,0,0,0.0000,0,0.0000,0,0,0,599,0
6133,3.1340,11.4949,0.0050,0.0000,0,0,0.0000,0,0.0000,0,0,0,599,0
6134,3.0552,16.8399,0.0051,0.0000,0,0,0.0000,0,0.0000,0,0,0,930,0
6135,2.9733,22.2757,0.0082,0.0000,0,0,0.0000,0,0.0000,0,0,0,712,0
6136,5.1946,6.4219,0.0055,0.0000,0,0,0.0000,0,0.0000,0,0,0,599,0
6137,3.1340,11.5157,0.0092,0.0000,0,0,0.0000,0,0.0000,0,0,0,599,0
6138,3.0552,16.7675,0.0068,0.0000,0,0,0.0000,0,0.0000,0,0,0,767,0
6139,2.9733,22.2957,0.0052,0.0000,0,0,0.0000,0,0.0000,0,0,0,729,0
6140,5.1946,6.5431,0.0049,0.0000,0,0,0.0000,0,0.0000,0,0,0,599,0
6141,3.1340,11.5580,0.0076,0.0000,0,0,0.0000,0,0.0000,0,0,0,599,0
6142,3.0552,16.8358,0.0055,0.0000,0,0,0.0000,0,0.0000,0,0,0,727,0
6143,2.9733,21.0900,0.0051,0.0000,0,0,0.0000,0,0.0000,0,0,0,695,0
6144,5.1946,6.5956,0.0062,0.0000,0,0,0.0000,0,0.0000,0,0,0,599,0
6145,3.1340,11.5823,0.0046,0.0000,0,0,0.0000,0,0.0000,0,0,0,599,0
6146,3.0552,16.8254,0.0055,0.0000,0,0,0.0000,0,0.0000,0,0,0,746,0
6147,2.9733,22.3224,0.0104,0.0000,0,0,0.0000,0,0.0000,0,0,0,821,0
6148,5.1946,6.5210,0.0050,0.0000,0,0,0.0000,0,0.0000,0,0,0,599,0
6149,3.1340,11.5005,0.0044,0.0000,0,0,0.0000,0,0.0000,0,0,0,599,0
6150,3.0552,16.7959,0.0052,0.0000,0,0,0.0000,0,0.0000,0,0,0,1008,0
6151,2.9733,22.1300,0.0055,0.0000,0,0,0.0000,0,0.0000,0,0,0,695,0
6152,5.1946,6.4361,0.0052,0.0000,0,0,0.0000,0,0.0000,0,0,0,599,0
6153,3.1340,11.6557,0.0047,0.0000,0,0,0.0000,0,0.0000,0,0,0,599,0
6154,3.0552,16.9788,0.0054,0.0000,0,0,0.0000,0,0.0000,0,0,0,697,0
6155,2.9733,22.4045,0.0040,0.0000,0,0,0.0000,0,0.0000,0,0,0,695,0
6156,5.1946,6.4818,0.0049,0.0000,0,0,0.0000,0,0.0000,0,0,0,599,0
6157,3.1340,11.5507,0.0048,0.0000,0,0,0.0000,0,0.0000,0,0,0,599,0
6158,3.0552,16.8740,0.0037,0.0000,0,0,0.0000,0,0.0000,0,0,0,695,0
6159,2.9733,22.6514,0.0073,0.0000,0,0,0.0000,0,0.0000,0,0,0,695,0
6160,5.1946,6.6232,0.0052,0.0000,0,0,0.0000,0,0.0000,0,0,0,599,0
6161,3.1340,11.5773,0.0053,0.0000,0,0,0.0000,0,0.0000,0,0,0,599,0
6162,3.0552,16.7263,0.0056,0.0000,0,0,0.0000,0,0.0000,0,0,0,695,0
6163,2.9733,21.9025,0.0102,0.0000,0,0,0.0000,0,0.0000,0,0,0,695,0
6164,5.1946,6.5237,0.0060,0.0000,0,0,0.0000,0,0.0000,0,0,0,599,0
6165,3.1340,11.5915,0.0051,0.0000,0,0,0.0000,0,0.0000,0,0,0,599,0
6166,3.0552,16.9052,0.0049,0.0000,0,0,0.0000,0,0.0000,0,0,0,695,0
6167,2.9733,22.3661,0.0056,0.0000,0,0,0.0000,0,0.0000,0,0,0,718,0
6168,5.1946,6.4560,0.0057,0.0000,0,0,0.0000,0,0.0000,0,0,0,599,0
6169,3.1340,11.4978,0.0050,0.0000,0,0,0.0000,0,0.0000,0,0,0,599,0
6170,3.0552,16.7566,0.0052,0.0000,0,0,0.0000,0,0.0000,0,0,0,705,0
6171,2.9733,21.9897,0.0051,0.0000,0,0,0.0000,0,0.0000,0,0,0,700,0
6172,5.1946,6.3644,0.0038,0.0000,0,0,0.0000,0,0.0000,0,0,0,599,0
6173,3.1340,11.5217,0.0043,0.0000,0,0,0.0000,0,0.0000,0,0,0,599,0
6174,3.0552,16.9147,0.0057,0.0000,0,0,0.0000,0,0.0000,0,0,0,695,0
6175,2.9733,22.4632,0.0045,0.0000,0,0,0.0000,0,0.0000,0,0,0,725,0
6176,5.1946,6.5545,0.0058,0.0000,0,0,0.0000,0,0.0000,0,0,0,599,0
6177,3.1340,11.5453,0.0107,0.0000,0,0,0.0000,0,0.0000,0,0,0,599,0
6178,3.0552,16.8087,0.0049,0.0000,0,0,0.0000,0,0.0000,0,0,0,717,0
6179,2.9733,22.1875,0.0055,0.0000,0,0,0.0000,0,0.0000,0,0,0,695,0
6180,5.1946,6.4441,0.0040,0.0000,0,0,0.0000,0,0.0000,0,0,0,599,0
6181,3.1340,11.5665,0.0097,0.0000,0,0,0.0000,0,0.0000,0,0,0,599,0
6182,3.0552,16.6640,0.0053,0.0000,0,0,0.0000,0,0.0000,0,0,0,720,0
6183,2.9733,21.8558,0.0034,0.0000,0,0,0.0000,0,0.0000,0,0,0,695,0
6184,5.1946,6.2556,0.0027,0.0000,0,0,0.0000,0,0.0000,0,0,0,599,0
6185,3.1340,11.4320,0.0039,0.0000,0,0,0.0000,0,0.0000,0,0,0,599,0
6186,3.0552,16.8593,0.0043,0.0000,0,0,0.0000,0,0.0000,0,0,0,716,0
6187,2.9733,22.3995,0.0052,0.0000,0,0,0.0000,0,0.0000,0,0,0,695,0
6188,5.1946,6.4087,0.0050,0.0000,0,0,0.0000,0,0.0000,0,0,0,599,0
6189,3.1340,11.4505,0.0036,0.0000,0,0,0.0000,0,0.0000,0,0,0,599,0
6190,3.0552,16.8665,0.0053,0.0000,0,0,0.0000,0,0.0000,0,0,0,740,0
6191,2.9733,22.1781,0.0092,0.0000,0,0,0.0000,0,0.0000,0,0,0,695,0
6192,5.1946,6.4742,0.0041,0.0000,0,0,0.0000,0,0.0000,0,0,0,599,0
6193,3.1340,11.8413,0.0060,0.0000,0,0,0.0000,0,0.0000,0,0,0,599,0
6194,3.0552,17.0033,0.0055,0.0000,0,0,0.0000,0,0.0000,0,0,0,836,0
6195,2.9733,22.3940,0.0045,0.0000,0,0,0.0000,0,0.0000,0,0,0,706,0
6196,5.1946,6.6569,0.0059,0.0000,0,0,0.0000,0,0.0000,0,0,0,599,0
6197,3.1340,11.4764,0.0051,0.0000,0,0,0.0000,0,0.0000,0,0,0,599,0
6198,3.0552,16.7832,0.0091,0.0000,0,0,0.0000,0,0.0000,0,0,0,695,0
6199,2.9733,22.1168,0.0055,0.0000,0,0,0.0000,0,0.0000,0,0,0,701,0
6200,5.1946,6.5588,0.0097,0.0000,0,0,0.0000,0,0.0000,0,0,0,599,0
6201,3.1340,11.4505,0.0054,0.0000,0,0,0.0000,0,0.0000,0,0,0,599,0
6202,3.0552,16.6558,0.0063,0.0000,0,0,0.0000,0,0.0000,0,0,0,695,0
6203,2.9733,22.0122,0.0053,0.0000,0,0,0.0000,0,0.0000,0,0,0,699,0
6204,5.1946,6.5152,0.0053,0.0000,0,0,0.0000,0,0.0000,0,0,0,599,0
6205,3.1340,11.5167,0.0044,0.0000,0,0,0.0000,0,0.0000,0,0,0,599,0
6206,3.0552,16.7434,0.0045,0.0000,0,0,0.0000,0,0.0000,0,0,0,695,0
6207,2.9733,22.1932,0.0058,0.0000,0,0,0.0000,0,0.0000,0,0,0,695,0
6208,5.1946,6.4754,0.0051,0.0000,0,0,0.0000,0,0.0000,0,0,0,599,0
6209,3.1340,11.5148,0.0044,0.0000,0,0,0.0000,0,0.0000,0,0,0,599,0
6210,3.0552,16.7893,0.0046,0.0000,0,0,0.0000,0,0.0000,0,0,0,695,0
6211,2.9733,22.0428,0.0058,0.0000,0,0,0.0000,0,0.0000,0,0,0,695,0
6212,5.1946,6.4263,0.0049,0.0000,0,0,0.0000,0,0.0000,0,0,0,599,0
6213,3.1340,12.2190,0.0105,0.0000,0,0,0.0000,0,0.0000,0,0,0,599,0
6214,3.0552,16.9105,0.0061,0.0000,0,0,0.0000,0,0.0000,0,0,0,704,0
6215,2.9733,22.3407,0.0057,0.0000,0,0,0.0000,0,0.0000,0,0,0,695,0
6216,5.1946,6.4735,0.0054,0.0000,0,0,0.0000,0,0.0000,0,0,0,599,0
6217,3.1340,11.4783,0.0032,0.0000,0,0,0.0000,0,0.0000,0,0,0,599,0
6218,3.0552,16.8635,0.0055,0.0000,0,0,0.0000,0,0.0000,0,0,0,708,0
6219,2.9733,22.2430,0.0058,0.0000,0,0,0.0000,0,0.0000,0,0,0,695,0
6220,5.1946,6.4559,0.0089,0.0000,0,0,0.0000,0,0.0000,0,0,0,599,0
6221,3.1340,11.5588,0.0057,0.0000,0,0,0.0000,0,0.0000,0,0,0,599,0
6222,3.0552,16.6887,0.0047,0.0000,0,0,0.0000,0,0.0000,0,0,0,710,0
6223,2.9733,22.0005,0.0034,0.0000,0,0,0.0000,0,0.0000,0,0,0,695,0
6224,5.1946,6.4677,0.0053,0.0000,0,0,0.0000,0,0.0000,0,0,0,599,0
6225,3.1340,11.5628,0.0053,0.0000,0,0,0.0000,0,0.0000,0,0,0,599,0
6226,3.0552,16.8430,0.0036,0.0000,0,0,0.0000,0,0.0000,0,0,0,703,0
6227,2.9733,22.3636,0.0063,0.0000,0,0,0.0000,0,0.0000,0,0,0,695,0
6228,5.1946,6.5083,0.0093,0.0000,0,0,0.0000,0,0.0000,0,0,0,599,0
6229,3.1340,10.7753,0.0042,0.0000,0,0,0.0000,0,0.0000,0,0,0,599,0
6230,3.0552,15.6145,0.0061,0.0000,0,0,0.0000,0,0.0000,0,0,0,695,0
6231,2.9733,20.8277,0.0054,0.0000,0,0,0.0000,0,0.0000,0,0,0,695,0
6232,5.1946,6.4698,0.0044,0.0000,0,0,0.0000,0,0.0000,0,0,0,599,0
6233,3.1340,11.6966,0.0060,0.0000,0,0,0.0000,0,0.0000,0,0,0,599,0
6234,3.0552,16.9882,0.0055,0.0000,0,0,0.0000,0,0.0000,0,0,0,695,0
6235,2.9733,22.3898,0.0046,0.0000,0,0,0.0000,0,0.0000,0,0,0,695,0
6236,5.1946,6.5820,0.0057,0.0000,0,0,0.0000,0,0.0000,0,0,0,599,0
6237,3.1340,11.4796,0.0077,0.0000,0,0,0.0000,0,0.0000,0,0,0,599,0
6238,3.0552,16.7671,0.0049,0.0000,0,0,0.0000,0,0.0000,0,0,0,799,0
6239,2.9733,22.1300,0.0075,0.0000,0,0,0.0000,0,0.0000,0,0,0,695,0
6240,5.1946,5.8839,0.0359,0.0000,0,0,0.0000,0,0.0000,0,1,0,105482,0
6241,3.1340,9.8944,0.0406,0.0000,0,0,0.0000,0,0.0000,0,1,0,71919,0
6242,3.0552,14.2157,0.0190,0.0000,0,0,0.0000,0,0.0000,0,1,0,100728,0
6243,2.9733,18.6103,0.0202,0.0000,0,0,0.0000,0,0.0000,0,1,0,109587,0
6244,5.1946,6.4710,0.0088,0.0000,0,0,0.0000,0,0.0000,0,0,0,15863,0
6245,3.1340,11.6003,0.0077,0.0000,0,0,0.0000,0,0.0000,0,0,0,9553,0
6246,3.0552,16.8980,0.0125,0.0000,0,0,0.0000,0,0.0000,0,0,0,14021,0
6247,2.9733,22.4098,0.0356,0.0000,0,0,0.0000,0,0.0000,0,0,0,22860,0
6248,5.1946,6.6388,0.0069,0.0000,0,0,0.0000,0,0.0000,0,0,0,9106,0
6249,3.1340,11.4327,0.0026,0.0000,0,0,0.0000,0,0.0000,0,0,0,3310,0
6250,3.0552,16.8435,0.0169,0.0000,0,0,0.0000,0,0.0000,0,0,0,16824,0
6251,2.9733,22.0919,0.0204,0.0000,0,0,0.0000,0,0.0000,0,0,0,20305,0
6252,5.1946,6.3483,0.0052,0.0000,0,0,0.0000,0,0.0000,0,0,0,7345,0
6253,3.1340,11.5770,0.0055,0.0000,0,0,0.0000,0,0.0000,0,0,0,3453,0
6254,3.0552,16.8824,0.0070,0.0000,0,0,0.0000,0,0.0000,0,0,0,15486,0
6255,2.9733,22.2685,0.0047,0.0000,0,0,0.0000,0,0.0000,0,0,0,8839,0
6256,5.1946,6.3711,0.0100,0.0000,0,0,0.0000,0,0.0000,0,0,0,5064,0
6257,3.1340,11.5079,0.0041,0.0000,0,0,0.0000,0,0.0000,0,0,0,1807,0
6258,3.0552,16.8127,0.0105,0.0000,0,0,0.0000,0,0.0000,0,0,0,12230,0
6259,2.9733,22.3224,0.0108,0.0000,0,0,0.0000,0,0.0000,0,0,0,7342,0
6260,5.1946,6.5940,0.0058,0.0000,0,0,0.0000,0,0.0000,0,0,0,4261,0
6261,3.1340,11.4953,0.0056,0.0000,0,0,0.0000,0,0.0000,0,0,0,1446,0
6262,3.0552,17.1339,0.0258,0.0000,0,0,0.0000,0,0.0000,0,0,0,8041,0
6263,2.9733,21.8862,0.0050,0.0000,0,0,0.0000,0,0.0000,0,0,0,2243,0
6264,5.1946,6.5315,0.0076,0.0000,0,0,0.0000,0,0.0000,0,0,0,3916,0
6265,3.1340,11.6049,0.0101,0.0000,0,0,0.0000,0,0.0000,0,0,0,1368,0
6266,3.0552,16.9047,0.0056,0.0000,0,0,0.0000,0,0.0000,0,0,0,7441,0
6267,2.9733,22.3503,0.0073,0.0000,0,0,0.0000,0,0.0000,0,0,0,1961,0
6268,5.1946,6.5357,0.0052,0.0000,0,0,0.0000,0,0.0000,0,0,0,2949,0
6269,3.1340,11.4448,0.0075,0.0000,0,0,0.0000,0,0.0000,0,0,0,1443,0
6270,3.0552,16.8959,0.0072,0.0000,0,0,0.0000,0,0.0000,0,0,0,4682,0
6271,2.9733,22.2475,0.0057,0.0000,0,0,0.0000,0,0.0000,0,0,0,1949,0
6272,5.1946,6.4026,0.0089,0.0000,0,0,0.0000,0,0.0000,0,0,0,1746,0
6273,3.1340,11.5055,0.0048,0.0000,0,0,0.0000,0,0.0000,0,0,0,1587,0
6274,3.0552,16.8261,0.0050,0.0000,0,0,0.0000,0,0.0000,0,0,0,3830,0
6275,2.9733,22.2965,0.0043,0.0000,0,0,0.0000,0,0.0000,0,0,0,1561,0
6276,5.1946,6.4493,0.0054,0.0000,0,0,0.0000,0,0.0000,0,0,0,1549,0
6277,3.1340,11.5742,0.0068,0.0000,0,0,0.0000,0,0.0000,0,0,0,1578,0
6278,3.0552,16.8675,0.0056,0.0000,0,0,0.0000,0,0.0000,0,0,0,3348,0
6279,2.9733,22.5135,0.0078,0.0000,0,0,0.0000,0,0.0000,0,0,0,2325,0
6280,5.1946,6.6799,0.0048,0.0000,0,0,0.0000,0,0.0000,0,0,0,1191,0
6281,3.1340,11.4715,0.0092,0.0000,0,0,0.0000,0,0.0000,0,0,0,1431,0
6282,3.0552,16.7819,0.0075,0.0000,0,0,0.0000,0,0.0000,0,0,0,3249,0
6283,2.9733,21.9106,0.0098,0.0000,0,0,0.0000,0,0.0000,0,0,0,1876,0
6284,5.1946,6.4486,0.0058,0.0000,0,0,0.0000,0,0.0000,0,0,0,1033,0
6285,3.1340,11.5286,0.0066,0.0000,0,0,0.0000,0,0.0000,0,0,0,1325,0
6286,3.0552,16.7521,0.0037,0.0000,0,0,0.0000,0,0.0000,0,0,0,995,0
6287,2.9733,22.3030,0.0056,0.0000,0,0,0.0000,0,0.0000,0,0,0,2376,0
6288,5.1946,6.3647,0.0033,0.0000,0,0,0.0000,0,0.0000,0,0,0,1043,0
6289,3.1340,11.4709,0.0024,0.0000,0,0,0.0000,0,0.0000,0,0,0,1267,0
6290,3.0552,16.9107,0.0044,0.0000,0,0,0.0000,0,0.0000,0,0,0,742,0
6291,2.9733,22.1601,0.0023,0.0000,0,0,0.0000,0,0.0000,0,0,0,787,0
6292,5.1946,6.4295,0.0090,0.0000,0,0,0.0000,0,0.0000,0,0,0,846,0
6293,3.1340,11.5892,0.0095,0.0000,0,0,0.0000,0,0.0000,0,0,0,1218,0
6294,3.0552,16.8666,0.0054,0.0000,0,0,0.0000,0,0.0000,0,0,0,791,0
6295,2.9733,22.1965,0.0040,0.0000,0,0,0.0000,0,0.0000,0,0,0,700,0
6296,5.1946,6.3801,0.0060,0.0000,0,0,0.0000,0,0.0000,0,0,0,763,0
6297,3.1340,11.4745,0.0057,0.0000,0,0,0.0000,0,0.0000,0,0,0,1111,0
6298,3.0552,16.7854,0.0047,0.0000,0,0,0.0000,0,0.0000,0,0,0,856,0
6299,2.9733,22.1807,0.0047,0.0000,0,0,0.0000,0,0.0000,0,0,0,710,0
6300,5.1946,6.4332,0.0049,0.0000,0,0,0.0000,0,0.0000,0,0,0,681,0
6301,3.1340,11.6259,0.0057,0.0000,0,0,0.0000,0,0.0000,0,0,0,1116,0
6302,3.0552,16.7365,0.0098,0.0000,0,0,0.0000,0,0.0000,0,0,0,1108,0
6303,2.9733,22.0390,0.0049,0.0000,0,0,0.0000,0,0.0000,0,0,0,910,0
6304,5.1946,6.8022,0.0062,0.0000,0,0,0.0000,0,0.0000,0,0,0,635,0
6305,3.1340,11.6124,0.0069,0.0000,0,0,0.0000,0,0.0000,0,0,0,895,0
6306,3.0552,16.6406,0.0049,0.0000,0,0,0.0000,0,0.0000,0,0,0,1017,0
6307,2.9733,22.0144,0.0074,0.0000,0,0,0.0000,0,0.0000,0,0,0,1349,0
6308,5.1946,6.6006,0.0056,0.0000,0,0,0.0000,0,0.0000,0,0,0,635,0
6309,3.1340,11.5081,0.0067,0.0000,0,0,0.0000,0,0.0000,0,0,0,951,0
6310,3.0552,16.6551,0.0060,0.0000,0,0,0.0000,0,0.0000,0,0,0,1548,0
6311,2.9733,21.8910,0.0055,0.0000,0,0,0.0000,0,0.0000,0,0,0,1172,0
6312,5.1946,6.4921,0.0040,0.0000,0,0,0.0000,0,0.0000,0,0,0,634,0
6313,3.1340,11.5225,0.0060,0.0000,0,0,0.0000,0,0.0000,0,0,0,874,0
6314,3.0552,16.8648,0.0061,0.0000,0,0,0.0000,0,0.0000,0,0,0,1320,0
6315,2.9733,22.2203,0.0058,0.0000,0,0,0.0000,0,0.0000,0,0,0,1733,0
6316,5.1946,6.6976,0.0107,0.0000,0,0,0.0000,0,0.0000,0,0,0,623,0
6317,3.1340,11.4826,0.0081,0.0000,0,0,0.0000,0,0.0000,0,0,0,816,0
6318,3.0552,16.6458,0.0046,0.0000,0,0,0.0000,0,0.0000,0,0,0,1177,0
6319,2.9733,21.9582,0.0070,0.0000,0,0,0.0000,0,0.0000,0,0,0,706,0
6320,5.1946,6.5074,0.0055,0.0000,0,0,0.0000,0,0.0000,0,0,0,681,0
6321,3.1340,11.5085,0.0090,0.0000,0,0,0.0000,0,0.0000,0,0,0,774,0
6322,3.0552,16.7797,0.0059,0.0000,0,0,0.0000,0,0.0000,0,0,0,1043,0
6323,2.9733,22.1155,0.0047,0.0000,0,0,0.0000,0,0.0000,0,0,0,706,0
6324,5.1946,6.5607,0.0059,0.0000,0,0,0.0000,0,0.0000,0,0,0,640,0
6325,3.1340,11.5390,0.0079,0.0000,0,0,0.0000,0,0.0000,0,0,0,819,0
6326,3.0552,16.5982,0.0041,0.0000,0,0,0.0000,0,0.0000,0,0,0,1589,0
6327,2.9733,21.9572,0.0067,0.0000,0,0,0.0000,0,0.0000,0,0,0,695,0
6328,5.1946,6.4838,0.0058,0.0000,0,0,0.0000,0,0.0000,0,0,0,602,0
6329,3.1340,11.5665,0.0034,0.0000,0,0,0.0000,0,0.0000,0,0,0,721,0
6330,3.0552,16.5180,0.0060,0.0000,0,0,0.0000,0,0.0000,0,0,0,738,0
6331,2.9733,21.9247,0.0063,0.0000,0,0,0.0000,0,0.0000,0,0,0,722,0
6332,5.1946,6.4597,0.0049,0.0000,0,0,0.0000,0,0.0000,0,0,0,599,0
6333,3.1340,11.5414,0.0055,0.0000,0,0,0.0000,0,0.0000,0,0,0,614,0
6334,3.0552,16.7718,0.0035,0.0000,0,0,0.0000,0,0.0000,0,0,0,695,0
6335,2.9733,22.1025,0.0049,0.0000,0,0,0.0000,0,0.0000,0,0,0,912,0
6336,5.1946,6.5227,0.0055,0.0000,0,0,0.0000,0,0.0000,0,0,0,599,0
6337,3.1340,11.6082,0.0031,0.0000,0,0,0.0000,0,0.0000,0,0,0,599,0
6338,3.0552,16.7700,0.0100,0.0000,0,0,0.0000,0,0.0000,0,0,0,695,0
6339,2.9733,22.0972,0.0063,0.0000,0,0,0.0000,0,0.0000,0,0,0,853,0
6340,5.1946,6.4537,0.0095,0.0000,0,0,0.0000,0,0.0000,0,0,0,599,0
6341,3.1340,11.4340,0.0052,0.0000,0,0,0.0000,0,0.0000,0,0,0,599,0
6342,3.0552,16.5443,0.0047,0.0000,0,0,0.0000,0,0.0000,0,0,0,695,0
6343,2.9733,21.9293,0.0044,0.0000,0,0,0.0000,0,0.0000,0,0,0,1381,0
6344,5.1946,6.3076,0.0053,0.0000,0,0,0.0000,0,0.0000,0,0,0,599,0
6345,3.1340,11.3953,0.0050,0.0000,0,0,0.0000,0,0.0000,0,0,0,599,0
6346,3.0552,16.7804,0.0050,0.0000,0,0,0.0000,0,0.0000,0,0,0,752,0
6347,2.9733,22.2035,0.0066,0.0000,0,0,0.0000,0,0.0000,0,0,0,700,0
6348,5.1946,6.5754,0.0065,0.0000,0,0,0.0000,0,0.0000,0,0,0,599,0
6349,3.1340,11.5504,0.0043,0.0000,0,0,0.0000,0,0.0000,0,0,0,599,0
6350,3.0552,16.7434,0.0059,0.0000,0,0,0.0000,0,0.0000,0,0,0,706,0
6351,2.9733,22.1840,0.0073,0.0000,0,0,0.0000,0,0.0000,0,0,0,695,0
6352,5.1946,6.5985,0.0087,0.0000,0,0,0.0000,0,0.0000,0,0,0,599,0
6353,3.1340,11.5368,0.0057,0.0000,0,0,0.0000,0,0.0000,0,0,0,599,0
6354,3.0552,16.6496,0.0060,0.0000,0,0,0.0000,0,0.0000,0,0,0,931,0
6355,2.9733,21.8540,0.0058,0.0000,0,0,0.0000,0,0.0000,0,0,0,701,0
6356,5.1946,6.4727,0.0047,0.0000,0,0,0.0000,0,0.0000,0,0,0,599,0
6357,3.1340,11.5576,0.0092,0.0000,0,0,0.0000,0,0.0000,0,0,0,599,0
6358,3.0552,16.8971,0.0044,0.0000,0,0,0.0000,0,0.0000,0,0,0,795,0
6359,2.9733,22.3045,0.0096,0.0000,0,0,0.0000,0,0.0000,0,0,0,703,0
6360,5.1946,6.3530,0.0080,0.0000,0,0,0.0000,0,0.0000,0,0,0,599,0
6361,3.1340,11.5441,0.0048,0.0000,0,0,0.0000,0,0.0000,0,0,0,599,0
6362,3.0552,16.8915,0.0049,0.0000,0,0,0.0000,0,0.0000,0,0,0,786,0
6363,2.9733,22.2838,0.0033,0.0000,0,0,0.0000,0,0.0000,0,0,0,799,0
6364,5.1946,6.4878,0.0058,0.0000,0,0,0.0000,0,0.0000,0,0,0,599,0
6365,3.1340,11.7116,0.0049,0.0000,0,0,0.0000,0,0.0000,0,0,0,599,0
6366,3.0552,17.0132,0.0041,0.0000,0,0,0.0000,0,0.0000,0,0,0,764,0
6367,2.9733,22.5000,0.0110,0.0000,0,0,0.0000,0,0.0000,0,0,0,780,0
6368,5.1946,6.8630,0.0054,0.0000,0,0,0.0000,0,0.0000,0,0,0,599,0
6369,3.1340,11.5912,0.0042,0.0000,0,0,0.0000,0,0.0000,0,0,0,599,0
6370,3.0552,16.6315,0.0053,0.0000,0,0,0.0000,0,0.0000,0,0,0,1139,0
6371,2.9733,21.8084,0.0045,0.0000,0,0,0.0000,0,0.0000,0,0,0,1021,0
6372,5.1946,6.7452,0.0055,0.0000,0,0,0.0000,0,0.0000,0,0,0,599,0
6373,3.1340,11.5854,0.0102,0.0000,0,0,0.0000,0,0.0000,0,0,0,599,0
6374,3.0552,16.7724,0.0042,0.0000,0,0,0.0000,0,0.0000,0,0,0,695,0
6375,2.9733,22.1501,0.0051,0.0000,0,0,0.0000,0,0.0000,0,0,0,695,0
6376,5.1946,6.6100,0.0054,0.0000,0,0,0.0000,0,0.0000,0,0,0,599,0
6377,3.1340,11.5643,0.0094,0.0000,0,0,0.0000,0,0.0000,0,0,0,599,0
6378,3.0552,16.8695,0.0057,0.0000,0,0,0.0000,0,0.0000,0,0,0,695,0
6379,2.9733,22.1238,0.0105,0.0000,0,0,0.0000,0,0.0000,0,0,0,695,0
6380,5.1946,6.6164,0.0043,0.0000,0,0,0.0000,0,0.0000,0,0,0,599,0
6381,3.1340,11.5887,0.0058,0.0000,0,0,0.0000,0,0.0000,0,0,0,599,0
6382,3.0552,16.8826,0.0070,0.0000,0,0,0.0000,0,0.0000,0,0,0,695,0
6383,2.9733,22.2773,0.0052,0.0000,0,0,0.0000,0,0.0000,0,0,0,695,0
6384,5.1946,6.7517,0.0058,0.0000,0,0,0.0000,0,0.0000,0,0,0,599,0
6385,3.1340,11.7865,0.0101,0.0000,0,0,0.0000,0,0.0000,0,0,0,599,0
6386,3.0552,16.9512,0.0046,0.0000,0,0,0.0000,0,0.0000,0,0,0,695,0
6387,2.9733,22.2937,0.0062,0.0000,0,0,0.0000,0,0.0000,0,0,0,695,0
6388,5.1946,6.4090,0.0034,0.0000,0,0,0.0000,0,0.0000,0,0,0,599,0
6389,3.1340,11.5034,0.0059,0.0000,0,0,0.0000,0,0.0000,0,0,0,599,0
6390,3.0552,16.8040,0.0053,0.0000,0,0,0.0000,0,0.0000,0,0,0,724,0
6391,2.9733,22.0143,0.0034,0.0000,0,0,0.0000,0,0.0000,0,0,0,746,0
6392,5.1946,6.8835,0.0058,0.0000,0,0,0.0000,0,0.0000,0,0,0,599,0
6393,3.1340,11.4616,0.0054,0.0000,0,0,0.0000,0,0.0000,0,0,0,599,0
6394,3.0552,16.4522,0.0032,0.0000,0,0,0.0000,0,0.0000,0,0,0,695,0
6395,2.9733,21.7870,0.0069,0.0000,0,0,0.0000,0,0.0000,0,0,0,712,0
6396,5.1946,6.5340,0.0049,0.0000,0,0,0.0000,0,0.0000,0,0,0,599,0
6397,3.1340,11.5506,0.0046,0.0000,0,0,0.0000,0,0.0000,0,0,0,599,0
6398,3.0552,16.7721,0.0055,0.0000,0,0,0.0000,0,0.0000,0,0,0,756,0
6399,2.9733,22.1072,0.0074,0.0000,0,0,0.0000,0,0.0000,0,0,0,812,0
6400,5.1946,6.5819,0.0049,0.0000,0,0,0.0000,0,0.0000,0,0,0,599,0
6401,3.1340,11.5612,0.0057,0.0000,0,0,0.0000,0,0.0000,0,0,0,599,0
6402,3.0552,16.9103,0.0051,0.0000,0,0,0.0000,0,0.0000,0,0,0,749,0
6403,2.9733,22.2244,0.0055,0.0000,0,0,0.0000,0,0.0000,0,0,0,734,0
6404,5.1946,6.6528,0.0058,0.0000,0,0,0.0000,0,0.0000,0,0,0,599,0
6405,3.1340,11.4964,0.0034,0.0000,0,0,0.0000,0,0.0000,0,0,0,599,0
6406,3.0552,16.8119,0.0098,0.0000,0,0,0.0000,0,0.0000,0,0,0,715,0
6407,2.9733,22.1590,0.0067,0.0000,0,0,0.0000,0,0.0000,0,0,0,695,0
6408,5.1946,6.5565,0.0040,0.0000,0,0,0.0000,0,0.0000,0,0,0,599,0
6409,3.1340,11.5793,0.0053,0.0000,0,0,0.0000,0,0.0000,0,0,0,599,0
6410,3.0552,16.7936,0.0060,0.0000,0,0,0.0000,0,0.0000,0,0,0,709,0
6411,2.9733,22.0791,0.0033,0.0000,0,0,0.0000,0,0.0000,0,0,0,695,0
6412,5.1946,6.6464,0.0057,0.0000,0,0,0.0000,0,0.0000,0,0,0,599,0
6413,3.1340,11.5372,0.0049,0.0000,0,0,0.0000,0,0.0000,0,0,0,599,0
6414,3.0552,16.7280,0.0043,0.0000,0,0,0.0000,0,0.0000,0,0,0,863,0
6415,2.9733,22.0440,0.0056,0.0000,0,0,0.0000,0,0.0000,0,0,0,702,0
6416,5.1946,6.6360,0.0054,0.0000,0,0,0.0000,0,0.0000,0,0,0,599,0
6417,3.1340,11.4639,0.0042,0.0000,0,0,0.0000,0,0.0000,0,0,0,599,0
6418,3.0552,16.6685,0.0060,0.0000,0,0,0.0000,0,0.0000,0,0,0,695,0
6419,2.9733,21.9447,0.0057,0.0000,0,0,0.0000,0,0.0000,0,0,0,743,0
6420,5.1946,6.5939,0.0101,0.0000,0,0,0.0000,0,0.0000,0,0,0,599,0
6421,3.1340,11.6297,0.0060,0.0000,0,0,0.0000,0,0.0000,0,0,0,599,0
6422,3.0552,16.8901,0.0034,0.0000,0,0,0.0000,0,0.0000,0,0,0,695,0
6423,2.9733,22.3490,0.0055,0.0000,0,0,0.0000,0,0.0000,0,0,0,738,0
6424,5.1946,6.5336,0.0059,0.0000,0,0,0.0000,0,0.0000,0,0,0,599,0
6425,3.1340,11.4342,0.0031,0.0000,0,0,0.0000,0,0.0000,0,0,0,599,0
6426,3.0552,16.6837,0.0046,0.0000,0,0,0.0000,0,0.0000,0,0,0,695,0
6427,2.9733,22.1349,0.0062,0.0000,0,0,0.0000,0,0.0000,0,0,0,788,0
6428,5.1946,6.5093,0.0044,0.0000,0,0,0.0000,0,0.0000,0,0,0,599,0
6429,3.1340,11.5101,0.0047,0.0000,0,0,0.0000,0,0.0000,0,0,0,599,0
6430,3.0552,16.8261,0.0055,0.0000,0,0,0.0000,0,0.0000,0,0,0,695,0
6431,2.9733,22.1097,0.0078,0.0000,0,0,0.0000,0,0.0000,0,0,0,695,0
6432,5.1946,6.6391,0.0058,0.0000,0,0,0.0000,0,0.0000,0,0,0,599,0
6433,3.1340,11.5734,0.0101,0.0000,0,0,0.0000,0,0.0000,0,0,0,599,0
6434,3.0552,16.7671,0.0042,0.0000,0,0,0.0000,0,0.0000,0,0,0,695,0
6435,2.9733,22.1380,0.0093,0.0000,0,0,0.0000,0,0.0000,0,0,0,695,0
6436,5.1946,6.6100,0.0044,0.0000,0,0,0.0000,0,0.0000,0,0,0,599,0
6437,3.1340,11.5533,0.0040,0.0000,0,0,0.0000,0,0.0000,0,0,0,599,0
6438,3.0552,16.7885,0.0061,0.0000,0,0,0.0000,0,0.0000,0,0,0,695,0
6439,2.9733,22.1543,0.0078,0.0000,0,0,0.0000,0,0.0000,0,0,0,705,0
6440,5.1946,6.5961,0.0051,0.0000,0,0,0.0000,0,0.0000,0,0,0,599,0
6441,3.1340,11.5461,0.0057,0.0000,0,0,0.0000,0,0.0000,0,0,0,599,0
6442,3.0552,16.6879,0.0040,0.0000,0,0,0.0000,0,0.0000,0,0,0,706,0
6443,2.9733,22.0633,0.0053,0.0000,0,0,0.0000,0,0.0000,0,0,0,725,0
6444,5.1946,6.5255,0.0058,0.0000,0,0,0.0000,0,0.0000,0,0,0,599,0
6445,3.1340,11.5208,0.0040,0.0000,0,0,0.0000,0,0.0000,0,0,0,599,0
6446,3.0552,16.8735,0.0083,0.0000,0,0,0.0000,0,0.0000,0,0,0,714,0
6447,2.9733,22.2591,0.0047,0.0000,0,0,0.0000,0,0.0000,0,0,0,746,0
6448,5.1946,6.4322,0.0034,0.0000,0,0,0.0000,0,0.0000,0,0,0,599,0
6449,3.1340,11.4839,0.0043,0.0000,0,0,0.0000,0,0.0000,0,0,0,599,0
6450,3.0552,16.9194,0.0046,0.0000,0,0,0.0000,0,0.0000,0,0,0,697,0
6451,2.9733,22.2680,0.0075,0.0000,0,0,0.0000,0,0.0000,0,0,0,721,0
6452,5.1946,6.4108,0.0050,0.0000,0,0,0.0000,0,0.0000,0,0,0,599,0
6453,3.1340,11.6265,0.0050,0.0000,0,0,0.0000,0,0.0000,0,0,0,599,0
6454,3.0552,16.9395,0.0054,0.0000,0,0,0.0000,0,0.0000,0,0,0,695,0
6455,2.9733,22.2755,0.0053,0.0000,0,0,0.0000,0,0.0000,0,0,0,758,0
6456,5.1946,6.4284,0.0042,0.0000,0,0,0.0000,0,0.0000,0,0,0,599,0
6457,3.1340,11.5549,0.0095,0.0000,0,0,0.0000,0,0.0000,0,0,0,599,0
6458,3.0552,16.8628,0.0054,0.0000,0,0,0.0000,0,0.0000,0,0,0,781,0
6459,2.9733,22.2370,0.0031,0.0000,0,0,0.0000,0,0.0000,0,0,0,695,0
6460,5.1946,6.6884,0.0090,0.0000,0,0,0.0000,0,0.0000,0,0,0,599,0
6461,3.1340,11.6317,0.0061,0.0000,0,0,0.0000,0,0.0000,0,0,0,599,0
6462,3.0552,16.8409,0.0049,0.0000,0,0,0.0000,0,0.0000,0,0,0,695,0
6463,2.9733,22.2458,0.0055,0.0000,0,0,0.0000,0,0.0000,0,0,0,695,0
6464,5.1946,6.4937,0.0100,0.0000,0,0,0.0000,0,0.0000,0,0,0,599,0
6465,3.1340,11.5385,0.0031,0.0000,0,0,0.0000,0,0.0000,0,0,0,599,0
6466,3.0552,16.7901,0.0048,0.0000,0,0,0.0000,0,0.0000,0,0,0,695,0
6467,2.9733,22.1977,0.0059,0.0000,0,0,0.0000,0,0.0000,0,0,0,695,0
6468,5.1946,6.5561,0.0045,0.0000,0,0,0.0000,0,0.0000,0,0,0,599,0
6469,3.1340,11.6896,0.0060,0.0000,0,0,0.0000,0,0.0000,0,0,0,599,0
6470,3.0552,16.9683,0.0048,0.0000,0,0,0.0000,0,0.0000,0,0,0,695,0
6471,2.9733,22.3169,0.0081,0.0000,0,0,0.0000,0,0.0000,0,0,0,695,0
6472,5.1946,6.5096,0.0055,0.0000,0,0,0.0000,0,0.0000,0,0,0,599,0
6473,3.1340,11.4870,0.0034,0.0000,0,0,0.0000,0,0.0000,0,0,0,599,0
6474,3.0552,16.8477,0.0052,0.0000,0,0,0.0000,0,0.0000,0,0,0,695,0
6475,2.9733,22.2621,0.0064,0.0000,0,0,0.0000,0,0.0000,0,0,0,716,0
6476,5.1946,6.5133,0.0070,0.0000,0,0,0.0000,0,0.0000,0,0,0,599,0
6477,3.1340,11.5097,0.0045,0.0000,0,0,0.0000,0,0.0000,0,0,0,599,0
6478,3.0552,16.8786,0.0065,0.0000,0,0,0.0000,0,0.0000,0,0,0,695,0
6479,2.9733,22.1590,0.0034,0.0000,0,0,0.0000,0,0.0000,0,0,0,707,0
6480,5.1946,20.3762,0.0126,0.0000,0,0,0.0000,0,0.0000,0,1,0,60271,0
6481,3.1340,17.2698,0.0084,0.0000,0,0,0.0000,0,0.0000,0,1,0,43482,0
6482,3.0552,17.3931,0.0052,0.0000,0,0,0.0000,0,0.0000,0,1,0,59828,0
6483,2.9733,16.4034,0.0094,0.0000,0,0,0.0000,0,0.0000,0,1,0,68126,0
6484,5.1946,5.9790,0.0026,0.0000,0,0,0.0000,0,0.0000,0,0,0,15967,0
6485,3.1340,11.3146,0.0018,0.0000,0,0,0.0000,0,0.0000,0,0,0,14199,0
6486,3.0552,16.8225,0.0065,0.0000,0,0,0.0000,0,0.0000,0,0,0,17643,0
6487,2.9733,22.3747,0.0017,0.0000,0,0,0.0000,0,0.0000,0,0,0,14303,0
6488,5.1946,6.0312,0.0023,0.0000,0,0,0.0000,0,0.0000,0,0,0,6175,0
6489,3.1340,11.3879,0.0023,0.0000,0,0,0.0000,0,0.0000,0,0,0,5501,0
6490,3.0552,16.8230,0.0016,0.0000,0,0,0.0000,0,0.0000,0,0,0,8663,0
6491,2.9733,22.2948,0.0024,0.0000,0,0,0.0000,0,0.0000,0,0,0,6869,0
6492,5.1946,6.0517,0.0032,0.0000,0,0,0.0000,0,0.0000,0,0,0,12054,0
6493,3.1340,11.4142,0.0028,0.0000,0,0,0.0000,0,0.0000,0,0,0,15189,0
6494,3.0552,16.8485,0.0050,0.0000,0,0,0.0000,0,0.0000,0,0,0,14797,0
6495,2.9733,22.3330,0.0025,0.0000,0,0,0.0000,0,0.0000,0,0,0,11135,0
6496,5.1946,6.1905,0.0026,0.0000,0,0,0.0000,0,0.0000,0,0,0,19327,0
6497,3.1340,11.3923,0.0034,0.0000,0,0,0.0000,0,0.0000,0,0,0,15140,0
6498,3.0552,16.8558,0.0028,0.0000,0,0,0.0000,0,0.0000,0,0,0,16878,0
6499,2.9733,22.3742,0.0032,0.0000,0,0,0.0000,0,0.0000,0,0,0,17362,0
6500,5.1946,6.1080,0.0037,0.0000,0,0,0.0000,0,0.0000,0,0,0,10956,0
6501,3.1340,11.4138,0.0021,0.0000,0,0,0.0000,0,0.0000,0,0,0,9351,0
6502,3.0552,16.8665,0.0022,0.0000,0,0,0.0000,0,0.0000,0,0,0,9754,0
6503,2.9733,22.3137,0.0139,0.0000,0,0,0.0000,0,0.0000,0,0,0,17542,0
6504,5.1946,6.2136,0.0030,0.0000,0,0,0.0000,0,0.0000,0,0,0,5031,0
6505,3.1340,11.4260,0.0019,0.0000,0,0,0.0000,0,0.0000,0,0,0,4635,0
6506,3.0552,16.7955,0.0034,0.0000,0,0,0.0000,0,0.0000,0,0,0,6836,0
6507,2.9733,22.1395,0.0021,0.0000,0,0,0.0000,0,0.0000,0,0,0,5769,0
6508,5.1946,6.2919,0.0020,0.0000,0,0,0.0000,0,0.0000,0,0,0,3913,0
6509,3.1340,11.5156,0.0037,0.0000,0,0,0.0000,0,0.0000,0,0,0,2919,0
6510,3.0552,16.8799,0.0021,0.0000,0,0,0.0000,0,0.0000,0,0,0,3234,0
6511,2.9733,22.4463,0.0058,0.0000,0,0,0.0000,0,0.0000,0,0,0,3051,0
6512,5.1946,6.3777,0.0026,0.0000,0,0,0.0000,0,0.0000,0,0,0,3192,0
6513,3.1340,11.6234,0.0053,0.0000,0,0,0.0000,0,0.0000,0,0,0,2362,0
6514,3.0552,17.0213,0.0056,0.0000,0,0,0.0000,0,0.0000,0,0,0,2230,0
6515,2.9733,22.4989,0.0063,0.0000,0,0,0.0000,0,0.0000,0,0,0,2863,0
6516,5.1946,6.6445,0.0045,0.0000,0,0,0.0000,0,0.0000,0,0,0,3165,0
6517,3.1340,11.5610,0.0073,0.0000,0,0,0.0000,0,0.0000,0,0,0,2416,0
6518,3.0552,16.9194,0.0040,0.0000,0,0,0.0000,0,0.0000,0,0,0,2408,0
6519,2.9733,22.3240,0.0090,0.0000,0,0,0.0000,0,0.0000,0,0,0,2470,0
6520,5.1946,6.6188,0.0111,0.0000,0,0,0.0000,0,0.0000,0,0,0,2454,0
6521,3.1340,11.5734,0.0031,0.0000,0,0,0.0000,0,0.0000,0,0,0,1491,0
6522,3.0552,16.8514,0.0040,0.0000,0,0,0.0000,0,0.0000,0,0,0,870,0
6523,2.9733,22.1868,0.0067,0.0000,0,0,0.0000,0,0.0000,0,0,0,2369,0
6524,5.1946,6.3778,0.0041,0.0000,0,0,0.0000,0,0.0000,0,0,0,1462,0
6525,3.1340,11.5147,0.0056,0.0000,0,0,0.0000,0,0.0000,0,0,0,1285,0
6526,3.0552,16.7375,0.0053,0.0000,0,0,0.0000,0,0.0000,0,0,0,699,0
6527,2.9733,22.0497,0.0045,0.0000,0,0,0.0000,0,0.0000,0,0,0,1409,0
6528,5.1946,6.4671,0.0057,0.0000,0,0,0.0000,0,0.0000,0,0,0,1319,0
6529,3.1340,11.4738,0.0052,0.0000,0,0,0.0000,0,0.0000,0,0,0,1143,0
6530,3.0552,16.7706,0.0068,0.0000,0,0,0.0000,0,0.0000,0,0,0,695,0
6531,2.9733,22.1442,0.0070,0.0000,0,0,0.0000,0,0.0000,0,0,0,1718,0
6532,5.1946,6.4771,0.0054,0.0000,0,0,0.0000,0,0.0000,0,0,0,1127,0
6533,3.1340,11.4762,0.0047,0.0000,0,0,0.0000,0,0.0000,0,0,0,972,0
6534,3.0552,16.5618,0.0050,0.0000,0,0,0.0000,0,0.0000,0,0,0,702,0
6535,2.9733,22.0628,0.0087,0.0000,0,0,0.0000,0,0.0000,0,0,0,729,0
6536,5.1946,6.7470,0.0055,0.0000,0,0,0.0000,0,0.0000,0,0,0,1059,0
6537,3.1340,11.5817,0.0055,0.0000,0,0,0.0000,0,0.0000,0,0,0,873,0
6538,3.0552,16.8775,0.0041,0.0000,0,0,0.0000,0,0.0000,0,0,0,749,0
6539,2.9733,22.2003,0.0099,0.0000,0,0,0.0000,0,0.0000,0,0,0,695,0
6540,5.1946,6.5664,0.0097,0.0000,0,0,0.0000,0,0.0000,0,0,0,947,0
6541,3.1340,11.4573,0.0074,0.0000,0,0,0.0000,0,0.0000,0,0,0,793,0
6542,3.0552,16.8538,0.0072,0.0000,0,0,0.0000,0,0.0000,0,0,0,712,0
6543,2.9733,22.0713,0.0055,0.0000,0,0,0.0000,0,0.0000,0,0,0,726,0
6544,5.1946,6.4163,0.0047,0.0000,0,0,0.0000,0,0.0000,0,0,0,875,0
6545,3.1340,11.5030,0.0060,0.0000,0,0,0.0000,0,0.0000,0,0,0,748,0
6546,3.0552,16.8600,0.0064,0.0000,0,0,0.0000,0,0.0000,0,0,0,896,0
6547,2.9733,22.2274,0.0035,0.0000,0,0,0.0000,0,0.0000,0,0,0,793,0
6548,5.1946,6.6839,0.0070,0.0000,0,0,0.0000,0,0.0000,0,0,0,790,0
6549,3.1340,11.5341,0.0058,0.0000,0,0,0.0000,0,0.0000,0,0,0,759,0
6550,3.0552,16.6908,0.0043,0.0000,0,0,0.0000,0,0.0000,0,0,0,819,0
6551,2.9733,22.0980,0.0067,0.0000,0,0,0.0000,0,0.0000,0,0,0,1103,0
6552,5.1946,6.7291,0.0090,0.0000,0,0,0.0000,0,0.0000,0,0,0,729,0
6553,3.1340,11.4655,0.0053,0.0000,0,0,0.0000,0,0.0000,0,0,0,770,0
6554,3.0552,16.6157,0.0073,0.0000,0,0,0.0000,0,0.0000,0,0,0,832,0
6555,2.9733,21.7784,0.0052,0.0000,0,0,0.0000,0,0.0000,0,0,0,980,0
6556,5.1946,6.6231,0.0059,0.0000,0,0,0.0000,0,0.0000,0,0,0,695,0
6557,3.1340,11.5206,0.0048,0.0000,0,0,0.0000,0,0.0000,0,0,0,678,0
6558,3.0552,16.7215,0.0022,0.0000,0,0,0.0000,0,0.0000,0,0,0,774,0
6559,2.9733,22.1697,0.0054,0.0000,0,0,0.0000,0,0.0000,0,0,0,1479,0
6560,5.1946,6.6692,0.0065,0.0000,0,0,0.0000,0,0.0000,0,0,0,655,0
6561,3.1340,11.5393,0.0030,0.0000,0,0,0.0000,0,0.0000,0,0,0,665,0
6562,3.0552,16.7931,0.0048,0.0000,0,0,0.0000,0,0.0000,0,0,0,1157,0
6563,2.9733,22.2836,0.0065,0.0000,0,0,0.0000,0,0.0000,0,0,0,711,0
6564,5.1946,6.4885,0.0043,0.0000,0,0,0.0000,0,0.0000,0,0,0,655,0
6565,3.1340,11.4974,0.0100,0.0000,0,0,0.0000,0,0.0000,0,0,0,614,0
6566,3.0552,16.8606,0.0050,0.0000,0,0,0.0000,0,0.0000,0,0,0,713,0
6567,2.9733,22.1670,0.0039,0.0000,0,0,0.0000,0,0.0000,0,0,0,695,0
6568,5.1946,6.6069,0.0097,0.0000,0,0,0.0000,0,0.0000,0,0,0,646,0
6569,3.1340,11.6270,0.0043,0.0000,0,0,0.0000,0,0.0000,0,0,0,599,0
6570,3.0552,16.8123,0.0053,0.0000,0,0,0.0000,0,0.0000,0,0,0,695,0
6571,2.9733,22.0994,0.0052,0.0000,0,0,0.0000,0,0.0000,0,0,0,701,0
6572,5.1946,6.3190,0.0032,0.0000,0,0,0.0000,0,0.0000,0,0,0,645,0
6573,3.1340,11.3798,0.0046,0.0000,0,0,0.0000,0,0.0000,0,0,0,599,0
6574,3.0552,16.6949,0.0048,0.0000,0,0,0.0000,0,0.0000,0,0,0,695,0
6575,2.9733,22.0278,0.0031,0.0000,0,0,0.0000,0,0.0000,0,0,0,751,0
6576,5.1946,6.5904,0.0057,0.0000,0,0,0.0000,0,0.0000,0,0,0,634,0
6577,3.1340,11.6545,0.0059,0.0000,0,0,0.0000,0,0.0000,0,0,0,599,0
6578,3.0552,16.8719,0.0032,0.0000,0,0,0.0000,0,0.0000,0,0,0,707,0
6579,2.9733,22.4158,0.0068,0.0000,0,0,0.0000,0,0.0000,0,0,0,871,0
6580,5.1946,6.5855,0.0050,0.0000,0,0,0.0000,0,0.0000,0,0,0,636,0
6581,3.1340,11.4487,0.0031,0.0000,0,0,0.0000,0,0.0000,0,0,0,599,0
6582,3.0552,16.6835,0.0057,0.0000,0,0,0.0000,0,0.0000,0,0,0,745,0
6583,2.9733,21.9602,0.0106,0.0000,0,0,0.0000,0,0.0000,0,0,0,814,0
6584,5.1946,6.5156,0.0085,0.0000,0,0,0.0000,0,0.0000,0,0,0,649,0
6585,3.1340,11.5058,0.0055,0.0000,0,0,0.0000,0,0.0000,0,0,0,599,0
6586,3.0552,16.9310,0.0050,0.0000,0,0,0.0000,0,0.0000,0,0,0,728,0
6587,2.9733,22.4090,0.0052,0.0000,0,0,0.0000,0,0.0000,0,0,0,1064,0
6588,5.1946,6.4879,0.0058,0.0000,0,0,0.0000,0,0.0000,0,0,0,662,0
6589,3.1340,11.6819,0.0069,0.0000,0,0,0.0000,0,0.0000,0,0,0,599,0
6590,3.0552,16.7178,0.0047,0.0000,0,0,0.0000,0,0.0000,0,0,0,831,0
6591,2.9733,22.0715,0.0064,0.0000,0,0,0.0000,0,0.0000,0,0,0,701,0
6592,5.1946,6.4538,0.0045,0.0000,0,0,0.0000,0,0.0000,0,0,0,624,0
6593,3.1340,11.5298,0.0060,0.0000,0,0,0.0000,0,0.0000,0,0,0,599,0
6594,3.0552,16.8172,0.0060,0.0000,0,0,0.0000,0,0.0000,0,0,0,736,0
6595,2.9733,22.0807,0.0047,0.0000,0,0,0.0000,0,0.0000,0,0,0,695,0
6596,5.1946,6.5812,0.0053,0.0000,0,0,0.0000,0,0.0000,0,0,0,610,0
6597,3.1340,11.4507,0.0057,0.0000,0,0,0.0000,0,0.0000,0,0,0,599,0
6598,3.0552,16.6390,0.0041,0.0000,0,0,0.0000,0,0.0000,0,0,0,740,0
6599,2.9733,21.8740,0.0057,0.0000,0,0,0.0000,0,0.0000,0,0,0,703,0
6600,5.1946,6.5197,0.0056,0.0000,0,0,0.0000,0,0.0000,0,0,0,599,0
6601,3.1340,11.4981,0.0035,0.0000,0,0,0.0000,0,0.0000,0,0,0,599,0
6602,3.0552,16.6887,0.0056,0.0000,0,0,0.0000,0,0.0000,0,0,0,705,0
6603,2.9733,22.0670,0.0057,0.0000,0,0,0.0000,0,0.0000,0,0,0,731,0
6604,5.1946,6.7676,0.0098,0.0000,0,0,0.0000,0,0.0000,0,0,0,599,0
6605,3.1340,11.5111,0.0063,0.0000,0,0,0.0000,0,0.0000,0,0,0,599,0
6606,3.0552,16.7277,0.0041,0.0000,0,0,0.0000,0,0.0000,0,0,0,888,0
6607,2.9733,21.9552,0.0045,0.0000,0,0,0.0000,0,0.0000,0,0,0,800,0
6608,5.1946,6.5067,0.0061,0.0000,0,0,0.0000,0,0.0000,0,0,0,599,0
6609,3.1340,11.4129,0.0052,0.0000,0,0,0.0000,0,0.0000,0,0,0,599,0
6610,3.0552,16.7312,0.0050,0.0000,0,0,0.0000,0,0.0000,0,0,0,699,0
6611,2.9733,22.0289,0.0059,0.0000,0,0,0.0000,0,0.0000,0,0,0,782,0
6612,5.1946,6.5347,0.0055,0.0000,0,0,0.0000,0,0.0000,0,0,0,599,0
6613,3.1340,11.6363,0.0057,0.0000,0,0,0.0000,0,0.0000,0,0,0,599,0
6614,3.0552,16.7841,0.0050,0.0000,0,0,0.0000,0,0.0000,0,0,0,695,0
6615,2.9733,22.1483,0.0078,0.0000,0,0,0.0000,0,0.0000,0,0,0,929,0
6616,5.1946,7.0184,0.0049,0.0000,0,0,0.0000,0,0.0000,0,0,0,599,0
6617,3.1340,11.5643,0.0095,0.0000,0,0,0.0000,0,0.0000,0,0,0,599,0
6618,3.0552,16.8921,0.0043,0.0000,0,0,0.0000,0,0.0000,0,0,0,695,0
6619,2.9733,22.1506,0.0057,0.0000,0,0,0.0000,0,0.0000,0,0,0,695,0
6620,5.1946,6.6414,0.0060,0.0000,0,0,0.0000,0,0.0000,0,0,0,599,0
6621,3.1340,11.5678,0.0039,0.0000,0,0,0.0000,0,0.0000,0,0,0,599,0
6622,3.0552,16.5053,0.0059,0.0000,0,0,0.0000,0,0.0000,0,0,0,727,0
6623,2.9733,21.7533,0.0035,0.0000,0,0,0.0000,0,0.0000,0,0,0,695,0
6624,5.1946,6.7212,0.0051,0.0000,0,0,0.0000,0,0.0000,0,0,0,599,0
6625,3.1340,11.4948,0.0095,0.0000,0,0,0.0000,0,0.0000,0,0,0,599,0
6626,3.0552,16.5414,0.0043,0.0000,0,0,0.0000,0,0.0000,0,0,0,728,0
6627,2.9733,21.8963,0.0042,0.0000,0,0,0.0000,0,0.0000,0,0,0,699,0
6628,5.1946,6.6203,0.0102,0.0000,0,0,0.0000,0,0.0000,0,0,0,599,0
6629,3.1340,11.4603,0.0037,0.0000,0,0,0.0000,0,0.0000,0,0,0,599,0
6630,3.0552,16.7242,0.0058,0.0000,0,0,0.0000,0,0.0000,0,0,0,705,0
6631,2.9733,21.9934,0.0063,0.0000,0,0,0.0000,0,0.0000,0,0,0,723,0
6632,5.1946,6.4577,0.0075,0.0000,0,0,0.0000,0,0.0000,0,0,0,599,0
6633,3.1340,11.5094,0.0057,0.0000,0,0,0.0000,0,0.0000,0,0,0,599,0
6634,3.0552,16.8312,0.0061,0.0000,0,0,0.0000,0,0.0000,0,0,0,754,0
6635,2.9733,22.1609,0.0042,0.0000,0,0,0.0000,0,0.0000,0,0,0,754,0
6636,5.1946,6.4981,0.0063,0.0000,0,0,0.0000,0,0.0000,0,0,0,599,0
6637,3.1340,11.5693,0.0057,0.0000,0,0,0.0000,0,0.0000,0,0,0,599,0
6638,3.0552,16.7573,0.0041,0.0000,0,0,0.0000,0,0.0000,0,0,0,741,0
6639,2.9733,22.1457,0.0070,0.0000,0,0,0.0000,0,0.0000,0,0,0,712,0
6640,5.1946,6.5185,0.0039,0.0000,0,0,0.0000,0,0.0000,0,0,0,599,0
6641,3.1340,11.6336,0.0044,0.0000,0,0,0.0000,0,0.0000,0,0,0,599,0
6642,3.0552,16.8873,0.0060,0.0000,0,0,0.0000,0,0.0000,0,0,0,734,0
6643,2.9733,22.2805,0.0035,0.0000,0,0,0.0000,0,0.0000,0,0,0,775,0
6644,5.1946,6.6438,0.0059,0.0000,0,0,0.0000,0,0.0000,0,0,0,599,0
6645,3.1340,11.6177,0.0063,0.0000,0,0,0.0000,0,0.0000,0,0,0,599,0
6646,3.0552,16.6940,0.0025,0.0000,0,0,0.0000,0,0.0000,0,0,0,752,0
6647,2.9733,22.1047,0.0060,0.0000,0,0,0.0000,0,0.0000,0,0,0,695,0
6648,5.1946,6.5654,0.0103,0.0000,0,0,0.0000,0,0.0000,0,0,0,599,0
6649,3.1340,11.4878,0.0034,0.0000,0,0,0.0000,0,0.0000,0,0,0,599,0
6650,3.0552,16.8163,0.0062,0.0000,0,0,0.0000,0,0.0000,0,0,0,907,0
6651,2.9733,22.2012,0.0063,0.0000,0,0,0.0000,0,0.0000,0,0,0,695,0
6652,5.1946,6.5061,0.0040,0.0000,0,0,0.0000,0,0.0000,0,0,0,599,0
6653,3.1340,11.5008,0.0049,0.0000,0,0,0.0000,0,0.0000,0,0,0,599,0
6654,3.0552,16.8647,0.0060,0.0000,0,0,0.0000,0,0.0000,0,0,0,704,0
6655,2.9733,22.2061,0.0045,0.0000,0,0,0.0000,0,0.0000,0,0,0,695,0
6656,5.1946,6.5403,0.0059,0.0000,0,0,0.0000,0,0.0000,0,0,0,599,0
6657,3.1340,11.5878,0.0040,0.0000,0,0,0.0000,0,0.0000,0,0,0,599,0
6658,3.0552,16.9265,0.0061,0.0000,0,0,0.0000,0,0.0000,0,0,0,695,0
6659,2.9733,22.2057,0.0065,0.0000,0,0,0.0000,0,0.0000,0,0,0,699,0
6660,5.1946,6.4637,0.0048,0.0000,0,0,0.0000,0,0.0000,0,0,0,599,0
6661,3.1340,11.5012,0.0046,0.0000,0,0,0.0000,0,0.0000,0,0,0,599,0
6662,3.0552,16.5752,0.0038,0.0000,0,0,0.0000,0,0.0000,0,0,0,695,0
6663,2.9733,21.9361,0.0037,0.0000,0,0,0.0000,0,0.0000,0,0,0,723,0
6664,5.1946,6.5714,0.0049,0.0000,0,0,0.0000,0,0.0000,0,0,0,599,0
6665,3.1340,11.4280,0.0042,0.0000,0,0,0.0000,0,0.0000,0,0,0,599,0
6666,3.0552,16.7009,0.0048,0.0000,0,0,0.0000,0,0.0000,0,0,0,695,0
6667,2.9733,22.0077,0.0103,0.0000,0,0,0.0000,0,0.0000,0,0,0,734,0
6668,5.1946,6.5580,0.0060,0.0000,0,0,0.0000,0,0.0000,0,0,0,599,0
6669,3.1340,11.5045,0.0031,0.0000,0,0,0.0000,0,0.0000,0,0,0,599,0
6670,3.0552,16.6263,0.0061,0.0000,0,0,0.0000,0,0.0000,0,0,0,728,0
6671,2.9733,21.9098,0.0070,0.0000,0,0,0.0000,0,0.0000,0,0,0,761,0
6672,5.1946,6.6050,0.0045,0.0000,0,0,0.0000,0,0.0000,0,0,0,599,0
6673,3.1340,11.5413,0.0057,0.0000,0,0,0.0000,0,0.0000,0,0,0,599,0
6674,3.0552,16.8019,0.0053,0.0000,0,0,0.0000,0,0.0000,0,0,0,711,0
6675,2.9733,22.2016,0.0065,0.0000,0,0,0.0000,0,0.0000,0,0,0,695,0
6676,5.1946,6.4318,0.0056,0.0000,0,0,0.0000,0,0.0000,0,0,0,599,0
6677,3.1340,11.4483,0.0035,0.0000,0,0,0.0000,0,0.0000,0,0,0,599,0
6678,3.0552,16.8756,0.0061,0.0000,0,0,0.0000,0,0.0000,0,0,0,817,0
6679,2.9733,22.2190,0.0092,0.0000,0,0,0.0000,0,0.0000,0,0,0,695,0
6680,5.1946,6.2885,0.0035,0.0000,0,0,0.0000,0,0.0000,0,0,0,599,0
6681,3.1340,11.5142,0.0053,0.0000,0,0,0.0000,0,0.0000,0,0,0,599,0
6682,3.0552,16.9034,0.0057,0.0000,0,0,0.0000,0,0.0000,0,0,0,825,0
6683,2.9733,22.3777,0.0051,0.0000,0,0,0.0000,0,0.0000,0,0,0,695,0
6684,5.1946,6.5116,0.0057,0.0000,0,0,0.0000,0,0.0000,0,0,0,599,0
6685,3.1340,11.6482,0.0055,0.0000,0,0,0.0000,0,0.0000,0,0,0,599,0
6686,3.0552,16.9035,0.0047,0.0000,0,0,0.0000,0,0.0000,0,0,0,785,0
6687,2.9733,22.3785,0.0067,0.0000,0,0,0.0000,0,0.0000,0,0,0,706,0
6688,5.1946,6.4132,0.0040,0.0000,0,0,0.0000,0,0.0000,0,0,0,599,0
6689,3.1340,11.4253,0.0043,0.0000,0,0,0.0000,0,0.0000,0,0,0,599,0
6690,3.0552,14.2525,0.0047,0.0000,0,0,0.0000,0,0.0000,0,0,0,755,0
6691,2.9733,19.4657,0.0065,0.0000,0,0,0.0000,0,0.0000,0,0,0,767,0
6692,5.1946,6.6034,0.0089,0.0000,0,0,0.0000,0,0.0000,0,0,0,599,0
6693,3.1340,11.6053,0.0060,0.0000,0,0,0.0000,0,0.0000,0,0,0,599,0
6694,3.0552,16.9170,0.0078,0.0000,0,0,0.0000,0,0.0000,0,0,0,950,0
6695,2.9733,22.2986,0.0056,0.0000,0,0,0.0000,0,0.0000,0,0,0,746,0
6696,5.1946,6.5367,0.0053,0.0000,0,0,0.0000,0,0.0000,0,0,0,599,0
6697,3.1340,11.4916,0.0049,0.0000,0,0,0.0000,0,0.0000,0,0,0,599,0
6698,3.0552,16.8127,0.0058,0.0000,0,0,0.0000,0,0.0000,0,0,0,700,0
6699,2.9733,22.1187,0.0076,0.0000,0,0,0.0000,0,0.0000,0,0,0,799,0
6700,5.1946,6.4120,0.0044,0.0000,0,0,0.0000,0,0.0000,0,0,0,599,0
6701,3.1340,11.5298,0.0054,0.0000,0,0,0.0000,0,0.0000,0,0,0,599,0
6702,3.0552,16.9944,0.0102,0.0000,0,0,0.0000,0,0.0000,0,0,0,697,0
6703,2.9733,22.3734,0.0035,0.0000,0,0,0.0000,0,0.0000,0,0,0,695,0
6704,5.1946,6.4908,0.0059,0.0000,0,0,0.0000,0,0.0000,0,0,0,599,0
6705,3.1340,11.6829,0.0073,0.0000,0,0,0.0000,0,0.0000,0,0,0,599,0
6706,3.0552,16.9634,0.0074,0.0000,0,0,0.0000,0,0.0000,0,0,0,695,0
6707,2.9733,22.5062,0.0078,0.0000,0,0,0.0000,0,0.0000,0,0,0,695,0
6708,5.1946,6.8533,0.0068,0.0000,0,0,0.0000,0,0.0000,0,0,0,599,0
6709,3.1340,11.6252,0.0215,0.0000,0,0,0.0000,0,0.0000,0,0,0,599,0
6710,3.0552,16.3741,0.0055,0.0000,0,0,0.0000,0,0.0000,0,0,0,708,0
6711,2.9733,21.6415,0.0043,0.0000,0,0,0.0000,0,0.0000,0,0,0,695,0
6712,5.1946,6.7032,0.0109,0.0000,0,0,0.0000,0,0.0000,0,0,0,599,0
6713,3.1340,11.6000,0.0103,0.0000,0,0,0.0000,0,0.0000,0,0,0,599,0
6714,3.0552,16.6932,0.0028,0.0000,0,0,0.0000,0,0.0000,0,0,0,715,0
6715,2.9733,22.2399,0.0073,0.0000,0,0,0.0000,0,0.0000,0,0,0,711,0
6716,5.1946,6.6836,0.0055,0.0000,0,0,0.0000,0,0.0000,0,0,0,599,0
6717,3.1340,11.5002,0.0072,0.0000,0,0,0.0000,0,0.0000,0,0,0,599,0
6718,3.0552,16.6876,0.0057,0.0000,0,0,0.0000,0,0.0000,0,0,0,728,0
6719,2.9733,22.0465,0.0061,0.0000,0,0,0.0000,0,0.0000,0,0,0,718,0
6720,5.1946,5.6836,0.0288,0.0000,0,0,0.0000,0,0.0000,0,1,0,105482,0
6721,3.1340,9.8935,0.0330,0.0000,0,0,0.0000,0,0.0000,0,1,0,71919,0
6722,3.0552,14.3113,0.0361,0.0000,0,0,0.0000,0,0.0000,0,1,0,118482,0
6723,2.9733,18.5731,0.0146,0.0000,0,0,0.0000,0,0.0000,0,1,0,121308,0
6724,5.1946,6.6917,0.0149,0.0000,0,0,0.0000,0,0.0000,0,0,0,15863,0
6725,3.1340,11.6316,0.0127,0.0000,0,0,0.0000,0,0.0000,0,0,0,9553,0
6726,3.0552,17.0225,0.0238,0.0000,0,0,0.0000,0,0.0000,0,0,0,18283,0
6727,2.9733,22.3724,0.0311,0.0000,0,0,0.0000,0,0.0000,0,0,0,16957,0
6728,5.1946,6.6048,0.0065,0.0000,0,0,0.0000,0,0.0000,0,0,0,9106,0
6729,3.1340,11.4537,0.0091,0.0000,0,0,0.0000,0,0.0000,0,0,0,3310,0
6730,3.0552,16.5965,0.0282,0.0000,0,0,0.0000,0,0.0000,0,0,0,13242,0
6731,2.9733,21.8643,0.0121,0.0000,0,0,0.0000,0,0.0000,0,0,0,5603,0
6732,5.1946,6.5225,0.0060,0.0000,0,0,0.0000,0,0.0000,0,0,0,7345,0
6733,3.1340,11.6240,0.0114,0.0000,0,0,0.0000,0,0.0000,0,0,0,3453,0
6734,3.0552,16.8859,0.0069,0.0000,0,0,0.0000,0,0.0000,0,0,0,8492,0
6735,2.9733,22.1755,0.0050,0.0000,0,0,0.0000,0,0.0000,0,0,0,5499,0
6736,5.1946,6.4597,0.0061,0.0000,0,0,0.0000,0,0.0000,0,0,0,5064,0
6737,3.1340,11.5030,0.0027,0.0000,0,0,0.0000,0,0.0000,0,0,0,1807,0
6738,3.0552,16.8996,0.0156,0.0000,0,0,0.0000,0,0.0000,0,0,0,7279,0
6739,2.9733,22.1984,0.0069,0.0000,0,0,0.0000,0,0.0000,0,0,0,4910,0
6740,5.1946,6.3858,0.0048,0.0000,0,0,0.0000,0,0.0000,0,0,0,4261,0
6741,3.1340,11.5727,0.0104,0.0000,0,0,0.0000,0,0.0000,0,0,0,1446,0
6742,3.0552,16.8812,0.0056,0.0000,0,0,0.0000,0,0.0000,0,0,0,2044,0
6743,2.9733,22.2620,0.0035,0.0000,0,0,0.0000,0,0.0000,0,0,0,4608,0
6744,5.1946,6.5237,0.0063,0.0000,0,0,0.0000,0,0.0000,0,0,0,3916,0
6745,3.1340,11.5575,0.0055,0.0000,0,0,0.0000,0,0.0000,0,0,0,1368,0
6746,3.0552,16.7762,0.0068,0.0000,0,0,0.0000,0,0.0000,0,0,0,1916,0
6747,2.9733,22.3325,0.0065,0.0000,0,0,0.0000,0,0.0000,0,0,0,4126,0
6748,5.1946,6.5503,0.0074,0.0000,0,0,0.0000,0,0.0000,0,0,0,2949,0
6749,3.1340,11.5908,0.0090,0.0000,0,0,0.0000,0,0.0000,0,0,0,1443,0
6750,3.0552,16.9328,0.0073,0.0000,0,0,0.0000,0,0.0000,0,0,0,2261,0
6751,2.9733,22.3331,0.0113,0.0000,0,0,0.0000,0,0.0000,0,0,0,3675,0
6752,5.1946,6.7092,0.0095,0.0000,0,0,0.0000,0,0.0000,0,0,0,1746,0
6753,3.1340,11.6890,0.0073,0.0000,0,0,0.0000,0,0.0000,0,0,0,1587,0
6754,3.0552,16.7802,0.0109,0.0000,0,0,0.0000,0,0.0000,0,0,0,1787,0
6755,2.9733,22.0233,0.0114,0.0000,0,0,0.0000,0,0.0000,0,0,0,3610,0
6756,5.1946,6.7105,0.0073,0.0000,0,0,0.0000,0,0.0000,0,0,0,1549,0
6757,3.1340,11.4565,0.0034,0.0000,0,0,0.0000,0,0.0000,0,0,0,1578,0
6758,3.0552,16.6474,0.0053,0.0000,0,0,0.0000,0,0.0000,0,0,0,2146,0
6759,2.9733,21.8047,0.0067,0.0000,0,0,0.0000,0,0.0000,0,0,0,1060,0
6760,5.1946,6.4565,0.0043,0.0000,0,0,0.0000,0,0.0000,0,0,0,1191,0
6761,3.1340,11.5283,0.0070,0.0000,0,0,0.0000,0,0.0000,0,0,0,1431,0
6762,3.0552,16.7795,0.0048,0.0000,0,0,0.0000,0,0.0000,0,0,0,1577,0
6763,2.9733,22.1498,0.0043,0.0000,0,0,0.0000,0,0.0000,0,0,0,754,0
6764,5.1946,6.6735,0.0066,0.0000,0,0,0.0000,0,0.0000,0,0,0,1033,0
6765,3.1340,11.5718,0.0107,0.0000,0,0,0.0000,0,0.0000,0,0,0,1325,0
6766,3.0552,16.7236,0.0047,0.0000,0,0,0.0000,0,0.0000,0,0,0,1979,0
6767,2.9733,22.1015,0.0060,0.0000,0,0,0.0000,0,0.0000,0,0,0,835,0
6768,5.1946,6.5784,0.0068,0.0000,0,0,0.0000,0,0.0000,0,0,0,1043,0
6769,3.1340,11.5351,0.0042,0.0000,0,0,0.0000,0,0.0000,0,0,0,1267,0
6770,3.0552,16.6578,0.0071,0.0000,0,0,0.0000,0,0.0000,0,0,0,1429,0
6771,2.9733,22.0080,0.0075,0.0000,0,0,0.0000,0,0.0000,0,0,0,1138,0
6772,5.1946,6.7619,0.0065,0.0000,0,0,0.0000,0,0.0000,0,0,0,846,0
6773,3.1340,11.5914,0.0096,0.0000,0,0,0.0000,0,0.0000,0,0,0,1218,0
6774,3.0552,16.8263,0.0037,0.0000,0,0,0.0000,0,0.0000,0,0,0,1219,0
6775,2.9733,22.3387,0.0064,0.0000,0,0,0.0000,0,0.0000,0,0,0,1728,0
6776,5.1946,6.5533,0.0078,0.0000,0,0,0.0000,0,0.0000,0,0,0,763,0
6777,3.1340,11.3837,0.0040,0.0000,0,0,0.0000,0,0.0000,0,0,0,1111,0
6778,3.0552,16.7411,0.0047,0.0000,0,0,0.0000,0,0.0000,0,0,0,1074,0
6779,2.9733,22.0383,0.0030,0.0000,0,0,0.0000,0,0.0000,0,0,0,1422,0
6780,5.1946,6.2604,0.0027,0.0000,0,0,0.0000,0,0.0000,0,0,0,681,0
6781,3.1340,11.4140,0.0022,0.0000,0,0,0.0000,0,0.0000,0,0,0,1116,0
6782,3.0552,16.7584,0.0064,0.0000,0,0,0.0000,0,0.0000,0,0,0,1772,0
6783,2.9733,22.1111,0.0022,0.0000,0,0,0.0000,0,0.0000,0,0,0,1693,0
6784,5.1946,6.3262,0.0046,0.0000,0,0,0.0000,0,0.0000,0,0,0,635,0
6785,3.1340,11.5545,0.0094,0.0000,0,0,0.0000,0,0.0000,0,0,0,895,0
6786,3.0552,16.8350,0.0034,0.0000,0,0,0.0000,0,0.0000,0,0,0,723,0
6787,2.9733,22.2855,0.0060,0.0000,0,0,0.0000,0,0.0000,0,0,0,714,0
6788,5.1946,6.5782,0.0050,0.0000,0,0,0.0000,0,0.0000,0,0,0,635,0
6789,3.1340,11.4406,0.0054,0.0000,0,0,0.0000,0,0.0000,0,0,0,951,0
6790,3.0552,16.5847,0.0054,0.0000,0,0,0.0000,0,0.0000,0,0,0,695,0
6791,2.9733,21.8208,0.0060,0.0000,0,0,0.0000,0,0.0000,0,0,0,704,0
6792,5.1946,6.4092,0.0100,0.0000,0,0,0.0000,0,0.0000,0,0,0,634,0
6793,3.1340,11.5080,0.0047,0.0000,0,0,0.0000,0,0.0000,0,0,0,874,0
6794,3.0552,16.7693,0.0029,0.0000,0,0,0.0000,0,0.0000,0,0,0,695,0
6795,2.9733,22.3180,0.0095,0.0000,0,0,0.0000,0,0.0000,0,0,0,712,0
6796,5.1946,6.4289,0.0048,0.0000,0,0,0.0000,0,0.0000,0,0,0,623,0
6797,3.1340,11.4207,0.0032,0.0000,0,0,0.0000,0,0.0000,0,0,0,816,0
6798,3.0552,16.7468,0.0053,0.0000,0,0,0.0000,0,0.0000,0,0,0,732,0
6799,2.9733,22.0216,0.0055,0.0000,0,0,0.0000,0,0.0000,0,0,0,790,0
6800,5.1946,6.3514,0.0089,0.0000,0,0,0.0000,0,0.0000,0,0,0,681,0
6801,3.1340,11.5515,0.0052,0.0000,0,0,0.0000,0,0.0000,0,0,0,774,0
6802,3.0552,16.8189,0.0047,0.0000,0,0,0.0000,0,0.0000,0,0,0,806,0
6803,2.9733,22.2817,0.0049,0.0000,0,0,0.0000,0,0.0000,0,0,0,1044,0
6804,5.1946,6.8761,0.0066,0.0000,0,0,0.0000,0,0.0000,0,0,0,640,0
6805,3.1340,11.5415,0.0060,0.0000,0,0,0.0000,0,0.0000,0,0,0,819,0
6806,3.0552,16.9412,0.0048,0.0000,0,0,0.0000,0,0.0000,0,0,0,740,0
6807,2.9733,22.3401,0.0420,0.0000,0,0,0.0000,0,0.0000,0,0,0,871,0
6808,5.1946,6.5238,0.0049,0.0000,0,0,0.0000,0,0.0000,0,0,0,602,0
6809,3.1340,11.3363,0.0061,0.0000,0,0,0.0000,0,0.0000,0,0,0,721,0
6810,3.0552,16.5770,0.0063,0.0000,0,0,0.0000,0,0.0000,0,0,0,1059,0
6811,2.9733,21.8675,0.0043,0.0000,0,0,0.0000,0,0.0000,0,0,0,1253,0
6812,5.1946,6.4612,0.0059,0.0000,0,0,0.0000,0,0.0000,0,0,0,599,0
6813,3.1340,11.5863,0.0056,0.0000,0,0,0.0000,0,0.0000,0,0,0,614,0
6814,3.0552,16.7604,0.0044,0.0000,0,0,0.0000,0,0.0000,0,0,0,928,0
6815,2.9733,22.2817,0.0068,0.0000,0,0,0.0000,0,0.0000,0,0,0,701,0
6816,5.1946,6.5820,0.0052,0.0000,0,0,0.0000,0,0.0000,0,0,0,599,0
6817,3.1340,11.4710,0.0047,0.0000,0,0,0.0000,0,0.0000,0,0,0,599,0
6818,3.0552,17.1745,0.0063,0.0000,0,0,0.0000,0,0.0000,0,0,0,928,0
6819,2.9733,21.8209,0.0056,0.0000,0,0,0.0000,0,0.0000,0,0,0,695,0
6820,5.1946,6.3800,0.0044,0.0000,0,0,0.0000,0,0.0000,0,0,0,599,0
6821,3.1340,12.1738,0.0064,0.0000,0,0,0.0000,0,0.0000,0,0,0,599,0
6822,3.0552,16.8371,0.0095,0.0000,0,0,0.0000,0,0.0000,0,0,0,902,0
6823,2.9733,22.3053,0.0053,0.0000,0,0,0.0000,0,0.0000,0,0,0,701,0
6824,5.1946,6.4756,0.0047,0.0000,0,0,0.0000,0,0.0000,0,0,0,599,0
6825,3.1340,11.4756,0.0048,0.0000,0,0,0.0000,0,0.0000,0,0,0,599,0
6826,3.0552,16.7282,0.0059,0.0000,0,0,0.0000,0,0.0000,0,0,0,1292,0
6827,2.9733,22.0375,0.0059,0.0000,0,0,0.0000,0,0.0000,0,0,0,699,0
6828,5.1946,6.6436,0.0047,0.0000,0,0,0.0000,0,0.0000,0,0,0,599,0
6829,3.1340,11.4330,0.0043,0.0000,0,0,0.0000,0,0.0000,0,0,0,599,0
6830,3.0552,16.6677,0.0049,0.0000,0,0,0.0000,0,0.0000,0,0,0,700,0
6831,2.9733,22.0995,0.0057,0.0000,0,0,0.0000,0,0.0000,0,0,0,789,0
6832,5.1946,6.3150,0.0043,0.0000,0,0,0.0000,0,0.0000,0,0,0,599,0
6833,3.1340,11.3767,0.0046,0.0000,0,0,0.0000,0,0.0000,0,0,0,599,0
6834,3.0552,16.7500,0.0049,0.0000,0,0,0.0000,0,0.0000,0,0,0,695,0
6835,2.9733,22.1699,0.0059,0.0000,0,0,0.0000,0,0.0000,0,0,0,717,0
6836,5.1946,6.4247,0.0062,0.0000,0,0,0.0000,0,0.0000,0,0,0,599,0
6837,3.1340,11.4617,0.0045,0.0000,0,0,0.0000,0,0.0000,0,0,0,599,0
6838,3.0552,16.3676,0.0041,0.0000,0,0,0.0000,0,0.0000,0,0,0,732,0
6839,2.9733,20.7465,0.0088,0.0000,0,0,0.0000,0,0.0000,0,0,0,983,0
6840,5.1946,6.5078,0.0090,0.0000,0,0,0.0000,0,0.0000,0,0,0,599,0
6841,3.1340,11.5846,0.0067,0.0000,0,0,0.0000,0,0.0000,0,0,0,599,0
6842,3.0552,16.8757,0.0060,0.0000,0,0,0.0000,0,0.0000,0,0,0,716,0
6843,2.9733,22.4035,0.0117,0.0000,0,0,0.0000,0,0.0000,0,0,0,701,0
6844,5.1946,6.6360,0.0044,0.0000,0,0,0.0000,0,0.0000,0,0,0,599,0
6845,3.1340,11.2201,0.0040,0.0000,0,0,0.0000,0,0.0000,0,0,0,599,0
6846,3.0552,16.5143,0.0047,0.0000,0,0,0.0000,0,0.0000,0,0,0,801,0
6847,2.9733,21.9454,0.0047,0.0000,0,0,0.0000,0,0.0000,0,0,0,695,0
6848,5.1946,6.2696,0.0035,0.0000,0,0,0.0000,0,0.0000,0,0,0,599,0
6849,3.1340,11.4704,0.0021,0.0000,0,0,0.0000,0,0.0000,0,0,0,599,0
6850,3.0552,16.7286,0.0039,0.0000,0,0,0.0000,0,0.0000,0,0,0,747,0
6851,2.9733,21.9850,0.0022,0.0000,0,0,0.0000,0,0.0000,0,0,0,695,0
6852,5.1946,6.3604,0.0036,0.0000,0,0,0.0000,0,0.0000,0,0,0,599,0
6853,3.1340,11.4790,0.0091,0.0000,0,0,0.0000,0,0.0000,0,0,0,599,0
6854,3.0552,16.7357,0.0037,0.0000,0,0,0.0000,0,0.0000,0,0,0,930,0
6855,2.9733,22.1793,0.0092,0.0000,0,0,0.0000,0,0.0000,0,0,0,712,0
6856,5.1946,6.3765,0.0088,0.0000,0,0,0.0000,0,0.0000,0,0,0,599,0
6857,3.1340,11.4729,0.0042,0.0000,0,0,0.0000,0,0.0000,0,0,0,599,0
6858,3.0552,16.5643,0.0057,0.0000,0,0,0.0000,0,0.0000,0,0,0,767,0
6859,2.9733,20.9445,0.0054,0.0000,0,0,0.0000,0,0.0000,0,0,0,729,0
6860,5.1946,6.4416,0.0047,0.0000,0,0,0.0000,0,0.0000,0,0,0,599,0
6861,3.1340,11.5776,0.0054,0.0000,0,0,0.0000,0,0.0000,0,0,0,599,0
6862,3.0552,16.8510,0.0047,0.0000,0,0,0.0000,0,0.0000,0,0,0,727,0
6863,2.9733,22.3974,0.0065,0.0000,0,0,0.0000,0,0.0000,0,0,0,695,0
6864,5.1946,6.5906,0.0057,0.0000,0,0,0.0000,0,0.0000,0,0,0,599,0
6865,3.1340,11.4553,0.0048,0.0000,0,0,0.0000,0,0.0000,0,0,0,599,0
6866,3.0552,16.8169,0.0058,0.0000,0,0,0.0000,0,0.0000,0,0,0,746,0
6867,2.9733,22.1189,0.0064,0.0000,0,0,0.0000,0,0.0000,0,0,0,821,0
6868,5.1946,6.4660,0.0047,0.0000,0,0,0.0000,0,0.0000,0,0,0,599,0
6869,3.1340,11.5639,0.0101,0.0000,0,0,0.0000,0,0.0000,0,0,0,599,0
6870,3.0552,16.8231,0.0092,0.0000,0,0,0.0000,0,0.0000,0,0,0,1008,0
6871,2.9733,22.1365,0.0033,0.0000,0,0,0.0000,0,0.0000,0,0,0,695,0
6872,5.1946,6.4246,0.0053,0.0000,0,0,0.0000,0,0.0000,0,0,0,599,0
6873,3.1340,11.5020,0.0049,0.0000,0,0,0.0000,0,0.0000,0,0,0,599,0
6874,3.0552,16.7743,0.0045,0.0000,0,0,0.0000,0,0.0000,0,0,0,697,0
6875,2.9733,22.1737,0.0093,0.0000,0,0,0.0000,0,0.0000,0,0,0,695,0
6876,5.1946,6.5760,0.0082,0.0000,0,0,0.0000,0,0.0000,0,0,0,599,0
6877,3.1340,11.5430,0.0104,0.0000,0,0,0.0000,0,0.0000,0,0,0,599,0
6878,3.0552,16.5678,0.0103,0.0000,0,0,0.0000,0,0.0000,0,0,0,695,0
6879,2.9733,21.2692,0.0054,0.0000,0,0,0.0000,0,0.0000,0,0,0,695,0
6880,5.1946,6.4835,0.0061,0.0000,0,0,0.0000,0,0.0000,0,0,0,599,0
6881,3.1340,11.5264,0.0053,0.0000,0,0,0.0000,0,0.0000,0,0,0,599,0
6882,3.0552,16.8054,0.0048,0.0000,0,0,0.0000,0,0.0000,0,0,0,695,0
6883,2.9733,22.2758,0.0197,0.0000,0,0,0.0000,0,0.0000,0,0,0,695,0
6884,5.1946,6.4587,0.0049,0.0000,0,0,0.0000,0,0.0000,0,0,0,599,0
6885,3.1340,11.4327,0.0024,0.0000,0,0,0.0000,0,0.0000,0,0,0,599,0
6886,3.0552,16.7784,0.0050,0.0000,0,0,0.0000,0,0.0000,0,0,0,695,0
6887,2.9733,22.1150,0.0050,0.0000,0,0,0.0000,0,0.0000,0,0,0,718,0
6888,5.1946,6.3596,0.0042,0.0000,0,0,0.0000,0,0.0000,0,0,0,599,0
6889,3.1340,11.5245,0.0059,0.0000,0,0,0.0000,0,0.0000,0,0,0,599,0
6890,3.0552,16.8325,0.0046,0.0000,0,0,0.0000,0,0.0000,0,0,0,705,0
6891,2.9733,22.2743,0.0052,0.0000,0,0,0.0000,0,0.0000,0,0,0,700,0
6892,5.1946,6.5014,0.0057,0.0000,0,0,0.0000,0,0.0000,0,0,0,599,0
6893,3.1340,11.4609,0.0093,0.0000,0,0,0.0000,0,0.0000,0,0,0,599,0
6894,3.0552,16.6850,0.0048,0.0000,0,0,0.0000,0,0.0000,0,0,0,695,0
6895,2.9733,22.1435,0.0065,0.0000,0,0,0.0000,0,0.0000,0,0,0,725,0
6896,5.1946,6.6054,0.0050,0.0000,0,0,0.0000,0,0.0000,0,0,0,599,0
6897,3.1340,11.5149,0.0039,0.0000,0,0,0.0000,0,0.0000,0,0,0,599,0
6898,3.0552,16.8543,0.0073,0.0000,0,0,0.0000,0,0.0000,0,0,0,717,0
6899,2.9733,21.9339,0.0065,0.0000,0,0,0.0000,0,0.0000,0,0,0,695,0
6900,5.1946,6.6135,0.0058,0.0000,0,0,0.0000,0,0.0000,0,0,0,599,0
6901,3.1340,11.6565,0.0068,0.0000,0,0,0.0000,0,0.0000,0,0,0,599,0
6902,3.0552,16.8118,0.0059,0.0000,0,0,0.0000,0,0.0000,0,0,0,720,0
6903,2.9733,22.1438,0.0056,0.0000,0,0,0.0000,0,0.0000,0,0,0,695,0
6904,5.1946,6.4498,0.0053,0.0000,0,0,0.0000,0,0.0000,0,0,0,599,0
6905,3.1340,11.4488,0.0073,0.0000,0,0,0.0000,0,0.0000,0,0,0,599,0
6906,3.0552,16.7609,0.0100,0.0000,0,0,0.0000,0,0.0000,0,0,0,716,0
6907,2.9733,22.1181,0.0049,0.0000,0,0,0.0000,0,0.0000,0,0,0,695,0
6908,5.1946,6.4173,0.0049,0.0000,0,0,0.0000,0,0.0000,0,0,0,599,0
6909,3.1340,11.5430,0.0063,0.0000,0,0,0.0000,0,0.0000,0,0,0,599,0
6910,3.0552,16.8090,0.0050,0.0000,0,0,0.0000,0,0.0000,0,0,0,740,0
6911,2.9733,22.1468,0.0039,0.0000,0,0,0.0000,0,0.0000,0,0,0,695,0
6912,5.1946,6.3000,0.0053,0.0000,0,0,0.0000,0,0.0000,0,0,0,599,0
6913,3.1340,11.5578,0.0040,0.0000,0,0,0.0000,0,0.0000,0,0,0,599,0
6914,3.0552,16.8643,0.0083,0.0000,0,0,0.0000,0,0.0000,0,0,0,836,0
6915,2.9733,22.2908,0.0049,0.0000,0,0,0.0000,0,0.0000,0,0,0,706,0
6916,5.1946,6.7910,0.0056,0.0000,0,0,0.0000,0,0.0000,0,0,0,599,0
6917,3.1340,11.5646,0.0052,0.0000,0,0,0.0000,0,0.0000,0,0,0,599,0
6918,3.0552,16.8133,0.0076,0.0000,0,0,0.0000,0,0.0000,0,0,0,695,0
6919,2.9733,22.0290,0.0060,0.0000,0,0,0.0000,0,0.0000,0,0,0,701,0
6920,5.1946,6.5298,0.0058,0.0000,0,0,0.0000,0,0.0000,0,0,0,599,0
6921,3.1340,11.5611,0.0052,0.0000,0,0,0.0000,0,0.0000,0,0,0,599,0
6922,3.0552,16.7560,0.0038,0.0000,0,0,0.0000,0,0.0000,0,0,0,695,0
6923,2.9733,22.1410,0.0099,0.0000,0,0,0.0000,0,0.0000,0,0,0,699,0
6924,5.1946,6.4126,0.0050,0.0000,0,0,0.0000,0,0.0000,0,0,0,599,0
6925,3.1340,11.4667,0.0074,0.0000,0,0,0.0000,0,0.0000,0,0,0,599,0
6926,3.0552,16.7878,0.0097,0.0000,0,0,0.0000,0,0.0000,0,0,0,695,0
6927,2.9733,22.0514,0.0053,0.0000,0,0,0.0000,0,0.0000,0,0,0,695,0
6928,5.1946,6.4477,0.0045,0.0000,0,0,0.0000,0,0.0000,0,0,0,599,0
6929,3.1340,11.5570,0.0053,0.0000,0,0,0.0000,0,0.0000,0,0,0,599,0
6930,3.0552,16.8910,0.0083,0.0000,0,0,0.0000,0,0.0000,0,0,0,695,0
6931,2.9733,22.3786,0.0051,0.0000,0,0,0.0000,0,0.0000,0,0,0,695,0
6932,5.1946,7.1564,0.0060,0.0000,0,0,0.0000,0,0.0000,0,0,0,599,0
6933,3.1340,11.4473,0.0047,0.0000,0,0,0.0000,0,0.0000,0,0,0,599,0
6934,3.0552,16.7053,0.0049,0.0000,0,0,0.0000,0,0.0000,0,0,0,704,0
6935,2.9733,22.0433,0.0060,0.0000,0,0,0.0000,0,0.0000,0,0,0,695,0
6936,5.1946,6.5210,0.0057,0.0000,0,0,0.0000,0,0.0000,0,0,0,599,0
6937,3.1340,11.5489,0.0103,0.0000,0,0,0.0000,0,0.0000,0,0,0,599,0
6938,3.0552,16.7203,0.0064,0.0000,0,0,0.0000,0,0.0000,0,0,0,708,0
6939,2.9733,21.9720,0.0045,0.0000,0,0,0.0000,0,0.0000,0,0,0,695,0
6940,5.1946,6.5438,0.0062,0.0000,0,0,0.0000,0,0.0000,0,0,0,599,0
6941,3.1340,11.4954,0.0091,0.0000,0,0,0.0000,0,0.0000,0,0,0,599,0
6942,3.0552,16.7139,0.0038,0.0000,0,0,0.0000,0,0.0000,0,0,0,710,0
6943,2.9733,22.2308,0.0065,0.0000,0,0,0.0000,0,0.0000,0,0,0,695,0
6944,5.1946,6.6011,0.0049,0.0000,0,0,0.0000,0,0.0000,0,0,0,599,0
6945,3.1340,11.6855,0.0040,0.0000,0,0,0.0000,0,0.0000,0,0,0,599,0
6946,3.0552,16.9343,0.0057,0.0000,0,0,0.0000,0,0.0000,0,0,0,703,0
6947,2.9733,21.5896,0.0046,0.0000,0,0,0.0000,0,0.0000,0,0,0,695,0
6948,5.1946,6.3825,0.0048,0.0000,0,0,0.0000,0,0.0000,0,0,0,599,0
6949,3.1340,12.0929,0.0053,0.0000,0,0,0.0000,0,0.0000,0,0,0,599,0
6950,3.0552,16.6188,0.0028,0.0000,0,0,0.0000,0,0.0000,0,0,0,695,0
6951,2.9733,21.9724,0.0022,0.0000,0,0,0.0000,0,0.0000,0,0,0,695,0
6952,5.1946,6.3151,0.0046,0.0000,0,0,0.0000,0,0.0000,0,0,0,599,0
6953,3.1340,11.5554,0.0039,0.0000,0,0,0.0000,0,0.0000,0,0,0,599,0
6954,3.0552,16.9463,0.0047,0.0000,0,0,0.0000,0,0.0000,0,0,0,695,0
6955,2.9733,22.4352,0.0065,0.0000,0,0,0.0000,0,0.0000,0,0,0,695,0
6956,5.1946,6.5151,0.0050,0.0000,0,0,0.0000,0,0.0000,0,0,0,599,0
6957,3.1340,11.6139,0.0056,0.0000,0,0,0.0000,0,0.0000,0,0,0,599,0
6958,3.0552,16.8829,0.0051,0.0000,0,0,0.0000,0,0.0000,0,0,0,799,0
6959,2.9733,22.2042,0.0028,0.0000,0,0,0.0000,0,0.0000,0,0,0,695,0
6960,5.1946,5.6783,0.0654,0.0000,0,0,0.0000,0,0.0000,0,1,0,105482,0
6961,3.1340,9.8558,0.0290,0.0000,0,0,0.0000,0,0.0000,0,1,0,71919,0
6962,3.0552,14.0848,0.0083,0.0000,0,0,0.0000,0,0.0000,0,1,0,100728,0
6963,2.9733,18.7041,0.0162,0.0000,0,0,0.0000,0,0.0000,0,1,0,109587,0
6964,5.1946,6.4981,0.0254,0.0000,0,0,0.0000,0,0.0000,0,0,0,15863,0
6965,3.1340,11.5894,0.0093,0.0000,0,0,0.0000,0,0.0000,0,0,0,9553,0
6966,3.0552,17.0342,0.0085,0.0000,0,0,0.0000,0,0.0000,0,0,0,14021,0
6967,2.9733,22.2380,0.0193,0.0000,0,0,0.0000,0,0.0000,0,0,0,22860,0
6968,5.1946,6.3373,0.0053,0.0000,0,0,0.0000,0,0.0000,0,0,0,9106,0
6969,3.1340,11.5470,0.0059,0.0000,0,0,0.0000,0,0.0000,0,0,0,3310,0
6970,3.0552,16.8224,0.0245,0.0000,0,0,0.0000,0,0.0000,0,0,0,16824,0
6971,2.9733,22.2483,0.0252,0.0000,0,0,0.0000,0,0.0000,0,0,0,20305,0
6972,5.1946,6.7010,0.0072,0.0000,0,0,0.0000,0,0.0000,0,0,0,7345,0
6973,3.1340,11.4986,0.0057,0.0000,0,0,0.0000,0,0.0000,0,0,0,3453,0
6974,3.0552,16.6628,0.0103,0.0000,0,0,0.0000,0,0.0000,0,0,0,15486,0
6975,2.9733,21.9963,0.0085,0.0000,0,0,0.0000,0,0.0000,0,0,0,8839,0
6976,5.1946,6.4675,0.0046,0.0000,0,0,0.0000,0,0.0000,0,0,0,5064,0
6977,3.1340,11.5304,0.0045,0.0000,0,0,0.0000,0,0.0000,0,0,0,1807,0
6978,3.0552,16.8675,0.0136,0.0000,0,0,0.0000,0,0.0000,0,0,0,12230,0
6979,2.9733,22.1944,0.0068,0.0000,0,0,0.0000,0,0.0000,0,0,0,7342,0
6980,5.1946,6.4649,0.0054,0.0000,0,0,0.0000,0,0.0000,0,0,0,4261,0
6981,3.1340,11.5867,0.0121,0.0000,0,0,0.0000,0,0.0000,0,0,0,1446,0
6982,3.0552,16.9418,0.0127,0.0000,0,0,0.0000,0,0.0000,0,0,0,8041,0
6983,2.9733,22.3042,0.0092,0.0000,0,0,0.0000,0,0.0000,0,0,0,2243,0
6984,5.1946,6.5925,0.0070,0.0000,0,0,0.0000,0,0.0000,0,0,0,3916,0
6985,3.1340,11.4896,0.0032,0.0000,0,0,0.0000,0,0.0000,0,0,0,1368,0
6986,3.0552,16.7551,0.0065,0.0000,0,0,0.0000,0,0.0000,0,0,0,7441,0
6987,2.9733,21.8725,0.0070,0.0000,0,0,0.0000,0,0.0000,0,0,0,1961,0
6988,5.1946,6.3550,0.0075,0.0000,0,0,0.0000,0,0.0000,0,0,0,2949,0
6989,3.1340,11.5360,0.0058,0.0000,0,0,0.0000,0,0.0000,0,0,0,1443,0
6990,3.0552,16.7436,0.0092,0.0000,0,0,0.0000,0,0.0000,0,0,0,4682,0
6991,2.9733,22.0403,0.0052,0.0000,0,0,0.0000,0,0.0000,0,0,0,1949,0
6992,5.1946,6.5354,0.0097,0.0000,0,0,0.0000,0,0.0000,0,0,0,1746,0
6993,3.1340,11.5025,0.0059,0.0000,0,0,0.0000,0,0.0000,0,0,0,1587,0
6994,3.0552,16.7187,0.0072,0.0000,0,0,0.0000,0,0.0000,0,0,0,3830,0
6995,2.9733,22.1346,0.0071,0.0000,0,0,0.0000,0,0.0000,0,0,0,1561,0
6996,5.1946,6.5727,0.0058,0.0000,0,0,0.0000,0,0.0000,0,0,0,1549,0
6997,3.1340,11.4455,0.0043,0.0000,0,0,0.0000,0,0.0000,0,0,0,1578,0
6998,3.0552,16.6086,0.0054,0.0000,0,0,0.0000,0,0.0000,0,0,0,3348,0
6999,2.9733,21.6838,0.0073,0.0000,0,0,0.0000,0,0.0000,0,0,0,2325,0
7000,5.1946,6.6416,0.0060,0.0000,0,0,0.0000,0,0.0000,0,0,0,1191,0
7001,3.1340,11.5491,0.0057,0.0000,0,0,0.0000,0,0.0000,0,0,0,1431,0
7002,3.0552,16.8183,0.0094,0.0000,0,0,0.0000,0,0.0000,0,0,0,3249,0
7003,2.9733,22.1664,0.0061,0.0000,0,0,0.0000,0,0.0000,0,0,0,1876,0
7004,5.1946,6.3235,0.0044,0.0000,0,0,0.0000,0,0.0000,0,0,0,1033,0
7005,3.1340,11.3230,0.0054,0.0000,0,0,0.0000,0,0.0000,0,0,0,1325,0
7006,3.0552,16.7859,0.0052,0.0000,0,0,0.0000,0,0.0000,0,0,0,995,0
7007,2.9733,22.1127,0.0056,0.0000,0,0,0.0000,0,0.0000,0,0,0,2376,0
7008,5.1946,6.4862,0.0077,0.0000,0,0,0.0000,0,0.0000,0,0,0,1043,0
7009,3.1340,11.6442,0.0070,0.0000,0,0,0.0000,0,0.0000,0,0,0,1267,0
7010,3.0552,16.8881,0.0103,0.0000,0,0,0.0000,0,0.0000,0,0,0,742,0
7011,2.9733,22.2452,0.0053,0.0000,0,0,0.0000,0,0.0000,0,0,0,787,0
7012,5.1946,6.7406,0.0066,0.0000,0,0,0.0000,0,0.0000,0,0,0,846,0
7013,3.1340,11.5113,0.0104,0.0000,0,0,0.0000,0,0.0000,0,0,0,1218,0
7014,3.0552,16.6724,0.0053,0.0000,0,0,0.0000,0,0.0000,0,0,0,791,0
7015,2.9733,21.9458,0.0073,0.0000,0,0,0.0000,0,0.0000,0,0,0,700,0
7016,5.1946,6.4974,0.0059,0.0000,0,0,0.0000,0,0.0000,0,0,0,763,0
7017,3.1340,11.4137,0.0044,0.0000,0,0,0.0000,0,0.0000,0,0,0,1111,0
7018,3.0552,16.5749,0.0054,0.0000,0,0,0.0000,0,0.0000,0,0,0,856,0
7019,2.9733,21.8770,0.0024,0.0000,0,0,0.0000,0,0.0000,0,0,0,710,0
7020,5.1946,6.3785,0.0108,0.0000,0,0,0.0000,0,0.0000,0,0,0,681,0
7021,3.1340,11.5425,0.0044,0.0000,0,0,0.0000,0,0.0000,0,0,0,1116,0
7022,3.0552,16.8602,0.0045,0.0000,0,0,0.0000,0,0.0000,0,0,0,1108,0
7023,2.9733,22.3517,0.0057,0.0000,0,0,0.0000,0,0.0000,0,0,0,910,0
7024,5.1946,6.3178,0.0025,0.0000,0,0,0.0000,0,0.0000,0,0,0,635,0
7025,3.1340,11.4231,0.0052,0.0000,0,0,0.0000,0,0.0000,0,0,0,895,0
7026,3.0552,16.8126,0.0047,0.0000,0,0,0.0000,0,0.0000,0,0,0,1017,0
7027,2.9733,22.2213,0.0097,0.0000,0,0,0.0000,0,0.0000,0,0,0,1349,0
7028,5.1946,6.3312,0.0030,0.0000,0,0,0.0000,0,0.0000,0,0,0,635,0
7029,3.1340,11.5917,0.0051,0.0000,0,0,0.0000,0,0.0000,0,0,0,951,0
7030,3.0552,16.9661,0.0053,0.0000,0,0,0.0000,0,0.0000,0,0,0,1548,0
7031,2.9733,22.3487,0.0076,0.0000,0,0,0.0000,0,0.0000,0,0,0,1172,0
7032,5.1946,6.4403,0.0056,0.0000,0,0,0.0000,0,0.0000,0,0,0,634,0
7033,3.1340,11.5448,0.0053,0.0000,0,0,0.0000,0,0.0000,0,0,0,874,0
7034,3.0552,16.8406,0.0036,0.0000,0,0,0.0000,0,0.0000,0,0,0,1320,0
7035,2.9733,22.2160,0.0109,0.0000,0,0,0.0000,0,0.0000,0,0,0,1733,0
7036,5.1946,6.6154,0.0045,0.0000,0,0,0.0000,0,0.0000,0,0,0,623,0
7037,3.1340,11.6653,0.0049,0.0000,0,0,0.0000,0,0.0000,0,0,0,816,0
7038,3.0552,16.8089,0.0061,0.0000,0,0,0.0000,0,0.0000,0,0,0,1177,0
7039,2.9733,22.1970,0.0061,0.0000,0,0,0.0000,0,0.0000,0,0,0,706,0
7040,5.1946,6.5932,0.0053,0.0000,0,0,0.0000,0,0.0000,0,0,0,681,0
7041,3.1340,11.5165,0.0091,0.0000,0,0,0.0000,0,0.0000,0,0,0,774,0
7042,3.0552,16.7724,0.0055,0.0000,0,0,0.0000,0,0.0000,0,0,0,1043,0
7043,2.9733,22.2342,0.0062,0.0000,0,0,0.0000,0,0.0000,0,0,0,706,0
7044,5.1946,6.4336,0.0053,0.0000,0,0,0.0000,0,0.0000,0,0,0,640,0
7045,3.1340,11.4923,0.0048,0.0000,0,0,0.0000,0,0.0000,0,0,0,819,0
7046,3.0552,16.7922,0.0056,0.0000,0,0,0.0000,0,0.0000,0,0,0,1589,0
7047,2.9733,22.1107,0.0047,0.0000,0,0,0.0000,0,0.0000,0,0,0,695,0
7048,5.1946,6.3769,0.0082,0.0000,0,0,0.0000,0,0.0000,0,0,0,602,0
7049,3.1340,11.6335,0.0055,0.0000,0,0,0.0000,0,0.0000,0,0,0,721,0
7050,3.0552,16.9399,0.0057,0.0000,0,0,0.0000,0,0.0000,0,0,0,738,0
7051,2.9733,22.4219,0.0085,0.0000,0,0,0.0000,0,0.0000,0,0,0,722,0
7052,5.1946,6.4833,0.0060,0.0000,0,0,0.0000,0,0.0000,0,0,0,599,0
7053,3.1340,11.5471,0.0042,0.0000,0,0,0.0000,0,0.0000,0,0,0,614,0
7054,3.0552,16.7842,0.0039,0.0000,0,0,0.0000,0,0.0000,0,0,0,695,0
7055,2.9733,22.1852,0.0083,0.0000,0,0,0.0000,0,0.0000,0,0,0,912,0
7056,5.1946,6.4174,0.0084,0.0000,0,0,0.0000,0,0.0000,0,0,0,599,0
7057,3.1340,11.7201,0.0047,0.0000,0,0,0.0000,0,0.0000,0,0,0,599,0
7058,3.0552,16.9145,0.0050,0.0000,0,0,0.0000,0,0.0000,0,0,0,695,0
7059,2.9733,22.1873,0.0041,0.0000,0,0,0.0000,0,0.0000,0,0,0,853,0
7060,5.1946,6.5361,0.0062,0.0000,0,0,0.0000,0,0.0000,0,0,0,599,0
7061,3.1340,11.6387,0.0393,0.0000,0,0,0.0000,0,0.0000,0,0,0,599,0
7062,3.0552,16.7989,0.0027,0.0000,0,0,0.0000,0,0.0000,0,0,0,695,0
7063,2.9733,22.1783,0.0060,0.0000,0,0,0.0000,0,0.0000,0,0,0,1381,0
7064,5.1946,6.6159,0.0056,0.0000,0,0,0.0000,0,0.0000,0,0,0,599,0
7065,3.1340,11.5000,0.0039,0.0000,0,0,0.0000,0,0.0000,0,0,0,599,0
7066,3.0552,16.7535,0.0061,0.0000,0,0,0.0000,0,0.0000,0,0,0,752,0
7067,2.9733,22.0534,0.0063,0.0000,0,0,0.0000,0,0.0000,0,0,0,700,0
7068,5.1946,6.5715,0.0043,0.0000,0,0,0.0000,0,0.0000,0,0,0,599,0
7069,3.1340,11.4756,0.0050,0.0000,0,0,0.0000,0,0.0000,0,0,0,599,0
7070,3.0552,16.6915,0.0058,0.0000,0,0,0.0000,0,0.0000,0,0,0,706,0
7071,2.9733,21.9911,0.0055,0.0000,0,0,0.0000,0,0.0000,0,0,0,695,0
7072,5.1946,6.6666,0.0054,0.0000,0,0,0.0000,0,0.0000,0,0,0,599,0
7073,3.1340,11.3827,0.0025,0.0000,0,0,0.0000,0,0.0000,0,0,0,599,0
7074,3.0552,16.7370,0.0042,0.0000,0,0,0.0000,0,0.0000,0,0,0,931,0
7075,2.9733,22.0735,0.0064,0.0000,0,0,0.0000,0,0.0000,0,0,0,701,0
7076,5.1946,6.4820,0.0051,0.0000,0,0,0.0000,0,0.0000,0,0,0,599,0
7077,3.1340,11.6073,0.0051,0.0000,0,0,0.0000,0,0.0000,0,0,0,599,0
7078,3.0552,16.7975,0.0063,0.0000,0,0,0.0000,0,0.0000,0,0,0,795,0
7079,2.9733,22.1448,0.0063,0.0000,0,0,0.0000,0,0.0000,0,0,0,703,0
7080,5.1946,6.6797,0.0060,0.0000,0,0,0.0000,0,0.0000,0,0,0,599,0
7081,3.1340,11.6041,0.0061,0.0000,0,0,0.0000,0,0.0000,0,0,0,599,0
7082,3.0552,16.5843,0.0040,0.0000,0,0,0.0000,0,0.0000,0,0,0,786,0
7083,2.9733,22.0140,0.0057,0.0000,0,0,0.0000,0,0.0000,0,0,0,799,0
7084,5.1946,6.4946,0.0051,0.0000,0,0,0.0000,0,0.0000,0,0,0,599,0
7085,3.1340,11.5217,0.0037,0.0000,0,0,0.0000,0,0.0000,0,0,0,599,0
7086,3.0552,16.7946,0.0061,0.0000,0,0,0.0000,0,0.0000,0,0,0,764,0
7087,2.9733,22.1362,0.0059,0.0000,0,0,0.0000,0,0.0000,0,0,0,780,0
7088,5.1946,6.4332,0.0047,0.0000,0,0,0.0000,0,0.0000,0,0,0,599,0
7089,3.1340,11.5474,0.0058,0.0000,0,0,0.0000,0,0.0000,0,0,0,599,0
7090,3.0552,16.9600,0.0063,0.0000,0,0,0.0000,0,0.0000,0,0,0,1139,0
7091,2.9733,22.3279,0.0053,0.0000,0,0,0.0000,0,0.0000,0,0,0,1021,0
7092,5.1946,6.5240,0.0060,0.0000,0,0,0.0000,0,0.0000,0,0,0,599,0
7093,3.1340,11.4517,0.0021,0.0000,0,0,0.0000,0,0.0000,0,0,0,599,0
7094,3.0552,16.8251,0.0052,0.0000,0,0,0.0000,0,0.0000,0,0,0,695,0
7095,2.9733,22.1740,0.0055,0.0000,0,0,0.0000,0,0.0000,0,0,0,695,0
7096,5.1946,6.4090,0.0082,0.0000,0,0,0.0000,0,0.0000,0,0,0,599,0
7097,3.1340,11.4435,0.0045,0.0000,0,0,0.0000,0,0.0000,0,0,0,599,0
7098,3.0552,16.6930,0.0059,0.0000,0,0,0.0000,0,0.0000,0,0,0,695,0
7099,2.9733,21.9735,0.0036,0.0000,0,0,0.0000,0,0.0000,0,0,0,695,0
7100,5.1946,6.4302,0.0057,0.0000,0,0,0.0000,0,0.0000,0,0,0,599,0
7101,3.1340,11.5211,0.0063,0.0000,0,0,0.0000,0,0.0000,0,0,0,599,0
7102,3.0552,16.6795,0.0033,0.0000,0,0,0.0000,0,0.0000,0,0,0,695,0
7103,2.9733,22.1264,0.0057,0.0000,0,0,0.0000,0,0.0000,0,0,0,695,0
7104,5.1946,6.4643,0.0050,0.0000,0,0,0.0000,0,0.0000,0,0,0,599,0
7105,3.1340,11.4484,0.0038,0.0000,0,0,0.0000,0,0.0000,0,0,0,599,0
7106,3.0552,16.5003,0.0063,0.0000,0,0,0.0000,0,0.0000,0,0,0,695,0
7107,2.9733,21.6300,0.0060,0.0000,0,0,0.0000,0,0.0000,0,0,0,695,0
7108,5.1946,6.4749,0.0044,0.0000,0,0,0.0000,0,0.0000,0,0,0,599,0
7109,3.1340,11.5427,0.0211,0.0000,0,0,0.0000,0,0.0000,0,0,0,599,0
7110,3.0552,16.8322,0.0057,0.0000,0,0,0.0000,0,0.0000,0,0,0,724,0
7111,2.9733,22.1808,0.0049,0.0000,0,0,0.0000,0,0.0000,0,0,0,746,0
7112,5.1946,6.5215,0.0057,0.0000,0,0,0.0000,0,0.0000,0,0,0,599,0
7113,3.1340,11.3964,0.0029,0.0000,0,0,0.0000,0,0.0000,0,0,0,599,0
7114,3.0552,16.7656,0.0045,0.0000,0,0,0.0000,0,0.0000,0,0,0,695,0
7115,2.9733,22.0675,0.0065,0.0000,0,0,0.0000,0,0.0000,0,0,0,712,0
7116,5.1946,6.4018,0.0082,0.0000,0,0,0.0000,0,0.0000,0,0,0,599,0
7117,3.1340,11.4548,0.0043,0.0000,0,0,0.0000,0,0.0000,0,0,0,599,0
7118,3.0552,16.6791,0.0054,0.0000,0,0,0.0000,0,0.0000,0,0,0,756,0
7119,2.9733,21.9161,0.0061,0.0000,0,0,0.0000,0,0.0000,0,0,0,812,0
7120,5.1946,6.4381,0.0051,0.0000,0,0,0.0000,0,0.0000,0,0,0,599,0
7121,3.1340,11.5147,0.0057,0.0000,0,0,0.0000,0,0.0000,0,0,0,599,0
7122,3.0552,16.7082,0.0035,0.0000,0,0,0.0000,0,0.0000,0,0,0,749,0
7123,2.9733,22.0366,0.0037,0.0000,0,0,0.0000,0,0.0000,0,0,0,734,0
7124,5.1946,6.4834,0.0059,0.0000,0,0,0.0000,0,0.0000,0,0,0,599,0
7125,3.1340,11.5370,0.0041,0.0000,0,0,0.0000,0,0.0000,0,0,0,599,0
7126,3.0552,17.0652,0.0060,0.0000,0,0,0.0000,0,0.0000,0,0,0,715,0
7127,2.9733,22.2875,0.0057,0.0000,0,0,0.0000,0,0.0000,0,0,0,695,0
7128,5.1946,6.4804,0.0045,0.0000,0,0,0.0000,0,0.0000,0,0,0,599,0
7129,3.1340,11.5518,0.0055,0.0000,0,0,0.0000,0,0.0000,0,0,0,599,0
7130,3.0552,16.9296,0.0056,0.0000,0,0,0.0000,0,0.0000,0,0,0,709,0
7131,2.9733,22.2093,0.0040,0.0000,0,0,0.0000,0,0.0000,0,0,0,695,0
7132,5.1946,6.4752,0.0090,0.0000,0,0,0.0000,0,0.0000,0,0,0,599,0
7133,3.1340,11.4494,0.0032,0.0000,0,0,0.0000,0,0.0000,0,0,0,599,0
7134,3.0552,16.8649,0.0059,0.0000,0,0,0.0000,0,0.0000,0,0,0,863,0
7135,2.9733,22.2134,0.0066,0.0000,0,0,0.0000,0,0.0000,0,0,0,702,0
7136,5.1946,6.3859,0.0031,0.0000,0,0,0.0000,0,0.0000,0,0,0,599,0
7137,3.1340,11.5503,0.0056,0.0000,0,0,0.0000,0,0.0000,0,0,0,599,0
7138,3.0552,16.8446,0.0056,0.0000,0,0,0.0000,0,0.0000,0,0,0,695,0
7139,2.9733,22.0742,0.0026,0.0000,0,0,0.0000,0,0.0000,0,0,0,743,0
7140,5.1946,6.5443,0.0060,0.0000,0,0,0.0000,0,0.0000,0,0,0,599,0
7141,3.1340,11.5582,0.0061,0.0000,0,0,0.0000,0,0.0000,0,0,0,599,0
7142,3.0552,16.7582,0.0064,0.0000,0,0,0.0000,0,0.0000,0,0,0,695,0
7143,2.9733,22.1075,0.0063,0.0000,0,0,0.0000,0,0.0000,0,0,0,738,0
7144,5.1946,6.5768,0.0084,0.0000,0,0,0.0000,0,0.0000,0,0,0,599,0
7145,3.1340,11.3799,0.0077,0.0000,0,0,0.0000,0,0.0000,0,0,0,599,0
7146,3.0552,16.1693,0.0053,0.0000,0,0,0.0000,0,0.0000,0,0,0,695,0
7147,2.9733,21.4854,0.0060,0.0000,0,0,0.0000,0,0.0000,0,0,0,788,0
7148,5.1946,6.6098,0.0051,0.0000,0,0,0.0000,0,0.0000,0,0,0,599,0
7149,3.1340,11.5828,0.0055,0.0000,0,0,0.0000,0,0.0000,0,0,0,599,0
7150,3.0552,16.7537,0.0039,0.0000,0,0,0.0000,0,0.0000,0,0,0,695,0
7151,2.9733,22.1028,0.0096,0.0000,0,0,0.0000,0,0.0000,0,0,0,695,0
7152,5.1946,6.5522,0.0054,0.0000,0,0,0.0000,0,0.0000,0,0,0,599,0
7153,3.1340,11.5121,0.0045,0.0000,0,0,0.0000,0,0.0000,0,0,0,599,0
7154,3.0552,16.7764,0.0052,0.0000,0,0,0.0000,0,0.0000,0,0,0,695,0
7155,2.9733,22.0484,0.0055,0.0000,0,0,0.0000,0,0.0000,0,0,0,695,0
7156,5.1946,6.3432,0.0034,0.0000,0,0,0.0000,0,0.0000,0,0,0,599,0
7157,3.1340,11.4523,0.0047,0.0000,0,0,0.0000,0,0.0000,0,0,0,599,0
7158,3.0552,16.7950,0.0044,0.0000,0,0,0.0000,0,0.0000,0,0,0,695,0
7159,2.9733,22.1368,0.0075,0.0000,0,0,0.0000,0,0.0000,0,0,0,705,0
7160,5.1946,6.2846,0.0048,0.0000,0,0,0.0000,0,0.0000,0,0,0,599,0
7161,3.1340,11.4474,0.0049,0.0000,0,0,0.0000,0,0.0000,0,0,0,599,0
7162,3.0552,16.8100,0.0037,0.0000,0,0,0.0000,0,0.0000,0,0,0,706,0
7163,2.9733,22.2197,0.0050,0.0000,0,0,0.0000,0,0.0000,0,0,0,725,0
7164,5.1946,6.3665,0.0090,0.0000,0,0,0.0000,0,0.0000,0,0,0,599,0
7165,3.1340,11.5187,0.0033,0.0000,0,0,0.0000,0,0.0000,0,0,0,599,0
7166,3.0552,16.8448,0.0050,0.0000,0,0,0.0000,0,0.0000,0,0,0,714,0
7167,2.9733,22.4785,0.0070,0.0000,0,0,0.0000,0,0.0000,0,0,0,746,0
7168,5.1946,6.6764,0.0056,0.0000,0,0,0.0000,0,0.0000,0,0,0,599,0
7169,3.1340,11.6053,0.0066,0.0000,0,0,0.0000,0,0.0000,0,0,0,599,0
7170,3.0552,16.6980,0.0056,0.0000,0,0,0.0000,0,0.0000,0,0,0,697,0
7171,2.9733,21.9804,0.0071,0.0000,0,0,0.0000,0,0.0000,0,0,0,721,0
7172,5.1946,6.6510,0.0058,0.0000,0,0,0.0000,0,0.0000,0,0,0,599,0
7173,3.1340,11.4340,0.0043,0.0000,0,0,0.0000,0,0.0000,0,0,0,599,0
7174,3.0552,16.5941,0.0047,0.0000,0,0,0.0000,0,0.0000,0,0,0,695,0
7175,2.9733,21.8053,0.0045,0.0000,0,0,0.0000,0,0.0000,0,0,0,758,0
7176,5.1946,6.2405,0.0040,0.0000,0,0,0.0000,0,0.0000,0,0,0,599,0
7177,3.1340,11.4409,0.0039,0.0000,0,0,0.0000,0,0.0000,0,0,0,599,0
7178,3.0552,16.7989,0.0040,0.0000,0,0,0.0000,0,0.0000,0,0,0,781,0
7179,2.9733,22.3162,0.0089,0.0000,0,0,0.0000,0,0.0000,0,0,0,695,0
7180,5.1946,6.4825,0.0058,0.0000,0,0,0.0000,0,0.0000,0,0,0,599,0
7181,3.1340,11.5185,0.0098,0.0000,0,0,0.0000,0,0.0000,0,0,0,599,0
7182,3.0552,16.8714,0.0047,0.0000,0,0,0.0000,0,0.0000,0,0,0,695,0
7183,2.9733,22.2813,0.0059,0.0000,0,0,0.0000,0,0.0000,0,0,0,695,0
7184,5.1946,6.4636,0.0055,0.0000,0,0,0.0000,0,0.0000,0,0,0,599,0
7185,3.1340,11.5532,0.0088,0.0000,0,0,0.0000,0,0.0000,0,0,0,599,0
7186,3.0552,16.8527,0.0056,0.0000,0,0,0.0000,0,0.0000,0,0,0,695,0
7187,2.9733,22.2920,0.0032,0.0000,0,0,0.0000,0,0.0000,0,0,0,695,0
7188,5.1946,6.5557,0.0049,0.0000,0,0,0.0000,0,0.0000,0,0,0,599,0
7189,3.1340,11.5955,0.0096,0.0000,0,0,0.0000,0,0.0000,0,0,0,599,0
7190,3.0552,16.8761,0.0060,0.0000,0,0,0.0000,0,0.0000,0,0,0,695,0
7191,2.9733,22.3373,0.0101,0.0000,0,0,0.0000,0,0.0000,0,0,0,695,0
7192,5.1946,6.4167,0.0052,0.0000,0,0,0.0000,0,0.0000,0,0,0,599,0
7193,3.1340,11.4083,0.0036,0.0000,0,0,0.0000,0,0.0000,0,0,0,599,0
7194,3.0552,16.8483,0.0061,0.0000,0,0,0.0000,0,0.0000,0,0,0,695,0
7195,2.9733,22.3492,0.0056,0.0000,0,0,0.0000,0,0.0000,0,0,0,716,0
7196,5.1946,6.4097,0.0095,0.0000,0,0,0.0000,0,0.0000,0,0,0,599,0
7197,3.1340,11.7079,0.0053,0.0000,0,0,0.0000,0,0.0000,0,0,0,599,0
7198,3.0552,17.1455,0.0070,0.0000,0,0,0.0000,0,0.0000,0,0,0,695,0
7199,2.9733,22.6190,0.0056,0.0000,0,0,0.0000,0,0.0000,0,0,0,707,0
