frame_id,generate_ms,encode_latency_ms,payload_extract_ms,enqueue_ms,queue_depth,dropped_before,send_ms,bytes_sent,frame_age_at_send_ms,send_failed,keyframe,sender_dropped,payload_bytes,status
0,7.1995,85.5842,0.0323,0.0000,0,0,0.0000,0,0.0000,0,1,0,94044,0
1,5.8987,27.5616,0.0083,0.0000,0,0,0.0000,0,0.0000,0,0,0,23403,0
2,5.7190,30.3989,0.0047,0.0000,0,0,0.0000,0,0.0000,0,0,0,10690,0
3,5.2566,33.7439,0.0043,0.0000,0,0,0.0000,0,0.0000,0,0,0,15774,0
4,4.9926,37.4066,0.0082,0.0000,0,0,0.0000,0,0.0000,0,0,0,30246,0
5,5.2282,38.4839,0.0029,0.0000,0,0,0.0000,0,0.0000,0,0,0,14721,0
6,5.0920,39.9127,0.0025,0.0000,0,0,0.0000,0,0.0000,0,0,0,8016,0
7,5.4075,28.9025,0.0019,0.0000,0,0,0.0000,0,0.0000,0,0,0,4182,0
8,5.7110,21.2565,0.0035,0.0000,0,0,0.0000,0,0.0000,0,0,0,13829,0
9,5.8271,12.9590,0.0020,0.0000,0,0,0.0000,0,0.0000,0,0,0,2295,0
10,5.7354,11.8348,0.0018,0.0000,0,0,0.0000,0,0.0000,0,0,0,1829,0
11,5.8409,11.9915,0.0022,0.0000,0,0,0.0000,0,0.0000,0,0,0,1921,0
12,5.8881,12.0138,0.0025,0.0000,0,0,0.0000,0,0.0000,0,0,0,10767,0
13,5.7683,11.9821,0.0026,0.0000,0,0,0.0000,0,0.0000,0,0,0,3414,0
14,5.7343,11.9592,0.0022,0.0000,0,0,0.0000,0,0.0000,0,0,0,3074,0
15,5.8399,11.9701,0.0023,0.0000,0,0,0.0000,0,0.0000,0,0,0,2826,0
16,5.7476,12.0223,0.0027,0.0000,0,0,0.0000,0,0.0000,0,0,0,12230,0
17,5.8295,12.0378,0.0025,0.0000,0,0,0.0000,0,0.0000,0,0,0,4266,0
18,5.7741,11.9448,0.0024,0.0000,0,0,0.0000,0,0.0000,0,0,0,3073,0
19,5.8876,12.0365,0.0027,0.0000,0,0,0.0000,0,0.0000,0,0,0,2570,0
20,5.9105,12.0724,0.0033,0.0000,0,0,0.0000,0,0.0000,0,0,0,11368,0
21,5.8534,12.0767,0.0031,0.0000,0,0,0.0000,0,0.0000,0,0,0,2216,0
22,5.8061,12.1593,0.0033,0.0000,0,0,0.0000,0,0.0000,0,0,0,1985,0
23,5.9467,11.9648,0.0024,0.0000,0,0,0.0000,0,0.0000,0,0,0,2043,0
24,5.7405,12.0030,0.0025,0.0000,0,0,0.0000,0,0.0000,0,0,0,11220,0
25,5.7698,11.8975,0.0020,0.0000,0,0,0.0000,0,0.0000,0,0,0,1695,0
26,5.8428,11.8951,0.0030,0.0000,0,0,0.0000,0,0.0000,0,0,0,1762,0
27,5.1110,11.5700,0.0031,0.0000,0,0,0.0000,0,0.0000,0,0,0,1782,0
28,4.6495,11.7237,0.0037,0.0000,0,0,0.0000,0,0.0000,0,0,0,10905,0
29,4.6194,11.5985,0.0029,0.0000,0,0,0.0000,0,0.0000,0,0,0,2363,0
30,4.5251,11.8330,0.0048,0.0000,0,0,0.0000,0,0.0000,0,0,0,2350,0
31,4.6971,11.9248,0.0020,0.0000,0,0,0.0000,0,0.0000,0,0,0,2365,0
32,5.3802,11.9888,0.0024,0.0000,0,0,0.0000,0,0.0000,0,0,0,9920,0
33,5.6949,11.7029,0.0020,0.0000,0,0,0.0000,0,0.0000,0,0,0,2969,0
34,5.5996,11.9262,0.0025,0.0000,0,0,0.0000,0,0.0000,0,0,0,2525,0
35,5.6217,12.1532,0.0021,0.0000,0,0,0.0000,0,0.0000,0,0,0,1946,0
36,5.7126,11.6735,0.0028,0.0000,0,0,0.0000,0,0.0000,0,0,0,11487,0
37,5.7421,11.9380,0.0025,0.0000,0,0,0.0000,0,0.0000,0,0,0,2727,0
38,5.8335,11.9165,0.0018,0.0000,0,0,0.0000,0,0.0000,0,0,0,2666,0
39,5.8538,11.7290,0.0020,0.0000,0,0,0.0000,0,0.0000,0,0,0,2736,0
40,5.8711,11.8464,0.0027,0.0000,0,0,0.0000,0,0.0000,0,0,0,10866,0
41,5.8525,11.7250,0.0020,0.0000,0,0,0.0000,0,0.0000,0,0,0,2100,0
42,5.8552,11.7387,0.0019,0.0000,0,0,0.0000,0,0.0000,0,0,0,2321,0
43,5.7644,11.8928,0.0018,0.0000,0,0,0.0000,0,0.0000,0,0,0,2478,0
44,5.8264,11.8281,0.0023,0.0000,0,0,0.0000,0,0.0000,0,0,0,10655,0
45,5.7085,11.8632,0.0041,0.0000,0,0,0.0000,0,0.0000,0,0,0,3774,0
46,5.9767,11.7827,0.0025,0.0000,0,0,0.0000,0,0.0000,0,0,0,2591,0
47,5.7905,11.6746,0.0028,0.0000,0,0,0.0000,0,0.0000,0,0,0,2574,0
48,5.7133,12.1506,0.0057,0.0000,0,0,0.0000,0,0.0000,0,0,0,12607,0
49,5.7760,11.9135,0.0027,0.0000,0,0,0.0000,0,0.0000,0,0,0,3732,0
50,5.8012,12.0678,0.0025,0.0000,0,0,0.0000,0,0.0000,0,0,0,2912,0
51,5.9115,12.0416,0.0025,0.0000,0,0,0.0000,0,0.0000,0,0,0,2729,0
52,5.9347,11.8810,0.0030,0.0000,0,0,0.0000,0,0.0000,0,0,0,12265,0
53,5.8222,12.0823,0.0029,0.0000,0,0,0.0000,0,0.0000,0,0,0,2891,0
54,5.7570,11.8364,0.0026,0.0000,0,0,0.0000,0,0.0000,0,0,0,2820,0
55,5.6300,11.8609,0.0024,0.0000,0,0,0.0000,0,0.0000,0,0,0,2971,0
56,5.7087,11.7787,0.0032,0.0000,0,0,0.0000,0,0.0000,0,0,0,12392,0
57,5.7238,11.8897,0.0022,0.0000,0,0,0.0000,0,0.0000,0,0,0,2336,0
58,5.7284,11.8307,0.0021,0.0000,0,0,0.0000,0,0.0000,0,0,0,2461,0
59,5.8282,11.7348,0.0021,0.0000,0,0,0.0000,0,0.0000,0,0,0,2559,0
60,5.8696,11.3265,0.0419,0.0000,0,0,0.0000,0,0.0000,0,1,0,172064,0
61,5.9223,11.9708,0.0071,0.0000,0,0,0.0000,0,0.0000,0,0,0,24597,0
62,5.8783,11.8806,0.0068,0.0000,0,0,0.0000,0,0.0000,0,0,0,27587,0
63,5.7549,11.8214,0.0087,0.0000,0,0,0.0000,0,0.0000,0,0,0,15557,0
64,5.8705,11.9298,0.0049,0.0000,0,0,0.0000,0,0.0000,0,0,0,19581,0
65,5.8542,11.8991,0.0025,0.0000,0,0,0.0000,0,0.0000,0,0,0,8998,0
66,5.8273,11.8898,0.0024,0.0000,0,0,0.0000,0,0.0000,0,0,0,7453,0
67,5.7667,11.9071,0.0019,0.0000,0,0,0.0000,0,0.0000,0,0,0,2518,0
68,5.8175,11.9398,0.0028,0.0000,0,0,0.0000,0,0.0000,0,0,0,13437,0
69,5.9538,11.9885,0.0021,0.0000,0,0,0.0000,0,0.0000,0,0,0,1585,0
70,5.9342,12.0482,0.0025,0.0000,0,0,0.0000,0,0.0000,0,0,0,1954,0
71,5.7742,11.9589,0.0020,0.0000,0,0,0.0000,0,0.0000,0,0,0,2148,0
72,5.8745,11.9964,0.0030,0.0000,0,0,0.0000,0,0.0000,0,0,0,10455,0
73,5.7375,11.7719,0.0021,0.0000,0,0,0.0000,0,0.0000,0,0,0,1673,0
74,5.8483,11.7383,0.0019,0.0000,0,0,0.0000,0,0.0000,0,0,0,1642,0
75,5.7734,11.8252,0.0020,0.0000,0,0,0.0000,0,0.0000,0,0,0,1609,0
76,5.7092,11.9568,0.0024,0.0000,0,0,0.0000,0,0.0000,0,0,0,9949,0
77,5.5995,11.8087,0.0022,0.0000,0,0,0.0000,0,0.0000,0,0,0,3803,0
78,5.5517,11.9024,0.0019,0.0000,0,0,0.0000,0,0.0000,0,0,0,1626,0
79,5.5047,12.0858,0.0022,0.0000,0,0,0.0000,0,0.0000,0,0,0,1812,0
80,5.6622,11.8909,0.0027,0.0000,0,0,0.0000,0,0.0000,0,0,0,11584,0
81,5.6674,11.8424,0.0023,0.0000,0,0,0.0000,0,0.0000,0,0,0,3299,0
82,5.8312,11.9345,0.0021,0.0000,0,0,0.0000,0,0.0000,0,0,0,2084,0
83,5.6699,11.6652,0.0020,0.0000,0,0,0.0000,0,0.0000,0,0,0,1930,0
84,5.7939,11.8609,0.0032,0.0000,0,0,0.0000,0,0.0000,0,0,0,11548,0
85,5.7849,11.7180,0.0023,0.0000,0,0,0.0000,0,0.0000,0,0,0,1822,0
86,5.8326,11.7949,0.0018,0.0000,0,0,0.0000,0,0.0000,0,0,0,1666,0
87,5.7773,11.7815,0.0020,0.0000,0,0,0.0000,0,0.0000,0,0,0,1718,0
88,5.6619,11.6720,0.0033,0.0000,0,0,0.0000,0,0.0000,0,0,0,11293,0
89,5.7082,11.5663,0.0020,0.0000,0,0,0.0000,0,0.0000,0,0,0,1706,0
90,5.6271,11.5828,0.0025,0.0000,0,0,0.0000,0,0.0000,0,0,0,1605,0
91,5.8228,11.8205,0.0025,0.0000,0,0,0.0000,0,0.0000,0,0,0,1592,0
92,5.6797,11.7553,0.0033,0.0000,0,0,0.0000,0,0.0000,0,0,0,10726,0
93,5.6982,11.7534,0.0022,0.0000,0,0,0.0000,0,0.0000,0,0,0,2506,0
94,5.6518,11.9642,0.0027,0.0000,0,0,0.0000,0,0.0000,0,0,0,2652,0
95,5.3693,11.7707,0.0024,0.0000,0,0,0.0000,0,0.0000,0,0,0,2418,0
96,5.4928,11.6705,0.0093,0.0000,0,0,0.0000,0,0.0000,0,0,0,34839,0
97,5.6018,11.7692,0.0024,0.0000,0,0,0.0000,0,0.0000,0,0,0,4355,0
98,5.8274,11.7656,0.0021,0.0000,0,0,0.0000,0,0.0000,0,0,0,2518,0
99,5.8184,11.7330,0.0021,0.0000,0,0,0.0000,0,0.0000,0,0,0,1844,0
100,5.7141,11.7060,0.0028,0.0000,0,0,0.0000,0,0.0000,0,0,0,11369,0
101,5.6478,11.7187,0.0020,0.0000,0,0,0.0000,0,0.0000,0,0,0,3025,0
102,5.5900,11.9490,0.0019,0.0000,0,0,0.0000,0,0.0000,0,0,0,2500,0
103,5.6880,11.7104,0.0023,0.0000,0,0,0.0000,0,0.0000,0,0,0,2478,0
104,5.7814,11.8361,0.0031,0.0000,0,0,0.0000,0,0.0000,0,0,0,10884,0
105,5.7167,11.7608,0.0019,0.0000,0,0,0.0000,0,0.0000,0,0,0,2000,0
106,5.7859,11.7345,0.0021,0.0000,0,0,0.0000,0,0.0000,0,0,0,2013,0
107,5.7205,11.7376,0.0023,0.0000,0,0,0.0000,0,0.0000,0,0,0,2048,0
108,5.6312,11.7895,0.0182,0.0000,0,0,0.0000,0,0.0000,0,0,0,10531,0
109,5.5697,11.7355,0.0022,0.0000,0,0,0.0000,0,0.0000,0,0,0,3356,0
110,5.6627,11.7486,0.0020,0.0000,0,0,0.0000,0,0.0000,0,0,0,2273,0
111,5.7858,11.7327,0.0023,0.0000,0,0,0.0000,0,0.0000,0,0,0,2588,0
112,5.6970,11.8922,0.0028,0.0000,0,0,0.0000,0,0.0000,0,0,0,12704,0
113,5.7901,11.6932,0.0021,0.0000,0,0,0.0000,0,0.0000,0,0,0,3839,0
114,5.7304,11.6727,0.0020,0.0000,0,0,0.0000,0,0.0000,0,0,0,2965,0
115,5.6651,11.8456,0.0023,0.0000,0,0,0.0000,0,0.0000,0,0,0,3060,0
116,5.7419,11.8707,0.0030,0.0000,0,0,0.0000,0,0.0000,0,0,0,12437,0
117,5.6723,11.7081,0.0024,0.0000,0,0,0.0000,0,0.0000,0,0,0,2988,0
118,5.8153,11.7795,0.0022,0.0000,0,0,0.0000,0,0.0000,0,0,0,3042,0
119,5.6703,11.6851,0.0023,0.0000,0,0,0.0000,0,0.0000,0,0,0,3181,0
120,5.7485,10.4240,0.0302,0.0000,0,0,0.0000,0,0.0000,0,1,0,168651,0
121,5.7648,11.8155,0.0062,0.0000,0,0,0.0000,0,0.0000,0,0,0,21641,0
122,5.7617,11.7125,0.0030,0.0000,0,0,0.0000,0,0.0000,0,0,0,14439,0
123,5.6964,11.7880,0.0022,0.0000,0,0,0.0000,0,0.0000,0,0,0,10611,0
124,5.7967,11.7370,0.0028,0.0000,0,0,0.0000,0,0.0000,0,0,0,15398,0
125,5.7075,11.7026,0.0024,0.0000,0,0,0.0000,0,0.0000,0,0,0,6980,0
126,5.6288,11.8006,0.0021,0.0000,0,0,0.0000,0,0.0000,0,0,0,5458,0
127,5.7725,11.9551,0.0020,0.0000,0,0,0.0000,0,0.0000,0,0,0,4438,0
128,5.6567,11.5919,0.0027,0.0000,0,0,0.0000,0,0.0000,0,0,0,10658,0
129,5.7474,12.0313,0.0022,0.0000,0,0,0.0000,0,0.0000,0,0,0,3612,0
130,5.6771,11.6525,0.0024,0.0000,0,0,0.0000,0,0.0000,0,0,0,2887,0
131,5.7651,11.5356,0.0018,0.0000,0,0,0.0000,0,0.0000,0,0,0,1432,0
132,5.6755,11.6606,0.0027,0.0000,0,0,0.0000,0,0.0000,0,0,0,9725,0
133,5.6084,11.5972,0.0018,0.0000,0,0,0.0000,0,0.0000,0,0,0,3245,0
134,5.7403,11.9266,0.0017,0.0000,0,0,0.0000,0,0.0000,0,0,0,1547,0
135,5.6386,11.6869,0.0016,0.0000,0,0,0.0000,0,0.0000,0,0,0,1638,0
136,5.7214,11.7617,0.0022,0.0000,0,0,0.0000,0,0.0000,0,0,0,9715,0
137,5.6964,11.8818,0.0017,0.0000,0,0,0.0000,0,0.0000,0,0,0,1705,0
138,5.8010,11.9375,0.0018,0.0000,0,0,0.0000,0,0.0000,0,0,0,1347,0
139,5.7948,11.7370,0.0020,0.0000,0,0,0.0000,0,0.0000,0,0,0,1352,0
140,5.8201,11.7453,0.0025,0.0000,0,0,0.0000,0,0.0000,0,0,0,11472,0
141,5.7629,11.8914,0.0015,0.0000,0,0,0.0000,0,0.0000,0,0,0,1953,0
142,5.7691,11.9298,0.0017,0.0000,0,0,0.0000,0,0.0000,0,0,0,1748,0
143,5.8304,11.8059,0.0029,0.0000,0,0,0.0000,0,0.0000,0,0,0,2281,0
144,5.8110,11.7127,0.0069,0.0000,0,0,0.0000,0,0.0000,0,0,0,12329,0
145,5.8010,11.6765,0.0022,0.0000,0,0,0.0000,0,0.0000,0,0,0,3806,0
146,5.8347,11.7027,0.0025,0.0000,0,0,0.0000,0,0.0000,0,0,0,2115,0
147,5.2904,11.9309,0.0020,0.0000,0,0,0.0000,0,0.0000,0,0,0,2018,0
148,5.4424,11.8983,0.0030,0.0000,0,0,0.0000,0,0.0000,0,0,0,11960,0
149,5.5598,11.6110,0.0014,0.0000,0,0,0.0000,0,0.0000,0,0,0,2445,0
150,5.7131,12.1915,0.0020,0.0000,0,0,0.0000,0,0.0000,0,0,0,2019,0
151,5.5827,11.4548,0.0020,0.0000,0,0,0.0000,0,0.0000,0,0,0,2087,0
152,5.6909,12.0433,0.0027,0.0000,0,0,0.0000,0,0.0000,0,0,0,11434,0
153,5.7059,11.6885,0.0015,0.0000,0,0,0.0000,0,0.0000,0,0,0,2331,0
154,5.7373,11.7368,0.0020,0.0000,0,0,0.0000,0,0.0000,0,0,0,1604,0
155,5.5705,11.9295,0.0022,0.0000,0,0,0.0000,0,0.0000,0,0,0,1922,0
156,5.7956,12.0228,0.0026,0.0000,0,0,0.0000,0,0.0000,0,0,0,11167,0
157,5.6987,11.9870,0.0020,0.0000,0,0,0.0000,0,0.0000,0,0,0,2905,0
158,5.6855,11.7063,0.0016,0.0000,0,0,0.0000,0,0.0000,0,0,0,2639,0
159,5.6066,11.6908,0.0020,0.0000,0,0,0.0000,0,0.0000,0,0,0,2693,0
160,5.6928,11.6128,0.0022,0.0000,0,0,0.0000,0,0.0000,0,0,0,10103,0
161,5.6484,11.7312,0.0020,0.0000,0,0,0.0000,0,0.0000,0,0,0,3332,0
162,5.7776,11.7652,0.0018,0.0000,0,0,0.0000,0,0.0000,0,0,0,2976,0
163,5.7970,11.8253,0.0018,0.0000,0,0,0.0000,0,0.0000,0,0,0,2279,0
164,5.8366,11.9338,0.0025,0.0000,0,0,0.0000,0,0.0000,0,0,0,11887,0
165,5.7773,11.6580,0.0017,0.0000,0,0,0.0000,0,0.0000,0,0,0,2892,0
166,5.8255,11.7783,0.0018,0.0000,0,0,0.0000,0,0.0000,0,0,0,2815,0
167,5.7883,11.7717,0.0020,0.0000,0,0,0.0000,0,0.0000,0,0,0,2979,0
168,5.7758,11.7415,0.0027,0.0000,0,0,0.0000,0,0.0000,0,0,0,11158,0
169,5.8488,11.7592,0.0020,0.0000,0,0,0.0000,0,0.0000,0,0,0,2923,0
170,5.8257,11.7646,0.0017,0.0000,0,0,0.0000,0,0.0000,0,0,0,1932,0
171,5.7538,11.6782,0.0017,0.0000,0,0,0.0000,0,0.0000,0,0,0,2075,0
172,5.7427,11.6932,0.0029,0.0000,0,0,0.0000,0,0.0000,0,0,0,11949,0
173,5.7505,12.0638,0.0023,0.0000,0,0,0.0000,0,0.0000,0,0,0,3740,0
174,5.8344,12.1299,0.0023,0.0000,0,0,0.0000,0,0.0000,0,0,0,3077,0
175,5.7872,11.9497,0.0020,0.0000,0,0,0.0000,0,0.0000,0,0,0,2843,0
176,5.8167,11.9334,0.0026,0.0000,0,0,0.0000,0,0.0000,0,0,0,12831,0
177,5.8573,11.9443,0.0024,0.0000,0,0,0.0000,0,0.0000,0,0,0,3821,0
178,5.8814,11.9116,0.0022,0.0000,0,0,0.0000,0,0.0000,0,0,0,2943,0
179,5.7955,11.8391,0.0017,0.0000,0,0,0.0000,0,0.0000,0,0,0,3136,0
180,5.8146,10.6374,0.0521,0.0000,0,0,0.0000,0,0.0000,0,1,0,198907,0
181,6.0523,11.9837,0.0068,0.0000,0,0,0.0000,0,0.0000,0,0,0,26668,0
182,5.8759,14.7498,0.0043,0.0000,0,0,0.0000,0,0.0000,0,0,0,21630,0
183,5.9093,19.2458,0.0032,0.0000,0,0,0.0000,0,0.0000,0,0,0,13864,0
184,6.0209,17.7557,0.0030,0.0000,0,0,0.0000,0,0.0000,0,0,0,20573,0
185,5.8800,16.3526,0.0024,0.0000,0,0,0.0000,0,0.0000,0,0,0,7950,0
186,5.7728,16.4834,0.0024,0.0000,0,0,0.0000,0,0.0000,0,0,0,4250,0
187,5.8209,16.7104,0.0020,0.0000,0,0,0.0000,0,0.0000,0,0,0,3671,0
188,5.8608,16.9995,0.0029,0.0000,0,0,0.0000,0,0.0000,0,0,0,12262,0
189,5.8504,17.4270,0.0021,0.0000,0,0,0.0000,0,0.0000,0,0,0,3070,0
190,5.8405,16.7224,0.0022,0.0000,0,0,0.0000,0,0.0000,0,0,0,2833,0
191,5.8727,16.5739,0.0027,0.0000,0,0,0.0000,0,0.0000,0,0,0,2645,0
192,5.7926,16.6338,0.0077,0.0000,0,0,0.0000,0,0.0000,0,0,0,35104,0
193,5.6926,16.7547,0.0026,0.0000,0,0,0.0000,0,0.0000,0,0,0,4520,0
194,5.8723,16.9119,0.0026,0.0000,0,0,0.0000,0,0.0000,0,0,0,2898,0
195,5.8475,16.3080,0.0021,0.0000,0,0,0.0000,0,0.0000,0,0,0,1445,0
196,5.6652,16.4427,0.0027,0.0000,0,0,0.0000,0,0.0000,0,0,0,11033,0
197,5.8134,16.5337,0.0022,0.0000,0,0,0.0000,0,0.0000,0,0,0,2258,0
198,5.8226,16.5248,0.0021,0.0000,0,0,0.0000,0,0.0000,0,0,0,1924,0
199,5.7189,16.4943,0.0025,0.0000,0,0,0.0000,0,0.0000,0,0,0,1803,0
200,5.7254,16.6630,0.0028,0.0000,0,0,0.0000,0,0.0000,0,0,0,10604,0
201,5.7747,16.5263,0.0018,0.0000,0,0,0.0000,0,0.0000,0,0,0,1858,0
202,5.6746,16.6890,0.0019,0.0000,0,0,0.0000,0,0.0000,0,0,0,1406,0
203,5.7906,12.9065,0.0017,0.0000,0,0,0.0000,0,0.0000,0,0,0,1497,0
204,5.7395,12.7058,0.0029,0.0000,0,0,0.0000,0,0.0000,0,0,0,11602,0
205,5.7765,12.7646,0.0021,0.0000,0,0,0.0000,0,0.0000,0,0,0,3019,0
206,5.7267,15.6779,0.0023,0.0000,0,0,0.0000,0,0.0000,0,0,0,2838,0
207,5.7031,16.5053,0.0016,0.0000,0,0,0.0000,0,0.0000,0,0,0,2298,0
208,5.8052,15.5010,0.0030,0.0000,0,0,0.0000,0,0.0000,0,0,0,12029,0
209,5.8887,17.1312,0.0027,0.0000,0,0,0.0000,0,0.0000,0,0,0,3317,0
210,5.8891,14.6956,0.0028,0.0000,0,0,0.0000,0,0.0000,0,0,0,2025,0
211,5.9203,16.3879,0.0022,0.0000,0,0,0.0000,0,0.0000,0,0,0,1941,0
212,5.8523,16.7248,0.0065,0.0000,0,0,0.0000,0,0.0000,0,0,0,11824,0
213,5.7741,16.4123,0.0028,0.0000,0,0,0.0000,0,0.0000,0,0,0,2599,0
214,5.7705,16.0563,0.0026,0.0000,0,0,0.0000,0,0.0000,0,0,0,2304,0
215,5.5730,13.4445,0.0025,0.0000,0,0,0.0000,0,0.0000,0,0,0,2332,0
216,5.5477,12.8218,0.0026,0.0000,0,0,0.0000,0,0.0000,0,0,0,11524,0
217,5.7683,12.3233,0.0021,0.0000,0,0,0.0000,0,0.0000,0,0,0,3153,0
218,5.6791,15.5360,0.0021,0.0000,0,0,0.0000,0,0.0000,0,0,0,1965,0
219,5.7805,16.5130,0.0020,0.0000,0,0,0.0000,0,0.0000,0,0,0,2135,0
220,5.8104,16.3904,0.0027,0.0000,0,0,0.0000,0,0.0000,0,0,0,11339,0
221,5.7501,16.6204,0.0025,0.0000,0,0,0.0000,0,0.0000,0,0,0,3368,0
222,5.7873,16.4466,0.0022,0.0000,0,0,0.0000,0,0.0000,0,0,0,3592,0
223,5.7656,16.6430,0.0031,0.0000,0,0,0.0000,0,0.0000,0,0,0,3218,0
224,5.8289,16.5583,0.0037,0.0000,0,0,0.0000,0,0.0000,0,0,0,10602,0
225,5.7790,16.3012,0.0021,0.0000,0,0,0.0000,0,0.0000,0,0,0,3525,0
226,5.9254,16.4900,0.0019,0.0000,0,0,0.0000,0,0.0000,0,0,0,3356,0
227,5.8371,16.5291,0.0018,0.0000,0,0,0.0000,0,0.0000,0,0,0,2666,0
228,5.8266,16.2311,0.0032,0.0000,0,0,0.0000,0,0.0000,0,0,0,12322,0
229,5.8282,16.0596,0.0021,0.0000,0,0,0.0000,0,0.0000,0,0,0,3338,0
230,5.8530,16.6088,0.0021,0.0000,0,0,0.0000,0,0.0000,0,0,0,3433,0
231,5.8682,16.6221,0.0027,0.0000,0,0,0.0000,0,0.0000,0,0,0,3713,0
232,5.8343,16.2597,0.0032,0.0000,0,0,0.0000,0,0.0000,0,0,0,11566,0
233,5.9163,15.6881,0.0026,0.0000,0,0,0.0000,0,0.0000,0,0,0,3677,0
234,5.8299,12.7090,0.0022,0.0000,0,0,0.0000,0,0.0000,0,0,0,2461,0
235,5.8170,13.4847,0.0025,0.0000,0,0,0.0000,0,0.0000,0,0,0,2827,0
236,5.8279,16.4930,0.0028,0.0000,0,0,0.0000,0,0.0000,0,0,0,12376,0
237,5.8077,15.0996,0.0025,0.0000,0,0,0.0000,0,0.0000,0,0,0,4810,0
238,5.8876,16.1625,0.0022,0.0000,0,0,0.0000,0,0.0000,0,0,0,4284,0
239,5.7730,16.4535,0.0019,0.0000,0,0,0.0000,0,0.0000,0,0,0,3992,0
240,5.7568,15.1328,0.0260,0.0000,0,0,0.0000,0,0.0000,0,1,0,172153,0
241,5.7624,16.4226,0.0067,0.0000,0,0,0.0000,0,0.0000,0,0,0,29204,0
242,5.8431,16.2053,0.0031,0.0000,0,0,0.0000,0,0.0000,0,0,0,13995,0
243,5.7805,16.4465,0.0027,0.0000,0,0,0.0000,0,0.0000,0,0,0,11122,0
244,5.8074,16.5338,0.0039,0.0000,0,0,0.0000,0,0.0000,0,0,0,18193,0
245,5.8209,16.4517,0.0026,0.0000,0,0,0.0000,0,0.0000,0,0,0,4817,0
246,5.7701,16.3667,0.0023,0.0000,0,0,0.0000,0,0.0000,0,0,0,3804,0
247,5.7859,16.3487,0.0022,0.0000,0,0,0.0000,0,0.0000,0,0,0,1816,0
248,5.7808,16.6129,0.0032,0.0000,0,0,0.0000,0,0.0000,0,0,0,10609,0
249,5.8115,16.5653,0.0022,0.0000,0,0,0.0000,0,0.0000,0,0,0,1582,0
250,5.7799,17.4038,0.0018,0.0000,0,0,0.0000,0,0.0000,0,0,0,1366,0
251,5.7795,16.5008,0.0019,0.0000,0,0,0.0000,0,0.0000,0,0,0,1370,0
252,5.7851,16.5555,0.0030,0.0000,0,0,0.0000,0,0.0000,0,0,0,10003,0
253,5.7775,16.4213,0.0020,0.0000,0,0,0.0000,0,0.0000,0,0,0,1876,0
254,5.8181,16.5539,0.0020,0.0000,0,0,0.0000,0,0.0000,0,0,0,1635,0
255,5.7730,16.5913,0.0020,0.0000,0,0,0.0000,0,0.0000,0,0,0,1775,0
256,5.8072,16.4886,0.0044,0.0000,0,0,0.0000,0,0.0000,0,0,0,31245,0
257,6.0977,16.5618,0.0022,0.0000,0,0,0.0000,0,0.0000,0,0,0,2181,0
258,5.9558,16.0462,0.0020,0.0000,0,0,0.0000,0,0.0000,0,0,0,1666,0
259,6.1097,16.3824,0.0018,0.0000,0,0,0.0000,0,0.0000,0,0,0,1422,0
260,6.0300,16.5575,0.0026,0.0000,0,0,0.0000,0,0.0000,0,0,0,9561,0
261,5.9713,16.5972,0.0027,0.0000,0,0,0.0000,0,0.0000,0,0,0,3097,0
262,5.7982,16.5952,0.0020,0.0000,0,0,0.0000,0,0.0000,0,0,0,1472,0
263,5.7868,13.6401,0.0020,0.0000,0,0,0.0000,0,0.0000,0,0,0,1440,0
264,5.7875,13.1988,0.0025,0.0000,0,0,0.0000,0,0.0000,0,0,0,9621,0
265,5.7591,13.0575,0.0018,0.0000,0,0,0.0000,0,0.0000,0,0,0,1375,0
266,5.7631,15.8455,0.0015,0.0000,0,0,0.0000,0,0.0000,0,0,0,1509,0
267,5.7483,16.1827,0.0022,0.0000,0,0,0.0000,0,0.0000,0,0,0,1420,0
268,5.7467,14.8389,0.0024,0.0000,0,0,0.0000,0,0.0000,0,0,0,10239,0
269,5.8420,14.6017,0.0020,0.0000,0,0,0.0000,0,0.0000,0,0,0,1679,0
270,5.8334,14.9179,0.0027,0.0000,0,0,0.0000,0,0.0000,0,0,0,1514,0
271,5.9009,18.7642,0.0026,0.0000,0,0,0.0000,0,0.0000,0,0,0,1550,0
272,5.8675,16.6294,0.0028,0.0000,0,0,0.0000,0,0.0000,0,0,0,11630,0
273,5.7304,16.1016,0.0026,0.0000,0,0,0.0000,0,0.0000,0,0,0,3935,0
274,5.7562,16.0163,0.0029,0.0000,0,0,0.0000,0,0.0000,0,0,0,1598,0
275,5.6965,14.1170,0.0021,0.0000,0,0,0.0000,0,0.0000,0,0,0,1483,0
276,5.6616,13.1723,0.0031,0.0000,0,0,0.0000,0,0.0000,0,0,0,11089,0
277,5.8439,14.3638,0.0022,0.0000,0,0,0.0000,0,0.0000,0,0,0,1495,0
278,5.6849,14.4113,0.0018,0.0000,0,0,0.0000,0,0.0000,0,0,0,1494,0
279,5.7757,14.6968,0.0020,0.0000,0,0,0.0000,0,0.0000,0,0,0,1499,0
280,5.7274,15.2468,0.0026,0.0000,0,0,0.0000,0,0.0000,0,0,0,10887,0
281,5.6159,15.1596,0.0018,0.0000,0,0,0.0000,0,0.0000,0,0,0,1565,0
282,5.7162,15.4537,0.0022,0.0000,0,0,0.0000,0,0.0000,0,0,0,1523,0
283,5.8312,14.3466,0.0020,0.0000,0,0,0.0000,0,0.0000,0,0,0,1490,0
284,5.7172,15.6010,0.0025,0.0000,0,0,0.0000,0,0.0000,0,0,0,10956,0
285,5.8825,15.3396,0.0019,0.0000,0,0,0.0000,0,0.0000,0,0,0,1676,0
286,5.7951,16.4410,0.0022,0.0000,0,0,0.0000,0,0.0000,0,0,0,1599,0
287,5.8504,17.5507,0.0028,0.0000,0,0,0.0000,0,0.0000,0,0,0,1721,0
288,5.8310,17.2885,0.0027,0.0000,0,0,0.0000,0,0.0000,0,0,0,9496,0
289,5.7913,16.3309,0.0019,0.0000,0,0,0.0000,0,0.0000,0,0,0,2599,0
290,5.8257,16.4342,0.0020,0.0000,0,0,0.0000,0,0.0000,0,0,0,1817,0
291,5.8355,16.3804,0.0019,0.0000,0,0,0.0000,0,0.0000,0,0,0,1592,0
292,5.8085,16.2950,0.0028,0.0000,0,0,0.0000,0,0.0000,0,0,0,11336,0
293,5.8624,13.9266,0.0025,0.0000,0,0,0.0000,0,0.0000,0,0,0,1801,0
294,5.8830,12.7204,0.0018,0.0000,0,0,0.0000,0,0.0000,0,0,0,1926,0
295,5.7734,13.3975,0.0017,0.0000,0,0,0.0000,0,0.0000,0,0,0,2044,0
296,5.7580,16.1848,0.0030,0.0000,0,0,0.0000,0,0.0000,0,0,0,10926,0
297,5.7800,16.0358,0.0025,0.0000,0,0,0.0000,0,0.0000,0,0,0,2383,0
298,5.8305,15.2310,0.0017,0.0000,0,0,0.0000,0,0.0000,0,0,0,1745,0
299,5.6778,15.9704,0.0022,0.0000,0,0,0.0000,0,0.0000,0,0,0,1814,0
300,5.8095,14.8014,0.0210,0.0000,0,0,0.0000,0,0.0000,0,1,0,169699,0
301,5.6987,16.3356,0.0097,0.0000,0,0,0.0000,0,0.0000,0,0,0,33845,0
302,5.8508,15.7858,0.0063,0.0000,0,0,0.0000,0,0.0000,0,0,0,17608,0
303,5.8106,16.2702,0.0028,0.0000,0,0,0.0000,0,0.0000,0,0,0,9863,0
304,5.8147,16.5117,0.0034,0.0000,0,0,0.0000,0,0.0000,0,0,0,21868,0
305,5.7937,16.5778,0.0027,0.0000,0,0,0.0000,0,0.0000,0,0,0,9226,0
306,5.6669,16.5678,0.0032,0.0000,0,0,0.0000,0,0.0000,0,0,0,8337,0
307,5.7230,16.2985,0.0025,0.0000,0,0,0.0000,0,0.0000,0,0,0,5205,0
308,5.6643,16.7020,0.0032,0.0000,0,0,0.0000,0,0.0000,0,0,0,15959,0
309,5.7769,16.4362,0.0024,0.0000,0,0,0.0000,0,0.0000,0,0,0,3740,0
310,5.6308,13.3595,0.0032,0.0000,0,0,0.0000,0,0.0000,0,0,0,2125,0
311,5.4395,12.9418,0.0020,0.0000,0,0,0.0000,0,0.0000,0,0,0,2090,0
312,5.5438,13.0153,0.0030,0.0000,0,0,0.0000,0,0.0000,0,0,0,11234,0
313,5.5987,12.7532,0.0027,0.0000,0,0,0.0000,0,0.0000,0,0,0,1790,0
314,5.4978,12.4022,0.0021,0.0000,0,0,0.0000,0,0.0000,0,0,0,1821,0
315,5.6904,12.8063,0.0022,0.0000,0,0,0.0000,0,0.0000,0,0,0,1729,0
316,5.5073,11.8790,0.0031,0.0000,0,0,0.0000,0,0.0000,0,0,0,10495,0
317,5.8727,12.3753,0.0019,0.0000,0,0,0.0000,0,0.0000,0,0,0,2382,0
318,5.7835,12.0458,0.0020,0.0000,0,0,0.0000,0,0.0000,0,0,0,2258,0
319,5.7281,11.6885,0.0020,0.0000,0,0,0.0000,0,0.0000,0,0,0,1974,0
320,5.7516,11.6339,0.0027,0.0000,0,0,0.0000,0,0.0000,0,0,0,9216,0
321,5.7652,11.6319,0.0018,0.0000,0,0,0.0000,0,0.0000,0,0,0,2226,0
322,5.6684,11.5650,0.0021,0.0000,0,0,0.0000,0,0.0000,0,0,0,1883,0
323,5.7248,11.5860,0.0021,0.0000,0,0,0.0000,0,0.0000,0,0,0,1385,0
324,5.7335,13.5802,0.0027,0.0000,0,0,0.0000,0,0.0000,0,0,0,10126,0
325,5.6243,12.2942,0.0018,0.0000,0,0,0.0000,0,0.0000,0,0,0,2683,0
326,5.7112,12.0215,0.0018,0.0000,0,0,0.0000,0,0.0000,0,0,0,1552,0
327,5.6362,12.3193,0.0021,0.0000,0,0,0.0000,0,0.0000,0,0,0,1595,0
328,5.7325,11.8978,0.0027,0.0000,0,0,0.0000,0,0.0000,0,0,0,9900,0
329,5.6570,11.5827,0.0015,0.0000,0,0,0.0000,0,0.0000,0,0,0,1489,0
330,5.7702,11.6576,0.0026,0.0000,0,0,0.0000,0,0.0000,0,0,0,2689,0
331,5.7236,12.5120,0.0023,0.0000,0,0,0.0000,0,0.0000,0,0,0,1586,0
332,5.7584,12.4700,0.0058,0.0000,0,0,0.0000,0,0.0000,0,0,0,9762,0
333,5.6638,14.8975,0.0018,0.0000,0,0,0.0000,0,0.0000,0,0,0,2206,0
334,5.6335,12.7636,0.0018,0.0000,0,0,0.0000,0,0.0000,0,0,0,1504,0
335,5.5226,13.1959,0.0025,0.0000,0,0,0.0000,0,0.0000,0,0,0,1614,0
336,5.7258,12.5462,0.0028,0.0000,0,0,0.0000,0,0.0000,0,0,0,10902,0
337,5.6940,11.9265,0.0020,0.0000,0,0,0.0000,0,0.0000,0,0,0,2318,0
338,5.7755,11.9527,0.0018,0.0000,0,0,0.0000,0,0.0000,0,0,0,1838,0
339,5.7041,12.0343,0.0019,0.0000,0,0,0.0000,0,0.0000,0,0,0,1736,0
340,5.6252,12.3615,0.0026,0.0000,0,0,0.0000,0,0.0000,0,0,0,10935,0
341,5.5423,12.2555,0.0015,0.0000,0,0,0.0000,0,0.0000,0,0,0,1773,0
342,5.6237,12.3857,0.0016,0.0000,0,0,0.0000,0,0.0000,0,0,0,1792,0
343,5.7718,12.5558,0.0019,0.0000,0,0,0.0000,0,0.0000,0,0,0,1845,0
344,5.8033,13.7204,0.0028,0.0000,0,0,0.0000,0,0.0000,0,0,0,10869,0
345,5.6902,12.5846,0.0015,0.0000,0,0,0.0000,0,0.0000,0,0,0,1698,0
346,5.7411,13.2102,0.0016,0.0000,0,0,0.0000,0,0.0000,0,0,0,1744,0
347,5.6634,14.3660,0.0021,0.0000,0,0,0.0000,0,0.0000,0,0,0,1750,0
348,5.7613,12.0048,0.0026,0.0000,0,0,0.0000,0,0.0000,0,0,0,10545,0
349,5.8068,13.5433,0.0020,0.0000,0,0,0.0000,0,0.0000,0,0,0,2306,0
350,5.6804,12.1307,0.0017,0.0000,0,0,0.0000,0,0.0000,0,0,0,2112,0
351,5.7807,12.1073,0.0018,0.0000,0,0,0.0000,0,0.0000,0,0,0,2360,0
352,5.7192,12.1396,0.0070,0.0000,0,0,0.0000,0,0.0000,0,0,0,35085,0
353,5.6534,12.9224,0.0023,0.0000,0,0,0.0000,0,0.0000,0,0,0,3968,0
354,5.6192,12.8845,0.0020,0.0000,0,0,0.0000,0,0.0000,0,0,0,2239,0
355,5.8045,12.9527,0.0021,0.0000,0,0,0.0000,0,0.0000,0,0,0,1900,0
356,5.6977,12.4891,0.0037,0.0000,0,0,0.0000,0,0.0000,0,0,0,11010,0
357,5.6120,13.7432,0.0023,0.0000,0,0,0.0000,0,0.0000,0,0,0,3200,0
358,5.8848,13.6035,0.0021,0.0000,0,0,0.0000,0,0.0000,0,0,0,2290,0
359,5.7740,12.4294,0.0021,0.0000,0,0,0.0000,0,0.0000,0,0,0,2348,0
360,5.6830,10.4771,0.0176,0.0000,0,0,0.0000,0,0.0000,0,1,0,155732,0
361,5.7599,12.3415,0.0069,0.0000,0,0,0.0000,0,0.0000,0,0,0,30445,0
362,5.6729,12.1925,0.0040,0.0000,0,0,0.0000,0,0.0000,0,0,0,20246,0
363,5.8238,11.8848,0.0022,0.0000,0,0,0.0000,0,0.0000,0,0,0,11012,0
364,5.7431,13.1058,0.0033,0.0000,0,0,0.0000,0,0.0000,0,0,0,16804,0
365,5.6851,12.7683,0.0028,0.0000,0,0,0.0000,0,0.0000,0,0,0,10771,0
366,5.5969,13.7269,0.0019,0.0000,0,0,0.0000,0,0.0000,0,0,0,3503,0
367,5.6916,12.8495,0.0021,0.0000,0,0,0.0000,0,0.0000,0,0,0,3605,0
368,5.7784,12.4507,0.0032,0.0000,0,0,0.0000,0,0.0000,0,0,0,15801,0
369,5.7188,13.1200,0.0023,0.0000,0,0,0.0000,0,0.0000,0,0,0,4559,0
370,5.8766,12.5922,0.0025,0.0000,0,0,0.0000,0,0.0000,0,0,0,3316,0
371,5.7003,12.3217,0.0022,0.0000,0,0,0.0000,0,0.0000,0,0,0,2559,0
372,5.5302,12.4675,0.0026,0.0000,0,0,0.0000,0,0.0000,0,0,0,11735,0
373,5.6068,12.3794,0.0019,0.0000,0,0,0.0000,0,0.0000,0,0,0,2312,0
374,5.6853,13.9356,0.0019,0.0000,0,0,0.0000,0,0.0000,0,0,0,2029,0
375,5.8252,15.0091,0.0015,0.0000,0,0,0.0000,0,0.0000,0,0,0,1863,0
376,5.7675,15.3105,0.0023,0.0000,0,0,0.0000,0,0.0000,0,0,0,11469,0
377,5.8213,14.1677,0.0017,0.0000,0,0,0.0000,0,0.0000,0,0,0,1782,0
378,5.7997,14.0775,0.0015,0.0000,0,0,0.0000,0,0.0000,0,0,0,1660,0
379,5.9499,15.0600,0.0018,0.0000,0,0,0.0000,0,0.0000,0,0,0,1738,0
380,5.8165,15.2651,0.0026,0.0000,0,0,0.0000,0,0.0000,0,0,0,10607,0
381,5.7730,15.1962,0.0015,0.0000,0,0,0.0000,0,0.0000,0,0,0,2069,0
382,5.8175,15.4135,0.0023,0.0000,0,0,0.0000,0,0.0000,0,0,0,2208,0
383,5.8259,13.3584,0.0031,0.0000,0,0,0.0000,0,0.0000,0,0,0,2225,0
384,5.9065,12.7459,0.0026,0.0000,0,0,0.0000,0,0.0000,0,0,0,9557,0
385,6.0758,12.7206,0.0020,0.0000,0,0,0.0000,0,0.0000,0,0,0,2660,0
386,5.9315,14.3029,0.0022,0.0000,0,0,0.0000,0,0.0000,0,0,0,2127,0
387,5.9238,14.5689,0.0018,0.0000,0,0,0.0000,0,0.0000,0,0,0,1536,0
388,5.7255,14.6713,0.0025,0.0000,0,0,0.0000,0,0.0000,0,0,0,11101,0
389,5.8275,14.6973,0.0018,0.0000,0,0,0.0000,0,0.0000,0,0,0,2466,0
390,5.7943,14.7125,0.0030,0.0000,0,0,0.0000,0,0.0000,0,0,0,2092,0
391,5.8310,14.6520,0.0025,0.0000,0,0,0.0000,0,0.0000,0,0,0,2133,0
392,5.7686,14.5673,0.0027,0.0000,0,0,0.0000,0,0.0000,0,0,0,10580,0
393,5.7693,14.6151,0.0020,0.0000,0,0,0.0000,0,0.0000,0,0,0,2083,0
394,5.7498,14.7335,0.0031,0.0000,0,0,0.0000,0,0.0000,0,0,0,1552,0
395,5.7827,13.1631,0.0029,0.0000,0,0,0.0000,0,0.0000,0,0,0,1685,0
396,5.6880,12.9322,0.0032,0.0000,0,0,0.0000,0,0.0000,0,0,0,11409,0
397,5.7514,12.7739,0.0018,0.0000,0,0,0.0000,0,0.0000,0,0,0,3104,0
398,5.6569,14.6047,0.0016,0.0000,0,0,0.0000,0,0.0000,0,0,0,2281,0
399,5.7639,14.5998,0.0018,0.0000,0,0,0.0000,0,0.0000,0,0,0,2354,0
400,5.7677,14.6151,0.0030,0.0000,0,0,0.0000,0,0.0000,0,0,0,11823,0
401,5.7192,14.6335,0.0018,0.0000,0,0,0.0000,0,0.0000,0,0,0,2848,0
402,5.7193,14.6180,0.0020,0.0000,0,0,0.0000,0,0.0000,0,0,0,1922,0
403,5.7179,14.6188,0.0015,0.0000,0,0,0.0000,0,0.0000,0,0,0,1964,0
404,5.7205,14.6610,0.0025,0.0000,0,0,0.0000,0,0.0000,0,0,0,11760,0
405,5.7814,14.5785,0.0019,0.0000,0,0,0.0000,0,0.0000,0,0,0,2595,0
406,5.7655,14.5551,0.0015,0.0000,0,0,0.0000,0,0.0000,0,0,0,2311,0
407,5.7479,14.5262,0.0018,0.0000,0,0,0.0000,0,0.0000,0,0,0,2380,0
408,6.0018,14.8027,0.0029,0.0000,0,0,0.0000,0,0.0000,0,0,0,11790,0
409,5.9726,14.6156,0.0022,0.0000,0,0,0.0000,0,0.0000,0,0,0,2649,0
410,5.9439,14.5351,0.0019,0.0000,0,0,0.0000,0,0.0000,0,0,0,1930,0
411,5.9795,14.6163,0.0019,0.0000,0,0,0.0000,0,0.0000,0,0,0,2099,0
412,6.0584,14.6293,0.0031,0.0000,0,0,0.0000,0,0.0000,0,0,0,11437,0
413,5.9962,13.0266,0.0027,0.0000,0,0,0.0000,0,0.0000,0,0,0,3620,0
414,5.9286,13.3241,0.0018,0.0000,0,0,0.0000,0,0.0000,0,0,0,2858,0
415,6.0124,12.5584,0.0025,0.0000,0,0,0.0000,0,0.0000,0,0,0,3030,0
416,5.9278,14.7203,0.0027,0.0000,0,0,0.0000,0,0.0000,0,0,0,10841,0
417,6.0035,14.8406,0.0026,0.0000,0,0,0.0000,0,0.0000,0,0,0,4073,0
418,5.9788,14.6316,0.0020,0.0000,0,0,0.0000,0,0.0000,0,0,0,3425,0
419,5.8780,15.6508,0.0022,0.0000,0,0,0.0000,0,0.0000,0,0,0,2719,0
420,5.7672,14.5366,0.0230,0.0000,0,0,0.0000,0,0.0000,0,1,0,165328,0
421,5.9344,16.5911,0.0070,0.0000,0,0,0.0000,0,0.0000,0,0,0,24567,0
422,5.8115,16.5189,0.0039,0.0000,0,0,0.0000,0,0.0000,0,0,0,25354,0
423,5.8364,16.4786,0.0034,0.0000,0,0,0.0000,0,0.0000,0,0,0,18393,0
424,5.8207,16.4746,0.0045,0.0000,0,0,0.0000,0,0.0000,0,0,0,24007,0
425,5.8018,16.3980,0.0028,0.0000,0,0,0.0000,0,0.0000,0,0,0,11982,0
426,5.8370,16.4187,0.0024,0.0000,0,0,0.0000,0,0.0000,0,0,0,3036,0
427,5.7952,16.3705,0.0019,0.0000,0,0,0.0000,0,0.0000,0,0,0,1966,0
428,5.7942,16.7056,0.0030,0.0000,0,0,0.0000,0,0.0000,0,0,0,11960,0
429,5.8116,16.2223,0.0022,0.0000,0,0,0.0000,0,0.0000,0,0,0,2865,0
430,5.8441,16.5597,0.0021,0.0000,0,0,0.0000,0,0.0000,0,0,0,3357,0
431,5.8209,16.3328,0.0022,0.0000,0,0,0.0000,0,0.0000,0,0,0,2819,0
432,5.8355,16.3320,0.0034,0.0000,0,0,0.0000,0,0.0000,0,0,0,13255,0
433,5.8264,16.5804,0.0028,0.0000,0,0,0.0000,0,0.0000,0,0,0,4460,0
434,5.8127,16.4386,0.0020,0.0000,0,0,0.0000,0,0.0000,0,0,0,2818,0
435,5.8258,15.9452,0.0020,0.0000,0,0,0.0000,0,0.0000,0,0,0,2500,0
436,5.8480,16.6828,0.0028,0.0000,0,0,0.0000,0,0.0000,0,0,0,11758,0
437,5.8107,16.4028,0.0023,0.0000,0,0,0.0000,0,0.0000,0,0,0,2393,0
438,5.7671,17.4436,0.0027,0.0000,0,0,0.0000,0,0.0000,0,0,0,2168,0
439,5.8217,16.7715,0.0020,0.0000,0,0,0.0000,0,0.0000,0,0,0,1944,0
440,5.8639,16.5990,0.0032,0.0000,0,0,0.0000,0,0.0000,0,0,0,11318,0
441,5.8048,16.2113,0.0020,0.0000,0,0,0.0000,0,0.0000,0,0,0,2161,0
442,5.7521,17.4262,0.0023,0.0000,0,0,0.0000,0,0.0000,0,0,0,1409,0
443,5.7315,14.0789,0.0025,0.0000,0,0,0.0000,0,0.0000,0,0,0,1601,0
444,5.8469,13.2960,0.0026,0.0000,0,0,0.0000,0,0.0000,0,0,0,10781,0
445,5.7154,13.4615,0.0022,0.0000,0,0,0.0000,0,0.0000,0,0,0,2142,0
446,5.7537,16.5248,0.0016,0.0000,0,0,0.0000,0,0.0000,0,0,0,1853,0
447,5.6780,16.3600,0.0026,0.0000,0,0,0.0000,0,0.0000,0,0,0,2069,0
448,5.8312,14.8433,0.0089,0.0000,0,0,0.0000,0,0.0000,0,0,0,34711,0
449,5.8089,14.5002,0.0026,0.0000,0,0,0.0000,0,0.0000,0,0,0,4266,0
450,5.8442,14.8133,0.0023,0.0000,0,0,0.0000,0,0.0000,0,0,0,2283,0
451,5.8678,16.5440,0.0021,0.0000,0,0,0.0000,0,0.0000,0,0,0,1736,0
452,5.8695,16.5810,0.0030,0.0000,0,0,0.0000,0,0.0000,0,0,0,11548,0
453,5.7642,16.5240,0.0025,0.0000,0,0,0.0000,0,0.0000,0,0,0,2340,0
454,5.7344,16.0358,0.0024,0.0000,0,0,0.0000,0,0.0000,0,0,0,2418,0
455,5.7974,13.5140,0.0025,0.0000,0,0,0.0000,0,0.0000,0,0,0,2726,0
456,5.8295,13.2270,0.0029,0.0000,0,0,0.0000,0,0.0000,0,0,0,10730,0
457,5.7457,13.1559,0.0022,0.0000,0,0,0.0000,0,0.0000,0,0,0,2387,0
458,5.6333,16.6062,0.0025,0.0000,0,0,0.0000,0,0.0000,0,0,0,1685,0
459,5.7840,16.5076,0.0018,0.0000,0,0,0.0000,0,0.0000,0,0,0,1739,0
460,5.7905,17.2516,0.0027,0.0000,0,0,0.0000,0,0.0000,0,0,0,11653,0
461,5.7712,16.4486,0.0018,0.0000,0,0,0.0000,0,0.0000,0,0,0,3344,0
462,5.7978,16.1717,0.0020,0.0000,0,0,0.0000,0,0.0000,0,0,0,2826,0
463,5.7539,16.4603,0.0020,0.0000,0,0,0.0000,0,0.0000,0,0,0,3347,0
464,5.7712,16.4590,0.0027,0.0000,0,0,0.0000,0,0.0000,0,0,0,12070,0
465,5.7797,16.4326,0.0019,0.0000,0,0,0.0000,0,0.0000,0,0,0,3484,0
466,5.7961,16.5398,0.0023,0.0000,0,0,0.0000,0,0.0000,0,0,0,2538,0
467,5.9310,16.5078,0.0020,0.0000,0,0,0.0000,0,0.0000,0,0,0,2864,0
468,5.8270,16.4960,0.0032,0.0000,0,0,0.0000,0,0.0000,0,0,0,12251,0
469,5.7617,16.5749,0.0022,0.0000,0,0,0.0000,0,0.0000,0,0,0,3302,0
470,5.7948,16.3930,0.0020,0.0000,0,0,0.0000,0,0.0000,0,0,0,3120,0
471,5.7845,16.5290,0.0023,0.0000,0,0,0.0000,0,0.0000,0,0,0,3234,0
472,5.8098,16.3176,0.0033,0.0000,0,0,0.0000,0,0.0000,0,0,0,12451,0
473,5.7555,13.6420,0.0018,0.0000,0,0,0.0000,0,0.0000,0,0,0,3458,0
474,5.8197,13.2902,0.0020,0.0000,0,0,0.0000,0,0.0000,0,0,0,2504,0
475,5.7919,12.8853,0.0021,0.0000,0,0,0.0000,0,0.0000,0,0,0,2796,0
476,5.7347,15.5377,0.0029,0.0000,0,0,0.0000,0,0.0000,0,0,0,11951,0
477,5.7897,15.5607,0.0026,0.0000,0,0,0.0000,0,0.0000,0,0,0,4459,0
478,5.8199,16.5783,0.0027,0.0000,0,0,0.0000,0,0.0000,0,0,0,3868,0
479,5.7444,16.2799,0.0020,0.0000,0,0,0.0000,0,0.0000,0,0,0,3996,0
480,5.7649,14.4710,0.0197,0.0000,0,0,0.0000,0,0.0000,0,1,0,162846,0
481,5.7803,16.6231,0.0066,0.0000,0,0,0.0000,0,0.0000,0,0,0,23956,0
482,5.7860,16.6888,0.0040,0.0000,0,0,0.0000,0,0.0000,0,0,0,17406,0
483,5.7760,16.2424,0.0027,0.0000,0,0,0.0000,0,0.0000,0,0,0,7151,0
484,5.7946,16.5245,0.0037,0.0000,0,0,0.0000,0,0.0000,0,0,0,17172,0
485,5.7920,16.4615,0.0022,0.0000,0,0,0.0000,0,0.0000,0,0,0,5781,0
486,5.9330,16.2170,0.0024,0.0000,0,0,0.0000,0,0.0000,0,0,0,4926,0
487,5.7595,17.5406,0.0020,0.0000,0,0,0.0000,0,0.0000,0,0,0,2965,0
488,5.7903,16.4174,0.0029,0.0000,0,0,0.0000,0,0.0000,0,0,0,10364,0
489,5.7942,16.4188,0.0024,0.0000,0,0,0.0000,0,0.0000,0,0,0,2674,0
490,5.7593,16.4261,0.0018,0.0000,0,0,0.0000,0,0.0000,0,0,0,1381,0
491,5.7734,16.3771,0.0020,0.0000,0,0,0.0000,0,0.0000,0,0,0,1388,0
492,5.7560,16.4123,0.0027,0.0000,0,0,0.0000,0,0.0000,0,0,0,9930,0
493,5.7747,16.5745,0.0022,0.0000,0,0,0.0000,0,0.0000,0,0,0,3885,0
494,5.7851,16.5842,0.0018,0.0000,0,0,0.0000,0,0.0000,0,0,0,2442,0
495,5.7921,16.4530,0.0020,0.0000,0,0,0.0000,0,0.0000,0,0,0,1986,0
496,5.8052,16.5022,0.0030,0.0000,0,0,0.0000,0,0.0000,0,0,0,12371,0
497,6.0135,17.2964,0.0027,0.0000,0,0,0.0000,0,0.0000,0,0,0,3794,0
498,6.0981,16.2615,0.0018,0.0000,0,0,0.0000,0,0.0000,0,0,0,2568,0
499,6.0004,16.4946,0.0021,0.0000,0,0,0.0000,0,0.0000,0,0,0,2061,0
500,5.9430,16.6437,0.0029,0.0000,0,0,0.0000,0,0.0000,0,0,0,12080,0
501,5.7641,16.6195,0.0026,0.0000,0,0,0.0000,0,0.0000,0,0,0,2693,0
502,5.7466,16.1936,0.0018,0.0000,0,0,0.0000,0,0.0000,0,0,0,2078,0
503,5.8211,14.0399,0.0026,0.0000,0,0,0.0000,0,0.0000,0,0,0,2134,0
504,5.8326,13.3241,0.0030,0.0000,0,0,0.0000,0,0.0000,0,0,0,11564,0
505,5.7738,12.7553,0.0020,0.0000,0,0,0.0000,0,0.0000,0,0,0,2413,0
506,5.8105,16.6584,0.0020,0.0000,0,0,0.0000,0,0.0000,0,0,0,1529,0
507,5.7652,16.4331,0.0019,0.0000,0,0,0.0000,0,0.0000,0,0,0,1726,0
508,5.7611,15.0086,0.0024,0.0000,0,0,0.0000,0,0.0000,0,0,0,11141,0
509,5.8025,14.5667,0.0016,0.0000,0,0,0.0000,0,0.0000,0,0,0,2566,0
510,5.7592,14.7390,0.0029,0.0000,0,0,0.0000,0,0.0000,0,0,0,2392,0
511,5.9217,16.4052,0.0027,0.0000,0,0,0.0000,0,0.0000,0,0,0,2559,0
512,5.8150,16.4370,0.0046,0.0000,0,0,0.0000,0,0.0000,0,0,0,31812,0
513,5.8067,16.4324,0.0030,0.0000,0,0,0.0000,0,0.0000,0,0,0,3124,0
514,5.7897,15.8283,0.0027,0.0000,0,0,0.0000,0,0.0000,0,0,0,2670,0
515,5.6555,13.9618,0.0025,0.0000,0,0,0.0000,0,0.0000,0,0,0,2058,0
516,5.5695,12.7305,0.0027,0.0000,0,0,0.0000,0,0.0000,0,0,0,11720,0
517,5.7352,13.3815,0.0019,0.0000,0,0,0.0000,0,0.0000,0,0,0,2835,0
518,5.8190,16.5856,0.0025,0.0000,0,0,0.0000,0,0.0000,0,0,0,2814,0
519,5.6963,16.4374,0.0016,0.0000,0,0,0.0000,0,0.0000,0,0,0,2844,0
520,5.7590,16.2120,0.0032,0.0000,0,0,0.0000,0,0.0000,0,0,0,11076,0
521,5.6899,16.4420,0.0016,0.0000,0,0,0.0000,0,0.0000,0,0,0,2275,0
522,5.8365,16.3509,0.0017,0.0000,0,0,0.0000,0,0.0000,0,0,0,2208,0
523,5.7397,16.5153,0.0019,0.0000,0,0,0.0000,0,0.0000,0,0,0,2948,0
524,5.7135,16.5007,0.0027,0.0000,0,0,0.0000,0,0.0000,0,0,0,10822,0
525,5.7683,16.4473,0.0020,0.0000,0,0,0.0000,0,0.0000,0,0,0,3760,0
526,5.6666,16.1793,0.0015,0.0000,0,0,0.0000,0,0.0000,0,0,0,2540,0
527,5.7468,16.4013,0.0019,0.0000,0,0,0.0000,0,0.0000,0,0,0,2676,0
528,5.6845,16.5545,0.0030,0.0000,0,0,0.0000,0,0.0000,0,0,0,13049,0
529,5.8075,16.0798,0.0022,0.0000,0,0,0.0000,0,0.0000,0,0,0,4044,0
530,5.7301,16.3810,0.0018,0.0000,0,0,0.0000,0,0.0000,0,0,0,2971,0
531,5.6633,16.4025,0.0021,0.0000,0,0,0.0000,0,0.0000,0,0,0,3011,0
532,5.7656,16.4677,0.0029,0.0000,0,0,0.0000,0,0.0000,0,0,0,12431,0
533,5.7579,13.6349,0.0021,0.0000,0,0,0.0000,0,0.0000,0,0,0,3130,0
534,5.7720,12.6942,0.0022,0.0000,0,0,0.0000,0,0.0000,0,0,0,3056,0
535,5.7112,12.8282,0.0019,0.0000,0,0,0.0000,0,0.0000,0,0,0,3303,0
536,5.6356,15.1908,0.0029,0.0000,0,0,0.0000,0,0.0000,0,0,0,12713,0
537,5.6921,15.4232,0.0020,0.0000,0,0,0.0000,0,0.0000,0,0,0,2553,0
538,5.6805,15.5765,0.0023,0.0000,0,0,0.0000,0,0.0000,0,0,0,2668,0
539,5.7305,15.4832,0.0023,0.0000,0,0,0.0000,0,0.0000,0,0,0,2776,0
540,5.7542,15.6397,0.0222,0.0000,0,0,0.0000,0,0.0000,0,1,0,171836,0
541,5.8360,16.2855,0.0037,0.0000,0,0,0.0000,0,0.0000,0,0,0,24721,0
542,5.8270,16.5820,0.0048,0.0000,0,0,0.0000,0,0.0000,0,0,0,27568,0
543,5.9753,17.6605,0.0030,0.0000,0,0,0.0000,0,0.0000,0,0,0,15335,0
544,5.8202,16.4076,0.0032,0.0000,0,0,0.0000,0,0.0000,0,0,0,19848,0
545,5.7987,16.4035,0.0029,0.0000,0,0,0.0000,0,0.0000,0,0,0,8926,0
546,5.9756,16.5188,0.0026,0.0000,0,0,0.0000,0,0.0000,0,0,0,7892,0
547,5.9346,16.5473,0.0022,0.0000,0,0,0.0000,0,0.0000,0,0,0,2836,0
548,6.1283,16.5182,0.0034,0.0000,0,0,0.0000,0,0.0000,0,0,0,13228,0
549,6.0487,15.1343,0.0021,0.0000,0,0,0.0000,0,0.0000,0,0,0,1580,0
550,5.9073,13.1057,0.0027,0.0000,0,0,0.0000,0,0.0000,0,0,0,1732,0
551,5.7927,13.5004,0.0022,0.0000,0,0,0.0000,0,0.0000,0,0,0,2032,0
552,5.7015,13.2485,0.0030,0.0000,0,0,0.0000,0,0.0000,0,0,0,10004,0
553,5.7521,13.5558,0.0019,0.0000,0,0,0.0000,0,0.0000,0,0,0,1517,0
554,5.7153,12.2019,0.0022,0.0000,0,0,0.0000,0,0.0000,0,0,0,1856,0
555,5.7667,13.0425,0.0018,0.0000,0,0,0.0000,0,0.0000,0,0,0,1636,0
556,5.7140,13.1460,0.0022,0.0000,0,0,0.0000,0,0.0000,0,0,0,9907,0
557,5.8289,13.3685,0.0022,0.0000,0,0,0.0000,0,0.0000,0,0,0,3784,0
558,5.7257,13.2803,0.0018,0.0000,0,0,0.0000,0,0.0000,0,0,0,1524,0
559,5.6493,12.2919,0.0021,0.0000,0,0,0.0000,0,0.0000,0,0,0,1648,0
560,5.7512,12.8141,0.0027,0.0000,0,0,0.0000,0,0.0000,0,0,0,11797,0
561,5.6981,12.9600,0.0022,0.0000,0,0,0.0000,0,0.0000,0,0,0,3327,0
562,5.7411,12.8076,0.0019,0.0000,0,0,0.0000,0,0.0000,0,0,0,1994,0
563,5.6946,12.6593,0.0018,0.0000,0,0,0.0000,0,0.0000,0,0,0,1685,0
564,5.8400,13.6031,0.0024,0.0000,0,0,0.0000,0,0.0000,0,0,0,11544,0
565,5.6835,14.1777,0.0015,0.0000,0,0,0.0000,0,0.0000,0,0,0,1714,0
566,5.8177,13.2149,0.0016,0.0000,0,0,0.0000,0,0.0000,0,0,0,1656,0
567,5.6783,14.1186,0.0022,0.0000,0,0,0.0000,0,0.0000,0,0,0,1667,0
568,5.9216,13.1790,0.0027,0.0000,0,0,0.0000,0,0.0000,0,0,0,11313,0
569,5.7404,12.6873,0.0017,0.0000,0,0,0.0000,0,0.0000,0,0,0,1771,0
570,5.6710,13.3998,0.0026,0.0000,0,0,0.0000,0,0.0000,0,0,0,1630,0
571,5.8025,13.3090,0.0024,0.0000,0,0,0.0000,0,0.0000,0,0,0,1619,0
572,5.7613,12.9951,0.0030,0.0000,0,0,0.0000,0,0.0000,0,0,0,10697,0
573,5.8149,13.4288,0.0023,0.0000,0,0,0.0000,0,0.0000,0,0,0,2302,0
574,5.7416,12.6315,0.0023,0.0000,0,0,0.0000,0,0.0000,0,0,0,2503,0
575,5.5001,12.0945,0.0019,0.0000,0,0,0.0000,0,0.0000,0,0,0,2328,0
576,5.5741,12.4203,0.0027,0.0000,0,0,0.0000,0,0.0000,0,0,0,9795,0
577,5.5025,12.0879,0.0022,0.0000,0,0,0.0000,0,0.0000,0,0,0,2812,0
578,5.7512,12.5053,0.0018,0.0000,0,0,0.0000,0,0.0000,0,0,0,2377,0
579,5.6701,12.9214,0.0019,0.0000,0,0,0.0000,0,0.0000,0,0,0,1879,0
580,5.7859,12.8017,0.0026,0.0000,0,0,0.0000,0,0.0000,0,0,0,11306,0
581,5.6944,14.7565,0.0019,0.0000,0,0,0.0000,0,0.0000,0,0,0,2915,0
582,5.7961,12.4252,0.0019,0.0000,0,0,0.0000,0,0.0000,0,0,0,2347,0
583,5.6931,12.5583,0.0021,0.0000,0,0,0.0000,0,0.0000,0,0,0,2400,0
584,5.6395,11.7140,0.0027,0.0000,0,0,0.0000,0,0.0000,0,0,0,10782,0
585,5.7050,12.2603,0.0019,0.0000,0,0,0.0000,0,0.0000,0,0,0,1924,0
586,5.6316,11.8733,0.0017,0.0000,0,0,0.0000,0,0.0000,0,0,0,1982,0
587,5.7196,12.1990,0.0017,0.0000,0,0,0.0000,0,0.0000,0,0,0,2393,0
588,5.6809,12.2050,0.0026,0.0000,0,0,0.0000,0,0.0000,0,0,0,10428,0
589,5.7650,12.0986,0.0021,0.0000,0,0,0.0000,0,0.0000,0,0,0,3192,0
590,5.6723,13.5277,0.0015,0.0000,0,0,0.0000,0,0.0000,0,0,0,2196,0
591,5.7507,12.1225,0.0018,0.0000,0,0,0.0000,0,0.0000,0,0,0,2453,0
592,5.6863,12.2997,0.0026,0.0000,0,0,0.0000,0,0.0000,0,0,0,12211,0
593,5.6750,14.6721,0.0023,0.0000,0,0,0.0000,0,0.0000,0,0,0,3723,0
594,5.6064,12.8793,0.0017,0.0000,0,0,0.0000,0,0.0000,0,0,0,2591,0
595,5.6538,12.8293,0.0020,0.0000,0,0,0.0000,0,0.0000,0,0,0,2484,0
596,5.7475,12.2712,0.0027,0.0000,0,0,0.0000,0,0.0000,0,0,0,11921,0
597,5.6900,12.6866,0.0020,0.0000,0,0,0.0000,0,0.0000,0,0,0,2491,0
598,5.6232,11.8401,0.0017,0.0000,0,0,0.0000,0,0.0000,0,0,0,2489,0
599,5.5472,11.8131,0.0019,0.0000,0,0,0.0000,0,0.0000,0,0,0,2624,0
600,5.6480,10.4581,0.0217,0.0000,0,0,0.0000,0,0.0000,0,1,0,168755,0
601,5.5654,12.2103,0.0056,0.0000,0,0,0.0000,0,0.0000,0,0,0,22184,0
602,5.4965,13.1152,0.0030,0.0000,0,0,0.0000,0,0.0000,0,0,0,15019,0
603,5.7428,12.0925,0.0026,0.0000,0,0,0.0000,0,0.0000,0,0,0,10969,0
604,5.6603,12.3309,0.0026,0.0000,0,0,0.0000,0,0.0000,0,0,0,15881,0
605,5.7728,13.7987,0.0024,0.0000,0,0,0.0000,0,0.0000,0,0,0,7974,0
606,5.7106,12.5389,0.0035,0.0000,0,0,0.0000,0,0.0000,0,0,0,6214,0
607,5.8733,13.5308,0.0021,0.0000,0,0,0.0000,0,0.0000,0,0,0,5157,0
608,5.7606,13.1660,0.0075,0.0000,0,0,0.0000,0,0.0000,0,0,0,37011,0
609,5.6645,11.9259,0.0030,0.0000,0,0,0.0000,0,0.0000,0,0,0,4976,0
610,5.6028,11.7543,0.0027,0.0000,0,0,0.0000,0,0.0000,0,0,0,3440,0
611,5.5559,12.0785,0.0022,0.0000,0,0,0.0000,0,0.0000,0,0,0,1474,0
612,5.7880,11.7527,0.0027,0.0000,0,0,0.0000,0,0.0000,0,0,0,10529,0
613,5.5360,11.8532,0.0025,0.0000,0,0,0.0000,0,0.0000,0,0,0,3089,0
614,5.7395,14.6862,0.0020,0.0000,0,0,0.0000,0,0.0000,0,0,0,1780,0
615,5.7708,14.4354,0.0020,0.0000,0,0,0.0000,0,0.0000,0,0,0,1632,0
616,5.7238,14.9381,0.0023,0.0000,0,0,0.0000,0,0.0000,0,0,0,10515,0
617,5.7716,16.4093,0.0020,0.0000,0,0,0.0000,0,0.0000,0,0,0,1581,0
618,5.6772,15.9326,0.0022,0.0000,0,0,0.0000,0,0.0000,0,0,0,1388,0
619,5.7801,16.8534,0.0026,0.0000,0,0,0.0000,0,0.0000,0,0,0,1407,0
620,5.7943,15.3029,0.0025,0.0000,0,0,0.0000,0,0.0000,0,0,0,10708,0
621,5.8310,15.3661,0.0018,0.0000,0,0,0.0000,0,0.0000,0,0,0,3988,0
622,5.7781,15.3352,0.0015,0.0000,0,0,0.0000,0,0.0000,0,0,0,1935,0
623,5.8518,14.6286,0.0018,0.0000,0,0,0.0000,0,0.0000,0,0,0,2048,0
624,5.8374,13.2324,0.0027,0.0000,0,0,0.0000,0,0.0000,0,0,0,12167,0
625,5.7753,12.4429,0.0022,0.0000,0,0,0.0000,0,0.0000,0,0,0,4751,0
626,5.8339,15.0746,0.0018,0.0000,0,0,0.0000,0,0.0000,0,0,0,1931,0
627,5.7847,15.0493,0.0019,0.0000,0,0,0.0000,0,0.0000,0,0,0,1848,0
628,5.7878,15.3296,0.0031,0.0000,0,0,0.0000,0,0.0000,0,0,0,11552,0
629,5.7923,14.5785,0.0022,0.0000,0,0,0.0000,0,0.0000,0,0,0,1999,0
630,5.8608,14.6935,0.0032,0.0000,0,0,0.0000,0,0.0000,0,0,0,1830,0
631,5.8611,15.6438,0.0024,0.0000,0,0,0.0000,0,0.0000,0,0,0,2044,0
632,5.8098,16.3824,0.0035,0.0000,0,0,0.0000,0,0.0000,0,0,0,11674,0
633,5.7760,16.5044,0.0027,0.0000,0,0,0.0000,0,0.0000,0,0,0,1961,0
634,5.8041,15.9277,0.0026,0.0000,0,0,0.0000,0,0.0000,0,0,0,1955,0
635,5.8737,13.0160,0.0023,0.0000,0,0,0.0000,0,0.0000,0,0,0,1985,0
636,5.8540,13.3705,0.0029,0.0000,0,0,0.0000,0,0.0000,0,0,0,11036,0
637,5.7819,12.7542,0.0023,0.0000,0,0,0.0000,0,0.0000,0,0,0,2852,0
638,5.8125,15.5603,0.0029,0.0000,0,0,0.0000,0,0.0000,0,0,0,2803,0
639,5.7927,15.5233,0.0024,0.0000,0,0,0.0000,0,0.0000,0,0,0,2941,0
640,5.7796,15.3840,0.0028,0.0000,0,0,0.0000,0,0.0000,0,0,0,10402,0
641,5.7455,16.3608,0.0020,0.0000,0,0,0.0000,0,0.0000,0,0,0,3207,0
642,5.8220,16.2772,0.0022,0.0000,0,0,0.0000,0,0.0000,0,0,0,2814,0
643,5.7856,15.8598,0.0018,0.0000,0,0,0.0000,0,0.0000,0,0,0,2089,0
644,5.7767,16.1939,0.0027,0.0000,0,0,0.0000,0,0.0000,0,0,0,11775,0
645,5.7903,16.2868,0.0019,0.0000,0,0,0.0000,0,0.0000,0,0,0,3262,0
646,5.8251,16.2450,0.0021,0.0000,0,0,0.0000,0,0.0000,0,0,0,3139,0
647,5.7688,15.0982,0.0018,0.0000,0,0,0.0000,0,0.0000,0,0,0,3058,0
648,5.7832,17.0455,0.0031,0.0000,0,0,0.0000,0,0.0000,0,0,0,11148,0
649,5.6939,15.9071,0.0022,0.0000,0,0,0.0000,0,0.0000,0,0,0,3176,0
650,5.6511,17.4318,0.0018,0.0000,0,0,0.0000,0,0.0000,0,0,0,2233,0
651,5.7222,16.2462,0.0019,0.0000,0,0,0.0000,0,0.0000,0,0,0,2304,0
652,5.7096,16.2269,0.0031,0.0000,0,0,0.0000,0,0.0000,0,0,0,12148,0
653,5.6807,14.9245,0.0030,0.0000,0,0,0.0000,0,0.0000,0,0,0,4379,0
654,5.7323,12.8040,0.0022,0.0000,0,0,0.0000,0,0.0000,0,0,0,3993,0
655,5.6423,13.3454,0.0020,0.0000,0,0,0.0000,0,0.0000,0,0,0,3605,0
656,5.7781,15.5686,0.0028,0.0000,0,0,0.0000,0,0.0000,0,0,0,13243,0
657,5.6162,14.2195,0.0025,0.0000,0,0,0.0000,0,0.0000,0,0,0,4428,0
658,5.7611,14.3419,0.0022,0.0000,0,0,0.0000,0,0.0000,0,0,0,3315,0
659,5.6541,15.9717,0.0022,0.0000,0,0,0.0000,0,0.0000,0,0,0,3344,0
660,5.7593,12.1794,0.0231,0.0000,0,0,0.0000,0,0.0000,0,1,0,197277,0
661,5.7444,15.7477,0.0063,0.0000,0,0,0.0000,0,0.0000,0,0,0,26401,0
662,5.7668,15.1193,0.0035,0.0000,0,0,0.0000,0,0.0000,0,0,0,20507,0
663,5.7270,16.4227,0.0026,0.0000,0,0,0.0000,0,0.0000,0,0,0,14102,0
664,5.6617,16.7037,0.0028,0.0000,0,0,0.0000,0,0.0000,0,0,0,20848,0
665,5.7666,14.8032,0.0025,0.0000,0,0,0.0000,0,0.0000,0,0,0,7954,0
666,5.7549,14.6331,0.0016,0.0000,0,0,0.0000,0,0.0000,0,0,0,4092,0
667,5.7251,15.2095,0.0018,0.0000,0,0,0.0000,0,0.0000,0,0,0,3550,0
668,5.7968,12.4166,0.0022,0.0000,0,0,0.0000,0,0.0000,0,0,0,11833,0
669,5.7845,15.3620,0.0020,0.0000,0,0,0.0000,0,0.0000,0,0,0,2992,0
670,5.7382,15.3952,0.0017,0.0000,0,0,0.0000,0,0.0000,0,0,0,2737,0
671,5.7638,13.7900,0.0016,0.0000,0,0,0.0000,0,0.0000,0,0,0,2885,0
672,5.7423,13.4691,0.0023,0.0000,0,0,0.0000,0,0.0000,0,0,0,10027,0
673,5.7496,15.0423,0.0019,0.0000,0,0,0.0000,0,0.0000,0,0,0,3277,0
674,5.7407,15.2970,0.0017,0.0000,0,0,0.0000,0,0.0000,0,0,0,2653,0
675,5.7534,15.1635,0.0019,0.0000,0,0,0.0000,0,0.0000,0,0,0,1429,0
676,5.7610,14.2851,0.0025,0.0000,0,0,0.0000,0,0.0000,0,0,0,10806,0
677,5.7724,14.8098,0.0017,0.0000,0,0,0.0000,0,0.0000,0,0,0,2196,0
678,5.7467,12.8906,0.0021,0.0000,0,0,0.0000,0,0.0000,0,0,0,1826,0
679,5.6895,14.7789,0.0019,0.0000,0,0,0.0000,0,0.0000,0,0,0,1760,0
680,5.6409,15.2849,0.0025,0.0000,0,0,0.0000,0,0.0000,0,0,0,10319,0
681,5.7405,14.9728,0.0017,0.0000,0,0,0.0000,0,0.0000,0,0,0,2050,0
682,5.7266,14.9205,0.0020,0.0000,0,0,0.0000,0,0.0000,0,0,0,1409,0
683,5.7420,13.8476,0.0024,0.0000,0,0,0.0000,0,0.0000,0,0,0,1408,0
684,5.8240,12.3448,0.0027,0.0000,0,0,0.0000,0,0.0000,0,0,0,11163,0
685,5.7473,11.7792,0.0025,0.0000,0,0,0.0000,0,0.0000,0,0,0,2748,0
686,5.0891,14.0970,0.0018,0.0000,0,0,0.0000,0,0.0000,0,0,0,1976,0
687,5.3486,13.9452,0.0016,0.0000,0,0,0.0000,0,0.0000,0,0,0,1861,0
688,5.6803,11.7022,0.0022,0.0000,0,0,0.0000,0,0.0000,0,0,0,11868,0
689,5.6402,11.5704,0.0017,0.0000,0,0,0.0000,0,0.0000,0,0,0,3433,0
690,5.7842,11.6952,0.0034,0.0000,0,0,0.0000,0,0.0000,0,0,0,2028,0
691,5.6946,14.3994,0.0023,0.0000,0,0,0.0000,0,0.0000,0,0,0,1934,0
692,5.7980,13.8315,0.0030,0.0000,0,0,0.0000,0,0.0000,0,0,0,11628,0
693,5.6971,15.6849,0.0026,0.0000,0,0,0.0000,0,0.0000,0,0,0,2460,0
694,5.6522,13.1634,0.0024,0.0000,0,0,0.0000,0,0.0000,0,0,0,1997,0
695,5.7121,15.1521,0.0020,0.0000,0,0,0.0000,0,0.0000,0,0,0,2151,0
696,5.6643,12.5925,0.0028,0.0000,0,0,0.0000,0,0.0000,0,0,0,11312,0
697,5.6924,11.9989,0.0019,0.0000,0,0,0.0000,0,0.0000,0,0,0,2339,0
698,5.6953,13.8367,0.0017,0.0000,0,0,0.0000,0,0.0000,0,0,0,1745,0
699,5.7860,14.2602,0.0019,0.0000,0,0,0.0000,0,0.0000,0,0,0,1865,0
700,5.7710,14.2930,0.0025,0.0000,0,0,0.0000,0,0.0000,0,0,0,11026,0
701,5.7397,14.3362,0.0017,0.0000,0,0,0.0000,0,0.0000,0,0,0,2513,0
702,5.7430,14.5339,0.0017,0.0000,0,0,0.0000,0,0.0000,0,0,0,2419,0
703,5.7586,15.9390,0.0019,0.0000,0,0,0.0000,0,0.0000,0,0,0,2595,0
704,5.6900,15.6308,0.0080,0.0000,0,0,0.0000,0,0.0000,0,0,0,35499,0
705,5.7984,14.7356,0.0026,0.0000,0,0,0.0000,0,0.0000,0,0,0,4627,0
706,5.7918,16.0415,0.0025,0.0000,0,0,0.0000,0,0.0000,0,0,0,2694,0
707,5.7820,16.2152,0.0017,0.0000,0,0,0.0000,0,0.0000,0,0,0,2236,0
708,5.8279,16.2642,0.0032,0.0000,0,0,0.0000,0,0.0000,0,0,0,11780,0
709,5.7828,15.8186,0.0025,0.0000,0,0,0.0000,0,0.0000,0,0,0,2845,0
710,5.7386,16.2027,0.0014,0.0000,0,0,0.0000,0,0.0000,0,0,0,2851,0
711,5.7565,13.5654,0.0017,0.0000,0,0,0.0000,0,0.0000,0,0,0,2951,0
712,5.7420,15.1667,0.0032,0.0000,0,0,0.0000,0,0.0000,0,0,0,10993,0
713,5.8046,14.9248,0.0022,0.0000,0,0,0.0000,0,0.0000,0,0,0,2789,0
714,5.7896,12.1674,0.0021,0.0000,0,0,0.0000,0,0.0000,0,0,0,1974,0
715,5.7826,12.0068,0.0016,0.0000,0,0,0.0000,0,0.0000,0,0,0,2151,0
716,5.7821,14.0045,0.0028,0.0000,0,0,0.0000,0,0.0000,0,0,0,11864,0
717,5.6949,13.5928,0.0024,0.0000,0,0,0.0000,0,0.0000,0,0,0,4063,0
718,5.8434,15.0179,0.0020,0.0000,0,0,0.0000,0,0.0000,0,0,0,3320,0
719,5.7195,13.6212,0.0019,0.0000,0,0,0.0000,0,0.0000,0,0,0,3153,0
720,5.7409,12.1356,0.0187,0.0000,0,0,0.0000,0,0.0000,0,1,0,169188,0
721,5.7093,14.1282,0.0066,0.0000,0,0,0.0000,0,0.0000,0,0,0,29247,0
722,5.6557,14.8333,0.0027,0.0000,0,0,0.0000,0,0.0000,0,0,0,13908,0
723,5.7560,14.9418,0.0027,0.0000,0,0,0.0000,0,0.0000,0,0,0,11147,0
724,5.7542,15.5420,0.0030,0.0000,0,0,0.0000,0,0.0000,0,0,0,17975,0
725,5.7698,13.9228,0.0022,0.0000,0,0,0.0000,0,0.0000,0,0,0,4705,0
726,5.7286,15.0561,0.0020,0.0000,0,0,0.0000,0,0.0000,0,0,0,3483,0
727,5.7424,13.0940,0.0025,0.0000,0,0,0.0000,0,0.0000,0,0,0,1742,0
728,5.6200,14.9600,0.0028,0.0000,0,0,0.0000,0,0.0000,0,0,0,10258,0
729,5.6230,14.9341,0.0016,0.0000,0,0,0.0000,0,0.0000,0,0,0,1651,0
730,5.5608,14.0336,0.0017,0.0000,0,0,0.0000,0,0.0000,0,0,0,1393,0
731,5.6385,14.8325,0.0018,0.0000,0,0,0.0000,0,0.0000,0,0,0,1399,0
732,5.7048,15.0243,0.0022,0.0000,0,0,0.0000,0,0.0000,0,0,0,10005,0
733,5.6465,14.2495,0.0018,0.0000,0,0,0.0000,0,0.0000,0,0,0,1871,0
734,5.7458,13.9464,0.0020,0.0000,0,0,0.0000,0,0.0000,0,0,0,1727,0
735,5.7567,14.9491,0.0025,0.0000,0,0,0.0000,0,0.0000,0,0,0,1984,0
736,5.7560,13.7046,0.0024,0.0000,0,0,0.0000,0,0.0000,0,0,0,9275,0
737,5.6807,13.5784,0.0018,0.0000,0,0,0.0000,0,0.0000,0,0,0,2269,0
738,5.7370,13.8238,0.0017,0.0000,0,0,0.0000,0,0.0000,0,0,0,1641,0
739,5.6961,14.8918,0.0018,0.0000,0,0,0.0000,0,0.0000,0,0,0,1508,0
740,5.6662,14.8916,0.0023,0.0000,0,0,0.0000,0,0.0000,0,0,0,9605,0
741,5.7307,13.8957,0.0019,0.0000,0,0,0.0000,0,0.0000,0,0,0,3136,0
742,5.7343,15.1575,0.0022,0.0000,0,0,0.0000,0,0.0000,0,0,0,1445,0
743,5.7553,13.8269,0.0023,0.0000,0,0,0.0000,0,0.0000,0,0,0,1428,0
744,5.7857,12.7010,0.0027,0.0000,0,0,0.0000,0,0.0000,0,0,0,9662,0
745,5.7475,13.1449,0.0022,0.0000,0,0,0.0000,0,0.0000,0,0,0,1450,0
746,5.9001,14.0597,0.0026,0.0000,0,0,0.0000,0,0.0000,0,0,0,1382,0
747,5.5911,14.5633,0.0020,0.0000,0,0,0.0000,0,0.0000,0,0,0,1396,0
748,5.7724,12.3356,0.0025,0.0000,0,0,0.0000,0,0.0000,0,0,0,10469,0
749,5.7038,11.5659,0.0019,0.0000,0,0,0.0000,0,0.0000,0,0,0,3164,0
750,5.6904,11.8918,0.0021,0.0000,0,0,0.0000,0,0.0000,0,0,0,1450,0
751,5.7808,14.3448,0.0026,0.0000,0,0,0.0000,0,0.0000,0,0,0,1505,0
752,5.6737,14.5478,0.0029,0.0000,0,0,0.0000,0,0.0000,0,0,0,10837,0
753,5.7734,13.9516,0.0020,0.0000,0,0,0.0000,0,0.0000,0,0,0,3631,0
754,5.6772,13.4905,0.0026,0.0000,0,0,0.0000,0,0.0000,0,0,0,1492,0
755,5.8345,12.5420,0.0025,0.0000,0,0,0.0000,0,0.0000,0,0,0,1466,0
756,5.7698,12.0286,0.0028,0.0000,0,0,0.0000,0,0.0000,0,0,0,10221,0
757,5.6400,11.8230,0.0019,0.0000,0,0,0.0000,0,0.0000,0,0,0,1530,0
758,5.7275,14.2652,0.0023,0.0000,0,0,0.0000,0,0.0000,0,0,0,1422,0
759,5.6064,14.6114,0.0018,0.0000,0,0,0.0000,0,0.0000,0,0,0,1471,0
760,5.7572,14.3995,0.0024,0.0000,0,0,0.0000,0,0.0000,0,0,0,10115,0
761,5.7621,14.9797,0.0016,0.0000,0,0,0.0000,0,0.0000,0,0,0,1448,0
762,5.7755,16.2103,0.0020,0.0000,0,0,0.0000,0,0.0000,0,0,0,1373,0
763,5.8365,16.0523,0.0022,0.0000,0,0,0.0000,0,0.0000,0,0,0,1364,0
764,5.7942,14.6114,0.0033,0.0000,0,0,0.0000,0,0.0000,0,0,0,10054,0
765,5.8288,15.6830,0.0019,0.0000,0,0,0.0000,0,0.0000,0,0,0,1639,0
766,5.7509,15.6762,0.0022,0.0000,0,0,0.0000,0,0.0000,0,0,0,1502,0
767,5.6955,16.1555,0.0013,0.0000,0,0,0.0000,0,0.0000,0,0,0,1612,0
768,5.7691,16.3920,0.0074,0.0000,0,0,0.0000,0,0.0000,0,0,0,31158,0
769,5.7577,16.2645,0.0019,0.0000,0,0,0.0000,0,0.0000,0,0,0,2021,0
770,5.6639,17.4618,0.0024,0.0000,0,0,0.0000,0,0.0000,0,0,0,1613,0
771,5.7302,16.1137,0.0019,0.0000,0,0,0.0000,0,0.0000,0,0,0,1449,0
772,5.6672,15.0382,0.0025,0.0000,0,0,0.0000,0,0.0000,0,0,0,10101,0
773,5.7520,14.3914,0.0022,0.0000,0,0,0.0000,0,0.0000,0,0,0,3175,0
774,5.7542,13.4906,0.0021,0.0000,0,0,0.0000,0,0.0000,0,0,0,1620,0
775,5.8848,12.3896,0.0025,0.0000,0,0,0.0000,0,0.0000,0,0,0,1572,0
776,5.7230,14.5793,0.0026,0.0000,0,0,0.0000,0,0.0000,0,0,0,9826,0
777,5.8208,14.5317,0.0029,0.0000,0,0,0.0000,0,0.0000,0,0,0,1433,0
778,5.7389,16.4679,0.0022,0.0000,0,0,0.0000,0,0.0000,0,0,0,1484,0
779,5.7025,16.8821,0.0041,0.0000,0,0,0.0000,0,0.0000,0,0,0,1491,0
780,5.5859,15.5401,0.0378,0.0000,0,0,0.0000,0,0.0000,0,1,0,162525,0
781,5.6888,13.6713,0.0103,0.0000,0,0,0.0000,0,0.0000,0,0,0,33561,0
782,5.7724,13.8076,0.0026,0.0000,0,0,0.0000,0,0.0000,0,0,0,12877,0
783,5.6873,14.8135,0.0026,0.0000,0,0,0.0000,0,0.0000,0,0,0,10668,0
784,5.7650,15.1583,0.0032,0.0000,0,0,0.0000,0,0.0000,0,0,0,21421,0
785,5.6974,13.7453,0.0025,0.0000,0,0,0.0000,0,0.0000,0,0,0,7594,0
786,5.7551,15.0462,0.0026,0.0000,0,0,0.0000,0,0.0000,0,0,0,8598,0
787,5.7128,13.7914,0.0023,0.0000,0,0,0.0000,0,0.0000,0,0,0,6717,0
788,5.6664,15.1132,0.0031,0.0000,0,0,0.0000,0,0.0000,0,0,0,16970,0
789,5.7262,13.5793,0.0025,0.0000,0,0,0.0000,0,0.0000,0,0,0,4469,0
790,5.7070,12.9200,0.0026,0.0000,0,0,0.0000,0,0.0000,0,0,0,2423,0
791,5.6025,11.9417,0.0020,0.0000,0,0,0.0000,0,0.0000,0,0,0,1920,0
792,5.5287,13.9759,0.0028,0.0000,0,0,0.0000,0,0.0000,0,0,0,11122,0
793,5.7472,12.7114,0.0017,0.0000,0,0,0.0000,0,0.0000,0,0,0,1579,0
794,5.6652,11.7373,0.0018,0.0000,0,0,0.0000,0,0.0000,0,0,0,1469,0
795,5.7387,11.9911,0.0024,0.0000,0,0,0.0000,0,0.0000,0,0,0,1565,0
796,5.6595,12.2489,0.0024,0.0000,0,0,0.0000,0,0.0000,0,0,0,10155,0
797,5.7202,13.0990,0.0020,0.0000,0,0,0.0000,0,0.0000,0,0,0,2053,0
798,5.6538,13.9986,0.0021,0.0000,0,0,0.0000,0,0.0000,0,0,0,1729,0
799,5.8493,13.6531,0.0017,0.0000,0,0,0.0000,0,0.0000,0,0,0,1920,0
800,5.7930,12.6661,0.0033,0.0000,0,0,0.0000,0,0.0000,0,0,0,8927,0
801,5.7027,14.9062,0.0023,0.0000,0,0,0.0000,0,0.0000,0,0,0,2082,0
802,5.7685,12.2027,0.0018,0.0000,0,0,0.0000,0,0.0000,0,0,0,1623,0
803,5.6988,12.4679,0.0022,0.0000,0,0,0.0000,0,0.0000,0,0,0,1404,0
804,5.6699,13.5090,0.0025,0.0000,0,0,0.0000,0,0.0000,0,0,0,10057,0
805,5.7438,12.6743,0.0021,0.0000,0,0,0.0000,0,0.0000,0,0,0,2866,0
806,5.6565,11.7419,0.0018,0.0000,0,0,0.0000,0,0.0000,0,0,0,1520,0
807,5.7308,11.9149,0.0016,0.0000,0,0,0.0000,0,0.0000,0,0,0,1555,0
808,5.6658,11.9930,0.0025,0.0000,0,0,0.0000,0,0.0000,0,0,0,10319,0
809,5.7805,11.5947,0.0018,0.0000,0,0,0.0000,0,0.0000,0,0,0,1446,0
810,5.6984,11.7500,0.0022,0.0000,0,0,0.0000,0,0.0000,0,0,0,1557,0
811,5.7578,13.2873,0.0025,0.0000,0,0,0.0000,0,0.0000,0,0,0,2826,0
812,5.7506,12.7073,0.0029,0.0000,0,0,0.0000,0,0.0000,0,0,0,10234,0
813,5.8881,13.2922,0.0025,0.0000,0,0,0.0000,0,0.0000,0,0,0,1951,0
814,5.7848,12.9661,0.0024,0.0000,0,0,0.0000,0,0.0000,0,0,0,1559,0
815,5.7655,12.0670,0.0018,0.0000,0,0,0.0000,0,0.0000,0,0,0,1591,0
816,5.7218,13.2027,0.0026,0.0000,0,0,0.0000,0,0.0000,0,0,0,11402,0
817,5.8075,12.7382,0.0020,0.0000,0,0,0.0000,0,0.0000,0,0,0,3730,0
818,5.7833,12.0074,0.0021,0.0000,0,0,0.0000,0,0.0000,0,0,0,1659,0
819,5.8529,12.2622,0.0023,0.0000,0,0,0.0000,0,0.0000,0,0,0,1556,0
820,5.7975,12.5863,0.0028,0.0000,0,0,0.0000,0,0.0000,0,0,0,10999,0
821,5.7017,12.4381,0.0017,0.0000,0,0,0.0000,0,0.0000,0,0,0,1658,0
822,5.8219,12.5581,0.0023,0.0000,0,0,0.0000,0,0.0000,0,0,0,2315,0
823,5.7222,13.4667,0.0018,0.0000,0,0,0.0000,0,0.0000,0,0,0,1615,0
824,5.7957,12.9785,0.0030,0.0000,0,0,0.0000,0,0.0000,0,0,0,10643,0
825,5.7320,13.1980,0.0019,0.0000,0,0,0.0000,0,0.0000,0,0,0,1603,0
826,5.8678,14.9996,0.0022,0.0000,0,0,0.0000,0,0.0000,0,0,0,1561,0
827,5.7837,15.2073,0.0031,0.0000,0,0,0.0000,0,0.0000,0,0,0,1622,0
828,5.7040,12.1453,0.0026,0.0000,0,0,0.0000,0,0.0000,0,0,0,10799,0
829,5.7968,12.9225,0.0019,0.0000,0,0,0.0000,0,0.0000,0,0,0,2816,0
830,5.5770,12.7875,0.0021,0.0000,0,0,0.0000,0,0.0000,0,0,0,2864,0
831,5.6400,13.2992,0.0020,0.0000,0,0,0.0000,0,0.0000,0,0,0,2942,0
832,5.5588,13.2737,0.0027,0.0000,0,0,0.0000,0,0.0000,0,0,0,10705,0
833,5.6613,12.5536,0.0020,0.0000,0,0,0.0000,0,0.0000,0,0,0,3646,0
834,5.7623,12.1597,0.0018,0.0000,0,0,0.0000,0,0.0000,0,0,0,2164,0
835,5.7533,13.5978,0.0021,0.0000,0,0,0.0000,0,0.0000,0,0,0,1820,0
836,5.8341,13.1337,0.0024,0.0000,0,0,0.0000,0,0.0000,0,0,0,11287,0
837,5.7462,13.0383,0.0024,0.0000,0,0,0.0000,0,0.0000,0,0,0,2596,0
838,5.6497,12.5944,0.0020,0.0000,0,0,0.0000,0,0.0000,0,0,0,2273,0
839,5.7207,13.3355,0.0019,0.0000,0,0,0.0000,0,0.0000,0,0,0,2168,0
840,5.6591,10.6887,0.0295,0.0000,0,0,0.0000,0,0.0000,0,1,0,156325,0
841,5.7647,12.3923,0.0071,0.0000,0,0,0.0000,0,0.0000,0,0,0,30726,0
842,5.5729,11.7512,0.0033,0.0000,0,0,0.0000,0,0.0000,0,0,0,20831,0
843,5.7535,12.2629,0.0027,0.0000,0,0,0.0000,0,0.0000,0,0,0,11149,0
844,5.6893,12.0489,0.0035,0.0000,0,0,0.0000,0,0.0000,0,0,0,15838,0
845,5.6450,11.8999,0.0023,0.0000,0,0,0.0000,0,0.0000,0,0,0,10420,0
846,5.5584,11.7851,0.0018,0.0000,0,0,0.0000,0,0.0000,0,0,0,3701,0
847,5.6468,11.9113,0.0019,0.0000,0,0,0.0000,0,0.0000,0,0,0,3619,0
848,5.5392,12.8092,0.0032,0.0000,0,0,0.0000,0,0.0000,0,0,0,15706,0
849,5.6506,13.6424,0.0025,0.0000,0,0,0.0000,0,0.0000,0,0,0,4135,0
850,5.6517,13.3887,0.0027,0.0000,0,0,0.0000,0,0.0000,0,0,0,3398,0
851,5.5738,12.5047,0.0033,0.0000,0,0,0.0000,0,0.0000,0,0,0,2593,0
852,5.7875,12.8983,0.0029,0.0000,0,0,0.0000,0,0.0000,0,0,0,11707,0
853,5.7493,13.3847,0.0023,0.0000,0,0,0.0000,0,0.0000,0,0,0,2354,0
854,5.7432,14.3015,0.0020,0.0000,0,0,0.0000,0,0.0000,0,0,0,2125,0
855,5.7271,15.0035,0.0021,0.0000,0,0,0.0000,0,0.0000,0,0,0,1993,0
856,5.6042,13.7516,0.0025,0.0000,0,0,0.0000,0,0.0000,0,0,0,11294,0
857,5.7359,15.0891,0.0015,0.0000,0,0,0.0000,0,0.0000,0,0,0,1630,0
858,5.7401,14.7803,0.0020,0.0000,0,0,0.0000,0,0.0000,0,0,0,1578,0
859,5.7565,14.1486,0.0018,0.0000,0,0,0.0000,0,0.0000,0,0,0,1587,0
860,5.7553,14.1681,0.0028,0.0000,0,0,0.0000,0,0.0000,0,0,0,10449,0
861,5.7460,14.9740,0.0018,0.0000,0,0,0.0000,0,0.0000,0,0,0,2215,0
862,5.7156,14.9737,0.0022,0.0000,0,0,0.0000,0,0.0000,0,0,0,2245,0
863,5.7745,13.3604,0.0026,0.0000,0,0,0.0000,0,0.0000,0,0,0,2187,0
864,5.7182,12.0001,0.0105,0.0000,0,0,0.0000,0,0.0000,0,0,0,34769,0
865,5.6487,13.5387,0.0022,0.0000,0,0,0.0000,0,0.0000,0,0,0,4075,0
866,5.7076,14.1627,0.0017,0.0000,0,0,0.0000,0,0.0000,0,0,0,1992,0
867,5.6448,14.9380,0.0019,0.0000,0,0,0.0000,0,0.0000,0,0,0,1451,0
868,5.7210,11.8985,0.0027,0.0000,0,0,0.0000,0,0.0000,0,0,0,10981,0
869,5.7454,11.5328,0.0020,0.0000,0,0,0.0000,0,0.0000,0,0,0,2633,0
870,5.7705,12.2652,0.0030,0.0000,0,0,0.0000,0,0.0000,0,0,0,2008,0
871,5.8096,12.3488,0.0022,0.0000,0,0,0.0000,0,0.0000,0,0,0,1865,0
872,5.6991,14.5446,0.0023,0.0000,0,0,0.0000,0,0.0000,0,0,0,10535,0
873,5.7721,14.2449,0.0019,0.0000,0,0,0.0000,0,0.0000,0,0,0,1636,0
874,5.7925,13.6639,0.0027,0.0000,0,0,0.0000,0,0.0000,0,0,0,1689,0
875,5.8728,14.4389,0.0022,0.0000,0,0,0.0000,0,0.0000,0,0,0,2420,0
876,5.7565,12.4177,0.0030,0.0000,0,0,0.0000,0,0.0000,0,0,0,10374,0
877,5.6750,12.3309,0.0017,0.0000,0,0,0.0000,0,0.0000,0,0,0,3026,0
878,5.7280,14.8710,0.0023,0.0000,0,0,0.0000,0,0.0000,0,0,0,1742,0
879,5.6582,14.6522,0.0021,0.0000,0,0,0.0000,0,0.0000,0,0,0,1806,0
880,5.7428,13.7480,0.0025,0.0000,0,0,0.0000,0,0.0000,0,0,0,11955,0
881,5.6444,14.9479,0.0020,0.0000,0,0,0.0000,0,0.0000,0,0,0,2927,0
882,5.7297,12.9805,0.0018,0.0000,0,0,0.0000,0,0.0000,0,0,0,2527,0
883,5.6585,14.6810,0.0017,0.0000,0,0,0.0000,0,0.0000,0,0,0,1849,0
884,5.7720,15.0015,0.0025,0.0000,0,0,0.0000,0,0.0000,0,0,0,11505,0
885,5.7556,13.5977,0.0020,0.0000,0,0,0.0000,0,0.0000,0,0,0,2147,0
886,5.7431,14.8848,0.0018,0.0000,0,0,0.0000,0,0.0000,0,0,0,1970,0
887,5.7421,14.8793,0.0023,0.0000,0,0,0.0000,0,0.0000,0,0,0,2032,0
888,5.7633,15.0392,0.0025,0.0000,0,0,0.0000,0,0.0000,0,0,0,11658,0
889,5.7172,13.9452,0.0017,0.0000,0,0,0.0000,0,0.0000,0,0,0,1926,0
890,5.7806,14.8376,0.0018,0.0000,0,0,0.0000,0,0.0000,0,0,0,1869,0
891,5.7535,14.4868,0.0015,0.0000,0,0,0.0000,0,0.0000,0,0,0,2536,0
892,5.7424,14.6669,0.0027,0.0000,0,0,0.0000,0,0.0000,0,0,0,11130,0
893,5.7462,14.7685,0.0023,0.0000,0,0,0.0000,0,0.0000,0,0,0,2926,0
894,5.8127,12.6043,0.0025,0.0000,0,0,0.0000,0,0.0000,0,0,0,2623,0
895,5.7973,11.9167,0.0020,0.0000,0,0,0.0000,0,0.0000,0,0,0,2677,0
896,5.7515,14.0002,0.0029,0.0000,0,0,0.0000,0,0.0000,0,0,0,10585,0
897,5.6321,13.7190,0.0021,0.0000,0,0,0.0000,0,0.0000,0,0,0,2793,0
898,5.8086,14.0365,0.0020,0.0000,0,0,0.0000,0,0.0000,0,0,0,2544,0
899,5.7263,14.4177,0.0019,0.0000,0,0,0.0000,0,0.0000,0,0,0,2234,0
900,5.7740,12.7786,0.0274,0.0000,0,0,0.0000,0,0.0000,0,1,0,164076,0
901,5.7653,16.0442,0.0060,0.0000,0,0,0.0000,0,0.0000,0,0,0,23471,0
902,5.7970,16.2551,0.0037,0.0000,0,0,0.0000,0,0.0000,0,0,0,26086,0
903,5.7686,15.7811,0.0035,0.0000,0,0,0.0000,0,0.0000,0,0,0,18539,0
904,5.7695,16.3589,0.0036,0.0000,0,0,0.0000,0,0.0000,0,0,0,24003,0
905,5.7633,16.3569,0.0032,0.0000,0,0,0.0000,0,0.0000,0,0,0,11526,0
906,5.9168,15.8449,0.0018,0.0000,0,0,0.0000,0,0.0000,0,0,0,2683,0
907,5.7705,16.3987,0.0019,0.0000,0,0,0.0000,0,0.0000,0,0,0,1802,0
908,5.7711,17.5207,0.0031,0.0000,0,0,0.0000,0,0.0000,0,0,0,11674,0
909,5.7489,15.9844,0.0019,0.0000,0,0,0.0000,0,0.0000,0,0,0,2797,0
910,5.7624,17.0428,0.0023,0.0000,0,0,0.0000,0,0.0000,0,0,0,3573,0
911,5.8027,15.8063,0.0020,0.0000,0,0,0.0000,0,0.0000,0,0,0,3019,0
912,5.7680,15.8001,0.0034,0.0000,0,0,0.0000,0,0.0000,0,0,0,13308,0
913,5.7764,16.4453,0.0022,0.0000,0,0,0.0000,0,0.0000,0,0,0,4564,0
914,5.7947,16.8247,0.0015,0.0000,0,0,0.0000,0,0.0000,0,0,0,2862,0
915,5.7529,14.9557,0.0020,0.0000,0,0,0.0000,0,0.0000,0,0,0,2438,0
916,5.7585,15.0921,0.0027,0.0000,0,0,0.0000,0,0.0000,0,0,0,11883,0
917,5.7855,16.7915,0.0019,0.0000,0,0,0.0000,0,0.0000,0,0,0,2339,0
918,5.7660,14.9355,0.0020,0.0000,0,0,0.0000,0,0.0000,0,0,0,1991,0
919,5.8967,14.8663,0.0020,0.0000,0,0,0.0000,0,0.0000,0,0,0,1945,0
920,6.0669,14.2570,0.0024,0.0000,0,0,0.0000,0,0.0000,0,0,0,11232,0
921,5.9851,15.6891,0.0025,0.0000,0,0,0.0000,0,0.0000,0,0,0,2364,0
922,5.9213,13.9112,0.0017,0.0000,0,0,0.0000,0,0.0000,0,0,0,1504,0
923,5.7652,14.5910,0.0020,0.0000,0,0,0.0000,0,0.0000,0,0,0,1689,0
924,5.9447,12.0699,0.0026,0.0000,0,0,0.0000,0,0.0000,0,0,0,10853,0
925,5.7775,14.0877,0.0020,0.0000,0,0,0.0000,0,0.0000,0,0,0,2086,0
926,5.7894,15.0848,0.0020,0.0000,0,0,0.0000,0,0.0000,0,0,0,1948,0
927,5.7570,13.8293,0.0015,0.0000,0,0,0.0000,0,0.0000,0,0,0,2120,0
928,5.7571,12.5140,0.0022,0.0000,0,0,0.0000,0,0.0000,0,0,0,9886,0
929,5.7458,11.5700,0.0020,0.0000,0,0,0.0000,0,0.0000,0,0,0,2779,0
930,5.7625,11.6722,0.0029,0.0000,0,0,0.0000,0,0.0000,0,0,0,2219,0
931,5.8385,14.5144,0.0024,0.0000,0,0,0.0000,0,0.0000,0,0,0,1717,0
932,5.8072,14.8970,0.0027,0.0000,0,0,0.0000,0,0.0000,0,0,0,11406,0
933,5.7646,16.3530,0.0027,0.0000,0,0,0.0000,0,0.0000,0,0,0,2402,0
934,5.7691,13.5793,0.0026,0.0000,0,0,0.0000,0,0.0000,0,0,0,2275,0
935,5.7478,12.5368,0.0024,0.0000,0,0,0.0000,0,0.0000,0,0,0,2409,0
936,5.6509,11.9674,0.0030,0.0000,0,0,0.0000,0,0.0000,0,0,0,10705,0
937,5.7669,12.8617,0.0017,0.0000,0,0,0.0000,0,0.0000,0,0,0,2389,0
938,5.7488,15.0676,0.0017,0.0000,0,0,0.0000,0,0.0000,0,0,0,1701,0
939,5.6137,14.6822,0.0020,0.0000,0,0,0.0000,0,0.0000,0,0,0,1882,0
940,5.7316,15.1424,0.0026,0.0000,0,0,0.0000,0,0.0000,0,0,0,11607,0
941,5.6375,15.0374,0.0021,0.0000,0,0,0.0000,0,0.0000,0,0,0,3537,0
942,5.7006,15.2312,0.0020,0.0000,0,0,0.0000,0,0.0000,0,0,0,2705,0
943,5.7583,13.7101,0.0015,0.0000,0,0,0.0000,0,0.0000,0,0,0,2397,0
944,5.7721,15.1167,0.0030,0.0000,0,0,0.0000,0,0.0000,0,0,0,11966,0
945,5.7462,14.8259,0.0018,0.0000,0,0,0.0000,0,0.0000,0,0,0,3447,0
946,5.7733,13.7280,0.0015,0.0000,0,0,0.0000,0,0.0000,0,0,0,2314,0
947,5.6950,15.2526,0.0019,0.0000,0,0,0.0000,0,0.0000,0,0,0,2443,0
948,5.7533,13.5265,0.0025,0.0000,0,0,0.0000,0,0.0000,0,0,0,12080,0
949,5.7435,14.0081,0.0018,0.0000,0,0,0.0000,0,0.0000,0,0,0,2823,0
950,5.7550,15.0034,0.0016,0.0000,0,0,0.0000,0,0.0000,0,0,0,2651,0
951,5.7434,13.9597,0.0016,0.0000,0,0,0.0000,0,0.0000,0,0,0,2768,0
952,5.7482,14.0680,0.0029,0.0000,0,0,0.0000,0,0.0000,0,0,0,11876,0
953,5.8346,14.7826,0.0040,0.0000,0,0,0.0000,0,0.0000,0,0,0,2931,0
954,5.7996,12.7341,0.0019,0.0000,0,0,0.0000,0,0.0000,0,0,0,2004,0
955,5.7739,12.0819,0.0020,0.0000,0,0,0.0000,0,0.0000,0,0,0,2394,0
956,5.7884,14.1096,0.0025,0.0000,0,0,0.0000,0,0.0000,0,0,0,11403,0
957,5.7353,13.1913,0.0022,0.0000,0,0,0.0000,0,0.0000,0,0,0,3584,0
958,5.8470,14.1383,0.0019,0.0000,0,0,0.0000,0,0.0000,0,0,0,3167,0
959,5.7577,14.2457,0.0022,0.0000,0,0,0.0000,0,0.0000,0,0,0,3305,0
960,5.8289,12.6068,0.0169,0.0000,0,0,0.0000,0,0.0000,0,1,0,161907,0
961,5.7506,15.9378,0.0070,0.0000,0,0,0.0000,0,0.0000,0,0,0,23828,0
962,5.8783,15.6415,0.0031,0.0000,0,0,0.0000,0,0.0000,0,0,0,16461,0
963,5.8153,16.2590,0.0027,0.0000,0,0,0.0000,0,0.0000,0,0,0,6771,0
964,5.7677,16.2464,0.0033,0.0000,0,0,0.0000,0,0.0000,0,0,0,17373,0
965,5.7700,16.2371,0.0024,0.0000,0,0,0.0000,0,0.0000,0,0,0,5513,0
966,5.7520,15.6420,0.0021,0.0000,0,0,0.0000,0,0.0000,0,0,0,4750,0
967,5.7503,15.0204,0.0020,0.0000,0,0,0.0000,0,0.0000,0,0,0,3002,0
968,5.7136,15.4244,0.0022,0.0000,0,0,0.0000,0,0.0000,0,0,0,10214,0
969,5.7423,16.1435,0.0027,0.0000,0,0,0.0000,0,0.0000,0,0,0,2446,0
970,5.7720,16.9150,0.0018,0.0000,0,0,0.0000,0,0.0000,0,0,0,1345,0
971,5.9132,16.5072,0.0023,0.0000,0,0,0.0000,0,0.0000,0,0,0,1356,0
972,5.9365,16.2613,0.0033,0.0000,0,0,0.0000,0,0.0000,0,0,0,9950,0
973,5.7669,15.9272,0.0019,0.0000,0,0,0.0000,0,0.0000,0,0,0,3226,0
974,5.7750,16.4199,0.0020,0.0000,0,0,0.0000,0,0.0000,0,0,0,2013,0
975,5.7636,16.3030,0.0019,0.0000,0,0,0.0000,0,0.0000,0,0,0,1852,0
976,5.7645,14.5002,0.0022,0.0000,0,0,0.0000,0,0.0000,0,0,0,12114,0
977,6.0716,16.0882,0.0019,0.0000,0,0,0.0000,0,0.0000,0,0,0,3584,0
978,6.0014,15.7167,0.0020,0.0000,0,0,0.0000,0,0.0000,0,0,0,2312,0
979,5.9154,14.4504,0.0021,0.0000,0,0,0.0000,0,0.0000,0,0,0,2035,0
980,5.7780,15.1008,0.0025,0.0000,0,0,0.0000,0,0.0000,0,0,0,11804,0
981,5.7580,13.5418,0.0021,0.0000,0,0,0.0000,0,0.0000,0,0,0,2458,0
982,5.7633,14.6445,0.0020,0.0000,0,0,0.0000,0,0.0000,0,0,0,2018,0
983,5.7270,14.8437,0.0018,0.0000,0,0,0.0000,0,0.0000,0,0,0,1881,0
984,5.7937,12.7750,0.0027,0.0000,0,0,0.0000,0,0.0000,0,0,0,11277,0
985,5.7725,12.2866,0.0021,0.0000,0,0,0.0000,0,0.0000,0,0,0,2205,0
986,5.8150,14.8423,0.0018,0.0000,0,0,0.0000,0,0.0000,0,0,0,1501,0
987,5.7764,15.0708,0.0019,0.0000,0,0,0.0000,0,0.0000,0,0,0,1603,0
988,5.7744,12.2538,0.0024,0.0000,0,0,0.0000,0,0.0000,0,0,0,11293,0
989,5.7374,11.5434,0.0018,0.0000,0,0,0.0000,0,0.0000,0,0,0,2794,0
990,5.7213,11.6935,0.0027,0.0000,0,0,0.0000,0,0.0000,0,0,0,2464,0
991,5.8068,14.7714,0.0024,0.0000,0,0,0.0000,0,0.0000,0,0,0,2761,0
992,5.7992,14.9987,0.0030,0.0000,0,0,0.0000,0,0.0000,0,0,0,10268,0
993,5.7505,15.8147,0.0028,0.0000,0,0,0.0000,0,0.0000,0,0,0,3197,0
994,5.7805,13.6714,0.0025,0.0000,0,0,0.0000,0,0.0000,0,0,0,2580,0
995,5.8282,13.5074,0.0031,0.0000,0,0,0.0000,0,0.0000,0,0,0,1888,0
996,5.7990,12.3215,0.0026,0.0000,0,0,0.0000,0,0.0000,0,0,0,11755,0
997,5.7365,13.2950,0.0020,0.0000,0,0,0.0000,0,0.0000,0,0,0,2618,0
998,5.6552,14.5322,0.0019,0.0000,0,0,0.0000,0,0.0000,0,0,0,2386,0
999,5.7365,13.9702,0.0017,0.0000,0,0,0.0000,0,0.0000,0,0,0,2633,0
1000,5.7368,14.8627,0.0024,0.0000,0,0,0.0000,0,0.0000,0,0,0,10975,0
1001,5.7542,15.0496,0.0018,0.0000,0,0,0.0000,0,0.0000,0,0,0,2633,0
1002,5.7548,15.0947,0.0014,0.0000,0,0,0.0000,0,0.0000,0,0,0,1684,0
1003,5.7545,14.7940,0.0021,0.0000,0,0,0.0000,0,0.0000,0,0,0,1825,0
1004,5.7590,14.9382,0.0023,0.0000,0,0,0.0000,0,0.0000,0,0,0,11870,0
1005,5.7342,14.7586,0.0020,0.0000,0,0,0.0000,0,0.0000,0,0,0,3407,0
1006,5.7267,14.9624,0.0022,0.0000,0,0,0.0000,0,0.0000,0,0,0,2880,0
1007,5.6478,15.1326,0.0018,0.0000,0,0,0.0000,0,0.0000,0,0,0,3055,0
1008,5.7462,15.0206,0.0026,0.0000,0,0,0.0000,0,0.0000,0,0,0,12529,0
1009,5.7281,14.9232,0.0020,0.0000,0,0,0.0000,0,0.0000,0,0,0,3997,0
1010,5.7406,13.9731,0.0017,0.0000,0,0,0.0000,0,0.0000,0,0,0,3064,0
1011,5.7048,14.6815,0.0023,0.0000,0,0,0.0000,0,0.0000,0,0,0,3191,0
1012,5.7317,15.0595,0.0026,0.0000,0,0,0.0000,0,0.0000,0,0,0,12687,0
1013,5.7298,14.7873,0.0029,0.0000,0,0,0.0000,0,0.0000,0,0,0,3874,0
1014,5.6632,12.5139,0.0020,0.0000,0,0,0.0000,0,0.0000,0,0,0,3562,0
1015,5.7802,13.7620,0.0022,0.0000,0,0,0.0000,0,0.0000,0,0,0,3663,0
1016,5.7870,15.0223,0.0027,0.0000,0,0,0.0000,0,0.0000,0,0,0,12698,0
1017,5.5989,14.7302,0.0021,0.0000,0,0,0.0000,0,0.0000,0,0,0,3799,0
1018,5.7401,14.9336,0.0019,0.0000,0,0,0.0000,0,0.0000,0,0,0,2588,0
1019,5.7372,13.9138,0.0021,0.0000,0,0,0.0000,0,0.0000,0,0,0,2810,0
1020,5.7649,14.2951,0.0184,0.0000,0,0,0.0000,0,0.0000,0,1,0,171563,0
1021,5.7491,14.8032,0.0063,0.0000,0,0,0.0000,0,0.0000,0,0,0,24740,0
1022,5.7778,16.8011,0.0075,0.0000,0,0,0.0000,0,0.0000,0,0,0,27489,0
1023,5.7465,15.6736,0.0035,0.0000,0,0,0.0000,0,0.0000,0,0,0,15376,0
1024,5.7280,16.5139,0.0092,0.0000,0,0,0.0000,0,0.0000,0,0,0,39078,0
1025,5.7482,15.9277,0.0023,0.0000,0,0,0.0000,0,0.0000,0,0,0,8125,0
1026,5.7396,15.1175,0.0019,0.0000,0,0,0.0000,0,0.0000,0,0,0,7036,0
1027,5.7183,14.0367,0.0017,0.0000,0,0,0.0000,0,0.0000,0,0,0,2715,0
1028,5.7398,15.0092,0.0025,0.0000,0,0,0.0000,0,0.0000,0,0,0,13062,0
1029,5.7405,13.1293,0.0023,0.0000,0,0,0.0000,0,0.0000,0,0,0,1437,0
1030,5.8584,12.2737,0.0023,0.0000,0,0,0.0000,0,0.0000,0,0,0,1647,0
1031,5.8656,12.5471,0.0021,0.0000,0,0,0.0000,0,0.0000,0,0,0,1872,0
1032,5.7265,12.1105,0.0027,0.0000,0,0,0.0000,0,0.0000,0,0,0,9835,0
1033,5.6582,11.8335,0.0019,0.0000,0,0,0.0000,0,0.0000,0,0,0,1613,0
1034,5.6182,11.8469,0.0019,0.0000,0,0,0.0000,0,0.0000,0,0,0,1533,0
1035,5.6531,12.8429,0.0018,0.0000,0,0,0.0000,0,0.0000,0,0,0,1494,0
1036,5.5748,12.1281,0.0023,0.0000,0,0,0.0000,0,0.0000,0,0,0,9876,0
1037,5.6777,14.2750,0.0019,0.0000,0,0,0.0000,0,0.0000,0,0,0,3734,0
1038,5.7770,12.6637,0.0018,0.0000,0,0,0.0000,0,0.0000,0,0,0,1422,0
1039,5.7032,12.1408,0.0021,0.0000,0,0,0.0000,0,0.0000,0,0,0,1456,0
1040,5.7494,13.0488,0.0023,0.0000,0,0,0.0000,0,0.0000,0,0,0,11035,0
1041,5.7129,13.2995,0.0022,0.0000,0,0,0.0000,0,0.0000,0,0,0,2519,0
1042,5.6060,11.6790,0.0017,0.0000,0,0,0.0000,0,0.0000,0,0,0,1897,0
1043,5.7160,12.0518,0.0018,0.0000,0,0,0.0000,0,0.0000,0,0,0,1505,0
1044,5.6609,12.1736,0.0025,0.0000,0,0,0.0000,0,0.0000,0,0,0,10820,0
1045,5.7489,11.7017,0.0017,0.0000,0,0,0.0000,0,0.0000,0,0,0,1659,0
1046,5.6275,12.5585,0.0015,0.0000,0,0,0.0000,0,0.0000,0,0,0,1577,0
1047,5.7505,12.0195,0.0017,0.0000,0,0,0.0000,0,0.0000,0,0,0,1502,0
1048,5.6401,12.0197,0.0037,0.0000,0,0,0.0000,0,0.0000,0,0,0,10624,0
1049,5.7768,11.6740,0.0020,0.0000,0,0,0.0000,0,0.0000,0,0,0,1402,0
1050,5.7650,11.6949,0.0023,0.0000,0,0,0.0000,0,0.0000,0,0,0,1401,0
1051,5.7027,12.6015,0.0022,0.0000,0,0,0.0000,0,0.0000,0,0,0,1413,0
1052,5.6300,12.4920,0.0032,0.0000,0,0,0.0000,0,0.0000,0,0,0,10105,0
1053,5.7250,12.2985,0.0018,0.0000,0,0,0.0000,0,0.0000,0,0,0,1824,0
1054,5.7683,12.9608,0.0027,0.0000,0,0,0.0000,0,0.0000,0,0,0,1640,0
1055,5.7077,11.9320,0.0021,0.0000,0,0,0.0000,0,0.0000,0,0,0,1912,0
1056,5.7626,11.7873,0.0024,0.0000,0,0,0.0000,0,0.0000,0,0,0,9144,0
1057,5.6978,12.4462,0.0017,0.0000,0,0,0.0000,0,0.0000,0,0,0,2091,0
1058,5.6369,11.9274,0.0021,0.0000,0,0,0.0000,0,0.0000,0,0,0,1632,0
1059,5.5874,12.6090,0.0022,0.0000,0,0,0.0000,0,0.0000,0,0,0,1389,0
1060,5.6370,12.4339,0.0022,0.0000,0,0,0.0000,0,0.0000,0,0,0,9862,0
1061,5.7363,12.0983,0.0020,0.0000,0,0,0.0000,0,0.0000,0,0,0,3068,0
1062,5.6768,13.7120,0.0022,0.0000,0,0,0.0000,0,0.0000,0,0,0,1644,0
1063,5.7962,13.8555,0.0020,0.0000,0,0,0.0000,0,0.0000,0,0,0,1558,0
1064,5.7313,12.1472,0.0027,0.0000,0,0,0.0000,0,0.0000,0,0,0,10296,0
1065,5.8144,12.2942,0.0020,0.0000,0,0,0.0000,0,0.0000,0,0,0,1433,0
1066,5.7273,11.6510,0.0018,0.0000,0,0,0.0000,0,0.0000,0,0,0,1523,0
1067,5.6520,11.6636,0.0018,0.0000,0,0,0.0000,0,0.0000,0,0,0,1469,0
1068,5.7263,11.9332,0.0028,0.0000,0,0,0.0000,0,0.0000,0,0,0,10184,0
1069,5.6776,11.7999,0.0019,0.0000,0,0,0.0000,0,0.0000,0,0,0,1776,0
1070,5.7217,11.8815,0.0025,0.0000,0,0,0.0000,0,0.0000,0,0,0,1599,0
1071,5.6600,11.9945,0.0019,0.0000,0,0,0.0000,0,0.0000,0,0,0,1589,0
1072,5.7473,12.1231,0.0027,0.0000,0,0,0.0000,0,0.0000,0,0,0,11679,0
1073,5.7526,12.4545,0.0024,0.0000,0,0,0.0000,0,0.0000,0,0,0,3655,0
1074,5.6703,14.5786,0.0022,0.0000,0,0,0.0000,0,0.0000,0,0,0,1837,0
1075,5.7300,14.2393,0.0021,0.0000,0,0,0.0000,0,0.0000,0,0,0,1564,0
1076,5.6590,11.9814,0.0055,0.0000,0,0,0.0000,0,0.0000,0,0,0,11451,0
1077,5.6904,14.1963,0.0026,0.0000,0,0,0.0000,0,0.0000,0,0,0,1715,0
1078,5.6850,12.3528,0.0022,0.0000,0,0,0.0000,0,0.0000,0,0,0,1788,0
1079,5.5455,11.8623,0.0020,0.0000,0,0,0.0000,0,0.0000,0,0,0,1679,0
1080,5.6360,10.4073,0.0193,0.0000,0,0,0.0000,0,0.0000,0,1,0,168961,0
1081,5.5685,11.9602,0.0063,0.0000,0,0,0.0000,0,0.0000,0,0,0,21769,0
1082,5.4993,11.9415,0.0027,0.0000,0,0,0.0000,0,0.0000,0,0,0,14222,0
1083,5.7428,12.2969,0.0028,0.0000,0,0,0.0000,0,0.0000,0,0,0,10307,0
1084,5.6631,12.2701,0.0032,0.0000,0,0,0.0000,0,0.0000,0,0,0,15798,0
1085,5.7621,12.5230,0.0026,0.0000,0,0,0.0000,0,0.0000,0,0,0,7786,0
1086,5.7060,12.8245,0.0021,0.0000,0,0,0.0000,0,0.0000,0,0,0,6333,0
1087,5.8185,12.4446,0.0027,0.0000,0,0,0.0000,0,0.0000,0,0,0,4415,0
1088,5.7725,15.0806,0.0030,0.0000,0,0,0.0000,0,0.0000,0,0,0,10223,0
1089,5.6739,12.1003,0.0022,0.0000,0,0,0.0000,0,0.0000,0,0,0,3509,0
1090,5.5983,12.8121,0.0026,0.0000,0,0,0.0000,0,0.0000,0,0,0,2863,0
1091,5.5825,11.9002,0.0018,0.0000,0,0,0.0000,0,0.0000,0,0,0,1434,0
1092,5.7432,11.7885,0.0025,0.0000,0,0,0.0000,0,0.0000,0,0,0,9673,0
1093,5.6801,12.1150,0.0021,0.0000,0,0,0.0000,0,0.0000,0,0,0,3155,0
1094,5.7503,14.0776,0.0021,0.0000,0,0,0.0000,0,0.0000,0,0,0,1462,0
1095,5.6661,13.9047,0.0016,0.0000,0,0,0.0000,0,0.0000,0,0,0,1486,0
1096,5.8207,13.9290,0.0025,0.0000,0,0,0.0000,0,0.0000,0,0,0,9729,0
1097,5.7682,15.0373,0.0023,0.0000,0,0,0.0000,0,0.0000,0,0,0,1417,0
1098,5.8053,15.9053,0.0020,0.0000,0,0,0.0000,0,0.0000,0,0,0,2979,0
1099,5.7934,16.0796,0.0023,0.0000,0,0,0.0000,0,0.0000,0,0,0,1665,0
1100,5.6906,15.8395,0.0025,0.0000,0,0,0.0000,0,0.0000,0,0,0,9619,0
1101,5.7547,16.2070,0.0020,0.0000,0,0,0.0000,0,0.0000,0,0,0,2592,0
1102,5.8277,15.0309,0.0020,0.0000,0,0,0.0000,0,0.0000,0,0,0,1385,0
1103,5.7743,14.7907,0.0018,0.0000,0,0,0.0000,0,0.0000,0,0,0,1586,0
1104,5.7871,13.1848,0.0027,0.0000,0,0,0.0000,0,0.0000,0,0,0,10918,0
1105,5.7758,13.4906,0.0022,0.0000,0,0,0.0000,0,0.0000,0,0,0,2767,0
1106,5.7938,14.2947,0.0020,0.0000,0,0,0.0000,0,0.0000,0,0,0,1814,0
1107,5.7656,14.8701,0.0016,0.0000,0,0,0.0000,0,0.0000,0,0,0,1547,0
1108,5.7871,12.6839,0.0024,0.0000,0,0,0.0000,0,0.0000,0,0,0,10987,0
1109,5.7777,11.5444,0.0015,0.0000,0,0,0.0000,0,0.0000,0,0,0,1667,0
1110,5.7229,12.3966,0.0028,0.0000,0,0,0.0000,0,0.0000,0,0,0,1532,0
1111,5.7902,14.8126,0.0020,0.0000,0,0,0.0000,0,0.0000,0,0,0,1583,0
1112,5.7839,14.4171,0.0031,0.0000,0,0,0.0000,0,0.0000,0,0,0,10823,0
1113,5.6696,14.4805,0.0018,0.0000,0,0,0.0000,0,0.0000,0,0,0,1508,0
1114,5.5995,12.6070,0.0027,0.0000,0,0,0.0000,0,0.0000,0,0,0,1500,0
1115,5.5875,11.6380,0.0030,0.0000,0,0,0.0000,0,0.0000,0,0,0,1550,0
1116,5.6552,11.8490,0.0027,0.0000,0,0,0.0000,0,0.0000,0,0,0,10304,0
1117,5.7220,12.9768,0.0025,0.0000,0,0,0.0000,0,0.0000,0,0,0,2056,0
1118,5.7755,14.0163,0.0020,0.0000,0,0,0.0000,0,0.0000,0,0,0,2070,0
1119,5.8034,14.1649,0.0018,0.0000,0,0,0.0000,0,0.0000,0,0,0,2111,0
1120,5.6698,14.0671,0.0077,0.0000,0,0,0.0000,0,0.0000,0,0,0,34660,0
1121,5.7335,14.5904,0.0018,0.0000,0,0,0.0000,0,0.0000,0,0,0,3792,0
1122,5.7387,14.5451,0.0021,0.0000,0,0,0.0000,0,0.0000,0,0,0,1808,0
1123,5.6478,14.5294,0.0018,0.0000,0,0,0.0000,0,0.0000,0,0,0,1512,0
1124,5.7222,14.5859,0.0026,0.0000,0,0,0.0000,0,0.0000,0,0,0,11049,0
1125,5.7288,14.6051,0.0020,0.0000,0,0,0.0000,0,0.0000,0,0,0,2833,0
1126,5.7213,11.5926,0.0018,0.0000,0,0,0.0000,0,0.0000,0,0,0,2088,0
1127,5.6687,12.1879,0.0020,0.0000,0,0,0.0000,0,0.0000,0,0,0,2019,0
1128,5.7305,14.0011,0.0026,0.0000,0,0,0.0000,0,0.0000,0,0,0,10335,0
1129,5.7130,11.5648,0.0017,0.0000,0,0,0.0000,0,0.0000,0,0,0,2035,0
1130,5.7049,11.5663,0.0017,0.0000,0,0,0.0000,0,0.0000,0,0,0,1963,0
1131,5.7015,11.5793,0.0015,0.0000,0,0,0.0000,0,0.0000,0,0,0,1676,0
1132,5.6935,11.5403,0.0021,0.0000,0,0,0.0000,0,0.0000,0,0,0,10284,0
1133,5.7337,11.6577,0.0021,0.0000,0,0,0.0000,0,0.0000,0,0,0,2582,0
1134,5.7357,11.6342,0.0018,0.0000,0,0,0.0000,0,0.0000,0,0,0,1887,0
1135,5.7319,11.5913,0.0019,0.0000,0,0,0.0000,0,0.0000,0,0,0,1894,0
1136,5.7563,11.6896,0.0022,0.0000,0,0,0.0000,0,0.0000,0,0,0,12139,0
1137,5.6869,11.6510,0.0019,0.0000,0,0,0.0000,0,0.0000,0,0,0,3592,0
1138,5.7071,11.6112,0.0018,0.0000,0,0,0.0000,0,0.0000,0,0,0,2077,0
1139,5.7165,11.5431,0.0017,0.0000,0,0,0.0000,0,0.0000,0,0,0,2025,0
1140,5.6763,10.1312,0.0210,0.0000,0,0,0.0000,0,0.0000,0,1,0,192008,0
1141,5.6952,11.5916,0.0055,0.0000,0,0,0.0000,0,0.0000,0,0,0,23885,0
1142,5.7435,11.5519,0.0037,0.0000,0,0,0.0000,0,0.0000,0,0,0,26448,0
1143,5.7277,11.5486,0.0023,0.0000,0,0,0.0000,0,0.0000,0,0,0,11979,0
1144,5.7107,11.7809,0.0031,0.0000,0,0,0.0000,0,0.0000,0,0,0,26515,0
1145,5.7230,11.5154,0.0022,0.0000,0,0,0.0000,0,0.0000,0,0,0,9738,0
1146,5.6132,11.5518,0.0018,0.0000,0,0,0.0000,0,0.0000,0,0,0,6124,0
1147,5.6963,11.5668,0.0019,0.0000,0,0,0.0000,0,0.0000,0,0,0,4604,0
1148,5.6338,11.6013,0.0024,0.0000,0,0,0.0000,0,0.0000,0,0,0,13129,0
1149,5.7616,11.5850,0.0018,0.0000,0,0,0.0000,0,0.0000,0,0,0,3766,0
1150,5.7521,11.5557,0.0019,0.0000,0,0,0.0000,0,0.0000,0,0,0,3282,0
1151,5.7551,11.5671,0.0018,0.0000,0,0,0.0000,0,0.0000,0,0,0,3060,0
1152,5.7575,11.5682,0.0021,0.0000,0,0,0.0000,0,0.0000,0,0,0,10316,0
1153,5.7605,11.5708,0.0017,0.0000,0,0,0.0000,0,0.0000,0,0,0,3365,0
1154,5.7109,11.5666,0.0016,0.0000,0,0,0.0000,0,0.0000,0,0,0,2250,0
1155,5.7456,11.5510,0.0015,0.0000,0,0,0.0000,0,0.0000,0,0,0,1623,0
1156,5.7540,11.5412,0.0021,0.0000,0,0,0.0000,0,0.0000,0,0,0,11169,0
1157,5.7455,12.2471,0.0019,0.0000,0,0,0.0000,0,0.0000,0,0,0,2185,0
1158,5.8290,14.7451,0.0018,0.0000,0,0,0.0000,0,0.0000,0,0,0,2250,0
1159,5.7789,14.9955,0.0020,0.0000,0,0,0.0000,0,0.0000,0,0,0,2211,0
1160,5.7874,15.0525,0.0023,0.0000,0,0,0.0000,0,0.0000,0,0,0,10683,0
1161,5.7283,13.9805,0.0015,0.0000,0,0,0.0000,0,0.0000,0,0,0,1816,0
1162,5.6799,15.0596,0.0018,0.0000,0,0,0.0000,0,0.0000,0,0,0,1491,0
1163,5.7882,13.3555,0.0020,0.0000,0,0,0.0000,0,0.0000,0,0,0,1631,0
1164,5.8491,12.6811,0.0026,0.0000,0,0,0.0000,0,0.0000,0,0,0,11577,0
1165,5.7114,12.0347,0.0021,0.0000,0,0,0.0000,0,0.0000,0,0,0,3053,0
1166,5.8896,13.7955,0.0018,0.0000,0,0,0.0000,0,0.0000,0,0,0,2326,0
1167,5.8276,14.3465,0.0016,0.0000,0,0,0.0000,0,0.0000,0,0,0,2201,0
1168,5.8005,13.4871,0.0026,0.0000,0,0,0.0000,0,0.0000,0,0,0,12109,0
1169,5.7204,11.5550,0.0023,0.0000,0,0,0.0000,0,0.0000,0,0,0,3516,0
1170,5.7841,11.7911,0.0037,0.0000,0,0,0.0000,0,0.0000,0,0,0,2279,0
1171,5.8869,14.5406,0.0025,0.0000,0,0,0.0000,0,0.0000,0,0,0,2046,0
1172,5.8219,16.1261,0.0028,0.0000,0,0,0.0000,0,0.0000,0,0,0,11853,0
1173,5.7632,15.9880,0.0025,0.0000,0,0,0.0000,0,0.0000,0,0,0,2575,0
1174,5.7733,15.9168,0.0032,0.0000,0,0,0.0000,0,0.0000,0,0,0,2427,0
1175,5.8449,13.6580,0.0022,0.0000,0,0,0.0000,0,0.0000,0,0,0,2446,0
1176,5.7902,12.1131,0.0026,0.0000,0,0,0.0000,0,0.0000,0,0,0,11692,0
1177,5.7714,13.0676,0.0025,0.0000,0,0,0.0000,0,0.0000,0,0,0,2805,0
1178,5.7300,14.4643,0.0018,0.0000,0,0,0.0000,0,0.0000,0,0,0,2201,0
1179,5.6511,14.6144,0.0020,0.0000,0,0,0.0000,0,0.0000,0,0,0,2143,0
1180,5.7594,13.5880,0.0027,0.0000,0,0,0.0000,0,0.0000,0,0,0,11384,0
1181,5.6769,14.0242,0.0020,0.0000,0,0,0.0000,0,0.0000,0,0,0,3203,0
1182,5.7238,14.8909,0.0020,0.0000,0,0,0.0000,0,0.0000,0,0,0,2817,0
1183,5.7447,15.5515,0.0021,0.0000,0,0,0.0000,0,0.0000,0,0,0,2962,0
1184,5.7530,14.7445,0.0029,0.0000,0,0,0.0000,0,0.0000,0,0,0,11168,0
1185,5.7565,16.1783,0.0022,0.0000,0,0,0.0000,0,0.0000,0,0,0,3832,0
1186,5.7790,16.4761,0.0022,0.0000,0,0,0.0000,0,0.0000,0,0,0,3541,0
1187,5.7274,15.7799,0.0019,0.0000,0,0,0.0000,0,0.0000,0,0,0,2837,0
1188,5.7610,15.0079,0.0024,0.0000,0,0,0.0000,0,0.0000,0,0,0,12427,0
1189,5.7579,14.5248,0.0017,0.0000,0,0,0.0000,0,0.0000,0,0,0,3612,0
1190,5.7671,14.8612,0.0015,0.0000,0,0,0.0000,0,0.0000,0,0,0,3482,0
1191,5.7818,14.7282,0.0019,0.0000,0,0,0.0000,0,0.0000,0,0,0,3632,0
1192,5.7578,14.9388,0.0026,0.0000,0,0,0.0000,0,0.0000,0,0,0,11812,0
1193,5.7429,14.5906,0.0025,0.0000,0,0,0.0000,0,0.0000,0,0,0,3643,0
1194,5.8229,12.0343,0.0018,0.0000,0,0,0.0000,0,0.0000,0,0,0,2605,0
1195,5.7660,13.2046,0.0019,0.0000,0,0,0.0000,0,0.0000,0,0,0,2846,0
1196,5.7398,14.8909,0.0027,0.0000,0,0,0.0000,0,0.0000,0,0,0,12432,0
1197,5.6569,14.1952,0.0023,0.0000,0,0,0.0000,0,0.0000,0,0,0,4496,0
1198,5.8062,14.9036,0.0020,0.0000,0,0,0.0000,0,0.0000,0,0,0,4035,0
1199,5.6587,15.0310,0.0020,0.0000,0,0,0.0000,0,0.0000,0,0,0,4040,0
1200,5.7316,11.8664,0.0178,0.0000,0,0,0.0000,0,0.0000,0,1,0,169935,0
1201,5.7565,13.3284,0.0067,0.0000,0,0,0.0000,0,0.0000,0,0,0,28829,0
1202,5.7488,14.9822,0.0027,0.0000,0,0,0.0000,0,0.0000,0,0,0,13816,0
1203,5.7371,13.2869,0.0027,0.0000,0,0,0.0000,0,0.0000,0,0,0,11351,0
1204,5.7553,15.1486,0.0030,0.0000,0,0,0.0000,0,0.0000,0,0,0,18172,0
1205,5.7475,13.7463,0.0021,0.0000,0,0,0.0000,0,0.0000,0,0,0,5524,0
1206,5.7405,14.8278,0.0025,0.0000,0,0,0.0000,0,0.0000,0,0,0,4007,0
1207,5.7121,15.1156,0.0017,0.0000,0,0,0.0000,0,0.0000,0,0,0,1923,0
1208,5.6428,14.9930,0.0025,0.0000,0,0,0.0000,0,0.0000,0,0,0,10211,0
1209,5.7302,13.6730,0.0017,0.0000,0,0,0.0000,0,0.0000,0,0,0,1686,0
1210,5.7320,12.8130,0.0016,0.0000,0,0,0.0000,0,0.0000,0,0,0,1407,0
1211,5.7588,13.6858,0.0016,0.0000,0,0,0.0000,0,0.0000,0,0,0,1392,0
1212,5.6830,14.8052,0.0019,0.0000,0,0,0.0000,0,0.0000,0,0,0,10062,0
1213,5.7126,13.6538,0.0016,0.0000,0,0,0.0000,0,0.0000,0,0,0,2013,0
1214,5.7380,13.4484,0.0016,0.0000,0,0,0.0000,0,0.0000,0,0,0,1920,0
1215,5.7473,15.1389,0.0021,0.0000,0,0,0.0000,0,0.0000,0,0,0,1709,0
1216,5.7481,14.6322,0.0071,0.0000,0,0,0.0000,0,0.0000,0,0,0,34512,0
1217,5.7655,14.9079,0.0019,0.0000,0,0,0.0000,0,0.0000,0,0,0,3770,0
1218,5.7464,14.6964,0.0016,0.0000,0,0,0.0000,0,0.0000,0,0,0,1660,0
1219,5.7455,14.8979,0.0017,0.0000,0,0,0.0000,0,0.0000,0,0,0,1402,0
1220,5.7233,15.0483,0.0025,0.0000,0,0,0.0000,0,0.0000,0,0,0,10089,0
1221,5.7415,15.1629,0.0020,0.0000,0,0,0.0000,0,0.0000,0,0,0,3112,0
1222,5.7330,14.9757,0.0018,0.0000,0,0,0.0000,0,0.0000,0,0,0,1480,0
1223,5.7776,14.8853,0.0027,0.0000,0,0,0.0000,0,0.0000,0,0,0,1425,0
1224,5.7679,12.1710,0.0028,0.0000,0,0,0.0000,0,0.0000,0,0,0,10298,0
1225,5.7531,12.6398,0.0023,0.0000,0,0,0.0000,0,0.0000,0,0,0,1485,0
1226,5.7822,14.9437,0.0021,0.0000,0,0,0.0000,0,0.0000,0,0,0,1397,0
1227,5.7305,15.2855,0.0018,0.0000,0,0,0.0000,0,0.0000,0,0,0,1389,0
1228,5.7337,12.6904,0.0024,0.0000,0,0,0.0000,0,0.0000,0,0,0,11175,0
1229,5.7840,11.5632,0.0017,0.0000,0,0,0.0000,0,0.0000,0,0,0,3148,0
1230,5.7606,12.8161,0.0030,0.0000,0,0,0.0000,0,0.0000,0,0,0,1742,0
1231,5.8510,14.8178,0.0021,0.0000,0,0,0.0000,0,0.0000,0,0,0,1453,0
1232,5.7787,14.7855,0.0026,0.0000,0,0,0.0000,0,0.0000,0,0,0,11249,0
1233,5.7387,14.9023,0.0018,0.0000,0,0,0.0000,0,0.0000,0,0,0,3839,0
1234,5.6842,13.8979,0.0022,0.0000,0,0,0.0000,0,0.0000,0,0,0,1440,0
1235,5.6831,14.2790,0.0023,0.0000,0,0,0.0000,0,0.0000,0,0,0,1455,0
1236,5.6595,13.0825,0.0028,0.0000,0,0,0.0000,0,0.0000,0,0,0,10297,0
1237,5.6260,12.2227,0.0017,0.0000,0,0,0.0000,0,0.0000,0,0,0,1554,0
1238,5.8072,14.1237,0.0015,0.0000,0,0,0.0000,0,0.0000,0,0,0,1430,0
1239,5.7593,14.9235,0.0018,0.0000,0,0,0.0000,0,0.0000,0,0,0,1485,0
1240,5.8024,12.6322,0.0032,0.0000,0,0,0.0000,0,0.0000,0,0,0,10555,0
1241,5.5439,11.8100,0.0021,0.0000,0,0,0.0000,0,0.0000,0,0,0,1527,0
1242,4.7523,12.3922,0.0018,0.0000,0,0,0.0000,0,0.0000,0,0,0,1419,0
1243,4.5883,13.1546,0.0021,0.0000,0,0,0.0000,0,0.0000,0,0,0,1428,0
1244,4.5644,11.6366,0.0055,0.0000,0,0,0.0000,0,0.0000,0,0,0,10395,0
1245,20.8090,11.8102,0.0040,0.0000,0,0,0.0000,0,0.0000,0,0,0,1633,0
1246,5.2496,15.7010,0.0025,0.0000,0,0,0.0000,0,0.0000,0,0,0,1562,0
1247,26.0465,12.0225,0.0040,0.0000,0,0,0.0000,0,0.0000,0,0,0,1756,0
1248,8.3244,12.5805,0.0035,0.0000,0,0,0.0000,0,0.0000,0,0,0,9460,0
1249,20.3188,12.5008,0.0034,0.0000,0,0,0.0000,0,0.0000,0,0,0,2408,0
1250,11.5166,12.3802,0.0209,0.0000,0,0,0.0000,0,0.0000,0,0,0,1825,0
1251,8.9757,12.3705,0.0031,0.0000,0,0,0.0000,0,0.0000,0,0,0,1536,0
1252,6.7493,12.2253,0.0039,0.0000,0,0,0.0000,0,0.0000,0,0,0,11363,0
1253,5.7869,11.7610,0.0035,0.0000,0,0,0.0000,0,0.0000,0,0,0,2285,0
1254,5.2780,12.4614,0.0025,0.0000,0,0,0.0000,0,0.0000,0,0,0,1934,0
1255,4.6459,11.6954,0.0033,0.0000,0,0,0.0000,0,0.0000,0,0,0,1934,0
1256,4.8415,11.5612,0.0080,0.0000,0,0,0.0000,0,0.0000,0,0,0,10685,0
1257,4.7843,11.5321,0.0025,0.0000,0,0,0.0000,0,0.0000,0,0,0,1961,0
1258,4.7383,11.7213,0.0029,0.0000,0,0,0.0000,0,0.0000,0,0,0,1517,0
1259,5.1290,12.3397,0.0047,0.0000,0,0,0.0000,0,0.0000,0,0,0,1664,0
1260,6.8517,11.6679,0.0548,0.0000,0,0,0.0000,0,0.0000,0,1,0,152675,0
1261,9.0702,11.8945,0.0060,0.0000,0,0,0.0000,0,0.0000,0,0,0,28942,0
1262,5.8861,11.8405,0.0047,0.0000,0,0,0.0000,0,0.0000,0,0,0,26210,0
1263,19.7858,11.8997,0.0123,0.0000,0,0,0.0000,0,0.0000,0,0,0,17300,0
1264,5.2373,15.2127,0.0039,0.0000,0,0,0.0000,0,0.0000,0,0,0,27193,0
1265,4.8353,12.0947,0.0033,0.0000,0,0,0.0000,0,0.0000,0,0,0,12221,0
1266,4.8032,12.1386,0.0045,0.0000,0,0,0.0000,0,0.0000,0,0,0,7608,0
1267,6.4822,11.8146,0.0032,0.0000,0,0,0.0000,0,0.0000,0,0,0,5548,0
1268,4.8907,11.7561,0.0036,0.0000,0,0,0.0000,0,0.0000,0,0,0,15512,0
1269,4.8287,11.6015,0.0023,0.0000,0,0,0.0000,0,0.0000,0,0,0,3544,0
1270,4.7737,11.6444,0.0044,0.0000,0,0,0.0000,0,0.0000,0,0,0,2115,0
1271,5.2113,11.7617,0.0025,0.0000,0,0,0.0000,0,0.0000,0,0,0,1752,0
1272,5.5048,11.7039,0.0029,0.0000,0,0,0.0000,0,0.0000,0,0,0,10900,0
1273,5.8019,11.8203,0.0033,0.0000,0,0,0.0000,0,0.0000,0,0,0,2077,0
1274,5.7027,12.1116,0.0029,0.0000,0,0,0.0000,0,0.0000,0,0,0,1646,0
1275,5.6582,11.9814,0.0022,0.0000,0,0,0.0000,0,0.0000,0,0,0,1505,0
1276,5.7002,11.7845,0.0037,0.0000,0,0,0.0000,0,0.0000,0,0,0,10519,0
1277,5.7233,11.7996,0.0023,0.0000,0,0,0.0000,0,0.0000,0,0,0,1744,0
1278,5.6437,11.7536,0.0030,0.0000,0,0,0.0000,0,0.0000,0,0,0,1608,0
1279,5.7638,12.5953,0.0027,0.0000,0,0,0.0000,0,0.0000,0,0,0,1705,0
1280,9.1296,12.0006,0.0053,0.0000,0,0,0.0000,0,0.0000,0,0,0,31328,0
1281,5.4624,11.8912,0.0028,0.0000,0,0,0.0000,0,0.0000,0,0,0,2197,0
1282,5.8511,11.8201,0.0024,0.0000,0,0,0.0000,0,0.0000,0,0,0,1850,0
1283,5.4815,11.8995,0.0034,0.0000,0,0,0.0000,0,0.0000,0,0,0,1547,0
1284,5.4104,11.6464,0.0036,0.0000,0,0,0.0000,0,0.0000,0,0,0,11089,0
1285,4.9841,15.1641,0.0026,0.0000,0,0,0.0000,0,0.0000,0,0,0,1819,0
1286,6.1215,14.3861,0.0023,0.0000,0,0,0.0000,0,0.0000,0,0,0,2326,0
1287,5.8962,14.9885,0.0022,0.0000,0,0,0.0000,0,0.0000,0,0,0,2246,0
1288,5.9088,14.8138,0.0030,0.0000,0,0,0.0000,0,0.0000,0,0,0,10670,0
1289,5.7976,15.5012,0.0024,0.0000,0,0,0.0000,0,0.0000,0,0,0,1790,0
1290,5.8458,14.0772,0.0026,0.0000,0,0,0.0000,0,0.0000,0,0,0,1844,0
1291,5.8572,13.4712,0.0022,0.0000,0,0,0.0000,0,0.0000,0,0,0,2129,0
1292,5.8522,13.1538,0.0034,0.0000,0,0,0.0000,0,0.0000,0,0,0,10395,0
1293,5.3735,11.7030,0.0038,0.0000,0,0,0.0000,0,0.0000,0,0,0,3033,0
1294,5.7229,11.5916,0.0026,0.0000,0,0,0.0000,0,0.0000,0,0,0,1933,0
1295,5.8716,12.6100,0.0024,0.0000,0,0,0.0000,0,0.0000,0,0,0,1923,0
1296,5.7531,14.8625,0.0036,0.0000,0,0,0.0000,0,0.0000,0,0,0,12095,0
1297,5.7501,15.2580,0.0025,0.0000,0,0,0.0000,0,0.0000,0,0,0,3491,0
1298,5.8503,14.1808,0.0022,0.0000,0,0,0.0000,0,0.0000,0,0,0,2235,0
1299,5.7855,13.5348,0.0028,0.0000,0,0,0.0000,0,0.0000,0,0,0,2138,0
1300,5.8548,14.2687,0.0037,0.0000,0,0,0.0000,0,0.0000,0,0,0,11763,0
1301,5.8793,12.9389,0.0021,0.0000,0,0,0.0000,0,0.0000,0,0,0,2317,0
1302,5.8553,14.3710,0.0026,0.0000,0,0,0.0000,0,0.0000,0,0,0,2318,0
1303,5.7022,14.3662,0.0024,0.0000,0,0,0.0000,0,0.0000,0,0,0,2487,0
1304,6.0027,14.6739,0.0029,0.0000,0,0,0.0000,0,0.0000,0,0,0,11872,0
1305,5.5963,14.6598,0.0025,0.0000,0,0,0.0000,0,0.0000,0,0,0,2067,0
1306,5.5060,14.3299,0.0029,0.0000,0,0,0.0000,0,0.0000,0,0,0,2110,0
1307,5.4277,17.6307,0.0093,0.0000,0,0,0.0000,0,0.0000,0,0,0,2293,0
1308,5.7379,17.7264,0.0024,0.0000,0,0,0.0000,0,0.0000,0,0,0,11329,0
1309,5.7563,17.8077,0.0016,0.0000,0,0,0.0000,0,0.0000,0,0,0,3337,0
1310,5.7296,17.8597,0.0018,0.0000,0,0,0.0000,0,0.0000,0,0,0,2928,0
1311,5.9155,16.9188,0.0018,0.0000,0,0,0.0000,0,0.0000,0,0,0,3220,0
1312,6.2065,19.8088,0.0025,0.0000,0,0,0.0000,0,0.0000,0,0,0,11078,0
1313,6.2560,21.7922,0.0015,0.0000,0,0,0.0000,0,0.0000,0,0,0,3662,0
1314,6.1372,22.2890,0.0013,0.0000,0,0,0.0000,0,0.0000,0,0,0,3351,0
1315,6.2334,22.5330,0.0016,0.0000,0,0,0.0000,0,0.0000,0,0,0,2662,0
1316,6.1063,23.1573,0.0026,0.0000,0,0,0.0000,0,0.0000,0,0,0,12243,0
1317,6.1314,23.4410,0.0017,0.0000,0,0,0.0000,0,0.0000,0,0,0,3304,0
1318,6.3057,23.9010,0.0014,0.0000,0,0,0.0000,0,0.0000,0,0,0,3233,0
1319,6.1287,24.6800,0.0017,0.0000,0,0,0.0000,0,0.0000,0,0,0,3352,0
1320,6.2817,19.5650,0.0709,0.0000,0,0,0.0000,0,0.0000,0,1,0,155778,0
1321,6.1862,22.1920,0.0069,0.0000,0,0,0.0000,0,0.0000,0,0,0,30307,0
1322,6.5248,22.1564,0.0105,0.0000,0,0,0.0000,0,0.0000,0,0,0,19906,0
1323,6.5130,22.8845,0.0022,0.0000,0,0,0.0000,0,0.0000,0,0,0,11495,0
1324,6.4163,23.4707,0.0029,0.0000,0,0,0.0000,0,0.0000,0,0,0,16410,0
1325,6.3649,23.9637,0.0028,0.0000,0,0,0.0000,0,0.0000,0,0,0,12323,0
1326,6.3040,24.5009,0.0019,0.0000,0,0,0.0000,0,0.0000,0,0,0,3319,0
1327,6.4667,24.8635,0.0013,0.0000,0,0,0.0000,0,0.0000,0,0,0,3411,0
1328,6.3765,25.6360,0.0030,0.0000,0,0,0.0000,0,0.0000,0,0,0,15452,0
1329,6.3717,26.1760,0.0018,0.0000,0,0,0.0000,0,0.0000,0,0,0,4056,0
1330,6.3362,26.8428,0.0018,0.0000,0,0,0.0000,0,0.0000,0,0,0,3142,0
1331,6.2684,27.3445,0.0013,0.0000,0,0,0.0000,0,0.0000,0,0,0,2413,0
1332,6.2553,27.7366,0.0025,0.0000,0,0,0.0000,0,0.0000,0,0,0,11716,0
1333,6.2700,28.1934,0.0013,0.0000,0,0,0.0000,0,0.0000,0,0,0,2141,0
1334,6.3742,28.5993,0.0016,0.0000,0,0,0.0000,0,0.0000,0,0,0,1949,0
1335,6.4653,29.0673,0.0016,0.0000,0,0,0.0000,0,0.0000,0,0,0,1747,0
1336,6.3756,29.7115,0.0028,0.0000,0,0,0.0000,0,0.0000,0,0,0,11296,0
1337,6.4844,30.0547,0.0014,0.0000,0,0,0.0000,0,0.0000,0,0,0,1716,0
1338,6.3061,30.7997,0.0013,0.0000,0,0,0.0000,0,0.0000,0,0,0,1631,0
1339,6.3231,31.1280,0.0016,0.0000,0,0,0.0000,0,0.0000,0,0,0,1693,0
1340,6.3242,31.7944,0.0029,0.0000,0,0,0.0000,0,0.0000,0,0,0,10666,0
1341,7.0637,31.5165,0.0020,0.0000,0,0,0.0000,0,0.0000,0,0,0,2341,0
1342,6.8748,32.6251,0.0022,0.0000,0,0,0.0000,0,0.0000,0,0,0,2205,0
1343,7.0547,32.6945,0.0018,0.0000,0,0,0.0000,0,0.0000,0,0,0,2300,0
1344,7.0558,33.3921,0.0023,0.0000,0,0,0.0000,0,0.0000,0,0,0,9641,0
1345,7.0591,33.8018,0.0022,0.0000,0,0,0.0000,0,0.0000,0,0,0,2760,0
1346,7.0283,34.3875,0.0013,0.0000,0,0,0.0000,0,0.0000,0,0,0,2267,0
1347,7.0392,34.7650,0.0012,0.0000,0,0,0.0000,0,0.0000,0,0,0,1543,0
1348,6.9237,35.3802,0.0021,0.0000,0,0,0.0000,0,0.0000,0,0,0,11239,0
1349,6.7489,35.9202,0.0011,0.0000,0,0,0.0000,0,0.0000,0,0,0,2413,0
1350,6.5434,36.4741,0.0019,0.0000,0,0,0.0000,0,0.0000,0,0,0,2084,0
1351,6.3321,37.0571,0.0022,0.0000,0,0,0.0000,0,0.0000,0,0,0,2177,0
1352,6.3306,37.3913,0.0024,0.0000,0,0,0.0000,0,0.0000,0,0,0,10575,0
1353,6.2800,37.8926,0.0033,0.0000,0,0,0.0000,0,0.0000,0,0,0,1800,0
1354,6.3602,38.2545,0.0029,0.0000,0,0,0.0000,0,0.0000,0,0,0,2018,0
1355,6.4737,38.4563,0.0016,0.0000,0,0,0.0000,0,0.0000,0,0,0,1638,0
1356,6.5938,38.4922,0.0025,0.0000,0,0,0.0000,0,0.0000,0,0,0,10373,0
1357,6.4147,38.6823,0.0013,0.0000,0,0,0.0000,0,0.0000,0,0,0,2917,0
1358,6.4335,38.6975,0.0012,0.0000,0,0,0.0000,0,0.0000,0,0,0,2171,0
1359,6.2668,38.8804,0.0015,0.0000,0,0,0.0000,0,0.0000,0,0,0,2063,0
1360,6.4281,38.6594,0.0022,0.0000,0,0,0.0000,0,0.0000,0,0,0,11932,0
1361,6.2242,39.0407,0.0013,0.0000,0,0,0.0000,0,0.0000,0,0,0,3169,0
1362,6.2865,38.8783,0.0018,0.0000,0,0,0.0000,0,0.0000,0,0,0,2201,0
1363,6.3550,38.9661,0.0013,0.0000,0,0,0.0000,0,0.0000,0,0,0,2179,0
1364,6.2079,39.0470,0.0020,0.0000,0,0,0.0000,0,0.0000,0,0,0,11776,0
1365,6.3383,38.8555,0.0013,0.0000,0,0,0.0000,0,0.0000,0,0,0,2253,0
1366,6.2895,38.9689,0.0015,0.0000,0,0,0.0000,0,0.0000,0,0,0,2227,0
1367,6.2860,38.8686,0.0013,0.0000,0,0,0.0000,0,0.0000,0,0,0,2370,0
1368,6.3158,38.9355,0.0022,0.0000,0,0,0.0000,0,0.0000,0,0,0,11850,0
1369,6.2496,39.0675,0.0012,0.0000,0,0,0.0000,0,0.0000,0,0,0,2144,0
1370,6.2942,39.0457,0.0013,0.0000,0,0,0.0000,0,0.0000,0,0,0,2198,0
1371,6.2990,39.0963,0.0013,0.0000,0,0,0.0000,0,0.0000,0,0,0,2224,0
1372,6.2893,39.0323,0.0023,0.0000,0,0,0.0000,0,0.0000,0,0,0,11347,0
1373,6.2270,38.9642,0.0015,0.0000,0,0,0.0000,0,0.0000,0,0,0,3425,0
1374,6.2773,38.8894,0.0013,0.0000,0,0,0.0000,0,0.0000,0,0,0,3427,0
1375,6.1582,38.9873,0.0015,0.0000,0,0,0.0000,0,0.0000,0,0,0,3530,0
1376,6.3243,38.7306,0.0117,0.0000,0,0,0.0000,0,0.0000,0,0,0,36276,0
1377,6.2590,38.8697,0.0020,0.0000,0,0,0.0000,0,0.0000,0,0,0,5051,0
1378,6.3048,38.8163,0.0010,0.0000,0,0,0.0000,0,0.0000,0,0,0,3756,0
1379,5.9906,39.2434,0.0018,0.0000,0,0,0.0000,0,0.0000,0,0,0,2898,0
1380,6.3327,36.3605,0.3989,0.0000,0,0,0.0000,0,0.0000,0,1,0,163570,0
1381,6.3075,36.7855,0.0095,0.0000,0,0,0.0000,0,0.0000,0,0,0,24594,0
1382,6.1143,37.2580,0.0156,0.0000,0,0,0.0000,0,0.0000,0,0,0,25718,0
1383,6.2498,37.4478,0.0035,0.0000,0,0,0.0000,0,0.0000,0,0,0,18210,0
1384,6.0986,38.3316,0.0206,0.0000,0,0,0.0000,0,0.0000,0,0,0,24230,0
1385,5.9667,38.4550,0.0023,0.0000,0,0,0.0000,0,0.0000,0,0,0,8686,0
1386,5.8844,38.6334,0.0095,0.0000,0,0,0.0000,0,0.0000,0,0,0,6467,0
1387,5.8877,38.6379,0.0018,0.0000,0,0,0.0000,0,0.0000,0,0,0,4426,0
1388,5.9992,37.4795,0.0018,0.0000,0,0,0.0000,0,0.0000,0,0,0,12197,0
1389,5.9159,32.3843,0.0013,0.0000,0,0,0.0000,0,0.0000,0,0,0,5134,0
1390,5.9689,27.1440,0.0009,0.0000,0,0,0.0000,0,0.0000,0,0,0,1665,0
1391,6.0620,21.8381,0.0013,0.0000,0,0,0.0000,0,0.0000,0,0,0,1560,0
1392,6.1565,20.0978,0.0022,0.0000,0,0,0.0000,0,0.0000,0,0,0,12083,0
1393,6.2284,22.3737,0.0015,0.0000,0,0,0.0000,0,0.0000,0,0,0,3863,0
1394,6.3440,22.7093,0.0015,0.0000,0,0,0.0000,0,0.0000,0,0,0,2815,0
1395,6.2992,23.2065,0.0012,0.0000,0,0,0.0000,0,0.0000,0,0,0,2223,0
1396,6.3175,23.6544,0.0022,0.0000,0,0,0.0000,0,0.0000,0,0,0,11903,0
1397,6.2870,24.1820,0.0011,0.0000,0,0,0.0000,0,0.0000,0,0,0,1926,0
1398,6.2762,24.6158,0.0016,0.0000,0,0,0.0000,0,0.0000,0,0,0,1689,0
1399,6.2932,23.0510,0.0011,0.0000,0,0,0.0000,0,0.0000,0,0,0,1723,0
1400,6.2009,21.4045,0.0019,0.0000,0,0,0.0000,0,0.0000,0,0,0,11636,0
1401,6.2252,20.2509,0.0010,0.0000,0,0,0.0000,0,0.0000,0,0,0,1861,0
1402,6.0715,22.2446,0.0012,0.0000,0,0,0.0000,0,0.0000,0,0,0,1748,0
1403,6.2234,22.5069,0.0013,0.0000,0,0,0.0000,0,0.0000,0,0,0,1702,0
1404,6.1743,23.2264,0.0022,0.0000,0,0,0.0000,0,0.0000,0,0,0,10946,0
1405,6.1760,23.7087,0.0015,0.0000,0,0,0.0000,0,0.0000,0,0,0,2326,0
1406,6.1780,24.3440,0.0012,0.0000,0,0,0.0000,0,0.0000,0,0,0,2268,0
1407,6.2979,24.8864,0.0021,0.0000,0,0,0.0000,0,0.0000,0,0,0,2300,0
1408,6.2789,25.5633,0.0020,0.0000,0,0,0.0000,0,0.0000,0,0,0,9843,0
1409,6.2614,26.1231,0.0014,0.0000,0,0,0.0000,0,0.0000,0,0,0,2882,0
1410,6.1970,26.8484,0.0017,0.0000,0,0,0.0000,0,0.0000,0,0,0,2274,0
1411,6.2185,27.2131,0.0019,0.0000,0,0,0.0000,0,0.0000,0,0,0,1715,0
1412,6.2856,27.6077,0.0026,0.0000,0,0,0.0000,0,0.0000,0,0,0,11445,0
1413,6.7465,27.6550,0.0018,0.0000,0,0,0.0000,0,0.0000,0,0,0,2523,0
1414,6.6750,28.4380,0.0032,0.0000,0,0,0.0000,0,0.0000,0,0,0,2508,0
1415,6.4031,29.0962,0.0027,0.0000,0,0,0.0000,0,0.0000,0,0,0,2308,0
1416,6.4839,29.4137,0.0029,0.0000,0,0,0.0000,0,0.0000,0,0,0,10859,0
1417,6.4067,30.0875,0.0013,0.0000,0,0,0.0000,0,0.0000,0,0,0,2222,0
1418,6.4158,30.5210,0.0015,0.0000,0,0,0.0000,0,0.0000,0,0,0,1704,0
1419,6.4520,31.0485,0.0015,0.0000,0,0,0.0000,0,0.0000,0,0,0,1809,0
1420,7.1385,30.9355,0.0027,0.0000,0,0,0.0000,0,0.0000,0,0,0,11520,0
1421,7.0422,31.8044,0.0017,0.0000,0,0,0.0000,0,0.0000,0,0,0,3056,0
1422,6.8340,32.2657,0.0015,0.0000,0,0,0.0000,0,0.0000,0,0,0,2491,0
1423,6.6614,32.9335,0.0013,0.0000,0,0,0.0000,0,0.0000,0,0,0,2413,0
1424,6.5577,33.4430,0.0031,0.0000,0,0,0.0000,0,0.0000,0,0,0,12105,0
1425,6.4633,34.0488,0.0017,0.0000,0,0,0.0000,0,0.0000,0,0,0,3203,0
1426,6.5013,34.3937,0.0013,0.0000,0,0,0.0000,0,0.0000,0,0,0,2151,0
1427,6.3723,34.9959,0.0015,0.0000,0,0,0.0000,0,0.0000,0,0,0,2176,0
1428,6.3846,35.3054,0.0026,0.0000,0,0,0.0000,0,0.0000,0,0,0,11738,0
1429,6.4783,35.6385,0.0014,0.0000,0,0,0.0000,0,0.0000,0,0,0,2674,0
1430,6.3164,36.2551,0.0011,0.0000,0,0,0.0000,0,0.0000,0,0,0,2442,0
1431,6.3468,36.4958,0.0013,0.0000,0,0,0.0000,0,0.0000,0,0,0,2525,0
1432,6.4460,36.9642,0.0023,0.0000,0,0,0.0000,0,0.0000,0,0,0,11807,0
1433,6.3790,37.4550,0.0016,0.0000,0,0,0.0000,0,0.0000,0,0,0,2779,0
1434,6.2984,37.9968,0.0015,0.0000,0,0,0.0000,0,0.0000,0,0,0,1953,0
1435,6.7976,38.0446,0.0014,0.0000,0,0,0.0000,0,0.0000,0,0,0,2136,0
1436,7.0268,38.4593,0.0028,0.0000,0,0,0.0000,0,0.0000,0,0,0,11236,0
1437,7.2302,38.4509,0.0018,0.0000,0,0,0.0000,0,0.0000,0,0,0,3259,0
1438,6.8453,39.0363,0.0015,0.0000,0,0,0.0000,0,0.0000,0,0,0,2923,0
1439,6.8113,39.0012,0.0017,0.0000,0,0,0.0000,0,0.0000,0,0,0,2981,0
1440,6.6467,36.8219,0.0264,0.0000,0,0,0.0000,0,0.0000,0,1,0,162568,0
1441,7.0312,36.7479,0.0061,0.0000,0,0,0.0000,0,0.0000,0,0,0,24015,0
1442,6.3069,38.5049,0.0036,0.0000,0,0,0.0000,0,0.0000,0,0,0,17891,0
1443,6.3150,38.3204,0.0014,0.0000,0,0,0.0000,0,0.0000,0,0,0,6800,0
1444,6.2693,38.8174,0.0032,0.0000,0,0,0.0000,0,0.0000,0,0,0,16681,0
1445,6.2845,38.7968,0.0016,0.0000,0,0,0.0000,0,0.0000,0,0,0,5849,0
1446,6.2709,39.0080,0.0014,0.0000,0,0,0.0000,0,0.0000,0,0,0,4322,0
1447,6.2848,38.9520,0.0012,0.0000,0,0,0.0000,0,0.0000,0,0,0,2567,0
1448,6.2680,39.1146,0.0018,0.0000,0,0,0.0000,0,0.0000,0,0,0,10263,0
1449,6.1803,39.1758,0.0015,0.0000,0,0,0.0000,0,0.0000,0,0,0,2451,0
1450,6.3204,38.9579,0.0014,0.0000,0,0,0.0000,0,0.0000,0,0,0,1364,0
1451,6.2861,39.1399,0.0013,0.0000,0,0,0.0000,0,0.0000,0,0,0,1374,0
1452,6.2672,39.1131,0.0021,0.0000,0,0,0.0000,0,0.0000,0,0,0,9909,0
1453,6.2412,39.2155,0.0019,0.0000,0,0,0.0000,0,0.0000,0,0,0,3229,0
1454,6.2762,39.0622,0.0013,0.0000,0,0,0.0000,0,0.0000,0,0,0,2061,0
1455,6.2998,39.0072,0.0010,0.0000,0,0,0.0000,0,0.0000,0,0,0,1886,0
1456,6.2654,38.2250,0.0022,0.0000,0,0,0.0000,0,0.0000,0,0,0,12569,0
1457,6.4469,38.4150,0.0020,0.0000,0,0,0.0000,0,0.0000,0,0,0,4172,0
1458,6.3161,38.4626,0.0033,0.0000,0,0,0.0000,0,0.0000,0,0,0,2383,0
1459,6.2888,27.4910,0.0012,0.0000,0,0,0.0000,0,0.0000,0,0,0,1904,0
1460,6.1239,21.5678,0.0024,0.0000,0,0,0.0000,0,0.0000,0,0,0,11803,0
1461,4.9996,15.0137,0.0013,0.0000,0,0,0.0000,0,0.0000,0,0,0,2391,0
1462,4.6078,13.9236,0.0013,0.0000,0,0,0.0000,0,0.0000,0,0,0,1946,0
1463,4.6132,12.3324,0.0017,0.0000,0,0,0.0000,0,0.0000,0,0,0,2204,0
1464,4.6134,11.8080,0.0022,0.0000,0,0,0.0000,0,0.0000,0,0,0,11284,0
1465,4.5284,11.9060,0.0015,0.0000,0,0,0.0000,0,0.0000,0,0,0,2259,0
1466,4.5370,12.3879,0.0011,0.0000,0,0,0.0000,0,0.0000,0,0,0,1561,0
1467,4.5727,12.9864,0.0020,0.0000,0,0,0.0000,0,0.0000,0,0,0,1951,0
1468,4.7099,16.1815,0.0023,0.0000,0,0,0.0000,0,0.0000,0,0,0,10899,0
1469,5.2572,16.0109,0.0011,0.0000,0,0,0.0000,0,0.0000,0,0,0,2461,0
1470,5.7153,15.9449,0.0012,0.0000,0,0,0.0000,0,0.0000,0,0,0,2299,0
1471,5.6466,14.3072,0.0013,0.0000,0,0,0.0000,0,0.0000,0,0,0,2438,0
1472,5.7875,11.5322,0.0113,0.0000,0,0,0.0000,0,0.0000,0,0,0,35137,0
1473,5.7467,11.4510,0.0016,0.0000,0,0,0.0000,0,0.0000,0,0,0,4164,0
1474,6.0878,13.9687,0.0056,0.0000,0,0,0.0000,0,0.0000,0,0,0,2765,0
1475,6.1728,13.9070,0.0025,0.0000,0,0,0.0000,0,0.0000,0,0,0,1841,0
1476,5.2041,15.8742,0.0023,0.0000,0,0,0.0000,0,0.0000,0,0,0,11672,0
1477,5.4995,15.7207,0.0022,0.0000,0,0,0.0000,0,0.0000,0,0,0,2562,0
1478,5.7623,15.4207,0.0013,0.0000,0,0,0.0000,0,0.0000,0,0,0,2510,0
1479,5.6531,16.0560,0.0012,0.0000,0,0,0.0000,0,0.0000,0,0,0,2749,0
1480,5.6701,16.1873,0.0018,0.0000,0,0,0.0000,0,0.0000,0,0,0,10985,0
1481,5.6688,17.3846,0.0011,0.0000,0,0,0.0000,0,0.0000,0,0,0,2752,0
1482,5.7409,18.0777,0.0012,0.0000,0,0,0.0000,0,0.0000,0,0,0,1790,0
1483,5.7329,17.6918,0.0012,0.0000,0,0,0.0000,0,0.0000,0,0,0,1932,0
1484,5.7429,18.3578,0.0023,0.0000,0,0,0.0000,0,0.0000,0,0,0,11870,0
1485,5.7106,19.2965,0.0015,0.0000,0,0,0.0000,0,0.0000,0,0,0,3425,0
1486,5.7266,21.9335,0.0015,0.0000,0,0,0.0000,0,0.0000,0,0,0,2994,0
1487,5.7307,22.3709,0.0014,0.0000,0,0,0.0000,0,0.0000,0,0,0,2690,0
1488,5.8136,22.7627,0.0025,0.0000,0,0,0.0000,0,0.0000,0,0,0,12590,0
1489,5.5770,23.5562,0.0013,0.0000,0,0,0.0000,0,0.0000,0,0,0,3640,0
1490,5.6637,22.5149,0.0013,0.0000,0,0,0.0000,0,0.0000,0,0,0,2408,0
1491,5.6723,18.8498,0.0010,0.0000,0,0,0.0000,0,0.0000,0,0,0,2920,0
1492,5.8487,21.3133,0.0023,0.0000,0,0,0.0000,0,0.0000,0,0,0,12350,0
1493,5.8788,20.8964,0.0012,0.0000,0,0,0.0000,0,0.0000,0,0,0,3420,0
1494,6.1150,19.8123,0.0011,0.0000,0,0,0.0000,0,0.0000,0,0,0,3054,0
1495,5.7415,19.8124,0.0013,0.0000,0,0,0.0000,0,0.0000,0,0,0,3699,0
1496,6.2160,17.8500,0.0018,0.0000,0,0,0.0000,0,0.0000,0,0,0,12338,0
1497,6.2021,17.8428,0.0012,0.0000,0,0,0.0000,0,0.0000,0,0,0,3762,0
1498,6.2028,18.0607,0.0012,0.0000,0,0,0.0000,0,0.0000,0,0,0,2777,0
1499,6.1706,21.8704,0.0014,0.0000,0,0,0.0000,0,0.0000,0,0,0,3290,0
1500,6.9277,20.6529,0.0239,0.0000,0,0,0.0000,0,0.0000,0,1,0,170988,0
1501,6.9250,22.0300,0.0066,0.0000,0,0,0.0000,0,0.0000,0,0,0,24575,0
1502,7.2817,22.2392,0.0277,0.0000,0,0,0.0000,0,0.0000,0,0,0,27675,0
1503,7.0673,23.2508,0.0034,0.0000,0,0,0.0000,0,0.0000,0,0,0,15460,0
1504,7.0548,23.6706,0.0109,0.0000,0,0,0.0000,0,0.0000,0,0,0,19370,0
1505,6.9883,24.4680,0.0023,0.0000,0,0,0.0000,0,0.0000,0,0,0,8795,0
1506,6.9908,25.0193,0.0017,0.0000,0,0,0.0000,0,0.0000,0,0,0,7276,0
1507,7.0290,25.5861,0.0015,0.0000,0,0,0.0000,0,0.0000,0,0,0,2666,0
1508,6.8937,26.3577,0.0028,0.0000,0,0,0.0000,0,0.0000,0,0,0,13554,0
1509,6.7479,26.9684,0.0014,0.0000,0,0,0.0000,0,0.0000,0,0,0,1586,0
1510,6.6470,27.5109,0.0017,0.0000,0,0,0.0000,0,0.0000,0,0,0,1785,0
1511,6.7008,27.9395,0.0013,0.0000,0,0,0.0000,0,0.0000,0,0,0,2133,0
1512,6.5533,28.6414,0.0022,0.0000,0,0,0.0000,0,0.0000,0,0,0,10162,0
1513,6.3594,29.2940,0.0014,0.0000,0,0,0.0000,0,0.0000,0,0,0,2660,0
1514,6.2666,29.8459,0.0011,0.0000,0,0,0.0000,0,0.0000,0,0,0,1350,0
1515,6.3270,30.2652,0.0012,0.0000,0,0,0.0000,0,0.0000,0,0,0,1346,0
1516,6.3074,30.9176,0.0023,0.0000,0,0,0.0000,0,0.0000,0,0,0,10797,0
1517,6.3615,31.3380,0.0018,0.0000,0,0,0.0000,0,0.0000,0,0,0,3370,0
1518,6.3603,31.9020,0.0015,0.0000,0,0,0.0000,0,0.0000,0,0,0,2403,0
1519,6.3273,32.4558,0.0024,0.0000,0,0,0.0000,0,0.0000,0,0,0,2460,0
1520,6.8274,32.5080,0.0028,0.0000,0,0,0.0000,0,0.0000,0,0,0,13010,0
1521,6.7478,33.3614,0.0019,0.0000,0,0,0.0000,0,0.0000,0,0,0,4069,0
1522,6.7660,33.6747,0.0011,0.0000,0,0,0.0000,0,0.0000,0,0,0,2227,0
1523,6.5571,34.4668,0.0010,0.0000,0,0,0.0000,0,0.0000,0,0,0,1868,0
1524,6.7962,34.5308,0.0019,0.0000,0,0,0.0000,0,0.0000,0,0,0,11903,0
1525,6.5204,35.4047,0.0010,0.0000,0,0,0.0000,0,0.0000,0,0,0,2516,0
1526,6.5042,35.6999,0.0012,0.0000,0,0,0.0000,0,0.0000,0,0,0,2122,0
1527,6.3192,36.3330,0.0013,0.0000,0,0,0.0000,0,0.0000,0,0,0,2049,0
1528,7.1837,35.7406,0.0018,0.0000,0,0,0.0000,0,0.0000,0,0,0,11326,0
1529,6.5385,37.3315,0.0010,0.0000,0,0,0.0000,0,0.0000,0,0,0,2425,0
1530,6.5419,37.3058,0.0018,0.0000,0,0,0.0000,0,0.0000,0,0,0,1682,0
1531,6.5511,38.1709,0.0010,0.0000,0,0,0.0000,0,0.0000,0,0,0,1868,0
1532,6.5477,38.6187,0.0025,0.0000,0,0,0.0000,0,0.0000,0,0,0,11192,0
1533,6.4184,38.8930,0.0021,0.0000,0,0,0.0000,0,0.0000,0,0,0,2662,0
1534,6.8567,38.5156,0.0020,0.0000,0,0,0.0000,0,0.0000,0,0,0,2514,0
1535,6.6112,38.9647,0.0016,0.0000,0,0,0.0000,0,0.0000,0,0,0,2756,0
1536,6.7505,38.6235,0.0088,0.0000,0,0,0.0000,0,0.0000,0,0,0,32154,0
1537,6.5525,39.0412,0.0016,0.0000,0,0,0.0000,0,0.0000,0,0,0,3280,0
1538,6.3970,39.0995,0.0015,0.0000,0,0,0.0000,0,0.0000,0,0,0,2841,0
1539,6.4400,39.1330,0.0014,0.0000,0,0,0.0000,0,0.0000,0,0,0,2242,0
1540,6.6729,38.9565,0.0035,0.0000,0,0,0.0000,0,0.0000,0,0,0,11833,0
1541,6.7680,39.0453,0.0014,0.0000,0,0,0.0000,0,0.0000,0,0,0,2968,0
1542,6.5933,39.1352,0.0016,0.0000,0,0,0.0000,0,0.0000,0,0,0,2995,0
1543,6.6899,38.9345,0.0014,0.0000,0,0,0.0000,0,0.0000,0,0,0,3136,0
1544,6.5469,38.9891,0.0022,0.0000,0,0,0.0000,0,0.0000,0,0,0,11399,0
1545,6.3225,39.3290,0.0013,0.0000,0,0,0.0000,0,0.0000,0,0,0,2232,0
1546,6.3102,39.0080,0.0014,0.0000,0,0,0.0000,0,0.0000,0,0,0,2138,0
1547,6.9770,38.4335,0.0012,0.0000,0,0,0.0000,0,0.0000,0,0,0,2345,0
1548,6.2986,39.6124,0.0025,0.0000,0,0,0.0000,0,0.0000,0,0,0,10878,0
1549,6.3693,39.0182,0.0017,0.0000,0,0,0.0000,0,0.0000,0,0,0,3955,0
1550,6.8845,38.7957,0.0014,0.0000,0,0,0.0000,0,0.0000,0,0,0,2904,0
1551,6.7754,39.0326,0.0018,0.0000,0,0,0.0000,0,0.0000,0,0,0,3031,0
1552,6.5989,39.0642,0.0029,0.0000,0,0,0.0000,0,0.0000,0,0,0,13200,0
1553,6.6825,38.8360,0.0019,0.0000,0,0,0.0000,0,0.0000,0,0,0,4460,0
1554,6.5424,38.9761,0.0016,0.0000,0,0,0.0000,0,0.0000,0,0,0,3143,0
1555,6.2784,39.2255,0.0012,0.0000,0,0,0.0000,0,0.0000,0,0,0,3047,0
1556,6.3487,38.3462,0.0021,0.0000,0,0,0.0000,0,0.0000,0,0,0,12552,0
1557,6.8283,38.4252,0.0016,0.0000,0,0,0.0000,0,0.0000,0,0,0,3070,0
1558,6.9589,40.9162,0.0022,0.0000,0,0,0.0000,0,0.0000,0,0,0,3132,0
1559,7.0369,37.5507,0.0015,0.0000,0,0,0.0000,0,0.0000,0,0,0,3352,0
1560,7.0016,36.9365,0.0245,0.0000,0,0,0.0000,0,0.0000,0,1,0,168023,0
1561,7.0204,36.3403,0.0032,0.0000,0,0,0.0000,0,0.0000,0,0,0,22146,0
1562,7.4816,36.8352,0.0030,0.0000,0,0,0.0000,0,0.0000,0,0,0,15384,0
1563,7.2446,37.4863,0.0024,0.0000,0,0,0.0000,0,0.0000,0,0,0,11180,0
1564,7.0035,38.3396,0.0028,0.0000,0,0,0.0000,0,0.0000,0,0,0,16328,0
1565,7.0155,38.5725,0.0019,0.0000,0,0,0.0000,0,0.0000,0,0,0,7504,0
1566,7.0198,38.7397,0.0018,0.0000,0,0,0.0000,0,0.0000,0,0,0,6391,0
1567,6.9608,38.7286,0.0018,0.0000,0,0,0.0000,0,0.0000,0,0,0,5276,0
1568,6.8948,37.8899,0.0022,0.0000,0,0,0.0000,0,0.0000,0,0,0,13950,0
1569,6.6580,38.4453,0.0018,0.0000,0,0,0.0000,0,0.0000,0,0,0,3400,0
1570,6.5047,40.7602,0.0018,0.0000,0,0,0.0000,0,0.0000,0,0,0,2758,0
1571,6.4954,37.5151,0.0020,0.0000,0,0,0.0000,0,0.0000,0,0,0,1469,0
1572,6.4134,39.2860,0.0032,0.0000,0,0,0.0000,0,0.0000,0,0,0,9650,0
1573,6.4707,38.0897,0.0035,0.0000,0,0,0.0000,0,0.0000,0,0,0,1735,0
1574,6.1260,38.9425,0.0028,0.0000,0,0,0.0000,0,0.0000,0,0,0,3078,0
1575,6.0640,38.8837,0.0018,0.0000,0,0,0.0000,0,0.0000,0,0,0,1466,0
1576,6.4903,38.7938,0.0025,0.0000,0,0,0.0000,0,0.0000,0,0,0,10570,0
1577,6.3764,38.5613,0.0013,0.0000,0,0,0.0000,0,0.0000,0,0,0,1420,0
1578,6.2772,38.7565,0.0016,0.0000,0,0,0.0000,0,0.0000,0,0,0,1353,0
1579,6.4475,38.5875,0.0013,0.0000,0,0,0.0000,0,0.0000,0,0,0,1461,0
1580,6.3636,38.7949,0.0022,0.0000,0,0,0.0000,0,0.0000,0,0,0,10727,0
1581,6.2715,38.8444,0.0012,0.0000,0,0,0.0000,0,0.0000,0,0,0,2448,0
1582,6.1139,39.0292,0.0015,0.0000,0,0,0.0000,0,0.0000,0,0,0,1521,0
1583,6.1578,39.0596,0.0013,0.0000,0,0,0.0000,0,0.0000,0,0,0,1624,0
1584,6.0668,39.1361,0.0023,0.0000,0,0,0.0000,0,0.0000,0,0,0,11903,0
1585,6.2228,38.7593,0.0013,0.0000,0,0,0.0000,0,0.0000,0,0,0,3412,0
1586,6.3555,38.5562,0.0014,0.0000,0,0,0.0000,0,0.0000,0,0,0,1818,0
1587,6.0441,39.0953,0.0013,0.0000,0,0,0.0000,0,0.0000,0,0,0,1662,0
1588,5.9985,39.4360,0.0026,0.0000,0,0,0.0000,0,0.0000,0,0,0,11659,0
1589,6.1108,38.5363,0.0014,0.0000,0,0,0.0000,0,0.0000,0,0,0,2054,0
1590,5.9703,39.2035,0.0032,0.0000,0,0,0.0000,0,0.0000,0,0,0,1830,0
1591,6.2604,38.6858,0.0019,0.0000,0,0,0.0000,0,0.0000,0,0,0,2071,0
1592,6.0380,39.1358,0.0024,0.0000,0,0,0.0000,0,0.0000,0,0,0,11790,0
1593,6.2551,35.7563,0.0037,0.0000,0,0,0.0000,0,0.0000,0,0,0,2402,0
1594,6.1807,31.2772,0.0009,0.0000,0,0,0.0000,0,0.0000,0,0,0,1947,0
1595,5.7450,28.4890,0.0009,0.0000,0,0,0.0000,0,0.0000,0,0,0,1971,0
1596,5.8078,25.6803,0.0021,0.0000,0,0,0.0000,0,0.0000,0,0,0,11008,0
1597,5.7066,23.0362,0.0012,0.0000,0,0,0.0000,0,0.0000,0,0,0,3077,0
1598,5.6947,20.1139,0.0009,0.0000,0,0,0.0000,0,0.0000,0,0,0,2876,0
1599,5.8691,18.0297,0.0011,0.0000,0,0,0.0000,0,0.0000,0,0,0,3330,0
1600,5.7592,17.6011,0.0019,0.0000,0,0,0.0000,0,0.0000,0,0,0,10648,0
1601,5.9620,18.0774,0.0013,0.0000,0,0,0.0000,0,0.0000,0,0,0,3609,0
1602,6.1046,18.0232,0.0012,0.0000,0,0,0.0000,0,0.0000,0,0,0,2954,0
1603,6.2732,21.9409,0.0015,0.0000,0,0,0.0000,0,0.0000,0,0,0,2272,0
1604,6.2618,22.5520,0.0020,0.0000,0,0,0.0000,0,0.0000,0,0,0,11782,0
1605,6.5040,22.7103,0.0012,0.0000,0,0,0.0000,0,0.0000,0,0,0,3001,0
1606,6.6102,23.2536,0.0012,0.0000,0,0,0.0000,0,0.0000,0,0,0,2950,0
1607,6.4724,23.9891,0.0015,0.0000,0,0,0.0000,0,0.0000,0,0,0,2825,0
1608,6.3519,24.6405,0.0018,0.0000,0,0,0.0000,0,0.0000,0,0,0,11062,0
1609,6.3190,25.2532,0.0019,0.0000,0,0,0.0000,0,0.0000,0,0,0,2474,0
1610,6.3322,25.8485,0.0018,0.0000,0,0,0.0000,0,0.0000,0,0,0,2494,0
1611,6.3362,26.4441,0.0015,0.0000,0,0,0.0000,0,0.0000,0,0,0,2518,0
1612,6.2918,27.1182,0.0024,0.0000,0,0,0.0000,0,0.0000,0,0,0,10672,0
1613,6.2993,27.6028,0.0018,0.0000,0,0,0.0000,0,0.0000,0,0,0,4092,0
1614,6.7172,27.7227,0.0014,0.0000,0,0,0.0000,0,0.0000,0,0,0,3005,0
1615,6.3670,28.7969,0.0014,0.0000,0,0,0.0000,0,0.0000,0,0,0,2990,0
1616,6.3614,29.0676,0.0023,0.0000,0,0,0.0000,0,0.0000,0,0,0,12799,0
1617,6.4425,29.6522,0.0022,0.0000,0,0,0.0000,0,0.0000,0,0,0,4215,0
1618,6.5504,30.0580,0.0013,0.0000,0,0,0.0000,0,0.0000,0,0,0,3152,0
1619,6.4518,30.6804,0.0021,0.0000,0,0,0.0000,0,0.0000,0,0,0,3064,0
1620,6.5367,28.0577,0.0359,0.0000,0,0,0.0000,0,0.0000,0,1,0,192143,0
1621,6.6680,28.4760,0.0060,0.0000,0,0,0.0000,0,0.0000,0,0,0,23731,0
1622,6.3743,29.2725,0.0044,0.0000,0,0,0.0000,0,0.0000,0,0,0,26401,0
1623,6.4052,29.6175,0.0028,0.0000,0,0,0.0000,0,0.0000,0,0,0,11947,0
1624,6.4025,30.2608,0.0045,0.0000,0,0,0.0000,0,0.0000,0,0,0,26322,0
1625,6.3850,30.7296,0.0020,0.0000,0,0,0.0000,0,0.0000,0,0,0,9796,0
1626,6.3360,31.3296,0.0017,0.0000,0,0,0.0000,0,0.0000,0,0,0,6364,0
1627,6.3689,31.7828,0.0018,0.0000,0,0,0.0000,0,0.0000,0,0,0,4698,0
1628,6.3421,32.4382,0.0026,0.0000,0,0,0.0000,0,0.0000,0,0,0,13330,0
1629,6.3329,32.9035,0.0015,0.0000,0,0,0.0000,0,0.0000,0,0,0,3669,0
1630,6.3415,33.3810,0.0019,0.0000,0,0,0.0000,0,0.0000,0,0,0,3306,0
1631,6.3941,33.7880,0.0016,0.0000,0,0,0.0000,0,0.0000,0,0,0,3092,0
1632,6.3331,34.3997,0.0074,0.0000,0,0,0.0000,0,0.0000,0,0,0,35358,0
1633,6.2872,34.8025,0.0016,0.0000,0,0,0.0000,0,0.0000,0,0,0,4741,0
1634,6.3230,35.1942,0.0015,0.0000,0,0,0.0000,0,0.0000,0,0,0,2653,0
1635,6.3814,35.5865,0.0012,0.0000,0,0,0.0000,0,0.0000,0,0,0,1629,0
1636,6.3570,36.0821,0.0023,0.0000,0,0,0.0000,0,0.0000,0,0,0,11316,0
1637,6.7818,36.0097,0.0013,0.0000,0,0,0.0000,0,0.0000,0,0,0,2221,0
1638,6.6831,36.7418,0.0013,0.0000,0,0,0.0000,0,0.0000,0,0,0,2072,0
1639,6.8467,36.8413,0.0015,0.0000,0,0,0.0000,0,0.0000,0,0,0,2301,0
1640,6.9132,37.4690,0.0020,0.0000,0,0,0.0000,0,0.0000,0,0,0,10695,0
1641,6.7345,38.0937,0.0016,0.0000,0,0,0.0000,0,0.0000,0,0,0,1947,0
1642,6.7206,38.4032,0.0013,0.0000,0,0,0.0000,0,0.0000,0,0,0,1964,0
1643,6.8670,38.2519,0.0014,0.0000,0,0,0.0000,0,0.0000,0,0,0,1637,0
1644,6.6665,38.6971,0.0024,0.0000,0,0,0.0000,0,0.0000,0,0,0,10471,0
1645,6.3110,38.9253,0.0013,0.0000,0,0,0.0000,0,0.0000,0,0,0,2982,0
1646,6.3368,38.8600,0.0015,0.0000,0,0,0.0000,0,0.0000,0,0,0,1984,0
1647,6.3306,39.0655,0.0018,0.0000,0,0,0.0000,0,0.0000,0,0,0,2049,0
1648,6.3450,39.0983,0.0020,0.0000,0,0,0.0000,0,0.0000,0,0,0,12176,0
1649,6.5995,38.8342,0.0016,0.0000,0,0,0.0000,0,0.0000,0,0,0,3918,0
1650,6.6879,38.7420,0.0018,0.0000,0,0,0.0000,0,0.0000,0,0,0,2177,0
1651,6.5105,38.8738,0.0032,0.0000,0,0,0.0000,0,0.0000,0,0,0,2196,0
1652,6.3842,39.0603,0.0034,0.0000,0,0,0.0000,0,0.0000,0,0,0,11899,0
1653,6.4005,38.9245,0.0016,0.0000,0,0,0.0000,0,0.0000,0,0,0,2389,0
1654,6.6523,38.7178,0.0028,0.0000,0,0,0.0000,0,0.0000,0,0,0,2224,0
1655,6.4679,38.9675,0.0017,0.0000,0,0,0.0000,0,0.0000,0,0,0,2540,0
1656,6.3681,38.8437,0.0020,0.0000,0,0,0.0000,0,0.0000,0,0,0,12014,0
1657,6.4300,38.7312,0.0017,0.0000,0,0,0.0000,0,0.0000,0,0,0,2115,0
1658,6.3393,38.8227,0.0013,0.0000,0,0,0.0000,0,0.0000,0,0,0,2116,0
1659,6.1822,38.9883,0.0013,0.0000,0,0,0.0000,0,0.0000,0,0,0,2165,0
1660,6.3606,38.7970,0.0020,0.0000,0,0,0.0000,0,0.0000,0,0,0,11386,0
1661,6.2673,38.9510,0.0015,0.0000,0,0,0.0000,0,0.0000,0,0,0,3449,0
1662,6.2662,38.9078,0.0018,0.0000,0,0,0.0000,0,0.0000,0,0,0,3017,0
1663,6.3263,39.0455,0.0016,0.0000,0,0,0.0000,0,0.0000,0,0,0,3127,0
1664,6.2523,39.0517,0.0023,0.0000,0,0,0.0000,0,0.0000,0,0,0,11084,0
1665,6.6030,38.6782,0.0019,0.0000,0,0,0.0000,0,0.0000,0,0,0,3995,0
1666,6.3689,38.9690,0.0018,0.0000,0,0,0.0000,0,0.0000,0,0,0,3517,0
1667,6.4160,38.6732,0.0037,0.0000,0,0,0.0000,0,0.0000,0,0,0,2739,0
1668,6.3248,38.8963,0.0045,0.0000,0,0,0.0000,0,0.0000,0,0,0,12446,0
1669,6.2358,38.8066,0.0027,0.0000,0,0,0.0000,0,0.0000,0,0,0,3342,0
1670,6.3516,325.8722,0.0030,0.0000,0,0,0.0000,0,0.0000,0,0,0,3385,0
1671,6.3258,309.4509,0.0022,0.0000,0,0,0.0000,0,0.0000,0,0,0,3491,0
1672,299.7060,14.2747,0.0129,0.0000,0,0,0.0000,0,0.0000,0,1,0,96098,0
1673,5.8797,16.7990,0.0028,0.0000,0,0,0.0000,0,0.0000,0,0,0,14323,0
1674,5.8804,19.4633,0.0024,0.0000,0,0,0.0000,0,0.0000,0,0,0,13676,0
1675,6.2603,21.7720,0.0031,0.0000,0,0,0.0000,0,0.0000,0,0,0,14527,0
1676,5.9974,24.3219,0.0123,0.0000,0,0,0.0000,0,0.0000,0,0,0,33547,0
1677,5.9369,26.9340,0.0057,0.0000,0,0,0.0000,0,0.0000,0,0,0,19696,0
1678,6.7329,28.7190,0.0029,0.0000,0,0,0.0000,0,0.0000,0,0,0,12440,0
1679,8.1111,29.1545,0.0022,0.0000,0,0,0.0000,0,0.0000,0,0,0,6508,0
1680,7.3007,30.3950,0.0024,0.0000,0,0,0.0000,0,0.0000,0,0,0,16505,0
1681,6.9467,31.9945,0.0021,0.0000,0,0,0.0000,0,0.0000,0,0,0,6271,0
1682,6.5927,33.9500,0.0041,0.0000,0,0,0.0000,0,0.0000,0,0,0,4402,0
1683,6.0200,36.5325,0.0024,0.0000,0,0,0.0000,0,0.0000,0,0,0,3532,0
1684,5.7130,39.3662,0.0027,0.0000,0,0,0.0000,0,0.0000,0,0,0,10837,0
1685,5.3663,42.5831,0.0021,0.0000,0,0,0.0000,0,0.0000,0,0,0,1787,0
1686,5.1058,46.0331,0.0027,0.0000,0,0,0.0000,0,0.0000,0,0,0,1713,0
1687,4.8443,49.7882,0.0025,0.0000,0,0,0.0000,0,0.0000,0,0,0,1566,0
1688,4.5685,53.7800,0.0042,0.0000,0,0,0.0000,0,0.0000,0,0,0,11031,0
1689,4.5772,57.7084,0.0027,0.0000,0,0,0.0000,0,0.0000,0,0,0,1785,0
1690,4.6420,61.6053,0.0013,0.0000,0,0,0.0000,0,0.0000,0,0,0,1460,0
1691,5.3390,64.8302,0.0014,0.0000,0,0,0.0000,0,0.0000,0,0,0,1571,0
1692,4.7307,68.6895,0.0016,0.0000,0,0,0.0000,0,0.0000,0,0,0,10584,0
1693,4.8334,72.4214,0.0015,0.0000,0,0,0.0000,0,0.0000,0,0,0,1830,0
1694,4.8858,76.1068,0.0012,0.0000,0,0,0.0000,0,0.0000,0,0,0,1765,0
1695,4.9036,79.7715,0.0014,0.0000,0,0,0.0000,0,0.0000,0,0,0,1853,0
1696,5.8242,82.5515,0.0019,0.0000,0,0,0.0000,0,0.0000,0,0,0,9361,0
1697,5.8687,85.2084,0.0014,0.0000,0,0,0.0000,0,0.0000,0,0,0,2766,0
1698,4.9578,86.4439,0.0024,0.0000,0,0,0.0000,0,0.0000,0,0,0,1802,0
1699,5.3078,88.8577,0.0017,0.0000,0,0,0.0000,0,0.0000,0,0,0,1545,0
1700,4.7263,84.0884,0.0025,0.0000,0,0,0.0000,0,0.0000,0,0,0,10999,0
1701,5.0677,72.7953,0.0017,0.0000,0,0,0.0000,0,0.0000,0,0,0,2520,0
1702,5.0848,66.3517,0.0018,0.0000,0,0,0.0000,0,0.0000,0,0,0,1946,0
1703,5.8027,58.3476,0.0028,0.0000,0,0,0.0000,0,0.0000,0,0,0,2038,0
1704,5.8786,50.4026,0.0027,0.0000,0,0,0.0000,0,0.0000,0,0,0,10402,0
1705,5.8253,40.0790,0.0017,0.0000,0,0,0.0000,0,0.0000,0,0,0,2147,0
1706,5.7163,33.1482,0.0013,0.0000,0,0,0.0000,0,0.0000,0,0,0,1668,0
1707,5.8858,24.2824,0.0015,0.0000,0,0,0.0000,0,0.0000,0,0,0,1657,0
1708,5.6747,16.7762,0.0018,0.0000,0,0,0.0000,0,0.0000,0,0,0,11528,0
1709,5.6571,11.2707,0.0018,0.0000,0,0,0.0000,0,0.0000,0,0,0,2968,0
1710,5.7328,12.2373,0.0016,0.0000,0,0,0.0000,0,0.0000,0,0,0,2415,0
1711,5.7154,12.0627,0.0012,0.0000,0,0,0.0000,0,0.0000,0,0,0,2724,0
1712,5.8046,14.7093,0.0020,0.0000,0,0,0.0000,0,0.0000,0,0,0,11866,0
1713,6.1044,14.7301,0.0013,0.0000,0,0,0.0000,0,0.0000,0,0,0,3223,0
1714,6.0020,14.7124,0.0015,0.0000,0,0,0.0000,0,0.0000,0,0,0,2078,0
1715,6.1248,14.9060,0.0025,0.0000,0,0,0.0000,0,0.0000,0,0,0,2100,0
1716,6.1466,14.7123,0.0023,0.0000,0,0,0.0000,0,0.0000,0,0,0,11692,0
1717,6.0050,14.7001,0.0017,0.0000,0,0,0.0000,0,0.0000,0,0,0,3103,0
1718,6.1643,14.6376,0.0014,0.0000,0,0,0.0000,0,0.0000,0,0,0,2567,0
1719,6.1409,17.4850,0.0029,0.0000,0,0,0.0000,0,0.0000,0,0,0,2608,0
1720,6.3131,14.9052,0.0020,0.0000,0,0,0.0000,0,0.0000,0,0,0,11795,0
1721,6.0190,14.7969,0.0016,0.0000,0,0,0.0000,0,0.0000,0,0,0,3149,0
1722,6.0537,14.9632,0.0012,0.0000,0,0,0.0000,0,0.0000,0,0,0,1924,0
1723,6.0474,14.8031,0.0026,0.0000,0,0,0.0000,0,0.0000,0,0,0,2222,0
1724,6.3918,15.5192,0.0027,0.0000,0,0,0.0000,0,0.0000,0,0,0,11108,0
1725,6.1042,20.6762,0.0023,0.0000,0,0,0.0000,0,0.0000,0,0,0,3289,0
1726,6.1293,21.7360,0.0020,0.0000,0,0,0.0000,0,0.0000,0,0,0,2934,0
1727,6.0928,22.2713,0.0015,0.0000,0,0,0.0000,0,0.0000,0,0,0,3005,0
1728,6.1553,22.5735,0.0088,0.0000,0,0,0.0000,0,0.0000,0,0,0,35948,0
1729,6.2693,22.8695,0.0017,0.0000,0,0,0.0000,0,0.0000,0,0,0,5231,0
1730,6.1814,23.3804,0.0015,0.0000,0,0,0.0000,0,0.0000,0,0,0,3512,0
1731,5.9999,23.9072,0.0015,0.0000,0,0,0.0000,0,0.0000,0,0,0,2889,0
1732,6.0223,21.5299,0.0212,0.0000,0,0,0.0000,0,0.0000,0,1,0,165263,0
1733,5.9777,22.0255,0.0075,0.0000,0,0,0.0000,0,0.0000,0,0,0,26722,0
1734,6.1121,22.2365,0.0040,0.0000,0,0,0.0000,0,0.0000,0,0,0,27172,0
1735,6.2302,22.5687,0.0028,0.0000,0,0,0.0000,0,0.0000,0,0,0,17509,0
1736,6.1378,23.0403,0.0040,0.0000,0,0,0.0000,0,0.0000,0,0,0,23257,0
1737,6.2079,23.3013,0.0030,0.0000,0,0,0.0000,0,0.0000,0,0,0,11550,0
1738,6.3626,20.8105,0.0018,0.0000,0,0,0.0000,0,0.0000,0,0,0,2317,0
1739,6.1814,15.7473,0.0012,0.0000,0,0,0.0000,0,0.0000,0,0,0,2007,0
1740,5.9640,14.7814,0.0027,0.0000,0,0,0.0000,0,0.0000,0,0,0,12348,0
1741,6.0380,14.8338,0.0024,0.0000,0,0,0.0000,0,0.0000,0,0,0,3124,0
1742,6.2504,13.3381,0.0018,0.0000,0,0,0.0000,0,0.0000,0,0,0,3762,0
1743,5.9044,11.3562,0.0014,0.0000,0,0,0.0000,0,0.0000,0,0,0,2985,0
1744,4.8472,11.4345,0.0022,0.0000,0,0,0.0000,0,0.0000,0,0,0,13344,0
1745,6.2539,11.4704,0.0021,0.0000,0,0,0.0000,0,0.0000,0,0,0,4382,0
1746,5.9844,11.7916,0.0032,0.0000,0,0,0.0000,0,0.0000,0,0,0,2777,0
1747,6.5253,11.6698,0.0024,0.0000,0,0,0.0000,0,0.0000,0,0,0,2278,0
1748,6.3494,13.9928,0.0032,0.0000,0,0,0.0000,0,0.0000,0,0,0,11763,0
1749,6.6734,14.8471,0.0025,0.0000,0,0,0.0000,0,0.0000,0,0,0,2390,0
1750,6.3806,14.9908,0.0025,0.0000,0,0,0.0000,0,0.0000,0,0,0,2160,0
1751,6.4024,14.8956,0.0024,0.0000,0,0,0.0000,0,0.0000,0,0,0,1924,0
1752,6.3246,15.3422,0.0035,0.0000,0,0,0.0000,0,0.0000,0,0,0,11115,0
1753,6.5054,22.0635,0.0026,0.0000,0,0,0.0000,0,0.0000,0,0,0,2086,0
1754,6.4654,22.5682,0.0030,0.0000,0,0,0.0000,0,0.0000,0,0,0,1427,0
1755,6.3211,20.4742,0.0027,0.0000,0,0,0.0000,0,0.0000,0,0,0,1534,0
1756,6.0272,12.6749,0.0026,0.0000,0,0,0.0000,0,0.0000,0,0,0,10733,0
1757,6.0955,11.5479,0.0017,0.0000,0,0,0.0000,0,0.0000,0,0,0,1965,0
1758,5.9929,11.5801,0.0020,0.0000,0,0,0.0000,0,0.0000,0,0,0,1916,0
1759,5.2410,11.4755,0.0017,0.0000,0,0,0.0000,0,0.0000,0,0,0,2071,0
1760,4.5080,11.4072,0.0025,0.0000,0,0,0.0000,0,0.0000,0,0,0,9595,0
1761,4.5543,11.5970,0.0017,0.0000,0,0,0.0000,0,0.0000,0,0,0,2886,0
1762,4.4790,11.4588,0.0020,0.0000,0,0,0.0000,0,0.0000,0,0,0,2336,0
1763,4.4462,11.6050,0.0017,0.0000,0,0,0.0000,0,0.0000,0,0,0,1616,0
1764,4.8750,12.0008,0.0020,0.0000,0,0,0.0000,0,0.0000,0,0,0,11453,0
1765,5.3076,11.5014,0.0013,0.0000,0,0,0.0000,0,0.0000,0,0,0,2408,0
1766,5.9163,11.6341,0.0021,0.0000,0,0,0.0000,0,0.0000,0,0,0,2370,0
1767,6.9354,11.7802,0.0018,0.0000,0,0,0.0000,0,0.0000,0,0,0,2444,0
1768,6.9318,14.9289,0.0022,0.0000,0,0,0.0000,0,0.0000,0,0,0,10680,0
1769,6.9167,14.8492,0.0012,0.0000,0,0,0.0000,0,0.0000,0,0,0,2425,0
1770,6.8764,14.7481,0.0013,0.0000,0,0,0.0000,0,0.0000,0,0,0,1654,0
1771,6.6860,15.0335,0.0029,0.0000,0,0,0.0000,0,0.0000,0,0,0,1799,0
1772,6.8792,22.0971,0.0038,0.0000,0,0,0.0000,0,0.0000,0,0,0,11630,0
1773,6.8372,22.7102,0.0014,0.0000,0,0,0.0000,0,0.0000,0,0,0,3549,0
1774,6.5494,23.2691,0.0015,0.0000,0,0,0.0000,0,0.0000,0,0,0,2685,0
1775,6.6512,23.5605,0.0013,0.0000,0,0,0.0000,0,0.0000,0,0,0,2389,0
1776,6.4421,24.2741,0.0032,0.0000,0,0,0.0000,0,0.0000,0,0,0,12240,0
1777,6.4467,24.5452,0.0027,0.0000,0,0,0.0000,0,0.0000,0,0,0,3523,0
1778,6.3720,25.1005,0.0025,0.0000,0,0,0.0000,0,0.0000,0,0,0,2312,0
1779,6.3971,25.3757,0.0019,0.0000,0,0,0.0000,0,0.0000,0,0,0,2250,0
1780,6.3304,26.0118,0.0026,0.0000,0,0,0.0000,0,0.0000,0,0,0,11905,0
1781,6.3948,26.3685,0.0021,0.0000,0,0,0.0000,0,0.0000,0,0,0,2755,0
1782,6.2728,26.9370,0.0018,0.0000,0,0,0.0000,0,0.0000,0,0,0,2531,0
1783,6.3293,27.1931,0.0018,0.0000,0,0,0.0000,0,0.0000,0,0,0,2695,0
1784,6.2479,27.7616,0.0020,0.0000,0,0,0.0000,0,0.0000,0,0,0,11823,0
1785,6.3196,28.0345,0.0013,0.0000,0,0,0.0000,0,0.0000,0,0,0,2975,0
1786,6.2682,28.5972,0.0012,0.0000,0,0,0.0000,0,0.0000,0,0,0,2012,0
1787,6.3080,28.9670,0.0017,0.0000,0,0,0.0000,0,0.0000,0,0,0,2347,0
1788,6.4635,29.3622,0.0028,0.0000,0,0,0.0000,0,0.0000,0,0,0,11508,0
1789,6.2959,30.0554,0.0020,0.0000,0,0,0.0000,0,0.0000,0,0,0,3632,0
1790,6.2459,30.5060,0.0015,0.0000,0,0,0.0000,0,0.0000,0,0,0,3130,0
1791,6.5570,30.6425,0.0015,0.0000,0,0,0.0000,0,0.0000,0,0,0,3322,0
1792,6.3161,28.5457,0.0243,0.0000,0,0,0.0000,0,0.0000,0,1,0,155847,0
1793,6.2518,28.8359,0.0060,0.0000,0,0,0.0000,0,0.0000,0,0,0,22284,0
1794,6.1697,29.5549,0.0032,0.0000,0,0,0.0000,0,0.0000,0,0,0,19499,0
1795,6.3021,29.8262,0.0020,0.0000,0,0,0.0000,0,0.0000,0,0,0,7476,0
1796,6.4067,30.3371,0.0030,0.0000,0,0,0.0000,0,0.0000,0,0,0,17118,0
1797,6.4170,30.8175,0.0024,0.0000,0,0,0.0000,0,0.0000,0,0,0,4129,0
1798,6.2842,31.5636,0.0012,0.0000,0,0,0.0000,0,0.0000,0,0,0,2607,0
1799,6.4578,31.7300,0.0010,0.0000,0,0,0.0000,0,0.0000,0,0,0,2377,0
