frame_id,fill_ms,upload_ms,draw_present_ms,total_ms,missed_budget
0,0.0000,0.0000,7.9523,7.9524,0
1,0.0000,0.0000,0.2441,0.2442,0
2,0.0000,0.0000,2.0331,2.0333,0
3,0.0000,0.0000,1.9653,1.9653,0
4,0.0000,0.0000,2.0512,2.0512,0
5,0.0000,0.0000,2.0003,2.0004,0
6,0.0000,0.0000,2.0016,2.0016,0
7,0.0000,0.0000,2.0003,2.0003,0
8,0.0000,0.0000,1.9958,1.9958,0
9,0.0000,0.0000,1.9692,1.9692,0
10,0.0000,0.0000,8.9576,8.9576,0
11,0.0000,0.0000,1.9065,1.9065,0
12,0.0000,0.0000,1.9956,1.9957,0
13,0.0000,0.0000,1.9922,1.9922,0
14,0.0000,0.0000,1.9252,1.9252,0
15,0.0000,0.0000,8.8623,8.8623,0
16,0.0000,0.0000,2.1749,2.1749,0
17,0.0000,0.0000,1.9623,1.9623,0
18,0.0000,0.0000,2.0072,2.0073,0
19,0.0000,0.0000,1.8587,1.8588,0
20,0.0000,0.0000,8.9236,8.9237,0
21,0.0000,0.0000,2.0083,2.0085,0
22,0.0000,0.0000,2.0067,2.0069,0
23,0.0000,0.0000,2.0115,2.0116,0
24,0.0000,0.0000,2.0499,2.0500,0
25,0.0000,0.0000,9.0269,9.0270,0
26,0.0000,0.0000,2.1986,2.1988,0
27,0.0000,0.0000,1.9012,1.9014,0
28,0.0000,0.0000,1.9668,1.9669,0
29,0.0000,0.0000,1.8608,1.8610,0
30,0.0000,0.0000,9.1172,9.1175,0
31,0.0000,0.0000,1.9936,1.9939,0
32,0.0000,0.0000,1.9971,1.9973,0
33,0.0000,0.0000,1.9549,1.9551,0
34,0.0000,0.0000,1.9328,1.9330,0
35,0.0000,0.0000,9.0478,9.0480,0
36,0.0000,0.0000,1.9174,1.9177,0
37,0.0000,0.0000,2.0179,2.0182,0
38,0.0000,0.0000,2.0170,2.0173,0
39,0.0000,0.0000,1.8886,1.8888,0
40,0.0000,0.0000,8.9478,8.9480,0
41,0.0000,0.0000,2.0027,2.0030,0
42,0.0000,0.0000,1.9993,1.9996,0
43,0.0000,0.0000,1.9575,1.9578,0
44,0.0000,0.0000,1.9415,1.9418,0
45,0.0000,0.0000,9.0519,9.0521,0
46,0.0000,0.0000,1.9862,1.9865,0
47,0.0000,0.0000,2.0040,2.0043,0
48,0.0000,0.0000,1.9034,1.9037,0
49,0.0000,0.0000,2.0176,2.0179,0
50,0.0000,0.0000,8.8919,8.8922,0
51,0.0000,0.0000,2.0253,2.0256,0
52,0.0000,0.0000,1.9745,1.9747,0
53,0.0000,0.0000,2.0594,2.0597,0
54,0.0000,0.0000,1.9539,1.9542,0
55,0.0000,0.0000,8.9342,8.9344,0
56,0.0000,0.0000,2.0172,2.0175,0
57,0.0000,0.0000,1.9784,1.9787,0
58,0.0000,0.0000,1.8046,1.8048,0
59,0.0000,0.0000,2.0891,2.0892,0
60,0.0000,0.0000,8.9606,8.9608,0
61,0.0000,0.0000,1.9967,1.9969,0
62,0.0000,0.0000,1.9483,1.9485,0
63,0.0000,0.0000,2.1338,2.1340,0
64,0.0000,0.0000,8.7258,8.7259,0
65,0.0000,0.0000,2.0128,2.0130,0
66,0.0000,0.0000,2.0391,2.0393,0
67,0.0000,0.0000,1.9744,1.9745,0
68,0.0000,0.0000,1.8910,1.8912,0
69,0.0000,0.0000,9.0600,9.0601,0
70,0.0000,0.0000,2.0027,2.0028,0
71,0.0000,0.0000,1.9153,1.9155,0
72,0.0000,0.0000,2.0720,2.0722,0
73,0.0000,0.0000,1.9986,1.9987,0
74,0.0000,0.0000,9.0513,9.0514,0
75,0.0000,0.0000,2.1818,2.1820,0
76,0.0000,0.0000,2.0131,2.0134,0
77,0.0000,0.0000,2.0031,2.0034,0
78,0.0000,0.0000,1.9369,1.9372,0
79,0.0000,0.0000,8.9527,8.9530,0
80,0.0000,0.0000,1.9069,1.9073,0
81,0.0000,0.0000,1.9871,1.9874,0
82,0.0000,0.0000,2.1579,2.1581,0
83,0.0000,0.0000,1.8751,1.8755,0
84,0.0000,0.0000,8.9319,8.9322,0
85,0.0000,0.0000,2.0382,2.0385,0
86,0.0000,0.0000,1.9928,1.9931,0
87,0.0000,0.0000,1.9573,1.9576,0
88,0.0000,0.0000,2.0101,2.0104,0
89,0.0000,0.0000,8.9767,8.9770,0
90,0.0000,0.0000,2.0630,2.0633,0
91,0.0000,0.0000,1.8946,1.8949,0
92,0.0000,0.0000,1.9645,1.9649,0
93,0.0000,0.0000,2.1939,2.1942,0
94,0.0000,0.0000,8.7320,8.7323,0
95,0.0000,0.0000,1.9947,1.9950,0
96,0.0000,0.0000,2.0128,2.0131,0
97,0.0000,0.0000,1.9035,1.9038,0
98,0.0000,0.0000,2.0162,2.0165,0
99,0.0000,0.0000,8.9751,8.9754,0
100,0.0000,0.0000,2.0638,2.0641,0
101,0.0000,0.0000,1.9796,1.9799,0
102,0.0000,0.0000,1.9067,1.9070,0
103,0.0000,0.0000,2.0523,2.0526,0
104,0.0000,0.0000,8.9699,8.9702,0
105,0.0000,0.0000,1.9805,1.9808,0
106,0.0000,0.0000,1.9896,1.9899,0
107,0.0000,0.0000,1.8960,1.8963,0
108,0.0000,0.0000,2.3170,2.3173,0
109,0.0000,0.0000,8.9775,8.9779,0
110,0.0000,0.0000,1.5614,1.5617,0
111,0.0000,0.0000,1.9697,1.9700,0
112,0.0000,0.0000,2.0907,2.0911,0
113,0.0000,0.0000,8.7669,8.7672,0
114,0.0000,0.0000,1.9058,1.9060,0
115,0.0000,0.0000,2.0643,2.0644,0
116,0.0000,0.0000,1.9676,1.9677,0
117,0.0000,0.0000,2.1096,2.1097,0
118,0.0000,0.0000,2.3013,2.3014,0
119,0.0000,0.0000,8.8553,8.8555,0
120,0.0000,0.0000,2.0146,2.0147,0
121,0.0000,0.0000,1.9405,1.9407,0
122,0.0000,0.0000,2.0736,2.0738,0
123,0.0000,0.0000,8.7135,8.7136,0
124,0.0000,0.0000,2.0650,2.0652,0
125,0.0000,0.0000,1.9912,1.9915,0
126,0.0000,0.0000,1.9593,1.9595,0
127,0.0000,0.0000,2.0775,2.0777,0
128,0.0000,0.0000,8.8690,8.8692,0
129,0.0000,0.0000,1.9921,1.9922,0
130,0.0000,0.0000,2.0136,2.0137,0
131,0.0000,0.0000,1.9278,1.9279,0
132,0.0000,0.0000,2.0734,2.0736,0
133,0.0000,0.0000,8.9591,8.9594,0
134,0.0000,0.0000,1.9866,1.9868,0
135,0.0000,0.0000,1.9904,1.9906,0
136,0.0000,0.0000,1.9069,1.9071,0
137,0.0000,0.0000,9.0207,9.0208,0
138,0.0000,0.0000,2.0011,2.0013,0
139,0.0000,0.0000,2.0167,2.0168,0
140,0.0000,0.0000,1.9833,1.9834,0
141,0.0000,0.0000,1.9019,1.9021,0
142,0.0000,0.0000,8.9017,8.9019,0
143,0.0000,0.0000,2.0169,2.0170,0
144,0.0000,0.0000,2.0098,2.0099,0
145,0.0000,0.0000,1.9974,1.9975,0
146,0.0000,0.0000,1.9219,1.9220,0
147,0.0000,0.0000,9.0672,9.0674,0
148,0.0000,0.0000,2.1315,2.1317,0
149,0.0000,0.0000,2.0035,2.0038,0
150,0.0000,0.0000,2.0726,2.0729,0
151,0.0000,0.0000,1.9025,1.9028,0
152,0.0000,0.0000,9.0422,9.0425,0
153,0.0000,0.0000,1.9356,1.9359,0
154,0.0000,0.0000,1.9965,1.9968,0
155,0.0000,0.0000,2.0584,2.0587,0
156,0.0000,0.0000,1.9390,1.9393,0
157,0.0000,0.0000,9.1470,9.1473,0
158,0.0000,0.0000,2.0063,2.0066,0
159,0.0000,0.0000,2.0108,2.0111,0
160,0.0000,0.0000,1.9475,1.9478,0
161,0.0000,0.0000,2.0121,2.0124,0
162,0.0000,0.0000,9.0919,9.0922,0
163,0.0000,0.0000,1.9386,1.9389,0
164,0.0000,0.0000,2.0159,2.0162,0
165,0.0000,0.0000,1.9606,1.9609,0
166,0.0000,0.0000,2.0639,2.0642,0
167,0.0000,0.0000,8.7458,8.7461,0
168,0.0000,0.0000,1.9941,1.9944,0
169,0.0000,0.0000,1.9904,1.9907,0
170,0.0000,0.0000,2.0128,2.0131,0
171,0.0000,0.0000,1.9919,1.9922,0
172,0.0000,0.0000,8.8920,8.8923,0
173,0.0000,0.0000,1.9573,1.9576,0
174,0.0000,0.0000,1.9969,1.9972,0
175,0.0000,0.0000,1.9557,1.9560,0
176,0.0000,0.0000,1.9901,1.9904,0
177,0.0000,0.0000,9.0001,9.0004,0
178,0.0000,0.0000,1.9999,2.0002,0
179,0.0000,0.0000,1.9660,1.9663,0
180,0.0000,0.0000,1.9617,1.9620,0
181,0.0000,0.0000,2.0334,2.0337,0
182,0.0000,0.0000,8.8690,8.8693,0
183,0.0000,0.0000,2.0020,2.0023,0
184,0.0000,0.0000,1.9895,1.9899,0
185,0.0000,0.0000,1.9741,1.9745,0
186,0.0000,0.0000,2.1987,2.1990,0
187,0.0000,0.0000,8.7943,8.7946,0
188,0.0000,0.0000,2.0018,2.0021,0
189,0.0000,0.0000,2.0092,2.0095,0
190,0.0000,0.0000,1.9160,1.9163,0
191,0.0000,0.0000,9.1593,9.1596,0
192,0.0000,0.0000,1.9996,1.9999,0
193,0.0000,0.0000,1.9187,1.9190,0
194,0.0000,0.0000,2.0293,2.0296,0
195,0.0000,0.0000,2.0079,2.0082,0
196,0.0000,0.0000,9.1348,9.1351,0
197,0.0000,0.0000,1.9954,1.9957,0
198,0.0000,0.0000,2.0130,2.0133,0
199,0.0000,0.0000,1.9521,1.9524,0
200,0.0000,0.0000,1.9908,1.9911,0
201,0.0000,0.0000,8.8637,8.8640,0
202,0.0000,0.0000,2.0241,2.0244,0
203,0.0000,0.0000,2.0147,2.0150,0
204,0.0000,0.0000,1.9370,1.9373,0
205,0.0000,0.0000,2.0050,2.0053,0
206,0.0000,0.0000,9.0194,9.0197,0
207,0.0000,0.0000,2.0016,2.0019,0
208,0.0000,0.0000,2.0027,2.0030,0
209,0.0000,0.0000,1.9240,1.9243,0
210,0.0000,0.0000,2.0092,2.0095,0
211,0.0000,0.0000,8.9291,8.9294,0
212,0.0000,0.0000,2.0162,2.0165,0
213,0.0000,0.0000,1.9772,1.9775,0
214,0.0000,0.0000,1.9508,1.9511,0
215,0.0000,0.0000,2.0438,2.0442,0
216,0.0000,0.0000,8.9363,8.9366,0
217,0.0000,0.0000,1.9588,1.9591,0
218,0.0000,0.0000,2.0379,2.0382,0
219,0.0000,0.0000,1.9012,1.9015,0
220,0.0000,0.0000,2.1150,2.1153,0
221,0.0000,0.0000,9.0116,9.0119,0
222,0.0000,0.0000,1.9936,1.9939,0
223,0.0000,0.0000,2.0180,2.0183,0
224,0.0000,0.0000,1.9567,1.9570,0
225,0.0000,0.0000,9.1207,9.1210,0
226,0.0000,0.0000,2.0572,2.0575,0
227,0.0000,0.0000,1.9589,1.9592,0
228,0.0000,0.0000,1.9747,1.9750,0
229,0.0000,0.0000,2.0116,2.0119,0
230,0.0000,0.0000,9.0244,9.0247,0
231,0.0000,0.0000,2.0080,2.0083,0
232,0.0000,0.0000,2.0515,2.0518,0
233,0.0000,0.0000,1.9407,1.9410,0
234,0.0000,0.0000,2.0049,2.0052,0
235,0.0000,0.0000,9.0923,9.0926,0
236,0.0000,0.0000,1.9713,1.9716,0
237,0.0000,0.0000,2.0007,2.0011,0
238,0.0000,0.0000,1.9518,1.9521,0
239,0.0000,0.0000,2.1214,2.1217,0
240,0.0000,0.0000,8.9665,8.9668,0
241,0.0000,0.0000,1.9861,1.9865,0
242,0.0000,0.0000,1.8963,1.8966,0
243,0.0000,0.0000,2.0237,2.0240,0
244,0.0000,0.0000,2.0206,2.0209,0
245,0.0000,0.0000,8.9152,8.9155,0
246,0.0000,0.0000,2.0522,2.0525,0
247,0.0000,0.0000,1.9760,1.9763,0
248,0.0000,0.0000,1.9630,1.9633,0
249,0.0000,0.0000,9.1371,9.1374,0
250,0.0000,0.0000,1.9959,1.9962,0
251,0.0000,0.0000,1.9702,1.9705,0
252,0.0000,0.0000,2.0110,2.0114,0
253,0.0000,0.0000,1.9690,1.9693,0
254,0.0000,0.0000,9.0296,9.0299,0
255,0.0000,0.0000,2.0051,2.0054,0
256,0.0000,0.0000,1.9940,1.9943,0
257,0.0000,0.0000,2.2352,2.2356,0
258,0.0000,0.0000,1.7478,1.7481,0
259,0.0000,0.0000,9.0482,9.0485,0
260,0.0000,0.0000,1.9628,1.9631,0
261,0.0000,0.0000,2.7184,2.7187,0
262,0.0000,0.0000,1.2604,1.2607,0
263,0.0000,0.0000,1.9888,1.9891,0
264,0.0000,0.0000,8.9801,8.9804,0
265,0.0000,0.0000,2.0125,2.0128,0
266,0.0000,0.0000,1.9532,1.9535,0
267,0.0000,0.0000,2.0101,2.0104,0
268,0.0000,0.0000,2.0670,2.0673,0
269,0.0000,0.0000,8.9263,8.9266,0
270,0.0000,0.0000,1.9905,1.9908,0
271,0.0000,0.0000,2.0063,2.0066,0
272,0.0000,0.0000,1.9169,1.9172,0
273,0.0000,0.0000,1.9911,1.9914,0
274,0.0000,0.0000,8.9413,8.9416,0
275,0.0000,0.0000,2.0077,2.0080,0
276,0.0000,0.0000,2.0064,2.0067,0
277,0.0000,0.0000,1.9036,1.9039,0
278,0.0000,0.0000,2.0661,2.0664,0
279,0.0000,0.0000,9.0309,9.0312,0
280,0.0000,0.0000,1.9984,1.9987,0
281,0.0000,0.0000,1.9926,1.9929,0
282,0.0000,0.0000,1.9512,1.9515,0
283,0.0000,0.0000,9.1142,9.1146,0
284,0.0000,0.0000,2.0002,2.0005,0
285,0.0000,0.0000,1.9956,1.9959,0
286,0.0000,0.0000,1.9396,1.9400,0
287,0.0000,0.0000,2.0010,2.0013,0
288,0.0000,0.0000,9.1291,9.1294,0
289,0.0000,0.0000,1.9758,1.9761,0
290,0.0000,0.0000,1.9849,1.9852,0
291,0.0000,0.0000,1.9751,1.9755,0
292,0.0000,0.0000,2.0017,2.0020,0
293,0.0000,0.0000,9.0259,9.0262,0
294,0.0000,0.0000,2.0096,2.0099,0
295,0.0000,0.0000,2.0055,2.0058,0
296,0.0000,0.0000,1.9072,1.9075,0
297,0.0000,0.0000,1.9951,1.9954,0
298,0.0000,0.0000,8.9969,8.9972,0
299,0.0000,0.0000,1.9968,1.9971,0
300,0.0000,0.0000,2.0065,2.0068,0
301,0.0000,0.0000,1.9002,1.9006,0
302,0.0000,0.0000,2.1109,2.1112,0
303,0.0000,0.0000,8.8827,8.8830,0
304,0.0000,0.0000,2.0000,2.0003,0
305,0.0000,0.0000,1.9945,1.9948,0
306,0.0000,0.0000,1.9016,1.9019,0
307,0.0000,0.0000,2.0653,2.0656,0
308,0.0000,0.0000,9.0381,9.0384,0
309,0.0000,0.0000,1.9970,1.9973,0
310,0.0000,0.0000,2.0155,2.0158,0
311,0.0000,0.0000,1.9124,1.9127,0
312,0.0000,0.0000,9.0807,9.0810,0
313,0.0000,0.0000,1.9910,1.9912,0
314,0.0000,0.0000,2.0109,2.0112,0
315,0.0000,0.0000,1.9725,1.9728,0
316,0.0000,0.0000,1.9769,1.9772,0
317,0.0000,0.0000,9.1339,9.1342,0
318,0.0000,0.0000,2.0024,2.0027,0
319,0.0000,0.0000,1.9479,1.9482,0
320,0.0000,0.0000,1.9447,1.9450,0
321,0.0000,0.0000,2.0148,2.0151,0
322,0.0000,0.0000,9.0364,9.0367,0
323,0.0000,0.0000,2.0288,2.0291,0
324,0.0000,0.0000,1.9857,1.9860,0
325,0.0000,0.0000,1.9306,1.9309,0
326,0.0000,0.0000,2.0557,2.0561,0
327,0.0000,0.0000,8.9821,8.9824,0
328,0.0000,0.0000,1.9339,1.9343,0
329,0.0000,0.0000,2.0685,2.0688,0
330,0.0000,0.0000,1.8874,1.8877,0
331,0.0000,0.0000,2.0731,2.0734,0
332,0.0000,0.0000,8.8613,8.8616,0
333,0.0000,0.0000,2.0413,2.0416,0
334,0.0000,0.0000,2.0196,2.0199,0
335,0.0000,0.0000,1.9209,1.9212,0
336,0.0000,0.0000,2.0548,2.0551,0
337,0.0000,0.0000,9.0482,9.0485,0
338,0.0000,0.0000,1.9591,1.9594,0
339,0.0000,0.0000,2.0151,2.0154,0
340,0.0000,0.0000,1.9641,1.9644,0
341,0.0000,0.0000,9.0345,9.0348,0
342,0.0000,0.0000,2.0121,2.0124,0
343,0.0000,0.0000,1.9846,1.9849,0
344,0.0000,0.0000,1.9976,1.9980,0
345,0.0000,0.0000,1.9844,1.9847,0
346,0.0000,0.0000,9.0204,9.0207,0
347,0.0000,0.0000,2.0121,2.0124,0
348,0.0000,0.0000,1.9758,1.9761,0
349,0.0000,0.0000,2.0039,2.0042,0
350,0.0000,0.0000,1.9977,1.9980,0
351,0.0000,0.0000,8.9127,8.9130,0
352,0.0000,0.0000,2.0036,2.0039,0
353,0.0000,0.0000,2.0029,2.0032,0
354,0.0000,0.0000,1.9860,1.9863,0
355,0.0000,0.0000,2.0018,2.0020,0
356,0.0000,0.0000,8.8642,8.8646,0
357,0.0000,0.0000,2.1088,2.1091,0
358,0.0000,0.0000,1.9635,1.9638,0
359,0.0000,0.0000,1.9635,1.9638,0
360,0.0000,0.0000,2.0128,2.0131,0
361,0.0000,0.0000,8.8050,8.8053,0
362,0.0000,0.0000,2.0095,2.0098,0
363,0.0000,0.0000,1.9946,1.9949,0
364,0.0000,0.0000,1.9599,1.9602,0
365,0.0000,0.0000,2.0852,2.0855,0
366,0.0000,0.0000,9.0143,9.0146,0
367,0.0000,0.0000,1.9897,1.9900,0
368,0.0000,0.0000,1.9901,1.9904,0
369,0.0000,0.0000,1.9820,1.9823,0
370,0.0000,0.0000,2.0403,2.0407,0
371,0.0000,0.0000,8.9600,8.9603,0
372,0.0000,0.0000,1.9710,1.9713,0
373,0.0000,0.0000,2.0073,2.0076,0
374,0.0000,0.0000,1.9633,1.9636,0
375,0.0000,0.0000,9.0954,9.0956,0
376,0.0000,0.0000,2.0092,2.0095,0
377,0.0000,0.0000,2.0051,2.0054,0
378,0.0000,0.0000,1.9807,1.9810,0
379,0.0000,0.0000,1.9931,1.9934,0
380,0.0000,0.0000,9.0594,9.0597,0
381,0.0000,0.0000,2.0032,2.0036,0
382,0.0000,0.0000,1.9927,1.9930,0
383,0.0000,0.0000,1.9874,1.9877,0
384,0.0000,0.0000,2.0031,2.0034,0
385,0.0000,0.0000,8.9073,8.9076,0
386,0.0000,0.0000,2.0090,2.0093,0
387,0.0000,0.0000,1.9966,1.9969,0
388,0.0000,0.0000,1.9963,1.9966,0
389,0.0000,0.0000,2.0049,2.0052,0
390,0.0000,0.0000,8.9646,8.9649,0
391,0.0000,0.0000,1.9894,1.9897,0
392,0.0000,0.0000,1.9972,1.9975,0
393,0.0000,0.0000,1.9173,1.9176,0
394,0.0000,0.0000,2.1355,2.1358,0
395,0.0000,0.0000,8.9895,8.9898,0
396,0.0000,0.0000,2.0087,2.0090,0
397,0.0000,0.0000,1.9307,1.9310,0
398,0.0000,0.0000,1.9295,1.9298,0
399,0.0000,0.0000,2.1117,2.1120,0
400,0.0000,0.0000,8.9249,8.9252,0
401,0.0000,0.0000,1.9431,1.9434,0
402,0.0000,0.0000,2.0597,2.0600,0
403,0.0000,0.0000,1.8899,1.8902,0
404,0.0000,0.0000,9.0404,9.0408,0
405,0.0000,0.0000,1.9961,1.9964,0
406,0.0000,0.0000,2.0203,2.0206,0
407,0.0000,0.0000,1.9950,1.9953,0
408,0.0000,0.0000,1.9265,1.9268,0
409,0.0000,0.0000,9.0901,9.0903,0
410,0.0000,0.0000,2.3709,2.3712,0
411,0.0000,0.0000,1.6265,1.6268,0
412,0.0000,0.0000,1.9883,1.9887,0
413,0.0000,0.0000,1.9983,1.9986,0
414,0.0000,0.0000,9.0451,9.0454,0
415,0.0000,0.0000,1.9943,1.9946,0
416,0.0000,0.0000,2.0396,2.0399,0
417,0.0000,0.0000,1.9544,1.9547,0
418,0.0000,0.0000,2.0008,2.0011,0
419,0.0000,0.0000,8.9281,8.9284,0
420,0.0000,0.0000,1.9885,1.9888,0
421,0.0000,0.0000,2.0188,2.0191,0
422,0.0000,0.0000,1.9560,1.9563,0
423,0.0000,0.0000,2.0076,2.0079,0
424,0.0000,0.0000,8.9940,8.9943,0
425,0.0000,0.0000,2.0001,2.0004,0
426,0.0000,0.0000,2.0702,2.0705,0
427,0.0000,0.0000,1.8746,1.8749,0
428,0.0000,0.0000,2.0547,2.0550,0
429,0.0000,0.0000,8.8896,8.8899,0
430,0.0000,0.0000,2.0049,2.0052,0
431,0.0000,0.0000,2.0039,2.0042,0
432,0.0000,0.0000,1.9415,1.9418,0
433,0.0000,0.0000,2.0591,2.0594,0
434,0.0000,0.0000,8.9220,8.9223,0
435,0.0000,0.0000,2.0094,2.0097,0
436,0.0000,0.0000,2.0189,2.0192,0
437,0.0000,0.0000,1.9645,1.9648,0
438,0.0000,0.0000,9.0541,9.0544,0
439,0.0000,0.0000,1.9994,1.9997,0
440,0.0000,0.0000,2.0059,2.0062,0
441,0.0000,0.0000,2.0568,2.0571,0
442,0.0000,0.0000,1.9156,1.9159,0
443,0.0000,0.0000,9.1215,9.1218,0
444,0.0000,0.0000,1.9681,1.9684,0
445,0.0000,0.0000,2.0365,2.0368,0
446,0.0000,0.0000,1.9804,1.9807,0
447,0.0000,0.0000,2.0049,2.0052,0
448,0.0000,0.0000,8.9262,8.9265,0
449,0.0000,0.0000,2.0048,2.0051,0
450,0.0000,0.0000,2.0029,2.0032,0
451,0.0000,0.0000,2.0182,2.0185,0
452,0.0000,0.0000,1.9040,1.9044,0
453,0.0000,0.0000,9.0987,9.0991,0
454,0.0000,0.0000,1.9517,1.9520,0
455,0.0000,0.0000,2.0119,2.0122,0
456,0.0000,0.0000,1.9344,1.9347,0
457,0.0000,0.0000,2.0619,2.0622,0
458,0.0000,0.0000,8.9811,8.9814,0
459,0.0000,0.0000,2.0128,2.0131,0
460,0.0000,0.0000,1.9994,1.9997,0
461,0.0000,0.0000,1.8928,1.8931,0
462,0.0000,0.0000,2.0781,2.0784,0
463,0.0000,0.0000,8.9669,8.9672,0
464,0.0000,0.0000,2.0095,2.0098,0
465,0.0000,0.0000,2.0176,2.0179,0
466,0.0000,0.0000,1.8970,1.8973,0
467,0.0000,0.0000,9.0380,9.0383,0
468,0.0000,0.0000,1.9963,1.9966,0
469,0.0000,0.0000,2.0065,2.0068,0
470,0.0000,0.0000,2.0217,2.0220,0
471,0.0000,0.0000,2.0513,2.0516,0
472,0.0000,0.0000,9.0706,9.0709,0
473,0.0000,0.0000,1.9124,1.9127,0
474,0.0000,0.0000,2.0895,2.0898,0
475,0.0000,0.0000,1.9513,1.9516,0
476,0.0000,0.0000,2.0048,2.0051,0
477,0.0000,0.0000,9.1221,9.1224,0
478,0.0000,0.0000,1.9825,1.9828,0
479,0.0000,0.0000,1.9709,1.9712,0
480,0.0000,0.0000,1.9752,1.9756,0
481,0.0000,0.0000,1.9978,1.9981,0
482,0.0000,0.0000,8.8412,8.8415,0
483,0.0000,0.0000,2.1309,2.1312,0
484,0.0000,0.0000,2.0085,2.0088,0
485,0.0000,0.0000,1.9258,1.9261,0
486,0.0000,0.0000,2.0557,2.0560,0
487,0.0000,0.0000,8.9223,8.9226,0
488,0.0000,0.0000,1.9868,1.9871,0
489,0.0000,0.0000,1.9975,1.9978,0
490,0.0000,0.0000,1.9443,1.9446,0
491,0.0000,0.0000,2.0609,2.0612,0
492,0.0000,0.0000,8.9677,8.9680,0
493,0.0000,0.0000,1.9953,1.9956,0
494,0.0000,0.0000,1.9594,1.9597,0
495,0.0000,0.0000,1.9471,1.9474,0
496,0.0000,0.0000,9.0996,9.0999,0
497,0.0000,0.0000,1.8780,1.8783,0
498,0.0000,0.0000,1.9996,1.9999,0
499,0.0000,0.0000,2.0167,2.0170,0
500,0.0000,0.0000,1.9680,1.9683,0
501,0.0000,0.0000,9.0599,9.0602,0
502,0.0000,0.0000,2.0326,2.0329,0
503,0.0000,0.0000,1.9744,1.9747,0
504,0.0000,0.0000,1.8757,1.8760,0
505,0.0000,0.0000,2.0823,2.0826,0
506,0.0000,0.0000,9.0525,9.0528,0
507,0.0000,0.0000,2.0180,2.0183,0
508,0.0000,0.0000,2.0021,2.0025,0
509,0.0000,0.0000,2.0106,2.0109,0
510,0.0000,0.0000,1.9979,1.9982,0
511,0.0000,0.0000,8.9492,8.9495,0
512,0.0000,0.0000,2.0124,2.0127,0
513,0.0000,0.0000,2.0354,2.0357,0
514,0.0000,0.0000,1.9410,1.9413,0
515,0.0000,0.0000,2.1125,2.1128,0
516,0.0000,0.0000,8.9434,8.9437,0
517,0.0000,0.0000,2.1357,2.1360,0
518,0.0000,0.0000,1.8740,1.8743,0
519,0.0000,0.0000,1.9478,1.9481,0
520,0.0000,0.0000,2.0628,2.0631,0
521,0.0000,0.0000,8.9274,8.9277,0
522,0.0000,0.0000,1.9961,1.9964,0
523,0.0000,0.0000,2.0100,2.0103,0
524,0.0000,0.0000,1.9380,1.9384,0
525,0.0000,0.0000,9.1370,9.1373,0
526,0.0000,0.0000,1.9745,1.9748,0
527,0.0000,0.0000,1.9888,1.9891,0
528,0.0000,0.0000,2.0254,2.0257,0
529,0.0000,0.0000,1.9226,1.9229,0
530,0.0000,0.0000,9.1501,9.1504,0
531,0.0000,0.0000,1.9100,1.9103,0
532,0.0000,0.0000,1.9568,1.9571,0
533,0.0000,0.0000,2.1637,2.1640,0
534,0.0000,0.0000,1.8426,1.8429,0
535,0.0000,0.0000,9.0770,9.0773,0
536,0.0000,0.0000,1.9740,1.9744,0
537,0.0000,0.0000,1.9912,1.9915,0
538,0.0000,0.0000,2.0013,2.0016,0
539,0.0000,0.0000,1.9977,1.9980,0
540,0.0000,0.0000,8.9309,8.9312,0
541,0.0000,0.0000,2.0264,2.0267,0
542,0.0000,0.0000,1.9775,1.9778,0
543,0.0000,0.0000,1.9861,1.9864,0
544,0.0000,0.0000,1.9943,1.9946,0
545,0.0000,0.0000,8.9904,8.9907,0
546,0.0000,0.0000,1.9797,1.9800,0
547,0.0000,0.0000,1.9931,1.9934,0
548,0.0000,0.0000,1.9607,1.9610,0
549,0.0000,0.0000,2.0401,2.0405,0
550,0.0000,0.0000,8.9640,8.9643,0
551,0.0000,0.0000,2.0095,2.0098,0
552,0.0000,0.0000,2.0042,2.0045,0
553,0.0000,0.0000,1.9008,1.9011,0
554,0.0000,0.0000,2.1214,2.1217,0
555,0.0000,0.0000,9.0174,9.0177,0
556,0.0000,0.0000,2.0427,2.0430,0
557,0.0000,0.0000,1.9698,1.9701,0
558,0.0000,0.0000,1.9137,1.9140,0
559,0.0000,0.0000,8.8771,8.8774,0
560,0.0000,0.0000,2.1022,2.1025,0
561,0.0000,0.0000,2.0141,2.0144,0
562,0.0000,0.0000,2.0028,2.0031,0
563,0.0000,0.0000,1.9440,1.9443,0
564,0.0000,0.0000,9.0773,9.0776,0
565,0.0000,0.0000,2.0564,2.0567,0
566,0.0000,0.0000,1.9750,1.9753,0
567,0.0000,0.0000,1.9681,1.9684,0
568,0.0000,0.0000,2.0186,2.0189,0
569,0.0000,0.0000,9.0544,9.0547,0
570,0.0000,0.0000,2.0051,2.0054,0
571,0.0000,0.0000,1.9997,2.0000,0
572,0.0000,0.0000,1.9753,1.9756,0
573,0.0000,0.0000,2.0028,2.0031,0
574,0.0000,0.0000,8.9032,8.9035,0
575,0.0000,0.0000,2.0120,2.0123,0
576,0.0000,0.0000,2.0012,2.0015,0
577,0.0000,0.0000,1.9311,1.9314,0
578,0.0000,0.0000,2.0796,2.0799,0
579,0.0000,0.0000,8.9763,8.9766,0
580,0.0000,0.0000,2.0011,2.0014,0
581,0.0000,0.0000,2.0094,2.0097,0
582,0.0000,0.0000,1.9055,1.9058,0
583,0.0000,0.0000,2.0566,2.0569,0
584,0.0000,0.0000,8.9381,8.9384,0
585,0.0000,0.0000,2.0830,2.0833,0
586,0.0000,0.0000,1.9648,1.9651,0
587,0.0000,0.0000,1.9698,1.9701,0
588,0.0000,0.0000,8.8381,8.8384,0
589,0.0000,0.0000,2.1121,2.1124,0
590,0.0000,0.0000,2.0225,2.0228,0
591,0.0000,0.0000,2.0600,2.0603,0
592,0.0000,0.0000,1.8652,1.8655,0
593,0.0000,0.0000,9.1526,9.1529,0
594,0.0000,0.0000,1.9848,1.9851,0
595,0.0000,0.0000,1.9927,1.9931,0
596,0.0000,0.0000,1.9465,1.9468,0
597,0.0000,0.0000,1.9950,1.9953,0
598,0.0000,0.0000,9.1468,9.1471,0
599,0.0000,0.0000,2.0116,2.0119,0
600,0.0000,0.0000,2.0030,2.0033,0
601,0.0000,0.0000,1.9940,1.9943,0
602,0.0000,0.0000,2.1485,2.1488,0
603,0.0000,0.0000,8.9566,8.9569,0
604,0.0000,0.0000,1.9494,1.9497,0
605,0.0000,0.0000,2.0577,2.0580,0
606,0.0000,0.0000,1.9014,1.9017,0
607,0.0000,0.0000,2.0687,2.0690,0
608,0.0000,0.0000,8.9811,8.9814,0
609,0.0000,0.0000,1.9904,1.9907,0
610,0.0000,0.0000,1.9542,1.9545,0
611,0.0000,0.0000,1.9653,1.9656,0
612,0.0000,0.0000,9.1432,9.1435,0
613,0.0000,0.0000,2.0005,2.0008,0
614,0.0000,0.0000,2.0268,2.0271,0
615,0.0000,0.0000,1.9869,1.9872,0
616,0.0000,0.0000,1.9322,1.9325,0
617,0.0000,0.0000,9.0906,9.0909,0
618,0.0000,0.0000,2.0148,2.0151,0
619,0.0000,0.0000,2.0616,2.0619,0
620,0.0000,0.0000,1.9613,1.9616,0
621,0.0000,0.0000,1.9999,2.0002,0
622,0.0000,0.0000,9.1267,9.1270,0
623,0.0000,0.0000,2.0045,2.0048,0
624,0.0000,0.0000,2.0024,2.0027,0
625,0.0000,0.0000,1.9338,1.9341,0
626,0.0000,0.0000,2.0024,2.0027,0
627,0.0000,0.0000,9.0115,9.0118,0
628,0.0000,0.0000,1.9844,1.9847,0
629,0.0000,0.0000,1.9906,1.9909,0
630,0.0000,0.0000,1.9067,1.9070,0
631,0.0000,0.0000,2.0593,2.0596,0
632,0.0000,0.0000,8.9713,8.9716,0
633,0.0000,0.0000,2.0079,2.0082,0
634,0.0000,0.0000,2.0142,2.0145,0
635,0.0000,0.0000,1.8969,1.8972,0
636,0.0000,0.0000,2.0552,2.0555,0
637,0.0000,0.0000,8.9651,8.9654,0
638,0.0000,0.0000,2.0093,2.0096,0
639,0.0000,0.0000,2.0005,2.0008,0
640,0.0000,0.0000,1.8799,1.8802,0
641,0.0000,0.0000,9.0031,9.0034,0
642,0.0000,0.0000,1.9961,1.9964,0
643,0.0000,0.0000,2.0045,2.0048,0
644,0.0000,0.0000,2.0104,2.0107,0
645,0.0000,0.0000,1.8912,1.8915,0
646,0.0000,0.0000,9.0524,9.0527,0
647,0.0000,0.0000,1.9918,1.9921,0
648,0.0000,0.0000,2.0542,2.0545,0
649,0.0000,0.0000,1.9958,1.9961,0
650,0.0000,0.0000,1.9709,1.9712,0
651,0.0000,0.0000,9.0781,9.0784,0
652,0.0000,0.0000,2.0069,2.0072,0
653,0.0000,0.0000,2.0507,2.0510,0
654,0.0000,0.0000,1.9739,1.9742,0
655,0.0000,0.0000,2.0077,2.0080,0
656,0.0000,0.0000,9.0278,9.0282,0
657,0.0000,0.0000,2.0084,2.0087,0
658,0.0000,0.0000,1.9570,1.9573,0
659,0.0000,0.0000,1.9494,1.9497,0
660,0.0000,0.0000,1.9804,1.9807,0
661,0.0000,0.0000,8.8899,8.8902,0
662,0.0000,0.0000,2.0043,2.0046,0
663,0.0000,0.0000,1.9972,1.9975,0
664,0.0000,0.0000,1.9599,1.9602,0
665,0.0000,0.0000,2.0546,2.0549,0
666,0.0000,0.0000,8.9264,8.9267,0
667,0.0000,0.0000,1.9868,1.9871,0
668,0.0000,0.0000,1.9977,1.9980,0
669,0.0000,0.0000,1.9672,1.9675,0
670,0.0000,0.0000,2.0601,2.0604,0
671,0.0000,0.0000,9.0187,9.0191,0
672,0.0000,0.0000,1.9696,1.9699,0
673,0.0000,0.0000,2.0187,2.0190,0
674,0.0000,0.0000,1.9596,1.9599,0
675,0.0000,0.0000,9.0467,9.0470,0
676,0.0000,0.0000,1.9185,1.9188,0
677,0.0000,0.0000,1.9939,1.9942,0
678,0.0000,0.0000,2.0089,2.0092,0
679,0.0000,0.0000,1.9978,1.9981,0
680,0.0000,0.0000,9.0389,9.0392,0
681,0.0000,0.0000,2.0014,2.0017,0
682,0.0000,0.0000,2.0014,2.0017,0
683,0.0000,0.0000,1.9846,1.9850,0
684,0.0000,0.0000,2.0026,2.0029,0
685,0.0000,0.0000,9.1420,9.1423,0
686,0.0000,0.0000,1.9818,1.9821,0
687,0.0000,0.0000,2.0483,2.0486,0
688,0.0000,0.0000,1.9349,1.9352,0
689,0.0000,0.0000,2.0038,2.0041,0
690,0.0000,0.0000,8.9035,8.9038,0
691,0.0000,0.0000,1.9998,2.0001,0
692,0.0000,0.0000,1.9969,1.9972,0
693,0.0000,0.0000,1.9760,1.9763,0
694,0.0000,0.0000,2.0520,2.0523,0
695,0.0000,0.0000,8.9247,8.9250,0
696,0.0000,0.0000,2.0018,2.0021,0
697,0.0000,0.0000,2.0467,2.0470,0
698,0.0000,0.0000,1.9156,1.9159,0
699,0.0000,0.0000,2.0082,2.0085,0
700,0.0000,0.0000,9.0751,9.0754,0
701,0.0000,0.0000,1.9671,1.9674,0
702,0.0000,0.0000,2.0451,2.0454,0
703,0.0000,0.0000,1.8611,1.8614,0
704,0.0000,0.0000,9.0050,9.0053,0
705,0.0000,0.0000,1.9516,1.9519,0
706,0.0000,0.0000,2.0423,2.0426,0
707,0.0000,0.0000,2.0035,2.0038,0
708,0.0000,0.0000,1.9243,1.9246,0
709,0.0000,0.0000,9.0296,9.0299,0
710,0.0000,0.0000,1.9812,1.9815,0
711,0.0000,0.0000,2.0036,2.0039,0
712,0.0000,0.0000,1.9737,1.9740,0
713,0.0000,0.0000,1.9794,1.9797,0
714,0.0000,0.0000,9.1767,9.1770,0
715,0.0000,0.0000,2.0158,2.0161,0
716,0.0000,0.0000,2.0012,2.0015,0
717,0.0000,0.0000,1.9413,1.9416,0
718,0.0000,0.0000,2.0169,2.0172,0
719,0.0000,0.0000,8.8642,8.8645,0
720,0.0000,0.0000,2.0362,2.0365,0
721,0.0000,0.0000,1.9643,1.9646,0
722,0.0000,0.0000,1.9869,1.9872,0
723,0.0000,0.0000,1.9978,1.9981,0
724,0.0000,0.0000,8.9568,8.9571,0
725,0.0000,0.0000,1.9946,1.9949,0
726,0.0000,0.0000,2.0055,2.0058,0
727,0.0000,0.0000,1.9253,1.9256,0
728,0.0000,0.0000,2.0942,2.0945,0
729,0.0000,0.0000,9.0071,9.0074,0
730,0.0000,0.0000,2.0190,2.0193,0
731,0.0000,0.0000,2.0030,2.0033,0
732,0.0000,0.0000,1.9378,1.9381,0
733,0.0000,0.0000,2.0499,2.0502,0
734,0.0000,0.0000,8.9467,8.9470,0
735,0.0000,0.0000,2.0220,2.0224,0
736,0.0000,0.0000,1.9683,1.9686,0
737,0.0000,0.0000,1.9171,1.9174,0
738,0.0000,0.0000,9.0124,9.0127,0
739,0.0000,0.0000,2.0076,2.0079,0
740,0.0000,0.0000,2.0087,2.0090,0
741,0.0000,0.0000,1.9985,1.9988,0
742,0.0000,0.0000,1.9768,1.9771,0
743,0.0000,0.0000,9.1139,9.1142,0
744,0.0000,0.0000,2.0399,2.0402,0
745,0.0000,0.0000,2.0144,2.0147,0
746,0.0000,0.0000,1.9791,1.9794,0
747,0.0000,0.0000,2.0055,2.0058,0
748,0.0000,0.0000,9.0187,9.0190,0
749,0.0000,0.0000,2.0508,2.0511,0
750,0.0000,0.0000,2.0110,2.0113,0
751,0.0000,0.0000,1.9551,1.9554,0
752,0.0000,0.0000,1.9921,1.9924,0
753,0.0000,0.0000,8.9298,8.9302,0
754,0.0000,0.0000,1.9968,1.9971,0
755,0.0000,0.0000,2.0086,2.0089,0
756,0.0000,0.0000,1.9226,1.9229,0
757,0.0000,0.0000,2.0271,2.0274,0
758,0.0000,0.0000,9.0496,9.0499,0
759,0.0000,0.0000,1.9691,1.9694,0
760,0.0000,0.0000,2.0042,2.0045,0
761,0.0000,0.0000,1.9057,1.9060,0
762,0.0000,0.0000,2.0552,2.0555,0
763,0.0000,0.0000,8.9909,8.9912,0
764,0.0000,0.0000,2.0342,2.0345,0
765,0.0000,0.0000,1.8712,1.8715,0
766,0.0000,0.0000,1.9428,1.9431,0
767,0.0000,0.0000,8.9325,8.9328,0
768,0.0000,0.0000,2.0010,2.0013,0
769,0.0000,0.0000,1.9882,1.9885,0
770,0.0000,0.0000,2.0230,2.0234,0
771,0.0000,0.0000,1.9063,1.9066,0
772,0.0000,0.0000,9.1134,9.1138,0
773,0.0000,0.0000,2.0120,2.0123,0
774,0.0000,0.0000,2.0108,2.0111,0
775,0.0000,0.0000,1.9619,1.9622,0
776,0.0000,0.0000,1.9931,1.9934,0
777,0.0000,0.0000,8.9232,8.9235,0
778,0.0000,0.0000,2.0041,2.0044,0
779,0.0000,0.0000,1.9925,1.9928,0
780,0.0000,0.0000,2.0586,2.0589,0
781,0.0000,0.0000,2.0088,2.0091,0
782,0.0000,0.0000,8.9718,8.9721,0
783,0.0000,0.0000,1.9867,1.9870,0
784,0.0000,0.0000,2.0050,2.0053,0
785,0.0000,0.0000,1.9594,1.9597,0
786,0.0000,0.0000,2.0063,2.0066,0
787,0.0000,0.0000,9.0153,9.0156,0
788,0.0000,0.0000,1.9929,1.9932,0
789,0.0000,0.0000,2.0072,2.0075,0
790,0.0000,0.0000,1.9299,1.9302,0
791,0.0000,0.0000,2.0479,2.0483,0
792,0.0000,0.0000,8.9571,8.9574,0
793,0.0000,0.0000,2.0031,2.0033,0
794,0.0000,0.0000,2.0023,2.0026,0
795,0.0000,0.0000,1.9778,1.9781,0
796,0.0000,0.0000,1.9319,1.9322,0
797,0.0000,0.0000,8.8641,8.8644,0
798,0.0000,0.0000,1.9982,1.9985,0
799,0.0000,0.0000,2.0025,2.0028,0
800,0.0000,0.0000,1.9025,1.9028,0
801,0.0000,0.0000,2.0517,2.0520,0
802,0.0000,0.0000,8.9854,8.9857,0
803,0.0000,0.0000,2.0123,2.0126,0
804,0.0000,0.0000,2.0028,2.0031,0
805,0.0000,0.0000,1.9552,1.9555,0
806,0.0000,0.0000,9.0246,9.0249,0
807,0.0000,0.0000,1.9992,1.9995,0
808,0.0000,0.0000,1.9940,1.9943,0
809,0.0000,0.0000,2.0396,2.0399,0
810,0.0000,0.0000,1.9101,1.9104,0
811,0.0000,0.0000,9.1470,9.1473,0
812,0.0000,0.0000,2.0098,2.0101,0
813,0.0000,0.0000,1.9955,1.9958,0
814,0.0000,0.0000,1.9945,1.9948,0
815,0.0000,0.0000,1.9883,1.9886,0
816,0.0000,0.0000,9.2174,9.2177,0
817,0.0000,0.0000,1.8769,1.8775,0
818,0.0000,0.0000,2.0861,2.0864,0
819,0.0000,0.0000,1.9414,1.9417,0
820,0.0000,0.0000,1.9256,1.9259,0
821,0.0000,0.0000,8.9423,8.9426,0
822,0.0000,0.0000,2.0105,2.0108,0
823,0.0000,0.0000,1.9899,1.9902,0
824,0.0000,0.0000,1.9296,1.9299,0
825,0.0000,0.0000,2.0459,2.0462,0
826,0.0000,0.0000,8.8927,8.8930,0
827,0.0000,0.0000,2.0168,2.0171,0
828,0.0000,0.0000,2.0320,2.0323,0
829,0.0000,0.0000,1.9122,1.9125,0
830,0.0000,0.0000,2.0504,2.0507,0
831,0.0000,0.0000,9.0548,9.0551,0
832,0.0000,0.0000,1.9848,1.9851,0
833,0.0000,0.0000,2.0111,2.0114,0
834,0.0000,0.0000,1.9088,1.9091,0
835,0.0000,0.0000,9.0188,9.0191,0
836,0.0000,0.0000,2.0273,2.0276,0
837,0.0000,0.0000,1.9738,1.9741,0
838,0.0000,0.0000,2.0525,2.0528,0
839,0.0000,0.0000,1.9446,1.9449,0
840,0.0000,0.0000,9.0119,9.0123,0
841,0.0000,0.0000,2.0059,2.0062,0
842,0.0000,0.0000,2.0000,2.0003,0
843,0.0000,0.0000,1.9880,1.9883,0
844,0.0000,0.0000,2.0026,2.0029,0
845,0.0000,0.0000,9.0620,9.0623,0
846,0.0000,0.0000,2.0034,2.0037,0
847,0.0000,0.0000,2.0179,2.0182,0
848,0.0000,0.0000,1.9730,1.9733,0
849,0.0000,0.0000,2.0294,2.0297,0
850,0.0000,0.0000,8.9365,8.9368,0
851,0.0000,0.0000,1.9769,1.9772,0
852,0.0000,0.0000,2.0029,2.0033,0
853,0.0000,0.0000,1.9245,1.9248,0
854,0.0000,0.0000,2.0499,2.0501,0
855,0.0000,0.0000,8.8997,8.9000,0
856,0.0000,0.0000,1.9983,1.9986,0
857,0.0000,0.0000,2.0139,2.0142,0
858,0.0000,0.0000,1.9069,1.9072,0
859,0.0000,0.0000,2.1008,2.1011,0
860,0.0000,0.0000,9.0253,9.0256,0
861,0.0000,0.0000,2.0513,2.0516,0
862,0.0000,0.0000,1.9631,1.9634,0
863,0.0000,0.0000,1.8894,1.8897,0
864,0.0000,0.0000,9.0171,9.0174,0
865,0.0000,0.0000,2.0257,2.0260,0
866,0.0000,0.0000,1.9856,1.9859,0
867,0.0000,0.0000,2.0427,2.0430,0
868,0.0000,0.0000,1.8721,1.8724,0
869,0.0000,0.0000,9.0383,9.0386,0
870,0.0000,0.0000,2.0193,2.0196,0
871,0.0000,0.0000,2.0088,2.0091,0
872,0.0000,0.0000,1.9977,1.9980,0
873,0.0000,0.0000,1.9749,1.9752,0
874,0.0000,0.0000,9.0822,9.0825,0
875,0.0000,0.0000,2.0384,2.0387,0
876,0.0000,0.0000,1.9987,1.9990,0
877,0.0000,0.0000,1.9629,1.9632,0
878,0.0000,0.0000,2.0108,2.0111,0
879,0.0000,0.0000,8.9509,8.9512,0
880,0.0000,0.0000,2.0229,2.0232,0
881,0.0000,0.0000,1.9609,1.9612,0
882,0.0000,0.0000,1.9732,1.9735,0
883,0.0000,0.0000,2.0426,2.0429,0
884,0.0000,0.0000,8.8678,8.8681,0
885,0.0000,0.0000,1.9937,1.9940,0
886,0.0000,0.0000,1.9971,1.9974,0
887,0.0000,0.0000,1.9598,1.9601,0
888,0.0000,0.0000,2.0651,2.0654,0
889,0.0000,0.0000,9.0029,9.0032,0
890,0.0000,0.0000,2.0218,2.0221,0
891,0.0000,0.0000,1.9853,1.9856,0
892,0.0000,0.0000,1.9077,1.9080,0
893,0.0000,0.0000,2.0472,2.0475,0
894,0.0000,0.0000,8.9876,8.9879,0
895,0.0000,0.0000,2.0035,2.0038,0
896,0.0000,0.0000,2.0132,2.0135,0
897,0.0000,0.0000,1.8990,1.8993,0
898,0.0000,0.0000,8.9861,8.9865,0
899,0.0000,0.0000,2.0106,2.0109,0
900,0.0000,0.0000,2.0547,2.0550,0
901,0.0000,0.0000,2.0836,2.0839,0
902,0.0000,0.0000,1.7168,1.7171,0
903,0.0000,0.0000,9.2216,9.2219,0
904,0.0000,0.0000,1.9654,1.9657,0
905,0.0000,0.0000,2.0405,2.0409,0
906,0.0000,0.0000,1.9536,1.9539,0
907,0.0000,0.0000,1.9968,1.9971,0
908,0.0000,0.0000,9.1043,9.1046,0
909,0.0000,0.0000,2.0043,2.0046,0
910,0.0000,0.0000,1.9993,1.9996,0
911,0.0000,0.0000,1.9352,1.9355,0
912,0.0000,0.0000,2.0531,2.0534,0
913,0.0000,0.0000,9.0047,9.0050,0
914,0.0000,0.0000,1.9426,1.9429,0
915,0.0000,0.0000,2.0008,2.0011,0
916,0.0000,0.0000,1.9143,1.9146,0
917,0.0000,0.0000,2.0404,2.0407,0
918,0.0000,0.0000,9.0412,9.0416,0
919,0.0000,0.0000,2.0127,2.0130,0
920,0.0000,0.0000,2.0016,2.0019,0
921,0.0000,0.0000,1.9234,1.9237,0
922,0.0000,0.0000,2.0385,2.0388,0
923,0.0000,0.0000,8.9809,8.9812,0
924,0.0000,0.0000,2.0102,2.0105,0
925,0.0000,0.0000,2.0065,2.0068,0
926,0.0000,0.0000,1.9259,1.9262,0
927,0.0000,0.0000,8.9643,8.9646,0
928,0.0000,0.0000,2.0131,2.0134,0
929,0.0000,0.0000,2.0452,2.0455,0
930,0.0000,0.0000,2.0479,2.0482,0
931,0.0000,0.0000,1.9206,1.9209,0
932,0.0000,0.0000,9.1870,9.1873,0
933,0.0000,0.0000,2.0102,2.0105,0
934,0.0000,0.0000,2.0016,2.0019,0
935,0.0000,0.0000,1.9545,1.9548,0
936,0.0000,0.0000,2.0064,2.0067,0
937,0.0000,0.0000,8.9712,8.9715,0
938,0.0000,0.0000,2.0011,2.0014,0
939,0.0000,0.0000,1.9930,1.9933,0
940,0.0000,0.0000,1.9495,1.9498,0
941,0.0000,0.0000,2.0075,2.0078,0
942,0.0000,0.0000,8.9617,8.9620,0
943,0.0000,0.0000,1.9935,1.9938,0
944,0.0000,0.0000,1.9824,1.9827,0
945,0.0000,0.0000,1.9618,1.9621,0
946,0.0000,0.0000,2.0007,2.0010,0
947,0.0000,0.0000,8.9746,8.9749,0
948,0.0000,0.0000,2.0452,2.0455,0
949,0.0000,0.0000,1.9693,1.9696,0
950,0.0000,0.0000,1.9453,1.9456,0
951,0.0000,0.0000,2.0629,2.0632,0
952,0.0000,0.0000,8.9399,8.9402,0
953,0.0000,0.0000,2.0067,2.0070,0
954,0.0000,0.0000,2.0102,2.0105,0
955,0.0000,0.0000,1.9362,1.9365,0
956,0.0000,0.0000,9.0069,9.0072,0
957,0.0000,0.0000,1.9813,1.9816,0
958,0.0000,0.0000,2.0620,2.0623,0
959,0.0000,0.0000,1.9726,1.9729,0
960,0.0000,0.0000,1.9639,1.9642,0
961,0.0000,0.0000,9.1142,9.1145,0
962,0.0000,0.0000,2.0077,2.0080,0
963,0.0000,0.0000,2.0025,2.0028,0
964,0.0000,0.0000,1.9927,1.9930,0
965,0.0000,0.0000,1.9964,1.9967,0
966,0.0000,0.0000,9.0839,9.0842,0
967,0.0000,0.0000,2.0053,2.0056,0
968,0.0000,0.0000,1.9718,1.9721,0
969,0.0000,0.0000,1.9777,1.9780,0
970,0.0000,0.0000,2.0018,2.0021,0
971,0.0000,0.0000,8.9845,8.9848,0
972,0.0000,0.0000,1.9792,1.9795,0
973,0.0000,0.0000,2.0098,2.0101,0
974,0.0000,0.0000,1.9090,1.9093,0
975,0.0000,0.0000,2.0453,2.0456,0
976,0.0000,0.0000,8.9989,8.9992,0
977,0.0000,0.0000,2.0292,2.0295,0
978,0.0000,0.0000,1.9574,1.9577,0
979,0.0000,0.0000,1.9517,1.9520,0
980,0.0000,0.0000,2.0821,2.0824,0
981,0.0000,0.0000,8.8974,8.8977,0
982,0.0000,0.0000,1.9948,1.9951,0
983,0.0000,0.0000,2.0139,2.0142,0
984,0.0000,0.0000,1.9476,1.9479,0
985,0.0000,0.0000,9.0066,9.0069,0
986,0.0000,0.0000,1.9972,1.9975,0
987,0.0000,0.0000,1.9904,1.9907,0
988,0.0000,0.0000,2.0269,2.0272,0
989,0.0000,0.0000,1.9575,1.9578,0
990,0.0000,0.0000,9.2206,9.2209,0
991,0.0000,0.0000,1.9767,1.9770,0
992,0.0000,0.0000,2.0170,2.0173,0
993,0.0000,0.0000,1.9800,1.9803,0
994,0.0000,0.0000,1.9966,1.9969,0
995,0.0000,0.0000,9.0612,9.0615,0
996,0.0000,0.0000,1.9724,1.9727,0
997,0.0000,0.0000,2.0058,2.0060,0
998,0.0000,0.0000,1.9749,1.9752,0
999,0.0000,0.0000,2.0033,2.0036,0
1000,0.0000,0.0000,8.9505,8.9508,0
1001,0.0000,0.0000,1.9934,1.9937,0
1002,0.0000,0.0000,1.9964,1.9967,0
1003,0.0000,0.0000,1.9181,1.9184,0
1004,0.0000,0.0000,2.1117,2.1120,0
1005,0.0000,0.0000,9.0022,9.0025,0
1006,0.0000,0.0000,1.9551,1.9554,0
1007,0.0000,0.0000,2.0163,2.0166,0
1008,0.0000,0.0000,1.9311,1.9314,0
1009,0.0000,0.0000,2.0593,2.0596,0
1010,0.0000,0.0000,8.9178,8.9181,0
1011,0.0000,0.0000,1.9951,1.9954,0
1012,0.0000,0.0000,2.0062,2.0065,0
1013,0.0000,0.0000,1.9495,1.9498,0
1014,0.0000,0.0000,9.0111,9.0114,0
1015,0.0000,0.0000,1.9465,1.9468,0
1016,0.0000,0.0000,1.9901,1.9904,0
1017,0.0000,0.0000,2.0338,2.0341,0
1018,0.0000,0.0000,1.9565,1.9568,0
1019,0.0000,0.0000,9.2682,9.2685,0
1020,0.0000,0.0000,2.0114,2.0117,0
1021,0.0000,0.0000,1.9948,1.9951,0
1022,0.0000,0.0000,1.9477,1.9481,0
1023,0.0000,0.0000,2.0169,2.0172,0
1024,0.0000,0.0000,9.1100,9.1103,0
1025,0.0000,0.0000,1.9961,1.9964,0
1026,0.0000,0.0000,2.0142,2.0145,0
1027,0.0000,0.0000,1.9719,1.9722,0
1028,0.0000,0.0000,1.9719,1.9722,0
1029,0.0000,0.0000,8.9605,8.9608,0
1030,0.0000,0.0000,2.0114,2.0117,0
1031,0.0000,0.0000,1.9975,1.9978,0
1032,0.0000,0.0000,1.9231,1.9234,0
1033,0.0000,0.0000,2.0516,2.0519,0
1034,0.0000,0.0000,8.9725,8.9728,0
1035,0.0000,0.0000,1.9676,1.9679,0
1036,0.0000,0.0000,2.0911,2.0914,0
1037,0.0000,0.0000,1.8849,1.8852,0
1038,0.0000,0.0000,2.0596,2.0599,0
1039,0.0000,0.0000,8.9800,8.9803,0
1040,0.0000,0.0000,1.9839,1.9842,0
1041,0.0000,0.0000,2.0336,2.0339,0
1042,0.0000,0.0000,1.8453,1.8456,0
1043,0.0000,0.0000,9.0729,9.0732,0
1044,0.0000,0.0000,1.9985,1.9988,0
1045,0.0000,0.0000,1.9360,1.9363,0
1046,0.0000,0.0000,1.9916,1.9919,0
1047,0.0000,0.0000,1.9350,1.9353,0
1048,0.0000,0.0000,9.0876,9.0879,0
1049,0.0000,0.0000,2.0484,2.0487,0
1050,0.0000,0.0000,2.0033,2.0036,0
1051,0.0000,0.0000,1.9957,1.9960,0
1052,0.0000,0.0000,1.9545,1.9548,0
1053,0.0000,0.0000,9.1222,9.1225,0
1054,0.0000,0.0000,1.9537,1.9540,0
1055,0.0000,0.0000,2.0470,2.0473,0
1056,0.0000,0.0000,1.9725,1.9728,0
1057,0.0000,0.0000,2.0499,2.0502,0
1058,0.0000,0.0000,8.9965,8.9968,0
1059,0.0000,0.0000,1.9746,1.9749,0
1060,0.0000,0.0000,2.0303,2.0306,0
1061,0.0000,0.0000,1.8878,1.8881,0
1062,0.0000,0.0000,2.0620,2.0623,0
1063,0.0000,0.0000,8.9494,8.9497,0
1064,0.0000,0.0000,2.0059,2.0062,0
1065,0.0000,0.0000,2.0123,2.0126,0
1066,0.0000,0.0000,1.9614,1.9617,0
1067,0.0000,0.0000,2.0665,2.0668,0
1068,0.0000,0.0000,8.8739,8.8742,0
1069,0.0000,0.0000,1.9802,1.9805,0
1070,0.0000,0.0000,1.9884,1.9887,0
1071,0.0000,0.0000,1.9424,1.9427,0
1072,0.0000,0.0000,2.0774,2.0777,0
1073,0.0000,0.0000,8.8818,8.8821,0
1074,0.0000,0.0000,2.0499,2.0502,0
1075,0.0000,0.0000,1.9876,1.9879,0
1076,0.0000,0.0000,1.8930,1.8933,0
1077,0.0000,0.0000,9.0671,9.0674,0
1078,0.0000,0.0000,1.9448,1.9451,0
1079,0.0000,0.0000,2.0745,2.0748,0
1080,0.0000,0.0000,2.0453,2.0456,0
1081,0.0000,0.0000,1.9458,1.9461,0
1082,0.0000,0.0000,9.0027,9.0030,0
1083,0.0000,0.0000,2.0013,2.0016,0
1084,0.0000,0.0000,2.0674,2.0678,0
1085,0.0000,0.0000,1.9181,1.9184,0
1086,0.0000,0.0000,1.9780,1.9783,0
1087,0.0000,0.0000,9.0000,9.0003,0
1088,0.0000,0.0000,2.0513,2.0516,0
1089,0.0000,0.0000,1.9977,1.9979,0
1090,0.0000,0.0000,1.9441,1.9444,0
1091,0.0000,0.0000,2.0211,2.0214,0
1092,0.0000,0.0000,8.9427,8.9430,0
1093,0.0000,0.0000,2.1238,2.1242,0
1094,0.0000,0.0000,1.8905,1.8908,0
1095,0.0000,0.0000,1.9230,1.9233,0
1096,0.0000,0.0000,1.9989,1.9992,0
1097,0.0000,0.0000,8.9041,8.9043,0
1098,0.0000,0.0000,1.9987,1.9990,0
1099,0.0000,0.0000,2.0070,2.0073,0
1100,0.0000,0.0000,1.9754,1.9757,0
1101,0.0000,0.0000,2.0307,2.0310,0
1102,0.0000,0.0000,8.9529,8.9532,0
1103,0.0000,0.0000,2.0017,2.0020,0
1104,0.0000,0.0000,2.0089,2.0092,0
1105,0.0000,0.0000,1.8873,1.8876,0
1106,0.0000,0.0000,2.0296,2.0299,0
1107,0.0000,0.0000,9.0255,9.0258,0
1108,0.0000,0.0000,1.9922,1.9925,0
1109,0.0000,0.0000,2.0178,2.0181,0
1110,0.0000,0.0000,1.9184,1.9187,0
1111,0.0000,0.0000,9.0627,9.0630,0
1112,0.0000,0.0000,2.0047,2.0050,0
1113,0.0000,0.0000,2.0113,2.0116,0
1114,0.0000,0.0000,1.9926,1.9929,0
1115,0.0000,0.0000,1.9684,1.9687,0
1116,0.0000,0.0000,9.0721,9.0724,0
1117,0.0000,0.0000,1.9626,1.9629,0
1118,0.0000,0.0000,1.9983,1.9986,0
1119,0.0000,0.0000,1.9923,1.9927,0
1120,0.0000,0.0000,2.0089,2.0092,0
1121,0.0000,0.0000,9.0982,9.0985,0
1122,0.0000,0.0000,2.0085,2.0088,0
1123,0.0000,0.0000,1.9687,1.9690,0
1124,0.0000,0.0000,1.9760,1.9763,0
1125,0.0000,0.0000,2.0067,2.0070,0
1126,0.0000,0.0000,8.9326,8.9329,0
1127,0.0000,0.0000,1.9960,1.9963,0
1128,0.0000,0.0000,2.0068,2.0071,0
1129,0.0000,0.0000,1.9753,1.9756,0
1130,0.0000,0.0000,2.0478,2.0481,0
1131,0.0000,0.0000,8.9085,8.9088,0
1132,0.0000,0.0000,2.0036,2.0039,0
1133,0.0000,0.0000,2.0399,2.0402,0
1134,0.0000,0.0000,1.9016,1.9019,0
1135,0.0000,0.0000,2.1089,2.1092,0
1136,0.0000,0.0000,8.8989,8.8992,0
1137,0.0000,0.0000,2.0056,2.0059,0
1138,0.0000,0.0000,1.9963,1.9966,0
1139,0.0000,0.0000,1.9500,1.9503,0
1140,0.0000,0.0000,9.0507,9.0510,0
1141,0.0000,0.0000,2.0040,2.0043,0
1142,0.0000,0.0000,1.9941,1.9944,0
1143,0.0000,0.0000,2.0181,2.0184,0
1144,0.0000,0.0000,1.9841,1.9844,0
1145,0.0000,0.0000,9.0322,9.0325,0
1146,0.0000,0.0000,2.0097,2.0100,0
1147,0.0000,0.0000,2.0431,2.0434,0
1148,0.0000,0.0000,1.9642,1.9645,0
1149,0.0000,0.0000,1.9971,1.9974,0
1150,0.0000,0.0000,9.1864,9.1867,0
1151,0.0000,0.0000,1.9565,1.9568,0
1152,0.0000,0.0000,1.9792,1.9795,0
1153,0.0000,0.0000,1.9452,1.9455,0
1154,0.0000,0.0000,2.0298,2.0301,0
1155,0.0000,0.0000,8.9646,8.9649,0
1156,0.0000,0.0000,1.9983,1.9986,0
1157,0.0000,0.0000,2.0075,2.0078,0
1158,0.0000,0.0000,1.9088,1.9091,0
1159,0.0000,0.0000,2.0726,2.0729,0
1160,0.0000,0.0000,8.9796,8.9799,0
1161,0.0000,0.0000,2.0052,2.0055,0
1162,0.0000,0.0000,2.0067,2.0070,0
1163,0.0000,0.0000,1.9171,1.9175,0
1164,0.0000,0.0000,2.0683,2.0686,0
1165,0.0000,0.0000,8.7850,8.7853,0
1166,0.0000,0.0000,2.0060,2.0063,0
1167,0.0000,0.0000,2.1004,2.1007,0
1168,0.0000,0.0000,1.8981,1.8984,0
1169,0.0000,0.0000,9.0918,9.0921,0
1170,0.0000,0.0000,2.0336,2.0339,0
1171,0.0000,0.0000,1.9569,1.9572,0
1172,0.0000,0.0000,1.9982,1.9985,0
1173,0.0000,0.0000,1.9484,1.9487,0
1174,0.0000,0.0000,9.1629,9.1632,0
1175,0.0000,0.0000,2.0193,2.0196,0
1176,0.0000,0.0000,1.9998,2.0001,0
1177,0.0000,0.0000,1.9573,1.9576,0
1178,0.0000,0.0000,2.0124,2.0127,0
1179,0.0000,0.0000,9.1298,9.1301,0
1180,0.0000,0.0000,1.9938,1.9941,0
1181,0.0000,0.0000,2.0282,2.0285,0
1182,0.0000,0.0000,1.9480,1.9483,0
1183,0.0000,0.0000,2.0106,2.0109,0
1184,0.0000,0.0000,8.8950,8.8953,0
1185,0.0000,0.0000,2.0302,2.0305,0
1186,0.0000,0.0000,1.9659,1.9662,0
1187,0.0000,0.0000,1.9667,1.9670,0
1188,0.0000,0.0000,2.0182,2.0185,0
1189,0.0000,0.0000,8.9353,8.9356,0
1190,0.0000,0.0000,1.9372,1.9375,0
1191,0.0000,0.0000,2.0717,2.0720,0
1192,0.0000,0.0000,1.9641,1.9644,0
1193,0.0000,0.0000,2.0489,2.0492,0
1194,0.0000,0.0000,8.9982,8.9985,0
1195,0.0000,0.0000,2.0297,2.0300,0
1196,0.0000,0.0000,1.9657,1.9660,0
1197,0.0000,0.0000,1.9623,1.9626,0
1198,0.0000,0.0000,9.0156,9.0159,0
1199,0.0000,0.0000,2.0140,2.0143,0
1200,0.0000,0.0000,1.9917,1.9920,0
1201,0.0000,0.0000,2.0164,2.0167,0
1202,0.0000,0.0000,1.9892,1.9895,0
1203,0.0000,0.0000,9.0261,9.0264,0
1204,0.0000,0.0000,2.0437,2.0441,0
1205,0.0000,0.0000,1.9621,1.9624,0
1206,0.0000,0.0000,2.0035,2.0038,0
1207,0.0000,0.0000,1.9974,1.9977,0
1208,0.0000,0.0000,9.1061,9.1064,0
1209,0.0000,0.0000,2.0047,2.0050,0
1210,0.0000,0.0000,2.0453,2.0456,0
1211,0.0000,0.0000,1.9491,1.9494,0
1212,0.0000,0.0000,1.9909,1.9911,0
1213,0.0000,0.0000,8.8491,8.8495,0
1214,0.0000,0.0000,2.0520,2.0523,0
1215,0.0000,0.0000,1.9583,1.9586,0
1216,0.0000,0.0000,1.9323,1.9326,0
1217,0.0000,0.0000,2.0259,2.0262,0
1218,0.0000,0.0000,8.9661,8.9664,0
1219,0.0000,0.0000,2.0062,2.0065,0
1220,0.0000,0.0000,2.0312,2.0315,0
1221,0.0000,0.0000,1.8847,1.8850,0
1222,0.0000,0.0000,2.0643,2.0646,0
1223,0.0000,0.0000,9.0097,9.0100,0
1224,0.0000,0.0000,1.9960,1.9963,0
1225,0.0000,0.0000,1.9882,1.9885,0
1226,0.0000,0.0000,1.9531,1.9534,0
1227,0.0000,0.0000,9.0731,9.0734,0
1228,0.0000,0.0000,2.0075,2.0078,0
1229,0.0000,0.0000,1.9985,1.9988,0
1230,0.0000,0.0000,2.0073,2.0076,0
1231,0.0000,0.0000,1.9072,1.9075,0
1232,0.0000,0.0000,9.0721,9.0724,0
1233,0.0000,0.0000,2.0592,2.0595,0
1234,0.0000,0.0000,1.9933,1.9936,0
1235,0.0000,0.0000,1.8918,1.8921,0
1236,0.0000,0.0000,2.0601,2.0604,0
1237,0.0000,0.0000,9.2308,9.2311,0
1238,0.0000,0.0000,2.0146,2.0149,0
1239,0.0000,0.0000,2.0016,2.0019,0
1240,0.0000,0.0000,1.9467,1.9470,0
1241,0.0000,0.0000,2.0002,2.0005,0
1242,0.0000,0.0000,8.8662,8.8665,0
1243,0.0000,0.0000,2.0298,2.0301,0
1244,0.0000,0.0000,2.0410,2.0413,0
1245,0.0000,0.0000,1.9183,1.9186,0
1246,0.0000,0.0000,2.0068,2.0071,0
1247,0.0000,0.0000,8.9670,8.9673,0
1248,0.0000,0.0000,2.0073,2.0076,0
1249,0.0000,0.0000,2.0067,2.0069,0
1250,0.0000,0.0000,1.9181,1.9184,0
1251,0.0000,0.0000,2.0149,2.0152,0
1252,0.0000,0.0000,9.0317,9.0319,0
1253,0.0000,0.0000,1.9821,1.9824,0
1254,0.0000,0.0000,1.9841,1.9844,0
1255,0.0000,0.0000,1.9154,1.9157,0
1256,0.0000,0.0000,2.0138,2.0141,0
1257,0.0000,0.0000,8.9820,8.9823,0
1258,0.0000,0.0000,1.9513,1.9516,0
1259,0.0000,0.0000,2.0227,2.0230,0
1260,0.0000,0.0000,1.9392,1.9395,0
1261,0.0000,0.0000,9.0705,9.0708,0
1262,0.0000,0.0000,1.9931,1.9934,0
1263,0.0000,0.0000,1.9510,1.9513,0
1264,0.0000,0.0000,2.0847,2.0849,0
1265,0.0000,0.0000,1.9209,1.9212,0
1266,0.0000,0.0000,9.1212,9.1215,0
1267,0.0000,0.0000,2.0041,2.0044,0
1268,0.0000,0.0000,2.0102,2.0105,0
1269,0.0000,0.0000,2.0037,2.0040,0
1270,0.0000,0.0000,2.0056,2.0059,0
1271,0.0000,0.0000,8.8904,8.8907,0
1272,0.0000,0.0000,2.0090,2.0093,0
1273,0.0000,0.0000,1.9925,1.9928,0
1274,0.0000,0.0000,2.0064,2.0067,0
1275,0.0000,0.0000,2.0039,2.0043,0
1276,0.0000,0.0000,8.9891,8.9894,0
1277,0.0000,0.0000,1.9704,1.9707,0
1278,0.0000,0.0000,2.0376,2.0379,0
1279,0.0000,0.0000,1.9416,1.9419,0
1280,0.0000,0.0000,2.0334,2.0337,0
1281,0.0000,0.0000,8.9926,8.9929,0
1282,0.0000,0.0000,2.0405,2.0409,0
1283,0.0000,0.0000,1.9896,1.9899,0
1284,0.0000,0.0000,1.8665,1.8668,0
1285,0.0000,0.0000,2.0704,2.0707,0
1286,0.0000,0.0000,8.9427,8.9430,0
1287,0.0000,0.0000,1.9965,1.9968,0
1288,0.0000,0.0000,2.0107,2.0110,0
1289,0.0000,0.0000,1.9152,1.9155,0
1290,0.0000,0.0000,9.0574,9.0577,0
1291,0.0000,0.0000,2.0016,2.0019,0
1292,0.0000,0.0000,1.9702,1.9705,0
1293,0.0000,0.0000,2.0369,2.0372,0
1294,0.0000,0.0000,1.9512,1.9515,0
1295,0.0000,0.0000,9.0852,9.0855,0
1296,0.0000,0.0000,2.0020,2.0023,0
1297,0.0000,0.0000,2.0068,2.0071,0
1298,0.0000,0.0000,1.9709,1.9713,0
1299,0.0000,0.0000,1.9981,1.9983,0
1300,0.0000,0.0000,8.9974,8.9977,0
1301,0.0000,0.0000,2.0012,2.0015,0
1302,0.0000,0.0000,1.9956,1.9959,0
1303,0.0000,0.0000,1.9643,1.9646,0
1304,0.0000,0.0000,2.0367,2.0370,0
1305,0.0000,0.0000,8.8450,8.8453,0
1306,0.0000,0.0000,2.0010,2.0013,0
1307,0.0000,0.0000,2.0006,2.0009,0
1308,0.0000,0.0000,1.9872,1.9875,0
1309,0.0000,0.0000,1.9997,2.0000,0
1310,0.0000,0.0000,8.9488,8.9491,0
1311,0.0000,0.0000,2.0432,2.0435,0
1312,0.0000,0.0000,1.9754,1.9758,0
1313,0.0000,0.0000,2.0215,2.0218,0
1314,0.0000,0.0000,1.8837,1.8840,0
1315,0.0000,0.0000,8.9642,8.9645,0
1316,0.0000,0.0000,2.0419,2.0422,0
1317,0.0000,0.0000,1.9952,1.9955,0
1318,0.0000,0.0000,1.9077,1.9080,0
1319,0.0000,0.0000,2.0669,2.0672,0
1320,0.0000,0.0000,8.9634,8.9637,0
1321,0.0000,0.0000,2.0062,2.0065,0
1322,0.0000,0.0000,1.9621,1.9624,0
1323,0.0000,0.0000,1.9384,1.9387,0
1324,0.0000,0.0000,2.0685,2.0688,0
1325,0.0000,0.0000,9.0040,9.0043,0
1326,0.0000,0.0000,1.9606,1.9609,0
1327,0.0000,0.0000,2.0195,2.0198,0
1328,0.0000,0.0000,1.9616,1.9619,0
1329,0.0000,0.0000,9.0729,9.0732,0
1330,0.0000,0.0000,1.9207,1.9210,0
1331,0.0000,0.0000,2.0027,2.0030,0
1332,0.0000,0.0000,1.9702,1.9706,0
1333,0.0000,0.0000,2.0019,2.0022,0
1334,0.0000,0.0000,9.0754,9.0757,0
1335,0.0000,0.0000,1.9928,1.9931,0
1336,0.0000,0.0000,1.9949,1.9952,0
1337,0.0000,0.0000,1.9607,1.9610,0
1338,0.0000,0.0000,2.0113,2.0116,0
1339,0.0000,0.0000,9.2069,9.2071,0
1340,0.0000,0.0000,1.9678,1.9681,0
1341,0.0000,0.0000,2.0035,2.0038,0
1342,0.0000,0.0000,1.9205,1.9208,0
1343,0.0000,0.0000,1.9456,1.9459,0
1344,0.0000,0.0000,8.8004,8.8007,0
1345,0.0000,0.0000,2.0192,2.0195,0
1346,0.0000,0.0000,2.0038,2.0041,0
1347,0.0000,0.0000,1.9216,1.9219,0
1348,0.0000,0.0000,2.1427,2.1430,0
1349,0.0000,0.0000,8.9666,8.9669,0
1350,0.0000,0.0000,2.0112,2.0115,0
1351,0.0000,0.0000,1.7967,1.7971,0
1352,0.0000,0.0000,1.9146,1.9149,0
1353,0.0000,0.0000,2.0536,2.0539,0
1354,0.0000,0.0000,9.0189,9.0192,0
1355,0.0000,0.0000,1.9970,1.9973,0
1356,0.0000,0.0000,2.0227,2.0230,0
1357,0.0000,0.0000,1.9002,1.9005,0
1358,0.0000,0.0000,9.0677,9.0680,0
1359,0.0000,0.0000,2.0295,2.0298,0
1360,0.0000,0.0000,1.9251,1.9254,0
1361,0.0000,0.0000,2.0854,2.0857,0
1362,0.0000,0.0000,1.9059,1.9063,0
1363,0.0000,0.0000,9.0885,9.0888,0
1364,0.0000,0.0000,2.0211,2.0214,0
1365,0.0000,0.0000,1.9762,1.9765,0
1366,0.0000,0.0000,1.9622,1.9626,0
1367,0.0000,0.0000,1.9943,1.9946,0
1368,0.0000,0.0000,9.1936,9.1940,0
1369,0.0000,0.0000,1.9981,1.9985,0
1370,0.0000,0.0000,2.0177,2.0180,0
1371,0.0000,0.0000,1.9421,1.9424,0
1372,0.0000,0.0000,2.0432,2.0435,0
1373,0.0000,0.0000,8.8584,8.8587,0
1374,0.0000,0.0000,2.0623,2.0626,0
1375,0.0000,0.0000,2.0000,2.0003,0
1376,0.0000,0.0000,1.9037,1.9040,0
1377,0.0000,0.0000,2.0695,2.0698,0
1378,0.0000,0.0000,8.9720,8.9723,0
1379,0.0000,0.0000,2.0038,2.0041,0
1380,0.0000,0.0000,2.0130,2.0133,0
1381,0.0000,0.0000,1.9121,1.9124,0
1382,0.0000,0.0000,2.0537,2.0540,0
1383,0.0000,0.0000,9.0074,9.0078,0
1384,0.0000,0.0000,1.9923,1.9926,0
1385,0.0000,0.0000,2.0038,2.0041,0
1386,0.0000,0.0000,1.9514,1.9517,0
1387,0.0000,0.0000,9.0322,9.0325,0
1388,0.0000,0.0000,1.9962,1.9965,0
1389,0.0000,0.0000,2.0485,2.0488,0
1390,0.0000,0.0000,1.9928,1.9932,0
1391,0.0000,0.0000,1.9083,1.9086,0
1392,0.0000,0.0000,9.1317,9.1320,0
1393,0.0000,0.0000,1.9541,1.9544,0
1394,0.0000,0.0000,2.0133,2.0136,0
1395,0.0000,0.0000,2.0003,2.0006,0
1396,0.0000,0.0000,1.9946,1.9949,0
1397,0.0000,0.0000,9.0597,9.0600,0
1398,0.0000,0.0000,1.9737,1.9740,0
1399,0.0000,0.0000,2.0953,2.0956,0
1400,0.0000,0.0000,1.9358,1.9361,0
1401,0.0000,0.0000,2.0056,2.0059,0
1402,0.0000,0.0000,8.8615,8.8618,0
1403,0.0000,0.0000,2.0031,2.0033,0
1404,0.0000,0.0000,2.0083,2.0086,0
1405,0.0000,0.0000,1.9693,1.9696,0
1406,0.0000,0.0000,2.0162,2.0165,0
1407,0.0000,0.0000,8.9782,8.9785,0
1408,0.0000,0.0000,2.0071,2.0074,0
1409,0.0000,0.0000,2.0058,2.0061,0
1410,0.0000,0.0000,1.9266,1.9269,0
1411,0.0000,0.0000,2.0233,2.0236,0
1412,0.0000,0.0000,9.0212,9.0215,0
1413,0.0000,0.0000,2.0029,2.0032,0
1414,0.0000,0.0000,2.0156,2.0159,0
1415,0.0000,0.0000,1.9516,1.9519,0
1416,0.0000,0.0000,9.0241,9.0244,0
1417,0.0000,0.0000,1.9989,1.9992,0
1418,0.0000,0.0000,2.0107,2.0110,0
1419,0.0000,0.0000,2.0516,2.0519,0
1420,0.0000,0.0000,1.9383,1.9387,0
1421,0.0000,0.0000,9.0585,9.0589,0
1422,0.0000,0.0000,1.8757,1.8760,0
1423,0.0000,0.0000,1.9979,1.9982,0
1424,0.0000,0.0000,2.0078,2.0081,0
1425,0.0000,0.0000,1.9955,1.9958,0
1426,0.0000,0.0000,9.1177,9.1180,0
1427,0.0000,0.0000,2.0081,2.0084,0
1428,0.0000,0.0000,2.0712,2.0715,0
1429,0.0000,0.0000,1.9275,1.9278,0
1430,0.0000,0.0000,2.0915,2.0918,0
1431,0.0000,0.0000,8.8112,8.8115,0
1432,0.0000,0.0000,1.9969,1.9972,0
1433,0.0000,0.0000,1.9979,1.9982,0
1434,0.0000,0.0000,1.9686,1.9689,0
1435,0.0000,0.0000,2.0443,2.0446,0
1436,0.0000,0.0000,8.9404,8.9407,0
1437,0.0000,0.0000,2.0124,2.0127,0
1438,0.0000,0.0000,1.9934,1.9936,0
1439,0.0000,0.0000,1.9513,1.9516,0
1440,0.0000,0.0000,2.0546,2.0549,0
1441,0.0000,0.0000,9.0254,9.0257,0
1442,0.0000,0.0000,2.0393,2.0396,0
1443,0.0000,0.0000,1.9636,1.9639,0
1444,0.0000,0.0000,1.9623,1.9626,0
1445,0.0000,0.0000,9.0129,9.0132,0
1446,0.0000,0.0000,1.9912,1.9915,0
1447,0.0000,0.0000,2.0153,2.0156,0
1448,0.0000,0.0000,1.9952,1.9955,0
1449,0.0000,0.0000,1.9989,1.9992,0
1450,0.0000,0.0000,8.9799,8.9802,0
1451,0.0000,0.0000,2.0365,2.0368,0
1452,0.0000,0.0000,1.9673,1.9676,0
1453,0.0000,0.0000,2.0356,2.0359,0
1454,0.0000,0.0000,1.9648,1.9651,0
1455,0.0000,0.0000,9.1297,9.1299,0
1456,0.0000,0.0000,2.0095,2.0098,0
1457,0.0000,0.0000,2.0092,2.0095,0
1458,0.0000,0.0000,1.9869,1.9872,0
1459,0.0000,0.0000,2.0193,2.0196,0
1460,0.0000,0.0000,8.9668,8.9671,0
1461,0.0000,0.0000,1.9500,1.9503,0
1462,0.0000,0.0000,1.9851,1.9854,0
1463,0.0000,0.0000,1.9740,1.9743,0
1464,0.0000,0.0000,2.0152,2.0156,0
1465,0.0000,0.0000,8.9438,8.9441,0
1466,0.0000,0.0000,2.0069,2.0072,0
1467,0.0000,0.0000,2.0453,2.0456,0
1468,0.0000,0.0000,1.9198,1.9201,0
1469,0.0000,0.0000,2.0719,2.0722,0
1470,0.0000,0.0000,9.1093,9.1096,0
1471,0.0000,0.0000,1.9967,1.9971,0
1472,0.0000,0.0000,2.0091,2.0094,0
1473,0.0000,0.0000,1.8673,1.8676,0
1474,0.0000,0.0000,9.0672,9.0675,0
1475,0.0000,0.0000,1.9559,1.9562,0
1476,0.0000,0.0000,2.0113,2.0116,0
1477,0.0000,0.0000,2.0287,2.0290,0
1478,0.0000,0.0000,1.9186,1.9189,0
1479,0.0000,0.0000,9.1290,9.1293,0
1480,0.0000,0.0000,2.0035,2.0039,0
1481,0.0000,0.0000,1.9963,1.9966,0
1482,0.0000,0.0000,1.9481,1.9484,0
1483,0.0000,0.0000,2.0714,2.0717,0
1484,0.0000,0.0000,9.0886,9.0889,0
1485,0.0000,0.0000,2.0120,2.0123,0
1486,0.0000,0.0000,2.0396,2.0399,0
1487,0.0000,0.0000,1.9373,1.9376,0
1488,0.0000,0.0000,1.9530,1.9533,0
1489,0.0000,0.0000,8.9348,8.9351,0
1490,0.0000,0.0000,2.0124,2.0127,0
1491,0.0000,0.0000,2.0581,2.0584,0
1492,0.0000,0.0000,1.9086,1.9089,0
1493,0.0000,0.0000,1.9956,1.9959,0
1494,0.0000,0.0000,8.9302,8.9305,0
1495,0.0000,0.0000,2.0007,2.0010,0
1496,0.0000,0.0000,1.9965,1.9968,0
1497,0.0000,0.0000,1.9921,1.9924,0
1498,0.0000,0.0000,2.0296,2.0299,0
1499,0.0000,0.0000,8.9832,8.9835,0
1500,0.0000,0.0000,2.0111,2.0114,0
1501,0.0000,0.0000,2.0014,2.0017,0
1502,0.0000,0.0000,1.9548,1.9551,0
1503,0.0000,0.0000,9.0788,9.0791,0
1504,0.0000,0.0000,1.9708,1.9711,0
1505,0.0000,0.0000,2.0135,2.0138,0
1506,0.0000,0.0000,2.0092,2.0095,0
1507,0.0000,0.0000,1.9648,1.9651,0
1508,0.0000,0.0000,8.9184,8.9187,0
1509,0.0000,0.0000,1.9815,1.9818,0
1510,0.0000,0.0000,2.0033,2.0036,0
1511,0.0000,0.0000,2.0103,2.0107,0
1512,0.0000,0.0000,2.0818,2.0821,0
1513,0.0000,0.0000,9.1675,9.1678,0
1514,0.0000,0.0000,1.9994,1.9998,0
1515,0.0000,0.0000,2.0019,2.0022,0
1516,0.0000,0.0000,1.9378,1.9381,0
1517,0.0000,0.0000,1.9941,1.9944,0
1518,0.0000,0.0000,8.9520,8.9523,0
1519,0.0000,0.0000,2.0045,2.0048,0
1520,0.0000,0.0000,2.0026,2.0029,0
1521,0.0000,0.0000,1.9669,1.9672,0
1522,0.0000,0.0000,1.9152,1.9155,0
1523,0.0000,0.0000,8.9605,8.9608,0
1524,0.0000,0.0000,2.0010,2.0013,0
1525,0.0000,0.0000,1.9914,1.9917,0
1526,0.0000,0.0000,1.9133,1.9136,0
1527,0.0000,0.0000,2.0582,2.0585,0
1528,0.0000,0.0000,8.9301,8.9304,0
1529,0.0000,0.0000,1.9520,1.9524,0
1530,0.0000,0.0000,2.1442,2.1446,0
1531,0.0000,0.0000,1.8683,1.8686,0
1532,0.0000,0.0000,2.0626,2.0629,0
1533,0.0000,0.0000,8.9695,8.9698,0
1534,0.0000,0.0000,2.0060,2.0063,0
1535,0.0000,0.0000,2.0217,2.0220,0
1536,0.0000,0.0000,1.8945,1.8948,0
1537,0.0000,0.0000,9.0752,9.0755,0
1538,0.0000,0.0000,1.9099,1.9103,0
1539,0.0000,0.0000,1.9883,1.9886,0
1540,0.0000,0.0000,1.9998,2.0001,0
1541,0.0000,0.0000,1.9715,1.9718,0
1542,0.0000,0.0000,9.1562,9.1565,0
1543,0.0000,0.0000,2.0066,2.0069,0
1544,0.0000,0.0000,1.9049,1.9052,0
1545,0.0000,0.0000,2.0352,2.0354,0
1546,0.0000,0.0000,1.9947,1.9950,0
1547,0.0000,0.0000,9.0822,9.0825,0
1548,0.0000,0.0000,2.0115,2.0118,0
1549,0.0000,0.0000,2.0055,2.0058,0
1550,0.0000,0.0000,1.9710,1.9713,0
1551,0.0000,0.0000,2.0103,2.0106,0
1552,0.0000,0.0000,8.9185,8.9189,0
1553,0.0000,0.0000,2.0024,2.0027,0
1554,0.0000,0.0000,1.9973,1.9976,0
1555,0.0000,0.0000,1.9209,1.9212,0
1556,0.0000,0.0000,2.0111,2.0114,0
1557,0.0000,0.0000,9.0383,9.0386,0
1558,0.0000,0.0000,1.9891,1.9894,0
1559,0.0000,0.0000,2.0018,2.0021,0
1560,0.0000,0.0000,1.9143,1.9146,0
1561,0.0000,0.0000,2.0879,2.0882,0
1562,0.0000,0.0000,8.9023,8.9026,0
1563,0.0000,0.0000,2.0036,2.0039,0
1564,0.0000,0.0000,2.0005,2.0008,0
1565,0.0000,0.0000,1.9488,1.9491,0
1566,0.0000,0.0000,9.0155,9.0157,0
1567,0.0000,0.0000,2.0028,2.0031,0
1568,0.0000,0.0000,1.9897,1.9900,0
1569,0.0000,0.0000,2.0160,2.0163,0
1570,0.0000,0.0000,1.9441,1.9444,0
1571,0.0000,0.0000,9.0867,9.0870,0
1572,0.0000,0.0000,2.0250,2.0253,0
1573,0.0000,0.0000,1.9533,1.9537,0
1574,0.0000,0.0000,1.9657,1.9660,0
1575,0.0000,0.0000,1.9696,1.9699,0
1576,0.0000,0.0000,9.1203,9.1206,0
1577,0.0000,0.0000,2.0149,2.0152,0
1578,0.0000,0.0000,2.0051,2.0054,0
1579,0.0000,0.0000,1.9534,1.9537,0
1580,0.0000,0.0000,2.0049,2.0052,0
1581,0.0000,0.0000,8.8859,8.8862,0
1582,0.0000,0.0000,1.9958,1.9961,0
1583,0.0000,0.0000,2.0419,2.0421,0
1584,0.0000,0.0000,1.9506,1.9509,0
1585,0.0000,0.0000,2.0868,2.0871,0
1586,0.0000,0.0000,9.0372,9.0375,0
1587,0.0000,0.0000,2.0123,2.0126,0
1588,0.0000,0.0000,2.0024,2.0026,0
1589,0.0000,0.0000,1.9116,1.9119,0
1590,0.0000,0.0000,2.0538,2.0541,0
1591,0.0000,0.0000,8.9969,8.9972,0
1592,0.0000,0.0000,1.9695,1.9698,0
1593,0.0000,0.0000,2.0074,2.0077,0
1594,0.0000,0.0000,1.9024,1.9028,0
1595,0.0000,0.0000,9.0882,9.0885,0
1596,0.0000,0.0000,2.0104,2.0107,0
1597,0.0000,0.0000,1.9954,1.9957,0
1598,0.0000,0.0000,2.0297,2.0300,0
1599,0.0000,0.0000,1.8993,1.8996,0
1600,0.0000,0.0000,9.1777,9.1780,0
1601,0.0000,0.0000,1.9932,1.9935,0
1602,0.0000,0.0000,2.0140,2.0143,0
1603,0.0000,0.0000,1.9548,1.9551,0
1604,0.0000,0.0000,1.9875,1.9878,0
1605,0.0000,0.0000,9.1305,9.1308,0
1606,0.0000,0.0000,2.0626,2.0629,0
1607,0.0000,0.0000,1.9712,1.9715,0
1608,0.0000,0.0000,1.9448,1.9451,0
1609,0.0000,0.0000,2.0115,2.0118,0
1610,0.0000,0.0000,8.8637,8.8640,0
1611,0.0000,0.0000,2.0053,2.0056,0
1612,0.0000,0.0000,2.0397,2.0400,0
1613,0.0000,0.0000,1.9566,1.9569,0
1614,0.0000,0.0000,2.1082,2.1085,0
1615,0.0000,0.0000,9.0207,9.0210,0
1616,0.0000,0.0000,1.9974,1.9977,0
1617,0.0000,0.0000,2.0079,2.0082,0
1618,0.0000,0.0000,1.9243,1.9246,0
1619,0.0000,0.0000,2.0614,2.0617,0
1620,0.0000,0.0000,8.9200,8.9203,0
1621,0.0000,0.0000,2.0183,2.0186,0
1622,0.0000,0.0000,1.9934,1.9937,0
1623,0.0000,0.0000,1.9388,1.9391,0
1624,0.0000,0.0000,9.1167,9.1170,0
1625,0.0000,0.0000,1.9651,1.9654,0
1626,0.0000,0.0000,2.0729,2.0732,0
1627,0.0000,0.0000,1.9468,1.9471,0
1628,0.0000,0.0000,1.9456,1.9459,0
1629,0.0000,0.0000,9.0528,9.0531,0
1630,0.0000,0.0000,2.0084,2.0087,0
1631,0.0000,0.0000,2.0122,2.0125,0
1632,0.0000,0.0000,2.0062,2.0065,0
1633,0.0000,0.0000,1.9962,1.9965,0
1634,0.0000,0.0000,9.0121,9.0124,0
1635,0.0000,0.0000,2.0470,2.0473,0
1636,0.0000,0.0000,1.9790,1.9793,0
1637,0.0000,0.0000,1.9781,1.9784,0
1638,0.0000,0.0000,2.0064,2.0067,0
1639,0.0000,0.0000,8.9457,8.9460,0
1640,0.0000,0.0000,1.9792,1.9794,0
1641,0.0000,0.0000,2.0028,2.0031,0
1642,0.0000,0.0000,1.9618,1.9621,0
1643,0.0000,0.0000,2.0129,2.0131,0
1644,0.0000,0.0000,9.0472,9.0475,0
1645,0.0000,0.0000,1.9943,1.9946,0
1646,0.0000,0.0000,2.0092,2.0095,0
1647,0.0000,0.0000,1.9391,1.9394,0
1648,0.0000,0.0000,2.0575,2.0578,0
1649,0.0000,0.0000,8.9476,8.9479,0
1650,0.0000,0.0000,1.9112,1.9115,0
1651,0.0000,0.0000,2.0904,2.0907,0
1652,0.0000,0.0000,1.9166,1.9169,0
1653,0.0000,0.0000,9.0421,9.0424,0
1654,0.0000,0.0000,1.9935,1.9938,0
1655,0.0000,0.0000,2.0087,2.0090,0
1656,0.0000,0.0000,2.0143,2.0146,0
1657,0.0000,0.0000,1.9696,1.9698,0
1658,0.0000,0.0000,9.1142,9.1145,0
1659,0.0000,0.0000,2.0056,2.0058,0
1660,0.0000,0.0000,2.0170,2.0173,0
1661,0.0000,0.0000,1.9985,1.9988,0
1662,0.0000,0.0000,1.9998,2.0001,0
1663,0.0000,0.0000,9.0454,9.0457,0
1664,0.0000,0.0000,1.9924,1.9927,0
1665,0.0000,0.0000,2.0520,2.0523,0
1666,0.0000,0.0000,1.9493,1.9496,0
1667,0.0000,0.0000,2.0067,2.0070,0
1668,0.0000,0.0000,8.9734,8.9737,0
1669,0.0000,0.0000,2.0896,2.0899,0
1670,0.0000,0.0000,1.8775,1.8778,0
1671,0.0000,0.0000,1.9179,1.9182,0
1672,0.0000,0.0000,2.0244,2.0247,0
1673,0.0000,0.0000,9.0061,9.0064,0
1674,0.0000,0.0000,1.9958,1.9961,0
1675,0.0000,0.0000,2.0103,2.0106,0
1676,0.0000,0.0000,1.9557,1.9560,0
1677,0.0000,0.0000,2.0488,2.0491,0
1678,0.0000,0.0000,8.9343,8.9346,0
1679,0.0000,0.0000,2.0514,2.0517,0
1680,0.0000,0.0000,1.9685,1.9688,0
1681,0.0000,0.0000,1.9365,1.9369,0
1682,0.0000,0.0000,9.1049,9.1052,0
1683,0.0000,0.0000,2.0072,2.0075,0
1684,0.0000,0.0000,2.0074,2.0077,0
1685,0.0000,0.0000,1.9938,1.9941,0
1686,0.0000,0.0000,1.9786,1.9790,0
1687,0.0000,0.0000,9.2206,9.2209,0
1688,0.0000,0.0000,1.7635,1.7638,0
1689,0.0000,0.0000,2.0830,2.0833,0
1690,0.0000,0.0000,1.9846,1.9850,0
1691,0.0000,0.0000,2.0364,2.0367,0
1692,0.0000,0.0000,8.9744,8.9747,0
1693,0.0000,0.0000,1.9959,1.9962,0
1694,0.0000,0.0000,2.0005,2.0008,0
1695,0.0000,0.0000,1.9662,1.9665,0
1696,0.0000,0.0000,1.9963,1.9966,0
1697,0.0000,0.0000,8.9716,8.9719,0
1698,0.0000,0.0000,2.0083,2.0086,0
1699,0.0000,0.0000,1.9763,1.9766,0
1700,0.0000,0.0000,1.9395,1.9398,0
1701,0.0000,0.0000,1.9972,1.9975,0
1702,0.0000,0.0000,9.0229,9.0232,0
1703,0.0000,0.0000,2.0007,2.0010,0
1704,0.0000,0.0000,1.9874,1.9877,0
1705,0.0000,0.0000,1.9194,1.9197,0
1706,0.0000,0.0000,2.1040,2.1043,0
1707,0.0000,0.0000,8.9471,8.9474,0
1708,0.0000,0.0000,1.9994,1.9997,0
1709,0.0000,0.0000,2.0048,2.0051,0
1710,0.0000,0.0000,1.9709,1.9712,0
1711,0.0000,0.0000,2.0099,2.0103,0
1712,0.0000,0.0000,8.9233,8.9236,0
1713,0.0000,0.0000,2.0396,2.0399,0
1714,0.0000,0.0000,2.0144,2.0147,0
1715,0.0000,0.0000,1.9211,1.9214,0
1716,0.0000,0.0000,9.0311,9.0314,0
1717,0.0000,0.0000,2.0120,2.0123,0
1718,0.0000,0.0000,1.9948,1.9951,0
1719,0.0000,0.0000,2.0253,2.0256,0
1720,0.0000,0.0000,1.9953,1.9956,0
1721,0.0000,0.0000,9.0288,9.0291,0
1722,0.0000,0.0000,2.0417,2.0420,0
1723,0.0000,0.0000,1.9623,1.9626,0
1724,0.0000,0.0000,1.9475,1.9479,0
1725,0.0000,0.0000,2.0328,2.0331,0
1726,0.0000,0.0000,9.0505,9.0508,0
1727,0.0000,0.0000,2.0093,2.0096,0
1728,0.0000,0.0000,2.0087,2.0090,0
1729,0.0000,0.0000,1.9546,1.9549,0
1730,0.0000,0.0000,1.9469,1.9471,0
1731,0.0000,0.0000,9.0233,9.0236,0
1732,0.0000,0.0000,1.9992,1.9996,0
1733,0.0000,0.0000,2.0102,2.0105,0
1734,0.0000,0.0000,1.9128,1.9131,0
1735,0.0000,0.0000,2.0819,2.0822,0
1736,0.0000,0.0000,8.9800,8.9803,0
1737,0.0000,0.0000,2.0072,2.0075,0
1738,0.0000,0.0000,1.9965,1.9968,0
1739,0.0000,0.0000,1.9044,1.9047,0
1740,0.0000,0.0000,2.0049,2.0052,0
1741,0.0000,0.0000,8.9866,8.9869,0
1742,0.0000,0.0000,2.0127,2.0130,0
1743,0.0000,0.0000,2.0154,2.0158,0
1744,0.0000,0.0000,1.8760,1.8763,0
1745,0.0000,0.0000,9.1396,9.1399,0
1746,0.0000,0.0000,1.9231,1.9234,0
1747,0.0000,0.0000,1.9715,1.9718,0
1748,0.0000,0.0000,2.0008,2.0012,0
1749,0.0000,0.0000,1.9749,1.9752,0
1750,0.0000,0.0000,9.0717,9.0720,0
1751,0.0000,0.0000,2.0077,2.0080,0
1752,0.0000,0.0000,1.9986,1.9989,0
1753,0.0000,0.0000,2.1428,2.1431,0
1754,0.0000,0.0000,1.7960,1.7963,0
1755,0.0000,0.0000,9.1450,9.1453,0
1756,0.0000,0.0000,2.0170,2.0173,0
1757,0.0000,0.0000,2.0060,2.0063,0
1758,0.0000,0.0000,1.9390,1.9393,0
1759,0.0000,0.0000,2.0294,2.0297,0
1760,0.0000,0.0000,8.9107,8.9110,0
1761,0.0000,0.0000,1.9969,1.9972,0
1762,0.0000,0.0000,1.9734,1.9737,0
1763,0.0000,0.0000,1.9549,1.9552,0
1764,0.0000,0.0000,1.9958,1.9961,0
1765,0.0000,0.0000,8.9346,8.9349,0
1766,0.0000,0.0000,1.9991,1.9994,0
1767,0.0000,0.0000,2.0100,2.0103,0
1768,0.0000,0.0000,1.9202,1.9205,0
1769,0.0000,0.0000,2.0535,2.0538,0
1770,0.0000,0.0000,9.0338,9.0341,0
1771,0.0000,0.0000,2.0108,2.0111,0
1772,0.0000,0.0000,2.0089,2.0092,0
1773,0.0000,0.0000,1.9001,1.9004,0
1774,0.0000,0.0000,9.1540,9.1543,0
1775,0.0000,0.0000,2.0195,2.0198,0
1776,0.0000,0.0000,1.9524,1.9527,0
1777,0.0000,0.0000,2.0674,2.0677,0
1778,0.0000,0.0000,1.8839,1.8842,0
1779,0.0000,0.0000,8.9950,8.9953,0
1780,0.0000,0.0000,2.0014,2.0017,0
1781,0.0000,0.0000,1.9944,1.9947,0
1782,0.0000,0.0000,1.9826,1.9829,0
1783,0.0000,0.0000,1.9332,1.9335,0
1784,0.0000,0.0000,9.1627,9.1630,0
1785,0.0000,0.0000,2.0093,2.0096,0
1786,0.0000,0.0000,1.9897,1.9900,0
1787,0.0000,0.0000,1.9144,1.9147,0
1788,0.0000,0.0000,2.0001,2.0004,0
1789,0.0000,0.0000,8.9344,8.9347,0
1790,0.0000,0.0000,2.0535,2.0538,0
1791,0.0000,0.0000,1.9969,1.9972,0
1792,0.0000,0.0000,1.8891,1.8894,0
1793,0.0000,0.0000,1.9926,1.9929,0
1794,0.0000,0.0000,8.9772,8.9775,0
1795,0.0000,0.0000,2.0080,2.0083,0
1796,0.0000,0.0000,2.0195,2.0198,0
1797,0.0000,0.0000,1.8748,1.8751,0
1798,0.0000,0.0000,2.1187,2.1190,0
1799,0.0000,0.0000,8.9619,8.9622,0
1800,0.0000,0.0000,1.9954,1.9957,0
1801,0.0000,0.0000,2.0014,2.0017,0
1802,0.0000,0.0000,1.9024,1.9027,0
1803,0.0000,0.0000,2.0590,2.0593,0
1804,0.0000,0.0000,9.0364,9.0367,0
1805,0.0000,0.0000,1.9946,1.9949,0
1806,0.0000,0.0000,2.0371,2.0374,0
1807,0.0000,0.0000,1.8206,1.8209,0
1808,0.0000,0.0000,9.1011,9.1014,0
1809,0.0000,0.0000,1.9876,1.9879,0
1810,0.0000,0.0000,2.0121,2.0124,0
1811,0.0000,0.0000,2.0347,2.0350,0
1812,0.0000,0.0000,1.9180,1.9183,0
1813,0.0000,0.0000,9.1884,9.1887,0
1814,0.0000,0.0000,2.0028,2.0031,0
1815,0.0000,0.0000,1.9942,1.9945,0
1816,0.0000,0.0000,1.9680,1.9683,0
1817,0.0000,0.0000,1.9865,1.9868,0
1818,0.0000,0.0000,9.0844,9.0847,0
1819,0.0000,0.0000,1.9885,1.9887,0
1820,0.0000,0.0000,1.9832,1.9835,0
1821,0.0000,0.0000,2.0111,2.0115,0
1822,0.0000,0.0000,2.0038,2.0041,0
1823,0.0000,0.0000,8.9439,8.9442,0
1824,0.0000,0.0000,1.9590,1.9593,0
1825,0.0000,0.0000,2.0604,2.0607,0
1826,0.0000,0.0000,1.9217,1.9220,0
1827,0.0000,0.0000,2.0591,2.0594,0
1828,0.0000,0.0000,8.9716,8.9719,0
1829,0.0000,0.0000,1.9907,1.9910,0
1830,0.0000,0.0000,2.0052,2.0055,0
1831,0.0000,0.0000,1.9036,1.9039,0
1832,0.0000,0.0000,2.0541,2.0544,0
1833,0.0000,0.0000,9.0368,9.0371,0
1834,0.0000,0.0000,2.0197,2.0200,0
1835,0.0000,0.0000,2.0187,2.0190,0
1836,0.0000,0.0000,1.8626,1.8629,0
1837,0.0000,0.0000,8.9642,8.9645,0
1838,0.0000,0.0000,2.0413,2.0416,0
1839,0.0000,0.0000,2.0058,2.0061,0
1840,0.0000,0.0000,2.0049,2.0052,0
1841,0.0000,0.0000,1.9250,1.9253,0
1842,0.0000,0.0000,9.0733,9.0736,0
1843,0.0000,0.0000,2.0493,2.0496,0
1844,0.0000,0.0000,2.0050,2.0053,0
1845,0.0000,0.0000,1.9664,1.9667,0
1846,0.0000,0.0000,1.9780,1.9783,0
1847,0.0000,0.0000,9.1553,9.1556,0
1848,0.0000,0.0000,1.9980,1.9983,0
1849,0.0000,0.0000,2.0050,2.0053,0
1850,0.0000,0.0000,1.9445,1.9448,0
1851,0.0000,0.0000,2.0134,2.0137,0
1852,0.0000,0.0000,8.9344,8.9347,0
1853,0.0000,0.0000,2.0055,2.0058,0
1854,0.0000,0.0000,2.0096,2.0099,0
1855,0.0000,0.0000,1.9596,1.9600,0
1856,0.0000,0.0000,2.0498,2.0501,0
1857,0.0000,0.0000,8.9333,8.9336,0
1858,0.0000,0.0000,1.9712,1.9715,0
1859,0.0000,0.0000,2.0512,2.0515,0
1860,0.0000,0.0000,1.9055,1.9058,0
1861,0.0000,0.0000,2.0602,2.0605,0
1862,0.0000,0.0000,9.0264,9.0267,0
1863,0.0000,0.0000,1.9921,1.9924,0
1864,0.0000,0.0000,2.0144,2.0148,0
1865,0.0000,0.0000,1.9006,1.9010,0
1866,0.0000,0.0000,8.9732,8.9735,0
1867,0.0000,0.0000,1.9885,1.9888,0
1868,0.0000,0.0000,2.0258,2.0261,0
1869,0.0000,0.0000,2.0196,2.0199,0
1870,0.0000,0.0000,1.9247,1.9250,0
1871,0.0000,0.0000,9.0613,9.0616,0
1872,0.0000,0.0000,2.0195,2.0198,0
1873,0.0000,0.0000,1.9859,1.9862,0
1874,0.0000,0.0000,2.0589,2.0592,0
1875,0.0000,0.0000,1.9441,1.9444,0
1876,0.0000,0.0000,9.1603,9.1606,0
1877,0.0000,0.0000,2.0025,2.0028,0
1878,0.0000,0.0000,2.0086,2.0089,0
1879,0.0000,0.0000,1.9695,1.9698,0
1880,0.0000,0.0000,2.0095,2.0098,0
1881,0.0000,0.0000,8.8656,8.8659,0
1882,0.0000,0.0000,2.0148,2.0151,0
1883,0.0000,0.0000,2.0224,2.0227,0
1884,0.0000,0.0000,1.9501,1.9504,0
1885,0.0000,0.0000,1.9912,1.9915,0
1886,0.0000,0.0000,8.9521,8.9525,0
1887,0.0000,0.0000,1.9937,1.9940,0
1888,0.0000,0.0000,2.0062,2.0065,0
1889,0.0000,0.0000,1.9655,1.9657,0
1890,0.0000,0.0000,2.0430,2.0433,0
1891,0.0000,0.0000,8.9901,8.9904,0
1892,0.0000,0.0000,1.9910,1.9913,0
1893,0.0000,0.0000,2.0072,2.0075,0
1894,0.0000,0.0000,1.9311,1.9314,0
1895,0.0000,0.0000,8.9811,8.9814,0
1896,0.0000,0.0000,2.0029,2.0032,0
1897,0.0000,0.0000,2.0052,2.0055,0
1898,0.0000,0.0000,2.0243,2.0246,0
1899,0.0000,0.0000,1.9598,1.9601,0
1900,0.0000,0.0000,9.0059,9.0062,0
1901,0.0000,0.0000,2.0307,2.0310,0
1902,0.0000,0.0000,2.0049,2.0052,0
1903,0.0000,0.0000,1.9933,1.9936,0
1904,0.0000,0.0000,1.9668,1.9671,0
1905,0.0000,0.0000,9.1618,9.1621,0
1906,0.0000,0.0000,2.0061,2.0064,0
1907,0.0000,0.0000,1.9565,1.9568,0
1908,0.0000,0.0000,2.0123,2.0126,0
1909,0.0000,0.0000,1.9979,1.9982,0
1910,0.0000,0.0000,8.9346,8.9349,0
1911,0.0000,0.0000,2.0061,2.0064,0
1912,0.0000,0.0000,1.9614,1.9617,0
1913,0.0000,0.0000,1.9888,1.9891,0
1914,0.0000,0.0000,2.0021,2.0024,0
1915,0.0000,0.0000,8.9226,8.9229,0
1916,0.0000,0.0000,2.0414,2.0417,0
1917,0.0000,0.0000,1.9710,1.9712,0
1918,0.0000,0.0000,1.9696,1.9699,0
1919,0.0000,0.0000,2.0487,2.0490,0
1920,0.0000,0.0000,9.0634,9.0637,0
1921,0.0000,0.0000,1.9702,1.9705,0
1922,0.0000,0.0000,2.0092,2.0095,0
1923,0.0000,0.0000,1.9461,1.9464,0
1924,0.0000,0.0000,2.0122,2.0126,0
1925,0.0000,0.0000,8.8142,8.8145,0
1926,0.0000,0.0000,2.0016,2.0019,0
1927,0.0000,0.0000,1.9914,1.9917,0
1928,0.0000,0.0000,1.9708,1.9711,0
1929,0.0000,0.0000,9.1675,9.1678,0
1930,0.0000,0.0000,1.9958,1.9961,0
1931,0.0000,0.0000,1.9926,1.9929,0
1932,0.0000,0.0000,2.0164,2.0167,0
1933,0.0000,0.0000,1.8972,1.8975,0
1934,0.0000,0.0000,9.1220,9.1223,0
1935,0.0000,0.0000,2.0218,2.0221,0
1936,0.0000,0.0000,1.9974,1.9977,0
1937,0.0000,0.0000,1.9275,1.9278,0
1938,0.0000,0.0000,1.9951,1.9954,0
1939,0.0000,0.0000,9.1087,9.1090,0
1940,0.0000,0.0000,1.9976,1.9979,0
1941,0.0000,0.0000,2.0079,2.0081,0
1942,0.0000,0.0000,1.9078,1.9082,0
1943,0.0000,0.0000,2.0154,2.0157,0
1944,0.0000,0.0000,8.9727,8.9730,0
1945,0.0000,0.0000,2.0126,2.0129,0
1946,0.0000,0.0000,1.9992,1.9996,0
1947,0.0000,0.0000,1.8917,1.8920,0
1948,0.0000,0.0000,2.1199,2.1202,0
1949,0.0000,0.0000,8.9904,8.9907,0
1950,0.0000,0.0000,2.0067,2.0070,0
1951,0.0000,0.0000,2.0106,2.0109,0
1952,0.0000,0.0000,1.8976,1.8979,0
1953,0.0000,0.0000,1.9984,1.9987,0
1954,0.0000,0.0000,8.9127,8.9130,0
1955,0.0000,0.0000,2.0152,2.0155,0
1956,0.0000,0.0000,1.9957,1.9960,0
1957,0.0000,0.0000,1.9012,1.9015,0
1958,0.0000,0.0000,2.1516,2.1519,0
1959,0.0000,0.0000,8.9064,8.9067,0
1960,0.0000,0.0000,2.0310,2.0313,0
1961,0.0000,0.0000,1.9848,1.9851,0
1962,0.0000,0.0000,1.9002,1.9005,0
1963,0.0000,0.0000,9.1640,9.1643,0
1964,0.0000,0.0000,2.0038,2.0041,0
1965,0.0000,0.0000,2.0092,2.0095,0
1966,0.0000,0.0000,1.9611,1.9614,0
1967,0.0000,0.0000,1.9852,1.9855,0
1968,0.0000,0.0000,8.9385,8.9388,0
1969,0.0000,0.0000,2.0104,2.0107,0
1970,0.0000,0.0000,2.0502,2.0505,0
1971,0.0000,0.0000,2.1002,2.1005,0
1972,0.0000,0.0000,1.8758,1.8761,0
1973,0.0000,0.0000,9.0531,9.0534,0
1974,0.0000,0.0000,2.0066,2.0069,0
1975,0.0000,0.0000,2.0008,2.0011,0
1976,0.0000,0.0000,1.9762,1.9765,0
1977,0.0000,0.0000,1.9911,1.9914,0
1978,0.0000,0.0000,8.9361,8.9364,0
1979,0.0000,0.0000,2.0031,2.0034,0
1980,0.0000,0.0000,2.0311,2.0314,0
1981,0.0000,0.0000,1.9336,1.9339,0
1982,0.0000,0.0000,2.0376,2.0379,0
1983,0.0000,0.0000,8.9451,8.9454,0
1984,0.0000,0.0000,2.0367,2.0370,0
1985,0.0000,0.0000,1.9689,1.9692,0
1986,0.0000,0.0000,1.9263,1.9266,0
1987,0.0000,0.0000,2.0214,2.0217,0
1988,0.0000,0.0000,8.9211,8.9214,0
1989,0.0000,0.0000,2.0066,2.0069,0
1990,0.0000,0.0000,2.0416,2.0419,0
1991,0.0000,0.0000,1.9104,1.9107,0
1992,0.0000,0.0000,9.1163,9.1166,0
1993,0.0000,0.0000,1.9830,1.9833,0
1994,0.0000,0.0000,2.0518,2.0522,0
1995,0.0000,0.0000,1.9701,1.9704,0
1996,0.0000,0.0000,1.9860,1.9863,0
1997,0.0000,0.0000,9.0060,9.0063,0
1998,0.0000,0.0000,2.0021,2.0024,0
1999,0.0000,0.0000,2.0250,2.0253,0
2000,0.0000,0.0000,1.9890,1.9893,0
2001,0.0000,0.0000,2.1195,2.1198,0
2002,0.0000,0.0000,9.0274,9.0277,0
2003,0.0000,0.0000,2.0023,2.0026,0
2004,0.0000,0.0000,1.9960,1.9963,0
2005,0.0000,0.0000,1.9455,1.9458,0
2006,0.0000,0.0000,1.9940,1.9943,0
2007,0.0000,0.0000,9.0269,9.0272,0
2008,0.0000,0.0000,1.9739,1.9742,0
2009,0.0000,0.0000,2.0135,2.0138,0
2010,0.0000,0.0000,1.9078,1.9081,0
2011,0.0000,0.0000,2.0303,2.0306,0
2012,0.0000,0.0000,8.9177,8.9180,0
2013,0.0000,0.0000,2.0629,2.0632,0
2014,0.0000,0.0000,1.9484,1.9488,0
2015,0.0000,0.0000,1.9055,1.9057,0
2016,0.0000,0.0000,2.0548,2.0551,0
2017,0.0000,0.0000,8.9055,8.9058,0
2018,0.0000,0.0000,2.0019,2.0022,0
2019,0.0000,0.0000,2.0172,2.0175,0
2020,0.0000,0.0000,1.8753,1.8756,0
2021,0.0000,0.0000,2.1045,2.1048,0
2022,0.0000,0.0000,9.0097,9.0100,0
2023,0.0000,0.0000,1.9967,1.9970,0
2024,0.0000,0.0000,2.0092,2.0095,0
2025,0.0000,0.0000,1.9661,1.9664,0
2026,0.0000,0.0000,8.6464,8.6468,0
2027,0.0000,0.0000,2.0039,2.0042,0
2028,0.0000,0.0000,2.0471,2.0474,0
2029,0.0000,0.0000,2.0275,2.0278,0
2030,0.0000,0.0000,1.9590,1.9593,0
2031,0.0000,0.0000,9.0991,9.0994,0
2032,0.0000,0.0000,1.9982,1.9985,0
2033,0.0000,0.0000,1.9995,1.9998,0
2034,0.0000,0.0000,1.9766,1.9769,0
2035,0.0000,0.0000,2.0314,2.0317,0
2036,0.0000,0.0000,8.9336,8.9340,0
2037,0.0000,0.0000,2.0730,2.0733,0
2038,0.0000,0.0000,1.9918,1.9921,0
2039,0.0000,0.0000,1.9680,1.9683,0
2040,0.0000,0.0000,2.0222,2.0225,0
2041,0.0000,0.0000,8.9610,8.9613,0
2042,0.0000,0.0000,1.9722,1.9725,0
2043,0.0000,0.0000,1.9954,1.9957,0
2044,0.0000,0.0000,1.9339,1.9342,0
2045,0.0000,0.0000,1.9612,1.9615,0
2046,0.0000,0.0000,8.8816,8.8819,0
2047,0.0000,0.0000,1.9669,1.9672,0
2048,0.0000,0.0000,1.9887,1.9890,0
2049,0.0000,0.0000,1.8600,1.8603,0
2050,0.0000,0.0000,2.1001,2.1004,0
2051,0.0000,0.0000,8.9569,8.9572,0
2052,0.0000,0.0000,1.9940,1.9943,0
2053,0.0000,0.0000,2.0012,2.0015,0
2054,0.0000,0.0000,1.9324,1.9327,0
2055,0.0000,0.0000,2.0448,2.0451,0
2056,0.0000,0.0000,8.9477,8.9480,0
2057,0.0000,0.0000,1.9678,1.9681,0
2058,0.0000,0.0000,1.9972,1.9975,0
2059,0.0000,0.0000,1.9437,1.9440,0
2060,0.0000,0.0000,9.0898,9.0901,0
2061,0.0000,0.0000,2.0130,2.0133,0
2062,0.0000,0.0000,2.0073,2.0076,0
2063,0.0000,0.0000,2.0164,2.0167,0
2064,0.0000,0.0000,1.9389,1.9392,0
2065,0.0000,0.0000,9.2379,9.2382,0
2066,0.0000,0.0000,1.9706,1.9709,0
2067,0.0000,0.0000,1.9884,1.9886,0
2068,0.0000,0.0000,1.9561,1.9564,0
2069,0.0000,0.0000,1.9873,1.9877,0
2070,0.0000,0.0000,9.1251,9.1254,0
2071,0.0000,0.0000,2.0104,2.0107,0
2072,0.0000,0.0000,2.0000,2.0003,0
2073,0.0000,0.0000,1.9346,1.9349,0
2074,0.0000,0.0000,2.0589,2.0594,0
2075,0.0000,0.0000,8.8971,8.8974,0
2076,0.0000,0.0000,2.0183,2.0186,0
2077,0.0000,0.0000,2.0493,2.0496,0
2078,0.0000,0.0000,1.8744,1.8748,0
2079,0.0000,0.0000,2.3219,2.3222,0
2080,0.0000,0.0000,8.7916,8.7919,0
2081,0.0000,0.0000,2.0058,2.0061,0
2082,0.0000,0.0000,2.0100,2.0103,0
2083,0.0000,0.0000,1.9041,1.9044,0
2084,0.0000,0.0000,9.0357,9.0360,0
2085,0.0000,0.0000,2.0168,2.0171,0
2086,0.0000,0.0000,1.9855,1.9858,0
2087,0.0000,0.0000,2.0144,2.0147,0
2088,0.0000,0.0000,1.9236,1.9239,0
2089,0.0000,0.0000,9.0609,9.0612,0
2090,0.0000,0.0000,2.3789,2.3792,0
2091,0.0000,0.0000,1.6425,1.6428,0
2092,0.0000,0.0000,2.0348,2.0351,0
2093,0.0000,0.0000,1.9819,1.9822,0
2094,0.0000,0.0000,9.1446,9.1449,0
2095,0.0000,0.0000,1.9979,1.9982,0
2096,0.0000,0.0000,1.9923,1.9926,0
2097,0.0000,0.0000,2.0006,2.0009,0
2098,0.0000,0.0000,2.0030,2.0033,0
2099,0.0000,0.0000,8.9488,8.9491,0
2100,0.0000,0.0000,1.9989,1.9992,0
2101,0.0000,0.0000,2.0146,2.0149,0
2102,0.0000,0.0000,1.9407,1.9410,0
2103,0.0000,0.0000,2.0157,2.0160,0
2104,0.0000,0.0000,8.8911,8.8915,0
2105,0.0000,0.0000,2.0010,2.0013,0
2106,0.0000,0.0000,2.0064,2.0067,0
2107,0.0000,0.0000,1.9688,1.9691,0
2108,0.0000,0.0000,2.0113,2.0116,0
2109,0.0000,0.0000,9.0424,9.0427,0
2110,0.0000,0.0000,2.0051,2.0054,0
2111,0.0000,0.0000,2.0012,2.0015,0
2112,0.0000,0.0000,1.9042,1.9045,0
2113,0.0000,0.0000,9.0424,9.0427,0
2114,0.0000,0.0000,1.9828,1.9831,0
2115,0.0000,0.0000,1.9806,1.9809,0
2116,0.0000,0.0000,1.9988,1.9991,0
2117,0.0000,0.0000,1.9095,1.9098,0
2118,0.0000,0.0000,9.0255,9.0258,0
2119,0.0000,0.0000,1.9972,1.9975,0
2120,0.0000,0.0000,2.0007,2.0010,0
2121,0.0000,0.0000,2.0363,2.0366,0
2122,0.0000,0.0000,1.9627,1.9630,0
2123,0.0000,0.0000,9.1114,9.1117,0
2124,0.0000,0.0000,2.0031,2.0034,0
2125,0.0000,0.0000,2.0029,2.0032,0
2126,0.0000,0.0000,1.9970,1.9973,0
2127,0.0000,0.0000,2.0150,2.0153,0
2128,0.0000,0.0000,8.8847,8.8850,0
2129,0.0000,0.0000,1.9908,1.9911,0
2130,0.0000,0.0000,2.0334,2.0337,0
2131,0.0000,0.0000,1.9401,1.9404,0
2132,0.0000,0.0000,1.9836,1.9839,0
2133,0.0000,0.0000,8.8843,8.8846,0
2134,0.0000,0.0000,1.9819,1.9822,0
2135,0.0000,0.0000,2.0080,2.0083,0
2136,0.0000,0.0000,1.9737,1.9740,0
2137,0.0000,0.0000,2.0240,2.0243,0
2138,0.0000,0.0000,9.0000,9.0003,0
2139,0.0000,0.0000,2.0006,2.0009,0
2140,0.0000,0.0000,2.0071,2.0074,0
2141,0.0000,0.0000,1.9462,1.9465,0
2142,0.0000,0.0000,2.0527,2.0530,0
2143,0.0000,0.0000,8.9991,8.9994,0
2144,0.0000,0.0000,1.9486,1.9489,0
2145,0.0000,0.0000,2.0703,2.0706,0
2146,0.0000,0.0000,1.8854,1.8857,0
2147,0.0000,0.0000,8.9959,8.9962,0
2148,0.0000,0.0000,2.0103,2.0106,0
2149,0.0000,0.0000,2.0166,2.0169,0
2150,0.0000,0.0000,2.0047,2.0050,0
2151,0.0000,0.0000,1.9731,1.9734,0
2152,0.0000,0.0000,9.0594,9.0597,0
2153,0.0000,0.0000,2.0404,2.0407,0
2154,0.0000,0.0000,1.9640,1.9643,0
2155,0.0000,0.0000,2.0538,2.0541,0
2156,0.0000,0.0000,1.9612,1.9615,0
2157,0.0000,0.0000,9.1120,9.1124,0
2158,0.0000,0.0000,1.9907,1.9910,0
2159,0.0000,0.0000,2.0050,2.0053,0
2160,0.0000,0.0000,1.9600,1.9603,0
2161,0.0000,0.0000,2.0181,2.0184,0
2162,0.0000,0.0000,8.9703,8.9706,0
2163,0.0000,0.0000,1.9898,1.9901,0
2164,0.0000,0.0000,2.0111,2.0114,0
2165,0.0000,0.0000,1.9565,1.9568,0
2166,0.0000,0.0000,2.0721,2.0724,0
2167,0.0000,0.0000,8.9562,8.9565,0
2168,0.0000,0.0000,2.0062,2.0065,0
2169,0.0000,0.0000,2.0105,2.0108,0
2170,0.0000,0.0000,1.9519,1.9522,0
2171,0.0000,0.0000,2.0554,2.0558,0
2172,0.0000,0.0000,8.9491,8.9494,0
2173,0.0000,0.0000,2.0079,2.0082,0
2174,0.0000,0.0000,2.0039,2.0042,0
2175,0.0000,0.0000,1.9235,1.9238,0
2176,0.0000,0.0000,8.9760,8.9763,0
2177,0.0000,0.0000,2.0431,2.0434,0
2178,0.0000,0.0000,2.0020,2.0023,0
2179,0.0000,0.0000,2.0104,2.0107,0
2180,0.0000,0.0000,1.9356,1.9359,0
2181,0.0000,0.0000,9.1370,9.1373,0
2182,0.0000,0.0000,2.0051,2.0054,0
2183,0.0000,0.0000,1.9877,1.9880,0
2184,0.0000,0.0000,1.8933,1.8936,0
2185,0.0000,0.0000,2.0212,2.0215,0
2186,0.0000,0.0000,9.1694,9.1697,0
2187,0.0000,0.0000,1.9990,1.9993,0
2188,0.0000,0.0000,2.0002,2.0005,0
2189,0.0000,0.0000,1.9609,1.9612,0
2190,0.0000,0.0000,1.9939,1.9942,0
2191,0.0000,0.0000,8.9751,8.9754,0
2192,0.0000,0.0000,2.0083,2.0086,0
2193,0.0000,0.0000,1.9574,1.9577,0
2194,0.0000,0.0000,1.9442,1.9445,0
2195,0.0000,0.0000,1.9889,1.9892,0
2196,0.0000,0.0000,9.0229,9.0232,0
2197,0.0000,0.0000,1.9684,1.9687,0
2198,0.0000,0.0000,2.0044,2.0047,0
2199,0.0000,0.0000,1.9669,1.9672,0
2200,0.0000,0.0000,2.0483,2.0486,0
2201,0.0000,0.0000,8.9730,8.9733,0
2202,0.0000,0.0000,2.0037,2.0040,0
2203,0.0000,0.0000,1.9517,1.9520,0
2204,0.0000,0.0000,1.9831,1.9834,0
2205,0.0000,0.0000,2.0256,2.0259,0
2206,0.0000,0.0000,8.8991,8.8994,0
2207,0.0000,0.0000,1.9677,1.9681,0
2208,0.0000,0.0000,2.0196,2.0199,0
2209,0.0000,0.0000,1.9559,1.9562,0
2210,0.0000,0.0000,9.0486,9.0489,0
2211,0.0000,0.0000,2.0308,2.0311,0
2212,0.0000,0.0000,2.0038,2.0041,0
2213,0.0000,0.0000,2.0394,2.0397,0
2214,0.0000,0.0000,1.9624,1.9627,0
2215,0.0000,0.0000,9.0000,9.0003,0
2216,0.0000,0.0000,1.9552,1.9555,0
2217,0.0000,0.0000,1.9993,1.9996,0
2218,0.0000,0.0000,1.9910,1.9913,0
2219,0.0000,0.0000,2.0014,2.0017,0
2220,0.0000,0.0000,9.0223,9.0226,0
2221,0.0000,0.0000,1.9991,1.9994,0
2222,0.0000,0.0000,2.0254,2.0257,0
2223,0.0000,0.0000,1.9293,1.9296,0
2224,0.0000,0.0000,1.9781,1.9784,0
2225,0.0000,0.0000,9.0995,9.0998,0
2226,0.0000,0.0000,2.0376,2.0379,0
2227,0.0000,0.0000,1.9888,1.9891,0
2228,0.0000,0.0000,1.9156,1.9160,0
2229,0.0000,0.0000,2.0701,2.0704,0
2230,0.0000,0.0000,8.9470,8.9473,0
2231,0.0000,0.0000,2.0010,2.0013,0
2232,0.0000,0.0000,1.9894,1.9897,0
2233,0.0000,0.0000,1.9037,1.9040,0
2234,0.0000,0.0000,2.0508,2.0511,0
2235,0.0000,0.0000,8.7902,8.7905,0
2236,0.0000,0.0000,2.0019,2.0022,0
2237,0.0000,0.0000,2.0343,2.0346,0
2238,0.0000,0.0000,1.9644,1.9647,0
2239,0.0000,0.0000,2.1192,2.1195,0
2240,0.0000,0.0000,9.0771,9.0774,0
2241,0.0000,0.0000,1.9271,1.9274,0
2242,0.0000,0.0000,2.1069,2.1072,0
2243,0.0000,0.0000,1.8864,1.8867,0
2244,0.0000,0.0000,9.1649,9.1652,0
2245,0.0000,0.0000,2.0367,2.0370,0
2246,0.0000,0.0000,1.9638,1.9641,0
2247,0.0000,0.0000,1.9565,1.9568,0
2248,0.0000,0.0000,2.0019,2.0022,0
2249,0.0000,0.0000,9.2024,9.2027,0
2250,0.0000,0.0000,2.0231,2.0234,0
2251,0.0000,0.0000,1.9667,1.9670,0
2252,0.0000,0.0000,1.8873,1.8876,0
2253,0.0000,0.0000,1.9696,1.9698,0
2254,0.0000,0.0000,8.9975,8.9978,0
2255,0.0000,0.0000,1.9721,1.9724,0
2256,0.0000,0.0000,2.0488,2.0491,0
2257,0.0000,0.0000,1.8646,1.8649,0
2258,0.0000,0.0000,2.0596,2.0599,0
2259,0.0000,0.0000,8.9331,8.9334,0
2260,0.0000,0.0000,2.0570,2.0573,0
2261,0.0000,0.0000,2.0121,2.0124,0
2262,0.0000,0.0000,1.9048,1.9052,0
2263,0.0000,0.0000,2.0559,2.0562,0
2264,0.0000,0.0000,8.9242,8.9245,0
2265,0.0000,0.0000,2.0115,2.0118,0
2266,0.0000,0.0000,2.0148,2.0151,0
2267,0.0000,0.0000,1.9060,1.9063,0
2268,0.0000,0.0000,9.0816,9.0819,0
2269,0.0000,0.0000,2.0047,2.0050,0
2270,0.0000,0.0000,2.0094,2.0097,0
2271,0.0000,0.0000,2.0162,2.0165,0
2272,0.0000,0.0000,1.9729,1.9732,0
2273,0.0000,0.0000,9.1078,9.1082,0
2274,0.0000,0.0000,1.9683,1.9686,0
2275,0.0000,0.0000,1.9984,1.9987,0
2276,0.0000,0.0000,2.0096,2.0099,0
2277,0.0000,0.0000,1.9734,1.9737,0
2278,0.0000,0.0000,9.0842,9.0845,0
2279,0.0000,0.0000,1.9985,1.9988,0
2280,0.0000,0.0000,1.9982,1.9985,0
2281,0.0000,0.0000,1.9745,1.9748,0
2282,0.0000,0.0000,2.0083,2.0086,0
2283,0.0000,0.0000,8.9694,8.9697,0
2284,0.0000,0.0000,2.0003,2.0006,0
2285,0.0000,0.0000,2.0028,2.0031,0
2286,0.0000,0.0000,1.9605,1.9608,0
2287,0.0000,0.0000,2.0528,2.0531,0
2288,0.0000,0.0000,8.9621,8.9624,0
2289,0.0000,0.0000,1.9603,1.9606,0
2290,0.0000,0.0000,1.9939,1.9942,0
2291,0.0000,0.0000,1.9661,1.9664,0
2292,0.0000,0.0000,2.0521,2.0524,0
2293,0.0000,0.0000,8.9477,8.9480,0
2294,0.0000,0.0000,2.0043,2.0046,0
2295,0.0000,0.0000,1.9967,1.9970,0
2296,0.0000,0.0000,1.8835,1.8839,0
2297,0.0000,0.0000,2.0621,2.0625,0
2298,0.0000,0.0000,9.0074,9.0077,0
2299,0.0000,0.0000,1.9955,1.9958,0
2300,0.0000,0.0000,2.0150,2.0153,0
2301,0.0000,0.0000,1.9073,1.9076,0
2302,0.0000,0.0000,9.0452,9.0455,0
2303,0.0000,0.0000,2.0039,2.0042,0
2304,0.0000,0.0000,1.9735,1.9738,0
2305,0.0000,0.0000,1.9389,1.9392,0
2306,0.0000,0.0000,2.0652,2.0655,0
2307,0.0000,0.0000,9.0949,9.0952,0
2308,0.0000,0.0000,2.0049,2.0052,0
2309,0.0000,0.0000,2.0433,2.0436,0
2310,0.0000,0.0000,1.9099,1.9102,0
2311,0.0000,0.0000,2.0095,2.0098,0
2312,0.0000,0.0000,8.9378,8.9381,0
2313,0.0000,0.0000,2.0161,2.0164,0
2314,0.0000,0.0000,2.0809,2.0812,0
2315,0.0000,0.0000,1.8977,1.8980,0
2316,0.0000,0.0000,2.0054,2.0057,0
2317,0.0000,0.0000,8.9692,8.9695,0
2318,0.0000,0.0000,1.9989,1.9992,0
2319,0.0000,0.0000,2.0116,2.0119,0
2320,0.0000,0.0000,1.9156,1.9159,0
2321,0.0000,0.0000,2.0830,2.0833,0
2322,0.0000,0.0000,8.9221,8.9224,0
2323,0.0000,0.0000,1.9948,1.9951,0
2324,0.0000,0.0000,1.9399,1.9402,0
2325,0.0000,0.0000,1.9273,1.9276,0
2326,0.0000,0.0000,2.0401,2.0404,0
2327,0.0000,0.0000,9.0242,9.0245,0
2328,0.0000,0.0000,1.9978,1.9981,0
2329,0.0000,0.0000,2.0020,2.0023,0
2330,0.0000,0.0000,1.9004,1.9007,0
2331,0.0000,0.0000,9.0628,9.0631,0
2332,0.0000,0.0000,2.0071,2.0074,0
2333,0.0000,0.0000,1.9977,1.9980,0
2334,0.0000,0.0000,2.0110,2.0113,0
2335,0.0000,0.0000,1.8819,1.8822,0
2336,0.0000,0.0000,9.1751,9.1754,0
2337,0.0000,0.0000,2.0045,2.0048,0
2338,0.0000,0.0000,1.9943,1.9946,0
2339,0.0000,0.0000,1.9553,1.9556,0
2340,0.0000,0.0000,1.9959,1.9962,0
2341,0.0000,0.0000,9.1230,9.1233,0
2342,0.0000,0.0000,1.9957,1.9960,0
2343,0.0000,0.0000,1.9862,1.9865,0
2344,0.0000,0.0000,1.9825,1.9828,0
2345,0.0000,0.0000,2.0150,2.0153,0
2346,0.0000,0.0000,8.8945,8.8948,0
2347,0.0000,0.0000,2.0407,2.0410,0
2348,0.0000,0.0000,2.0088,2.0091,0
2349,0.0000,0.0000,1.9553,1.9556,0
2350,0.0000,0.0000,2.1229,2.1232,0
2351,0.0000,0.0000,8.8804,8.8808,0
2352,0.0000,0.0000,2.0513,2.0516,0
2353,0.0000,0.0000,2.0385,2.0388,0
2354,0.0000,0.0000,1.9438,1.9441,0
2355,0.0000,0.0000,1.9763,1.9766,0
2356,0.0000,0.0000,9.0010,9.0013,0
2357,0.0000,0.0000,2.0086,2.0089,0
2358,0.0000,0.0000,1.9858,1.9861,0
2359,0.0000,0.0000,1.9619,1.9622,0
2360,0.0000,0.0000,9.0479,9.0482,0
2361,0.0000,0.0000,2.0098,2.0101,0
2362,0.0000,0.0000,1.9931,1.9934,0
2363,0.0000,0.0000,2.0061,2.0064,0
2364,0.0000,0.0000,1.9688,1.9691,0
2365,0.0000,0.0000,9.0304,9.0307,0
2366,0.0000,0.0000,2.0103,2.0106,0
2367,0.0000,0.0000,1.9919,1.9922,0
2368,0.0000,0.0000,1.9625,1.9628,0
2369,0.0000,0.0000,1.9966,1.9969,0
2370,0.0000,0.0000,9.1451,9.1453,0
2371,0.0000,0.0000,1.9499,1.9502,0
2372,0.0000,0.0000,2.0119,2.0122,0
2373,0.0000,0.0000,1.9544,1.9548,0
2374,0.0000,0.0000,1.9933,1.9936,0
2375,0.0000,0.0000,8.9233,8.9236,0
2376,0.0000,0.0000,1.9935,1.9938,0
2377,0.0000,0.0000,2.0317,2.0320,0
2378,0.0000,0.0000,1.9383,1.9387,0
2379,0.0000,0.0000,2.0024,2.0027,0
2380,0.0000,0.0000,8.9468,8.9471,0
2381,0.0000,0.0000,2.0021,2.0024,0
2382,0.0000,0.0000,2.0066,2.0069,0
2383,0.0000,0.0000,1.9667,1.9670,0
2384,0.0000,0.0000,2.0461,2.0464,0
2385,0.0000,0.0000,8.9217,8.9221,0
2386,0.0000,0.0000,2.0106,2.0109,0
2387,0.0000,0.0000,2.0333,2.0336,0
2388,0.0000,0.0000,1.9035,1.9038,0
2389,0.0000,0.0000,2.0496,2.0499,0
2390,0.0000,0.0000,8.9152,8.9155,0
2391,0.0000,0.0000,2.0067,2.0070,0
2392,0.0000,0.0000,2.0132,2.0135,0
2393,0.0000,0.0000,1.9328,1.9331,0
2394,0.0000,0.0000,9.0184,9.0187,0
2395,0.0000,0.0000,2.0054,2.0057,0
2396,0.0000,0.0000,2.0105,2.0108,0
2397,0.0000,0.0000,2.0279,2.0282,0
2398,0.0000,0.0000,1.9057,1.9060,0
2399,0.0000,0.0000,9.2571,9.2574,0
2400,0.0000,0.0000,1.9818,1.9821,0
2401,0.0000,0.0000,1.9588,1.9591,0
2402,0.0000,0.0000,1.9804,1.9807,0
2403,0.0000,0.0000,1.9909,1.9912,0
2404,0.0000,0.0000,8.8883,8.8886,0
2405,0.0000,0.0000,1.9896,1.9899,0
2406,0.0000,0.0000,2.0080,2.0083,0
2407,0.0000,0.0000,1.9964,1.9967,0
2408,0.0000,0.0000,2.0086,2.0089,0
2409,0.0000,0.0000,8.9524,8.9527,0
2410,0.0000,0.0000,1.9696,1.9699,0
2411,0.0000,0.0000,2.0137,2.0140,0
2412,0.0000,0.0000,1.9733,1.9736,0
2413,0.0000,0.0000,2.0061,2.0064,0
2414,0.0000,0.0000,8.8479,8.8482,0
2415,0.0000,0.0000,2.1010,2.1013,0
2416,0.0000,0.0000,2.0227,2.0230,0
2417,0.0000,0.0000,1.9123,1.9126,0
2418,0.0000,0.0000,2.0630,2.0633,0
2419,0.0000,0.0000,8.9774,8.9777,0
2420,0.0000,0.0000,2.0033,2.0036,0
2421,0.0000,0.0000,2.0038,2.0041,0
2422,0.0000,0.0000,1.8892,1.8895,0
2423,0.0000,0.0000,2.0790,2.0793,0
2424,0.0000,0.0000,8.8819,8.8822,0
2425,0.0000,0.0000,2.1312,2.1315,0
2426,0.0000,0.0000,1.9990,1.9993,0
2427,0.0000,0.0000,1.9010,1.9013,0
2428,0.0000,0.0000,9.2504,9.2507,0
2429,0.0000,0.0000,2.0074,2.0077,0
2430,0.0000,0.0000,1.9258,1.9261,0
2431,0.0000,0.0000,1.9246,1.9249,0
2432,0.0000,0.0000,1.9929,1.9932,0
2433,0.0000,0.0000,9.0628,9.0631,0
2434,0.0000,0.0000,2.0104,2.0107,0
2435,0.0000,0.0000,1.9683,1.9686,0
2436,0.0000,0.0000,1.9850,1.9853,0
2437,0.0000,0.0000,2.0173,2.0177,0
2438,0.0000,0.0000,8.9817,8.9820,0
2439,0.0000,0.0000,2.0881,2.0884,0
2440,0.0000,0.0000,1.9276,1.9279,0
2441,0.0000,0.0000,1.9314,1.9317,0
2442,0.0000,0.0000,2.0686,2.0690,0
2443,0.0000,0.0000,8.9278,8.9281,0
2444,0.0000,0.0000,1.9855,1.9858,0
2445,0.0000,0.0000,2.0549,2.0552,0
2446,0.0000,0.0000,1.9101,1.9104,0
2447,0.0000,0.0000,2.0928,2.0931,0
2448,0.0000,0.0000,8.8942,8.8945,0
2449,0.0000,0.0000,2.0006,2.0009,0
2450,0.0000,0.0000,2.0071,2.0074,0
2451,0.0000,0.0000,1.9382,1.9385,0
2452,0.0000,0.0000,2.0545,2.0548,0
2453,0.0000,0.0000,8.9795,8.9798,0
2454,0.0000,0.0000,2.0051,2.0054,0
2455,0.0000,0.0000,1.9977,1.9980,0
2456,0.0000,0.0000,1.9053,1.9056,0
2457,0.0000,0.0000,9.1083,9.1086,0
2458,0.0000,0.0000,2.0157,2.0160,0
2459,0.0000,0.0000,2.0310,2.0313,0
2460,0.0000,0.0000,2.0048,2.0052,0
2461,0.0000,0.0000,1.9035,1.9039,0
2462,0.0000,0.0000,9.0793,9.0796,0
2463,0.0000,0.0000,1.9876,1.9879,0
2464,0.0000,0.0000,2.0380,2.0383,0
2465,0.0000,0.0000,1.9639,1.9642,0
2466,0.0000,0.0000,2.0072,2.0075,0
2467,0.0000,0.0000,9.0585,9.0588,0
2468,0.0000,0.0000,2.0104,2.0107,0
2469,0.0000,0.0000,2.0029,2.0032,0
2470,0.0000,0.0000,1.9426,1.9429,0
2471,0.0000,0.0000,1.9873,1.9876,0
2472,0.0000,0.0000,8.9638,8.9641,0
2473,0.0000,0.0000,2.0061,2.0064,0
2474,0.0000,0.0000,2.0154,2.0157,0
2475,0.0000,0.0000,1.9403,1.9406,0
2476,0.0000,0.0000,2.0788,2.0791,0
2477,0.0000,0.0000,8.9381,8.9384,0
2478,0.0000,0.0000,2.0108,2.0111,0
2479,0.0000,0.0000,2.0082,2.0085,0
2480,0.0000,0.0000,1.9408,1.9411,0
2481,0.0000,0.0000,2.0524,2.0527,0
2482,0.0000,0.0000,8.9326,8.9329,0
2483,0.0000,0.0000,2.0244,2.0247,0
2484,0.0000,0.0000,2.0194,2.0197,0
2485,0.0000,0.0000,1.8822,1.8825,0
2486,0.0000,0.0000,9.1190,9.1192,0
2487,0.0000,0.0000,2.0815,2.0818,0
2488,0.0000,0.0000,1.9388,1.9391,0
2489,0.0000,0.0000,2.0263,2.0267,0
2490,0.0000,0.0000,1.9206,1.9208,0
2491,0.0000,0.0000,9.0978,9.0981,0
2492,0.0000,0.0000,2.0512,2.0515,0
2493,0.0000,0.0000,1.9647,1.9650,0
2494,0.0000,0.0000,2.0028,2.0031,0
2495,0.0000,0.0000,1.9971,1.9974,0
2496,0.0000,0.0000,9.0378,9.0381,0
2497,0.0000,0.0000,2.0399,2.0402,0
2498,0.0000,0.0000,1.9627,1.9630,0
2499,0.0000,0.0000,1.9962,1.9965,0
2500,0.0000,0.0000,1.9853,1.9856,0
2501,0.0000,0.0000,8.9704,8.9707,0
2502,0.0000,0.0000,1.9924,1.9927,0
2503,0.0000,0.0000,1.9526,1.9529,0
2504,0.0000,0.0000,1.9087,1.9090,0
2505,0.0000,0.0000,2.0242,2.0245,0
2506,0.0000,0.0000,8.9668,8.9671,0
2507,0.0000,0.0000,1.9922,1.9925,0
2508,0.0000,0.0000,2.0022,2.0025,0
2509,0.0000,0.0000,1.9099,1.9102,0
2510,0.0000,0.0000,2.1356,2.1359,0
2511,0.0000,0.0000,9.0086,9.0089,0
2512,0.0000,0.0000,2.0024,2.0027,0
2513,0.0000,0.0000,2.0534,2.0537,0
2514,0.0000,0.0000,1.8660,1.8663,0
2515,0.0000,0.0000,9.0316,9.0319,0
2516,0.0000,0.0000,2.0056,2.0059,0
2517,0.0000,0.0000,2.0173,2.0176,0
2518,0.0000,0.0000,2.0165,2.0167,0
2519,0.0000,0.0000,1.9250,1.9253,0
2520,0.0000,0.0000,8.9867,8.9870,0
2521,0.0000,0.0000,2.0039,2.0042,0
2522,0.0000,0.0000,2.0318,2.0321,0
2523,0.0000,0.0000,1.9939,1.9942,0
2524,0.0000,0.0000,1.9572,1.9575,0
2525,0.0000,0.0000,9.0626,9.0629,0
2526,0.0000,0.0000,2.0018,2.0021,0
2527,0.0000,0.0000,2.0101,2.0104,0
2528,0.0000,0.0000,1.9965,1.9968,0
2529,0.0000,0.0000,2.0064,2.0067,0
2530,0.0000,0.0000,9.0130,9.0133,0
2531,0.0000,0.0000,1.9794,1.9797,0
2532,0.0000,0.0000,1.9920,1.9923,0
2533,0.0000,0.0000,1.9299,1.9302,0
2534,0.0000,0.0000,1.9942,1.9945,0
2535,0.0000,0.0000,8.8974,8.8977,0
2536,0.0000,0.0000,2.0031,2.0034,0
2537,0.0000,0.0000,2.0066,2.0069,0
2538,0.0000,0.0000,1.9631,1.9634,0
2539,0.0000,0.0000,2.0783,2.0786,0
2540,0.0000,0.0000,8.9250,8.9253,0
2541,0.0000,0.0000,2.0067,2.0070,0
2542,0.0000,0.0000,2.0219,2.0222,0
2543,0.0000,0.0000,1.9202,1.9205,0
2544,0.0000,0.0000,2.0886,2.0889,0
2545,0.0000,0.0000,9.0614,9.0617,0
2546,0.0000,0.0000,1.9972,1.9975,0
2547,0.0000,0.0000,2.0093,2.0096,0
2548,0.0000,0.0000,1.9188,1.9191,0
2549,0.0000,0.0000,8.9834,8.9837,0
2550,0.0000,0.0000,1.9865,1.9868,0
2551,0.0000,0.0000,2.0034,2.0037,0
2552,0.0000,0.0000,2.0532,2.0535,0
2553,0.0000,0.0000,1.9020,1.9023,0
2554,0.0000,0.0000,9.0794,9.0797,0
2555,0.0000,0.0000,2.0022,2.0025,0
2556,0.0000,0.0000,1.9880,1.9883,0
2557,0.0000,0.0000,1.9312,1.9315,0
2558,0.0000,0.0000,2.0138,2.0141,0
2559,0.0000,0.0000,9.1717,9.1721,0
2560,0.0000,0.0000,1.8313,1.8317,0
2561,0.0000,0.0000,2.0609,2.0612,0
2562,0.0000,0.0000,1.9461,1.9464,0
2563,0.0000,0.0000,2.0570,2.0573,0
2564,0.0000,0.0000,8.8983,8.8987,0
2565,0.0000,0.0000,1.9730,1.9733,0
2566,0.0000,0.0000,2.0181,2.0184,0
2567,0.0000,0.0000,1.9520,1.9523,0
2568,0.0000,0.0000,2.0116,2.0120,0
2569,0.0000,0.0000,8.9503,8.9506,0
2570,0.0000,0.0000,2.0035,2.0038,0
2571,0.0000,0.0000,2.0046,2.0049,0
2572,0.0000,0.0000,1.9506,1.9509,0
2573,0.0000,0.0000,2.0579,2.0582,0
2574,0.0000,0.0000,9.0264,9.0267,0
2575,0.0000,0.0000,2.0304,2.0307,0
2576,0.0000,0.0000,1.9784,1.9787,0
2577,0.0000,0.0000,1.9322,1.9414,0
2578,0.0000,0.0000,9.0633,9.0636,0
2579,0.0000,0.0000,1.9574,1.9577,0
2580,0.0000,0.0000,2.0119,2.0122,0
2581,0.0000,0.0000,2.0130,2.0133,0
2582,0.0000,0.0000,1.9730,1.9733,0
2583,0.0000,0.0000,9.0995,9.0998,0
2584,0.0000,0.0000,1.9990,1.9994,0
2585,0.0000,0.0000,1.9898,1.9901,0
2586,0.0000,0.0000,1.9547,1.9550,0
2587,0.0000,0.0000,2.0082,2.0085,0
2588,0.0000,0.0000,9.1807,9.1810,0
2589,0.0000,0.0000,1.9873,1.9876,0
2590,0.0000,0.0000,2.0016,2.0019,0
2591,0.0000,0.0000,1.9346,1.9349,0
2592,0.0000,0.0000,2.0347,2.0350,0
2593,0.0000,0.0000,8.7844,8.7847,0
2594,0.0000,0.0000,2.0413,2.0416,0
2595,0.0000,0.0000,2.0048,2.0051,0
2596,0.0000,0.0000,1.9201,1.9204,0
2597,0.0000,0.0000,2.0744,2.0747,0
2598,0.0000,0.0000,8.9672,8.9675,0
2599,0.0000,0.0000,1.9539,1.9542,0
2600,0.0000,0.0000,2.0545,2.0548,0
2601,0.0000,0.0000,1.9287,1.9290,0
2602,0.0000,0.0000,2.0754,2.0757,0
2603,0.0000,0.0000,8.9322,8.9325,0
2604,0.0000,0.0000,1.9738,1.9741,0
2605,0.0000,0.0000,2.0010,2.0013,0
2606,0.0000,0.0000,1.9519,1.9522,0
2607,0.0000,0.0000,8.9466,8.9469,0
2608,0.0000,0.0000,1.9709,1.9712,0
2609,0.0000,0.0000,1.9371,1.9374,0
2610,0.0000,0.0000,1.9749,1.9752,0
2611,0.0000,0.0000,1.9520,1.9523,0
2612,0.0000,0.0000,9.0619,9.0622,0
2613,0.0000,0.0000,1.9581,1.9584,0
2614,0.0000,0.0000,2.0489,2.0493,0
2615,0.0000,0.0000,1.9807,1.9810,0
2616,0.0000,0.0000,1.9660,1.9663,0
2617,0.0000,0.0000,9.2035,9.2039,0
2618,0.0000,0.0000,1.9859,1.9862,0
2619,0.0000,0.0000,2.0031,2.0034,0
2620,0.0000,0.0000,1.9517,1.9520,0
2621,0.0000,0.0000,1.9974,1.9977,0
2622,0.0000,0.0000,8.9053,8.9056,0
2623,0.0000,0.0000,2.0507,2.0510,0
2624,0.0000,0.0000,2.0615,2.0618,0
2625,0.0000,0.0000,1.9506,1.9509,0
2626,0.0000,0.0000,2.0044,2.0047,0
2627,0.0000,0.0000,8.9745,8.9748,0
2628,0.0000,0.0000,2.0148,2.0151,0
2629,0.0000,0.0000,2.0036,2.0039,0
2630,0.0000,0.0000,1.9205,1.9208,0
2631,0.0000,0.0000,2.0447,2.0450,0
2632,0.0000,0.0000,9.0311,9.0314,0
2633,0.0000,0.0000,2.0123,2.0126,0
2634,0.0000,0.0000,2.0167,2.0170,0
2635,0.0000,0.0000,1.9060,1.9063,0
2636,0.0000,0.0000,2.0652,2.0655,0
2637,0.0000,0.0000,8.9599,8.9602,0
2638,0.0000,0.0000,2.0052,2.0055,0
2639,0.0000,0.0000,2.0493,2.0496,0
2640,0.0000,0.0000,1.8043,1.8046,0
2641,0.0000,0.0000,9.1202,9.1205,0
2642,0.0000,0.0000,1.9595,1.9598,0
2643,0.0000,0.0000,1.9792,1.9795,0
2644,0.0000,0.0000,2.0075,2.0078,0
2645,0.0000,0.0000,1.9221,1.9224,0
2646,0.0000,0.0000,9.2439,9.2442,0
2647,0.0000,0.0000,1.9825,1.9828,0
2648,0.0000,0.0000,2.0237,2.0240,0
2649,0.0000,0.0000,1.9643,1.9646,0
2650,0.0000,0.0000,1.9926,1.9929,0
2651,0.0000,0.0000,9.0201,9.0204,0
2652,0.0000,0.0000,2.0097,2.0100,0
2653,0.0000,0.0000,2.0482,2.0485,0
2654,0.0000,0.0000,1.9413,1.9416,0
2655,0.0000,0.0000,2.0195,2.0198,0
2656,0.0000,0.0000,8.9562,8.9564,0
2657,0.0000,0.0000,1.9874,1.9877,0
2658,0.0000,0.0000,2.0061,2.0065,0
2659,0.0000,0.0000,1.8850,1.8853,0
2660,0.0000,0.0000,2.1068,2.1071,0
2661,0.0000,0.0000,9.0373,9.0376,0
2662,0.0000,0.0000,1.9183,1.9186,0
2663,0.0000,0.0000,2.0985,2.0988,0
2664,0.0000,0.0000,1.9133,1.9136,0
2665,0.0000,0.0000,2.0574,2.0577,0
2666,0.0000,0.0000,8.9758,8.9761,0
2667,0.0000,0.0000,2.0117,2.0120,0
2668,0.0000,0.0000,2.0106,2.0109,0
2669,0.0000,0.0000,1.9124,1.9127,0
2670,0.0000,0.0000,9.0139,9.0142,0
2671,0.0000,0.0000,1.9690,1.9693,0
2672,0.0000,0.0000,2.0106,2.0109,0
2673,0.0000,0.0000,2.0092,2.0095,0
2674,0.0000,0.0000,1.9357,1.9360,0
2675,0.0000,0.0000,9.0264,9.0267,0
2676,0.0000,0.0000,2.0121,2.0124,0
2677,0.0000,0.0000,2.0142,2.0145,0
2678,0.0000,0.0000,1.9718,1.9721,0
2679,0.0000,0.0000,1.9837,1.9840,0
2680,0.0000,0.0000,9.0158,9.0161,0
2681,0.0000,0.0000,1.9864,1.9867,0
2682,0.0000,0.0000,2.0133,2.0136,0
2683,0.0000,0.0000,1.9548,1.9551,0
2684,0.0000,0.0000,2.0017,2.0020,0
2685,0.0000,0.0000,8.9458,8.9461,0
2686,0.0000,0.0000,2.0114,2.0117,0
2687,0.0000,0.0000,2.0034,2.0037,0
2688,0.0000,0.0000,1.9842,1.9845,0
2689,0.0000,0.0000,2.0799,2.0802,0
2690,0.0000,0.0000,9.0057,9.0060,0
2691,0.0000,0.0000,2.0069,2.0072,0
2692,0.0000,0.0000,2.0047,2.0050,0
2693,0.0000,0.0000,1.9055,1.9058,0
2694,0.0000,0.0000,2.1015,2.1018,0
2695,0.0000,0.0000,8.9277,8.9280,0
2696,0.0000,0.0000,2.0149,2.0152,0
2697,0.0000,0.0000,2.0350,2.0353,0
2698,0.0000,0.0000,1.8722,1.8725,0
2699,0.0000,0.0000,9.0096,9.0099,0
2700,0.0000,0.0000,2.0142,2.0145,0
2701,0.0000,0.0000,2.0604,2.0607,0
2702,0.0000,0.0000,2.0032,2.0035,0
2703,0.0000,0.0000,1.8695,1.8698,0
2704,0.0000,0.0000,9.1229,9.1232,0
2705,0.0000,0.0000,1.9968,1.9971,0
2706,0.0000,0.0000,2.0113,2.0116,0
2707,0.0000,0.0000,1.9433,1.9437,0
2708,0.0000,0.0000,2.0002,2.0005,0
2709,0.0000,0.0000,9.1229,9.1232,0
2710,0.0000,0.0000,1.9946,1.9949,0
2711,0.0000,0.0000,2.0026,2.0029,0
2712,0.0000,0.0000,1.9478,1.9482,0
2713,0.0000,0.0000,2.0107,2.0110,0
2714,0.0000,0.0000,8.9098,8.9101,0
2715,0.0000,0.0000,2.0146,2.0149,0
2716,0.0000,0.0000,1.9994,1.9997,0
2717,0.0000,0.0000,1.9871,1.9874,0
2718,0.0000,0.0000,2.0039,2.0042,0
2719,0.0000,0.0000,9.0101,9.0104,0
2720,0.0000,0.0000,2.0024,2.0027,0
2721,0.0000,0.0000,2.0075,2.0078,0
2722,0.0000,0.0000,1.9512,1.9515,0
2723,0.0000,0.0000,2.0395,2.0398,0
2724,0.0000,0.0000,8.9329,8.9332,0
2725,0.0000,0.0000,2.0506,2.0509,0
2726,0.0000,0.0000,1.9677,1.9680,0
2727,0.0000,0.0000,1.9455,1.9458,0
2728,0.0000,0.0000,2.0437,2.0440,0
2729,0.0000,0.0000,8.8766,8.8769,0
2730,0.0000,0.0000,2.0038,2.0041,0
2731,0.0000,0.0000,2.0396,2.0399,0
2732,0.0000,0.0000,1.9190,1.9193,0
2733,0.0000,0.0000,9.1023,9.1026,0
2734,0.0000,0.0000,2.0096,2.0099,0
2735,0.0000,0.0000,1.9963,1.9966,0
2736,0.0000,0.0000,2.1214,2.1217,0
2737,0.0000,0.0000,1.8932,1.8935,0
2738,0.0000,0.0000,9.0639,9.0642,0
2739,0.0000,0.0000,1.9935,1.9938,0
2740,0.0000,0.0000,2.0664,2.0667,0
2741,0.0000,0.0000,1.8535,1.8538,0
2742,0.0000,0.0000,1.9995,1.9998,0
2743,0.0000,0.0000,9.0593,9.0596,0
2744,0.0000,0.0000,2.0174,2.0177,0
2745,0.0000,0.0000,2.0075,2.0078,0
2746,0.0000,0.0000,1.9869,1.9872,0
2747,0.0000,0.0000,1.9677,1.9680,0
2748,0.0000,0.0000,8.9968,8.9971,0
2749,0.0000,0.0000,2.0042,2.0045,0
2750,0.0000,0.0000,2.0147,2.0150,0
2751,0.0000,0.0000,1.9235,1.9238,0
2752,0.0000,0.0000,2.0355,2.0358,0
2753,0.0000,0.0000,8.9048,8.9051,0
2754,0.0000,0.0000,2.0257,2.0260,0
2755,0.0000,0.0000,1.9920,1.9923,0
2756,0.0000,0.0000,1.9180,1.9183,0
2757,0.0000,0.0000,2.0523,2.0526,0
2758,0.0000,0.0000,8.7914,8.7917,0
2759,0.0000,0.0000,2.0008,2.0011,0
2760,0.0000,0.0000,2.0007,2.0010,0
2761,0.0000,0.0000,1.9964,1.9967,0
2762,0.0000,0.0000,9.1765,9.1768,0
2763,0.0000,0.0000,2.0102,2.0105,0
2764,0.0000,0.0000,2.0059,2.0062,0
2765,0.0000,0.0000,2.0159,2.0162,0
2766,0.0000,0.0000,1.9360,1.9363,0
2767,0.0000,0.0000,9.1078,9.1081,0
2768,0.0000,0.0000,2.0065,2.0068,0
2769,0.0000,0.0000,1.9938,1.9941,0
2770,0.0000,0.0000,1.9752,1.9755,0
2771,0.0000,0.0000,1.9790,1.9793,0
2772,0.0000,0.0000,9.0067,9.0070,0
2773,0.0000,0.0000,2.0064,2.0067,0
2774,0.0000,0.0000,1.9992,1.9995,0
2775,0.0000,0.0000,1.9587,1.9590,0
2776,0.0000,0.0000,1.9955,1.9958,0
2777,0.0000,0.0000,9.0390,9.0393,0
2778,0.0000,0.0000,1.9904,1.9907,0
2779,0.0000,0.0000,1.9989,1.9992,0
2780,0.0000,0.0000,1.9053,1.9056,0
2781,0.0000,0.0000,2.1651,2.1654,0
2782,0.0000,0.0000,8.9598,8.9601,0
2783,0.0000,0.0000,1.9904,1.9907,0
2784,0.0000,0.0000,2.0279,2.0282,0
2785,0.0000,0.0000,1.9028,1.9031,0
2786,0.0000,0.0000,2.0504,2.0507,0
2787,0.0000,0.0000,8.8671,8.8674,0
2788,0.0000,0.0000,1.9791,1.9794,0
2789,0.0000,0.0000,1.9965,1.9968,0
2790,0.0000,0.0000,1.9629,1.9632,0
2791,0.0000,0.0000,9.1318,9.1321,0
2792,0.0000,0.0000,2.0040,2.0043,0
2793,0.0000,0.0000,1.9935,1.9938,0
2794,0.0000,0.0000,2.0154,2.0157,0
2795,0.0000,0.0000,1.9272,1.9275,0
2796,0.0000,0.0000,9.0257,9.0260,0
2797,0.0000,0.0000,2.0150,2.0152,0
2798,0.0000,0.0000,1.9972,1.9975,0
2799,0.0000,0.0000,1.9714,1.9717,0
2800,0.0000,0.0000,1.9922,1.9925,0
2801,0.0000,0.0000,9.0430,9.0433,0
2802,0.0000,0.0000,2.0381,2.0384,0
2803,0.0000,0.0000,2.0078,2.0081,0
2804,0.0000,0.0000,1.9530,1.9533,0
2805,0.0000,0.0000,1.9899,1.9902,0
2806,0.0000,0.0000,9.1852,9.1855,0
2807,0.0000,0.0000,1.9989,1.9992,0
2808,0.0000,0.0000,2.0085,2.0088,0
2809,0.0000,0.0000,1.9301,1.9304,0
2810,0.0000,0.0000,2.0599,2.0602,0
2811,0.0000,0.0000,8.9541,8.9544,0
2812,0.0000,0.0000,1.9951,1.9954,0
2813,0.0000,0.0000,1.9765,1.9768,0
2814,0.0000,0.0000,1.9224,1.9227,0
2815,0.0000,0.0000,2.0634,2.0637,0
2816,0.0000,0.0000,8.9635,8.9638,0
2817,0.0000,0.0000,2.0359,2.0362,0
2818,0.0000,0.0000,1.9178,1.9181,0
2819,0.0000,0.0000,1.9498,1.9501,0
2820,0.0000,0.0000,9.1331,9.1334,0
2821,0.0000,0.0000,1.9712,1.9715,0
2822,0.0000,0.0000,2.0440,2.0443,0
2823,0.0000,0.0000,1.9398,1.9401,0
2824,0.0000,0.0000,1.9942,1.9946,0
2825,0.0000,0.0000,9.1179,9.1182,0
2826,0.0000,0.0000,2.0153,2.0156,0
2827,0.0000,0.0000,2.0090,2.0093,0
2828,0.0000,0.0000,1.9567,1.9570,0
2829,0.0000,0.0000,2.0004,2.0007,0
2830,0.0000,0.0000,9.1270,9.1272,0
2831,0.0000,0.0000,2.0008,2.0011,0
2832,0.0000,0.0000,2.0046,2.0049,0
2833,0.0000,0.0000,1.9257,1.9260,0
2834,0.0000,0.0000,2.0193,2.0196,0
2835,0.0000,0.0000,8.9478,8.9480,0
2836,0.0000,0.0000,2.0036,2.0039,0
2837,0.0000,0.0000,2.0119,2.0123,0
2838,0.0000,0.0000,1.9151,1.9154,0
2839,0.0000,0.0000,2.0501,2.0504,0
2840,0.0000,0.0000,8.9454,8.9458,0
2841,0.0000,0.0000,2.0044,2.0047,0
2842,0.0000,0.0000,2.0067,2.0070,0
2843,0.0000,0.0000,1.9069,1.9072,0
2844,0.0000,0.0000,2.0737,2.0740,0
2845,0.0000,0.0000,8.9678,8.9681,0
2846,0.0000,0.0000,2.0069,2.0072,0
2847,0.0000,0.0000,2.0021,2.0024,0
2848,0.0000,0.0000,1.8663,1.8666,0
2849,0.0000,0.0000,2.0479,2.0482,0
2850,0.0000,0.0000,9.0353,9.0356,0
2851,0.0000,0.0000,2.0026,2.0029,0
2852,0.0000,0.0000,2.0168,2.0171,0
2853,0.0000,0.0000,1.9022,1.9025,0
2854,0.0000,0.0000,9.1726,9.1729,0
2855,0.0000,0.0000,2.0087,2.0090,0
2856,0.0000,0.0000,1.9959,1.9962,0
2857,0.0000,0.0000,1.9538,1.9541,0
2858,0.0000,0.0000,2.0109,2.0112,0
2859,0.0000,0.0000,9.0330,9.0333,0
2860,0.0000,0.0000,1.9994,1.9997,0
2861,0.0000,0.0000,2.0064,2.0067,0
2862,0.0000,0.0000,1.9967,1.9970,0
2863,0.0000,0.0000,2.0152,2.0155,0
2864,0.0000,0.0000,9.0455,9.0458,0
2865,0.0000,0.0000,1.9886,1.9889,0
2866,0.0000,0.0000,1.9915,1.9918,0
2867,0.0000,0.0000,1.9312,1.9315,0
2868,0.0000,0.0000,2.1018,2.1021,0
2869,0.0000,0.0000,8.9680,8.9683,0
2870,0.0000,0.0000,2.0439,2.0442,0
2871,0.0000,0.0000,1.9643,1.9646,0
2872,0.0000,0.0000,1.8722,1.8725,0
2873,0.0000,0.0000,2.0912,2.0915,0
2874,0.0000,0.0000,8.9676,8.9679,0
2875,0.0000,0.0000,2.0075,2.0078,0
2876,0.0000,0.0000,2.0000,2.0003,0
2877,0.0000,0.0000,1.8946,1.8949,0
2878,0.0000,0.0000,9.1511,9.1515,0
2879,0.0000,0.0000,1.9999,2.0002,0
2880,0.0000,0.0000,2.0011,2.0014,0
2881,0.0000,0.0000,2.0091,2.0095,0
2882,0.0000,0.0000,1.9269,1.9272,0
2883,0.0000,0.0000,9.0573,9.0576,0
2884,0.0000,0.0000,1.9994,1.9997,0
2885,0.0000,0.0000,1.9350,1.9353,0
2886,0.0000,0.0000,2.0190,2.0194,0
2887,0.0000,0.0000,1.9933,1.9936,0
2888,0.0000,0.0000,9.0117,9.0120,0
2889,0.0000,0.0000,1.9983,1.9986,0
2890,0.0000,0.0000,1.9935,1.9938,0
2891,0.0000,0.0000,1.9944,1.9947,0
2892,0.0000,0.0000,2.0059,2.0063,0
2893,0.0000,0.0000,9.0590,9.0593,0
2894,0.0000,0.0000,1.9937,1.9940,0
2895,0.0000,0.0000,1.9997,2.0000,0
2896,0.0000,0.0000,1.9311,1.9314,0
2897,0.0000,0.0000,2.2594,2.2597,0
2898,0.0000,0.0000,8.7790,8.7793,0
2899,0.0000,0.0000,1.9951,1.9955,0
2900,0.0000,0.0000,2.0064,2.0067,0
2901,0.0000,0.0000,1.9433,1.9436,0
2902,0.0000,0.0000,2.0683,2.0686,0
2903,0.0000,0.0000,8.9399,8.9402,0
2904,0.0000,0.0000,2.0084,2.0087,0
2905,0.0000,0.0000,2.0209,2.0212,0
2906,0.0000,0.0000,1.9456,1.9459,0
2907,0.0000,0.0000,9.0402,9.0405,0
2908,0.0000,0.0000,2.0075,2.0078,0
2909,0.0000,0.0000,2.0635,2.0638,0
2910,0.0000,0.0000,1.9630,1.9633,0
2911,0.0000,0.0000,1.9686,1.9689,0
2912,0.0000,0.0000,9.0591,9.0594,0
2913,0.0000,0.0000,2.0736,2.0739,0
2914,0.0000,0.0000,1.9308,1.9311,0
2915,0.0000,0.0000,2.0097,2.0100,0
2916,0.0000,0.0000,1.9921,1.9924,0
2917,0.0000,0.0000,9.0404,9.0407,0
2918,0.0000,0.0000,2.0056,2.0059,0
2919,0.0000,0.0000,2.0076,2.0079,0
2920,0.0000,0.0000,1.9365,1.9368,0
2921,0.0000,0.0000,2.0001,2.0004,0
2922,0.0000,0.0000,9.0082,9.0085,0
2923,0.0000,0.0000,1.9963,1.9967,0
2924,0.0000,0.0000,2.0014,2.0017,0
2925,0.0000,0.0000,1.9678,1.9681,0
2926,0.0000,0.0000,2.0455,2.0458,0
2927,0.0000,0.0000,8.9675,8.9678,0
2928,0.0000,0.0000,2.0031,2.0034,0
2929,0.0000,0.0000,1.9902,1.9905,0
2930,0.0000,0.0000,1.9379,1.9382,0
2931,0.0000,0.0000,2.0277,2.0280,0
2932,0.0000,0.0000,8.9766,8.9769,0
2933,0.0000,0.0000,1.9746,1.9749,0
2934,0.0000,0.0000,2.0414,2.0417,0
2935,0.0000,0.0000,1.9131,1.9134,0
2936,0.0000,0.0000,9.0544,9.0547,0
2937,0.0000,0.0000,1.9883,1.9886,0
2938,0.0000,0.0000,2.0126,2.0129,0
2939,0.0000,0.0000,2.0539,2.0542,0
2940,0.0000,0.0000,1.9407,1.9410,0
2941,0.0000,0.0000,9.1236,9.1239,0
2942,0.0000,0.0000,1.9741,1.9744,0
2943,0.0000,0.0000,2.0111,2.0114,0
2944,0.0000,0.0000,2.0114,2.0118,0
2945,0.0000,0.0000,1.9908,1.9911,0
2946,0.0000,0.0000,9.0842,9.0845,0
2947,0.0000,0.0000,2.0559,2.0562,0
2948,0.0000,0.0000,1.9753,1.9756,0
2949,0.0000,0.0000,1.9335,1.9338,0
2950,0.0000,0.0000,2.0107,2.0110,0
2951,0.0000,0.0000,8.9976,8.9979,0
2952,0.0000,0.0000,1.9954,1.9957,0
2953,0.0000,0.0000,2.0048,2.0051,0
2954,0.0000,0.0000,1.9352,1.9355,0
2955,0.0000,0.0000,2.0925,2.0928,0
2956,0.0000,0.0000,8.9356,8.9359,0
2957,0.0000,0.0000,2.0072,2.0075,0
2958,0.0000,0.0000,2.0303,2.0306,0
2959,0.0000,0.0000,1.9161,1.9163,0
2960,0.0000,0.0000,2.0589,2.0592,0
2961,0.0000,0.0000,8.9906,8.9909,0
2962,0.0000,0.0000,2.0006,2.0009,0
2963,0.0000,0.0000,1.9741,1.9744,0
2964,0.0000,0.0000,1.9625,1.9628,0
2965,0.0000,0.0000,9.0848,9.0851,0
2966,0.0000,0.0000,1.8912,1.8915,0
2967,0.0000,0.0000,1.9978,1.9981,0
2968,0.0000,0.0000,2.0121,2.0124,0
2969,0.0000,0.0000,2.0347,2.0350,0
2970,0.0000,0.0000,9.0012,9.0015,0
2971,0.0000,0.0000,2.1408,2.1411,0
2972,0.0000,0.0000,1.8683,1.8686,0
2973,0.0000,0.0000,1.9809,1.9812,0
2974,0.0000,0.0000,1.9773,1.9776,0
2975,0.0000,0.0000,9.1375,9.1378,0
2976,0.0000,0.0000,2.0004,2.0007,0
2977,0.0000,0.0000,1.9998,2.0001,0
2978,0.0000,0.0000,1.9568,1.9571,0
2979,0.0000,0.0000,1.9894,1.9897,0
2980,0.0000,0.0000,9.0547,9.0550,0
2981,0.0000,0.0000,1.9758,1.9761,0
2982,0.0000,0.0000,2.0102,2.0105,0
2983,0.0000,0.0000,1.9167,1.9170,0
2984,0.0000,0.0000,2.0585,2.0588,0
2985,0.0000,0.0000,8.9480,8.9483,0
2986,0.0000,0.0000,1.9961,1.9964,0
2987,0.0000,0.0000,2.0192,2.0195,0
2988,0.0000,0.0000,1.8968,1.8971,0
2989,0.0000,0.0000,2.0981,2.0984,0
2990,0.0000,0.0000,8.9521,8.9524,0
2991,0.0000,0.0000,1.9953,1.9956,0
2992,0.0000,0.0000,2.0177,2.0180,0
2993,0.0000,0.0000,1.8914,1.8917,0
2994,0.0000,0.0000,9.1838,9.1841,0
2995,0.0000,0.0000,1.9118,1.9121,0
2996,0.0000,0.0000,2.0086,2.0089,0
2997,0.0000,0.0000,2.0045,2.0048,0
2998,0.0000,0.0000,1.9431,1.9434,0
2999,0.0000,0.0000,9.1010,9.1013,0
3000,0.0000,0.0000,2.0070,2.0073,0
3001,0.0000,0.0000,2.0058,2.0061,0
3002,0.0000,0.0000,1.9566,1.9569,0
3003,0.0000,0.0000,1.9863,1.9865,0
3004,0.0000,0.0000,9.1059,9.1062,0
3005,0.0000,0.0000,2.0022,2.0025,0
3006,0.0000,0.0000,2.0106,2.0109,0
3007,0.0000,0.0000,1.9072,1.9075,0
3008,0.0000,0.0000,2.0421,2.0424,0
3009,0.0000,0.0000,9.0392,9.0395,0
3010,0.0000,0.0000,2.0034,2.0037,0
3011,0.0000,0.0000,1.9988,1.9991,0
3012,0.0000,0.0000,1.9448,1.9451,0
3013,0.0000,0.0000,2.0366,2.0369,0
3014,0.0000,0.0000,8.9623,8.9626,0
3015,0.0000,0.0000,2.0108,2.0112,0
3016,0.0000,0.0000,1.9990,1.9993,0
3017,0.0000,0.0000,1.8596,1.8599,0
3018,0.0000,0.0000,2.1118,2.1121,0
3019,0.0000,0.0000,8.9772,8.9775,0
3020,0.0000,0.0000,2.0071,2.0073,0
3021,0.0000,0.0000,2.0079,2.0083,0
3022,0.0000,0.0000,1.8667,1.8670,0
3023,0.0000,0.0000,9.1041,9.1044,0
3024,0.0000,0.0000,2.0333,2.0336,0
3025,0.0000,0.0000,1.9266,1.9269,0
3026,0.0000,0.0000,2.0159,2.0162,0
3027,0.0000,0.0000,1.9259,1.9262,0
3028,0.0000,0.0000,9.1213,9.1216,0
3029,0.0000,0.0000,1.9865,1.9868,0
3030,0.0000,0.0000,2.0323,2.0326,0
3031,0.0000,0.0000,1.9737,1.9741,0
3032,0.0000,0.0000,1.9505,1.9508,0
3033,0.0000,0.0000,9.1550,9.1553,0
3034,0.0000,0.0000,2.0074,2.0077,0
3035,0.0000,0.0000,2.0140,2.0143,0
3036,0.0000,0.0000,1.9493,1.9496,0
3037,0.0000,0.0000,2.0125,2.0128,0
3038,0.0000,0.0000,8.5672,8.5676,0
3039,0.0000,0.0000,2.0519,2.0522,0
3040,0.0000,0.0000,2.0141,2.0144,0
3041,0.0000,0.0000,1.9284,1.9287,0
3042,0.0000,0.0000,2.0727,2.0730,0
3043,0.0000,0.0000,8.9699,8.9702,0
3044,0.0000,0.0000,1.9956,1.9959,0
3045,0.0000,0.0000,2.0084,2.0087,0
3046,0.0000,0.0000,1.9187,1.9190,0
3047,0.0000,0.0000,2.0588,2.0591,0
3048,0.0000,0.0000,8.9622,8.9625,0
3049,0.0000,0.0000,1.9935,1.9938,0
3050,0.0000,0.0000,2.0004,2.0007,0
3051,0.0000,0.0000,1.9121,1.9124,0
3052,0.0000,0.0000,9.1361,9.1364,0
3053,0.0000,0.0000,2.0139,2.0142,0
3054,0.0000,0.0000,2.0048,2.0051,0
3055,0.0000,0.0000,1.9806,1.9809,0
3056,0.0000,0.0000,1.9159,1.9162,0
3057,0.0000,0.0000,9.0691,9.0695,0
3058,0.0000,0.0000,1.9952,1.9955,0
3059,0.0000,0.0000,2.0029,2.0032,0
3060,0.0000,0.0000,1.9660,1.9663,0
3061,0.0000,0.0000,1.9859,1.9862,0
3062,0.0000,0.0000,9.1269,9.1272,0
3063,0.0000,0.0000,1.9582,1.9585,0
3064,0.0000,0.0000,2.0568,2.0571,0
3065,0.0000,0.0000,1.9826,1.9829,0
3066,0.0000,0.0000,2.0098,2.0101,0
3067,0.0000,0.0000,8.9668,8.9671,0
3068,0.0000,0.0000,1.9952,1.9955,0
3069,0.0000,0.0000,2.0736,2.0739,0
3070,0.0000,0.0000,1.9120,1.9123,0
3071,0.0000,0.0000,2.0493,2.0496,0
3072,0.0000,0.0000,8.9410,8.9413,0
3073,0.0000,0.0000,2.0282,2.0285,0
3074,0.0000,0.0000,1.9654,1.9657,0
3075,0.0000,0.0000,1.9471,1.9474,0
3076,0.0000,0.0000,2.0490,2.0493,0
3077,0.0000,0.0000,8.9441,8.9444,0
3078,0.0000,0.0000,2.0030,2.0033,0
3079,0.0000,0.0000,2.0226,2.0229,0
3080,0.0000,0.0000,1.9525,1.9528,0
3081,0.0000,0.0000,9.0805,9.0808,0
3082,0.0000,0.0000,1.9912,1.9915,0
3083,0.0000,0.0000,2.0193,2.0196,0
3084,0.0000,0.0000,2.0321,2.0324,0
3085,0.0000,0.0000,1.9620,1.9623,0
3086,0.0000,0.0000,9.0377,9.0380,0
3087,0.0000,0.0000,1.9262,1.9265,0
3088,0.0000,0.0000,1.9987,1.9990,0
3089,0.0000,0.0000,2.0025,2.0029,0
3090,0.0000,0.0000,2.0129,2.0132,0
3091,0.0000,0.0000,9.0587,9.0590,0
3092,0.0000,0.0000,2.0149,2.0152,0
3093,0.0000,0.0000,2.0567,2.0570,0
3094,0.0000,0.0000,1.9267,1.9270,0
3095,0.0000,0.0000,2.0039,2.0042,0
3096,0.0000,0.0000,9.0333,9.0336,0
3097,0.0000,0.0000,1.9680,1.9683,0
3098,0.0000,0.0000,1.9928,1.9931,0
3099,0.0000,0.0000,1.9101,1.9104,0
3100,0.0000,0.0000,2.1522,2.1525,0
3101,0.0000,0.0000,8.9477,8.9480,0
3102,0.0000,0.0000,2.0026,2.0029,0
3103,0.0000,0.0000,2.0114,2.0117,0
3104,0.0000,0.0000,1.9246,1.9249,0
3105,0.0000,0.0000,2.0475,2.0478,0
3106,0.0000,0.0000,8.9657,8.9660,0
3107,0.0000,0.0000,2.0018,2.0021,0
3108,0.0000,0.0000,2.0157,2.0160,0
3109,0.0000,0.0000,1.9064,1.9067,0
3110,0.0000,0.0000,9.1303,9.1306,0
3111,0.0000,0.0000,2.0027,2.0030,0
3112,0.0000,0.0000,2.0041,2.0044,0
3113,0.0000,0.0000,2.0243,2.0246,0
3114,0.0000,0.0000,1.9493,1.9496,0
3115,0.0000,0.0000,9.0595,9.0598,0
3116,0.0000,0.0000,2.0594,2.0597,0
3117,0.0000,0.0000,1.9710,1.9713,0
3118,0.0000,0.0000,1.9925,1.9928,0
3119,0.0000,0.0000,2.0093,2.0096,0
3120,0.0000,0.0000,8.9268,8.9271,0
3121,0.0000,0.0000,2.0393,2.0396,0
3122,0.0000,0.0000,2.0042,2.0045,0
3123,0.0000,0.0000,1.9725,1.9728,0
3124,0.0000,0.0000,1.9669,1.9672,0
3125,0.0000,0.0000,8.9783,8.9786,0
3126,0.0000,0.0000,1.9922,1.9925,0
3127,0.0000,0.0000,2.0025,2.0028,0
3128,0.0000,0.0000,1.9351,1.9354,0
3129,0.0000,0.0000,2.0189,2.0192,0
3130,0.0000,0.0000,8.9463,8.9466,0
3131,0.0000,0.0000,2.0426,2.0429,0
3132,0.0000,0.0000,1.9589,1.9592,0
3133,0.0000,0.0000,1.9461,1.9464,0
3134,0.0000,0.0000,2.0625,2.0628,0
3135,0.0000,0.0000,8.9421,8.9424,0
3136,0.0000,0.0000,2.0077,2.0080,0
3137,0.0000,0.0000,2.0522,2.0525,0
3138,0.0000,0.0000,1.8949,1.8952,0
3139,0.0000,0.0000,9.0627,9.0630,0
3140,0.0000,0.0000,2.0127,2.0130,0
3141,0.0000,0.0000,1.9592,1.9595,0
3142,0.0000,0.0000,2.0402,2.0405,0
3143,0.0000,0.0000,1.9536,1.9539,0
3144,0.0000,0.0000,9.0120,9.0123,0
3145,0.0000,0.0000,1.9981,1.9984,0
3146,0.0000,0.0000,2.0278,2.0281,0
3147,0.0000,0.0000,1.9865,1.9868,0
3148,0.0000,0.0000,1.9912,1.9915,0
3149,0.0000,0.0000,9.0445,9.0448,0
3150,0.0000,0.0000,2.0010,2.0013,0
3151,0.0000,0.0000,2.0023,2.0026,0
3152,0.0000,0.0000,1.9727,1.9730,0
3153,0.0000,0.0000,2.0642,2.0645,0
3154,0.0000,0.0000,8.9811,8.9814,0
3155,0.0000,0.0000,1.9536,1.9539,0
3156,0.0000,0.0000,2.0019,2.0022,0
3157,0.0000,0.0000,1.9689,1.9692,0
3158,0.0000,0.0000,1.9715,1.9718,0
3159,0.0000,0.0000,9.0145,9.0148,0
3160,0.0000,0.0000,2.0047,2.0051,0
3161,0.0000,0.0000,1.9867,1.9870,0
3162,0.0000,0.0000,1.9072,1.9076,0
3163,0.0000,0.0000,2.0599,2.0602,0
3164,0.0000,0.0000,8.9747,8.9750,0
3165,0.0000,0.0000,1.9966,1.9969,0
3166,0.0000,0.0000,2.0112,2.0115,0
3167,0.0000,0.0000,1.9076,1.9079,0
3168,0.0000,0.0000,2.0609,2.0612,0
3169,0.0000,0.0000,9.0351,9.0354,0
3170,0.0000,0.0000,2.0116,2.0119,0
3171,0.0000,0.0000,2.0115,2.0118,0
3172,0.0000,0.0000,1.9105,1.9108,0
3173,0.0000,0.0000,8.9723,8.9726,0
3174,0.0000,0.0000,1.9869,1.9872,0
3175,0.0000,0.0000,2.0000,2.0003,0
3176,0.0000,0.0000,1.9961,1.9964,0
3177,0.0000,0.0000,2.0696,2.0699,0
3178,0.0000,0.0000,9.1173,9.1176,0
3179,0.0000,0.0000,2.0175,2.0178,0
3180,0.0000,0.0000,1.9976,1.9979,0
3181,0.0000,0.0000,1.9836,1.9839,0
3182,0.0000,0.0000,1.9882,1.9885,0
3183,0.0000,0.0000,9.0570,9.0573,0
3184,0.0000,0.0000,1.9994,1.9997,0
3185,0.0000,0.0000,1.9929,1.9932,0
3186,0.0000,0.0000,1.9231,1.9234,0
3187,0.0000,0.0000,2.1895,2.1898,0
3188,0.0000,0.0000,8.7694,8.7697,0
3189,0.0000,0.0000,2.0064,2.0067,0
3190,0.0000,0.0000,2.0126,2.0129,0
3191,0.0000,0.0000,1.9039,1.9042,0
3192,0.0000,0.0000,2.0303,2.0306,0
3193,0.0000,0.0000,8.9689,8.9692,0
3194,0.0000,0.0000,2.0153,2.0156,0
3195,0.0000,0.0000,2.0101,2.0105,0
3196,0.0000,0.0000,1.9056,1.9059,0
3197,0.0000,0.0000,2.0593,2.0596,0
3198,0.0000,0.0000,9.0348,9.0351,0
3199,0.0000,0.0000,2.0064,2.0067,0
3200,0.0000,0.0000,2.0059,2.0062,0
3201,0.0000,0.0000,1.8965,1.8968,0
3202,0.0000,0.0000,9.0042,9.0045,0
3203,0.0000,0.0000,1.9871,1.9874,0
3204,0.0000,0.0000,2.0163,2.0166,0
3205,0.0000,0.0000,2.0176,2.0179,0
3206,0.0000,0.0000,1.9548,1.9551,0
3207,0.0000,0.0000,9.0115,9.0118,0
3208,0.0000,0.0000,2.0505,2.0508,0
3209,0.0000,0.0000,1.9709,1.9712,0
3210,0.0000,0.0000,1.9884,1.9887,0
3211,0.0000,0.0000,1.9993,1.9996,0
3212,0.0000,0.0000,9.1506,9.1509,0
3213,0.0000,0.0000,2.0335,2.0339,0
3214,0.0000,0.0000,1.9703,1.9706,0
3215,0.0000,0.0000,1.9689,1.9692,0
3216,0.0000,0.0000,2.0018,2.0021,0
3217,0.0000,0.0000,8.8765,8.8768,0
3218,0.0000,0.0000,2.0044,2.0047,0
3219,0.0000,0.0000,2.0648,2.0651,0
3220,0.0000,0.0000,1.9043,1.9046,0
3221,0.0000,0.0000,2.0140,2.0143,0
3222,0.0000,0.0000,8.9104,8.9107,0
3223,0.0000,0.0000,2.0044,2.0047,0
3224,0.0000,0.0000,1.9910,1.9913,0
3225,0.0000,0.0000,1.9171,1.9174,0
3226,0.0000,0.0000,2.0874,2.0877,0
3227,0.0000,0.0000,8.9755,8.9758,0
3228,0.0000,0.0000,2.0005,2.0008,0
3229,0.0000,0.0000,2.0092,2.0095,0
3230,0.0000,0.0000,1.9412,1.9415,0
3231,0.0000,0.0000,9.0842,9.0845,0
3232,0.0000,0.0000,1.9463,1.9466,0
3233,0.0000,0.0000,1.9896,1.9899,0
3234,0.0000,0.0000,2.0000,2.0003,0
3235,0.0000,0.0000,1.9592,1.9595,0
3236,0.0000,0.0000,9.0421,9.0424,0
3237,0.0000,0.0000,2.0120,2.0123,0
3238,0.0000,0.0000,2.0018,2.0022,0
3239,0.0000,0.0000,2.0285,2.0288,0
3240,0.0000,0.0000,1.9617,1.9620,0
3241,0.0000,0.0000,9.1476,9.1479,0
3242,0.0000,0.0000,2.0279,2.0282,0
3243,0.0000,0.0000,1.9811,1.9814,0
3244,0.0000,0.0000,1.9826,1.9829,0
3245,0.0000,0.0000,2.0014,2.0017,0
3246,0.0000,0.0000,8.9040,8.9043,0
3247,0.0000,0.0000,2.0016,2.0019,0
3248,0.0000,0.0000,2.0515,2.0517,0
3249,0.0000,0.0000,1.9259,1.9263,0
3250,0.0000,0.0000,1.9410,1.9413,0
3251,0.0000,0.0000,8.9792,8.9795,0
3252,0.0000,0.0000,1.9750,1.9753,0
3253,0.0000,0.0000,1.9865,1.9868,0
3254,0.0000,0.0000,1.9663,1.9666,0
3255,0.0000,0.0000,2.0351,2.0354,0
3256,0.0000,0.0000,9.0065,9.0068,0
3257,0.0000,0.0000,1.9964,1.9967,0
3258,0.0000,0.0000,1.9977,1.9980,0
3259,0.0000,0.0000,1.9389,1.9392,0
3260,0.0000,0.0000,2.0660,2.0663,0
3261,0.0000,0.0000,8.9330,8.9333,0
3262,0.0000,0.0000,2.0022,2.0025,0
3263,0.0000,0.0000,1.9885,1.9888,0
3264,0.0000,0.0000,1.9167,1.9170,0
3265,0.0000,0.0000,9.0113,9.0117,0
3266,0.0000,0.0000,2.0099,2.0102,0
3267,0.0000,0.0000,2.0287,2.0290,0
3268,0.0000,0.0000,2.0623,2.0626,0
3269,0.0000,0.0000,1.9256,1.9259,0
3270,0.0000,0.0000,9.1258,9.1261,0
3271,0.0000,0.0000,1.9953,1.9956,0
3272,0.0000,0.0000,2.0079,2.0082,0
3273,0.0000,0.0000,1.9958,1.9961,0
3274,0.0000,0.0000,1.9916,1.9919,0
3275,0.0000,0.0000,9.0381,9.0385,0
3276,0.0000,0.0000,1.8777,1.8780,0
3277,0.0000,0.0000,2.0538,2.0541,0
3278,0.0000,0.0000,1.9548,1.9551,0
3279,0.0000,0.0000,2.0070,2.0073,0
3280,0.0000,0.0000,9.1748,9.1751,0
3281,0.0000,0.0000,1.7995,1.7998,0
3282,0.0000,0.0000,1.9590,1.9593,0
3283,0.0000,0.0000,1.9746,1.9749,0
3284,0.0000,0.0000,2.0384,2.0387,0
3285,0.0000,0.0000,8.9922,8.9925,0
3286,0.0000,0.0000,2.0370,2.0373,0
3287,0.0000,0.0000,1.9418,1.9421,0
3288,0.0000,0.0000,1.9512,1.9515,0
3289,0.0000,0.0000,2.0506,2.0509,0
3290,0.0000,0.0000,8.9327,8.9330,0
3291,0.0000,0.0000,1.9965,1.9968,0
3292,0.0000,0.0000,2.0394,2.0397,0
3293,0.0000,0.0000,1.8606,1.8609,0
3294,0.0000,0.0000,8.9989,8.9992,0
3295,0.0000,0.0000,1.9451,1.9454,0
3296,0.0000,0.0000,1.9990,1.9993,0
3297,0.0000,0.0000,2.0153,2.0156,0
3298,0.0000,0.0000,1.9243,1.9246,0
3299,0.0000,0.0000,9.1442,9.1445,0
3300,0.0000,0.0000,1.9931,1.9934,0
3301,0.0000,0.0000,2.0331,2.0334,0
3302,0.0000,0.0000,1.9735,1.9738,0
3303,0.0000,0.0000,1.9713,1.9716,0
3304,0.0000,0.0000,8.9932,8.9935,0
3305,0.0000,0.0000,1.9837,1.9840,0
3306,0.0000,0.0000,1.9832,1.9835,0
3307,0.0000,0.0000,2.0115,2.0118,0
3308,0.0000,0.0000,1.9425,1.9428,0
3309,0.0000,0.0000,9.1229,9.1232,0
3310,0.0000,0.0000,2.0105,2.0108,0
3311,0.0000,0.0000,2.0033,2.0036,0
3312,0.0000,0.0000,2.0494,2.0497,0
3313,0.0000,0.0000,1.9106,1.9109,0
3314,0.0000,0.0000,9.0118,9.0122,0
3315,0.0000,0.0000,1.9932,1.9935,0
3316,0.0000,0.0000,2.0257,2.0260,0
3317,0.0000,0.0000,1.8531,1.8534,0
3318,0.0000,0.0000,2.0596,2.0599,0
3319,0.0000,0.0000,9.0141,9.0144,0
3320,0.0000,0.0000,1.9991,1.9994,0
3321,0.0000,0.0000,1.9987,1.9990,0
3322,0.0000,0.0000,1.8955,1.8958,0
3323,0.0000,0.0000,2.0727,2.0730,0
3324,0.0000,0.0000,8.8759,8.8762,0
3325,0.0000,0.0000,2.0148,2.0151,0
3326,0.0000,0.0000,1.9988,1.9991,0
3327,0.0000,0.0000,1.9189,1.9192,0
3328,0.0000,0.0000,9.0979,9.0982,0
3329,0.0000,0.0000,1.9906,1.9909,0
3330,0.0000,0.0000,2.0083,2.0086,0
3331,0.0000,0.0000,2.0516,2.0519,0
3332,0.0000,0.0000,1.8746,1.8749,0
3333,0.0000,0.0000,9.1921,9.1924,0
3334,0.0000,0.0000,1.9605,1.9608,0
3335,0.0000,0.0000,1.9918,1.9921,0
3336,0.0000,0.0000,1.9664,1.9667,0
3337,0.0000,0.0000,2.0016,2.0019,0
3338,0.0000,0.0000,9.2111,9.2114,0
3339,0.0000,0.0000,1.9424,1.9427,0
3340,0.0000,0.0000,1.9717,1.9719,0
3341,0.0000,0.0000,1.9742,1.9745,0
3342,0.0000,0.0000,2.0000,2.0003,0
3343,0.0000,0.0000,9.0250,9.0253,0
3344,0.0000,0.0000,2.0065,2.0068,0
3345,0.0000,0.0000,2.0242,2.0245,0
3346,0.0000,0.0000,1.9399,1.9402,0
3347,0.0000,0.0000,2.0543,2.0546,0
3348,0.0000,0.0000,8.9512,8.9515,0
3349,0.0000,0.0000,1.9773,1.9776,0
3350,0.0000,0.0000,2.0325,2.0328,0
3351,0.0000,0.0000,1.9162,1.9165,0
3352,0.0000,0.0000,2.0438,2.0441,0
3353,0.0000,0.0000,8.9036,8.9039,0
3354,0.0000,0.0000,2.0034,2.0037,0
3355,0.0000,0.0000,2.0313,2.0316,0
3356,0.0000,0.0000,1.9070,1.9073,0
3357,0.0000,0.0000,9.0697,9.0700,0
3358,0.0000,0.0000,2.0095,2.0098,0
3359,0.0000,0.0000,2.0064,2.0067,0
3360,0.0000,0.0000,2.0459,2.0463,0
3361,0.0000,0.0000,1.9572,1.9575,0
3362,0.0000,0.0000,9.0879,9.0882,0
3363,0.0000,0.0000,2.0055,2.0058,0
3364,0.0000,0.0000,2.0280,2.0283,0
3365,0.0000,0.0000,1.8811,1.8814,0
3366,0.0000,0.0000,1.9906,1.9909,0
3367,0.0000,0.0000,9.0938,9.0941,0
3368,0.0000,0.0000,2.0055,2.0058,0
3369,0.0000,0.0000,2.0011,2.0014,0
3370,0.0000,0.0000,2.0747,2.0750,0
3371,0.0000,0.0000,1.8788,1.8791,0
3372,0.0000,0.0000,9.0483,9.0486,0
3373,0.0000,0.0000,1.9957,1.9960,0
3374,0.0000,0.0000,2.0123,2.0126,0
3375,0.0000,0.0000,1.9159,1.9162,0
3376,0.0000,0.0000,2.0558,2.0561,0
3377,0.0000,0.0000,8.9414,8.9417,0
3378,0.0000,0.0000,1.9964,1.9967,0
3379,0.0000,0.0000,1.9907,1.9910,0
3380,0.0000,0.0000,1.9483,1.9486,0
3381,0.0000,0.0000,2.0251,2.0254,0
3382,0.0000,0.0000,8.7692,8.7695,0
3383,0.0000,0.0000,1.9874,1.9877,0
3384,0.0000,0.0000,2.0011,2.0014,0
3385,0.0000,0.0000,2.0334,2.0337,0
3386,0.0000,0.0000,9.1045,9.1048,0
3387,0.0000,0.0000,2.0080,2.0083,0
3388,0.0000,0.0000,1.9890,1.9893,0
3389,0.0000,0.0000,1.9319,1.9322,0
3390,0.0000,0.0000,2.0156,2.0159,0
3391,0.0000,0.0000,9.0869,9.0872,0
3392,0.0000,0.0000,2.0176,2.0179,0
3393,0.0000,0.0000,1.9958,1.9961,0
3394,0.0000,0.0000,2.0036,2.0039,0
3395,0.0000,0.0000,1.9564,1.9567,0
3396,0.0000,0.0000,8.9918,8.9921,0
3397,0.0000,0.0000,2.0029,2.0032,0
3398,0.0000,0.0000,1.9966,1.9969,0
3399,0.0000,0.0000,1.9491,1.9494,0
3400,0.0000,0.0000,2.0452,2.0455,0
3401,0.0000,0.0000,9.0107,9.0110,0
3402,0.0000,0.0000,2.0081,2.0084,0
3403,0.0000,0.0000,2.0230,2.0233,0
3404,0.0000,0.0000,1.9234,1.9237,0
3405,0.0000,0.0000,2.0585,2.0588,0
3406,0.0000,0.0000,8.9516,8.9519,0
3407,0.0000,0.0000,2.0041,2.0044,0
3408,0.0000,0.0000,2.0009,2.0012,0
3409,0.0000,0.0000,1.9024,1.9027,0
3410,0.0000,0.0000,2.0760,2.0762,0
3411,0.0000,0.0000,8.8539,8.8542,0
3412,0.0000,0.0000,1.9995,1.9998,0
3413,0.0000,0.0000,1.9965,1.9968,0
3414,0.0000,0.0000,1.9555,1.9558,0
3415,0.0000,0.0000,9.1566,9.1569,0
3416,0.0000,0.0000,1.9944,1.9947,0
3417,0.0000,0.0000,2.0001,2.0004,0
3418,0.0000,0.0000,2.0064,2.0067,0
3419,0.0000,0.0000,1.9065,1.9068,0
3420,0.0000,0.0000,9.0433,9.0436,0
3421,0.0000,0.0000,2.0072,2.0075,0
3422,0.0000,0.0000,1.9987,1.9990,0
3423,0.0000,0.0000,2.0361,2.0364,0
3424,0.0000,0.0000,1.9126,1.9129,0
3425,0.0000,0.0000,9.1150,9.1153,0
3426,0.0000,0.0000,2.0060,2.0063,0
3427,0.0000,0.0000,2.0020,2.0023,0
3428,0.0000,0.0000,1.9377,1.9380,0
3429,0.0000,0.0000,1.9448,1.9451,0
3430,0.0000,0.0000,8.9894,8.9897,0
3431,0.0000,0.0000,1.9691,1.9694,0
3432,0.0000,0.0000,2.0392,2.0395,0
3433,0.0000,0.0000,1.9649,1.9653,0
3434,0.0000,0.0000,2.0479,2.0482,0
3435,0.0000,0.0000,8.9467,8.9470,0
3436,0.0000,0.0000,1.9990,1.9993,0
3437,0.0000,0.0000,2.0122,2.0125,0
3438,0.0000,0.0000,1.9229,1.9232,0
3439,0.0000,0.0000,2.0202,2.0205,0
3440,0.0000,0.0000,9.0015,9.0018,0
3441,0.0000,0.0000,1.9090,1.9093,0
3442,0.0000,0.0000,2.0222,2.0225,0
3443,0.0000,0.0000,1.9052,1.9055,0
3444,0.0000,0.0000,2.0413,2.0416,0
3445,0.0000,0.0000,9.0104,9.0107,0
3446,0.0000,0.0000,1.9755,1.9758,0
3447,0.0000,0.0000,2.0752,2.0755,0
3448,0.0000,0.0000,1.8815,1.8818,0
3449,0.0000,0.0000,9.1320,9.1323,0
3450,0.0000,0.0000,1.8815,1.8818,0
3451,0.0000,0.0000,2.0075,2.0078,0
3452,0.0000,0.0000,2.0157,2.0160,0
3453,0.0000,0.0000,1.9577,1.9580,0
3454,0.0000,0.0000,9.0175,9.0178,0
3455,0.0000,0.0000,2.0106,2.0109,0
3456,0.0000,0.0000,2.0086,2.0089,0
3457,0.0000,0.0000,2.0047,2.0050,0
3458,0.0000,0.0000,1.9838,1.9841,0
3459,0.0000,0.0000,9.1198,9.1201,0
3460,0.0000,0.0000,1.9985,1.9988,0
3461,0.0000,0.0000,2.0054,2.0057,0
3462,0.0000,0.0000,1.9974,1.9978,0
3463,0.0000,0.0000,2.0721,2.0724,0
3464,0.0000,0.0000,8.9362,8.9365,0
3465,0.0000,0.0000,1.9260,1.9263,0
3466,0.0000,0.0000,1.9998,2.0001,0
3467,0.0000,0.0000,1.9762,1.9765,0
3468,0.0000,0.0000,2.0028,2.0031,0
3469,0.0000,0.0000,8.9623,8.9626,0
3470,0.0000,0.0000,1.9943,1.9946,0
3471,0.0000,0.0000,1.9860,1.9864,0
3472,0.0000,0.0000,1.9166,1.9169,0
3473,0.0000,0.0000,2.0427,2.0430,0
3474,0.0000,0.0000,9.0036,9.0039,0
3475,0.0000,0.0000,2.0145,2.0148,0
3476,0.0000,0.0000,2.0273,2.0276,0
3477,0.0000,0.0000,1.8682,1.8685,0
3478,0.0000,0.0000,2.1042,2.1045,0
3479,0.0000,0.0000,8.9255,8.9258,0
3480,0.0000,0.0000,1.9883,1.9886,0
3481,0.0000,0.0000,2.0232,2.0235,0
3482,0.0000,0.0000,1.9052,1.9055,0
3483,0.0000,0.0000,8.9670,8.9673,0
3484,0.0000,0.0000,2.0011,2.0014,0
3485,0.0000,0.0000,2.0485,2.0488,0
3486,0.0000,0.0000,1.9726,1.9729,0
3487,0.0000,0.0000,1.9155,1.9158,0
3488,0.0000,0.0000,9.2550,9.2553,0
3489,0.0000,0.0000,1.9987,1.9990,0
3490,0.0000,0.0000,1.9943,1.9946,0
3491,0.0000,0.0000,1.9959,1.9962,0
3492,0.0000,0.0000,1.9926,1.9929,0
3493,0.0000,0.0000,9.0643,9.0646,0
3494,0.0000,0.0000,2.0010,2.0013,0
3495,0.0000,0.0000,2.0038,2.0041,0
3496,0.0000,0.0000,1.9562,1.9565,0
3497,0.0000,0.0000,2.0118,2.0121,0
3498,0.0000,0.0000,8.9112,8.9115,0
3499,0.0000,0.0000,2.0018,2.0021,0
3500,0.0000,0.0000,2.0070,2.0074,0
3501,0.0000,0.0000,1.9731,1.9734,0
3502,0.0000,0.0000,2.0038,2.0041,0
3503,0.0000,0.0000,8.9687,8.9690,0
3504,0.0000,0.0000,1.9900,1.9903,0
3505,0.0000,0.0000,2.0073,2.0076,0
3506,0.0000,0.0000,1.9752,1.9755,0
3507,0.0000,0.0000,2.0461,2.0464,0
3508,0.0000,0.0000,8.8757,8.8761,0
3509,0.0000,0.0000,2.0371,2.0374,0
3510,0.0000,0.0000,1.9808,1.9811,0
3511,0.0000,0.0000,1.9514,1.9517,0
3512,0.0000,0.0000,9.0177,9.0180,0
3513,0.0000,0.0000,1.9939,1.9943,0
3514,0.0000,0.0000,2.0056,2.0059,0
3515,0.0000,0.0000,2.0117,2.0120,0
3516,0.0000,0.0000,1.9575,1.9578,0
3517,0.0000,0.0000,9.2049,9.2052,0
3518,0.0000,0.0000,1.9823,1.9826,0
3519,0.0000,0.0000,2.0159,2.0162,0
3520,0.0000,0.0000,1.9860,1.9863,0
3521,0.0000,0.0000,2.0055,2.0058,0
3522,0.0000,0.0000,9.0444,9.0447,0
3523,0.0000,0.0000,1.9908,1.9911,0
3524,0.0000,0.0000,2.0706,2.0709,0
3525,0.0000,0.0000,1.9340,1.9343,0
3526,0.0000,0.0000,2.0037,2.0041,0
3527,0.0000,0.0000,8.9410,8.9413,0
3528,0.0000,0.0000,1.9414,1.9417,0
3529,0.0000,0.0000,2.0362,2.0365,0
3530,0.0000,0.0000,1.9462,1.9465,0
3531,0.0000,0.0000,2.0908,2.0911,0
3532,0.0000,0.0000,8.9436,8.9439,0
3533,0.0000,0.0000,1.9812,1.9815,0
3534,0.0000,0.0000,2.0325,2.0328,0
3535,0.0000,0.0000,1.9050,1.9053,0
3536,0.0000,0.0000,2.0651,2.0654,0
3537,0.0000,0.0000,8.9330,8.9333,0
3538,0.0000,0.0000,1.9644,1.9647,0
3539,0.0000,0.0000,2.0420,2.0423,0
3540,0.0000,0.0000,1.9133,1.9136,0
3541,0.0000,0.0000,9.0165,9.0168,0
3542,0.0000,0.0000,1.9930,1.9934,0
3543,0.0000,0.0000,1.9920,1.9923,0
3544,0.0000,0.0000,2.0130,2.0133,0
3545,0.0000,0.0000,1.9455,1.9458,0
3546,0.0000,0.0000,9.1494,9.1497,0
3547,0.0000,0.0000,2.0079,2.0082,0
3548,0.0000,0.0000,2.0014,2.0017,0
3549,0.0000,0.0000,1.9906,1.9909,0
3550,0.0000,0.0000,1.9826,1.9829,0
3551,0.0000,0.0000,9.0101,9.0104,0
3552,0.0000,0.0000,2.0021,2.0024,0
3553,0.0000,0.0000,2.0101,2.0104,0
3554,0.0000,0.0000,1.9843,1.9846,0
3555,0.0000,0.0000,2.0082,2.0085,0
3556,0.0000,0.0000,8.9092,8.9095,0
3557,0.0000,0.0000,2.1251,2.1254,0
3558,0.0000,0.0000,1.8717,1.8720,0
3559,0.0000,0.0000,1.9742,1.9745,0
3560,0.0000,0.0000,2.0290,2.0293,0
3561,0.0000,0.0000,8.9602,8.9605,0
3562,0.0000,0.0000,2.0067,2.0070,0
3563,0.0000,0.0000,2.0077,2.0080,0
3564,0.0000,0.0000,1.9623,1.9626,0
3565,0.0000,0.0000,2.0698,2.0701,0
3566,0.0000,0.0000,8.9758,8.9761,0
3567,0.0000,0.0000,2.0055,2.0058,0
3568,0.0000,0.0000,2.0019,2.0022,0
3569,0.0000,0.0000,1.9036,1.9039,0
3570,0.0000,0.0000,8.9831,8.9834,0
3571,0.0000,0.0000,1.9994,1.9997,0
3572,0.0000,0.0000,2.0250,2.0253,0
3573,0.0000,0.0000,1.9799,1.9803,0
3574,0.0000,0.0000,1.9406,1.9409,0
3575,0.0000,0.0000,9.0323,9.0326,0
3576,0.0000,0.0000,2.0099,2.0102,0
3577,0.0000,0.0000,1.9989,1.9992,0
3578,0.0000,0.0000,2.0480,2.0484,0
3579,0.0000,0.0000,1.9383,1.9386,0
3580,0.0000,0.0000,9.0626,9.0629,0
3581,0.0000,0.0000,2.0002,2.0005,0
3582,0.0000,0.0000,1.9957,1.9960,0
3583,0.0000,0.0000,2.0197,2.0201,0
3584,0.0000,0.0000,1.9885,1.9888,0
3585,0.0000,0.0000,9.0063,9.0066,0
3586,0.0000,0.0000,2.0102,2.0105,0
3587,0.0000,0.0000,2.0507,2.0510,0
3588,0.0000,0.0000,1.9290,1.9293,0
3589,0.0000,0.0000,2.0109,2.0112,0
3590,0.0000,0.0000,8.8309,8.8312,0
3591,0.0000,0.0000,1.9952,1.9955,0
3592,0.0000,0.0000,2.0229,2.0232,0
3593,0.0000,0.0000,2.0040,2.0043,0
3594,0.0000,0.0000,2.0764,2.0767,0
3595,0.0000,0.0000,8.9720,8.9723,0
3596,0.0000,0.0000,1.9970,1.9973,0
3597,0.0000,0.0000,2.0398,2.0401,0
3598,0.0000,0.0000,1.8729,1.8732,0
3599,0.0000,0.0000,2.0581,2.0584,0
3600,0.0000,0.0000,8.9745,8.9748,0
3601,0.0000,0.0000,1.9906,1.9909,0
3602,0.0000,0.0000,2.0394,2.0397,0
3603,0.0000,0.0000,1.8398,1.8402,0
3604,0.0000,0.0000,9.1425,9.1428,0
3605,0.0000,0.0000,2.0009,2.0012,0
3606,0.0000,0.0000,2.0118,2.0121,0
3607,0.0000,0.0000,2.0127,2.0130,0
3608,0.0000,0.0000,1.9392,1.9395,0
3609,0.0000,0.0000,9.0916,9.0919,0
3610,0.0000,0.0000,2.0054,2.0057,0
3611,0.0000,0.0000,2.0005,2.0008,0
3612,0.0000,0.0000,1.9948,1.9951,0
3613,0.0000,0.0000,1.9825,1.9828,0
3614,0.0000,0.0000,9.1061,9.1064,0
3615,0.0000,0.0000,1.9968,1.9971,0
3616,0.0000,0.0000,2.0044,2.0047,0
3617,0.0000,0.0000,1.9777,1.9780,0
3618,0.0000,0.0000,2.0128,2.0131,0
3619,0.0000,0.0000,8.9996,8.9999,0
3620,0.0000,0.0000,2.0015,2.0018,0
3621,0.0000,0.0000,2.0090,2.0093,0
3622,0.0000,0.0000,1.9105,1.9108,0
3623,0.0000,0.0000,2.0833,2.0836,0
3624,0.0000,0.0000,8.9734,8.9737,0
3625,0.0000,0.0000,2.0036,2.0039,0
3626,0.0000,0.0000,1.9935,1.9938,0
3627,0.0000,0.0000,1.8715,1.8718,0
3628,0.0000,0.0000,2.1265,2.1268,0
3629,0.0000,0.0000,8.9091,8.9094,0
3630,0.0000,0.0000,2.0088,2.0091,0
3631,0.0000,0.0000,1.9997,2.0000,0
3632,0.0000,0.0000,1.9032,1.9035,0
3633,0.0000,0.0000,9.1462,9.1464,0
3634,0.0000,0.0000,2.0049,2.0052,0
3635,0.0000,0.0000,2.0065,2.0068,0
3636,0.0000,0.0000,2.0095,2.0098,0
3637,0.0000,0.0000,1.9466,1.9469,0
3638,0.0000,0.0000,9.0979,9.0982,0
3639,0.0000,0.0000,2.0015,2.0018,0
3640,0.0000,0.0000,1.9902,1.9904,0
3641,0.0000,0.0000,1.9599,1.9602,0
3642,0.0000,0.0000,2.0137,2.0140,0
3643,0.0000,0.0000,9.1125,9.1129,0
3644,0.0000,0.0000,2.0093,2.0096,0
3645,0.0000,0.0000,1.9961,1.9964,0
3646,0.0000,0.0000,1.9391,1.9394,0
3647,0.0000,0.0000,1.9879,1.9882,0
3648,0.0000,0.0000,9.0769,9.0772,0
3649,0.0000,0.0000,1.9078,1.9081,0
3650,0.0000,0.0000,2.0028,2.0031,0
3651,0.0000,0.0000,1.9563,1.9566,0
3652,0.0000,0.0000,2.0181,2.0184,0
3653,0.0000,0.0000,8.9597,8.9600,0
3654,0.0000,0.0000,1.9978,1.9981,0
3655,0.0000,0.0000,1.9778,1.9781,0
3656,0.0000,0.0000,1.9434,1.9437,0
3657,0.0000,0.0000,2.1969,2.1972,0
3658,0.0000,0.0000,8.8009,8.8012,0
3659,0.0000,0.0000,2.0403,2.0406,0
3660,0.0000,0.0000,1.9649,1.9652,0
3661,0.0000,0.0000,1.9380,1.9383,0
3662,0.0000,0.0000,9.0404,9.0407,0
3663,0.0000,0.0000,2.0086,2.0089,0
3664,0.0000,0.0000,2.0447,2.0450,0
3665,0.0000,0.0000,1.9823,1.9826,0
3666,0.0000,0.0000,1.9772,1.9775,0
3667,0.0000,0.0000,9.0166,9.0169,0
3668,0.0000,0.0000,2.0189,2.0192,0
3669,0.0000,0.0000,2.0466,2.0469,0
3670,0.0000,0.0000,1.9661,1.9664,0
3671,0.0000,0.0000,1.9948,1.9951,0
3672,0.0000,0.0000,9.0743,9.0746,0
3673,0.0000,0.0000,2.0303,2.0306,0
3674,0.0000,0.0000,1.9823,1.9826,0
3675,0.0000,0.0000,1.9618,1.9621,0
3676,0.0000,0.0000,2.0191,2.0194,0
3677,0.0000,0.0000,8.9952,8.9955,0
3678,0.0000,0.0000,2.0113,2.0116,0
3679,0.0000,0.0000,1.9630,1.9633,0
3680,0.0000,0.0000,1.9238,1.9241,0
3681,0.0000,0.0000,2.0452,2.0454,0
3682,0.0000,0.0000,8.8701,8.8704,0
3683,0.0000,0.0000,2.0395,2.0398,0
3684,0.0000,0.0000,1.9621,1.9624,0
3685,0.0000,0.0000,1.9555,1.9558,0
3686,0.0000,0.0000,2.0491,2.0494,0
3687,0.0000,0.0000,8.9347,8.9350,0
3688,0.0000,0.0000,2.0101,2.0103,0
3689,0.0000,0.0000,2.0031,2.0034,0
3690,0.0000,0.0000,1.9379,1.9382,0
3691,0.0000,0.0000,9.0922,9.0926,0
3692,0.0000,0.0000,3.3848,3.3851,0
3693,0.0000,0.0000,0.6362,0.6365,0
3694,0.0000,0.0000,5.2176,5.2180,0
3695,0.0000,0.0000,0.5831,0.5835,0
3696,0.0000,0.0000,6.8617,6.8621,0
3697,0.0000,0.0000,1.8737,1.8739,0
3698,0.0000,0.0000,2.0747,2.0750,0
3699,0.0000,0.0000,2.0050,2.0053,0
3700,0.0000,0.0000,1.9626,1.9629,0
3701,0.0000,0.0000,9.0048,9.0051,0
3702,0.0000,0.0000,2.0379,2.0382,0
3703,0.0000,0.0000,1.9644,1.9647,0
3704,0.0000,0.0000,2.0138,2.0141,0
3705,0.0000,0.0000,1.9745,1.9748,0
3706,0.0000,0.0000,9.1236,9.1239,0
3707,0.0000,0.0000,2.0651,2.0654,0
3708,0.0000,0.0000,1.9844,1.9847,0
3709,0.0000,0.0000,1.9607,1.9610,0
3710,0.0000,0.0000,1.9624,1.9627,0
3711,0.0000,0.0000,8.8412,8.8415,0
3712,0.0000,0.0000,2.0897,2.0900,0
3713,0.0000,0.0000,1.9937,1.9940,0
3714,0.0000,0.0000,1.9302,1.9305,0
3715,0.0000,0.0000,1.9990,1.9993,0
3716,0.0000,0.0000,8.9681,8.9684,0
3717,0.0000,0.0000,2.0105,2.0108,0
3718,0.0000,0.0000,2.0202,2.0206,0
3719,0.0000,0.0000,1.9170,1.9173,0
3720,0.0000,0.0000,2.0789,2.0792,0
3721,0.0000,0.0000,8.9473,8.9476,0
3722,0.0000,0.0000,2.0013,2.0016,0
3723,0.0000,0.0000,2.0131,2.0134,0
3724,0.0000,0.0000,2.0110,2.0113,0
3725,0.0000,0.0000,9.0763,9.0766,0
3726,0.0000,0.0000,1.9993,1.9996,0
3727,0.0000,0.0000,1.9991,1.9994,0
3728,0.0000,0.0000,2.0160,2.0163,0
3729,0.0000,0.0000,1.9121,1.9124,0
3730,0.0000,0.0000,9.0092,9.0095,0
3731,0.0000,0.0000,1.9877,1.9880,0
3732,0.0000,0.0000,2.0050,2.0053,0
3733,0.0000,0.0000,2.0308,2.0311,0
3734,0.0000,0.0000,1.9357,1.9360,0
3735,0.0000,0.0000,9.1630,9.1633,0
3736,0.0000,0.0000,2.0052,2.0055,0
3737,0.0000,0.0000,2.0037,2.0040,0
3738,0.0000,0.0000,1.9445,1.9448,0
3739,0.0000,0.0000,1.9818,1.9821,0
3740,0.0000,0.0000,8.7895,8.7898,0
3741,0.0000,0.0000,2.0829,2.0832,0
3742,0.0000,0.0000,2.0369,2.0372,0
3743,0.0000,0.0000,1.9550,1.9553,0
3744,0.0000,0.0000,2.0202,2.0206,0
3745,0.0000,0.0000,8.9012,8.9015,0
3746,0.0000,0.0000,2.0032,2.0035,0
3747,0.0000,0.0000,1.9889,1.9892,0
3748,0.0000,0.0000,1.9303,1.9306,0
3749,0.0000,0.0000,2.0032,2.0035,0
3750,0.0000,0.0000,8.9686,8.9689,0
3751,0.0000,0.0000,1.9391,1.9394,0
3752,0.0000,0.0000,2.0161,2.0164,0
3753,0.0000,0.0000,1.9574,1.9578,0
3754,0.0000,0.0000,2.2867,2.2870,0
3755,0.0000,0.0000,8.8089,8.8092,0
3756,0.0000,0.0000,1.9745,1.9748,0
3757,0.0000,0.0000,1.9926,1.9928,0
3758,0.0000,0.0000,1.9349,1.9352,0
3759,0.0000,0.0000,2.0739,2.0742,0
3760,0.0000,0.0000,8.9724,8.9727,0
3761,0.0000,0.0000,1.8782,1.8785,0
3762,0.0000,0.0000,2.1404,2.1407,0
3763,0.0000,0.0000,1.8483,1.8486,0
3764,0.0000,0.0000,9.1094,9.1097,0
3765,0.0000,0.0000,2.0063,2.0066,0
3766,0.0000,0.0000,1.9955,1.9958,0
3767,0.0000,0.0000,2.0250,2.0254,0
3768,0.0000,0.0000,1.9003,1.9006,0
3769,0.0000,0.0000,9.0847,9.0850,0
3770,0.0000,0.0000,2.0043,2.0046,0
3771,0.0000,0.0000,2.0760,2.0763,0
3772,0.0000,0.0000,1.9376,1.9379,0
3773,0.0000,0.0000,2.0021,2.0024,0
3774,0.0000,0.0000,9.0908,9.0911,0
3775,0.0000,0.0000,1.9956,1.9959,0
3776,0.0000,0.0000,2.0082,2.0085,0
3777,0.0000,0.0000,1.9811,1.9814,0
3778,0.0000,0.0000,2.0716,2.0719,0
3779,0.0000,0.0000,9.0386,9.0389,0
3780,0.0000,0.0000,1.9931,1.9934,0
3781,0.0000,0.0000,1.9988,1.9991,0
3782,0.0000,0.0000,1.9580,1.9583,0
3783,0.0000,0.0000,2.0104,2.0107,0
3784,0.0000,0.0000,8.9291,8.9294,0
3785,0.0000,0.0000,1.9979,1.9982,0
3786,0.0000,0.0000,2.0110,2.0114,0
3787,0.0000,0.0000,1.9473,1.9476,0
3788,0.0000,0.0000,8.9891,8.9894,0
3789,0.0000,0.0000,2.0526,2.0529,0
3790,0.0000,0.0000,1.9938,1.9941,0
3791,0.0000,0.0000,2.0116,2.0119,0
3792,0.0000,0.0000,1.9048,1.9051,0
3793,0.0000,0.0000,9.0974,9.0977,0
3794,0.0000,0.0000,2.0529,2.0532,0
3795,0.0000,0.0000,1.9901,1.9904,0
3796,0.0000,0.0000,1.9511,1.9514,0
3797,0.0000,0.0000,1.9772,1.9775,0
3798,0.0000,0.0000,9.0393,9.0396,0
3799,0.0000,0.0000,1.9927,1.9930,0
3800,0.0000,0.0000,2.0064,2.0067,0
3801,0.0000,0.0000,2.0220,2.0223,0
3802,0.0000,0.0000,1.9576,1.9578,0
3803,0.0000,0.0000,8.8326,8.8329,0
3804,0.0000,0.0000,2.0645,2.0648,0
3805,0.0000,0.0000,1.9709,1.9712,0
3806,0.0000,0.0000,1.9972,1.9975,0
3807,0.0000,0.0000,2.0004,2.0007,0
3808,0.0000,0.0000,8.9761,8.9764,0
3809,0.0000,0.0000,1.9971,1.9974,0
3810,0.0000,0.0000,2.0034,2.0037,0
3811,0.0000,0.0000,1.9608,1.9611,0
3812,0.0000,0.0000,2.0117,2.0120,0
3813,0.0000,0.0000,8.9050,8.9053,0
3814,0.0000,0.0000,2.0348,2.0351,0
3815,0.0000,0.0000,1.9620,1.9623,0
3816,0.0000,0.0000,1.9597,1.9601,0
3817,0.0000,0.0000,2.0211,2.0214,0
3818,0.0000,0.0000,8.9583,8.9586,0
3819,0.0000,0.0000,1.9974,1.9977,0
3820,0.0000,0.0000,2.0064,2.0067,0
3821,0.0000,0.0000,1.9143,1.9146,0
3822,0.0000,0.0000,2.0438,2.0441,0
3823,0.0000,0.0000,9.0797,9.0800,0
3824,0.0000,0.0000,1.9850,1.9853,0
3825,0.0000,0.0000,2.0049,2.0052,0
3826,0.0000,0.0000,1.9213,1.9216,0
3827,0.0000,0.0000,8.9408,8.9411,0
3828,0.0000,0.0000,2.0655,2.0658,0
3829,0.0000,0.0000,1.9990,1.9993,0
3830,0.0000,0.0000,2.0047,2.0050,0
3831,0.0000,0.0000,2.0423,2.0426,0
3832,0.0000,0.0000,9.0272,9.0275,0
3833,0.0000,0.0000,1.9995,1.9998,0
3834,0.0000,0.0000,1.9992,1.9995,0
3835,0.0000,0.0000,1.9574,1.9577,0
3836,0.0000,0.0000,2.0329,2.0332,0
3837,0.0000,0.0000,9.1170,9.1173,0
3838,0.0000,0.0000,1.9969,1.9972,0
3839,0.0000,0.0000,1.9983,1.9986,0
3840,0.0000,0.0000,1.9199,1.9202,0
3841,0.0000,0.0000,1.9702,1.9705,0
3842,0.0000,0.0000,8.8634,8.8637,0
3843,0.0000,0.0000,1.9958,1.9961,0
3844,0.0000,0.0000,1.9892,1.9895,0
3845,0.0000,0.0000,1.9174,1.9177,0
3846,0.0000,0.0000,2.0608,2.0611,0
3847,0.0000,0.0000,8.9638,8.9641,0
3848,0.0000,0.0000,2.0016,2.0019,0
3849,0.0000,0.0000,1.9990,1.9993,0
3850,0.0000,0.0000,1.9013,1.9017,0
3851,0.0000,0.0000,2.0566,2.0569,0
3852,0.0000,0.0000,9.0595,9.0598,0
3853,0.0000,0.0000,2.0152,2.0155,0
3854,0.0000,0.0000,2.0200,2.0203,0
3855,0.0000,0.0000,1.8950,1.8953,0
3856,0.0000,0.0000,8.9893,8.9896,0
3857,0.0000,0.0000,2.0683,2.0686,0
3858,0.0000,0.0000,1.9536,1.9539,0
3859,0.0000,0.0000,2.0547,2.0550,0
3860,0.0000,0.0000,1.9373,1.9376,0
3861,0.0000,0.0000,9.0786,9.0789,0
3862,0.0000,0.0000,2.0002,2.0005,0
3863,0.0000,0.0000,2.0039,2.0042,0
3864,0.0000,0.0000,1.9508,1.9512,0
3865,0.0000,0.0000,1.9822,1.9825,0
3866,0.0000,0.0000,9.1800,9.1803,0
3867,0.0000,0.0000,2.0147,2.0150,0
3868,0.0000,0.0000,2.0014,2.0018,0
3869,0.0000,0.0000,1.9472,1.9475,0
3870,0.0000,0.0000,2.0017,2.0020,0
3871,0.0000,0.0000,8.8616,8.8619,0
3872,0.0000,0.0000,2.0492,2.0495,0
3873,0.0000,0.0000,2.0070,2.0073,0
3874,0.0000,0.0000,1.9184,1.9187,0
3875,0.0000,0.0000,2.0285,2.0288,0
3876,0.0000,0.0000,8.9632,8.9635,0
3877,0.0000,0.0000,2.0110,2.0113,0
3878,0.0000,0.0000,2.0022,2.0025,0
3879,0.0000,0.0000,1.9237,1.9240,0
3880,0.0000,0.0000,2.0497,2.0500,0
3881,0.0000,0.0000,9.0466,9.0469,0
3882,0.0000,0.0000,2.0020,2.0022,0
3883,0.0000,0.0000,2.0069,2.0072,0
3884,0.0000,0.0000,1.9101,1.9104,0
3885,0.0000,0.0000,9.0800,9.0803,0
3886,0.0000,0.0000,2.0036,2.0039,0
3887,0.0000,0.0000,2.0075,2.0078,0
3888,0.0000,0.0000,1.9750,1.9753,0
3889,0.0000,0.0000,1.9211,1.9214,0
3890,0.0000,0.0000,9.0729,9.0732,0
3891,0.0000,0.0000,2.0058,2.0061,0
3892,0.0000,0.0000,1.9983,1.9986,0
3893,0.0000,0.0000,1.9967,1.9970,0
3894,0.0000,0.0000,1.9816,1.9819,0
3895,0.0000,0.0000,9.1238,9.1241,0
3896,0.0000,0.0000,2.0000,2.0003,0
3897,0.0000,0.0000,1.9783,1.9786,0
3898,0.0000,0.0000,1.9875,1.9878,0
3899,0.0000,0.0000,1.9940,1.9943,0
3900,0.0000,0.0000,8.8954,8.8957,0
3901,0.0000,0.0000,1.9985,1.9988,0
3902,0.0000,0.0000,1.9895,1.9898,0
3903,0.0000,0.0000,1.9699,1.9702,0
3904,0.0000,0.0000,2.0074,2.0077,0
3905,0.0000,0.0000,8.9927,8.9931,0
3906,0.0000,0.0000,1.9898,1.9901,0
3907,0.0000,0.0000,2.0193,2.0196,0
3908,0.0000,0.0000,1.9103,1.9106,0
3909,0.0000,0.0000,2.0536,2.0540,0
3910,0.0000,0.0000,9.0226,9.0229,0
3911,0.0000,0.0000,2.0011,2.0014,0
3912,0.0000,0.0000,2.0135,2.0138,0
3913,0.0000,0.0000,1.9192,1.9195,0
3914,0.0000,0.0000,9.0240,9.0243,0
3915,0.0000,0.0000,1.9940,1.9943,0
3916,0.0000,0.0000,2.0163,2.0166,0
3917,0.0000,0.0000,1.9976,1.9979,0
3918,0.0000,0.0000,1.9239,1.9242,0
3919,0.0000,0.0000,8.9693,8.9696,0
3920,0.0000,0.0000,1.9996,1.9999,0
3921,0.0000,0.0000,2.0120,2.0123,0
3922,0.0000,0.0000,1.9917,1.9920,0
3923,0.0000,0.0000,1.9640,1.9643,0
3924,0.0000,0.0000,9.1648,9.1651,0
3925,0.0000,0.0000,1.9958,1.9961,0
3926,0.0000,0.0000,1.9257,1.9260,0
3927,0.0000,0.0000,2.0343,2.0345,0
3928,0.0000,0.0000,2.0085,2.0088,0
3929,0.0000,0.0000,8.9439,8.9442,0
3930,0.0000,0.0000,2.0072,2.0075,0
3931,0.0000,0.0000,2.0155,2.0158,0
3932,0.0000,0.0000,2.0016,2.0019,0
3933,0.0000,0.0000,2.0528,2.0531,0
3934,0.0000,0.0000,8.9337,8.9340,0
3935,0.0000,0.0000,2.0344,2.0347,0
3936,0.0000,0.0000,2.0114,2.0117,0
3937,0.0000,0.0000,1.9126,1.9129,0
3938,0.0000,0.0000,2.0141,2.0144,0
3939,0.0000,0.0000,9.0186,9.0189,0
3940,0.0000,0.0000,1.9923,1.9926,0
3941,0.0000,0.0000,2.0592,2.0595,0
3942,0.0000,0.0000,1.8581,1.8584,0
3943,0.0000,0.0000,2.0508,2.0511,0
3944,0.0000,0.0000,8.9345,8.9348,0
3945,0.0000,0.0000,2.0001,2.0004,0
3946,0.0000,0.0000,2.0144,2.0147,0
3947,0.0000,0.0000,1.8964,1.8967,0
3948,0.0000,0.0000,8.9723,8.9726,0
3949,0.0000,0.0000,2.0774,2.0777,0
3950,0.0000,0.0000,1.9708,1.9711,0
3951,0.0000,0.0000,2.0196,2.0199,0
3952,0.0000,0.0000,1.7313,1.7316,0
3953,0.0000,0.0000,9.1375,9.1377,0
3954,0.0000,0.0000,2.0185,2.0187,0
3955,0.0000,0.0000,1.9893,1.9895,0
3956,0.0000,0.0000,1.9676,1.9678,0
3957,0.0000,0.0000,2.0146,2.0148,0
3958,0.0000,0.0000,8.8552,8.8554,0
3959,0.0000,0.0000,1.9606,1.9608,0
3960,0.0000,0.0000,2.0097,2.0100,0
3961,0.0000,0.0000,2.1462,2.1464,0
3962,0.0000,0.0000,2.0155,2.0158,0
3963,0.0000,0.0000,8.9792,8.9795,0
3964,0.0000,0.0000,1.9723,1.9726,0
3965,0.0000,0.0000,2.0172,2.0175,0
3966,0.0000,0.0000,1.9660,1.9663,0
3967,0.0000,0.0000,1.9976,1.9979,0
3968,0.0000,0.0000,9.0623,9.0626,0
3969,0.0000,0.0000,2.0082,2.0085,0
3970,0.0000,0.0000,1.9994,1.9997,0
3971,0.0000,0.0000,1.9329,1.9332,0
3972,0.0000,0.0000,2.0344,2.0347,0
3973,0.0000,0.0000,8.9740,8.9743,0
3974,0.0000,0.0000,2.0133,2.0136,0
3975,0.0000,0.0000,2.0074,2.0077,0
3976,0.0000,0.0000,1.9025,1.9028,0
3977,0.0000,0.0000,2.0950,2.0953,0
3978,0.0000,0.0000,8.8272,8.8275,0
3979,0.0000,0.0000,2.0074,2.0077,0
3980,0.0000,0.0000,2.0055,2.0058,0
3981,0.0000,0.0000,1.9588,1.9591,0
3982,0.0000,0.0000,9.0678,9.0681,0
3983,0.0000,0.0000,1.9996,1.9999,0
3984,0.0000,0.0000,2.0564,2.0567,0
3985,0.0000,0.0000,2.0161,2.0164,0
3986,0.0000,0.0000,1.8616,1.8619,0
3987,0.0000,0.0000,9.0039,9.0042,0
3988,0.0000,0.0000,2.0477,2.0480,0
3989,0.0000,0.0000,1.9619,1.9622,0
3990,0.0000,0.0000,1.9806,1.9809,0
3991,0.0000,0.0000,1.9870,1.9873,0
3992,0.0000,0.0000,9.0063,9.0065,0
3993,0.0000,0.0000,2.0372,2.0375,0
3994,0.0000,0.0000,1.9742,1.9745,0
3995,0.0000,0.0000,1.9732,1.9735,0
3996,0.0000,0.0000,2.0046,2.0049,0
3997,0.0000,0.0000,8.9739,8.9742,0
3998,0.0000,0.0000,2.0059,2.0062,0
3999,0.0000,0.0000,2.0034,2.0037,0
4000,0.0000,0.0000,1.9755,1.9758,0
4001,0.0000,0.0000,1.9849,1.9852,0
4002,0.0000,0.0000,8.9073,8.9076,0
4003,0.0000,0.0000,2.0852,2.0855,0
4004,0.0000,0.0000,1.9115,1.9118,0
4005,0.0000,0.0000,1.9540,1.9543,0
4006,0.0000,0.0000,2.0303,2.0306,0
4007,0.0000,0.0000,8.9184,8.9187,0
4008,0.0000,0.0000,1.9788,1.9791,0
4009,0.0000,0.0000,1.9985,1.9988,0
4010,0.0000,0.0000,1.9607,1.9610,0
4011,0.0000,0.0000,2.0206,2.0209,0
4012,0.0000,0.0000,8.9535,8.9538,0
4013,0.0000,0.0000,1.9959,1.9962,0
4014,0.0000,0.0000,2.0025,2.0028,0
4015,0.0000,0.0000,1.8732,1.8735,0
4016,0.0000,0.0000,2.1089,2.1092,0
4017,0.0000,0.0000,8.9130,8.9133,0
4018,0.0000,0.0000,2.0017,2.0019,0
4019,0.0000,0.0000,2.0054,2.0057,0
4020,0.0000,0.0000,1.9361,1.9364,0
4021,0.0000,0.0000,8.9939,8.9942,0
4022,0.0000,0.0000,2.0042,2.0045,0
4023,0.0000,0.0000,1.9920,1.9923,0
4024,0.0000,0.0000,2.0169,2.0173,0
4025,0.0000,0.0000,1.9045,1.9048,0
4026,0.0000,0.0000,9.1107,9.1110,0
4027,0.0000,0.0000,1.9952,1.9955,0
4028,0.0000,0.0000,2.0153,2.0156,0
4029,0.0000,0.0000,1.9490,1.9493,0
4030,0.0000,0.0000,1.9782,1.9785,0
4031,0.0000,0.0000,9.0785,9.0788,0
4032,0.0000,0.0000,1.9973,1.9976,0
4033,0.0000,0.0000,1.9954,1.9957,0
4034,0.0000,0.0000,1.9577,1.9580,0
4035,0.0000,0.0000,2.0009,2.0012,0
4036,0.0000,0.0000,8.8759,8.8762,0
4037,0.0000,0.0000,1.9977,1.9980,0
4038,0.0000,0.0000,1.9966,1.9969,0
4039,0.0000,0.0000,1.9643,1.9646,0
4040,0.0000,0.0000,2.1132,2.1135,0
4041,0.0000,0.0000,8.9710,8.9713,0
4042,0.0000,0.0000,2.0145,2.0148,0
4043,0.0000,0.0000,1.9852,1.9855,0
4044,0.0000,0.0000,1.9040,1.9043,0
4045,0.0000,0.0000,2.0196,2.0198,0
4046,0.0000,0.0000,8.9591,8.9594,0
4047,0.0000,0.0000,1.9694,1.9697,0
4048,0.0000,0.0000,1.9990,1.9993,0
4049,0.0000,0.0000,1.9479,1.9482,0
4050,0.0000,0.0000,1.9428,1.9431,0
4051,0.0000,0.0000,8.9370,8.9373,0
4052,0.0000,0.0000,2.0055,2.0058,0
4053,0.0000,0.0000,2.0100,2.0103,0
4054,0.0000,0.0000,1.8957,1.8960,0
4055,0.0000,0.0000,9.0397,9.0400,0
4056,0.0000,0.0000,2.0103,2.0106,0
4057,0.0000,0.0000,1.9863,1.9866,0
4058,0.0000,0.0000,2.0118,2.0121,0
4059,0.0000,0.0000,1.9031,1.9034,0
4060,0.0000,0.0000,9.2094,9.2097,0
4061,0.0000,0.0000,2.0060,2.0063,0
4062,0.0000,0.0000,2.0132,2.0135,0
4063,0.0000,0.0000,1.9647,1.9650,0
4064,0.0000,0.0000,1.9882,1.9885,0
4065,0.0000,0.0000,9.0620,9.0623,0
4066,0.0000,0.0000,1.8874,1.8877,0
4067,0.0000,0.0000,1.9783,1.9786,0
4068,0.0000,0.0000,1.9913,1.9916,0
4069,0.0000,0.0000,1.9944,1.9947,0
4070,0.0000,0.0000,8.9551,8.9554,0
4071,0.0000,0.0000,1.9875,1.9878,0
4072,0.0000,0.0000,2.0063,2.0066,0
4073,0.0000,0.0000,1.9437,1.9440,0
4074,0.0000,0.0000,2.0091,2.0094,0
4075,0.0000,0.0000,8.9699,8.9702,0
4076,0.0000,0.0000,1.9872,1.9875,0
4077,0.0000,0.0000,2.0072,2.0075,0
4078,0.0000,0.0000,1.9255,1.9258,0
4079,0.0000,0.0000,2.0423,2.0427,0
4080,0.0000,0.0000,8.7483,8.7486,0
4081,0.0000,0.0000,1.9683,1.9687,0
4082,0.0000,0.0000,2.0232,2.0235,0
4083,0.0000,0.0000,1.9576,1.9579,0
4084,0.0000,0.0000,2.0224,2.0227,0
4085,0.0000,0.0000,9.1042,9.1045,0
4086,0.0000,0.0000,1.9988,1.9991,0
4087,0.0000,0.0000,2.0132,2.0135,0
4088,0.0000,0.0000,1.8657,1.8660,0
4089,0.0000,0.0000,9.0464,9.0466,0
4090,0.0000,0.0000,2.0025,2.0028,0
4091,0.0000,0.0000,2.0103,2.0106,0
4092,0.0000,0.0000,2.0096,2.0099,0
4093,0.0000,0.0000,1.9563,1.9567,0
4094,0.0000,0.0000,9.0080,9.0083,0
4095,0.0000,0.0000,2.0471,2.0474,0
4096,0.0000,0.0000,1.9698,1.9701,0
4097,0.0000,0.0000,1.9606,1.9609,0
4098,0.0000,0.0000,1.9547,1.9550,0
4099,0.0000,0.0000,9.1887,9.1890,0
4100,0.0000,0.0000,2.0170,2.0173,0
4101,0.0000,0.0000,2.0050,2.0053,0
4102,0.0000,0.0000,1.9224,1.9228,0
4103,0.0000,0.0000,2.0124,2.0127,0
4104,0.0000,0.0000,8.9478,8.9481,0
4105,0.0000,0.0000,2.0133,2.0136,0
4106,0.0000,0.0000,2.0006,2.0009,0
4107,0.0000,0.0000,1.9809,1.9812,0
4108,0.0000,0.0000,1.9657,1.9660,0
4109,0.0000,0.0000,8.8854,8.8857,0
4110,0.0000,0.0000,1.9917,1.9920,0
4111,0.0000,0.0000,2.0647,2.0650,0
4112,0.0000,0.0000,1.9108,1.9111,0
4113,0.0000,0.0000,2.0811,2.0814,0
4114,0.0000,0.0000,9.0142,9.0145,0
4115,0.0000,0.0000,2.0037,2.0040,0
4116,0.0000,0.0000,2.0063,2.0066,0
4117,0.0000,0.0000,1.9093,1.9096,0
4118,0.0000,0.0000,2.0736,2.0739,0
4119,0.0000,0.0000,8.9516,8.9519,0
4120,0.0000,0.0000,2.0174,2.0177,0
4121,0.0000,0.0000,2.0064,2.0067,0
4122,0.0000,0.0000,1.8990,1.8993,0
4123,0.0000,0.0000,9.0456,9.0459,0
4124,0.0000,0.0000,2.0024,2.0027,0
4125,0.0000,0.0000,2.0181,2.0184,0
4126,0.0000,0.0000,1.9996,1.9999,0
4127,0.0000,0.0000,1.9658,1.9661,0
4128,0.0000,0.0000,8.9362,8.9365,0
4129,0.0000,0.0000,1.9805,1.9808,0
4130,0.0000,0.0000,2.0276,2.0279,0
4131,0.0000,0.0000,2.0237,2.0240,0
4132,0.0000,0.0000,1.9234,1.9237,0
4133,0.0000,0.0000,9.1280,9.1283,0
4134,0.0000,0.0000,2.0046,2.0049,0
4135,0.0000,0.0000,2.0127,2.0130,0
4136,0.0000,0.0000,1.9422,1.9425,0
4137,0.0000,0.0000,2.0010,2.0013,0
4138,0.0000,0.0000,8.9750,8.9753,0
4139,0.0000,0.0000,1.9573,1.9576,0
4140,0.0000,0.0000,1.9859,1.9861,0
4141,0.0000,0.0000,1.9353,1.9356,0
4142,0.0000,0.0000,2.0331,2.0334,0
4143,0.0000,0.0000,8.9903,8.9906,0
4144,0.0000,0.0000,2.0086,2.0089,0
4145,0.0000,0.0000,1.9911,1.9914,0
4146,0.0000,0.0000,1.9246,1.9249,0
4147,0.0000,0.0000,2.0634,2.0637,0
4148,0.0000,0.0000,8.9477,8.9480,0
4149,0.0000,0.0000,1.9976,1.9979,0
4150,0.0000,0.0000,1.9757,1.9760,0
4151,0.0000,0.0000,1.9349,1.9352,0
4152,0.0000,0.0000,2.0615,2.0618,0
4153,0.0000,0.0000,8.9828,8.9831,0
4154,0.0000,0.0000,1.9938,1.9941,0
4155,0.0000,0.0000,2.0021,2.0024,0
4156,0.0000,0.0000,1.9010,1.9013,0
4157,0.0000,0.0000,9.0801,9.0804,0
4158,0.0000,0.0000,2.0990,2.0993,0
4159,0.0000,0.0000,1.9614,1.9617,0
4160,0.0000,0.0000,2.0084,2.0087,0
4161,0.0000,0.0000,1.9315,1.9318,0
4162,0.0000,0.0000,9.1391,9.1394,0
4163,0.0000,0.0000,1.9757,1.9760,0
4164,0.0000,0.0000,2.0065,2.0068,0
4165,0.0000,0.0000,1.9564,1.9567,0
4166,0.0000,0.0000,1.9903,1.9906,0
4167,0.0000,0.0000,9.1162,9.1165,0
4168,0.0000,0.0000,1.9703,1.9706,0
4169,0.0000,0.0000,2.0159,2.0162,0
4170,0.0000,0.0000,1.9649,1.9652,0
4171,0.0000,0.0000,2.0328,2.0331,0
4172,0.0000,0.0000,9.0493,9.0497,0
4173,0.0000,0.0000,1.9990,1.9993,0
4174,0.0000,0.0000,2.0130,2.0133,0
4175,0.0000,0.0000,1.9268,1.9271,0
4176,0.0000,0.0000,2.0596,2.0599,0
4177,0.0000,0.0000,8.9507,8.9510,0
4178,0.0000,0.0000,1.9174,1.9177,0
4179,0.0000,0.0000,2.0908,2.0911,0
4180,0.0000,0.0000,1.8664,1.8667,0
4181,0.0000,0.0000,9.1168,9.1171,0
4182,0.0000,0.0000,1.9942,1.9945,0
4183,0.0000,0.0000,1.9912,1.9915,0
4184,0.0000,0.0000,2.0147,2.0150,0
4185,0.0000,0.0000,1.9111,1.9114,0
4186,0.0000,0.0000,9.0851,9.0854,0
4187,0.0000,0.0000,1.9978,1.9981,0
4188,0.0000,0.0000,2.0250,2.0253,0
4189,0.0000,0.0000,1.9148,1.9151,0
4190,0.0000,0.0000,2.0543,2.0546,0
4191,0.0000,0.0000,9.0207,9.0210,0
4192,0.0000,0.0000,1.9965,1.9968,0
4193,0.0000,0.0000,2.0372,2.0375,0
4194,0.0000,0.0000,1.9659,1.9662,0
4195,0.0000,0.0000,1.9931,1.9934,0
4196,0.0000,0.0000,8.8781,8.8784,0
4197,0.0000,0.0000,2.0077,2.0080,0
4198,0.0000,0.0000,1.9984,1.9987,0
4199,0.0000,0.0000,1.9656,1.9659,0
4200,0.0000,0.0000,2.0026,2.0029,0
4201,0.0000,0.0000,8.9644,8.9647,0
4202,0.0000,0.0000,2.0467,2.0470,0
4203,0.0000,0.0000,1.9601,1.9604,0
4204,0.0000,0.0000,1.9571,1.9574,0
4205,0.0000,0.0000,2.0471,2.0474,0
4206,0.0000,0.0000,8.9389,8.9392,0
4207,0.0000,0.0000,1.9620,1.9623,0
4208,0.0000,0.0000,2.0189,2.0192,0
4209,0.0000,0.0000,1.9383,1.9386,0
4210,0.0000,0.0000,2.0613,2.0617,0
4211,0.0000,0.0000,8.9212,8.9215,0
4212,0.0000,0.0000,2.0052,2.0055,0
4213,0.0000,0.0000,2.0069,2.0073,0
4214,0.0000,0.0000,1.9463,1.9466,0
4215,0.0000,0.0000,9.0506,9.0509,0
4216,0.0000,0.0000,1.9721,1.9724,0
4217,0.0000,0.0000,2.0050,2.0053,0
4218,0.0000,0.0000,2.0410,2.0413,0
4219,0.0000,0.0000,1.9434,1.9437,0
4220,0.0000,0.0000,9.1236,9.1239,0
4221,0.0000,0.0000,1.9706,1.9709,0
4222,0.0000,0.0000,1.9952,1.9955,0
4223,0.0000,0.0000,2.0421,2.0424,0
4224,0.0000,0.0000,1.9430,1.9433,0
4225,0.0000,0.0000,9.0766,9.0769,0
4226,0.0000,0.0000,1.9512,1.9515,0
4227,0.0000,0.0000,2.0069,2.0072,0
4228,0.0000,0.0000,1.9813,1.9816,0
4229,0.0000,0.0000,2.0030,2.0033,0
4230,0.0000,0.0000,8.9421,8.9424,0
4231,0.0000,0.0000,2.0358,2.0361,0
4232,0.0000,0.0000,1.9970,1.9973,0
4233,0.0000,0.0000,1.9357,1.9360,0
4234,0.0000,0.0000,2.0417,2.0420,0
4235,0.0000,0.0000,8.8936,8.8939,0
4236,0.0000,0.0000,1.9957,1.9960,0
4237,0.0000,0.0000,2.0063,2.0066,0
4238,0.0000,0.0000,1.9107,1.9110,0
4239,0.0000,0.0000,2.0323,2.0326,0
4240,0.0000,0.0000,9.0210,9.0213,0
4241,0.0000,0.0000,2.0060,2.0063,0
4242,0.0000,0.0000,1.9970,1.9973,0
4243,0.0000,0.0000,1.8580,1.8583,0
4244,0.0000,0.0000,2.0877,2.0880,0
4245,0.0000,0.0000,8.9265,8.9268,0
4246,0.0000,0.0000,2.0012,2.0015,0
4247,0.0000,0.0000,1.9981,1.9984,0
4248,0.0000,0.0000,1.9512,1.9515,0
4249,0.0000,0.0000,9.0165,9.0168,0
4250,0.0000,0.0000,2.0016,2.0019,0
4251,0.0000,0.0000,1.9895,1.9898,0
4252,0.0000,0.0000,2.0201,2.0204,0
4253,0.0000,0.0000,1.9717,1.9720,0
4254,0.0000,0.0000,9.0920,9.0923,0
4255,0.0000,0.0000,2.0086,2.0089,0
4256,0.0000,0.0000,2.0109,2.0112,0
4257,0.0000,0.0000,1.9835,1.9839,0
4258,0.0000,0.0000,1.9932,1.9935,0
4259,0.0000,0.0000,8.9959,8.9962,0
4260,0.0000,0.0000,2.0149,2.0152,0
4261,0.0000,0.0000,2.0028,2.0031,0
4262,0.0000,0.0000,1.9561,1.9564,0
4263,0.0000,0.0000,1.9990,1.9993,0
4264,0.0000,0.0000,8.9118,8.9121,0
4265,0.0000,0.0000,2.0303,2.0306,0
4266,0.0000,0.0000,1.9717,1.9720,0
4267,0.0000,0.0000,1.9752,1.9755,0
4268,0.0000,0.0000,1.9794,1.9797,0
4269,0.0000,0.0000,8.9886,8.9889,0
4270,0.0000,0.0000,1.9626,1.9629,0
4271,0.0000,0.0000,2.0530,2.0533,0
4272,0.0000,0.0000,1.9153,1.9156,0
4273,0.0000,0.0000,2.0423,2.0426,0
4274,0.0000,0.0000,8.9822,8.9825,0
4275,0.0000,0.0000,1.9615,1.9618,0
4276,0.0000,0.0000,1.9963,1.9966,0
4277,0.0000,0.0000,1.9146,1.9149,0
4278,0.0000,0.0000,2.0549,2.0552,0
4279,0.0000,0.0000,8.9464,8.9467,0
4280,0.0000,0.0000,2.0400,2.0403,0
4281,0.0000,0.0000,2.0211,2.0214,0
4282,0.0000,0.0000,1.8950,1.8953,0
4283,0.0000,0.0000,9.0515,9.0518,0
4284,0.0000,0.0000,2.0018,2.0021,0
4285,0.0000,0.0000,2.0703,2.0705,0
4286,0.0000,0.0000,2.0380,2.0383,0
4287,0.0000,0.0000,1.8899,1.8902,0
4288,0.0000,0.0000,8.9656,8.9659,0
4289,0.0000,0.0000,2.0306,2.0310,0
4290,0.0000,0.0000,2.1042,2.1045,0
4291,0.0000,0.0000,1.9428,1.9431,0
4292,0.0000,0.0000,2.0075,2.0078,0
4293,0.0000,0.0000,9.1660,9.1663,0
4294,0.0000,0.0000,1.9411,1.9414,0
4295,0.0000,0.0000,2.0083,2.0086,0
4296,0.0000,0.0000,1.9556,1.9559,0
4297,0.0000,0.0000,1.9885,1.9888,0
4298,0.0000,0.0000,8.9685,8.9688,0
4299,0.0000,0.0000,1.9884,1.9887,0
4300,0.0000,0.0000,2.0142,2.0145,0
4301,0.0000,0.0000,1.9116,1.9119,0
4302,0.0000,0.0000,2.0605,2.0608,0
4303,0.0000,0.0000,8.9850,8.9853,0
4304,0.0000,0.0000,2.0386,2.0389,0
4305,0.0000,0.0000,1.9742,1.9745,0
4306,0.0000,0.0000,1.9148,1.9151,0
4307,0.0000,0.0000,2.0928,2.0931,0
4308,0.0000,0.0000,8.8549,8.8552,0
4309,0.0000,0.0000,2.0145,2.0148,0
4310,0.0000,0.0000,2.0371,2.0374,0
4311,0.0000,0.0000,1.8632,1.8634,0
4312,0.0000,0.0000,8.9724,8.9727,0
4313,0.0000,0.0000,2.0197,2.0200,0
4314,0.0000,0.0000,2.0299,2.0302,0
4315,0.0000,0.0000,1.9760,1.9763,0
4316,0.0000,0.0000,1.9503,1.9507,0
4317,0.0000,0.0000,9.0240,9.0243,0
4318,0.0000,0.0000,2.0106,2.0109,0
4319,0.0000,0.0000,2.0327,2.0330,0
4320,0.0000,0.0000,1.9890,1.9893,0
4321,0.0000,0.0000,2.0051,2.0055,0
4322,0.0000,0.0000,8.9897,8.9900,0
4323,0.0000,0.0000,2.0443,2.0446,0
4324,0.0000,0.0000,1.9714,1.9717,0
4325,0.0000,0.0000,2.0033,2.0036,0
4326,0.0000,0.0000,1.9959,1.9962,0
4327,0.0000,0.0000,8.9382,8.9385,0
4328,0.0000,0.0000,2.0123,2.0126,0
4329,0.0000,0.0000,1.9653,1.9656,0
4330,0.0000,0.0000,1.9828,1.9831,0
4331,0.0000,0.0000,2.0037,2.0040,0
4332,0.0000,0.0000,8.9758,8.9761,0
4333,0.0000,0.0000,1.9868,1.9871,0
4334,0.0000,0.0000,2.0046,2.0049,0
4335,0.0000,0.0000,1.9693,1.9696,0
4336,0.0000,0.0000,1.9991,1.9994,0
4337,0.0000,0.0000,8.8467,8.8470,0
4338,0.0000,0.0000,2.0075,2.0078,0
4339,0.0000,0.0000,2.0025,2.0028,0
4340,0.0000,0.0000,2.0396,2.0399,0
4341,0.0000,0.0000,1.9333,1.9336,0
4342,0.0000,0.0000,8.9275,8.9278,0
4343,0.0000,0.0000,1.9987,1.9990,0
4344,0.0000,0.0000,2.0016,2.0019,0
4345,0.0000,0.0000,1.9078,1.9081,0
4346,0.0000,0.0000,2.0642,2.0645,0
4347,0.0000,0.0000,9.0006,9.0009,0
4348,0.0000,0.0000,1.9997,2.0000,0
4349,0.0000,0.0000,2.0212,2.0215,0
4350,0.0000,0.0000,1.9161,1.9164,0
4351,0.0000,0.0000,9.0785,9.0788,0
4352,0.0000,0.0000,1.9542,1.9545,0
4353,0.0000,0.0000,2.0064,2.0067,0
4354,0.0000,0.0000,2.0246,2.0249,0
4355,0.0000,0.0000,1.9442,1.9445,0
4356,0.0000,0.0000,9.0847,9.0850,0
4357,0.0000,0.0000,1.9984,1.9987,0
4358,0.0000,0.0000,2.0077,2.0080,0
4359,0.0000,0.0000,1.9623,1.9626,0
4360,0.0000,0.0000,1.9884,1.9887,0
4361,0.0000,0.0000,9.1025,9.1028,0
