frame_id,generate_ms,encode_latency_ms,payload_extract_ms,enqueue_ms,queue_depth,dropped_before,send_ms,bytes_sent,frame_age_at_send_ms,send_failed,keyframe,sender_dropped,payload_bytes,status
0,5.3229,28.3729,0.0258,0.0000,0,0,0.0000,0,0.0000,0,1,0,60271,0
1,3.0520,24.7577,0.0134,0.0000,0,0,0.0000,0,0.0000,0,1,0,43482,0
2,3.0073,25.4274,0.0154,0.0000,0,0,0.0000,0,0.0000,0,1,0,59828,0
3,2.9795,25.3072,0.0105,0.0000,0,0,0.0000,0,0.0000,0,1,0,68126,0
4,5.3229,5.7682,0.0062,0.0000,0,0,0.0000,0,0.0000,0,0,0,16498,0
5,3.0520,5.5957,0.0044,0.0000,0,0,0.0000,0,0.0000,0,0,0,14403,0
6,3.0073,10.5023,0.0105,0.0000,0,0,0.0000,0,0.0000,0,0,0,17862,0
7,2.9795,10.4895,0.0099,0.0000,0,0,0.0000,0,0.0000,0,0,0,17138,0
8,5.3229,5.6764,0.0018,0.0000,0,0,0.0000,0,0.0000,0,0,0,9226,0
9,3.0520,5.5678,0.0017,0.0000,0,0,0.0000,0,0.0000,0,0,0,6914,0
10,3.0073,10.4451,0.0019,0.0000,0,0,0.0000,0,0.0000,0,0,0,11125,0
11,2.9795,10.4008,0.0011,0.0000,0,0,0.0000,0,0.0000,0,0,0,9621,0
12,5.3229,5.8685,0.0055,0.0000,0,0,0.0000,0,0.0000,0,0,0,17369,0
13,3.0520,5.6744,0.0055,0.0000,0,0,0.0000,0,0.0000,0,0,0,16755,0
14,3.0073,10.5622,0.0104,0.0000,0,0,0.0000,0,0.0000,0,0,0,19658,0
15,2.9795,10.5520,0.0098,0.0000,0,0,0.0000,0,0.0000,0,0,0,15622,0
16,5.3229,5.6401,0.0036,0.0000,0,0,0.0000,0,0.0000,0,0,0,23309,0
17,3.0520,5.4890,0.0029,0.0000,0,0,0.0000,0,0.0000,0,0,0,20346,0
18,3.0073,10.3146,0.0033,0.0000,0,0,0.0000,0,0.0000,0,0,0,22802,0
19,2.9795,10.2956,0.0027,0.0000,0,0,0.0000,0,0.0000,0,0,0,21407,0
20,5.3229,5.6395,0.0022,0.0000,0,0,0.0000,0,0.0000,0,0,0,13027,0
21,3.0520,5.5503,0.0017,0.0000,0,0,0.0000,0,0.0000,0,0,0,11737,0
22,3.0073,10.2977,0.0017,0.0000,0,0,0.0000,0,0.0000,0,0,0,12722,0
23,2.9795,10.2932,0.0015,0.0000,0,0,0.0000,0,0.0000,0,0,0,16214,0
24,5.3229,5.6179,0.0045,0.0000,0,0,0.0000,0,0.0000,0,0,0,7002,0
25,3.0520,5.5460,0.0021,0.0000,0,0,0.0000,0,0.0000,0,0,0,5132,0
26,3.0073,10.3241,0.0027,0.0000,0,0,0.0000,0,0.0000,0,0,0,7491,0
27,2.9795,10.3287,0.0018,0.0000,0,0,0.0000,0,0.0000,0,0,0,4790,0
28,5.3229,5.7090,0.0023,0.0000,0,0,0.0000,0,0.0000,0,0,0,3933,0
29,3.0520,5.5287,0.0006,0.0000,0,0,0.0000,0,0.0000,0,0,0,3799,0
30,3.0073,10.3750,0.0030,0.0000,0,0,0.0000,0,0.0000,0,0,0,4399,0
31,2.9795,10.2891,0.0078,0.0000,0,0,0.0000,0,0.0000,0,0,0,3276,0
32,5.3229,5.7002,0.0020,0.0000,0,0,0.0000,0,0.0000,0,0,0,3260,0
33,3.0520,5.5480,0.0012,0.0000,0,0,0.0000,0,0.0000,0,0,0,2850,0
34,3.0073,10.2933,0.0013,0.0000,0,0,0.0000,0,0.0000,0,0,0,3280,0
35,2.9795,10.2790,0.0010,0.0000,0,0,0.0000,0,0.0000,0,0,0,2761,0
36,5.3229,5.8587,0.0027,0.0000,0,0,0.0000,0,0.0000,0,0,0,3090,0
37,3.0520,5.6295,0.0027,0.0000,0,0,0.0000,0,0.0000,0,0,0,2691,0
38,3.0073,10.5012,0.0033,0.0000,0,0,0.0000,0,0.0000,0,0,0,3020,0
39,2.9795,10.4543,0.0020,0.0000,0,0,0.0000,0,0.0000,0,0,0,2648,0
40,5.3229,5.9400,0.0044,0.0000,0,0,0.0000,0,0.0000,0,0,0,2664,0
41,3.0520,5.6608,0.0018,0.0000,0,0,0.0000,0,0.0000,0,0,0,2213,0
42,3.0073,10.6197,0.0026,0.0000,0,0,0.0000,0,0.0000,0,0,0,1084,0
43,2.9795,10.4365,0.0018,0.0000,0,0,0.0000,0,0.0000,0,0,0,2638,0
44,5.3229,5.8822,0.0027,0.0000,0,0,0.0000,0,0.0000,0,0,0,1673,0
45,3.0520,5.6316,0.0011,0.0000,0,0,0.0000,0,0.0000,0,0,0,1302,0
46,3.0073,10.4380,0.0018,0.0000,0,0,0.0000,0,0.0000,0,0,0,959,0
47,2.9795,10.3997,0.0014,0.0000,0,0,0.0000,0,0.0000,0,0,0,2173,0
48,5.3229,5.9308,0.0053,0.0000,0,0,0.0000,0,0.0000,0,0,0,1538,0
49,3.0520,5.6631,0.0040,0.0000,0,0,0.0000,0,0.0000,0,0,0,1107,0
50,3.0073,10.4563,0.0024,0.0000,0,0,0.0000,0,0.0000,0,0,0,819,0
51,2.9795,10.3562,0.0020,0.0000,0,0,0.0000,0,0.0000,0,0,0,1668,0
52,5.3229,5.9280,0.0033,0.0000,0,0,0.0000,0,0.0000,0,0,0,1248,0
53,3.0520,5.5895,0.0009,0.0000,0,0,0.0000,0,0.0000,0,0,0,944,0
54,3.0073,10.6114,0.0032,0.0000,0,0,0.0000,0,0.0000,0,0,0,945,0
55,2.9795,10.5150,0.0027,0.0000,0,0,0.0000,0,0.0000,0,0,0,743,0
56,5.3229,5.9577,0.0022,0.0000,0,0,0.0000,0,0.0000,0,0,0,1198,0
57,3.0520,5.6608,0.0016,0.0000,0,0,0.0000,0,0.0000,0,0,0,836,0
58,3.0073,10.4534,0.0034,0.0000,0,0,0.0000,0,0.0000,0,0,0,1250,0
59,2.9795,10.3400,0.0020,0.0000,0,0,0.0000,0,0.0000,0,0,0,717,0
60,5.3229,6.0231,0.0034,0.0000,0,0,0.0000,0,0.0000,0,0,0,1168,0
61,3.0520,5.6930,0.0019,0.0000,0,0,0.0000,0,0.0000,0,0,0,792,0
62,3.0073,10.5834,0.0023,0.0000,0,0,0.0000,0,0.0000,0,0,0,1108,0
63,2.9795,10.5059,0.0021,0.0000,0,0,0.0000,0,0.0000,0,0,0,792,0
64,5.3229,6.0238,0.0033,0.0000,0,0,0.0000,0,0.0000,0,0,0,1037,0
65,3.0520,5.6439,0.0008,0.0000,0,0,0.0000,0,0.0000,0,0,0,722,0
66,3.0073,10.6175,0.0035,0.0000,0,0,0.0000,0,0.0000,0,0,0,1361,0
67,2.9795,10.5038,0.0010,0.0000,0,0,0.0000,0,0.0000,0,0,0,925,0
68,5.3229,5.9965,0.0021,0.0000,0,0,0.0000,0,0.0000,0,0,0,987,0
69,3.0520,5.6944,0.0010,0.0000,0,0,0.0000,0,0.0000,0,0,0,676,0
70,3.0073,10.8277,0.0194,0.0000,0,0,0.0000,0,0.0000,0,0,0,1198,0
71,2.9795,10.6715,0.0054,0.0000,0,0,0.0000,0,0.0000,0,0,0,1094,0
72,5.3229,6.3592,0.0066,0.0000,0,0,0.0000,0,0.0000,0,0,0,879,0
73,3.0520,5.7145,0.0020,0.0000,0,0,0.0000,0,0.0000,0,0,0,648,0
74,3.0073,12.3972,0.0084,0.0000,0,0,0.0000,0,0.0000,0,0,0,1117,0
75,2.9795,11.7420,0.0025,0.0000,0,0,0.0000,0,0.0000,0,0,0,1077,0
76,5.3229,6.7412,0.0077,0.0000,0,0,0.0000,0,0.0000,0,0,0,746,0
77,3.0520,5.8920,0.0016,0.0000,0,0,0.0000,0,0.0000,0,0,0,643,0
78,3.0073,10.0298,0.0067,0.0000,0,0,0.0000,0,0.0000,0,0,0,1064,0
79,2.9795,10.4737,0.0033,0.0000,0,0,0.0000,0,0.0000,0,0,0,1295,0
80,5.3229,7.4182,0.0086,0.0000,0,0,0.0000,0,0.0000,0,0,0,687,0
81,3.0520,6.7058,0.0033,0.0000,0,0,0.0000,0,0.0000,0,0,0,622,0
82,3.0073,10.9740,0.0072,0.0000,0,0,0.0000,0,0.0000,0,0,0,1368,0
83,2.9795,10.6501,0.0091,0.0000,0,0,0.0000,0,0.0000,0,0,0,709,0
84,5.3229,7.0833,0.0092,0.0000,0,0,0.0000,0,0.0000,0,0,0,716,0
85,3.0520,6.2669,0.0013,0.0000,0,0,0.0000,0,0.0000,0,0,0,620,0
86,3.0073,12.4274,0.0120,0.0000,0,0,0.0000,0,0.0000,0,0,0,710,0
87,2.9795,12.1303,0.0121,0.0000,0,0,0.0000,0,0.0000,0,0,0,715,0
88,5.3229,6.2080,0.0062,0.0000,0,0,0.0000,0,0.0000,0,0,0,717,0
89,3.0520,5.7391,0.0018,0.0000,0,0,0.0000,0,0.0000,0,0,0,613,0
90,3.0073,10.5852,0.0046,0.0000,0,0,0.0000,0,0.0000,0,0,0,696,0
91,2.9795,10.4258,0.0045,0.0000,0,0,0.0000,0,0.0000,0,0,0,724,0
92,5.3229,6.4341,0.0054,0.0000,0,0,0.0000,0,0.0000,0,0,0,685,0
93,3.0520,5.9735,0.0019,0.0000,0,0,0.0000,0,0.0000,0,0,0,617,0
94,3.0073,10.4655,0.0055,0.0000,0,0,0.0000,0,0.0000,0,0,0,755,0
95,2.9795,10.2890,0.0025,0.0000,0,0,0.0000,0,0.0000,0,0,0,779,0
96,5.3229,7.2823,0.0049,0.0000,0,0,0.0000,0,0.0000,0,0,0,664,0
97,3.0520,6.1893,0.0021,0.0000,0,0,0.0000,0,0.0000,0,0,0,622,0
98,3.0073,7.3087,0.0022,0.0000,0,0,0.0000,0,0.0000,0,0,0,785,0
99,2.9795,10.7928,0.0014,0.0000,0,0,0.0000,0,0.0000,0,0,0,906,0
100,5.3229,6.2319,0.0054,0.0000,0,0,0.0000,0,0.0000,0,0,0,636,0
101,3.0520,5.8667,0.0065,0.0000,0,0,0.0000,0,0.0000,0,0,0,626,0
102,3.0073,10.7789,0.0058,0.0000,0,0,0.0000,0,0.0000,0,0,0,868,0
103,2.9795,10.6501,0.0058,0.0000,0,0,0.0000,0,0.0000,0,0,0,830,0
104,5.3229,6.0691,0.0063,0.0000,0,0,0.0000,0,0.0000,0,0,0,635,0
105,3.0520,5.6739,0.0013,0.0000,0,0,0.0000,0,0.0000,0,0,0,608,0
106,3.0073,10.4989,0.0079,0.0000,0,0,0.0000,0,0.0000,0,0,0,801,0
107,2.9795,10.4552,0.0013,0.0000,0,0,0.0000,0,0.0000,0,0,0,966,0
108,5.3229,6.6978,0.0093,0.0000,0,0,0.0000,0,0.0000,0,0,0,650,0
109,3.0520,5.9219,0.0024,0.0000,0,0,0.0000,0,0.0000,0,0,0,606,0
110,3.0073,11.0125,0.0114,0.0000,0,0,0.0000,0,0.0000,0,0,0,1017,0
111,2.9795,10.9301,0.0016,0.0000,0,0,0.0000,0,0.0000,0,0,0,705,0
112,5.3229,7.1268,0.0081,0.0000,0,0,0.0000,0,0.0000,0,0,0,646,0
113,3.0520,6.1679,0.0039,0.0000,0,0,0.0000,0,0.0000,0,0,0,607,0
114,3.0073,11.6951,0.0076,0.0000,0,0,0.0000,0,0.0000,0,0,0,933,0
115,2.9795,11.4267,0.0076,0.0000,0,0,0.0000,0,0.0000,0,0,0,703,0
116,5.3229,7.1070,0.0085,0.0000,0,0,0.0000,0,0.0000,0,0,0,651,0
117,3.0520,6.5196,0.0018,0.0000,0,0,0.0000,0,0.0000,0,0,0,609,0
118,3.0073,10.6269,0.0095,0.0000,0,0,0.0000,0,0.0000,0,0,0,926,0
119,2.9795,10.3891,0.0095,0.0000,0,0,0.0000,0,0.0000,0,0,0,728,0
120,5.3229,6.7479,0.0160,0.0000,0,0,0.0000,0,0.0000,0,0,0,638,0
121,3.0520,6.0277,0.0023,0.0000,0,0,0.0000,0,0.0000,0,0,0,601,0
122,3.0073,10.6284,0.0146,0.0000,0,0,0.0000,0,0.0000,0,0,0,856,0
123,2.9795,10.4410,0.0011,0.0000,0,0,0.0000,0,0.0000,0,0,0,752,0
124,5.3229,6.8641,0.0115,0.0000,0,0,0.0000,0,0.0000,0,0,0,623,0
125,3.0520,5.9367,0.0031,0.0000,0,0,0.0000,0,0.0000,0,0,0,601,0
126,3.0073,11.1950,0.0182,0.0000,0,0,0.0000,0,0.0000,0,0,0,1082,0
127,2.9795,10.8228,0.0181,0.0000,0,0,0.0000,0,0.0000,0,0,0,805,0
128,5.3229,7.4673,0.0086,0.0000,0,0,0.0000,0,0.0000,0,0,0,626,0
129,3.0520,6.0913,0.0015,0.0000,0,0,0.0000,0,0.0000,0,0,0,601,0
130,3.0073,10.0035,0.0079,0.0000,0,0,0.0000,0,0.0000,0,0,0,712,0
131,2.9795,9.8797,0.0034,0.0000,0,0,0.0000,0,0.0000,0,0,0,775,0
132,5.3229,6.8645,0.0072,0.0000,0,0,0.0000,0,0.0000,0,0,0,622,0
133,3.0520,5.9453,0.0013,0.0000,0,0,0.0000,0,0.0000,0,0,0,601,0
134,3.0073,10.2584,0.0079,0.0000,0,0,0.0000,0,0.0000,0,0,0,709,0
135,2.9795,9.4070,0.0045,0.0000,0,0,0.0000,0,0.0000,0,0,0,911,0
136,5.3229,7.6359,0.0086,0.0000,0,0,0.0000,0,0.0000,0,0,0,611,0
137,3.0520,7.1270,0.0019,0.0000,0,0,0.0000,0,0.0000,0,0,0,601,0
138,3.0073,10.5575,0.0238,0.0000,0,0,0.0000,0,0.0000,0,0,0,723,0
139,2.9795,10.3618,0.0027,0.0000,0,0,0.0000,0,0.0000,0,0,0,698,0
140,5.3229,6.5843,0.0040,0.0000,0,0,0.0000,0,0.0000,0,0,0,618,0
141,3.0520,7.1915,0.0055,0.0000,0,0,0.0000,0,0.0000,0,0,0,601,0
142,3.0073,8.8275,0.0065,0.0000,0,0,0.0000,0,0.0000,0,0,0,744,0
143,2.9795,10.1337,0.0017,0.0000,0,0,0.0000,0,0.0000,0,0,0,696,0
144,5.3229,6.0754,0.0067,0.0000,0,0,0.0000,0,0.0000,0,0,0,605,0
145,3.0520,5.7863,0.0024,0.0000,0,0,0.0000,0,0.0000,0,0,0,601,0
146,3.0073,10.5711,0.0069,0.0000,0,0,0.0000,0,0.0000,0,0,0,786,0
147,2.9795,10.3766,0.0030,0.0000,0,0,0.0000,0,0.0000,0,0,0,704,0
148,5.3229,7.4976,0.0068,0.0000,0,0,0.0000,0,0.0000,0,0,0,606,0
149,3.0520,5.8290,0.0024,0.0000,0,0,0.0000,0,0.0000,0,0,0,601,0
150,3.0073,10.1576,0.0067,0.0000,0,0,0.0000,0,0.0000,0,0,0,780,0
151,2.9795,10.4081,0.0035,0.0000,0,0,0.0000,0,0.0000,0,0,0,741,0
152,5.3229,6.5448,0.0057,0.0000,0,0,0.0000,0,0.0000,0,0,0,605,0
153,3.0520,5.9264,0.0021,0.0000,0,0,0.0000,0,0.0000,0,0,0,601,0
154,3.0073,10.3613,0.0104,0.0000,0,0,0.0000,0,0.0000,0,0,0,808,0
155,2.9795,10.2018,0.0024,0.0000,0,0,0.0000,0,0.0000,0,0,0,758,0
156,5.3229,6.3056,0.0083,0.0000,0,0,0.0000,0,0.0000,0,0,0,606,0
157,3.0520,5.9225,0.0022,0.0000,0,0,0.0000,0,0.0000,0,0,0,601,0
158,3.0073,10.4241,0.0095,0.0000,0,0,0.0000,0,0.0000,0,0,0,795,0
159,2.9795,10.1893,0.0031,0.0000,0,0,0.0000,0,0.0000,0,0,0,738,0
160,5.3229,6.4387,0.0070,0.0000,0,0,0.0000,0,0.0000,0,0,0,601,0
161,3.0520,5.9164,0.0029,0.0000,0,0,0.0000,0,0.0000,0,0,0,601,0
162,3.0073,10.2033,0.0056,0.0000,0,0,0.0000,0,0.0000,0,0,0,771,0
163,2.9795,10.1290,0.0063,0.0000,0,0,0.0000,0,0.0000,0,0,0,836,0
164,5.3229,6.3803,0.0074,0.0000,0,0,0.0000,0,0.0000,0,0,0,601,0
165,3.0520,5.8652,0.0018,0.0000,0,0,0.0000,0,0.0000,0,0,0,601,0
166,3.0073,10.3490,0.0064,0.0000,0,0,0.0000,0,0.0000,0,0,0,779,0
167,2.9795,9.9086,0.0015,0.0000,0,0,0.0000,0,0.0000,0,0,0,698,0
168,5.3229,6.6470,0.0019,0.0000,0,0,0.0000,0,0.0000,0,0,0,601,0
169,3.0520,6.0031,0.0055,0.0000,0,0,0.0000,0,0.0000,0,0,0,601,0
170,3.0073,11.5147,0.0047,0.0000,0,0,0.0000,0,0.0000,0,0,0,967,0
171,2.9795,11.3751,0.0030,0.0000,0,0,0.0000,0,0.0000,0,0,0,696,0
172,5.3229,6.5093,0.0060,0.0000,0,0,0.0000,0,0.0000,0,0,0,601,0
173,3.0520,6.0947,0.0024,0.0000,0,0,0.0000,0,0.0000,0,0,0,601,0
174,3.0073,10.4061,0.0113,0.0000,0,0,0.0000,0,0.0000,0,0,0,710,0
175,2.9795,10.1514,0.0029,0.0000,0,0,0.0000,0,0.0000,0,0,0,700,0
176,5.3229,6.2550,0.0075,0.0000,0,0,0.0000,0,0.0000,0,0,0,601,0
177,3.0520,5.8962,0.0020,0.0000,0,0,0.0000,0,0.0000,0,0,0,601,0
178,3.0073,10.5487,0.0084,0.0000,0,0,0.0000,0,0.0000,0,0,0,703,0
179,2.9795,10.3660,0.0023,0.0000,0,0,0.0000,0,0.0000,0,0,0,721,0
180,5.3229,6.3568,0.0059,0.0000,0,0,0.0000,0,0.0000,0,0,0,601,0
181,3.0520,5.9936,0.0028,0.0000,0,0,0.0000,0,0.0000,0,0,0,601,0
182,3.0073,10.2562,0.0056,0.0000,0,0,0.0000,0,0.0000,0,0,0,708,0
183,2.9795,10.5839,0.0032,0.0000,0,0,0.0000,0,0.0000,0,0,0,783,0
184,5.3229,6.5725,0.0049,0.0000,0,0,0.0000,0,0.0000,0,0,0,601,0
185,3.0520,5.8351,0.0019,0.0000,0,0,0.0000,0,0.0000,0,0,0,601,0
186,3.0073,10.0862,0.0063,0.0000,0,0,0.0000,0,0.0000,0,0,0,751,0
187,2.9795,9.9172,0.0026,0.0000,0,0,0.0000,0,0.0000,0,0,0,755,0
188,5.3229,6.7977,0.0048,0.0000,0,0,0.0000,0,0.0000,0,0,0,601,0
189,3.0520,6.0383,0.0048,0.0000,0,0,0.0000,0,0.0000,0,0,0,601,0
190,3.0073,10.4228,0.0047,0.0000,0,0,0.0000,0,0.0000,0,0,0,762,0
191,2.9795,9.9461,0.0047,0.0000,0,0,0.0000,0,0.0000,0,0,0,801,0
192,5.3229,5.9426,0.0043,0.0000,0,0,0.0000,0,0.0000,0,0,0,601,0
193,3.0520,5.6303,0.0013,0.0000,0,0,0.0000,0,0.0000,0,0,0,601,0
194,3.0073,10.4236,0.0042,0.0000,0,0,0.0000,0,0.0000,0,0,0,747,0
195,2.9795,10.2855,0.0051,0.0000,0,0,0.0000,0,0.0000,0,0,0,696,0
196,5.3229,5.8990,0.0042,0.0000,0,0,0.0000,0,0.0000,0,0,0,601,0
197,3.0520,5.5867,0.0015,0.0000,0,0,0.0000,0,0.0000,0,0,0,601,0
198,3.0073,10.3184,0.0026,0.0000,0,0,0.0000,0,0.0000,0,0,0,830,0
199,2.9795,10.2903,0.0015,0.0000,0,0,0.0000,0,0.0000,0,0,0,701,0
200,5.3229,5.8301,0.0028,0.0000,0,0,0.0000,0,0.0000,0,0,0,601,0
201,3.0520,5.5245,0.0005,0.0000,0,0,0.0000,0,0.0000,0,0,0,601,0
202,3.0073,10.3878,0.0018,0.0000,0,0,0.0000,0,0.0000,0,0,0,769,0
203,2.9795,10.3239,0.0011,0.0000,0,0,0.0000,0,0.0000,0,0,0,696,0
204,5.3229,5.8037,0.0021,0.0000,0,0,0.0000,0,0.0000,0,0,0,601,0
205,3.0520,5.6636,0.0008,0.0000,0,0,0.0000,0,0.0000,0,0,0,601,0
206,3.0073,10.4605,0.0032,0.0000,0,0,0.0000,0,0.0000,0,0,0,728,0
207,2.9795,10.4684,0.0012,0.0000,0,0,0.0000,0,0.0000,0,0,0,717,0
208,5.3229,5.9000,0.0031,0.0000,0,0,0.0000,0,0.0000,0,0,0,601,0
209,3.0520,5.6524,0.0011,0.0000,0,0,0.0000,0,0.0000,0,0,0,601,0
210,3.0073,10.5215,0.0022,0.0000,0,0,0.0000,0,0.0000,0,0,0,726,0
211,2.9795,10.4392,0.0015,0.0000,0,0,0.0000,0,0.0000,0,0,0,731,0
212,5.3229,5.8001,0.0035,0.0000,0,0,0.0000,0,0.0000,0,0,0,601,0
213,3.0520,5.5439,0.0010,0.0000,0,0,0.0000,0,0.0000,0,0,0,601,0
214,3.0073,10.8618,0.0015,0.0000,0,0,0.0000,0,0.0000,0,0,0,833,0
215,2.9795,10.6974,0.0030,0.0000,0,0,0.0000,0,0.0000,0,0,0,722,0
216,5.3229,5.9395,0.0030,0.0000,0,0,0.0000,0,0.0000,0,0,0,601,0
217,3.0520,5.6056,0.0016,0.0000,0,0,0.0000,0,0.0000,0,0,0,601,0
218,3.0073,10.3700,0.0042,0.0000,0,0,0.0000,0,0.0000,0,0,0,696,0
219,2.9795,10.2839,0.0036,0.0000,0,0,0.0000,0,0.0000,0,0,0,758,0
220,5.3229,5.8870,0.0031,0.0000,0,0,0.0000,0,0.0000,0,0,0,601,0
221,3.0520,5.6276,0.0020,0.0000,0,0,0.0000,0,0.0000,0,0,0,601,0
222,3.0073,10.4152,0.0045,0.0000,0,0,0.0000,0,0.0000,0,0,0,696,0
223,2.9795,10.2571,0.0020,0.0000,0,0,0.0000,0,0.0000,0,0,0,696,0
224,5.3229,5.9620,0.0035,0.0000,0,0,0.0000,0,0.0000,0,0,0,601,0
225,3.0520,5.6890,0.0009,0.0000,0,0,0.0000,0,0.0000,0,0,0,601,0
226,3.0073,10.3118,0.0036,0.0000,0,0,0.0000,0,0.0000,0,0,0,696,0
227,2.9795,10.3212,0.0013,0.0000,0,0,0.0000,0,0.0000,0,0,0,705,0
228,5.3229,6.0164,0.0032,0.0000,0,0,0.0000,0,0.0000,0,0,0,601,0
229,3.0520,5.6788,0.0020,0.0000,0,0,0.0000,0,0.0000,0,0,0,601,0
230,3.0073,10.5331,0.0080,0.0000,0,0,0.0000,0,0.0000,0,0,0,696,0
231,2.9795,10.3477,0.0080,0.0000,0,0,0.0000,0,0.0000,0,0,0,707,0
232,5.3229,6.0090,0.0043,0.0000,0,0,0.0000,0,0.0000,0,0,0,601,0
233,3.0520,5.6518,0.0017,0.0000,0,0,0.0000,0,0.0000,0,0,0,601,0
234,3.0073,10.4367,0.0018,0.0000,0,0,0.0000,0,0.0000,0,0,0,701,0
235,2.9795,10.3554,0.0011,0.0000,0,0,0.0000,0,0.0000,0,0,0,707,0
236,5.3229,6.0082,0.0032,0.0000,0,0,0.0000,0,0.0000,0,0,0,601,0
237,3.0520,5.6856,0.0018,0.0000,0,0,0.0000,0,0.0000,0,0,0,601,0
238,3.0073,10.6427,0.0015,0.0000,0,0,0.0000,0,0.0000,0,0,0,703,0
239,2.9795,10.5843,0.0012,0.0000,0,0,0.0000,0,0.0000,0,0,0,736,0
240,5.3229,5.8621,0.0023,0.0000,0,0,0.0000,0,0.0000,0,0,0,601,0
241,3.0520,5.6514,0.0010,0.0000,0,0,0.0000,0,0.0000,0,0,0,601,0
242,3.0073,10.4668,0.0014,0.0000,0,0,0.0000,0,0.0000,0,0,0,716,0
243,2.9795,10.3888,0.0016,0.0000,0,0,0.0000,0,0.0000,0,0,0,719,0
244,5.3229,5.8981,0.0026,0.0000,0,0,0.0000,0,0.0000,0,0,0,601,0
245,3.0520,5.6210,0.0020,0.0000,0,0,0.0000,0,0.0000,0,0,0,601,0
246,3.0073,10.4423,0.0018,0.0000,0,0,0.0000,0,0.0000,0,0,0,714,0
247,2.9795,10.3805,0.0016,0.0000,0,0,0.0000,0,0.0000,0,0,0,775,0
248,5.3229,5.6810,0.0037,0.0000,0,0,0.0000,0,0.0000,0,0,0,601,0
249,3.0520,5.5070,0.0011,0.0000,0,0,0.0000,0,0.0000,0,0,0,601,0
250,3.0073,10.3923,0.0030,0.0000,0,0,0.0000,0,0.0000,0,0,0,717,0
251,2.9795,10.2907,0.0020,0.0000,0,0,0.0000,0,0.0000,0,0,0,701,0
252,5.3229,5.9863,0.0049,0.0000,0,0,0.0000,0,0.0000,0,0,0,601,0
253,3.0520,5.6388,0.0010,0.0000,0,0,0.0000,0,0.0000,0,0,0,601,0
254,3.0073,10.3562,0.0039,0.0000,0,0,0.0000,0,0.0000,0,0,0,711,0
255,2.9795,10.2118,0.0020,0.0000,0,0,0.0000,0,0.0000,0,0,0,701,0
256,5.3229,5.8457,0.0047,0.0000,0,0,0.0000,0,0.0000,0,0,0,601,0
257,3.0520,5.5834,0.0012,0.0000,0,0,0.0000,0,0.0000,0,0,0,601,0
258,3.0073,10.3902,0.0022,0.0000,0,0,0.0000,0,0.0000,0,0,0,763,0
259,2.9795,10.2843,0.0013,0.0000,0,0,0.0000,0,0.0000,0,0,0,701,0
260,5.3229,5.6739,0.0032,0.0000,0,0,0.0000,0,0.0000,0,0,0,601,0
261,3.0520,5.4718,0.0006,0.0000,0,0,0.0000,0,0.0000,0,0,0,601,0
262,3.0073,10.3255,0.0052,0.0000,0,0,0.0000,0,0.0000,0,0,0,696,0
263,2.9795,10.2930,0.0012,0.0000,0,0,0.0000,0,0.0000,0,0,0,715,0
264,5.3229,5.6647,0.0026,0.0000,0,0,0.0000,0,0.0000,0,0,0,601,0
265,3.0520,5.4117,0.0013,0.0000,0,0,0.0000,0,0.0000,0,0,0,601,0
266,3.0073,10.2737,0.0026,0.0000,0,0,0.0000,0,0.0000,0,0,0,696,0
267,2.9795,10.2044,0.0007,0.0000,0,0,0.0000,0,0.0000,0,0,0,726,0
268,5.3229,5.7008,0.0034,0.0000,0,0,0.0000,0,0.0000,0,0,0,601,0
269,3.0520,5.4546,0.0015,0.0000,0,0,0.0000,0,0.0000,0,0,0,601,0
270,3.0073,10.2712,0.0033,0.0000,0,0,0.0000,0,0.0000,0,0,0,696,0
271,2.9795,10.1536,0.0019,0.0000,0,0,0.0000,0,0.0000,0,0,0,714,0
272,5.3229,6.1045,0.0097,0.0000,0,0,0.0000,0,0.0000,0,0,0,601,0
273,3.0520,5.6445,0.0020,0.0000,0,0,0.0000,0,0.0000,0,0,0,601,0
274,3.0073,10.1480,0.0057,0.0000,0,0,0.0000,0,0.0000,0,0,0,696,0
275,2.9795,9.8494,0.0019,0.0000,0,0,0.0000,0,0.0000,0,0,0,789,0
276,5.3229,6.1262,0.0048,0.0000,0,0,0.0000,0,0.0000,0,0,0,601,0
277,3.0520,5.6007,0.0012,0.0000,0,0,0.0000,0,0.0000,0,0,0,601,0
278,3.0073,10.1908,0.0054,0.0000,0,0,0.0000,0,0.0000,0,0,0,717,0
279,2.9795,10.0068,0.0014,0.0000,0,0,0.0000,0,0.0000,0,0,0,703,0
280,5.3229,6.4052,0.0064,0.0000,0,0,0.0000,0,0.0000,0,0,0,601,0
281,3.0520,5.6944,0.0064,0.0000,0,0,0.0000,0,0.0000,0,0,0,601,0
282,3.0073,10.2960,0.0050,0.0000,0,0,0.0000,0,0.0000,0,0,0,716,0
283,2.9795,10.1409,0.0015,0.0000,0,0,0.0000,0,0.0000,0,0,0,705,0
284,5.3229,6.2556,0.0065,0.0000,0,0,0.0000,0,0.0000,0,0,0,601,0
285,3.0520,5.6687,0.0018,0.0000,0,0,0.0000,0,0.0000,0,0,0,601,0
286,3.0073,10.7828,0.0066,0.0000,0,0,0.0000,0,0.0000,0,0,0,745,0
287,2.9795,10.6765,0.0016,0.0000,0,0,0.0000,0,0.0000,0,0,0,700,0
288,5.3229,5.7547,0.0034,0.0000,0,0,0.0000,0,0.0000,0,0,0,601,0
289,3.0520,5.4556,0.0013,0.0000,0,0,0.0000,0,0.0000,0,0,0,601,0
290,3.0073,10.2739,0.0034,0.0000,0,0,0.0000,0,0.0000,0,0,0,737,0
291,2.9795,9.9967,0.0008,0.0000,0,0,0.0000,0,0.0000,0,0,0,706,0
292,5.3229,5.7194,0.0032,0.0000,0,0,0.0000,0,0.0000,0,0,0,601,0
293,3.0520,5.5212,0.0016,0.0000,0,0,0.0000,0,0.0000,0,0,0,601,0
294,3.0073,10.2685,0.0014,0.0000,0,0,0.0000,0,0.0000,0,0,0,718,0
295,2.9795,10.2331,0.0010,0.0000,0,0,0.0000,0,0.0000,0,0,0,723,0
296,5.3229,5.6232,0.0013,0.0000,0,0,0.0000,0,0.0000,0,0,0,601,0
297,3.0520,5.5229,0.0008,0.0000,0,0,0.0000,0,0.0000,0,0,0,601,0
298,3.0073,10.2506,0.0010,0.0000,0,0,0.0000,0,0.0000,0,0,0,719,0
299,2.9795,10.2417,0.0008,0.0000,0,0,0.0000,0,0.0000,0,0,0,714,0
300,5.3229,12.9398,0.0061,0.0000,0,0,0.0000,0,0.0000,0,0,0,601,0
301,3.0520,12.9021,0.0016,0.0000,0,0,0.0000,0,0.0000,0,0,0,601,0
302,3.0073,12.7517,0.0038,0.0000,0,0,0.0000,0,0.0000,0,0,0,747,0
303,2.9795,13.0620,0.0022,0.0000,0,0,0.0000,0,0.0000,0,0,0,769,0
304,5.3229,6.0731,0.0032,0.0000,0,0,0.0000,0,0.0000,0,0,0,601,0
305,3.0520,5.6750,0.0010,0.0000,0,0,0.0000,0,0.0000,0,0,0,601,0
306,3.0073,10.3916,0.0022,0.0000,0,0,0.0000,0,0.0000,0,0,0,696,0
307,2.9795,10.2409,0.0005,0.0000,0,0,0.0000,0,0.0000,0,0,0,704,0
308,5.3229,5.7520,0.0028,0.0000,0,0,0.0000,0,0.0000,0,0,0,601,0
309,3.0520,5.5594,0.0011,0.0000,0,0,0.0000,0,0.0000,0,0,0,601,0
310,3.0073,10.1648,0.0025,0.0000,0,0,0.0000,0,0.0000,0,0,0,696,0
311,2.9795,10.1495,0.0010,0.0000,0,0,0.0000,0,0.0000,0,0,0,707,0
312,5.3229,5.8456,0.0037,0.0000,0,0,0.0000,0,0.0000,0,0,0,601,0
313,3.0520,5.5501,0.0020,0.0000,0,0,0.0000,0,0.0000,0,0,0,601,0
314,3.0073,10.4241,0.0068,0.0000,0,0,0.0000,0,0.0000,0,0,0,696,0
315,2.9795,10.2544,0.0068,0.0000,0,0,0.0000,0,0.0000,0,0,0,714,0
316,5.3229,5.9824,0.0043,0.0000,0,0,0.0000,0,0.0000,0,0,0,601,0
317,3.0520,7.2782,0.0033,0.0000,0,0,0.0000,0,0.0000,0,0,0,601,0
318,3.0073,9.7586,0.0040,0.0000,0,0,0.0000,0,0.0000,0,0,0,696,0
319,2.9795,9.4335,0.0015,0.0000,0,0,0.0000,0,0.0000,0,0,0,709,0
320,5.3229,6.1024,0.0099,0.0000,0,0,0.0000,0,0.0000,0,0,0,601,0
321,3.0520,5.6123,0.0014,0.0000,0,0,0.0000,0,0.0000,0,0,0,601,0
322,3.0073,10.2412,0.0034,0.0000,0,0,0.0000,0,0.0000,0,0,0,696,0
323,2.9795,10.1409,0.0022,0.0000,0,0,0.0000,0,0.0000,0,0,0,732,0
324,5.3229,5.8826,0.0054,0.0000,0,0,0.0000,0,0.0000,0,0,0,601,0
325,3.0520,5.6559,0.0017,0.0000,0,0,0.0000,0,0.0000,0,0,0,601,0
326,3.0073,10.2096,0.0018,0.0000,0,0,0.0000,0,0.0000,0,0,0,696,0
327,2.9795,10.1395,0.0016,0.0000,0,0,0.0000,0,0.0000,0,0,0,719,0
328,5.3229,5.7973,0.0029,0.0000,0,0,0.0000,0,0.0000,0,0,0,601,0
329,3.0520,5.5629,0.0013,0.0000,0,0,0.0000,0,0.0000,0,0,0,601,0
330,3.0073,10.3956,0.0028,0.0000,0,0,0.0000,0,0.0000,0,0,0,708,0
331,2.9795,10.2723,0.0014,0.0000,0,0,0.0000,0,0.0000,0,0,0,751,0
332,5.3229,5.9664,0.0043,0.0000,0,0,0.0000,0,0.0000,0,0,0,601,0
333,3.0520,5.6506,0.0013,0.0000,0,0,0.0000,0,0.0000,0,0,0,601,0
334,3.0073,10.5876,0.0011,0.0000,0,0,0.0000,0,0.0000,0,0,0,708,0
335,2.9795,10.5520,0.0011,0.0000,0,0,0.0000,0,0.0000,0,0,0,696,0
336,5.3229,6.0347,0.0062,0.0000,0,0,0.0000,0,0.0000,0,0,0,601,0
337,3.0520,5.6653,0.0017,0.0000,0,0,0.0000,0,0.0000,0,0,0,601,0
338,3.0073,10.5075,0.0062,0.0000,0,0,0.0000,0,0.0000,0,0,0,706,0
339,2.9795,10.3119,0.0062,0.0000,0,0,0.0000,0,0.0000,0,0,0,701,0
340,5.3229,5.7302,0.0025,0.0000,0,0,0.0000,0,0.0000,0,0,0,601,0
341,3.0520,5.4881,0.0006,0.0000,0,0,0.0000,0,0.0000,0,0,0,601,0
342,3.0073,10.3644,0.0014,0.0000,0,0,0.0000,0,0.0000,0,0,0,707,0
343,2.9795,10.3142,0.0012,0.0000,0,0,0.0000,0,0.0000,0,0,0,703,0
344,5.3229,6.0633,0.0049,0.0000,0,0,0.0000,0,0.0000,0,0,0,601,0
345,3.0520,5.6952,0.0049,0.0000,0,0,0.0000,0,0.0000,0,0,0,601,0
346,3.0073,10.6211,0.0022,0.0000,0,0,0.0000,0,0.0000,0,0,0,723,0
347,2.9795,10.5306,0.0014,0.0000,0,0,0.0000,0,0.0000,0,0,0,707,0
348,5.3229,5.9124,0.0036,0.0000,0,0,0.0000,0,0.0000,0,0,0,601,0
349,3.0520,5.7066,0.0009,0.0000,0,0,0.0000,0,0.0000,0,0,0,601,0
350,3.0073,10.2999,0.0026,0.0000,0,0,0.0000,0,0.0000,0,0,0,696,0
351,2.9795,10.2693,0.0009,0.0000,0,0,0.0000,0,0.0000,0,0,0,708,0
352,5.3229,5.7751,0.0027,0.0000,0,0,0.0000,0,0.0000,0,0,0,601,0
353,3.0520,5.5562,0.0014,0.0000,0,0,0.0000,0,0.0000,0,0,0,601,0
354,3.0073,10.3120,0.0013,0.0000,0,0,0.0000,0,0.0000,0,0,0,696,0
355,2.9795,10.2359,0.0015,0.0000,0,0,0.0000,0,0.0000,0,0,0,712,0
356,5.3229,5.8294,0.0035,0.0000,0,0,0.0000,0,0.0000,0,0,0,601,0
357,3.0520,5.5739,0.0013,0.0000,0,0,0.0000,0,0.0000,0,0,0,601,0
358,3.0073,10.2483,0.0034,0.0000,0,0,0.0000,0,0.0000,0,0,0,696,0
359,2.9795,10.1815,0.0015,0.0000,0,0,0.0000,0,0.0000,0,0,0,754,0
360,5.3229,5.8142,0.0022,0.0000,0,0,0.0000,0,0.0000,0,0,0,601,0
361,3.0520,5.6173,0.0013,0.0000,0,0,0.0000,0,0.0000,0,0,0,601,0
362,3.0073,10.4011,0.0013,0.0000,0,0,0.0000,0,0.0000,0,0,0,696,0
363,2.9795,10.3510,0.0010,0.0000,0,0,0.0000,0,0.0000,0,0,0,696,0
364,5.3229,5.7830,0.0025,0.0000,0,0,0.0000,0,0.0000,0,0,0,601,0
365,3.0520,5.6040,0.0010,0.0000,0,0,0.0000,0,0.0000,0,0,0,601,0
366,3.0073,10.4543,0.0041,0.0000,0,0,0.0000,0,0.0000,0,0,0,701,0
367,2.9795,10.3896,0.0015,0.0000,0,0,0.0000,0,0.0000,0,0,0,706,0
368,5.3229,5.8552,0.0027,0.0000,0,0,0.0000,0,0.0000,0,0,0,601,0
369,3.0520,5.5985,0.0011,0.0000,0,0,0.0000,0,0.0000,0,0,0,601,0
370,3.0073,10.3027,0.0035,0.0000,0,0,0.0000,0,0.0000,0,0,0,696,0
371,2.9795,10.2942,0.0034,0.0000,0,0,0.0000,0,0.0000,0,0,0,700,0
372,5.3229,5.8042,0.0024,0.0000,0,0,0.0000,0,0.0000,0,0,0,601,0
373,3.0520,5.5791,0.0008,0.0000,0,0,0.0000,0,0.0000,0,0,0,601,0
374,3.0073,10.4908,0.0022,0.0000,0,0,0.0000,0,0.0000,0,0,0,707,0
375,2.9795,10.4146,0.0014,0.0000,0,0,0.0000,0,0.0000,0,0,0,704,0
376,5.3229,5.8315,0.0027,0.0000,0,0,0.0000,0,0.0000,0,0,0,601,0
377,3.0520,5.6797,0.0010,0.0000,0,0,0.0000,0,0.0000,0,0,0,601,0
378,3.0073,11.2272,0.0014,0.0000,0,0,0.0000,0,0.0000,0,0,0,701,0
379,2.9795,11.0086,0.0029,0.0000,0,0,0.0000,0,0.0000,0,0,0,715,0
380,5.3229,5.9125,0.0035,0.0000,0,0,0.0000,0,0.0000,0,0,0,601,0
381,3.0520,5.6625,0.0009,0.0000,0,0,0.0000,0,0.0000,0,0,0,601,0
382,3.0073,10.4898,0.0037,0.0000,0,0,0.0000,0,0.0000,0,0,0,702,0
383,2.9795,10.3872,0.0009,0.0000,0,0,0.0000,0,0.0000,0,0,0,700,0
384,5.3229,6.0273,0.0043,0.0000,0,0,0.0000,0,0.0000,0,0,0,601,0
385,3.0520,5.6696,0.0018,0.0000,0,0,0.0000,0,0.0000,0,0,0,601,0
386,3.0073,10.4250,0.0035,0.0000,0,0,0.0000,0,0.0000,0,0,0,711,0
387,2.9795,10.3031,0.0016,0.0000,0,0,0.0000,0,0.0000,0,0,0,764,0
388,5.3229,5.9055,0.0034,0.0000,0,0,0.0000,0,0.0000,0,0,0,601,0
389,3.0520,5.6752,0.0046,0.0000,0,0,0.0000,0,0.0000,0,0,0,601,0
390,3.0073,10.4601,0.0025,0.0000,0,0,0.0000,0,0.0000,0,0,0,722,0
391,2.9795,10.4614,0.0014,0.0000,0,0,0.0000,0,0.0000,0,0,0,696,0
392,5.3229,5.9345,0.0034,0.0000,0,0,0.0000,0,0.0000,0,0,0,601,0
393,3.0520,5.6645,0.0012,0.0000,0,0,0.0000,0,0.0000,0,0,0,601,0
394,3.0073,10.6370,0.0015,0.0000,0,0,0.0000,0,0.0000,0,0,0,696,0
395,2.9795,10.5315,0.0006,0.0000,0,0,0.0000,0,0.0000,0,0,0,696,0
396,5.3229,5.8885,0.0020,0.0000,0,0,0.0000,0,0.0000,0,0,0,601,0
397,3.0520,5.7635,0.0015,0.0000,0,0,0.0000,0,0.0000,0,0,0,601,0
398,3.0073,10.3212,0.0016,0.0000,0,0,0.0000,0,0.0000,0,0,0,696,0
399,2.9795,10.4414,0.0008,0.0000,0,0,0.0000,0,0.0000,0,0,0,696,0
400,5.3229,6.0195,0.0053,0.0000,0,0,0.0000,0,0.0000,0,0,0,601,0
401,3.0520,5.7514,0.0013,0.0000,0,0,0.0000,0,0.0000,0,0,0,601,0
402,3.0073,10.6070,0.0018,0.0000,0,0,0.0000,0,0.0000,0,0,0,696,0
403,2.9795,10.5511,0.0009,0.0000,0,0,0.0000,0,0.0000,0,0,0,700,0
404,5.3229,5.7668,0.0028,0.0000,0,0,0.0000,0,0.0000,0,0,0,601,0
405,3.0520,5.5332,0.0011,0.0000,0,0,0.0000,0,0.0000,0,0,0,601,0
406,3.0073,10.2546,0.0030,0.0000,0,0,0.0000,0,0.0000,0,0,0,705,0
407,2.9795,10.2718,0.0016,0.0000,0,0,0.0000,0,0.0000,0,0,0,702,0
408,5.3229,5.9306,0.0038,0.0000,0,0,0.0000,0,0.0000,0,0,0,601,0
409,3.0520,5.6376,0.0007,0.0000,0,0,0.0000,0,0.0000,0,0,0,601,0
410,3.0073,10.3400,0.0015,0.0000,0,0,0.0000,0,0.0000,0,0,0,708,0
411,2.9795,10.3146,0.0008,0.0000,0,0,0.0000,0,0.0000,0,0,0,706,0
412,5.3229,5.8372,0.0027,0.0000,0,0,0.0000,0,0.0000,0,0,0,601,0
413,3.0520,5.5725,0.0012,0.0000,0,0,0.0000,0,0.0000,0,0,0,601,0
414,3.0073,10.2910,0.0025,0.0000,0,0,0.0000,0,0.0000,0,0,0,707,0
415,2.9795,10.2680,0.0009,0.0000,0,0,0.0000,0,0.0000,0,0,0,721,0
416,5.3229,5.8537,0.0022,0.0000,0,0,0.0000,0,0.0000,0,0,0,601,0
417,3.0520,5.6084,0.0010,0.0000,0,0,0.0000,0,0.0000,0,0,0,601,0
418,3.0073,10.5028,0.0065,0.0000,0,0,0.0000,0,0.0000,0,0,0,708,0
419,2.9795,10.3266,0.0064,0.0000,0,0,0.0000,0,0.0000,0,0,0,696,0
420,5.3229,6.1482,0.0045,0.0000,0,0,0.0000,0,0.0000,0,0,0,601,0
421,3.0520,5.8108,0.0017,0.0000,0,0,0.0000,0,0.0000,0,0,0,601,0
422,3.0073,10.4506,0.0034,0.0000,0,0,0.0000,0,0.0000,0,0,0,706,0
423,2.9795,10.3380,0.0019,0.0000,0,0,0.0000,0,0.0000,0,0,0,696,0
424,5.3229,6.1662,0.0016,0.0000,0,0,0.0000,0,0.0000,0,0,0,601,0
425,3.0520,5.8585,0.0054,0.0000,0,0,0.0000,0,0.0000,0,0,0,601,0
426,3.0073,10.5127,0.0026,0.0000,0,0,0.0000,0,0.0000,0,0,0,711,0
427,2.9795,10.3929,0.0014,0.0000,0,0,0.0000,0,0.0000,0,0,0,696,0
428,5.3229,5.9642,0.0043,0.0000,0,0,0.0000,0,0.0000,0,0,0,601,0
429,3.0520,5.6193,0.0016,0.0000,0,0,0.0000,0,0.0000,0,0,0,601,0
430,3.0073,10.7488,0.0049,0.0000,0,0,0.0000,0,0.0000,0,0,0,706,0
431,2.9795,10.5917,0.0048,0.0000,0,0,0.0000,0,0.0000,0,0,0,702,0
432,5.3229,6.2717,0.0039,0.0000,0,0,0.0000,0,0.0000,0,0,0,601,0
433,3.0520,5.8195,0.0010,0.0000,0,0,0.0000,0,0.0000,0,0,0,601,0
434,3.0073,10.7225,0.0026,0.0000,0,0,0.0000,0,0.0000,0,0,0,748,0
435,2.9795,10.6028,0.0017,0.0000,0,0,0.0000,0,0.0000,0,0,0,702,0
436,5.3229,5.6964,0.0027,0.0000,0,0,0.0000,0,0.0000,0,0,0,601,0
437,3.0520,5.5563,0.0012,0.0000,0,0,0.0000,0,0.0000,0,0,0,601,0
438,3.0073,10.3182,0.0031,0.0000,0,0,0.0000,0,0.0000,0,0,0,696,0
439,2.9795,10.2877,0.0015,0.0000,0,0,0.0000,0,0.0000,0,0,0,702,0
440,5.3229,6.0954,0.0036,0.0000,0,0,0.0000,0,0.0000,0,0,0,601,0
441,3.0520,5.7332,0.0035,0.0000,0,0,0.0000,0,0.0000,0,0,0,601,0
442,3.0073,10.5553,0.0016,0.0000,0,0,0.0000,0,0.0000,0,0,0,696,0
443,2.9795,10.4628,0.0016,0.0000,0,0,0.0000,0,0.0000,0,0,0,742,0
444,5.3229,5.8725,0.0030,0.0000,0,0,0.0000,0,0.0000,0,0,0,601,0
445,3.0520,5.6578,0.0013,0.0000,0,0,0.0000,0,0.0000,0,0,0,601,0
446,3.0073,10.1525,0.0027,0.0000,0,0,0.0000,0,0.0000,0,0,0,696,0
447,2.9795,10.1160,0.0012,0.0000,0,0,0.0000,0,0.0000,0,0,0,696,0
448,5.3229,5.9634,0.0050,0.0000,0,0,0.0000,0,0.0000,0,0,0,601,0
449,3.0520,5.6072,0.0050,0.0000,0,0,0.0000,0,0.0000,0,0,0,601,0
450,3.0073,10.6235,0.0026,0.0000,0,0,0.0000,0,0.0000,0,0,0,696,0
451,2.9795,10.5636,0.0015,0.0000,0,0,0.0000,0,0.0000,0,0,0,696,0
452,5.3229,5.9504,0.0030,0.0000,0,0,0.0000,0,0.0000,0,0,0,601,0
453,3.0520,5.6101,0.0010,0.0000,0,0,0.0000,0,0.0000,0,0,0,601,0
454,3.0073,10.3703,0.0033,0.0000,0,0,0.0000,0,0.0000,0,0,0,702,0
455,2.9795,10.2752,0.0018,0.0000,0,0,0.0000,0,0.0000,0,0,0,696,0
456,5.3229,5.8502,0.0027,0.0000,0,0,0.0000,0,0.0000,0,0,0,601,0
457,3.0520,5.5720,0.0019,0.0000,0,0,0.0000,0,0.0000,0,0,0,601,0
458,3.0073,10.4137,0.0019,0.0000,0,0,0.0000,0,0.0000,0,0,0,701,0
459,2.9795,10.3230,0.0020,0.0000,0,0,0.0000,0,0.0000,0,0,0,696,0
460,5.3229,5.9333,0.0067,0.0000,0,0,0.0000,0,0.0000,0,0,0,601,0
461,3.0520,5.6990,0.0017,0.0000,0,0,0.0000,0,0.0000,0,0,0,601,0
462,3.0073,10.4047,0.0059,0.0000,0,0,0.0000,0,0.0000,0,0,0,704,0
463,2.9795,10.3159,0.0023,0.0000,0,0,0.0000,0,0.0000,0,0,0,701,0
464,5.3229,6.0880,0.0027,0.0000,0,0,0.0000,0,0.0000,0,0,0,601,0
465,3.0520,5.6782,0.0008,0.0000,0,0,0.0000,0,0.0000,0,0,0,601,0
466,3.0073,10.5552,0.0028,0.0000,0,0,0.0000,0,0.0000,0,0,0,701,0
467,2.9795,10.3959,0.0019,0.0000,0,0,0.0000,0,0.0000,0,0,0,700,0
468,5.3229,6.1306,0.0067,0.0000,0,0,0.0000,0,0.0000,0,0,0,601,0
469,3.0520,5.7140,0.0067,0.0000,0,0,0.0000,0,0.0000,0,0,0,601,0
470,3.0073,11.5757,0.0126,0.0000,0,0,0.0000,0,0.0000,0,0,0,701,0
471,2.9795,11.3679,0.0125,0.0000,0,0,0.0000,0,0.0000,0,0,0,720,0
472,5.3229,7.3202,0.0095,0.0000,0,0,0.0000,0,0.0000,0,0,0,601,0
473,3.0520,6.0739,0.0032,0.0000,0,0,0.0000,0,0.0000,0,0,0,601,0
474,3.0073,10.6746,0.0070,0.0000,0,0,0.0000,0,0.0000,0,0,0,702,0
475,2.9795,10.3434,0.0029,0.0000,0,0,0.0000,0,0.0000,0,0,0,696,0
476,5.3229,7.4333,0.0088,0.0000,0,0,0.0000,0,0.0000,0,0,0,601,0
477,3.0520,6.1878,0.0030,0.0000,0,0,0.0000,0,0.0000,0,0,0,601,0
478,3.0073,9.9015,0.0092,0.0000,0,0,0.0000,0,0.0000,0,0,0,712,0
479,2.9795,10.2485,0.0031,0.0000,0,0,0.0000,0,0.0000,0,0,0,696,0
480,5.3229,6.9880,0.0106,0.0000,0,0,0.0000,0,0.0000,0,0,0,601,0
481,3.0520,5.9174,0.0024,0.0000,0,0,0.0000,0,0.0000,0,0,0,601,0
482,3.0073,10.8289,0.0156,0.0000,0,0,0.0000,0,0.0000,0,0,0,696,0
483,2.9795,10.5063,0.0156,0.0000,0,0,0.0000,0,0.0000,0,0,0,696,0
484,5.3229,7.9609,0.0083,0.0000,0,0,0.0000,0,0.0000,0,0,0,601,0
485,3.0520,7.1123,0.0018,0.0000,0,0,0.0000,0,0.0000,0,0,0,601,0
486,3.0073,10.7375,0.0066,0.0000,0,0,0.0000,0,0.0000,0,0,0,696,0
487,2.9795,10.5727,0.0015,0.0000,0,0,0.0000,0,0.0000,0,0,0,696,0
488,5.3229,7.1130,0.0130,0.0000,0,0,0.0000,0,0.0000,0,0,0,601,0
489,3.0520,6.2785,0.0130,0.0000,0,0,0.0000,0,0.0000,0,0,0,601,0
490,3.0073,12.9489,0.0096,0.0000,0,0,0.0000,0,0.0000,0,0,0,696,0
491,2.9795,12.8987,0.0017,0.0000,0,0,0.0000,0,0.0000,0,0,0,705,0
492,5.3229,6.7756,0.0072,0.0000,0,0,0.0000,0,0.0000,0,0,0,601,0
493,3.0520,5.7882,0.0072,0.0000,0,0,0.0000,0,0.0000,0,0,0,601,0
494,3.0073,10.6585,0.0064,0.0000,0,0,0.0000,0,0.0000,0,0,0,696,0
495,2.9795,10.6055,0.0024,0.0000,0,0,0.0000,0,0.0000,0,0,0,704,0
496,5.3229,7.6176,0.0068,0.0000,0,0,0.0000,0,0.0000,0,0,0,601,0
497,3.0520,5.9750,0.0027,0.0000,0,0,0.0000,0,0.0000,0,0,0,601,0
498,3.0073,10.8155,0.0060,0.0000,0,0,0.0000,0,0.0000,0,0,0,706,0
499,2.9795,10.6781,0.0015,0.0000,0,0,0.0000,0,0.0000,0,0,0,711,0
500,5.3229,7.1430,0.0095,0.0000,0,0,0.0000,0,0.0000,0,0,0,601,0
501,3.0520,6.1955,0.0030,0.0000,0,0,0.0000,0,0.0000,0,0,0,601,0
502,3.0073,10.4458,0.0066,0.0000,0,0,0.0000,0,0.0000,0,0,0,702,0
503,2.9795,10.2643,0.0016,0.0000,0,0,0.0000,0,0.0000,0,0,0,696,0
504,5.3229,6.8905,0.0159,0.0000,0,0,0.0000,0,0.0000,0,0,0,601,0
505,3.0520,6.0105,0.0020,0.0000,0,0,0.0000,0,0.0000,0,0,0,601,0
506,3.0073,10.7818,0.0033,0.0000,0,0,0.0000,0,0.0000,0,0,0,702,0
507,2.9795,10.3527,0.0094,0.0000,0,0,0.0000,0,0.0000,0,0,0,696,0
508,5.3229,6.7864,0.0061,0.0000,0,0,0.0000,0,0.0000,0,0,0,601,0
509,3.0520,5.8686,0.0018,0.0000,0,0,0.0000,0,0.0000,0,0,0,601,0
510,3.0073,10.3499,0.0067,0.0000,0,0,0.0000,0,0.0000,0,0,0,696,0
511,2.9795,8.6544,0.0032,0.0000,0,0,0.0000,0,0.0000,0,0,0,696,0
512,5.3229,8.3425,0.0069,0.0000,0,0,0.0000,0,0.0000,0,0,0,601,0
513,3.0520,6.1002,0.0045,0.0000,0,0,0.0000,0,0.0000,0,0,0,601,0
514,3.0073,10.1715,0.0045,0.0000,0,0,0.0000,0,0.0000,0,0,0,696,0
515,2.9795,10.5560,0.0015,0.0000,0,0,0.0000,0,0.0000,0,0,0,696,0
516,5.3229,6.6605,0.0082,0.0000,0,0,0.0000,0,0.0000,0,0,0,601,0
517,3.0520,5.8948,0.0036,0.0000,0,0,0.0000,0,0.0000,0,0,0,601,0
518,3.0073,11.2312,0.0064,0.0000,0,0,0.0000,0,0.0000,0,0,0,696,0
519,2.9795,10.9687,0.0066,0.0000,0,0,0.0000,0,0.0000,0,0,0,701,0
520,5.3229,7.2835,0.0018,0.0000,0,0,0.0000,0,0.0000,0,0,0,601,0
521,3.0520,6.1342,0.0079,0.0000,0,0,0.0000,0,0.0000,0,0,0,601,0
522,3.0073,13.5521,0.0072,0.0000,0,0,0.0000,0,0.0000,0,0,0,709,0
523,2.9795,13.4711,0.0015,0.0000,0,0,0.0000,0,0.0000,0,0,0,696,0
524,5.3229,6.4632,0.0093,0.0000,0,0,0.0000,0,0.0000,0,0,0,601,0
525,3.0520,5.8711,0.0012,0.0000,0,0,0.0000,0,0.0000,0,0,0,601,0
526,3.0073,10.9030,0.0103,0.0000,0,0,0.0000,0,0.0000,0,0,0,696,0
527,2.9795,10.8910,0.0013,0.0000,0,0,0.0000,0,0.0000,0,0,0,707,0
528,5.3229,6.9037,0.0073,0.0000,0,0,0.0000,0,0.0000,0,0,0,601,0
529,3.0520,5.9838,0.0072,0.0000,0,0,0.0000,0,0.0000,0,0,0,601,0
530,3.0073,10.8946,0.0081,0.0000,0,0,0.0000,0,0.0000,0,0,0,696,0
531,2.9795,10.4668,0.0081,0.0000,0,0,0.0000,0,0.0000,0,0,0,698,0
532,5.3229,6.5974,0.0060,0.0000,0,0,0.0000,0,0.0000,0,0,0,601,0
533,3.0520,6.1957,0.0018,0.0000,0,0,0.0000,0,0.0000,0,0,0,601,0
534,3.0073,9.9410,0.0050,0.0000,0,0,0.0000,0,0.0000,0,0,0,696,0
535,2.9795,10.1174,0.0014,0.0000,0,0,0.0000,0,0.0000,0,0,0,696,0
536,5.3229,6.9855,0.0102,0.0000,0,0,0.0000,0,0.0000,0,0,0,601,0
537,3.0520,6.0089,0.0102,0.0000,0,0,0.0000,0,0.0000,0,0,0,601,0
538,3.0073,10.6843,0.0041,0.0000,0,0,0.0000,0,0.0000,0,0,0,696,0
539,2.9795,10.3977,0.0041,0.0000,0,0,0.0000,0,0.0000,0,0,0,696,0
540,5.3229,6.3151,0.0045,0.0000,0,0,0.0000,0,0.0000,0,0,0,601,0
541,3.0520,6.0319,0.0021,0.0000,0,0,0.0000,0,0.0000,0,0,0,601,0
542,3.0073,10.5858,0.0064,0.0000,0,0,0.0000,0,0.0000,0,0,0,696,0
543,2.9795,10.2830,0.0011,0.0000,0,0,0.0000,0,0.0000,0,0,0,696,0
544,5.3229,6.8074,0.0068,0.0000,0,0,0.0000,0,0.0000,0,0,0,601,0
545,3.0520,5.9753,0.0044,0.0000,0,0,0.0000,0,0.0000,0,0,0,601,0
546,3.0073,10.9250,0.0095,0.0000,0,0,0.0000,0,0.0000,0,0,0,696,0
547,2.9795,10.7164,0.0093,0.0000,0,0,0.0000,0,0.0000,0,0,0,696,0
548,5.3229,6.7595,0.0078,0.0000,0,0,0.0000,0,0.0000,0,0,0,601,0
549,3.0520,5.9301,0.0018,0.0000,0,0,0.0000,0,0.0000,0,0,0,601,0
550,3.0073,10.6650,0.0045,0.0000,0,0,0.0000,0,0.0000,0,0,0,696,0
551,2.9795,10.1188,0.0072,0.0000,0,0,0.0000,0,0.0000,0,0,0,696,0
552,5.3229,6.7107,0.0098,0.0000,0,0,0.0000,0,0.0000,0,0,0,601,0
553,3.0520,5.9324,0.0018,0.0000,0,0,0.0000,0,0.0000,0,0,0,601,0
554,3.0073,9.8074,0.0050,0.0000,0,0,0.0000,0,0.0000,0,0,0,696,0
555,2.9795,9.9173,0.0032,0.0000,0,0,0.0000,0,0.0000,0,0,0,706,0
556,5.3229,7.3536,0.0075,0.0000,0,0,0.0000,0,0.0000,0,0,0,601,0
557,3.0520,6.4982,0.0025,0.0000,0,0,0.0000,0,0.0000,0,0,0,601,0
558,3.0073,11.6948,0.0065,0.0000,0,0,0.0000,0,0.0000,0,0,0,696,0
559,2.9795,11.4693,0.0011,0.0000,0,0,0.0000,0,0.0000,0,0,0,696,0
560,5.3229,6.8143,0.0062,0.0000,0,0,0.0000,0,0.0000,0,0,0,601,0
561,3.0520,5.8344,0.0061,0.0000,0,0,0.0000,0,0.0000,0,0,0,601,0
562,3.0073,12.7435,0.0098,0.0000,0,0,0.0000,0,0.0000,0,0,0,696,0
563,2.9795,12.4642,0.0034,0.0000,0,0,0.0000,0,0.0000,0,0,0,696,0
564,5.3229,6.8451,0.0086,0.0000,0,0,0.0000,0,0.0000,0,0,0,601,0
565,3.0520,5.9033,0.0019,0.0000,0,0,0.0000,0,0.0000,0,0,0,601,0
566,3.0073,10.2921,0.0054,0.0000,0,0,0.0000,0,0.0000,0,0,0,701,0
567,2.9795,10.3529,0.0195,0.0000,0,0,0.0000,0,0.0000,0,0,0,696,0
568,5.3229,7.0456,0.0090,0.0000,0,0,0.0000,0,0.0000,0,0,0,601,0
569,3.0520,5.8185,0.0022,0.0000,0,0,0.0000,0,0.0000,0,0,0,601,0
570,3.0073,10.6744,0.0069,0.0000,0,0,0.0000,0,0.0000,0,0,0,696,0
571,2.9795,10.5790,0.0025,0.0000,0,0,0.0000,0,0.0000,0,0,0,696,0
572,5.3229,6.4933,0.0059,0.0000,0,0,0.0000,0,0.0000,0,0,0,601,0
573,3.0520,5.8742,0.0038,0.0000,0,0,0.0000,0,0.0000,0,0,0,601,0
574,3.0073,10.7686,0.0031,0.0000,0,0,0.0000,0,0.0000,0,0,0,696,0
575,2.9795,10.5293,0.0027,0.0000,0,0,0.0000,0,0.0000,0,0,0,696,0
576,5.3229,6.5948,0.0073,0.0000,0,0,0.0000,0,0.0000,0,0,0,601,0
577,3.0520,6.0481,0.0073,0.0000,0,0,0.0000,0,0.0000,0,0,0,601,0
578,3.0073,11.0072,0.0065,0.0000,0,0,0.0000,0,0.0000,0,0,0,696,0
579,2.9795,10.7606,0.0065,0.0000,0,0,0.0000,0,0.0000,0,0,0,696,0
580,5.3229,6.8612,0.0079,0.0000,0,0,0.0000,0,0.0000,0,0,0,601,0
581,3.0520,5.9377,0.0030,0.0000,0,0,0.0000,0,0.0000,0,0,0,601,0
582,3.0073,11.9460,0.0067,0.0000,0,0,0.0000,0,0.0000,0,0,0,696,0
583,2.9795,12.9303,0.0029,0.0000,0,0,0.0000,0,0.0000,0,0,0,706,0
584,5.3229,6.7621,0.0075,0.0000,0,0,0.0000,0,0.0000,0,0,0,601,0
585,3.0520,5.9713,0.0023,0.0000,0,0,0.0000,0,0.0000,0,0,0,601,0
586,3.0073,10.9731,0.0082,0.0000,0,0,0.0000,0,0.0000,0,0,0,696,0
587,2.9795,10.7503,0.0035,0.0000,0,0,0.0000,0,0.0000,0,0,0,696,0
588,5.3229,15.9552,0.1028,0.0000,0,0,0.0000,0,0.0000,0,0,0,601,0
589,3.0520,11.2974,0.0012,0.0000,0,0,0.0000,0,0.0000,0,0,0,601,0
590,3.0073,10.8517,0.0011,0.0000,0,0,0.0000,0,0.0000,0,0,0,696,0
591,2.9795,10.7490,0.0010,0.0000,0,0,0.0000,0,0.0000,0,0,0,696,0
592,5.3229,6.6340,0.0077,0.0000,0,0,0.0000,0,0.0000,0,0,0,601,0
593,3.0520,5.9191,0.0077,0.0000,0,0,0.0000,0,0.0000,0,0,0,601,0
594,3.0073,10.9800,0.0087,0.0000,0,0,0.0000,0,0.0000,0,0,0,696,0
595,2.9795,10.7183,0.0048,0.0000,0,0,0.0000,0,0.0000,0,0,0,696,0
596,5.3229,6.1493,0.0054,0.0000,0,0,0.0000,0,0.0000,0,0,0,601,0
597,3.0520,5.9580,0.0017,0.0000,0,0,0.0000,0,0.0000,0,0,0,601,0
598,3.0073,12.8017,0.0086,0.0000,0,0,0.0000,0,0.0000,0,0,0,696,0
599,2.9795,12.9049,0.0012,0.0000,0,0,0.0000,0,0.0000,0,0,0,703,0
600,5.3229,6.8870,0.0100,0.0000,0,0,0.0000,0,0.0000,0,0,0,601,0
601,3.0520,5.8901,0.0100,0.0000,0,0,0.0000,0,0.0000,0,0,0,601,0
602,3.0073,10.7745,0.0065,0.0000,0,0,0.0000,0,0.0000,0,0,0,696,0
603,2.9795,10.5411,0.0065,0.0000,0,0,0.0000,0,0.0000,0,0,0,703,0
604,5.3229,6.8929,0.0070,0.0000,0,0,0.0000,0,0.0000,0,0,0,601,0
605,3.0520,5.7965,0.0011,0.0000,0,0,0.0000,0,0.0000,0,0,0,601,0
606,3.0073,10.5515,0.0080,0.0000,0,0,0.0000,0,0.0000,0,0,0,696,0
607,2.9795,10.3030,0.0029,0.0000,0,0,0.0000,0,0.0000,0,0,0,696,0
608,5.3229,6.6561,0.0119,0.0000,0,0,0.0000,0,0.0000,0,0,0,601,0
609,3.0520,5.8371,0.0014,0.0000,0,0,0.0000,0,0.0000,0,0,0,601,0
610,3.0073,11.4981,0.0080,0.0000,0,0,0.0000,0,0.0000,0,0,0,700,0
611,2.9795,10.6494,0.0025,0.0000,0,0,0.0000,0,0.0000,0,0,0,704,0
612,5.3229,6.7942,0.0075,0.0000,0,0,0.0000,0,0.0000,0,0,0,601,0
613,3.0520,5.8870,0.0030,0.0000,0,0,0.0000,0,0.0000,0,0,0,601,0
614,3.0073,10.8953,0.0279,0.0000,0,0,0.0000,0,0.0000,0,0,0,696,0
615,2.9795,11.0063,0.0016,0.0000,0,0,0.0000,0,0.0000,0,0,0,696,0
616,5.3229,6.7050,0.0061,0.0000,0,0,0.0000,0,0.0000,0,0,0,601,0
617,3.0520,5.8134,0.0016,0.0000,0,0,0.0000,0,0.0000,0,0,0,601,0
618,3.0073,11.0015,0.0103,0.0000,0,0,0.0000,0,0.0000,0,0,0,696,0
619,2.9795,10.9957,0.0025,0.0000,0,0,0.0000,0,0.0000,0,0,0,696,0
620,5.3229,7.1885,0.0068,0.0000,0,0,0.0000,0,0.0000,0,0,0,601,0
621,3.0520,6.9048,0.0012,0.0000,0,0,0.0000,0,0.0000,0,0,0,601,0
622,3.0073,10.5817,0.0021,0.0000,0,0,0.0000,0,0.0000,0,0,0,696,0
623,2.9795,10.4114,0.0010,0.0000,0,0,0.0000,0,0.0000,0,0,0,696,0
624,5.3229,6.0819,0.0032,0.0000,0,0,0.0000,0,0.0000,0,0,0,601,0
625,3.0520,5.6903,0.0011,0.0000,0,0,0.0000,0,0.0000,0,0,0,601,0
626,3.0073,10.4601,0.0019,0.0000,0,0,0.0000,0,0.0000,0,0,0,696,0
627,2.9795,10.3562,0.0013,0.0000,0,0,0.0000,0,0.0000,0,0,0,696,0
628,5.3229,6.3894,0.0081,0.0000,0,0,0.0000,0,0.0000,0,0,0,601,0
629,3.0520,6.0421,0.0032,0.0000,0,0,0.0000,0,0.0000,0,0,0,601,0
630,3.0073,10.6155,0.0065,0.0000,0,0,0.0000,0,0.0000,0,0,0,696,0
631,2.9795,10.5528,0.0032,0.0000,0,0,0.0000,0,0.0000,0,0,0,696,0
632,5.3229,6.3587,0.0045,0.0000,0,0,0.0000,0,0.0000,0,0,0,601,0
633,3.0520,5.9938,0.0030,0.0000,0,0,0.0000,0,0.0000,0,0,0,601,0
634,3.0073,10.9537,0.0048,0.0000,0,0,0.0000,0,0.0000,0,0,0,696,0
635,2.9795,10.5500,0.0048,0.0000,0,0,0.0000,0,0.0000,0,0,0,696,0
636,5.3229,6.4029,0.0057,0.0000,0,0,0.0000,0,0.0000,0,0,0,601,0
637,3.0520,5.9052,0.0030,0.0000,0,0,0.0000,0,0.0000,0,0,0,601,0
638,3.0073,10.6920,0.0054,0.0000,0,0,0.0000,0,0.0000,0,0,0,696,0
639,2.9795,10.3398,0.0055,0.0000,0,0,0.0000,0,0.0000,0,0,0,696,0
640,5.3229,6.2093,0.0057,0.0000,0,0,0.0000,0,0.0000,0,0,0,601,0
641,3.0520,5.6627,0.0012,0.0000,0,0,0.0000,0,0.0000,0,0,0,601,0
642,3.0073,10.4617,0.0060,0.0000,0,0,0.0000,0,0.0000,0,0,0,696,0
643,2.9795,10.3222,0.0034,0.0000,0,0,0.0000,0,0.0000,0,0,0,696,0
644,5.3229,6.3432,0.0091,0.0000,0,0,0.0000,0,0.0000,0,0,0,601,0
645,3.0520,5.8790,0.0027,0.0000,0,0,0.0000,0,0.0000,0,0,0,601,0
646,3.0073,13.5890,0.0061,0.0000,0,0,0.0000,0,0.0000,0,0,0,696,0
647,2.9795,13.3987,0.0011,0.0000,0,0,0.0000,0,0.0000,0,0,0,696,0
648,5.3229,6.5429,0.0054,0.0000,0,0,0.0000,0,0.0000,0,0,0,601,0
649,3.0520,6.2195,0.0027,0.0000,0,0,0.0000,0,0.0000,0,0,0,601,0
650,3.0073,10.3245,0.0062,0.0000,0,0,0.0000,0,0.0000,0,0,0,696,0
651,2.9795,10.3163,0.0030,0.0000,0,0,0.0000,0,0.0000,0,0,0,696,0
652,5.3229,7.1312,0.0062,0.0000,0,0,0.0000,0,0.0000,0,0,0,601,0
653,3.0520,6.2423,0.0011,0.0000,0,0,0.0000,0,0.0000,0,0,0,601,0
654,3.0073,11.2195,0.0060,0.0000,0,0,0.0000,0,0.0000,0,0,0,700,0
655,2.9795,6.3717,0.0017,0.0000,0,0,0.0000,0,0.0000,0,0,0,696,0
656,5.3229,6.8880,0.0048,0.0000,0,0,0.0000,0,0.0000,0,0,0,601,0
657,3.0520,6.2410,0.0014,0.0000,0,0,0.0000,0,0.0000,0,0,0,601,0
658,3.0073,11.3250,0.0173,0.0000,0,0,0.0000,0,0.0000,0,0,0,696,0
659,2.9795,11.0851,0.0039,0.0000,0,0,0.0000,0,0.0000,0,0,0,696,0
660,5.3229,7.5385,0.0071,0.0000,0,0,0.0000,0,0.0000,0,0,0,601,0
661,3.0520,6.8574,0.0015,0.0000,0,0,0.0000,0,0.0000,0,0,0,601,0
662,3.0073,11.8168,0.0043,0.0000,0,0,0.0000,0,0.0000,0,0,0,696,0
663,2.9795,11.5236,0.0130,0.0000,0,0,0.0000,0,0.0000,0,0,0,696,0
664,5.3229,7.0009,0.0069,0.0000,0,0,0.0000,0,0.0000,0,0,0,601,0
665,3.0520,6.0204,0.0034,0.0000,0,0,0.0000,0,0.0000,0,0,0,601,0
666,3.0073,10.9781,0.0105,0.0000,0,0,0.0000,0,0.0000,0,0,0,696,0
667,2.9795,10.9367,0.0016,0.0000,0,0,0.0000,0,0.0000,0,0,0,696,0
668,5.3229,6.9950,0.0100,0.0000,0,0,0.0000,0,0.0000,0,0,0,601,0
669,3.0520,5.9939,0.0389,0.0000,0,0,0.0000,0,0.0000,0,0,0,601,0
670,3.0073,11.3890,0.0032,0.0000,0,0,0.0000,0,0.0000,0,0,0,696,0
671,2.9795,10.9532,0.0043,0.0000,0,0,0.0000,0,0.0000,0,0,0,696,0
672,5.3229,6.5697,0.0061,0.0000,0,0,0.0000,0,0.0000,0,0,0,601,0
673,3.0520,6.0534,0.0062,0.0000,0,0,0.0000,0,0.0000,0,0,0,601,0
674,3.0073,11.0209,0.0055,0.0000,0,0,0.0000,0,0.0000,0,0,0,696,0
675,2.9795,10.9724,0.0018,0.0000,0,0,0.0000,0,0.0000,0,0,0,696,0
676,5.3229,6.7728,0.0017,0.0000,0,0,0.0000,0,0.0000,0,0,0,601,0
677,3.0520,5.9449,0.0066,0.0000,0,0,0.0000,0,0.0000,0,0,0,601,0
678,3.0073,10.8742,0.0055,0.0000,0,0,0.0000,0,0.0000,0,0,0,696,0
679,2.9795,10.6839,0.0030,0.0000,0,0,0.0000,0,0.0000,0,0,0,696,0
680,5.3229,6.6573,0.0077,0.0000,0,0,0.0000,0,0.0000,0,0,0,601,0
681,3.0520,7.6193,0.0044,0.0000,0,0,0.0000,0,0.0000,0,0,0,601,0
682,3.0073,8.2683,0.0053,0.0000,0,0,0.0000,0,0.0000,0,0,0,696,0
683,2.9795,10.2215,0.0035,0.0000,0,0,0.0000,0,0.0000,0,0,0,696,0
684,5.3229,6.9218,0.0081,0.0000,0,0,0.0000,0,0.0000,0,0,0,601,0
685,3.0520,6.4860,0.0025,0.0000,0,0,0.0000,0,0.0000,0,0,0,601,0
686,3.0073,10.6765,0.0056,0.0000,0,0,0.0000,0,0.0000,0,0,0,696,0
687,2.9795,10.4679,0.0056,0.0000,0,0,0.0000,0,0.0000,0,0,0,696,0
688,5.3229,6.9248,0.0067,0.0000,0,0,0.0000,0,0.0000,0,0,0,601,0
689,3.0520,5.8720,0.0019,0.0000,0,0,0.0000,0,0.0000,0,0,0,601,0
690,3.0073,10.7052,0.0178,0.0000,0,0,0.0000,0,0.0000,0,0,0,696,0
691,2.9795,10.2460,0.0013,0.0000,0,0,0.0000,0,0.0000,0,0,0,696,0
692,5.3229,6.4183,0.0103,0.0000,0,0,0.0000,0,0.0000,0,0,0,601,0
693,3.0520,5.9545,0.0024,0.0000,0,0,0.0000,0,0.0000,0,0,0,601,0
694,3.0073,9.8578,0.0069,0.0000,0,0,0.0000,0,0.0000,0,0,0,696,0
695,2.9795,9.7031,0.0020,0.0000,0,0,0.0000,0,0.0000,0,0,0,696,0
696,5.3229,6.4084,0.0063,0.0000,0,0,0.0000,0,0.0000,0,0,0,601,0
697,3.0520,5.7743,0.0018,0.0000,0,0,0.0000,0,0.0000,0,0,0,601,0
698,3.0073,10.0592,0.0065,0.0000,0,0,0.0000,0,0.0000,0,0,0,696,0
699,2.9795,10.1087,0.0020,0.0000,0,0,0.0000,0,0.0000,0,0,0,696,0
700,5.3229,7.7968,0.0053,0.0000,0,0,0.0000,0,0.0000,0,0,0,601,0
701,3.0520,7.2578,0.0014,0.0000,0,0,0.0000,0,0.0000,0,0,0,601,0
702,3.0073,10.0255,0.0047,0.0000,0,0,0.0000,0,0.0000,0,0,0,696,0
703,2.9795,9.6943,0.0019,0.0000,0,0,0.0000,0,0.0000,0,0,0,696,0
704,5.3229,6.0598,0.0058,0.0000,0,0,0.0000,0,0.0000,0,0,0,601,0
705,3.0520,5.7235,0.0016,0.0000,0,0,0.0000,0,0.0000,0,0,0,601,0
706,3.0073,9.7373,0.0046,0.0000,0,0,0.0000,0,0.0000,0,0,0,696,0
707,2.9795,10.0243,0.0018,0.0000,0,0,0.0000,0,0.0000,0,0,0,696,0
708,5.3229,6.2398,0.0063,0.0000,0,0,0.0000,0,0.0000,0,0,0,601,0
709,3.0520,5.6585,0.0015,0.0000,0,0,0.0000,0,0.0000,0,0,0,601,0
710,3.0073,10.5330,0.0070,0.0000,0,0,0.0000,0,0.0000,0,0,0,696,0
711,2.9795,10.3169,0.0069,0.0000,0,0,0.0000,0,0.0000,0,0,0,696,0
712,5.3229,6.2433,0.0095,0.0000,0,0,0.0000,0,0.0000,0,0,0,601,0
713,3.0520,5.6220,0.0016,0.0000,0,0,0.0000,0,0.0000,0,0,0,601,0
714,3.0073,10.3540,0.0049,0.0000,0,0,0.0000,0,0.0000,0,0,0,696,0
715,2.9795,10.2538,0.0014,0.0000,0,0,0.0000,0,0.0000,0,0,0,696,0
716,5.3229,6.2477,0.0094,0.0000,0,0,0.0000,0,0.0000,0,0,0,601,0
717,3.0520,5.7896,0.0016,0.0000,0,0,0.0000,0,0.0000,0,0,0,601,0
718,3.0073,10.1913,0.0056,0.0000,0,0,0.0000,0,0.0000,0,0,0,696,0
719,2.9795,10.1778,0.0013,0.0000,0,0,0.0000,0,0.0000,0,0,0,696,0
720,5.3229,43.5474,0.0232,0.0000,0,0,0.0000,0,0.0000,0,1,0,60271,0
721,3.0520,29.3495,0.0103,0.0000,0,0,0.0000,0,0.0000,0,1,0,43482,0
722,3.0073,26.4312,0.0183,0.0000,0,0,0.0000,0,0.0000,0,1,0,59828,0
723,2.9795,25.3985,0.0112,0.0000,0,0,0.0000,0,0.0000,0,1,0,68126,0
724,5.3229,5.8407,0.0092,0.0000,0,0,0.0000,0,0.0000,0,0,0,16498,0
725,3.0520,5.5999,0.0055,0.0000,0,0,0.0000,0,0.0000,0,0,0,14403,0
726,3.0073,10.4637,0.0265,0.0000,0,0,0.0000,0,0.0000,0,0,0,17862,0
727,2.9795,10.4480,0.0051,0.0000,0,0,0.0000,0,0.0000,0,0,0,17138,0
728,5.3229,5.7841,0.0039,0.0000,0,0,0.0000,0,0.0000,0,0,0,9226,0
729,3.0520,5.6116,0.0015,0.0000,0,0,0.0000,0,0.0000,0,0,0,6914,0
730,3.0073,10.4946,0.0028,0.0000,0,0,0.0000,0,0.0000,0,0,0,11125,0
731,2.9795,10.4380,0.0018,0.0000,0,0,0.0000,0,0.0000,0,0,0,9621,0
732,5.3229,5.7803,0.0039,0.0000,0,0,0.0000,0,0.0000,0,0,0,17369,0
733,3.0520,5.5881,0.0024,0.0000,0,0,0.0000,0,0.0000,0,0,0,16755,0
734,3.0073,10.4048,0.0069,0.0000,0,0,0.0000,0,0.0000,0,0,0,19658,0
735,2.9795,10.3793,0.0022,0.0000,0,0,0.0000,0,0.0000,0,0,0,15622,0
736,5.3229,5.9075,0.0077,0.0000,0,0,0.0000,0,0.0000,0,0,0,23309,0
737,3.0520,5.6705,0.0020,0.0000,0,0,0.0000,0,0.0000,0,0,0,20346,0
738,3.0073,10.4747,0.0188,0.0000,0,0,0.0000,0,0.0000,0,0,0,22802,0
739,2.9795,10.4482,0.0027,0.0000,0,0,0.0000,0,0.0000,0,0,0,21407,0
740,5.3229,5.7588,0.0038,0.0000,0,0,0.0000,0,0.0000,0,0,0,13027,0
741,3.0520,5.5337,0.0021,0.0000,0,0,0.0000,0,0.0000,0,0,0,11737,0
742,3.0073,10.4475,0.0083,0.0000,0,0,0.0000,0,0.0000,0,0,0,12722,0
743,2.9795,10.3996,0.0022,0.0000,0,0,0.0000,0,0.0000,0,0,0,16214,0
744,5.3229,5.7077,0.0030,0.0000,0,0,0.0000,0,0.0000,0,0,0,7002,0
745,3.0520,5.5475,0.0013,0.0000,0,0,0.0000,0,0.0000,0,0,0,5132,0
746,3.0073,10.3535,0.0098,0.0000,0,0,0.0000,0,0.0000,0,0,0,7491,0
747,2.9795,10.3229,0.0010,0.0000,0,0,0.0000,0,0.0000,0,0,0,4790,0
748,5.3229,5.8068,0.0038,0.0000,0,0,0.0000,0,0.0000,0,0,0,3933,0
749,3.0520,5.5728,0.0015,0.0000,0,0,0.0000,0,0.0000,0,0,0,3799,0
750,3.0073,10.6257,0.0050,0.0000,0,0,0.0000,0,0.0000,0,0,0,4399,0
751,2.9795,10.5469,0.0017,0.0000,0,0,0.0000,0,0.0000,0,0,0,3276,0
752,5.3229,5.7497,0.0035,0.0000,0,0,0.0000,0,0.0000,0,0,0,3260,0
753,3.0520,5.6256,0.0051,0.0000,0,0,0.0000,0,0.0000,0,0,0,2850,0
754,3.0073,10.3540,0.0031,0.0000,0,0,0.0000,0,0.0000,0,0,0,3280,0
755,2.9795,10.3343,0.0012,0.0000,0,0,0.0000,0,0.0000,0,0,0,2761,0
756,5.3229,5.7951,0.0043,0.0000,0,0,0.0000,0,0.0000,0,0,0,3090,0
757,3.0520,5.5543,0.0007,0.0000,0,0,0.0000,0,0.0000,0,0,0,2691,0
758,3.0073,10.4131,0.0029,0.0000,0,0,0.0000,0,0.0000,0,0,0,3020,0
759,2.9795,10.2744,0.0010,0.0000,0,0,0.0000,0,0.0000,0,0,0,2648,0
760,5.3229,5.8237,0.0037,0.0000,0,0,0.0000,0,0.0000,0,0,0,2664,0
761,3.0520,5.6300,0.0012,0.0000,0,0,0.0000,0,0.0000,0,0,0,2213,0
762,3.0073,10.5304,0.0026,0.0000,0,0,0.0000,0,0.0000,0,0,0,1084,0
763,2.9795,10.3674,0.0010,0.0000,0,0,0.0000,0,0.0000,0,0,0,2638,0
764,5.3229,5.8918,0.0086,0.0000,0,0,0.0000,0,0.0000,0,0,0,1673,0
765,3.0520,5.6196,0.0013,0.0000,0,0,0.0000,0,0.0000,0,0,0,1302,0
766,3.0073,10.4001,0.0027,0.0000,0,0,0.0000,0,0.0000,0,0,0,959,0
767,2.9795,10.2843,0.0012,0.0000,0,0,0.0000,0,0.0000,0,0,0,2173,0
768,5.3229,5.9144,0.0043,0.0000,0,0,0.0000,0,0.0000,0,0,0,1538,0
769,3.0520,5.6150,0.0029,0.0000,0,0,0.0000,0,0.0000,0,0,0,1107,0
770,3.0073,10.7169,0.0030,0.0000,0,0,0.0000,0,0.0000,0,0,0,819,0
771,2.9795,10.6156,0.0030,0.0000,0,0,0.0000,0,0.0000,0,0,0,1668,0
772,5.3229,5.7927,0.0039,0.0000,0,0,0.0000,0,0.0000,0,0,0,1248,0
773,3.0520,5.5152,0.0013,0.0000,0,0,0.0000,0,0.0000,0,0,0,944,0
774,3.0073,10.4542,0.0040,0.0000,0,0,0.0000,0,0.0000,0,0,0,945,0
775,2.9795,10.3256,0.0011,0.0000,0,0,0.0000,0,0.0000,0,0,0,743,0
776,5.3229,5.6679,0.0032,0.0000,0,0,0.0000,0,0.0000,0,0,0,1198,0
777,3.0520,5.4977,0.0011,0.0000,0,0,0.0000,0,0.0000,0,0,0,836,0
778,3.0073,10.4673,0.0023,0.0000,0,0,0.0000,0,0.0000,0,0,0,1250,0
779,2.9795,10.4490,0.0010,0.0000,0,0,0.0000,0,0.0000,0,0,0,717,0
780,5.3229,5.7552,0.0032,0.0000,0,0,0.0000,0,0.0000,0,0,0,1168,0
781,3.0520,5.5775,0.0011,0.0000,0,0,0.0000,0,0.0000,0,0,0,792,0
782,3.0073,10.4333,0.0024,0.0000,0,0,0.0000,0,0.0000,0,0,0,1108,0
783,2.9795,10.3920,0.0014,0.0000,0,0,0.0000,0,0.0000,0,0,0,792,0
784,5.3229,5.7604,0.0031,0.0000,0,0,0.0000,0,0.0000,0,0,0,1037,0
785,3.0520,5.4902,0.0031,0.0000,0,0,0.0000,0,0.0000,0,0,0,722,0
786,3.0073,10.4827,0.0012,0.0000,0,0,0.0000,0,0.0000,0,0,0,1361,0
787,2.9795,10.3391,0.0032,0.0000,0,0,0.0000,0,0.0000,0,0,0,925,0
788,5.3229,5.7577,0.0022,0.0000,0,0,0.0000,0,0.0000,0,0,0,987,0
789,3.0520,5.4750,0.0022,0.0000,0,0,0.0000,0,0.0000,0,0,0,676,0
790,3.0073,10.4456,0.0005,0.0000,0,0,0.0000,0,0.0000,0,0,0,1198,0
791,2.9795,10.2223,0.0030,0.0000,0,0,0.0000,0,0.0000,0,0,0,1094,0
792,5.3229,5.8232,0.0038,0.0000,0,0,0.0000,0,0.0000,0,0,0,879,0
793,3.0520,5.5400,0.0011,0.0000,0,0,0.0000,0,0.0000,0,0,0,648,0
794,3.0073,10.4348,0.0010,0.0000,0,0,0.0000,0,0.0000,0,0,0,1117,0
795,2.9795,10.3247,0.0030,0.0000,0,0,0.0000,0,0.0000,0,0,0,1077,0
796,5.3229,5.8035,0.0043,0.0000,0,0,0.0000,0,0.0000,0,0,0,746,0
797,3.0520,5.5720,0.0009,0.0000,0,0,0.0000,0,0.0000,0,0,0,643,0
798,3.0073,10.5550,0.0025,0.0000,0,0,0.0000,0,0.0000,0,0,0,1064,0
799,2.9795,10.4500,0.0025,0.0000,0,0,0.0000,0,0.0000,0,0,0,1295,0
800,5.3229,5.7537,0.0028,0.0000,0,0,0.0000,0,0.0000,0,0,0,687,0
801,3.0520,5.5628,0.0009,0.0000,0,0,0.0000,0,0.0000,0,0,0,622,0
802,3.0073,10.4497,0.0032,0.0000,0,0,0.0000,0,0.0000,0,0,0,1368,0
803,2.9795,10.4195,0.0010,0.0000,0,0,0.0000,0,0.0000,0,0,0,709,0
804,5.3229,5.8252,0.0024,0.0000,0,0,0.0000,0,0.0000,0,0,0,716,0
805,3.0520,5.5998,0.0010,0.0000,0,0,0.0000,0,0.0000,0,0,0,620,0
806,3.0073,10.5833,0.0026,0.0000,0,0,0.0000,0,0.0000,0,0,0,710,0
807,2.9795,10.4977,0.0008,0.0000,0,0,0.0000,0,0.0000,0,0,0,715,0
808,5.3229,5.8306,0.0032,0.0000,0,0,0.0000,0,0.0000,0,0,0,717,0
809,3.0520,5.5639,0.0011,0.0000,0,0,0.0000,0,0.0000,0,0,0,613,0
810,3.0073,10.4803,0.0027,0.0000,0,0,0.0000,0,0.0000,0,0,0,696,0
811,2.9795,10.4214,0.0010,0.0000,0,0,0.0000,0,0.0000,0,0,0,724,0
812,5.3229,5.8015,0.0025,0.0000,0,0,0.0000,0,0.0000,0,0,0,685,0
813,3.0520,5.5961,0.0008,0.0000,0,0,0.0000,0,0.0000,0,0,0,617,0
814,3.0073,10.4696,0.0075,0.0000,0,0,0.0000,0,0.0000,0,0,0,755,0
815,2.9795,10.3211,0.0006,0.0000,0,0,0.0000,0,0.0000,0,0,0,779,0
816,5.3229,5.6823,0.0014,0.0000,0,0,0.0000,0,0.0000,0,0,0,664,0
817,3.0520,5.5293,0.0005,0.0000,0,0,0.0000,0,0.0000,0,0,0,622,0
818,3.0073,10.3697,0.0008,0.0000,0,0,0.0000,0,0.0000,0,0,0,785,0
819,2.9795,10.3698,0.0011,0.0000,0,0,0.0000,0,0.0000,0,0,0,906,0
820,5.3229,5.7168,0.0022,0.0000,0,0,0.0000,0,0.0000,0,0,0,636,0
821,3.0520,5.5873,0.0010,0.0000,0,0,0.0000,0,0.0000,0,0,0,626,0
822,3.0073,10.3471,0.0010,0.0000,0,0,0.0000,0,0.0000,0,0,0,868,0
823,2.9795,10.3228,0.0005,0.0000,0,0,0.0000,0,0.0000,0,0,0,830,0
824,5.3229,5.7514,0.0025,0.0000,0,0,0.0000,0,0.0000,0,0,0,635,0
825,3.0520,5.5357,0.0010,0.0000,0,0,0.0000,0,0.0000,0,0,0,608,0
826,3.0073,10.2853,0.0021,0.0000,0,0,0.0000,0,0.0000,0,0,0,801,0
827,2.9795,10.2364,0.0005,0.0000,0,0,0.0000,0,0.0000,0,0,0,966,0
828,5.3229,5.6643,0.0022,0.0000,0,0,0.0000,0,0.0000,0,0,0,650,0
829,3.0520,5.5180,0.0006,0.0000,0,0,0.0000,0,0.0000,0,0,0,606,0
830,3.0073,10.4582,0.0026,0.0000,0,0,0.0000,0,0.0000,0,0,0,1017,0
831,2.9795,10.3940,0.0008,0.0000,0,0,0.0000,0,0.0000,0,0,0,705,0
832,5.3229,5.7528,0.0023,0.0000,0,0,0.0000,0,0.0000,0,0,0,646,0
833,3.0520,5.6315,0.0006,0.0000,0,0,0.0000,0,0.0000,0,0,0,607,0
834,3.0073,10.4011,0.0009,0.0000,0,0,0.0000,0,0.0000,0,0,0,933,0
835,2.9795,10.4332,0.0007,0.0000,0,0,0.0000,0,0.0000,0,0,0,703,0
836,5.3229,5.6866,0.0034,0.0000,0,0,0.0000,0,0.0000,0,0,0,651,0
837,3.0520,5.5703,0.0010,0.0000,0,0,0.0000,0,0.0000,0,0,0,609,0
838,3.0073,10.2477,0.0021,0.0000,0,0,0.0000,0,0.0000,0,0,0,926,0
839,2.9795,10.2210,0.0011,0.0000,0,0,0.0000,0,0.0000,0,0,0,728,0
840,5.3229,5.6918,0.0025,0.0000,0,0,0.0000,0,0.0000,0,0,0,638,0
841,3.0520,5.4668,0.0008,0.0000,0,0,0.0000,0,0.0000,0,0,0,601,0
842,3.0073,10.4204,0.0025,0.0000,0,0,0.0000,0,0.0000,0,0,0,856,0
843,2.9795,10.3744,0.0008,0.0000,0,0,0.0000,0,0.0000,0,0,0,752,0
844,5.3229,5.7145,0.0027,0.0000,0,0,0.0000,0,0.0000,0,0,0,623,0
845,3.0520,5.5541,0.0009,0.0000,0,0,0.0000,0,0.0000,0,0,0,601,0
846,3.0073,10.4662,0.0018,0.0000,0,0,0.0000,0,0.0000,0,0,0,1082,0
847,2.9795,10.4381,0.0010,0.0000,0,0,0.0000,0,0.0000,0,0,0,805,0
848,5.3229,5.8549,0.0026,0.0000,0,0,0.0000,0,0.0000,0,0,0,626,0
849,3.0520,5.6089,0.0010,0.0000,0,0,0.0000,0,0.0000,0,0,0,601,0
850,3.0073,10.4900,0.0013,0.0000,0,0,0.0000,0,0.0000,0,0,0,712,0
851,2.9795,10.4782,0.0007,0.0000,0,0,0.0000,0,0.0000,0,0,0,775,0
852,5.3229,5.8440,0.0061,0.0000,0,0,0.0000,0,0.0000,0,0,0,622,0
853,3.0520,5.5489,0.0005,0.0000,0,0,0.0000,0,0.0000,0,0,0,601,0
854,3.0073,10.3622,0.0013,0.0000,0,0,0.0000,0,0.0000,0,0,0,709,0
855,2.9795,10.3274,0.0011,0.0000,0,0,0.0000,0,0.0000,0,0,0,911,0
856,5.3229,5.7905,0.0026,0.0000,0,0,0.0000,0,0.0000,0,0,0,611,0
857,3.0520,5.5056,0.0005,0.0000,0,0,0.0000,0,0.0000,0,0,0,601,0
858,3.0073,10.4878,0.0017,0.0000,0,0,0.0000,0,0.0000,0,0,0,723,0
859,2.9795,10.4142,0.0009,0.0000,0,0,0.0000,0,0.0000,0,0,0,698,0
860,5.3229,5.8886,0.0024,0.0000,0,0,0.0000,0,0.0000,0,0,0,618,0
861,3.0520,5.6075,0.0024,0.0000,0,0,0.0000,0,0.0000,0,0,0,601,0
862,3.0073,10.4646,0.0030,0.0000,0,0,0.0000,0,0.0000,0,0,0,744,0
863,2.9795,10.3915,0.0009,0.0000,0,0,0.0000,0,0.0000,0,0,0,696,0
864,5.3229,5.8896,0.0031,0.0000,0,0,0.0000,0,0.0000,0,0,0,605,0
865,3.0520,5.6288,0.0005,0.0000,0,0,0.0000,0,0.0000,0,0,0,601,0
866,3.0073,10.4542,0.0015,0.0000,0,0,0.0000,0,0.0000,0,0,0,786,0
867,2.9795,10.4263,0.0009,0.0000,0,0,0.0000,0,0.0000,0,0,0,704,0
868,5.3229,5.7539,0.0015,0.0000,0,0,0.0000,0,0.0000,0,0,0,606,0
869,3.0520,5.5293,0.0003,0.0000,0,0,0.0000,0,0.0000,0,0,0,601,0
870,3.0073,10.3712,0.0023,0.0000,0,0,0.0000,0,0.0000,0,0,0,780,0
871,2.9795,10.3498,0.0011,0.0000,0,0,0.0000,0,0.0000,0,0,0,741,0
872,5.3229,5.8210,0.0026,0.0000,0,0,0.0000,0,0.0000,0,0,0,605,0
873,3.0520,5.5648,0.0026,0.0000,0,0,0.0000,0,0.0000,0,0,0,601,0
874,3.0073,10.3857,0.0018,0.0000,0,0,0.0000,0,0.0000,0,0,0,808,0
875,2.9795,10.3125,0.0008,0.0000,0,0,0.0000,0,0.0000,0,0,0,758,0
876,5.3229,5.7779,0.0021,0.0000,0,0,0.0000,0,0.0000,0,0,0,606,0
877,3.0520,5.5757,0.0008,0.0000,0,0,0.0000,0,0.0000,0,0,0,601,0
878,3.0073,10.5157,0.0027,0.0000,0,0,0.0000,0,0.0000,0,0,0,795,0
879,2.9795,10.4066,0.0027,0.0000,0,0,0.0000,0,0.0000,0,0,0,738,0
880,5.3229,5.7855,0.0022,0.0000,0,0,0.0000,0,0.0000,0,0,0,601,0
881,3.0520,5.5836,0.0010,0.0000,0,0,0.0000,0,0.0000,0,0,0,601,0
882,3.0073,10.5809,0.0049,0.0000,0,0,0.0000,0,0.0000,0,0,0,771,0
883,2.9795,10.4749,0.0050,0.0000,0,0,0.0000,0,0.0000,0,0,0,836,0
884,5.3229,6.2303,0.0045,0.0000,0,0,0.0000,0,0.0000,0,0,0,601,0
885,3.0520,5.8428,0.0018,0.0000,0,0,0.0000,0,0.0000,0,0,0,601,0
886,3.0073,10.1306,0.0050,0.0000,0,0,0.0000,0,0.0000,0,0,0,779,0
887,2.9795,10.0442,0.0020,0.0000,0,0,0.0000,0,0.0000,0,0,0,698,0
888,5.3229,6.5748,0.0060,0.0000,0,0,0.0000,0,0.0000,0,0,0,601,0
889,3.0520,5.8459,0.0015,0.0000,0,0,0.0000,0,0.0000,0,0,0,601,0
890,3.0073,9.9876,0.0029,0.0000,0,0,0.0000,0,0.0000,0,0,0,967,0
891,2.9795,10.1807,0.0052,0.0000,0,0,0.0000,0,0.0000,0,0,0,696,0
892,5.3229,6.8264,0.0033,0.0000,0,0,0.0000,0,0.0000,0,0,0,601,0
893,3.0520,6.5105,0.0033,0.0000,0,0,0.0000,0,0.0000,0,0,0,601,0
894,3.0073,10.4270,0.0028,0.0000,0,0,0.0000,0,0.0000,0,0,0,710,0
895,2.9795,10.3471,0.0010,0.0000,0,0,0.0000,0,0.0000,0,0,0,700,0
896,5.3229,6.3130,0.0059,0.0000,0,0,0.0000,0,0.0000,0,0,0,601,0
897,3.0520,5.7899,0.0016,0.0000,0,0,0.0000,0,0.0000,0,0,0,601,0
898,3.0073,10.3012,0.0024,0.0000,0,0,0.0000,0,0.0000,0,0,0,703,0
899,2.9795,10.3038,0.0006,0.0000,0,0,0.0000,0,0.0000,0,0,0,721,0
900,5.3229,6.0180,0.0064,0.0000,0,0,0.0000,0,0.0000,0,0,0,601,0
901,3.0520,5.8321,0.0017,0.0000,0,0,0.0000,0,0.0000,0,0,0,601,0
902,3.0073,13.6837,0.0012,0.0000,0,0,0.0000,0,0.0000,0,0,0,708,0
903,2.9795,13.5541,0.0036,0.0000,0,0,0.0000,0,0.0000,0,0,0,783,0
904,5.3229,6.1072,0.0028,0.0000,0,0,0.0000,0,0.0000,0,0,0,601,0
905,3.0520,5.6658,0.0005,0.0000,0,0,0.0000,0,0.0000,0,0,0,601,0
906,3.0073,10.5701,0.0033,0.0000,0,0,0.0000,0,0.0000,0,0,0,751,0
907,2.9795,9.7966,0.0033,0.0000,0,0,0.0000,0,0.0000,0,0,0,755,0
908,5.3229,6.0404,0.0026,0.0000,0,0,0.0000,0,0.0000,0,0,0,601,0
909,3.0520,5.8382,0.0008,0.0000,0,0,0.0000,0,0.0000,0,0,0,601,0
910,3.0073,9.6454,0.0029,0.0000,0,0,0.0000,0,0.0000,0,0,0,762,0
911,2.9795,9.5835,0.0012,0.0000,0,0,0.0000,0,0.0000,0,0,0,801,0
912,5.3229,6.2088,0.0058,0.0000,0,0,0.0000,0,0.0000,0,0,0,601,0
913,3.0520,5.8086,0.0018,0.0000,0,0,0.0000,0,0.0000,0,0,0,601,0
914,3.0073,10.4098,0.0054,0.0000,0,0,0.0000,0,0.0000,0,0,0,747,0
915,2.9795,10.3622,0.0018,0.0000,0,0,0.0000,0,0.0000,0,0,0,696,0
916,5.3229,6.0378,0.0035,0.0000,0,0,0.0000,0,0.0000,0,0,0,601,0
917,3.0520,5.6473,0.0010,0.0000,0,0,0.0000,0,0.0000,0,0,0,601,0
918,3.0073,10.0292,0.0023,0.0000,0,0,0.0000,0,0.0000,0,0,0,830,0
919,2.9795,9.7683,0.0008,0.0000,0,0,0.0000,0,0.0000,0,0,0,701,0
920,5.3229,6.5008,0.0030,0.0000,0,0,0.0000,0,0.0000,0,0,0,601,0
921,3.0520,5.8816,0.0029,0.0000,0,0,0.0000,0,0.0000,0,0,0,601,0
922,3.0073,10.4649,0.0040,0.0000,0,0,0.0000,0,0.0000,0,0,0,769,0
923,2.9795,9.9304,0.0017,0.0000,0,0,0.0000,0,0.0000,0,0,0,696,0
924,5.3229,6.0800,0.0064,0.0000,0,0,0.0000,0,0.0000,0,0,0,601,0
925,3.0520,5.7422,0.0017,0.0000,0,0,0.0000,0,0.0000,0,0,0,601,0
926,3.0073,9.6018,0.0028,0.0000,0,0,0.0000,0,0.0000,0,0,0,728,0
927,2.9795,9.3206,0.0006,0.0000,0,0,0.0000,0,0.0000,0,0,0,717,0
928,5.3229,5.8896,0.0155,0.0000,0,0,0.0000,0,0.0000,0,0,0,601,0
929,3.0520,5.6314,0.0006,0.0000,0,0,0.0000,0,0.0000,0,0,0,601,0
930,3.0073,10.5093,0.0030,0.0000,0,0,0.0000,0,0.0000,0,0,0,726,0
931,2.9795,10.4868,0.0029,0.0000,0,0,0.0000,0,0.0000,0,0,0,731,0
932,5.3229,5.9896,0.0057,0.0000,0,0,0.0000,0,0.0000,0,0,0,601,0
933,3.0520,5.7351,0.0011,0.0000,0,0,0.0000,0,0.0000,0,0,0,601,0
934,3.0073,11.9347,0.0065,0.0000,0,0,0.0000,0,0.0000,0,0,0,833,0
935,2.9795,12.0145,0.0022,0.0000,0,0,0.0000,0,0.0000,0,0,0,722,0
936,5.3229,5.8481,0.0040,0.0000,0,0,0.0000,0,0.0000,0,0,0,601,0
937,3.0520,5.5448,0.0013,0.0000,0,0,0.0000,0,0.0000,0,0,0,601,0
938,3.0073,10.4849,0.0023,0.0000,0,0,0.0000,0,0.0000,0,0,0,696,0
939,2.9795,10.3684,0.0010,0.0000,0,0,0.0000,0,0.0000,0,0,0,758,0
940,5.3229,5.9463,0.0030,0.0000,0,0,0.0000,0,0.0000,0,0,0,601,0
941,3.0520,5.6328,0.0031,0.0000,0,0,0.0000,0,0.0000,0,0,0,601,0
942,3.0073,14.2441,0.0065,0.0000,0,0,0.0000,0,0.0000,0,0,0,696,0
943,2.9795,14.1757,0.0019,0.0000,0,0,0.0000,0,0.0000,0,0,0,696,0
944,5.3229,6.1158,0.0029,0.0000,0,0,0.0000,0,0.0000,0,0,0,601,0
945,3.0520,5.8426,0.0030,0.0000,0,0,0.0000,0,0.0000,0,0,0,601,0
946,3.0073,10.0378,0.0030,0.0000,0,0,0.0000,0,0.0000,0,0,0,696,0
947,2.9795,10.6028,0.0053,0.0000,0,0,0.0000,0,0.0000,0,0,0,705,0
948,5.3229,6.2977,0.0057,0.0000,0,0,0.0000,0,0.0000,0,0,0,601,0
949,3.0520,5.9329,0.0020,0.0000,0,0,0.0000,0,0.0000,0,0,0,601,0
950,3.0073,10.1409,0.0057,0.0000,0,0,0.0000,0,0.0000,0,0,0,696,0
951,2.9795,10.3145,0.0018,0.0000,0,0,0.0000,0,0.0000,0,0,0,707,0
952,5.3229,5.9363,0.0030,0.0000,0,0,0.0000,0,0.0000,0,0,0,601,0
953,3.0520,5.6346,0.0009,0.0000,0,0,0.0000,0,0.0000,0,0,0,601,0
954,3.0073,10.4006,0.0033,0.0000,0,0,0.0000,0,0.0000,0,0,0,701,0
955,2.9795,10.3353,0.0010,0.0000,0,0,0.0000,0,0.0000,0,0,0,707,0
956,5.3229,5.9861,0.0028,0.0000,0,0,0.0000,0,0.0000,0,0,0,601,0
957,3.0520,5.7548,0.0006,0.0000,0,0,0.0000,0,0.0000,0,0,0,601,0
958,3.0073,9.8097,0.0030,0.0000,0,0,0.0000,0,0.0000,0,0,0,703,0
959,2.9795,9.7715,0.0009,0.0000,0,0,0.0000,0,0.0000,0,0,0,736,0
960,5.3229,6.0173,0.0030,0.0000,0,0,0.0000,0,0.0000,0,0,0,601,0
961,3.0520,5.6102,0.0006,0.0000,0,0,0.0000,0,0.0000,0,0,0,601,0
962,3.0073,9.7854,0.0055,0.0000,0,0,0.0000,0,0.0000,0,0,0,716,0
963,2.9795,9.7134,0.0012,0.0000,0,0,0.0000,0,0.0000,0,0,0,719,0
964,5.3229,5.8725,0.0030,0.0000,0,0,0.0000,0,0.0000,0,0,0,601,0
965,3.0520,5.6284,0.0004,0.0000,0,0,0.0000,0,0.0000,0,0,0,601,0
966,3.0073,11.5131,0.0053,0.0000,0,0,0.0000,0,0.0000,0,0,0,714,0
967,2.9795,11.5650,0.0018,0.0000,0,0,0.0000,0,0.0000,0,0,0,775,0
968,5.3229,5.8711,0.0040,0.0000,0,0,0.0000,0,0.0000,0,0,0,601,0
969,3.0520,5.5650,0.0013,0.0000,0,0,0.0000,0,0.0000,0,0,0,601,0
970,3.0073,10.4238,0.0030,0.0000,0,0,0.0000,0,0.0000,0,0,0,717,0
971,2.9795,10.3496,0.0009,0.0000,0,0,0.0000,0,0.0000,0,0,0,701,0
972,5.3229,5.7945,0.0037,0.0000,0,0,0.0000,0,0.0000,0,0,0,601,0
973,3.0520,5.5752,0.0010,0.0000,0,0,0.0000,0,0.0000,0,0,0,601,0
974,3.0073,10.4870,0.0027,0.0000,0,0,0.0000,0,0.0000,0,0,0,711,0
975,2.9795,10.3903,0.0011,0.0000,0,0,0.0000,0,0.0000,0,0,0,701,0
976,5.3229,6.0951,0.0060,0.0000,0,0,0.0000,0,0.0000,0,0,0,601,0
977,3.0520,5.7872,0.0017,0.0000,0,0,0.0000,0,0.0000,0,0,0,601,0
978,3.0073,10.5051,0.0032,0.0000,0,0,0.0000,0,0.0000,0,0,0,763,0
979,2.9795,10.3622,0.0022,0.0000,0,0,0.0000,0,0.0000,0,0,0,701,0
980,5.3229,5.9665,0.0049,0.0000,0,0,0.0000,0,0.0000,0,0,0,601,0
981,3.0520,5.6670,0.0008,0.0000,0,0,0.0000,0,0.0000,0,0,0,601,0
982,3.0073,11.5642,0.0005,0.0000,0,0,0.0000,0,0.0000,0,0,0,696,0
983,2.9795,11.0816,0.0034,0.0000,0,0,0.0000,0,0.0000,0,0,0,715,0
984,5.3229,6.0762,0.0029,0.0000,0,0,0.0000,0,0.0000,0,0,0,601,0
985,3.0520,5.9560,0.0009,0.0000,0,0,0.0000,0,0.0000,0,0,0,601,0
986,3.0073,10.0375,0.0054,0.0000,0,0,0.0000,0,0.0000,0,0,0,696,0
987,2.9795,10.2231,0.0054,0.0000,0,0,0.0000,0,0.0000,0,0,0,726,0
988,5.3229,6.0683,0.0030,0.0000,0,0,0.0000,0,0.0000,0,0,0,601,0
989,3.0520,5.6483,0.0013,0.0000,0,0,0.0000,0,0.0000,0,0,0,601,0
990,3.0073,9.9414,0.0035,0.0000,0,0,0.0000,0,0.0000,0,0,0,696,0
991,2.9795,9.9021,0.0011,0.0000,0,0,0.0000,0,0.0000,0,0,0,714,0
992,5.3229,6.0761,0.0077,0.0000,0,0,0.0000,0,0.0000,0,0,0,601,0
993,3.0520,5.7663,0.0022,0.0000,0,0,0.0000,0,0.0000,0,0,0,601,0
994,3.0073,10.5578,0.0039,0.0000,0,0,0.0000,0,0.0000,0,0,0,696,0
995,2.9795,10.4591,0.0012,0.0000,0,0,0.0000,0,0.0000,0,0,0,789,0
996,5.3229,6.1438,0.0059,0.0000,0,0,0.0000,0,0.0000,0,0,0,601,0
997,3.0520,5.7612,0.0018,0.0000,0,0,0.0000,0,0.0000,0,0,0,601,0
998,3.0073,10.4925,0.0033,0.0000,0,0,0.0000,0,0.0000,0,0,0,717,0
999,2.9795,10.3320,0.0032,0.0000,0,0,0.0000,0,0.0000,0,0,0,703,0
1000,5.3229,5.8949,0.0038,0.0000,0,0,0.0000,0,0.0000,0,0,0,601,0
1001,3.0520,5.5682,0.0025,0.0000,0,0,0.0000,0,0.0000,0,0,0,601,0
1002,3.0073,10.4894,0.0036,0.0000,0,0,0.0000,0,0.0000,0,0,0,716,0
1003,2.9795,10.4010,0.0010,0.0000,0,0,0.0000,0,0.0000,0,0,0,705,0
1004,5.3229,5.9864,0.0031,0.0000,0,0,0.0000,0,0.0000,0,0,0,601,0
1005,3.0520,5.6368,0.0031,0.0000,0,0,0.0000,0,0.0000,0,0,0,601,0
1006,3.0073,10.5875,0.0023,0.0000,0,0,0.0000,0,0.0000,0,0,0,745,0
1007,2.9795,10.5442,0.0006,0.0000,0,0,0.0000,0,0.0000,0,0,0,700,0
1008,5.3229,5.7920,0.0047,0.0000,0,0,0.0000,0,0.0000,0,0,0,601,0
1009,3.0520,5.5954,0.0005,0.0000,0,0,0.0000,0,0.0000,0,0,0,601,0
1010,3.0073,10.6691,0.0063,0.0000,0,0,0.0000,0,0.0000,0,0,0,737,0
1011,2.9795,10.5188,0.0063,0.0000,0,0,0.0000,0,0.0000,0,0,0,706,0
1012,5.3229,6.9215,0.0045,0.0000,0,0,0.0000,0,0.0000,0,0,0,601,0
1013,3.0520,6.4993,0.0013,0.0000,0,0,0.0000,0,0.0000,0,0,0,601,0
1014,3.0073,10.2913,0.0040,0.0000,0,0,0.0000,0,0.0000,0,0,0,718,0
1015,2.9795,6.0518,0.0027,0.0000,0,0,0.0000,0,0.0000,0,0,0,723,0
1016,5.3229,6.6402,0.0065,0.0000,0,0,0.0000,0,0.0000,0,0,0,601,0
1017,3.0520,5.9720,0.0024,0.0000,0,0,0.0000,0,0.0000,0,0,0,601,0
1018,3.0073,10.6734,0.0057,0.0000,0,0,0.0000,0,0.0000,0,0,0,719,0
1019,2.9795,10.5429,0.0036,0.0000,0,0,0.0000,0,0.0000,0,0,0,714,0
1020,5.3229,6.1331,0.0055,0.0000,0,0,0.0000,0,0.0000,0,0,0,601,0
1021,3.0520,5.7123,0.0014,0.0000,0,0,0.0000,0,0.0000,0,0,0,601,0
1022,3.0073,10.3315,0.0041,0.0000,0,0,0.0000,0,0.0000,0,0,0,747,0
1023,2.9795,10.0032,0.0040,0.0000,0,0,0.0000,0,0.0000,0,0,0,769,0
1024,5.3229,6.0224,0.0070,0.0000,0,0,0.0000,0,0.0000,0,0,0,601,0
1025,3.0520,5.7004,0.0017,0.0000,0,0,0.0000,0,0.0000,0,0,0,601,0
1026,3.0073,10.4245,0.0024,0.0000,0,0,0.0000,0,0.0000,0,0,0,696,0
1027,2.9795,10.3323,0.0011,0.0000,0,0,0.0000,0,0.0000,0,0,0,704,0
1028,5.3229,5.9907,0.0058,0.0000,0,0,0.0000,0,0.0000,0,0,0,601,0
1029,3.0520,5.7912,0.0013,0.0000,0,0,0.0000,0,0.0000,0,0,0,601,0
1030,3.0073,12.5313,0.0013,0.0000,0,0,0.0000,0,0.0000,0,0,0,696,0
1031,2.9795,12.2500,0.0061,0.0000,0,0,0.0000,0,0.0000,0,0,0,707,0
1032,5.3229,5.9156,0.0033,0.0000,0,0,0.0000,0,0.0000,0,0,0,601,0
1033,3.0520,5.5775,0.0010,0.0000,0,0,0.0000,0,0.0000,0,0,0,601,0
1034,3.0073,10.7137,0.0045,0.0000,0,0,0.0000,0,0.0000,0,0,0,696,0
1035,2.9795,10.6738,0.0017,0.0000,0,0,0.0000,0,0.0000,0,0,0,714,0
1036,5.3229,6.0062,0.0090,0.0000,0,0,0.0000,0,0.0000,0,0,0,601,0
1037,3.0520,5.7162,0.0012,0.0000,0,0,0.0000,0,0.0000,0,0,0,601,0
1038,3.0073,10.3861,0.0033,0.0000,0,0,0.0000,0,0.0000,0,0,0,696,0
1039,2.9795,10.2664,0.0009,0.0000,0,0,0.0000,0,0.0000,0,0,0,709,0
1040,5.3229,6.1127,0.0056,0.0000,0,0,0.0000,0,0.0000,0,0,0,601,0
1041,3.0520,5.8503,0.0018,0.0000,0,0,0.0000,0,0.0000,0,0,0,601,0
1042,3.0073,10.7865,0.0049,0.0000,0,0,0.0000,0,0.0000,0,0,0,696,0
1043,2.9795,10.4114,0.0050,0.0000,0,0,0.0000,0,0.0000,0,0,0,732,0
1044,5.3229,5.8462,0.0035,0.0000,0,0,0.0000,0,0.0000,0,0,0,601,0
1045,3.0520,5.5664,0.0012,0.0000,0,0,0.0000,0,0.0000,0,0,0,601,0
1046,3.0073,10.4787,0.0031,0.0000,0,0,0.0000,0,0.0000,0,0,0,696,0
1047,2.9795,10.2881,0.0008,0.0000,0,0,0.0000,0,0.0000,0,0,0,719,0
1048,5.3229,5.9333,0.0033,0.0000,0,0,0.0000,0,0.0000,0,0,0,601,0
1049,3.0520,5.6811,0.0010,0.0000,0,0,0.0000,0,0.0000,0,0,0,601,0
1050,3.0073,10.5051,0.0035,0.0000,0,0,0.0000,0,0.0000,0,0,0,708,0
1051,2.9795,10.4250,0.0005,0.0000,0,0,0.0000,0,0.0000,0,0,0,751,0
1052,5.3229,5.9237,0.0037,0.0000,0,0,0.0000,0,0.0000,0,0,0,601,0
1053,3.0520,5.6055,0.0013,0.0000,0,0,0.0000,0,0.0000,0,0,0,601,0
1054,3.0073,10.4818,0.0030,0.0000,0,0,0.0000,0,0.0000,0,0,0,708,0
1055,2.9795,10.4156,0.0005,0.0000,0,0,0.0000,0,0.0000,0,0,0,696,0
1056,5.3229,5.9057,0.0035,0.0000,0,0,0.0000,0,0.0000,0,0,0,601,0
1057,3.0520,5.5987,0.0011,0.0000,0,0,0.0000,0,0.0000,0,0,0,601,0
1058,3.0073,10.4535,0.0030,0.0000,0,0,0.0000,0,0.0000,0,0,0,706,0
1059,2.9795,10.2791,0.0012,0.0000,0,0,0.0000,0,0.0000,0,0,0,701,0
1060,5.3229,5.8215,0.0035,0.0000,0,0,0.0000,0,0.0000,0,0,0,601,0
1061,3.0520,5.5482,0.0012,0.0000,0,0,0.0000,0,0.0000,0,0,0,601,0
1062,3.0073,10.5150,0.0026,0.0000,0,0,0.0000,0,0.0000,0,0,0,707,0
1063,2.9795,10.4333,0.0035,0.0000,0,0,0.0000,0,0.0000,0,0,0,703,0
1064,5.3229,5.8811,0.0059,0.0000,0,0,0.0000,0,0.0000,0,0,0,601,0
1065,3.0520,5.5774,0.0032,0.0000,0,0,0.0000,0,0.0000,0,0,0,601,0
1066,3.0073,10.5281,0.0023,0.0000,0,0,0.0000,0,0.0000,0,0,0,723,0
1067,2.9795,10.4173,0.0010,0.0000,0,0,0.0000,0,0.0000,0,0,0,707,0
1068,5.3229,5.9401,0.0030,0.0000,0,0,0.0000,0,0.0000,0,0,0,601,0
1069,3.0520,5.6022,0.0005,0.0000,0,0,0.0000,0,0.0000,0,0,0,601,0
1070,3.0073,10.4913,0.0030,0.0000,0,0,0.0000,0,0.0000,0,0,0,696,0
1071,2.9795,10.3371,0.0012,0.0000,0,0,0.0000,0,0.0000,0,0,0,708,0
1072,5.3229,5.9328,0.0034,0.0000,0,0,0.0000,0,0.0000,0,0,0,601,0
1073,3.0520,5.6155,0.0005,0.0000,0,0,0.0000,0,0.0000,0,0,0,601,0
1074,3.0073,10.4987,0.0032,0.0000,0,0,0.0000,0,0.0000,0,0,0,696,0
1075,2.9795,10.3226,0.0011,0.0000,0,0,0.0000,0,0.0000,0,0,0,712,0
1076,5.3229,5.9043,0.0035,0.0000,0,0,0.0000,0,0.0000,0,0,0,601,0
1077,3.0520,5.6151,0.0006,0.0000,0,0,0.0000,0,0.0000,0,0,0,601,0
1078,3.0073,10.4776,0.0032,0.0000,0,0,0.0000,0,0.0000,0,0,0,696,0
1079,2.9795,10.3699,0.0011,0.0000,0,0,0.0000,0,0.0000,0,0,0,754,0
1080,5.3229,5.8990,0.0039,0.0000,0,0,0.0000,0,0.0000,0,0,0,601,0
1081,3.0520,5.5850,0.0006,0.0000,0,0,0.0000,0,0.0000,0,0,0,601,0
1082,3.0073,10.4802,0.0026,0.0000,0,0,0.0000,0,0.0000,0,0,0,696,0
1083,2.9795,10.3872,0.0005,0.0000,0,0,0.0000,0,0.0000,0,0,0,696,0
1084,5.3229,5.9000,0.0025,0.0000,0,0,0.0000,0,0.0000,0,0,0,601,0
1085,3.0520,5.6417,0.0024,0.0000,0,0,0.0000,0,0.0000,0,0,0,601,0
1086,3.0073,10.5168,0.0027,0.0000,0,0,0.0000,0,0.0000,0,0,0,701,0
1087,2.9795,10.4230,0.0010,0.0000,0,0,0.0000,0,0.0000,0,0,0,706,0
1088,5.3229,5.8288,0.0031,0.0000,0,0,0.0000,0,0.0000,0,0,0,601,0
1089,3.0520,5.5972,0.0009,0.0000,0,0,0.0000,0,0.0000,0,0,0,601,0
1090,3.0073,10.4846,0.0032,0.0000,0,0,0.0000,0,0.0000,0,0,0,696,0
1091,2.9795,10.4252,0.0004,0.0000,0,0,0.0000,0,0.0000,0,0,0,700,0
1092,5.3229,5.8494,0.0037,0.0000,0,0,0.0000,0,0.0000,0,0,0,601,0
1093,3.0520,5.6297,0.0013,0.0000,0,0,0.0000,0,0.0000,0,0,0,601,0
1094,3.0073,10.3797,0.0028,0.0000,0,0,0.0000,0,0.0000,0,0,0,707,0
1095,2.9795,10.2363,0.0011,0.0000,0,0,0.0000,0,0.0000,0,0,0,704,0
1096,5.3229,5.9051,0.0030,0.0000,0,0,0.0000,0,0.0000,0,0,0,601,0
1097,3.0520,5.5760,0.0030,0.0000,0,0,0.0000,0,0.0000,0,0,0,601,0
1098,3.0073,10.5228,0.0028,0.0000,0,0,0.0000,0,0.0000,0,0,0,701,0
1099,2.9795,10.3950,0.0017,0.0000,0,0,0.0000,0,0.0000,0,0,0,715,0
1100,5.3229,5.8712,0.0034,0.0000,0,0,0.0000,0,0.0000,0,0,0,601,0
1101,3.0520,5.6668,0.0029,0.0000,0,0,0.0000,0,0.0000,0,0,0,601,0
1102,3.0073,10.4322,0.0025,0.0000,0,0,0.0000,0,0.0000,0,0,0,702,0
1103,2.9795,10.3279,0.0010,0.0000,0,0,0.0000,0,0.0000,0,0,0,700,0
1104,5.3229,5.8277,0.0036,0.0000,0,0,0.0000,0,0.0000,0,0,0,601,0
1105,3.0520,5.6182,0.0005,0.0000,0,0,0.0000,0,0.0000,0,0,0,601,0
1106,3.0073,10.4485,0.0039,0.0000,0,0,0.0000,0,0.0000,0,0,0,711,0
1107,2.9795,10.3762,0.0013,0.0000,0,0,0.0000,0,0.0000,0,0,0,764,0
1108,5.3229,5.9404,0.0030,0.0000,0,0,0.0000,0,0.0000,0,0,0,601,0
1109,3.0520,5.6302,0.0035,0.0000,0,0,0.0000,0,0.0000,0,0,0,601,0
1110,3.0073,10.4970,0.0026,0.0000,0,0,0.0000,0,0.0000,0,0,0,722,0
1111,2.9795,10.3561,0.0012,0.0000,0,0,0.0000,0,0.0000,0,0,0,696,0
1112,5.3229,7.2234,0.0033,0.0000,0,0,0.0000,0,0.0000,0,0,0,601,0
1113,3.0520,6.8800,0.0033,0.0000,0,0,0.0000,0,0.0000,0,0,0,601,0
1114,3.0073,11.8030,0.0036,0.0000,0,0,0.0000,0,0.0000,0,0,0,696,0
1115,2.9795,11.7613,0.0025,0.0000,0,0,0.0000,0,0.0000,0,0,0,696,0
1116,5.3229,5.8810,0.0040,0.0000,0,0,0.0000,0,0.0000,0,0,0,601,0
1117,3.0520,5.6738,0.0025,0.0000,0,0,0.0000,0,0.0000,0,0,0,601,0
1118,3.0073,10.4066,0.0031,0.0000,0,0,0.0000,0,0.0000,0,0,0,696,0
1119,2.9795,10.3328,0.0031,0.0000,0,0,0.0000,0,0.0000,0,0,0,696,0
1120,5.3229,5.9032,0.0032,0.0000,0,0,0.0000,0,0.0000,0,0,0,601,0
1121,3.0520,5.5917,0.0030,0.0000,0,0,0.0000,0,0.0000,0,0,0,601,0
1122,3.0073,10.5015,0.0025,0.0000,0,0,0.0000,0,0.0000,0,0,0,696,0
1123,2.9795,10.3395,0.0030,0.0000,0,0,0.0000,0,0.0000,0,0,0,700,0
1124,5.3229,5.9338,0.0034,0.0000,0,0,0.0000,0,0.0000,0,0,0,601,0
1125,3.0520,5.5536,0.0011,0.0000,0,0,0.0000,0,0.0000,0,0,0,601,0
1126,3.0073,10.4004,0.0030,0.0000,0,0,0.0000,0,0.0000,0,0,0,705,0
1127,2.9795,10.2800,0.0031,0.0000,0,0,0.0000,0,0.0000,0,0,0,702,0
1128,5.3229,5.8972,0.0030,0.0000,0,0,0.0000,0,0.0000,0,0,0,601,0
1129,3.0520,5.5684,0.0031,0.0000,0,0,0.0000,0,0.0000,0,0,0,601,0
1130,3.0073,10.5187,0.0033,0.0000,0,0,0.0000,0,0.0000,0,0,0,708,0
1131,2.9795,10.4718,0.0012,0.0000,0,0,0.0000,0,0.0000,0,0,0,706,0
1132,5.3229,5.8275,0.0032,0.0000,0,0,0.0000,0,0.0000,0,0,0,601,0
1133,3.0520,5.6029,0.0010,0.0000,0,0,0.0000,0,0.0000,0,0,0,601,0
1134,3.0073,10.3815,0.0038,0.0000,0,0,0.0000,0,0.0000,0,0,0,707,0
1135,2.9795,10.3564,0.0031,0.0000,0,0,0.0000,0,0.0000,0,0,0,721,0
1136,5.3229,5.9010,0.0074,0.0000,0,0,0.0000,0,0.0000,0,0,0,601,0
1137,3.0520,5.6152,0.0010,0.0000,0,0,0.0000,0,0.0000,0,0,0,601,0
1138,3.0073,10.4960,0.0025,0.0000,0,0,0.0000,0,0.0000,0,0,0,708,0
1139,2.9795,10.4312,0.0013,0.0000,0,0,0.0000,0,0.0000,0,0,0,696,0
1140,5.3229,5.8659,0.0035,0.0000,0,0,0.0000,0,0.0000,0,0,0,601,0
1141,3.0520,5.5950,0.0005,0.0000,0,0,0.0000,0,0.0000,0,0,0,601,0
1142,3.0073,10.4370,0.0034,0.0000,0,0,0.0000,0,0.0000,0,0,0,706,0
1143,2.9795,10.3713,0.0011,0.0000,0,0,0.0000,0,0.0000,0,0,0,696,0
1144,5.3229,5.9022,0.0033,0.0000,0,0,0.0000,0,0.0000,0,0,0,601,0
1145,3.0520,5.7340,0.0011,0.0000,0,0,0.0000,0,0.0000,0,0,0,601,0
1146,3.0073,10.3519,0.0029,0.0000,0,0,0.0000,0,0.0000,0,0,0,711,0
1147,2.9795,10.3663,0.0010,0.0000,0,0,0.0000,0,0.0000,0,0,0,696,0
1148,5.3229,5.9032,0.0028,0.0000,0,0,0.0000,0,0.0000,0,0,0,601,0
1149,3.0520,5.6257,0.0005,0.0000,0,0,0.0000,0,0.0000,0,0,0,601,0
1150,3.0073,10.4482,0.0029,0.0000,0,0,0.0000,0,0.0000,0,0,0,706,0
1151,2.9795,10.4038,0.0012,0.0000,0,0,0.0000,0,0.0000,0,0,0,702,0
1152,5.3229,5.9128,0.0029,0.0000,0,0,0.0000,0,0.0000,0,0,0,601,0
1153,3.0520,5.5906,0.0010,0.0000,0,0,0.0000,0,0.0000,0,0,0,601,0
1154,3.0073,10.5172,0.0034,0.0000,0,0,0.0000,0,0.0000,0,0,0,748,0
1155,2.9795,10.3904,0.0025,0.0000,0,0,0.0000,0,0.0000,0,0,0,702,0
1156,5.3229,5.9357,0.0032,0.0000,0,0,0.0000,0,0.0000,0,0,0,601,0
1157,3.0520,5.6733,0.0013,0.0000,0,0,0.0000,0,0.0000,0,0,0,601,0
1158,3.0073,10.5056,0.0030,0.0000,0,0,0.0000,0,0.0000,0,0,0,696,0
1159,2.9795,10.4316,0.0008,0.0000,0,0,0.0000,0,0.0000,0,0,0,702,0
1160,5.3229,5.8248,0.0032,0.0000,0,0,0.0000,0,0.0000,0,0,0,601,0
1161,3.0520,5.5899,0.0033,0.0000,0,0,0.0000,0,0.0000,0,0,0,601,0
1162,3.0073,10.4225,0.0025,0.0000,0,0,0.0000,0,0.0000,0,0,0,696,0
1163,2.9795,10.3575,0.0011,0.0000,0,0,0.0000,0,0.0000,0,0,0,742,0
1164,5.3229,5.8937,0.0030,0.0000,0,0,0.0000,0,0.0000,0,0,0,601,0
1165,3.0520,5.6245,0.0029,0.0000,0,0,0.0000,0,0.0000,0,0,0,601,0
1166,3.0073,10.5230,0.0032,0.0000,0,0,0.0000,0,0.0000,0,0,0,696,0
1167,2.9795,10.5126,0.0027,0.0000,0,0,0.0000,0,0.0000,0,0,0,696,0
1168,5.3229,5.8238,0.0037,0.0000,0,0,0.0000,0,0.0000,0,0,0,601,0
1169,3.0520,5.6197,0.0067,0.0000,0,0,0.0000,0,0.0000,0,0,0,601,0
1170,3.0073,10.4625,0.0022,0.0000,0,0,0.0000,0,0.0000,0,0,0,696,0
1171,2.9795,10.2721,0.0031,0.0000,0,0,0.0000,0,0.0000,0,0,0,696,0
1172,5.3229,5.8845,0.0036,0.0000,0,0,0.0000,0,0.0000,0,0,0,601,0
1173,3.0520,5.6224,0.0011,0.0000,0,0,0.0000,0,0.0000,0,0,0,601,0
1174,3.0073,10.4622,0.0031,0.0000,0,0,0.0000,0,0.0000,0,0,0,702,0
1175,2.9795,10.4050,0.0027,0.0000,0,0,0.0000,0,0.0000,0,0,0,696,0
1176,5.3229,5.8892,0.0036,0.0000,0,0,0.0000,0,0.0000,0,0,0,601,0
1177,3.0520,5.6843,0.0011,0.0000,0,0,0.0000,0,0.0000,0,0,0,601,0
1178,3.0073,10.4731,0.0021,0.0000,0,0,0.0000,0,0.0000,0,0,0,701,0
1179,2.9795,10.4273,0.0010,0.0000,0,0,0.0000,0,0.0000,0,0,0,696,0
1180,5.3229,5.8773,0.0039,0.0000,0,0,0.0000,0,0.0000,0,0,0,601,0
1181,3.0520,5.6506,0.0027,0.0000,0,0,0.0000,0,0.0000,0,0,0,601,0
1182,3.0073,10.4485,0.0027,0.0000,0,0,0.0000,0,0.0000,0,0,0,704,0
1183,2.9795,10.3405,0.0025,0.0000,0,0,0.0000,0,0.0000,0,0,0,701,0
1184,5.3229,5.8629,0.0034,0.0000,0,0,0.0000,0,0.0000,0,0,0,601,0
1185,3.0520,5.5575,0.0033,0.0000,0,0,0.0000,0,0.0000,0,0,0,601,0
1186,3.0073,10.4914,0.0030,0.0000,0,0,0.0000,0,0.0000,0,0,0,701,0
1187,2.9795,10.4360,0.0009,0.0000,0,0,0.0000,0,0.0000,0,0,0,700,0
1188,5.3229,5.8842,0.0040,0.0000,0,0,0.0000,0,0.0000,0,0,0,601,0
1189,3.0520,5.6297,0.0010,0.0000,0,0,0.0000,0,0.0000,0,0,0,601,0
1190,3.0073,10.4309,0.0024,0.0000,0,0,0.0000,0,0.0000,0,0,0,701,0
1191,2.9795,10.3968,0.0008,0.0000,0,0,0.0000,0,0.0000,0,0,0,720,0
1192,5.3229,5.9331,0.0038,0.0000,0,0,0.0000,0,0.0000,0,0,0,601,0
1193,3.0520,5.6396,0.0010,0.0000,0,0,0.0000,0,0.0000,0,0,0,601,0
1194,3.0073,10.4418,0.0027,0.0000,0,0,0.0000,0,0.0000,0,0,0,702,0
1195,2.9795,10.3172,0.0009,0.0000,0,0,0.0000,0,0.0000,0,0,0,696,0
1196,5.3229,5.9675,0.0037,0.0000,0,0,0.0000,0,0.0000,0,0,0,601,0
1197,3.0520,5.6624,0.0010,0.0000,0,0,0.0000,0,0.0000,0,0,0,601,0
1198,3.0073,10.6560,0.0026,0.0000,0,0,0.0000,0,0.0000,0,0,0,712,0
1199,2.9795,10.6133,0.0004,0.0000,0,0,0.0000,0,0.0000,0,0,0,696,0
1200,5.3229,5.8480,0.0034,0.0000,0,0,0.0000,0,0.0000,0,0,0,601,0
1201,3.0520,5.5915,0.0011,0.0000,0,0,0.0000,0,0.0000,0,0,0,601,0
1202,3.0073,10.4819,0.0020,0.0000,0,0,0.0000,0,0.0000,0,0,0,696,0
1203,2.9795,10.4624,0.0006,0.0000,0,0,0.0000,0,0.0000,0,0,0,696,0
1204,5.3229,5.8438,0.0029,0.0000,0,0,0.0000,0,0.0000,0,0,0,601,0
1205,3.0520,5.5706,0.0010,0.0000,0,0,0.0000,0,0.0000,0,0,0,601,0
1206,3.0073,10.5407,0.0032,0.0000,0,0,0.0000,0,0.0000,0,0,0,696,0
1207,2.9795,10.5166,0.0028,0.0000,0,0,0.0000,0,0.0000,0,0,0,696,0
1208,5.3229,5.9027,0.0034,0.0000,0,0,0.0000,0,0.0000,0,0,0,601,0
1209,3.0520,5.5970,0.0010,0.0000,0,0,0.0000,0,0.0000,0,0,0,601,0
1210,3.0073,10.5047,0.0029,0.0000,0,0,0.0000,0,0.0000,0,0,0,696,0
1211,2.9795,10.3715,0.0009,0.0000,0,0,0.0000,0,0.0000,0,0,0,705,0
1212,5.3229,5.9359,0.0030,0.0000,0,0,0.0000,0,0.0000,0,0,0,601,0
1213,3.0520,5.6760,0.0010,0.0000,0,0,0.0000,0,0.0000,0,0,0,601,0
1214,3.0073,10.4223,0.0035,0.0000,0,0,0.0000,0,0.0000,0,0,0,696,0
1215,2.9795,10.3599,0.0005,0.0000,0,0,0.0000,0,0.0000,0,0,0,704,0
1216,5.3229,5.8680,0.0051,0.0000,0,0,0.0000,0,0.0000,0,0,0,601,0
1217,3.0520,5.5902,0.0009,0.0000,0,0,0.0000,0,0.0000,0,0,0,601,0
1218,3.0073,10.4973,0.0027,0.0000,0,0,0.0000,0,0.0000,0,0,0,706,0
1219,2.9795,10.3758,0.0026,0.0000,0,0,0.0000,0,0.0000,0,0,0,711,0
1220,5.3229,5.8717,0.0038,0.0000,0,0,0.0000,0,0.0000,0,0,0,601,0
1221,3.0520,5.5706,0.0010,0.0000,0,0,0.0000,0,0.0000,0,0,0,601,0
1222,3.0073,10.4378,0.0030,0.0000,0,0,0.0000,0,0.0000,0,0,0,702,0
1223,2.9795,10.3265,0.0011,0.0000,0,0,0.0000,0,0.0000,0,0,0,696,0
1224,5.3229,5.8627,0.0035,0.0000,0,0,0.0000,0,0.0000,0,0,0,601,0
1225,3.0520,5.5890,0.0013,0.0000,0,0,0.0000,0,0.0000,0,0,0,601,0
1226,3.0073,10.5552,0.0032,0.0000,0,0,0.0000,0,0.0000,0,0,0,702,0
1227,2.9795,10.3938,0.0010,0.0000,0,0,0.0000,0,0.0000,0,0,0,696,0
1228,5.3229,5.9256,0.0032,0.0000,0,0,0.0000,0,0.0000,0,0,0,601,0
1229,3.0520,5.6107,0.0010,0.0000,0,0,0.0000,0,0.0000,0,0,0,601,0
1230,3.0073,10.4836,0.0032,0.0000,0,0,0.0000,0,0.0000,0,0,0,696,0
1231,2.9795,10.4201,0.0010,0.0000,0,0,0.0000,0,0.0000,0,0,0,696,0
1232,5.3229,5.9430,0.0038,0.0000,0,0,0.0000,0,0.0000,0,0,0,601,0
1233,3.0520,5.6247,0.0005,0.0000,0,0,0.0000,0,0.0000,0,0,0,601,0
1234,3.0073,10.4529,0.0032,0.0000,0,0,0.0000,0,0.0000,0,0,0,696,0
1235,2.9795,10.3615,0.0029,0.0000,0,0,0.0000,0,0.0000,0,0,0,696,0
1236,5.3229,5.8157,0.0037,0.0000,0,0,0.0000,0,0.0000,0,0,0,601,0
1237,3.0520,5.5340,0.0011,0.0000,0,0,0.0000,0,0.0000,0,0,0,601,0
1238,3.0073,10.4015,0.0031,0.0000,0,0,0.0000,0,0.0000,0,0,0,696,0
1239,2.9795,10.3410,0.0007,0.0000,0,0,0.0000,0,0.0000,0,0,0,701,0
1240,5.3229,5.9147,0.0039,0.0000,0,0,0.0000,0,0.0000,0,0,0,601,0
1241,3.0520,5.6737,0.0030,0.0000,0,0,0.0000,0,0.0000,0,0,0,601,0
1242,3.0073,10.4407,0.0025,0.0000,0,0,0.0000,0,0.0000,0,0,0,709,0
1243,2.9795,10.4220,0.0013,0.0000,0,0,0.0000,0,0.0000,0,0,0,696,0
1244,5.3229,8.0085,0.0034,0.0000,0,0,0.0000,0,0.0000,0,0,0,601,0
1245,3.0520,7.7076,0.0034,0.0000,0,0,0.0000,0,0.0000,0,0,0,601,0
1246,3.0073,12.5870,0.0029,0.0000,0,0,0.0000,0,0.0000,0,0,0,696,0
1247,2.9795,12.4579,0.0030,0.0000,0,0,0.0000,0,0.0000,0,0,0,707,0
1248,5.3229,6.2663,0.0036,0.0000,0,0,0.0000,0,0.0000,0,0,0,601,0
1249,3.0520,5.8420,0.0037,0.0000,0,0,0.0000,0,0.0000,0,0,0,601,0
1250,3.0073,10.4341,0.0028,0.0000,0,0,0.0000,0,0.0000,0,0,0,696,0
1251,2.9795,10.2784,0.0012,0.0000,0,0,0.0000,0,0.0000,0,0,0,698,0
1252,5.3229,5.8773,0.0032,0.0000,0,0,0.0000,0,0.0000,0,0,0,601,0
1253,3.0520,5.6257,0.0010,0.0000,0,0,0.0000,0,0.0000,0,0,0,601,0
1254,3.0073,10.3184,0.0024,0.0000,0,0,0.0000,0,0.0000,0,0,0,696,0
1255,2.9795,10.2852,0.0007,0.0000,0,0,0.0000,0,0.0000,0,0,0,696,0
1256,5.3229,5.8526,0.0030,0.0000,0,0,0.0000,0,0.0000,0,0,0,601,0
1257,3.0520,5.5804,0.0030,0.0000,0,0,0.0000,0,0.0000,0,0,0,601,0
1258,3.0073,10.5673,0.0032,0.0000,0,0,0.0000,0,0.0000,0,0,0,696,0
1259,2.9795,10.5361,0.0005,0.0000,0,0,0.0000,0,0.0000,0,0,0,696,0
1260,5.3229,5.8794,0.0032,0.0000,0,0,0.0000,0,0.0000,0,0,0,601,0
1261,3.0520,5.5948,0.0025,0.0000,0,0,0.0000,0,0.0000,0,0,0,601,0
1262,3.0073,10.5045,0.0021,0.0000,0,0,0.0000,0,0.0000,0,0,0,696,0
1263,2.9795,10.4131,0.0022,0.0000,0,0,0.0000,0,0.0000,0,0,0,696,0
1264,5.3229,5.8692,0.0028,0.0000,0,0,0.0000,0,0.0000,0,0,0,601,0
1265,3.0520,5.6190,0.0028,0.0000,0,0,0.0000,0,0.0000,0,0,0,601,0
1266,3.0073,10.5468,0.0027,0.0000,0,0,0.0000,0,0.0000,0,0,0,696,0
1267,2.9795,10.3527,0.0011,0.0000,0,0,0.0000,0,0.0000,0,0,0,696,0
1268,5.3229,5.8347,0.0042,0.0000,0,0,0.0000,0,0.0000,0,0,0,601,0
1269,3.0520,5.6096,0.0023,0.0000,0,0,0.0000,0,0.0000,0,0,0,601,0
1270,3.0073,10.5301,0.0016,0.0000,0,0,0.0000,0,0.0000,0,0,0,696,0
1271,2.9795,10.4209,0.0026,0.0000,0,0,0.0000,0,0.0000,0,0,0,696,0
1272,5.3229,5.8331,0.0030,0.0000,0,0,0.0000,0,0.0000,0,0,0,601,0
1273,3.0520,5.5995,0.0005,0.0000,0,0,0.0000,0,0.0000,0,0,0,601,0
1274,3.0073,10.4937,0.0032,0.0000,0,0,0.0000,0,0.0000,0,0,0,696,0
1275,2.9795,10.4603,0.0028,0.0000,0,0,0.0000,0,0.0000,0,0,0,706,0
1276,5.3229,5.7908,0.0027,0.0000,0,0,0.0000,0,0.0000,0,0,0,601,0
1277,3.0520,5.5349,0.0010,0.0000,0,0,0.0000,0,0.0000,0,0,0,601,0
1278,3.0073,10.3463,0.0030,0.0000,0,0,0.0000,0,0.0000,0,0,0,696,0
1279,2.9795,10.2465,0.0021,0.0000,0,0,0.0000,0,0.0000,0,0,0,696,0
1280,5.3229,5.9380,0.0034,0.0000,0,0,0.0000,0,0.0000,0,0,0,601,0
1281,3.0520,5.6688,0.0011,0.0000,0,0,0.0000,0,0.0000,0,0,0,601,0
1282,3.0073,10.4997,0.0042,0.0000,0,0,0.0000,0,0.0000,0,0,0,696,0
1283,2.9795,10.4397,0.0010,0.0000,0,0,0.0000,0,0.0000,0,0,0,696,0
1284,5.3229,5.8645,0.0033,0.0000,0,0,0.0000,0,0.0000,0,0,0,601,0
1285,3.0520,5.5876,0.0011,0.0000,0,0,0.0000,0,0.0000,0,0,0,601,0
1286,3.0073,10.5625,0.0024,0.0000,0,0,0.0000,0,0.0000,0,0,0,701,0
1287,2.9795,10.4968,0.0007,0.0000,0,0,0.0000,0,0.0000,0,0,0,696,0
1288,5.3229,5.8215,0.0035,0.0000,0,0,0.0000,0,0.0000,0,0,0,601,0
1289,3.0520,5.6154,0.0013,0.0000,0,0,0.0000,0,0.0000,0,0,0,601,0
1290,3.0073,10.4546,0.0039,0.0000,0,0,0.0000,0,0.0000,0,0,0,696,0
1291,2.9795,10.3563,0.0009,0.0000,0,0,0.0000,0,0.0000,0,0,0,696,0
1292,5.3229,5.8756,0.0110,0.0000,0,0,0.0000,0,0.0000,0,0,0,601,0
1293,3.0520,5.5935,0.0008,0.0000,0,0,0.0000,0,0.0000,0,0,0,601,0
1294,3.0073,10.6760,0.0034,0.0000,0,0,0.0000,0,0.0000,0,0,0,696,0
1295,2.9795,10.5757,0.0010,0.0000,0,0,0.0000,0,0.0000,0,0,0,696,0
1296,5.3229,5.7977,0.0030,0.0000,0,0,0.0000,0,0.0000,0,0,0,601,0
1297,3.0520,5.5800,0.0008,0.0000,0,0,0.0000,0,0.0000,0,0,0,601,0
1298,3.0073,10.3335,0.0032,0.0000,0,0,0.0000,0,0.0000,0,0,0,696,0
1299,2.9795,10.2953,0.0010,0.0000,0,0,0.0000,0,0.0000,0,0,0,696,0
1300,5.3229,5.9366,0.0029,0.0000,0,0,0.0000,0,0.0000,0,0,0,601,0
1301,3.0520,5.6242,0.0030,0.0000,0,0,0.0000,0,0.0000,0,0,0,601,0
1302,3.0073,10.5426,0.0043,0.0000,0,0,0.0000,0,0.0000,0,0,0,696,0
1303,2.9795,10.4456,0.0014,0.0000,0,0,0.0000,0,0.0000,0,0,0,706,0
1304,5.3229,5.8917,0.0035,0.0000,0,0,0.0000,0,0.0000,0,0,0,601,0
1305,3.0520,5.6172,0.0027,0.0000,0,0,0.0000,0,0.0000,0,0,0,601,0
1306,3.0073,10.5302,0.0027,0.0000,0,0,0.0000,0,0.0000,0,0,0,696,0
1307,2.9795,10.3862,0.0011,0.0000,0,0,0.0000,0,0.0000,0,0,0,696,0
1308,5.3229,5.9226,0.0042,0.0000,0,0,0.0000,0,0.0000,0,0,0,601,0
1309,3.0520,5.6590,0.0010,0.0000,0,0,0.0000,0,0.0000,0,0,0,601,0
1310,3.0073,10.4112,0.0036,0.0000,0,0,0.0000,0,0.0000,0,0,0,696,0
1311,2.9795,10.3135,0.0010,0.0000,0,0,0.0000,0,0.0000,0,0,0,696,0
1312,5.3229,5.8657,0.0035,0.0000,0,0,0.0000,0,0.0000,0,0,0,601,0
1313,3.0520,5.6230,0.0005,0.0000,0,0,0.0000,0,0.0000,0,0,0,601,0
1314,3.0073,10.4802,0.0030,0.0000,0,0,0.0000,0,0.0000,0,0,0,696,0
1315,2.9795,10.3895,0.0010,0.0000,0,0,0.0000,0,0.0000,0,0,0,696,0
1316,5.3229,5.8359,0.0033,0.0000,0,0,0.0000,0,0.0000,0,0,0,601,0
1317,3.0520,5.5622,0.0010,0.0000,0,0,0.0000,0,0.0000,0,0,0,601,0
1318,3.0073,10.4804,0.0037,0.0000,0,0,0.0000,0,0.0000,0,0,0,696,0
1319,2.9795,10.3763,0.0028,0.0000,0,0,0.0000,0,0.0000,0,0,0,703,0
1320,5.3229,5.9251,0.0032,0.0000,0,0,0.0000,0,0.0000,0,0,0,601,0
1321,3.0520,5.6095,0.0033,0.0000,0,0,0.0000,0,0.0000,0,0,0,601,0
1322,3.0073,10.5241,0.0027,0.0000,0,0,0.0000,0,0.0000,0,0,0,696,0
1323,2.9795,10.3915,0.0024,0.0000,0,0,0.0000,0,0.0000,0,0,0,703,0
1324,5.3229,5.8566,0.0035,0.0000,0,0,0.0000,0,0.0000,0,0,0,601,0
1325,3.0520,5.5624,0.0005,0.0000,0,0,0.0000,0,0.0000,0,0,0,601,0
1326,3.0073,10.4326,0.0029,0.0000,0,0,0.0000,0,0.0000,0,0,0,696,0
1327,2.9795,10.4050,0.0035,0.0000,0,0,0.0000,0,0.0000,0,0,0,696,0
1328,5.3229,5.9159,0.0036,0.0000,0,0,0.0000,0,0.0000,0,0,0,601,0
1329,3.0520,5.5933,0.0010,0.0000,0,0,0.0000,0,0.0000,0,0,0,601,0
1330,3.0073,10.5227,0.0028,0.0000,0,0,0.0000,0,0.0000,0,0,0,700,0
1331,2.9795,10.4740,0.0010,0.0000,0,0,0.0000,0,0.0000,0,0,0,704,0
1332,5.3229,5.9030,0.0032,0.0000,0,0,0.0000,0,0.0000,0,0,0,601,0
1333,3.0520,5.6445,0.0008,0.0000,0,0,0.0000,0,0.0000,0,0,0,601,0
1334,3.0073,10.4804,0.0024,0.0000,0,0,0.0000,0,0.0000,0,0,0,696,0
1335,2.9795,10.4103,0.0012,0.0000,0,0,0.0000,0,0.0000,0,0,0,696,0
1336,5.3229,5.9117,0.0033,0.0000,0,0,0.0000,0,0.0000,0,0,0,601,0
1337,3.0520,5.6757,0.0011,0.0000,0,0,0.0000,0,0.0000,0,0,0,601,0
1338,3.0073,10.3979,0.0025,0.0000,0,0,0.0000,0,0.0000,0,0,0,696,0
1339,2.9795,10.3739,0.0009,0.0000,0,0,0.0000,0,0.0000,0,0,0,696,0
1340,5.3229,5.8685,0.0040,0.0000,0,0,0.0000,0,0.0000,0,0,0,601,0
1341,3.0520,5.5769,0.0011,0.0000,0,0,0.0000,0,0.0000,0,0,0,601,0
1342,3.0073,10.4313,0.0034,0.0000,0,0,0.0000,0,0.0000,0,0,0,696,0
1343,2.9795,10.3138,0.0022,0.0000,0,0,0.0000,0,0.0000,0,0,0,696,0
1344,5.3229,5.9090,0.0045,0.0000,0,0,0.0000,0,0.0000,0,0,0,601,0
1345,3.0520,5.6319,0.0010,0.0000,0,0,0.0000,0,0.0000,0,0,0,601,0
1346,3.0073,10.6006,0.0032,0.0000,0,0,0.0000,0,0.0000,0,0,0,696,0
1347,2.9795,10.4319,0.0033,0.0000,0,0,0.0000,0,0.0000,0,0,0,696,0
1348,5.3229,6.0012,0.0181,0.0000,0,0,0.0000,0,0.0000,0,0,0,601,0
1349,3.0520,5.6691,0.0008,0.0000,0,0,0.0000,0,0.0000,0,0,0,601,0
1350,3.0073,10.4213,0.0044,0.0000,0,0,0.0000,0,0.0000,0,0,0,696,0
1351,2.9795,10.3531,0.0005,0.0000,0,0,0.0000,0,0.0000,0,0,0,696,0
1352,5.3229,5.8479,0.0031,0.0000,0,0,0.0000,0,0.0000,0,0,0,601,0
1353,3.0520,5.5446,0.0011,0.0000,0,0,0.0000,0,0.0000,0,0,0,601,0
1354,3.0073,10.4910,0.0028,0.0000,0,0,0.0000,0,0.0000,0,0,0,696,0
1355,2.9795,10.3994,0.0009,0.0000,0,0,0.0000,0,0.0000,0,0,0,696,0
1356,5.3229,5.8409,0.0027,0.0000,0,0,0.0000,0,0.0000,0,0,0,601,0
1357,3.0520,5.6613,0.0005,0.0000,0,0,0.0000,0,0.0000,0,0,0,601,0
1358,3.0073,10.2867,0.0032,0.0000,0,0,0.0000,0,0.0000,0,0,0,696,0
1359,2.9795,10.2229,0.0012,0.0000,0,0,0.0000,0,0.0000,0,0,0,696,0
1360,5.3229,5.8529,0.0032,0.0000,0,0,0.0000,0,0.0000,0,0,0,601,0
1361,3.0520,5.5922,0.0011,0.0000,0,0,0.0000,0,0.0000,0,0,0,601,0
1362,3.0073,10.4548,0.0032,0.0000,0,0,0.0000,0,0.0000,0,0,0,696,0
1363,2.9795,10.3489,0.0012,0.0000,0,0,0.0000,0,0.0000,0,0,0,696,0
1364,5.3229,5.8839,0.0030,0.0000,0,0,0.0000,0,0.0000,0,0,0,601,0
1365,3.0520,5.6796,0.0010,0.0000,0,0,0.0000,0,0.0000,0,0,0,601,0
1366,3.0073,10.3707,0.0031,0.0000,0,0,0.0000,0,0.0000,0,0,0,696,0
1367,2.9795,10.3223,0.0010,0.0000,0,0,0.0000,0,0.0000,0,0,0,696,0
1368,5.3229,5.8312,0.0033,0.0000,0,0,0.0000,0,0.0000,0,0,0,601,0
1369,3.0520,5.6259,0.0028,0.0000,0,0,0.0000,0,0.0000,0,0,0,601,0
1370,3.0073,10.4171,0.0027,0.0000,0,0,0.0000,0,0.0000,0,0,0,696,0
1371,2.9795,10.3632,0.0004,0.0000,0,0,0.0000,0,0.0000,0,0,0,696,0
1372,5.3229,5.8770,0.0030,0.0000,0,0,0.0000,0,0.0000,0,0,0,601,0
1373,3.0520,5.6226,0.0005,0.0000,0,0,0.0000,0,0.0000,0,0,0,601,0
1374,3.0073,10.3522,0.0029,0.0000,0,0,0.0000,0,0.0000,0,0,0,700,0
1375,2.9795,10.3519,0.0025,0.0000,0,0,0.0000,0,0.0000,0,0,0,696,0
1376,5.3229,5.9331,0.0034,0.0000,0,0,0.0000,0,0.0000,0,0,0,601,0
1377,3.0520,5.6560,0.0005,0.0000,0,0,0.0000,0,0.0000,0,0,0,601,0
1378,3.0073,10.4942,0.0033,0.0000,0,0,0.0000,0,0.0000,0,0,0,696,0
1379,2.9795,10.4221,0.0027,0.0000,0,0,0.0000,0,0.0000,0,0,0,696,0
1380,5.3229,5.9095,0.0036,0.0000,0,0,0.0000,0,0.0000,0,0,0,601,0
1381,3.0520,5.6306,0.0011,0.0000,0,0,0.0000,0,0.0000,0,0,0,601,0
1382,3.0073,10.4355,0.0028,0.0000,0,0,0.0000,0,0.0000,0,0,0,696,0
1383,2.9795,10.4003,0.0010,0.0000,0,0,0.0000,0,0.0000,0,0,0,696,0
1384,5.3229,5.8586,0.0039,0.0000,0,0,0.0000,0,0.0000,0,0,0,601,0
1385,3.0520,5.5650,0.0007,0.0000,0,0,0.0000,0,0.0000,0,0,0,601,0
1386,3.0073,10.4649,0.0029,0.0000,0,0,0.0000,0,0.0000,0,0,0,696,0
1387,2.9795,10.3745,0.0011,0.0000,0,0,0.0000,0,0.0000,0,0,0,696,0
1388,5.3229,5.8480,0.0035,0.0000,0,0,0.0000,0,0.0000,0,0,0,601,0
1389,3.0520,5.6503,0.0027,0.0000,0,0,0.0000,0,0.0000,0,0,0,601,0
1390,3.0073,10.3927,0.0035,0.0000,0,0,0.0000,0,0.0000,0,0,0,696,0
1391,2.9795,10.2509,0.0011,0.0000,0,0,0.0000,0,0.0000,0,0,0,696,0
1392,5.3229,5.8513,0.0036,0.0000,0,0,0.0000,0,0.0000,0,0,0,601,0
1393,3.0520,5.5526,0.0011,0.0000,0,0,0.0000,0,0.0000,0,0,0,601,0
1394,3.0073,10.5098,0.0029,0.0000,0,0,0.0000,0,0.0000,0,0,0,696,0
1395,2.9795,10.4564,0.0026,0.0000,0,0,0.0000,0,0.0000,0,0,0,696,0
1396,5.3229,5.9136,0.0032,0.0000,0,0,0.0000,0,0.0000,0,0,0,601,0
1397,3.0520,5.6460,0.0012,0.0000,0,0,0.0000,0,0.0000,0,0,0,601,0
1398,3.0073,10.4934,0.0033,0.0000,0,0,0.0000,0,0.0000,0,0,0,696,0
1399,2.9795,10.3080,0.0009,0.0000,0,0,0.0000,0,0.0000,0,0,0,696,0
1400,5.3229,5.8482,0.0030,0.0000,0,0,0.0000,0,0.0000,0,0,0,601,0
1401,3.0520,5.6068,0.0010,0.0000,0,0,0.0000,0,0.0000,0,0,0,601,0
1402,3.0073,10.5035,0.0029,0.0000,0,0,0.0000,0,0.0000,0,0,0,696,0
1403,2.9795,10.4187,0.0010,0.0000,0,0,0.0000,0,0.0000,0,0,0,696,0
1404,5.3229,5.8850,0.0034,0.0000,0,0,0.0000,0,0.0000,0,0,0,601,0
1405,3.0520,5.5851,0.0005,0.0000,0,0,0.0000,0,0.0000,0,0,0,601,0
1406,3.0073,10.4358,0.0033,0.0000,0,0,0.0000,0,0.0000,0,0,0,696,0
1407,2.9795,10.3394,0.0010,0.0000,0,0,0.0000,0,0.0000,0,0,0,696,0
1408,5.3229,5.9078,0.0040,0.0000,0,0,0.0000,0,0.0000,0,0,0,601,0
1409,3.0520,5.6902,0.0012,0.0000,0,0,0.0000,0,0.0000,0,0,0,601,0
1410,3.0073,10.4716,0.0024,0.0000,0,0,0.0000,0,0.0000,0,0,0,696,0
1411,2.9795,10.3120,0.0024,0.0000,0,0,0.0000,0,0.0000,0,0,0,696,0
1412,5.3229,5.9182,0.0033,0.0000,0,0,0.0000,0,0.0000,0,0,0,601,0
1413,3.0520,5.6017,0.0010,0.0000,0,0,0.0000,0,0.0000,0,0,0,601,0
1414,3.0073,10.5077,0.0027,0.0000,0,0,0.0000,0,0.0000,0,0,0,696,0
1415,2.9795,10.3833,0.0027,0.0000,0,0,0.0000,0,0.0000,0,0,0,696,0
1416,5.3229,5.8413,0.0031,0.0000,0,0,0.0000,0,0.0000,0,0,0,601,0
1417,3.0520,5.6256,0.0005,0.0000,0,0,0.0000,0,0.0000,0,0,0,601,0
1418,3.0073,10.4759,0.0050,0.0000,0,0,0.0000,0,0.0000,0,0,0,696,0
1419,2.9795,10.3459,0.0050,0.0000,0,0,0.0000,0,0.0000,0,0,0,696,0
1420,5.3229,5.8832,0.0030,0.0000,0,0,0.0000,0,0.0000,0,0,0,601,0
1421,3.0520,5.6161,0.0010,0.0000,0,0,0.0000,0,0.0000,0,0,0,601,0
1422,3.0073,10.5010,0.0027,0.0000,0,0,0.0000,0,0.0000,0,0,0,696,0
1423,2.9795,10.3992,0.0010,0.0000,0,0,0.0000,0,0.0000,0,0,0,696,0
1424,5.3229,5.8551,0.0037,0.0000,0,0,0.0000,0,0.0000,0,0,0,601,0
1425,3.0520,5.5828,0.0013,0.0000,0,0,0.0000,0,0.0000,0,0,0,601,0
1426,3.0073,10.5595,0.0031,0.0000,0,0,0.0000,0,0.0000,0,0,0,696,0
1427,2.9795,10.4733,0.0025,0.0000,0,0,0.0000,0,0.0000,0,0,0,696,0
1428,5.3229,5.9040,0.0031,0.0000,0,0,0.0000,0,0.0000,0,0,0,601,0
1429,3.0520,5.6159,0.0027,0.0000,0,0,0.0000,0,0.0000,0,0,0,601,0
1430,3.0073,10.5935,0.0030,0.0000,0,0,0.0000,0,0.0000,0,0,0,696,0
1431,2.9795,10.4901,0.0010,0.0000,0,0,0.0000,0,0.0000,0,0,0,696,0
1432,5.3229,5.9222,0.0039,0.0000,0,0,0.0000,0,0.0000,0,0,0,601,0
1433,3.0520,5.6167,0.0011,0.0000,0,0,0.0000,0,0.0000,0,0,0,601,0
1434,3.0073,10.4995,0.0031,0.0000,0,0,0.0000,0,0.0000,0,0,0,696,0
1435,2.9795,10.4718,0.0025,0.0000,0,0,0.0000,0,0.0000,0,0,0,696,0
1436,5.3229,5.8397,0.0024,0.0000,0,0,0.0000,0,0.0000,0,0,0,601,0
1437,3.0520,5.6475,0.0026,0.0000,0,0,0.0000,0,0.0000,0,0,0,601,0
1438,3.0073,10.5436,0.0026,0.0000,0,0,0.0000,0,0.0000,0,0,0,696,0
1439,2.9795,10.3937,0.0026,0.0000,0,0,0.0000,0,0.0000,0,0,0,696,0
1440,5.3229,45.4595,0.0270,0.0000,0,0,0.0000,0,0.0000,0,1,0,60271,0
1441,3.0520,25.9517,0.0159,0.0000,0,0,0.0000,0,0.0000,0,1,0,43482,0
1442,3.0073,25.7003,0.0065,0.0000,0,0,0.0000,0,0.0000,0,1,0,59828,0
1443,2.9795,24.7679,0.0153,0.0000,0,0,0.0000,0,0.0000,0,1,0,68126,0
1444,5.3229,5.8670,0.0138,0.0000,0,0,0.0000,0,0.0000,0,0,0,16498,0
1445,3.0520,5.6021,0.0031,0.0000,0,0,0.0000,0,0.0000,0,0,0,14403,0
1446,3.0073,10.3800,0.0133,0.0000,0,0,0.0000,0,0.0000,0,0,0,17862,0
1447,2.9795,10.2506,0.0057,0.0000,0,0,0.0000,0,0.0000,0,0,0,17138,0
1448,5.3229,5.7024,0.0030,0.0000,0,0,0.0000,0,0.0000,0,0,0,9226,0
1449,3.0520,5.5769,0.0019,0.0000,0,0,0.0000,0,0.0000,0,0,0,6914,0
1450,3.0073,10.2258,0.0065,0.0000,0,0,0.0000,0,0.0000,0,0,0,11125,0
1451,2.9795,10.2251,0.0019,0.0000,0,0,0.0000,0,0.0000,0,0,0,9621,0
1452,5.3229,5.7709,0.0115,0.0000,0,0,0.0000,0,0.0000,0,0,0,17369,0
1453,3.0520,5.5796,0.0024,0.0000,0,0,0.0000,0,0.0000,0,0,0,16755,0
1454,3.0073,10.5108,0.0046,0.0000,0,0,0.0000,0,0.0000,0,0,0,19658,0
1455,2.9795,10.3906,0.0046,0.0000,0,0,0.0000,0,0.0000,0,0,0,15622,0
1456,5.3229,5.8533,0.0052,0.0000,0,0,0.0000,0,0.0000,0,0,0,23309,0
1457,3.0520,5.6418,0.0085,0.0000,0,0,0.0000,0,0.0000,0,0,0,20346,0
1458,3.0073,10.5004,0.0077,0.0000,0,0,0.0000,0,0.0000,0,0,0,22802,0
1459,2.9795,10.3172,0.0116,0.0000,0,0,0.0000,0,0.0000,0,0,0,21407,0
1460,5.3229,5.7322,0.0042,0.0000,0,0,0.0000,0,0.0000,0,0,0,13027,0
1461,3.0520,5.5908,0.0017,0.0000,0,0,0.0000,0,0.0000,0,0,0,11737,0
1462,3.0073,10.3349,0.0040,0.0000,0,0,0.0000,0,0.0000,0,0,0,12722,0
1463,2.9795,10.2630,0.0028,0.0000,0,0,0.0000,0,0.0000,0,0,0,16214,0
1464,5.3229,5.7644,0.0040,0.0000,0,0,0.0000,0,0.0000,0,0,0,7002,0
1465,3.0520,5.5523,0.0015,0.0000,0,0,0.0000,0,0.0000,0,0,0,5132,0
1466,3.0073,10.3250,0.0037,0.0000,0,0,0.0000,0,0.0000,0,0,0,7491,0
1467,2.9795,10.2689,0.0014,0.0000,0,0,0.0000,0,0.0000,0,0,0,4790,0
1468,5.3229,5.8741,0.0040,0.0000,0,0,0.0000,0,0.0000,0,0,0,3933,0
1469,3.0520,5.6621,0.0018,0.0000,0,0,0.0000,0,0.0000,0,0,0,3799,0
1470,3.0073,10.5723,0.0043,0.0000,0,0,0.0000,0,0.0000,0,0,0,4399,0
1471,2.9795,10.4782,0.0016,0.0000,0,0,0.0000,0,0.0000,0,0,0,3276,0
1472,5.3229,5.7775,0.0033,0.0000,0,0,0.0000,0,0.0000,0,0,0,3260,0
1473,3.0520,5.5570,0.0009,0.0000,0,0,0.0000,0,0.0000,0,0,0,2850,0
1474,3.0073,10.2865,0.0037,0.0000,0,0,0.0000,0,0.0000,0,0,0,3280,0
1475,2.9795,10.2422,0.0013,0.0000,0,0,0.0000,0,0.0000,0,0,0,2761,0
1476,5.3229,5.7107,0.0037,0.0000,0,0,0.0000,0,0.0000,0,0,0,3090,0
1477,3.0520,5.5405,0.0013,0.0000,0,0,0.0000,0,0.0000,0,0,0,2691,0
1478,3.0073,10.3715,0.0031,0.0000,0,0,0.0000,0,0.0000,0,0,0,3020,0
1479,2.9795,10.2835,0.0018,0.0000,0,0,0.0000,0,0.0000,0,0,0,2648,0
1480,5.3229,5.8267,0.0036,0.0000,0,0,0.0000,0,0.0000,0,0,0,2664,0
1481,3.0520,5.6249,0.0012,0.0000,0,0,0.0000,0,0.0000,0,0,0,2213,0
1482,3.0073,10.4477,0.0033,0.0000,0,0,0.0000,0,0.0000,0,0,0,1084,0
1483,2.9795,10.3396,0.0006,0.0000,0,0,0.0000,0,0.0000,0,0,0,2638,0
1484,5.3229,5.7704,0.0031,0.0000,0,0,0.0000,0,0.0000,0,0,0,1673,0
1485,3.0520,5.6205,0.0011,0.0000,0,0,0.0000,0,0.0000,0,0,0,1302,0
1486,3.0073,10.2459,0.0030,0.0000,0,0,0.0000,0,0.0000,0,0,0,959,0
1487,2.9795,10.3063,0.0014,0.0000,0,0,0.0000,0,0.0000,0,0,0,2173,0
1488,5.3229,5.8415,0.0037,0.0000,0,0,0.0000,0,0.0000,0,0,0,1538,0
1489,3.0520,5.6304,0.0010,0.0000,0,0,0.0000,0,0.0000,0,0,0,1107,0
1490,3.0073,10.4362,0.0027,0.0000,0,0,0.0000,0,0.0000,0,0,0,819,0
1491,2.9795,10.3175,0.0027,0.0000,0,0,0.0000,0,0.0000,0,0,0,1668,0
1492,5.3229,5.8240,0.0030,0.0000,0,0,0.0000,0,0.0000,0,0,0,1248,0
1493,3.0520,5.6574,0.0008,0.0000,0,0,0.0000,0,0.0000,0,0,0,944,0
1494,3.0073,10.4680,0.0033,0.0000,0,0,0.0000,0,0.0000,0,0,0,945,0
1495,2.9795,10.3990,0.0009,0.0000,0,0,0.0000,0,0.0000,0,0,0,743,0
1496,5.3229,5.7572,0.0032,0.0000,0,0,0.0000,0,0.0000,0,0,0,1198,0
1497,3.0520,5.5005,0.0011,0.0000,0,0,0.0000,0,0.0000,0,0,0,836,0
1498,3.0073,10.3885,0.0033,0.0000,0,0,0.0000,0,0.0000,0,0,0,1250,0
1499,2.9795,10.2435,0.0010,0.0000,0,0,0.0000,0,0.0000,0,0,0,717,0
1500,5.3229,5.7511,0.0037,0.0000,0,0,0.0000,0,0.0000,0,0,0,1168,0
1501,3.0520,5.5566,0.0009,0.0000,0,0,0.0000,0,0.0000,0,0,0,792,0
1502,3.0073,10.5583,0.0028,0.0000,0,0,0.0000,0,0.0000,0,0,0,1108,0
1503,2.9795,10.5529,0.0009,0.0000,0,0,0.0000,0,0.0000,0,0,0,792,0
1504,5.3229,5.7401,0.0030,0.0000,0,0,0.0000,0,0.0000,0,0,0,1037,0
1505,3.0520,5.5377,0.0010,0.0000,0,0,0.0000,0,0.0000,0,0,0,722,0
1506,3.0073,10.3812,0.0039,0.0000,0,0,0.0000,0,0.0000,0,0,0,1361,0
1507,2.9795,10.3650,0.0009,0.0000,0,0,0.0000,0,0.0000,0,0,0,925,0
1508,5.3229,5.8235,0.0038,0.0000,0,0,0.0000,0,0.0000,0,0,0,987,0
1509,3.0520,5.5232,0.0011,0.0000,0,0,0.0000,0,0.0000,0,0,0,676,0
1510,3.0073,10.3878,0.0039,0.0000,0,0,0.0000,0,0.0000,0,0,0,1198,0
1511,2.9795,10.3367,0.0012,0.0000,0,0,0.0000,0,0.0000,0,0,0,1094,0
1512,5.3229,5.7744,0.0032,0.0000,0,0,0.0000,0,0.0000,0,0,0,879,0
1513,3.0520,5.6867,0.0007,0.0000,0,0,0.0000,0,0.0000,0,0,0,648,0
1514,3.0073,10.4863,0.0032,0.0000,0,0,0.0000,0,0.0000,0,0,0,1117,0
1515,2.9795,10.4733,0.0010,0.0000,0,0,0.0000,0,0.0000,0,0,0,1077,0
1516,5.3229,5.8198,0.0077,0.0000,0,0,0.0000,0,0.0000,0,0,0,746,0
1517,3.0520,5.5559,0.0012,0.0000,0,0,0.0000,0,0.0000,0,0,0,643,0
1518,3.0073,10.3432,0.0027,0.0000,0,0,0.0000,0,0.0000,0,0,0,1064,0
1519,2.9795,10.2704,0.0012,0.0000,0,0,0.0000,0,0.0000,0,0,0,1295,0
1520,5.3229,5.8697,0.0057,0.0000,0,0,0.0000,0,0.0000,0,0,0,687,0
1521,3.0520,5.6099,0.0011,0.0000,0,0,0.0000,0,0.0000,0,0,0,622,0
1522,3.0073,10.5193,0.0029,0.0000,0,0,0.0000,0,0.0000,0,0,0,1368,0
1523,2.9795,10.3971,0.0011,0.0000,0,0,0.0000,0,0.0000,0,0,0,709,0
1524,5.3229,5.8521,0.0036,0.0000,0,0,0.0000,0,0.0000,0,0,0,716,0
1525,3.0520,5.6509,0.0006,0.0000,0,0,0.0000,0,0.0000,0,0,0,620,0
1526,3.0073,10.4911,0.0037,0.0000,0,0,0.0000,0,0.0000,0,0,0,710,0
1527,2.9795,10.4227,0.0005,0.0000,0,0,0.0000,0,0.0000,0,0,0,715,0
1528,5.3229,5.9055,0.0029,0.0000,0,0,0.0000,0,0.0000,0,0,0,717,0
1529,3.0520,5.6000,0.0015,0.0000,0,0,0.0000,0,0.0000,0,0,0,613,0
1530,3.0073,10.4633,0.0028,0.0000,0,0,0.0000,0,0.0000,0,0,0,696,0
1531,2.9795,10.4267,0.0027,0.0000,0,0,0.0000,0,0.0000,0,0,0,724,0
1532,5.3229,5.8723,0.0035,0.0000,0,0,0.0000,0,0.0000,0,0,0,685,0
1533,3.0520,5.6120,0.0005,0.0000,0,0,0.0000,0,0.0000,0,0,0,617,0
1534,3.0073,10.4521,0.0029,0.0000,0,0,0.0000,0,0.0000,0,0,0,755,0
1535,2.9795,10.4227,0.0025,0.0000,0,0,0.0000,0,0.0000,0,0,0,779,0
1536,5.3229,5.7497,0.0031,0.0000,0,0,0.0000,0,0.0000,0,0,0,664,0
1537,3.0520,5.6100,0.0013,0.0000,0,0,0.0000,0,0.0000,0,0,0,622,0
1538,3.0073,10.3671,0.0033,0.0000,0,0,0.0000,0,0.0000,0,0,0,785,0
1539,2.9795,10.3319,0.0152,0.0000,0,0,0.0000,0,0.0000,0,0,0,906,0
1540,5.3229,5.8163,0.0036,0.0000,0,0,0.0000,0,0.0000,0,0,0,636,0
1541,3.0520,5.5882,0.0004,0.0000,0,0,0.0000,0,0.0000,0,0,0,626,0
1542,3.0073,10.5070,0.0033,0.0000,0,0,0.0000,0,0.0000,0,0,0,868,0
1543,2.9795,10.3486,0.0010,0.0000,0,0,0.0000,0,0.0000,0,0,0,830,0
1544,5.3229,5.8273,0.0032,0.0000,0,0,0.0000,0,0.0000,0,0,0,635,0
1545,3.0520,5.6292,0.0009,0.0000,0,0,0.0000,0,0.0000,0,0,0,608,0
1546,3.0073,10.5367,0.0035,0.0000,0,0,0.0000,0,0.0000,0,0,0,801,0
1547,2.9795,10.3879,0.0034,0.0000,0,0,0.0000,0,0.0000,0,0,0,966,0
1548,5.3229,6.1719,0.0038,0.0000,0,0,0.0000,0,0.0000,0,0,0,650,0
1549,3.0520,5.8999,0.0038,0.0000,0,0,0.0000,0,0.0000,0,0,0,606,0
1550,3.0073,10.5767,0.0035,0.0000,0,0,0.0000,0,0.0000,0,0,0,1017,0
1551,2.9795,10.5309,0.0008,0.0000,0,0,0.0000,0,0.0000,0,0,0,705,0
1552,5.3229,5.9061,0.0037,0.0000,0,0,0.0000,0,0.0000,0,0,0,646,0
1553,3.0520,5.7697,0.0007,0.0000,0,0,0.0000,0,0.0000,0,0,0,607,0
1554,3.0073,10.1422,0.0032,0.0000,0,0,0.0000,0,0.0000,0,0,0,933,0
1555,2.9795,10.2603,0.0009,0.0000,0,0,0.0000,0,0.0000,0,0,0,703,0
1556,5.3229,5.7548,0.0025,0.0000,0,0,0.0000,0,0.0000,0,0,0,651,0
1557,3.0520,5.5634,0.0011,0.0000,0,0,0.0000,0,0.0000,0,0,0,609,0
1558,3.0073,10.3847,0.0035,0.0000,0,0,0.0000,0,0.0000,0,0,0,926,0
1559,2.9795,10.3522,0.0013,0.0000,0,0,0.0000,0,0.0000,0,0,0,728,0
1560,5.3229,5.9625,0.0038,0.0000,0,0,0.0000,0,0.0000,0,0,0,638,0
1561,3.0520,5.6890,0.0009,0.0000,0,0,0.0000,0,0.0000,0,0,0,601,0
1562,3.0073,10.3746,0.0029,0.0000,0,0,0.0000,0,0.0000,0,0,0,856,0
1563,2.9795,10.3597,0.0010,0.0000,0,0,0.0000,0,0.0000,0,0,0,752,0
1564,5.3229,5.9813,0.0036,0.0000,0,0,0.0000,0,0.0000,0,0,0,623,0
1565,3.0520,5.6580,0.0009,0.0000,0,0,0.0000,0,0.0000,0,0,0,601,0
1566,3.0073,10.5050,0.0035,0.0000,0,0,0.0000,0,0.0000,0,0,0,1082,0
1567,2.9795,10.4074,0.0010,0.0000,0,0,0.0000,0,0.0000,0,0,0,805,0
1568,5.3229,5.8944,0.0034,0.0000,0,0,0.0000,0,0.0000,0,0,0,626,0
1569,3.0520,5.6177,0.0006,0.0000,0,0,0.0000,0,0.0000,0,0,0,601,0
1570,3.0073,10.5345,0.0027,0.0000,0,0,0.0000,0,0.0000,0,0,0,712,0
1571,2.9795,10.4250,0.0009,0.0000,0,0,0.0000,0,0.0000,0,0,0,775,0
1572,5.3229,5.9399,0.0031,0.0000,0,0,0.0000,0,0.0000,0,0,0,622,0
1573,3.0520,5.6850,0.0010,0.0000,0,0,0.0000,0,0.0000,0,0,0,601,0
1574,3.0073,10.3951,0.0035,0.0000,0,0,0.0000,0,0.0000,0,0,0,709,0
1575,2.9795,10.2522,0.0005,0.0000,0,0,0.0000,0,0.0000,0,0,0,911,0
1576,5.3229,5.9229,0.0064,0.0000,0,0,0.0000,0,0.0000,0,0,0,611,0
1577,3.0520,5.6392,0.0028,0.0000,0,0,0.0000,0,0.0000,0,0,0,601,0
1578,3.0073,10.5161,0.0036,0.0000,0,0,0.0000,0,0.0000,0,0,0,723,0
1579,2.9795,10.4242,0.0008,0.0000,0,0,0.0000,0,0.0000,0,0,0,698,0
1580,5.3229,5.9095,0.0035,0.0000,0,0,0.0000,0,0.0000,0,0,0,618,0
1581,3.0520,5.6206,0.0009,0.0000,0,0,0.0000,0,0.0000,0,0,0,601,0
1582,3.0073,10.5652,0.0035,0.0000,0,0,0.0000,0,0.0000,0,0,0,744,0
1583,2.9795,10.5158,0.0010,0.0000,0,0,0.0000,0,0.0000,0,0,0,696,0
1584,5.3229,5.9539,0.0044,0.0000,0,0,0.0000,0,0.0000,0,0,0,605,0
1585,3.0520,5.6545,0.0030,0.0000,0,0,0.0000,0,0.0000,0,0,0,601,0
1586,3.0073,10.6079,0.0036,0.0000,0,0,0.0000,0,0.0000,0,0,0,786,0
1587,2.9795,10.4375,0.0027,0.0000,0,0,0.0000,0,0.0000,0,0,0,704,0
1588,5.3229,5.9396,0.0035,0.0000,0,0,0.0000,0,0.0000,0,0,0,606,0
1589,3.0520,5.7189,0.0010,0.0000,0,0,0.0000,0,0.0000,0,0,0,601,0
1590,3.0073,10.5153,0.0031,0.0000,0,0,0.0000,0,0.0000,0,0,0,780,0
1591,2.9795,10.3790,0.0011,0.0000,0,0,0.0000,0,0.0000,0,0,0,741,0
1592,5.3229,5.8975,0.0032,0.0000,0,0,0.0000,0,0.0000,0,0,0,605,0
1593,3.0520,5.6199,0.0013,0.0000,0,0,0.0000,0,0.0000,0,0,0,601,0
1594,3.0073,10.4720,0.0037,0.0000,0,0,0.0000,0,0.0000,0,0,0,808,0
1595,2.9795,10.3660,0.0007,0.0000,0,0,0.0000,0,0.0000,0,0,0,758,0
1596,5.3229,5.9846,0.0030,0.0000,0,0,0.0000,0,0.0000,0,0,0,606,0
1597,3.0520,5.7494,0.0013,0.0000,0,0,0.0000,0,0.0000,0,0,0,601,0
1598,3.0073,10.4590,0.0037,0.0000,0,0,0.0000,0,0.0000,0,0,0,795,0
1599,2.9795,10.3953,0.0010,0.0000,0,0,0.0000,0,0.0000,0,0,0,738,0
1600,5.3229,5.8483,0.0030,0.0000,0,0,0.0000,0,0.0000,0,0,0,601,0
1601,3.0520,5.6285,0.0009,0.0000,0,0,0.0000,0,0.0000,0,0,0,601,0
1602,3.0073,10.5837,0.0036,0.0000,0,0,0.0000,0,0.0000,0,0,0,771,0
1603,2.9795,10.4808,0.0012,0.0000,0,0,0.0000,0,0.0000,0,0,0,836,0
1604,5.3229,5.9339,0.0036,0.0000,0,0,0.0000,0,0.0000,0,0,0,601,0
1605,3.0520,5.5932,0.0011,0.0000,0,0,0.0000,0,0.0000,0,0,0,601,0
1606,3.0073,10.5207,0.0035,0.0000,0,0,0.0000,0,0.0000,0,0,0,779,0
1607,2.9795,10.4135,0.0009,0.0000,0,0,0.0000,0,0.0000,0,0,0,698,0
1608,5.3229,5.9017,0.0039,0.0000,0,0,0.0000,0,0.0000,0,0,0,601,0
1609,3.0520,5.6843,0.0009,0.0000,0,0,0.0000,0,0.0000,0,0,0,601,0
1610,3.0073,10.4668,0.0037,0.0000,0,0,0.0000,0,0.0000,0,0,0,967,0
1611,2.9795,10.3876,0.0006,0.0000,0,0,0.0000,0,0.0000,0,0,0,696,0
1612,5.3229,5.9954,0.0034,0.0000,0,0,0.0000,0,0.0000,0,0,0,601,0
1613,3.0520,5.6427,0.0030,0.0000,0,0,0.0000,0,0.0000,0,0,0,601,0
1614,3.0073,10.5112,0.0035,0.0000,0,0,0.0000,0,0.0000,0,0,0,710,0
1615,2.9795,10.4765,0.0011,0.0000,0,0,0.0000,0,0.0000,0,0,0,700,0
1616,5.3229,5.8742,0.0033,0.0000,0,0,0.0000,0,0.0000,0,0,0,601,0
1617,3.0520,5.5881,0.0008,0.0000,0,0,0.0000,0,0.0000,0,0,0,601,0
1618,3.0073,10.4304,0.0032,0.0000,0,0,0.0000,0,0.0000,0,0,0,703,0
1619,2.9795,10.3404,0.0011,0.0000,0,0,0.0000,0,0.0000,0,0,0,721,0
1620,5.3229,5.9729,0.0036,0.0000,0,0,0.0000,0,0.0000,0,0,0,601,0
1621,3.0520,5.6006,0.0037,0.0000,0,0,0.0000,0,0.0000,0,0,0,601,0
1622,3.0073,10.4558,0.0029,0.0000,0,0,0.0000,0,0.0000,0,0,0,708,0
1623,2.9795,10.2933,0.0010,0.0000,0,0,0.0000,0,0.0000,0,0,0,783,0
1624,5.3229,5.9020,0.0032,0.0000,0,0,0.0000,0,0.0000,0,0,0,601,0
1625,3.0520,5.6365,0.0010,0.0000,0,0,0.0000,0,0.0000,0,0,0,601,0
1626,3.0073,10.4203,0.0033,0.0000,0,0,0.0000,0,0.0000,0,0,0,751,0
1627,2.9795,10.3210,0.0005,0.0000,0,0,0.0000,0,0.0000,0,0,0,755,0
1628,5.3229,5.9319,0.0053,0.0000,0,0,0.0000,0,0.0000,0,0,0,601,0
1629,3.0520,5.6715,0.0011,0.0000,0,0,0.0000,0,0.0000,0,0,0,601,0
1630,3.0073,10.5595,0.0035,0.0000,0,0,0.0000,0,0.0000,0,0,0,762,0
1631,2.9795,10.4162,0.0030,0.0000,0,0,0.0000,0,0.0000,0,0,0,801,0
1632,5.3229,5.9263,0.0034,0.0000,0,0,0.0000,0,0.0000,0,0,0,601,0
1633,3.0520,5.6597,0.0011,0.0000,0,0,0.0000,0,0.0000,0,0,0,601,0
1634,3.0073,10.4985,0.0053,0.0000,0,0,0.0000,0,0.0000,0,0,0,747,0
1635,2.9795,10.4356,0.0010,0.0000,0,0,0.0000,0,0.0000,0,0,0,696,0
1636,5.3229,5.9359,0.0042,0.0000,0,0,0.0000,0,0.0000,0,0,0,601,0
1637,3.0520,5.5915,0.0042,0.0000,0,0,0.0000,0,0.0000,0,0,0,601,0
1638,3.0073,10.5296,0.0035,0.0000,0,0,0.0000,0,0.0000,0,0,0,830,0
1639,2.9795,10.4719,0.0010,0.0000,0,0,0.0000,0,0.0000,0,0,0,701,0
1640,5.3229,5.9191,0.0031,0.0000,0,0,0.0000,0,0.0000,0,0,0,601,0
1641,3.0520,5.6075,0.0011,0.0000,0,0,0.0000,0,0.0000,0,0,0,601,0
1642,3.0073,10.4781,0.0029,0.0000,0,0,0.0000,0,0.0000,0,0,0,769,0
1643,2.9795,10.3711,0.0027,0.0000,0,0,0.0000,0,0.0000,0,0,0,696,0
1644,5.3229,5.8505,0.0032,0.0000,0,0,0.0000,0,0.0000,0,0,0,601,0
1645,3.0520,5.5918,0.0005,0.0000,0,0,0.0000,0,0.0000,0,0,0,601,0
1646,3.0073,10.4915,0.0030,0.0000,0,0,0.0000,0,0.0000,0,0,0,728,0
1647,2.9795,10.4162,0.0010,0.0000,0,0,0.0000,0,0.0000,0,0,0,717,0
1648,5.3229,5.8834,0.0034,0.0000,0,0,0.0000,0,0.0000,0,0,0,601,0
1649,3.0520,5.6455,0.0030,0.0000,0,0,0.0000,0,0.0000,0,0,0,601,0
1650,3.0073,10.4720,0.0032,0.0000,0,0,0.0000,0,0.0000,0,0,0,726,0
1651,2.9795,10.3691,0.0014,0.0000,0,0,0.0000,0,0.0000,0,0,0,731,0
1652,5.3229,5.8937,0.0031,0.0000,0,0,0.0000,0,0.0000,0,0,0,601,0
1653,3.0520,5.5918,0.0011,0.0000,0,0,0.0000,0,0.0000,0,0,0,601,0
1654,3.0073,10.5095,0.0029,0.0000,0,0,0.0000,0,0.0000,0,0,0,833,0
1655,2.9795,10.3396,0.0010,0.0000,0,0,0.0000,0,0.0000,0,0,0,722,0
1656,5.3229,5.8772,0.0031,0.0000,0,0,0.0000,0,0.0000,0,0,0,601,0
1657,3.0520,5.6706,0.0026,0.0000,0,0,0.0000,0,0.0000,0,0,0,601,0
1658,3.0073,10.5091,0.0033,0.0000,0,0,0.0000,0,0.0000,0,0,0,696,0
1659,2.9795,10.3804,0.0009,0.0000,0,0,0.0000,0,0.0000,0,0,0,758,0
1660,5.3229,5.8563,0.0030,0.0000,0,0,0.0000,0,0.0000,0,0,0,601,0
1661,3.0520,5.5308,0.0025,0.0000,0,0,0.0000,0,0.0000,0,0,0,601,0
1662,3.0073,10.4390,0.0031,0.0000,0,0,0.0000,0,0.0000,0,0,0,696,0
1663,2.9795,10.2895,0.0011,0.0000,0,0,0.0000,0,0.0000,0,0,0,696,0
1664,5.3229,5.8836,0.0105,0.0000,0,0,0.0000,0,0.0000,0,0,0,601,0
1665,3.0520,5.6425,0.0029,0.0000,0,0,0.0000,0,0.0000,0,0,0,601,0
1666,3.0073,10.4224,0.0031,0.0000,0,0,0.0000,0,0.0000,0,0,0,696,0
1667,2.9795,10.3110,0.0011,0.0000,0,0,0.0000,0,0.0000,0,0,0,705,0
1668,5.3229,5.9038,0.0034,0.0000,0,0,0.0000,0,0.0000,0,0,0,601,0
1669,3.0520,5.5849,0.0011,0.0000,0,0,0.0000,0,0.0000,0,0,0,601,0
1670,3.0073,10.4759,0.0033,0.0000,0,0,0.0000,0,0.0000,0,0,0,696,0
1671,2.9795,10.3125,0.0010,0.0000,0,0,0.0000,0,0.0000,0,0,0,707,0
1672,5.3229,5.8626,0.0031,0.0000,0,0,0.0000,0,0.0000,0,0,0,601,0
1673,3.0520,5.6035,0.0010,0.0000,0,0,0.0000,0,0.0000,0,0,0,601,0
1674,3.0073,10.4237,0.0027,0.0000,0,0,0.0000,0,0.0000,0,0,0,701,0
1675,2.9795,10.3605,0.0009,0.0000,0,0,0.0000,0,0.0000,0,0,0,707,0
1676,5.3229,5.8590,0.0034,0.0000,0,0,0.0000,0,0.0000,0,0,0,601,0
1677,3.0520,5.5743,0.0027,0.0000,0,0,0.0000,0,0.0000,0,0,0,601,0
1678,3.0073,10.3728,0.0028,0.0000,0,0,0.0000,0,0.0000,0,0,0,703,0
1679,2.9795,10.3524,0.0007,0.0000,0,0,0.0000,0,0.0000,0,0,0,736,0
1680,5.3229,5.9497,0.0031,0.0000,0,0,0.0000,0,0.0000,0,0,0,601,0
1681,3.0520,5.6048,0.0010,0.0000,0,0,0.0000,0,0.0000,0,0,0,601,0
1682,3.0073,10.4611,0.0026,0.0000,0,0,0.0000,0,0.0000,0,0,0,716,0
1683,2.9795,10.3180,0.0012,0.0000,0,0,0.0000,0,0.0000,0,0,0,719,0
1684,5.3229,5.8593,0.0032,0.0000,0,0,0.0000,0,0.0000,0,0,0,601,0
1685,3.0520,5.5837,0.0010,0.0000,0,0,0.0000,0,0.0000,0,0,0,601,0
1686,3.0073,10.3316,0.0024,0.0000,0,0,0.0000,0,0.0000,0,0,0,714,0
1687,2.9795,10.2338,0.0007,0.0000,0,0,0.0000,0,0.0000,0,0,0,775,0
1688,5.3229,5.7868,0.0026,0.0000,0,0,0.0000,0,0.0000,0,0,0,601,0
1689,3.0520,5.6010,0.0010,0.0000,0,0,0.0000,0,0.0000,0,0,0,601,0
1690,3.0073,10.4180,0.0029,0.0000,0,0,0.0000,0,0.0000,0,0,0,717,0
1691,2.9795,10.3708,0.0011,0.0000,0,0,0.0000,0,0.0000,0,0,0,701,0
1692,5.3229,5.8398,0.0033,0.0000,0,0,0.0000,0,0.0000,0,0,0,601,0
1693,3.0520,5.6136,0.0011,0.0000,0,0,0.0000,0,0.0000,0,0,0,601,0
1694,3.0073,10.4490,0.0027,0.0000,0,0,0.0000,0,0.0000,0,0,0,711,0
1695,2.9795,10.4193,0.0010,0.0000,0,0,0.0000,0,0.0000,0,0,0,701,0
1696,5.3229,5.8487,0.0033,0.0000,0,0,0.0000,0,0.0000,0,0,0,601,0
1697,3.0520,5.6812,0.0011,0.0000,0,0,0.0000,0,0.0000,0,0,0,601,0
1698,3.0073,10.3013,0.0030,0.0000,0,0,0.0000,0,0.0000,0,0,0,763,0
1699,2.9795,10.3314,0.0011,0.0000,0,0,0.0000,0,0.0000,0,0,0,701,0
1700,5.3229,5.8810,0.0030,0.0000,0,0,0.0000,0,0.0000,0,0,0,601,0
1701,3.0520,5.5607,0.0010,0.0000,0,0,0.0000,0,0.0000,0,0,0,601,0
1702,3.0073,10.4981,0.0032,0.0000,0,0,0.0000,0,0.0000,0,0,0,696,0
1703,2.9795,10.4072,0.0005,0.0000,0,0,0.0000,0,0.0000,0,0,0,715,0
1704,5.3229,5.8393,0.0032,0.0000,0,0,0.0000,0,0.0000,0,0,0,601,0
1705,3.0520,5.5757,0.0010,0.0000,0,0,0.0000,0,0.0000,0,0,0,601,0
1706,3.0073,10.5010,0.0026,0.0000,0,0,0.0000,0,0.0000,0,0,0,696,0
1707,2.9795,10.3351,0.0013,0.0000,0,0,0.0000,0,0.0000,0,0,0,726,0
1708,5.3229,5.9277,0.0032,0.0000,0,0,0.0000,0,0.0000,0,0,0,601,0
1709,3.0520,5.6297,0.0026,0.0000,0,0,0.0000,0,0.0000,0,0,0,601,0
1710,3.0073,10.4713,0.0030,0.0000,0,0,0.0000,0,0.0000,0,0,0,696,0
1711,2.9795,10.4000,0.0081,0.0000,0,0,0.0000,0,0.0000,0,0,0,714,0
1712,5.3229,5.8645,0.0033,0.0000,0,0,0.0000,0,0.0000,0,0,0,601,0
1713,3.0520,5.5982,0.0011,0.0000,0,0,0.0000,0,0.0000,0,0,0,601,0
1714,3.0073,10.4348,0.0027,0.0000,0,0,0.0000,0,0.0000,0,0,0,696,0
1715,2.9795,10.3718,0.0006,0.0000,0,0,0.0000,0,0.0000,0,0,0,789,0
1716,5.3229,5.9101,0.0032,0.0000,0,0,0.0000,0,0.0000,0,0,0,601,0
1717,3.0520,5.5918,0.0030,0.0000,0,0,0.0000,0,0.0000,0,0,0,601,0
1718,3.0073,10.5331,0.0035,0.0000,0,0,0.0000,0,0.0000,0,0,0,717,0
1719,2.9795,10.4601,0.0027,0.0000,0,0,0.0000,0,0.0000,0,0,0,703,0
1720,5.3229,6.1200,0.0065,0.0000,0,0,0.0000,0,0.0000,0,0,0,601,0
1721,3.0520,5.7942,0.0019,0.0000,0,0,0.0000,0,0.0000,0,0,0,601,0
1722,3.0073,10.3907,0.0034,0.0000,0,0,0.0000,0,0.0000,0,0,0,716,0
1723,2.9795,10.2834,0.0010,0.0000,0,0,0.0000,0,0.0000,0,0,0,705,0
1724,5.3229,6.1779,0.0069,0.0000,0,0,0.0000,0,0.0000,0,0,0,601,0
1725,3.0520,5.9713,0.0018,0.0000,0,0,0.0000,0,0.0000,0,0,0,601,0
1726,3.0073,10.5282,0.0041,0.0000,0,0,0.0000,0,0.0000,0,0,0,745,0
1727,2.9795,10.3747,0.0011,0.0000,0,0,0.0000,0,0.0000,0,0,0,700,0
1728,5.3229,5.8712,0.0033,0.0000,0,0,0.0000,0,0.0000,0,0,0,601,0
1729,3.0520,5.5942,0.0010,0.0000,0,0,0.0000,0,0.0000,0,0,0,601,0
1730,3.0073,10.5509,0.0033,0.0000,0,0,0.0000,0,0.0000,0,0,0,737,0
1731,2.9795,10.4426,0.0010,0.0000,0,0,0.0000,0,0.0000,0,0,0,706,0
1732,5.3229,5.9075,0.0035,0.0000,0,0,0.0000,0,0.0000,0,0,0,601,0
1733,3.0520,5.6205,0.0032,0.0000,0,0,0.0000,0,0.0000,0,0,0,601,0
1734,3.0073,10.5631,0.0017,0.0000,0,0,0.0000,0,0.0000,0,0,0,718,0
1735,2.9795,10.4653,0.0005,0.0000,0,0,0.0000,0,0.0000,0,0,0,723,0
1736,5.3229,5.9073,0.0034,0.0000,0,0,0.0000,0,0.0000,0,0,0,601,0
1737,3.0520,5.6608,0.0010,0.0000,0,0,0.0000,0,0.0000,0,0,0,601,0
1738,3.0073,10.4567,0.0033,0.0000,0,0,0.0000,0,0.0000,0,0,0,719,0
1739,2.9795,10.3245,0.0012,0.0000,0,0,0.0000,0,0.0000,0,0,0,714,0
1740,5.3229,5.8996,0.0030,0.0000,0,0,0.0000,0,0.0000,0,0,0,601,0
1741,3.0520,5.6338,0.0006,0.0000,0,0,0.0000,0,0.0000,0,0,0,601,0
1742,3.0073,10.9777,0.0032,0.0000,0,0,0.0000,0,0.0000,0,0,0,747,0
1743,2.9795,10.7980,0.0033,0.0000,0,0,0.0000,0,0.0000,0,0,0,769,0
1744,5.3229,6.0563,0.0057,0.0000,0,0,0.0000,0,0.0000,0,0,0,601,0
1745,3.0520,6.1372,0.0018,0.0000,0,0,0.0000,0,0.0000,0,0,0,601,0
1746,3.0073,10.5565,0.0030,0.0000,0,0,0.0000,0,0.0000,0,0,0,696,0
1747,2.9795,10.3958,0.0029,0.0000,0,0,0.0000,0,0.0000,0,0,0,704,0
1748,5.3229,5.8933,0.0060,0.0000,0,0,0.0000,0,0.0000,0,0,0,601,0
1749,3.0520,5.6401,0.0012,0.0000,0,0,0.0000,0,0.0000,0,0,0,601,0
1750,3.0073,10.4966,0.0027,0.0000,0,0,0.0000,0,0.0000,0,0,0,696,0
1751,2.9795,10.4179,0.0010,0.0000,0,0,0.0000,0,0.0000,0,0,0,707,0
1752,5.3229,5.9166,0.0035,0.0000,0,0,0.0000,0,0.0000,0,0,0,601,0
1753,3.0520,5.6236,0.0010,0.0000,0,0,0.0000,0,0.0000,0,0,0,601,0
1754,3.0073,10.5248,0.0036,0.0000,0,0,0.0000,0,0.0000,0,0,0,696,0
1755,2.9795,10.4887,0.0011,0.0000,0,0,0.0000,0,0.0000,0,0,0,714,0
1756,5.3229,5.8445,0.0030,0.0000,0,0,0.0000,0,0.0000,0,0,0,601,0
1757,3.0520,5.6570,0.0008,0.0000,0,0,0.0000,0,0.0000,0,0,0,601,0
1758,3.0073,10.4599,0.0031,0.0000,0,0,0.0000,0,0.0000,0,0,0,696,0
1759,2.9795,10.3843,0.0010,0.0000,0,0,0.0000,0,0.0000,0,0,0,709,0
1760,5.3229,6.3190,0.0034,0.0000,0,0,0.0000,0,0.0000,0,0,0,601,0
1761,3.0520,5.6314,0.0012,0.0000,0,0,0.0000,0,0.0000,0,0,0,601,0
1762,3.0073,10.1582,0.0032,0.0000,0,0,0.0000,0,0.0000,0,0,0,696,0
1763,2.9795,9.5319,0.0010,0.0000,0,0,0.0000,0,0.0000,0,0,0,732,0
1764,5.3229,5.8026,0.0068,0.0000,0,0,0.0000,0,0.0000,0,0,0,601,0
1765,3.0520,5.5204,0.0011,0.0000,0,0,0.0000,0,0.0000,0,0,0,601,0
1766,3.0073,10.4325,0.0029,0.0000,0,0,0.0000,0,0.0000,0,0,0,696,0
1767,2.9795,10.2837,0.0010,0.0000,0,0,0.0000,0,0.0000,0,0,0,719,0
1768,5.3229,5.8072,0.0035,0.0000,0,0,0.0000,0,0.0000,0,0,0,601,0
1769,3.0520,5.5375,0.0010,0.0000,0,0,0.0000,0,0.0000,0,0,0,601,0
1770,3.0073,10.4114,0.0027,0.0000,0,0,0.0000,0,0.0000,0,0,0,708,0
1771,2.9795,10.3249,0.0010,0.0000,0,0,0.0000,0,0.0000,0,0,0,751,0
1772,5.3229,5.9523,0.0035,0.0000,0,0,0.0000,0,0.0000,0,0,0,601,0
1773,3.0520,5.6270,0.0010,0.0000,0,0,0.0000,0,0.0000,0,0,0,601,0
1774,3.0073,10.5306,0.0030,0.0000,0,0,0.0000,0,0.0000,0,0,0,708,0
1775,2.9795,10.4604,0.0025,0.0000,0,0,0.0000,0,0.0000,0,0,0,696,0
1776,5.3229,5.9130,0.0029,0.0000,0,0,0.0000,0,0.0000,0,0,0,601,0
1777,3.0520,5.5875,0.0009,0.0000,0,0,0.0000,0,0.0000,0,0,0,601,0
1778,3.0073,10.4110,0.0033,0.0000,0,0,0.0000,0,0.0000,0,0,0,706,0
1779,2.9795,10.3023,0.0010,0.0000,0,0,0.0000,0,0.0000,0,0,0,701,0
1780,5.3229,5.8910,0.0035,0.0000,0,0,0.0000,0,0.0000,0,0,0,601,0
1781,3.0520,5.6710,0.0005,0.0000,0,0,0.0000,0,0.0000,0,0,0,601,0
1782,3.0073,10.4456,0.0032,0.0000,0,0,0.0000,0,0.0000,0,0,0,707,0
1783,2.9795,10.3340,0.0005,0.0000,0,0,0.0000,0,0.0000,0,0,0,703,0
1784,5.3229,5.7455,0.0034,0.0000,0,0,0.0000,0,0.0000,0,0,0,601,0
1785,3.0520,5.5405,0.0027,0.0000,0,0,0.0000,0,0.0000,0,0,0,601,0
1786,3.0073,10.3143,0.0027,0.0000,0,0,0.0000,0,0.0000,0,0,0,723,0
1787,2.9795,10.2254,0.0011,0.0000,0,0,0.0000,0,0.0000,0,0,0,707,0
1788,5.3229,5.8860,0.0036,0.0000,0,0,0.0000,0,0.0000,0,0,0,601,0
1789,3.0520,5.5768,0.0013,0.0000,0,0,0.0000,0,0.0000,0,0,0,601,0
1790,3.0073,10.4502,0.0130,0.0000,0,0,0.0000,0,0.0000,0,0,0,696,0
1791,2.9795,10.3806,0.0009,0.0000,0,0,0.0000,0,0.0000,0,0,0,708,0
1792,5.3229,5.8960,0.0037,0.0000,0,0,0.0000,0,0.0000,0,0,0,601,0
1793,3.0520,5.5170,0.0011,0.0000,0,0,0.0000,0,0.0000,0,0,0,601,0
1794,3.0073,10.2484,0.0035,0.0000,0,0,0.0000,0,0.0000,0,0,0,696,0
1795,2.9795,10.1521,0.0011,0.0000,0,0,0.0000,0,0.0000,0,0,0,712,0
1796,5.3229,5.9186,0.0036,0.0000,0,0,0.0000,0,0.0000,0,0,0,601,0
1797,3.0520,5.6522,0.0011,0.0000,0,0,0.0000,0,0.0000,0,0,0,601,0
1798,3.0073,10.3573,0.0023,0.0000,0,0,0.0000,0,0.0000,0,0,0,696,0
1799,2.9795,10.3042,0.0011,0.0000,0,0,0.0000,0,0.0000,0,0,0,754,0
1800,5.3229,5.8500,0.0027,0.0000,0,0,0.0000,0,0.0000,0,0,0,601,0
1801,3.0520,5.5565,0.0005,0.0000,0,0,0.0000,0,0.0000,0,0,0,601,0
1802,3.0073,10.4522,0.0032,0.0000,0,0,0.0000,0,0.0000,0,0,0,696,0
1803,2.9795,10.3438,0.0010,0.0000,0,0,0.0000,0,0.0000,0,0,0,696,0
1804,5.3229,5.8822,0.0039,0.0000,0,0,0.0000,0,0.0000,0,0,0,601,0
1805,3.0520,5.5953,0.0006,0.0000,0,0,0.0000,0,0.0000,0,0,0,601,0
1806,3.0073,10.4510,0.0056,0.0000,0,0,0.0000,0,0.0000,0,0,0,701,0
1807,2.9795,10.3684,0.0011,0.0000,0,0,0.0000,0,0.0000,0,0,0,706,0
1808,5.3229,5.8482,0.0030,0.0000,0,0,0.0000,0,0.0000,0,0,0,601,0
1809,3.0520,5.5588,0.0006,0.0000,0,0,0.0000,0,0.0000,0,0,0,601,0
1810,3.0073,10.3447,0.0034,0.0000,0,0,0.0000,0,0.0000,0,0,0,696,0
1811,2.9795,10.3142,0.0010,0.0000,0,0,0.0000,0,0.0000,0,0,0,700,0
1812,5.3229,5.8792,0.0033,0.0000,0,0,0.0000,0,0.0000,0,0,0,601,0
1813,3.0520,5.6085,0.0012,0.0000,0,0,0.0000,0,0.0000,0,0,0,601,0
1814,3.0073,10.4505,0.0030,0.0000,0,0,0.0000,0,0.0000,0,0,0,707,0
1815,2.9795,10.2952,0.0011,0.0000,0,0,0.0000,0,0.0000,0,0,0,704,0
1816,5.3229,5.8389,0.0030,0.0000,0,0,0.0000,0,0.0000,0,0,0,601,0
1817,3.0520,5.5666,0.0005,0.0000,0,0,0.0000,0,0.0000,0,0,0,601,0
1818,3.0073,10.3952,0.0030,0.0000,0,0,0.0000,0,0.0000,0,0,0,701,0
1819,2.9795,10.2910,0.0012,0.0000,0,0,0.0000,0,0.0000,0,0,0,715,0
1820,5.3229,5.9140,0.0060,0.0000,0,0,0.0000,0,0.0000,0,0,0,601,0
1821,3.0520,5.6640,0.0010,0.0000,0,0,0.0000,0,0.0000,0,0,0,601,0
1822,3.0073,10.4620,0.0025,0.0000,0,0,0.0000,0,0.0000,0,0,0,702,0
1823,2.9795,10.3724,0.0011,0.0000,0,0,0.0000,0,0.0000,0,0,0,700,0
1824,5.3229,5.8654,0.0031,0.0000,0,0,0.0000,0,0.0000,0,0,0,601,0
1825,3.0520,5.6376,0.0028,0.0000,0,0,0.0000,0,0.0000,0,0,0,601,0
1826,3.0073,10.3752,0.0026,0.0000,0,0,0.0000,0,0.0000,0,0,0,711,0
1827,2.9795,10.2478,0.0005,0.0000,0,0,0.0000,0,0.0000,0,0,0,764,0
1828,5.3229,5.8670,0.0028,0.0000,0,0,0.0000,0,0.0000,0,0,0,601,0
1829,3.0520,5.6004,0.0010,0.0000,0,0,0.0000,0,0.0000,0,0,0,601,0
1830,3.0073,10.4767,0.0027,0.0000,0,0,0.0000,0,0.0000,0,0,0,722,0
1831,2.9795,10.4206,0.0011,0.0000,0,0,0.0000,0,0.0000,0,0,0,696,0
1832,5.3229,5.8498,0.0028,0.0000,0,0,0.0000,0,0.0000,0,0,0,601,0
1833,3.0520,5.5949,0.0009,0.0000,0,0,0.0000,0,0.0000,0,0,0,601,0
1834,3.0073,10.4532,0.0036,0.0000,0,0,0.0000,0,0.0000,0,0,0,696,0
1835,2.9795,10.4317,0.0010,0.0000,0,0,0.0000,0,0.0000,0,0,0,696,0
1836,5.3229,5.8826,0.0027,0.0000,0,0,0.0000,0,0.0000,0,0,0,601,0
1837,3.0520,5.5877,0.0010,0.0000,0,0,0.0000,0,0.0000,0,0,0,601,0
1838,3.0073,10.3879,0.0027,0.0000,0,0,0.0000,0,0.0000,0,0,0,696,0
1839,2.9795,10.2878,0.0012,0.0000,0,0,0.0000,0,0.0000,0,0,0,696,0
1840,5.3229,5.8376,0.0048,0.0000,0,0,0.0000,0,0.0000,0,0,0,601,0
1841,3.0520,5.6087,0.0010,0.0000,0,0,0.0000,0,0.0000,0,0,0,601,0
1842,3.0073,10.4784,0.0025,0.0000,0,0,0.0000,0,0.0000,0,0,0,696,0
1843,2.9795,10.4418,0.0009,0.0000,0,0,0.0000,0,0.0000,0,0,0,700,0
1844,5.3229,5.8870,0.0037,0.0000,0,0,0.0000,0,0.0000,0,0,0,601,0
1845,3.0520,5.6280,0.0012,0.0000,0,0,0.0000,0,0.0000,0,0,0,601,0
1846,3.0073,14.0429,0.0031,0.0000,0,0,0.0000,0,0.0000,0,0,0,705,0
1847,2.9795,13.9398,0.0031,0.0000,0,0,0.0000,0,0.0000,0,0,0,702,0
1848,5.3229,5.6873,0.0031,0.0000,0,0,0.0000,0,0.0000,0,0,0,601,0
1849,3.0520,5.4778,0.0013,0.0000,0,0,0.0000,0,0.0000,0,0,0,601,0
1850,3.0073,10.1380,0.0027,0.0000,0,0,0.0000,0,0.0000,0,0,0,708,0
1851,2.9795,10.0854,0.0013,0.0000,0,0,0.0000,0,0.0000,0,0,0,706,0
1852,5.3229,5.9190,0.0035,0.0000,0,0,0.0000,0,0.0000,0,0,0,601,0
1853,3.0520,5.5722,0.0014,0.0000,0,0,0.0000,0,0.0000,0,0,0,601,0
1854,3.0073,10.3563,0.0032,0.0000,0,0,0.0000,0,0.0000,0,0,0,707,0
1855,2.9795,10.2113,0.0011,0.0000,0,0,0.0000,0,0.0000,0,0,0,721,0
1856,5.3229,5.8438,0.0036,0.0000,0,0,0.0000,0,0.0000,0,0,0,601,0
1857,3.0520,5.6602,0.0006,0.0000,0,0,0.0000,0,0.0000,0,0,0,601,0
1858,3.0073,10.4591,0.0033,0.0000,0,0,0.0000,0,0.0000,0,0,0,708,0
1859,2.9795,10.3622,0.0010,0.0000,0,0,0.0000,0,0.0000,0,0,0,696,0
1860,5.3229,5.9543,0.0039,0.0000,0,0,0.0000,0,0.0000,0,0,0,601,0
1861,3.0520,5.5858,0.0010,0.0000,0,0,0.0000,0,0.0000,0,0,0,601,0
1862,3.0073,10.4647,0.0034,0.0000,0,0,0.0000,0,0.0000,0,0,0,706,0
1863,2.9795,10.3672,0.0008,0.0000,0,0,0.0000,0,0.0000,0,0,0,696,0
1864,5.3229,5.9633,0.0041,0.0000,0,0,0.0000,0,0.0000,0,0,0,601,0
1865,3.0520,5.6377,0.0005,0.0000,0,0,0.0000,0,0.0000,0,0,0,601,0
1866,3.0073,10.3869,0.0034,0.0000,0,0,0.0000,0,0.0000,0,0,0,711,0
1867,2.9795,10.1210,0.0011,0.0000,0,0,0.0000,0,0.0000,0,0,0,696,0
1868,5.3229,5.9214,0.0031,0.0000,0,0,0.0000,0,0.0000,0,0,0,601,0
1869,3.0520,5.6138,0.0012,0.0000,0,0,0.0000,0,0.0000,0,0,0,601,0
1870,3.0073,10.5135,0.0034,0.0000,0,0,0.0000,0,0.0000,0,0,0,706,0
1871,2.9795,10.3767,0.0033,0.0000,0,0,0.0000,0,0.0000,0,0,0,702,0
1872,5.3229,5.8838,0.0105,0.0000,0,0,0.0000,0,0.0000,0,0,0,601,0
1873,3.0520,5.8085,0.0012,0.0000,0,0,0.0000,0,0.0000,0,0,0,601,0
1874,3.0073,10.4932,0.0030,0.0000,0,0,0.0000,0,0.0000,0,0,0,748,0
1875,2.9795,10.5660,0.0008,0.0000,0,0,0.0000,0,0.0000,0,0,0,702,0
1876,5.3229,5.8945,0.0040,0.0000,0,0,0.0000,0,0.0000,0,0,0,601,0
1877,3.0520,5.6306,0.0009,0.0000,0,0,0.0000,0,0.0000,0,0,0,601,0
1878,3.0073,10.5305,0.0030,0.0000,0,0,0.0000,0,0.0000,0,0,0,696,0
1879,2.9795,10.4015,0.0030,0.0000,0,0,0.0000,0,0.0000,0,0,0,702,0
1880,5.3229,5.9363,0.0045,0.0000,0,0,0.0000,0,0.0000,0,0,0,601,0
1881,3.0520,5.6288,0.0011,0.0000,0,0,0.0000,0,0.0000,0,0,0,601,0
1882,3.0073,10.5283,0.0028,0.0000,0,0,0.0000,0,0.0000,0,0,0,696,0
1883,2.9795,10.3998,0.0011,0.0000,0,0,0.0000,0,0.0000,0,0,0,742,0
1884,5.3229,5.9045,0.0039,0.0000,0,0,0.0000,0,0.0000,0,0,0,601,0
1885,3.0520,5.5674,0.0012,0.0000,0,0,0.0000,0,0.0000,0,0,0,601,0
1886,3.0073,10.3711,0.0035,0.0000,0,0,0.0000,0,0.0000,0,0,0,696,0
1887,2.9795,10.1875,0.0010,0.0000,0,0,0.0000,0,0.0000,0,0,0,696,0
1888,5.3229,6.0681,0.0037,0.0000,0,0,0.0000,0,0.0000,0,0,0,601,0
1889,3.0520,5.6867,0.0006,0.0000,0,0,0.0000,0,0.0000,0,0,0,601,0
1890,3.0073,10.4401,0.0036,0.0000,0,0,0.0000,0,0.0000,0,0,0,696,0
1891,2.9795,10.3325,0.0011,0.0000,0,0,0.0000,0,0.0000,0,0,0,696,0
1892,5.3229,6.0138,0.0032,0.0000,0,0,0.0000,0,0.0000,0,0,0,601,0
1893,3.0520,5.7107,0.0029,0.0000,0,0,0.0000,0,0.0000,0,0,0,601,0
1894,3.0073,10.4080,0.0029,0.0000,0,0,0.0000,0,0.0000,0,0,0,702,0
1895,2.9795,10.3003,0.0011,0.0000,0,0,0.0000,0,0.0000,0,0,0,696,0
1896,5.3229,5.9714,0.0033,0.0000,0,0,0.0000,0,0.0000,0,0,0,601,0
1897,3.0520,5.6561,0.0033,0.0000,0,0,0.0000,0,0.0000,0,0,0,601,0
1898,3.0073,10.5808,0.0033,0.0000,0,0,0.0000,0,0.0000,0,0,0,701,0
1899,2.9795,10.4604,0.0032,0.0000,0,0,0.0000,0,0.0000,0,0,0,696,0
1900,5.3229,6.1851,0.0039,0.0000,0,0,0.0000,0,0.0000,0,0,0,601,0
1901,3.0520,6.6999,0.0015,0.0000,0,0,0.0000,0,0.0000,0,0,0,601,0
1902,3.0073,10.1838,0.0031,0.0000,0,0,0.0000,0,0.0000,0,0,0,704,0
1903,2.9795,10.1017,0.0013,0.0000,0,0,0.0000,0,0.0000,0,0,0,701,0
1904,5.3229,5.8898,0.0042,0.0000,0,0,0.0000,0,0.0000,0,0,0,601,0
1905,3.0520,5.6930,0.0027,0.0000,0,0,0.0000,0,0.0000,0,0,0,601,0
1906,3.0073,9.4465,0.0039,0.0000,0,0,0.0000,0,0.0000,0,0,0,701,0
1907,2.9795,9.4805,0.0014,0.0000,0,0,0.0000,0,0.0000,0,0,0,700,0
1908,5.3229,5.9305,0.0037,0.0000,0,0,0.0000,0,0.0000,0,0,0,601,0
1909,3.0520,5.6057,0.0012,0.0000,0,0,0.0000,0,0.0000,0,0,0,601,0
1910,3.0073,10.4217,0.0032,0.0000,0,0,0.0000,0,0.0000,0,0,0,701,0
1911,2.9795,10.3453,0.0011,0.0000,0,0,0.0000,0,0.0000,0,0,0,720,0
1912,5.3229,5.8833,0.0031,0.0000,0,0,0.0000,0,0.0000,0,0,0,601,0
1913,3.0520,5.5820,0.0011,0.0000,0,0,0.0000,0,0.0000,0,0,0,601,0
1914,3.0073,10.4888,0.0029,0.0000,0,0,0.0000,0,0.0000,0,0,0,702,0
1915,2.9795,10.4068,0.0029,0.0000,0,0,0.0000,0,0.0000,0,0,0,696,0
1916,5.3229,5.8882,0.0040,0.0000,0,0,0.0000,0,0.0000,0,0,0,601,0
1917,3.0520,5.5655,0.0011,0.0000,0,0,0.0000,0,0.0000,0,0,0,601,0
1918,3.0073,10.4756,0.0030,0.0000,0,0,0.0000,0,0.0000,0,0,0,712,0
1919,2.9795,10.3831,0.0010,0.0000,0,0,0.0000,0,0.0000,0,0,0,696,0
1920,5.3229,5.9270,0.0031,0.0000,0,0,0.0000,0,0.0000,0,0,0,601,0
1921,3.0520,5.6578,0.0010,0.0000,0,0,0.0000,0,0.0000,0,0,0,601,0
1922,3.0073,10.4367,0.0035,0.0000,0,0,0.0000,0,0.0000,0,0,0,696,0
1923,2.9795,10.3178,0.0010,0.0000,0,0,0.0000,0,0.0000,0,0,0,696,0
1924,5.3229,5.8472,0.0081,0.0000,0,0,0.0000,0,0.0000,0,0,0,601,0
1925,3.0520,5.5728,0.0008,0.0000,0,0,0.0000,0,0.0000,0,0,0,601,0
1926,3.0073,10.4606,0.0036,0.0000,0,0,0.0000,0,0.0000,0,0,0,696,0
1927,2.9795,10.4021,0.0010,0.0000,0,0,0.0000,0,0.0000,0,0,0,696,0
1928,5.3229,6.0107,0.0033,0.0000,0,0,0.0000,0,0.0000,0,0,0,601,0
1929,3.0520,5.6924,0.0009,0.0000,0,0,0.0000,0,0.0000,0,0,0,601,0
1930,3.0073,10.5198,0.0030,0.0000,0,0,0.0000,0,0.0000,0,0,0,696,0
1931,2.9795,10.4021,0.0010,0.0000,0,0,0.0000,0,0.0000,0,0,0,705,0
1932,5.3229,5.8900,0.0032,0.0000,0,0,0.0000,0,0.0000,0,0,0,601,0
1933,3.0520,5.5639,0.0032,0.0000,0,0,0.0000,0,0.0000,0,0,0,601,0
1934,3.0073,12.4854,0.0009,0.0000,0,0,0.0000,0,0.0000,0,0,0,696,0
1935,2.9795,12.3217,0.0027,0.0000,0,0,0.0000,0,0.0000,0,0,0,704,0
1936,5.3229,5.8963,0.0031,0.0000,0,0,0.0000,0,0.0000,0,0,0,601,0
1937,3.0520,5.6777,0.0027,0.0000,0,0,0.0000,0,0.0000,0,0,0,601,0
1938,3.0073,10.3679,0.0018,0.0000,0,0,0.0000,0,0.0000,0,0,0,706,0
1939,2.9795,10.3129,0.0009,0.0000,0,0,0.0000,0,0.0000,0,0,0,711,0
1940,5.3229,5.8662,0.0031,0.0000,0,0,0.0000,0,0.0000,0,0,0,601,0
1941,3.0520,5.6803,0.0010,0.0000,0,0,0.0000,0,0.0000,0,0,0,601,0
1942,3.0073,10.3108,0.0025,0.0000,0,0,0.0000,0,0.0000,0,0,0,702,0
1943,2.9795,10.3028,0.0010,0.0000,0,0,0.0000,0,0.0000,0,0,0,696,0
1944,5.3229,5.8809,0.0025,0.0000,0,0,0.0000,0,0.0000,0,0,0,601,0
1945,3.0520,5.6137,0.0005,0.0000,0,0,0.0000,0,0.0000,0,0,0,601,0
1946,3.0073,10.4423,0.0026,0.0000,0,0,0.0000,0,0.0000,0,0,0,702,0
1947,2.9795,10.2532,0.0010,0.0000,0,0,0.0000,0,0.0000,0,0,0,696,0
1948,5.3229,5.8399,0.0030,0.0000,0,0,0.0000,0,0.0000,0,0,0,601,0
1949,3.0520,5.6112,0.0011,0.0000,0,0,0.0000,0,0.0000,0,0,0,601,0
1950,3.0073,10.3620,0.0020,0.0000,0,0,0.0000,0,0.0000,0,0,0,696,0
1951,2.9795,10.3414,0.0008,0.0000,0,0,0.0000,0,0.0000,0,0,0,696,0
1952,5.3229,5.8055,0.0023,0.0000,0,0,0.0000,0,0.0000,0,0,0,601,0
1953,3.0520,5.5677,0.0006,0.0000,0,0,0.0000,0,0.0000,0,0,0,601,0
1954,3.0073,10.4042,0.0022,0.0000,0,0,0.0000,0,0.0000,0,0,0,696,0
1955,2.9795,10.3276,0.0010,0.0000,0,0,0.0000,0,0.0000,0,0,0,696,0
1956,5.3229,5.8438,0.0027,0.0000,0,0,0.0000,0,0.0000,0,0,0,601,0
1957,3.0520,5.5940,0.0010,0.0000,0,0,0.0000,0,0.0000,0,0,0,601,0
1958,3.0073,10.3860,0.0020,0.0000,0,0,0.0000,0,0.0000,0,0,0,696,0
1959,2.9795,10.2834,0.0006,0.0000,0,0,0.0000,0,0.0000,0,0,0,701,0
1960,5.3229,5.6885,0.0031,0.0000,0,0,0.0000,0,0.0000,0,0,0,601,0
1961,3.0520,5.5313,0.0006,0.0000,0,0,0.0000,0,0.0000,0,0,0,601,0
1962,3.0073,10.2279,0.0021,0.0000,0,0,0.0000,0,0.0000,0,0,0,709,0
1963,2.9795,10.2549,0.0008,0.0000,0,0,0.0000,0,0.0000,0,0,0,696,0
1964,5.3229,6.3069,0.0011,0.0000,0,0,0.0000,0,0.0000,0,0,0,601,0
1965,3.0520,5.9744,0.0037,0.0000,0,0,0.0000,0,0.0000,0,0,0,601,0
1966,3.0073,10.8095,0.0011,0.0000,0,0,0.0000,0,0.0000,0,0,0,696,0
1967,2.9795,10.6157,0.0027,0.0000,0,0,0.0000,0,0.0000,0,0,0,707,0
1968,5.3229,5.8172,0.0037,0.0000,0,0,0.0000,0,0.0000,0,0,0,601,0
1969,3.0520,5.6144,0.0010,0.0000,0,0,0.0000,0,0.0000,0,0,0,601,0
1970,3.0073,10.4498,0.0035,0.0000,0,0,0.0000,0,0.0000,0,0,0,696,0
1971,2.9795,10.3704,0.0011,0.0000,0,0,0.0000,0,0.0000,0,0,0,698,0
1972,5.3229,5.8341,0.0030,0.0000,0,0,0.0000,0,0.0000,0,0,0,601,0
1973,3.0520,5.6123,0.0007,0.0000,0,0,0.0000,0,0.0000,0,0,0,601,0
1974,3.0073,10.3518,0.0029,0.0000,0,0,0.0000,0,0.0000,0,0,0,696,0
1975,2.9795,10.2762,0.0010,0.0000,0,0,0.0000,0,0.0000,0,0,0,696,0
1976,5.3229,5.7873,0.0031,0.0000,0,0,0.0000,0,0.0000,0,0,0,601,0
1977,3.0520,5.5341,0.0009,0.0000,0,0,0.0000,0,0.0000,0,0,0,601,0
1978,3.0073,10.3723,0.0022,0.0000,0,0,0.0000,0,0.0000,0,0,0,696,0
1979,2.9795,10.3127,0.0005,0.0000,0,0,0.0000,0,0.0000,0,0,0,696,0
1980,5.3229,5.8410,0.0034,0.0000,0,0,0.0000,0,0.0000,0,0,0,601,0
1981,3.0520,5.5866,0.0011,0.0000,0,0,0.0000,0,0.0000,0,0,0,601,0
1982,3.0073,10.3711,0.0025,0.0000,0,0,0.0000,0,0.0000,0,0,0,696,0
1983,2.9795,10.3549,0.0005,0.0000,0,0,0.0000,0,0.0000,0,0,0,696,0
1984,5.3229,5.8198,0.0030,0.0000,0,0,0.0000,0,0.0000,0,0,0,601,0
1985,3.0520,5.5974,0.0005,0.0000,0,0,0.0000,0,0.0000,0,0,0,601,0
1986,3.0073,10.4252,0.0028,0.0000,0,0,0.0000,0,0.0000,0,0,0,696,0
1987,2.9795,10.3687,0.0011,0.0000,0,0,0.0000,0,0.0000,0,0,0,696,0
1988,5.3229,5.8640,0.0032,0.0000,0,0,0.0000,0,0.0000,0,0,0,601,0
1989,3.0520,5.6257,0.0009,0.0000,0,0,0.0000,0,0.0000,0,0,0,601,0
1990,3.0073,10.5150,0.0029,0.0000,0,0,0.0000,0,0.0000,0,0,0,696,0
1991,2.9795,10.4090,0.0010,0.0000,0,0,0.0000,0,0.0000,0,0,0,696,0
1992,5.3229,5.8654,0.0025,0.0000,0,0,0.0000,0,0.0000,0,0,0,601,0
1993,3.0520,5.6147,0.0010,0.0000,0,0,0.0000,0,0.0000,0,0,0,601,0
1994,3.0073,10.3984,0.0027,0.0000,0,0,0.0000,0,0.0000,0,0,0,696,0
1995,2.9795,10.3116,0.0005,0.0000,0,0,0.0000,0,0.0000,0,0,0,706,0
1996,5.3229,5.9060,0.0032,0.0000,0,0,0.0000,0,0.0000,0,0,0,601,0
1997,3.0520,5.5750,0.0010,0.0000,0,0,0.0000,0,0.0000,0,0,0,601,0
1998,3.0073,10.4857,0.0026,0.0000,0,0,0.0000,0,0.0000,0,0,0,696,0
1999,2.9795,10.3218,0.0009,0.0000,0,0,0.0000,0,0.0000,0,0,0,696,0
2000,5.3229,5.9089,0.0031,0.0000,0,0,0.0000,0,0.0000,0,0,0,601,0
2001,3.0520,5.5894,0.0011,0.0000,0,0,0.0000,0,0.0000,0,0,0,601,0
2002,3.0073,10.4515,0.0024,0.0000,0,0,0.0000,0,0.0000,0,0,0,696,0
2003,2.9795,10.3965,0.0012,0.0000,0,0,0.0000,0,0.0000,0,0,0,696,0
2004,5.3229,5.8895,0.0025,0.0000,0,0,0.0000,0,0.0000,0,0,0,601,0
2005,3.0520,5.6115,0.0011,0.0000,0,0,0.0000,0,0.0000,0,0,0,601,0
2006,3.0073,10.4954,0.0027,0.0000,0,0,0.0000,0,0.0000,0,0,0,701,0
2007,2.9795,10.3788,0.0010,0.0000,0,0,0.0000,0,0.0000,0,0,0,696,0
2008,5.3229,5.8512,0.0040,0.0000,0,0,0.0000,0,0.0000,0,0,0,601,0
2009,3.0520,5.6176,0.0010,0.0000,0,0,0.0000,0,0.0000,0,0,0,601,0
2010,3.0073,10.4219,0.0034,0.0000,0,0,0.0000,0,0.0000,0,0,0,696,0
2011,2.9795,10.3356,0.0033,0.0000,0,0,0.0000,0,0.0000,0,0,0,696,0
2012,5.3229,5.9124,0.0040,0.0000,0,0,0.0000,0,0.0000,0,0,0,601,0
2013,3.0520,5.6245,0.0011,0.0000,0,0,0.0000,0,0.0000,0,0,0,601,0
2014,3.0073,10.4683,0.0029,0.0000,0,0,0.0000,0,0.0000,0,0,0,696,0
2015,2.9795,10.4448,0.0029,0.0000,0,0,0.0000,0,0.0000,0,0,0,696,0
2016,5.3229,5.8985,0.0035,0.0000,0,0,0.0000,0,0.0000,0,0,0,601,0
2017,3.0520,5.6584,0.0011,0.0000,0,0,0.0000,0,0.0000,0,0,0,601,0
2018,3.0073,10.4701,0.0037,0.0000,0,0,0.0000,0,0.0000,0,0,0,696,0
2019,2.9795,10.3127,0.0010,0.0000,0,0,0.0000,0,0.0000,0,0,0,696,0
2020,5.3229,5.8999,0.0030,0.0000,0,0,0.0000,0,0.0000,0,0,0,601,0
2021,3.0520,5.6220,0.0010,0.0000,0,0,0.0000,0,0.0000,0,0,0,601,0
2022,3.0073,10.5360,0.0031,0.0000,0,0,0.0000,0,0.0000,0,0,0,696,0
2023,2.9795,10.4685,0.0010,0.0000,0,0,0.0000,0,0.0000,0,0,0,706,0
2024,5.3229,5.7349,0.0032,0.0000,0,0,0.0000,0,0.0000,0,0,0,601,0
2025,3.0520,5.5077,0.0010,0.0000,0,0,0.0000,0,0.0000,0,0,0,601,0
2026,3.0073,10.3168,0.0023,0.0000,0,0,0.0000,0,0.0000,0,0,0,696,0
2027,2.9795,10.1986,0.0011,0.0000,0,0,0.0000,0,0.0000,0,0,0,696,0
2028,5.3229,5.8086,0.0037,0.0000,0,0,0.0000,0,0.0000,0,0,0,601,0
2029,3.0520,5.5068,0.0010,0.0000,0,0,0.0000,0,0.0000,0,0,0,601,0
2030,3.0073,10.4561,0.0028,0.0000,0,0,0.0000,0,0.0000,0,0,0,696,0
2031,2.9795,10.3520,0.0027,0.0000,0,0,0.0000,0,0.0000,0,0,0,696,0
2032,5.3229,6.0010,0.0038,0.0000,0,0,0.0000,0,0.0000,0,0,0,601,0
2033,3.0520,5.5818,0.0038,0.0000,0,0,0.0000,0,0.0000,0,0,0,601,0
2034,3.0073,10.3625,0.0035,0.0000,0,0,0.0000,0,0.0000,0,0,0,696,0
2035,2.9795,10.2451,0.0009,0.0000,0,0,0.0000,0,0.0000,0,0,0,696,0
2036,5.3229,6.0499,0.0034,0.0000,0,0,0.0000,0,0.0000,0,0,0,601,0
2037,3.0520,5.7250,0.0029,0.0000,0,0,0.0000,0,0.0000,0,0,0,601,0
2038,3.0073,10.4910,0.0036,0.0000,0,0,0.0000,0,0.0000,0,0,0,696,0
2039,2.9795,10.4237,0.0038,0.0000,0,0,0.0000,0,0.0000,0,0,0,703,0
2040,5.3229,6.2248,0.0028,0.0000,0,0,0.0000,0,0.0000,0,0,0,601,0
2041,3.0520,5.8595,0.0011,0.0000,0,0,0.0000,0,0.0000,0,0,0,601,0
2042,3.0073,11.2847,0.0025,0.0000,0,0,0.0000,0,0.0000,0,0,0,696,0
2043,2.9795,11.2223,0.0011,0.0000,0,0,0.0000,0,0.0000,0,0,0,703,0
2044,5.3229,5.9795,0.0038,0.0000,0,0,0.0000,0,0.0000,0,0,0,601,0
2045,3.0520,5.6945,0.0009,0.0000,0,0,0.0000,0,0.0000,0,0,0,601,0
2046,3.0073,10.4550,0.0034,0.0000,0,0,0.0000,0,0.0000,0,0,0,696,0
2047,2.9795,10.3014,0.0009,0.0000,0,0,0.0000,0,0.0000,0,0,0,696,0
2048,5.3229,5.8626,0.0035,0.0000,0,0,0.0000,0,0.0000,0,0,0,601,0
2049,3.0520,5.5643,0.0013,0.0000,0,0,0.0000,0,0.0000,0,0,0,601,0
2050,3.0073,10.5493,0.0028,0.0000,0,0,0.0000,0,0.0000,0,0,0,700,0
2051,2.9795,10.4138,0.0028,0.0000,0,0,0.0000,0,0.0000,0,0,0,704,0
2052,5.3229,5.9210,0.0042,0.0000,0,0,0.0000,0,0.0000,0,0,0,601,0
2053,3.0520,5.5661,0.0010,0.0000,0,0,0.0000,0,0.0000,0,0,0,601,0
2054,3.0073,10.4813,0.0037,0.0000,0,0,0.0000,0,0.0000,0,0,0,696,0
2055,2.9795,10.4110,0.0010,0.0000,0,0,0.0000,0,0.0000,0,0,0,696,0
2056,5.3229,5.8562,0.0038,0.0000,0,0,0.0000,0,0.0000,0,0,0,601,0
2057,3.0520,5.5823,0.0011,0.0000,0,0,0.0000,0,0.0000,0,0,0,601,0
2058,3.0073,10.4900,0.0031,0.0000,0,0,0.0000,0,0.0000,0,0,0,696,0
2059,2.9795,10.3943,0.0010,0.0000,0,0,0.0000,0,0.0000,0,0,0,696,0
2060,5.3229,5.9426,0.0043,0.0000,0,0,0.0000,0,0.0000,0,0,0,601,0
2061,3.0520,5.6213,0.0012,0.0000,0,0,0.0000,0,0.0000,0,0,0,601,0
2062,3.0073,10.6397,0.0037,0.0000,0,0,0.0000,0,0.0000,0,0,0,696,0
2063,2.9795,10.5354,0.0010,0.0000,0,0,0.0000,0,0.0000,0,0,0,696,0
2064,5.3229,5.9952,0.0044,0.0000,0,0,0.0000,0,0.0000,0,0,0,601,0
2065,3.0520,5.6880,0.0006,0.0000,0,0,0.0000,0,0.0000,0,0,0,601,0
2066,3.0073,10.4415,0.0037,0.0000,0,0,0.0000,0,0.0000,0,0,0,696,0
2067,2.9795,10.3047,0.0035,0.0000,0,0,0.0000,0,0.0000,0,0,0,696,0
2068,5.3229,6.0793,0.0039,0.0000,0,0,0.0000,0,0.0000,0,0,0,601,0
2069,3.0520,5.6917,0.0013,0.0000,0,0,0.0000,0,0.0000,0,0,0,601,0
2070,3.0073,10.5283,0.0026,0.0000,0,0,0.0000,0,0.0000,0,0,0,696,0
2071,2.9795,10.3791,0.0025,0.0000,0,0,0.0000,0,0.0000,0,0,0,696,0
2072,5.3229,5.8560,0.0032,0.0000,0,0,0.0000,0,0.0000,0,0,0,601,0
2073,3.0520,5.5870,0.0005,0.0000,0,0,0.0000,0,0.0000,0,0,0,601,0
2074,3.0073,10.4711,0.0038,0.0000,0,0,0.0000,0,0.0000,0,0,0,696,0
2075,2.9795,10.4045,0.0010,0.0000,0,0,0.0000,0,0.0000,0,0,0,696,0
2076,5.3229,5.9315,0.0032,0.0000,0,0,0.0000,0,0.0000,0,0,0,601,0
2077,3.0520,5.5800,0.0012,0.0000,0,0,0.0000,0,0.0000,0,0,0,601,0
2078,3.0073,10.5288,0.0037,0.0000,0,0,0.0000,0,0.0000,0,0,0,696,0
2079,2.9795,10.4402,0.0030,0.0000,0,0,0.0000,0,0.0000,0,0,0,696,0
2080,5.3229,5.9687,0.0045,0.0000,0,0,0.0000,0,0.0000,0,0,0,601,0
2081,3.0520,5.6928,0.0004,0.0000,0,0,0.0000,0,0.0000,0,0,0,601,0
2082,3.0073,10.3912,0.0034,0.0000,0,0,0.0000,0,0.0000,0,0,0,696,0
2083,2.9795,10.3340,0.0012,0.0000,0,0,0.0000,0,0.0000,0,0,0,696,0
2084,5.3229,5.9123,0.0033,0.0000,0,0,0.0000,0,0.0000,0,0,0,601,0
2085,3.0520,5.6322,0.0010,0.0000,0,0,0.0000,0,0.0000,0,0,0,601,0
2086,3.0073,10.4341,0.0031,0.0000,0,0,0.0000,0,0.0000,0,0,0,696,0
2087,2.9795,10.3473,0.0027,0.0000,0,0,0.0000,0,0.0000,0,0,0,696,0
2088,5.3229,5.8915,0.0031,0.0000,0,0,0.0000,0,0.0000,0,0,0,601,0
2089,3.0520,5.6566,0.0010,0.0000,0,0,0.0000,0,0.0000,0,0,0,601,0
2090,3.0073,10.4650,0.0033,0.0000,0,0,0.0000,0,0.0000,0,0,0,696,0
2091,2.9795,10.3606,0.0005,0.0000,0,0,0.0000,0,0.0000,0,0,0,696,0
2092,5.3229,5.9267,0.0034,0.0000,0,0,0.0000,0,0.0000,0,0,0,601,0
2093,3.0520,5.6557,0.0032,0.0000,0,0,0.0000,0,0.0000,0,0,0,601,0
2094,3.0073,10.5168,0.0030,0.0000,0,0,0.0000,0,0.0000,0,0,0,700,0
2095,2.9795,10.4543,0.0010,0.0000,0,0,0.0000,0,0.0000,0,0,0,696,0
2096,5.3229,5.8608,0.0041,0.0000,0,0,0.0000,0,0.0000,0,0,0,601,0
2097,3.0520,5.6201,0.0013,0.0000,0,0,0.0000,0,0.0000,0,0,0,601,0
2098,3.0073,10.5246,0.0032,0.0000,0,0,0.0000,0,0.0000,0,0,0,696,0
2099,2.9795,10.3840,0.0013,0.0000,0,0,0.0000,0,0.0000,0,0,0,696,0
2100,5.3229,5.9084,0.0032,0.0000,0,0,0.0000,0,0.0000,0,0,0,601,0
2101,3.0520,5.7363,0.0011,0.0000,0,0,0.0000,0,0.0000,0,0,0,601,0
2102,3.0073,10.3995,0.0030,0.0000,0,0,0.0000,0,0.0000,0,0,0,696,0
2103,2.9795,10.4147,0.0010,0.0000,0,0,0.0000,0,0.0000,0,0,0,696,0
2104,5.3229,5.8921,0.0033,0.0000,0,0,0.0000,0,0.0000,0,0,0,601,0
2105,3.0520,5.6003,0.0006,0.0000,0,0,0.0000,0,0.0000,0,0,0,601,0
2106,3.0073,10.5436,0.0049,0.0000,0,0,0.0000,0,0.0000,0,0,0,696,0
2107,2.9795,10.5067,0.0016,0.0000,0,0,0.0000,0,0.0000,0,0,0,696,0
2108,5.3229,5.8753,0.0039,0.0000,0,0,0.0000,0,0.0000,0,0,0,601,0
2109,3.0520,5.5805,0.0010,0.0000,0,0,0.0000,0,0.0000,0,0,0,601,0
2110,3.0073,10.5288,0.0030,0.0000,0,0,0.0000,0,0.0000,0,0,0,696,0
2111,2.9795,10.4367,0.0018,0.0000,0,0,0.0000,0,0.0000,0,0,0,696,0
2112,5.3229,5.8634,0.0034,0.0000,0,0,0.0000,0,0.0000,0,0,0,601,0
2113,3.0520,5.5979,0.0005,0.0000,0,0,0.0000,0,0.0000,0,0,0,601,0
2114,3.0073,10.4652,0.0025,0.0000,0,0,0.0000,0,0.0000,0,0,0,696,0
2115,2.9795,10.2960,0.0008,0.0000,0,0,0.0000,0,0.0000,0,0,0,696,0
2116,5.3229,5.8150,0.0039,0.0000,0,0,0.0000,0,0.0000,0,0,0,601,0
2117,3.0520,5.5983,0.0010,0.0000,0,0,0.0000,0,0.0000,0,0,0,601,0
2118,3.0073,10.4752,0.0033,0.0000,0,0,0.0000,0,0.0000,0,0,0,696,0
2119,2.9795,10.3887,0.0010,0.0000,0,0,0.0000,0,0.0000,0,0,0,696,0
2120,5.3229,5.9946,0.0040,0.0000,0,0,0.0000,0,0.0000,0,0,0,601,0
2121,3.0520,5.6710,0.0012,0.0000,0,0,0.0000,0,0.0000,0,0,0,601,0
2122,3.0073,10.4490,0.0028,0.0000,0,0,0.0000,0,0.0000,0,0,0,696,0
2123,2.9795,10.4158,0.0010,0.0000,0,0,0.0000,0,0.0000,0,0,0,696,0
2124,5.3229,5.9400,0.0039,0.0000,0,0,0.0000,0,0.0000,0,0,0,601,0
2125,3.0520,5.6575,0.0009,0.0000,0,0,0.0000,0,0.0000,0,0,0,601,0
2126,3.0073,10.0962,0.0030,0.0000,0,0,0.0000,0,0.0000,0,0,0,696,0
2127,2.9795,10.0344,0.0012,0.0000,0,0,0.0000,0,0.0000,0,0,0,696,0
2128,5.3229,6.7282,0.0032,0.0000,0,0,0.0000,0,0.0000,0,0,0,601,0
2129,3.0520,6.3522,0.0038,0.0000,0,0,0.0000,0,0.0000,0,0,0,601,0
2130,3.0073,11.2720,0.0010,0.0000,0,0,0.0000,0,0.0000,0,0,0,696,0
2131,2.9795,11.0552,0.0024,0.0000,0,0,0.0000,0,0.0000,0,0,0,696,0
2132,5.3229,5.8651,0.0031,0.0000,0,0,0.0000,0,0.0000,0,0,0,601,0
2133,3.0520,5.7645,0.0025,0.0000,0,0,0.0000,0,0.0000,0,0,0,601,0
2134,3.0073,10.3545,0.0024,0.0000,0,0,0.0000,0,0.0000,0,0,0,696,0
2135,2.9795,10.3260,0.0010,0.0000,0,0,0.0000,0,0.0000,0,0,0,696,0
2136,5.3229,5.9219,0.0030,0.0000,0,0,0.0000,0,0.0000,0,0,0,601,0
2137,3.0520,5.5983,0.0010,0.0000,0,0,0.0000,0,0.0000,0,0,0,601,0
2138,3.0073,10.3377,0.0022,0.0000,0,0,0.0000,0,0.0000,0,0,0,696,0
2139,2.9795,10.2979,0.0010,0.0000,0,0,0.0000,0,0.0000,0,0,0,696,0
2140,5.3229,6.9659,0.0038,0.0000,0,0,0.0000,0,0.0000,0,0,0,601,0
2141,3.0520,6.9935,0.0011,0.0000,0,0,0.0000,0,0.0000,0,0,0,601,0
2142,3.0073,10.4738,0.0049,0.0000,0,0,0.0000,0,0.0000,0,0,0,696,0
2143,2.9795,10.3740,0.0012,0.0000,0,0,0.0000,0,0.0000,0,0,0,696,0
2144,5.3229,5.8578,0.0043,0.0000,0,0,0.0000,0,0.0000,0,0,0,601,0
2145,3.0520,5.6253,0.0005,0.0000,0,0,0.0000,0,0.0000,0,0,0,601,0
2146,3.0073,10.4560,0.0026,0.0000,0,0,0.0000,0,0.0000,0,0,0,696,0
2147,2.9795,10.3292,0.0025,0.0000,0,0,0.0000,0,0.0000,0,0,0,696,0
2148,5.3229,5.8428,0.0034,0.0000,0,0,0.0000,0,0.0000,0,0,0,601,0
2149,3.0520,5.6083,0.0025,0.0000,0,0,0.0000,0,0.0000,0,0,0,601,0
2150,3.0073,10.3704,0.0021,0.0000,0,0,0.0000,0,0.0000,0,0,0,696,0
2151,2.9795,10.3350,0.0010,0.0000,0,0,0.0000,0,0.0000,0,0,0,696,0
2152,5.3229,5.7903,0.0030,0.0000,0,0,0.0000,0,0.0000,0,0,0,601,0
2153,3.0520,5.6297,0.0011,0.0000,0,0,0.0000,0,0.0000,0,0,0,601,0
2154,3.0073,10.3675,0.0029,0.0000,0,0,0.0000,0,0.0000,0,0,0,696,0
2155,2.9795,10.3952,0.0029,0.0000,0,0,0.0000,0,0.0000,0,0,0,696,0
2156,5.3229,5.9395,0.0029,0.0000,0,0,0.0000,0,0.0000,0,0,0,601,0
2157,3.0520,5.6065,0.0028,0.0000,0,0,0.0000,0,0.0000,0,0,0,601,0
2158,3.0073,10.4946,0.0026,0.0000,0,0,0.0000,0,0.0000,0,0,0,696,0
2159,2.9795,10.3441,0.0030,0.0000,0,0,0.0000,0,0.0000,0,0,0,696,0
2160,5.3229,41.1384,0.0145,0.0000,0,0,0.0000,0,0.0000,0,1,0,60271,0
2161,3.0520,26.5836,0.0194,0.0000,0,0,0.0000,0,0.0000,0,1,0,43482,0
2162,3.0073,25.8410,0.0060,0.0000,0,0,0.0000,0,0.0000,0,1,0,59828,0
2163,2.9795,26.0226,0.0246,0.0000,0,0,0.0000,0,0.0000,0,1,0,68126,0
2164,5.3229,5.9022,0.0083,0.0000,0,0,0.0000,0,0.0000,0,0,0,16498,0
2165,3.0520,5.7227,0.0125,0.0000,0,0,0.0000,0,0.0000,0,0,0,14403,0
2166,3.0073,10.3970,0.0042,0.0000,0,0,0.0000,0,0.0000,0,0,0,17862,0
2167,2.9795,10.4371,0.0080,0.0000,0,0,0.0000,0,0.0000,0,0,0,17138,0
2168,5.3229,5.7891,0.0034,0.0000,0,0,0.0000,0,0.0000,0,0,0,9226,0
2169,3.0520,5.6031,0.0015,0.0000,0,0,0.0000,0,0.0000,0,0,0,6914,0
2170,3.0073,10.4767,0.0035,0.0000,0,0,0.0000,0,0.0000,0,0,0,11125,0
2171,2.9795,10.3950,0.0115,0.0000,0,0,0.0000,0,0.0000,0,0,0,9621,0
2172,5.3229,5.8535,0.0075,0.0000,0,0,0.0000,0,0.0000,0,0,0,17369,0
2173,3.0520,5.6412,0.0113,0.0000,0,0,0.0000,0,0.0000,0,0,0,16755,0
2174,3.0073,10.4003,0.0143,0.0000,0,0,0.0000,0,0.0000,0,0,0,19658,0
2175,2.9795,10.4477,0.0022,0.0000,0,0,0.0000,0,0.0000,0,0,0,15622,0
2176,5.3229,5.7720,0.0145,0.0000,0,0,0.0000,0,0.0000,0,0,0,23309,0
2177,3.0520,5.5912,0.0071,0.0000,0,0,0.0000,0,0.0000,0,0,0,20346,0
2178,3.0073,10.4087,0.0057,0.0000,0,0,0.0000,0,0.0000,0,0,0,22802,0
2179,2.9795,10.4346,0.0135,0.0000,0,0,0.0000,0,0.0000,0,0,0,21407,0
2180,5.3229,5.7995,0.0039,0.0000,0,0,0.0000,0,0.0000,0,0,0,13027,0
2181,3.0520,5.6017,0.0018,0.0000,0,0,0.0000,0,0.0000,0,0,0,11737,0
2182,3.0073,10.3989,0.0032,0.0000,0,0,0.0000,0,0.0000,0,0,0,12722,0
2183,2.9795,10.4053,0.0017,0.0000,0,0,0.0000,0,0.0000,0,0,0,16214,0
2184,5.3229,5.7600,0.0040,0.0000,0,0,0.0000,0,0.0000,0,0,0,7002,0
2185,3.0520,5.6246,0.0014,0.0000,0,0,0.0000,0,0.0000,0,0,0,5132,0
2186,3.0073,10.3705,0.0028,0.0000,0,0,0.0000,0,0.0000,0,0,0,7491,0
2187,2.9795,10.4051,0.0011,0.0000,0,0,0.0000,0,0.0000,0,0,0,4790,0
2188,5.3229,5.8064,0.0026,0.0000,0,0,0.0000,0,0.0000,0,0,0,3933,0
2189,3.0520,5.6537,0.0014,0.0000,0,0,0.0000,0,0.0000,0,0,0,3799,0
2190,3.0073,10.3302,0.0032,0.0000,0,0,0.0000,0,0.0000,0,0,0,4399,0
2191,2.9795,10.3632,0.0010,0.0000,0,0,0.0000,0,0.0000,0,0,0,3276,0
2192,5.3229,5.8728,0.0034,0.0000,0,0,0.0000,0,0.0000,0,0,0,3260,0
2193,3.0520,5.6626,0.0016,0.0000,0,0,0.0000,0,0.0000,0,0,0,2850,0
2194,3.0073,10.3636,0.0026,0.0000,0,0,0.0000,0,0.0000,0,0,0,3280,0
2195,2.9795,10.3748,0.0012,0.0000,0,0,0.0000,0,0.0000,0,0,0,2761,0
2196,5.3229,5.7910,0.0036,0.0000,0,0,0.0000,0,0.0000,0,0,0,3090,0
2197,3.0520,5.6673,0.0034,0.0000,0,0,0.0000,0,0.0000,0,0,0,2691,0
2198,3.0073,10.4967,0.0030,0.0000,0,0,0.0000,0,0.0000,0,0,0,3020,0
2199,2.9795,10.3970,0.0010,0.0000,0,0,0.0000,0,0.0000,0,0,0,2648,0
2200,5.3229,5.8450,0.0030,0.0000,0,0,0.0000,0,0.0000,0,0,0,2664,0
2201,3.0520,5.6565,0.0007,0.0000,0,0,0.0000,0,0.0000,0,0,0,2213,0
2202,3.0073,10.4468,0.0028,0.0000,0,0,0.0000,0,0.0000,0,0,0,1084,0
2203,2.9795,10.3912,0.0023,0.0000,0,0,0.0000,0,0.0000,0,0,0,2638,0
2204,5.3229,5.7520,0.0025,0.0000,0,0,0.0000,0,0.0000,0,0,0,1673,0
2205,3.0520,5.5623,0.0010,0.0000,0,0,0.0000,0,0.0000,0,0,0,1302,0
2206,3.0073,10.4342,0.0026,0.0000,0,0,0.0000,0,0.0000,0,0,0,959,0
2207,2.9795,10.3735,0.0030,0.0000,0,0,0.0000,0,0.0000,0,0,0,2173,0
2208,5.3229,5.8523,0.0028,0.0000,0,0,0.0000,0,0.0000,0,0,0,1538,0
2209,3.0520,5.6883,0.0027,0.0000,0,0,0.0000,0,0.0000,0,0,0,1107,0
2210,3.0073,10.3640,0.0027,0.0000,0,0,0.0000,0,0.0000,0,0,0,819,0
2211,2.9795,10.3283,0.0010,0.0000,0,0,0.0000,0,0.0000,0,0,0,1668,0
2212,5.3229,5.7971,0.0024,0.0000,0,0,0.0000,0,0.0000,0,0,0,1248,0
2213,3.0520,5.6229,0.0007,0.0000,0,0,0.0000,0,0.0000,0,0,0,944,0
2214,3.0073,10.3908,0.0025,0.0000,0,0,0.0000,0,0.0000,0,0,0,945,0
2215,2.9795,10.3959,0.0008,0.0000,0,0,0.0000,0,0.0000,0,0,0,743,0
2216,5.3229,5.7682,0.0025,0.0000,0,0,0.0000,0,0.0000,0,0,0,1198,0
2217,3.0520,5.6215,0.0011,0.0000,0,0,0.0000,0,0.0000,0,0,0,836,0
2218,3.0073,10.4462,0.0025,0.0000,0,0,0.0000,0,0.0000,0,0,0,1250,0
2219,2.9795,10.3371,0.0010,0.0000,0,0,0.0000,0,0.0000,0,0,0,717,0
2220,5.3229,5.8004,0.0025,0.0000,0,0,0.0000,0,0.0000,0,0,0,1168,0
2221,3.0520,5.6033,0.0010,0.0000,0,0,0.0000,0,0.0000,0,0,0,792,0
2222,3.0073,10.4451,0.0029,0.0000,0,0,0.0000,0,0.0000,0,0,0,1108,0
2223,2.9795,10.4146,0.0023,0.0000,0,0,0.0000,0,0.0000,0,0,0,792,0
2224,5.3229,5.7579,0.0025,0.0000,0,0,0.0000,0,0.0000,0,0,0,1037,0
2225,3.0520,5.5769,0.0011,0.0000,0,0,0.0000,0,0.0000,0,0,0,722,0
2226,3.0073,10.5132,0.0021,0.0000,0,0,0.0000,0,0.0000,0,0,0,1361,0
2227,2.9795,10.4519,0.0015,0.0000,0,0,0.0000,0,0.0000,0,0,0,925,0
2228,5.3229,5.7932,0.0035,0.0000,0,0,0.0000,0,0.0000,0,0,0,987,0
2229,3.0520,5.5854,0.0006,0.0000,0,0,0.0000,0,0.0000,0,0,0,676,0
2230,3.0073,10.3921,0.0023,0.0000,0,0,0.0000,0,0.0000,0,0,0,1198,0
2231,2.9795,10.3859,0.0023,0.0000,0,0,0.0000,0,0.0000,0,0,0,1094,0
2232,5.3229,5.8145,0.0022,0.0000,0,0,0.0000,0,0.0000,0,0,0,879,0
2233,3.0520,5.6017,0.0014,0.0000,0,0,0.0000,0,0.0000,0,0,0,648,0
2234,3.0073,10.4286,0.0028,0.0000,0,0,0.0000,0,0.0000,0,0,0,1117,0
2235,2.9795,10.3702,0.0030,0.0000,0,0,0.0000,0,0.0000,0,0,0,1077,0
2236,5.3229,5.8288,0.0027,0.0000,0,0,0.0000,0,0.0000,0,0,0,746,0
2237,3.0520,5.6043,0.0010,0.0000,0,0,0.0000,0,0.0000,0,0,0,643,0
2238,3.0073,10.4031,0.0025,0.0000,0,0,0.0000,0,0.0000,0,0,0,1064,0
2239,2.9795,10.3663,0.0008,0.0000,0,0,0.0000,0,0.0000,0,0,0,1295,0
2240,5.3229,5.8501,0.0035,0.0000,0,0,0.0000,0,0.0000,0,0,0,687,0
2241,3.0520,5.6110,0.0007,0.0000,0,0,0.0000,0,0.0000,0,0,0,622,0
2242,3.0073,10.3885,0.0030,0.0000,0,0,0.0000,0,0.0000,0,0,0,1368,0
2243,2.9795,10.3215,0.0007,0.0000,0,0,0.0000,0,0.0000,0,0,0,709,0
2244,5.3229,5.8007,0.0027,0.0000,0,0,0.0000,0,0.0000,0,0,0,716,0
2245,3.0520,5.5645,0.0008,0.0000,0,0,0.0000,0,0.0000,0,0,0,620,0
2246,3.0073,10.3776,0.0027,0.0000,0,0,0.0000,0,0.0000,0,0,0,710,0
2247,2.9795,10.3032,0.0010,0.0000,0,0,0.0000,0,0.0000,0,0,0,715,0
2248,5.3229,5.7997,0.0027,0.0000,0,0,0.0000,0,0.0000,0,0,0,717,0
2249,3.0520,5.6300,0.0012,0.0000,0,0,0.0000,0,0.0000,0,0,0,613,0
2250,3.0073,10.4948,0.0023,0.0000,0,0,0.0000,0,0.0000,0,0,0,696,0
2251,2.9795,10.4232,0.0005,0.0000,0,0,0.0000,0,0.0000,0,0,0,724,0
2252,5.3229,5.8195,0.0030,0.0000,0,0,0.0000,0,0.0000,0,0,0,685,0
2253,3.0520,5.6459,0.0022,0.0000,0,0,0.0000,0,0.0000,0,0,0,617,0
2254,3.0073,10.4541,0.0030,0.0000,0,0,0.0000,0,0.0000,0,0,0,755,0
2255,2.9795,10.3529,0.0027,0.0000,0,0,0.0000,0,0.0000,0,0,0,779,0
2256,5.3229,5.7744,0.0027,0.0000,0,0,0.0000,0,0.0000,0,0,0,664,0
2257,3.0520,5.5272,0.0010,0.0000,0,0,0.0000,0,0.0000,0,0,0,622,0
2258,3.0073,10.4764,0.0035,0.0000,0,0,0.0000,0,0.0000,0,0,0,785,0
2259,2.9795,10.4185,0.0010,0.0000,0,0,0.0000,0,0.0000,0,0,0,906,0
2260,5.3229,5.7776,0.0029,0.0000,0,0,0.0000,0,0.0000,0,0,0,636,0
2261,3.0520,5.6181,0.0012,0.0000,0,0,0.0000,0,0.0000,0,0,0,626,0
2262,3.0073,10.3490,0.0027,0.0000,0,0,0.0000,0,0.0000,0,0,0,868,0
2263,2.9795,10.4092,0.0026,0.0000,0,0,0.0000,0,0.0000,0,0,0,830,0
2264,5.3229,5.8053,0.0018,0.0000,0,0,0.0000,0,0.0000,0,0,0,635,0
2265,3.0520,5.6107,0.0010,0.0000,0,0,0.0000,0,0.0000,0,0,0,608,0
2266,3.0073,10.3897,0.0028,0.0000,0,0,0.0000,0,0.0000,0,0,0,801,0
2267,2.9795,10.3594,0.0010,0.0000,0,0,0.0000,0,0.0000,0,0,0,966,0
2268,5.3229,5.7915,0.0027,0.0000,0,0,0.0000,0,0.0000,0,0,0,650,0
2269,3.0520,5.6042,0.0010,0.0000,0,0,0.0000,0,0.0000,0,0,0,606,0
2270,3.0073,10.4384,0.0030,0.0000,0,0,0.0000,0,0.0000,0,0,0,1017,0
2271,2.9795,10.2912,0.0027,0.0000,0,0,0.0000,0,0.0000,0,0,0,705,0
2272,5.3229,5.7473,0.0028,0.0000,0,0,0.0000,0,0.0000,0,0,0,646,0
2273,3.0520,5.5281,0.0010,0.0000,0,0,0.0000,0,0.0000,0,0,0,607,0
2274,3.0073,10.2513,0.0022,0.0000,0,0,0.0000,0,0.0000,0,0,0,933,0
2275,2.9795,10.2047,0.0028,0.0000,0,0,0.0000,0,0.0000,0,0,0,703,0
2276,5.3229,5.8280,0.0026,0.0000,0,0,0.0000,0,0.0000,0,0,0,651,0
2277,3.0520,5.6103,0.0010,0.0000,0,0,0.0000,0,0.0000,0,0,0,609,0
2278,3.0073,10.4003,0.0028,0.0000,0,0,0.0000,0,0.0000,0,0,0,926,0
2279,2.9795,10.3660,0.0008,0.0000,0,0,0.0000,0,0.0000,0,0,0,728,0
2280,5.3229,5.9320,0.0027,0.0000,0,0,0.0000,0,0.0000,0,0,0,638,0
2281,3.0520,5.6554,0.0012,0.0000,0,0,0.0000,0,0.0000,0,0,0,601,0
2282,3.0073,10.5662,0.0025,0.0000,0,0,0.0000,0,0.0000,0,0,0,856,0
2283,2.9795,10.5522,0.0010,0.0000,0,0,0.0000,0,0.0000,0,0,0,752,0
2284,5.3229,5.8768,0.0026,0.0000,0,0,0.0000,0,0.0000,0,0,0,623,0
2285,3.0520,5.6184,0.0006,0.0000,0,0,0.0000,0,0.0000,0,0,0,601,0
2286,3.0073,10.3636,0.0025,0.0000,0,0,0.0000,0,0.0000,0,0,0,1082,0
2287,2.9795,10.2841,0.0008,0.0000,0,0,0.0000,0,0.0000,0,0,0,805,0
2288,5.3229,5.8263,0.0025,0.0000,0,0,0.0000,0,0.0000,0,0,0,626,0
2289,3.0520,5.6041,0.0006,0.0000,0,0,0.0000,0,0.0000,0,0,0,601,0
2290,3.0073,10.4068,0.0028,0.0000,0,0,0.0000,0,0.0000,0,0,0,712,0
2291,2.9795,10.3162,0.0007,0.0000,0,0,0.0000,0,0.0000,0,0,0,775,0
2292,5.3229,5.8551,0.0024,0.0000,0,0,0.0000,0,0.0000,0,0,0,622,0
2293,3.0520,5.6339,0.0014,0.0000,0,0,0.0000,0,0.0000,0,0,0,601,0
2294,3.0073,10.4097,0.0021,0.0000,0,0,0.0000,0,0.0000,0,0,0,709,0
2295,2.9795,10.3590,0.0010,0.0000,0,0,0.0000,0,0.0000,0,0,0,911,0
2296,5.3229,5.8277,0.0028,0.0000,0,0,0.0000,0,0.0000,0,0,0,611,0
2297,3.0520,5.5976,0.0010,0.0000,0,0,0.0000,0,0.0000,0,0,0,601,0
2298,3.0073,10.4879,0.0025,0.0000,0,0,0.0000,0,0.0000,0,0,0,723,0
2299,2.9795,10.4292,0.0010,0.0000,0,0,0.0000,0,0.0000,0,0,0,698,0
2300,5.3229,5.9151,0.0026,0.0000,0,0,0.0000,0,0.0000,0,0,0,618,0
2301,3.0520,5.6429,0.0010,0.0000,0,0,0.0000,0,0.0000,0,0,0,601,0
2302,3.0073,10.3963,0.0025,0.0000,0,0,0.0000,0,0.0000,0,0,0,744,0
2303,2.9795,10.3172,0.0005,0.0000,0,0,0.0000,0,0.0000,0,0,0,696,0
2304,5.3229,5.8584,0.0027,0.0000,0,0,0.0000,0,0.0000,0,0,0,605,0
2305,3.0520,5.6728,0.0007,0.0000,0,0,0.0000,0,0.0000,0,0,0,601,0
2306,3.0073,10.4060,0.0028,0.0000,0,0,0.0000,0,0.0000,0,0,0,786,0
2307,2.9795,10.3352,0.0010,0.0000,0,0,0.0000,0,0.0000,0,0,0,704,0
2308,5.3229,5.9428,0.0028,0.0000,0,0,0.0000,0,0.0000,0,0,0,606,0
2309,3.0520,5.6370,0.0025,0.0000,0,0,0.0000,0,0.0000,0,0,0,601,0
2310,3.0073,10.4630,0.0027,0.0000,0,0,0.0000,0,0.0000,0,0,0,780,0
2311,2.9795,10.3885,0.0006,0.0000,0,0,0.0000,0,0.0000,0,0,0,741,0
2312,5.3229,5.9463,0.0034,0.0000,0,0,0.0000,0,0.0000,0,0,0,605,0
2313,3.0520,5.6090,0.0034,0.0000,0,0,0.0000,0,0.0000,0,0,0,601,0
2314,3.0073,10.5834,0.0025,0.0000,0,0,0.0000,0,0.0000,0,0,0,808,0
2315,2.9795,10.4634,0.0025,0.0000,0,0,0.0000,0,0.0000,0,0,0,758,0
2316,5.3229,5.8829,0.0030,0.0000,0,0,0.0000,0,0.0000,0,0,0,606,0
2317,3.0520,5.6140,0.0025,0.0000,0,0,0.0000,0,0.0000,0,0,0,601,0
2318,3.0073,10.5041,0.0022,0.0000,0,0,0.0000,0,0.0000,0,0,0,795,0
2319,2.9795,10.4681,0.0011,0.0000,0,0,0.0000,0,0.0000,0,0,0,738,0
2320,5.3229,5.9396,0.0033,0.0000,0,0,0.0000,0,0.0000,0,0,0,601,0
2321,3.0520,5.6587,0.0011,0.0000,0,0,0.0000,0,0.0000,0,0,0,601,0
2322,3.0073,10.4102,0.0027,0.0000,0,0,0.0000,0,0.0000,0,0,0,771,0
2323,2.9795,10.3976,0.0010,0.0000,0,0,0.0000,0,0.0000,0,0,0,836,0
2324,5.3229,5.8915,0.0027,0.0000,0,0,0.0000,0,0.0000,0,0,0,601,0
2325,3.0520,5.5414,0.0011,0.0000,0,0,0.0000,0,0.0000,0,0,0,601,0
2326,3.0073,10.4283,0.0022,0.0000,0,0,0.0000,0,0.0000,0,0,0,779,0
2327,2.9795,10.3365,0.0005,0.0000,0,0,0.0000,0,0.0000,0,0,0,698,0
2328,5.3229,5.8682,0.0030,0.0000,0,0,0.0000,0,0.0000,0,0,0,601,0
2329,3.0520,5.6737,0.0009,0.0000,0,0,0.0000,0,0.0000,0,0,0,601,0
2330,3.0073,10.3772,0.0030,0.0000,0,0,0.0000,0,0.0000,0,0,0,967,0
2331,2.9795,10.3643,0.0010,0.0000,0,0,0.0000,0,0.0000,0,0,0,696,0
2332,5.3229,5.8884,0.0025,0.0000,0,0,0.0000,0,0.0000,0,0,0,601,0
2333,3.0520,5.6696,0.0010,0.0000,0,0,0.0000,0,0.0000,0,0,0,601,0
2334,3.0073,10.3631,0.0027,0.0000,0,0,0.0000,0,0.0000,0,0,0,710,0
2335,2.9795,10.2930,0.0006,0.0000,0,0,0.0000,0,0.0000,0,0,0,700,0
2336,5.3229,5.8233,0.0023,0.0000,0,0,0.0000,0,0.0000,0,0,0,601,0
2337,3.0520,5.5655,0.0010,0.0000,0,0,0.0000,0,0.0000,0,0,0,601,0
2338,3.0073,10.5241,0.0028,0.0000,0,0,0.0000,0,0.0000,0,0,0,703,0
2339,2.9795,10.3225,0.0011,0.0000,0,0,0.0000,0,0.0000,0,0,0,721,0
2340,5.3229,5.9105,0.0031,0.0000,0,0,0.0000,0,0.0000,0,0,0,601,0
2341,3.0520,5.5865,0.0030,0.0000,0,0,0.0000,0,0.0000,0,0,0,601,0
2342,3.0073,10.4231,0.0022,0.0000,0,0,0.0000,0,0.0000,0,0,0,708,0
2343,2.9795,10.3120,0.0010,0.0000,0,0,0.0000,0,0.0000,0,0,0,783,0
2344,5.3229,5.7925,0.0025,0.0000,0,0,0.0000,0,0.0000,0,0,0,601,0
2345,3.0520,5.5859,0.0023,0.0000,0,0,0.0000,0,0.0000,0,0,0,601,0
2346,3.0073,10.4897,0.0026,0.0000,0,0,0.0000,0,0.0000,0,0,0,751,0
2347,2.9795,10.3758,0.0012,0.0000,0,0,0.0000,0,0.0000,0,0,0,755,0
2348,5.3229,5.8576,0.0027,0.0000,0,0,0.0000,0,0.0000,0,0,0,601,0
2349,3.0520,5.6518,0.0010,0.0000,0,0,0.0000,0,0.0000,0,0,0,601,0
2350,3.0073,10.4677,0.0027,0.0000,0,0,0.0000,0,0.0000,0,0,0,762,0
2351,2.9795,10.3607,0.0010,0.0000,0,0,0.0000,0,0.0000,0,0,0,801,0
2352,5.3229,5.8493,0.0024,0.0000,0,0,0.0000,0,0.0000,0,0,0,601,0
2353,3.0520,5.5666,0.0006,0.0000,0,0,0.0000,0,0.0000,0,0,0,601,0
2354,3.0073,10.4250,0.0022,0.0000,0,0,0.0000,0,0.0000,0,0,0,747,0
2355,2.9795,10.3748,0.0029,0.0000,0,0,0.0000,0,0.0000,0,0,0,696,0
2356,5.3229,5.8035,0.0023,0.0000,0,0,0.0000,0,0.0000,0,0,0,601,0
2357,3.0520,5.5728,0.0009,0.0000,0,0,0.0000,0,0.0000,0,0,0,601,0
2358,3.0073,10.4287,0.0025,0.0000,0,0,0.0000,0,0.0000,0,0,0,830,0
2359,2.9795,10.3670,0.0010,0.0000,0,0,0.0000,0,0.0000,0,0,0,701,0
2360,5.3229,5.8616,0.0022,0.0000,0,0,0.0000,0,0.0000,0,0,0,601,0
2361,3.0520,5.6113,0.0011,0.0000,0,0,0.0000,0,0.0000,0,0,0,601,0
2362,3.0073,10.3579,0.0027,0.0000,0,0,0.0000,0,0.0000,0,0,0,769,0
2363,2.9795,10.3249,0.0006,0.0000,0,0,0.0000,0,0.0000,0,0,0,696,0
2364,5.3229,5.8486,0.0035,0.0000,0,0,0.0000,0,0.0000,0,0,0,601,0
2365,3.0520,5.5451,0.0012,0.0000,0,0,0.0000,0,0.0000,0,0,0,601,0
2366,3.0073,10.5065,0.0024,0.0000,0,0,0.0000,0,0.0000,0,0,0,728,0
2367,2.9795,10.4183,0.0010,0.0000,0,0,0.0000,0,0.0000,0,0,0,717,0
2368,5.3229,5.8825,0.0029,0.0000,0,0,0.0000,0,0.0000,0,0,0,601,0
2369,3.0520,5.6648,0.0010,0.0000,0,0,0.0000,0,0.0000,0,0,0,601,0
2370,3.0073,10.4972,0.0026,0.0000,0,0,0.0000,0,0.0000,0,0,0,726,0
2371,2.9795,10.4269,0.0009,0.0000,0,0,0.0000,0,0.0000,0,0,0,731,0
2372,5.3229,5.8386,0.0030,0.0000,0,0,0.0000,0,0.0000,0,0,0,601,0
2373,3.0520,5.5730,0.0007,0.0000,0,0,0.0000,0,0.0000,0,0,0,601,0
2374,3.0073,10.3747,0.0022,0.0000,0,0,0.0000,0,0.0000,0,0,0,833,0
2375,2.9795,10.3722,0.0010,0.0000,0,0,0.0000,0,0.0000,0,0,0,722,0
2376,5.3229,5.8482,0.0031,0.0000,0,0,0.0000,0,0.0000,0,0,0,601,0
2377,3.0520,5.6402,0.0010,0.0000,0,0,0.0000,0,0.0000,0,0,0,601,0
2378,3.0073,10.3191,0.0022,0.0000,0,0,0.0000,0,0.0000,0,0,0,696,0
2379,2.9795,10.2904,0.0026,0.0000,0,0,0.0000,0,0.0000,0,0,0,758,0
2380,5.3229,5.7964,0.0027,0.0000,0,0,0.0000,0,0.0000,0,0,0,601,0
2381,3.0520,5.6197,0.0011,0.0000,0,0,0.0000,0,0.0000,0,0,0,601,0
2382,3.0073,10.4121,0.0023,0.0000,0,0,0.0000,0,0.0000,0,0,0,696,0
2383,2.9795,10.3789,0.0009,0.0000,0,0,0.0000,0,0.0000,0,0,0,696,0
2384,5.3229,5.8559,0.0029,0.0000,0,0,0.0000,0,0.0000,0,0,0,601,0
2385,3.0520,5.6003,0.0010,0.0000,0,0,0.0000,0,0.0000,0,0,0,601,0
2386,3.0073,11.5002,0.0009,0.0000,0,0,0.0000,0,0.0000,0,0,0,696,0
2387,2.9795,11.3241,0.0023,0.0000,0,0,0.0000,0,0.0000,0,0,0,705,0
2388,5.3229,5.8235,0.0028,0.0000,0,0,0.0000,0,0.0000,0,0,0,601,0
2389,3.0520,5.5450,0.0011,0.0000,0,0,0.0000,0,0.0000,0,0,0,601,0
2390,3.0073,10.4024,0.0027,0.0000,0,0,0.0000,0,0.0000,0,0,0,696,0
2391,2.9795,10.3717,0.0032,0.0000,0,0,0.0000,0,0.0000,0,0,0,707,0
2392,5.3229,5.7935,0.0028,0.0000,0,0,0.0000,0,0.0000,0,0,0,601,0
2393,3.0520,5.5875,0.0008,0.0000,0,0,0.0000,0,0.0000,0,0,0,601,0
2394,3.0073,10.3234,0.0026,0.0000,0,0,0.0000,0,0.0000,0,0,0,701,0
2395,2.9795,10.3319,0.0027,0.0000,0,0,0.0000,0,0.0000,0,0,0,707,0
2396,5.3229,5.8522,0.0025,0.0000,0,0,0.0000,0,0.0000,0,0,0,601,0
2397,3.0520,5.5645,0.0010,0.0000,0,0,0.0000,0,0.0000,0,0,0,601,0
2398,3.0073,10.4388,0.0027,0.0000,0,0,0.0000,0,0.0000,0,0,0,703,0
2399,2.9795,10.3335,0.0009,0.0000,0,0,0.0000,0,0.0000,0,0,0,736,0
2400,5.3229,5.8918,0.0029,0.0000,0,0,0.0000,0,0.0000,0,0,0,601,0
2401,3.0520,5.6336,0.0009,0.0000,0,0,0.0000,0,0.0000,0,0,0,601,0
2402,3.0073,10.4284,0.0026,0.0000,0,0,0.0000,0,0.0000,0,0,0,716,0
2403,2.9795,10.3119,0.0011,0.0000,0,0,0.0000,0,0.0000,0,0,0,719,0
2404,5.3229,5.8473,0.0035,0.0000,0,0,0.0000,0,0.0000,0,0,0,601,0
2405,3.0520,5.5857,0.0010,0.0000,0,0,0.0000,0,0.0000,0,0,0,601,0
2406,3.0073,10.4216,0.0022,0.0000,0,0,0.0000,0,0.0000,0,0,0,714,0
2407,2.9795,10.3362,0.0008,0.0000,0,0,0.0000,0,0.0000,0,0,0,775,0
2408,5.3229,5.8169,0.0032,0.0000,0,0,0.0000,0,0.0000,0,0,0,601,0
2409,3.0520,5.6340,0.0010,0.0000,0,0,0.0000,0,0.0000,0,0,0,601,0
2410,3.0073,10.3150,0.0022,0.0000,0,0,0.0000,0,0.0000,0,0,0,717,0
2411,2.9795,10.3644,0.0010,0.0000,0,0,0.0000,0,0.0000,0,0,0,701,0
2412,5.3229,5.8914,0.0027,0.0000,0,0,0.0000,0,0.0000,0,0,0,601,0
2413,3.0520,5.6082,0.0005,0.0000,0,0,0.0000,0,0.0000,0,0,0,601,0
2414,3.0073,10.4072,0.0024,0.0000,0,0,0.0000,0,0.0000,0,0,0,711,0
2415,2.9795,10.3675,0.0010,0.0000,0,0,0.0000,0,0.0000,0,0,0,701,0
2416,5.3229,5.8332,0.0031,0.0000,0,0,0.0000,0,0.0000,0,0,0,601,0
2417,3.0520,5.5996,0.0009,0.0000,0,0,0.0000,0,0.0000,0,0,0,601,0
2418,3.0073,10.4215,0.0024,0.0000,0,0,0.0000,0,0.0000,0,0,0,763,0
2419,2.9795,10.3172,0.0010,0.0000,0,0,0.0000,0,0.0000,0,0,0,701,0
2420,5.3229,5.8287,0.0030,0.0000,0,0,0.0000,0,0.0000,0,0,0,601,0
2421,3.0520,5.5632,0.0010,0.0000,0,0,0.0000,0,0.0000,0,0,0,601,0
2422,3.0073,10.5110,0.0024,0.0000,0,0,0.0000,0,0.0000,0,0,0,696,0
2423,2.9795,10.3543,0.0009,0.0000,0,0,0.0000,0,0.0000,0,0,0,715,0
2424,5.3229,5.8054,0.0057,0.0000,0,0,0.0000,0,0.0000,0,0,0,601,0
2425,3.0520,5.5480,0.0005,0.0000,0,0,0.0000,0,0.0000,0,0,0,601,0
2426,3.0073,10.3870,0.0021,0.0000,0,0,0.0000,0,0.0000,0,0,0,696,0
2427,2.9795,10.3879,0.0010,0.0000,0,0,0.0000,0,0.0000,0,0,0,726,0
2428,5.3229,5.8572,0.0025,0.0000,0,0,0.0000,0,0.0000,0,0,0,601,0
2429,3.0520,5.6193,0.0026,0.0000,0,0,0.0000,0,0.0000,0,0,0,601,0
2430,3.0073,10.3468,0.0019,0.0000,0,0,0.0000,0,0.0000,0,0,0,696,0
2431,2.9795,10.3647,0.0017,0.0000,0,0,0.0000,0,0.0000,0,0,0,714,0
2432,5.3229,5.8155,0.0024,0.0000,0,0,0.0000,0,0.0000,0,0,0,601,0
2433,3.0520,5.6495,0.0012,0.0000,0,0,0.0000,0,0.0000,0,0,0,601,0
2434,3.0073,10.3498,0.0019,0.0000,0,0,0.0000,0,0.0000,0,0,0,696,0
2435,2.9795,10.3805,0.0022,0.0000,0,0,0.0000,0,0.0000,0,0,0,789,0
2436,5.3229,5.8574,0.0025,0.0000,0,0,0.0000,0,0.0000,0,0,0,601,0
2437,3.0520,5.6077,0.0027,0.0000,0,0,0.0000,0,0.0000,0,0,0,601,0
2438,3.0073,10.3665,0.0027,0.0000,0,0,0.0000,0,0.0000,0,0,0,717,0
2439,2.9795,10.2961,0.0010,0.0000,0,0,0.0000,0,0.0000,0,0,0,703,0
2440,5.3229,5.8365,0.0027,0.0000,0,0,0.0000,0,0.0000,0,0,0,601,0
2441,3.0520,5.5748,0.0011,0.0000,0,0,0.0000,0,0.0000,0,0,0,601,0
2442,3.0073,10.3709,0.0022,0.0000,0,0,0.0000,0,0.0000,0,0,0,716,0
2443,2.9795,10.3022,0.0026,0.0000,0,0,0.0000,0,0.0000,0,0,0,705,0
2444,5.3229,5.7953,0.0023,0.0000,0,0,0.0000,0,0.0000,0,0,0,601,0
2445,3.0520,5.5845,0.0012,0.0000,0,0,0.0000,0,0.0000,0,0,0,601,0
2446,3.0073,10.3562,0.0020,0.0000,0,0,0.0000,0,0.0000,0,0,0,745,0
2447,2.9795,10.3522,0.0009,0.0000,0,0,0.0000,0,0.0000,0,0,0,700,0
2448,5.3229,5.8520,0.0023,0.0000,0,0,0.0000,0,0.0000,0,0,0,601,0
2449,3.0520,5.6025,0.0006,0.0000,0,0,0.0000,0,0.0000,0,0,0,601,0
2450,3.0073,10.4778,0.0023,0.0000,0,0,0.0000,0,0.0000,0,0,0,737,0
2451,2.9795,10.3170,0.0006,0.0000,0,0,0.0000,0,0.0000,0,0,0,706,0
2452,5.3229,5.8390,0.0030,0.0000,0,0,0.0000,0,0.0000,0,0,0,601,0
2453,3.0520,5.6863,0.0029,0.0000,0,0,0.0000,0,0.0000,0,0,0,601,0
2454,3.0073,10.2980,0.0027,0.0000,0,0,0.0000,0,0.0000,0,0,0,718,0
2455,2.9795,10.3859,0.0007,0.0000,0,0,0.0000,0,0.0000,0,0,0,723,0
2456,5.3229,5.7988,0.0023,0.0000,0,0,0.0000,0,0.0000,0,0,0,601,0
2457,3.0520,5.5985,0.0011,0.0000,0,0,0.0000,0,0.0000,0,0,0,601,0
2458,3.0073,10.3574,0.0023,0.0000,0,0,0.0000,0,0.0000,0,0,0,719,0
2459,2.9795,10.3669,0.0025,0.0000,0,0,0.0000,0,0.0000,0,0,0,714,0
2460,5.3229,5.8027,0.0025,0.0000,0,0,0.0000,0,0.0000,0,0,0,601,0
2461,3.0520,5.6436,0.0009,0.0000,0,0,0.0000,0,0.0000,0,0,0,601,0
2462,3.0073,10.3529,0.0022,0.0000,0,0,0.0000,0,0.0000,0,0,0,747,0
2463,2.9795,10.3540,0.0010,0.0000,0,0,0.0000,0,0.0000,0,0,0,769,0
2464,5.3229,5.8173,0.0027,0.0000,0,0,0.0000,0,0.0000,0,0,0,601,0
2465,3.0520,5.5963,0.0005,0.0000,0,0,0.0000,0,0.0000,0,0,0,601,0
2466,3.0073,10.3957,0.0024,0.0000,0,0,0.0000,0,0.0000,0,0,0,696,0
2467,2.9795,10.3994,0.0008,0.0000,0,0,0.0000,0,0.0000,0,0,0,704,0
2468,5.3229,5.8653,0.0032,0.0000,0,0,0.0000,0,0.0000,0,0,0,601,0
2469,3.0520,5.6511,0.0007,0.0000,0,0,0.0000,0,0.0000,0,0,0,601,0
2470,3.0073,10.3914,0.0018,0.0000,0,0,0.0000,0,0.0000,0,0,0,696,0
2471,2.9795,10.3473,0.0006,0.0000,0,0,0.0000,0,0.0000,0,0,0,707,0
2472,5.3229,5.9027,0.0027,0.0000,0,0,0.0000,0,0.0000,0,0,0,601,0
2473,3.0520,5.6353,0.0027,0.0000,0,0,0.0000,0,0.0000,0,0,0,601,0
2474,3.0073,10.3055,0.0021,0.0000,0,0,0.0000,0,0.0000,0,0,0,696,0
2475,2.9795,10.3370,0.0010,0.0000,0,0,0.0000,0,0.0000,0,0,0,714,0
2476,5.3229,5.8790,0.0026,0.0000,0,0,0.0000,0,0.0000,0,0,0,601,0
2477,3.0520,5.6521,0.0010,0.0000,0,0,0.0000,0,0.0000,0,0,0,601,0
2478,3.0073,10.5081,0.0027,0.0000,0,0,0.0000,0,0.0000,0,0,0,696,0
2479,2.9795,10.4375,0.0011,0.0000,0,0,0.0000,0,0.0000,0,0,0,709,0
2480,5.3229,5.8365,0.0028,0.0000,0,0,0.0000,0,0.0000,0,0,0,601,0
2481,3.0520,5.5921,0.0006,0.0000,0,0,0.0000,0,0.0000,0,0,0,601,0
2482,3.0073,10.3711,0.0023,0.0000,0,0,0.0000,0,0.0000,0,0,0,696,0
2483,2.9795,10.3599,0.0010,0.0000,0,0,0.0000,0,0.0000,0,0,0,732,0
2484,5.3229,5.8037,0.0029,0.0000,0,0,0.0000,0,0.0000,0,0,0,601,0
2485,3.0520,5.5568,0.0007,0.0000,0,0,0.0000,0,0.0000,0,0,0,601,0
2486,3.0073,10.4177,0.0025,0.0000,0,0,0.0000,0,0.0000,0,0,0,696,0
2487,2.9795,10.2866,0.0010,0.0000,0,0,0.0000,0,0.0000,0,0,0,719,0
2488,5.3229,5.8034,0.0025,0.0000,0,0,0.0000,0,0.0000,0,0,0,601,0
2489,3.0520,5.5633,0.0008,0.0000,0,0,0.0000,0,0.0000,0,0,0,601,0
2490,3.0073,10.3902,0.0027,0.0000,0,0,0.0000,0,0.0000,0,0,0,708,0
2491,2.9795,10.3421,0.0027,0.0000,0,0,0.0000,0,0.0000,0,0,0,751,0
2492,5.3229,5.8255,0.0030,0.0000,0,0,0.0000,0,0.0000,0,0,0,601,0
2493,3.0520,5.5764,0.0013,0.0000,0,0,0.0000,0,0.0000,0,0,0,601,0
2494,3.0073,10.3076,0.0025,0.0000,0,0,0.0000,0,0.0000,0,0,0,708,0
2495,2.9795,10.2961,0.0011,0.0000,0,0,0.0000,0,0.0000,0,0,0,696,0
2496,5.3229,5.8295,0.0025,0.0000,0,0,0.0000,0,0.0000,0,0,0,601,0
2497,3.0520,5.5657,0.0012,0.0000,0,0,0.0000,0,0.0000,0,0,0,601,0
2498,3.0073,10.3563,0.0024,0.0000,0,0,0.0000,0,0.0000,0,0,0,706,0
2499,2.9795,10.2704,0.0009,0.0000,0,0,0.0000,0,0.0000,0,0,0,701,0
2500,5.3229,5.8102,0.0025,0.0000,0,0,0.0000,0,0.0000,0,0,0,601,0
2501,3.0520,5.5895,0.0013,0.0000,0,0,0.0000,0,0.0000,0,0,0,601,0
2502,3.0073,10.3938,0.0025,0.0000,0,0,0.0000,0,0.0000,0,0,0,707,0
2503,2.9795,10.3173,0.0010,0.0000,0,0,0.0000,0,0.0000,0,0,0,703,0
2504,5.3229,5.8217,0.0026,0.0000,0,0,0.0000,0,0.0000,0,0,0,601,0
2505,3.0520,5.5800,0.0011,0.0000,0,0,0.0000,0,0.0000,0,0,0,601,0
2506,3.0073,10.3774,0.0024,0.0000,0,0,0.0000,0,0.0000,0,0,0,723,0
2507,2.9795,10.3193,0.0008,0.0000,0,0,0.0000,0,0.0000,0,0,0,707,0
2508,5.3229,5.8106,0.0026,0.0000,0,0,0.0000,0,0.0000,0,0,0,601,0
2509,3.0520,5.5770,0.0010,0.0000,0,0,0.0000,0,0.0000,0,0,0,601,0
2510,3.0073,10.3450,0.0026,0.0000,0,0,0.0000,0,0.0000,0,0,0,696,0
2511,2.9795,10.3105,0.0009,0.0000,0,0,0.0000,0,0.0000,0,0,0,708,0
2512,5.3229,5.8610,0.0024,0.0000,0,0,0.0000,0,0.0000,0,0,0,601,0
2513,3.0520,5.6681,0.0031,0.0000,0,0,0.0000,0,0.0000,0,0,0,601,0
2514,3.0073,10.3663,0.0020,0.0000,0,0,0.0000,0,0.0000,0,0,0,696,0
2515,2.9795,10.3501,0.0011,0.0000,0,0,0.0000,0,0.0000,0,0,0,712,0
2516,5.3229,5.9139,0.0029,0.0000,0,0,0.0000,0,0.0000,0,0,0,601,0
2517,3.0520,5.7008,0.0011,0.0000,0,0,0.0000,0,0.0000,0,0,0,601,0
2518,3.0073,10.3921,0.0022,0.0000,0,0,0.0000,0,0.0000,0,0,0,696,0
2519,2.9795,10.2961,0.0007,0.0000,0,0,0.0000,0,0.0000,0,0,0,754,0
2520,5.3229,5.8180,0.0026,0.0000,0,0,0.0000,0,0.0000,0,0,0,601,0
2521,3.0520,5.5792,0.0009,0.0000,0,0,0.0000,0,0.0000,0,0,0,601,0
2522,3.0073,10.3657,0.0017,0.0000,0,0,0.0000,0,0.0000,0,0,0,696,0
2523,2.9795,10.2528,0.0009,0.0000,0,0,0.0000,0,0.0000,0,0,0,696,0
2524,5.3229,5.8175,0.0024,0.0000,0,0,0.0000,0,0.0000,0,0,0,601,0
2525,3.0520,5.6040,0.0012,0.0000,0,0,0.0000,0,0.0000,0,0,0,601,0
2526,3.0073,10.5044,0.0032,0.0000,0,0,0.0000,0,0.0000,0,0,0,701,0
2527,2.9795,10.4382,0.0011,0.0000,0,0,0.0000,0,0.0000,0,0,0,706,0
2528,5.3229,5.7973,0.0023,0.0000,0,0,0.0000,0,0.0000,0,0,0,601,0
2529,3.0520,5.5909,0.0007,0.0000,0,0,0.0000,0,0.0000,0,0,0,601,0
2530,3.0073,10.3526,0.0023,0.0000,0,0,0.0000,0,0.0000,0,0,0,696,0
2531,2.9795,10.3682,0.0008,0.0000,0,0,0.0000,0,0.0000,0,0,0,700,0
2532,5.3229,5.8608,0.0027,0.0000,0,0,0.0000,0,0.0000,0,0,0,601,0
2533,3.0520,5.6034,0.0026,0.0000,0,0,0.0000,0,0.0000,0,0,0,601,0
2534,3.0073,10.4920,0.0030,0.0000,0,0,0.0000,0,0.0000,0,0,0,707,0
2535,2.9795,10.4404,0.0005,0.0000,0,0,0.0000,0,0.0000,0,0,0,704,0
2536,5.3229,5.8425,0.0025,0.0000,0,0,0.0000,0,0.0000,0,0,0,601,0
2537,3.0520,5.5949,0.0007,0.0000,0,0,0.0000,0,0.0000,0,0,0,601,0
2538,3.0073,10.3733,0.0022,0.0000,0,0,0.0000,0,0.0000,0,0,0,701,0
2539,2.9795,10.3920,0.0010,0.0000,0,0,0.0000,0,0.0000,0,0,0,715,0
2540,5.3229,6.0633,0.0028,0.0000,0,0,0.0000,0,0.0000,0,0,0,601,0
2541,3.0520,5.7713,0.0027,0.0000,0,0,0.0000,0,0.0000,0,0,0,601,0
2542,3.0073,10.7756,0.0008,0.0000,0,0,0.0000,0,0.0000,0,0,0,702,0
2543,2.9795,10.6089,0.0033,0.0000,0,0,0.0000,0,0.0000,0,0,0,700,0
2544,5.3229,5.8963,0.0039,0.0000,0,0,0.0000,0,0.0000,0,0,0,601,0
2545,3.0520,5.6219,0.0009,0.0000,0,0,0.0000,0,0.0000,0,0,0,601,0
2546,3.0073,10.4729,0.0037,0.0000,0,0,0.0000,0,0.0000,0,0,0,711,0
2547,2.9795,10.3931,0.0010,0.0000,0,0,0.0000,0,0.0000,0,0,0,764,0
2548,5.3229,5.9967,0.0036,0.0000,0,0,0.0000,0,0.0000,0,0,0,601,0
2549,3.0520,5.6486,0.0004,0.0000,0,0,0.0000,0,0.0000,0,0,0,601,0
2550,3.0073,10.4138,0.0033,0.0000,0,0,0.0000,0,0.0000,0,0,0,722,0
2551,2.9795,10.4042,0.0011,0.0000,0,0,0.0000,0,0.0000,0,0,0,696,0
2552,5.3229,5.8228,0.0031,0.0000,0,0,0.0000,0,0.0000,0,0,0,601,0
2553,3.0520,5.5847,0.0005,0.0000,0,0,0.0000,0,0.0000,0,0,0,601,0
2554,3.0073,10.5334,0.0028,0.0000,0,0,0.0000,0,0.0000,0,0,0,696,0
2555,2.9795,10.4728,0.0010,0.0000,0,0,0.0000,0,0.0000,0,0,0,696,0
2556,5.3229,5.8583,0.0026,0.0000,0,0,0.0000,0,0.0000,0,0,0,601,0
2557,3.0520,5.6160,0.0011,0.0000,0,0,0.0000,0,0.0000,0,0,0,601,0
2558,3.0073,10.3298,0.0024,0.0000,0,0,0.0000,0,0.0000,0,0,0,696,0
2559,2.9795,10.3171,0.0031,0.0000,0,0,0.0000,0,0.0000,0,0,0,696,0
2560,5.3229,5.8265,0.0027,0.0000,0,0,0.0000,0,0.0000,0,0,0,601,0
2561,3.0520,5.5958,0.0010,0.0000,0,0,0.0000,0,0.0000,0,0,0,601,0
2562,3.0073,10.3614,0.0024,0.0000,0,0,0.0000,0,0.0000,0,0,0,696,0
2563,2.9795,10.2490,0.0011,0.0000,0,0,0.0000,0,0.0000,0,0,0,700,0
2564,5.3229,5.8936,0.0032,0.0000,0,0,0.0000,0,0.0000,0,0,0,601,0
2565,3.0520,5.6162,0.0010,0.0000,0,0,0.0000,0,0.0000,0,0,0,601,0
2566,3.0073,10.4018,0.0028,0.0000,0,0,0.0000,0,0.0000,0,0,0,705,0
2567,2.9795,10.3230,0.0011,0.0000,0,0,0.0000,0,0.0000,0,0,0,702,0
2568,5.3229,5.8364,0.0022,0.0000,0,0,0.0000,0,0.0000,0,0,0,601,0
2569,3.0520,5.6385,0.0010,0.0000,0,0,0.0000,0,0.0000,0,0,0,601,0
2570,3.0073,10.3814,0.0026,0.0000,0,0,0.0000,0,0.0000,0,0,0,708,0
2571,2.9795,10.3519,0.0005,0.0000,0,0,0.0000,0,0.0000,0,0,0,706,0
2572,5.3229,5.8602,0.0030,0.0000,0,0,0.0000,0,0.0000,0,0,0,601,0
2573,3.0520,5.5853,0.0006,0.0000,0,0,0.0000,0,0.0000,0,0,0,601,0
2574,3.0073,10.4009,0.0028,0.0000,0,0,0.0000,0,0.0000,0,0,0,707,0
2575,2.9795,10.3883,0.0008,0.0000,0,0,0.0000,0,0.0000,0,0,0,721,0
2576,5.3229,5.8165,0.0028,0.0000,0,0,0.0000,0,0.0000,0,0,0,601,0
2577,3.0520,5.5796,0.0010,0.0000,0,0,0.0000,0,0.0000,0,0,0,601,0
2578,3.0073,10.3839,0.0022,0.0000,0,0,0.0000,0,0.0000,0,0,0,708,0
2579,2.9795,10.2677,0.0009,0.0000,0,0,0.0000,0,0.0000,0,0,0,696,0
2580,5.3229,5.7768,0.0025,0.0000,0,0,0.0000,0,0.0000,0,0,0,601,0
2581,3.0520,5.5645,0.0010,0.0000,0,0,0.0000,0,0.0000,0,0,0,601,0
2582,3.0073,10.3566,0.0019,0.0000,0,0,0.0000,0,0.0000,0,0,0,706,0
2583,2.9795,10.3338,0.0005,0.0000,0,0,0.0000,0,0.0000,0,0,0,696,0
2584,5.3229,5.8697,0.0034,0.0000,0,0,0.0000,0,0.0000,0,0,0,601,0
2585,3.0520,5.6070,0.0011,0.0000,0,0,0.0000,0,0.0000,0,0,0,601,0
2586,3.0073,10.4615,0.0021,0.0000,0,0,0.0000,0,0.0000,0,0,0,711,0
2587,2.9795,10.3970,0.0005,0.0000,0,0,0.0000,0,0.0000,0,0,0,696,0
2588,5.3229,5.7894,0.0025,0.0000,0,0,0.0000,0,0.0000,0,0,0,601,0
2589,3.0520,5.5622,0.0010,0.0000,0,0,0.0000,0,0.0000,0,0,0,601,0
2590,3.0073,10.4306,0.0023,0.0000,0,0,0.0000,0,0.0000,0,0,0,706,0
2591,2.9795,10.3740,0.0010,0.0000,0,0,0.0000,0,0.0000,0,0,0,702,0
2592,5.3229,5.8852,0.0028,0.0000,0,0,0.0000,0,0.0000,0,0,0,601,0
2593,3.0520,5.6295,0.0025,0.0000,0,0,0.0000,0,0.0000,0,0,0,601,0
2594,3.0073,10.3497,0.0020,0.0000,0,0,0.0000,0,0.0000,0,0,0,748,0
2595,2.9795,10.3402,0.0010,0.0000,0,0,0.0000,0,0.0000,0,0,0,702,0
2596,5.3229,5.8554,0.0030,0.0000,0,0,0.0000,0,0.0000,0,0,0,601,0
2597,3.0520,5.5708,0.0006,0.0000,0,0,0.0000,0,0.0000,0,0,0,601,0
2598,3.0073,10.4447,0.0022,0.0000,0,0,0.0000,0,0.0000,0,0,0,696,0
2599,2.9795,10.2966,0.0010,0.0000,0,0,0.0000,0,0.0000,0,0,0,702,0
2600,5.3229,5.7790,0.0025,0.0000,0,0,0.0000,0,0.0000,0,0,0,601,0
2601,3.0520,5.7177,0.0010,0.0000,0,0,0.0000,0,0.0000,0,0,0,601,0
2602,3.0073,10.2913,0.0025,0.0000,0,0,0.0000,0,0.0000,0,0,0,696,0
2603,2.9795,10.3338,0.0010,0.0000,0,0,0.0000,0,0.0000,0,0,0,742,0
2604,5.3229,5.8260,0.0029,0.0000,0,0,0.0000,0,0.0000,0,0,0,601,0
2605,3.0520,5.6275,0.0027,0.0000,0,0,0.0000,0,0.0000,0,0,0,601,0
2606,3.0073,10.3796,0.0024,0.0000,0,0,0.0000,0,0.0000,0,0,0,696,0
2607,2.9795,10.2645,0.0009,0.0000,0,0,0.0000,0,0.0000,0,0,0,696,0
2608,5.3229,5.8060,0.0026,0.0000,0,0,0.0000,0,0.0000,0,0,0,601,0
2609,3.0520,5.5763,0.0011,0.0000,0,0,0.0000,0,0.0000,0,0,0,601,0
2610,3.0073,10.3823,0.0028,0.0000,0,0,0.0000,0,0.0000,0,0,0,696,0
2611,2.9795,10.3359,0.0024,0.0000,0,0,0.0000,0,0.0000,0,0,0,696,0
2612,5.3229,5.8128,0.0025,0.0000,0,0,0.0000,0,0.0000,0,0,0,601,0
2613,3.0520,5.6712,0.0007,0.0000,0,0,0.0000,0,0.0000,0,0,0,601,0
2614,3.0073,10.3480,0.0023,0.0000,0,0,0.0000,0,0.0000,0,0,0,702,0
2615,2.9795,10.3135,0.0006,0.0000,0,0,0.0000,0,0.0000,0,0,0,696,0
2616,5.3229,5.8465,0.0025,0.0000,0,0,0.0000,0,0.0000,0,0,0,601,0
2617,3.0520,5.6140,0.0026,0.0000,0,0,0.0000,0,0.0000,0,0,0,601,0
2618,3.0073,10.3885,0.0023,0.0000,0,0,0.0000,0,0.0000,0,0,0,701,0
2619,2.9795,10.3201,0.0005,0.0000,0,0,0.0000,0,0.0000,0,0,0,696,0
2620,5.3229,5.8987,0.0032,0.0000,0,0,0.0000,0,0.0000,0,0,0,601,0
2621,3.0520,5.6196,0.0026,0.0000,0,0,0.0000,0,0.0000,0,0,0,601,0
2622,3.0073,10.4237,0.0019,0.0000,0,0,0.0000,0,0.0000,0,0,0,704,0
2623,2.9795,10.3829,0.0010,0.0000,0,0,0.0000,0,0.0000,0,0,0,701,0
2624,5.3229,5.8704,0.0030,0.0000,0,0,0.0000,0,0.0000,0,0,0,601,0
2625,3.0520,5.6176,0.0010,0.0000,0,0,0.0000,0,0.0000,0,0,0,601,0
2626,3.0073,10.3761,0.0018,0.0000,0,0,0.0000,0,0.0000,0,0,0,701,0
2627,2.9795,10.3420,0.0010,0.0000,0,0,0.0000,0,0.0000,0,0,0,700,0
2628,5.3229,5.9228,0.0035,0.0000,0,0,0.0000,0,0.0000,0,0,0,601,0
2629,3.0520,5.6039,0.0036,0.0000,0,0,0.0000,0,0.0000,0,0,0,601,0
2630,3.0073,10.4764,0.0026,0.0000,0,0,0.0000,0,0.0000,0,0,0,701,0
2631,2.9795,10.3626,0.0012,0.0000,0,0,0.0000,0,0.0000,0,0,0,720,0
2632,5.3229,5.8280,0.0029,0.0000,0,0,0.0000,0,0.0000,0,0,0,601,0
2633,3.0520,5.5842,0.0028,0.0000,0,0,0.0000,0,0.0000,0,0,0,601,0
2634,3.0073,10.4445,0.0019,0.0000,0,0,0.0000,0,0.0000,0,0,0,702,0
2635,2.9795,10.4102,0.0029,0.0000,0,0,0.0000,0,0.0000,0,0,0,696,0
2636,5.3229,5.8230,0.0027,0.0000,0,0,0.0000,0,0.0000,0,0,0,601,0
2637,3.0520,5.6093,0.0027,0.0000,0,0,0.0000,0,0.0000,0,0,0,601,0
2638,3.0073,10.4557,0.0026,0.0000,0,0,0.0000,0,0.0000,0,0,0,712,0
2639,2.9795,10.4154,0.0009,0.0000,0,0,0.0000,0,0.0000,0,0,0,696,0
2640,5.3229,5.8228,0.0031,0.0000,0,0,0.0000,0,0.0000,0,0,0,601,0
2641,3.0520,5.5830,0.0011,0.0000,0,0,0.0000,0,0.0000,0,0,0,601,0
2642,3.0073,10.4020,0.0027,0.0000,0,0,0.0000,0,0.0000,0,0,0,696,0
2643,2.9795,10.3981,0.0028,0.0000,0,0,0.0000,0,0.0000,0,0,0,696,0
2644,5.3229,5.8505,0.0022,0.0000,0,0,0.0000,0,0.0000,0,0,0,601,0
2645,3.0520,5.6570,0.0010,0.0000,0,0,0.0000,0,0.0000,0,0,0,601,0
2646,3.0073,10.3540,0.0020,0.0000,0,0,0.0000,0,0.0000,0,0,0,696,0
2647,2.9795,10.3867,0.0010,0.0000,0,0,0.0000,0,0.0000,0,0,0,696,0
2648,5.3229,5.7637,0.0031,0.0000,0,0,0.0000,0,0.0000,0,0,0,601,0
2649,3.0520,5.5424,0.0010,0.0000,0,0,0.0000,0,0.0000,0,0,0,601,0
2650,3.0073,10.4365,0.0024,0.0000,0,0,0.0000,0,0.0000,0,0,0,696,0
2651,2.9795,10.3883,0.0010,0.0000,0,0,0.0000,0,0.0000,0,0,0,705,0
2652,5.3229,5.8643,0.0028,0.0000,0,0,0.0000,0,0.0000,0,0,0,601,0
2653,3.0520,5.5762,0.0010,0.0000,0,0,0.0000,0,0.0000,0,0,0,601,0
2654,3.0073,10.4394,0.0022,0.0000,0,0,0.0000,0,0.0000,0,0,0,696,0
2655,2.9795,10.3720,0.0029,0.0000,0,0,0.0000,0,0.0000,0,0,0,704,0
2656,5.3229,5.8982,0.0030,0.0000,0,0,0.0000,0,0.0000,0,0,0,601,0
2657,3.0520,5.5647,0.0011,0.0000,0,0,0.0000,0,0.0000,0,0,0,601,0
2658,3.0073,10.4514,0.0022,0.0000,0,0,0.0000,0,0.0000,0,0,0,706,0
2659,2.9795,10.3502,0.0005,0.0000,0,0,0.0000,0,0.0000,0,0,0,711,0
2660,5.3229,5.8499,0.0025,0.0000,0,0,0.0000,0,0.0000,0,0,0,601,0
2661,3.0520,5.6086,0.0010,0.0000,0,0,0.0000,0,0.0000,0,0,0,601,0
2662,3.0073,10.4102,0.0022,0.0000,0,0,0.0000,0,0.0000,0,0,0,702,0
2663,2.9795,10.3987,0.0009,0.0000,0,0,0.0000,0,0.0000,0,0,0,696,0
2664,5.3229,5.8065,0.0027,0.0000,0,0,0.0000,0,0.0000,0,0,0,601,0
2665,3.0520,5.5975,0.0010,0.0000,0,0,0.0000,0,0.0000,0,0,0,601,0
2666,3.0073,10.3727,0.0020,0.0000,0,0,0.0000,0,0.0000,0,0,0,702,0
2667,2.9795,10.3373,0.0007,0.0000,0,0,0.0000,0,0.0000,0,0,0,696,0
2668,5.3229,5.8700,0.0022,0.0000,0,0,0.0000,0,0.0000,0,0,0,601,0
2669,3.0520,5.5713,0.0010,0.0000,0,0,0.0000,0,0.0000,0,0,0,601,0
2670,3.0073,10.3697,0.0022,0.0000,0,0,0.0000,0,0.0000,0,0,0,696,0
2671,2.9795,10.3134,0.0028,0.0000,0,0,0.0000,0,0.0000,0,0,0,696,0
2672,5.3229,5.8538,0.0028,0.0000,0,0,0.0000,0,0.0000,0,0,0,601,0
2673,3.0520,5.6369,0.0012,0.0000,0,0,0.0000,0,0.0000,0,0,0,601,0
2674,3.0073,10.4329,0.0119,0.0000,0,0,0.0000,0,0.0000,0,0,0,696,0
2675,2.9795,10.3682,0.0007,0.0000,0,0,0.0000,0,0.0000,0,0,0,696,0
2676,5.3229,5.8700,0.0022,0.0000,0,0,0.0000,0,0.0000,0,0,0,601,0
2677,3.0520,5.6352,0.0028,0.0000,0,0,0.0000,0,0.0000,0,0,0,601,0
2678,3.0073,10.3875,0.0031,0.0000,0,0,0.0000,0,0.0000,0,0,0,696,0
2679,2.9795,10.3571,0.0023,0.0000,0,0,0.0000,0,0.0000,0,0,0,701,0
2680,5.3229,5.9488,0.0031,0.0000,0,0,0.0000,0,0.0000,0,0,0,601,0
2681,3.0520,5.6223,0.0009,0.0000,0,0,0.0000,0,0.0000,0,0,0,601,0
2682,3.0073,10.3735,0.0048,0.0000,0,0,0.0000,0,0.0000,0,0,0,709,0
2683,2.9795,10.2988,0.0011,0.0000,0,0,0.0000,0,0.0000,0,0,0,696,0
2684,5.3229,5.9139,0.0033,0.0000,0,0,0.0000,0,0.0000,0,0,0,601,0
2685,3.0520,5.5971,0.0010,0.0000,0,0,0.0000,0,0.0000,0,0,0,601,0
2686,3.0073,10.4831,0.0025,0.0000,0,0,0.0000,0,0.0000,0,0,0,696,0
2687,2.9795,10.2745,0.0025,0.0000,0,0,0.0000,0,0.0000,0,0,0,707,0
2688,5.3229,5.8495,0.0025,0.0000,0,0,0.0000,0,0.0000,0,0,0,601,0
2689,3.0520,5.6556,0.0006,0.0000,0,0,0.0000,0,0.0000,0,0,0,601,0
2690,3.0073,10.3891,0.0036,0.0000,0,0,0.0000,0,0.0000,0,0,0,696,0
2691,2.9795,10.3565,0.0010,0.0000,0,0,0.0000,0,0.0000,0,0,0,698,0
2692,5.3229,5.8620,0.0025,0.0000,0,0,0.0000,0,0.0000,0,0,0,601,0
2693,3.0520,5.6238,0.0008,0.0000,0,0,0.0000,0,0.0000,0,0,0,601,0
2694,3.0073,10.4715,0.0026,0.0000,0,0,0.0000,0,0.0000,0,0,0,696,0
2695,2.9795,10.3974,0.0026,0.0000,0,0,0.0000,0,0.0000,0,0,0,696,0
2696,5.3229,5.7433,0.0025,0.0000,0,0,0.0000,0,0.0000,0,0,0,601,0
2697,3.0520,5.5526,0.0007,0.0000,0,0,0.0000,0,0.0000,0,0,0,601,0
2698,3.0073,10.3108,0.0119,0.0000,0,0,0.0000,0,0.0000,0,0,0,696,0
2699,2.9795,10.3054,0.0010,0.0000,0,0,0.0000,0,0.0000,0,0,0,696,0
2700,5.3229,5.7895,0.0028,0.0000,0,0,0.0000,0,0.0000,0,0,0,601,0
2701,3.0520,5.5665,0.0010,0.0000,0,0,0.0000,0,0.0000,0,0,0,601,0
2702,3.0073,10.3602,0.0022,0.0000,0,0,0.0000,0,0.0000,0,0,0,696,0
2703,2.9795,10.3644,0.0006,0.0000,0,0,0.0000,0,0.0000,0,0,0,696,0
2704,5.3229,5.8221,0.0027,0.0000,0,0,0.0000,0,0.0000,0,0,0,601,0
2705,3.0520,5.5695,0.0007,0.0000,0,0,0.0000,0,0.0000,0,0,0,601,0
2706,3.0073,10.3853,0.0021,0.0000,0,0,0.0000,0,0.0000,0,0,0,696,0
2707,2.9795,10.3870,0.0006,0.0000,0,0,0.0000,0,0.0000,0,0,0,696,0
2708,5.3229,5.8061,0.0023,0.0000,0,0,0.0000,0,0.0000,0,0,0,601,0
2709,3.0520,5.6035,0.0010,0.0000,0,0,0.0000,0,0.0000,0,0,0,601,0
2710,3.0073,10.3688,0.0019,0.0000,0,0,0.0000,0,0.0000,0,0,0,696,0
2711,2.9795,10.3721,0.0009,0.0000,0,0,0.0000,0,0.0000,0,0,0,696,0
2712,5.3229,5.8304,0.0020,0.0000,0,0,0.0000,0,0.0000,0,0,0,601,0
2713,3.0520,5.6239,0.0010,0.0000,0,0,0.0000,0,0.0000,0,0,0,601,0
2714,3.0073,10.3585,0.0020,0.0000,0,0,0.0000,0,0.0000,0,0,0,696,0
2715,2.9795,10.3507,0.0010,0.0000,0,0,0.0000,0,0.0000,0,0,0,706,0
2716,5.3229,5.8751,0.0026,0.0000,0,0,0.0000,0,0.0000,0,0,0,601,0
2717,3.0520,5.6040,0.0010,0.0000,0,0,0.0000,0,0.0000,0,0,0,601,0
2718,3.0073,10.4623,0.0022,0.0000,0,0,0.0000,0,0.0000,0,0,0,696,0
2719,2.9795,10.4441,0.0009,0.0000,0,0,0.0000,0,0.0000,0,0,0,696,0
2720,5.3229,5.8680,0.0023,0.0000,0,0,0.0000,0,0.0000,0,0,0,601,0
2721,3.0520,5.6212,0.0006,0.0000,0,0,0.0000,0,0.0000,0,0,0,601,0
2722,3.0073,10.3766,0.0024,0.0000,0,0,0.0000,0,0.0000,0,0,0,696,0
2723,2.9795,10.2356,0.0009,0.0000,0,0,0.0000,0,0.0000,0,0,0,696,0
2724,5.3229,5.8787,0.0023,0.0000,0,0,0.0000,0,0.0000,0,0,0,601,0
2725,3.0520,5.6195,0.0011,0.0000,0,0,0.0000,0,0.0000,0,0,0,601,0
2726,3.0073,10.4625,0.0024,0.0000,0,0,0.0000,0,0.0000,0,0,0,701,0
2727,2.9795,10.3165,0.0027,0.0000,0,0,0.0000,0,0.0000,0,0,0,696,0
2728,5.3229,5.8173,0.0022,0.0000,0,0,0.0000,0,0.0000,0,0,0,601,0
2729,3.0520,5.6318,0.0007,0.0000,0,0,0.0000,0,0.0000,0,0,0,601,0
2730,3.0073,10.2473,0.0028,0.0000,0,0,0.0000,0,0.0000,0,0,0,696,0
2731,2.9795,10.2923,0.0008,0.0000,0,0,0.0000,0,0.0000,0,0,0,696,0
2732,5.3229,5.8761,0.0033,0.0000,0,0,0.0000,0,0.0000,0,0,0,601,0
2733,3.0520,5.5676,0.0010,0.0000,0,0,0.0000,0,0.0000,0,0,0,601,0
2734,3.0073,10.4112,0.0018,0.0000,0,0,0.0000,0,0.0000,0,0,0,696,0
2735,2.9795,10.2761,0.0010,0.0000,0,0,0.0000,0,0.0000,0,0,0,696,0
2736,5.3229,5.8433,0.0022,0.0000,0,0,0.0000,0,0.0000,0,0,0,601,0
2737,3.0520,5.6078,0.0006,0.0000,0,0,0.0000,0,0.0000,0,0,0,601,0
2738,3.0073,10.4898,0.0009,0.0000,0,0,0.0000,0,0.0000,0,0,0,696,0
2739,2.9795,10.5162,0.0006,0.0000,0,0,0.0000,0,0.0000,0,0,0,696,0
2740,5.3229,5.8362,0.0028,0.0000,0,0,0.0000,0,0.0000,0,0,0,601,0
2741,3.0520,5.5913,0.0011,0.0000,0,0,0.0000,0,0.0000,0,0,0,601,0
2742,3.0073,10.4893,0.0012,0.0000,0,0,0.0000,0,0.0000,0,0,0,696,0
2743,2.9795,10.4761,0.0009,0.0000,0,0,0.0000,0,0.0000,0,0,0,706,0
2744,5.3229,5.7462,0.0008,0.0000,0,0,0.0000,0,0.0000,0,0,0,601,0
2745,3.0520,5.5780,0.0006,0.0000,0,0,0.0000,0,0.0000,0,0,0,601,0
2746,3.0073,10.4000,0.0007,0.0000,0,0,0.0000,0,0.0000,0,0,0,696,0
2747,2.9795,10.4210,0.0006,0.0000,0,0,0.0000,0,0.0000,0,0,0,696,0
2748,5.3229,5.6278,0.0008,0.0000,0,0,0.0000,0,0.0000,0,0,0,601,0
2749,3.0520,5.5857,0.0006,0.0000,0,0,0.0000,0,0.0000,0,0,0,601,0
2750,3.0073,10.3966,0.0006,0.0000,0,0,0.0000,0,0.0000,0,0,0,696,0
2751,2.9795,10.4438,0.0006,0.0000,0,0,0.0000,0,0.0000,0,0,0,696,0
2752,5.3229,5.7490,0.0018,0.0000,0,0,0.0000,0,0.0000,0,0,0,601,0
2753,3.0520,5.6030,0.0006,0.0000,0,0,0.0000,0,0.0000,0,0,0,601,0
2754,3.0073,10.4476,0.0008,0.0000,0,0,0.0000,0,0.0000,0,0,0,696,0
2755,2.9795,10.4568,0.0007,0.0000,0,0,0.0000,0,0.0000,0,0,0,696,0
2756,5.3229,5.5169,0.0008,0.0000,0,0,0.0000,0,0.0000,0,0,0,601,0
2757,3.0520,5.5126,0.0007,0.0000,0,0,0.0000,0,0.0000,0,0,0,601,0
2758,3.0073,10.2857,0.0010,0.0000,0,0,0.0000,0,0.0000,0,0,0,696,0
2759,2.9795,10.3798,0.0009,0.0000,0,0,0.0000,0,0.0000,0,0,0,703,0
2760,5.3229,5.6730,0.0011,0.0000,0,0,0.0000,0,0.0000,0,0,0,601,0
2761,3.0520,5.5467,0.0010,0.0000,0,0,0.0000,0,0.0000,0,0,0,601,0
2762,3.0073,10.2766,0.0011,0.0000,0,0,0.0000,0,0.0000,0,0,0,696,0
2763,2.9795,10.3285,0.0011,0.0000,0,0,0.0000,0,0.0000,0,0,0,703,0
2764,5.3229,5.8356,0.0025,0.0000,0,0,0.0000,0,0.0000,0,0,0,601,0
2765,3.0520,5.5375,0.0006,0.0000,0,0,0.0000,0,0.0000,0,0,0,601,0
2766,3.0073,10.2025,0.0022,0.0000,0,0,0.0000,0,0.0000,0,0,0,696,0
2767,2.9795,10.2294,0.0008,0.0000,0,0,0.0000,0,0.0000,0,0,0,696,0
2768,5.3229,5.7879,0.0017,0.0000,0,0,0.0000,0,0.0000,0,0,0,601,0
2769,3.0520,5.6234,0.0009,0.0000,0,0,0.0000,0,0.0000,0,0,0,601,0
2770,3.0073,10.3789,0.0022,0.0000,0,0,0.0000,0,0.0000,0,0,0,700,0
2771,2.9795,10.3195,0.0007,0.0000,0,0,0.0000,0,0.0000,0,0,0,704,0
2772,5.3229,5.7870,0.0018,0.0000,0,0,0.0000,0,0.0000,0,0,0,601,0
2773,3.0520,5.5289,0.0010,0.0000,0,0,0.0000,0,0.0000,0,0,0,601,0
2774,3.0073,10.3831,0.0017,0.0000,0,0,0.0000,0,0.0000,0,0,0,696,0
2775,2.9795,10.3083,0.0008,0.0000,0,0,0.0000,0,0.0000,0,0,0,696,0
2776,5.3229,5.8170,0.0021,0.0000,0,0,0.0000,0,0.0000,0,0,0,601,0
2777,3.0520,5.5808,0.0009,0.0000,0,0,0.0000,0,0.0000,0,0,0,601,0
2778,3.0073,10.3410,0.0020,0.0000,0,0,0.0000,0,0.0000,0,0,0,696,0
2779,2.9795,10.2969,0.0008,0.0000,0,0,0.0000,0,0.0000,0,0,0,696,0
2780,5.3229,5.9088,0.0035,0.0000,0,0,0.0000,0,0.0000,0,0,0,601,0
2781,3.0520,5.6098,0.0029,0.0000,0,0,0.0000,0,0.0000,0,0,0,601,0
2782,3.0073,10.5347,0.0026,0.0000,0,0,0.0000,0,0.0000,0,0,0,696,0
2783,2.9795,10.5105,0.0008,0.0000,0,0,0.0000,0,0.0000,0,0,0,696,0
2784,5.3229,5.9987,0.0033,0.0000,0,0,0.0000,0,0.0000,0,0,0,601,0
2785,3.0520,5.5978,0.0033,0.0000,0,0,0.0000,0,0.0000,0,0,0,601,0
2786,3.0073,10.4985,0.0033,0.0000,0,0,0.0000,0,0.0000,0,0,0,696,0
2787,2.9795,10.3778,0.0025,0.0000,0,0,0.0000,0,0.0000,0,0,0,696,0
2788,5.3229,5.9160,0.0042,0.0000,0,0,0.0000,0,0.0000,0,0,0,601,0
2789,3.0520,5.5849,0.0011,0.0000,0,0,0.0000,0,0.0000,0,0,0,601,0
2790,3.0073,10.6121,0.0055,0.0000,0,0,0.0000,0,0.0000,0,0,0,696,0
2791,2.9795,10.4690,0.0032,0.0000,0,0,0.0000,0,0.0000,0,0,0,696,0
2792,5.3229,6.0615,0.0032,0.0000,0,0,0.0000,0,0.0000,0,0,0,601,0
2793,3.0520,5.7688,0.0019,0.0000,0,0,0.0000,0,0.0000,0,0,0,601,0
2794,3.0073,10.9575,0.0047,0.0000,0,0,0.0000,0,0.0000,0,0,0,696,0
2795,2.9795,10.8888,0.0018,0.0000,0,0,0.0000,0,0.0000,0,0,0,696,0
2796,5.3229,6.2816,0.0041,0.0000,0,0,0.0000,0,0.0000,0,0,0,601,0
2797,3.0520,5.7338,0.0014,0.0000,0,0,0.0000,0,0.0000,0,0,0,601,0
2798,3.0073,10.5831,0.0032,0.0000,0,0,0.0000,0,0.0000,0,0,0,696,0
2799,2.9795,10.4885,0.0019,0.0000,0,0,0.0000,0,0.0000,0,0,0,696,0
2800,5.3229,5.8894,0.0025,0.0000,0,0,0.0000,0,0.0000,0,0,0,601,0
2801,3.0520,5.6006,0.0008,0.0000,0,0,0.0000,0,0.0000,0,0,0,601,0
2802,3.0073,10.3942,0.0018,0.0000,0,0,0.0000,0,0.0000,0,0,0,696,0
2803,2.9795,10.3447,0.0038,0.0000,0,0,0.0000,0,0.0000,0,0,0,696,0
2804,5.3229,5.9681,0.0046,0.0000,0,0,0.0000,0,0.0000,0,0,0,601,0
2805,3.0520,5.7684,0.0016,0.0000,0,0,0.0000,0,0.0000,0,0,0,601,0
2806,3.0073,10.4374,0.0034,0.0000,0,0,0.0000,0,0.0000,0,0,0,696,0
2807,2.9795,10.4448,0.0016,0.0000,0,0,0.0000,0,0.0000,0,0,0,696,0
2808,5.3229,5.8933,0.0030,0.0000,0,0,0.0000,0,0.0000,0,0,0,601,0
2809,3.0520,5.8777,0.0022,0.0000,0,0,0.0000,0,0.0000,0,0,0,601,0
2810,3.0073,11.1390,0.0041,0.0000,0,0,0.0000,0,0.0000,0,0,0,696,0
2811,2.9795,10.8108,0.0040,0.0000,0,0,0.0000,0,0.0000,0,0,0,696,0
2812,5.3229,5.9757,0.0034,0.0000,0,0,0.0000,0,0.0000,0,0,0,601,0
2813,3.0520,5.7887,0.0020,0.0000,0,0,0.0000,0,0.0000,0,0,0,601,0
2814,3.0073,10.2528,0.0027,0.0000,0,0,0.0000,0,0.0000,0,0,0,700,0
2815,2.9795,10.2625,0.0013,0.0000,0,0,0.0000,0,0.0000,0,0,0,696,0
2816,5.3229,5.9388,0.0033,0.0000,0,0,0.0000,0,0.0000,0,0,0,601,0
2817,3.0520,5.6681,0.0013,0.0000,0,0,0.0000,0,0.0000,0,0,0,601,0
2818,3.0073,10.4931,0.0050,0.0000,0,0,0.0000,0,0.0000,0,0,0,696,0
2819,2.9795,10.4106,0.0022,0.0000,0,0,0.0000,0,0.0000,0,0,0,696,0
2820,5.3229,6.3257,0.0053,0.0000,0,0,0.0000,0,0.0000,0,0,0,601,0
2821,3.0520,5.8113,0.0028,0.0000,0,0,0.0000,0,0.0000,0,0,0,601,0
2822,3.0073,10.4811,0.0038,0.0000,0,0,0.0000,0,0.0000,0,0,0,696,0
2823,2.9795,10.3052,0.0018,0.0000,0,0,0.0000,0,0.0000,0,0,0,696,0
2824,5.3229,6.0962,0.0033,0.0000,0,0,0.0000,0,0.0000,0,0,0,601,0
2825,3.0520,5.6873,0.0016,0.0000,0,0,0.0000,0,0.0000,0,0,0,601,0
2826,3.0073,10.1657,0.0043,0.0000,0,0,0.0000,0,0.0000,0,0,0,696,0
2827,2.9795,9.9319,0.0013,0.0000,0,0,0.0000,0,0.0000,0,0,0,696,0
2828,5.3229,6.1005,0.0045,0.0000,0,0,0.0000,0,0.0000,0,0,0,601,0
2829,3.0520,5.8144,0.0023,0.0000,0,0,0.0000,0,0.0000,0,0,0,601,0
2830,3.0073,12.5352,0.0028,0.0000,0,0,0.0000,0,0.0000,0,0,0,696,0
2831,2.9795,12.3477,0.0028,0.0000,0,0,0.0000,0,0.0000,0,0,0,696,0
2832,5.3229,5.9287,0.0043,0.0000,0,0,0.0000,0,0.0000,0,0,0,601,0
2833,3.0520,5.6421,0.0019,0.0000,0,0,0.0000,0,0.0000,0,0,0,601,0
2834,3.0073,10.4190,0.0038,0.0000,0,0,0.0000,0,0.0000,0,0,0,696,0
2835,2.9795,9.9930,0.0016,0.0000,0,0,0.0000,0,0.0000,0,0,0,696,0
2836,5.3229,5.9735,0.0032,0.0000,0,0,0.0000,0,0.0000,0,0,0,601,0
2837,3.0520,5.7993,0.0014,0.0000,0,0,0.0000,0,0.0000,0,0,0,601,0
2838,3.0073,10.1380,0.0036,0.0000,0,0,0.0000,0,0.0000,0,0,0,696,0
2839,2.9795,10.1558,0.0015,0.0000,0,0,0.0000,0,0.0000,0,0,0,696,0
2840,5.3229,6.1432,0.0054,0.0000,0,0,0.0000,0,0.0000,0,0,0,601,0
2841,3.0520,5.8026,0.0023,0.0000,0,0,0.0000,0,0.0000,0,0,0,601,0
2842,3.0073,10.5089,0.0057,0.0000,0,0,0.0000,0,0.0000,0,0,0,696,0
2843,2.9795,10.5172,0.0024,0.0000,0,0,0.0000,0,0.0000,0,0,0,696,0
2844,5.3229,6.2675,0.0060,0.0000,0,0,0.0000,0,0.0000,0,0,0,601,0
2845,3.0520,6.0169,0.0033,0.0000,0,0,0.0000,0,0.0000,0,0,0,601,0
2846,3.0073,12.0866,0.0055,0.0000,0,0,0.0000,0,0.0000,0,0,0,696,0
2847,2.9795,12.0613,0.0028,0.0000,0,0,0.0000,0,0.0000,0,0,0,696,0
2848,5.3229,6.0403,0.0048,0.0000,0,0,0.0000,0,0.0000,0,0,0,601,0
2849,3.0520,5.7403,0.0015,0.0000,0,0,0.0000,0,0.0000,0,0,0,601,0
2850,3.0073,10.7011,0.0037,0.0000,0,0,0.0000,0,0.0000,0,0,0,696,0
2851,2.9795,10.5097,0.0015,0.0000,0,0,0.0000,0,0.0000,0,0,0,696,0
2852,5.3229,6.1283,0.0053,0.0000,0,0,0.0000,0,0.0000,0,0,0,601,0
2853,3.0520,5.8371,0.0022,0.0000,0,0,0.0000,0,0.0000,0,0,0,601,0
2854,3.0073,10.2901,0.0034,0.0000,0,0,0.0000,0,0.0000,0,0,0,696,0
2855,2.9795,10.2855,0.0026,0.0000,0,0,0.0000,0,0.0000,0,0,0,696,0
2856,5.3229,6.0475,0.0042,0.0000,0,0,0.0000,0,0.0000,0,0,0,601,0
2857,3.0520,5.7293,0.0014,0.0000,0,0,0.0000,0,0.0000,0,0,0,601,0
2858,3.0073,10.5831,0.0060,0.0000,0,0,0.0000,0,0.0000,0,0,0,696,0
2859,2.9795,10.4685,0.0033,0.0000,0,0,0.0000,0,0.0000,0,0,0,696,0
2860,5.3229,6.1345,0.0044,0.0000,0,0,0.0000,0,0.0000,0,0,0,601,0
2861,3.0520,6.0336,0.0041,0.0000,0,0,0.0000,0,0.0000,0,0,0,601,0
2862,3.0073,10.2042,0.0038,0.0000,0,0,0.0000,0,0.0000,0,0,0,696,0
2863,2.9795,10.3008,0.0017,0.0000,0,0,0.0000,0,0.0000,0,0,0,696,0
2864,5.3229,5.9627,0.0033,0.0000,0,0,0.0000,0,0.0000,0,0,0,601,0
2865,3.0520,5.6943,0.0015,0.0000,0,0,0.0000,0,0.0000,0,0,0,601,0
2866,3.0073,10.6793,0.0050,0.0000,0,0,0.0000,0,0.0000,0,0,0,696,0
2867,2.9795,10.6730,0.0023,0.0000,0,0,0.0000,0,0.0000,0,0,0,696,0
2868,5.3229,5.9149,0.0102,0.0000,0,0,0.0000,0,0.0000,0,0,0,601,0
2869,3.0520,5.6740,0.0020,0.0000,0,0,0.0000,0,0.0000,0,0,0,601,0
2870,3.0073,9.4883,0.0040,0.0000,0,0,0.0000,0,0.0000,0,0,0,696,0
2871,2.9795,9.1564,0.0017,0.0000,0,0,0.0000,0,0.0000,0,0,0,696,0
2872,5.3229,6.0585,0.0038,0.0000,0,0,0.0000,0,0.0000,0,0,0,601,0
2873,3.0520,5.8064,0.0017,0.0000,0,0,0.0000,0,0.0000,0,0,0,601,0
2874,3.0073,10.1364,0.0036,0.0000,0,0,0.0000,0,0.0000,0,0,0,696,0
2875,2.9795,10.1902,0.0013,0.0000,0,0,0.0000,0,0.0000,0,0,0,696,0
2876,5.3229,6.2135,0.0055,0.0000,0,0,0.0000,0,0.0000,0,0,0,601,0
2877,3.0520,5.8215,0.0029,0.0000,0,0,0.0000,0,0.0000,0,0,0,601,0
2878,3.0073,10.6635,0.0049,0.0000,0,0,0.0000,0,0.0000,0,0,0,696,0
2879,2.9795,10.5463,0.0030,0.0000,0,0,0.0000,0,0.0000,0,0,0,696,0
2880,5.3229,31.8512,0.0208,0.0000,0,0,0.0000,0,0.0000,0,1,0,60271,0
2881,3.0520,33.2378,0.0154,0.0000,0,0,0.0000,0,0.0000,0,1,0,43482,0
2882,3.0073,25.8023,0.0055,0.0000,0,0,0.0000,0,0.0000,0,1,0,59828,0
2883,2.9795,25.8137,0.0146,0.0000,0,0,0.0000,0,0.0000,0,1,0,68126,0
2884,5.3229,5.8214,0.0071,0.0000,0,0,0.0000,0,0.0000,0,0,0,16498,0
2885,3.0520,5.5958,0.0023,0.0000,0,0,0.0000,0,0.0000,0,0,0,14403,0
2886,3.0073,10.4110,0.0060,0.0000,0,0,0.0000,0,0.0000,0,0,0,17862,0
2887,2.9795,10.4083,0.0057,0.0000,0,0,0.0000,0,0.0000,0,0,0,17138,0
2888,5.3229,5.7988,0.0018,0.0000,0,0,0.0000,0,0.0000,0,0,0,9226,0
2889,3.0520,5.5630,0.0015,0.0000,0,0,0.0000,0,0.0000,0,0,0,6914,0
2890,3.0073,10.4406,0.0035,0.0000,0,0,0.0000,0,0.0000,0,0,0,11125,0
2891,2.9795,10.3879,0.0030,0.0000,0,0,0.0000,0,0.0000,0,0,0,9621,0
2892,5.3229,5.7568,0.0039,0.0000,0,0,0.0000,0,0.0000,0,0,0,17369,0
2893,3.0520,5.5685,0.0018,0.0000,0,0,0.0000,0,0.0000,0,0,0,16755,0
2894,3.0073,10.4380,0.0034,0.0000,0,0,0.0000,0,0.0000,0,0,0,19658,0
2895,2.9795,10.3499,0.0018,0.0000,0,0,0.0000,0,0.0000,0,0,0,15622,0
2896,5.3229,5.7290,0.0131,0.0000,0,0,0.0000,0,0.0000,0,0,0,23309,0
2897,3.0520,5.5174,0.0050,0.0000,0,0,0.0000,0,0.0000,0,0,0,20346,0
2898,3.0073,10.4132,0.0153,0.0000,0,0,0.0000,0,0.0000,0,0,0,22802,0
2899,2.9795,10.3410,0.0037,0.0000,0,0,0.0000,0,0.0000,0,0,0,21407,0
2900,5.3229,5.7584,0.0037,0.0000,0,0,0.0000,0,0.0000,0,0,0,13027,0
2901,3.0520,5.5598,0.0039,0.0000,0,0,0.0000,0,0.0000,0,0,0,11737,0
2902,3.0073,10.5156,0.0033,0.0000,0,0,0.0000,0,0.0000,0,0,0,12722,0
2903,2.9795,10.4499,0.0021,0.0000,0,0,0.0000,0,0.0000,0,0,0,16214,0
2904,5.3229,5.7266,0.0032,0.0000,0,0,0.0000,0,0.0000,0,0,0,7002,0
2905,3.0520,5.5613,0.0012,0.0000,0,0,0.0000,0,0.0000,0,0,0,5132,0
2906,3.0073,10.4750,0.0020,0.0000,0,0,0.0000,0,0.0000,0,0,0,7491,0
2907,2.9795,10.4196,0.0016,0.0000,0,0,0.0000,0,0.0000,0,0,0,4790,0
2908,5.3229,5.7620,0.0025,0.0000,0,0,0.0000,0,0.0000,0,0,0,3933,0
2909,3.0520,5.5690,0.0013,0.0000,0,0,0.0000,0,0.0000,0,0,0,3799,0
2910,3.0073,10.3465,0.0323,0.0000,0,0,0.0000,0,0.0000,0,0,0,4399,0
2911,2.9795,10.3050,0.0008,0.0000,0,0,0.0000,0,0.0000,0,0,0,3276,0
2912,5.3229,5.7345,0.0026,0.0000,0,0,0.0000,0,0.0000,0,0,0,3260,0
2913,3.0520,5.5537,0.0022,0.0000,0,0,0.0000,0,0.0000,0,0,0,2850,0
2914,3.0073,10.4165,0.0028,0.0000,0,0,0.0000,0,0.0000,0,0,0,3280,0
2915,2.9795,10.3917,0.0010,0.0000,0,0,0.0000,0,0.0000,0,0,0,2761,0
2916,5.3229,5.7736,0.0026,0.0000,0,0,0.0000,0,0.0000,0,0,0,3090,0
2917,3.0520,5.5446,0.0009,0.0000,0,0,0.0000,0,0.0000,0,0,0,2691,0
2918,3.0073,10.4760,0.0022,0.0000,0,0,0.0000,0,0.0000,0,0,0,3020,0
2919,2.9795,10.4271,0.0025,0.0000,0,0,0.0000,0,0.0000,0,0,0,2648,0
2920,5.3229,5.7942,0.0309,0.0000,0,0,0.0000,0,0.0000,0,0,0,2664,0
2921,3.0520,5.5867,0.0010,0.0000,0,0,0.0000,0,0.0000,0,0,0,2213,0
2922,3.0073,10.3765,0.0018,0.0000,0,0,0.0000,0,0.0000,0,0,0,1084,0
2923,2.9795,10.2912,0.0007,0.0000,0,0,0.0000,0,0.0000,0,0,0,2638,0
2924,5.3229,5.7140,0.0022,0.0000,0,0,0.0000,0,0.0000,0,0,0,1673,0
2925,3.0520,5.6204,0.0007,0.0000,0,0,0.0000,0,0.0000,0,0,0,1302,0
2926,3.0073,10.3355,0.0022,0.0000,0,0,0.0000,0,0.0000,0,0,0,959,0
2927,2.9795,10.3313,0.0008,0.0000,0,0,0.0000,0,0.0000,0,0,0,2173,0
2928,5.3229,5.7680,0.0022,0.0000,0,0,0.0000,0,0.0000,0,0,0,1538,0
2929,3.0520,5.6003,0.0010,0.0000,0,0,0.0000,0,0.0000,0,0,0,1107,0
2930,3.0073,10.3358,0.0018,0.0000,0,0,0.0000,0,0.0000,0,0,0,819,0
2931,2.9795,10.3351,0.0007,0.0000,0,0,0.0000,0,0.0000,0,0,0,1668,0
2932,5.3229,5.8042,0.0018,0.0000,0,0,0.0000,0,0.0000,0,0,0,1248,0
2933,3.0520,5.5955,0.0014,0.0000,0,0,0.0000,0,0.0000,0,0,0,944,0
2934,3.0073,10.3598,0.0015,0.0000,0,0,0.0000,0,0.0000,0,0,0,945,0
2935,2.9795,10.3764,0.0007,0.0000,0,0,0.0000,0,0.0000,0,0,0,743,0
2936,5.3229,5.7341,0.0020,0.0000,0,0,0.0000,0,0.0000,0,0,0,1198,0
2937,3.0520,5.5890,0.0010,0.0000,0,0,0.0000,0,0.0000,0,0,0,836,0
2938,3.0073,10.3850,0.0017,0.0000,0,0,0.0000,0,0.0000,0,0,0,1250,0
2939,2.9795,10.3642,0.0009,0.0000,0,0,0.0000,0,0.0000,0,0,0,717,0
2940,5.3229,5.7603,0.0018,0.0000,0,0,0.0000,0,0.0000,0,0,0,1168,0
2941,3.0520,5.5523,0.0008,0.0000,0,0,0.0000,0,0.0000,0,0,0,792,0
2942,3.0073,10.3990,0.0016,0.0000,0,0,0.0000,0,0.0000,0,0,0,1108,0
2943,2.9795,10.3644,0.0009,0.0000,0,0,0.0000,0,0.0000,0,0,0,792,0
2944,5.3229,5.8515,0.0022,0.0000,0,0,0.0000,0,0.0000,0,0,0,1037,0
2945,3.0520,5.5731,0.0022,0.0000,0,0,0.0000,0,0.0000,0,0,0,722,0
2946,3.0073,10.4999,0.0015,0.0000,0,0,0.0000,0,0.0000,0,0,0,1361,0
2947,2.9795,10.4525,0.0008,0.0000,0,0,0.0000,0,0.0000,0,0,0,925,0
2948,5.3229,5.7129,0.0019,0.0000,0,0,0.0000,0,0.0000,0,0,0,987,0
2949,3.0520,5.5393,0.0007,0.0000,0,0,0.0000,0,0.0000,0,0,0,676,0
2950,3.0073,10.3183,0.0025,0.0000,0,0,0.0000,0,0.0000,0,0,0,1198,0
2951,2.9795,10.3299,0.0011,0.0000,0,0,0.0000,0,0.0000,0,0,0,1094,0
2952,5.3229,5.8042,0.0028,0.0000,0,0,0.0000,0,0.0000,0,0,0,879,0
2953,3.0520,5.5989,0.0027,0.0000,0,0,0.0000,0,0.0000,0,0,0,648,0
2954,3.0073,10.3517,0.0013,0.0000,0,0,0.0000,0,0.0000,0,0,0,1117,0
2955,2.9795,10.3126,0.0018,0.0000,0,0,0.0000,0,0.0000,0,0,0,1077,0
2956,5.3229,5.7340,0.0020,0.0000,0,0,0.0000,0,0.0000,0,0,0,746,0
2957,3.0520,5.5386,0.0006,0.0000,0,0,0.0000,0,0.0000,0,0,0,643,0
2958,3.0073,10.3375,0.0016,0.0000,0,0,0.0000,0,0.0000,0,0,0,1064,0
2959,2.9795,10.3922,0.0017,0.0000,0,0,0.0000,0,0.0000,0,0,0,1295,0
2960,5.3229,5.7927,0.0024,0.0000,0,0,0.0000,0,0.0000,0,0,0,687,0
2961,3.0520,5.6208,0.0005,0.0000,0,0,0.0000,0,0.0000,0,0,0,622,0
2962,3.0073,10.3540,0.0021,0.0000,0,0,0.0000,0,0.0000,0,0,0,1368,0
2963,2.9795,10.3344,0.0007,0.0000,0,0,0.0000,0,0.0000,0,0,0,709,0
2964,5.3229,5.8986,0.0020,0.0000,0,0,0.0000,0,0.0000,0,0,0,716,0
2965,3.0520,5.8310,0.0025,0.0000,0,0,0.0000,0,0.0000,0,0,0,620,0
2966,3.0073,10.2272,0.0027,0.0000,0,0,0.0000,0,0.0000,0,0,0,710,0
2967,2.9795,10.2517,0.0008,0.0000,0,0,0.0000,0,0.0000,0,0,0,715,0
2968,5.3229,5.7854,0.0021,0.0000,0,0,0.0000,0,0.0000,0,0,0,717,0
2969,3.0520,5.4930,0.0021,0.0000,0,0,0.0000,0,0.0000,0,0,0,613,0
2970,3.0073,10.3425,0.0021,0.0000,0,0,0.0000,0,0.0000,0,0,0,696,0
2971,2.9795,10.2111,0.0009,0.0000,0,0,0.0000,0,0.0000,0,0,0,724,0
2972,5.3229,5.7702,0.0020,0.0000,0,0,0.0000,0,0.0000,0,0,0,685,0
2973,3.0520,5.5656,0.0005,0.0000,0,0,0.0000,0,0.0000,0,0,0,617,0
2974,3.0073,10.3443,0.0020,0.0000,0,0,0.0000,0,0.0000,0,0,0,755,0
2975,2.9795,10.3003,0.0009,0.0000,0,0,0.0000,0,0.0000,0,0,0,779,0
2976,5.3229,5.7983,0.0020,0.0000,0,0,0.0000,0,0.0000,0,0,0,664,0
2977,3.0520,5.5973,0.0009,0.0000,0,0,0.0000,0,0.0000,0,0,0,622,0
2978,3.0073,10.3886,0.0013,0.0000,0,0,0.0000,0,0.0000,0,0,0,785,0
2979,2.9795,10.3803,0.0009,0.0000,0,0,0.0000,0,0.0000,0,0,0,906,0
2980,5.3229,5.7640,0.0024,0.0000,0,0,0.0000,0,0.0000,0,0,0,636,0
2981,3.0520,5.5991,0.0024,0.0000,0,0,0.0000,0,0.0000,0,0,0,626,0
2982,3.0073,10.4241,0.0018,0.0000,0,0,0.0000,0,0.0000,0,0,0,868,0
2983,2.9795,10.3978,0.0010,0.0000,0,0,0.0000,0,0.0000,0,0,0,830,0
2984,5.3229,5.7475,0.0020,0.0000,0,0,0.0000,0,0.0000,0,0,0,635,0
2985,3.0520,5.5340,0.0008,0.0000,0,0,0.0000,0,0.0000,0,0,0,608,0
2986,3.0073,10.3817,0.0016,0.0000,0,0,0.0000,0,0.0000,0,0,0,801,0
2987,2.9795,10.3309,0.0010,0.0000,0,0,0.0000,0,0.0000,0,0,0,966,0
2988,5.3229,5.9870,0.0040,0.0000,0,0,0.0000,0,0.0000,0,0,0,650,0
2989,3.0520,5.5951,0.0041,0.0000,0,0,0.0000,0,0.0000,0,0,0,606,0
2990,3.0073,10.5970,0.0035,0.0000,0,0,0.0000,0,0.0000,0,0,0,1017,0
2991,2.9795,10.5462,0.0009,0.0000,0,0,0.0000,0,0.0000,0,0,0,705,0
2992,5.3229,5.7913,0.0030,0.0000,0,0,0.0000,0,0.0000,0,0,0,646,0
2993,3.0520,5.5003,0.0009,0.0000,0,0,0.0000,0,0.0000,0,0,0,607,0
2994,3.0073,10.3345,0.0015,0.0000,0,0,0.0000,0,0.0000,0,0,0,933,0
2995,2.9795,10.2621,0.0007,0.0000,0,0,0.0000,0,0.0000,0,0,0,703,0
2996,5.3229,5.8656,0.0020,0.0000,0,0,0.0000,0,0.0000,0,0,0,651,0
2997,3.0520,5.5607,0.0010,0.0000,0,0,0.0000,0,0.0000,0,0,0,609,0
2998,3.0073,10.4300,0.0026,0.0000,0,0,0.0000,0,0.0000,0,0,0,926,0
2999,2.9795,10.3851,0.0008,0.0000,0,0,0.0000,0,0.0000,0,0,0,728,0
3000,5.3229,5.8722,0.0022,0.0000,0,0,0.0000,0,0.0000,0,0,0,638,0
3001,3.0520,5.5822,0.0022,0.0000,0,0,0.0000,0,0.0000,0,0,0,601,0
3002,3.0073,10.3823,0.0014,0.0000,0,0,0.0000,0,0.0000,0,0,0,856,0
3003,2.9795,10.2466,0.0018,0.0000,0,0,0.0000,0,0.0000,0,0,0,752,0
3004,5.3229,5.8077,0.0021,0.0000,0,0,0.0000,0,0.0000,0,0,0,623,0
3005,3.0520,5.5788,0.0008,0.0000,0,0,0.0000,0,0.0000,0,0,0,601,0
3006,3.0073,10.3994,0.0020,0.0000,0,0,0.0000,0,0.0000,0,0,0,1082,0
3007,2.9795,10.3235,0.0008,0.0000,0,0,0.0000,0,0.0000,0,0,0,805,0
3008,5.3229,5.8069,0.0023,0.0000,0,0,0.0000,0,0.0000,0,0,0,626,0
3009,3.0520,5.5900,0.0008,0.0000,0,0,0.0000,0,0.0000,0,0,0,601,0
3010,3.0073,10.3645,0.0019,0.0000,0,0,0.0000,0,0.0000,0,0,0,712,0
3011,2.9795,10.3566,0.0010,0.0000,0,0,0.0000,0,0.0000,0,0,0,775,0
3012,5.3229,5.9497,0.0022,0.0000,0,0,0.0000,0,0.0000,0,0,0,622,0
3013,3.0520,5.5937,0.0021,0.0000,0,0,0.0000,0,0.0000,0,0,0,601,0
3014,3.0073,10.3103,0.0025,0.0000,0,0,0.0000,0,0.0000,0,0,0,709,0
3015,2.9795,10.3521,0.0010,0.0000,0,0,0.0000,0,0.0000,0,0,0,911,0
3016,5.3229,5.8426,0.0020,0.0000,0,0,0.0000,0,0.0000,0,0,0,611,0
3017,3.0520,5.6429,0.0007,0.0000,0,0,0.0000,0,0.0000,0,0,0,601,0
3018,3.0073,10.3950,0.0023,0.0000,0,0,0.0000,0,0.0000,0,0,0,723,0
3019,2.9795,10.3390,0.0028,0.0000,0,0,0.0000,0,0.0000,0,0,0,698,0
3020,5.3229,5.8304,0.0020,0.0000,0,0,0.0000,0,0.0000,0,0,0,618,0
3021,3.0520,5.5455,0.0020,0.0000,0,0,0.0000,0,0.0000,0,0,0,601,0
3022,3.0073,10.4945,0.0016,0.0000,0,0,0.0000,0,0.0000,0,0,0,744,0
3023,2.9795,10.3893,0.0010,0.0000,0,0,0.0000,0,0.0000,0,0,0,696,0
3024,5.3229,5.8430,0.0020,0.0000,0,0,0.0000,0,0.0000,0,0,0,605,0
3025,3.0520,5.5459,0.0010,0.0000,0,0,0.0000,0,0.0000,0,0,0,601,0
3026,3.0073,10.4320,0.0021,0.0000,0,0,0.0000,0,0.0000,0,0,0,786,0
3027,2.9795,10.3785,0.0019,0.0000,0,0,0.0000,0,0.0000,0,0,0,704,0
3028,5.3229,5.8129,0.0018,0.0000,0,0,0.0000,0,0.0000,0,0,0,606,0
3029,3.0520,5.6217,0.0023,0.0000,0,0,0.0000,0,0.0000,0,0,0,601,0
3030,3.0073,10.6985,0.0043,0.0000,0,0,0.0000,0,0.0000,0,0,0,780,0
3031,2.9795,10.5673,0.0044,0.0000,0,0,0.0000,0,0.0000,0,0,0,741,0
3032,5.3229,6.0624,0.0202,0.0000,0,0,0.0000,0,0.0000,0,0,0,605,0
3033,3.0520,5.7943,0.0022,0.0000,0,0,0.0000,0,0.0000,0,0,0,601,0
3034,3.0073,10.3836,0.0041,0.0000,0,0,0.0000,0,0.0000,0,0,0,808,0
3035,2.9795,10.3189,0.0013,0.0000,0,0,0.0000,0,0.0000,0,0,0,758,0
3036,5.3229,6.1443,0.0046,0.0000,0,0,0.0000,0,0.0000,0,0,0,606,0
3037,3.0520,5.9244,0.0022,0.0000,0,0,0.0000,0,0.0000,0,0,0,601,0
3038,3.0073,10.2515,0.0054,0.0000,0,0,0.0000,0,0.0000,0,0,0,795,0
3039,2.9795,10.0961,0.0021,0.0000,0,0,0.0000,0,0.0000,0,0,0,738,0
3040,5.3229,6.3896,0.0084,0.0000,0,0,0.0000,0,0.0000,0,0,0,601,0
3041,3.0520,5.9116,0.0036,0.0000,0,0,0.0000,0,0.0000,0,0,0,601,0
3042,3.0073,10.4772,0.0037,0.0000,0,0,0.0000,0,0.0000,0,0,0,771,0
3043,2.9795,10.2645,0.0018,0.0000,0,0,0.0000,0,0.0000,0,0,0,836,0
3044,5.3229,6.1758,0.0046,0.0000,0,0,0.0000,0,0.0000,0,0,0,601,0
3045,3.0520,5.8685,0.0033,0.0000,0,0,0.0000,0,0.0000,0,0,0,601,0
3046,3.0073,10.7394,0.0062,0.0000,0,0,0.0000,0,0.0000,0,0,0,779,0
3047,2.9795,10.6137,0.0030,0.0000,0,0,0.0000,0,0.0000,0,0,0,698,0
3048,5.3229,6.2949,0.0048,0.0000,0,0,0.0000,0,0.0000,0,0,0,601,0
3049,3.0520,5.9398,0.0017,0.0000,0,0,0.0000,0,0.0000,0,0,0,601,0
3050,3.0073,10.0358,0.0053,0.0000,0,0,0.0000,0,0.0000,0,0,0,967,0
3051,2.9795,9.9705,0.0013,0.0000,0,0,0.0000,0,0.0000,0,0,0,696,0
3052,5.3229,6.1754,0.0105,0.0000,0,0,0.0000,0,0.0000,0,0,0,601,0
3053,3.0520,5.8020,0.0017,0.0000,0,0,0.0000,0,0.0000,0,0,0,601,0
3054,3.0073,10.3393,0.0042,0.0000,0,0,0.0000,0,0.0000,0,0,0,710,0
3055,2.9795,10.3640,0.0018,0.0000,0,0,0.0000,0,0.0000,0,0,0,700,0
3056,5.3229,6.1452,0.0054,0.0000,0,0,0.0000,0,0.0000,0,0,0,601,0
3057,3.0520,5.9216,0.0022,0.0000,0,0,0.0000,0,0.0000,0,0,0,601,0
3058,3.0073,10.0894,0.0036,0.0000,0,0,0.0000,0,0.0000,0,0,0,703,0
3059,2.9795,10.1420,0.0012,0.0000,0,0,0.0000,0,0.0000,0,0,0,721,0
3060,5.3229,6.9674,0.0065,0.0000,0,0,0.0000,0,0.0000,0,0,0,601,0
3061,3.0520,6.4163,0.0023,0.0000,0,0,0.0000,0,0.0000,0,0,0,601,0
3062,3.0073,10.1318,0.0050,0.0000,0,0,0.0000,0,0.0000,0,0,0,708,0
3063,2.9795,10.1445,0.0024,0.0000,0,0,0.0000,0,0.0000,0,0,0,783,0
3064,5.3229,6.1148,0.0037,0.0000,0,0,0.0000,0,0.0000,0,0,0,601,0
3065,3.0520,5.7121,0.0015,0.0000,0,0,0.0000,0,0.0000,0,0,0,601,0
3066,3.0073,10.2070,0.0031,0.0000,0,0,0.0000,0,0.0000,0,0,0,751,0
3067,2.9795,10.1688,0.0007,0.0000,0,0,0.0000,0,0.0000,0,0,0,755,0
3068,5.3229,5.8903,0.0030,0.0000,0,0,0.0000,0,0.0000,0,0,0,601,0
3069,3.0520,5.6194,0.0029,0.0000,0,0,0.0000,0,0.0000,0,0,0,601,0
3070,3.0073,10.5489,0.0024,0.0000,0,0,0.0000,0,0.0000,0,0,0,762,0
3071,2.9795,10.3236,0.0024,0.0000,0,0,0.0000,0,0.0000,0,0,0,801,0
3072,5.3229,6.0388,0.0027,0.0000,0,0,0.0000,0,0.0000,0,0,0,601,0
3073,3.0520,5.6372,0.0011,0.0000,0,0,0.0000,0,0.0000,0,0,0,601,0
3074,3.0073,10.4814,0.0028,0.0000,0,0,0.0000,0,0.0000,0,0,0,747,0
3075,2.9795,10.3875,0.0010,0.0000,0,0,0.0000,0,0.0000,0,0,0,696,0
3076,5.3229,5.9754,0.0029,0.0000,0,0,0.0000,0,0.0000,0,0,0,601,0
3077,3.0520,5.6877,0.0010,0.0000,0,0,0.0000,0,0.0000,0,0,0,601,0
3078,3.0073,10.3939,0.0031,0.0000,0,0,0.0000,0,0.0000,0,0,0,830,0
3079,2.9795,10.3267,0.0008,0.0000,0,0,0.0000,0,0.0000,0,0,0,701,0
3080,5.3229,6.0312,0.0025,0.0000,0,0,0.0000,0,0.0000,0,0,0,601,0
3081,3.0520,5.6417,0.0025,0.0000,0,0,0.0000,0,0.0000,0,0,0,601,0
3082,3.0073,10.4794,0.0026,0.0000,0,0,0.0000,0,0.0000,0,0,0,769,0
3083,2.9795,10.2719,0.0026,0.0000,0,0,0.0000,0,0.0000,0,0,0,696,0
3084,5.3229,5.9320,0.0038,0.0000,0,0,0.0000,0,0.0000,0,0,0,601,0
3085,3.0520,5.5928,0.0034,0.0000,0,0,0.0000,0,0.0000,0,0,0,601,0
3086,3.0073,10.4742,0.0028,0.0000,0,0,0.0000,0,0.0000,0,0,0,728,0
3087,2.9795,10.4122,0.0011,0.0000,0,0,0.0000,0,0.0000,0,0,0,717,0
3088,5.3229,5.9597,0.0032,0.0000,0,0,0.0000,0,0.0000,0,0,0,601,0
3089,3.0520,5.6019,0.0008,0.0000,0,0,0.0000,0,0.0000,0,0,0,601,0
3090,3.0073,10.4875,0.0030,0.0000,0,0,0.0000,0,0.0000,0,0,0,726,0
3091,2.9795,10.3730,0.0026,0.0000,0,0,0.0000,0,0.0000,0,0,0,731,0
3092,5.3229,5.8546,0.0021,0.0000,0,0,0.0000,0,0.0000,0,0,0,601,0
3093,3.0520,5.5780,0.0020,0.0000,0,0,0.0000,0,0.0000,0,0,0,601,0
3094,3.0073,10.4685,0.0018,0.0000,0,0,0.0000,0,0.0000,0,0,0,833,0
3095,2.9795,10.3108,0.0010,0.0000,0,0,0.0000,0,0.0000,0,0,0,722,0
3096,5.3229,5.8672,0.0028,0.0000,0,0,0.0000,0,0.0000,0,0,0,601,0
3097,3.0520,5.6762,0.0010,0.0000,0,0,0.0000,0,0.0000,0,0,0,601,0
3098,3.0073,10.3873,0.0022,0.0000,0,0,0.0000,0,0.0000,0,0,0,696,0
3099,2.9795,10.4198,0.0010,0.0000,0,0,0.0000,0,0.0000,0,0,0,758,0
3100,5.3229,5.8955,0.0024,0.0000,0,0,0.0000,0,0.0000,0,0,0,601,0
3101,3.0520,5.6738,0.0023,0.0000,0,0,0.0000,0,0.0000,0,0,0,601,0
3102,3.0073,10.3906,0.0021,0.0000,0,0,0.0000,0,0.0000,0,0,0,696,0
3103,2.9795,10.3144,0.0014,0.0000,0,0,0.0000,0,0.0000,0,0,0,696,0
3104,5.3229,5.7980,0.0020,0.0000,0,0,0.0000,0,0.0000,0,0,0,601,0
3105,3.0520,5.5779,0.0009,0.0000,0,0,0.0000,0,0.0000,0,0,0,601,0
3106,3.0073,10.3389,0.0020,0.0000,0,0,0.0000,0,0.0000,0,0,0,696,0
3107,2.9795,10.3542,0.0027,0.0000,0,0,0.0000,0,0.0000,0,0,0,705,0
3108,5.3229,5.8792,0.0021,0.0000,0,0,0.0000,0,0.0000,0,0,0,601,0
3109,3.0520,5.6583,0.0009,0.0000,0,0,0.0000,0,0.0000,0,0,0,601,0
3110,3.0073,10.4055,0.0017,0.0000,0,0,0.0000,0,0.0000,0,0,0,696,0
3111,2.9795,10.3273,0.0012,0.0000,0,0,0.0000,0,0.0000,0,0,0,707,0
3112,5.3229,5.8404,0.0019,0.0000,0,0,0.0000,0,0.0000,0,0,0,601,0
3113,3.0520,5.5596,0.0008,0.0000,0,0,0.0000,0,0.0000,0,0,0,601,0
3114,3.0073,10.4173,0.0020,0.0000,0,0,0.0000,0,0.0000,0,0,0,701,0
3115,2.9795,10.2690,0.0010,0.0000,0,0,0.0000,0,0.0000,0,0,0,707,0
3116,5.3229,5.7775,0.0020,0.0000,0,0,0.0000,0,0.0000,0,0,0,601,0
3117,3.0520,5.5964,0.0010,0.0000,0,0,0.0000,0,0.0000,0,0,0,601,0
3118,3.0073,10.4461,0.0015,0.0000,0,0,0.0000,0,0.0000,0,0,0,703,0
3119,2.9795,10.2841,0.0008,0.0000,0,0,0.0000,0,0.0000,0,0,0,736,0
3120,5.3229,5.8218,0.0021,0.0000,0,0,0.0000,0,0.0000,0,0,0,601,0
3121,3.0520,5.5550,0.0010,0.0000,0,0,0.0000,0,0.0000,0,0,0,601,0
3122,3.0073,10.3434,0.0025,0.0000,0,0,0.0000,0,0.0000,0,0,0,716,0
3123,2.9795,10.3639,0.0018,0.0000,0,0,0.0000,0,0.0000,0,0,0,719,0
3124,5.3229,5.8014,0.0027,0.0000,0,0,0.0000,0,0.0000,0,0,0,601,0
3125,3.0520,5.6441,0.0006,0.0000,0,0,0.0000,0,0.0000,0,0,0,601,0
3126,3.0073,10.3685,0.0020,0.0000,0,0,0.0000,0,0.0000,0,0,0,714,0
3127,2.9795,10.2872,0.0008,0.0000,0,0,0.0000,0,0.0000,0,0,0,775,0
3128,5.3229,5.8316,0.0015,0.0000,0,0,0.0000,0,0.0000,0,0,0,601,0
3129,3.0520,5.6157,0.0023,0.0000,0,0,0.0000,0,0.0000,0,0,0,601,0
3130,3.0073,10.4188,0.0302,0.0000,0,0,0.0000,0,0.0000,0,0,0,717,0
3131,2.9795,10.3637,0.0010,0.0000,0,0,0.0000,0,0.0000,0,0,0,701,0
3132,5.3229,5.8217,0.0020,0.0000,0,0,0.0000,0,0.0000,0,0,0,601,0
3133,3.0520,5.6200,0.0006,0.0000,0,0,0.0000,0,0.0000,0,0,0,601,0
3134,3.0073,10.2887,0.0019,0.0000,0,0,0.0000,0,0.0000,0,0,0,711,0
3135,2.9795,10.2863,0.0007,0.0000,0,0,0.0000,0,0.0000,0,0,0,701,0
3136,5.3229,5.7981,0.0022,0.0000,0,0,0.0000,0,0.0000,0,0,0,601,0
3137,3.0520,5.5705,0.0005,0.0000,0,0,0.0000,0,0.0000,0,0,0,601,0
3138,3.0073,10.3955,0.0019,0.0000,0,0,0.0000,0,0.0000,0,0,0,763,0
3139,2.9795,10.3673,0.0005,0.0000,0,0,0.0000,0,0.0000,0,0,0,701,0
3140,5.3229,5.9166,0.0031,0.0000,0,0,0.0000,0,0.0000,0,0,0,601,0
3141,3.0520,5.5977,0.0005,0.0000,0,0,0.0000,0,0.0000,0,0,0,601,0
3142,3.0073,10.4457,0.0015,0.0000,0,0,0.0000,0,0.0000,0,0,0,696,0
3143,2.9795,10.4046,0.0004,0.0000,0,0,0.0000,0,0.0000,0,0,0,715,0
3144,5.3229,5.8924,0.0030,0.0000,0,0,0.0000,0,0.0000,0,0,0,601,0
3145,3.0520,5.5856,0.0030,0.0000,0,0,0.0000,0,0.0000,0,0,0,601,0
3146,3.0073,10.5004,0.0018,0.0000,0,0,0.0000,0,0.0000,0,0,0,696,0
3147,2.9795,10.4644,0.0012,0.0000,0,0,0.0000,0,0.0000,0,0,0,726,0
3148,5.3229,5.7598,0.0027,0.0000,0,0,0.0000,0,0.0000,0,0,0,601,0
3149,3.0520,5.5067,0.0010,0.0000,0,0,0.0000,0,0.0000,0,0,0,601,0
3150,3.0073,10.3956,0.0024,0.0000,0,0,0.0000,0,0.0000,0,0,0,696,0
3151,2.9795,10.3692,0.0010,0.0000,0,0,0.0000,0,0.0000,0,0,0,714,0
3152,5.3229,8.0352,0.0021,0.0000,0,0,0.0000,0,0.0000,0,0,0,601,0
3153,3.0520,7.7637,0.0021,0.0000,0,0,0.0000,0,0.0000,0,0,0,601,0
3154,3.0073,12.5842,0.0020,0.0000,0,0,0.0000,0,0.0000,0,0,0,696,0
3155,2.9795,12.4321,0.0025,0.0000,0,0,0.0000,0,0.0000,0,0,0,789,0
3156,5.3229,5.8126,0.0023,0.0000,0,0,0.0000,0,0.0000,0,0,0,601,0
3157,3.0520,5.5303,0.0009,0.0000,0,0,0.0000,0,0.0000,0,0,0,601,0
3158,3.0073,12.0635,0.0022,0.0000,0,0,0.0000,0,0.0000,0,0,0,717,0
3159,2.9795,12.0306,0.0009,0.0000,0,0,0.0000,0,0.0000,0,0,0,703,0
3160,5.3229,5.9037,0.0030,0.0000,0,0,0.0000,0,0.0000,0,0,0,601,0
3161,3.0520,5.6161,0.0030,0.0000,0,0,0.0000,0,0.0000,0,0,0,601,0
3162,3.0073,10.5094,0.0088,0.0000,0,0,0.0000,0,0.0000,0,0,0,716,0
3163,2.9795,10.4874,0.0010,0.0000,0,0,0.0000,0,0.0000,0,0,0,705,0
3164,5.3229,5.8205,0.0019,0.0000,0,0,0.0000,0,0.0000,0,0,0,601,0
3165,3.0520,5.5440,0.0019,0.0000,0,0,0.0000,0,0.0000,0,0,0,601,0
3166,3.0073,10.4455,0.0018,0.0000,0,0,0.0000,0,0.0000,0,0,0,745,0
3167,2.9795,10.3884,0.0028,0.0000,0,0,0.0000,0,0.0000,0,0,0,700,0
3168,5.3229,5.9517,0.0020,0.0000,0,0,0.0000,0,0.0000,0,0,0,601,0
3169,3.0520,5.6470,0.0020,0.0000,0,0,0.0000,0,0.0000,0,0,0,601,0
3170,3.0073,10.6292,0.0020,0.0000,0,0,0.0000,0,0.0000,0,0,0,737,0
3171,2.9795,10.5864,0.0009,0.0000,0,0,0.0000,0,0.0000,0,0,0,706,0
3172,5.3229,5.8735,0.0023,0.0000,0,0,0.0000,0,0.0000,0,0,0,601,0
3173,3.0520,5.6109,0.0010,0.0000,0,0,0.0000,0,0.0000,0,0,0,601,0
3174,3.0073,10.4724,0.0017,0.0000,0,0,0.0000,0,0.0000,0,0,0,718,0
3175,2.9795,10.3684,0.0018,0.0000,0,0,0.0000,0,0.0000,0,0,0,723,0
3176,5.3229,5.7972,0.0020,0.0000,0,0,0.0000,0,0.0000,0,0,0,601,0
3177,3.0520,5.5588,0.0009,0.0000,0,0,0.0000,0,0.0000,0,0,0,601,0
3178,3.0073,10.4216,0.0023,0.0000,0,0,0.0000,0,0.0000,0,0,0,719,0
3179,2.9795,10.2855,0.0005,0.0000,0,0,0.0000,0,0.0000,0,0,0,714,0
3180,5.3229,5.8143,0.0025,0.0000,0,0,0.0000,0,0.0000,0,0,0,601,0
3181,3.0520,5.5369,0.0008,0.0000,0,0,0.0000,0,0.0000,0,0,0,601,0
3182,3.0073,10.4050,0.0021,0.0000,0,0,0.0000,0,0.0000,0,0,0,747,0
3183,2.9795,10.4000,0.0008,0.0000,0,0,0.0000,0,0.0000,0,0,0,769,0
3184,5.3229,5.8083,0.0016,0.0000,0,0,0.0000,0,0.0000,0,0,0,601,0
3185,3.0520,5.6378,0.0020,0.0000,0,0,0.0000,0,0.0000,0,0,0,601,0
3186,3.0073,10.2814,0.0022,0.0000,0,0,0.0000,0,0.0000,0,0,0,696,0
3187,2.9795,10.3510,0.0007,0.0000,0,0,0.0000,0,0.0000,0,0,0,704,0
3188,5.3229,5.8081,0.0022,0.0000,0,0,0.0000,0,0.0000,0,0,0,601,0
3189,3.0520,5.5545,0.0008,0.0000,0,0,0.0000,0,0.0000,0,0,0,601,0
3190,3.0073,10.3767,0.0022,0.0000,0,0,0.0000,0,0.0000,0,0,0,696,0
3191,2.9795,10.3119,0.0005,0.0000,0,0,0.0000,0,0.0000,0,0,0,707,0
3192,5.3229,5.7912,0.0019,0.0000,0,0,0.0000,0,0.0000,0,0,0,601,0
3193,3.0520,5.5609,0.0010,0.0000,0,0,0.0000,0,0.0000,0,0,0,601,0
3194,3.0073,10.3551,0.0102,0.0000,0,0,0.0000,0,0.0000,0,0,0,696,0
3195,2.9795,10.2884,0.0005,0.0000,0,0,0.0000,0,0.0000,0,0,0,714,0
3196,5.3229,5.7758,0.0015,0.0000,0,0,0.0000,0,0.0000,0,0,0,601,0
3197,3.0520,5.6273,0.0011,0.0000,0,0,0.0000,0,0.0000,0,0,0,601,0
3198,3.0073,10.4149,0.0048,0.0000,0,0,0.0000,0,0.0000,0,0,0,696,0
3199,2.9795,10.3612,0.0022,0.0000,0,0,0.0000,0,0.0000,0,0,0,709,0
3200,5.3229,6.1619,0.0050,0.0000,0,0,0.0000,0,0.0000,0,0,0,601,0
3201,3.0520,5.8251,0.0023,0.0000,0,0,0.0000,0,0.0000,0,0,0,601,0
3202,3.0073,10.3065,0.0028,0.0000,0,0,0.0000,0,0.0000,0,0,0,696,0
3203,2.9795,10.2701,0.0021,0.0000,0,0,0.0000,0,0.0000,0,0,0,732,0
3204,5.3229,6.1816,0.0047,0.0000,0,0,0.0000,0,0.0000,0,0,0,601,0
3205,3.0520,6.1181,0.0027,0.0000,0,0,0.0000,0,0.0000,0,0,0,601,0
3206,3.0073,7.9796,0.0042,0.0000,0,0,0.0000,0,0.0000,0,0,0,696,0
3207,2.9795,9.5114,0.0021,0.0000,0,0,0.0000,0,0.0000,0,0,0,719,0
3208,5.3229,6.0781,0.0060,0.0000,0,0,0.0000,0,0.0000,0,0,0,601,0
3209,3.0520,5.8376,0.0012,0.0000,0,0,0.0000,0,0.0000,0,0,0,601,0
3210,3.0073,10.4763,0.0045,0.0000,0,0,0.0000,0,0.0000,0,0,0,708,0
3211,2.9795,10.2512,0.0022,0.0000,0,0,0.0000,0,0.0000,0,0,0,751,0
3212,5.3229,5.7315,0.0033,0.0000,0,0,0.0000,0,0.0000,0,0,0,601,0
3213,3.0520,5.4398,0.0012,0.0000,0,0,0.0000,0,0.0000,0,0,0,601,0
3214,3.0073,13.3505,0.0047,0.0000,0,0,0.0000,0,0.0000,0,0,0,708,0
3215,2.9795,13.3012,0.0017,0.0000,0,0,0.0000,0,0.0000,0,0,0,696,0
3216,5.3229,5.9515,0.0033,0.0000,0,0,0.0000,0,0.0000,0,0,0,601,0
3217,3.0520,5.7530,0.0022,0.0000,0,0,0.0000,0,0.0000,0,0,0,601,0
3218,3.0073,10.3843,0.0047,0.0000,0,0,0.0000,0,0.0000,0,0,0,706,0
3219,2.9795,10.3562,0.0015,0.0000,0,0,0.0000,0,0.0000,0,0,0,701,0
3220,5.3229,6.0892,0.0032,0.0000,0,0,0.0000,0,0.0000,0,0,0,601,0
3221,3.0520,5.7315,0.0012,0.0000,0,0,0.0000,0,0.0000,0,0,0,601,0
3222,3.0073,10.0617,0.0024,0.0000,0,0,0.0000,0,0.0000,0,0,0,707,0
3223,2.9795,10.1114,0.0009,0.0000,0,0,0.0000,0,0.0000,0,0,0,703,0
3224,5.3229,5.7804,0.0026,0.0000,0,0,0.0000,0,0.0000,0,0,0,601,0
3225,3.0520,5.6301,0.0009,0.0000,0,0,0.0000,0,0.0000,0,0,0,601,0
3226,3.0073,10.2757,0.0022,0.0000,0,0,0.0000,0,0.0000,0,0,0,723,0
3227,2.9795,10.3581,0.0012,0.0000,0,0,0.0000,0,0.0000,0,0,0,707,0
3228,5.3229,5.8788,0.0024,0.0000,0,0,0.0000,0,0.0000,0,0,0,601,0
3229,3.0520,5.6530,0.0032,0.0000,0,0,0.0000,0,0.0000,0,0,0,601,0
3230,3.0073,10.4953,0.0043,0.0000,0,0,0.0000,0,0.0000,0,0,0,696,0
3231,2.9795,10.3524,0.0043,0.0000,0,0,0.0000,0,0.0000,0,0,0,708,0
3232,5.3229,6.0432,0.0037,0.0000,0,0,0.0000,0,0.0000,0,0,0,601,0
3233,3.0520,5.7287,0.0017,0.0000,0,0,0.0000,0,0.0000,0,0,0,601,0
3234,3.0073,10.2925,0.0038,0.0000,0,0,0.0000,0,0.0000,0,0,0,696,0
3235,2.9795,10.2806,0.0013,0.0000,0,0,0.0000,0,0.0000,0,0,0,712,0
3236,5.3229,6.1002,0.0093,0.0000,0,0,0.0000,0,0.0000,0,0,0,601,0
3237,3.0520,5.6818,0.0014,0.0000,0,0,0.0000,0,0.0000,0,0,0,601,0
3238,3.0073,10.2747,0.0028,0.0000,0,0,0.0000,0,0.0000,0,0,0,696,0
3239,2.9795,10.3034,0.0015,0.0000,0,0,0.0000,0,0.0000,0,0,0,754,0
3240,5.3229,6.1278,0.0051,0.0000,0,0,0.0000,0,0.0000,0,0,0,601,0
3241,3.0520,5.9298,0.0026,0.0000,0,0,0.0000,0,0.0000,0,0,0,601,0
3242,3.0073,10.1356,0.0043,0.0000,0,0,0.0000,0,0.0000,0,0,0,696,0
3243,2.9795,9.8986,0.0030,0.0000,0,0,0.0000,0,0.0000,0,0,0,696,0
3244,5.3229,6.1529,0.0052,0.0000,0,0,0.0000,0,0.0000,0,0,0,601,0
3245,3.0520,5.9878,0.0027,0.0000,0,0,0.0000,0,0.0000,0,0,0,601,0
3246,3.0073,9.9360,0.0034,0.0000,0,0,0.0000,0,0.0000,0,0,0,701,0
3247,2.9795,10.0406,0.0014,0.0000,0,0,0.0000,0,0.0000,0,0,0,706,0
3248,5.3229,6.1464,0.0063,0.0000,0,0,0.0000,0,0.0000,0,0,0,601,0
3249,3.0520,5.9790,0.0027,0.0000,0,0,0.0000,0,0.0000,0,0,0,601,0
3250,3.0073,10.0544,0.0035,0.0000,0,0,0.0000,0,0.0000,0,0,0,696,0
3251,2.9795,9.9449,0.0013,0.0000,0,0,0.0000,0,0.0000,0,0,0,700,0
3252,5.3229,6.2070,0.0053,0.0000,0,0,0.0000,0,0.0000,0,0,0,601,0
3253,3.0520,5.7047,0.0012,0.0000,0,0,0.0000,0,0.0000,0,0,0,601,0
3254,3.0073,10.2340,0.0033,0.0000,0,0,0.0000,0,0.0000,0,0,0,707,0
3255,2.9795,10.2958,0.0013,0.0000,0,0,0.0000,0,0.0000,0,0,0,704,0
3256,5.3229,6.0658,0.0035,0.0000,0,0,0.0000,0,0.0000,0,0,0,601,0
3257,3.0520,5.8331,0.0013,0.0000,0,0,0.0000,0,0.0000,0,0,0,601,0
3258,3.0073,10.5218,0.0044,0.0000,0,0,0.0000,0,0.0000,0,0,0,701,0
3259,2.9795,10.2542,0.0013,0.0000,0,0,0.0000,0,0.0000,0,0,0,715,0
3260,5.3229,6.5331,0.0064,0.0000,0,0,0.0000,0,0.0000,0,0,0,601,0
3261,3.0520,5.9533,0.0016,0.0000,0,0,0.0000,0,0.0000,0,0,0,601,0
3262,3.0073,10.5717,0.0058,0.0000,0,0,0.0000,0,0.0000,0,0,0,702,0
3263,2.9795,10.4622,0.0014,0.0000,0,0,0.0000,0,0.0000,0,0,0,700,0
3264,5.3229,6.1501,0.0064,0.0000,0,0,0.0000,0,0.0000,0,0,0,601,0
3265,3.0520,5.7195,0.0018,0.0000,0,0,0.0000,0,0.0000,0,0,0,601,0
3266,3.0073,10.6438,0.0052,0.0000,0,0,0.0000,0,0.0000,0,0,0,711,0
3267,2.9795,10.4357,0.0052,0.0000,0,0,0.0000,0,0.0000,0,0,0,764,0
3268,5.3229,6.1398,0.0053,0.0000,0,0,0.0000,0,0.0000,0,0,0,601,0
3269,3.0520,5.7050,0.0015,0.0000,0,0,0.0000,0,0.0000,0,0,0,601,0
3270,3.0073,10.6730,0.0057,0.0000,0,0,0.0000,0,0.0000,0,0,0,722,0
3271,2.9795,10.4868,0.0032,0.0000,0,0,0.0000,0,0.0000,0,0,0,696,0
3272,5.3229,6.4606,0.0063,0.0000,0,0,0.0000,0,0.0000,0,0,0,601,0
3273,3.0520,5.9180,0.0029,0.0000,0,0,0.0000,0,0.0000,0,0,0,601,0
3274,3.0073,10.3489,0.0025,0.0000,0,0,0.0000,0,0.0000,0,0,0,696,0
3275,2.9795,10.3054,0.0008,0.0000,0,0,0.0000,0,0.0000,0,0,0,696,0
3276,5.3229,5.9822,0.0041,0.0000,0,0,0.0000,0,0.0000,0,0,0,601,0
3277,3.0520,5.6861,0.0030,0.0000,0,0,0.0000,0,0.0000,0,0,0,601,0
3278,3.0073,10.3458,0.0023,0.0000,0,0,0.0000,0,0.0000,0,0,0,696,0
3279,2.9795,10.3078,0.0011,0.0000,0,0,0.0000,0,0.0000,0,0,0,696,0
3280,5.3229,5.8960,0.0037,0.0000,0,0,0.0000,0,0.0000,0,0,0,601,0
3281,3.0520,5.5907,0.0012,0.0000,0,0,0.0000,0,0.0000,0,0,0,601,0
3282,3.0073,10.4918,0.0031,0.0000,0,0,0.0000,0,0.0000,0,0,0,696,0
3283,2.9795,10.3908,0.0024,0.0000,0,0,0.0000,0,0.0000,0,0,0,700,0
3284,5.3229,5.9352,0.0030,0.0000,0,0,0.0000,0,0.0000,0,0,0,601,0
3285,3.0520,5.5938,0.0010,0.0000,0,0,0.0000,0,0.0000,0,0,0,601,0
3286,3.0073,10.5507,0.0024,0.0000,0,0,0.0000,0,0.0000,0,0,0,705,0
3287,2.9795,10.4438,0.0020,0.0000,0,0,0.0000,0,0.0000,0,0,0,702,0
3288,5.3229,5.8589,0.0046,0.0000,0,0,0.0000,0,0.0000,0,0,0,601,0
3289,3.0520,5.6092,0.0028,0.0000,0,0,0.0000,0,0.0000,0,0,0,601,0
3290,3.0073,10.4948,0.0029,0.0000,0,0,0.0000,0,0.0000,0,0,0,708,0
3291,2.9795,10.4454,0.0005,0.0000,0,0,0.0000,0,0.0000,0,0,0,706,0
3292,5.3229,5.9734,0.0030,0.0000,0,0,0.0000,0,0.0000,0,0,0,601,0
3293,3.0520,5.6113,0.0026,0.0000,0,0,0.0000,0,0.0000,0,0,0,601,0
3294,3.0073,10.5582,0.0027,0.0000,0,0,0.0000,0,0.0000,0,0,0,707,0
3295,2.9795,10.4377,0.0028,0.0000,0,0,0.0000,0,0.0000,0,0,0,721,0
3296,5.3229,5.9247,0.0027,0.0000,0,0,0.0000,0,0.0000,0,0,0,601,0
3297,3.0520,5.6455,0.0025,0.0000,0,0,0.0000,0,0.0000,0,0,0,601,0
3298,3.0073,10.4335,0.0029,0.0000,0,0,0.0000,0,0.0000,0,0,0,708,0
3299,2.9795,10.3337,0.0011,0.0000,0,0,0.0000,0,0.0000,0,0,0,696,0
3300,5.3229,5.9797,0.0038,0.0000,0,0,0.0000,0,0.0000,0,0,0,601,0
3301,3.0520,5.7634,0.0010,0.0000,0,0,0.0000,0,0.0000,0,0,0,601,0
3302,3.0073,10.3646,0.0034,0.0000,0,0,0.0000,0,0.0000,0,0,0,706,0
3303,2.9795,10.2872,0.0010,0.0000,0,0,0.0000,0,0.0000,0,0,0,696,0
3304,5.3229,5.9135,0.0036,0.0000,0,0,0.0000,0,0.0000,0,0,0,601,0
3305,3.0520,5.8223,0.0056,0.0000,0,0,0.0000,0,0.0000,0,0,0,601,0
3306,3.0073,10.5949,0.0048,0.0000,0,0,0.0000,0,0.0000,0,0,0,711,0
3307,2.9795,10.5716,0.0015,0.0000,0,0,0.0000,0,0.0000,0,0,0,696,0
3308,5.3229,6.0169,0.0061,0.0000,0,0,0.0000,0,0.0000,0,0,0,601,0
3309,3.0520,5.6936,0.0021,0.0000,0,0,0.0000,0,0.0000,0,0,0,601,0
3310,3.0073,10.4695,0.0027,0.0000,0,0,0.0000,0,0.0000,0,0,0,706,0
3311,2.9795,10.3715,0.0033,0.0000,0,0,0.0000,0,0.0000,0,0,0,702,0
3312,5.3229,6.0454,0.0043,0.0000,0,0,0.0000,0,0.0000,0,0,0,601,0
3313,3.0520,5.7494,0.0044,0.0000,0,0,0.0000,0,0.0000,0,0,0,601,0
3314,3.0073,10.6048,0.0039,0.0000,0,0,0.0000,0,0.0000,0,0,0,748,0
3315,2.9795,10.5149,0.0019,0.0000,0,0,0.0000,0,0.0000,0,0,0,702,0
3316,5.3229,6.1070,0.0052,0.0000,0,0,0.0000,0,0.0000,0,0,0,601,0
3317,3.0520,5.7792,0.0011,0.0000,0,0,0.0000,0,0.0000,0,0,0,601,0
3318,3.0073,10.5341,0.0055,0.0000,0,0,0.0000,0,0.0000,0,0,0,696,0
3319,2.9795,10.4238,0.0030,0.0000,0,0,0.0000,0,0.0000,0,0,0,702,0
3320,5.3229,6.1809,0.0054,0.0000,0,0,0.0000,0,0.0000,0,0,0,601,0
3321,3.0520,5.9051,0.0017,0.0000,0,0,0.0000,0,0.0000,0,0,0,601,0
3322,3.0073,10.0934,0.0044,0.0000,0,0,0.0000,0,0.0000,0,0,0,696,0
3323,2.9795,10.0258,0.0015,0.0000,0,0,0.0000,0,0.0000,0,0,0,742,0
3324,5.3229,6.1797,0.0072,0.0000,0,0,0.0000,0,0.0000,0,0,0,601,0
3325,3.0520,5.8387,0.0033,0.0000,0,0,0.0000,0,0.0000,0,0,0,601,0
3326,3.0073,10.5095,0.0047,0.0000,0,0,0.0000,0,0.0000,0,0,0,696,0
3327,2.9795,10.3522,0.0020,0.0000,0,0,0.0000,0,0.0000,0,0,0,696,0
3328,5.3229,6.0428,0.0037,0.0000,0,0,0.0000,0,0.0000,0,0,0,601,0
3329,3.0520,5.6833,0.0012,0.0000,0,0,0.0000,0,0.0000,0,0,0,601,0
3330,3.0073,10.6215,0.0053,0.0000,0,0,0.0000,0,0.0000,0,0,0,696,0
3331,2.9795,10.4072,0.0052,0.0000,0,0,0.0000,0,0.0000,0,0,0,696,0
3332,5.3229,6.1940,0.0060,0.0000,0,0,0.0000,0,0.0000,0,0,0,601,0
3333,3.0520,5.8940,0.0022,0.0000,0,0,0.0000,0,0.0000,0,0,0,601,0
3334,3.0073,10.2390,0.0030,0.0000,0,0,0.0000,0,0.0000,0,0,0,702,0
3335,2.9795,10.2586,0.0011,0.0000,0,0,0.0000,0,0.0000,0,0,0,696,0
3336,5.3229,5.9973,0.0064,0.0000,0,0,0.0000,0,0.0000,0,0,0,601,0
3337,3.0520,5.8809,0.0013,0.0000,0,0,0.0000,0,0.0000,0,0,0,601,0
3338,3.0073,10.0848,0.0035,0.0000,0,0,0.0000,0,0.0000,0,0,0,701,0
3339,2.9795,9.9729,0.0013,0.0000,0,0,0.0000,0,0.0000,0,0,0,696,0
3340,5.3229,6.3519,0.0060,0.0000,0,0,0.0000,0,0.0000,0,0,0,601,0
3341,3.0520,5.9607,0.0027,0.0000,0,0,0.0000,0,0.0000,0,0,0,601,0
3342,3.0073,10.5690,0.0077,0.0000,0,0,0.0000,0,0.0000,0,0,0,704,0
3343,2.9795,10.3553,0.0024,0.0000,0,0,0.0000,0,0.0000,0,0,0,701,0
3344,5.3229,6.2434,0.0035,0.0000,0,0,0.0000,0,0.0000,0,0,0,601,0
3345,3.0520,5.8881,0.0017,0.0000,0,0,0.0000,0,0.0000,0,0,0,601,0
3346,3.0073,10.0804,0.0027,0.0000,0,0,0.0000,0,0.0000,0,0,0,701,0
3347,2.9795,10.1948,0.0015,0.0000,0,0,0.0000,0,0.0000,0,0,0,700,0
3348,5.3229,6.1228,0.0042,0.0000,0,0,0.0000,0,0.0000,0,0,0,601,0
3349,3.0520,5.7471,0.0015,0.0000,0,0,0.0000,0,0.0000,0,0,0,601,0
3350,3.0073,11.7547,0.0058,0.0000,0,0,0.0000,0,0.0000,0,0,0,701,0
3351,2.9795,11.7329,0.0032,0.0000,0,0,0.0000,0,0.0000,0,0,0,720,0
3352,5.3229,6.2228,0.0053,0.0000,0,0,0.0000,0,0.0000,0,0,0,601,0
3353,3.0520,5.7552,0.0023,0.0000,0,0,0.0000,0,0.0000,0,0,0,601,0
3354,3.0073,10.3882,0.0034,0.0000,0,0,0.0000,0,0.0000,0,0,0,702,0
3355,2.9795,10.2517,0.0011,0.0000,0,0,0.0000,0,0.0000,0,0,0,696,0
3356,5.3229,6.1958,0.0053,0.0000,0,0,0.0000,0,0.0000,0,0,0,601,0
3357,3.0520,5.7970,0.0023,0.0000,0,0,0.0000,0,0.0000,0,0,0,601,0
3358,3.0073,10.5049,0.0051,0.0000,0,0,0.0000,0,0.0000,0,0,0,712,0
3359,2.9795,10.3758,0.0036,0.0000,0,0,0.0000,0,0.0000,0,0,0,696,0
3360,5.3229,6.0729,0.0034,0.0000,0,0,0.0000,0,0.0000,0,0,0,601,0
3361,3.0520,5.8403,0.0017,0.0000,0,0,0.0000,0,0.0000,0,0,0,601,0
3362,3.0073,9.9874,0.0032,0.0000,0,0,0.0000,0,0.0000,0,0,0,696,0
3363,2.9795,9.7938,0.0020,0.0000,0,0,0.0000,0,0.0000,0,0,0,696,0
3364,5.3229,6.1925,0.0054,0.0000,0,0,0.0000,0,0.0000,0,0,0,601,0
3365,3.0520,5.8959,0.0026,0.0000,0,0,0.0000,0,0.0000,0,0,0,601,0
3366,3.0073,10.1209,0.0030,0.0000,0,0,0.0000,0,0.0000,0,0,0,696,0
3367,2.9795,10.2655,0.0013,0.0000,0,0,0.0000,0,0.0000,0,0,0,696,0
3368,5.3229,6.0113,0.0042,0.0000,0,0,0.0000,0,0.0000,0,0,0,601,0
3369,3.0520,5.8460,0.0018,0.0000,0,0,0.0000,0,0.0000,0,0,0,601,0
3370,3.0073,9.9173,0.0033,0.0000,0,0,0.0000,0,0.0000,0,0,0,696,0
3371,2.9795,9.7267,0.0014,0.0000,0,0,0.0000,0,0.0000,0,0,0,705,0
3372,5.3229,6.2655,0.0055,0.0000,0,0,0.0000,0,0.0000,0,0,0,601,0
3373,3.0520,6.0381,0.0027,0.0000,0,0,0.0000,0,0.0000,0,0,0,601,0
3374,3.0073,10.3137,0.0058,0.0000,0,0,0.0000,0,0.0000,0,0,0,696,0
3375,2.9795,10.1383,0.0023,0.0000,0,0,0.0000,0,0.0000,0,0,0,704,0
3376,5.3229,6.1894,0.0034,0.0000,0,0,0.0000,0,0.0000,0,0,0,601,0
3377,3.0520,5.8323,0.0015,0.0000,0,0,0.0000,0,0.0000,0,0,0,601,0
3378,3.0073,10.9525,0.0043,0.0000,0,0,0.0000,0,0.0000,0,0,0,706,0
3379,2.9795,10.5734,0.0044,0.0000,0,0,0.0000,0,0.0000,0,0,0,711,0
3380,5.3229,6.0380,0.0048,0.0000,0,0,0.0000,0,0.0000,0,0,0,601,0
3381,3.0520,5.8518,0.0024,0.0000,0,0,0.0000,0,0.0000,0,0,0,601,0
3382,3.0073,10.5084,0.0032,0.0000,0,0,0.0000,0,0.0000,0,0,0,702,0
3383,2.9795,10.2720,0.0032,0.0000,0,0,0.0000,0,0.0000,0,0,0,696,0
3384,5.3229,6.1634,0.0053,0.0000,0,0,0.0000,0,0.0000,0,0,0,601,0
3385,3.0520,5.8537,0.0014,0.0000,0,0,0.0000,0,0.0000,0,0,0,601,0
3386,3.0073,9.8084,0.0031,0.0000,0,0,0.0000,0,0.0000,0,0,0,702,0
3387,2.9795,10.2572,0.0027,0.0000,0,0,0.0000,0,0.0000,0,0,0,696,0
3388,5.3229,6.5334,0.0060,0.0000,0,0,0.0000,0,0.0000,0,0,0,601,0
3389,3.0520,6.0761,0.0036,0.0000,0,0,0.0000,0,0.0000,0,0,0,601,0
3390,3.0073,10.9860,0.0055,0.0000,0,0,0.0000,0,0.0000,0,0,0,696,0
3391,2.9795,10.8762,0.0032,0.0000,0,0,0.0000,0,0.0000,0,0,0,696,0
3392,5.3229,6.1360,0.0506,0.0000,0,0,0.0000,0,0.0000,0,0,0,601,0
3393,3.0520,5.8133,0.0027,0.0000,0,0,0.0000,0,0.0000,0,0,0,601,0
3394,3.0073,10.7253,0.0057,0.0000,0,0,0.0000,0,0.0000,0,0,0,696,0
3395,2.9795,10.4973,0.0055,0.0000,0,0,0.0000,0,0.0000,0,0,0,696,0
3396,5.3229,6.0926,0.0031,0.0000,0,0,0.0000,0,0.0000,0,0,0,601,0
3397,3.0520,5.7972,0.0013,0.0000,0,0,0.0000,0,0.0000,0,0,0,601,0
3398,3.0073,10.2990,0.0050,0.0000,0,0,0.0000,0,0.0000,0,0,0,696,0
3399,2.9795,10.4521,0.0030,0.0000,0,0,0.0000,0,0.0000,0,0,0,701,0
3400,5.3229,6.0133,0.0037,0.0000,0,0,0.0000,0,0.0000,0,0,0,601,0
3401,3.0520,5.7059,0.0011,0.0000,0,0,0.0000,0,0.0000,0,0,0,601,0
3402,3.0073,10.2716,0.0030,0.0000,0,0,0.0000,0,0.0000,0,0,0,709,0
3403,2.9795,10.2372,0.0016,0.0000,0,0,0.0000,0,0.0000,0,0,0,696,0
3404,5.3229,6.1771,0.0040,0.0000,0,0,0.0000,0,0.0000,0,0,0,601,0
3405,3.0520,5.7038,0.0015,0.0000,0,0,0.0000,0,0.0000,0,0,0,601,0
3406,3.0073,10.0139,0.0028,0.0000,0,0,0.0000,0,0.0000,0,0,0,696,0
3407,2.9795,9.8980,0.0014,0.0000,0,0,0.0000,0,0.0000,0,0,0,707,0
3408,5.3229,6.5300,0.0055,0.0000,0,0,0.0000,0,0.0000,0,0,0,601,0
3409,3.0520,6.0716,0.0024,0.0000,0,0,0.0000,0,0.0000,0,0,0,601,0
3410,3.0073,10.2179,0.0031,0.0000,0,0,0.0000,0,0.0000,0,0,0,696,0
3411,2.9795,10.2808,0.0019,0.0000,0,0,0.0000,0,0.0000,0,0,0,698,0
3412,5.3229,6.1335,0.0037,0.0000,0,0,0.0000,0,0.0000,0,0,0,601,0
3413,3.0520,5.6716,0.0014,0.0000,0,0,0.0000,0,0.0000,0,0,0,601,0
3414,3.0073,11.5298,0.0064,0.0000,0,0,0.0000,0,0.0000,0,0,0,696,0
3415,2.9795,11.5512,0.0024,0.0000,0,0,0.0000,0,0.0000,0,0,0,696,0
3416,5.3229,5.9915,0.0040,0.0000,0,0,0.0000,0,0.0000,0,0,0,601,0
3417,3.0520,5.8735,0.0021,0.0000,0,0,0.0000,0,0.0000,0,0,0,601,0
3418,3.0073,10.1028,0.0035,0.0000,0,0,0.0000,0,0.0000,0,0,0,696,0
3419,2.9795,10.1580,0.0015,0.0000,0,0,0.0000,0,0.0000,0,0,0,696,0
3420,5.3229,6.0767,0.0051,0.0000,0,0,0.0000,0,0.0000,0,0,0,601,0
3421,3.0520,5.8657,0.0024,0.0000,0,0,0.0000,0,0.0000,0,0,0,601,0
3422,3.0073,10.2263,0.0032,0.0000,0,0,0.0000,0,0.0000,0,0,0,696,0
3423,2.9795,10.2616,0.0013,0.0000,0,0,0.0000,0,0.0000,0,0,0,696,0
3424,5.3229,6.2047,0.0057,0.0000,0,0,0.0000,0,0.0000,0,0,0,601,0
3425,3.0520,5.7761,0.0029,0.0000,0,0,0.0000,0,0.0000,0,0,0,601,0
3426,3.0073,10.6191,0.0053,0.0000,0,0,0.0000,0,0.0000,0,0,0,696,0
3427,2.9795,10.4213,0.0053,0.0000,0,0,0.0000,0,0.0000,0,0,0,696,0
3428,5.3229,6.2699,0.0036,0.0000,0,0,0.0000,0,0.0000,0,0,0,601,0
3429,3.0520,5.7049,0.0013,0.0000,0,0,0.0000,0,0.0000,0,0,0,601,0
3430,3.0073,10.4234,0.0039,0.0000,0,0,0.0000,0,0.0000,0,0,0,696,0
3431,2.9795,10.3194,0.0014,0.0000,0,0,0.0000,0,0.0000,0,0,0,696,0
3432,5.3229,6.0854,0.0057,0.0000,0,0,0.0000,0,0.0000,0,0,0,601,0
3433,3.0520,5.8053,0.0022,0.0000,0,0,0.0000,0,0.0000,0,0,0,601,0
3434,3.0073,10.4975,0.0046,0.0000,0,0,0.0000,0,0.0000,0,0,0,696,0
3435,2.9795,10.4849,0.0028,0.0000,0,0,0.0000,0,0.0000,0,0,0,706,0
3436,5.3229,6.0786,0.0055,0.0000,0,0,0.0000,0,0.0000,0,0,0,601,0
3437,3.0520,5.7292,0.0012,0.0000,0,0,0.0000,0,0.0000,0,0,0,601,0
3438,3.0073,10.3675,0.0051,0.0000,0,0,0.0000,0,0.0000,0,0,0,696,0
3439,2.9795,10.4389,0.0028,0.0000,0,0,0.0000,0,0.0000,0,0,0,696,0
3440,5.3229,6.1959,0.0051,0.0000,0,0,0.0000,0,0.0000,0,0,0,601,0
3441,3.0520,5.8410,0.0031,0.0000,0,0,0.0000,0,0.0000,0,0,0,601,0
3442,3.0073,10.2120,0.0100,0.0000,0,0,0.0000,0,0.0000,0,0,0,696,0
3443,2.9795,10.2168,0.0011,0.0000,0,0,0.0000,0,0.0000,0,0,0,696,0
3444,5.3229,6.5056,0.0047,0.0000,0,0,0.0000,0,0.0000,0,0,0,601,0
3445,3.0520,6.0426,0.0023,0.0000,0,0,0.0000,0,0.0000,0,0,0,601,0
3446,3.0073,10.4078,0.0065,0.0000,0,0,0.0000,0,0.0000,0,0,0,701,0
3447,2.9795,10.2370,0.0025,0.0000,0,0,0.0000,0,0.0000,0,0,0,696,0
3448,5.3229,6.1104,0.0060,0.0000,0,0,0.0000,0,0.0000,0,0,0,601,0
3449,3.0520,5.9111,0.0032,0.0000,0,0,0.0000,0,0.0000,0,0,0,601,0
3450,3.0073,11.2867,0.0058,0.0000,0,0,0.0000,0,0.0000,0,0,0,696,0
3451,2.9795,10.9969,0.0031,0.0000,0,0,0.0000,0,0.0000,0,0,0,696,0
3452,5.3229,5.9813,0.0036,0.0000,0,0,0.0000,0,0.0000,0,0,0,601,0
3453,3.0520,5.6224,0.0005,0.0000,0,0,0.0000,0,0.0000,0,0,0,601,0
3454,3.0073,10.4083,0.0028,0.0000,0,0,0.0000,0,0.0000,0,0,0,696,0
3455,2.9795,10.3901,0.0012,0.0000,0,0,0.0000,0,0.0000,0,0,0,696,0
3456,5.3229,6.2075,0.0022,0.0000,0,0,0.0000,0,0.0000,0,0,0,601,0
3457,3.0520,5.7310,0.0010,0.0000,0,0,0.0000,0,0.0000,0,0,0,601,0
3458,3.0073,10.2075,0.0042,0.0000,0,0,0.0000,0,0.0000,0,0,0,696,0
3459,2.9795,10.2085,0.0013,0.0000,0,0,0.0000,0,0.0000,0,0,0,696,0
3460,5.3229,6.0589,0.0045,0.0000,0,0,0.0000,0,0.0000,0,0,0,601,0
3461,3.0520,5.8193,0.0020,0.0000,0,0,0.0000,0,0.0000,0,0,0,601,0
3462,3.0073,10.2324,0.0028,0.0000,0,0,0.0000,0,0.0000,0,0,0,696,0
3463,2.9795,10.2730,0.0026,0.0000,0,0,0.0000,0,0.0000,0,0,0,706,0
3464,5.3229,6.2038,0.0060,0.0000,0,0,0.0000,0,0.0000,0,0,0,601,0
3465,3.0520,5.8336,0.0012,0.0000,0,0,0.0000,0,0.0000,0,0,0,601,0
3466,3.0073,10.2545,0.0038,0.0000,0,0,0.0000,0,0.0000,0,0,0,696,0
3467,2.9795,10.2854,0.0016,0.0000,0,0,0.0000,0,0.0000,0,0,0,696,0
3468,5.3229,6.1428,0.0031,0.0000,0,0,0.0000,0,0.0000,0,0,0,601,0
3469,3.0520,5.7219,0.0014,0.0000,0,0,0.0000,0,0.0000,0,0,0,601,0
3470,3.0073,10.4831,0.0027,0.0000,0,0,0.0000,0,0.0000,0,0,0,696,0
3471,2.9795,10.2946,0.0016,0.0000,0,0,0.0000,0,0.0000,0,0,0,696,0
3472,5.3229,6.1345,0.0034,0.0000,0,0,0.0000,0,0.0000,0,0,0,601,0
3473,3.0520,5.8540,0.0015,0.0000,0,0,0.0000,0,0.0000,0,0,0,601,0
3474,3.0073,9.9355,0.0032,0.0000,0,0,0.0000,0,0.0000,0,0,0,696,0
3475,2.9795,10.0632,0.0020,0.0000,0,0,0.0000,0,0.0000,0,0,0,696,0
3476,5.3229,6.0315,0.0037,0.0000,0,0,0.0000,0,0.0000,0,0,0,601,0
3477,3.0520,5.9504,0.0017,0.0000,0,0,0.0000,0,0.0000,0,0,0,601,0
3478,3.0073,9.4360,0.0039,0.0000,0,0,0.0000,0,0.0000,0,0,0,696,0
3479,2.9795,9.6103,0.0015,0.0000,0,0,0.0000,0,0.0000,0,0,0,703,0
3480,5.3229,6.1759,0.0060,0.0000,0,0,0.0000,0,0.0000,0,0,0,601,0
3481,3.0520,5.8339,0.0023,0.0000,0,0,0.0000,0,0.0000,0,0,0,601,0
3482,3.0073,10.2287,0.0029,0.0000,0,0,0.0000,0,0.0000,0,0,0,696,0
3483,2.9795,10.1465,0.0012,0.0000,0,0,0.0000,0,0.0000,0,0,0,703,0
3484,5.3229,5.9747,0.0035,0.0000,0,0,0.0000,0,0.0000,0,0,0,601,0
3485,3.0520,5.6442,0.0012,0.0000,0,0,0.0000,0,0.0000,0,0,0,601,0
3486,3.0073,10.3846,0.0035,0.0000,0,0,0.0000,0,0.0000,0,0,0,696,0
3487,2.9795,10.2881,0.0018,0.0000,0,0,0.0000,0,0.0000,0,0,0,696,0
3488,5.3229,5.8777,0.0035,0.0000,0,0,0.0000,0,0.0000,0,0,0,601,0
3489,3.0520,5.7692,0.0019,0.0000,0,0,0.0000,0,0.0000,0,0,0,601,0
3490,3.0073,10.1853,0.0030,0.0000,0,0,0.0000,0,0.0000,0,0,0,700,0
3491,2.9795,10.1705,0.0014,0.0000,0,0,0.0000,0,0.0000,0,0,0,704,0
3492,5.3229,6.1364,0.0056,0.0000,0,0,0.0000,0,0.0000,0,0,0,601,0
3493,3.0520,5.7513,0.0029,0.0000,0,0,0.0000,0,0.0000,0,0,0,601,0
3494,3.0073,10.3383,0.0034,0.0000,0,0,0.0000,0,0.0000,0,0,0,696,0
3495,2.9795,10.2735,0.0012,0.0000,0,0,0.0000,0,0.0000,0,0,0,696,0
3496,5.3229,6.1560,0.0057,0.0000,0,0,0.0000,0,0.0000,0,0,0,601,0
3497,3.0520,5.7721,0.0025,0.0000,0,0,0.0000,0,0.0000,0,0,0,601,0
3498,3.0073,17.4094,0.0065,0.0000,0,0,0.0000,0,0.0000,0,0,0,696,0
3499,2.9795,17.2308,0.0065,0.0000,0,0,0.0000,0,0.0000,0,0,0,696,0
3500,5.3229,6.1068,0.0039,0.0000,0,0,0.0000,0,0.0000,0,0,0,601,0
3501,3.0520,5.7399,0.0028,0.0000,0,0,0.0000,0,0.0000,0,0,0,601,0
3502,3.0073,10.4852,0.0040,0.0000,0,0,0.0000,0,0.0000,0,0,0,696,0
3503,2.9795,10.2337,0.0018,0.0000,0,0,0.0000,0,0.0000,0,0,0,696,0
3504,5.3229,6.0473,0.0051,0.0000,0,0,0.0000,0,0.0000,0,0,0,601,0
3505,3.0520,5.8198,0.0023,0.0000,0,0,0.0000,0,0.0000,0,0,0,601,0
3506,3.0073,10.5531,0.0034,0.0000,0,0,0.0000,0,0.0000,0,0,0,696,0
3507,2.9795,10.4649,0.0013,0.0000,0,0,0.0000,0,0.0000,0,0,0,696,0
3508,5.3229,5.9981,0.0044,0.0000,0,0,0.0000,0,0.0000,0,0,0,601,0
3509,3.0520,5.6761,0.0026,0.0000,0,0,0.0000,0,0.0000,0,0,0,601,0
3510,3.0073,10.3927,0.0034,0.0000,0,0,0.0000,0,0.0000,0,0,0,696,0
3511,2.9795,10.2670,0.0050,0.0000,0,0,0.0000,0,0.0000,0,0,0,696,0
3512,5.3229,6.1349,0.0041,0.0000,0,0,0.0000,0,0.0000,0,0,0,601,0
3513,3.0520,5.8675,0.0018,0.0000,0,0,0.0000,0,0.0000,0,0,0,601,0
3514,3.0073,10.0012,0.0049,0.0000,0,0,0.0000,0,0.0000,0,0,0,696,0
3515,2.9795,10.2397,0.0040,0.0000,0,0,0.0000,0,0.0000,0,0,0,696,0
3516,5.3229,6.1747,0.0071,0.0000,0,0,0.0000,0,0.0000,0,0,0,601,0
3517,3.0520,5.8222,0.0034,0.0000,0,0,0.0000,0,0.0000,0,0,0,601,0
3518,3.0073,10.5762,0.0041,0.0000,0,0,0.0000,0,0.0000,0,0,0,696,0
3519,2.9795,10.4232,0.0017,0.0000,0,0,0.0000,0,0.0000,0,0,0,696,0
3520,5.3229,6.3762,0.0085,0.0000,0,0,0.0000,0,0.0000,0,0,0,601,0
3521,3.0520,6.1563,0.0041,0.0000,0,0,0.0000,0,0.0000,0,0,0,601,0
3522,3.0073,10.5877,0.0045,0.0000,0,0,0.0000,0,0.0000,0,0,0,696,0
3523,2.9795,10.7640,0.0013,0.0000,0,0,0.0000,0,0.0000,0,0,0,696,0
3524,5.3229,6.1133,0.0037,0.0000,0,0,0.0000,0,0.0000,0,0,0,601,0
3525,3.0520,5.7770,0.0016,0.0000,0,0,0.0000,0,0.0000,0,0,0,601,0
3526,3.0073,10.1593,0.0039,0.0000,0,0,0.0000,0,0.0000,0,0,0,696,0
3527,2.9795,10.0376,0.0020,0.0000,0,0,0.0000,0,0.0000,0,0,0,696,0
3528,5.3229,6.2350,0.0064,0.0000,0,0,0.0000,0,0.0000,0,0,0,601,0
3529,3.0520,5.9328,0.0034,0.0000,0,0,0.0000,0,0.0000,0,0,0,601,0
3530,3.0073,10.7054,0.0063,0.0000,0,0,0.0000,0,0.0000,0,0,0,696,0
3531,2.9795,10.6877,0.0030,0.0000,0,0,0.0000,0,0.0000,0,0,0,696,0
3532,5.3229,8.9448,0.0077,0.0000,0,0,0.0000,0,0.0000,0,0,0,601,0
3533,3.0520,6.0845,0.0016,0.0000,0,0,0.0000,0,0.0000,0,0,0,601,0
3534,3.0073,9.4713,0.0020,0.0000,0,0,0.0000,0,0.0000,0,0,0,700,0
3535,2.9795,10.0988,0.0013,0.0000,0,0,0.0000,0,0.0000,0,0,0,696,0
3536,5.3229,5.7373,0.0020,0.0000,0,0,0.0000,0,0.0000,0,0,0,601,0
3537,3.0520,5.5194,0.0010,0.0000,0,0,0.0000,0,0.0000,0,0,0,601,0
3538,3.0073,10.4684,0.0056,0.0000,0,0,0.0000,0,0.0000,0,0,0,696,0
3539,2.9795,10.4049,0.0020,0.0000,0,0,0.0000,0,0.0000,0,0,0,696,0
3540,5.3229,5.8259,0.0018,0.0000,0,0,0.0000,0,0.0000,0,0,0,601,0
3541,3.0520,5.5924,0.0005,0.0000,0,0,0.0000,0,0.0000,0,0,0,601,0
3542,3.0073,10.6394,0.0044,0.0000,0,0,0.0000,0,0.0000,0,0,0,696,0
3543,2.9795,10.5522,0.0044,0.0000,0,0,0.0000,0,0.0000,0,0,0,696,0
3544,5.3229,6.1657,0.0048,0.0000,0,0,0.0000,0,0.0000,0,0,0,601,0
3545,3.0520,5.9023,0.0027,0.0000,0,0,0.0000,0,0.0000,0,0,0,601,0
3546,3.0073,10.1254,0.0049,0.0000,0,0,0.0000,0,0.0000,0,0,0,696,0
3547,2.9795,10.0959,0.0031,0.0000,0,0,0.0000,0,0.0000,0,0,0,696,0
3548,5.3229,6.5557,0.0050,0.0000,0,0,0.0000,0,0.0000,0,0,0,601,0
3549,3.0520,5.9680,0.0031,0.0000,0,0,0.0000,0,0.0000,0,0,0,601,0
3550,3.0073,9.4235,0.0052,0.0000,0,0,0.0000,0,0.0000,0,0,0,696,0
3551,2.9795,10.1234,0.0034,0.0000,0,0,0.0000,0,0.0000,0,0,0,696,0
3552,5.3229,6.1828,0.0038,0.0000,0,0,0.0000,0,0.0000,0,0,0,601,0
3553,3.0520,5.7464,0.0014,0.0000,0,0,0.0000,0,0.0000,0,0,0,601,0
3554,3.0073,10.3911,0.0036,0.0000,0,0,0.0000,0,0.0000,0,0,0,696,0
3555,2.9795,10.2684,0.0014,0.0000,0,0,0.0000,0,0.0000,0,0,0,696,0
3556,5.3229,6.2155,0.0053,0.0000,0,0,0.0000,0,0.0000,0,0,0,601,0
3557,3.0520,6.0141,0.0032,0.0000,0,0,0.0000,0,0.0000,0,0,0,601,0
3558,3.0073,9.6933,0.0035,0.0000,0,0,0.0000,0,0.0000,0,0,0,696,0
3559,2.9795,9.9708,0.0013,0.0000,0,0,0.0000,0,0.0000,0,0,0,696,0
3560,5.3229,6.0280,0.0039,0.0000,0,0,0.0000,0,0.0000,0,0,0,601,0
3561,3.0520,5.8791,0.0020,0.0000,0,0,0.0000,0,0.0000,0,0,0,601,0
3562,3.0073,8.7191,0.0034,0.0000,0,0,0.0000,0,0.0000,0,0,0,696,0
3563,2.9795,8.9334,0.0018,0.0000,0,0,0.0000,0,0.0000,0,0,0,696,0
3564,5.3229,6.0801,0.0047,0.0000,0,0,0.0000,0,0.0000,0,0,0,601,0
3565,3.0520,5.8189,0.0013,0.0000,0,0,0.0000,0,0.0000,0,0,0,601,0
3566,3.0073,10.0986,0.0027,0.0000,0,0,0.0000,0,0.0000,0,0,0,696,0
3567,2.9795,10.1962,0.0013,0.0000,0,0,0.0000,0,0.0000,0,0,0,696,0
3568,5.3229,6.2239,0.0053,0.0000,0,0,0.0000,0,0.0000,0,0,0,601,0
3569,3.0520,5.9335,0.0026,0.0000,0,0,0.0000,0,0.0000,0,0,0,601,0
3570,3.0073,9.8300,0.0044,0.0000,0,0,0.0000,0,0.0000,0,0,0,696,0
3571,2.9795,9.9814,0.0033,0.0000,0,0,0.0000,0,0.0000,0,0,0,696,0
3572,5.3229,6.1258,0.0043,0.0000,0,0,0.0000,0,0.0000,0,0,0,601,0
3573,3.0520,5.7622,0.0012,0.0000,0,0,0.0000,0,0.0000,0,0,0,601,0
3574,3.0073,10.5127,0.0053,0.0000,0,0,0.0000,0,0.0000,0,0,0,696,0
3575,2.9795,10.5361,0.0031,0.0000,0,0,0.0000,0,0.0000,0,0,0,696,0
3576,5.3229,6.0392,0.0039,0.0000,0,0,0.0000,0,0.0000,0,0,0,601,0
3577,3.0520,5.6539,0.0172,0.0000,0,0,0.0000,0,0.0000,0,0,0,601,0
3578,3.0073,11.4590,0.0059,0.0000,0,0,0.0000,0,0.0000,0,0,0,696,0
3579,2.9795,11.7454,0.0034,0.0000,0,0,0.0000,0,0.0000,0,0,0,696,0
3580,5.3229,6.1133,0.0039,0.0000,0,0,0.0000,0,0.0000,0,0,0,601,0
3581,3.0520,5.7463,0.0012,0.0000,0,0,0.0000,0,0.0000,0,0,0,601,0
3582,3.0073,10.6269,0.0055,0.0000,0,0,0.0000,0,0.0000,0,0,0,696,0
3583,2.9795,10.4243,0.0049,0.0000,0,0,0.0000,0,0.0000,0,0,0,696,0
3584,5.3229,6.1801,0.0058,0.0000,0,0,0.0000,0,0.0000,0,0,0,601,0
3585,3.0520,5.7281,0.0015,0.0000,0,0,0.0000,0,0.0000,0,0,0,601,0
3586,3.0073,10.5346,0.0049,0.0000,0,0,0.0000,0,0.0000,0,0,0,696,0
3587,2.9795,10.4042,0.0011,0.0000,0,0,0.0000,0,0.0000,0,0,0,696,0
3588,5.3229,6.3088,0.0234,0.0000,0,0,0.0000,0,0.0000,0,0,0,601,0
3589,3.0520,5.7295,0.0052,0.0000,0,0,0.0000,0,0.0000,0,0,0,601,0
3590,3.0073,10.4907,0.0035,0.0000,0,0,0.0000,0,0.0000,0,0,0,696,0
3591,2.9795,10.2107,0.0015,0.0000,0,0,0.0000,0,0.0000,0,0,0,696,0
3592,5.3229,8.5897,0.0048,0.0000,0,0,0.0000,0,0.0000,0,0,0,601,0
3593,3.0520,8.1531,0.0049,0.0000,0,0,0.0000,0,0.0000,0,0,0,601,0
3594,3.0073,10.3970,0.0040,0.0000,0,0,0.0000,0,0.0000,0,0,0,696,0
3595,2.9795,10.3225,0.0015,0.0000,0,0,0.0000,0,0.0000,0,0,0,696,0
3596,5.3229,6.0565,0.0042,0.0000,0,0,0.0000,0,0.0000,0,0,0,601,0
3597,3.0520,5.7397,0.0018,0.0000,0,0,0.0000,0,0.0000,0,0,0,601,0
3598,3.0073,10.5231,0.0037,0.0000,0,0,0.0000,0,0.0000,0,0,0,696,0
3599,2.9795,10.7555,0.0021,0.0000,0,0,0.0000,0,0.0000,0,0,0,696,0
3600,5.3229,42.2825,0.0105,0.0000,0,0,0.0000,0,0.0000,0,1,0,60271,0
3601,3.0520,26.4670,0.0078,0.0000,0,0,0.0000,0,0.0000,0,1,0,43482,0
3602,3.0073,25.3821,0.0060,0.0000,0,0,0.0000,0,0.0000,0,1,0,59828,0
3603,2.9795,25.5033,0.0096,0.0000,0,0,0.0000,0,0.0000,0,1,0,68126,0
3604,5.3229,5.8652,0.0077,0.0000,0,0,0.0000,0,0.0000,0,0,0,16498,0
3605,3.0520,5.6136,0.0020,0.0000,0,0,0.0000,0,0.0000,0,0,0,14403,0
3606,3.0073,10.4577,0.0041,0.0000,0,0,0.0000,0,0.0000,0,0,0,17862,0
3607,2.9795,10.4440,0.0067,0.0000,0,0,0.0000,0,0.0000,0,0,0,17138,0
3608,5.3229,5.7382,0.0034,0.0000,0,0,0.0000,0,0.0000,0,0,0,9226,0
3609,3.0520,5.5762,0.0014,0.0000,0,0,0.0000,0,0.0000,0,0,0,6914,0
3610,3.0073,10.3735,0.0025,0.0000,0,0,0.0000,0,0.0000,0,0,0,11125,0
3611,2.9795,10.4096,0.0014,0.0000,0,0,0.0000,0,0.0000,0,0,0,9621,0
3612,5.3229,5.8070,0.0037,0.0000,0,0,0.0000,0,0.0000,0,0,0,17369,0
3613,3.0520,5.6114,0.0022,0.0000,0,0,0.0000,0,0.0000,0,0,0,16755,0
3614,3.0073,10.4453,0.0503,0.0000,0,0,0.0000,0,0.0000,0,0,0,19658,0
3615,2.9795,10.3881,0.0018,0.0000,0,0,0.0000,0,0.0000,0,0,0,15622,0
3616,5.3229,5.8472,0.0044,0.0000,0,0,0.0000,0,0.0000,0,0,0,23309,0
3617,3.0520,5.6297,0.0163,0.0000,0,0,0.0000,0,0.0000,0,0,0,20346,0
3618,3.0073,10.5650,0.0075,0.0000,0,0,0.0000,0,0.0000,0,0,0,22802,0
3619,2.9795,10.5352,0.0160,0.0000,0,0,0.0000,0,0.0000,0,0,0,21407,0
3620,5.3229,5.9180,0.0055,0.0000,0,0,0.0000,0,0.0000,0,0,0,13027,0
3621,3.0520,5.6978,0.0022,0.0000,0,0,0.0000,0,0.0000,0,0,0,11737,0
3622,3.0073,10.4262,0.0053,0.0000,0,0,0.0000,0,0.0000,0,0,0,12722,0
3623,2.9795,10.3618,0.0023,0.0000,0,0,0.0000,0,0.0000,0,0,0,16214,0
3624,5.3229,5.7631,0.0025,0.0000,0,0,0.0000,0,0.0000,0,0,0,7002,0
3625,3.0520,5.5945,0.0011,0.0000,0,0,0.0000,0,0.0000,0,0,0,5132,0
3626,3.0073,10.3638,0.0027,0.0000,0,0,0.0000,0,0.0000,0,0,0,7491,0
3627,2.9795,10.3180,0.0015,0.0000,0,0,0.0000,0,0.0000,0,0,0,4790,0
3628,5.3229,5.7817,0.0027,0.0000,0,0,0.0000,0,0.0000,0,0,0,3933,0
3629,3.0520,5.5760,0.0010,0.0000,0,0,0.0000,0,0.0000,0,0,0,3799,0
3630,3.0073,10.4427,0.0020,0.0000,0,0,0.0000,0,0.0000,0,0,0,4399,0
3631,2.9795,10.3424,0.0010,0.0000,0,0,0.0000,0,0.0000,0,0,0,3276,0
3632,5.3229,5.7724,0.0022,0.0000,0,0,0.0000,0,0.0000,0,0,0,3260,0
3633,3.0520,5.5468,0.0009,0.0000,0,0,0.0000,0,0.0000,0,0,0,2850,0
3634,3.0073,10.4478,0.0020,0.0000,0,0,0.0000,0,0.0000,0,0,0,3280,0
3635,2.9795,10.4476,0.0011,0.0000,0,0,0.0000,0,0.0000,0,0,0,2761,0
3636,5.3229,5.7787,0.0020,0.0000,0,0,0.0000,0,0.0000,0,0,0,3090,0
3637,3.0520,5.5780,0.0009,0.0000,0,0,0.0000,0,0.0000,0,0,0,2691,0
3638,3.0073,10.4313,0.0291,0.0000,0,0,0.0000,0,0.0000,0,0,0,3020,0
3639,2.9795,10.3883,0.0011,0.0000,0,0,0.0000,0,0.0000,0,0,0,2648,0
3640,5.3229,5.7377,0.0025,0.0000,0,0,0.0000,0,0.0000,0,0,0,2664,0
3641,3.0520,5.5781,0.0012,0.0000,0,0,0.0000,0,0.0000,0,0,0,2213,0
3642,3.0073,10.5220,0.0016,0.0000,0,0,0.0000,0,0.0000,0,0,0,1084,0
3643,2.9795,10.4281,0.0011,0.0000,0,0,0.0000,0,0.0000,0,0,0,2638,0
3644,5.3229,5.6944,0.0016,0.0000,0,0,0.0000,0,0.0000,0,0,0,1673,0
3645,3.0520,5.5970,0.0006,0.0000,0,0,0.0000,0,0.0000,0,0,0,1302,0
3646,3.0073,10.3857,0.0014,0.0000,0,0,0.0000,0,0.0000,0,0,0,959,0
3647,2.9795,10.4274,0.0011,0.0000,0,0,0.0000,0,0.0000,0,0,0,2173,0
3648,5.3229,5.7229,0.0020,0.0000,0,0,0.0000,0,0.0000,0,0,0,1538,0
3649,3.0520,5.5610,0.0006,0.0000,0,0,0.0000,0,0.0000,0,0,0,1107,0
3650,3.0073,10.3913,0.0058,0.0000,0,0,0.0000,0,0.0000,0,0,0,819,0
3651,2.9795,10.3111,0.0007,0.0000,0,0,0.0000,0,0.0000,0,0,0,1668,0
3652,5.3229,5.7354,0.0024,0.0000,0,0,0.0000,0,0.0000,0,0,0,1248,0
3653,3.0520,5.5778,0.0035,0.0000,0,0,0.0000,0,0.0000,0,0,0,944,0
3654,3.0073,10.3958,0.0015,0.0000,0,0,0.0000,0,0.0000,0,0,0,945,0
3655,2.9795,10.3994,0.0013,0.0000,0,0,0.0000,0,0.0000,0,0,0,743,0
3656,5.3229,5.7825,0.0018,0.0000,0,0,0.0000,0,0.0000,0,0,0,1198,0
3657,3.0520,5.6655,0.0010,0.0000,0,0,0.0000,0,0.0000,0,0,0,836,0
3658,3.0073,10.2912,0.0022,0.0000,0,0,0.0000,0,0.0000,0,0,0,1250,0
3659,2.9795,10.3183,0.0009,0.0000,0,0,0.0000,0,0.0000,0,0,0,717,0
3660,5.3229,5.7747,0.0029,0.0000,0,0,0.0000,0,0.0000,0,0,0,1168,0
3661,3.0520,5.6054,0.0056,0.0000,0,0,0.0000,0,0.0000,0,0,0,792,0
3662,3.0073,10.3885,0.0024,0.0000,0,0,0.0000,0,0.0000,0,0,0,1108,0
3663,2.9795,10.3282,0.0010,0.0000,0,0,0.0000,0,0.0000,0,0,0,792,0
3664,5.3229,5.7124,0.0025,0.0000,0,0,0.0000,0,0.0000,0,0,0,1037,0
3665,3.0520,5.5835,0.0010,0.0000,0,0,0.0000,0,0.0000,0,0,0,722,0
3666,3.0073,10.3955,0.0014,0.0000,0,0,0.0000,0,0.0000,0,0,0,1361,0
3667,2.9795,10.3993,0.0008,0.0000,0,0,0.0000,0,0.0000,0,0,0,925,0
3668,5.3229,5.7246,0.0023,0.0000,0,0,0.0000,0,0.0000,0,0,0,987,0
3669,3.0520,5.5570,0.0009,0.0000,0,0,0.0000,0,0.0000,0,0,0,676,0
3670,3.0073,10.4231,0.0014,0.0000,0,0,0.0000,0,0.0000,0,0,0,1198,0
3671,2.9795,10.3912,0.0011,0.0000,0,0,0.0000,0,0.0000,0,0,0,1094,0
3672,5.3229,5.7804,0.0028,0.0000,0,0,0.0000,0,0.0000,0,0,0,879,0
3673,3.0520,5.5810,0.0020,0.0000,0,0,0.0000,0,0.0000,0,0,0,648,0
3674,3.0073,10.3831,0.0020,0.0000,0,0,0.0000,0,0.0000,0,0,0,1117,0
3675,2.9795,10.3422,0.0009,0.0000,0,0,0.0000,0,0.0000,0,0,0,1077,0
3676,5.3229,5.7620,0.0022,0.0000,0,0,0.0000,0,0.0000,0,0,0,746,0
3677,3.0520,5.5559,0.0009,0.0000,0,0,0.0000,0,0.0000,0,0,0,643,0
3678,3.0073,10.3925,0.0022,0.0000,0,0,0.0000,0,0.0000,0,0,0,1064,0
3679,2.9795,10.3552,0.0011,0.0000,0,0,0.0000,0,0.0000,0,0,0,1295,0
3680,5.3229,5.7497,0.0024,0.0000,0,0,0.0000,0,0.0000,0,0,0,687,0
3681,3.0520,5.5458,0.0009,0.0000,0,0,0.0000,0,0.0000,0,0,0,622,0
3682,3.0073,10.4321,0.0033,0.0000,0,0,0.0000,0,0.0000,0,0,0,1368,0
3683,2.9795,10.3622,0.0008,0.0000,0,0,0.0000,0,0.0000,0,0,0,709,0
3684,5.3229,5.8030,0.0031,0.0000,0,0,0.0000,0,0.0000,0,0,0,716,0
3685,3.0520,5.5710,0.0024,0.0000,0,0,0.0000,0,0.0000,0,0,0,620,0
3686,3.0073,10.3310,0.0025,0.0000,0,0,0.0000,0,0.0000,0,0,0,710,0
3687,2.9795,10.1759,0.0011,0.0000,0,0,0.0000,0,0.0000,0,0,0,715,0
3688,5.3229,5.7697,0.0020,0.0000,0,0,0.0000,0,0.0000,0,0,0,717,0
3689,3.0520,5.6320,0.0006,0.0000,0,0,0.0000,0,0.0000,0,0,0,613,0
3690,3.0073,10.4180,0.0015,0.0000,0,0,0.0000,0,0.0000,0,0,0,696,0
3691,2.9795,10.3494,0.0010,0.0000,0,0,0.0000,0,0.0000,0,0,0,724,0
3692,5.3229,5.7118,0.0020,0.0000,0,0,0.0000,0,0.0000,0,0,0,685,0
3693,3.0520,5.5850,0.0010,0.0000,0,0,0.0000,0,0.0000,0,0,0,617,0
3694,3.0073,10.3750,0.0024,0.0000,0,0,0.0000,0,0.0000,0,0,0,755,0
3695,2.9795,10.3540,0.0010,0.0000,0,0,0.0000,0,0.0000,0,0,0,779,0
3696,5.3229,5.8282,0.0025,0.0000,0,0,0.0000,0,0.0000,0,0,0,664,0
3697,3.0520,5.5884,0.0010,0.0000,0,0,0.0000,0,0.0000,0,0,0,622,0
3698,3.0073,10.4376,0.0018,0.0000,0,0,0.0000,0,0.0000,0,0,0,785,0
3699,2.9795,10.4217,0.0010,0.0000,0,0,0.0000,0,0.0000,0,0,0,906,0
3700,5.3229,5.8000,0.0024,0.0000,0,0,0.0000,0,0.0000,0,0,0,636,0
3701,3.0520,5.5598,0.0009,0.0000,0,0,0.0000,0,0.0000,0,0,0,626,0
3702,3.0073,10.3959,0.0017,0.0000,0,0,0.0000,0,0.0000,0,0,0,868,0
3703,2.9795,10.3384,0.0005,0.0000,0,0,0.0000,0,0.0000,0,0,0,830,0
3704,5.3229,5.6910,0.0022,0.0000,0,0,0.0000,0,0.0000,0,0,0,635,0
3705,3.0520,5.5382,0.0008,0.0000,0,0,0.0000,0,0.0000,0,0,0,608,0
3706,3.0073,10.4394,0.0021,0.0000,0,0,0.0000,0,0.0000,0,0,0,801,0
3707,2.9795,10.4440,0.0025,0.0000,0,0,0.0000,0,0.0000,0,0,0,966,0
3708,5.3229,5.7585,0.0024,0.0000,0,0,0.0000,0,0.0000,0,0,0,650,0
3709,3.0520,5.5408,0.0008,0.0000,0,0,0.0000,0,0.0000,0,0,0,606,0
3710,3.0073,10.4039,0.0021,0.0000,0,0,0.0000,0,0.0000,0,0,0,1017,0
3711,2.9795,10.3948,0.0006,0.0000,0,0,0.0000,0,0.0000,0,0,0,705,0
3712,5.3229,5.7820,0.0027,0.0000,0,0,0.0000,0,0.0000,0,0,0,646,0
3713,3.0520,5.5773,0.0008,0.0000,0,0,0.0000,0,0.0000,0,0,0,607,0
3714,3.0073,10.3841,0.0016,0.0000,0,0,0.0000,0,0.0000,0,0,0,933,0
3715,2.9795,10.3664,0.0010,0.0000,0,0,0.0000,0,0.0000,0,0,0,703,0
3716,5.3229,5.8075,0.0022,0.0000,0,0,0.0000,0,0.0000,0,0,0,651,0
3717,3.0520,5.5368,0.0008,0.0000,0,0,0.0000,0,0.0000,0,0,0,609,0
3718,3.0073,10.4202,0.0023,0.0000,0,0,0.0000,0,0.0000,0,0,0,926,0
3719,2.9795,10.3194,0.0011,0.0000,0,0,0.0000,0,0.0000,0,0,0,728,0
3720,5.3229,5.7485,0.0027,0.0000,0,0,0.0000,0,0.0000,0,0,0,638,0
3721,3.0520,5.5923,0.0006,0.0000,0,0,0.0000,0,0.0000,0,0,0,601,0
3722,3.0073,10.4088,0.0023,0.0000,0,0,0.0000,0,0.0000,0,0,0,856,0
3723,2.9795,10.3440,0.0008,0.0000,0,0,0.0000,0,0.0000,0,0,0,752,0
3724,5.3229,5.8157,0.0027,0.0000,0,0,0.0000,0,0.0000,0,0,0,623,0
3725,3.0520,5.5296,0.0008,0.0000,0,0,0.0000,0,0.0000,0,0,0,601,0
3726,3.0073,10.3627,0.0020,0.0000,0,0,0.0000,0,0.0000,0,0,0,1082,0
3727,2.9795,10.2869,0.0010,0.0000,0,0,0.0000,0,0.0000,0,0,0,805,0
3728,5.3229,5.8403,0.0023,0.0000,0,0,0.0000,0,0.0000,0,0,0,626,0
3729,3.0520,5.5495,0.0009,0.0000,0,0,0.0000,0,0.0000,0,0,0,601,0
3730,3.0073,10.4049,0.0017,0.0000,0,0,0.0000,0,0.0000,0,0,0,712,0
3731,2.9795,10.3554,0.0007,0.0000,0,0,0.0000,0,0.0000,0,0,0,775,0
3732,5.3229,5.7960,0.0148,0.0000,0,0,0.0000,0,0.0000,0,0,0,622,0
3733,3.0520,5.5644,0.0009,0.0000,0,0,0.0000,0,0.0000,0,0,0,601,0
3734,3.0073,10.5552,0.0018,0.0000,0,0,0.0000,0,0.0000,0,0,0,709,0
3735,2.9795,10.5594,0.0008,0.0000,0,0,0.0000,0,0.0000,0,0,0,911,0
3736,5.3229,5.8846,0.0023,0.0000,0,0,0.0000,0,0.0000,0,0,0,611,0
3737,3.0520,5.5770,0.0006,0.0000,0,0,0.0000,0,0.0000,0,0,0,601,0
3738,3.0073,10.4029,0.0024,0.0000,0,0,0.0000,0,0.0000,0,0,0,723,0
3739,2.9795,10.2989,0.0011,0.0000,0,0,0.0000,0,0.0000,0,0,0,698,0
3740,5.3229,5.8550,0.0032,0.0000,0,0,0.0000,0,0.0000,0,0,0,618,0
3741,3.0520,5.6080,0.0010,0.0000,0,0,0.0000,0,0.0000,0,0,0,601,0
3742,3.0073,10.4990,0.0029,0.0000,0,0,0.0000,0,0.0000,0,0,0,744,0
3743,2.9795,10.4091,0.0016,0.0000,0,0,0.0000,0,0.0000,0,0,0,696,0
3744,5.3229,6.0131,0.0044,0.0000,0,0,0.0000,0,0.0000,0,0,0,605,0
3745,3.0520,5.6355,0.0010,0.0000,0,0,0.0000,0,0.0000,0,0,0,601,0
3746,3.0073,10.5192,0.0028,0.0000,0,0,0.0000,0,0.0000,0,0,0,786,0
3747,2.9795,10.4086,0.0028,0.0000,0,0,0.0000,0,0.0000,0,0,0,704,0
3748,5.3229,5.9958,0.0028,0.0000,0,0,0.0000,0,0.0000,0,0,0,606,0
3749,3.0520,5.6280,0.0025,0.0000,0,0,0.0000,0,0.0000,0,0,0,601,0
3750,3.0073,10.5492,0.0024,0.0000,0,0,0.0000,0,0.0000,0,0,0,780,0
3751,2.9795,10.4695,0.0011,0.0000,0,0,0.0000,0,0.0000,0,0,0,741,0
3752,5.3229,5.9009,0.0025,0.0000,0,0,0.0000,0,0.0000,0,0,0,605,0
3753,3.0520,5.5909,0.0005,0.0000,0,0,0.0000,0,0.0000,0,0,0,601,0
3754,3.0073,10.4076,0.0027,0.0000,0,0,0.0000,0,0.0000,0,0,0,808,0
3755,2.9795,10.3437,0.0008,0.0000,0,0,0.0000,0,0.0000,0,0,0,758,0
3756,5.3229,5.8118,0.0019,0.0000,0,0,0.0000,0,0.0000,0,0,0,606,0
3757,3.0520,5.6009,0.0009,0.0000,0,0,0.0000,0,0.0000,0,0,0,601,0
3758,3.0073,10.3978,0.0022,0.0000,0,0,0.0000,0,0.0000,0,0,0,795,0
3759,2.9795,10.3811,0.0007,0.0000,0,0,0.0000,0,0.0000,0,0,0,738,0
3760,5.3229,5.8456,0.0025,0.0000,0,0,0.0000,0,0.0000,0,0,0,601,0
3761,3.0520,5.5619,0.0025,0.0000,0,0,0.0000,0,0.0000,0,0,0,601,0
3762,3.0073,10.4950,0.0020,0.0000,0,0,0.0000,0,0.0000,0,0,0,771,0
3763,2.9795,10.4352,0.0012,0.0000,0,0,0.0000,0,0.0000,0,0,0,836,0
3764,5.3229,5.8078,0.0023,0.0000,0,0,0.0000,0,0.0000,0,0,0,601,0
3765,3.0520,5.5883,0.0016,0.0000,0,0,0.0000,0,0.0000,0,0,0,601,0
3766,3.0073,10.4991,0.0022,0.0000,0,0,0.0000,0,0.0000,0,0,0,779,0
3767,2.9795,10.3994,0.0022,0.0000,0,0,0.0000,0,0.0000,0,0,0,698,0
3768,5.3229,6.1725,0.0051,0.0000,0,0,0.0000,0,0.0000,0,0,0,601,0
3769,3.0520,5.7733,0.0016,0.0000,0,0,0.0000,0,0.0000,0,0,0,601,0
3770,3.0073,10.3426,0.0195,0.0000,0,0,0.0000,0,0.0000,0,0,0,967,0
3771,2.9795,10.2661,0.0015,0.0000,0,0,0.0000,0,0.0000,0,0,0,696,0
3772,5.3229,6.1132,0.0062,0.0000,0,0,0.0000,0,0.0000,0,0,0,601,0
3773,3.0520,5.9205,0.0037,0.0000,0,0,0.0000,0,0.0000,0,0,0,601,0
3774,3.0073,10.2948,0.0053,0.0000,0,0,0.0000,0,0.0000,0,0,0,710,0
3775,2.9795,10.2820,0.0032,0.0000,0,0,0.0000,0,0.0000,0,0,0,700,0
3776,5.3229,6.0297,0.0033,0.0000,0,0,0.0000,0,0.0000,0,0,0,601,0
3777,3.0520,5.7926,0.0014,0.0000,0,0,0.0000,0,0.0000,0,0,0,601,0
3778,3.0073,10.1305,0.0041,0.0000,0,0,0.0000,0,0.0000,0,0,0,703,0
3779,2.9795,9.9910,0.0014,0.0000,0,0,0.0000,0,0.0000,0,0,0,721,0
3780,5.3229,6.1129,0.0057,0.0000,0,0,0.0000,0,0.0000,0,0,0,601,0
3781,3.0520,5.8212,0.0024,0.0000,0,0,0.0000,0,0.0000,0,0,0,601,0
3782,3.0073,10.4235,0.0045,0.0000,0,0,0.0000,0,0.0000,0,0,0,708,0
3783,2.9795,10.0740,0.0014,0.0000,0,0,0.0000,0,0.0000,0,0,0,783,0
3784,5.3229,6.2601,0.0051,0.0000,0,0,0.0000,0,0.0000,0,0,0,601,0
3785,3.0520,5.8383,0.0022,0.0000,0,0,0.0000,0,0.0000,0,0,0,601,0
3786,3.0073,10.5835,0.0052,0.0000,0,0,0.0000,0,0.0000,0,0,0,751,0
3787,2.9795,10.4326,0.0036,0.0000,0,0,0.0000,0,0.0000,0,0,0,755,0
3788,5.3229,6.0585,0.0060,0.0000,0,0,0.0000,0,0.0000,0,0,0,601,0
3789,3.0520,6.2217,0.0030,0.0000,0,0,0.0000,0,0.0000,0,0,0,601,0
3790,3.0073,10.6520,0.0053,0.0000,0,0,0.0000,0,0.0000,0,0,0,762,0
3791,2.9795,10.3671,0.0024,0.0000,0,0,0.0000,0,0.0000,0,0,0,801,0
3792,5.3229,6.2821,0.0046,0.0000,0,0,0.0000,0,0.0000,0,0,0,601,0
3793,3.0520,5.9082,0.0013,0.0000,0,0,0.0000,0,0.0000,0,0,0,601,0
3794,3.0073,10.4281,0.0043,0.0000,0,0,0.0000,0,0.0000,0,0,0,747,0
3795,2.9795,10.2120,0.0022,0.0000,0,0,0.0000,0,0.0000,0,0,0,696,0
3796,5.3229,6.6765,0.0063,0.0000,0,0,0.0000,0,0.0000,0,0,0,601,0
3797,3.0520,6.2369,0.0063,0.0000,0,0,0.0000,0,0.0000,0,0,0,601,0
3798,3.0073,11.0044,0.0067,0.0000,0,0,0.0000,0,0.0000,0,0,0,830,0
3799,2.9795,11.0005,0.0027,0.0000,0,0,0.0000,0,0.0000,0,0,0,701,0
3800,5.3229,6.2206,0.0042,0.0000,0,0,0.0000,0,0.0000,0,0,0,601,0
3801,3.0520,5.8577,0.0034,0.0000,0,0,0.0000,0,0.0000,0,0,0,601,0
3802,3.0073,10.2244,0.0025,0.0000,0,0,0.0000,0,0.0000,0,0,0,769,0
3803,2.9795,10.2832,0.0017,0.0000,0,0,0.0000,0,0.0000,0,0,0,696,0
3804,5.3229,6.2471,0.0060,0.0000,0,0,0.0000,0,0.0000,0,0,0,601,0
3805,3.0520,5.8258,0.0013,0.0000,0,0,0.0000,0,0.0000,0,0,0,601,0
3806,3.0073,10.4029,0.0069,0.0000,0,0,0.0000,0,0.0000,0,0,0,728,0
3807,2.9795,10.1804,0.0037,0.0000,0,0,0.0000,0,0.0000,0,0,0,717,0
3808,5.3229,6.1203,0.0050,0.0000,0,0,0.0000,0,0.0000,0,0,0,601,0
3809,3.0520,5.9783,0.0023,0.0000,0,0,0.0000,0,0.0000,0,0,0,601,0
3810,3.0073,9.9244,0.0028,0.0000,0,0,0.0000,0,0.0000,0,0,0,726,0
3811,2.9795,10.3168,0.0023,0.0000,0,0,0.0000,0,0.0000,0,0,0,731,0
3812,5.3229,6.0677,0.0046,0.0000,0,0,0.0000,0,0.0000,0,0,0,601,0
3813,3.0520,5.8250,0.0024,0.0000,0,0,0.0000,0,0.0000,0,0,0,601,0
3814,3.0073,10.6350,0.0056,0.0000,0,0,0.0000,0,0.0000,0,0,0,833,0
3815,2.9795,10.4583,0.0056,0.0000,0,0,0.0000,0,0.0000,0,0,0,722,0
3816,5.3229,5.9499,0.0050,0.0000,0,0,0.0000,0,0.0000,0,0,0,601,0
3817,3.0520,5.9143,0.0026,0.0000,0,0,0.0000,0,0.0000,0,0,0,601,0
3818,3.0073,10.7067,0.0076,0.0000,0,0,0.0000,0,0.0000,0,0,0,696,0
3819,2.9795,10.5267,0.0029,0.0000,0,0,0.0000,0,0.0000,0,0,0,758,0
3820,5.3229,6.0143,0.0044,0.0000,0,0,0.0000,0,0.0000,0,0,0,601,0
3821,3.0520,5.6647,0.0013,0.0000,0,0,0.0000,0,0.0000,0,0,0,601,0
3822,3.0073,10.0182,0.0032,0.0000,0,0,0.0000,0,0.0000,0,0,0,696,0
3823,2.9795,9.8371,0.0025,0.0000,0,0,0.0000,0,0.0000,0,0,0,696,0
3824,5.3229,6.1277,0.0037,0.0000,0,0,0.0000,0,0.0000,0,0,0,601,0
3825,3.0520,6.2704,0.0020,0.0000,0,0,0.0000,0,0.0000,0,0,0,601,0
3826,3.0073,9.4986,0.0038,0.0000,0,0,0.0000,0,0.0000,0,0,0,696,0
3827,2.9795,9.8943,0.0018,0.0000,0,0,0.0000,0,0.0000,0,0,0,705,0
3828,5.3229,6.1978,0.0059,0.0000,0,0,0.0000,0,0.0000,0,0,0,601,0
3829,3.0520,6.0657,0.0025,0.0000,0,0,0.0000,0,0.0000,0,0,0,601,0
3830,3.0073,10.3272,0.0058,0.0000,0,0,0.0000,0,0.0000,0,0,0,696,0
3831,2.9795,10.4165,0.0026,0.0000,0,0,0.0000,0,0.0000,0,0,0,707,0
3832,5.3229,6.2147,0.0063,0.0000,0,0,0.0000,0,0.0000,0,0,0,601,0
3833,3.0520,5.8186,0.0024,0.0000,0,0,0.0000,0,0.0000,0,0,0,601,0
3834,3.0073,14.8383,0.0069,0.0000,0,0,0.0000,0,0.0000,0,0,0,701,0
3835,2.9795,14.8211,0.0017,0.0000,0,0,0.0000,0,0.0000,0,0,0,707,0
3836,5.3229,6.8354,0.0055,0.0000,0,0,0.0000,0,0.0000,0,0,0,601,0
3837,3.0520,6.3815,0.0011,0.0000,0,0,0.0000,0,0.0000,0,0,0,601,0
3838,3.0073,10.1733,0.0058,0.0000,0,0,0.0000,0,0.0000,0,0,0,703,0
3839,2.9795,10.2880,0.0021,0.0000,0,0,0.0000,0,0.0000,0,0,0,736,0
3840,5.3229,6.3278,0.0074,0.0000,0,0,0.0000,0,0.0000,0,0,0,601,0
3841,3.0520,6.0275,0.0034,0.0000,0,0,0.0000,0,0.0000,0,0,0,601,0
3842,3.0073,10.1916,0.0055,0.0000,0,0,0.0000,0,0.0000,0,0,0,716,0
3843,2.9795,10.1250,0.0025,0.0000,0,0,0.0000,0,0.0000,0,0,0,719,0
3844,5.3229,6.1452,0.0053,0.0000,0,0,0.0000,0,0.0000,0,0,0,601,0
3845,3.0520,5.8230,0.0031,0.0000,0,0,0.0000,0,0.0000,0,0,0,601,0
3846,3.0073,10.5772,0.0050,0.0000,0,0,0.0000,0,0.0000,0,0,0,714,0
3847,2.9795,10.4725,0.0032,0.0000,0,0,0.0000,0,0.0000,0,0,0,775,0
3848,5.3229,6.6563,0.0061,0.0000,0,0,0.0000,0,0.0000,0,0,0,601,0
3849,3.0520,6.3191,0.0025,0.0000,0,0,0.0000,0,0.0000,0,0,0,601,0
3850,3.0073,10.5288,0.0040,0.0000,0,0,0.0000,0,0.0000,0,0,0,717,0
3851,2.9795,10.4597,0.0011,0.0000,0,0,0.0000,0,0.0000,0,0,0,701,0
3852,5.3229,6.2815,0.0053,0.0000,0,0,0.0000,0,0.0000,0,0,0,601,0
3853,3.0520,5.8603,0.0030,0.0000,0,0,0.0000,0,0.0000,0,0,0,601,0
3854,3.0073,10.7767,0.0061,0.0000,0,0,0.0000,0,0.0000,0,0,0,711,0
3855,2.9795,11.1392,0.0029,0.0000,0,0,0.0000,0,0.0000,0,0,0,701,0
3856,5.3229,6.1525,0.0039,0.0000,0,0,0.0000,0,0.0000,0,0,0,601,0
3857,3.0520,5.8178,0.0016,0.0000,0,0,0.0000,0,0.0000,0,0,0,601,0
3858,3.0073,10.5190,0.0050,0.0000,0,0,0.0000,0,0.0000,0,0,0,763,0
3859,2.9795,10.2252,0.0026,0.0000,0,0,0.0000,0,0.0000,0,0,0,701,0
3860,5.3229,6.2513,0.0050,0.0000,0,0,0.0000,0,0.0000,0,0,0,601,0
3861,3.0520,5.8236,0.0016,0.0000,0,0,0.0000,0,0.0000,0,0,0,601,0
3862,3.0073,10.0421,0.0055,0.0000,0,0,0.0000,0,0.0000,0,0,0,696,0
3863,2.9795,10.0459,0.0026,0.0000,0,0,0.0000,0,0.0000,0,0,0,715,0
3864,5.3229,6.2324,0.0061,0.0000,0,0,0.0000,0,0.0000,0,0,0,601,0
3865,3.0520,6.0217,0.0028,0.0000,0,0,0.0000,0,0.0000,0,0,0,601,0
3866,3.0073,10.1931,0.0056,0.0000,0,0,0.0000,0,0.0000,0,0,0,696,0
3867,2.9795,10.4342,0.0034,0.0000,0,0,0.0000,0,0.0000,0,0,0,726,0
3868,5.3229,6.0618,0.0058,0.0000,0,0,0.0000,0,0.0000,0,0,0,601,0
3869,3.0520,5.8104,0.0022,0.0000,0,0,0.0000,0,0.0000,0,0,0,601,0
3870,3.0073,10.5617,0.0033,0.0000,0,0,0.0000,0,0.0000,0,0,0,696,0
3871,2.9795,10.3646,0.0033,0.0000,0,0,0.0000,0,0.0000,0,0,0,714,0
3872,5.3229,6.1169,0.0063,0.0000,0,0,0.0000,0,0.0000,0,0,0,601,0
3873,3.0520,5.9018,0.0013,0.0000,0,0,0.0000,0,0.0000,0,0,0,601,0
3874,3.0073,10.0168,0.0037,0.0000,0,0,0.0000,0,0.0000,0,0,0,696,0
3875,2.9795,10.0219,0.0012,0.0000,0,0,0.0000,0,0.0000,0,0,0,789,0
3876,5.3229,6.2995,0.0058,0.0000,0,0,0.0000,0,0.0000,0,0,0,601,0
3877,3.0520,5.8987,0.0027,0.0000,0,0,0.0000,0,0.0000,0,0,0,601,0
3878,3.0073,10.3628,0.0062,0.0000,0,0,0.0000,0,0.0000,0,0,0,717,0
3879,2.9795,10.4724,0.0031,0.0000,0,0,0.0000,0,0.0000,0,0,0,703,0
3880,5.3229,6.1016,0.0052,0.0000,0,0,0.0000,0,0.0000,0,0,0,601,0
3881,3.0520,5.7125,0.0016,0.0000,0,0,0.0000,0,0.0000,0,0,0,601,0
3882,3.0073,10.1203,0.0045,0.0000,0,0,0.0000,0,0.0000,0,0,0,716,0
3883,2.9795,9.8087,0.0017,0.0000,0,0,0.0000,0,0.0000,0,0,0,705,0
3884,5.3229,6.2951,0.0057,0.0000,0,0,0.0000,0,0.0000,0,0,0,601,0
3885,3.0520,6.0601,0.0022,0.0000,0,0,0.0000,0,0.0000,0,0,0,601,0
3886,3.0073,10.6187,0.0057,0.0000,0,0,0.0000,0,0.0000,0,0,0,745,0
3887,2.9795,10.4585,0.0037,0.0000,0,0,0.0000,0,0.0000,0,0,0,700,0
3888,5.3229,6.1613,0.0090,0.0000,0,0,0.0000,0,0.0000,0,0,0,601,0
3889,3.0520,5.9872,0.0030,0.0000,0,0,0.0000,0,0.0000,0,0,0,601,0
3890,3.0073,11.1047,0.0048,0.0000,0,0,0.0000,0,0.0000,0,0,0,737,0
3891,2.9795,10.8989,0.0023,0.0000,0,0,0.0000,0,0.0000,0,0,0,706,0
3892,5.3229,6.1346,0.0065,0.0000,0,0,0.0000,0,0.0000,0,0,0,601,0
3893,3.0520,5.8194,0.0028,0.0000,0,0,0.0000,0,0.0000,0,0,0,601,0
3894,3.0073,10.4298,0.0040,0.0000,0,0,0.0000,0,0.0000,0,0,0,718,0
3895,2.9795,10.2897,0.0018,0.0000,0,0,0.0000,0,0.0000,0,0,0,723,0
3896,5.3229,6.0248,0.0062,0.0000,0,0,0.0000,0,0.0000,0,0,0,601,0
3897,3.0520,5.8069,0.0023,0.0000,0,0,0.0000,0,0.0000,0,0,0,601,0
3898,3.0073,10.2941,0.0028,0.0000,0,0,0.0000,0,0.0000,0,0,0,719,0
3899,2.9795,10.4278,0.0030,0.0000,0,0,0.0000,0,0.0000,0,0,0,714,0
3900,5.3229,6.7268,0.0051,0.0000,0,0,0.0000,0,0.0000,0,0,0,601,0
3901,3.0520,10.3484,0.0028,0.0000,0,0,0.0000,0,0.0000,0,0,0,601,0
3902,3.0073,6.0728,0.0014,0.0000,0,0,0.0000,0,0.0000,0,0,0,747,0
3903,2.9795,9.5883,0.0024,0.0000,0,0,0.0000,0,0.0000,0,0,0,769,0
3904,5.3229,5.8025,0.0014,0.0000,0,0,0.0000,0,0.0000,0,0,0,601,0
3905,3.0520,5.6861,0.0025,0.0000,0,0,0.0000,0,0.0000,0,0,0,601,0
3906,3.0073,10.3138,0.0020,0.0000,0,0,0.0000,0,0.0000,0,0,0,696,0
3907,2.9795,10.3100,0.0010,0.0000,0,0,0.0000,0,0.0000,0,0,0,704,0
3908,5.3229,5.8662,0.0029,0.0000,0,0,0.0000,0,0.0000,0,0,0,601,0
3909,3.0520,5.6067,0.0011,0.0000,0,0,0.0000,0,0.0000,0,0,0,601,0
3910,3.0073,10.4115,0.0026,0.0000,0,0,0.0000,0,0.0000,0,0,0,696,0
3911,2.9795,10.3681,0.0010,0.0000,0,0,0.0000,0,0.0000,0,0,0,707,0
3912,5.3229,5.8275,0.0025,0.0000,0,0,0.0000,0,0.0000,0,0,0,601,0
3913,3.0520,5.5862,0.0007,0.0000,0,0,0.0000,0,0.0000,0,0,0,601,0
3914,3.0073,10.5487,0.0053,0.0000,0,0,0.0000,0,0.0000,0,0,0,696,0
3915,2.9795,10.4555,0.0053,0.0000,0,0,0.0000,0,0.0000,0,0,0,714,0
3916,5.3229,6.2009,0.0059,0.0000,0,0,0.0000,0,0.0000,0,0,0,601,0
3917,3.0520,5.9416,0.0030,0.0000,0,0,0.0000,0,0.0000,0,0,0,601,0
3918,3.0073,10.0688,0.0056,0.0000,0,0,0.0000,0,0.0000,0,0,0,696,0
3919,2.9795,10.0722,0.0027,0.0000,0,0,0.0000,0,0.0000,0,0,0,709,0
3920,5.3229,6.1081,0.0037,0.0000,0,0,0.0000,0,0.0000,0,0,0,601,0
3921,3.0520,5.8948,0.0028,0.0000,0,0,0.0000,0,0.0000,0,0,0,601,0
3922,3.0073,10.1341,0.0046,0.0000,0,0,0.0000,0,0.0000,0,0,0,696,0
3923,2.9795,10.1478,0.0031,0.0000,0,0,0.0000,0,0.0000,0,0,0,732,0
3924,5.3229,6.1112,0.0044,0.0000,0,0,0.0000,0,0.0000,0,0,0,601,0
3925,3.0520,5.8617,0.0021,0.0000,0,0,0.0000,0,0.0000,0,0,0,601,0
3926,3.0073,9.9715,0.0042,0.0000,0,0,0.0000,0,0.0000,0,0,0,696,0
3927,2.9795,10.1515,0.0029,0.0000,0,0,0.0000,0,0.0000,0,0,0,719,0
3928,5.3229,6.3188,0.0054,0.0000,0,0,0.0000,0,0.0000,0,0,0,601,0
3929,3.0520,5.9560,0.0028,0.0000,0,0,0.0000,0,0.0000,0,0,0,601,0
3930,3.0073,10.6089,0.0057,0.0000,0,0,0.0000,0,0.0000,0,0,0,708,0
3931,2.9795,10.6395,0.0027,0.0000,0,0,0.0000,0,0.0000,0,0,0,751,0
3932,5.3229,5.8382,0.0040,0.0000,0,0,0.0000,0,0.0000,0,0,0,601,0
3933,3.0520,5.5246,0.0010,0.0000,0,0,0.0000,0,0.0000,0,0,0,601,0
3934,3.0073,10.4910,0.0047,0.0000,0,0,0.0000,0,0.0000,0,0,0,708,0
3935,2.9795,10.3293,0.0047,0.0000,0,0,0.0000,0,0.0000,0,0,0,696,0
3936,5.3229,6.0712,0.0055,0.0000,0,0,0.0000,0,0.0000,0,0,0,601,0
3937,3.0520,5.8794,0.0025,0.0000,0,0,0.0000,0,0.0000,0,0,0,601,0
3938,3.0073,10.6187,0.0067,0.0000,0,0,0.0000,0,0.0000,0,0,0,706,0
3939,2.9795,10.4227,0.0033,0.0000,0,0,0.0000,0,0.0000,0,0,0,701,0
3940,5.3229,6.2320,0.0056,0.0000,0,0,0.0000,0,0.0000,0,0,0,601,0
3941,3.0520,5.8676,0.0032,0.0000,0,0,0.0000,0,0.0000,0,0,0,601,0
3942,3.0073,10.1510,0.0029,0.0000,0,0,0.0000,0,0.0000,0,0,0,707,0
3943,2.9795,10.4166,0.0013,0.0000,0,0,0.0000,0,0.0000,0,0,0,703,0
3944,5.3229,6.1387,0.0051,0.0000,0,0,0.0000,0,0.0000,0,0,0,601,0
3945,3.0520,5.9495,0.0028,0.0000,0,0,0.0000,0,0.0000,0,0,0,601,0
3946,3.0073,10.2201,0.0043,0.0000,0,0,0.0000,0,0.0000,0,0,0,723,0
3947,2.9795,10.5250,0.0035,0.0000,0,0,0.0000,0,0.0000,0,0,0,707,0
3948,5.3229,6.0640,0.0036,0.0000,0,0,0.0000,0,0.0000,0,0,0,601,0
3949,3.0520,5.8880,0.0019,0.0000,0,0,0.0000,0,0.0000,0,0,0,601,0
3950,3.0073,10.0700,0.0040,0.0000,0,0,0.0000,0,0.0000,0,0,0,696,0
3951,2.9795,10.0839,0.0027,0.0000,0,0,0.0000,0,0.0000,0,0,0,708,0
3952,5.3229,6.1857,0.0057,0.0000,0,0,0.0000,0,0.0000,0,0,0,601,0
3953,3.0520,5.8453,0.0013,0.0000,0,0,0.0000,0,0.0000,0,0,0,601,0
3954,3.0073,9.9340,0.0048,0.0000,0,0,0.0000,0,0.0000,0,0,0,696,0
3955,2.9795,10.0844,0.0029,0.0000,0,0,0.0000,0,0.0000,0,0,0,712,0
3956,5.3229,6.1515,0.0051,0.0000,0,0,0.0000,0,0.0000,0,0,0,601,0
3957,3.0520,5.8260,0.0029,0.0000,0,0,0.0000,0,0.0000,0,0,0,601,0
3958,3.0073,10.6054,0.0051,0.0000,0,0,0.0000,0,0.0000,0,0,0,696,0
3959,2.9795,10.8209,0.0027,0.0000,0,0,0.0000,0,0.0000,0,0,0,754,0
3960,5.3229,6.0321,0.0033,0.0000,0,0,0.0000,0,0.0000,0,0,0,601,0
3961,3.0520,5.8377,0.0018,0.0000,0,0,0.0000,0,0.0000,0,0,0,601,0
3962,3.0073,10.0368,0.0036,0.0000,0,0,0.0000,0,0.0000,0,0,0,696,0
3963,2.9795,9.9220,0.0019,0.0000,0,0,0.0000,0,0.0000,0,0,0,696,0
3964,5.3229,5.9370,0.0047,0.0000,0,0,0.0000,0,0.0000,0,0,0,601,0
3965,3.0520,5.9073,0.0020,0.0000,0,0,0.0000,0,0.0000,0,0,0,601,0
3966,3.0073,9.8792,0.0053,0.0000,0,0,0.0000,0,0.0000,0,0,0,701,0
3967,2.9795,9.9628,0.0029,0.0000,0,0,0.0000,0,0.0000,0,0,0,706,0
3968,5.3229,6.0747,0.0032,0.0000,0,0,0.0000,0,0.0000,0,0,0,601,0
3969,3.0520,5.8711,0.0013,0.0000,0,0,0.0000,0,0.0000,0,0,0,601,0
3970,3.0073,10.0045,0.0042,0.0000,0,0,0.0000,0,0.0000,0,0,0,696,0
3971,2.9795,10.2604,0.0030,0.0000,0,0,0.0000,0,0.0000,0,0,0,700,0
3972,5.3229,6.0441,0.0037,0.0000,0,0,0.0000,0,0.0000,0,0,0,601,0
3973,3.0520,5.7200,0.0015,0.0000,0,0,0.0000,0,0.0000,0,0,0,601,0
3974,3.0073,10.3943,0.0053,0.0000,0,0,0.0000,0,0.0000,0,0,0,707,0
3975,2.9795,10.4653,0.0030,0.0000,0,0,0.0000,0,0.0000,0,0,0,704,0
3976,5.3229,6.1786,0.0046,0.0000,0,0,0.0000,0,0.0000,0,0,0,601,0
3977,3.0520,5.7737,0.0012,0.0000,0,0,0.0000,0,0.0000,0,0,0,601,0
3978,3.0073,10.4234,0.0044,0.0000,0,0,0.0000,0,0.0000,0,0,0,701,0
3979,2.9795,10.4426,0.0022,0.0000,0,0,0.0000,0,0.0000,0,0,0,715,0
3980,5.3229,6.1664,0.0062,0.0000,0,0,0.0000,0,0.0000,0,0,0,601,0
3981,3.0520,5.7609,0.0013,0.0000,0,0,0.0000,0,0.0000,0,0,0,601,0
3982,3.0073,10.2239,0.0053,0.0000,0,0,0.0000,0,0.0000,0,0,0,702,0
3983,2.9795,10.2555,0.0020,0.0000,0,0,0.0000,0,0.0000,0,0,0,700,0
3984,5.3229,6.3762,0.0072,0.0000,0,0,0.0000,0,0.0000,0,0,0,601,0
3985,3.0520,5.9673,0.0034,0.0000,0,0,0.0000,0,0.0000,0,0,0,601,0
3986,3.0073,10.3507,0.0063,0.0000,0,0,0.0000,0,0.0000,0,0,0,711,0
3987,2.9795,10.2551,0.0024,0.0000,0,0,0.0000,0,0.0000,0,0,0,764,0
3988,5.3229,6.3111,0.0066,0.0000,0,0,0.0000,0,0.0000,0,0,0,601,0
3989,3.0520,5.9607,0.0025,0.0000,0,0,0.0000,0,0.0000,0,0,0,601,0
3990,3.0073,10.2378,0.0047,0.0000,0,0,0.0000,0,0.0000,0,0,0,722,0
3991,2.9795,10.1256,0.0025,0.0000,0,0,0.0000,0,0.0000,0,0,0,696,0
3992,5.3229,6.1161,0.0042,0.0000,0,0,0.0000,0,0.0000,0,0,0,601,0
3993,3.0520,5.9609,0.0022,0.0000,0,0,0.0000,0,0.0000,0,0,0,601,0
3994,3.0073,10.0354,0.0037,0.0000,0,0,0.0000,0,0.0000,0,0,0,696,0
3995,2.9795,10.2510,0.0032,0.0000,0,0,0.0000,0,0.0000,0,0,0,696,0
3996,5.3229,6.0625,0.0058,0.0000,0,0,0.0000,0,0.0000,0,0,0,601,0
3997,3.0520,5.7920,0.0031,0.0000,0,0,0.0000,0,0.0000,0,0,0,601,0
3998,3.0073,10.3286,0.0028,0.0000,0,0,0.0000,0,0.0000,0,0,0,696,0
3999,2.9795,10.2660,0.0010,0.0000,0,0,0.0000,0,0.0000,0,0,0,696,0
4000,5.3229,5.8293,0.0022,0.0000,0,0,0.0000,0,0.0000,0,0,0,601,0
4001,3.0520,5.5634,0.0009,0.0000,0,0,0.0000,0,0.0000,0,0,0,601,0
4002,3.0073,10.3734,0.0030,0.0000,0,0,0.0000,0,0.0000,0,0,0,696,0
4003,2.9795,10.2934,0.0011,0.0000,0,0,0.0000,0,0.0000,0,0,0,700,0
4004,5.3229,5.9520,0.0035,0.0000,0,0,0.0000,0,0.0000,0,0,0,601,0
4005,3.0520,5.5770,0.0010,0.0000,0,0,0.0000,0,0.0000,0,0,0,601,0
4006,3.0073,10.4053,0.0023,0.0000,0,0,0.0000,0,0.0000,0,0,0,705,0
4007,2.9795,10.3541,0.0010,0.0000,0,0,0.0000,0,0.0000,0,0,0,702,0
4008,5.3229,5.8828,0.0026,0.0000,0,0,0.0000,0,0.0000,0,0,0,601,0
4009,3.0520,5.6020,0.0010,0.0000,0,0,0.0000,0,0.0000,0,0,0,601,0
4010,3.0073,10.3520,0.0021,0.0000,0,0,0.0000,0,0.0000,0,0,0,708,0
4011,2.9795,10.3099,0.0008,0.0000,0,0,0.0000,0,0.0000,0,0,0,706,0
4012,5.3229,5.8155,0.0024,0.0000,0,0,0.0000,0,0.0000,0,0,0,601,0
4013,3.0520,5.5848,0.0005,0.0000,0,0,0.0000,0,0.0000,0,0,0,601,0
4014,3.0073,10.3408,0.0020,0.0000,0,0,0.0000,0,0.0000,0,0,0,707,0
4015,2.9795,10.3392,0.0008,0.0000,0,0,0.0000,0,0.0000,0,0,0,721,0
4016,5.3229,5.7855,0.0024,0.0000,0,0,0.0000,0,0.0000,0,0,0,601,0
4017,3.0520,5.5802,0.0011,0.0000,0,0,0.0000,0,0.0000,0,0,0,601,0
4018,3.0073,10.4089,0.0027,0.0000,0,0,0.0000,0,0.0000,0,0,0,708,0
4019,2.9795,10.3040,0.0004,0.0000,0,0,0.0000,0,0.0000,0,0,0,696,0
4020,5.3229,5.8679,0.0029,0.0000,0,0,0.0000,0,0.0000,0,0,0,601,0
4021,3.0520,5.6026,0.0010,0.0000,0,0,0.0000,0,0.0000,0,0,0,601,0
4022,3.0073,10.4708,0.0019,0.0000,0,0,0.0000,0,0.0000,0,0,0,706,0
4023,2.9795,10.4113,0.0010,0.0000,0,0,0.0000,0,0.0000,0,0,0,696,0
4024,5.3229,5.7825,0.0026,0.0000,0,0,0.0000,0,0.0000,0,0,0,601,0
4025,3.0520,5.5707,0.0011,0.0000,0,0,0.0000,0,0.0000,0,0,0,601,0
4026,3.0073,10.3787,0.0023,0.0000,0,0,0.0000,0,0.0000,0,0,0,711,0
4027,2.9795,10.3439,0.0011,0.0000,0,0,0.0000,0,0.0000,0,0,0,696,0
4028,5.3229,5.9240,0.0040,0.0000,0,0,0.0000,0,0.0000,0,0,0,601,0
4029,3.0520,5.6557,0.0029,0.0000,0,0,0.0000,0,0.0000,0,0,0,601,0
4030,3.0073,10.5396,0.0032,0.0000,0,0,0.0000,0,0.0000,0,0,0,706,0
4031,2.9795,10.4575,0.0009,0.0000,0,0,0.0000,0,0.0000,0,0,0,702,0
4032,5.3229,6.0517,0.0030,0.0000,0,0,0.0000,0,0.0000,0,0,0,601,0
4033,3.0520,5.6646,0.0029,0.0000,0,0,0.0000,0,0.0000,0,0,0,601,0
4034,3.0073,10.5717,0.0033,0.0000,0,0,0.0000,0,0.0000,0,0,0,748,0
4035,2.9795,10.4984,0.0011,0.0000,0,0,0.0000,0,0.0000,0,0,0,702,0
4036,5.3229,5.9651,0.0032,0.0000,0,0,0.0000,0,0.0000,0,0,0,601,0
4037,3.0520,5.7043,0.0006,0.0000,0,0,0.0000,0,0.0000,0,0,0,601,0
4038,3.0073,10.3880,0.0020,0.0000,0,0,0.0000,0,0.0000,0,0,0,696,0
4039,2.9795,10.3195,0.0005,0.0000,0,0,0.0000,0,0.0000,0,0,0,702,0
4040,5.3229,5.8211,0.0028,0.0000,0,0,0.0000,0,0.0000,0,0,0,601,0
4041,3.0520,5.5627,0.0026,0.0000,0,0,0.0000,0,0.0000,0,0,0,601,0
4042,3.0073,10.4130,0.0023,0.0000,0,0,0.0000,0,0.0000,0,0,0,696,0
4043,2.9795,10.3853,0.0010,0.0000,0,0,0.0000,0,0.0000,0,0,0,742,0
4044,5.3229,5.8262,0.0063,0.0000,0,0,0.0000,0,0.0000,0,0,0,601,0
4045,3.0520,5.5592,0.0009,0.0000,0,0,0.0000,0,0.0000,0,0,0,601,0
4046,3.0073,10.3319,0.0015,0.0000,0,0,0.0000,0,0.0000,0,0,0,696,0
4047,2.9795,10.3567,0.0010,0.0000,0,0,0.0000,0,0.0000,0,0,0,696,0
4048,5.3229,5.7990,0.0021,0.0000,0,0,0.0000,0,0.0000,0,0,0,601,0
4049,3.0520,5.5703,0.0008,0.0000,0,0,0.0000,0,0.0000,0,0,0,601,0
4050,3.0073,10.3715,0.0017,0.0000,0,0,0.0000,0,0.0000,0,0,0,696,0
4051,2.9795,10.3690,0.0008,0.0000,0,0,0.0000,0,0.0000,0,0,0,696,0
4052,5.3229,5.7417,0.0019,0.0000,0,0,0.0000,0,0.0000,0,0,0,601,0
4053,3.0520,5.5266,0.0008,0.0000,0,0,0.0000,0,0.0000,0,0,0,601,0
4054,3.0073,10.4652,0.0017,0.0000,0,0,0.0000,0,0.0000,0,0,0,702,0
4055,2.9795,10.4090,0.0008,0.0000,0,0,0.0000,0,0.0000,0,0,0,696,0
4056,5.3229,5.8500,0.0024,0.0000,0,0,0.0000,0,0.0000,0,0,0,601,0
4057,3.0520,5.6542,0.0006,0.0000,0,0,0.0000,0,0.0000,0,0,0,601,0
4058,3.0073,10.2582,0.0103,0.0000,0,0,0.0000,0,0.0000,0,0,0,701,0
4059,2.9795,10.2843,0.0007,0.0000,0,0,0.0000,0,0.0000,0,0,0,696,0
4060,5.3229,5.8783,0.0022,0.0000,0,0,0.0000,0,0.0000,0,0,0,601,0
4061,3.0520,5.5687,0.0023,0.0000,0,0,0.0000,0,0.0000,0,0,0,601,0
4062,3.0073,10.5072,0.0020,0.0000,0,0,0.0000,0,0.0000,0,0,0,704,0
4063,2.9795,10.3975,0.0005,0.0000,0,0,0.0000,0,0.0000,0,0,0,701,0
4064,5.3229,5.8904,0.0021,0.0000,0,0,0.0000,0,0.0000,0,0,0,601,0
4065,3.0520,5.5608,0.0009,0.0000,0,0,0.0000,0,0.0000,0,0,0,601,0
4066,3.0073,10.4747,0.0017,0.0000,0,0,0.0000,0,0.0000,0,0,0,701,0
4067,2.9795,10.3870,0.0008,0.0000,0,0,0.0000,0,0.0000,0,0,0,700,0
4068,5.3229,5.8345,0.0027,0.0000,0,0,0.0000,0,0.0000,0,0,0,601,0
4069,3.0520,5.5507,0.0009,0.0000,0,0,0.0000,0,0.0000,0,0,0,601,0
4070,3.0073,10.3944,0.0020,0.0000,0,0,0.0000,0,0.0000,0,0,0,701,0
4071,2.9795,10.3806,0.0009,0.0000,0,0,0.0000,0,0.0000,0,0,0,720,0
4072,5.3229,5.7546,0.0036,0.0000,0,0,0.0000,0,0.0000,0,0,0,601,0
4073,3.0520,5.5772,0.0024,0.0000,0,0,0.0000,0,0.0000,0,0,0,601,0
4074,3.0073,10.3909,0.0029,0.0000,0,0,0.0000,0,0.0000,0,0,0,702,0
4075,2.9795,10.2020,0.0010,0.0000,0,0,0.0000,0,0.0000,0,0,0,696,0
4076,5.3229,5.8378,0.0021,0.0000,0,0,0.0000,0,0.0000,0,0,0,601,0
4077,3.0520,5.6020,0.0008,0.0000,0,0,0.0000,0,0.0000,0,0,0,601,0
4078,3.0073,10.4326,0.0020,0.0000,0,0,0.0000,0,0.0000,0,0,0,712,0
4079,2.9795,10.2773,0.0009,0.0000,0,0,0.0000,0,0.0000,0,0,0,696,0
4080,5.3229,5.9030,0.0029,0.0000,0,0,0.0000,0,0.0000,0,0,0,601,0
4081,3.0520,5.5758,0.0009,0.0000,0,0,0.0000,0,0.0000,0,0,0,601,0
4082,3.0073,10.3915,0.0015,0.0000,0,0,0.0000,0,0.0000,0,0,0,696,0
4083,2.9795,10.3701,0.0008,0.0000,0,0,0.0000,0,0.0000,0,0,0,696,0
4084,5.3229,5.7727,0.0022,0.0000,0,0,0.0000,0,0.0000,0,0,0,601,0
4085,3.0520,5.5656,0.0009,0.0000,0,0,0.0000,0,0.0000,0,0,0,601,0
4086,3.0073,10.3628,0.0018,0.0000,0,0,0.0000,0,0.0000,0,0,0,696,0
4087,2.9795,10.3425,0.0004,0.0000,0,0,0.0000,0,0.0000,0,0,0,696,0
4088,5.3229,5.8700,0.0021,0.0000,0,0,0.0000,0,0.0000,0,0,0,601,0
4089,3.0520,5.5743,0.0011,0.0000,0,0,0.0000,0,0.0000,0,0,0,601,0
4090,3.0073,10.3010,0.0020,0.0000,0,0,0.0000,0,0.0000,0,0,0,696,0
4091,2.9795,10.2806,0.0008,0.0000,0,0,0.0000,0,0.0000,0,0,0,705,0
4092,5.3229,5.7509,0.0022,0.0000,0,0,0.0000,0,0.0000,0,0,0,601,0
4093,3.0520,5.6345,0.0008,0.0000,0,0,0.0000,0,0.0000,0,0,0,601,0
4094,3.0073,10.2988,0.0017,0.0000,0,0,0.0000,0,0.0000,0,0,0,696,0
4095,2.9795,10.3471,0.0006,0.0000,0,0,0.0000,0,0.0000,0,0,0,704,0
4096,5.3229,5.7659,0.0020,0.0000,0,0,0.0000,0,0.0000,0,0,0,601,0
4097,3.0520,5.5652,0.0010,0.0000,0,0,0.0000,0,0.0000,0,0,0,601,0
4098,3.0073,10.4551,0.0019,0.0000,0,0,0.0000,0,0.0000,0,0,0,706,0
4099,2.9795,10.3333,0.0006,0.0000,0,0,0.0000,0,0.0000,0,0,0,711,0
4100,5.3229,5.8681,0.0025,0.0000,0,0,0.0000,0,0.0000,0,0,0,601,0
4101,3.0520,5.5658,0.0009,0.0000,0,0,0.0000,0,0.0000,0,0,0,601,0
4102,3.0073,10.4692,0.0018,0.0000,0,0,0.0000,0,0.0000,0,0,0,702,0
4103,2.9795,10.3395,0.0008,0.0000,0,0,0.0000,0,0.0000,0,0,0,696,0
4104,5.3229,5.7670,0.0024,0.0000,0,0,0.0000,0,0.0000,0,0,0,601,0
4105,3.0520,5.5597,0.0009,0.0000,0,0,0.0000,0,0.0000,0,0,0,601,0
4106,3.0073,10.3421,0.0024,0.0000,0,0,0.0000,0,0.0000,0,0,0,702,0
4107,2.9795,10.2973,0.0008,0.0000,0,0,0.0000,0,0.0000,0,0,0,696,0
4108,5.3229,5.8087,0.0021,0.0000,0,0,0.0000,0,0.0000,0,0,0,601,0
4109,3.0520,5.5933,0.0008,0.0000,0,0,0.0000,0,0.0000,0,0,0,601,0
4110,3.0073,10.3611,0.0019,0.0000,0,0,0.0000,0,0.0000,0,0,0,696,0
4111,2.9795,10.3230,0.0008,0.0000,0,0,0.0000,0,0.0000,0,0,0,696,0
4112,5.3229,5.7218,0.0020,0.0000,0,0,0.0000,0,0.0000,0,0,0,601,0
4113,3.0520,5.5244,0.0009,0.0000,0,0,0.0000,0,0.0000,0,0,0,601,0
4114,3.0073,10.5071,0.0046,0.0000,0,0,0.0000,0,0.0000,0,0,0,696,0
4115,2.9795,10.4178,0.0045,0.0000,0,0,0.0000,0,0.0000,0,0,0,696,0
4116,5.3229,5.9740,0.0041,0.0000,0,0,0.0000,0,0.0000,0,0,0,601,0
4117,3.0520,5.7002,0.0019,0.0000,0,0,0.0000,0,0.0000,0,0,0,601,0
4118,3.0073,10.5128,0.0052,0.0000,0,0,0.0000,0,0.0000,0,0,0,696,0
4119,2.9795,10.3798,0.0034,0.0000,0,0,0.0000,0,0.0000,0,0,0,701,0
4120,5.3229,6.1052,0.0054,0.0000,0,0,0.0000,0,0.0000,0,0,0,601,0
4121,3.0520,5.8899,0.0027,0.0000,0,0,0.0000,0,0.0000,0,0,0,601,0
4122,3.0073,9.9657,0.0035,0.0000,0,0,0.0000,0,0.0000,0,0,0,709,0
4123,2.9795,9.9569,0.0013,0.0000,0,0,0.0000,0,0.0000,0,0,0,696,0
4124,5.3229,6.1253,0.0055,0.0000,0,0,0.0000,0,0.0000,0,0,0,601,0
4125,3.0520,5.9056,0.0026,0.0000,0,0,0.0000,0,0.0000,0,0,0,601,0
4126,3.0073,10.0770,0.0033,0.0000,0,0,0.0000,0,0.0000,0,0,0,696,0
4127,2.9795,10.0181,0.0013,0.0000,0,0,0.0000,0,0.0000,0,0,0,707,0
4128,5.3229,6.2660,0.0052,0.0000,0,0,0.0000,0,0.0000,0,0,0,601,0
4129,3.0520,5.8871,0.0029,0.0000,0,0,0.0000,0,0.0000,0,0,0,601,0
4130,3.0073,10.0995,0.0044,0.0000,0,0,0.0000,0,0.0000,0,0,0,696,0
4131,2.9795,9.8916,0.0024,0.0000,0,0,0.0000,0,0.0000,0,0,0,698,0
4132,5.3229,6.0745,0.0037,0.0000,0,0,0.0000,0,0.0000,0,0,0,601,0
4133,3.0520,5.8644,0.0013,0.0000,0,0,0.0000,0,0.0000,0,0,0,601,0
4134,3.0073,11.0422,0.0049,0.0000,0,0,0.0000,0,0.0000,0,0,0,696,0
4135,2.9795,10.8763,0.0237,0.0000,0,0,0.0000,0,0.0000,0,0,0,696,0
4136,5.3229,7.0986,0.0055,0.0000,0,0,0.0000,0,0.0000,0,0,0,601,0
4137,3.0520,6.7177,0.0036,0.0000,0,0,0.0000,0,0.0000,0,0,0,601,0
4138,3.0073,10.4563,0.0053,0.0000,0,0,0.0000,0,0.0000,0,0,0,696,0
4139,2.9795,10.3770,0.0023,0.0000,0,0,0.0000,0,0.0000,0,0,0,696,0
4140,5.3229,6.0143,0.0033,0.0000,0,0,0.0000,0,0.0000,0,0,0,601,0
4141,3.0520,5.7898,0.0013,0.0000,0,0,0.0000,0,0.0000,0,0,0,601,0
4142,3.0073,10.1672,0.0058,0.0000,0,0,0.0000,0,0.0000,0,0,0,696,0
4143,2.9795,10.0202,0.0037,0.0000,0,0,0.0000,0,0.0000,0,0,0,696,0
4144,5.3229,6.2135,0.0051,0.0000,0,0,0.0000,0,0.0000,0,0,0,601,0
4145,3.0520,5.8008,0.0032,0.0000,0,0,0.0000,0,0.0000,0,0,0,601,0
4146,3.0073,10.2458,0.0031,0.0000,0,0,0.0000,0,0.0000,0,0,0,696,0
4147,2.9795,10.2505,0.0015,0.0000,0,0,0.0000,0,0.0000,0,0,0,696,0
4148,5.3229,6.1362,0.0045,0.0000,0,0,0.0000,0,0.0000,0,0,0,601,0
4149,3.0520,5.9387,0.0013,0.0000,0,0,0.0000,0,0.0000,0,0,0,601,0
4150,3.0073,10.0320,0.0047,0.0000,0,0,0.0000,0,0.0000,0,0,0,696,0
4151,2.9795,10.2658,0.0030,0.0000,0,0,0.0000,0,0.0000,0,0,0,696,0
4152,5.3229,6.9183,0.0041,0.0000,0,0,0.0000,0,0.0000,0,0,0,601,0
4153,3.0520,6.3950,0.0020,0.0000,0,0,0.0000,0,0.0000,0,0,0,601,0
4154,3.0073,6.4235,0.0034,0.0000,0,0,0.0000,0,0.0000,0,0,0,696,0
4155,2.9795,5.7647,0.0020,0.0000,0,0,0.0000,0,0.0000,0,0,0,706,0
4156,5.3229,6.1039,0.0036,0.0000,0,0,0.0000,0,0.0000,0,0,0,601,0
4157,3.0520,5.6690,0.0012,0.0000,0,0,0.0000,0,0.0000,0,0,0,601,0
4158,3.0073,10.3679,0.0050,0.0000,0,0,0.0000,0,0.0000,0,0,0,696,0
4159,2.9795,10.4441,0.0026,0.0000,0,0,0.0000,0,0.0000,0,0,0,696,0
4160,5.3229,6.1975,0.0046,0.0000,0,0,0.0000,0,0.0000,0,0,0,601,0
4161,3.0520,5.9277,0.0029,0.0000,0,0,0.0000,0,0.0000,0,0,0,601,0
4162,3.0073,9.9640,0.0026,0.0000,0,0,0.0000,0,0.0000,0,0,0,696,0
4163,2.9795,10.1314,0.0013,0.0000,0,0,0.0000,0,0.0000,0,0,0,696,0
4164,5.3229,6.0814,0.0046,0.0000,0,0,0.0000,0,0.0000,0,0,0,601,0
4165,3.0520,5.9390,0.0027,0.0000,0,0,0.0000,0,0.0000,0,0,0,601,0
4166,3.0073,9.9315,0.0040,0.0000,0,0,0.0000,0,0.0000,0,0,0,701,0
4167,2.9795,9.9938,0.0015,0.0000,0,0,0.0000,0,0.0000,0,0,0,696,0
4168,5.3229,6.0163,0.0039,0.0000,0,0,0.0000,0,0.0000,0,0,0,601,0
4169,3.0520,5.8382,0.0021,0.0000,0,0,0.0000,0,0.0000,0,0,0,601,0
4170,3.0073,10.0899,0.0045,0.0000,0,0,0.0000,0,0.0000,0,0,0,696,0
4171,2.9795,9.9311,0.0025,0.0000,0,0,0.0000,0,0.0000,0,0,0,696,0
4172,5.3229,5.6788,0.0034,0.0000,0,0,0.0000,0,0.0000,0,0,0,601,0
4173,3.0520,5.4523,0.0011,0.0000,0,0,0.0000,0,0.0000,0,0,0,601,0
4174,3.0073,10.3770,0.0045,0.0000,0,0,0.0000,0,0.0000,0,0,0,696,0
4175,2.9795,10.2787,0.0045,0.0000,0,0,0.0000,0,0.0000,0,0,0,696,0
4176,5.3229,6.0247,0.0107,0.0000,0,0,0.0000,0,0.0000,0,0,0,601,0
4177,3.0520,5.7554,0.0018,0.0000,0,0,0.0000,0,0.0000,0,0,0,601,0
4178,3.0073,10.7681,0.0043,0.0000,0,0,0.0000,0,0.0000,0,0,0,696,0
4179,2.9795,10.6971,0.0013,0.0000,0,0,0.0000,0,0.0000,0,0,0,696,0
4180,5.3229,6.2024,0.0253,0.0000,0,0,0.0000,0,0.0000,0,0,0,601,0
4181,3.0520,5.7421,0.0048,0.0000,0,0,0.0000,0,0.0000,0,0,0,601,0
4182,3.0073,10.3280,0.0027,0.0000,0,0,0.0000,0,0.0000,0,0,0,696,0
4183,2.9795,10.2130,0.0010,0.0000,0,0,0.0000,0,0.0000,0,0,0,706,0
4184,5.3229,5.8342,0.0026,0.0000,0,0,0.0000,0,0.0000,0,0,0,601,0
4185,3.0520,5.5666,0.0009,0.0000,0,0,0.0000,0,0.0000,0,0,0,601,0
4186,3.0073,10.4162,0.0021,0.0000,0,0,0.0000,0,0.0000,0,0,0,696,0
4187,2.9795,10.3803,0.0011,0.0000,0,0,0.0000,0,0.0000,0,0,0,696,0
4188,5.3229,5.8698,0.0025,0.0000,0,0,0.0000,0,0.0000,0,0,0,601,0
4189,3.0520,5.5778,0.0008,0.0000,0,0,0.0000,0,0.0000,0,0,0,601,0
4190,3.0073,10.3870,0.0020,0.0000,0,0,0.0000,0,0.0000,0,0,0,696,0
4191,2.9795,10.3452,0.0010,0.0000,0,0,0.0000,0,0.0000,0,0,0,696,0
4192,5.3229,5.7899,0.0030,0.0000,0,0,0.0000,0,0.0000,0,0,0,601,0
4193,3.0520,5.5541,0.0005,0.0000,0,0,0.0000,0,0.0000,0,0,0,601,0
4194,3.0073,10.3124,0.0024,0.0000,0,0,0.0000,0,0.0000,0,0,0,696,0
4195,2.9795,10.2890,0.0007,0.0000,0,0,0.0000,0,0.0000,0,0,0,696,0
4196,5.3229,5.7837,0.0018,0.0000,0,0,0.0000,0,0.0000,0,0,0,601,0
4197,3.0520,5.5733,0.0005,0.0000,0,0,0.0000,0,0.0000,0,0,0,601,0
4198,3.0073,10.4678,0.0010,0.0000,0,0,0.0000,0,0.0000,0,0,0,696,0
4199,2.9795,10.4723,0.0007,0.0000,0,0,0.0000,0,0.0000,0,0,0,703,0
4200,5.3229,5.7977,0.0012,0.0000,0,0,0.0000,0,0.0000,0,0,0,601,0
4201,3.0520,5.6210,0.0009,0.0000,0,0,0.0000,0,0.0000,0,0,0,601,0
4202,3.0073,10.2764,0.0006,0.0000,0,0,0.0000,0,0.0000,0,0,0,696,0
4203,2.9795,10.2496,0.0006,0.0000,0,0,0.0000,0,0.0000,0,0,0,703,0
4204,5.3229,5.5847,0.0007,0.0000,0,0,0.0000,0,0.0000,0,0,0,601,0
4205,3.0520,5.5315,0.0007,0.0000,0,0,0.0000,0,0.0000,0,0,0,601,0
4206,3.0073,10.3784,0.0013,0.0000,0,0,0.0000,0,0.0000,0,0,0,696,0
4207,2.9795,10.3889,0.0021,0.0000,0,0,0.0000,0,0.0000,0,0,0,696,0
4208,5.3229,5.8137,0.0007,0.0000,0,0,0.0000,0,0.0000,0,0,0,601,0
4209,3.0520,5.5775,0.0006,0.0000,0,0,0.0000,0,0.0000,0,0,0,601,0
4210,3.0073,10.3551,0.0025,0.0000,0,0,0.0000,0,0.0000,0,0,0,700,0
4211,2.9795,10.2389,0.0018,0.0000,0,0,0.0000,0,0.0000,0,0,0,704,0
4212,5.3229,5.8668,0.0058,0.0000,0,0,0.0000,0,0.0000,0,0,0,601,0
4213,3.0520,5.6841,0.0058,0.0000,0,0,0.0000,0,0.0000,0,0,0,601,0
4214,3.0073,11.8044,0.0054,0.0000,0,0,0.0000,0,0.0000,0,0,0,696,0
4215,2.9795,11.7536,0.0029,0.0000,0,0,0.0000,0,0.0000,0,0,0,696,0
4216,5.3229,6.2566,0.0045,0.0000,0,0,0.0000,0,0.0000,0,0,0,601,0
4217,3.0520,5.7574,0.0015,0.0000,0,0,0.0000,0,0.0000,0,0,0,601,0
4218,3.0073,9.9706,0.0045,0.0000,0,0,0.0000,0,0.0000,0,0,0,696,0
4219,2.9795,9.9382,0.0031,0.0000,0,0,0.0000,0,0.0000,0,0,0,696,0
4220,5.3229,7.5523,0.0064,0.0000,0,0,0.0000,0,0.0000,0,0,0,601,0
4221,3.0520,5.9899,0.0021,0.0000,0,0,0.0000,0,0.0000,0,0,0,601,0
4222,3.0073,9.5747,0.0042,0.0000,0,0,0.0000,0,0.0000,0,0,0,696,0
4223,2.9795,9.6327,0.0016,0.0000,0,0,0.0000,0,0.0000,0,0,0,696,0
4224,5.3229,6.0356,0.0769,0.0000,0,0,0.0000,0,0.0000,0,0,0,601,0
4225,3.0520,5.7208,0.0025,0.0000,0,0,0.0000,0,0.0000,0,0,0,601,0
4226,3.0073,10.1918,0.0054,0.0000,0,0,0.0000,0,0.0000,0,0,0,696,0
4227,2.9795,10.0880,0.0025,0.0000,0,0,0.0000,0,0.0000,0,0,0,696,0
4228,5.3229,6.3106,0.0045,0.0000,0,0,0.0000,0,0.0000,0,0,0,601,0
4229,3.0520,5.9009,0.0027,0.0000,0,0,0.0000,0,0.0000,0,0,0,601,0
4230,3.0073,10.1953,0.0059,0.0000,0,0,0.0000,0,0.0000,0,0,0,696,0
4231,2.9795,10.1115,0.0029,0.0000,0,0,0.0000,0,0.0000,0,0,0,696,0
4232,5.3229,6.0761,0.0040,0.0000,0,0,0.0000,0,0.0000,0,0,0,601,0
4233,3.0520,5.8559,0.0023,0.0000,0,0,0.0000,0,0.0000,0,0,0,601,0
4234,3.0073,10.0290,0.0040,0.0000,0,0,0.0000,0,0.0000,0,0,0,696,0
4235,2.9795,10.0496,0.0019,0.0000,0,0,0.0000,0,0.0000,0,0,0,696,0
4236,5.3229,5.8762,0.0036,0.0000,0,0,0.0000,0,0.0000,0,0,0,601,0
4237,3.0520,5.7783,0.0025,0.0000,0,0,0.0000,0,0.0000,0,0,0,601,0
4238,3.0073,10.5793,0.0052,0.0000,0,0,0.0000,0,0.0000,0,0,0,696,0
4239,2.9795,10.5348,0.0032,0.0000,0,0,0.0000,0,0.0000,0,0,0,696,0
4240,5.3229,5.8923,0.0039,0.0000,0,0,0.0000,0,0.0000,0,0,0,601,0
4241,3.0520,5.8195,0.0022,0.0000,0,0,0.0000,0,0.0000,0,0,0,601,0
4242,3.0073,9.9494,0.0029,0.0000,0,0,0.0000,0,0.0000,0,0,0,696,0
4243,2.9795,10.0015,0.0013,0.0000,0,0,0.0000,0,0.0000,0,0,0,696,0
4244,5.3229,5.9616,0.0032,0.0000,0,0,0.0000,0,0.0000,0,0,0,601,0
4245,3.0520,5.8582,0.0015,0.0000,0,0,0.0000,0,0.0000,0,0,0,601,0
4246,3.0073,10.0316,0.0044,0.0000,0,0,0.0000,0,0.0000,0,0,0,696,0
4247,2.9795,10.1366,0.0034,0.0000,0,0,0.0000,0,0.0000,0,0,0,696,0
4248,5.3229,6.1280,0.0047,0.0000,0,0,0.0000,0,0.0000,0,0,0,601,0
4249,3.0520,5.8279,0.0013,0.0000,0,0,0.0000,0,0.0000,0,0,0,601,0
4250,3.0073,10.0717,0.0044,0.0000,0,0,0.0000,0,0.0000,0,0,0,696,0
4251,2.9795,10.1720,0.0018,0.0000,0,0,0.0000,0,0.0000,0,0,0,696,0
4252,5.3229,6.0365,0.0029,0.0000,0,0,0.0000,0,0.0000,0,0,0,601,0
4253,3.0520,5.8440,0.0016,0.0000,0,0,0.0000,0,0.0000,0,0,0,601,0
4254,3.0073,9.9962,0.0037,0.0000,0,0,0.0000,0,0.0000,0,0,0,700,0
4255,2.9795,9.9663,0.0012,0.0000,0,0,0.0000,0,0.0000,0,0,0,696,0
4256,5.3229,6.2172,0.0048,0.0000,0,0,0.0000,0,0.0000,0,0,0,601,0
4257,3.0520,5.9527,0.0026,0.0000,0,0,0.0000,0,0.0000,0,0,0,601,0
4258,3.0073,9.9499,0.0033,0.0000,0,0,0.0000,0,0.0000,0,0,0,696,0
4259,2.9795,10.1191,0.0028,0.0000,0,0,0.0000,0,0.0000,0,0,0,696,0
4260,5.3229,5.8483,0.0032,0.0000,0,0,0.0000,0,0.0000,0,0,0,601,0
4261,3.0520,5.6629,0.0013,0.0000,0,0,0.0000,0,0.0000,0,0,0,601,0
4262,3.0073,10.6777,0.0050,0.0000,0,0,0.0000,0,0.0000,0,0,0,696,0
4263,2.9795,10.4960,0.0032,0.0000,0,0,0.0000,0,0.0000,0,0,0,696,0
4264,5.3229,6.1755,0.0043,0.0000,0,0,0.0000,0,0.0000,0,0,0,601,0
4265,3.0520,5.8349,0.0013,0.0000,0,0,0.0000,0,0.0000,0,0,0,601,0
4266,3.0073,10.3661,0.0061,0.0000,0,0,0.0000,0,0.0000,0,0,0,696,0
4267,2.9795,10.4184,0.0022,0.0000,0,0,0.0000,0,0.0000,0,0,0,696,0
4268,5.3229,6.1498,0.0045,0.0000,0,0,0.0000,0,0.0000,0,0,0,601,0
4269,3.0520,5.9462,0.0029,0.0000,0,0,0.0000,0,0.0000,0,0,0,601,0
4270,3.0073,10.2395,0.0043,0.0000,0,0,0.0000,0,0.0000,0,0,0,696,0
4271,2.9795,10.0309,0.0021,0.0000,0,0,0.0000,0,0.0000,0,0,0,696,0
4272,5.3229,6.1056,0.0042,0.0000,0,0,0.0000,0,0.0000,0,0,0,601,0
4273,3.0520,5.7854,0.0024,0.0000,0,0,0.0000,0,0.0000,0,0,0,601,0
4274,3.0073,10.2440,0.0035,0.0000,0,0,0.0000,0,0.0000,0,0,0,696,0
4275,2.9795,10.2703,0.0016,0.0000,0,0,0.0000,0,0.0000,0,0,0,696,0
4276,5.3229,5.9209,0.0122,0.0000,0,0,0.0000,0,0.0000,0,0,0,601,0
4277,3.0520,5.6819,0.0011,0.0000,0,0,0.0000,0,0.0000,0,0,0,601,0
4278,3.0073,10.5480,0.0049,0.0000,0,0,0.0000,0,0.0000,0,0,0,696,0
4279,2.9795,10.3221,0.0048,0.0000,0,0,0.0000,0,0.0000,0,0,0,696,0
4280,5.3229,5.9634,0.0086,0.0000,0,0,0.0000,0,0.0000,0,0,0,601,0
4281,3.0520,5.6811,0.0012,0.0000,0,0,0.0000,0,0.0000,0,0,0,601,0
4282,3.0073,10.9328,0.0045,0.0000,0,0,0.0000,0,0.0000,0,0,0,696,0
4283,2.9795,10.7188,0.0045,0.0000,0,0,0.0000,0,0.0000,0,0,0,696,0
4284,5.3229,8.0756,0.0058,0.0000,0,0,0.0000,0,0.0000,0,0,0,601,0
4285,3.0520,7.3268,0.0058,0.0000,0,0,0.0000,0,0.0000,0,0,0,601,0
4286,3.0073,9.9722,0.0044,0.0000,0,0,0.0000,0,0.0000,0,0,0,696,0
4287,2.9795,9.8758,0.0013,0.0000,0,0,0.0000,0,0.0000,0,0,0,696,0
4288,5.3229,6.0103,0.0031,0.0000,0,0,0.0000,0,0.0000,0,0,0,601,0
4289,3.0520,5.7371,0.0017,0.0000,0,0,0.0000,0,0.0000,0,0,0,601,0
4290,3.0073,10.6575,0.0058,0.0000,0,0,0.0000,0,0.0000,0,0,0,696,0
4291,2.9795,10.4708,0.0059,0.0000,0,0,0.0000,0,0.0000,0,0,0,696,0
4292,5.3229,6.0378,0.0031,0.0000,0,0,0.0000,0,0.0000,0,0,0,601,0
4293,3.0520,6.0104,0.0029,0.0000,0,0,0.0000,0,0.0000,0,0,0,601,0
4294,3.0073,9.8781,0.0030,0.0000,0,0,0.0000,0,0.0000,0,0,0,696,0
4295,2.9795,10.1073,0.0014,0.0000,0,0,0.0000,0,0.0000,0,0,0,696,0
4296,5.3229,6.0469,0.0029,0.0000,0,0,0.0000,0,0.0000,0,0,0,601,0
4297,3.0520,5.7429,0.0013,0.0000,0,0,0.0000,0,0.0000,0,0,0,601,0
4298,3.0073,10.2830,0.0035,0.0000,0,0,0.0000,0,0.0000,0,0,0,696,0
4299,2.9795,10.2810,0.0017,0.0000,0,0,0.0000,0,0.0000,0,0,0,696,0
4300,5.3229,6.1454,0.0050,0.0000,0,0,0.0000,0,0.0000,0,0,0,601,0
4301,3.0520,5.7085,0.0026,0.0000,0,0,0.0000,0,0.0000,0,0,0,601,0
4302,3.0073,10.3377,0.0035,0.0000,0,0,0.0000,0,0.0000,0,0,0,696,0
4303,2.9795,10.0702,0.0015,0.0000,0,0,0.0000,0,0.0000,0,0,0,696,0
4304,5.3229,6.0881,0.0029,0.0000,0,0,0.0000,0,0.0000,0,0,0,601,0
4305,3.0520,5.8806,0.0013,0.0000,0,0,0.0000,0,0.0000,0,0,0,601,0
4306,3.0073,9.5850,0.0039,0.0000,0,0,0.0000,0,0.0000,0,0,0,696,0
4307,2.9795,10.2227,0.0022,0.0000,0,0,0.0000,0,0.0000,0,0,0,696,0
4308,5.3229,6.1702,0.0051,0.0000,0,0,0.0000,0,0.0000,0,0,0,601,0
4309,3.0520,5.8945,0.0025,0.0000,0,0,0.0000,0,0.0000,0,0,0,601,0
4310,3.0073,10.3426,0.0053,0.0000,0,0,0.0000,0,0.0000,0,0,0,696,0
4311,2.9795,10.4020,0.0015,0.0000,0,0,0.0000,0,0.0000,0,0,0,696,0
4312,5.3229,6.0315,0.0059,0.0000,0,0,0.0000,0,0.0000,0,0,0,601,0
4313,3.0520,5.7051,0.0014,0.0000,0,0,0.0000,0,0.0000,0,0,0,601,0
4314,3.0073,10.3318,0.0031,0.0000,0,0,0.0000,0,0.0000,0,0,0,696,0
4315,2.9795,10.3054,0.0016,0.0000,0,0,0.0000,0,0.0000,0,0,0,696,0
4316,5.3229,6.1318,0.0057,0.0000,0,0,0.0000,0,0.0000,0,0,0,601,0
4317,3.0520,6.0290,0.0029,0.0000,0,0,0.0000,0,0.0000,0,0,0,601,0
4318,3.0073,10.2601,0.0058,0.0000,0,0,0.0000,0,0.0000,0,0,0,696,0
4319,2.9795,10.1705,0.0032,0.0000,0,0,0.0000,0,0.0000,0,0,0,696,0
4320,5.3229,48.0403,0.0143,0.0000,0,0,0.0000,0,0.0000,0,1,0,60271,0
4321,3.0520,31.9149,0.0163,0.0000,0,0,0.0000,0,0.0000,0,1,0,43482,0
4322,3.0073,25.4172,0.0057,0.0000,0,0,0.0000,0,0.0000,0,1,0,59828,0
4323,2.9795,25.8362,0.0103,0.0000,0,0,0.0000,0,0.0000,0,1,0,68126,0
4324,5.3229,5.8447,0.0074,0.0000,0,0,0.0000,0,0.0000,0,0,0,16498,0
4325,3.0520,5.5810,0.0023,0.0000,0,0,0.0000,0,0.0000,0,0,0,14403,0
4326,3.0073,10.4252,0.0040,0.0000,0,0,0.0000,0,0.0000,0,0,0,17862,0
4327,2.9795,10.3785,0.0053,0.0000,0,0,0.0000,0,0.0000,0,0,0,17138,0
4328,5.3229,5.8254,0.0030,0.0000,0,0,0.0000,0,0.0000,0,0,0,9226,0
4329,3.0520,5.5633,0.0008,0.0000,0,0,0.0000,0,0.0000,0,0,0,6914,0
4330,3.0073,10.3950,0.0033,0.0000,0,0,0.0000,0,0.0000,0,0,0,11125,0
4331,2.9795,10.4175,0.0041,0.0000,0,0,0.0000,0,0.0000,0,0,0,9621,0
4332,5.3229,5.8078,0.0090,0.0000,0,0,0.0000,0,0.0000,0,0,0,17369,0
4333,3.0520,5.6080,0.0020,0.0000,0,0,0.0000,0,0.0000,0,0,0,16755,0
4334,3.0073,10.4757,0.0035,0.0000,0,0,0.0000,0,0.0000,0,0,0,19658,0
4335,2.9795,10.4277,0.0040,0.0000,0,0,0.0000,0,0.0000,0,0,0,15622,0
4336,5.3229,5.7417,0.0055,0.0000,0,0,0.0000,0,0.0000,0,0,0,23309,0
4337,3.0520,5.5518,0.0153,0.0000,0,0,0.0000,0,0.0000,0,0,0,20346,0
4338,3.0073,10.3445,0.0028,0.0000,0,0,0.0000,0,0.0000,0,0,0,22802,0
4339,2.9795,10.3327,0.0060,0.0000,0,0,0.0000,0,0.0000,0,0,0,21407,0
4340,5.3229,5.7651,0.0030,0.0000,0,0,0.0000,0,0.0000,0,0,0,13027,0
4341,3.0520,5.5487,0.0019,0.0000,0,0,0.0000,0,0.0000,0,0,0,11737,0
4342,3.0073,10.4795,0.0036,0.0000,0,0,0.0000,0,0.0000,0,0,0,12722,0
4343,2.9795,10.4082,0.0045,0.0000,0,0,0.0000,0,0.0000,0,0,0,16214,0
4344,5.3229,5.8047,0.0035,0.0000,0,0,0.0000,0,0.0000,0,0,0,7002,0
4345,3.0520,5.5512,0.0014,0.0000,0,0,0.0000,0,0.0000,0,0,0,5132,0
4346,3.0073,10.4393,0.0035,0.0000,0,0,0.0000,0,0.0000,0,0,0,7491,0
4347,2.9795,10.3591,0.0022,0.0000,0,0,0.0000,0,0.0000,0,0,0,4790,0
4348,5.3229,5.8908,0.0045,0.0000,0,0,0.0000,0,0.0000,0,0,0,3933,0
4349,3.0520,5.5895,0.0014,0.0000,0,0,0.0000,0,0.0000,0,0,0,3799,0
4350,3.0073,10.4413,0.0015,0.0000,0,0,0.0000,0,0.0000,0,0,0,4399,0
4351,2.9795,10.3227,0.0009,0.0000,0,0,0.0000,0,0.0000,0,0,0,3276,0
4352,5.3229,5.7778,0.0008,0.0000,0,0,0.0000,0,0.0000,0,0,0,3260,0
4353,3.0520,5.6598,0.0008,0.0000,0,0,0.0000,0,0.0000,0,0,0,2850,0
4354,3.0073,10.4353,0.0008,0.0000,0,0,0.0000,0,0.0000,0,0,0,3280,0
4355,2.9795,10.4648,0.0007,0.0000,0,0,0.0000,0,0.0000,0,0,0,2761,0
4356,5.3229,5.6973,0.0013,0.0000,0,0,0.0000,0,0.0000,0,0,0,3090,0
4357,3.0520,5.6313,0.0015,0.0000,0,0,0.0000,0,0.0000,0,0,0,2691,0
4358,3.0073,10.5116,0.0010,0.0000,0,0,0.0000,0,0.0000,0,0,0,3020,0
4359,2.9795,10.5114,0.0007,0.0000,0,0,0.0000,0,0.0000,0,0,0,2648,0
4360,5.3229,5.6939,0.0028,0.0000,0,0,0.0000,0,0.0000,0,0,0,2664,0
4361,3.0520,5.5580,0.0012,0.0000,0,0,0.0000,0,0.0000,0,0,0,2213,0
4362,3.0073,10.4515,0.0013,0.0000,0,0,0.0000,0,0.0000,0,0,0,1084,0
4363,2.9795,10.4622,0.0009,0.0000,0,0,0.0000,0,0.0000,0,0,0,2638,0
4364,5.3229,5.7608,0.0075,0.0000,0,0,0.0000,0,0.0000,0,0,0,1673,0
4365,3.0520,5.6101,0.0006,0.0000,0,0,0.0000,0,0.0000,0,0,0,1302,0
4366,3.0073,10.4526,0.0008,0.0000,0,0,0.0000,0,0.0000,0,0,0,959,0
4367,2.9795,10.4585,0.0007,0.0000,0,0,0.0000,0,0.0000,0,0,0,2173,0
4368,5.3229,5.6684,0.0009,0.0000,0,0,0.0000,0,0.0000,0,0,0,1538,0
4369,3.0520,5.5908,0.0007,0.0000,0,0,0.0000,0,0.0000,0,0,0,1107,0
4370,3.0073,10.4442,0.0008,0.0000,0,0,0.0000,0,0.0000,0,0,0,819,0
4371,2.9795,10.4530,0.0007,0.0000,0,0,0.0000,0,0.0000,0,0,0,1668,0
4372,5.3229,5.6300,0.0008,0.0000,0,0,0.0000,0,0.0000,0,0,0,1248,0
4373,3.0520,5.5695,0.0008,0.0000,0,0,0.0000,0,0.0000,0,0,0,944,0
4374,3.0073,10.4871,0.0008,0.0000,0,0,0.0000,0,0.0000,0,0,0,945,0
4375,2.9795,10.4861,0.0009,0.0000,0,0,0.0000,0,0.0000,0,0,0,743,0
4376,5.3229,5.6575,0.0008,0.0000,0,0,0.0000,0,0.0000,0,0,0,1198,0
4377,3.0520,5.6062,0.0007,0.0000,0,0,0.0000,0,0.0000,0,0,0,836,0
4378,3.0073,10.4370,0.0008,0.0000,0,0,0.0000,0,0.0000,0,0,0,1250,0
4379,2.9795,10.4437,0.0008,0.0000,0,0,0.0000,0,0.0000,0,0,0,717,0
4380,5.3229,5.6810,0.0008,0.0000,0,0,0.0000,0,0.0000,0,0,0,1168,0
4381,3.0520,5.6544,0.0008,0.0000,0,0,0.0000,0,0.0000,0,0,0,792,0
4382,3.0073,10.5090,0.0007,0.0000,0,0,0.0000,0,0.0000,0,0,0,1108,0
4383,2.9795,10.5188,0.0007,0.0000,0,0,0.0000,0,0.0000,0,0,0,792,0
4384,5.3229,5.5264,0.0008,0.0000,0,0,0.0000,0,0.0000,0,0,0,1037,0
4385,3.0520,5.4887,0.0007,0.0000,0,0,0.0000,0,0.0000,0,0,0,722,0
4386,3.0073,10.3666,0.0030,0.0000,0,0,0.0000,0,0.0000,0,0,0,1361,0
4387,2.9795,10.3406,0.0013,0.0000,0,0,0.0000,0,0.0000,0,0,0,925,0
4388,5.3229,5.9673,0.0034,0.0000,0,0,0.0000,0,0.0000,0,0,0,987,0
4389,3.0520,5.6367,0.0008,0.0000,0,0,0.0000,0,0.0000,0,0,0,676,0
4390,3.0073,10.2513,0.0024,0.0000,0,0,0.0000,0,0.0000,0,0,0,1198,0
4391,2.9795,10.1266,0.0010,0.0000,0,0,0.0000,0,0.0000,0,0,0,1094,0
4392,5.3229,5.7600,0.0033,0.0000,0,0,0.0000,0,0.0000,0,0,0,879,0
4393,3.0520,5.5486,0.0009,0.0000,0,0,0.0000,0,0.0000,0,0,0,648,0
4394,3.0073,10.3963,0.0025,0.0000,0,0,0.0000,0,0.0000,0,0,0,1117,0
4395,2.9795,10.2893,0.0017,0.0000,0,0,0.0000,0,0.0000,0,0,0,1077,0
4396,5.3229,5.8076,0.0018,0.0000,0,0,0.0000,0,0.0000,0,0,0,746,0
4397,3.0520,5.6208,0.0009,0.0000,0,0,0.0000,0,0.0000,0,0,0,643,0
4398,3.0073,10.3319,0.0037,0.0000,0,0,0.0000,0,0.0000,0,0,0,1064,0
4399,2.9795,10.2685,0.0032,0.0000,0,0,0.0000,0,0.0000,0,0,0,1295,0
4400,5.3229,5.6904,0.0036,0.0000,0,0,0.0000,0,0.0000,0,0,0,687,0
4401,3.0520,5.4075,0.0013,0.0000,0,0,0.0000,0,0.0000,0,0,0,622,0
4402,3.0073,10.2455,0.0022,0.0000,0,0,0.0000,0,0.0000,0,0,0,1368,0
4403,2.9795,10.1463,0.0011,0.0000,0,0,0.0000,0,0.0000,0,0,0,709,0
4404,5.3229,5.9588,0.0019,0.0000,0,0,0.0000,0,0.0000,0,0,0,716,0
4405,3.0520,5.6745,0.0019,0.0000,0,0,0.0000,0,0.0000,0,0,0,620,0
4406,3.0073,10.5155,0.0011,0.0000,0,0,0.0000,0,0.0000,0,0,0,710,0
4407,2.9795,10.4184,0.0010,0.0000,0,0,0.0000,0,0.0000,0,0,0,715,0
4408,5.3229,5.7396,0.0006,0.0000,0,0,0.0000,0,0.0000,0,0,0,717,0
4409,3.0520,5.6248,0.0010,0.0000,0,0,0.0000,0,0.0000,0,0,0,613,0
4410,3.0073,10.5927,0.0012,0.0000,0,0,0.0000,0,0.0000,0,0,0,696,0
4411,2.9795,10.5907,0.0008,0.0000,0,0,0.0000,0,0.0000,0,0,0,724,0
4412,5.3229,5.6563,0.0006,0.0000,0,0,0.0000,0,0.0000,0,0,0,685,0
4413,3.0520,5.5892,0.0007,0.0000,0,0,0.0000,0,0.0000,0,0,0,617,0
4414,3.0073,10.4162,0.0009,0.0000,0,0,0.0000,0,0.0000,0,0,0,755,0
4415,2.9795,10.3957,0.0008,0.0000,0,0,0.0000,0,0.0000,0,0,0,779,0
4416,5.3229,5.7271,0.0008,0.0000,0,0,0.0000,0,0.0000,0,0,0,664,0
4417,3.0520,5.5690,0.0007,0.0000,0,0,0.0000,0,0.0000,0,0,0,622,0
4418,3.0073,10.4883,0.0009,0.0000,0,0,0.0000,0,0.0000,0,0,0,785,0
4419,2.9795,10.5329,0.0010,0.0000,0,0,0.0000,0,0.0000,0,0,0,906,0
4420,5.3229,5.6599,0.0008,0.0000,0,0,0.0000,0,0.0000,0,0,0,636,0
4421,3.0520,5.5855,0.0010,0.0000,0,0,0.0000,0,0.0000,0,0,0,626,0
4422,3.0073,10.5723,0.0011,0.0000,0,0,0.0000,0,0.0000,0,0,0,868,0
4423,2.9795,10.5832,0.0010,0.0000,0,0,0.0000,0,0.0000,0,0,0,830,0
4424,5.3229,5.7035,0.0010,0.0000,0,0,0.0000,0,0.0000,0,0,0,635,0
4425,3.0520,5.6250,0.0008,0.0000,0,0,0.0000,0,0.0000,0,0,0,608,0
4426,3.0073,10.4088,0.0010,0.0000,0,0,0.0000,0,0.0000,0,0,0,801,0
4427,2.9795,10.3903,0.0008,0.0000,0,0,0.0000,0,0.0000,0,0,0,966,0
4428,5.3229,5.7193,0.0011,0.0000,0,0,0.0000,0,0.0000,0,0,0,650,0
4429,3.0520,5.5679,0.0007,0.0000,0,0,0.0000,0,0.0000,0,0,0,606,0
4430,3.0073,10.3529,0.0005,0.0000,0,0,0.0000,0,0.0000,0,0,0,1017,0
4431,2.9795,10.3532,0.0005,0.0000,0,0,0.0000,0,0.0000,0,0,0,705,0
4432,5.3229,5.6273,0.0016,0.0000,0,0,0.0000,0,0.0000,0,0,0,646,0
4433,3.0520,5.4931,0.0108,0.0000,0,0,0.0000,0,0.0000,0,0,0,607,0
4434,3.0073,10.3442,0.0013,0.0000,0,0,0.0000,0,0.0000,0,0,0,933,0
4435,2.9795,10.3830,0.0017,0.0000,0,0,0.0000,0,0.0000,0,0,0,703,0
4436,5.3229,5.8012,0.0011,0.0000,0,0,0.0000,0,0.0000,0,0,0,651,0
4437,3.0520,5.5763,0.0008,0.0000,0,0,0.0000,0,0.0000,0,0,0,609,0
4438,3.0073,10.3880,0.0011,0.0000,0,0,0.0000,0,0.0000,0,0,0,926,0
4439,2.9795,10.4175,0.0012,0.0000,0,0,0.0000,0,0.0000,0,0,0,728,0
4440,5.3229,5.7922,0.0013,0.0000,0,0,0.0000,0,0.0000,0,0,0,638,0
4441,3.0520,5.5927,0.0013,0.0000,0,0,0.0000,0,0.0000,0,0,0,601,0
4442,3.0073,10.3249,0.0014,0.0000,0,0,0.0000,0,0.0000,0,0,0,856,0
4443,2.9795,10.2820,0.0010,0.0000,0,0,0.0000,0,0.0000,0,0,0,752,0
4444,5.3229,5.8670,0.0014,0.0000,0,0,0.0000,0,0.0000,0,0,0,623,0
4445,3.0520,5.6795,0.0014,0.0000,0,0,0.0000,0,0.0000,0,0,0,601,0
4446,3.0073,10.4374,0.0015,0.0000,0,0,0.0000,0,0.0000,0,0,0,1082,0
4447,2.9795,10.3983,0.0013,0.0000,0,0,0.0000,0,0.0000,0,0,0,805,0
4448,5.3229,5.8338,0.0014,0.0000,0,0,0.0000,0,0.0000,0,0,0,626,0
4449,3.0520,5.6083,0.0009,0.0000,0,0,0.0000,0,0.0000,0,0,0,601,0
4450,3.0073,10.3784,0.0018,0.0000,0,0,0.0000,0,0.0000,0,0,0,712,0
4451,2.9795,10.3163,0.0016,0.0000,0,0,0.0000,0,0.0000,0,0,0,775,0
4452,5.3229,6.1900,0.0067,0.0000,0,0,0.0000,0,0.0000,0,0,0,622,0
4453,3.0520,5.8601,0.0068,0.0000,0,0,0.0000,0,0.0000,0,0,0,601,0
4454,3.0073,10.6480,0.0059,0.0000,0,0,0.0000,0,0.0000,0,0,0,709,0
4455,2.9795,10.6276,0.0033,0.0000,0,0,0.0000,0,0.0000,0,0,0,911,0
4456,5.3229,6.4489,0.0047,0.0000,0,0,0.0000,0,0.0000,0,0,0,611,0
4457,3.0520,5.7524,0.0017,0.0000,0,0,0.0000,0,0.0000,0,0,0,601,0
4458,3.0073,10.0237,0.0043,0.0000,0,0,0.0000,0,0.0000,0,0,0,723,0
4459,2.9795,9.7828,0.0015,0.0000,0,0,0.0000,0,0.0000,0,0,0,698,0
4460,5.3229,6.6685,0.0024,0.0000,0,0,0.0000,0,0.0000,0,0,0,618,0
4461,3.0520,5.8045,0.0022,0.0000,0,0,0.0000,0,0.0000,0,0,0,601,0
4462,3.0073,9.6447,0.0026,0.0000,0,0,0.0000,0,0.0000,0,0,0,744,0
4463,2.9795,10.1346,0.0013,0.0000,0,0,0.0000,0,0.0000,0,0,0,696,0
4464,5.3229,6.2201,0.0036,0.0000,0,0,0.0000,0,0.0000,0,0,0,605,0
4465,3.0520,5.7911,0.0013,0.0000,0,0,0.0000,0,0.0000,0,0,0,601,0
4466,3.0073,10.6050,0.0016,0.0000,0,0,0.0000,0,0.0000,0,0,0,786,0
4467,2.9795,10.5218,0.0012,0.0000,0,0,0.0000,0,0.0000,0,0,0,704,0
4468,5.3229,5.9682,0.0014,0.0000,0,0,0.0000,0,0.0000,0,0,0,606,0
4469,3.0520,5.6848,0.0027,0.0000,0,0,0.0000,0,0.0000,0,0,0,601,0
4470,3.0073,10.2622,0.0020,0.0000,0,0,0.0000,0,0.0000,0,0,0,780,0
4471,2.9795,10.2668,0.0107,0.0000,0,0,0.0000,0,0.0000,0,0,0,741,0
4472,5.3229,6.1491,0.0048,0.0000,0,0,0.0000,0,0.0000,0,0,0,605,0
4473,3.0520,5.6826,0.0015,0.0000,0,0,0.0000,0,0.0000,0,0,0,601,0
4474,3.0073,10.6282,0.0036,0.0000,0,0,0.0000,0,0.0000,0,0,0,808,0
4475,2.9795,10.5567,0.0014,0.0000,0,0,0.0000,0,0.0000,0,0,0,758,0
4476,5.3229,5.7990,0.0018,0.0000,0,0,0.0000,0,0.0000,0,0,0,606,0
4477,3.0520,5.5530,0.0011,0.0000,0,0,0.0000,0,0.0000,0,0,0,601,0
4478,3.0073,10.3782,0.0013,0.0000,0,0,0.0000,0,0.0000,0,0,0,795,0
4479,2.9795,10.3486,0.0012,0.0000,0,0,0.0000,0,0.0000,0,0,0,738,0
4480,5.3229,5.8501,0.0028,0.0000,0,0,0.0000,0,0.0000,0,0,0,601,0
4481,3.0520,5.5504,0.0027,0.0000,0,0,0.0000,0,0.0000,0,0,0,601,0
4482,3.0073,10.4279,0.0012,0.0000,0,0,0.0000,0,0.0000,0,0,0,771,0
4483,2.9795,10.4087,0.0009,0.0000,0,0,0.0000,0,0.0000,0,0,0,836,0
4484,5.3229,5.9343,0.0014,0.0000,0,0,0.0000,0,0.0000,0,0,0,601,0
4485,3.0520,5.6165,0.0005,0.0000,0,0,0.0000,0,0.0000,0,0,0,601,0
4486,3.0073,10.3883,0.0020,0.0000,0,0,0.0000,0,0.0000,0,0,0,779,0
4487,2.9795,10.3661,0.0013,0.0000,0,0,0.0000,0,0.0000,0,0,0,698,0
4488,5.3229,5.6593,0.0014,0.0000,0,0,0.0000,0,0.0000,0,0,0,601,0
4489,3.0520,5.5642,0.0010,0.0000,0,0,0.0000,0,0.0000,0,0,0,601,0
4490,3.0073,10.4772,0.0017,0.0000,0,0,0.0000,0,0.0000,0,0,0,967,0
4491,2.9795,10.3642,0.0013,0.0000,0,0,0.0000,0,0.0000,0,0,0,696,0
4492,5.3229,5.7470,0.0014,0.0000,0,0,0.0000,0,0.0000,0,0,0,601,0
4493,3.0520,5.5388,0.0011,0.0000,0,0,0.0000,0,0.0000,0,0,0,601,0
4494,3.0073,10.3633,0.0013,0.0000,0,0,0.0000,0,0.0000,0,0,0,710,0
4495,2.9795,10.3388,0.0011,0.0000,0,0,0.0000,0,0.0000,0,0,0,700,0
4496,5.3229,5.6681,0.0014,0.0000,0,0,0.0000,0,0.0000,0,0,0,601,0
4497,3.0520,5.5171,0.0011,0.0000,0,0,0.0000,0,0.0000,0,0,0,601,0
4498,3.0073,10.3203,0.0012,0.0000,0,0,0.0000,0,0.0000,0,0,0,703,0
4499,2.9795,10.2636,0.0008,0.0000,0,0,0.0000,0,0.0000,0,0,0,721,0
4500,5.3229,5.6847,0.0013,0.0000,0,0,0.0000,0,0.0000,0,0,0,601,0
4501,3.0520,5.5255,0.0012,0.0000,0,0,0.0000,0,0.0000,0,0,0,601,0
4502,3.0073,10.3407,0.0029,0.0000,0,0,0.0000,0,0.0000,0,0,0,708,0
4503,2.9795,10.2436,0.0011,0.0000,0,0,0.0000,0,0.0000,0,0,0,783,0
4504,5.3229,5.7708,0.0013,0.0000,0,0,0.0000,0,0.0000,0,0,0,601,0
4505,3.0520,5.5265,0.0011,0.0000,0,0,0.0000,0,0.0000,0,0,0,601,0
4506,3.0073,10.2398,0.0010,0.0000,0,0,0.0000,0,0.0000,0,0,0,751,0
4507,2.9795,10.1683,0.0010,0.0000,0,0,0.0000,0,0.0000,0,0,0,755,0
4508,5.3229,5.6732,0.0011,0.0000,0,0,0.0000,0,0.0000,0,0,0,601,0
4509,3.0520,5.5114,0.0008,0.0000,0,0,0.0000,0,0.0000,0,0,0,601,0
4510,3.0073,10.3373,0.0022,0.0000,0,0,0.0000,0,0.0000,0,0,0,762,0
4511,2.9795,10.3018,0.0009,0.0000,0,0,0.0000,0,0.0000,0,0,0,801,0
4512,5.3229,5.7345,0.0016,0.0000,0,0,0.0000,0,0.0000,0,0,0,601,0
4513,3.0520,5.5206,0.0014,0.0000,0,0,0.0000,0,0.0000,0,0,0,601,0
4514,3.0073,10.2750,0.0012,0.0000,0,0,0.0000,0,0.0000,0,0,0,747,0
4515,2.9795,10.2188,0.0012,0.0000,0,0,0.0000,0,0.0000,0,0,0,696,0
4516,5.3229,5.7855,0.0020,0.0000,0,0,0.0000,0,0.0000,0,0,0,601,0
4517,3.0520,5.5936,0.0009,0.0000,0,0,0.0000,0,0.0000,0,0,0,601,0
4518,3.0073,10.3694,0.0020,0.0000,0,0,0.0000,0,0.0000,0,0,0,830,0
4519,2.9795,10.3505,0.0015,0.0000,0,0,0.0000,0,0.0000,0,0,0,701,0
4520,5.3229,5.8691,0.0013,0.0000,0,0,0.0000,0,0.0000,0,0,0,601,0
4521,3.0520,5.6126,0.0015,0.0000,0,0,0.0000,0,0.0000,0,0,0,601,0
4522,3.0073,10.2877,0.0025,0.0000,0,0,0.0000,0,0.0000,0,0,0,769,0
4523,2.9795,10.1395,0.0019,0.0000,0,0,0.0000,0,0.0000,0,0,0,696,0
4524,5.3229,6.0267,0.0023,0.0000,0,0,0.0000,0,0.0000,0,0,0,601,0
4525,3.0520,5.6370,0.0013,0.0000,0,0,0.0000,0,0.0000,0,0,0,601,0
4526,3.0073,10.3947,0.0015,0.0000,0,0,0.0000,0,0.0000,0,0,0,728,0
4527,2.9795,10.3151,0.0008,0.0000,0,0,0.0000,0,0.0000,0,0,0,717,0
4528,5.3229,5.8382,0.0014,0.0000,0,0,0.0000,0,0.0000,0,0,0,601,0
4529,3.0520,5.6198,0.0118,0.0000,0,0,0.0000,0,0.0000,0,0,0,601,0
4530,3.0073,10.3896,0.0010,0.0000,0,0,0.0000,0,0.0000,0,0,0,726,0
4531,2.9795,10.3573,0.0011,0.0000,0,0,0.0000,0,0.0000,0,0,0,731,0
4532,5.3229,5.6970,0.0012,0.0000,0,0,0.0000,0,0.0000,0,0,0,601,0
4533,3.0520,5.5590,0.0010,0.0000,0,0,0.0000,0,0.0000,0,0,0,601,0
4534,3.0073,10.3083,0.0024,0.0000,0,0,0.0000,0,0.0000,0,0,0,833,0
4535,2.9795,10.2482,0.0011,0.0000,0,0,0.0000,0,0.0000,0,0,0,722,0
4536,5.3229,5.7177,0.0013,0.0000,0,0,0.0000,0,0.0000,0,0,0,601,0
4537,3.0520,5.5804,0.0014,0.0000,0,0,0.0000,0,0.0000,0,0,0,601,0
4538,3.0073,10.2620,0.0012,0.0000,0,0,0.0000,0,0.0000,0,0,0,696,0
4539,2.9795,10.1923,0.0014,0.0000,0,0,0.0000,0,0.0000,0,0,0,758,0
4540,5.3229,5.8607,0.0018,0.0000,0,0,0.0000,0,0.0000,0,0,0,601,0
4541,3.0520,5.6449,0.0016,0.0000,0,0,0.0000,0,0.0000,0,0,0,601,0
4542,3.0073,10.3706,0.0018,0.0000,0,0,0.0000,0,0.0000,0,0,0,696,0
4543,2.9795,10.3161,0.0023,0.0000,0,0,0.0000,0,0.0000,0,0,0,696,0
4544,5.3229,6.2333,0.0043,0.0000,0,0,0.0000,0,0.0000,0,0,0,601,0
4545,3.0520,5.6978,0.0015,0.0000,0,0,0.0000,0,0.0000,0,0,0,601,0
4546,3.0073,10.5664,0.0015,0.0000,0,0,0.0000,0,0.0000,0,0,0,696,0
4547,2.9795,10.4842,0.0011,0.0000,0,0,0.0000,0,0.0000,0,0,0,705,0
4548,5.3229,5.6925,0.0013,0.0000,0,0,0.0000,0,0.0000,0,0,0,601,0
4549,3.0520,5.5128,0.0009,0.0000,0,0,0.0000,0,0.0000,0,0,0,601,0
4550,3.0073,10.2867,0.0015,0.0000,0,0,0.0000,0,0.0000,0,0,0,696,0
4551,2.9795,10.2743,0.0007,0.0000,0,0,0.0000,0,0.0000,0,0,0,707,0
4552,5.3229,5.7616,0.0010,0.0000,0,0,0.0000,0,0.0000,0,0,0,601,0
4553,3.0520,5.5856,0.0007,0.0000,0,0,0.0000,0,0.0000,0,0,0,601,0
4554,3.0073,10.3967,0.0008,0.0000,0,0,0.0000,0,0.0000,0,0,0,701,0
4555,2.9795,10.3909,0.0008,0.0000,0,0,0.0000,0,0.0000,0,0,0,707,0
4556,5.3229,5.7018,0.0008,0.0000,0,0,0.0000,0,0.0000,0,0,0,601,0
4557,3.0520,5.5596,0.0005,0.0000,0,0,0.0000,0,0.0000,0,0,0,601,0
4558,3.0073,10.3708,0.0008,0.0000,0,0,0.0000,0,0.0000,0,0,0,703,0
4559,2.9795,10.3770,0.0015,0.0000,0,0,0.0000,0,0.0000,0,0,0,736,0
4560,5.3229,5.9627,0.0008,0.0000,0,0,0.0000,0,0.0000,0,0,0,601,0
4561,3.0520,5.8512,0.0008,0.0000,0,0,0.0000,0,0.0000,0,0,0,601,0
4562,3.0073,10.7072,0.0014,0.0000,0,0,0.0000,0,0.0000,0,0,0,716,0
4563,2.9795,10.7183,0.0008,0.0000,0,0,0.0000,0,0.0000,0,0,0,719,0
4564,5.3229,6.0051,0.0016,0.0000,0,0,0.0000,0,0.0000,0,0,0,601,0
4565,3.0520,5.7450,0.0005,0.0000,0,0,0.0000,0,0.0000,0,0,0,601,0
4566,3.0073,10.6750,0.0009,0.0000,0,0,0.0000,0,0.0000,0,0,0,714,0
4567,2.9795,10.6783,0.0013,0.0000,0,0,0.0000,0,0.0000,0,0,0,775,0
4568,5.3229,5.6412,0.0011,0.0000,0,0,0.0000,0,0.0000,0,0,0,601,0
4569,3.0520,5.5211,0.0010,0.0000,0,0,0.0000,0,0.0000,0,0,0,601,0
4570,3.0073,10.3277,0.0010,0.0000,0,0,0.0000,0,0.0000,0,0,0,717,0
4571,2.9795,10.3035,0.0011,0.0000,0,0,0.0000,0,0.0000,0,0,0,701,0
4572,5.3229,5.7493,0.0012,0.0000,0,0,0.0000,0,0.0000,0,0,0,601,0
4573,3.0520,5.5878,0.0007,0.0000,0,0,0.0000,0,0.0000,0,0,0,601,0
4574,3.0073,10.4834,0.0011,0.0000,0,0,0.0000,0,0.0000,0,0,0,711,0
4575,2.9795,10.4896,0.0010,0.0000,0,0,0.0000,0,0.0000,0,0,0,701,0
4576,5.3229,5.8473,0.0011,0.0000,0,0,0.0000,0,0.0000,0,0,0,601,0
4577,3.0520,5.6867,0.0010,0.0000,0,0,0.0000,0,0.0000,0,0,0,601,0
4578,3.0073,10.5467,0.0011,0.0000,0,0,0.0000,0,0.0000,0,0,0,763,0
4579,2.9795,10.4950,0.0010,0.0000,0,0,0.0000,0,0.0000,0,0,0,701,0
4580,5.3229,6.0680,0.0013,0.0000,0,0,0.0000,0,0.0000,0,0,0,601,0
4581,3.0520,5.8570,0.0014,0.0000,0,0,0.0000,0,0.0000,0,0,0,601,0
4582,3.0073,10.6131,0.0013,0.0000,0,0,0.0000,0,0.0000,0,0,0,696,0
4583,2.9795,10.5698,0.0014,0.0000,0,0,0.0000,0,0.0000,0,0,0,715,0
4584,5.3229,5.8358,0.0016,0.0000,0,0,0.0000,0,0.0000,0,0,0,601,0
4585,3.0520,5.6346,0.0023,0.0000,0,0,0.0000,0,0.0000,0,0,0,601,0
4586,3.0073,10.3426,0.0017,0.0000,0,0,0.0000,0,0.0000,0,0,0,696,0
4587,2.9795,10.3074,0.0017,0.0000,0,0,0.0000,0,0.0000,0,0,0,726,0
4588,5.3229,6.1145,0.0056,0.0000,0,0,0.0000,0,0.0000,0,0,0,601,0
4589,3.0520,5.8127,0.0056,0.0000,0,0,0.0000,0,0.0000,0,0,0,601,0
4590,3.0073,10.4996,0.0043,0.0000,0,0,0.0000,0,0.0000,0,0,0,696,0
4591,2.9795,10.3066,0.0019,0.0000,0,0,0.0000,0,0.0000,0,0,0,714,0
4592,5.3229,6.5058,0.0063,0.0000,0,0,0.0000,0,0.0000,0,0,0,601,0
4593,3.0520,5.9125,0.0026,0.0000,0,0,0.0000,0,0.0000,0,0,0,601,0
4594,3.0073,10.1415,0.0237,0.0000,0,0,0.0000,0,0.0000,0,0,0,696,0
4595,2.9795,9.9462,0.0031,0.0000,0,0,0.0000,0,0.0000,0,0,0,789,0
4596,5.3229,6.4330,0.0063,0.0000,0,0,0.0000,0,0.0000,0,0,0,601,0
4597,3.0520,5.8233,0.0020,0.0000,0,0,0.0000,0,0.0000,0,0,0,601,0
4598,3.0073,9.9498,0.0057,0.0000,0,0,0.0000,0,0.0000,0,0,0,717,0
4599,2.9795,10.1258,0.0027,0.0000,0,0,0.0000,0,0.0000,0,0,0,703,0
4600,5.3229,6.3066,0.0045,0.0000,0,0,0.0000,0,0.0000,0,0,0,601,0
4601,3.0520,5.8706,0.0023,0.0000,0,0,0.0000,0,0.0000,0,0,0,601,0
4602,3.0073,9.7303,0.0042,0.0000,0,0,0.0000,0,0.0000,0,0,0,716,0
4603,2.9795,9.7018,0.0018,0.0000,0,0,0.0000,0,0.0000,0,0,0,705,0
4604,5.3229,6.5341,0.0035,0.0000,0,0,0.0000,0,0.0000,0,0,0,601,0
4605,3.0520,5.8407,0.0019,0.0000,0,0,0.0000,0,0.0000,0,0,0,601,0
4606,3.0073,10.0575,0.0052,0.0000,0,0,0.0000,0,0.0000,0,0,0,745,0
4607,2.9795,10.1922,0.0030,0.0000,0,0,0.0000,0,0.0000,0,0,0,700,0
4608,5.3229,6.4778,0.0039,0.0000,0,0,0.0000,0,0.0000,0,0,0,601,0
4609,3.0520,5.9322,0.0016,0.0000,0,0,0.0000,0,0.0000,0,0,0,601,0
4610,3.0073,9.6808,0.0055,0.0000,0,0,0.0000,0,0.0000,0,0,0,737,0
4611,2.9795,10.0038,0.0014,0.0000,0,0,0.0000,0,0.0000,0,0,0,706,0
4612,5.3229,6.5080,0.0092,0.0000,0,0,0.0000,0,0.0000,0,0,0,601,0
4613,3.0520,5.8739,0.0032,0.0000,0,0,0.0000,0,0.0000,0,0,0,601,0
4614,3.0073,10.0965,0.0060,0.0000,0,0,0.0000,0,0.0000,0,0,0,718,0
4615,2.9795,9.9512,0.0024,0.0000,0,0,0.0000,0,0.0000,0,0,0,723,0
4616,5.3229,6.7355,0.0063,0.0000,0,0,0.0000,0,0.0000,0,0,0,601,0
4617,3.0520,5.7743,0.0013,0.0000,0,0,0.0000,0,0.0000,0,0,0,601,0
4618,3.0073,10.1856,0.0070,0.0000,0,0,0.0000,0,0.0000,0,0,0,719,0
4619,2.9795,9.9254,0.0032,0.0000,0,0,0.0000,0,0.0000,0,0,0,714,0
4620,5.3229,6.3884,0.0045,0.0000,0,0,0.0000,0,0.0000,0,0,0,601,0
4621,3.0520,5.8020,0.0018,0.0000,0,0,0.0000,0,0.0000,0,0,0,601,0
4622,3.0073,10.0370,0.0050,0.0000,0,0,0.0000,0,0.0000,0,0,0,747,0
4623,2.9795,9.9551,0.0029,0.0000,0,0,0.0000,0,0.0000,0,0,0,769,0
4624,5.3229,6.4374,0.0050,0.0000,0,0,0.0000,0,0.0000,0,0,0,601,0
4625,3.0520,5.7821,0.0018,0.0000,0,0,0.0000,0,0.0000,0,0,0,601,0
4626,3.0073,10.1508,0.0053,0.0000,0,0,0.0000,0,0.0000,0,0,0,696,0
4627,2.9795,9.7493,0.0030,0.0000,0,0,0.0000,0,0.0000,0,0,0,704,0
4628,5.3229,6.4522,0.0061,0.0000,0,0,0.0000,0,0.0000,0,0,0,601,0
4629,3.0520,5.8539,0.0029,0.0000,0,0,0.0000,0,0.0000,0,0,0,601,0
4630,3.0073,10.0735,0.0050,0.0000,0,0,0.0000,0,0.0000,0,0,0,696,0
4631,2.9795,9.9332,0.0027,0.0000,0,0,0.0000,0,0.0000,0,0,0,707,0
4632,5.3229,8.1163,0.0070,0.0000,0,0,0.0000,0,0.0000,0,0,0,601,0
4633,3.0520,7.2364,0.0012,0.0000,0,0,0.0000,0,0.0000,0,0,0,601,0
4634,3.0073,11.3605,0.0065,0.0000,0,0,0.0000,0,0.0000,0,0,0,696,0
4635,2.9795,12.3315,0.0032,0.0000,0,0,0.0000,0,0.0000,0,0,0,714,0
4636,5.3229,6.1369,0.0039,0.0000,0,0,0.0000,0,0.0000,0,0,0,601,0
4637,3.0520,5.6790,0.0015,0.0000,0,0,0.0000,0,0.0000,0,0,0,601,0
4638,3.0073,10.5049,0.0066,0.0000,0,0,0.0000,0,0.0000,0,0,0,696,0
4639,2.9795,10.2458,0.0065,0.0000,0,0,0.0000,0,0.0000,0,0,0,709,0
4640,5.3229,6.3081,0.0100,0.0000,0,0,0.0000,0,0.0000,0,0,0,601,0
4641,3.0520,5.8422,0.0036,0.0000,0,0,0.0000,0,0.0000,0,0,0,601,0
4642,3.0073,10.3271,0.0077,0.0000,0,0,0.0000,0,0.0000,0,0,0,696,0
4643,2.9795,10.0040,0.0033,0.0000,0,0,0.0000,0,0.0000,0,0,0,732,0
4644,5.3229,6.8380,0.0054,0.0000,0,0,0.0000,0,0.0000,0,0,0,601,0
4645,3.0520,5.8946,0.0014,0.0000,0,0,0.0000,0,0.0000,0,0,0,601,0
4646,3.0073,10.1835,0.0100,0.0000,0,0,0.0000,0,0.0000,0,0,0,696,0
4647,2.9795,10.1515,0.0018,0.0000,0,0,0.0000,0,0.0000,0,0,0,719,0
4648,5.3229,5.9469,0.0035,0.0000,0,0,0.0000,0,0.0000,0,0,0,601,0
4649,3.0520,5.6989,0.0024,0.0000,0,0,0.0000,0,0.0000,0,0,0,601,0
4650,3.0073,10.3704,0.0024,0.0000,0,0,0.0000,0,0.0000,0,0,0,708,0
4651,2.9795,10.2539,0.0017,0.0000,0,0,0.0000,0,0.0000,0,0,0,751,0
4652,5.3229,5.7420,0.0032,0.0000,0,0,0.0000,0,0.0000,0,0,0,601,0
4653,3.0520,5.4648,0.0008,0.0000,0,0,0.0000,0,0.0000,0,0,0,601,0
4654,3.0073,10.2689,0.0012,0.0000,0,0,0.0000,0,0.0000,0,0,0,708,0
4655,2.9795,10.1472,0.0009,0.0000,0,0,0.0000,0,0.0000,0,0,0,696,0
4656,5.3229,5.7561,0.0027,0.0000,0,0,0.0000,0,0.0000,0,0,0,601,0
4657,3.0520,5.5578,0.0010,0.0000,0,0,0.0000,0,0.0000,0,0,0,601,0
4658,3.0073,10.4280,0.0010,0.0000,0,0,0.0000,0,0.0000,0,0,0,706,0
4659,2.9795,10.4175,0.0011,0.0000,0,0,0.0000,0,0.0000,0,0,0,701,0
4660,5.3229,5.6963,0.0022,0.0000,0,0,0.0000,0,0.0000,0,0,0,601,0
4661,3.0520,5.5316,0.0009,0.0000,0,0,0.0000,0,0.0000,0,0,0,601,0
4662,3.0073,10.4199,0.0015,0.0000,0,0,0.0000,0,0.0000,0,0,0,707,0
4663,2.9795,10.3933,0.0008,0.0000,0,0,0.0000,0,0.0000,0,0,0,703,0
4664,5.3229,5.7052,0.0011,0.0000,0,0,0.0000,0,0.0000,0,0,0,601,0
4665,3.0520,5.6035,0.0017,0.0000,0,0,0.0000,0,0.0000,0,0,0,601,0
4666,3.0073,10.4096,0.0015,0.0000,0,0,0.0000,0,0.0000,0,0,0,723,0
4667,2.9795,10.3782,0.0008,0.0000,0,0,0.0000,0,0.0000,0,0,0,707,0
4668,5.3229,5.6439,0.0017,0.0000,0,0,0.0000,0,0.0000,0,0,0,601,0
4669,3.0520,5.5701,0.0009,0.0000,0,0,0.0000,0,0.0000,0,0,0,601,0
4670,3.0073,10.2571,0.0010,0.0000,0,0,0.0000,0,0.0000,0,0,0,696,0
4671,2.9795,10.2889,0.0009,0.0000,0,0,0.0000,0,0.0000,0,0,0,708,0
4672,5.3229,5.6608,0.0009,0.0000,0,0,0.0000,0,0.0000,0,0,0,601,0
4673,3.0520,5.5177,0.0005,0.0000,0,0,0.0000,0,0.0000,0,0,0,601,0
4674,3.0073,10.3232,0.0010,0.0000,0,0,0.0000,0,0.0000,0,0,0,696,0
4675,2.9795,10.3851,0.0006,0.0000,0,0,0.0000,0,0.0000,0,0,0,712,0
4676,5.3229,5.7196,0.0020,0.0000,0,0,0.0000,0,0.0000,0,0,0,601,0
4677,3.0520,5.5294,0.0008,0.0000,0,0,0.0000,0,0.0000,0,0,0,601,0
4678,3.0073,10.4633,0.0009,0.0000,0,0,0.0000,0,0.0000,0,0,0,696,0
4679,2.9795,10.4733,0.0009,0.0000,0,0,0.0000,0,0.0000,0,0,0,754,0
4680,5.3229,5.7796,0.0007,0.0000,0,0,0.0000,0,0.0000,0,0,0,601,0
4681,3.0520,5.5847,0.0005,0.0000,0,0,0.0000,0,0.0000,0,0,0,601,0
4682,3.0073,10.3906,0.0007,0.0000,0,0,0.0000,0,0.0000,0,0,0,696,0
4683,2.9795,10.3931,0.0006,0.0000,0,0,0.0000,0,0.0000,0,0,0,696,0
4684,5.3229,5.6682,0.0008,0.0000,0,0,0.0000,0,0.0000,0,0,0,601,0
4685,3.0520,5.5183,0.0004,0.0000,0,0,0.0000,0,0.0000,0,0,0,601,0
4686,3.0073,10.4431,0.0008,0.0000,0,0,0.0000,0,0.0000,0,0,0,701,0
4687,2.9795,10.4544,0.0008,0.0000,0,0,0.0000,0,0.0000,0,0,0,706,0
4688,5.3229,5.6215,0.0007,0.0000,0,0,0.0000,0,0.0000,0,0,0,601,0
4689,3.0520,5.5362,0.0009,0.0000,0,0,0.0000,0,0.0000,0,0,0,601,0
4690,3.0073,10.4235,0.0008,0.0000,0,0,0.0000,0,0.0000,0,0,0,696,0
4691,2.9795,10.4375,0.0008,0.0000,0,0,0.0000,0,0.0000,0,0,0,700,0
4692,5.3229,5.6752,0.0007,0.0000,0,0,0.0000,0,0.0000,0,0,0,601,0
4693,3.0520,5.5597,0.0008,0.0000,0,0,0.0000,0,0.0000,0,0,0,601,0
4694,3.0073,10.4238,0.0007,0.0000,0,0,0.0000,0,0.0000,0,0,0,707,0
4695,2.9795,10.4159,0.0007,0.0000,0,0,0.0000,0,0.0000,0,0,0,704,0
4696,5.3229,5.7494,0.0008,0.0000,0,0,0.0000,0,0.0000,0,0,0,601,0
4697,3.0520,5.5996,0.0005,0.0000,0,0,0.0000,0,0.0000,0,0,0,601,0
4698,3.0073,10.3759,0.0007,0.0000,0,0,0.0000,0,0.0000,0,0,0,701,0
4699,2.9795,10.3809,0.0007,0.0000,0,0,0.0000,0,0.0000,0,0,0,715,0
4700,5.3229,5.6870,0.0014,0.0000,0,0,0.0000,0,0.0000,0,0,0,601,0
4701,3.0520,5.5323,0.0010,0.0000,0,0,0.0000,0,0.0000,0,0,0,601,0
4702,3.0073,10.3846,0.0007,0.0000,0,0,0.0000,0,0.0000,0,0,0,702,0
4703,2.9795,10.3505,0.0007,0.0000,0,0,0.0000,0,0.0000,0,0,0,700,0
4704,5.3229,5.7171,0.0008,0.0000,0,0,0.0000,0,0.0000,0,0,0,601,0
4705,3.0520,5.6049,0.0008,0.0000,0,0,0.0000,0,0.0000,0,0,0,601,0
4706,3.0073,10.4594,0.0007,0.0000,0,0,0.0000,0,0.0000,0,0,0,711,0
4707,2.9795,10.4720,0.0015,0.0000,0,0,0.0000,0,0.0000,0,0,0,764,0
4708,5.3229,5.7617,0.0009,0.0000,0,0,0.0000,0,0.0000,0,0,0,601,0
4709,3.0520,5.5995,0.0008,0.0000,0,0,0.0000,0,0.0000,0,0,0,601,0
4710,3.0073,10.3981,0.0010,0.0000,0,0,0.0000,0,0.0000,0,0,0,722,0
4711,2.9795,10.3831,0.0009,0.0000,0,0,0.0000,0,0.0000,0,0,0,696,0
4712,5.3229,5.6322,0.0010,0.0000,0,0,0.0000,0,0.0000,0,0,0,601,0
4713,3.0520,5.5378,0.0012,0.0000,0,0,0.0000,0,0.0000,0,0,0,601,0
4714,3.0073,10.3682,0.0011,0.0000,0,0,0.0000,0,0.0000,0,0,0,696,0
4715,2.9795,10.3310,0.0008,0.0000,0,0,0.0000,0,0.0000,0,0,0,696,0
4716,5.3229,5.7447,0.0013,0.0000,0,0,0.0000,0,0.0000,0,0,0,601,0
4717,3.0520,5.5253,0.0097,0.0000,0,0,0.0000,0,0.0000,0,0,0,601,0
4718,3.0073,10.2858,0.0011,0.0000,0,0,0.0000,0,0.0000,0,0,0,696,0
4719,2.9795,10.2577,0.0012,0.0000,0,0,0.0000,0,0.0000,0,0,0,696,0
4720,5.3229,5.7849,0.0015,0.0000,0,0,0.0000,0,0.0000,0,0,0,601,0
4721,3.0520,5.5842,0.0013,0.0000,0,0,0.0000,0,0.0000,0,0,0,601,0
4722,3.0073,10.3695,0.0013,0.0000,0,0,0.0000,0,0.0000,0,0,0,696,0
4723,2.9795,10.3182,0.0014,0.0000,0,0,0.0000,0,0.0000,0,0,0,700,0
4724,5.3229,5.8166,0.0015,0.0000,0,0,0.0000,0,0.0000,0,0,0,601,0
4725,3.0520,5.5892,0.0014,0.0000,0,0,0.0000,0,0.0000,0,0,0,601,0
4726,3.0073,10.3815,0.0015,0.0000,0,0,0.0000,0,0.0000,0,0,0,705,0
4727,2.9795,10.3035,0.0015,0.0000,0,0,0.0000,0,0.0000,0,0,0,702,0
4728,5.3229,5.7990,0.0017,0.0000,0,0,0.0000,0,0.0000,0,0,0,601,0
4729,3.0520,5.6255,0.0018,0.0000,0,0,0.0000,0,0.0000,0,0,0,601,0
4730,3.0073,10.6797,0.0100,0.0000,0,0,0.0000,0,0.0000,0,0,0,708,0
4731,2.9795,10.6706,0.0015,0.0000,0,0,0.0000,0,0.0000,0,0,0,706,0
4732,5.3229,6.3212,0.0053,0.0000,0,0,0.0000,0,0.0000,0,0,0,601,0
4733,3.0520,5.7652,0.0020,0.0000,0,0,0.0000,0,0.0000,0,0,0,601,0
4734,3.0073,10.1554,0.0062,0.0000,0,0,0.0000,0,0.0000,0,0,0,707,0
4735,2.9795,9.9521,0.0023,0.0000,0,0,0.0000,0,0.0000,0,0,0,721,0
4736,5.3229,6.5218,0.0042,0.0000,0,0,0.0000,0,0.0000,0,0,0,601,0
4737,3.0520,5.8206,0.0020,0.0000,0,0,0.0000,0,0.0000,0,0,0,601,0
4738,3.0073,10.0035,0.0055,0.0000,0,0,0.0000,0,0.0000,0,0,0,708,0
4739,2.9795,9.8394,0.0032,0.0000,0,0,0.0000,0,0.0000,0,0,0,696,0
4740,5.3229,6.5837,0.0019,0.0000,0,0,0.0000,0,0.0000,0,0,0,601,0
4741,3.0520,5.6579,0.0019,0.0000,0,0,0.0000,0,0.0000,0,0,0,601,0
4742,3.0073,10.1058,0.0117,0.0000,0,0,0.0000,0,0.0000,0,0,0,706,0
4743,2.9795,10.0918,0.0015,0.0000,0,0,0.0000,0,0.0000,0,0,0,696,0
4744,5.3229,6.0902,0.0034,0.0000,0,0,0.0000,0,0.0000,0,0,0,601,0
4745,3.0520,5.6545,0.0010,0.0000,0,0,0.0000,0,0.0000,0,0,0,601,0
4746,3.0073,10.4637,0.0016,0.0000,0,0,0.0000,0,0.0000,0,0,0,711,0
4747,2.9795,10.3756,0.0013,0.0000,0,0,0.0000,0,0.0000,0,0,0,696,0
4748,5.3229,5.8029,0.0015,0.0000,0,0,0.0000,0,0.0000,0,0,0,601,0
4749,3.0520,5.5538,0.0009,0.0000,0,0,0.0000,0,0.0000,0,0,0,601,0
4750,3.0073,10.3306,0.0015,0.0000,0,0,0.0000,0,0.0000,0,0,0,706,0
4751,2.9795,10.2919,0.0013,0.0000,0,0,0.0000,0,0.0000,0,0,0,702,0
4752,5.3229,5.9411,0.0038,0.0000,0,0,0.0000,0,0.0000,0,0,0,601,0
4753,3.0520,5.5953,0.0016,0.0000,0,0,0.0000,0,0.0000,0,0,0,601,0
4754,3.0073,10.3767,0.0016,0.0000,0,0,0.0000,0,0.0000,0,0,0,748,0
4755,2.9795,10.3430,0.0014,0.0000,0,0,0.0000,0,0.0000,0,0,0,702,0
4756,5.3229,5.8294,0.0013,0.0000,0,0,0.0000,0,0.0000,0,0,0,601,0
4757,3.0520,5.5966,0.0008,0.0000,0,0,0.0000,0,0.0000,0,0,0,601,0
4758,3.0073,10.2814,0.0014,0.0000,0,0,0.0000,0,0.0000,0,0,0,696,0
4759,2.9795,10.2354,0.0012,0.0000,0,0,0.0000,0,0.0000,0,0,0,702,0
4760,5.3229,5.7528,0.0014,0.0000,0,0,0.0000,0,0.0000,0,0,0,601,0
4761,3.0520,5.5556,0.0013,0.0000,0,0,0.0000,0,0.0000,0,0,0,601,0
4762,3.0073,10.2939,0.0014,0.0000,0,0,0.0000,0,0.0000,0,0,0,696,0
4763,2.9795,10.2507,0.0013,0.0000,0,0,0.0000,0,0.0000,0,0,0,742,0
4764,5.3229,5.8936,0.0012,0.0000,0,0,0.0000,0,0.0000,0,0,0,601,0
4765,3.0520,5.6472,0.0009,0.0000,0,0,0.0000,0,0.0000,0,0,0,601,0
4766,3.0073,10.3378,0.0014,0.0000,0,0,0.0000,0,0.0000,0,0,0,696,0
4767,2.9795,10.2566,0.0010,0.0000,0,0,0.0000,0,0.0000,0,0,0,696,0
4768,5.3229,5.7911,0.0017,0.0000,0,0,0.0000,0,0.0000,0,0,0,601,0
4769,3.0520,5.6737,0.0016,0.0000,0,0,0.0000,0,0.0000,0,0,0,601,0
4770,3.0073,10.2026,0.0018,0.0000,0,0,0.0000,0,0.0000,0,0,0,696,0
4771,2.9795,10.1293,0.0012,0.0000,0,0,0.0000,0,0.0000,0,0,0,696,0
4772,5.3229,6.4475,0.0061,0.0000,0,0,0.0000,0,0.0000,0,0,0,601,0
4773,3.0520,5.7568,0.0018,0.0000,0,0,0.0000,0,0.0000,0,0,0,601,0
4774,3.0073,10.5240,0.0075,0.0000,0,0,0.0000,0,0.0000,0,0,0,702,0
4775,2.9795,10.2635,0.0076,0.0000,0,0,0.0000,0,0.0000,0,0,0,696,0
4776,5.3229,6.3512,0.0052,0.0000,0,0,0.0000,0,0.0000,0,0,0,601,0
4777,3.0520,5.8408,0.0026,0.0000,0,0,0.0000,0,0.0000,0,0,0,601,0
4778,3.0073,10.7342,0.0064,0.0000,0,0,0.0000,0,0.0000,0,0,0,701,0
4779,2.9795,10.3375,0.0064,0.0000,0,0,0.0000,0,0.0000,0,0,0,696,0
4780,5.3229,6.3535,0.0067,0.0000,0,0,0.0000,0,0.0000,0,0,0,601,0
4781,3.0520,5.7477,0.0030,0.0000,0,0,0.0000,0,0.0000,0,0,0,601,0
4782,3.0073,9.9195,0.0064,0.0000,0,0,0.0000,0,0.0000,0,0,0,704,0
4783,2.9795,10.1425,0.0029,0.0000,0,0,0.0000,0,0.0000,0,0,0,701,0
4784,5.3229,6.9508,0.0053,0.0000,0,0,0.0000,0,0.0000,0,0,0,601,0
4785,3.0520,5.8777,0.0025,0.0000,0,0,0.0000,0,0.0000,0,0,0,601,0
4786,3.0073,11.7435,0.0070,0.0000,0,0,0.0000,0,0.0000,0,0,0,701,0
4787,2.9795,11.5794,0.0034,0.0000,0,0,0.0000,0,0.0000,0,0,0,700,0
4788,5.3229,6.4082,0.0382,0.0000,0,0,0.0000,0,0.0000,0,0,0,601,0
4789,3.0520,5.7570,0.0030,0.0000,0,0,0.0000,0,0.0000,0,0,0,601,0
4790,3.0073,10.5387,0.0067,0.0000,0,0,0.0000,0,0.0000,0,0,0,701,0
4791,2.9795,10.5416,0.0032,0.0000,0,0,0.0000,0,0.0000,0,0,0,720,0
4792,5.3229,6.6957,0.0061,0.0000,0,0,0.0000,0,0.0000,0,0,0,601,0
4793,3.0520,5.7888,0.0014,0.0000,0,0,0.0000,0,0.0000,0,0,0,601,0
4794,3.0073,10.6882,0.0083,0.0000,0,0,0.0000,0,0.0000,0,0,0,702,0
4795,2.9795,10.4999,0.0026,0.0000,0,0,0.0000,0,0.0000,0,0,0,696,0
4796,5.3229,7.5523,0.0052,0.0000,0,0,0.0000,0,0.0000,0,0,0,601,0
4797,3.0520,6.7155,0.0052,0.0000,0,0,0.0000,0,0.0000,0,0,0,601,0
4798,3.0073,10.7623,0.0074,0.0000,0,0,0.0000,0,0.0000,0,0,0,712,0
4799,2.9795,10.7342,0.0018,0.0000,0,0,0.0000,0,0.0000,0,0,0,696,0
