frame_id,generate_ms,encode_latency_ms,payload_extract_ms,enqueue_ms,queue_depth,dropped_before,send_ms,bytes_sent,frame_age_at_send_ms,send_failed,keyframe,sender_dropped,payload_bytes,status
0,5.2804,28.9803,0.0276,0.0000,0,0,0.0000,0,0.0000,0,1,0,60271,0
1,2.8706,24.6016,0.0100,0.0000,0,0,0.0000,0,0.0000,0,1,0,43482,0
2,2.8226,25.4803,0.0101,0.0000,0,0,0.0000,0,0.0000,0,1,0,59828,0
3,2.8108,26.3591,0.0118,0.0000,0,0,0.0000,0,0.0000,0,1,0,68126,0
4,5.2804,5.8021,0.0051,0.0000,0,0,0.0000,0,0.0000,0,0,0,16498,0
5,2.8706,5.6474,0.0163,0.0000,0,0,0.0000,0,0.0000,0,0,0,14403,0
6,2.8226,10.6516,0.0112,0.0000,0,0,0.0000,0,0.0000,0,0,0,17862,0
7,2.8108,10.6655,0.0112,0.0000,0,0,0.0000,0,0.0000,0,0,0,17138,0
8,5.2804,5.6518,0.0014,0.0000,0,0,0.0000,0,0.0000,0,0,0,9226,0
9,2.8706,5.5780,0.0013,0.0000,0,0,0.0000,0,0.0000,0,0,0,6914,0
10,2.8226,10.4097,0.0014,0.0000,0,0,0.0000,0,0.0000,0,0,0,11125,0
11,2.8108,10.4255,0.0013,0.0000,0,0,0.0000,0,0.0000,0,0,0,9621,0
12,5.2804,5.6766,0.0019,0.0000,0,0,0.0000,0,0.0000,0,0,0,17369,0
13,2.8706,5.6012,0.0046,0.0000,0,0,0.0000,0,0.0000,0,0,0,16755,0
14,2.8226,10.4303,0.0018,0.0000,0,0,0.0000,0,0.0000,0,0,0,19658,0
15,2.8108,10.4055,0.0022,0.0000,0,0,0.0000,0,0.0000,0,0,0,15622,0
16,5.2804,5.6145,0.0168,0.0000,0,0,0.0000,0,0.0000,0,0,0,23309,0
17,2.8706,5.4840,0.0063,0.0000,0,0,0.0000,0,0.0000,0,0,0,20346,0
18,2.8226,10.3944,0.0022,0.0000,0,0,0.0000,0,0.0000,0,0,0,22802,0
19,2.8108,10.3641,0.0022,0.0000,0,0,0.0000,0,0.0000,0,0,0,21407,0
20,5.2804,5.6403,0.0026,0.0000,0,0,0.0000,0,0.0000,0,0,0,13027,0
21,2.8706,5.5407,0.0021,0.0000,0,0,0.0000,0,0.0000,0,0,0,11737,0
22,2.8226,10.4321,0.0047,0.0000,0,0,0.0000,0,0.0000,0,0,0,12722,0
23,2.8108,10.3379,0.0063,0.0000,0,0,0.0000,0,0.0000,0,0,0,16214,0
24,5.2804,5.8104,0.0018,0.0000,0,0,0.0000,0,0.0000,0,0,0,7002,0
25,2.8706,5.5530,0.0015,0.0000,0,0,0.0000,0,0.0000,0,0,0,5132,0
26,2.8226,10.3100,0.0018,0.0000,0,0,0.0000,0,0.0000,0,0,0,7491,0
27,2.8108,10.2977,0.0012,0.0000,0,0,0.0000,0,0.0000,0,0,0,4790,0
28,5.2804,5.6593,0.0014,0.0000,0,0,0.0000,0,0.0000,0,0,0,3933,0
29,2.8706,5.5058,0.0008,0.0000,0,0,0.0000,0,0.0000,0,0,0,3799,0
30,2.8226,10.3750,0.0015,0.0000,0,0,0.0000,0,0.0000,0,0,0,4399,0
31,2.8108,10.3745,0.0015,0.0000,0,0,0.0000,0,0.0000,0,0,0,3276,0
32,5.2804,5.6680,0.0010,0.0000,0,0,0.0000,0,0.0000,0,0,0,3260,0
33,2.8706,5.4926,0.0011,0.0000,0,0,0.0000,0,0.0000,0,0,0,2850,0
34,2.8226,10.3663,0.0013,0.0000,0,0,0.0000,0,0.0000,0,0,0,3280,0
35,2.8108,10.3233,0.0010,0.0000,0,0,0.0000,0,0.0000,0,0,0,2761,0
36,5.2804,5.7121,0.0039,0.0000,0,0,0.0000,0,0.0000,0,0,0,3090,0
37,2.8706,5.5845,0.0020,0.0000,0,0,0.0000,0,0.0000,0,0,0,2691,0
38,2.8226,10.5764,0.0028,0.0000,0,0,0.0000,0,0.0000,0,0,0,3020,0
39,2.8108,10.5430,0.0022,0.0000,0,0,0.0000,0,0.0000,0,0,0,2648,0
40,5.2804,6.0170,0.0022,0.0000,0,0,0.0000,0,0.0000,0,0,0,2664,0
41,2.8706,5.7040,0.0015,0.0000,0,0,0.0000,0,0.0000,0,0,0,2213,0
42,2.8226,10.6657,0.0009,0.0000,0,0,0.0000,0,0.0000,0,0,0,1084,0
43,2.8108,10.6397,0.0006,0.0000,0,0,0.0000,0,0.0000,0,0,0,2638,0
44,5.2804,5.6510,0.0006,0.0000,0,0,0.0000,0,0.0000,0,0,0,1673,0
45,2.8706,5.4982,0.0010,0.0000,0,0,0.0000,0,0.0000,0,0,0,1302,0
46,2.8226,10.3963,0.0011,0.0000,0,0,0.0000,0,0.0000,0,0,0,959,0
47,2.8108,10.4072,0.0013,0.0000,0,0,0.0000,0,0.0000,0,0,0,2173,0
48,5.2804,5.7102,0.0025,0.0000,0,0,0.0000,0,0.0000,0,0,0,1538,0
49,2.8706,5.4977,0.0013,0.0000,0,0,0.0000,0,0.0000,0,0,0,1107,0
50,2.8226,10.4572,0.0015,0.0000,0,0,0.0000,0,0.0000,0,0,0,819,0
51,2.8108,10.3961,0.0013,0.0000,0,0,0.0000,0,0.0000,0,0,0,1668,0
52,5.2804,5.7210,0.0014,0.0000,0,0,0.0000,0,0.0000,0,0,0,1248,0
53,2.8706,5.5424,0.0013,0.0000,0,0,0.0000,0,0.0000,0,0,0,944,0
54,2.8226,10.3591,0.0006,0.0000,0,0,0.0000,0,0.0000,0,0,0,945,0
55,2.8108,10.4246,0.0018,0.0000,0,0,0.0000,0,0.0000,0,0,0,743,0
56,5.2804,5.7162,0.0005,0.0000,0,0,0.0000,0,0.0000,0,0,0,1198,0
57,2.8706,5.5302,0.0009,0.0000,0,0,0.0000,0,0.0000,0,0,0,836,0
58,2.8226,10.4248,0.0016,0.0000,0,0,0.0000,0,0.0000,0,0,0,1250,0
59,2.8108,10.3841,0.0013,0.0000,0,0,0.0000,0,0.0000,0,0,0,717,0
60,5.2804,5.6515,0.0013,0.0000,0,0,0.0000,0,0.0000,0,0,0,1168,0
61,2.8706,5.5332,0.0016,0.0000,0,0,0.0000,0,0.0000,0,0,0,792,0
62,2.8226,10.2179,0.0005,0.0000,0,0,0.0000,0,0.0000,0,0,0,1108,0
63,2.8108,10.1663,0.0006,0.0000,0,0,0.0000,0,0.0000,0,0,0,792,0
64,5.2804,5.7136,0.0016,0.0000,0,0,0.0000,0,0.0000,0,0,0,1037,0
65,2.8706,5.6182,0.0013,0.0000,0,0,0.0000,0,0.0000,0,0,0,722,0
66,2.8226,10.4322,0.0232,0.0000,0,0,0.0000,0,0.0000,0,0,0,1361,0
67,2.8108,10.4795,0.0020,0.0000,0,0,0.0000,0,0.0000,0,0,0,925,0
68,5.2804,6.3571,0.0063,0.0000,0,0,0.0000,0,0.0000,0,0,0,987,0
69,2.8706,6.0495,0.0063,0.0000,0,0,0.0000,0,0.0000,0,0,0,676,0
70,2.8226,10.8028,0.0080,0.0000,0,0,0.0000,0,0.0000,0,0,0,1198,0
71,2.8108,10.6098,0.0081,0.0000,0,0,0.0000,0,0.0000,0,0,0,1094,0
72,5.2804,6.5659,0.0063,0.0000,0,0,0.0000,0,0.0000,0,0,0,879,0
73,2.8706,5.7867,0.0063,0.0000,0,0,0.0000,0,0.0000,0,0,0,648,0
74,2.8226,10.1716,0.0027,0.0000,0,0,0.0000,0,0.0000,0,0,0,1117,0
75,2.8108,10.0247,0.0024,0.0000,0,0,0.0000,0,0.0000,0,0,0,1077,0
76,5.2804,6.3181,0.0050,0.0000,0,0,0.0000,0,0.0000,0,0,0,746,0
77,2.8706,5.8521,0.0031,0.0000,0,0,0.0000,0,0.0000,0,0,0,643,0
78,2.8226,10.3605,0.0079,0.0000,0,0,0.0000,0,0.0000,0,0,0,1064,0
79,2.8108,10.1159,0.0023,0.0000,0,0,0.0000,0,0.0000,0,0,0,1295,0
80,5.2804,6.5510,0.0065,0.0000,0,0,0.0000,0,0.0000,0,0,0,687,0
81,2.8706,5.7644,0.0023,0.0000,0,0,0.0000,0,0.0000,0,0,0,622,0
82,2.8226,10.1664,0.0056,0.0000,0,0,0.0000,0,0.0000,0,0,0,1368,0
83,2.8108,9.9544,0.0022,0.0000,0,0,0.0000,0,0.0000,0,0,0,709,0
84,5.2804,6.5045,0.0069,0.0000,0,0,0.0000,0,0.0000,0,0,0,716,0
85,2.8706,5.8282,0.0025,0.0000,0,0,0.0000,0,0.0000,0,0,0,620,0
86,2.8226,10.3450,0.0058,0.0000,0,0,0.0000,0,0.0000,0,0,0,710,0
87,2.8108,10.2053,0.0024,0.0000,0,0,0.0000,0,0.0000,0,0,0,715,0
88,5.2804,6.4893,0.0062,0.0000,0,0,0.0000,0,0.0000,0,0,0,717,0
89,2.8706,5.7765,0.0020,0.0000,0,0,0.0000,0,0.0000,0,0,0,613,0
90,2.8226,10.2050,0.0066,0.0000,0,0,0.0000,0,0.0000,0,0,0,696,0
91,2.8108,9.9326,0.0025,0.0000,0,0,0.0000,0,0.0000,0,0,0,724,0
92,5.2804,6.6783,0.0084,0.0000,0,0,0.0000,0,0.0000,0,0,0,685,0
93,2.8706,5.8938,0.0022,0.0000,0,0,0.0000,0,0.0000,0,0,0,617,0
94,2.8226,10.2419,0.0061,0.0000,0,0,0.0000,0,0.0000,0,0,0,755,0
95,2.8108,9.9964,0.0024,0.0000,0,0,0.0000,0,0.0000,0,0,0,779,0
96,5.2804,6.4312,0.0053,0.0000,0,0,0.0000,0,0.0000,0,0,0,664,0
97,2.8706,5.8374,0.0030,0.0000,0,0,0.0000,0,0.0000,0,0,0,622,0
98,2.8226,10.1945,0.0072,0.0000,0,0,0.0000,0,0.0000,0,0,0,785,0
99,2.8108,9.9785,0.0023,0.0000,0,0,0.0000,0,0.0000,0,0,0,906,0
100,5.2804,6.7641,0.0055,0.0000,0,0,0.0000,0,0.0000,0,0,0,636,0
101,2.8706,6.5077,0.0018,0.0000,0,0,0.0000,0,0.0000,0,0,0,626,0
102,2.8226,9.6569,0.0066,0.0000,0,0,0.0000,0,0.0000,0,0,0,868,0
103,2.8108,10.2731,0.0332,0.0000,0,0,0.0000,0,0.0000,0,0,0,830,0
104,5.2804,6.5410,0.0051,0.0000,0,0,0.0000,0,0.0000,0,0,0,635,0
105,2.8706,5.7992,0.0017,0.0000,0,0,0.0000,0,0.0000,0,0,0,608,0
106,2.8226,10.2629,0.0076,0.0000,0,0,0.0000,0,0.0000,0,0,0,801,0
107,2.8108,9.9920,0.0025,0.0000,0,0,0.0000,0,0.0000,0,0,0,966,0
108,5.2804,6.4298,0.0052,0.0000,0,0,0.0000,0,0.0000,0,0,0,650,0
109,2.8706,5.6442,0.0013,0.0000,0,0,0.0000,0,0.0000,0,0,0,606,0
110,2.8226,10.1094,0.0063,0.0000,0,0,0.0000,0,0.0000,0,0,0,1017,0
111,2.8108,9.9005,0.0016,0.0000,0,0,0.0000,0,0.0000,0,0,0,705,0
112,5.2804,6.4353,0.0080,0.0000,0,0,0.0000,0,0.0000,0,0,0,646,0
113,2.8706,5.8276,0.0018,0.0000,0,0,0.0000,0,0.0000,0,0,0,607,0
114,2.8226,10.1538,0.0075,0.0000,0,0,0.0000,0,0.0000,0,0,0,933,0
115,2.8108,9.8978,0.0013,0.0000,0,0,0.0000,0,0.0000,0,0,0,703,0
116,5.2804,6.4116,0.0056,0.0000,0,0,0.0000,0,0.0000,0,0,0,651,0
117,2.8706,5.9186,0.0030,0.0000,0,0,0.0000,0,0.0000,0,0,0,609,0
118,2.8226,10.6016,0.0083,0.0000,0,0,0.0000,0,0.0000,0,0,0,926,0
119,2.8108,10.3887,0.0035,0.0000,0,0,0.0000,0,0.0000,0,0,0,728,0
120,5.2804,6.4533,0.0063,0.0000,0,0,0.0000,0,0.0000,0,0,0,638,0
121,2.8706,5.7848,0.0018,0.0000,0,0,0.0000,0,0.0000,0,0,0,601,0
122,2.8226,10.0677,0.0063,0.0000,0,0,0.0000,0,0.0000,0,0,0,856,0
123,2.8108,9.8866,0.0020,0.0000,0,0,0.0000,0,0.0000,0,0,0,752,0
124,5.2804,6.8487,0.0066,0.0000,0,0,0.0000,0,0.0000,0,0,0,623,0
125,2.8706,6.0173,0.0021,0.0000,0,0,0.0000,0,0.0000,0,0,0,601,0
126,2.8226,10.2472,0.0075,0.0000,0,0,0.0000,0,0.0000,0,0,0,1082,0
127,2.8108,9.8783,0.0017,0.0000,0,0,0.0000,0,0.0000,0,0,0,805,0
128,5.2804,6.8510,0.0041,0.0000,0,0,0.0000,0,0.0000,0,0,0,626,0
129,2.8706,5.8551,0.0022,0.0000,0,0,0.0000,0,0.0000,0,0,0,601,0
130,2.8226,9.8269,0.0059,0.0000,0,0,0.0000,0,0.0000,0,0,0,712,0
131,2.8108,9.6490,0.0022,0.0000,0,0,0.0000,0,0.0000,0,0,0,775,0
132,5.2804,6.4388,0.0068,0.0000,0,0,0.0000,0,0.0000,0,0,0,622,0
133,2.8706,5.8632,0.0025,0.0000,0,0,0.0000,0,0.0000,0,0,0,601,0
134,2.8226,10.2015,0.0067,0.0000,0,0,0.0000,0,0.0000,0,0,0,709,0
135,2.8108,9.9957,0.0032,0.0000,0,0,0.0000,0,0.0000,0,0,0,911,0
136,5.2804,6.5411,0.0065,0.0000,0,0,0.0000,0,0.0000,0,0,0,611,0
137,2.8706,5.8155,0.0022,0.0000,0,0,0.0000,0,0.0000,0,0,0,601,0
138,2.8226,10.0014,0.0055,0.0000,0,0,0.0000,0,0.0000,0,0,0,723,0
139,2.8108,9.9245,0.0027,0.0000,0,0,0.0000,0,0.0000,0,0,0,698,0
140,5.2804,6.3078,0.0060,0.0000,0,0,0.0000,0,0.0000,0,0,0,618,0
141,2.8706,6.0958,0.0033,0.0000,0,0,0.0000,0,0.0000,0,0,0,601,0
142,2.8226,10.4473,0.0080,0.0000,0,0,0.0000,0,0.0000,0,0,0,744,0
143,2.8108,10.0470,0.0080,0.0000,0,0,0.0000,0,0.0000,0,0,0,696,0
144,5.2804,6.5180,0.0055,0.0000,0,0,0.0000,0,0.0000,0,0,0,605,0
145,2.8706,5.9050,0.0026,0.0000,0,0,0.0000,0,0.0000,0,0,0,601,0
146,2.8226,10.4813,0.0057,0.0000,0,0,0.0000,0,0.0000,0,0,0,786,0
147,2.8108,10.2642,0.0031,0.0000,0,0,0.0000,0,0.0000,0,0,0,704,0
148,5.2804,6.4498,0.0063,0.0000,0,0,0.0000,0,0.0000,0,0,0,606,0
149,2.8706,6.0930,0.0020,0.0000,0,0,0.0000,0,0.0000,0,0,0,601,0
150,2.8226,9.8573,0.0071,0.0000,0,0,0.0000,0,0.0000,0,0,0,780,0
151,2.8108,9.8028,0.0013,0.0000,0,0,0.0000,0,0.0000,0,0,0,741,0
152,5.2804,6.1700,0.0052,0.0000,0,0,0.0000,0,0.0000,0,0,0,605,0
153,2.8706,5.6770,0.0027,0.0000,0,0,0.0000,0,0.0000,0,0,0,601,0
154,2.8226,10.4998,0.0058,0.0000,0,0,0.0000,0,0.0000,0,0,0,808,0
155,2.8108,10.2704,0.0058,0.0000,0,0,0.0000,0,0.0000,0,0,0,758,0
156,5.2804,6.5852,0.0070,0.0000,0,0,0.0000,0,0.0000,0,0,0,606,0
157,2.8706,5.7233,0.0011,0.0000,0,0,0.0000,0,0.0000,0,0,0,601,0
158,2.8226,10.3018,0.0059,0.0000,0,0,0.0000,0,0.0000,0,0,0,795,0
159,2.8108,9.0030,0.0011,0.0000,0,0,0.0000,0,0.0000,0,0,0,738,0
160,5.2804,6.2405,0.0086,0.0000,0,0,0.0000,0,0.0000,0,0,0,601,0
161,2.8706,5.6962,0.0022,0.0000,0,0,0.0000,0,0.0000,0,0,0,601,0
162,2.8226,10.3243,0.0065,0.0000,0,0,0.0000,0,0.0000,0,0,0,771,0
163,2.8108,10.1923,0.0022,0.0000,0,0,0.0000,0,0.0000,0,0,0,836,0
164,5.2804,6.6477,0.0065,0.0000,0,0,0.0000,0,0.0000,0,0,0,601,0
165,2.8706,5.8497,0.0020,0.0000,0,0,0.0000,0,0.0000,0,0,0,601,0
166,2.8226,10.2243,0.0077,0.0000,0,0,0.0000,0,0.0000,0,0,0,779,0
167,2.8108,10.0274,0.0036,0.0000,0,0,0.0000,0,0.0000,0,0,0,698,0
168,5.2804,6.4520,0.0060,0.0000,0,0,0.0000,0,0.0000,0,0,0,601,0
169,2.8706,5.7769,0.0017,0.0000,0,0,0.0000,0,0.0000,0,0,0,601,0
170,2.8226,10.2287,0.0061,0.0000,0,0,0.0000,0,0.0000,0,0,0,967,0
171,2.8108,9.9542,0.0027,0.0000,0,0,0.0000,0,0.0000,0,0,0,696,0
172,5.2804,6.3581,0.0073,0.0000,0,0,0.0000,0,0.0000,0,0,0,601,0
173,2.8706,5.7513,0.0021,0.0000,0,0,0.0000,0,0.0000,0,0,0,601,0
174,2.8226,10.5476,0.0065,0.0000,0,0,0.0000,0,0.0000,0,0,0,710,0
175,2.8108,10.3547,0.0029,0.0000,0,0,0.0000,0,0.0000,0,0,0,700,0
176,5.2804,6.3358,0.0054,0.0000,0,0,0.0000,0,0.0000,0,0,0,601,0
177,2.8706,5.7433,0.0017,0.0000,0,0,0.0000,0,0.0000,0,0,0,601,0
178,2.8226,10.3319,0.0064,0.0000,0,0,0.0000,0,0.0000,0,0,0,703,0
179,2.8108,10.1683,0.0023,0.0000,0,0,0.0000,0,0.0000,0,0,0,721,0
180,5.2804,6.3555,0.0064,0.0000,0,0,0.0000,0,0.0000,0,0,0,601,0
181,2.8706,5.8207,0.0028,0.0000,0,0,0.0000,0,0.0000,0,0,0,601,0
182,2.8226,10.1381,0.0061,0.0000,0,0,0.0000,0,0.0000,0,0,0,708,0
183,2.8108,9.8480,0.0027,0.0000,0,0,0.0000,0,0.0000,0,0,0,783,0
184,5.2804,6.7167,0.0073,0.0000,0,0,0.0000,0,0.0000,0,0,0,601,0
185,2.8706,5.8848,0.0021,0.0000,0,0,0.0000,0,0.0000,0,0,0,601,0
186,2.8226,9.6649,0.0070,0.0000,0,0,0.0000,0,0.0000,0,0,0,751,0
187,2.8108,9.6434,0.0022,0.0000,0,0,0.0000,0,0.0000,0,0,0,755,0
188,5.2804,6.4586,0.0073,0.0000,0,0,0.0000,0,0.0000,0,0,0,601,0
189,2.8706,5.7819,0.0020,0.0000,0,0,0.0000,0,0.0000,0,0,0,601,0
190,2.8226,10.4458,0.0072,0.0000,0,0,0.0000,0,0.0000,0,0,0,762,0
191,2.8108,10.3602,0.0030,0.0000,0,0,0.0000,0,0.0000,0,0,0,801,0
192,5.2804,6.3829,0.0078,0.0000,0,0,0.0000,0,0.0000,0,0,0,601,0
193,2.8706,5.7911,0.0028,0.0000,0,0,0.0000,0,0.0000,0,0,0,601,0
194,2.8226,10.2770,0.0067,0.0000,0,0,0.0000,0,0.0000,0,0,0,747,0
195,2.8108,9.9753,0.0027,0.0000,0,0,0.0000,0,0.0000,0,0,0,696,0
196,5.2804,6.2838,0.0066,0.0000,0,0,0.0000,0,0.0000,0,0,0,601,0
197,2.8706,5.7168,0.0019,0.0000,0,0,0.0000,0,0.0000,0,0,0,601,0
198,2.8226,10.1905,0.0069,0.0000,0,0,0.0000,0,0.0000,0,0,0,830,0
199,2.8108,9.8145,0.0021,0.0000,0,0,0.0000,0,0.0000,0,0,0,701,0
200,5.2804,6.3715,0.0068,0.0000,0,0,0.0000,0,0.0000,0,0,0,601,0
201,2.8706,5.7400,0.0017,0.0000,0,0,0.0000,0,0.0000,0,0,0,601,0
202,2.8226,10.5195,0.0071,0.0000,0,0,0.0000,0,0.0000,0,0,0,769,0
203,2.8108,10.3091,0.0028,0.0000,0,0,0.0000,0,0.0000,0,0,0,696,0
204,5.2804,6.9891,0.0070,0.0000,0,0,0.0000,0,0.0000,0,0,0,601,0
205,2.8706,5.9048,0.0030,0.0000,0,0,0.0000,0,0.0000,0,0,0,601,0
206,2.8226,10.1483,0.0087,0.0000,0,0,0.0000,0,0.0000,0,0,0,728,0
207,2.8108,10.0189,0.0032,0.0000,0,0,0.0000,0,0.0000,0,0,0,717,0
208,5.2804,6.4910,0.0065,0.0000,0,0,0.0000,0,0.0000,0,0,0,601,0
209,2.8706,5.6947,0.0017,0.0000,0,0,0.0000,0,0.0000,0,0,0,601,0
210,2.8226,10.3578,0.0083,0.0000,0,0,0.0000,0,0.0000,0,0,0,726,0
211,2.8108,10.3575,0.0032,0.0000,0,0,0.0000,0,0.0000,0,0,0,731,0
212,5.2804,6.7484,0.0088,0.0000,0,0,0.0000,0,0.0000,0,0,0,601,0
213,2.8706,5.8783,0.0018,0.0000,0,0,0.0000,0,0.0000,0,0,0,601,0
214,2.8226,10.5940,0.0106,0.0000,0,0,0.0000,0,0.0000,0,0,0,833,0
215,2.8108,10.4637,0.0038,0.0000,0,0,0.0000,0,0.0000,0,0,0,722,0
216,5.2804,6.8881,0.0071,0.0000,0,0,0.0000,0,0.0000,0,0,0,601,0
217,2.8706,6.1235,0.0023,0.0000,0,0,0.0000,0,0.0000,0,0,0,601,0
218,2.8226,11.8577,0.0065,0.0000,0,0,0.0000,0,0.0000,0,0,0,696,0
219,2.8108,11.7328,0.0023,0.0000,0,0,0.0000,0,0.0000,0,0,0,758,0
220,5.2804,6.4567,0.0254,0.0000,0,0,0.0000,0,0.0000,0,0,0,601,0
221,2.8706,5.7707,0.0030,0.0000,0,0,0.0000,0,0.0000,0,0,0,601,0
222,2.8226,10.7742,0.0083,0.0000,0,0,0.0000,0,0.0000,0,0,0,696,0
223,2.8108,10.4836,0.0083,0.0000,0,0,0.0000,0,0.0000,0,0,0,696,0
224,5.2804,6.6087,0.0067,0.0000,0,0,0.0000,0,0.0000,0,0,0,601,0
225,2.8706,5.8813,0.0029,0.0000,0,0,0.0000,0,0.0000,0,0,0,601,0
226,2.8226,10.5775,0.0074,0.0000,0,0,0.0000,0,0.0000,0,0,0,696,0
227,2.8108,10.5369,0.0030,0.0000,0,0,0.0000,0,0.0000,0,0,0,705,0
228,5.2804,6.2790,0.0071,0.0000,0,0,0.0000,0,0.0000,0,0,0,601,0
229,2.8706,5.9151,0.0030,0.0000,0,0,0.0000,0,0.0000,0,0,0,601,0
230,2.8226,10.4958,0.0070,0.0000,0,0,0.0000,0,0.0000,0,0,0,696,0
231,2.8108,10.2574,0.0070,0.0000,0,0,0.0000,0,0.0000,0,0,0,707,0
232,5.2804,7.7908,0.0076,0.0000,0,0,0.0000,0,0.0000,0,0,0,601,0
233,2.8706,6.7607,0.0030,0.0000,0,0,0.0000,0,0.0000,0,0,0,601,0
234,2.8226,10.3549,0.0064,0.0000,0,0,0.0000,0,0.0000,0,0,0,701,0
235,2.8108,10.0002,0.0029,0.0000,0,0,0.0000,0,0.0000,0,0,0,707,0
236,5.2804,6.2473,0.0043,0.0000,0,0,0.0000,0,0.0000,0,0,0,601,0
237,2.8706,5.6673,0.0016,0.0000,0,0,0.0000,0,0.0000,0,0,0,601,0
238,2.8226,9.9804,0.0017,0.0000,0,0,0.0000,0,0.0000,0,0,0,703,0
239,2.8108,10.0318,0.0013,0.0000,0,0,0.0000,0,0.0000,0,0,0,736,0
240,5.2804,6.0342,0.0025,0.0000,0,0,0.0000,0,0.0000,0,0,0,601,0
241,2.8706,5.8208,0.0016,0.0000,0,0,0.0000,0,0.0000,0,0,0,601,0
242,2.8226,10.0808,0.0022,0.0000,0,0,0.0000,0,0.0000,0,0,0,716,0
243,2.8108,10.0818,0.0013,0.0000,0,0,0.0000,0,0.0000,0,0,0,719,0
244,5.2804,6.7145,0.0131,0.0000,0,0,0.0000,0,0.0000,0,0,0,601,0
245,2.8706,6.1625,0.0011,0.0000,0,0,0.0000,0,0.0000,0,0,0,601,0
246,2.8226,10.6906,0.0071,0.0000,0,0,0.0000,0,0.0000,0,0,0,714,0
247,2.8108,10.6011,0.0015,0.0000,0,0,0.0000,0,0.0000,0,0,0,775,0
248,5.2804,6.6052,0.0080,0.0000,0,0,0.0000,0,0.0000,0,0,0,601,0
249,2.8706,5.8510,0.0079,0.0000,0,0,0.0000,0,0.0000,0,0,0,601,0
250,2.8226,11.1347,0.0045,0.0000,0,0,0.0000,0,0.0000,0,0,0,717,0
251,2.8108,11.0839,0.0016,0.0000,0,0,0.0000,0,0.0000,0,0,0,701,0
252,5.2804,6.8746,0.0070,0.0000,0,0,0.0000,0,0.0000,0,0,0,601,0
253,2.8706,6.1016,0.0017,0.0000,0,0,0.0000,0,0.0000,0,0,0,601,0
254,2.8226,10.7166,0.0057,0.0000,0,0,0.0000,0,0.0000,0,0,0,711,0
255,2.8108,10.6453,0.0012,0.0000,0,0,0.0000,0,0.0000,0,0,0,701,0
256,5.2804,6.2199,0.0045,0.0000,0,0,0.0000,0,0.0000,0,0,0,601,0
257,2.8706,5.6562,0.0011,0.0000,0,0,0.0000,0,0.0000,0,0,0,601,0
258,2.8226,10.4969,0.0033,0.0000,0,0,0.0000,0,0.0000,0,0,0,763,0
259,2.8108,10.2630,0.0040,0.0000,0,0,0.0000,0,0.0000,0,0,0,701,0
260,5.2804,6.0312,0.0050,0.0000,0,0,0.0000,0,0.0000,0,0,0,601,0
261,2.8706,5.6954,0.0013,0.0000,0,0,0.0000,0,0.0000,0,0,0,601,0
262,2.8226,10.4962,0.0042,0.0000,0,0,0.0000,0,0.0000,0,0,0,696,0
263,2.8108,10.4168,0.0016,0.0000,0,0,0.0000,0,0.0000,0,0,0,715,0
264,5.2804,6.3155,0.0062,0.0000,0,0,0.0000,0,0.0000,0,0,0,601,0
265,2.8706,5.7138,0.0018,0.0000,0,0,0.0000,0,0.0000,0,0,0,601,0
266,2.8226,10.2655,0.0054,0.0000,0,0,0.0000,0,0.0000,0,0,0,696,0
267,2.8108,10.1011,0.0024,0.0000,0,0,0.0000,0,0.0000,0,0,0,726,0
268,5.2804,6.1199,0.0184,0.0000,0,0,0.0000,0,0.0000,0,0,0,601,0
269,2.8706,5.6458,0.0020,0.0000,0,0,0.0000,0,0.0000,0,0,0,601,0
270,2.8226,10.3340,0.0059,0.0000,0,0,0.0000,0,0.0000,0,0,0,696,0
271,2.8108,10.0536,0.0027,0.0000,0,0,0.0000,0,0.0000,0,0,0,714,0
272,5.2804,6.7937,0.0079,0.0000,0,0,0.0000,0,0.0000,0,0,0,601,0
273,2.8706,5.9139,0.0022,0.0000,0,0,0.0000,0,0.0000,0,0,0,601,0
274,2.8226,10.4234,0.0068,0.0000,0,0,0.0000,0,0.0000,0,0,0,696,0
275,2.8108,10.0912,0.0024,0.0000,0,0,0.0000,0,0.0000,0,0,0,789,0
276,5.2804,6.3236,0.0060,0.0000,0,0,0.0000,0,0.0000,0,0,0,601,0
277,2.8706,5.7987,0.0025,0.0000,0,0,0.0000,0,0.0000,0,0,0,601,0
278,2.8226,10.1913,0.0062,0.0000,0,0,0.0000,0,0.0000,0,0,0,717,0
279,2.8108,9.8816,0.0030,0.0000,0,0,0.0000,0,0.0000,0,0,0,703,0
280,5.2804,6.2143,0.0062,0.0000,0,0,0.0000,0,0.0000,0,0,0,601,0
281,2.8706,5.8243,0.0028,0.0000,0,0,0.0000,0,0.0000,0,0,0,601,0
282,2.8226,10.2472,0.0069,0.0000,0,0,0.0000,0,0.0000,0,0,0,716,0
283,2.8108,9.9414,0.0028,0.0000,0,0,0.0000,0,0.0000,0,0,0,705,0
284,5.2804,6.2556,0.0053,0.0000,0,0,0.0000,0,0.0000,0,0,0,601,0
285,2.8706,5.8195,0.0027,0.0000,0,0,0.0000,0,0.0000,0,0,0,601,0
286,2.8226,10.6090,0.0073,0.0000,0,0,0.0000,0,0.0000,0,0,0,745,0
287,2.8108,10.4269,0.0029,0.0000,0,0,0.0000,0,0.0000,0,0,0,700,0
288,5.2804,6.3773,0.0065,0.0000,0,0,0.0000,0,0.0000,0,0,0,601,0
289,2.8706,5.6920,0.0020,0.0000,0,0,0.0000,0,0.0000,0,0,0,601,0
290,2.8226,10.8004,0.0056,0.0000,0,0,0.0000,0,0.0000,0,0,0,737,0
291,2.8108,10.7300,0.0011,0.0000,0,0,0.0000,0,0.0000,0,0,0,706,0
292,5.2804,6.5320,0.0058,0.0000,0,0,0.0000,0,0.0000,0,0,0,601,0
293,2.8706,5.8639,0.0024,0.0000,0,0,0.0000,0,0.0000,0,0,0,601,0
294,2.8226,10.5674,0.0015,0.0000,0,0,0.0000,0,0.0000,0,0,0,718,0
295,2.8108,10.4639,0.0024,0.0000,0,0,0.0000,0,0.0000,0,0,0,723,0
296,5.2804,6.0559,0.0030,0.0000,0,0,0.0000,0,0.0000,0,0,0,601,0
297,2.8706,5.7085,0.0013,0.0000,0,0,0.0000,0,0.0000,0,0,0,601,0
298,2.8226,10.5848,0.0007,0.0000,0,0,0.0000,0,0.0000,0,0,0,719,0
299,2.8108,10.5995,0.0005,0.0000,0,0,0.0000,0,0.0000,0,0,0,714,0
300,5.2804,6.6305,0.0061,0.0000,0,0,0.0000,0,0.0000,0,0,0,601,0
301,2.8706,5.7775,0.0061,0.0000,0,0,0.0000,0,0.0000,0,0,0,601,0
302,2.8226,10.0823,0.0025,0.0000,0,0,0.0000,0,0.0000,0,0,0,747,0
303,2.8108,9.8908,0.0014,0.0000,0,0,0.0000,0,0.0000,0,0,0,769,0
304,5.2804,5.6280,0.0008,0.0000,0,0,0.0000,0,0.0000,0,0,0,601,0
305,2.8706,5.4439,0.0006,0.0000,0,0,0.0000,0,0.0000,0,0,0,601,0
306,2.8226,10.3230,0.0006,0.0000,0,0,0.0000,0,0.0000,0,0,0,696,0
307,2.8108,10.3495,0.0005,0.0000,0,0,0.0000,0,0.0000,0,0,0,704,0
308,5.2804,9.6005,0.0061,0.0000,0,0,0.0000,0,0.0000,0,0,0,601,0
309,2.8706,9.5870,0.0018,0.0000,0,0,0.0000,0,0.0000,0,0,0,601,0
310,2.8226,10.4030,0.0034,0.0000,0,0,0.0000,0,0.0000,0,0,0,696,0
311,2.8108,10.4073,0.0011,0.0000,0,0,0.0000,0,0.0000,0,0,0,707,0
312,5.2804,6.4323,0.0040,0.0000,0,0,0.0000,0,0.0000,0,0,0,601,0
313,2.8706,5.9096,0.0010,0.0000,0,0,0.0000,0,0.0000,0,0,0,601,0
314,2.8226,10.0607,0.0042,0.0000,0,0,0.0000,0,0.0000,0,0,0,696,0
315,2.8108,10.0336,0.0012,0.0000,0,0,0.0000,0,0.0000,0,0,0,714,0
316,5.2804,5.9221,0.0045,0.0000,0,0,0.0000,0,0.0000,0,0,0,601,0
317,2.8706,5.6155,0.0018,0.0000,0,0,0.0000,0,0.0000,0,0,0,601,0
318,2.8226,10.1826,0.0049,0.0000,0,0,0.0000,0,0.0000,0,0,0,696,0
319,2.8108,10.0854,0.0013,0.0000,0,0,0.0000,0,0.0000,0,0,0,709,0
320,5.2804,6.1776,0.0053,0.0000,0,0,0.0000,0,0.0000,0,0,0,601,0
321,2.8706,5.8239,0.0025,0.0000,0,0,0.0000,0,0.0000,0,0,0,601,0
322,2.8226,10.7127,0.0083,0.0000,0,0,0.0000,0,0.0000,0,0,0,696,0
323,2.8108,10.4440,0.0083,0.0000,0,0,0.0000,0,0.0000,0,0,0,732,0
324,5.2804,6.1479,0.0042,0.0000,0,0,0.0000,0,0.0000,0,0,0,601,0
325,2.8706,5.7335,0.0018,0.0000,0,0,0.0000,0,0.0000,0,0,0,601,0
326,2.8226,10.1989,0.0054,0.0000,0,0,0.0000,0,0.0000,0,0,0,696,0
327,2.8108,9.8996,0.0022,0.0000,0,0,0.0000,0,0.0000,0,0,0,719,0
328,5.2804,6.3013,0.0053,0.0000,0,0,0.0000,0,0.0000,0,0,0,601,0
329,2.8706,5.7538,0.0023,0.0000,0,0,0.0000,0,0.0000,0,0,0,601,0
330,2.8226,9.9727,0.0047,0.0000,0,0,0.0000,0,0.0000,0,0,0,708,0
331,2.8108,9.7355,0.0022,0.0000,0,0,0.0000,0,0.0000,0,0,0,751,0
332,5.2804,6.1111,0.0037,0.0000,0,0,0.0000,0,0.0000,0,0,0,601,0
333,2.8706,5.7284,0.0018,0.0000,0,0,0.0000,0,0.0000,0,0,0,601,0
334,2.8226,10.4395,0.0073,0.0000,0,0,0.0000,0,0.0000,0,0,0,708,0
335,2.8108,10.0633,0.0072,0.0000,0,0,0.0000,0,0.0000,0,0,0,696,0
336,5.2804,6.2930,0.0054,0.0000,0,0,0.0000,0,0.0000,0,0,0,601,0
337,2.8706,5.7135,0.0017,0.0000,0,0,0.0000,0,0.0000,0,0,0,601,0
338,2.8226,10.1401,0.0051,0.0000,0,0,0.0000,0,0.0000,0,0,0,706,0
339,2.8108,9.9995,0.0028,0.0000,0,0,0.0000,0,0.0000,0,0,0,701,0
340,5.2804,6.7545,0.0055,0.0000,0,0,0.0000,0,0.0000,0,0,0,601,0
341,2.8706,6.0510,0.0013,0.0000,0,0,0.0000,0,0.0000,0,0,0,601,0
342,2.8226,8.8139,0.0053,0.0000,0,0,0.0000,0,0.0000,0,0,0,707,0
343,2.8108,10.3427,0.0050,0.0000,0,0,0.0000,0,0.0000,0,0,0,703,0
344,5.2804,6.2179,0.0045,0.0000,0,0,0.0000,0,0.0000,0,0,0,601,0
345,2.8706,5.7552,0.0026,0.0000,0,0,0.0000,0,0.0000,0,0,0,601,0
346,2.8226,10.5834,0.0065,0.0000,0,0,0.0000,0,0.0000,0,0,0,723,0
347,2.8108,10.3763,0.0032,0.0000,0,0,0.0000,0,0.0000,0,0,0,707,0
348,5.2804,6.5903,0.0069,0.0000,0,0,0.0000,0,0.0000,0,0,0,601,0
349,2.8706,5.8136,0.0024,0.0000,0,0,0.0000,0,0.0000,0,0,0,601,0
350,2.8226,10.1034,0.0052,0.0000,0,0,0.0000,0,0.0000,0,0,0,696,0
351,2.8108,9.7515,0.0020,0.0000,0,0,0.0000,0,0.0000,0,0,0,708,0
352,5.2804,6.3753,0.0071,0.0000,0,0,0.0000,0,0.0000,0,0,0,601,0
353,2.8706,5.8777,0.0028,0.0000,0,0,0.0000,0,0.0000,0,0,0,601,0
354,2.8226,10.3015,0.0065,0.0000,0,0,0.0000,0,0.0000,0,0,0,696,0
355,2.8108,9.9307,0.0028,0.0000,0,0,0.0000,0,0.0000,0,0,0,712,0
356,5.2804,6.2908,0.0135,0.0000,0,0,0.0000,0,0.0000,0,0,0,601,0
357,2.8706,5.7336,0.0022,0.0000,0,0,0.0000,0,0.0000,0,0,0,601,0
358,2.8226,10.4310,0.0079,0.0000,0,0,0.0000,0,0.0000,0,0,0,696,0
359,2.8108,10.2282,0.0030,0.0000,0,0,0.0000,0,0.0000,0,0,0,754,0
360,5.2804,6.4567,0.0044,0.0000,0,0,0.0000,0,0.0000,0,0,0,601,0
361,2.8706,5.7583,0.0017,0.0000,0,0,0.0000,0,0.0000,0,0,0,601,0
362,2.8226,10.2765,0.0066,0.0000,0,0,0.0000,0,0.0000,0,0,0,696,0
363,2.8108,9.9700,0.0030,0.0000,0,0,0.0000,0,0.0000,0,0,0,696,0
364,5.2804,6.1790,0.0032,0.0000,0,0,0.0000,0,0.0000,0,0,0,601,0
365,2.8706,5.7140,0.0017,0.0000,0,0,0.0000,0,0.0000,0,0,0,601,0
366,2.8226,10.1400,0.0060,0.0000,0,0,0.0000,0,0.0000,0,0,0,701,0
367,2.8108,9.8763,0.0021,0.0000,0,0,0.0000,0,0.0000,0,0,0,706,0
368,5.2804,6.6724,0.0084,0.0000,0,0,0.0000,0,0.0000,0,0,0,601,0
369,2.8706,6.0016,0.0022,0.0000,0,0,0.0000,0,0.0000,0,0,0,601,0
370,2.8226,10.5925,0.0065,0.0000,0,0,0.0000,0,0.0000,0,0,0,696,0
371,2.8108,10.4254,0.0025,0.0000,0,0,0.0000,0,0.0000,0,0,0,700,0
372,5.2804,6.3208,0.0055,0.0000,0,0,0.0000,0,0.0000,0,0,0,601,0
373,2.8706,5.7840,0.0018,0.0000,0,0,0.0000,0,0.0000,0,0,0,601,0
374,2.8226,10.1950,0.0062,0.0000,0,0,0.0000,0,0.0000,0,0,0,707,0
375,2.8108,9.9589,0.0028,0.0000,0,0,0.0000,0,0.0000,0,0,0,704,0
376,5.2804,6.2560,0.0059,0.0000,0,0,0.0000,0,0.0000,0,0,0,601,0
377,2.8706,5.7652,0.0020,0.0000,0,0,0.0000,0,0.0000,0,0,0,601,0
378,2.8226,9.9201,0.0049,0.0000,0,0,0.0000,0,0.0000,0,0,0,701,0
379,2.8108,9.8573,0.0021,0.0000,0,0,0.0000,0,0.0000,0,0,0,715,0
380,5.2804,6.3300,0.0045,0.0000,0,0,0.0000,0,0.0000,0,0,0,601,0
381,2.8706,5.7763,0.0022,0.0000,0,0,0.0000,0,0.0000,0,0,0,601,0
382,2.8226,10.3205,0.0059,0.0000,0,0,0.0000,0,0.0000,0,0,0,702,0
383,2.8108,10.1456,0.0030,0.0000,0,0,0.0000,0,0.0000,0,0,0,700,0
384,5.2804,6.4143,0.0044,0.0000,0,0,0.0000,0,0.0000,0,0,0,601,0
385,2.8706,5.7642,0.0017,0.0000,0,0,0.0000,0,0.0000,0,0,0,601,0
386,2.8226,10.2120,0.0068,0.0000,0,0,0.0000,0,0.0000,0,0,0,711,0
387,2.8108,9.9860,0.0029,0.0000,0,0,0.0000,0,0.0000,0,0,0,764,0
388,5.2804,6.3047,0.0067,0.0000,0,0,0.0000,0,0.0000,0,0,0,601,0
389,2.8706,5.8211,0.0021,0.0000,0,0,0.0000,0,0.0000,0,0,0,601,0
390,2.8226,10.3673,0.0062,0.0000,0,0,0.0000,0,0.0000,0,0,0,722,0
391,2.8108,10.0132,0.0027,0.0000,0,0,0.0000,0,0.0000,0,0,0,696,0
392,5.2804,6.7797,0.0053,0.0000,0,0,0.0000,0,0.0000,0,0,0,601,0
393,2.8706,6.3034,0.0016,0.0000,0,0,0.0000,0,0.0000,0,0,0,601,0
394,2.8226,10.9202,0.0052,0.0000,0,0,0.0000,0,0.0000,0,0,0,696,0
395,2.8108,10.8412,0.0018,0.0000,0,0,0.0000,0,0.0000,0,0,0,696,0
396,5.2804,6.5342,0.0061,0.0000,0,0,0.0000,0,0.0000,0,0,0,601,0
397,2.8706,6.1133,0.0015,0.0000,0,0,0.0000,0,0.0000,0,0,0,601,0
398,2.8226,9.8012,0.0045,0.0000,0,0,0.0000,0,0.0000,0,0,0,696,0
399,2.8108,9.9660,0.0012,0.0000,0,0,0.0000,0,0.0000,0,0,0,696,0
400,5.2804,6.4674,0.0042,0.0000,0,0,0.0000,0,0.0000,0,0,0,601,0
401,2.8706,5.8601,0.0018,0.0000,0,0,0.0000,0,0.0000,0,0,0,601,0
402,2.8226,10.2713,0.0062,0.0000,0,0,0.0000,0,0.0000,0,0,0,696,0
403,2.8108,9.9340,0.0031,0.0000,0,0,0.0000,0,0.0000,0,0,0,700,0
404,5.2804,6.2040,0.0074,0.0000,0,0,0.0000,0,0.0000,0,0,0,601,0
405,2.8706,5.7078,0.0013,0.0000,0,0,0.0000,0,0.0000,0,0,0,601,0
406,2.8226,10.3048,0.0083,0.0000,0,0,0.0000,0,0.0000,0,0,0,705,0
407,2.8108,9.9976,0.0030,0.0000,0,0,0.0000,0,0.0000,0,0,0,702,0
408,5.2804,6.5054,0.0069,0.0000,0,0,0.0000,0,0.0000,0,0,0,601,0
409,2.8706,5.7399,0.0028,0.0000,0,0,0.0000,0,0.0000,0,0,0,601,0
410,2.8226,10.6077,0.0062,0.0000,0,0,0.0000,0,0.0000,0,0,0,708,0
411,2.8108,10.3726,0.0062,0.0000,0,0,0.0000,0,0.0000,0,0,0,706,0
412,5.2804,6.2157,0.0044,0.0000,0,0,0.0000,0,0.0000,0,0,0,601,0
413,2.8706,5.7967,0.0026,0.0000,0,0,0.0000,0,0.0000,0,0,0,601,0
414,2.8226,10.4021,0.0070,0.0000,0,0,0.0000,0,0.0000,0,0,0,707,0
415,2.8108,10.0126,0.0070,0.0000,0,0,0.0000,0,0.0000,0,0,0,721,0
416,5.2804,6.2970,0.0062,0.0000,0,0,0.0000,0,0.0000,0,0,0,601,0
417,2.8706,5.7387,0.0021,0.0000,0,0,0.0000,0,0.0000,0,0,0,601,0
418,2.8226,10.2188,0.0068,0.0000,0,0,0.0000,0,0.0000,0,0,0,708,0
419,2.8108,10.0040,0.0028,0.0000,0,0,0.0000,0,0.0000,0,0,0,696,0
420,5.2804,6.5043,0.0057,0.0000,0,0,0.0000,0,0.0000,0,0,0,601,0
421,2.8706,5.7588,0.0020,0.0000,0,0,0.0000,0,0.0000,0,0,0,601,0
422,2.8226,10.2187,0.0060,0.0000,0,0,0.0000,0,0.0000,0,0,0,706,0
423,2.8108,9.9758,0.0031,0.0000,0,0,0.0000,0,0.0000,0,0,0,696,0
424,5.2804,6.2684,0.0047,0.0000,0,0,0.0000,0,0.0000,0,0,0,601,0
425,2.8706,5.8032,0.0027,0.0000,0,0,0.0000,0,0.0000,0,0,0,601,0
426,2.8226,10.2368,0.0047,0.0000,0,0,0.0000,0,0.0000,0,0,0,711,0
427,2.8108,9.9128,0.0029,0.0000,0,0,0.0000,0,0.0000,0,0,0,696,0
428,5.2804,6.1829,0.0063,0.0000,0,0,0.0000,0,0.0000,0,0,0,601,0
429,2.8706,5.7667,0.0018,0.0000,0,0,0.0000,0,0.0000,0,0,0,601,0
430,2.8226,10.0711,0.0337,0.0000,0,0,0.0000,0,0.0000,0,0,0,706,0
431,2.8108,9.8558,0.0020,0.0000,0,0,0.0000,0,0.0000,0,0,0,702,0
432,5.2804,6.2399,0.0052,0.0000,0,0,0.0000,0,0.0000,0,0,0,601,0
433,2.8706,5.7302,0.0018,0.0000,0,0,0.0000,0,0.0000,0,0,0,601,0
434,2.8226,10.2751,0.0067,0.0000,0,0,0.0000,0,0.0000,0,0,0,748,0
435,2.8108,10.0098,0.0030,0.0000,0,0,0.0000,0,0.0000,0,0,0,702,0
436,5.2804,6.3278,0.0059,0.0000,0,0,0.0000,0,0.0000,0,0,0,601,0
437,2.8706,5.7998,0.0025,0.0000,0,0,0.0000,0,0.0000,0,0,0,601,0
438,2.8226,10.4550,0.0077,0.0000,0,0,0.0000,0,0.0000,0,0,0,696,0
439,2.8108,10.0500,0.0072,0.0000,0,0,0.0000,0,0.0000,0,0,0,702,0
440,5.2804,6.4815,0.0075,0.0000,0,0,0.0000,0,0.0000,0,0,0,601,0
441,2.8706,5.7737,0.0026,0.0000,0,0,0.0000,0,0.0000,0,0,0,601,0
442,2.8226,10.2838,0.0068,0.0000,0,0,0.0000,0,0.0000,0,0,0,696,0
443,2.8108,10.1401,0.0024,0.0000,0,0,0.0000,0,0.0000,0,0,0,742,0
444,5.2804,6.3893,0.0061,0.0000,0,0,0.0000,0,0.0000,0,0,0,601,0
445,2.8706,5.8229,0.0025,0.0000,0,0,0.0000,0,0.0000,0,0,0,601,0
446,2.8226,10.4110,0.0055,0.0000,0,0,0.0000,0,0.0000,0,0,0,696,0
447,2.8108,10.2108,0.0041,0.0000,0,0,0.0000,0,0.0000,0,0,0,696,0
448,5.2804,7.5450,0.0073,0.0000,0,0,0.0000,0,0.0000,0,0,0,601,0
449,2.8706,6.7884,0.0023,0.0000,0,0,0.0000,0,0.0000,0,0,0,601,0
450,2.8226,13.0203,0.0053,0.0000,0,0,0.0000,0,0.0000,0,0,0,696,0
451,2.8108,12.7887,0.0053,0.0000,0,0,0.0000,0,0.0000,0,0,0,696,0
452,5.2804,6.5244,0.0061,0.0000,0,0,0.0000,0,0.0000,0,0,0,601,0
453,2.8706,5.7207,0.0019,0.0000,0,0,0.0000,0,0.0000,0,0,0,601,0
454,2.8226,12.9401,0.0073,0.0000,0,0,0.0000,0,0.0000,0,0,0,702,0
455,2.8108,12.8529,0.0023,0.0000,0,0,0.0000,0,0.0000,0,0,0,696,0
456,5.2804,6.6292,0.0067,0.0000,0,0,0.0000,0,0.0000,0,0,0,601,0
457,2.8706,5.8919,0.0022,0.0000,0,0,0.0000,0,0.0000,0,0,0,601,0
458,2.8226,10.5110,0.0080,0.0000,0,0,0.0000,0,0.0000,0,0,0,701,0
459,2.8108,10.4507,0.0037,0.0000,0,0,0.0000,0,0.0000,0,0,0,696,0
460,5.2804,6.8562,0.0076,0.0000,0,0,0.0000,0,0.0000,0,0,0,601,0
461,2.8706,5.8223,0.0024,0.0000,0,0,0.0000,0,0.0000,0,0,0,601,0
462,2.8226,10.5525,0.0082,0.0000,0,0,0.0000,0,0.0000,0,0,0,704,0
463,2.8108,10.3080,0.0045,0.0000,0,0,0.0000,0,0.0000,0,0,0,701,0
464,5.2804,6.8199,0.0093,0.0000,0,0,0.0000,0,0.0000,0,0,0,601,0
465,2.8706,5.8065,0.0031,0.0000,0,0,0.0000,0,0.0000,0,0,0,601,0
466,2.8226,10.4647,0.0070,0.0000,0,0,0.0000,0,0.0000,0,0,0,701,0
467,2.8108,10.2853,0.0018,0.0000,0,0,0.0000,0,0.0000,0,0,0,700,0
468,5.2804,7.0908,0.0083,0.0000,0,0,0.0000,0,0.0000,0,0,0,601,0
469,2.8706,6.0693,0.0083,0.0000,0,0,0.0000,0,0.0000,0,0,0,601,0
470,2.8226,10.7136,0.0073,0.0000,0,0,0.0000,0,0.0000,0,0,0,701,0
471,2.8108,10.5813,0.0021,0.0000,0,0,0.0000,0,0.0000,0,0,0,720,0
472,5.2804,6.7137,0.0072,0.0000,0,0,0.0000,0,0.0000,0,0,0,601,0
473,2.8706,6.1040,0.0018,0.0000,0,0,0.0000,0,0.0000,0,0,0,601,0
474,2.8226,10.4990,0.0084,0.0000,0,0,0.0000,0,0.0000,0,0,0,702,0
475,2.8108,10.3982,0.0011,0.0000,0,0,0.0000,0,0.0000,0,0,0,696,0
476,5.2804,6.6863,0.0055,0.0000,0,0,0.0000,0,0.0000,0,0,0,601,0
477,2.8706,5.8408,0.0015,0.0000,0,0,0.0000,0,0.0000,0,0,0,601,0
478,2.8226,10.3923,0.0074,0.0000,0,0,0.0000,0,0.0000,0,0,0,712,0
479,2.8108,10.3505,0.0011,0.0000,0,0,0.0000,0,0.0000,0,0,0,696,0
480,5.2804,6.7327,0.0061,0.0000,0,0,0.0000,0,0.0000,0,0,0,601,0
481,2.8706,5.8295,0.0041,0.0000,0,0,0.0000,0,0.0000,0,0,0,601,0
482,2.8226,10.5232,0.0059,0.0000,0,0,0.0000,0,0.0000,0,0,0,696,0
483,2.8108,10.3051,0.0016,0.0000,0,0,0.0000,0,0.0000,0,0,0,696,0
484,5.2804,6.5758,0.0053,0.0000,0,0,0.0000,0,0.0000,0,0,0,601,0
485,2.8706,5.8550,0.0011,0.0000,0,0,0.0000,0,0.0000,0,0,0,601,0
486,2.8226,10.3792,0.0053,0.0000,0,0,0.0000,0,0.0000,0,0,0,696,0
487,2.8108,10.3039,0.0018,0.0000,0,0,0.0000,0,0.0000,0,0,0,696,0
488,5.2804,6.7469,0.0112,0.0000,0,0,0.0000,0,0.0000,0,0,0,601,0
489,2.8706,5.8838,0.0021,0.0000,0,0,0.0000,0,0.0000,0,0,0,601,0
490,2.8226,10.7209,0.0058,0.0000,0,0,0.0000,0,0.0000,0,0,0,696,0
491,2.8108,10.4663,0.0058,0.0000,0,0,0.0000,0,0.0000,0,0,0,705,0
492,5.2804,7.0676,0.0053,0.0000,0,0,0.0000,0,0.0000,0,0,0,601,0
493,2.8706,5.8952,0.0053,0.0000,0,0,0.0000,0,0.0000,0,0,0,601,0
494,2.8226,10.4547,0.0064,0.0000,0,0,0.0000,0,0.0000,0,0,0,696,0
495,2.8108,10.2093,0.0030,0.0000,0,0,0.0000,0,0.0000,0,0,0,704,0
496,5.2804,6.5549,0.0060,0.0000,0,0,0.0000,0,0.0000,0,0,0,601,0
497,2.8706,5.7366,0.0022,0.0000,0,0,0.0000,0,0.0000,0,0,0,601,0
498,2.8226,10.3200,0.0062,0.0000,0,0,0.0000,0,0.0000,0,0,0,706,0
499,2.8108,10.0177,0.0031,0.0000,0,0,0.0000,0,0.0000,0,0,0,711,0
500,5.2804,6.6452,0.0061,0.0000,0,0,0.0000,0,0.0000,0,0,0,601,0
501,2.8706,5.7253,0.0060,0.0000,0,0,0.0000,0,0.0000,0,0,0,601,0
502,2.8226,10.6770,0.0066,0.0000,0,0,0.0000,0,0.0000,0,0,0,702,0
503,2.8108,10.3627,0.0067,0.0000,0,0,0.0000,0,0.0000,0,0,0,696,0
504,5.2804,6.2140,0.0045,0.0000,0,0,0.0000,0,0.0000,0,0,0,601,0
505,2.8706,5.8513,0.0018,0.0000,0,0,0.0000,0,0.0000,0,0,0,601,0
506,2.8226,9.0334,0.0051,0.0000,0,0,0.0000,0,0.0000,0,0,0,702,0
507,2.8108,10.1023,0.0022,0.0000,0,0,0.0000,0,0.0000,0,0,0,696,0
508,5.2804,6.0918,0.0056,0.0000,0,0,0.0000,0,0.0000,0,0,0,601,0
509,2.8706,5.7144,0.0015,0.0000,0,0,0.0000,0,0.0000,0,0,0,601,0
510,2.8226,10.0892,0.0016,0.0000,0,0,0.0000,0,0.0000,0,0,0,696,0
511,2.8108,10.0639,0.0015,0.0000,0,0,0.0000,0,0.0000,0,0,0,696,0
512,5.2804,6.1025,0.0062,0.0000,0,0,0.0000,0,0.0000,0,0,0,601,0
513,2.8706,5.7173,0.0063,0.0000,0,0,0.0000,0,0.0000,0,0,0,601,0
514,2.8226,10.4805,0.0071,0.0000,0,0,0.0000,0,0.0000,0,0,0,696,0
515,2.8108,10.2490,0.0071,0.0000,0,0,0.0000,0,0.0000,0,0,0,696,0
516,5.2804,6.2422,0.0041,0.0000,0,0,0.0000,0,0.0000,0,0,0,601,0
517,2.8706,5.8457,0.0020,0.0000,0,0,0.0000,0,0.0000,0,0,0,601,0
518,2.8226,10.1753,0.0061,0.0000,0,0,0.0000,0,0.0000,0,0,0,696,0
519,2.8108,9.8796,0.0029,0.0000,0,0,0.0000,0,0.0000,0,0,0,701,0
520,5.2804,7.7702,0.0053,0.0000,0,0,0.0000,0,0.0000,0,0,0,601,0
521,2.8706,7.0328,0.0022,0.0000,0,0,0.0000,0,0.0000,0,0,0,601,0
522,2.8226,10.2713,0.0057,0.0000,0,0,0.0000,0,0.0000,0,0,0,709,0
523,2.8108,9.9660,0.0030,0.0000,0,0,0.0000,0,0.0000,0,0,0,696,0
524,5.2804,6.4506,0.0042,0.0000,0,0,0.0000,0,0.0000,0,0,0,601,0
525,2.8706,6.9509,0.0022,0.0000,0,0,0.0000,0,0.0000,0,0,0,601,0
526,2.8226,9.3412,0.0045,0.0000,0,0,0.0000,0,0.0000,0,0,0,696,0
527,2.8108,11.2439,0.0042,0.0000,0,0,0.0000,0,0.0000,0,0,0,707,0
528,5.2804,6.3637,0.0065,0.0000,0,0,0.0000,0,0.0000,0,0,0,601,0
529,2.8706,5.7255,0.0030,0.0000,0,0,0.0000,0,0.0000,0,0,0,601,0
530,2.8226,10.6702,0.0064,0.0000,0,0,0.0000,0,0.0000,0,0,0,696,0
531,2.8108,10.6249,0.0014,0.0000,0,0,0.0000,0,0.0000,0,0,0,698,0
532,5.2804,6.4189,0.0057,0.0000,0,0,0.0000,0,0.0000,0,0,0,601,0
533,2.8706,5.7675,0.0012,0.0000,0,0,0.0000,0,0.0000,0,0,0,601,0
534,2.8226,10.4885,0.0015,0.0000,0,0,0.0000,0,0.0000,0,0,0,696,0
535,2.8108,10.3718,0.0011,0.0000,0,0,0.0000,0,0.0000,0,0,0,696,0
536,5.2804,5.9701,0.0014,0.0000,0,0,0.0000,0,0.0000,0,0,0,601,0
537,2.8706,5.6720,0.0027,0.0000,0,0,0.0000,0,0.0000,0,0,0,601,0
538,2.8226,10.3793,0.0006,0.0000,0,0,0.0000,0,0.0000,0,0,0,696,0
539,2.8108,10.2921,0.0005,0.0000,0,0,0.0000,0,0.0000,0,0,0,696,0
540,5.2804,6.8145,0.0060,0.0000,0,0,0.0000,0,0.0000,0,0,0,601,0
541,2.8706,5.9603,0.0014,0.0000,0,0,0.0000,0,0.0000,0,0,0,601,0
542,2.8226,10.5516,0.0059,0.0000,0,0,0.0000,0,0.0000,0,0,0,696,0
543,2.8108,10.2924,0.0059,0.0000,0,0,0.0000,0,0.0000,0,0,0,696,0
544,5.2804,6.2117,0.0056,0.0000,0,0,0.0000,0,0.0000,0,0,0,601,0
545,2.8706,5.7985,0.0025,0.0000,0,0,0.0000,0,0.0000,0,0,0,601,0
546,2.8226,10.1429,0.0217,0.0000,0,0,0.0000,0,0.0000,0,0,0,696,0
547,2.8108,9.9820,0.0023,0.0000,0,0,0.0000,0,0.0000,0,0,0,696,0
548,5.2804,6.5747,0.0047,0.0000,0,0,0.0000,0,0.0000,0,0,0,601,0
549,2.8706,5.8369,0.0017,0.0000,0,0,0.0000,0,0.0000,0,0,0,601,0
550,2.8226,9.9190,0.0067,0.0000,0,0,0.0000,0,0.0000,0,0,0,696,0
551,2.8108,9.8553,0.0020,0.0000,0,0,0.0000,0,0.0000,0,0,0,696,0
552,5.2804,6.3578,0.0048,0.0000,0,0,0.0000,0,0.0000,0,0,0,601,0
553,2.8706,5.9903,0.0018,0.0000,0,0,0.0000,0,0.0000,0,0,0,601,0
554,2.8226,9.4431,0.0046,0.0000,0,0,0.0000,0,0.0000,0,0,0,696,0
555,2.8108,9.6836,0.0028,0.0000,0,0,0.0000,0,0.0000,0,0,0,706,0
556,5.2804,6.2210,0.0060,0.0000,0,0,0.0000,0,0.0000,0,0,0,601,0
557,2.8706,5.8005,0.0030,0.0000,0,0,0.0000,0,0.0000,0,0,0,601,0
558,2.8226,10.0365,0.0049,0.0000,0,0,0.0000,0,0.0000,0,0,0,696,0
559,2.8108,9.9405,0.0025,0.0000,0,0,0.0000,0,0.0000,0,0,0,696,0
560,5.2804,6.2912,0.0043,0.0000,0,0,0.0000,0,0.0000,0,0,0,601,0
561,2.8706,5.8266,0.0024,0.0000,0,0,0.0000,0,0.0000,0,0,0,601,0
562,2.8226,10.2253,0.0057,0.0000,0,0,0.0000,0,0.0000,0,0,0,696,0
563,2.8108,9.9856,0.0022,0.0000,0,0,0.0000,0,0.0000,0,0,0,696,0
564,5.2804,6.2944,0.0047,0.0000,0,0,0.0000,0,0.0000,0,0,0,601,0
565,2.8706,5.7915,0.0022,0.0000,0,0,0.0000,0,0.0000,0,0,0,601,0
566,2.8226,10.0741,0.0052,0.0000,0,0,0.0000,0,0.0000,0,0,0,701,0
567,2.8108,9.9223,0.0024,0.0000,0,0,0.0000,0,0.0000,0,0,0,696,0
568,5.2804,6.2040,0.0046,0.0000,0,0,0.0000,0,0.0000,0,0,0,601,0
569,2.8706,5.7775,0.0024,0.0000,0,0,0.0000,0,0.0000,0,0,0,601,0
570,2.8226,10.1982,0.0067,0.0000,0,0,0.0000,0,0.0000,0,0,0,696,0
571,2.8108,10.0019,0.0028,0.0000,0,0,0.0000,0,0.0000,0,0,0,696,0
572,5.2804,6.2155,0.0043,0.0000,0,0,0.0000,0,0.0000,0,0,0,601,0
573,2.8706,5.7693,0.0018,0.0000,0,0,0.0000,0,0.0000,0,0,0,601,0
574,2.8226,10.2368,0.0070,0.0000,0,0,0.0000,0,0.0000,0,0,0,696,0
575,2.8108,9.8541,0.0028,0.0000,0,0,0.0000,0,0.0000,0,0,0,696,0
576,5.2804,6.2328,0.0050,0.0000,0,0,0.0000,0,0.0000,0,0,0,601,0
577,2.8706,5.7161,0.0021,0.0000,0,0,0.0000,0,0.0000,0,0,0,601,0
578,2.8226,10.1094,0.0053,0.0000,0,0,0.0000,0,0.0000,0,0,0,696,0
579,2.8108,9.8760,0.0017,0.0000,0,0,0.0000,0,0.0000,0,0,0,696,0
580,5.2804,6.5315,0.0050,0.0000,0,0,0.0000,0,0.0000,0,0,0,601,0
581,2.8706,6.2818,0.0019,0.0000,0,0,0.0000,0,0.0000,0,0,0,601,0
582,2.8226,8.9079,0.0039,0.0000,0,0,0.0000,0,0.0000,0,0,0,696,0
583,2.8108,9.2884,0.0018,0.0000,0,0,0.0000,0,0.0000,0,0,0,706,0
584,5.2804,6.3128,0.0049,0.0000,0,0,0.0000,0,0.0000,0,0,0,601,0
585,2.8706,5.6342,0.0019,0.0000,0,0,0.0000,0,0.0000,0,0,0,601,0
586,2.8226,9.6836,0.0048,0.0000,0,0,0.0000,0,0.0000,0,0,0,696,0
587,2.8108,9.7964,0.0021,0.0000,0,0,0.0000,0,0.0000,0,0,0,696,0
588,5.2804,6.5263,0.0082,0.0000,0,0,0.0000,0,0.0000,0,0,0,601,0
589,2.8706,5.8749,0.0023,0.0000,0,0,0.0000,0,0.0000,0,0,0,601,0
590,2.8226,10.2911,0.0074,0.0000,0,0,0.0000,0,0.0000,0,0,0,696,0
591,2.8108,9.9320,0.0031,0.0000,0,0,0.0000,0,0.0000,0,0,0,696,0
592,5.2804,6.3023,0.0047,0.0000,0,0,0.0000,0,0.0000,0,0,0,601,0
593,2.8706,5.7546,0.0018,0.0000,0,0,0.0000,0,0.0000,0,0,0,601,0
594,2.8226,10.2160,0.0063,0.0000,0,0,0.0000,0,0.0000,0,0,0,696,0
595,2.8108,9.9048,0.0028,0.0000,0,0,0.0000,0,0.0000,0,0,0,696,0
596,5.2804,6.2890,0.0060,0.0000,0,0,0.0000,0,0.0000,0,0,0,601,0
597,2.8706,5.8197,0.0038,0.0000,0,0,0.0000,0,0.0000,0,0,0,601,0
598,2.8226,10.4569,0.0080,0.0000,0,0,0.0000,0,0.0000,0,0,0,696,0
599,2.8108,10.2737,0.0030,0.0000,0,0,0.0000,0,0.0000,0,0,0,703,0
600,5.2804,6.4720,0.0137,0.0000,0,0,0.0000,0,0.0000,0,0,0,601,0
601,2.8706,5.7504,0.0019,0.0000,0,0,0.0000,0,0.0000,0,0,0,601,0
602,2.8226,10.4437,0.0060,0.0000,0,0,0.0000,0,0.0000,0,0,0,696,0
603,2.8108,10.2243,0.0030,0.0000,0,0,0.0000,0,0.0000,0,0,0,703,0
604,5.2804,6.4332,0.0069,0.0000,0,0,0.0000,0,0.0000,0,0,0,601,0
605,2.8706,5.8407,0.0025,0.0000,0,0,0.0000,0,0.0000,0,0,0,601,0
606,2.8226,10.1713,0.0064,0.0000,0,0,0.0000,0,0.0000,0,0,0,696,0
607,2.8108,9.9480,0.0028,0.0000,0,0,0.0000,0,0.0000,0,0,0,696,0
608,5.2804,6.7370,0.0067,0.0000,0,0,0.0000,0,0.0000,0,0,0,601,0
609,2.8706,5.9211,0.0032,0.0000,0,0,0.0000,0,0.0000,0,0,0,601,0
610,2.8226,10.2651,0.0057,0.0000,0,0,0.0000,0,0.0000,0,0,0,700,0
611,2.8108,9.8006,0.0030,0.0000,0,0,0.0000,0,0.0000,0,0,0,704,0
612,5.2804,6.4372,0.0034,0.0000,0,0,0.0000,0,0.0000,0,0,0,601,0
613,2.8706,5.7565,0.0020,0.0000,0,0,0.0000,0,0.0000,0,0,0,601,0
614,2.8226,10.1079,0.0052,0.0000,0,0,0.0000,0,0.0000,0,0,0,696,0
615,2.8108,9.9466,0.0027,0.0000,0,0,0.0000,0,0.0000,0,0,0,696,0
616,5.2804,6.3006,0.0057,0.0000,0,0,0.0000,0,0.0000,0,0,0,601,0
617,2.8706,5.7861,0.0022,0.0000,0,0,0.0000,0,0.0000,0,0,0,601,0
618,2.8226,10.2250,0.0060,0.0000,0,0,0.0000,0,0.0000,0,0,0,696,0
619,2.8108,9.9442,0.0029,0.0000,0,0,0.0000,0,0.0000,0,0,0,696,0
620,5.2804,6.3045,0.0047,0.0000,0,0,0.0000,0,0.0000,0,0,0,601,0
621,2.8706,5.7708,0.0023,0.0000,0,0,0.0000,0,0.0000,0,0,0,601,0
622,2.8226,10.0571,0.0052,0.0000,0,0,0.0000,0,0.0000,0,0,0,696,0
623,2.8108,9.9410,0.0026,0.0000,0,0,0.0000,0,0.0000,0,0,0,696,0
624,5.2804,6.2472,0.0042,0.0000,0,0,0.0000,0,0.0000,0,0,0,601,0
625,2.8706,5.7765,0.0026,0.0000,0,0,0.0000,0,0.0000,0,0,0,601,0
626,2.8226,10.1151,0.0073,0.0000,0,0,0.0000,0,0.0000,0,0,0,696,0
627,2.8108,9.9646,0.0024,0.0000,0,0,0.0000,0,0.0000,0,0,0,696,0
628,5.2804,6.3710,0.0055,0.0000,0,0,0.0000,0,0.0000,0,0,0,601,0
629,2.8706,5.7513,0.0024,0.0000,0,0,0.0000,0,0.0000,0,0,0,601,0
630,2.8226,9.9016,0.0058,0.0000,0,0,0.0000,0,0.0000,0,0,0,696,0
631,2.8108,9.8877,0.0011,0.0000,0,0,0.0000,0,0.0000,0,0,0,696,0
632,5.2804,6.2678,0.0045,0.0000,0,0,0.0000,0,0.0000,0,0,0,601,0
633,2.8706,5.8178,0.0033,0.0000,0,0,0.0000,0,0.0000,0,0,0,601,0
634,2.8226,10.6998,0.0057,0.0000,0,0,0.0000,0,0.0000,0,0,0,696,0
635,2.8108,10.5506,0.0020,0.0000,0,0,0.0000,0,0.0000,0,0,0,696,0
636,5.2804,6.3945,0.0042,0.0000,0,0,0.0000,0,0.0000,0,0,0,601,0
637,2.8706,5.7822,0.0018,0.0000,0,0,0.0000,0,0.0000,0,0,0,601,0
638,2.8226,10.1500,0.0067,0.0000,0,0,0.0000,0,0.0000,0,0,0,696,0
639,2.8108,9.8615,0.0018,0.0000,0,0,0.0000,0,0.0000,0,0,0,696,0
640,5.2804,6.6341,0.0057,0.0000,0,0,0.0000,0,0.0000,0,0,0,601,0
641,2.8706,5.8512,0.0031,0.0000,0,0,0.0000,0,0.0000,0,0,0,601,0
642,2.8226,10.1495,0.0059,0.0000,0,0,0.0000,0,0.0000,0,0,0,696,0
643,2.8108,10.0251,0.0026,0.0000,0,0,0.0000,0,0.0000,0,0,0,696,0
644,5.2804,6.2412,0.0049,0.0000,0,0,0.0000,0,0.0000,0,0,0,601,0
645,2.8706,5.7933,0.0030,0.0000,0,0,0.0000,0,0.0000,0,0,0,601,0
646,2.8226,10.1844,0.0057,0.0000,0,0,0.0000,0,0.0000,0,0,0,696,0
647,2.8108,10.0174,0.0033,0.0000,0,0,0.0000,0,0.0000,0,0,0,696,0
648,5.2804,6.3552,0.0049,0.0000,0,0,0.0000,0,0.0000,0,0,0,601,0
649,2.8706,5.7732,0.0023,0.0000,0,0,0.0000,0,0.0000,0,0,0,601,0
650,2.8226,10.2514,0.0063,0.0000,0,0,0.0000,0,0.0000,0,0,0,696,0
651,2.8108,9.9234,0.0030,0.0000,0,0,0.0000,0,0.0000,0,0,0,696,0
652,5.2804,6.3611,0.0060,0.0000,0,0,0.0000,0,0.0000,0,0,0,601,0
653,2.8706,5.8174,0.0033,0.0000,0,0,0.0000,0,0.0000,0,0,0,601,0
654,2.8226,10.2475,0.0063,0.0000,0,0,0.0000,0,0.0000,0,0,0,700,0
655,2.8108,9.9803,0.0023,0.0000,0,0,0.0000,0,0.0000,0,0,0,696,0
656,5.2804,6.3133,0.0045,0.0000,0,0,0.0000,0,0.0000,0,0,0,601,0
657,2.8706,5.8123,0.0014,0.0000,0,0,0.0000,0,0.0000,0,0,0,601,0
658,2.8226,9.9634,0.0060,0.0000,0,0,0.0000,0,0.0000,0,0,0,696,0
659,2.8108,9.9015,0.0036,0.0000,0,0,0.0000,0,0.0000,0,0,0,696,0
660,5.2804,6.3837,0.0054,0.0000,0,0,0.0000,0,0.0000,0,0,0,601,0
661,2.8706,5.9260,0.0028,0.0000,0,0,0.0000,0,0.0000,0,0,0,601,0
662,2.8226,10.2796,0.0065,0.0000,0,0,0.0000,0,0.0000,0,0,0,696,0
663,2.8108,9.8659,0.0028,0.0000,0,0,0.0000,0,0.0000,0,0,0,696,0
664,5.2804,6.2030,0.0049,0.0000,0,0,0.0000,0,0.0000,0,0,0,601,0
665,2.8706,5.8313,0.0027,0.0000,0,0,0.0000,0,0.0000,0,0,0,601,0
666,2.8226,10.2318,0.0048,0.0000,0,0,0.0000,0,0.0000,0,0,0,696,0
667,2.8108,10.0495,0.0027,0.0000,0,0,0.0000,0,0.0000,0,0,0,696,0
668,5.2804,6.2268,0.0059,0.0000,0,0,0.0000,0,0.0000,0,0,0,601,0
669,2.8706,5.7094,0.0015,0.0000,0,0,0.0000,0,0.0000,0,0,0,601,0
670,2.8226,10.2030,0.0057,0.0000,0,0,0.0000,0,0.0000,0,0,0,696,0
671,2.8108,10.0031,0.0030,0.0000,0,0,0.0000,0,0.0000,0,0,0,696,0
672,5.2804,6.3658,0.0054,0.0000,0,0,0.0000,0,0.0000,0,0,0,601,0
673,2.8706,5.8364,0.0027,0.0000,0,0,0.0000,0,0.0000,0,0,0,601,0
674,2.8226,9.9747,0.0047,0.0000,0,0,0.0000,0,0.0000,0,0,0,696,0
675,2.8108,9.9638,0.0027,0.0000,0,0,0.0000,0,0.0000,0,0,0,696,0
676,5.2804,6.2601,0.0056,0.0000,0,0,0.0000,0,0.0000,0,0,0,601,0
677,2.8706,5.8010,0.0027,0.0000,0,0,0.0000,0,0.0000,0,0,0,601,0
678,2.8226,10.5112,0.0068,0.0000,0,0,0.0000,0,0.0000,0,0,0,696,0
679,2.8108,10.2243,0.0018,0.0000,0,0,0.0000,0,0.0000,0,0,0,696,0
680,5.2804,6.4894,0.0064,0.0000,0,0,0.0000,0,0.0000,0,0,0,601,0
681,2.8706,5.7859,0.0024,0.0000,0,0,0.0000,0,0.0000,0,0,0,601,0
682,2.8226,10.1645,0.0048,0.0000,0,0,0.0000,0,0.0000,0,0,0,696,0
683,2.8108,9.9147,0.0014,0.0000,0,0,0.0000,0,0.0000,0,0,0,696,0
684,5.2804,6.4395,0.0059,0.0000,0,0,0.0000,0,0.0000,0,0,0,601,0
685,2.8706,6.1472,0.0023,0.0000,0,0,0.0000,0,0.0000,0,0,0,601,0
686,2.8226,10.1925,0.0054,0.0000,0,0,0.0000,0,0.0000,0,0,0,696,0
687,2.8108,9.8573,0.0015,0.0000,0,0,0.0000,0,0.0000,0,0,0,696,0
688,5.2804,6.4524,0.0057,0.0000,0,0,0.0000,0,0.0000,0,0,0,601,0
689,2.8706,5.5858,0.0018,0.0000,0,0,0.0000,0,0.0000,0,0,0,601,0
690,2.8226,10.2547,0.0053,0.0000,0,0,0.0000,0,0.0000,0,0,0,696,0
691,2.8108,9.6905,0.0049,0.0000,0,0,0.0000,0,0.0000,0,0,0,696,0
692,5.2804,6.5629,0.0048,0.0000,0,0,0.0000,0,0.0000,0,0,0,601,0
693,2.8706,5.7355,0.0018,0.0000,0,0,0.0000,0,0.0000,0,0,0,601,0
694,2.8226,9.9320,0.0050,0.0000,0,0,0.0000,0,0.0000,0,0,0,696,0
695,2.8108,9.7427,0.0013,0.0000,0,0,0.0000,0,0.0000,0,0,0,696,0
696,5.2804,6.3160,0.0055,0.0000,0,0,0.0000,0,0.0000,0,0,0,601,0
697,2.8706,5.8620,0.0028,0.0000,0,0,0.0000,0,0.0000,0,0,0,601,0
698,2.8226,10.2059,0.0068,0.0000,0,0,0.0000,0,0.0000,0,0,0,696,0
699,2.8108,10.0060,0.0029,0.0000,0,0,0.0000,0,0.0000,0,0,0,696,0
700,5.2804,6.5783,0.0063,0.0000,0,0,0.0000,0,0.0000,0,0,0,601,0
701,2.8706,5.8307,0.0029,0.0000,0,0,0.0000,0,0.0000,0,0,0,601,0
702,2.8226,10.2030,0.0058,0.0000,0,0,0.0000,0,0.0000,0,0,0,696,0
703,2.8108,10.0122,0.0022,0.0000,0,0,0.0000,0,0.0000,0,0,0,696,0
704,5.2804,6.9349,0.0053,0.0000,0,0,0.0000,0,0.0000,0,0,0,601,0
705,2.8706,5.9911,0.0022,0.0000,0,0,0.0000,0,0.0000,0,0,0,601,0
706,2.8226,6.4120,0.0095,0.0000,0,0,0.0000,0,0.0000,0,0,0,696,0
707,2.8108,5.8301,0.0015,0.0000,0,0,0.0000,0,0.0000,0,0,0,696,0
708,5.2804,6.3708,0.0069,0.0000,0,0,0.0000,0,0.0000,0,0,0,601,0
709,2.8706,5.6584,0.0019,0.0000,0,0,0.0000,0,0.0000,0,0,0,601,0
710,2.8226,10.4173,0.0040,0.0000,0,0,0.0000,0,0.0000,0,0,0,696,0
711,2.8108,10.1185,0.0030,0.0000,0,0,0.0000,0,0.0000,0,0,0,696,0
712,5.2804,6.3038,0.0057,0.0000,0,0,0.0000,0,0.0000,0,0,0,601,0
713,2.8706,5.9656,0.0029,0.0000,0,0,0.0000,0,0.0000,0,0,0,601,0
714,2.8226,10.1013,0.0047,0.0000,0,0,0.0000,0,0.0000,0,0,0,696,0
715,2.8108,10.1301,0.0029,0.0000,0,0,0.0000,0,0.0000,0,0,0,696,0
716,5.2804,5.9080,0.0042,0.0000,0,0,0.0000,0,0.0000,0,0,0,601,0
717,2.8706,5.6502,0.0011,0.0000,0,0,0.0000,0,0.0000,0,0,0,601,0
718,2.8226,10.3235,0.0032,0.0000,0,0,0.0000,0,0.0000,0,0,0,696,0
719,2.8108,10.3901,0.0022,0.0000,0,0,0.0000,0,0.0000,0,0,0,696,0
720,5.2804,6.2776,0.0150,0.0000,0,0,0.0000,0,0.0000,0,0,0,601,0
721,2.8706,5.9411,0.0031,0.0000,0,0,0.0000,0,0.0000,0,0,0,601,0
722,2.8226,10.6144,0.0048,0.0000,0,0,0.0000,0,0.0000,0,0,0,696,0
723,2.8108,10.3530,0.0033,0.0000,0,0,0.0000,0,0.0000,0,0,0,696,0
724,5.2804,6.2158,0.0053,0.0000,0,0,0.0000,0,0.0000,0,0,0,601,0
725,2.8706,5.9335,0.0025,0.0000,0,0,0.0000,0,0.0000,0,0,0,601,0
726,2.8226,11.5052,0.0050,0.0000,0,0,0.0000,0,0.0000,0,0,0,696,0
727,2.8108,11.6106,0.0033,0.0000,0,0,0.0000,0,0.0000,0,0,0,696,0
728,5.2804,16.0648,0.0049,0.0000,0,0,0.0000,0,0.0000,0,0,0,601,0
729,2.8706,15.8858,0.0019,0.0000,0,0,0.0000,0,0.0000,0,0,0,601,0
730,2.8226,29.8850,0.0062,0.0000,0,0,0.0000,0,0.0000,0,0,0,696,0
731,2.8108,29.8670,0.0033,0.0000,0,0,0.0000,0,0.0000,0,0,0,696,0
732,5.2804,16.1894,0.0052,0.0000,0,0,0.0000,0,0.0000,0,0,0,601,0
733,2.8706,16.0003,0.0025,0.0000,0,0,0.0000,0,0.0000,0,0,0,601,0
734,2.8226,32.0251,0.0057,0.0000,0,0,0.0000,0,0.0000,0,0,0,696,0
735,2.8108,31.8442,0.0025,0.0000,0,0,0.0000,0,0.0000,0,0,0,696,0
736,5.2804,16.1382,0.0057,0.0000,0,0,0.0000,0,0.0000,0,0,0,601,0
737,2.8706,15.7874,0.0032,0.0000,0,0,0.0000,0,0.0000,0,0,0,601,0
738,2.8226,29.7669,0.0068,0.0000,0,0,0.0000,0,0.0000,0,0,0,696,0
739,2.8108,29.9284,0.0025,0.0000,0,0,0.0000,0,0.0000,0,0,0,696,0
740,5.2804,16.1236,0.0060,0.0000,0,0,0.0000,0,0.0000,0,0,0,601,0
741,2.8706,15.8364,0.0026,0.0000,0,0,0.0000,0,0.0000,0,0,0,601,0
742,2.8226,29.7637,0.0074,0.0000,0,0,0.0000,0,0.0000,0,0,0,696,0
743,2.8108,29.8293,0.0025,0.0000,0,0,0.0000,0,0.0000,0,0,0,696,0
744,5.2804,16.4267,0.0095,0.0000,0,0,0.0000,0,0.0000,0,0,0,601,0
745,2.8706,15.6650,0.0024,0.0000,0,0,0.0000,0,0.0000,0,0,0,601,0
746,2.8226,30.1368,0.0055,0.0000,0,0,0.0000,0,0.0000,0,0,0,696,0
747,2.8108,30.0192,0.0010,0.0000,0,0,0.0000,0,0.0000,0,0,0,696,0
748,5.2804,16.5727,0.0095,0.0000,0,0,0.0000,0,0.0000,0,0,0,601,0
749,2.8706,16.0477,0.0020,0.0000,0,0,0.0000,0,0.0000,0,0,0,601,0
750,2.8226,30.3922,0.0079,0.0000,0,0,0.0000,0,0.0000,0,0,0,696,0
751,2.8108,30.1645,0.0080,0.0000,0,0,0.0000,0,0.0000,0,0,0,696,0
752,5.2804,16.1807,0.0044,0.0000,0,0,0.0000,0,0.0000,0,0,0,601,0
753,2.8706,15.6930,0.0043,0.0000,0,0,0.0000,0,0.0000,0,0,0,601,0
754,2.8226,30.4068,0.0016,0.0000,0,0,0.0000,0,0.0000,0,0,0,696,0
755,2.8108,30.0904,0.0061,0.0000,0,0,0.0000,0,0.0000,0,0,0,696,0
756,5.2804,15.7769,0.0044,0.0000,0,0,0.0000,0,0.0000,0,0,0,601,0
757,2.8706,15.7234,0.0013,0.0000,0,0,0.0000,0,0.0000,0,0,0,601,0
758,2.8226,29.7162,0.0056,0.0000,0,0,0.0000,0,0.0000,0,0,0,696,0
759,2.8108,30.0221,0.0024,0.0000,0,0,0.0000,0,0.0000,0,0,0,696,0
760,5.2804,15.9621,0.0064,0.0000,0,0,0.0000,0,0.0000,0,0,0,601,0
761,2.8706,15.6560,0.0019,0.0000,0,0,0.0000,0,0.0000,0,0,0,601,0
762,2.8226,30.3871,0.0055,0.0000,0,0,0.0000,0,0.0000,0,0,0,696,0
763,2.8108,30.1411,0.0055,0.0000,0,0,0.0000,0,0.0000,0,0,0,696,0
764,5.2804,16.2716,0.0058,0.0000,0,0,0.0000,0,0.0000,0,0,0,601,0
765,2.8706,15.8936,0.0031,0.0000,0,0,0.0000,0,0.0000,0,0,0,601,0
766,2.8226,29.8805,0.0064,0.0000,0,0,0.0000,0,0.0000,0,0,0,696,0
767,2.8108,29.9393,0.0030,0.0000,0,0,0.0000,0,0.0000,0,0,0,696,0
768,5.2804,16.1878,0.0055,0.0000,0,0,0.0000,0,0.0000,0,0,0,601,0
769,2.8706,15.9404,0.0030,0.0000,0,0,0.0000,0,0.0000,0,0,0,601,0
770,2.8226,29.9090,0.0059,0.0000,0,0,0.0000,0,0.0000,0,0,0,696,0
771,2.8108,29.8116,0.0023,0.0000,0,0,0.0000,0,0.0000,0,0,0,696,0
772,5.2804,16.0961,0.0053,0.0000,0,0,0.0000,0,0.0000,0,0,0,601,0
773,2.8706,15.7067,0.0019,0.0000,0,0,0.0000,0,0.0000,0,0,0,601,0
774,2.8226,29.7895,0.0057,0.0000,0,0,0.0000,0,0.0000,0,0,0,696,0
775,2.8108,29.6287,0.0034,0.0000,0,0,0.0000,0,0.0000,0,0,0,696,0
776,5.2804,16.5046,0.0069,0.0000,0,0,0.0000,0,0.0000,0,0,0,601,0
777,2.8706,16.0083,0.0022,0.0000,0,0,0.0000,0,0.0000,0,0,0,601,0
778,2.8226,30.0225,0.0063,0.0000,0,0,0.0000,0,0.0000,0,0,0,696,0
779,2.8108,28.3644,0.0035,0.0000,0,0,0.0000,0,0.0000,0,0,0,696,0
780,5.2804,16.2969,0.0065,0.0000,0,0,0.0000,0,0.0000,0,0,0,601,0
781,2.8706,15.7375,0.0019,0.0000,0,0,0.0000,0,0.0000,0,0,0,601,0
782,2.8226,30.2020,0.0063,0.0000,0,0,0.0000,0,0.0000,0,0,0,696,0
783,2.8108,29.9883,0.0022,0.0000,0,0,0.0000,0,0.0000,0,0,0,696,0
784,5.2804,16.3409,0.0060,0.0000,0,0,0.0000,0,0.0000,0,0,0,601,0
785,2.8706,15.8996,0.0034,0.0000,0,0,0.0000,0,0.0000,0,0,0,601,0
786,2.8226,29.7530,0.0048,0.0000,0,0,0.0000,0,0.0000,0,0,0,696,0
787,2.8108,29.7417,0.0031,0.0000,0,0,0.0000,0,0.0000,0,0,0,696,0
788,5.2804,16.1548,0.0056,0.0000,0,0,0.0000,0,0.0000,0,0,0,601,0
789,2.8706,16.3067,0.0035,0.0000,0,0,0.0000,0,0.0000,0,0,0,601,0
790,2.8226,28.5509,0.0070,0.0000,0,0,0.0000,0,0.0000,0,0,0,696,0
791,2.8108,29.6487,0.0030,0.0000,0,0,0.0000,0,0.0000,0,0,0,696,0
792,5.2804,16.3315,0.0074,0.0000,0,0,0.0000,0,0.0000,0,0,0,601,0
793,2.8706,15.9268,0.0025,0.0000,0,0,0.0000,0,0.0000,0,0,0,601,0
794,2.8226,29.3130,0.0061,0.0000,0,0,0.0000,0,0.0000,0,0,0,696,0
795,2.8108,29.1778,0.0031,0.0000,0,0,0.0000,0,0.0000,0,0,0,696,0
796,5.2804,16.3696,0.0148,0.0000,0,0,0.0000,0,0.0000,0,0,0,601,0
797,2.8706,15.8417,0.0023,0.0000,0,0,0.0000,0,0.0000,0,0,0,601,0
798,2.8226,29.8216,0.0062,0.0000,0,0,0.0000,0,0.0000,0,0,0,696,0
799,2.8108,29.6736,0.0032,0.0000,0,0,0.0000,0,0.0000,0,0,0,696,0
800,5.2804,16.3947,0.0077,0.0000,0,0,0.0000,0,0.0000,0,0,0,601,0
801,2.8706,15.8853,0.0034,0.0000,0,0,0.0000,0,0.0000,0,0,0,601,0
802,2.8226,29.6575,0.0052,0.0000,0,0,0.0000,0,0.0000,0,0,0,696,0
803,2.8108,29.7475,0.0016,0.0000,0,0,0.0000,0,0.0000,0,0,0,696,0
804,5.2804,16.2267,0.0076,0.0000,0,0,0.0000,0,0.0000,0,0,0,601,0
805,2.8706,15.6886,0.0018,0.0000,0,0,0.0000,0,0.0000,0,0,0,601,0
806,2.8226,30.6160,0.0094,0.0000,0,0,0.0000,0,0.0000,0,0,0,696,0
807,2.8108,30.3672,0.0095,0.0000,0,0,0.0000,0,0.0000,0,0,0,696,0
808,5.2804,16.3318,0.0067,0.0000,0,0,0.0000,0,0.0000,0,0,0,601,0
809,2.8706,15.7984,0.0027,0.0000,0,0,0.0000,0,0.0000,0,0,0,601,0
810,2.8226,29.3644,0.0063,0.0000,0,0,0.0000,0,0.0000,0,0,0,696,0
811,2.8108,29.7370,0.0031,0.0000,0,0,0.0000,0,0.0000,0,0,0,696,0
812,5.2804,16.3545,0.0074,0.0000,0,0,0.0000,0,0.0000,0,0,0,601,0
813,2.8706,15.8277,0.0028,0.0000,0,0,0.0000,0,0.0000,0,0,0,601,0
814,2.8226,29.9660,0.0069,0.0000,0,0,0.0000,0,0.0000,0,0,0,696,0
815,2.8108,29.7685,0.0030,0.0000,0,0,0.0000,0,0.0000,0,0,0,696,0
816,5.2804,16.3422,0.0071,0.0000,0,0,0.0000,0,0.0000,0,0,0,601,0
817,2.8706,15.8402,0.0026,0.0000,0,0,0.0000,0,0.0000,0,0,0,601,0
818,2.8226,29.3506,0.0063,0.0000,0,0,0.0000,0,0.0000,0,0,0,696,0
819,2.8108,29.9491,0.0031,0.0000,0,0,0.0000,0,0.0000,0,0,0,696,0
820,5.2804,16.4763,0.0077,0.0000,0,0,0.0000,0,0.0000,0,0,0,601,0
821,2.8706,15.8644,0.0022,0.0000,0,0,0.0000,0,0.0000,0,0,0,601,0
822,2.8226,29.9175,0.0066,0.0000,0,0,0.0000,0,0.0000,0,0,0,696,0
823,2.8108,29.7317,0.0030,0.0000,0,0,0.0000,0,0.0000,0,0,0,696,0
824,5.2804,16.4124,0.0070,0.0000,0,0,0.0000,0,0.0000,0,0,0,601,0
825,2.8706,15.7977,0.0030,0.0000,0,0,0.0000,0,0.0000,0,0,0,601,0
826,2.8226,29.7398,0.0059,0.0000,0,0,0.0000,0,0.0000,0,0,0,696,0
827,2.8108,29.7540,0.0030,0.0000,0,0,0.0000,0,0.0000,0,0,0,696,0
828,5.2804,16.2103,0.0072,0.0000,0,0,0.0000,0,0.0000,0,0,0,601,0
829,2.8706,15.8270,0.0029,0.0000,0,0,0.0000,0,0.0000,0,0,0,601,0
830,2.8226,28.8263,0.0048,0.0000,0,0,0.0000,0,0.0000,0,0,0,696,0
831,2.8108,29.8497,0.0028,0.0000,0,0,0.0000,0,0.0000,0,0,0,696,0
832,5.2804,16.8730,0.0110,0.0000,0,0,0.0000,0,0.0000,0,0,0,601,0
833,2.8706,16.2015,0.0022,0.0000,0,0,0.0000,0,0.0000,0,0,0,601,0
834,2.8226,29.4153,0.0070,0.0000,0,0,0.0000,0,0.0000,0,0,0,696,0
835,2.8108,29.6392,0.0029,0.0000,0,0,0.0000,0,0.0000,0,0,0,696,0
836,5.2804,16.4113,0.0084,0.0000,0,0,0.0000,0,0.0000,0,0,0,601,0
837,2.8706,16.0375,0.0033,0.0000,0,0,0.0000,0,0.0000,0,0,0,601,0
838,2.8226,28.4364,0.0074,0.0000,0,0,0.0000,0,0.0000,0,0,0,696,0
839,2.8108,27.5328,0.0017,0.0000,0,0,0.0000,0,0.0000,0,0,0,696,0
840,5.2804,48.0366,0.0092,0.0000,0,0,0.0000,0,0.0000,0,1,0,60271,0
841,2.8706,27.7271,0.0098,0.0000,0,0,0.0000,0,0.0000,0,1,0,43482,0
842,2.8226,25.3155,0.0053,0.0000,0,0,0.0000,0,0.0000,0,1,0,59828,0
843,2.8108,25.8980,0.0092,0.0000,0,0,0.0000,0,0.0000,0,1,0,68126,0
844,5.2804,5.7690,0.0058,0.0000,0,0,0.0000,0,0.0000,0,0,0,16498,0
845,2.8706,5.6873,0.0134,0.0000,0,0,0.0000,0,0.0000,0,0,0,14403,0
846,2.8226,10.5485,0.0101,0.0000,0,0,0.0000,0,0.0000,0,0,0,17862,0
847,2.8108,10.5435,0.0045,0.0000,0,0,0.0000,0,0.0000,0,0,0,17138,0
848,5.2804,5.6865,0.0018,0.0000,0,0,0.0000,0,0.0000,0,0,0,9226,0
849,2.8706,5.5427,0.0013,0.0000,0,0,0.0000,0,0.0000,0,0,0,6914,0
850,2.8226,10.4429,0.0015,0.0000,0,0,0.0000,0,0.0000,0,0,0,11125,0
851,2.8108,10.4572,0.0015,0.0000,0,0,0.0000,0,0.0000,0,0,0,9621,0
852,5.2804,5.9748,0.0045,0.0000,0,0,0.0000,0,0.0000,0,0,0,17369,0
853,2.8706,5.7733,0.0023,0.0000,0,0,0.0000,0,0.0000,0,0,0,16755,0
854,2.8226,10.7265,0.0032,0.0000,0,0,0.0000,0,0.0000,0,0,0,19658,0
855,2.8108,10.6884,0.0030,0.0000,0,0,0.0000,0,0.0000,0,0,0,15622,0
856,5.2804,5.7328,0.0084,0.0000,0,0,0.0000,0,0.0000,0,0,0,23309,0
857,2.8706,5.5624,0.0065,0.0000,0,0,0.0000,0,0.0000,0,0,0,20346,0
858,2.8226,10.4078,0.0026,0.0000,0,0,0.0000,0,0.0000,0,0,0,22802,0
859,2.8108,10.3328,0.0141,0.0000,0,0,0.0000,0,0.0000,0,0,0,21407,0
860,5.2804,5.8114,0.0022,0.0000,0,0,0.0000,0,0.0000,0,0,0,13027,0
861,2.8706,5.5960,0.0018,0.0000,0,0,0.0000,0,0.0000,0,0,0,11737,0
862,2.8226,10.4818,0.0015,0.0000,0,0,0.0000,0,0.0000,0,0,0,12722,0
863,2.8108,10.4650,0.0086,0.0000,0,0,0.0000,0,0.0000,0,0,0,16214,0
864,5.2804,5.9589,0.0026,0.0000,0,0,0.0000,0,0.0000,0,0,0,7002,0
865,2.8706,5.6277,0.0018,0.0000,0,0,0.0000,0,0.0000,0,0,0,5132,0
866,2.8226,10.5491,0.0024,0.0000,0,0,0.0000,0,0.0000,0,0,0,7491,0
867,2.8108,10.5264,0.0009,0.0000,0,0,0.0000,0,0.0000,0,0,0,4790,0
868,5.2804,5.6799,0.0008,0.0000,0,0,0.0000,0,0.0000,0,0,0,3933,0
869,2.8706,5.6561,0.0009,0.0000,0,0,0.0000,0,0.0000,0,0,0,3799,0
870,2.8226,10.4467,0.0021,0.0000,0,0,0.0000,0,0.0000,0,0,0,4399,0
871,2.8108,10.4903,0.0009,0.0000,0,0,0.0000,0,0.0000,0,0,0,3276,0
872,5.2804,5.7908,0.0010,0.0000,0,0,0.0000,0,0.0000,0,0,0,3260,0
873,2.8706,5.6413,0.0008,0.0000,0,0,0.0000,0,0.0000,0,0,0,2850,0
874,2.8226,10.5205,0.0012,0.0000,0,0,0.0000,0,0.0000,0,0,0,3280,0
875,2.8108,10.5146,0.0015,0.0000,0,0,0.0000,0,0.0000,0,0,0,2761,0
876,5.2804,5.7733,0.0018,0.0000,0,0,0.0000,0,0.0000,0,0,0,3090,0
877,2.8706,5.6117,0.0011,0.0000,0,0,0.0000,0,0.0000,0,0,0,2691,0
878,2.8226,10.5511,0.0011,0.0000,0,0,0.0000,0,0.0000,0,0,0,3020,0
879,2.8108,10.5526,0.0008,0.0000,0,0,0.0000,0,0.0000,0,0,0,2648,0
880,5.2804,5.7443,0.0019,0.0000,0,0,0.0000,0,0.0000,0,0,0,2664,0
881,2.8706,5.5425,0.0010,0.0000,0,0,0.0000,0,0.0000,0,0,0,2213,0
882,2.8226,10.4543,0.0041,0.0000,0,0,0.0000,0,0.0000,0,0,0,1084,0
883,2.8108,10.3539,0.0032,0.0000,0,0,0.0000,0,0.0000,0,0,0,2638,0
884,5.2804,5.7489,0.0009,0.0000,0,0,0.0000,0,0.0000,0,0,0,1673,0
885,2.8706,5.5166,0.0009,0.0000,0,0,0.0000,0,0.0000,0,0,0,1302,0
886,2.8226,10.5762,0.0022,0.0000,0,0,0.0000,0,0.0000,0,0,0,959,0
887,2.8108,10.5260,0.0009,0.0000,0,0,0.0000,0,0.0000,0,0,0,2173,0
888,5.2804,5.7406,0.0015,0.0000,0,0,0.0000,0,0.0000,0,0,0,1538,0
889,2.8706,5.5024,0.0008,0.0000,0,0,0.0000,0,0.0000,0,0,0,1107,0
890,2.8226,10.5068,0.0013,0.0000,0,0,0.0000,0,0.0000,0,0,0,819,0
891,2.8108,10.4747,0.0020,0.0000,0,0,0.0000,0,0.0000,0,0,0,1668,0
892,5.2804,5.7165,0.0006,0.0000,0,0,0.0000,0,0.0000,0,0,0,1248,0
893,2.8706,5.5736,0.0008,0.0000,0,0,0.0000,0,0.0000,0,0,0,944,0
894,2.8226,10.5087,0.0030,0.0000,0,0,0.0000,0,0.0000,0,0,0,945,0
895,2.8108,10.4135,0.0013,0.0000,0,0,0.0000,0,0.0000,0,0,0,743,0
896,5.2804,5.7526,0.0011,0.0000,0,0,0.0000,0,0.0000,0,0,0,1198,0
897,2.8706,5.5812,0.0011,0.0000,0,0,0.0000,0,0.0000,0,0,0,836,0
898,2.8226,10.4290,0.0008,0.0000,0,0,0.0000,0,0.0000,0,0,0,1250,0
899,2.8108,10.4343,0.0007,0.0000,0,0,0.0000,0,0.0000,0,0,0,717,0
900,5.2804,5.7102,0.0023,0.0000,0,0,0.0000,0,0.0000,0,0,0,1168,0
901,2.8706,5.5471,0.0010,0.0000,0,0,0.0000,0,0.0000,0,0,0,792,0
902,2.8226,10.5168,0.0008,0.0000,0,0,0.0000,0,0.0000,0,0,0,1108,0
903,2.8108,10.5355,0.0006,0.0000,0,0,0.0000,0,0.0000,0,0,0,792,0
904,5.2804,5.6670,0.0007,0.0000,0,0,0.0000,0,0.0000,0,0,0,1037,0
905,2.8706,5.6217,0.0009,0.0000,0,0,0.0000,0,0.0000,0,0,0,722,0
906,2.8226,10.4273,0.0013,0.0000,0,0,0.0000,0,0.0000,0,0,0,1361,0
907,2.8108,10.4073,0.0006,0.0000,0,0,0.0000,0,0.0000,0,0,0,925,0
908,5.2804,5.6870,0.0006,0.0000,0,0,0.0000,0,0.0000,0,0,0,987,0
909,2.8706,5.5525,0.0008,0.0000,0,0,0.0000,0,0.0000,0,0,0,676,0
910,2.8226,10.5021,0.0009,0.0000,0,0,0.0000,0,0.0000,0,0,0,1198,0
911,2.8108,10.5060,0.0007,0.0000,0,0,0.0000,0,0.0000,0,0,0,1094,0
912,5.2804,5.7422,0.0016,0.0000,0,0,0.0000,0,0.0000,0,0,0,879,0
913,2.8706,5.5718,0.0016,0.0000,0,0,0.0000,0,0.0000,0,0,0,648,0
914,2.8226,10.4600,0.0007,0.0000,0,0,0.0000,0,0.0000,0,0,0,1117,0
915,2.8108,10.4714,0.0007,0.0000,0,0,0.0000,0,0.0000,0,0,0,1077,0
916,5.2804,5.6450,0.0053,0.0000,0,0,0.0000,0,0.0000,0,0,0,746,0
917,2.8706,5.5390,0.0008,0.0000,0,0,0.0000,0,0.0000,0,0,0,643,0
918,2.8226,10.4551,0.0014,0.0000,0,0,0.0000,0,0.0000,0,0,0,1064,0
919,2.8108,10.4361,0.0011,0.0000,0,0,0.0000,0,0.0000,0,0,0,1295,0
920,5.2804,5.6320,0.0010,0.0000,0,0,0.0000,0,0.0000,0,0,0,687,0
921,2.8706,5.5327,0.0008,0.0000,0,0,0.0000,0,0.0000,0,0,0,622,0
922,2.8226,10.2800,0.0010,0.0000,0,0,0.0000,0,0.0000,0,0,0,1368,0
923,2.8108,10.2771,0.0008,0.0000,0,0,0.0000,0,0.0000,0,0,0,709,0
924,5.2804,5.5439,0.0032,0.0000,0,0,0.0000,0,0.0000,0,0,0,716,0
925,2.8706,5.4515,0.0008,0.0000,0,0,0.0000,0,0.0000,0,0,0,620,0
926,2.8226,10.3241,0.0007,0.0000,0,0,0.0000,0,0.0000,0,0,0,710,0
927,2.8108,10.3224,0.0010,0.0000,0,0,0.0000,0,0.0000,0,0,0,715,0
928,5.2804,5.7308,0.0010,0.0000,0,0,0.0000,0,0.0000,0,0,0,717,0
929,2.8706,5.5376,0.0007,0.0000,0,0,0.0000,0,0.0000,0,0,0,613,0
930,2.8226,10.4893,0.0016,0.0000,0,0,0.0000,0,0.0000,0,0,0,696,0
931,2.8108,10.4788,0.0006,0.0000,0,0,0.0000,0,0.0000,0,0,0,724,0
932,5.2804,5.6661,0.0008,0.0000,0,0,0.0000,0,0.0000,0,0,0,685,0
933,2.8706,5.5428,0.0010,0.0000,0,0,0.0000,0,0.0000,0,0,0,617,0
934,2.8226,10.4537,0.0011,0.0000,0,0,0.0000,0,0.0000,0,0,0,755,0
935,2.8108,10.4715,0.0008,0.0000,0,0,0.0000,0,0.0000,0,0,0,779,0
936,5.2804,5.6135,0.0013,0.0000,0,0,0.0000,0,0.0000,0,0,0,664,0
937,2.8706,5.5463,0.0011,0.0000,0,0,0.0000,0,0.0000,0,0,0,622,0
938,2.8226,10.3959,0.0009,0.0000,0,0,0.0000,0,0.0000,0,0,0,785,0
939,2.8108,10.3887,0.0012,0.0000,0,0,0.0000,0,0.0000,0,0,0,906,0
940,5.2804,5.6704,0.0008,0.0000,0,0,0.0000,0,0.0000,0,0,0,636,0
941,2.8706,5.5868,0.0007,0.0000,0,0,0.0000,0,0.0000,0,0,0,626,0
942,2.8226,10.4721,0.0015,0.0000,0,0,0.0000,0,0.0000,0,0,0,868,0
943,2.8108,10.4441,0.0007,0.0000,0,0,0.0000,0,0.0000,0,0,0,830,0
944,5.2804,5.6910,0.0010,0.0000,0,0,0.0000,0,0.0000,0,0,0,635,0
945,2.8706,5.5256,0.0006,0.0000,0,0,0.0000,0,0.0000,0,0,0,608,0
946,2.8226,10.4918,0.0010,0.0000,0,0,0.0000,0,0.0000,0,0,0,801,0
947,2.8108,10.5047,0.0009,0.0000,0,0,0.0000,0,0.0000,0,0,0,966,0
948,5.2804,5.7150,0.0033,0.0000,0,0,0.0000,0,0.0000,0,0,0,650,0
949,2.8706,5.5792,0.0011,0.0000,0,0,0.0000,0,0.0000,0,0,0,606,0
950,2.8226,10.4010,0.0027,0.0000,0,0,0.0000,0,0.0000,0,0,0,1017,0
951,2.8108,10.2954,0.0027,0.0000,0,0,0.0000,0,0.0000,0,0,0,705,0
952,5.2804,5.7942,0.0014,0.0000,0,0,0.0000,0,0.0000,0,0,0,646,0
953,2.8706,5.5824,0.0012,0.0000,0,0,0.0000,0,0.0000,0,0,0,607,0
954,2.8226,10.3780,0.0013,0.0000,0,0,0.0000,0,0.0000,0,0,0,933,0
955,2.8108,10.3230,0.0009,0.0000,0,0,0.0000,0,0.0000,0,0,0,703,0
956,5.2804,5.8151,0.0028,0.0000,0,0,0.0000,0,0.0000,0,0,0,651,0
957,2.8706,5.5820,0.0010,0.0000,0,0,0.0000,0,0.0000,0,0,0,609,0
958,2.8226,10.4218,0.0009,0.0000,0,0,0.0000,0,0.0000,0,0,0,926,0
959,2.8108,10.3938,0.0009,0.0000,0,0,0.0000,0,0.0000,0,0,0,728,0
960,5.2804,5.7526,0.0014,0.0000,0,0,0.0000,0,0.0000,0,0,0,638,0
961,2.8706,5.5912,0.0011,0.0000,0,0,0.0000,0,0.0000,0,0,0,601,0
962,2.8226,10.4072,0.0010,0.0000,0,0,0.0000,0,0.0000,0,0,0,856,0
963,2.8108,10.3742,0.0007,0.0000,0,0,0.0000,0,0.0000,0,0,0,752,0
964,5.2804,5.7337,0.0009,0.0000,0,0,0.0000,0,0.0000,0,0,0,623,0
965,2.8706,5.5628,0.0012,0.0000,0,0,0.0000,0,0.0000,0,0,0,601,0
966,2.8226,10.4078,0.0012,0.0000,0,0,0.0000,0,0.0000,0,0,0,1082,0
967,2.8108,10.3918,0.0013,0.0000,0,0,0.0000,0,0.0000,0,0,0,805,0
968,5.2804,5.6770,0.0008,0.0000,0,0,0.0000,0,0.0000,0,0,0,626,0
969,2.8706,5.5945,0.0008,0.0000,0,0,0.0000,0,0.0000,0,0,0,601,0
970,2.8226,10.4182,0.0010,0.0000,0,0,0.0000,0,0.0000,0,0,0,712,0
971,2.8108,10.4160,0.0012,0.0000,0,0,0.0000,0,0.0000,0,0,0,775,0
972,5.2804,5.6239,0.0018,0.0000,0,0,0.0000,0,0.0000,0,0,0,622,0
973,2.8706,5.5655,0.0008,0.0000,0,0,0.0000,0,0.0000,0,0,0,601,0
974,2.8226,10.4019,0.0009,0.0000,0,0,0.0000,0,0.0000,0,0,0,709,0
975,2.8108,10.3933,0.0011,0.0000,0,0,0.0000,0,0.0000,0,0,0,911,0
976,5.2804,5.7129,0.0013,0.0000,0,0,0.0000,0,0.0000,0,0,0,611,0
977,2.8706,5.5337,0.0007,0.0000,0,0,0.0000,0,0.0000,0,0,0,601,0
978,2.8226,10.3109,0.0024,0.0000,0,0,0.0000,0,0.0000,0,0,0,723,0
979,2.8108,10.3513,0.0038,0.0000,0,0,0.0000,0,0.0000,0,0,0,698,0
980,5.2804,5.7084,0.0015,0.0000,0,0,0.0000,0,0.0000,0,0,0,618,0
981,2.8706,5.5340,0.0010,0.0000,0,0,0.0000,0,0.0000,0,0,0,601,0
982,2.8226,10.2583,0.0007,0.0000,0,0,0.0000,0,0.0000,0,0,0,744,0
983,2.8108,10.2033,0.0008,0.0000,0,0,0.0000,0,0.0000,0,0,0,696,0
984,5.2804,5.7070,0.0013,0.0000,0,0,0.0000,0,0.0000,0,0,0,605,0
985,2.8706,5.5482,0.0007,0.0000,0,0,0.0000,0,0.0000,0,0,0,601,0
986,2.8226,10.3955,0.0013,0.0000,0,0,0.0000,0,0.0000,0,0,0,786,0
987,2.8108,10.3983,0.0014,0.0000,0,0,0.0000,0,0.0000,0,0,0,704,0
988,5.2804,5.6371,0.0010,0.0000,0,0,0.0000,0,0.0000,0,0,0,606,0
989,2.8706,5.5022,0.0010,0.0000,0,0,0.0000,0,0.0000,0,0,0,601,0
990,2.8226,10.2403,0.0009,0.0000,0,0,0.0000,0,0.0000,0,0,0,780,0
991,2.8108,10.3995,0.0015,0.0000,0,0,0.0000,0,0.0000,0,0,0,741,0
992,5.2804,5.6495,0.0027,0.0000,0,0,0.0000,0,0.0000,0,0,0,605,0
993,2.8706,5.4878,0.0008,0.0000,0,0,0.0000,0,0.0000,0,0,0,601,0
994,2.8226,10.3417,0.0024,0.0000,0,0,0.0000,0,0.0000,0,0,0,808,0
995,2.8108,10.2235,0.0013,0.0000,0,0,0.0000,0,0.0000,0,0,0,758,0
996,5.2804,5.7985,0.0026,0.0000,0,0,0.0000,0,0.0000,0,0,0,606,0
997,2.8706,5.5595,0.0011,0.0000,0,0,0.0000,0,0.0000,0,0,0,601,0
998,2.8226,10.3049,0.0010,0.0000,0,0,0.0000,0,0.0000,0,0,0,795,0
999,2.8108,10.2727,0.0013,0.0000,0,0,0.0000,0,0.0000,0,0,0,738,0
1000,5.2804,5.6703,0.0008,0.0000,0,0,0.0000,0,0.0000,0,0,0,601,0
1001,2.8706,5.4920,0.0012,0.0000,0,0,0.0000,0,0.0000,0,0,0,601,0
1002,2.8226,10.2933,0.0013,0.0000,0,0,0.0000,0,0.0000,0,0,0,771,0
1003,2.8108,10.2570,0.0011,0.0000,0,0,0.0000,0,0.0000,0,0,0,836,0
1004,5.2804,5.6684,0.0023,0.0000,0,0,0.0000,0,0.0000,0,0,0,601,0
1005,2.8706,5.4661,0.0011,0.0000,0,0,0.0000,0,0.0000,0,0,0,601,0
1006,2.8226,10.2913,0.0012,0.0000,0,0,0.0000,0,0.0000,0,0,0,779,0
1007,2.8108,10.1590,0.0011,0.0000,0,0,0.0000,0,0.0000,0,0,0,698,0
1008,5.2804,5.5780,0.0010,0.0000,0,0,0.0000,0,0.0000,0,0,0,601,0
1009,2.8706,5.4407,0.0009,0.0000,0,0,0.0000,0,0.0000,0,0,0,601,0
1010,2.8226,10.2820,0.0010,0.0000,0,0,0.0000,0,0.0000,0,0,0,967,0
1011,2.8108,10.2590,0.0012,0.0000,0,0,0.0000,0,0.0000,0,0,0,696,0
1012,5.2804,5.5337,0.0010,0.0000,0,0,0.0000,0,0.0000,0,0,0,601,0
1013,2.8706,5.4446,0.0010,0.0000,0,0,0.0000,0,0.0000,0,0,0,601,0
1014,2.8226,10.2424,0.0010,0.0000,0,0,0.0000,0,0.0000,0,0,0,710,0
1015,2.8108,10.2150,0.0010,0.0000,0,0,0.0000,0,0.0000,0,0,0,700,0
1016,5.2804,5.6987,0.0024,0.0000,0,0,0.0000,0,0.0000,0,0,0,601,0
1017,2.8706,5.5280,0.0013,0.0000,0,0,0.0000,0,0.0000,0,0,0,601,0
1018,2.8226,10.3324,0.0010,0.0000,0,0,0.0000,0,0.0000,0,0,0,703,0
1019,2.8108,10.2687,0.0016,0.0000,0,0,0.0000,0,0.0000,0,0,0,721,0
1020,5.2804,5.6844,0.0009,0.0000,0,0,0.0000,0,0.0000,0,0,0,601,0
1021,2.8706,5.5073,0.0011,0.0000,0,0,0.0000,0,0.0000,0,0,0,601,0
1022,2.8226,10.3507,0.0015,0.0000,0,0,0.0000,0,0.0000,0,0,0,708,0
1023,2.8108,10.2747,0.0014,0.0000,0,0,0.0000,0,0.0000,0,0,0,783,0
1024,5.2804,5.6710,0.0019,0.0000,0,0,0.0000,0,0.0000,0,0,0,601,0
1025,2.8706,5.5133,0.0008,0.0000,0,0,0.0000,0,0.0000,0,0,0,601,0
1026,2.8226,10.3615,0.0015,0.0000,0,0,0.0000,0,0.0000,0,0,0,751,0
1027,2.8108,10.2312,0.0013,0.0000,0,0,0.0000,0,0.0000,0,0,0,755,0
1028,5.2804,5.8078,0.0022,0.0000,0,0,0.0000,0,0.0000,0,0,0,601,0
1029,2.8706,5.6267,0.0011,0.0000,0,0,0.0000,0,0.0000,0,0,0,601,0
1030,2.8226,10.3349,0.0009,0.0000,0,0,0.0000,0,0.0000,0,0,0,762,0
1031,2.8108,10.3210,0.0012,0.0000,0,0,0.0000,0,0.0000,0,0,0,801,0
1032,5.2804,5.6975,0.0010,0.0000,0,0,0.0000,0,0.0000,0,0,0,601,0
1033,2.8706,5.6044,0.0008,0.0000,0,0,0.0000,0,0.0000,0,0,0,601,0
1034,2.8226,10.4295,0.0012,0.0000,0,0,0.0000,0,0.0000,0,0,0,747,0
1035,2.8108,10.4055,0.0013,0.0000,0,0,0.0000,0,0.0000,0,0,0,696,0
1036,5.2804,5.6529,0.0010,0.0000,0,0,0.0000,0,0.0000,0,0,0,601,0
1037,2.8706,5.6158,0.0010,0.0000,0,0,0.0000,0,0.0000,0,0,0,601,0
1038,2.8226,10.3695,0.0012,0.0000,0,0,0.0000,0,0.0000,0,0,0,830,0
1039,2.8108,10.3837,0.0010,0.0000,0,0,0.0000,0,0.0000,0,0,0,701,0
1040,5.2804,5.6665,0.0015,0.0000,0,0,0.0000,0,0.0000,0,0,0,601,0
1041,2.8706,5.6131,0.0010,0.0000,0,0,0.0000,0,0.0000,0,0,0,601,0
1042,2.8226,10.5180,0.0016,0.0000,0,0,0.0000,0,0.0000,0,0,0,769,0
1043,2.8108,10.4327,0.0011,0.0000,0,0,0.0000,0,0.0000,0,0,0,696,0
1044,5.2804,5.7554,0.0009,0.0000,0,0,0.0000,0,0.0000,0,0,0,601,0
1045,2.8706,5.5927,0.0014,0.0000,0,0,0.0000,0,0.0000,0,0,0,601,0
1046,2.8226,10.3681,0.0010,0.0000,0,0,0.0000,0,0.0000,0,0,0,728,0
1047,2.8108,10.3145,0.0013,0.0000,0,0,0.0000,0,0.0000,0,0,0,717,0
1048,5.2804,5.5791,0.0013,0.0000,0,0,0.0000,0,0.0000,0,0,0,601,0
1049,2.8706,5.4663,0.0009,0.0000,0,0,0.0000,0,0.0000,0,0,0,601,0
1050,2.8226,10.2906,0.0009,0.0000,0,0,0.0000,0,0.0000,0,0,0,726,0
1051,2.8108,10.2740,0.0013,0.0000,0,0,0.0000,0,0.0000,0,0,0,731,0
1052,5.2804,5.6108,0.0012,0.0000,0,0,0.0000,0,0.0000,0,0,0,601,0
1053,2.8706,5.5042,0.0013,0.0000,0,0,0.0000,0,0.0000,0,0,0,601,0
1054,2.8226,10.3455,0.0012,0.0000,0,0,0.0000,0,0.0000,0,0,0,833,0
1055,2.8108,10.3303,0.0013,0.0000,0,0,0.0000,0,0.0000,0,0,0,722,0
1056,5.2804,5.7355,0.0014,0.0000,0,0,0.0000,0,0.0000,0,0,0,601,0
1057,2.8706,5.5493,0.0009,0.0000,0,0,0.0000,0,0.0000,0,0,0,601,0
1058,2.8226,10.2720,0.0011,0.0000,0,0,0.0000,0,0.0000,0,0,0,696,0
1059,2.8108,10.2405,0.0010,0.0000,0,0,0.0000,0,0.0000,0,0,0,758,0
1060,5.2804,5.7168,0.0010,0.0000,0,0,0.0000,0,0.0000,0,0,0,601,0
1061,2.8706,5.5948,0.0010,0.0000,0,0,0.0000,0,0.0000,0,0,0,601,0
1062,2.8226,10.6140,0.0010,0.0000,0,0,0.0000,0,0.0000,0,0,0,696,0
1063,2.8108,10.5415,0.0013,0.0000,0,0,0.0000,0,0.0000,0,0,0,696,0
1064,5.2804,5.6890,0.0022,0.0000,0,0,0.0000,0,0.0000,0,0,0,601,0
1065,2.8706,5.5650,0.0009,0.0000,0,0,0.0000,0,0.0000,0,0,0,601,0
1066,2.8226,10.4152,0.0013,0.0000,0,0,0.0000,0,0.0000,0,0,0,696,0
1067,2.8108,10.3855,0.0015,0.0000,0,0,0.0000,0,0.0000,0,0,0,705,0
1068,5.2804,5.7660,0.0011,0.0000,0,0,0.0000,0,0.0000,0,0,0,601,0
1069,2.8706,5.6015,0.0010,0.0000,0,0,0.0000,0,0.0000,0,0,0,601,0
1070,2.8226,10.3810,0.0034,0.0000,0,0,0.0000,0,0.0000,0,0,0,696,0
1071,2.8108,10.3183,0.0014,0.0000,0,0,0.0000,0,0.0000,0,0,0,707,0
1072,5.2804,5.9186,0.0014,0.0000,0,0,0.0000,0,0.0000,0,0,0,601,0
1073,2.8706,5.5814,0.0014,0.0000,0,0,0.0000,0,0.0000,0,0,0,601,0
1074,2.8226,10.4328,0.0010,0.0000,0,0,0.0000,0,0.0000,0,0,0,701,0
1075,2.8108,10.3985,0.0011,0.0000,0,0,0.0000,0,0.0000,0,0,0,707,0
1076,5.2804,5.7359,0.0012,0.0000,0,0,0.0000,0,0.0000,0,0,0,601,0
1077,2.8706,5.5908,0.0007,0.0000,0,0,0.0000,0,0.0000,0,0,0,601,0
1078,2.8226,10.5865,0.0016,0.0000,0,0,0.0000,0,0.0000,0,0,0,703,0
1079,2.8108,10.5694,0.0018,0.0000,0,0,0.0000,0,0.0000,0,0,0,736,0
1080,5.2804,5.9162,0.0017,0.0000,0,0,0.0000,0,0.0000,0,0,0,601,0
1081,2.8706,5.6879,0.0013,0.0000,0,0,0.0000,0,0.0000,0,0,0,601,0
1082,2.8226,10.6130,0.0021,0.0000,0,0,0.0000,0,0.0000,0,0,0,716,0
1083,2.8108,10.5959,0.0016,0.0000,0,0,0.0000,0,0.0000,0,0,0,719,0
1084,5.2804,5.8389,0.0013,0.0000,0,0,0.0000,0,0.0000,0,0,0,601,0
1085,2.8706,5.5843,0.0007,0.0000,0,0,0.0000,0,0.0000,0,0,0,601,0
1086,2.8226,10.5535,0.0012,0.0000,0,0,0.0000,0,0.0000,0,0,0,714,0
1087,2.8108,10.5159,0.0009,0.0000,0,0,0.0000,0,0.0000,0,0,0,775,0
1088,5.2804,5.8231,0.0027,0.0000,0,0,0.0000,0,0.0000,0,0,0,601,0
1089,2.8706,5.6129,0.0009,0.0000,0,0,0.0000,0,0.0000,0,0,0,601,0
1090,2.8226,10.5124,0.0011,0.0000,0,0,0.0000,0,0.0000,0,0,0,717,0
1091,2.8108,10.4960,0.0015,0.0000,0,0,0.0000,0,0.0000,0,0,0,701,0
1092,5.2804,5.9047,0.0013,0.0000,0,0,0.0000,0,0.0000,0,0,0,601,0
1093,2.8706,5.6390,0.0008,0.0000,0,0,0.0000,0,0.0000,0,0,0,601,0
1094,2.8226,10.6328,0.0029,0.0000,0,0,0.0000,0,0.0000,0,0,0,711,0
1095,2.8108,10.5119,0.0017,0.0000,0,0,0.0000,0,0.0000,0,0,0,701,0
1096,5.2804,5.9778,0.0012,0.0000,0,0,0.0000,0,0.0000,0,0,0,601,0
1097,2.8706,5.6100,0.0009,0.0000,0,0,0.0000,0,0.0000,0,0,0,601,0
1098,2.8226,10.3793,0.0013,0.0000,0,0,0.0000,0,0.0000,0,0,0,763,0
1099,2.8108,10.3395,0.0011,0.0000,0,0,0.0000,0,0.0000,0,0,0,701,0
1100,5.2804,5.7114,0.0012,0.0000,0,0,0.0000,0,0.0000,0,0,0,601,0
1101,2.8706,5.5852,0.0014,0.0000,0,0,0.0000,0,0.0000,0,0,0,601,0
1102,2.8226,10.3334,0.0013,0.0000,0,0,0.0000,0,0.0000,0,0,0,696,0
1103,2.8108,10.2900,0.0010,0.0000,0,0,0.0000,0,0.0000,0,0,0,715,0
1104,5.2804,5.7660,0.0031,0.0000,0,0,0.0000,0,0.0000,0,0,0,601,0
1105,2.8706,5.5551,0.0015,0.0000,0,0,0.0000,0,0.0000,0,0,0,601,0
1106,2.8226,10.5883,0.0042,0.0000,0,0,0.0000,0,0.0000,0,0,0,696,0
1107,2.8108,10.4612,0.0018,0.0000,0,0,0.0000,0,0.0000,0,0,0,726,0
1108,5.2804,6.1925,0.0022,0.0000,0,0,0.0000,0,0.0000,0,0,0,601,0
1109,2.8706,5.7309,0.0010,0.0000,0,0,0.0000,0,0.0000,0,0,0,601,0
1110,2.8226,10.3855,0.0011,0.0000,0,0,0.0000,0,0.0000,0,0,0,696,0
1111,2.8108,10.2844,0.0010,0.0000,0,0,0.0000,0,0.0000,0,0,0,714,0
1112,5.2804,5.7105,0.0021,0.0000,0,0,0.0000,0,0.0000,0,0,0,601,0
1113,2.8706,5.6037,0.0009,0.0000,0,0,0.0000,0,0.0000,0,0,0,601,0
1114,2.8226,10.3368,0.0010,0.0000,0,0,0.0000,0,0.0000,0,0,0,696,0
1115,2.8108,10.3345,0.0009,0.0000,0,0,0.0000,0,0.0000,0,0,0,789,0
1116,5.2804,5.7349,0.0010,0.0000,0,0,0.0000,0,0.0000,0,0,0,601,0
1117,2.8706,5.5782,0.0008,0.0000,0,0,0.0000,0,0.0000,0,0,0,601,0
1118,2.8226,10.3987,0.0025,0.0000,0,0,0.0000,0,0.0000,0,0,0,717,0
1119,2.8108,10.2965,0.0012,0.0000,0,0,0.0000,0,0.0000,0,0,0,703,0
1120,5.2804,5.7112,0.0011,0.0000,0,0,0.0000,0,0.0000,0,0,0,601,0
1121,2.8706,5.5493,0.0011,0.0000,0,0,0.0000,0,0.0000,0,0,0,601,0
1122,2.8226,10.4945,0.0011,0.0000,0,0,0.0000,0,0.0000,0,0,0,716,0
1123,2.8108,10.4647,0.0012,0.0000,0,0,0.0000,0,0.0000,0,0,0,705,0
1124,5.2804,5.7459,0.0029,0.0000,0,0,0.0000,0,0.0000,0,0,0,601,0
1125,2.8706,5.5482,0.0118,0.0000,0,0,0.0000,0,0.0000,0,0,0,601,0
1126,2.8226,10.4021,0.0011,0.0000,0,0,0.0000,0,0.0000,0,0,0,745,0
1127,2.8108,10.3763,0.0012,0.0000,0,0,0.0000,0,0.0000,0,0,0,700,0
1128,5.2804,5.6975,0.0012,0.0000,0,0,0.0000,0,0.0000,0,0,0,601,0
1129,2.8706,5.5076,0.0013,0.0000,0,0,0.0000,0,0.0000,0,0,0,601,0
1130,2.8226,10.3254,0.0015,0.0000,0,0,0.0000,0,0.0000,0,0,0,737,0
1131,2.8108,10.2621,0.0009,0.0000,0,0,0.0000,0,0.0000,0,0,0,706,0
1132,5.2804,5.7695,0.0018,0.0000,0,0,0.0000,0,0.0000,0,0,0,601,0
1133,2.8706,5.5266,0.0016,0.0000,0,0,0.0000,0,0.0000,0,0,0,601,0
1134,2.8226,10.3436,0.0021,0.0000,0,0,0.0000,0,0.0000,0,0,0,718,0
1135,2.8108,10.3074,0.0011,0.0000,0,0,0.0000,0,0.0000,0,0,0,723,0
1136,5.2804,5.8111,0.0025,0.0000,0,0,0.0000,0,0.0000,0,0,0,601,0
1137,2.8706,5.4863,0.0012,0.0000,0,0,0.0000,0,0.0000,0,0,0,601,0
1138,2.8226,10.4725,0.0012,0.0000,0,0,0.0000,0,0.0000,0,0,0,719,0
1139,2.8108,10.3562,0.0008,0.0000,0,0,0.0000,0,0.0000,0,0,0,714,0
1140,5.2804,5.7452,0.0012,0.0000,0,0,0.0000,0,0.0000,0,0,0,601,0
1141,2.8706,5.5436,0.0008,0.0000,0,0,0.0000,0,0.0000,0,0,0,601,0
1142,2.8226,10.3745,0.0016,0.0000,0,0,0.0000,0,0.0000,0,0,0,747,0
1143,2.8108,10.3336,0.0013,0.0000,0,0,0.0000,0,0.0000,0,0,0,769,0
1144,5.2804,5.7811,0.0015,0.0000,0,0,0.0000,0,0.0000,0,0,0,601,0
1145,2.8706,5.6531,0.0014,0.0000,0,0,0.0000,0,0.0000,0,0,0,601,0
1146,2.8226,10.4185,0.0011,0.0000,0,0,0.0000,0,0.0000,0,0,0,696,0
1147,2.8108,10.3678,0.0011,0.0000,0,0,0.0000,0,0.0000,0,0,0,704,0
1148,5.2804,5.7384,0.0024,0.0000,0,0,0.0000,0,0.0000,0,0,0,601,0
1149,2.8706,5.5431,0.0013,0.0000,0,0,0.0000,0,0.0000,0,0,0,601,0
1150,2.8226,10.4585,0.0011,0.0000,0,0,0.0000,0,0.0000,0,0,0,696,0
1151,2.8108,10.4380,0.0009,0.0000,0,0,0.0000,0,0.0000,0,0,0,707,0
1152,5.2804,5.6480,0.0008,0.0000,0,0,0.0000,0,0.0000,0,0,0,601,0
1153,2.8706,5.5134,0.0009,0.0000,0,0,0.0000,0,0.0000,0,0,0,601,0
1154,2.8226,10.3604,0.0020,0.0000,0,0,0.0000,0,0.0000,0,0,0,696,0
1155,2.8108,10.2668,0.0014,0.0000,0,0,0.0000,0,0.0000,0,0,0,714,0
1156,5.2804,5.8093,0.0009,0.0000,0,0,0.0000,0,0.0000,0,0,0,601,0
1157,2.8706,5.5876,0.0009,0.0000,0,0,0.0000,0,0.0000,0,0,0,601,0
1158,2.8226,10.4062,0.0027,0.0000,0,0,0.0000,0,0.0000,0,0,0,696,0
1159,2.8108,10.2902,0.0010,0.0000,0,0,0.0000,0,0.0000,0,0,0,709,0
1160,5.2804,5.6561,0.0012,0.0000,0,0,0.0000,0,0.0000,0,0,0,601,0
1161,2.8706,5.5728,0.0010,0.0000,0,0,0.0000,0,0.0000,0,0,0,601,0
1162,2.8226,10.4106,0.0013,0.0000,0,0,0.0000,0,0.0000,0,0,0,696,0
1163,2.8108,10.3725,0.0013,0.0000,0,0,0.0000,0,0.0000,0,0,0,732,0
1164,5.2804,5.6539,0.0010,0.0000,0,0,0.0000,0,0.0000,0,0,0,601,0
1165,2.8706,5.5314,0.0010,0.0000,0,0,0.0000,0,0.0000,0,0,0,601,0
1166,2.8226,10.2848,0.0014,0.0000,0,0,0.0000,0,0.0000,0,0,0,696,0
1167,2.8108,10.1918,0.0011,0.0000,0,0,0.0000,0,0.0000,0,0,0,719,0
1168,5.2804,5.9555,0.0017,0.0000,0,0,0.0000,0,0.0000,0,0,0,601,0
1169,2.8706,5.7426,0.0009,0.0000,0,0,0.0000,0,0.0000,0,0,0,601,0
1170,2.8226,10.6411,0.0043,0.0000,0,0,0.0000,0,0.0000,0,0,0,708,0
1171,2.8108,10.4907,0.0044,0.0000,0,0,0.0000,0,0.0000,0,0,0,751,0
1172,5.2804,5.9527,0.0026,0.0000,0,0,0.0000,0,0.0000,0,0,0,601,0
1173,2.8706,5.6486,0.0015,0.0000,0,0,0.0000,0,0.0000,0,0,0,601,0
1174,2.8226,10.3667,0.0011,0.0000,0,0,0.0000,0,0.0000,0,0,0,708,0
1175,2.8108,10.2914,0.0013,0.0000,0,0,0.0000,0,0.0000,0,0,0,696,0
1176,5.2804,5.7367,0.0010,0.0000,0,0,0.0000,0,0.0000,0,0,0,601,0
1177,2.8706,5.5604,0.0010,0.0000,0,0,0.0000,0,0.0000,0,0,0,601,0
1178,2.8226,10.3220,0.0018,0.0000,0,0,0.0000,0,0.0000,0,0,0,706,0
1179,2.8108,10.2482,0.0008,0.0000,0,0,0.0000,0,0.0000,0,0,0,701,0
1180,5.2804,5.7809,0.0009,0.0000,0,0,0.0000,0,0.0000,0,0,0,601,0
1181,2.8706,5.6348,0.0014,0.0000,0,0,0.0000,0,0.0000,0,0,0,601,0
1182,2.8226,10.4671,0.0010,0.0000,0,0,0.0000,0,0.0000,0,0,0,707,0
1183,2.8108,10.4121,0.0008,0.0000,0,0,0.0000,0,0.0000,0,0,0,703,0
1184,5.2804,5.6835,0.0010,0.0000,0,0,0.0000,0,0.0000,0,0,0,601,0
1185,2.8706,5.5854,0.0009,0.0000,0,0,0.0000,0,0.0000,0,0,0,601,0
1186,2.8226,10.3674,0.0013,0.0000,0,0,0.0000,0,0.0000,0,0,0,723,0
1187,2.8108,10.3255,0.0009,0.0000,0,0,0.0000,0,0.0000,0,0,0,707,0
1188,5.2804,5.7453,0.0012,0.0000,0,0,0.0000,0,0.0000,0,0,0,601,0
1189,2.8706,5.6061,0.0010,0.0000,0,0,0.0000,0,0.0000,0,0,0,601,0
1190,2.8226,10.3908,0.0012,0.0000,0,0,0.0000,0,0.0000,0,0,0,696,0
1191,2.8108,10.3527,0.0011,0.0000,0,0,0.0000,0,0.0000,0,0,0,708,0
1192,5.2804,5.8233,0.0033,0.0000,0,0,0.0000,0,0.0000,0,0,0,601,0
1193,2.8706,5.6136,0.0017,0.0000,0,0,0.0000,0,0.0000,0,0,0,601,0
1194,2.8226,10.3931,0.0011,0.0000,0,0,0.0000,0,0.0000,0,0,0,696,0
1195,2.8108,10.3611,0.0013,0.0000,0,0,0.0000,0,0.0000,0,0,0,712,0
1196,5.2804,5.7279,0.0024,0.0000,0,0,0.0000,0,0.0000,0,0,0,601,0
1197,2.8706,5.6362,0.0016,0.0000,0,0,0.0000,0,0.0000,0,0,0,601,0
1198,2.8226,10.4281,0.0022,0.0000,0,0,0.0000,0,0.0000,0,0,0,696,0
1199,2.8108,10.3689,0.0011,0.0000,0,0,0.0000,0,0.0000,0,0,0,754,0
1200,5.2804,5.7911,0.0023,0.0000,0,0,0.0000,0,0.0000,0,0,0,601,0
1201,2.8706,5.5255,0.0012,0.0000,0,0,0.0000,0,0.0000,0,0,0,601,0
1202,2.8226,10.2679,0.0020,0.0000,0,0,0.0000,0,0.0000,0,0,0,696,0
1203,2.8108,10.1677,0.0008,0.0000,0,0,0.0000,0,0.0000,0,0,0,696,0
1204,5.2804,5.9775,0.0032,0.0000,0,0,0.0000,0,0.0000,0,0,0,601,0
1205,2.8706,5.6801,0.0007,0.0000,0,0,0.0000,0,0.0000,0,0,0,601,0
1206,2.8226,10.3165,0.0014,0.0000,0,0,0.0000,0,0.0000,0,0,0,701,0
1207,2.8108,10.2674,0.0010,0.0000,0,0,0.0000,0,0.0000,0,0,0,706,0
1208,5.2804,5.7121,0.0013,0.0000,0,0,0.0000,0,0.0000,0,0,0,601,0
1209,2.8706,5.5866,0.0013,0.0000,0,0,0.0000,0,0.0000,0,0,0,601,0
1210,2.8226,10.3205,0.0016,0.0000,0,0,0.0000,0,0.0000,0,0,0,696,0
1211,2.8108,10.2387,0.0008,0.0000,0,0,0.0000,0,0.0000,0,0,0,700,0
1212,5.2804,5.6830,0.0008,0.0000,0,0,0.0000,0,0.0000,0,0,0,601,0
1213,2.8706,5.4655,0.0008,0.0000,0,0,0.0000,0,0.0000,0,0,0,601,0
1214,2.8226,10.3127,0.0014,0.0000,0,0,0.0000,0,0.0000,0,0,0,707,0
1215,2.8108,10.3110,0.0017,0.0000,0,0,0.0000,0,0.0000,0,0,0,704,0
1216,5.2804,5.7662,0.0019,0.0000,0,0,0.0000,0,0.0000,0,0,0,601,0
1217,2.8706,5.6225,0.0021,0.0000,0,0,0.0000,0,0.0000,0,0,0,601,0
1218,2.8226,10.4386,0.0011,0.0000,0,0,0.0000,0,0.0000,0,0,0,701,0
1219,2.8108,10.3353,0.0013,0.0000,0,0,0.0000,0,0.0000,0,0,0,715,0
1220,5.2804,5.7113,0.0013,0.0000,0,0,0.0000,0,0.0000,0,0,0,601,0
1221,2.8706,5.5903,0.0010,0.0000,0,0,0.0000,0,0.0000,0,0,0,601,0
1222,2.8226,10.3272,0.0013,0.0000,0,0,0.0000,0,0.0000,0,0,0,702,0
1223,2.8108,10.2773,0.0008,0.0000,0,0,0.0000,0,0.0000,0,0,0,700,0
1224,5.2804,5.7963,0.0010,0.0000,0,0,0.0000,0,0.0000,0,0,0,601,0
1225,2.8706,5.6094,0.0008,0.0000,0,0,0.0000,0,0.0000,0,0,0,601,0
1226,2.8226,10.3697,0.0009,0.0000,0,0,0.0000,0,0.0000,0,0,0,711,0
1227,2.8108,10.3317,0.0014,0.0000,0,0,0.0000,0,0.0000,0,0,0,764,0
1228,5.2804,5.7333,0.0022,0.0000,0,0,0.0000,0,0.0000,0,0,0,601,0
1229,2.8706,5.6098,0.0011,0.0000,0,0,0.0000,0,0.0000,0,0,0,601,0
1230,2.8226,10.4023,0.0010,0.0000,0,0,0.0000,0,0.0000,0,0,0,722,0
1231,2.8108,10.3409,0.0009,0.0000,0,0,0.0000,0,0.0000,0,0,0,696,0
1232,5.2804,5.8484,0.0018,0.0000,0,0,0.0000,0,0.0000,0,0,0,601,0
1233,2.8706,5.5946,0.0012,0.0000,0,0,0.0000,0,0.0000,0,0,0,601,0
1234,2.8226,10.4065,0.0014,0.0000,0,0,0.0000,0,0.0000,0,0,0,696,0
1235,2.8108,10.3643,0.0017,0.0000,0,0,0.0000,0,0.0000,0,0,0,696,0
1236,5.2804,5.7117,0.0013,0.0000,0,0,0.0000,0,0.0000,0,0,0,601,0
1237,2.8706,5.6387,0.0010,0.0000,0,0,0.0000,0,0.0000,0,0,0,601,0
1238,2.8226,10.4853,0.0012,0.0000,0,0,0.0000,0,0.0000,0,0,0,696,0
1239,2.8108,10.4580,0.0010,0.0000,0,0,0.0000,0,0.0000,0,0,0,696,0
1240,5.2804,5.9293,0.0015,0.0000,0,0,0.0000,0,0.0000,0,0,0,601,0
1241,2.8706,5.7604,0.0012,0.0000,0,0,0.0000,0,0.0000,0,0,0,601,0
1242,2.8226,10.5670,0.0016,0.0000,0,0,0.0000,0,0.0000,0,0,0,696,0
1243,2.8108,10.5145,0.0011,0.0000,0,0,0.0000,0,0.0000,0,0,0,700,0
1244,5.2804,5.8247,0.0015,0.0000,0,0,0.0000,0,0.0000,0,0,0,601,0
1245,2.8706,5.7086,0.0014,0.0000,0,0,0.0000,0,0.0000,0,0,0,601,0
1246,2.8226,10.5568,0.0037,0.0000,0,0,0.0000,0,0.0000,0,0,0,705,0
1247,2.8108,10.3603,0.0037,0.0000,0,0,0.0000,0,0.0000,0,0,0,702,0
1248,5.2804,5.9953,0.0027,0.0000,0,0,0.0000,0,0.0000,0,0,0,601,0
1249,2.8706,5.9010,0.0012,0.0000,0,0,0.0000,0,0.0000,0,0,0,601,0
1250,2.8226,10.4522,0.0016,0.0000,0,0,0.0000,0,0.0000,0,0,0,708,0
1251,2.8108,10.3918,0.0021,0.0000,0,0,0.0000,0,0.0000,0,0,0,706,0
1252,5.2804,5.9828,0.0014,0.0000,0,0,0.0000,0,0.0000,0,0,0,601,0
1253,2.8706,5.6416,0.0015,0.0000,0,0,0.0000,0,0.0000,0,0,0,601,0
1254,2.8226,10.5510,0.0009,0.0000,0,0,0.0000,0,0.0000,0,0,0,707,0
1255,2.8108,10.4790,0.0005,0.0000,0,0,0.0000,0,0.0000,0,0,0,721,0
1256,5.2804,5.7406,0.0008,0.0000,0,0,0.0000,0,0.0000,0,0,0,601,0
1257,2.8706,5.5847,0.0005,0.0000,0,0,0.0000,0,0.0000,0,0,0,601,0
1258,2.8226,10.7357,0.0015,0.0000,0,0,0.0000,0,0.0000,0,0,0,708,0
1259,2.8108,10.7734,0.0018,0.0000,0,0,0.0000,0,0.0000,0,0,0,696,0
1260,5.2804,5.9267,0.0018,0.0000,0,0,0.0000,0,0.0000,0,0,0,601,0
1261,2.8706,5.6863,0.0010,0.0000,0,0,0.0000,0,0.0000,0,0,0,601,0
1262,2.8226,10.6339,0.0019,0.0000,0,0,0.0000,0,0.0000,0,0,0,706,0
1263,2.8108,10.5540,0.0014,0.0000,0,0,0.0000,0,0.0000,0,0,0,696,0
1264,5.2804,5.9997,0.0021,0.0000,0,0,0.0000,0,0.0000,0,0,0,601,0
1265,2.8706,5.7062,0.0008,0.0000,0,0,0.0000,0,0.0000,0,0,0,601,0
1266,2.8226,10.5981,0.0009,0.0000,0,0,0.0000,0,0.0000,0,0,0,711,0
1267,2.8108,10.6208,0.0006,0.0000,0,0,0.0000,0,0.0000,0,0,0,696,0
1268,5.2804,5.8207,0.0016,0.0000,0,0,0.0000,0,0.0000,0,0,0,601,0
1269,2.8706,5.6590,0.0007,0.0000,0,0,0.0000,0,0.0000,0,0,0,601,0
1270,2.8226,10.6750,0.0011,0.0000,0,0,0.0000,0,0.0000,0,0,0,706,0
1271,2.8108,10.7107,0.0005,0.0000,0,0,0.0000,0,0.0000,0,0,0,702,0
1272,5.2804,6.0611,0.0014,0.0000,0,0,0.0000,0,0.0000,0,0,0,601,0
1273,2.8706,5.8670,0.0009,0.0000,0,0,0.0000,0,0.0000,0,0,0,601,0
1274,2.8226,10.6988,0.0012,0.0000,0,0,0.0000,0,0.0000,0,0,0,748,0
1275,2.8108,10.7558,0.0015,0.0000,0,0,0.0000,0,0.0000,0,0,0,702,0
1276,5.2804,5.9520,0.0013,0.0000,0,0,0.0000,0,0.0000,0,0,0,601,0
1277,2.8706,5.7239,0.0012,0.0000,0,0,0.0000,0,0.0000,0,0,0,601,0
1278,2.8226,10.7725,0.0016,0.0000,0,0,0.0000,0,0.0000,0,0,0,696,0
1279,2.8108,10.8094,0.0010,0.0000,0,0,0.0000,0,0.0000,0,0,0,702,0
1280,5.2804,5.9813,0.0010,0.0000,0,0,0.0000,0,0.0000,0,0,0,601,0
1281,2.8706,5.8415,0.0012,0.0000,0,0,0.0000,0,0.0000,0,0,0,601,0
1282,2.8226,10.7658,0.0015,0.0000,0,0,0.0000,0,0.0000,0,0,0,696,0
1283,2.8108,10.7661,0.0018,0.0000,0,0,0.0000,0,0.0000,0,0,0,742,0
1284,5.2804,5.8537,0.0027,0.0000,0,0,0.0000,0,0.0000,0,0,0,601,0
1285,2.8706,5.6996,0.0013,0.0000,0,0,0.0000,0,0.0000,0,0,0,601,0
1286,2.8226,10.6161,0.0023,0.0000,0,0,0.0000,0,0.0000,0,0,0,696,0
1287,2.8108,10.5888,0.0009,0.0000,0,0,0.0000,0,0.0000,0,0,0,696,0
1288,5.2804,6.0473,0.0066,0.0000,0,0,0.0000,0,0.0000,0,0,0,601,0
1289,2.8706,5.7005,0.0012,0.0000,0,0,0.0000,0,0.0000,0,0,0,601,0
1290,2.8226,10.8016,0.0027,0.0000,0,0,0.0000,0,0.0000,0,0,0,696,0
1291,2.8108,10.7862,0.0014,0.0000,0,0,0.0000,0,0.0000,0,0,0,696,0
1292,5.2804,6.9445,0.0077,0.0000,0,0,0.0000,0,0.0000,0,0,0,601,0
1293,2.8706,5.8180,0.0077,0.0000,0,0,0.0000,0,0.0000,0,0,0,601,0
1294,2.8226,10.5705,0.0075,0.0000,0,0,0.0000,0,0.0000,0,0,0,702,0
1295,2.8108,10.2968,0.0065,0.0000,0,0,0.0000,0,0.0000,0,0,0,696,0
1296,5.2804,6.8800,0.0066,0.0000,0,0,0.0000,0,0.0000,0,0,0,601,0
1297,2.8706,5.8386,0.0017,0.0000,0,0,0.0000,0,0.0000,0,0,0,601,0
1298,2.8226,10.2209,0.0099,0.0000,0,0,0.0000,0,0.0000,0,0,0,701,0
1299,2.8108,9.9076,0.0022,0.0000,0,0,0.0000,0,0.0000,0,0,0,696,0
1300,5.2804,7.3373,0.0215,0.0000,0,0,0.0000,0,0.0000,0,0,0,601,0
1301,2.8706,6.0450,0.0023,0.0000,0,0,0.0000,0,0.0000,0,0,0,601,0
1302,2.8226,10.3992,0.0357,0.0000,0,0,0.0000,0,0.0000,0,0,0,704,0
1303,2.8108,10.4171,0.0032,0.0000,0,0,0.0000,0,0.0000,0,0,0,701,0
1304,5.2804,6.9630,0.0066,0.0000,0,0,0.0000,0,0.0000,0,0,0,601,0
1305,2.8706,6.1241,0.0021,0.0000,0,0,0.0000,0,0.0000,0,0,0,601,0
1306,2.8226,10.5162,0.0081,0.0000,0,0,0.0000,0,0.0000,0,0,0,701,0
1307,2.8108,9.9799,0.0082,0.0000,0,0,0.0000,0,0.0000,0,0,0,700,0
1308,5.2804,6.2423,0.0086,0.0000,0,0,0.0000,0,0.0000,0,0,0,601,0
1309,2.8706,5.7593,0.0022,0.0000,0,0,0.0000,0,0.0000,0,0,0,601,0
1310,2.8226,10.4361,0.0019,0.0000,0,0,0.0000,0,0.0000,0,0,0,701,0
1311,2.8108,10.3204,0.0017,0.0000,0,0,0.0000,0,0.0000,0,0,0,720,0
1312,5.2804,6.1428,0.0030,0.0000,0,0,0.0000,0,0.0000,0,0,0,601,0
1313,2.8706,5.6898,0.0014,0.0000,0,0,0.0000,0,0.0000,0,0,0,601,0
1314,2.8226,10.5736,0.0023,0.0000,0,0,0.0000,0,0.0000,0,0,0,702,0
1315,2.8108,10.4556,0.0017,0.0000,0,0,0.0000,0,0.0000,0,0,0,696,0
1316,5.2804,6.0096,0.0020,0.0000,0,0,0.0000,0,0.0000,0,0,0,601,0
1317,2.8706,5.6525,0.0017,0.0000,0,0,0.0000,0,0.0000,0,0,0,601,0
1318,2.8226,10.4037,0.0011,0.0000,0,0,0.0000,0,0.0000,0,0,0,712,0
1319,2.8108,10.3555,0.0009,0.0000,0,0,0.0000,0,0.0000,0,0,0,696,0
1320,5.2804,5.9893,0.0012,0.0000,0,0,0.0000,0,0.0000,0,0,0,601,0
1321,2.8706,5.7796,0.0008,0.0000,0,0,0.0000,0,0.0000,0,0,0,601,0
1322,2.8226,10.5927,0.0011,0.0000,0,0,0.0000,0,0.0000,0,0,0,696,0
1323,2.8108,10.5110,0.0018,0.0000,0,0,0.0000,0,0.0000,0,0,0,696,0
1324,5.2804,5.7126,0.0020,0.0000,0,0,0.0000,0,0.0000,0,0,0,601,0
1325,2.8706,5.6257,0.0013,0.0000,0,0,0.0000,0,0.0000,0,0,0,601,0
1326,2.8226,10.2948,0.0018,0.0000,0,0,0.0000,0,0.0000,0,0,0,696,0
1327,2.8108,10.2601,0.0013,0.0000,0,0,0.0000,0,0.0000,0,0,0,696,0
1328,5.2804,5.8768,0.0016,0.0000,0,0,0.0000,0,0.0000,0,0,0,601,0
1329,2.8706,5.6708,0.0010,0.0000,0,0,0.0000,0,0.0000,0,0,0,601,0
1330,2.8226,10.4955,0.0014,0.0000,0,0,0.0000,0,0.0000,0,0,0,696,0
1331,2.8108,10.4177,0.0011,0.0000,0,0,0.0000,0,0.0000,0,0,0,705,0
1332,5.2804,6.0500,0.0057,0.0000,0,0,0.0000,0,0.0000,0,0,0,601,0
1333,2.8706,5.6900,0.0008,0.0000,0,0,0.0000,0,0.0000,0,0,0,601,0
1334,2.8226,10.5331,0.0020,0.0000,0,0,0.0000,0,0.0000,0,0,0,696,0
1335,2.8108,10.4670,0.0010,0.0000,0,0,0.0000,0,0.0000,0,0,0,704,0
1336,5.2804,6.0434,0.0014,0.0000,0,0,0.0000,0,0.0000,0,0,0,601,0
1337,2.8706,5.7001,0.0017,0.0000,0,0,0.0000,0,0.0000,0,0,0,601,0
1338,2.8226,10.4611,0.0012,0.0000,0,0,0.0000,0,0.0000,0,0,0,706,0
1339,2.8108,10.3915,0.0016,0.0000,0,0,0.0000,0,0.0000,0,0,0,711,0
1340,5.2804,5.9906,0.0011,0.0000,0,0,0.0000,0,0.0000,0,0,0,601,0
1341,2.8706,5.7786,0.0007,0.0000,0,0,0.0000,0,0.0000,0,0,0,601,0
1342,2.8226,10.5769,0.0013,0.0000,0,0,0.0000,0,0.0000,0,0,0,702,0
1343,2.8108,10.5120,0.0010,0.0000,0,0,0.0000,0,0.0000,0,0,0,696,0
1344,5.2804,5.8729,0.0012,0.0000,0,0,0.0000,0,0.0000,0,0,0,601,0
1345,2.8706,5.6565,0.0014,0.0000,0,0,0.0000,0,0.0000,0,0,0,601,0
1346,2.8226,10.3462,0.0013,0.0000,0,0,0.0000,0,0.0000,0,0,0,702,0
1347,2.8108,10.2575,0.0008,0.0000,0,0,0.0000,0,0.0000,0,0,0,696,0
1348,5.2804,5.7877,0.0016,0.0000,0,0,0.0000,0,0.0000,0,0,0,601,0
1349,2.8706,5.6586,0.0018,0.0000,0,0,0.0000,0,0.0000,0,0,0,601,0
1350,2.8226,10.4270,0.0028,0.0000,0,0,0.0000,0,0.0000,0,0,0,696,0
1351,2.8108,10.3325,0.0015,0.0000,0,0,0.0000,0,0.0000,0,0,0,696,0
1352,5.2804,6.2352,0.0034,0.0000,0,0,0.0000,0,0.0000,0,0,0,601,0
1353,2.8706,5.7193,0.0016,0.0000,0,0,0.0000,0,0.0000,0,0,0,601,0
1354,2.8226,10.4578,0.0034,0.0000,0,0,0.0000,0,0.0000,0,0,0,696,0
1355,2.8108,10.2898,0.0020,0.0000,0,0,0.0000,0,0.0000,0,0,0,696,0
1356,5.2804,6.3705,0.0027,0.0000,0,0,0.0000,0,0.0000,0,0,0,601,0
1357,2.8706,5.7457,0.0018,0.0000,0,0,0.0000,0,0.0000,0,0,0,601,0
1358,2.8226,10.4793,0.0023,0.0000,0,0,0.0000,0,0.0000,0,0,0,696,0
1359,2.8108,10.3766,0.0016,0.0000,0,0,0.0000,0,0.0000,0,0,0,701,0
1360,5.2804,6.2026,0.0013,0.0000,0,0,0.0000,0,0.0000,0,0,0,601,0
1361,2.8706,5.7774,0.0008,0.0000,0,0,0.0000,0,0.0000,0,0,0,601,0
1362,2.8226,10.6128,0.0013,0.0000,0,0,0.0000,0,0.0000,0,0,0,709,0
1363,2.8108,10.5220,0.0008,0.0000,0,0,0.0000,0,0.0000,0,0,0,696,0
1364,5.2804,5.8077,0.0010,0.0000,0,0,0.0000,0,0.0000,0,0,0,601,0
1365,2.8706,5.5935,0.0012,0.0000,0,0,0.0000,0,0.0000,0,0,0,601,0
1366,2.8226,10.5114,0.0014,0.0000,0,0,0.0000,0,0.0000,0,0,0,696,0
1367,2.8108,10.4836,0.0014,0.0000,0,0,0.0000,0,0.0000,0,0,0,707,0
1368,5.2804,5.9379,0.0015,0.0000,0,0,0.0000,0,0.0000,0,0,0,601,0
1369,2.8706,5.7187,0.0008,0.0000,0,0,0.0000,0,0.0000,0,0,0,601,0
1370,2.8226,10.5506,0.0015,0.0000,0,0,0.0000,0,0.0000,0,0,0,696,0
1371,2.8108,10.4819,0.0010,0.0000,0,0,0.0000,0,0.0000,0,0,0,698,0
1372,5.2804,5.9369,0.0018,0.0000,0,0,0.0000,0,0.0000,0,0,0,601,0
1373,2.8706,5.6984,0.0017,0.0000,0,0,0.0000,0,0.0000,0,0,0,601,0
1374,2.8226,10.4353,0.0016,0.0000,0,0,0.0000,0,0.0000,0,0,0,696,0
1375,2.8108,10.3417,0.0022,0.0000,0,0,0.0000,0,0.0000,0,0,0,696,0
1376,5.2804,6.3750,0.0020,0.0000,0,0,0.0000,0,0.0000,0,0,0,601,0
1377,2.8706,5.6520,0.0017,0.0000,0,0,0.0000,0,0.0000,0,0,0,601,0
1378,2.8226,10.2841,0.0023,0.0000,0,0,0.0000,0,0.0000,0,0,0,696,0
1379,2.8108,9.9965,0.0011,0.0000,0,0,0.0000,0,0.0000,0,0,0,696,0
1380,5.2804,6.2191,0.0016,0.0000,0,0,0.0000,0,0.0000,0,0,0,601,0
1381,2.8706,5.8132,0.0018,0.0000,0,0,0.0000,0,0.0000,0,0,0,601,0
1382,2.8226,10.6810,0.0012,0.0000,0,0,0.0000,0,0.0000,0,0,0,696,0
1383,2.8108,10.6012,0.0019,0.0000,0,0,0.0000,0,0.0000,0,0,0,696,0
1384,5.2804,5.9835,0.0014,0.0000,0,0,0.0000,0,0.0000,0,0,0,601,0
1385,2.8706,5.7396,0.0010,0.0000,0,0,0.0000,0,0.0000,0,0,0,601,0
1386,2.8226,10.5559,0.0019,0.0000,0,0,0.0000,0,0.0000,0,0,0,696,0
1387,2.8108,10.5260,0.0014,0.0000,0,0,0.0000,0,0.0000,0,0,0,696,0
1388,5.2804,5.8934,0.0014,0.0000,0,0,0.0000,0,0.0000,0,0,0,601,0
1389,2.8706,5.6918,0.0016,0.0000,0,0,0.0000,0,0.0000,0,0,0,601,0
1390,2.8226,10.4730,0.0013,0.0000,0,0,0.0000,0,0.0000,0,0,0,696,0
1391,2.8108,10.3974,0.0013,0.0000,0,0,0.0000,0,0.0000,0,0,0,696,0
1392,5.2804,5.9038,0.0014,0.0000,0,0,0.0000,0,0.0000,0,0,0,601,0
1393,2.8706,5.6727,0.0013,0.0000,0,0,0.0000,0,0.0000,0,0,0,601,0
1394,2.8226,10.3422,0.0013,0.0000,0,0,0.0000,0,0.0000,0,0,0,696,0
1395,2.8108,10.2736,0.0011,0.0000,0,0,0.0000,0,0.0000,0,0,0,706,0
1396,5.2804,6.4113,0.0013,0.0000,0,0,0.0000,0,0.0000,0,0,0,601,0
1397,2.8706,5.6960,0.0008,0.0000,0,0,0.0000,0,0.0000,0,0,0,601,0
1398,2.8226,10.2779,0.0013,0.0000,0,0,0.0000,0,0.0000,0,0,0,696,0
1399,2.8108,10.1683,0.0010,0.0000,0,0,0.0000,0,0.0000,0,0,0,696,0
1400,5.2804,5.9915,0.0019,0.0000,0,0,0.0000,0,0.0000,0,0,0,601,0
1401,2.8706,5.6411,0.0022,0.0000,0,0,0.0000,0,0.0000,0,0,0,601,0
1402,2.8226,10.4223,0.0019,0.0000,0,0,0.0000,0,0.0000,0,0,0,696,0
1403,2.8108,10.3834,0.0011,0.0000,0,0,0.0000,0,0.0000,0,0,0,696,0
1404,5.2804,5.7583,0.0015,0.0000,0,0,0.0000,0,0.0000,0,0,0,601,0
1405,2.8706,5.6220,0.0014,0.0000,0,0,0.0000,0,0.0000,0,0,0,601,0
1406,2.8226,10.3086,0.0014,0.0000,0,0,0.0000,0,0.0000,0,0,0,701,0
1407,2.8108,10.2732,0.0012,0.0000,0,0,0.0000,0,0.0000,0,0,0,696,0
1408,5.2804,5.8942,0.0016,0.0000,0,0,0.0000,0,0.0000,0,0,0,601,0
1409,2.8706,5.7286,0.0018,0.0000,0,0,0.0000,0,0.0000,0,0,0,601,0
1410,2.8226,10.5214,0.0017,0.0000,0,0,0.0000,0,0.0000,0,0,0,696,0
1411,2.8108,10.4502,0.0021,0.0000,0,0,0.0000,0,0.0000,0,0,0,696,0
1412,5.2804,6.4791,0.0077,0.0000,0,0,0.0000,0,0.0000,0,0,0,601,0
1413,2.8706,5.7652,0.0024,0.0000,0,0,0.0000,0,0.0000,0,0,0,601,0
1414,2.8226,10.7439,0.0068,0.0000,0,0,0.0000,0,0.0000,0,0,0,696,0
1415,2.8108,10.5053,0.0068,0.0000,0,0,0.0000,0,0.0000,0,0,0,696,0
1416,5.2804,6.5287,0.0070,0.0000,0,0,0.0000,0,0.0000,0,0,0,601,0
1417,2.8706,5.8940,0.0025,0.0000,0,0,0.0000,0,0.0000,0,0,0,601,0
1418,2.8226,10.7819,0.0019,0.0000,0,0,0.0000,0,0.0000,0,0,0,696,0
1419,2.8108,10.5296,0.0014,0.0000,0,0,0.0000,0,0.0000,0,0,0,696,0
1420,5.2804,6.3101,0.0035,0.0000,0,0,0.0000,0,0.0000,0,0,0,601,0
1421,2.8706,5.8260,0.0032,0.0000,0,0,0.0000,0,0.0000,0,0,0,601,0
1422,2.8226,10.5813,0.0018,0.0000,0,0,0.0000,0,0.0000,0,0,0,696,0
1423,2.8108,10.5080,0.0012,0.0000,0,0,0.0000,0,0.0000,0,0,0,706,0
1424,5.2804,5.8976,0.0016,0.0000,0,0,0.0000,0,0.0000,0,0,0,601,0
1425,2.8706,5.6534,0.0010,0.0000,0,0,0.0000,0,0.0000,0,0,0,601,0
1426,2.8226,10.4511,0.0015,0.0000,0,0,0.0000,0,0.0000,0,0,0,696,0
1427,2.8108,10.4042,0.0015,0.0000,0,0,0.0000,0,0.0000,0,0,0,696,0
1428,5.2804,5.9648,0.0014,0.0000,0,0,0.0000,0,0.0000,0,0,0,601,0
1429,2.8706,5.7456,0.0012,0.0000,0,0,0.0000,0,0.0000,0,0,0,601,0
1430,2.8226,10.5580,0.0015,0.0000,0,0,0.0000,0,0.0000,0,0,0,696,0
1431,2.8108,10.5164,0.0018,0.0000,0,0,0.0000,0,0.0000,0,0,0,696,0
1432,5.2804,5.9024,0.0021,0.0000,0,0,0.0000,0,0.0000,0,0,0,601,0
1433,2.8706,5.6342,0.0033,0.0000,0,0,0.0000,0,0.0000,0,0,0,601,0
1434,2.8226,10.4018,0.0017,0.0000,0,0,0.0000,0,0.0000,0,0,0,696,0
1435,2.8108,10.3406,0.0013,0.0000,0,0,0.0000,0,0.0000,0,0,0,696,0
1436,5.2804,6.2189,0.0142,0.0000,0,0,0.0000,0,0.0000,0,0,0,601,0
1437,2.8706,5.8431,0.0142,0.0000,0,0,0.0000,0,0.0000,0,0,0,601,0
1438,2.8226,12.4882,0.0105,0.0000,0,0,0.0000,0,0.0000,0,0,0,696,0
1439,2.8108,12.2523,0.0104,0.0000,0,0,0.0000,0,0.0000,0,0,0,703,0
1440,5.2804,6.9547,0.0090,0.0000,0,0,0.0000,0,0.0000,0,0,0,601,0
1441,2.8706,5.9885,0.0043,0.0000,0,0,0.0000,0,0.0000,0,0,0,601,0
1442,2.8226,10.9294,0.0049,0.0000,0,0,0.0000,0,0.0000,0,0,0,696,0
1443,2.8108,10.6989,0.0053,0.0000,0,0,0.0000,0,0.0000,0,0,0,703,0
1444,5.2804,6.7996,0.0071,0.0000,0,0,0.0000,0,0.0000,0,0,0,601,0
1445,2.8706,5.7999,0.0015,0.0000,0,0,0.0000,0,0.0000,0,0,0,601,0
1446,2.8226,10.5322,0.0016,0.0000,0,0,0.0000,0,0.0000,0,0,0,696,0
1447,2.8108,10.4279,0.0008,0.0000,0,0,0.0000,0,0.0000,0,0,0,696,0
1448,5.2804,5.8930,0.0052,0.0000,0,0,0.0000,0,0.0000,0,0,0,601,0
1449,2.8706,5.6441,0.0013,0.0000,0,0,0.0000,0,0.0000,0,0,0,601,0
1450,2.8226,10.4924,0.0008,0.0000,0,0,0.0000,0,0.0000,0,0,0,700,0
1451,2.8108,10.4741,0.0005,0.0000,0,0,0.0000,0,0.0000,0,0,0,704,0
1452,5.2804,5.7647,0.0009,0.0000,0,0,0.0000,0,0.0000,0,0,0,601,0
1453,2.8706,5.5238,0.0006,0.0000,0,0,0.0000,0,0.0000,0,0,0,601,0
1454,2.8226,10.3904,0.0012,0.0000,0,0,0.0000,0,0.0000,0,0,0,696,0
1455,2.8108,10.3905,0.0007,0.0000,0,0,0.0000,0,0.0000,0,0,0,696,0
1456,5.2804,6.0891,0.0055,0.0000,0,0,0.0000,0,0.0000,0,0,0,601,0
1457,2.8706,6.1055,0.0014,0.0000,0,0,0.0000,0,0.0000,0,0,0,601,0
1458,2.8226,10.6815,0.0052,0.0000,0,0,0.0000,0,0.0000,0,0,0,696,0
1459,2.8108,10.6114,0.0017,0.0000,0,0,0.0000,0,0.0000,0,0,0,696,0
1460,5.2804,6.4305,0.0062,0.0000,0,0,0.0000,0,0.0000,0,0,0,601,0
1461,2.8706,5.9161,0.0030,0.0000,0,0,0.0000,0,0.0000,0,0,0,601,0
1462,2.8226,10.2202,0.0050,0.0000,0,0,0.0000,0,0.0000,0,0,0,696,0
1463,2.8108,10.0707,0.0029,0.0000,0,0,0.0000,0,0.0000,0,0,0,696,0
1464,5.2804,6.2656,0.0045,0.0000,0,0,0.0000,0,0.0000,0,0,0,601,0
1465,2.8706,5.8150,0.0022,0.0000,0,0,0.0000,0,0.0000,0,0,0,601,0
1466,2.8226,10.2528,0.0068,0.0000,0,0,0.0000,0,0.0000,0,0,0,696,0
1467,2.8108,10.0896,0.0027,0.0000,0,0,0.0000,0,0.0000,0,0,0,696,0
1468,5.2804,6.2089,0.0058,0.0000,0,0,0.0000,0,0.0000,0,0,0,601,0
1469,2.8706,5.8451,0.0028,0.0000,0,0,0.0000,0,0.0000,0,0,0,601,0
1470,2.8226,10.0485,0.0050,0.0000,0,0,0.0000,0,0.0000,0,0,0,696,0
1471,2.8108,9.9292,0.0016,0.0000,0,0,0.0000,0,0.0000,0,0,0,696,0
1472,5.2804,5.7762,0.0027,0.0000,0,0,0.0000,0,0.0000,0,0,0,601,0
1473,2.8706,5.5247,0.0017,0.0000,0,0,0.0000,0,0.0000,0,0,0,601,0
1474,2.8226,10.6064,0.0020,0.0000,0,0,0.0000,0,0.0000,0,0,0,696,0
1475,2.8108,10.6545,0.0019,0.0000,0,0,0.0000,0,0.0000,0,0,0,696,0
1476,5.2804,5.9387,0.0015,0.0000,0,0,0.0000,0,0.0000,0,0,0,601,0
1477,2.8706,5.6707,0.0010,0.0000,0,0,0.0000,0,0.0000,0,0,0,601,0
1478,2.8226,10.3957,0.0033,0.0000,0,0,0.0000,0,0.0000,0,0,0,696,0
1479,2.8108,10.3027,0.0011,0.0000,0,0,0.0000,0,0.0000,0,0,0,696,0
1480,5.2804,5.8646,0.0018,0.0000,0,0,0.0000,0,0.0000,0,0,0,601,0
1481,2.8706,5.6359,0.0015,0.0000,0,0,0.0000,0,0.0000,0,0,0,601,0
1482,2.8226,10.4007,0.0228,0.0000,0,0,0.0000,0,0.0000,0,0,0,696,0
1483,2.8108,10.3433,0.0014,0.0000,0,0,0.0000,0,0.0000,0,0,0,696,0
1484,5.2804,6.0344,0.0062,0.0000,0,0,0.0000,0,0.0000,0,0,0,601,0
1485,2.8706,5.7419,0.0062,0.0000,0,0,0.0000,0,0.0000,0,0,0,601,0
1486,2.8226,10.6958,0.0050,0.0000,0,0,0.0000,0,0.0000,0,0,0,696,0
1487,2.8108,10.4917,0.0050,0.0000,0,0,0.0000,0,0.0000,0,0,0,696,0
1488,5.2804,6.1608,0.0017,0.0000,0,0,0.0000,0,0.0000,0,0,0,601,0
1489,2.8706,5.6918,0.0015,0.0000,0,0,0.0000,0,0.0000,0,0,0,601,0
1490,2.8226,9.0882,0.0033,0.0000,0,0,0.0000,0,0.0000,0,0,0,696,0
1491,2.8108,8.8280,0.0014,0.0000,0,0,0.0000,0,0.0000,0,0,0,696,0
1492,5.2804,5.8004,0.0028,0.0000,0,0,0.0000,0,0.0000,0,0,0,601,0
1493,2.8706,5.5728,0.0006,0.0000,0,0,0.0000,0,0.0000,0,0,0,601,0
1494,2.8226,10.3430,0.0008,0.0000,0,0,0.0000,0,0.0000,0,0,0,700,0
1495,2.8108,10.2250,0.0008,0.0000,0,0,0.0000,0,0.0000,0,0,0,696,0
1496,5.2804,5.8143,0.0016,0.0000,0,0,0.0000,0,0.0000,0,0,0,601,0
1497,2.8706,5.6146,0.0018,0.0000,0,0,0.0000,0,0.0000,0,0,0,601,0
1498,2.8226,10.5059,0.0007,0.0000,0,0,0.0000,0,0.0000,0,0,0,696,0
1499,2.8108,10.5252,0.0006,0.0000,0,0,0.0000,0,0.0000,0,0,0,696,0
1500,5.2804,5.6885,0.0020,0.0000,0,0,0.0000,0,0.0000,0,0,0,601,0
1501,2.8706,5.5596,0.0013,0.0000,0,0,0.0000,0,0.0000,0,0,0,601,0
1502,2.8226,10.4790,0.0006,0.0000,0,0,0.0000,0,0.0000,0,0,0,696,0
1503,2.8108,10.4813,0.0005,0.0000,0,0,0.0000,0,0.0000,0,0,0,696,0
1504,5.2804,5.7841,0.0014,0.0000,0,0,0.0000,0,0.0000,0,0,0,601,0
1505,2.8706,5.6591,0.0013,0.0000,0,0,0.0000,0,0.0000,0,0,0,601,0
1506,2.8226,11.4259,0.0122,0.0000,0,0,0.0000,0,0.0000,0,0,0,696,0
1507,2.8108,11.3375,0.0122,0.0000,0,0,0.0000,0,0.0000,0,0,0,696,0
1508,5.2804,6.4078,0.0055,0.0000,0,0,0.0000,0,0.0000,0,0,0,601,0
1509,2.8706,5.7051,0.0015,0.0000,0,0,0.0000,0,0.0000,0,0,0,601,0
1510,2.8226,10.0734,0.0024,0.0000,0,0,0.0000,0,0.0000,0,0,0,696,0
1511,2.8108,9.4719,0.0013,0.0000,0,0,0.0000,0,0.0000,0,0,0,696,0
1512,5.2804,5.9214,0.0041,0.0000,0,0,0.0000,0,0.0000,0,0,0,601,0
1513,2.8706,5.6318,0.0013,0.0000,0,0,0.0000,0,0.0000,0,0,0,601,0
1514,2.8226,10.8201,0.0049,0.0000,0,0,0.0000,0,0.0000,0,0,0,696,0
1515,2.8108,10.8295,0.0012,0.0000,0,0,0.0000,0,0.0000,0,0,0,696,0
1516,5.2804,5.8113,0.0027,0.0000,0,0,0.0000,0,0.0000,0,0,0,601,0
1517,2.8706,5.5444,0.0026,0.0000,0,0,0.0000,0,0.0000,0,0,0,601,0
1518,2.8226,10.5632,0.0030,0.0000,0,0,0.0000,0,0.0000,0,0,0,696,0
1519,2.8108,10.5217,0.0008,0.0000,0,0,0.0000,0,0.0000,0,0,0,696,0
1520,5.2804,5.8660,0.0015,0.0000,0,0,0.0000,0,0.0000,0,0,0,601,0
1521,2.8706,5.6849,0.0008,0.0000,0,0,0.0000,0,0.0000,0,0,0,601,0
1522,2.8226,10.5352,0.0009,0.0000,0,0,0.0000,0,0.0000,0,0,0,696,0
1523,2.8108,10.4735,0.0008,0.0000,0,0,0.0000,0,0.0000,0,0,0,696,0
1524,5.2804,5.7175,0.0008,0.0000,0,0,0.0000,0,0.0000,0,0,0,601,0
1525,2.8706,5.5918,0.0010,0.0000,0,0,0.0000,0,0.0000,0,0,0,601,0
1526,2.8226,10.4307,0.0006,0.0000,0,0,0.0000,0,0.0000,0,0,0,696,0
1527,2.8108,10.4000,0.0006,0.0000,0,0,0.0000,0,0.0000,0,0,0,696,0
1528,5.2804,5.7527,0.0011,0.0000,0,0,0.0000,0,0.0000,0,0,0,601,0
1529,2.8706,5.6144,0.0010,0.0000,0,0,0.0000,0,0.0000,0,0,0,601,0
1530,2.8226,10.4599,0.0012,0.0000,0,0,0.0000,0,0.0000,0,0,0,696,0
1531,2.8108,10.4335,0.0011,0.0000,0,0,0.0000,0,0.0000,0,0,0,696,0
1532,5.2804,5.6639,0.0296,0.0000,0,0,0.0000,0,0.0000,0,0,0,601,0
1533,2.8706,5.4895,0.0010,0.0000,0,0,0.0000,0,0.0000,0,0,0,601,0
1534,2.8226,10.2666,0.0009,0.0000,0,0,0.0000,0,0.0000,0,0,0,696,0
1535,2.8108,10.2244,0.0008,0.0000,0,0,0.0000,0,0.0000,0,0,0,696,0
1536,5.2804,5.7858,0.0010,0.0000,0,0,0.0000,0,0.0000,0,0,0,601,0
1537,2.8706,5.6458,0.0008,0.0000,0,0,0.0000,0,0.0000,0,0,0,601,0
1538,2.8226,10.5307,0.0009,0.0000,0,0,0.0000,0,0.0000,0,0,0,696,0
1539,2.8108,10.5077,0.0012,0.0000,0,0,0.0000,0,0.0000,0,0,0,696,0
1540,5.2804,5.7401,0.0028,0.0000,0,0,0.0000,0,0.0000,0,0,0,601,0
1541,2.8706,5.5666,0.0011,0.0000,0,0,0.0000,0,0.0000,0,0,0,601,0
1542,2.8226,10.7027,0.0012,0.0000,0,0,0.0000,0,0.0000,0,0,0,696,0
1543,2.8108,10.6822,0.0011,0.0000,0,0,0.0000,0,0.0000,0,0,0,696,0
1544,5.2804,5.9288,0.0010,0.0000,0,0,0.0000,0,0.0000,0,0,0,601,0
1545,2.8706,5.7163,0.0010,0.0000,0,0,0.0000,0,0.0000,0,0,0,601,0
1546,2.8226,10.4078,0.0011,0.0000,0,0,0.0000,0,0.0000,0,0,0,696,0
1547,2.8108,10.3638,0.0013,0.0000,0,0,0.0000,0,0.0000,0,0,0,696,0
1548,5.2804,5.8083,0.0013,0.0000,0,0,0.0000,0,0.0000,0,0,0,601,0
1549,2.8706,5.6097,0.0007,0.0000,0,0,0.0000,0,0.0000,0,0,0,601,0
1550,2.8226,10.3859,0.0013,0.0000,0,0,0.0000,0,0.0000,0,0,0,696,0
1551,2.8108,10.3310,0.0013,0.0000,0,0,0.0000,0,0.0000,0,0,0,696,0
1552,5.2804,5.7122,0.0034,0.0000,0,0,0.0000,0,0.0000,0,0,0,601,0
1553,2.8706,5.5081,0.0013,0.0000,0,0,0.0000,0,0.0000,0,0,0,601,0
1554,2.8226,10.3048,0.0013,0.0000,0,0,0.0000,0,0.0000,0,0,0,696,0
1555,2.8108,10.2515,0.0012,0.0000,0,0,0.0000,0,0.0000,0,0,0,696,0
1556,5.2804,5.8880,0.0013,0.0000,0,0,0.0000,0,0.0000,0,0,0,601,0
1557,2.8706,5.5977,0.0008,0.0000,0,0,0.0000,0,0.0000,0,0,0,601,0
1558,2.8226,10.4982,0.0013,0.0000,0,0,0.0000,0,0.0000,0,0,0,696,0
1559,2.8108,10.4662,0.0013,0.0000,0,0,0.0000,0,0.0000,0,0,0,696,0
1560,5.2804,5.7598,0.0014,0.0000,0,0,0.0000,0,0.0000,0,0,0,601,0
1561,2.8706,5.5587,0.0008,0.0000,0,0,0.0000,0,0.0000,0,0,0,601,0
1562,2.8226,10.5480,0.0014,0.0000,0,0,0.0000,0,0.0000,0,0,0,696,0
1563,2.8108,10.5271,0.0013,0.0000,0,0,0.0000,0,0.0000,0,0,0,696,0
1564,5.2804,5.7961,0.0012,0.0000,0,0,0.0000,0,0.0000,0,0,0,601,0
1565,2.8706,5.6144,0.0007,0.0000,0,0,0.0000,0,0.0000,0,0,0,601,0
1566,2.8226,11.8744,0.0012,0.0000,0,0,0.0000,0,0.0000,0,0,0,696,0
1567,2.8108,11.8392,0.0011,0.0000,0,0,0.0000,0,0.0000,0,0,0,696,0
1568,5.2804,15.7129,0.0028,0.0000,0,0,0.0000,0,0.0000,0,0,0,601,0
1569,2.8706,15.5018,0.0013,0.0000,0,0,0.0000,0,0.0000,0,0,0,601,0
1570,2.8226,30.1133,0.0034,0.0000,0,0,0.0000,0,0.0000,0,0,0,696,0
1571,2.8108,30.0715,0.0017,0.0000,0,0,0.0000,0,0.0000,0,0,0,696,0
1572,5.2804,15.9381,0.0032,0.0000,0,0,0.0000,0,0.0000,0,0,0,601,0
1573,2.8706,15.5798,0.0030,0.0000,0,0,0.0000,0,0.0000,0,0,0,601,0
1574,2.8226,30.3529,0.0024,0.0000,0,0,0.0000,0,0.0000,0,0,0,696,0
1575,2.8108,30.2362,0.0021,0.0000,0,0,0.0000,0,0.0000,0,0,0,696,0
1576,5.2804,16.0191,0.0019,0.0000,0,0,0.0000,0,0.0000,0,0,0,601,0
1577,2.8706,15.6565,0.0013,0.0000,0,0,0.0000,0,0.0000,0,0,0,601,0
1578,2.8226,30.2394,0.0042,0.0000,0,0,0.0000,0,0.0000,0,0,0,696,0
1579,2.8108,30.1036,0.0018,0.0000,0,0,0.0000,0,0.0000,0,0,0,696,0
1580,5.2804,15.8990,0.0048,0.0000,0,0,0.0000,0,0.0000,0,0,0,601,0
1581,2.8706,15.5542,0.0006,0.0000,0,0,0.0000,0,0.0000,0,0,0,601,0
1582,2.8226,30.2220,0.0056,0.0000,0,0,0.0000,0,0.0000,0,0,0,696,0
1583,2.8108,30.1280,0.0021,0.0000,0,0,0.0000,0,0.0000,0,0,0,696,0
1584,5.2804,15.9246,0.0037,0.0000,0,0,0.0000,0,0.0000,0,0,0,601,0
1585,2.8706,15.6137,0.0012,0.0000,0,0,0.0000,0,0.0000,0,0,0,601,0
1586,2.8226,29.8586,0.0022,0.0000,0,0,0.0000,0,0.0000,0,0,0,696,0
1587,2.8108,29.8787,0.0012,0.0000,0,0,0.0000,0,0.0000,0,0,0,696,0
1588,5.2804,16.0396,0.0098,0.0000,0,0,0.0000,0,0.0000,0,0,0,601,0
1589,2.8706,15.7962,0.0097,0.0000,0,0,0.0000,0,0.0000,0,0,0,601,0
1590,2.8226,30.5817,0.0063,0.0000,0,0,0.0000,0,0.0000,0,0,0,696,0
1591,2.8108,30.5098,0.0050,0.0000,0,0,0.0000,0,0.0000,0,0,0,696,0
1592,5.2804,16.7481,0.0065,0.0000,0,0,0.0000,0,0.0000,0,0,0,601,0
1593,2.8706,16.0314,0.0030,0.0000,0,0,0.0000,0,0.0000,0,0,0,601,0
1594,2.8226,30.4688,0.0064,0.0000,0,0,0.0000,0,0.0000,0,0,0,696,0
1595,2.8108,30.1843,0.0065,0.0000,0,0,0.0000,0,0.0000,0,0,0,696,0
1596,5.2804,15.9798,0.0031,0.0000,0,0,0.0000,0,0.0000,0,0,0,601,0
1597,2.8706,15.5572,0.0006,0.0000,0,0,0.0000,0,0.0000,0,0,0,601,0
1598,2.8226,30.2334,0.0022,0.0000,0,0,0.0000,0,0.0000,0,0,0,696,0
1599,2.8108,30.0719,0.0010,0.0000,0,0,0.0000,0,0.0000,0,0,0,696,0
1600,5.2804,15.9054,0.0062,0.0000,0,0,0.0000,0,0.0000,0,0,0,601,0
1601,2.8706,15.5859,0.0061,0.0000,0,0,0.0000,0,0.0000,0,0,0,601,0
1602,2.8226,30.0625,0.0027,0.0000,0,0,0.0000,0,0.0000,0,0,0,696,0
1603,2.8108,29.9711,0.0017,0.0000,0,0,0.0000,0,0.0000,0,0,0,696,0
1604,5.2804,15.9406,0.0041,0.0000,0,0,0.0000,0,0.0000,0,0,0,601,0
1605,2.8706,15.6265,0.0010,0.0000,0,0,0.0000,0,0.0000,0,0,0,601,0
1606,2.8226,30.5294,0.0022,0.0000,0,0,0.0000,0,0.0000,0,0,0,696,0
1607,2.8108,30.4285,0.0018,0.0000,0,0,0.0000,0,0.0000,0,0,0,696,0
1608,5.2804,15.9993,0.0039,0.0000,0,0,0.0000,0,0.0000,0,0,0,601,0
1609,2.8706,15.6005,0.0039,0.0000,0,0,0.0000,0,0.0000,0,0,0,601,0
1610,2.8226,30.1805,0.0034,0.0000,0,0,0.0000,0,0.0000,0,0,0,696,0
1611,2.8108,30.0890,0.0012,0.0000,0,0,0.0000,0,0.0000,0,0,0,696,0
1612,5.2804,15.9404,0.0046,0.0000,0,0,0.0000,0,0.0000,0,0,0,601,0
1613,2.8706,15.6820,0.0015,0.0000,0,0,0.0000,0,0.0000,0,0,0,601,0
1614,2.8226,30.4200,0.0077,0.0000,0,0,0.0000,0,0.0000,0,0,0,696,0
1615,2.8108,30.3192,0.0015,0.0000,0,0,0.0000,0,0.0000,0,0,0,696,0
1616,5.2804,16.4593,0.0066,0.0000,0,0,0.0000,0,0.0000,0,0,0,601,0
1617,2.8706,16.2804,0.0021,0.0000,0,0,0.0000,0,0.0000,0,0,0,601,0
1618,2.8226,30.0592,0.0051,0.0000,0,0,0.0000,0,0.0000,0,0,0,696,0
1619,2.8108,29.9760,0.0048,0.0000,0,0,0.0000,0,0.0000,0,0,0,696,0
1620,5.2804,15.9557,0.0044,0.0000,0,0,0.0000,0,0.0000,0,0,0,601,0
1621,2.8706,15.6000,0.0017,0.0000,0,0,0.0000,0,0.0000,0,0,0,601,0
1622,2.8226,30.0099,0.0037,0.0000,0,0,0.0000,0,0.0000,0,0,0,696,0
1623,2.8108,29.9020,0.0015,0.0000,0,0,0.0000,0,0.0000,0,0,0,696,0
1624,5.2804,15.6071,0.0060,0.0000,0,0,0.0000,0,0.0000,0,0,0,601,0
1625,2.8706,15.4576,0.0010,0.0000,0,0,0.0000,0,0.0000,0,0,0,601,0
1626,2.8226,30.1198,0.0032,0.0000,0,0,0.0000,0,0.0000,0,0,0,696,0
1627,2.8108,29.9337,0.0015,0.0000,0,0,0.0000,0,0.0000,0,0,0,696,0
1628,5.2804,15.7348,0.0027,0.0000,0,0,0.0000,0,0.0000,0,0,0,601,0
1629,2.8706,15.5042,0.0010,0.0000,0,0,0.0000,0,0.0000,0,0,0,601,0
1630,2.8226,30.0027,0.0039,0.0000,0,0,0.0000,0,0.0000,0,0,0,696,0
1631,2.8108,29.9968,0.0010,0.0000,0,0,0.0000,0,0.0000,0,0,0,696,0
1632,5.2804,15.6921,0.0049,0.0000,0,0,0.0000,0,0.0000,0,0,0,601,0
1633,2.8706,15.4330,0.0015,0.0000,0,0,0.0000,0,0.0000,0,0,0,601,0
1634,2.8226,29.9510,0.0038,0.0000,0,0,0.0000,0,0.0000,0,0,0,696,0
1635,2.8108,29.8267,0.0006,0.0000,0,0,0.0000,0,0.0000,0,0,0,696,0
1636,5.2804,15.6425,0.0020,0.0000,0,0,0.0000,0,0.0000,0,0,0,601,0
1637,2.8706,15.4913,0.0007,0.0000,0,0,0.0000,0,0.0000,0,0,0,601,0
1638,2.8226,30.0139,0.0022,0.0000,0,0,0.0000,0,0.0000,0,0,0,696,0
1639,2.8108,30.0538,0.0006,0.0000,0,0,0.0000,0,0.0000,0,0,0,696,0
1640,5.2804,15.6304,0.0037,0.0000,0,0,0.0000,0,0.0000,0,0,0,601,0
1641,2.8706,15.4287,0.0059,0.0000,0,0,0.0000,0,0.0000,0,0,0,601,0
1642,2.8226,30.2112,0.0034,0.0000,0,0,0.0000,0,0.0000,0,0,0,696,0
1643,2.8108,30.1388,0.0011,0.0000,0,0,0.0000,0,0.0000,0,0,0,696,0
1644,5.2804,15.5985,0.0020,0.0000,0,0,0.0000,0,0.0000,0,0,0,601,0
1645,2.8706,15.4445,0.0008,0.0000,0,0,0.0000,0,0.0000,0,0,0,601,0
1646,2.8226,29.9974,0.0020,0.0000,0,0,0.0000,0,0.0000,0,0,0,696,0
1647,2.8108,29.9894,0.0008,0.0000,0,0,0.0000,0,0.0000,0,0,0,696,0
1648,5.2804,15.4619,0.0017,0.0000,0,0,0.0000,0,0.0000,0,0,0,601,0
1649,2.8706,15.4973,0.0008,0.0000,0,0,0.0000,0,0.0000,0,0,0,601,0
1650,2.8226,30.1165,0.0058,0.0000,0,0,0.0000,0,0.0000,0,0,0,696,0
1651,2.8108,29.9361,0.0018,0.0000,0,0,0.0000,0,0.0000,0,0,0,696,0
1652,5.2804,16.2340,0.0055,0.0000,0,0,0.0000,0,0.0000,0,0,0,601,0
1653,2.8706,15.8127,0.0022,0.0000,0,0,0.0000,0,0.0000,0,0,0,601,0
1654,2.8226,29.6781,0.0045,0.0000,0,0,0.0000,0,0.0000,0,0,0,696,0
1655,2.8108,29.7675,0.0013,0.0000,0,0,0.0000,0,0.0000,0,0,0,696,0
1656,5.2804,15.6900,0.0050,0.0000,0,0,0.0000,0,0.0000,0,0,0,601,0
1657,2.8706,15.5045,0.0032,0.0000,0,0,0.0000,0,0.0000,0,0,0,601,0
1658,2.8226,29.9304,0.0035,0.0000,0,0,0.0000,0,0.0000,0,0,0,696,0
1659,2.8108,29.9116,0.0013,0.0000,0,0,0.0000,0,0.0000,0,0,0,696,0
1660,5.2804,15.6048,0.0038,0.0000,0,0,0.0000,0,0.0000,0,0,0,601,0
1661,2.8706,15.4043,0.0007,0.0000,0,0,0.0000,0,0.0000,0,0,0,601,0
1662,2.8226,30.1627,0.0020,0.0000,0,0,0.0000,0,0.0000,0,0,0,696,0
1663,2.8108,30.0889,0.0008,0.0000,0,0,0.0000,0,0.0000,0,0,0,696,0
1664,5.2804,15.8427,0.0027,0.0000,0,0,0.0000,0,0.0000,0,0,0,601,0
1665,2.8706,15.5865,0.0014,0.0000,0,0,0.0000,0,0.0000,0,0,0,601,0
1666,2.8226,30.0900,0.0024,0.0000,0,0,0.0000,0,0.0000,0,0,0,696,0
1667,2.8108,30.0628,0.0022,0.0000,0,0,0.0000,0,0.0000,0,0,0,696,0
1668,5.2804,15.6353,0.0037,0.0000,0,0,0.0000,0,0.0000,0,0,0,601,0
1669,2.8706,15.4938,0.0015,0.0000,0,0,0.0000,0,0.0000,0,0,0,601,0
1670,2.8226,29.8908,0.0025,0.0000,0,0,0.0000,0,0.0000,0,0,0,696,0
1671,2.8108,29.8805,0.0008,0.0000,0,0,0.0000,0,0.0000,0,0,0,696,0
1672,5.2804,15.6940,0.0234,0.0000,0,0,0.0000,0,0.0000,0,0,0,601,0
1673,2.8706,15.5180,0.0011,0.0000,0,0,0.0000,0,0.0000,0,0,0,601,0
1674,2.8226,29.9840,0.0034,0.0000,0,0,0.0000,0,0.0000,0,0,0,696,0
1675,2.8108,29.9659,0.0011,0.0000,0,0,0.0000,0,0.0000,0,0,0,696,0
1676,5.2804,15.8723,0.0047,0.0000,0,0,0.0000,0,0.0000,0,0,0,601,0
1677,2.8706,15.6194,0.0125,0.0000,0,0,0.0000,0,0.0000,0,0,0,601,0
1678,2.8226,30.2713,0.0049,0.0000,0,0,0.0000,0,0.0000,0,0,0,696,0
1679,2.8108,30.2232,0.0013,0.0000,0,0,0.0000,0,0.0000,0,0,0,696,0
1680,5.2804,44.1499,0.0092,0.0000,0,0,0.0000,0,0.0000,0,1,0,60271,0
1681,2.8706,26.2863,0.0125,0.0000,0,0,0.0000,0,0.0000,0,1,0,43482,0
1682,2.8226,25.3015,0.0087,0.0000,0,0,0.0000,0,0.0000,0,1,0,59828,0
1683,2.8108,25.4829,0.0193,0.0000,0,0,0.0000,0,0.0000,0,1,0,68126,0
1684,5.2804,5.8031,0.0059,0.0000,0,0,0.0000,0,0.0000,0,0,0,16498,0
1685,2.8706,5.6245,0.0022,0.0000,0,0,0.0000,0,0.0000,0,0,0,14403,0
1686,2.8226,10.5901,0.0022,0.0000,0,0,0.0000,0,0.0000,0,0,0,17862,0
1687,2.8108,10.5616,0.0044,0.0000,0,0,0.0000,0,0.0000,0,0,0,17138,0
1688,5.2804,5.8427,0.0050,0.0000,0,0,0.0000,0,0.0000,0,0,0,9226,0
1689,2.8706,5.6850,0.0035,0.0000,0,0,0.0000,0,0.0000,0,0,0,6914,0
1690,2.8226,10.8020,0.0023,0.0000,0,0,0.0000,0,0.0000,0,0,0,11125,0
1691,2.8108,10.7962,0.0012,0.0000,0,0,0.0000,0,0.0000,0,0,0,9621,0
1692,5.2804,5.7377,0.0021,0.0000,0,0,0.0000,0,0.0000,0,0,0,17369,0
1693,2.8706,5.6187,0.0022,0.0000,0,0,0.0000,0,0.0000,0,0,0,16755,0
1694,2.8226,10.8030,0.0052,0.0000,0,0,0.0000,0,0.0000,0,0,0,19658,0
1695,2.8108,10.8223,0.0022,0.0000,0,0,0.0000,0,0.0000,0,0,0,15622,0
1696,5.2804,5.7439,0.0035,0.0000,0,0,0.0000,0,0.0000,0,0,0,23309,0
1697,2.8706,5.5983,0.0027,0.0000,0,0,0.0000,0,0.0000,0,0,0,20346,0
1698,2.8226,10.4576,0.0025,0.0000,0,0,0.0000,0,0.0000,0,0,0,22802,0
1699,2.8108,10.4234,0.0027,0.0000,0,0,0.0000,0,0.0000,0,0,0,21407,0
1700,5.2804,5.6662,0.0032,0.0000,0,0,0.0000,0,0.0000,0,0,0,13027,0
1701,2.8706,5.5464,0.0021,0.0000,0,0,0.0000,0,0.0000,0,0,0,11737,0
1702,2.8226,10.4681,0.0037,0.0000,0,0,0.0000,0,0.0000,0,0,0,12722,0
1703,2.8108,10.4023,0.0023,0.0000,0,0,0.0000,0,0.0000,0,0,0,16214,0
1704,5.2804,5.9495,0.0020,0.0000,0,0,0.0000,0,0.0000,0,0,0,7002,0
1705,2.8706,5.7402,0.0013,0.0000,0,0,0.0000,0,0.0000,0,0,0,5132,0
1706,2.8226,10.4790,0.0017,0.0000,0,0,0.0000,0,0.0000,0,0,0,7491,0
1707,2.8108,10.4161,0.0042,0.0000,0,0,0.0000,0,0.0000,0,0,0,4790,0
1708,5.2804,5.9795,0.0033,0.0000,0,0,0.0000,0,0.0000,0,0,0,3933,0
1709,2.8706,5.7427,0.0027,0.0000,0,0,0.0000,0,0.0000,0,0,0,3799,0
1710,2.8226,10.6369,0.0011,0.0000,0,0,0.0000,0,0.0000,0,0,0,4399,0
1711,2.8108,10.5908,0.0008,0.0000,0,0,0.0000,0,0.0000,0,0,0,3276,0
1712,5.2804,5.7065,0.0010,0.0000,0,0,0.0000,0,0.0000,0,0,0,3260,0
1713,2.8706,5.6121,0.0008,0.0000,0,0,0.0000,0,0.0000,0,0,0,2850,0
1714,2.8226,10.6251,0.0013,0.0000,0,0,0.0000,0,0.0000,0,0,0,3280,0
1715,2.8108,10.6137,0.0008,0.0000,0,0,0.0000,0,0.0000,0,0,0,2761,0
1716,5.2804,5.7393,0.0015,0.0000,0,0,0.0000,0,0.0000,0,0,0,3090,0
1717,2.8706,5.6041,0.0009,0.0000,0,0,0.0000,0,0.0000,0,0,0,2691,0
1718,2.8226,10.6008,0.0015,0.0000,0,0,0.0000,0,0.0000,0,0,0,3020,0
1719,2.8108,10.5808,0.0010,0.0000,0,0,0.0000,0,0.0000,0,0,0,2648,0
1720,5.2804,5.7653,0.0024,0.0000,0,0,0.0000,0,0.0000,0,0,0,2664,0
1721,2.8706,5.5957,0.0011,0.0000,0,0,0.0000,0,0.0000,0,0,0,2213,0
1722,2.8226,10.5665,0.0035,0.0000,0,0,0.0000,0,0.0000,0,0,0,1084,0
1723,2.8108,10.5472,0.0051,0.0000,0,0,0.0000,0,0.0000,0,0,0,2638,0
1724,5.2804,5.8855,0.0043,0.0000,0,0,0.0000,0,0.0000,0,0,0,1673,0
1725,2.8706,5.5707,0.0013,0.0000,0,0,0.0000,0,0.0000,0,0,0,1302,0
1726,2.8226,10.4068,0.0036,0.0000,0,0,0.0000,0,0.0000,0,0,0,959,0
1727,2.8108,10.2866,0.0009,0.0000,0,0,0.0000,0,0.0000,0,0,0,2173,0
1728,5.2804,5.7723,0.0274,0.0000,0,0,0.0000,0,0.0000,0,0,0,1538,0
1729,2.8706,5.5297,0.0010,0.0000,0,0,0.0000,0,0.0000,0,0,0,1107,0
1730,2.8226,10.4783,0.0015,0.0000,0,0,0.0000,0,0.0000,0,0,0,819,0
1731,2.8108,10.4562,0.0015,0.0000,0,0,0.0000,0,0.0000,0,0,0,1668,0
1732,5.2804,5.7268,0.0271,0.0000,0,0,0.0000,0,0.0000,0,0,0,1248,0
1733,2.8706,5.5366,0.0015,0.0000,0,0,0.0000,0,0.0000,0,0,0,944,0
1734,2.8226,10.3350,0.0017,0.0000,0,0,0.0000,0,0.0000,0,0,0,945,0
1735,2.8108,10.3356,0.0009,0.0000,0,0,0.0000,0,0.0000,0,0,0,743,0
1736,5.2804,5.8480,0.0149,0.0000,0,0,0.0000,0,0.0000,0,0,0,1198,0
1737,2.8706,5.6460,0.0011,0.0000,0,0,0.0000,0,0.0000,0,0,0,836,0
1738,2.8226,10.5726,0.0017,0.0000,0,0,0.0000,0,0.0000,0,0,0,1250,0
1739,2.8108,10.5086,0.0010,0.0000,0,0,0.0000,0,0.0000,0,0,0,717,0
1740,5.2804,5.7713,0.0012,0.0000,0,0,0.0000,0,0.0000,0,0,0,1168,0
1741,2.8706,5.6581,0.0010,0.0000,0,0,0.0000,0,0.0000,0,0,0,792,0
1742,2.8226,10.5152,0.0009,0.0000,0,0,0.0000,0,0.0000,0,0,0,1108,0
1743,2.8108,10.5035,0.0011,0.0000,0,0,0.0000,0,0.0000,0,0,0,792,0
1744,5.2804,5.8142,0.0018,0.0000,0,0,0.0000,0,0.0000,0,0,0,1037,0
1745,2.8706,5.6157,0.0009,0.0000,0,0,0.0000,0,0.0000,0,0,0,722,0
1746,2.8226,10.4733,0.0013,0.0000,0,0,0.0000,0,0.0000,0,0,0,1361,0
1747,2.8108,10.4278,0.0007,0.0000,0,0,0.0000,0,0.0000,0,0,0,925,0
1748,5.2804,5.7655,0.0018,0.0000,0,0,0.0000,0,0.0000,0,0,0,987,0
1749,2.8706,5.5787,0.0006,0.0000,0,0,0.0000,0,0.0000,0,0,0,676,0
1750,2.8226,10.5183,0.0010,0.0000,0,0,0.0000,0,0.0000,0,0,0,1198,0
1751,2.8108,10.4898,0.0008,0.0000,0,0,0.0000,0,0.0000,0,0,0,1094,0
1752,5.2804,5.6709,0.0011,0.0000,0,0,0.0000,0,0.0000,0,0,0,879,0
1753,2.8706,5.5962,0.0011,0.0000,0,0,0.0000,0,0.0000,0,0,0,648,0
1754,2.8226,10.4473,0.0017,0.0000,0,0,0.0000,0,0.0000,0,0,0,1117,0
1755,2.8108,10.4099,0.0015,0.0000,0,0,0.0000,0,0.0000,0,0,0,1077,0
1756,5.2804,5.6534,0.0030,0.0000,0,0,0.0000,0,0.0000,0,0,0,746,0
1757,2.8706,5.4947,0.0013,0.0000,0,0,0.0000,0,0.0000,0,0,0,643,0
1758,2.8226,10.3700,0.0014,0.0000,0,0,0.0000,0,0.0000,0,0,0,1064,0
1759,2.8108,10.3582,0.0012,0.0000,0,0,0.0000,0,0.0000,0,0,0,1295,0
1760,5.2804,5.7837,0.0034,0.0000,0,0,0.0000,0,0.0000,0,0,0,687,0
1761,2.8706,5.5319,0.0016,0.0000,0,0,0.0000,0,0.0000,0,0,0,622,0
1762,2.8226,10.4660,0.0019,0.0000,0,0,0.0000,0,0.0000,0,0,0,1368,0
1763,2.8108,10.4088,0.0013,0.0000,0,0,0.0000,0,0.0000,0,0,0,709,0
1764,5.2804,5.7965,0.0026,0.0000,0,0,0.0000,0,0.0000,0,0,0,716,0
1765,2.8706,5.6303,0.0014,0.0000,0,0,0.0000,0,0.0000,0,0,0,620,0
1766,2.8226,10.3474,0.0020,0.0000,0,0,0.0000,0,0.0000,0,0,0,710,0
1767,2.8108,10.2821,0.0005,0.0000,0,0,0.0000,0,0.0000,0,0,0,715,0
1768,5.2804,5.8007,0.0021,0.0000,0,0,0.0000,0,0.0000,0,0,0,717,0
1769,2.8706,5.5951,0.0015,0.0000,0,0,0.0000,0,0.0000,0,0,0,613,0
1770,2.8226,10.5991,0.0014,0.0000,0,0,0.0000,0,0.0000,0,0,0,696,0
1771,2.8108,10.6205,0.0010,0.0000,0,0,0.0000,0,0.0000,0,0,0,724,0
1772,5.2804,5.7402,0.0013,0.0000,0,0,0.0000,0,0.0000,0,0,0,685,0
1773,2.8706,5.6672,0.0010,0.0000,0,0,0.0000,0,0.0000,0,0,0,617,0
1774,2.8226,10.5587,0.0015,0.0000,0,0,0.0000,0,0.0000,0,0,0,755,0
1775,2.8108,10.5193,0.0011,0.0000,0,0,0.0000,0,0.0000,0,0,0,779,0
1776,5.2804,5.8170,0.0013,0.0000,0,0,0.0000,0,0.0000,0,0,0,664,0
1777,2.8706,5.6698,0.0009,0.0000,0,0,0.0000,0,0.0000,0,0,0,622,0
1778,2.8226,10.5985,0.0013,0.0000,0,0,0.0000,0,0.0000,0,0,0,785,0
1779,2.8108,10.5718,0.0009,0.0000,0,0,0.0000,0,0.0000,0,0,0,906,0
1780,5.2804,5.8024,0.0020,0.0000,0,0,0.0000,0,0.0000,0,0,0,636,0
1781,2.8706,5.6430,0.0035,0.0000,0,0,0.0000,0,0.0000,0,0,0,626,0
1782,2.8226,10.4949,0.0260,0.0000,0,0,0.0000,0,0.0000,0,0,0,868,0
1783,2.8108,10.4383,0.0008,0.0000,0,0,0.0000,0,0.0000,0,0,0,830,0
1784,5.2804,5.7317,0.0007,0.0000,0,0,0.0000,0,0.0000,0,0,0,635,0
1785,2.8706,5.6146,0.0005,0.0000,0,0,0.0000,0,0.0000,0,0,0,608,0
1786,2.8226,10.4335,0.0010,0.0000,0,0,0.0000,0,0.0000,0,0,0,801,0
1787,2.8108,10.3782,0.0014,0.0000,0,0,0.0000,0,0.0000,0,0,0,966,0
1788,5.2804,5.6945,0.0029,0.0000,0,0,0.0000,0,0.0000,0,0,0,650,0
1789,2.8706,5.5512,0.0037,0.0000,0,0,0.0000,0,0.0000,0,0,0,606,0
1790,2.8226,10.3797,0.0025,0.0000,0,0,0.0000,0,0.0000,0,0,0,1017,0
1791,2.8108,10.2777,0.0010,0.0000,0,0,0.0000,0,0.0000,0,0,0,705,0
1792,5.2804,5.8583,0.0025,0.0000,0,0,0.0000,0,0.0000,0,0,0,646,0
1793,2.8706,5.5598,0.0016,0.0000,0,0,0.0000,0,0.0000,0,0,0,607,0
1794,2.8226,10.4267,0.0026,0.0000,0,0,0.0000,0,0.0000,0,0,0,933,0
1795,2.8108,10.3678,0.0010,0.0000,0,0,0.0000,0,0.0000,0,0,0,703,0
1796,5.2804,5.8426,0.0014,0.0000,0,0,0.0000,0,0.0000,0,0,0,651,0
1797,2.8706,5.5452,0.0011,0.0000,0,0,0.0000,0,0.0000,0,0,0,609,0
1798,2.8226,10.5485,0.0018,0.0000,0,0,0.0000,0,0.0000,0,0,0,926,0
1799,2.8108,10.5070,0.0008,0.0000,0,0,0.0000,0,0.0000,0,0,0,728,0
1800,5.2804,5.8549,0.0023,0.0000,0,0,0.0000,0,0.0000,0,0,0,638,0
1801,2.8706,5.6395,0.0010,0.0000,0,0,0.0000,0,0.0000,0,0,0,601,0
1802,2.8226,10.5521,0.0028,0.0000,0,0,0.0000,0,0.0000,0,0,0,856,0
1803,2.8108,10.4893,0.0014,0.0000,0,0,0.0000,0,0.0000,0,0,0,752,0
1804,5.2804,5.8390,0.0023,0.0000,0,0,0.0000,0,0.0000,0,0,0,623,0
1805,2.8706,5.5606,0.0013,0.0000,0,0,0.0000,0,0.0000,0,0,0,601,0
1806,2.8226,10.6568,0.0021,0.0000,0,0,0.0000,0,0.0000,0,0,0,1082,0
1807,2.8108,10.5379,0.0011,0.0000,0,0,0.0000,0,0.0000,0,0,0,805,0
1808,5.2804,5.7809,0.0011,0.0000,0,0,0.0000,0,0.0000,0,0,0,626,0
1809,2.8706,5.6067,0.0005,0.0000,0,0,0.0000,0,0.0000,0,0,0,601,0
1810,2.8226,10.4902,0.0152,0.0000,0,0,0.0000,0,0.0000,0,0,0,712,0
1811,2.8108,10.4488,0.0008,0.0000,0,0,0.0000,0,0.0000,0,0,0,775,0
1812,5.2804,5.7694,0.0013,0.0000,0,0,0.0000,0,0.0000,0,0,0,622,0
1813,2.8706,5.6562,0.0010,0.0000,0,0,0.0000,0,0.0000,0,0,0,601,0
1814,2.8226,10.5578,0.0015,0.0000,0,0,0.0000,0,0.0000,0,0,0,709,0
1815,2.8108,10.5527,0.0014,0.0000,0,0,0.0000,0,0.0000,0,0,0,911,0
1816,5.2804,5.8100,0.0015,0.0000,0,0,0.0000,0,0.0000,0,0,0,611,0
1817,2.8706,5.6587,0.0008,0.0000,0,0,0.0000,0,0.0000,0,0,0,601,0
1818,2.8226,10.7091,0.0011,0.0000,0,0,0.0000,0,0.0000,0,0,0,723,0
1819,2.8108,10.6795,0.0008,0.0000,0,0,0.0000,0,0.0000,0,0,0,698,0
1820,5.2804,5.6970,0.0006,0.0000,0,0,0.0000,0,0.0000,0,0,0,618,0
1821,2.8706,5.5527,0.0008,0.0000,0,0,0.0000,0,0.0000,0,0,0,601,0
1822,2.8226,10.4561,0.0018,0.0000,0,0,0.0000,0,0.0000,0,0,0,744,0
1823,2.8108,10.3865,0.0009,0.0000,0,0,0.0000,0,0.0000,0,0,0,696,0
1824,5.2804,5.7795,0.0015,0.0000,0,0,0.0000,0,0.0000,0,0,0,605,0
1825,2.8706,5.6607,0.0011,0.0000,0,0,0.0000,0,0.0000,0,0,0,601,0
1826,2.8226,10.3388,0.0012,0.0000,0,0,0.0000,0,0.0000,0,0,0,786,0
1827,2.8108,10.3174,0.0010,0.0000,0,0,0.0000,0,0.0000,0,0,0,704,0
1828,5.2804,5.7371,0.0022,0.0000,0,0,0.0000,0,0.0000,0,0,0,606,0
1829,2.8706,5.5924,0.0014,0.0000,0,0,0.0000,0,0.0000,0,0,0,601,0
1830,2.8226,10.4357,0.0010,0.0000,0,0,0.0000,0,0.0000,0,0,0,780,0
1831,2.8108,10.4038,0.0014,0.0000,0,0,0.0000,0,0.0000,0,0,0,741,0
1832,5.2804,5.8753,0.0008,0.0000,0,0,0.0000,0,0.0000,0,0,0,605,0
1833,2.8706,5.6583,0.0005,0.0000,0,0,0.0000,0,0.0000,0,0,0,601,0
1834,2.8226,10.5181,0.0021,0.0000,0,0,0.0000,0,0.0000,0,0,0,808,0
1835,2.8108,10.4355,0.0008,0.0000,0,0,0.0000,0,0.0000,0,0,0,758,0
1836,5.2804,5.8413,0.0014,0.0000,0,0,0.0000,0,0.0000,0,0,0,606,0
1837,2.8706,5.5760,0.0029,0.0000,0,0,0.0000,0,0.0000,0,0,0,601,0
1838,2.8226,10.5066,0.0010,0.0000,0,0,0.0000,0,0.0000,0,0,0,795,0
1839,2.8108,10.4160,0.0013,0.0000,0,0,0.0000,0,0.0000,0,0,0,738,0
1840,5.2804,5.6948,0.0022,0.0000,0,0,0.0000,0,0.0000,0,0,0,601,0
1841,2.8706,5.5578,0.0012,0.0000,0,0,0.0000,0,0.0000,0,0,0,601,0
1842,2.8226,10.4981,0.0027,0.0000,0,0,0.0000,0,0.0000,0,0,0,771,0
1843,2.8108,10.4090,0.0026,0.0000,0,0,0.0000,0,0.0000,0,0,0,836,0
1844,5.2804,5.8004,0.0022,0.0000,0,0,0.0000,0,0.0000,0,0,0,601,0
1845,2.8706,5.5894,0.0013,0.0000,0,0,0.0000,0,0.0000,0,0,0,601,0
1846,2.8226,10.5562,0.0019,0.0000,0,0,0.0000,0,0.0000,0,0,0,779,0
1847,2.8108,10.3778,0.0010,0.0000,0,0,0.0000,0,0.0000,0,0,0,698,0
1848,5.2804,5.8433,0.0014,0.0000,0,0,0.0000,0,0.0000,0,0,0,601,0
1849,2.8706,5.5890,0.0011,0.0000,0,0,0.0000,0,0.0000,0,0,0,601,0
1850,2.8226,10.6152,0.0016,0.0000,0,0,0.0000,0,0.0000,0,0,0,967,0
1851,2.8108,10.5296,0.0008,0.0000,0,0,0.0000,0,0.0000,0,0,0,696,0
1852,5.2804,5.7367,0.0016,0.0000,0,0,0.0000,0,0.0000,0,0,0,601,0
1853,2.8706,5.5258,0.0015,0.0000,0,0,0.0000,0,0.0000,0,0,0,601,0
1854,2.8226,10.4577,0.0010,0.0000,0,0,0.0000,0,0.0000,0,0,0,710,0
1855,2.8108,10.3531,0.0010,0.0000,0,0,0.0000,0,0.0000,0,0,0,700,0
1856,5.2804,5.7350,0.0021,0.0000,0,0,0.0000,0,0.0000,0,0,0,601,0
1857,2.8706,5.5130,0.0010,0.0000,0,0,0.0000,0,0.0000,0,0,0,601,0
1858,2.8226,10.4730,0.0017,0.0000,0,0,0.0000,0,0.0000,0,0,0,703,0
1859,2.8108,10.4175,0.0009,0.0000,0,0,0.0000,0,0.0000,0,0,0,721,0
1860,5.2804,5.8835,0.0038,0.0000,0,0,0.0000,0,0.0000,0,0,0,601,0
1861,2.8706,5.6632,0.0013,0.0000,0,0,0.0000,0,0.0000,0,0,0,601,0
1862,2.8226,10.5558,0.0007,0.0000,0,0,0.0000,0,0.0000,0,0,0,708,0
1863,2.8108,10.4909,0.0007,0.0000,0,0,0.0000,0,0.0000,0,0,0,783,0
1864,5.2804,5.8233,0.0029,0.0000,0,0,0.0000,0,0.0000,0,0,0,601,0
1865,2.8706,5.6269,0.0013,0.0000,0,0,0.0000,0,0.0000,0,0,0,601,0
1866,2.8226,10.6785,0.0011,0.0000,0,0,0.0000,0,0.0000,0,0,0,751,0
1867,2.8108,10.6866,0.0012,0.0000,0,0,0.0000,0,0.0000,0,0,0,755,0
1868,5.2804,5.9203,0.0011,0.0000,0,0,0.0000,0,0.0000,0,0,0,601,0
1869,2.8706,5.7346,0.0015,0.0000,0,0,0.0000,0,0.0000,0,0,0,601,0
1870,2.8226,10.6265,0.0019,0.0000,0,0,0.0000,0,0.0000,0,0,0,762,0
1871,2.8108,10.5640,0.0012,0.0000,0,0,0.0000,0,0.0000,0,0,0,801,0
1872,5.2804,5.9865,0.0026,0.0000,0,0,0.0000,0,0.0000,0,0,0,601,0
1873,2.8706,5.6782,0.0026,0.0000,0,0,0.0000,0,0.0000,0,0,0,601,0
1874,2.8226,10.5120,0.0011,0.0000,0,0,0.0000,0,0.0000,0,0,0,747,0
1875,2.8108,10.4586,0.0015,0.0000,0,0,0.0000,0,0.0000,0,0,0,696,0
1876,5.2804,5.8011,0.0022,0.0000,0,0,0.0000,0,0.0000,0,0,0,601,0
1877,2.8706,5.5883,0.0033,0.0000,0,0,0.0000,0,0.0000,0,0,0,601,0
1878,2.8226,10.3993,0.0015,0.0000,0,0,0.0000,0,0.0000,0,0,0,830,0
1879,2.8108,10.3608,0.0008,0.0000,0,0,0.0000,0,0.0000,0,0,0,701,0
1880,5.2804,5.7796,0.0010,0.0000,0,0,0.0000,0,0.0000,0,0,0,601,0
1881,2.8706,5.5415,0.0007,0.0000,0,0,0.0000,0,0.0000,0,0,0,601,0
1882,2.8226,10.3749,0.0012,0.0000,0,0,0.0000,0,0.0000,0,0,0,769,0
1883,2.8108,10.3335,0.0006,0.0000,0,0,0.0000,0,0.0000,0,0,0,696,0
1884,5.2804,5.7590,0.0010,0.0000,0,0,0.0000,0,0.0000,0,0,0,601,0
1885,2.8706,5.6376,0.0007,0.0000,0,0,0.0000,0,0.0000,0,0,0,601,0
1886,2.8226,10.5335,0.0006,0.0000,0,0,0.0000,0,0.0000,0,0,0,728,0
1887,2.8108,10.5292,0.0006,0.0000,0,0,0.0000,0,0.0000,0,0,0,717,0
1888,5.2804,5.5839,0.0008,0.0000,0,0,0.0000,0,0.0000,0,0,0,601,0
1889,2.8706,5.4924,0.0008,0.0000,0,0,0.0000,0,0.0000,0,0,0,601,0
1890,2.8226,10.6644,0.0009,0.0000,0,0,0.0000,0,0.0000,0,0,0,726,0
1891,2.8108,10.7188,0.0008,0.0000,0,0,0.0000,0,0.0000,0,0,0,731,0
1892,5.2804,5.9333,0.0008,0.0000,0,0,0.0000,0,0.0000,0,0,0,601,0
1893,2.8706,5.7743,0.0005,0.0000,0,0,0.0000,0,0.0000,0,0,0,601,0
1894,2.8226,10.7270,0.0014,0.0000,0,0,0.0000,0,0.0000,0,0,0,833,0
1895,2.8108,10.7142,0.0014,0.0000,0,0,0.0000,0,0.0000,0,0,0,722,0
1896,5.2804,5.7604,0.0010,0.0000,0,0,0.0000,0,0.0000,0,0,0,601,0
1897,2.8706,5.6265,0.0009,0.0000,0,0,0.0000,0,0.0000,0,0,0,601,0
1898,2.8226,10.6360,0.0007,0.0000,0,0,0.0000,0,0.0000,0,0,0,696,0
1899,2.8108,10.5993,0.0007,0.0000,0,0,0.0000,0,0.0000,0,0,0,758,0
1900,5.2804,5.7403,0.0011,0.0000,0,0,0.0000,0,0.0000,0,0,0,601,0
1901,2.8706,5.6393,0.0008,0.0000,0,0,0.0000,0,0.0000,0,0,0,601,0
1902,2.8226,10.7686,0.0035,0.0000,0,0,0.0000,0,0.0000,0,0,0,696,0
1903,2.8108,10.6990,0.0013,0.0000,0,0,0.0000,0,0.0000,0,0,0,696,0
1904,5.2804,6.0624,0.0027,0.0000,0,0,0.0000,0,0.0000,0,0,0,601,0
1905,2.8706,5.7419,0.0012,0.0000,0,0,0.0000,0,0.0000,0,0,0,601,0
1906,2.8226,10.6627,0.0013,0.0000,0,0,0.0000,0,0.0000,0,0,0,696,0
1907,2.8108,10.6500,0.0013,0.0000,0,0,0.0000,0,0.0000,0,0,0,705,0
1908,5.2804,5.6745,0.0012,0.0000,0,0,0.0000,0,0.0000,0,0,0,601,0
1909,2.8706,5.5099,0.0008,0.0000,0,0,0.0000,0,0.0000,0,0,0,601,0
1910,2.8226,10.3008,0.0009,0.0000,0,0,0.0000,0,0.0000,0,0,0,696,0
1911,2.8108,10.2567,0.0009,0.0000,0,0,0.0000,0,0.0000,0,0,0,707,0
1912,5.2804,5.6167,0.0009,0.0000,0,0,0.0000,0,0.0000,0,0,0,601,0
1913,2.8706,5.4805,0.0008,0.0000,0,0,0.0000,0,0.0000,0,0,0,601,0
1914,2.8226,10.4487,0.0034,0.0000,0,0,0.0000,0,0.0000,0,0,0,701,0
1915,2.8108,10.3674,0.0013,0.0000,0,0,0.0000,0,0.0000,0,0,0,707,0
1916,5.2804,5.7419,0.0021,0.0000,0,0,0.0000,0,0.0000,0,0,0,601,0
1917,2.8706,5.5169,0.0010,0.0000,0,0,0.0000,0,0.0000,0,0,0,601,0
1918,2.8226,10.4249,0.0022,0.0000,0,0,0.0000,0,0.0000,0,0,0,703,0
1919,2.8108,10.3011,0.0013,0.0000,0,0,0.0000,0,0.0000,0,0,0,736,0
1920,5.2804,5.7995,0.0024,0.0000,0,0,0.0000,0,0.0000,0,0,0,601,0
1921,2.8706,5.5455,0.0008,0.0000,0,0,0.0000,0,0.0000,0,0,0,601,0
1922,2.8226,10.5288,0.0030,0.0000,0,0,0.0000,0,0.0000,0,0,0,716,0
1923,2.8108,10.4010,0.0010,0.0000,0,0,0.0000,0,0.0000,0,0,0,719,0
1924,5.2804,5.7596,0.0018,0.0000,0,0,0.0000,0,0.0000,0,0,0,601,0
1925,2.8706,5.5948,0.0014,0.0000,0,0,0.0000,0,0.0000,0,0,0,601,0
1926,2.8226,10.3684,0.0015,0.0000,0,0,0.0000,0,0.0000,0,0,0,714,0
1927,2.8108,10.2676,0.0007,0.0000,0,0,0.0000,0,0.0000,0,0,0,775,0
1928,5.2804,5.8006,0.0024,0.0000,0,0,0.0000,0,0.0000,0,0,0,601,0
1929,2.8706,5.5752,0.0011,0.0000,0,0,0.0000,0,0.0000,0,0,0,601,0
1930,2.8226,10.5073,0.0014,0.0000,0,0,0.0000,0,0.0000,0,0,0,717,0
1931,2.8108,10.4204,0.0011,0.0000,0,0,0.0000,0,0.0000,0,0,0,701,0
1932,5.2804,5.8314,0.0012,0.0000,0,0,0.0000,0,0.0000,0,0,0,601,0
1933,2.8706,5.6800,0.0010,0.0000,0,0,0.0000,0,0.0000,0,0,0,601,0
1934,2.8226,10.5381,0.0010,0.0000,0,0,0.0000,0,0.0000,0,0,0,711,0
1935,2.8108,10.4988,0.0015,0.0000,0,0,0.0000,0,0.0000,0,0,0,701,0
1936,5.2804,5.7852,0.0023,0.0000,0,0,0.0000,0,0.0000,0,0,0,601,0
1937,2.8706,5.6002,0.0013,0.0000,0,0,0.0000,0,0.0000,0,0,0,601,0
1938,2.8226,10.3507,0.0013,0.0000,0,0,0.0000,0,0.0000,0,0,0,763,0
1939,2.8108,10.2891,0.0010,0.0000,0,0,0.0000,0,0.0000,0,0,0,701,0
1940,5.2804,5.8546,0.0013,0.0000,0,0,0.0000,0,0.0000,0,0,0,601,0
1941,2.8706,5.5755,0.0009,0.0000,0,0,0.0000,0,0.0000,0,0,0,601,0
1942,2.8226,10.5769,0.0010,0.0000,0,0,0.0000,0,0.0000,0,0,0,696,0
1943,2.8108,10.5951,0.0013,0.0000,0,0,0.0000,0,0.0000,0,0,0,715,0
1944,5.2804,5.8015,0.0024,0.0000,0,0,0.0000,0,0.0000,0,0,0,601,0
1945,2.8706,5.5825,0.0011,0.0000,0,0,0.0000,0,0.0000,0,0,0,601,0
1946,2.8226,10.4898,0.0022,0.0000,0,0,0.0000,0,0.0000,0,0,0,696,0
1947,2.8108,10.4340,0.0010,0.0000,0,0,0.0000,0,0.0000,0,0,0,726,0
1948,5.2804,5.7073,0.0012,0.0000,0,0,0.0000,0,0.0000,0,0,0,601,0
1949,2.8706,5.5743,0.0010,0.0000,0,0,0.0000,0,0.0000,0,0,0,601,0
1950,2.8226,10.4424,0.0011,0.0000,0,0,0.0000,0,0.0000,0,0,0,696,0
1951,2.8108,10.4047,0.0015,0.0000,0,0,0.0000,0,0.0000,0,0,0,714,0
1952,5.2804,5.7292,0.0011,0.0000,0,0,0.0000,0,0.0000,0,0,0,601,0
1953,2.8706,5.5990,0.0012,0.0000,0,0,0.0000,0,0.0000,0,0,0,601,0
1954,2.8226,10.4034,0.0012,0.0000,0,0,0.0000,0,0.0000,0,0,0,696,0
1955,2.8108,10.3425,0.0012,0.0000,0,0,0.0000,0,0.0000,0,0,0,789,0
1956,5.2804,5.8375,0.0018,0.0000,0,0,0.0000,0,0.0000,0,0,0,601,0
1957,2.8706,5.6245,0.0014,0.0000,0,0,0.0000,0,0.0000,0,0,0,601,0
1958,2.8226,10.4108,0.0015,0.0000,0,0,0.0000,0,0.0000,0,0,0,717,0
1959,2.8108,10.3635,0.0009,0.0000,0,0,0.0000,0,0.0000,0,0,0,703,0
1960,5.2804,5.7175,0.0017,0.0000,0,0,0.0000,0,0.0000,0,0,0,601,0
1961,2.8706,5.5703,0.0013,0.0000,0,0,0.0000,0,0.0000,0,0,0,601,0
1962,2.8226,10.3517,0.0015,0.0000,0,0,0.0000,0,0.0000,0,0,0,716,0
1963,2.8108,10.2764,0.0018,0.0000,0,0,0.0000,0,0.0000,0,0,0,705,0
1964,5.2804,5.8156,0.0020,0.0000,0,0,0.0000,0,0.0000,0,0,0,601,0
1965,2.8706,5.5907,0.0010,0.0000,0,0,0.0000,0,0.0000,0,0,0,601,0
1966,2.8226,10.3651,0.0013,0.0000,0,0,0.0000,0,0.0000,0,0,0,745,0
1967,2.8108,10.2759,0.0015,0.0000,0,0,0.0000,0,0.0000,0,0,0,700,0
1968,5.2804,5.7632,0.0015,0.0000,0,0,0.0000,0,0.0000,0,0,0,601,0
1969,2.8706,5.5712,0.0015,0.0000,0,0,0.0000,0,0.0000,0,0,0,601,0
1970,2.8226,10.2398,0.0018,0.0000,0,0,0.0000,0,0.0000,0,0,0,737,0
1971,2.8108,10.1497,0.0013,0.0000,0,0,0.0000,0,0.0000,0,0,0,706,0
1972,5.2804,5.9337,0.0023,0.0000,0,0,0.0000,0,0.0000,0,0,0,601,0
1973,2.8706,5.6608,0.0011,0.0000,0,0,0.0000,0,0.0000,0,0,0,601,0
1974,2.8226,10.4138,0.0023,0.0000,0,0,0.0000,0,0.0000,0,0,0,718,0
1975,2.8108,10.3072,0.0011,0.0000,0,0,0.0000,0,0.0000,0,0,0,723,0
1976,5.2804,5.7115,0.0018,0.0000,0,0,0.0000,0,0.0000,0,0,0,601,0
1977,2.8706,5.9073,0.0016,0.0000,0,0,0.0000,0,0.0000,0,0,0,601,0
1978,2.8226,8.6853,0.0025,0.0000,0,0,0.0000,0,0.0000,0,0,0,719,0
1979,2.8108,8.7770,0.0019,0.0000,0,0,0.0000,0,0.0000,0,0,0,714,0
1980,5.2804,5.8918,0.0020,0.0000,0,0,0.0000,0,0.0000,0,0,0,601,0
1981,2.8706,5.6451,0.0010,0.0000,0,0,0.0000,0,0.0000,0,0,0,601,0
1982,2.8226,10.6150,0.0016,0.0000,0,0,0.0000,0,0.0000,0,0,0,747,0
1983,2.8108,10.5342,0.0007,0.0000,0,0,0.0000,0,0.0000,0,0,0,769,0
1984,5.2804,5.7560,0.0012,0.0000,0,0,0.0000,0,0.0000,0,0,0,601,0
1985,2.8706,5.5875,0.0009,0.0000,0,0,0.0000,0,0.0000,0,0,0,601,0
1986,2.8226,10.4452,0.0010,0.0000,0,0,0.0000,0,0.0000,0,0,0,696,0
1987,2.8108,10.4128,0.0010,0.0000,0,0,0.0000,0,0.0000,0,0,0,704,0
1988,5.2804,5.7795,0.0010,0.0000,0,0,0.0000,0,0.0000,0,0,0,601,0
1989,2.8706,5.5796,0.0014,0.0000,0,0,0.0000,0,0.0000,0,0,0,601,0
1990,2.8226,10.5674,0.0012,0.0000,0,0,0.0000,0,0.0000,0,0,0,696,0
1991,2.8108,10.4670,0.0010,0.0000,0,0,0.0000,0,0.0000,0,0,0,707,0
1992,5.2804,5.8817,0.0015,0.0000,0,0,0.0000,0,0.0000,0,0,0,601,0
1993,2.8706,5.6945,0.0013,0.0000,0,0,0.0000,0,0.0000,0,0,0,601,0
1994,2.8226,10.5906,0.0013,0.0000,0,0,0.0000,0,0.0000,0,0,0,696,0
1995,2.8108,10.5384,0.0019,0.0000,0,0,0.0000,0,0.0000,0,0,0,714,0
1996,5.2804,6.0365,0.0022,0.0000,0,0,0.0000,0,0.0000,0,0,0,601,0
1997,2.8706,5.8165,0.0013,0.0000,0,0,0.0000,0,0.0000,0,0,0,601,0
1998,2.8226,10.7631,0.0019,0.0000,0,0,0.0000,0,0.0000,0,0,0,696,0
1999,2.8108,10.7124,0.0016,0.0000,0,0,0.0000,0,0.0000,0,0,0,709,0
2000,5.2804,5.9207,0.0014,0.0000,0,0,0.0000,0,0.0000,0,0,0,601,0
2001,2.8706,5.7107,0.0011,0.0000,0,0,0.0000,0,0.0000,0,0,0,601,0
2002,2.8226,10.4320,0.0017,0.0000,0,0,0.0000,0,0.0000,0,0,0,696,0
2003,2.8108,10.3963,0.0015,0.0000,0,0,0.0000,0,0.0000,0,0,0,732,0
2004,5.2804,5.7542,0.0016,0.0000,0,0,0.0000,0,0.0000,0,0,0,601,0
2005,2.8706,5.6357,0.0016,0.0000,0,0,0.0000,0,0.0000,0,0,0,601,0
2006,2.8226,10.7169,0.0079,0.0000,0,0,0.0000,0,0.0000,0,0,0,696,0
2007,2.8108,10.6973,0.0027,0.0000,0,0,0.0000,0,0.0000,0,0,0,719,0
2008,5.2804,6.2214,0.0013,0.0000,0,0,0.0000,0,0.0000,0,0,0,601,0
2009,2.8706,5.7465,0.0025,0.0000,0,0,0.0000,0,0.0000,0,0,0,601,0
2010,2.8226,10.1874,0.0015,0.0000,0,0,0.0000,0,0.0000,0,0,0,708,0
2011,2.8108,10.1709,0.0013,0.0000,0,0,0.0000,0,0.0000,0,0,0,751,0
2012,5.2804,6.1425,0.0015,0.0000,0,0,0.0000,0,0.0000,0,0,0,601,0
2013,2.8706,5.7126,0.0008,0.0000,0,0,0.0000,0,0.0000,0,0,0,601,0
2014,2.8226,10.6876,0.0020,0.0000,0,0,0.0000,0,0.0000,0,0,0,708,0
2015,2.8108,10.6067,0.0012,0.0000,0,0,0.0000,0,0.0000,0,0,0,696,0
2016,5.2804,5.9725,0.0012,0.0000,0,0,0.0000,0,0.0000,0,0,0,601,0
2017,2.8706,5.7254,0.0011,0.0000,0,0,0.0000,0,0.0000,0,0,0,601,0
2018,2.8226,10.6252,0.0012,0.0000,0,0,0.0000,0,0.0000,0,0,0,706,0
2019,2.8108,10.5676,0.0008,0.0000,0,0,0.0000,0,0.0000,0,0,0,701,0
2020,5.2804,5.7634,0.0015,0.0000,0,0,0.0000,0,0.0000,0,0,0,601,0
2021,2.8706,5.6162,0.0013,0.0000,0,0,0.0000,0,0.0000,0,0,0,601,0
2022,2.8226,10.4805,0.0013,0.0000,0,0,0.0000,0,0.0000,0,0,0,707,0
2023,2.8108,10.4482,0.0014,0.0000,0,0,0.0000,0,0.0000,0,0,0,703,0
2024,5.2804,5.8752,0.0015,0.0000,0,0,0.0000,0,0.0000,0,0,0,601,0
2025,2.8706,5.6719,0.0019,0.0000,0,0,0.0000,0,0.0000,0,0,0,601,0
2026,2.8226,10.6679,0.0014,0.0000,0,0,0.0000,0,0.0000,0,0,0,723,0
2027,2.8108,10.6248,0.0013,0.0000,0,0,0.0000,0,0.0000,0,0,0,707,0
2028,5.2804,5.9098,0.0013,0.0000,0,0,0.0000,0,0.0000,0,0,0,601,0
2029,2.8706,5.7025,0.0009,0.0000,0,0,0.0000,0,0.0000,0,0,0,601,0
2030,2.8226,10.5572,0.0017,0.0000,0,0,0.0000,0,0.0000,0,0,0,696,0
2031,2.8108,10.5088,0.0015,0.0000,0,0,0.0000,0,0.0000,0,0,0,708,0
2032,5.2804,5.8432,0.0020,0.0000,0,0,0.0000,0,0.0000,0,0,0,601,0
2033,2.8706,5.6445,0.0011,0.0000,0,0,0.0000,0,0.0000,0,0,0,601,0
2034,2.8226,10.3963,0.0018,0.0000,0,0,0.0000,0,0.0000,0,0,0,696,0
2035,2.8108,10.3403,0.0020,0.0000,0,0,0.0000,0,0.0000,0,0,0,712,0
2036,5.2804,6.2653,0.0108,0.0000,0,0,0.0000,0,0.0000,0,0,0,601,0
2037,2.8706,5.9742,0.0108,0.0000,0,0,0.0000,0,0.0000,0,0,0,601,0
2038,2.8226,12.2481,0.0107,0.0000,0,0,0.0000,0,0.0000,0,0,0,696,0
2039,2.8108,12.0453,0.0107,0.0000,0,0,0.0000,0,0.0000,0,0,0,754,0
2040,5.2804,6.5450,0.0038,0.0000,0,0,0.0000,0,0.0000,0,0,0,601,0
2041,2.8706,5.7083,0.0148,0.0000,0,0,0.0000,0,0.0000,0,0,0,601,0
2042,2.8226,10.2523,0.0020,0.0000,0,0,0.0000,0,0.0000,0,0,0,696,0
2043,2.8108,10.0570,0.0012,0.0000,0,0,0.0000,0,0.0000,0,0,0,696,0
2044,5.2804,6.0665,0.0012,0.0000,0,0,0.0000,0,0.0000,0,0,0,601,0
2045,2.8706,5.6975,0.0019,0.0000,0,0,0.0000,0,0.0000,0,0,0,601,0
2046,2.8226,10.6307,0.0011,0.0000,0,0,0.0000,0,0.0000,0,0,0,701,0
2047,2.8108,10.5193,0.0008,0.0000,0,0,0.0000,0,0.0000,0,0,0,706,0
2048,5.2804,5.8797,0.0013,0.0000,0,0,0.0000,0,0.0000,0,0,0,601,0
2049,2.8706,5.6817,0.0009,0.0000,0,0,0.0000,0,0.0000,0,0,0,601,0
2050,2.8226,10.5571,0.0015,0.0000,0,0,0.0000,0,0.0000,0,0,0,696,0
2051,2.8108,10.5075,0.0010,0.0000,0,0,0.0000,0,0.0000,0,0,0,700,0
2052,5.2804,5.9286,0.0018,0.0000,0,0,0.0000,0,0.0000,0,0,0,601,0
2053,2.8706,5.7217,0.0022,0.0000,0,0,0.0000,0,0.0000,0,0,0,601,0
2054,2.8226,10.7302,0.0019,0.0000,0,0,0.0000,0,0.0000,0,0,0,707,0
2055,2.8108,10.6648,0.0004,0.0000,0,0,0.0000,0,0.0000,0,0,0,704,0
2056,5.2804,6.0622,0.0077,0.0000,0,0,0.0000,0,0.0000,0,0,0,601,0
2057,2.8706,5.8485,0.0018,0.0000,0,0,0.0000,0,0.0000,0,0,0,601,0
2058,2.8226,10.7265,0.0015,0.0000,0,0,0.0000,0,0.0000,0,0,0,701,0
2059,2.8108,10.6652,0.0005,0.0000,0,0,0.0000,0,0.0000,0,0,0,715,0
2060,5.2804,5.9975,0.0034,0.0000,0,0,0.0000,0,0.0000,0,0,0,601,0
2061,2.8706,5.6945,0.0030,0.0000,0,0,0.0000,0,0.0000,0,0,0,601,0
2062,2.8226,10.7913,0.0041,0.0000,0,0,0.0000,0,0.0000,0,0,0,702,0
2063,2.8108,10.6705,0.0041,0.0000,0,0,0.0000,0,0.0000,0,0,0,700,0
2064,5.2804,6.0726,0.0021,0.0000,0,0,0.0000,0,0.0000,0,0,0,601,0
2065,2.8706,5.6743,0.0022,0.0000,0,0,0.0000,0,0.0000,0,0,0,601,0
2066,2.8226,10.6228,0.0015,0.0000,0,0,0.0000,0,0.0000,0,0,0,711,0
2067,2.8108,10.5405,0.0008,0.0000,0,0,0.0000,0,0.0000,0,0,0,764,0
2068,5.2804,6.1635,0.0031,0.0000,0,0,0.0000,0,0.0000,0,0,0,601,0
2069,2.8706,5.8347,0.0013,0.0000,0,0,0.0000,0,0.0000,0,0,0,601,0
2070,2.8226,10.7010,0.0020,0.0000,0,0,0.0000,0,0.0000,0,0,0,722,0
2071,2.8108,10.6376,0.0012,0.0000,0,0,0.0000,0,0.0000,0,0,0,696,0
2072,5.2804,6.5160,0.0043,0.0000,0,0,0.0000,0,0.0000,0,0,0,601,0
2073,2.8706,6.2060,0.0020,0.0000,0,0,0.0000,0,0.0000,0,0,0,601,0
2074,2.8226,10.7530,0.0045,0.0000,0,0,0.0000,0,0.0000,0,0,0,696,0
2075,2.8108,10.5755,0.0021,0.0000,0,0,0.0000,0,0.0000,0,0,0,696,0
2076,5.2804,5.9739,0.0037,0.0000,0,0,0.0000,0,0.0000,0,0,0,601,0
2077,2.8706,5.7118,0.0010,0.0000,0,0,0.0000,0,0.0000,0,0,0,601,0
2078,2.8226,10.3895,0.0039,0.0000,0,0,0.0000,0,0.0000,0,0,0,696,0
2079,2.8108,10.1670,0.0016,0.0000,0,0,0.0000,0,0.0000,0,0,0,696,0
2080,5.2804,5.9370,0.0040,0.0000,0,0,0.0000,0,0.0000,0,0,0,601,0
2081,2.8706,5.6932,0.0013,0.0000,0,0,0.0000,0,0.0000,0,0,0,601,0
2082,2.8226,10.6459,0.0035,0.0000,0,0,0.0000,0,0.0000,0,0,0,696,0
2083,2.8108,10.4724,0.0010,0.0000,0,0,0.0000,0,0.0000,0,0,0,700,0
2084,5.2804,6.0279,0.0032,0.0000,0,0,0.0000,0,0.0000,0,0,0,601,0
2085,2.8706,5.6602,0.0006,0.0000,0,0,0.0000,0,0.0000,0,0,0,601,0
2086,2.8226,10.4196,0.0034,0.0000,0,0,0.0000,0,0.0000,0,0,0,705,0
2087,2.8108,10.3500,0.0005,0.0000,0,0,0.0000,0,0.0000,0,0,0,702,0
2088,5.2804,5.7811,0.0024,0.0000,0,0,0.0000,0,0.0000,0,0,0,601,0
2089,2.8706,5.4949,0.0024,0.0000,0,0,0.0000,0,0.0000,0,0,0,601,0
2090,2.8226,10.5152,0.0069,0.0000,0,0,0.0000,0,0.0000,0,0,0,708,0
2091,2.8108,10.3697,0.0069,0.0000,0,0,0.0000,0,0.0000,0,0,0,706,0
2092,5.2804,5.7986,0.0029,0.0000,0,0,0.0000,0,0.0000,0,0,0,601,0
2093,2.8706,5.5415,0.0013,0.0000,0,0,0.0000,0,0.0000,0,0,0,601,0
2094,2.8226,10.5030,0.0028,0.0000,0,0,0.0000,0,0.0000,0,0,0,707,0
2095,2.8108,10.4230,0.0008,0.0000,0,0,0.0000,0,0.0000,0,0,0,721,0
2096,5.2804,5.8525,0.0032,0.0000,0,0,0.0000,0,0.0000,0,0,0,601,0
2097,2.8706,5.5802,0.0012,0.0000,0,0,0.0000,0,0.0000,0,0,0,601,0
2098,2.8226,10.5717,0.0027,0.0000,0,0,0.0000,0,0.0000,0,0,0,708,0
2099,2.8108,10.5102,0.0006,0.0000,0,0,0.0000,0,0.0000,0,0,0,696,0
2100,5.2804,5.9766,0.0035,0.0000,0,0,0.0000,0,0.0000,0,0,0,601,0
2101,2.8706,5.6885,0.0014,0.0000,0,0,0.0000,0,0.0000,0,0,0,601,0
2102,2.8226,10.6028,0.0014,0.0000,0,0,0.0000,0,0.0000,0,0,0,706,0
2103,2.8108,10.5460,0.0005,0.0000,0,0,0.0000,0,0.0000,0,0,0,696,0
2104,5.2804,5.9411,0.0041,0.0000,0,0,0.0000,0,0.0000,0,0,0,601,0
2105,2.8706,5.6831,0.0012,0.0000,0,0,0.0000,0,0.0000,0,0,0,601,0
2106,2.8226,10.6167,0.0015,0.0000,0,0,0.0000,0,0.0000,0,0,0,711,0
2107,2.8108,10.5466,0.0010,0.0000,0,0,0.0000,0,0.0000,0,0,0,696,0
2108,5.2804,5.8340,0.0021,0.0000,0,0,0.0000,0,0.0000,0,0,0,601,0
2109,2.8706,5.6477,0.0012,0.0000,0,0,0.0000,0,0.0000,0,0,0,601,0
2110,2.8226,10.5559,0.0029,0.0000,0,0,0.0000,0,0.0000,0,0,0,706,0
2111,2.8108,10.5019,0.0014,0.0000,0,0,0.0000,0,0.0000,0,0,0,702,0
2112,5.2804,5.8068,0.0021,0.0000,0,0,0.0000,0,0.0000,0,0,0,601,0
2113,2.8706,5.5529,0.0016,0.0000,0,0,0.0000,0,0.0000,0,0,0,601,0
2114,2.8226,10.4590,0.0027,0.0000,0,0,0.0000,0,0.0000,0,0,0,748,0
2115,2.8108,10.3480,0.0027,0.0000,0,0,0.0000,0,0.0000,0,0,0,702,0
2116,5.2804,5.9675,0.0044,0.0000,0,0,0.0000,0,0.0000,0,0,0,601,0
2117,2.8706,5.6697,0.0012,0.0000,0,0,0.0000,0,0.0000,0,0,0,601,0
2118,2.8226,10.4956,0.0015,0.0000,0,0,0.0000,0,0.0000,0,0,0,696,0
2119,2.8108,10.4298,0.0010,0.0000,0,0,0.0000,0,0.0000,0,0,0,702,0
2120,5.2804,5.8246,0.0012,0.0000,0,0,0.0000,0,0.0000,0,0,0,601,0
2121,2.8706,5.5904,0.0013,0.0000,0,0,0.0000,0,0.0000,0,0,0,601,0
2122,2.8226,10.4853,0.0022,0.0000,0,0,0.0000,0,0.0000,0,0,0,696,0
2123,2.8108,10.4677,0.0013,0.0000,0,0,0.0000,0,0.0000,0,0,0,742,0
2124,5.2804,5.8587,0.0013,0.0000,0,0,0.0000,0,0.0000,0,0,0,601,0
2125,2.8706,5.6631,0.0008,0.0000,0,0,0.0000,0,0.0000,0,0,0,601,0
2126,2.8226,10.4900,0.0020,0.0000,0,0,0.0000,0,0.0000,0,0,0,696,0
2127,2.8108,10.4147,0.0018,0.0000,0,0,0.0000,0,0.0000,0,0,0,696,0
2128,5.2804,5.8291,0.0021,0.0000,0,0,0.0000,0,0.0000,0,0,0,601,0
2129,2.8706,5.6114,0.0015,0.0000,0,0,0.0000,0,0.0000,0,0,0,601,0
2130,2.8226,10.3776,0.0020,0.0000,0,0,0.0000,0,0.0000,0,0,0,696,0
2131,2.8108,10.2553,0.0014,0.0000,0,0,0.0000,0,0.0000,0,0,0,696,0
2132,5.2804,6.3529,0.0074,0.0000,0,0,0.0000,0,0.0000,0,0,0,601,0
2133,2.8706,5.7891,0.0013,0.0000,0,0,0.0000,0,0.0000,0,0,0,601,0
2134,2.8226,9.9003,0.0023,0.0000,0,0,0.0000,0,0.0000,0,0,0,702,0
2135,2.8108,9.9090,0.0018,0.0000,0,0,0.0000,0,0.0000,0,0,0,696,0
2136,5.2804,5.8499,0.0032,0.0000,0,0,0.0000,0,0.0000,0,0,0,601,0
2137,2.8706,5.5941,0.0016,0.0000,0,0,0.0000,0,0.0000,0,0,0,601,0
2138,2.8226,10.3244,0.0019,0.0000,0,0,0.0000,0,0.0000,0,0,0,701,0
2139,2.8108,10.1700,0.0011,0.0000,0,0,0.0000,0,0.0000,0,0,0,696,0
2140,5.2804,5.7944,0.0008,0.0000,0,0,0.0000,0,0.0000,0,0,0,601,0
2141,2.8706,5.5569,0.0005,0.0000,0,0,0.0000,0,0.0000,0,0,0,601,0
2142,2.8226,10.3744,0.0013,0.0000,0,0,0.0000,0,0.0000,0,0,0,704,0
2143,2.8108,10.3017,0.0015,0.0000,0,0,0.0000,0,0.0000,0,0,0,701,0
2144,5.2804,5.9595,0.0017,0.0000,0,0,0.0000,0,0.0000,0,0,0,601,0
2145,2.8706,5.7321,0.0008,0.0000,0,0,0.0000,0,0.0000,0,0,0,601,0
2146,2.8226,10.5202,0.0025,0.0000,0,0,0.0000,0,0.0000,0,0,0,701,0
2147,2.8108,10.4510,0.0013,0.0000,0,0,0.0000,0,0.0000,0,0,0,700,0
2148,5.2804,5.9498,0.0021,0.0000,0,0,0.0000,0,0.0000,0,0,0,601,0
2149,2.8706,5.6867,0.0034,0.0000,0,0,0.0000,0,0.0000,0,0,0,601,0
2150,2.8226,10.6454,0.0018,0.0000,0,0,0.0000,0,0.0000,0,0,0,701,0
2151,2.8108,10.5240,0.0010,0.0000,0,0,0.0000,0,0.0000,0,0,0,720,0
2152,5.2804,5.9951,0.0018,0.0000,0,0,0.0000,0,0.0000,0,0,0,601,0
2153,2.8706,5.6993,0.0020,0.0000,0,0,0.0000,0,0.0000,0,0,0,601,0
2154,2.8226,11.0457,0.0097,0.0000,0,0,0.0000,0,0.0000,0,0,0,702,0
2155,2.8108,11.1070,0.0020,0.0000,0,0,0.0000,0,0.0000,0,0,0,696,0
2156,5.2804,6.6147,0.0086,0.0000,0,0,0.0000,0,0.0000,0,0,0,601,0
2157,2.8706,5.8140,0.0012,0.0000,0,0,0.0000,0,0.0000,0,0,0,601,0
2158,2.8226,10.3606,0.0095,0.0000,0,0,0.0000,0,0.0000,0,0,0,712,0
2159,2.8108,10.2432,0.0024,0.0000,0,0,0.0000,0,0.0000,0,0,0,696,0
2160,5.2804,6.1223,0.0043,0.0000,0,0,0.0000,0,0.0000,0,0,0,601,0
2161,2.8706,5.7480,0.0035,0.0000,0,0,0.0000,0,0.0000,0,0,0,601,0
2162,2.8226,10.6480,0.0016,0.0000,0,0,0.0000,0,0.0000,0,0,0,696,0
2163,2.8108,10.5651,0.0011,0.0000,0,0,0.0000,0,0.0000,0,0,0,696,0
2164,5.2804,6.0729,0.0033,0.0000,0,0,0.0000,0,0.0000,0,0,0,601,0
2165,2.8706,5.6997,0.0011,0.0000,0,0,0.0000,0,0.0000,0,0,0,601,0
2166,2.8226,10.6692,0.0014,0.0000,0,0,0.0000,0,0.0000,0,0,0,696,0
2167,2.8108,10.6218,0.0013,0.0000,0,0,0.0000,0,0.0000,0,0,0,696,0
2168,5.2804,6.0492,0.0022,0.0000,0,0,0.0000,0,0.0000,0,0,0,601,0
2169,2.8706,5.7971,0.0009,0.0000,0,0,0.0000,0,0.0000,0,0,0,601,0
2170,2.8226,10.6920,0.0009,0.0000,0,0,0.0000,0,0.0000,0,0,0,696,0
2171,2.8108,10.6723,0.0008,0.0000,0,0,0.0000,0,0.0000,0,0,0,705,0
2172,5.2804,6.0728,0.0038,0.0000,0,0,0.0000,0,0.0000,0,0,0,601,0
2173,2.8706,5.7770,0.0016,0.0000,0,0,0.0000,0,0.0000,0,0,0,601,0
2174,2.8226,10.7562,0.0026,0.0000,0,0,0.0000,0,0.0000,0,0,0,696,0
2175,2.8108,10.6148,0.0015,0.0000,0,0,0.0000,0,0.0000,0,0,0,704,0
2176,5.2804,6.1811,0.0045,0.0000,0,0,0.0000,0,0.0000,0,0,0,601,0
2177,2.8706,5.8068,0.0013,0.0000,0,0,0.0000,0,0.0000,0,0,0,601,0
2178,2.8226,10.8133,0.0091,0.0000,0,0,0.0000,0,0.0000,0,0,0,706,0
2179,2.8108,10.6827,0.0019,0.0000,0,0,0.0000,0,0.0000,0,0,0,711,0
2180,5.2804,6.1617,0.0072,0.0000,0,0,0.0000,0,0.0000,0,0,0,601,0
2181,2.8706,5.7360,0.0014,0.0000,0,0,0.0000,0,0.0000,0,0,0,601,0
2182,2.8226,10.5707,0.0027,0.0000,0,0,0.0000,0,0.0000,0,0,0,702,0
2183,2.8108,10.3610,0.0013,0.0000,0,0,0.0000,0,0.0000,0,0,0,696,0
2184,5.2804,5.9258,0.0022,0.0000,0,0,0.0000,0,0.0000,0,0,0,601,0
2185,2.8706,5.6154,0.0014,0.0000,0,0,0.0000,0,0.0000,0,0,0,601,0
2186,2.8226,10.4706,0.0037,0.0000,0,0,0.0000,0,0.0000,0,0,0,702,0
2187,2.8108,10.3565,0.0016,0.0000,0,0,0.0000,0,0.0000,0,0,0,696,0
2188,5.2804,5.7886,0.0036,0.0000,0,0,0.0000,0,0.0000,0,0,0,601,0
2189,2.8706,5.5682,0.0017,0.0000,0,0,0.0000,0,0.0000,0,0,0,601,0
2190,2.8226,10.4360,0.0015,0.0000,0,0,0.0000,0,0.0000,0,0,0,696,0
2191,2.8108,10.3850,0.0012,0.0000,0,0,0.0000,0,0.0000,0,0,0,696,0
2192,5.2804,5.7448,0.0016,0.0000,0,0,0.0000,0,0.0000,0,0,0,601,0
2193,2.8706,5.4926,0.0010,0.0000,0,0,0.0000,0,0.0000,0,0,0,601,0
2194,2.8226,10.3789,0.0019,0.0000,0,0,0.0000,0,0.0000,0,0,0,696,0
2195,2.8108,10.3025,0.0013,0.0000,0,0,0.0000,0,0.0000,0,0,0,696,0
2196,5.2804,5.8421,0.0030,0.0000,0,0,0.0000,0,0.0000,0,0,0,601,0
2197,2.8706,5.6237,0.0014,0.0000,0,0,0.0000,0,0.0000,0,0,0,601,0
2198,2.8226,10.6316,0.0022,0.0000,0,0,0.0000,0,0.0000,0,0,0,696,0
2199,2.8108,10.5660,0.0008,0.0000,0,0,0.0000,0,0.0000,0,0,0,701,0
2200,5.2804,5.7950,0.0018,0.0000,0,0,0.0000,0,0.0000,0,0,0,601,0
2201,2.8706,5.5578,0.0009,0.0000,0,0,0.0000,0,0.0000,0,0,0,601,0
2202,2.8226,10.4176,0.0010,0.0000,0,0,0.0000,0,0.0000,0,0,0,709,0
2203,2.8108,10.3490,0.0011,0.0000,0,0,0.0000,0,0.0000,0,0,0,696,0
2204,5.2804,5.8417,0.0010,0.0000,0,0,0.0000,0,0.0000,0,0,0,601,0
2205,2.8706,5.6233,0.0008,0.0000,0,0,0.0000,0,0.0000,0,0,0,601,0
2206,2.8226,10.5047,0.0011,0.0000,0,0,0.0000,0,0.0000,0,0,0,696,0
2207,2.8108,10.4707,0.0012,0.0000,0,0,0.0000,0,0.0000,0,0,0,707,0
2208,5.2804,5.8525,0.0016,0.0000,0,0,0.0000,0,0.0000,0,0,0,601,0
2209,2.8706,5.6861,0.0008,0.0000,0,0,0.0000,0,0.0000,0,0,0,601,0
2210,2.8226,10.5204,0.0013,0.0000,0,0,0.0000,0,0.0000,0,0,0,696,0
2211,2.8108,10.4779,0.0010,0.0000,0,0,0.0000,0,0.0000,0,0,0,698,0
2212,5.2804,5.8215,0.0026,0.0000,0,0,0.0000,0,0.0000,0,0,0,601,0
2213,2.8706,5.6116,0.0008,0.0000,0,0,0.0000,0,0.0000,0,0,0,601,0
2214,2.8226,10.6306,0.0018,0.0000,0,0,0.0000,0,0.0000,0,0,0,696,0
2215,2.8108,10.5620,0.0013,0.0000,0,0,0.0000,0,0.0000,0,0,0,696,0
2216,5.2804,5.9346,0.0012,0.0000,0,0,0.0000,0,0.0000,0,0,0,601,0
2217,2.8706,5.7260,0.0008,0.0000,0,0,0.0000,0,0.0000,0,0,0,601,0
2218,2.8226,10.6675,0.0018,0.0000,0,0,0.0000,0,0.0000,0,0,0,696,0
2219,2.8108,10.6357,0.0012,0.0000,0,0,0.0000,0,0.0000,0,0,0,696,0
2220,5.2804,5.7854,0.0033,0.0000,0,0,0.0000,0,0.0000,0,0,0,601,0
2221,2.8706,5.5328,0.0016,0.0000,0,0,0.0000,0,0.0000,0,0,0,601,0
2222,2.8226,10.3619,0.0018,0.0000,0,0,0.0000,0,0.0000,0,0,0,696,0
2223,2.8108,10.2357,0.0012,0.0000,0,0,0.0000,0,0.0000,0,0,0,696,0
2224,5.2804,5.9261,0.0029,0.0000,0,0,0.0000,0,0.0000,0,0,0,601,0
2225,2.8706,5.6755,0.0017,0.0000,0,0,0.0000,0,0.0000,0,0,0,601,0
2226,2.8226,10.6776,0.0027,0.0000,0,0,0.0000,0,0.0000,0,0,0,696,0
2227,2.8108,10.5888,0.0008,0.0000,0,0,0.0000,0,0.0000,0,0,0,696,0
2228,5.2804,5.9787,0.0028,0.0000,0,0,0.0000,0,0.0000,0,0,0,601,0
2229,2.8706,5.7527,0.0015,0.0000,0,0,0.0000,0,0.0000,0,0,0,601,0
2230,2.8226,10.6551,0.0018,0.0000,0,0,0.0000,0,0.0000,0,0,0,696,0
2231,2.8108,10.5419,0.0012,0.0000,0,0,0.0000,0,0.0000,0,0,0,696,0
2232,5.2804,6.0099,0.0020,0.0000,0,0,0.0000,0,0.0000,0,0,0,601,0
2233,2.8706,5.7354,0.0016,0.0000,0,0,0.0000,0,0.0000,0,0,0,601,0
2234,2.8226,10.5497,0.0022,0.0000,0,0,0.0000,0,0.0000,0,0,0,696,0
2235,2.8108,10.4449,0.0012,0.0000,0,0,0.0000,0,0.0000,0,0,0,706,0
2236,5.2804,5.9631,0.0024,0.0000,0,0,0.0000,0,0.0000,0,0,0,601,0
2237,2.8706,5.7149,0.0008,0.0000,0,0,0.0000,0,0.0000,0,0,0,601,0
2238,2.8226,10.6560,0.0018,0.0000,0,0,0.0000,0,0.0000,0,0,0,696,0
2239,2.8108,10.6044,0.0008,0.0000,0,0,0.0000,0,0.0000,0,0,0,696,0
2240,5.2804,5.9635,0.0025,0.0000,0,0,0.0000,0,0.0000,0,0,0,601,0
2241,2.8706,5.7337,0.0009,0.0000,0,0,0.0000,0,0.0000,0,0,0,601,0
2242,2.8226,10.5282,0.0020,0.0000,0,0,0.0000,0,0.0000,0,0,0,696,0
2243,2.8108,10.4258,0.0011,0.0000,0,0,0.0000,0,0.0000,0,0,0,696,0
2244,5.2804,5.8387,0.0037,0.0000,0,0,0.0000,0,0.0000,0,0,0,601,0
2245,2.8706,5.5817,0.0019,0.0000,0,0,0.0000,0,0.0000,0,0,0,601,0
2246,2.8226,10.2992,0.0016,0.0000,0,0,0.0000,0,0.0000,0,0,0,701,0
2247,2.8108,10.2073,0.0008,0.0000,0,0,0.0000,0,0.0000,0,0,0,696,0
2248,5.2804,6.0855,0.0031,0.0000,0,0,0.0000,0,0.0000,0,0,0,601,0
2249,2.8706,5.7647,0.0010,0.0000,0,0,0.0000,0,0.0000,0,0,0,601,0
2250,2.8226,10.5995,0.0021,0.0000,0,0,0.0000,0,0.0000,0,0,0,696,0
2251,2.8108,10.5439,0.0015,0.0000,0,0,0.0000,0,0.0000,0,0,0,696,0
2252,5.2804,5.8478,0.0026,0.0000,0,0,0.0000,0,0.0000,0,0,0,601,0
2253,2.8706,5.7069,0.0016,0.0000,0,0,0.0000,0,0.0000,0,0,0,601,0
2254,2.8226,10.5233,0.0015,0.0000,0,0,0.0000,0,0.0000,0,0,0,696,0
2255,2.8108,10.4659,0.0008,0.0000,0,0,0.0000,0,0.0000,0,0,0,696,0
2256,5.2804,5.8173,0.0012,0.0000,0,0,0.0000,0,0.0000,0,0,0,601,0
2257,2.8706,5.5759,0.0006,0.0000,0,0,0.0000,0,0.0000,0,0,0,601,0
2258,2.8226,10.5924,0.0025,0.0000,0,0,0.0000,0,0.0000,0,0,0,696,0
2259,2.8108,10.5445,0.0013,0.0000,0,0,0.0000,0,0.0000,0,0,0,696,0
2260,5.2804,5.8150,0.0032,0.0000,0,0,0.0000,0,0.0000,0,0,0,601,0
2261,2.8706,5.5870,0.0022,0.0000,0,0,0.0000,0,0.0000,0,0,0,601,0
2262,2.8226,10.5324,0.0025,0.0000,0,0,0.0000,0,0.0000,0,0,0,696,0
2263,2.8108,10.4699,0.0017,0.0000,0,0,0.0000,0,0.0000,0,0,0,706,0
2264,5.2804,5.8264,0.0028,0.0000,0,0,0.0000,0,0.0000,0,0,0,601,0
2265,2.8706,5.6143,0.0020,0.0000,0,0,0.0000,0,0.0000,0,0,0,601,0
2266,2.8226,10.3851,0.0030,0.0000,0,0,0.0000,0,0.0000,0,0,0,696,0
2267,2.8108,10.1986,0.0021,0.0000,0,0,0.0000,0,0.0000,0,0,0,696,0
2268,5.2804,5.9797,0.0047,0.0000,0,0,0.0000,0,0.0000,0,0,0,601,0
2269,2.8706,5.7225,0.0017,0.0000,0,0,0.0000,0,0.0000,0,0,0,601,0
2270,2.8226,10.6372,0.0017,0.0000,0,0,0.0000,0,0.0000,0,0,0,696,0
2271,2.8108,10.5600,0.0011,0.0000,0,0,0.0000,0,0.0000,0,0,0,696,0
2272,5.2804,5.9439,0.0025,0.0000,0,0,0.0000,0,0.0000,0,0,0,601,0
2273,2.8706,5.6476,0.0020,0.0000,0,0,0.0000,0,0.0000,0,0,0,601,0
2274,2.8226,10.5525,0.0019,0.0000,0,0,0.0000,0,0.0000,0,0,0,696,0
2275,2.8108,10.4449,0.0007,0.0000,0,0,0.0000,0,0.0000,0,0,0,696,0
2276,5.2804,5.9927,0.0032,0.0000,0,0,0.0000,0,0.0000,0,0,0,601,0
2277,2.8706,5.6889,0.0013,0.0000,0,0,0.0000,0,0.0000,0,0,0,601,0
2278,2.8226,10.5895,0.0035,0.0000,0,0,0.0000,0,0.0000,0,0,0,696,0
2279,2.8108,10.4891,0.0015,0.0000,0,0,0.0000,0,0.0000,0,0,0,703,0
2280,5.2804,5.8676,0.0029,0.0000,0,0,0.0000,0,0.0000,0,0,0,601,0
2281,2.8706,5.6062,0.0092,0.0000,0,0,0.0000,0,0.0000,0,0,0,601,0
2282,2.8226,10.4307,0.0244,0.0000,0,0,0.0000,0,0.0000,0,0,0,696,0
2283,2.8108,10.3374,0.0008,0.0000,0,0,0.0000,0,0.0000,0,0,0,703,0
2284,5.2804,5.8133,0.0037,0.0000,0,0,0.0000,0,0.0000,0,0,0,601,0
2285,2.8706,5.4986,0.0038,0.0000,0,0,0.0000,0,0.0000,0,0,0,601,0
2286,2.8226,10.4025,0.0024,0.0000,0,0,0.0000,0,0.0000,0,0,0,696,0
2287,2.8108,10.2637,0.0009,0.0000,0,0,0.0000,0,0.0000,0,0,0,696,0
2288,5.2804,5.8275,0.0030,0.0000,0,0,0.0000,0,0.0000,0,0,0,601,0
2289,2.8706,5.6105,0.0005,0.0000,0,0,0.0000,0,0.0000,0,0,0,601,0
2290,2.8226,10.4993,0.0012,0.0000,0,0,0.0000,0,0.0000,0,0,0,700,0
2291,2.8108,10.4665,0.0012,0.0000,0,0,0.0000,0,0.0000,0,0,0,704,0
2292,5.2804,5.7813,0.0021,0.0000,0,0,0.0000,0,0.0000,0,0,0,601,0
2293,2.8706,5.6162,0.0011,0.0000,0,0,0.0000,0,0.0000,0,0,0,601,0
2294,2.8226,10.3952,0.0009,0.0000,0,0,0.0000,0,0.0000,0,0,0,696,0
2295,2.8108,10.3383,0.0007,0.0000,0,0,0.0000,0,0.0000,0,0,0,696,0
2296,5.2804,5.9524,0.0016,0.0000,0,0,0.0000,0,0.0000,0,0,0,601,0
2297,2.8706,5.7352,0.0009,0.0000,0,0,0.0000,0,0.0000,0,0,0,601,0
2298,2.8226,10.9034,0.0012,0.0000,0,0,0.0000,0,0.0000,0,0,0,696,0
2299,2.8108,10.9112,0.0008,0.0000,0,0,0.0000,0,0.0000,0,0,0,696,0
2300,5.2804,5.8392,0.0024,0.0000,0,0,0.0000,0,0.0000,0,0,0,601,0
2301,2.8706,5.6540,0.0011,0.0000,0,0,0.0000,0,0.0000,0,0,0,601,0
2302,2.8226,10.6723,0.0011,0.0000,0,0,0.0000,0,0.0000,0,0,0,696,0
2303,2.8108,10.6844,0.0009,0.0000,0,0,0.0000,0,0.0000,0,0,0,696,0
2304,5.2804,5.8755,0.0010,0.0000,0,0,0.0000,0,0.0000,0,0,0,601,0
2305,2.8706,5.7195,0.0006,0.0000,0,0,0.0000,0,0.0000,0,0,0,601,0
2306,2.8226,10.7806,0.0009,0.0000,0,0,0.0000,0,0.0000,0,0,0,696,0
2307,2.8108,10.7634,0.0012,0.0000,0,0,0.0000,0,0.0000,0,0,0,696,0
2308,5.2804,5.8495,0.0011,0.0000,0,0,0.0000,0,0.0000,0,0,0,601,0
2309,2.8706,5.7036,0.0011,0.0000,0,0,0.0000,0,0.0000,0,0,0,601,0
2310,2.8226,10.5916,0.0048,0.0000,0,0,0.0000,0,0.0000,0,0,0,696,0
2311,2.8108,10.5467,0.0007,0.0000,0,0,0.0000,0,0.0000,0,0,0,696,0
2312,5.2804,5.8263,0.0026,0.0000,0,0,0.0000,0,0.0000,0,0,0,601,0
2313,2.8706,5.5602,0.0009,0.0000,0,0,0.0000,0,0.0000,0,0,0,601,0
2314,2.8226,10.4327,0.0012,0.0000,0,0,0.0000,0,0.0000,0,0,0,696,0
2315,2.8108,10.3474,0.0011,0.0000,0,0,0.0000,0,0.0000,0,0,0,696,0
2316,5.2804,5.8923,0.0010,0.0000,0,0,0.0000,0,0.0000,0,0,0,601,0
2317,2.8706,5.6671,0.0006,0.0000,0,0,0.0000,0,0.0000,0,0,0,601,0
2318,2.8226,10.6169,0.0014,0.0000,0,0,0.0000,0,0.0000,0,0,0,696,0
2319,2.8108,10.5775,0.0010,0.0000,0,0,0.0000,0,0.0000,0,0,0,696,0
2320,5.2804,5.8303,0.0011,0.0000,0,0,0.0000,0,0.0000,0,0,0,601,0
2321,2.8706,5.6335,0.0011,0.0000,0,0,0.0000,0,0.0000,0,0,0,601,0
2322,2.8226,10.5136,0.0010,0.0000,0,0,0.0000,0,0.0000,0,0,0,696,0
2323,2.8108,10.4631,0.0011,0.0000,0,0,0.0000,0,0.0000,0,0,0,696,0
2324,5.2804,5.6349,0.0009,0.0000,0,0,0.0000,0,0.0000,0,0,0,601,0
2325,2.8706,5.4387,0.0010,0.0000,0,0,0.0000,0,0.0000,0,0,0,601,0
2326,2.8226,10.3564,0.0014,0.0000,0,0,0.0000,0,0.0000,0,0,0,696,0
2327,2.8108,10.3105,0.0009,0.0000,0,0,0.0000,0,0.0000,0,0,0,696,0
2328,5.2804,5.8619,0.0025,0.0000,0,0,0.0000,0,0.0000,0,0,0,601,0
2329,2.8706,5.6325,0.0008,0.0000,0,0,0.0000,0,0.0000,0,0,0,601,0
2330,2.8226,10.5441,0.0018,0.0000,0,0,0.0000,0,0.0000,0,0,0,696,0
2331,2.8108,10.4744,0.0018,0.0000,0,0,0.0000,0,0.0000,0,0,0,696,0
2332,5.2804,5.8517,0.0021,0.0000,0,0,0.0000,0,0.0000,0,0,0,601,0
2333,2.8706,5.5640,0.0007,0.0000,0,0,0.0000,0,0.0000,0,0,0,601,0
2334,2.8226,10.4846,0.0023,0.0000,0,0,0.0000,0,0.0000,0,0,0,700,0
2335,2.8108,10.3727,0.0016,0.0000,0,0,0.0000,0,0.0000,0,0,0,696,0
2336,5.2804,5.9440,0.0027,0.0000,0,0,0.0000,0,0.0000,0,0,0,601,0
2337,2.8706,5.6144,0.0016,0.0000,0,0,0.0000,0,0.0000,0,0,0,601,0
2338,2.8226,10.4853,0.0042,0.0000,0,0,0.0000,0,0.0000,0,0,0,696,0
2339,2.8108,10.3558,0.0035,0.0000,0,0,0.0000,0,0.0000,0,0,0,696,0
2340,5.2804,5.8145,0.0021,0.0000,0,0,0.0000,0,0.0000,0,0,0,601,0
2341,2.8706,5.5563,0.0008,0.0000,0,0,0.0000,0,0.0000,0,0,0,601,0
2342,2.8226,10.6874,0.0026,0.0000,0,0,0.0000,0,0.0000,0,0,0,696,0
2343,2.8108,10.5804,0.0013,0.0000,0,0,0.0000,0,0.0000,0,0,0,696,0
2344,5.2804,5.7970,0.0023,0.0000,0,0,0.0000,0,0.0000,0,0,0,601,0
2345,2.8706,5.6178,0.0009,0.0000,0,0,0.0000,0,0.0000,0,0,0,601,0
2346,2.8226,10.5040,0.0026,0.0000,0,0,0.0000,0,0.0000,0,0,0,696,0
2347,2.8108,10.4282,0.0008,0.0000,0,0,0.0000,0,0.0000,0,0,0,696,0
2348,5.2804,5.9064,0.0019,0.0000,0,0,0.0000,0,0.0000,0,0,0,601,0
2349,2.8706,5.6214,0.0007,0.0000,0,0,0.0000,0,0.0000,0,0,0,601,0
2350,2.8226,10.4709,0.0030,0.0000,0,0,0.0000,0,0.0000,0,0,0,696,0
2351,2.8108,10.3537,0.0013,0.0000,0,0,0.0000,0,0.0000,0,0,0,696,0
2352,5.2804,6.1863,0.0055,0.0000,0,0,0.0000,0,0.0000,0,0,0,601,0
2353,2.8706,5.8499,0.0053,0.0000,0,0,0.0000,0,0.0000,0,0,0,601,0
2354,2.8226,10.7665,0.0020,0.0000,0,0,0.0000,0,0.0000,0,0,0,696,0
2355,2.8108,10.6898,0.0006,0.0000,0,0,0.0000,0,0.0000,0,0,0,696,0
2356,5.2804,5.8031,0.0009,0.0000,0,0,0.0000,0,0.0000,0,0,0,601,0
2357,2.8706,5.6104,0.0005,0.0000,0,0,0.0000,0,0.0000,0,0,0,601,0
2358,2.8226,10.6104,0.0015,0.0000,0,0,0.0000,0,0.0000,0,0,0,696,0
2359,2.8108,10.5884,0.0011,0.0000,0,0,0.0000,0,0.0000,0,0,0,696,0
2360,5.2804,5.7864,0.0026,0.0000,0,0,0.0000,0,0.0000,0,0,0,601,0
2361,2.8706,5.6105,0.0008,0.0000,0,0,0.0000,0,0.0000,0,0,0,601,0
2362,2.8226,10.4857,0.0018,0.0000,0,0,0.0000,0,0.0000,0,0,0,696,0
2363,2.8108,10.4465,0.0010,0.0000,0,0,0.0000,0,0.0000,0,0,0,696,0
2364,5.2804,6.0233,0.0022,0.0000,0,0,0.0000,0,0.0000,0,0,0,601,0
2365,2.8706,5.7693,0.0017,0.0000,0,0,0.0000,0,0.0000,0,0,0,601,0
2366,2.8226,10.8043,0.0018,0.0000,0,0,0.0000,0,0.0000,0,0,0,696,0
2367,2.8108,10.7853,0.0011,0.0000,0,0,0.0000,0,0.0000,0,0,0,696,0
2368,5.2804,5.9714,0.0037,0.0000,0,0,0.0000,0,0.0000,0,0,0,601,0
2369,2.8706,5.7816,0.0017,0.0000,0,0,0.0000,0,0.0000,0,0,0,601,0
2370,2.8226,10.7192,0.0023,0.0000,0,0,0.0000,0,0.0000,0,0,0,696,0
2371,2.8108,10.6772,0.0008,0.0000,0,0,0.0000,0,0.0000,0,0,0,696,0
2372,5.2804,5.8236,0.0017,0.0000,0,0,0.0000,0,0.0000,0,0,0,601,0
2373,2.8706,5.5862,0.0010,0.0000,0,0,0.0000,0,0.0000,0,0,0,601,0
2374,2.8226,10.6065,0.0012,0.0000,0,0,0.0000,0,0.0000,0,0,0,696,0
2375,2.8108,10.5457,0.0010,0.0000,0,0,0.0000,0,0.0000,0,0,0,696,0
2376,5.2804,5.7658,0.0023,0.0000,0,0,0.0000,0,0.0000,0,0,0,601,0
2377,2.8706,5.5352,0.0007,0.0000,0,0,0.0000,0,0.0000,0,0,0,601,0
2378,2.8226,10.4772,0.0014,0.0000,0,0,0.0000,0,0.0000,0,0,0,696,0
2379,2.8108,10.4368,0.0009,0.0000,0,0,0.0000,0,0.0000,0,0,0,696,0
2380,5.2804,5.8815,0.0015,0.0000,0,0,0.0000,0,0.0000,0,0,0,601,0
2381,2.8706,5.6540,0.0006,0.0000,0,0,0.0000,0,0.0000,0,0,0,601,0
2382,2.8226,10.6143,0.0031,0.0000,0,0,0.0000,0,0.0000,0,0,0,696,0
2383,2.8108,10.5121,0.0015,0.0000,0,0,0.0000,0,0.0000,0,0,0,696,0
2384,5.2804,5.7691,0.0022,0.0000,0,0,0.0000,0,0.0000,0,0,0,601,0
2385,2.8706,5.5291,0.0014,0.0000,0,0,0.0000,0,0.0000,0,0,0,601,0
2386,2.8226,10.4303,0.0019,0.0000,0,0,0.0000,0,0.0000,0,0,0,696,0
2387,2.8108,10.3283,0.0011,0.0000,0,0,0.0000,0,0.0000,0,0,0,696,0
2388,5.2804,5.7885,0.0009,0.0000,0,0,0.0000,0,0.0000,0,0,0,601,0
2389,2.8706,5.6071,0.0006,0.0000,0,0,0.0000,0,0.0000,0,0,0,601,0
2390,2.8226,10.5679,0.0008,0.0000,0,0,0.0000,0,0.0000,0,0,0,696,0
2391,2.8108,10.5441,0.0010,0.0000,0,0,0.0000,0,0.0000,0,0,0,696,0
2392,5.2804,5.7851,0.0010,0.0000,0,0,0.0000,0,0.0000,0,0,0,601,0
2393,2.8706,5.6421,0.0009,0.0000,0,0,0.0000,0,0.0000,0,0,0,601,0
2394,2.8226,10.4918,0.0009,0.0000,0,0,0.0000,0,0.0000,0,0,0,696,0
2395,2.8108,10.4552,0.0006,0.0000,0,0,0.0000,0,0.0000,0,0,0,696,0
2396,5.2804,5.6681,0.0009,0.0000,0,0,0.0000,0,0.0000,0,0,0,601,0
2397,2.8706,5.4989,0.0006,0.0000,0,0,0.0000,0,0.0000,0,0,0,601,0
2398,2.8226,10.3874,0.0010,0.0000,0,0,0.0000,0,0.0000,0,0,0,696,0
2399,2.8108,10.3453,0.0007,0.0000,0,0,0.0000,0,0.0000,0,0,0,696,0
2400,5.2804,5.8840,0.0014,0.0000,0,0,0.0000,0,0.0000,0,0,0,601,0
2401,2.8706,5.6624,0.0090,0.0000,0,0,0.0000,0,0.0000,0,0,0,601,0
2402,2.8226,10.4739,0.0010,0.0000,0,0,0.0000,0,0.0000,0,0,0,696,0
2403,2.8108,10.4503,0.0009,0.0000,0,0,0.0000,0,0.0000,0,0,0,696,0
2404,5.2804,5.7604,0.0024,0.0000,0,0,0.0000,0,0.0000,0,0,0,601,0
2405,2.8706,5.5530,0.0012,0.0000,0,0,0.0000,0,0.0000,0,0,0,601,0
2406,2.8226,11.9957,0.0018,0.0000,0,0,0.0000,0,0.0000,0,0,0,696,0
2407,2.8108,11.9267,0.0010,0.0000,0,0,0.0000,0,0.0000,0,0,0,696,0
2408,5.2804,16.8473,0.0020,0.0000,0,0,0.0000,0,0.0000,0,0,0,601,0
2409,2.8706,15.4322,0.0013,0.0000,0,0,0.0000,0,0.0000,0,0,0,601,0
2410,2.8226,30.0917,0.0013,0.0000,0,0,0.0000,0,0.0000,0,0,0,696,0
2411,2.8108,30.0560,0.0012,0.0000,0,0,0.0000,0,0.0000,0,0,0,696,0
2412,5.2804,15.8927,0.0018,0.0000,0,0,0.0000,0,0.0000,0,0,0,601,0
2413,2.8706,15.6620,0.0018,0.0000,0,0,0.0000,0,0.0000,0,0,0,601,0
2414,2.8226,30.3963,0.0015,0.0000,0,0,0.0000,0,0.0000,0,0,0,696,0
2415,2.8108,30.3382,0.0009,0.0000,0,0,0.0000,0,0.0000,0,0,0,696,0
2416,5.2804,15.7542,0.0014,0.0000,0,0,0.0000,0,0.0000,0,0,0,601,0
2417,2.8706,15.5930,0.0014,0.0000,0,0,0.0000,0,0.0000,0,0,0,601,0
2418,2.8226,30.0906,0.0039,0.0000,0,0,0.0000,0,0.0000,0,0,0,696,0
2419,2.8108,29.9540,0.0013,0.0000,0,0,0.0000,0,0.0000,0,0,0,696,0
2420,5.2804,15.6860,0.0016,0.0000,0,0,0.0000,0,0.0000,0,0,0,601,0
2421,2.8706,15.5828,0.0012,0.0000,0,0,0.0000,0,0.0000,0,0,0,601,0
2422,2.8226,29.9324,0.0018,0.0000,0,0,0.0000,0,0.0000,0,0,0,696,0
2423,2.8108,29.9637,0.0013,0.0000,0,0,0.0000,0,0.0000,0,0,0,696,0
2424,5.2804,15.9257,0.0044,0.0000,0,0,0.0000,0,0.0000,0,0,0,601,0
2425,2.8706,15.6825,0.0021,0.0000,0,0,0.0000,0,0.0000,0,0,0,601,0
2426,2.8226,30.2379,0.0038,0.0000,0,0,0.0000,0,0.0000,0,0,0,696,0
2427,2.8108,30.1359,0.0018,0.0000,0,0,0.0000,0,0.0000,0,0,0,696,0
2428,5.2804,15.5910,0.0034,0.0000,0,0,0.0000,0,0.0000,0,0,0,601,0
2429,2.8706,15.4295,0.0005,0.0000,0,0,0.0000,0,0.0000,0,0,0,601,0
2430,2.8226,30.1213,0.0035,0.0000,0,0,0.0000,0,0.0000,0,0,0,696,0
2431,2.8108,30.0472,0.0021,0.0000,0,0,0.0000,0,0.0000,0,0,0,696,0
2432,5.2804,15.6295,0.0021,0.0000,0,0,0.0000,0,0.0000,0,0,0,601,0
2433,2.8706,15.4826,0.0010,0.0000,0,0,0.0000,0,0.0000,0,0,0,601,0
2434,2.8226,30.0744,0.0017,0.0000,0,0,0.0000,0,0.0000,0,0,0,696,0
2435,2.8108,29.9728,0.0010,0.0000,0,0,0.0000,0,0.0000,0,0,0,696,0
2436,5.2804,15.5666,0.0031,0.0000,0,0,0.0000,0,0.0000,0,0,0,601,0
2437,2.8706,15.4920,0.0014,0.0000,0,0,0.0000,0,0.0000,0,0,0,601,0
2438,2.8226,30.1908,0.0018,0.0000,0,0,0.0000,0,0.0000,0,0,0,696,0
2439,2.8108,30.0680,0.0021,0.0000,0,0,0.0000,0,0.0000,0,0,0,696,0
2440,5.2804,15.9640,0.0018,0.0000,0,0,0.0000,0,0.0000,0,0,0,601,0
2441,2.8706,15.5920,0.0019,0.0000,0,0,0.0000,0,0.0000,0,0,0,601,0
2442,2.8226,30.3638,0.0015,0.0000,0,0,0.0000,0,0.0000,0,0,0,696,0
2443,2.8108,30.2228,0.0008,0.0000,0,0,0.0000,0,0.0000,0,0,0,696,0
2444,5.2804,15.7688,0.0022,0.0000,0,0,0.0000,0,0.0000,0,0,0,601,0
2445,2.8706,15.6310,0.0016,0.0000,0,0,0.0000,0,0.0000,0,0,0,601,0
2446,2.8226,33.1902,0.0072,0.0000,0,0,0.0000,0,0.0000,0,0,0,696,0
2447,2.8108,33.2357,0.0023,0.0000,0,0,0.0000,0,0.0000,0,0,0,696,0
2448,5.2804,16.7872,0.0107,0.0000,0,0,0.0000,0,0.0000,0,0,0,601,0
2449,2.8706,16.0918,0.0107,0.0000,0,0,0.0000,0,0.0000,0,0,0,601,0
2450,2.8226,30.4520,0.0067,0.0000,0,0,0.0000,0,0.0000,0,0,0,696,0
2451,2.8108,30.2504,0.0014,0.0000,0,0,0.0000,0,0.0000,0,0,0,696,0
2452,5.2804,16.1402,0.0054,0.0000,0,0,0.0000,0,0.0000,0,0,0,601,0
2453,2.8706,15.7027,0.0022,0.0000,0,0,0.0000,0,0.0000,0,0,0,601,0
2454,2.8226,30.6350,0.0027,0.0000,0,0,0.0000,0,0.0000,0,0,0,696,0
2455,2.8108,30.5101,0.0009,0.0000,0,0,0.0000,0,0.0000,0,0,0,696,0
2456,5.2804,16.2093,0.0039,0.0000,0,0,0.0000,0,0.0000,0,0,0,601,0
2457,2.8706,17.3485,0.0074,0.0000,0,0,0.0000,0,0.0000,0,0,0,601,0
2458,2.8226,31.4590,0.0078,0.0000,0,0,0.0000,0,0.0000,0,0,0,696,0
2459,2.8108,31.0640,0.0114,0.0000,0,0,0.0000,0,0.0000,0,0,0,696,0
2460,5.2804,16.4745,0.0035,0.0000,0,0,0.0000,0,0.0000,0,0,0,601,0
2461,2.8706,16.0783,0.0013,0.0000,0,0,0.0000,0,0.0000,0,0,0,601,0
2462,2.8226,28.9448,0.0026,0.0000,0,0,0.0000,0,0.0000,0,0,0,696,0
2463,2.8108,29.7178,0.0013,0.0000,0,0,0.0000,0,0.0000,0,0,0,696,0
2464,5.2804,16.0126,0.0018,0.0000,0,0,0.0000,0,0.0000,0,0,0,601,0
2465,2.8706,15.5833,0.0013,0.0000,0,0,0.0000,0,0.0000,0,0,0,601,0
2466,2.8226,30.3498,0.0035,0.0000,0,0,0.0000,0,0.0000,0,0,0,696,0
2467,2.8108,30.2576,0.0016,0.0000,0,0,0.0000,0,0.0000,0,0,0,696,0
2468,5.2804,16.3139,0.0121,0.0000,0,0,0.0000,0,0.0000,0,0,0,601,0
2469,2.8706,16.0426,0.0022,0.0000,0,0,0.0000,0,0.0000,0,0,0,601,0
2470,2.8226,30.2498,0.0028,0.0000,0,0,0.0000,0,0.0000,0,0,0,696,0
2471,2.8108,30.0295,0.0021,0.0000,0,0,0.0000,0,0.0000,0,0,0,696,0
2472,5.2804,16.1412,0.0034,0.0000,0,0,0.0000,0,0.0000,0,0,0,601,0
2473,2.8706,15.7318,0.0033,0.0000,0,0,0.0000,0,0.0000,0,0,0,601,0
2474,2.8226,30.2178,0.0030,0.0000,0,0,0.0000,0,0.0000,0,0,0,696,0
2475,2.8108,30.0839,0.0019,0.0000,0,0,0.0000,0,0.0000,0,0,0,696,0
2476,5.2804,15.8682,0.0023,0.0000,0,0,0.0000,0,0.0000,0,0,0,601,0
2477,2.8706,15.5882,0.0014,0.0000,0,0,0.0000,0,0.0000,0,0,0,601,0
2478,2.8226,30.3020,0.0032,0.0000,0,0,0.0000,0,0.0000,0,0,0,696,0
2479,2.8108,30.1532,0.0010,0.0000,0,0,0.0000,0,0.0000,0,0,0,696,0
2480,5.2804,16.0210,0.0039,0.0000,0,0,0.0000,0,0.0000,0,0,0,601,0
2481,2.8706,15.6625,0.0039,0.0000,0,0,0.0000,0,0.0000,0,0,0,601,0
2482,2.8226,30.3804,0.0047,0.0000,0,0,0.0000,0,0.0000,0,0,0,696,0
2483,2.8108,30.2251,0.0023,0.0000,0,0,0.0000,0,0.0000,0,0,0,696,0
2484,5.2804,16.2206,0.0066,0.0000,0,0,0.0000,0,0.0000,0,0,0,601,0
2485,2.8706,15.7143,0.0059,0.0000,0,0,0.0000,0,0.0000,0,0,0,601,0
2486,2.8226,30.3473,0.0045,0.0000,0,0,0.0000,0,0.0000,0,0,0,696,0
2487,2.8108,30.1299,0.0017,0.0000,0,0,0.0000,0,0.0000,0,0,0,696,0
2488,5.2804,15.7217,0.0035,0.0000,0,0,0.0000,0,0.0000,0,0,0,601,0
2489,2.8706,15.4860,0.0014,0.0000,0,0,0.0000,0,0.0000,0,0,0,601,0
2490,2.8226,29.8979,0.0024,0.0000,0,0,0.0000,0,0.0000,0,0,0,696,0
2491,2.8108,29.8290,0.0015,0.0000,0,0,0.0000,0,0.0000,0,0,0,696,0
2492,5.2804,15.8305,0.0050,0.0000,0,0,0.0000,0,0.0000,0,0,0,601,0
2493,2.8706,15.5275,0.0016,0.0000,0,0,0.0000,0,0.0000,0,0,0,601,0
2494,2.8226,30.3193,0.0031,0.0000,0,0,0.0000,0,0.0000,0,0,0,696,0
2495,2.8108,30.1720,0.0023,0.0000,0,0,0.0000,0,0.0000,0,0,0,696,0
2496,5.2804,16.0119,0.0037,0.0000,0,0,0.0000,0,0.0000,0,0,0,601,0
2497,2.8706,15.6119,0.0033,0.0000,0,0,0.0000,0,0.0000,0,0,0,601,0
2498,2.8226,30.3018,0.0044,0.0000,0,0,0.0000,0,0.0000,0,0,0,696,0
2499,2.8108,30.1062,0.0011,0.0000,0,0,0.0000,0,0.0000,0,0,0,696,0
2500,5.2804,15.9437,0.0033,0.0000,0,0,0.0000,0,0.0000,0,0,0,601,0
2501,2.8706,15.5958,0.0029,0.0000,0,0,0.0000,0,0.0000,0,0,0,601,0
2502,2.8226,30.4401,0.0046,0.0000,0,0,0.0000,0,0.0000,0,0,0,696,0
2503,2.8108,30.3114,0.0018,0.0000,0,0,0.0000,0,0.0000,0,0,0,696,0
2504,5.2804,16.0055,0.0050,0.0000,0,0,0.0000,0,0.0000,0,0,0,601,0
2505,2.8706,15.6106,0.0020,0.0000,0,0,0.0000,0,0.0000,0,0,0,601,0
2506,2.8226,30.2936,0.0035,0.0000,0,0,0.0000,0,0.0000,0,0,0,696,0
2507,2.8108,30.1343,0.0018,0.0000,0,0,0.0000,0,0.0000,0,0,0,696,0
2508,5.2804,16.0918,0.0061,0.0000,0,0,0.0000,0,0.0000,0,0,0,601,0
2509,2.8706,15.6804,0.0027,0.0000,0,0,0.0000,0,0.0000,0,0,0,601,0
2510,2.8226,30.2081,0.0038,0.0000,0,0,0.0000,0,0.0000,0,0,0,696,0
2511,2.8108,30.0811,0.0012,0.0000,0,0,0.0000,0,0.0000,0,0,0,696,0
2512,5.2804,15.7883,0.0028,0.0000,0,0,0.0000,0,0.0000,0,0,0,601,0
2513,2.8706,15.5133,0.0028,0.0000,0,0,0.0000,0,0.0000,0,0,0,601,0
2514,2.8226,30.0249,0.0014,0.0000,0,0,0.0000,0,0.0000,0,0,0,696,0
2515,2.8108,29.9837,0.0008,0.0000,0,0,0.0000,0,0.0000,0,0,0,696,0
2516,5.2804,15.6045,0.0014,0.0000,0,0,0.0000,0,0.0000,0,0,0,601,0
2517,2.8706,15.4545,0.0010,0.0000,0,0,0.0000,0,0.0000,0,0,0,601,0
2518,2.8226,30.2362,0.0010,0.0000,0,0,0.0000,0,0.0000,0,0,0,696,0
2519,2.8108,30.2071,0.0009,0.0000,0,0,0.0000,0,0.0000,0,0,0,696,0
2520,5.2804,42.3707,0.0090,0.0000,0,0,0.0000,0,0.0000,0,1,0,60271,0
2521,2.8706,27.2267,0.0125,0.0000,0,0,0.0000,0,0.0000,0,1,0,43482,0
2522,2.8226,25.3348,0.0158,0.0000,0,0,0.0000,0,0.0000,0,1,0,59828,0
2523,2.8108,25.6769,0.0108,0.0000,0,0,0.0000,0,0.0000,0,1,0,68126,0
2524,5.2804,5.7678,0.0159,0.0000,0,0,0.0000,0,0.0000,0,0,0,16498,0
2525,2.8706,5.6189,0.0020,0.0000,0,0,0.0000,0,0.0000,0,0,0,14403,0
2526,2.8226,10.5320,0.0025,0.0000,0,0,0.0000,0,0.0000,0,0,0,17862,0
2527,2.8108,10.5362,0.0055,0.0000,0,0,0.0000,0,0.0000,0,0,0,17138,0
2528,5.2804,5.7383,0.0027,0.0000,0,0,0.0000,0,0.0000,0,0,0,9226,0
2529,2.8706,5.6395,0.0018,0.0000,0,0,0.0000,0,0.0000,0,0,0,6914,0
2530,2.8226,10.6469,0.0023,0.0000,0,0,0.0000,0,0.0000,0,0,0,11125,0
2531,2.8108,10.6242,0.0015,0.0000,0,0,0.0000,0,0.0000,0,0,0,9621,0
2532,5.2804,5.7668,0.0051,0.0000,0,0,0.0000,0,0.0000,0,0,0,17369,0
2533,2.8706,5.6108,0.0031,0.0000,0,0,0.0000,0,0.0000,0,0,0,16755,0
2534,2.8226,10.5099,0.0033,0.0000,0,0,0.0000,0,0.0000,0,0,0,19658,0
2535,2.8108,10.5015,0.0017,0.0000,0,0,0.0000,0,0.0000,0,0,0,15622,0
2536,5.2804,5.9333,0.0122,0.0000,0,0,0.0000,0,0.0000,0,0,0,23309,0
2537,2.8706,5.6565,0.0030,0.0000,0,0,0.0000,0,0.0000,0,0,0,20346,0
2538,2.8226,10.5636,0.0038,0.0000,0,0,0.0000,0,0.0000,0,0,0,22802,0
2539,2.8108,10.6156,0.0046,0.0000,0,0,0.0000,0,0.0000,0,0,0,21407,0
2540,5.2804,5.7748,0.0036,0.0000,0,0,0.0000,0,0.0000,0,0,0,13027,0
2541,2.8706,5.6453,0.0020,0.0000,0,0,0.0000,0,0.0000,0,0,0,11737,0
2542,2.8226,10.5207,0.0017,0.0000,0,0,0.0000,0,0.0000,0,0,0,12722,0
2543,2.8108,10.4822,0.0022,0.0000,0,0,0.0000,0,0.0000,0,0,0,16214,0
2544,5.2804,5.8874,0.0022,0.0000,0,0,0.0000,0,0.0000,0,0,0,7002,0
2545,2.8706,5.6642,0.0017,0.0000,0,0,0.0000,0,0.0000,0,0,0,5132,0
2546,2.8226,10.5291,0.0025,0.0000,0,0,0.0000,0,0.0000,0,0,0,7491,0
2547,2.8108,10.5101,0.0013,0.0000,0,0,0.0000,0,0.0000,0,0,0,4790,0
2548,5.2804,5.8090,0.0019,0.0000,0,0,0.0000,0,0.0000,0,0,0,3933,0
2549,2.8706,5.6581,0.0011,0.0000,0,0,0.0000,0,0.0000,0,0,0,3799,0
2550,2.8226,10.5240,0.0018,0.0000,0,0,0.0000,0,0.0000,0,0,0,4399,0
2551,2.8108,10.4626,0.0010,0.0000,0,0,0.0000,0,0.0000,0,0,0,3276,0
2552,5.2804,5.7050,0.0019,0.0000,0,0,0.0000,0,0.0000,0,0,0,3260,0
2553,2.8706,5.5945,0.0010,0.0000,0,0,0.0000,0,0.0000,0,0,0,2850,0
2554,2.8226,10.4432,0.0010,0.0000,0,0,0.0000,0,0.0000,0,0,0,3280,0
2555,2.8108,10.4501,0.0010,0.0000,0,0,0.0000,0,0.0000,0,0,0,2761,0
2556,5.2804,5.6730,0.0021,0.0000,0,0,0.0000,0,0.0000,0,0,0,3090,0
2557,2.8706,5.4586,0.0014,0.0000,0,0,0.0000,0,0.0000,0,0,0,2691,0
2558,2.8226,10.4274,0.0015,0.0000,0,0,0.0000,0,0.0000,0,0,0,3020,0
2559,2.8108,10.3712,0.0015,0.0000,0,0,0.0000,0,0.0000,0,0,0,2648,0
2560,5.2804,5.7943,0.0015,0.0000,0,0,0.0000,0,0.0000,0,0,0,2664,0
2561,2.8706,5.5986,0.0012,0.0000,0,0,0.0000,0,0.0000,0,0,0,2213,0
2562,2.8226,10.4227,0.0029,0.0000,0,0,0.0000,0,0.0000,0,0,0,1084,0
2563,2.8108,10.3101,0.0009,0.0000,0,0,0.0000,0,0.0000,0,0,0,2638,0
2564,5.2804,5.7884,0.0020,0.0000,0,0,0.0000,0,0.0000,0,0,0,1673,0
2565,2.8706,5.5230,0.0010,0.0000,0,0,0.0000,0,0.0000,0,0,0,1302,0
2566,2.8226,10.5587,0.0010,0.0000,0,0,0.0000,0,0.0000,0,0,0,959,0
2567,2.8108,10.5403,0.0009,0.0000,0,0,0.0000,0,0.0000,0,0,0,2173,0
2568,5.2804,5.6699,0.0017,0.0000,0,0,0.0000,0,0.0000,0,0,0,1538,0
2569,2.8706,5.5339,0.0010,0.0000,0,0,0.0000,0,0.0000,0,0,0,1107,0
2570,2.8226,10.3268,0.0009,0.0000,0,0,0.0000,0,0.0000,0,0,0,819,0
2571,2.8108,10.3038,0.0008,0.0000,0,0,0.0000,0,0.0000,0,0,0,1668,0
2572,5.2804,5.7004,0.0030,0.0000,0,0,0.0000,0,0.0000,0,0,0,1248,0
2573,2.8706,5.5238,0.0010,0.0000,0,0,0.0000,0,0.0000,0,0,0,944,0
2574,2.8226,10.3685,0.0008,0.0000,0,0,0.0000,0,0.0000,0,0,0,945,0
2575,2.8108,10.3530,0.0011,0.0000,0,0,0.0000,0,0.0000,0,0,0,743,0
2576,5.2804,5.6891,0.0018,0.0000,0,0,0.0000,0,0.0000,0,0,0,1198,0
2577,2.8706,5.5364,0.0015,0.0000,0,0,0.0000,0,0.0000,0,0,0,836,0
2578,2.8226,10.6087,0.0020,0.0000,0,0,0.0000,0,0.0000,0,0,0,1250,0
2579,2.8108,10.5628,0.0011,0.0000,0,0,0.0000,0,0.0000,0,0,0,717,0
2580,5.2804,5.8583,0.0019,0.0000,0,0,0.0000,0,0.0000,0,0,0,1168,0
2581,2.8706,5.6341,0.0008,0.0000,0,0,0.0000,0,0.0000,0,0,0,792,0
2582,2.8226,10.4853,0.0012,0.0000,0,0,0.0000,0,0.0000,0,0,0,1108,0
2583,2.8108,10.4814,0.0010,0.0000,0,0,0.0000,0,0.0000,0,0,0,792,0
2584,5.2804,5.8650,0.0034,0.0000,0,0,0.0000,0,0.0000,0,0,0,1037,0
2585,2.8706,5.6748,0.0015,0.0000,0,0,0.0000,0,0.0000,0,0,0,722,0
2586,2.8226,10.5017,0.0010,0.0000,0,0,0.0000,0,0.0000,0,0,0,1361,0
2587,2.8108,10.4313,0.0009,0.0000,0,0,0.0000,0,0.0000,0,0,0,925,0
2588,5.2804,5.6775,0.0024,0.0000,0,0,0.0000,0,0.0000,0,0,0,987,0
2589,2.8706,5.4696,0.0010,0.0000,0,0,0.0000,0,0.0000,0,0,0,676,0
2590,2.8226,10.7032,0.0047,0.0000,0,0,0.0000,0,0.0000,0,0,0,1198,0
2591,2.8108,10.6603,0.0011,0.0000,0,0,0.0000,0,0.0000,0,0,0,1094,0
2592,5.2804,5.7512,0.0014,0.0000,0,0,0.0000,0,0.0000,0,0,0,879,0
2593,2.8706,5.5647,0.0010,0.0000,0,0,0.0000,0,0.0000,0,0,0,648,0
2594,2.8226,10.4340,0.0015,0.0000,0,0,0.0000,0,0.0000,0,0,0,1117,0
2595,2.8108,10.3420,0.0010,0.0000,0,0,0.0000,0,0.0000,0,0,0,1077,0
2596,5.2804,5.7757,0.0017,0.0000,0,0,0.0000,0,0.0000,0,0,0,746,0
2597,2.8706,5.6217,0.0008,0.0000,0,0,0.0000,0,0.0000,0,0,0,643,0
2598,2.8226,10.4211,0.0009,0.0000,0,0,0.0000,0,0.0000,0,0,0,1064,0
2599,2.8108,10.4147,0.0008,0.0000,0,0,0.0000,0,0.0000,0,0,0,1295,0
2600,5.2804,5.7116,0.0012,0.0000,0,0,0.0000,0,0.0000,0,0,0,687,0
2601,2.8706,5.5790,0.0012,0.0000,0,0,0.0000,0,0.0000,0,0,0,622,0
2602,2.8226,10.4898,0.0012,0.0000,0,0,0.0000,0,0.0000,0,0,0,1368,0
2603,2.8108,10.4573,0.0012,0.0000,0,0,0.0000,0,0.0000,0,0,0,709,0
2604,5.2804,5.7086,0.0012,0.0000,0,0,0.0000,0,0.0000,0,0,0,716,0
2605,2.8706,5.5688,0.0009,0.0000,0,0,0.0000,0,0.0000,0,0,0,620,0
2606,2.8226,10.4220,0.0012,0.0000,0,0,0.0000,0,0.0000,0,0,0,710,0
2607,2.8108,10.3771,0.0101,0.0000,0,0,0.0000,0,0.0000,0,0,0,715,0
2608,5.2804,5.6846,0.0043,0.0000,0,0,0.0000,0,0.0000,0,0,0,717,0
2609,2.8706,5.6155,0.0012,0.0000,0,0,0.0000,0,0.0000,0,0,0,613,0
2610,2.8226,10.4152,0.0011,0.0000,0,0,0.0000,0,0.0000,0,0,0,696,0
2611,2.8108,10.3417,0.0010,0.0000,0,0,0.0000,0,0.0000,0,0,0,724,0
2612,5.2804,5.8625,0.0011,0.0000,0,0,0.0000,0,0.0000,0,0,0,685,0
2613,2.8706,5.6754,0.0007,0.0000,0,0,0.0000,0,0.0000,0,0,0,617,0
2614,2.8226,10.5622,0.0019,0.0000,0,0,0.0000,0,0.0000,0,0,0,755,0
2615,2.8108,10.5082,0.0011,0.0000,0,0,0.0000,0,0.0000,0,0,0,779,0
2616,5.2804,5.7295,0.0022,0.0000,0,0,0.0000,0,0.0000,0,0,0,664,0
2617,2.8706,5.5038,0.0012,0.0000,0,0,0.0000,0,0.0000,0,0,0,622,0
2618,2.8226,10.4365,0.0024,0.0000,0,0,0.0000,0,0.0000,0,0,0,785,0
2619,2.8108,10.3416,0.0013,0.0000,0,0,0.0000,0,0.0000,0,0,0,906,0
2620,5.2804,5.8433,0.0019,0.0000,0,0,0.0000,0,0.0000,0,0,0,636,0
2621,2.8706,5.5884,0.0009,0.0000,0,0,0.0000,0,0.0000,0,0,0,626,0
2622,2.8226,10.3785,0.0021,0.0000,0,0,0.0000,0,0.0000,0,0,0,868,0
2623,2.8108,10.2526,0.0118,0.0000,0,0,0.0000,0,0.0000,0,0,0,830,0
2624,5.2804,5.6846,0.0027,0.0000,0,0,0.0000,0,0.0000,0,0,0,635,0
2625,2.8706,5.5069,0.0010,0.0000,0,0,0.0000,0,0.0000,0,0,0,608,0
2626,2.8226,10.3828,0.0020,0.0000,0,0,0.0000,0,0.0000,0,0,0,801,0
2627,2.8108,10.3000,0.0013,0.0000,0,0,0.0000,0,0.0000,0,0,0,966,0
2628,5.2804,5.6991,0.0017,0.0000,0,0,0.0000,0,0.0000,0,0,0,650,0
2629,2.8706,5.5260,0.0007,0.0000,0,0,0.0000,0,0.0000,0,0,0,606,0
2630,2.8226,10.4125,0.0022,0.0000,0,0,0.0000,0,0.0000,0,0,0,1017,0
2631,2.8108,10.3541,0.0010,0.0000,0,0,0.0000,0,0.0000,0,0,0,705,0
2632,5.2804,5.8077,0.0024,0.0000,0,0,0.0000,0,0.0000,0,0,0,646,0
2633,2.8706,5.6335,0.0008,0.0000,0,0,0.0000,0,0.0000,0,0,0,607,0
2634,2.8226,10.4823,0.0008,0.0000,0,0,0.0000,0,0.0000,0,0,0,933,0
2635,2.8108,10.4293,0.0007,0.0000,0,0,0.0000,0,0.0000,0,0,0,703,0
2636,5.2804,5.8190,0.0015,0.0000,0,0,0.0000,0,0.0000,0,0,0,651,0
2637,2.8706,5.6272,0.0010,0.0000,0,0,0.0000,0,0.0000,0,0,0,609,0
2638,2.8226,10.7775,0.0007,0.0000,0,0,0.0000,0,0.0000,0,0,0,926,0
2639,2.8108,10.7897,0.0007,0.0000,0,0,0.0000,0,0.0000,0,0,0,728,0
2640,5.2804,5.6974,0.0011,0.0000,0,0,0.0000,0,0.0000,0,0,0,638,0
2641,2.8706,5.5327,0.0005,0.0000,0,0,0.0000,0,0.0000,0,0,0,601,0
2642,2.8226,10.4199,0.0010,0.0000,0,0,0.0000,0,0.0000,0,0,0,856,0
2643,2.8108,10.4103,0.0010,0.0000,0,0,0.0000,0,0.0000,0,0,0,752,0
2644,5.2804,5.8805,0.0015,0.0000,0,0,0.0000,0,0.0000,0,0,0,623,0
2645,2.8706,5.6935,0.0009,0.0000,0,0,0.0000,0,0.0000,0,0,0,601,0
2646,2.8226,10.7152,0.0008,0.0000,0,0,0.0000,0,0.0000,0,0,0,1082,0
2647,2.8108,10.7099,0.0009,0.0000,0,0,0.0000,0,0.0000,0,0,0,805,0
2648,5.2804,5.8217,0.0016,0.0000,0,0,0.0000,0,0.0000,0,0,0,626,0
2649,2.8706,5.6636,0.0009,0.0000,0,0,0.0000,0,0.0000,0,0,0,601,0
2650,2.8226,10.6188,0.0013,0.0000,0,0,0.0000,0,0.0000,0,0,0,712,0
2651,2.8108,10.5619,0.0007,0.0000,0,0,0.0000,0,0.0000,0,0,0,775,0
2652,5.2804,5.7027,0.0008,0.0000,0,0,0.0000,0,0.0000,0,0,0,622,0
2653,2.8706,5.5854,0.0006,0.0000,0,0,0.0000,0,0.0000,0,0,0,601,0
2654,2.8226,10.6036,0.0010,0.0000,0,0,0.0000,0,0.0000,0,0,0,709,0
2655,2.8108,10.5306,0.0006,0.0000,0,0,0.0000,0,0.0000,0,0,0,911,0
2656,5.2804,5.6087,0.0025,0.0000,0,0,0.0000,0,0.0000,0,0,0,611,0
2657,2.8706,5.4592,0.0010,0.0000,0,0,0.0000,0,0.0000,0,0,0,601,0
2658,2.8226,10.3282,0.0006,0.0000,0,0,0.0000,0,0.0000,0,0,0,723,0
2659,2.8108,10.3283,0.0008,0.0000,0,0,0.0000,0,0.0000,0,0,0,698,0
2660,5.2804,5.9334,0.0013,0.0000,0,0,0.0000,0,0.0000,0,0,0,618,0
2661,2.8706,5.7295,0.0005,0.0000,0,0,0.0000,0,0.0000,0,0,0,601,0
2662,2.8226,10.8649,0.0011,0.0000,0,0,0.0000,0,0.0000,0,0,0,744,0
2663,2.8108,10.8572,0.0009,0.0000,0,0,0.0000,0,0.0000,0,0,0,696,0
2664,5.2804,5.7274,0.0008,0.0000,0,0,0.0000,0,0.0000,0,0,0,605,0
2665,2.8706,5.5793,0.0005,0.0000,0,0,0.0000,0,0.0000,0,0,0,601,0
2666,2.8226,10.5881,0.0009,0.0000,0,0,0.0000,0,0.0000,0,0,0,786,0
2667,2.8108,10.5782,0.0008,0.0000,0,0,0.0000,0,0.0000,0,0,0,704,0
2668,5.2804,5.8390,0.0007,0.0000,0,0,0.0000,0,0.0000,0,0,0,606,0
2669,2.8706,5.7033,0.0009,0.0000,0,0,0.0000,0,0.0000,0,0,0,601,0
2670,2.8226,10.6072,0.0008,0.0000,0,0,0.0000,0,0.0000,0,0,0,780,0
2671,2.8108,10.6220,0.0007,0.0000,0,0,0.0000,0,0.0000,0,0,0,741,0
2672,5.2804,5.7011,0.0009,0.0000,0,0,0.0000,0,0.0000,0,0,0,605,0
2673,2.8706,5.5731,0.0005,0.0000,0,0,0.0000,0,0.0000,0,0,0,601,0
2674,2.8226,10.6896,0.0009,0.0000,0,0,0.0000,0,0.0000,0,0,0,808,0
2675,2.8108,10.6985,0.0009,0.0000,0,0,0.0000,0,0.0000,0,0,0,758,0
2676,5.2804,5.6764,0.0008,0.0000,0,0,0.0000,0,0.0000,0,0,0,606,0
2677,2.8706,5.6390,0.0008,0.0000,0,0,0.0000,0,0.0000,0,0,0,601,0
2678,2.8226,10.5004,0.0009,0.0000,0,0,0.0000,0,0.0000,0,0,0,795,0
2679,2.8108,10.4768,0.0010,0.0000,0,0,0.0000,0,0.0000,0,0,0,738,0
2680,5.2804,5.7976,0.0010,0.0000,0,0,0.0000,0,0.0000,0,0,0,601,0
2681,2.8706,5.6205,0.0005,0.0000,0,0,0.0000,0,0.0000,0,0,0,601,0
2682,2.8226,10.5252,0.0008,0.0000,0,0,0.0000,0,0.0000,0,0,0,771,0
2683,2.8108,10.4377,0.0009,0.0000,0,0,0.0000,0,0.0000,0,0,0,836,0
2684,5.2804,5.6988,0.0008,0.0000,0,0,0.0000,0,0.0000,0,0,0,601,0
2685,2.8706,5.5484,0.0006,0.0000,0,0,0.0000,0,0.0000,0,0,0,601,0
2686,2.8226,10.5225,0.0013,0.0000,0,0,0.0000,0,0.0000,0,0,0,779,0
2687,2.8108,10.4853,0.0010,0.0000,0,0,0.0000,0,0.0000,0,0,0,698,0
2688,5.2804,5.6549,0.0017,0.0000,0,0,0.0000,0,0.0000,0,0,0,601,0
2689,2.8706,5.5261,0.0006,0.0000,0,0,0.0000,0,0.0000,0,0,0,601,0
2690,2.8226,10.5463,0.0010,0.0000,0,0,0.0000,0,0.0000,0,0,0,967,0
2691,2.8108,10.5164,0.0009,0.0000,0,0,0.0000,0,0.0000,0,0,0,696,0
2692,5.2804,5.7431,0.0011,0.0000,0,0,0.0000,0,0.0000,0,0,0,601,0
2693,2.8706,5.6570,0.0007,0.0000,0,0,0.0000,0,0.0000,0,0,0,601,0
2694,2.8226,10.4410,0.0007,0.0000,0,0,0.0000,0,0.0000,0,0,0,710,0
2695,2.8108,10.4984,0.0008,0.0000,0,0,0.0000,0,0.0000,0,0,0,700,0
2696,5.2804,5.8198,0.0008,0.0000,0,0,0.0000,0,0.0000,0,0,0,601,0
2697,2.8706,5.6592,0.0006,0.0000,0,0,0.0000,0,0.0000,0,0,0,601,0
2698,2.8226,10.6458,0.0008,0.0000,0,0,0.0000,0,0.0000,0,0,0,703,0
2699,2.8108,10.6560,0.0008,0.0000,0,0,0.0000,0,0.0000,0,0,0,721,0
2700,5.2804,5.6998,0.0010,0.0000,0,0,0.0000,0,0.0000,0,0,0,601,0
2701,2.8706,5.6370,0.0010,0.0000,0,0,0.0000,0,0.0000,0,0,0,601,0
2702,2.8226,10.5434,0.0009,0.0000,0,0,0.0000,0,0.0000,0,0,0,708,0
2703,2.8108,10.5447,0.0009,0.0000,0,0,0.0000,0,0.0000,0,0,0,783,0
2704,5.2804,5.8540,0.0008,0.0000,0,0,0.0000,0,0.0000,0,0,0,601,0
2705,2.8706,5.7012,0.0008,0.0000,0,0,0.0000,0,0.0000,0,0,0,601,0
2706,2.8226,10.6054,0.0011,0.0000,0,0,0.0000,0,0.0000,0,0,0,751,0
2707,2.8108,10.5817,0.0012,0.0000,0,0,0.0000,0,0.0000,0,0,0,755,0
2708,5.2804,5.7696,0.0009,0.0000,0,0,0.0000,0,0.0000,0,0,0,601,0
2709,2.8706,5.6665,0.0011,0.0000,0,0,0.0000,0,0.0000,0,0,0,601,0
2710,2.8226,10.5612,0.0010,0.0000,0,0,0.0000,0,0.0000,0,0,0,762,0
2711,2.8108,10.5291,0.0012,0.0000,0,0,0.0000,0,0.0000,0,0,0,801,0
2712,5.2804,5.6324,0.0010,0.0000,0,0,0.0000,0,0.0000,0,0,0,601,0
2713,2.8706,5.5193,0.0008,0.0000,0,0,0.0000,0,0.0000,0,0,0,601,0
2714,2.8226,10.4497,0.0010,0.0000,0,0,0.0000,0,0.0000,0,0,0,747,0
2715,2.8108,10.4204,0.0010,0.0000,0,0,0.0000,0,0.0000,0,0,0,696,0
2716,5.2804,5.7606,0.0013,0.0000,0,0,0.0000,0,0.0000,0,0,0,601,0
2717,2.8706,5.5724,0.0009,0.0000,0,0,0.0000,0,0.0000,0,0,0,601,0
2718,2.8226,10.4314,0.0020,0.0000,0,0,0.0000,0,0.0000,0,0,0,830,0
2719,2.8108,10.3245,0.0012,0.0000,0,0,0.0000,0,0.0000,0,0,0,701,0
2720,5.2804,5.7944,0.0018,0.0000,0,0,0.0000,0,0.0000,0,0,0,601,0
2721,2.8706,5.5154,0.0010,0.0000,0,0,0.0000,0,0.0000,0,0,0,601,0
2722,2.8226,10.4054,0.0017,0.0000,0,0,0.0000,0,0.0000,0,0,0,769,0
2723,2.8108,10.3618,0.0012,0.0000,0,0,0.0000,0,0.0000,0,0,0,696,0
2724,5.2804,5.8144,0.0013,0.0000,0,0,0.0000,0,0.0000,0,0,0,601,0
2725,2.8706,5.5276,0.0007,0.0000,0,0,0.0000,0,0.0000,0,0,0,601,0
2726,2.8226,10.5027,0.0013,0.0000,0,0,0.0000,0,0.0000,0,0,0,728,0
2727,2.8108,10.4518,0.0010,0.0000,0,0,0.0000,0,0.0000,0,0,0,717,0
2728,5.2804,5.6433,0.0010,0.0000,0,0,0.0000,0,0.0000,0,0,0,601,0
2729,2.8706,5.4592,0.0011,0.0000,0,0,0.0000,0,0.0000,0,0,0,601,0
2730,2.8226,10.3091,0.0009,0.0000,0,0,0.0000,0,0.0000,0,0,0,726,0
2731,2.8108,10.2720,0.0011,0.0000,0,0,0.0000,0,0.0000,0,0,0,731,0
2732,5.2804,5.6457,0.0010,0.0000,0,0,0.0000,0,0.0000,0,0,0,601,0
2733,2.8706,5.4942,0.0009,0.0000,0,0,0.0000,0,0.0000,0,0,0,601,0
2734,2.8226,10.2879,0.0013,0.0000,0,0,0.0000,0,0.0000,0,0,0,833,0
2735,2.8108,10.2353,0.0013,0.0000,0,0,0.0000,0,0.0000,0,0,0,722,0
2736,5.2804,5.7292,0.0015,0.0000,0,0,0.0000,0,0.0000,0,0,0,601,0
2737,2.8706,5.5373,0.0011,0.0000,0,0,0.0000,0,0.0000,0,0,0,601,0
2738,2.8226,10.5378,0.0015,0.0000,0,0,0.0000,0,0.0000,0,0,0,696,0
2739,2.8108,10.4993,0.0012,0.0000,0,0,0.0000,0,0.0000,0,0,0,758,0
2740,5.2804,5.7163,0.0013,0.0000,0,0,0.0000,0,0.0000,0,0,0,601,0
2741,2.8706,5.6311,0.0010,0.0000,0,0,0.0000,0,0.0000,0,0,0,601,0
2742,2.8226,10.2994,0.0012,0.0000,0,0,0.0000,0,0.0000,0,0,0,696,0
2743,2.8108,10.2695,0.0011,0.0000,0,0,0.0000,0,0.0000,0,0,0,696,0
2744,5.2804,5.6611,0.0020,0.0000,0,0,0.0000,0,0.0000,0,0,0,601,0
2745,2.8706,5.5135,0.0011,0.0000,0,0,0.0000,0,0.0000,0,0,0,601,0
2746,2.8226,10.3274,0.0015,0.0000,0,0,0.0000,0,0.0000,0,0,0,696,0
2747,2.8108,10.2740,0.0013,0.0000,0,0,0.0000,0,0.0000,0,0,0,705,0
2748,5.2804,5.7378,0.0076,0.0000,0,0,0.0000,0,0.0000,0,0,0,601,0
2749,2.8706,5.6137,0.0011,0.0000,0,0,0.0000,0,0.0000,0,0,0,601,0
2750,2.8226,10.2822,0.0009,0.0000,0,0,0.0000,0,0.0000,0,0,0,696,0
2751,2.8108,10.2195,0.0012,0.0000,0,0,0.0000,0,0.0000,0,0,0,707,0
2752,5.2804,5.8208,0.0019,0.0000,0,0,0.0000,0,0.0000,0,0,0,601,0
2753,2.8706,5.5325,0.0010,0.0000,0,0,0.0000,0,0.0000,0,0,0,601,0
2754,2.8226,10.3540,0.0011,0.0000,0,0,0.0000,0,0.0000,0,0,0,701,0
2755,2.8108,10.3266,0.0010,0.0000,0,0,0.0000,0,0.0000,0,0,0,707,0
2756,5.2804,5.6715,0.0011,0.0000,0,0,0.0000,0,0.0000,0,0,0,601,0
2757,2.8706,5.5152,0.0008,0.0000,0,0,0.0000,0,0.0000,0,0,0,601,0
2758,2.8226,10.3120,0.0010,0.0000,0,0,0.0000,0,0.0000,0,0,0,703,0
2759,2.8108,10.3205,0.0012,0.0000,0,0,0.0000,0,0.0000,0,0,0,736,0
2760,5.2804,5.6337,0.0012,0.0000,0,0,0.0000,0,0.0000,0,0,0,601,0
2761,2.8706,5.4995,0.0010,0.0000,0,0,0.0000,0,0.0000,0,0,0,601,0
2762,2.8226,10.3698,0.0010,0.0000,0,0,0.0000,0,0.0000,0,0,0,716,0
2763,2.8108,10.3435,0.0007,0.0000,0,0,0.0000,0,0.0000,0,0,0,719,0
2764,5.2804,5.5906,0.0008,0.0000,0,0,0.0000,0,0.0000,0,0,0,601,0
2765,2.8706,5.5028,0.0008,0.0000,0,0,0.0000,0,0.0000,0,0,0,601,0
2766,2.8226,10.3414,0.0008,0.0000,0,0,0.0000,0,0.0000,0,0,0,714,0
2767,2.8108,10.3240,0.0008,0.0000,0,0,0.0000,0,0.0000,0,0,0,775,0
2768,5.2804,5.8050,0.0014,0.0000,0,0,0.0000,0,0.0000,0,0,0,601,0
2769,2.8706,5.6385,0.0007,0.0000,0,0,0.0000,0,0.0000,0,0,0,601,0
2770,2.8226,10.4597,0.0010,0.0000,0,0,0.0000,0,0.0000,0,0,0,717,0
2771,2.8108,10.4595,0.0012,0.0000,0,0,0.0000,0,0.0000,0,0,0,701,0
2772,5.2804,5.6931,0.0010,0.0000,0,0,0.0000,0,0.0000,0,0,0,601,0
2773,2.8706,5.5770,0.0013,0.0000,0,0,0.0000,0,0.0000,0,0,0,601,0
2774,2.8226,10.5644,0.0009,0.0000,0,0,0.0000,0,0.0000,0,0,0,711,0
2775,2.8108,10.5286,0.0009,0.0000,0,0,0.0000,0,0.0000,0,0,0,701,0
2776,5.2804,5.6406,0.0010,0.0000,0,0,0.0000,0,0.0000,0,0,0,601,0
2777,2.8706,5.5491,0.0011,0.0000,0,0,0.0000,0,0.0000,0,0,0,601,0
2778,2.8226,10.3470,0.0013,0.0000,0,0,0.0000,0,0.0000,0,0,0,763,0
2779,2.8108,10.3196,0.0012,0.0000,0,0,0.0000,0,0.0000,0,0,0,701,0
2780,5.2804,5.7348,0.0010,0.0000,0,0,0.0000,0,0.0000,0,0,0,601,0
2781,2.8706,5.5831,0.0009,0.0000,0,0,0.0000,0,0.0000,0,0,0,601,0
2782,2.8226,10.4429,0.0010,0.0000,0,0,0.0000,0,0.0000,0,0,0,696,0
2783,2.8108,10.4022,0.0016,0.0000,0,0,0.0000,0,0.0000,0,0,0,715,0
2784,5.2804,5.7926,0.0011,0.0000,0,0,0.0000,0,0.0000,0,0,0,601,0
2785,2.8706,5.6222,0.0013,0.0000,0,0,0.0000,0,0.0000,0,0,0,601,0
2786,2.8226,10.5573,0.0012,0.0000,0,0,0.0000,0,0.0000,0,0,0,696,0
2787,2.8108,10.5373,0.0019,0.0000,0,0,0.0000,0,0.0000,0,0,0,726,0
2788,5.2804,5.7603,0.0020,0.0000,0,0,0.0000,0,0.0000,0,0,0,601,0
2789,2.8706,5.7201,0.0047,0.0000,0,0,0.0000,0,0.0000,0,0,0,601,0
2790,2.8226,10.3888,0.0017,0.0000,0,0,0.0000,0,0.0000,0,0,0,696,0
2791,2.8108,10.3061,0.0010,0.0000,0,0,0.0000,0,0.0000,0,0,0,714,0
2792,5.2804,5.8312,0.0009,0.0000,0,0,0.0000,0,0.0000,0,0,0,601,0
2793,2.8706,5.5972,0.0011,0.0000,0,0,0.0000,0,0.0000,0,0,0,601,0
2794,2.8226,10.3559,0.0009,0.0000,0,0,0.0000,0,0.0000,0,0,0,696,0
2795,2.8108,10.3208,0.0020,0.0000,0,0,0.0000,0,0.0000,0,0,0,789,0
2796,5.2804,5.6682,0.0010,0.0000,0,0,0.0000,0,0.0000,0,0,0,601,0
2797,2.8706,5.5676,0.0011,0.0000,0,0,0.0000,0,0.0000,0,0,0,601,0
2798,2.8226,10.4430,0.0010,0.0000,0,0,0.0000,0,0.0000,0,0,0,717,0
2799,2.8108,10.4192,0.0010,0.0000,0,0,0.0000,0,0.0000,0,0,0,703,0
2800,5.2804,5.7256,0.0010,0.0000,0,0,0.0000,0,0.0000,0,0,0,601,0
2801,2.8706,5.5404,0.0012,0.0000,0,0,0.0000,0,0.0000,0,0,0,601,0
2802,2.8226,10.3875,0.0013,0.0000,0,0,0.0000,0,0.0000,0,0,0,716,0
2803,2.8108,10.3887,0.0019,0.0000,0,0,0.0000,0,0.0000,0,0,0,705,0
2804,5.2804,5.7204,0.0011,0.0000,0,0,0.0000,0,0.0000,0,0,0,601,0
2805,2.8706,5.5739,0.0012,0.0000,0,0,0.0000,0,0.0000,0,0,0,601,0
2806,2.8226,10.3334,0.0017,0.0000,0,0,0.0000,0,0.0000,0,0,0,745,0
2807,2.8108,10.2901,0.0011,0.0000,0,0,0.0000,0,0.0000,0,0,0,700,0
2808,5.2804,5.6720,0.0015,0.0000,0,0,0.0000,0,0.0000,0,0,0,601,0
2809,2.8706,5.5680,0.0014,0.0000,0,0,0.0000,0,0.0000,0,0,0,601,0
2810,2.8226,10.3453,0.0013,0.0000,0,0,0.0000,0,0.0000,0,0,0,737,0
2811,2.8108,10.2977,0.0010,0.0000,0,0,0.0000,0,0.0000,0,0,0,706,0
2812,5.2804,5.8098,0.0012,0.0000,0,0,0.0000,0,0.0000,0,0,0,601,0
2813,2.8706,5.6447,0.0014,0.0000,0,0,0.0000,0,0.0000,0,0,0,601,0
2814,2.8226,10.5022,0.0014,0.0000,0,0,0.0000,0,0.0000,0,0,0,718,0
2815,2.8108,10.4227,0.0018,0.0000,0,0,0.0000,0,0.0000,0,0,0,723,0
2816,5.2804,5.9045,0.0049,0.0000,0,0,0.0000,0,0.0000,0,0,0,601,0
2817,2.8706,5.7108,0.0019,0.0000,0,0,0.0000,0,0.0000,0,0,0,601,0
2818,2.8226,10.4864,0.0013,0.0000,0,0,0.0000,0,0.0000,0,0,0,719,0
2819,2.8108,10.4303,0.0016,0.0000,0,0,0.0000,0,0.0000,0,0,0,714,0
2820,5.2804,5.9400,0.0026,0.0000,0,0,0.0000,0,0.0000,0,0,0,601,0
2821,2.8706,5.6318,0.0025,0.0000,0,0,0.0000,0,0.0000,0,0,0,601,0
2822,2.8226,10.5579,0.0017,0.0000,0,0,0.0000,0,0.0000,0,0,0,747,0
2823,2.8108,10.5100,0.0018,0.0000,0,0,0.0000,0,0.0000,0,0,0,769,0
2824,5.2804,5.9323,0.0012,0.0000,0,0,0.0000,0,0.0000,0,0,0,601,0
2825,2.8706,5.5445,0.0012,0.0000,0,0,0.0000,0,0.0000,0,0,0,601,0
2826,2.8226,10.6512,0.0012,0.0000,0,0,0.0000,0,0.0000,0,0,0,696,0
2827,2.8108,10.5902,0.0011,0.0000,0,0,0.0000,0,0.0000,0,0,0,704,0
2828,5.2804,5.7395,0.0012,0.0000,0,0,0.0000,0,0.0000,0,0,0,601,0
2829,2.8706,5.6022,0.0011,0.0000,0,0,0.0000,0,0.0000,0,0,0,601,0
2830,2.8226,10.4766,0.0012,0.0000,0,0,0.0000,0,0.0000,0,0,0,696,0
2831,2.8108,10.4494,0.0011,0.0000,0,0,0.0000,0,0.0000,0,0,0,707,0
2832,5.2804,5.6681,0.0014,0.0000,0,0,0.0000,0,0.0000,0,0,0,601,0
2833,2.8706,5.4655,0.0008,0.0000,0,0,0.0000,0,0.0000,0,0,0,601,0
2834,2.8226,10.3631,0.0013,0.0000,0,0,0.0000,0,0.0000,0,0,0,696,0
2835,2.8108,10.3114,0.0010,0.0000,0,0,0.0000,0,0.0000,0,0,0,714,0
2836,5.2804,5.7808,0.0012,0.0000,0,0,0.0000,0,0.0000,0,0,0,601,0
2837,2.8706,5.5710,0.0008,0.0000,0,0,0.0000,0,0.0000,0,0,0,601,0
2838,2.8226,10.3704,0.0013,0.0000,0,0,0.0000,0,0.0000,0,0,0,696,0
2839,2.8108,10.2801,0.0010,0.0000,0,0,0.0000,0,0.0000,0,0,0,709,0
2840,5.2804,5.7928,0.0017,0.0000,0,0,0.0000,0,0.0000,0,0,0,601,0
2841,2.8706,5.6295,0.0014,0.0000,0,0,0.0000,0,0.0000,0,0,0,601,0
2842,2.8226,10.5054,0.0014,0.0000,0,0,0.0000,0,0.0000,0,0,0,696,0
2843,2.8108,10.4668,0.0015,0.0000,0,0,0.0000,0,0.0000,0,0,0,732,0
2844,5.2804,5.8918,0.0015,0.0000,0,0,0.0000,0,0.0000,0,0,0,601,0
2845,2.8706,5.6930,0.0025,0.0000,0,0,0.0000,0,0.0000,0,0,0,601,0
2846,2.8226,10.4663,0.0013,0.0000,0,0,0.0000,0,0.0000,0,0,0,696,0
2847,2.8108,10.3751,0.0011,0.0000,0,0,0.0000,0,0.0000,0,0,0,719,0
2848,5.2804,5.7662,0.0014,0.0000,0,0,0.0000,0,0.0000,0,0,0,601,0
2849,2.8706,5.6110,0.0010,0.0000,0,0,0.0000,0,0.0000,0,0,0,601,0
2850,2.8226,10.4064,0.0017,0.0000,0,0,0.0000,0,0.0000,0,0,0,708,0
2851,2.8108,10.3618,0.0018,0.0000,0,0,0.0000,0,0.0000,0,0,0,751,0
2852,5.2804,5.7846,0.0017,0.0000,0,0,0.0000,0,0.0000,0,0,0,601,0
2853,2.8706,5.6804,0.0015,0.0000,0,0,0.0000,0,0.0000,0,0,0,601,0
2854,2.8226,10.3428,0.0016,0.0000,0,0,0.0000,0,0.0000,0,0,0,708,0
2855,2.8108,10.2847,0.0018,0.0000,0,0,0.0000,0,0.0000,0,0,0,696,0
2856,5.2804,6.1697,0.0061,0.0000,0,0,0.0000,0,0.0000,0,0,0,601,0
2857,2.8706,5.8664,0.0061,0.0000,0,0,0.0000,0,0.0000,0,0,0,601,0
2858,2.8226,10.4475,0.0018,0.0000,0,0,0.0000,0,0.0000,0,0,0,706,0
2859,2.8108,10.3085,0.0011,0.0000,0,0,0.0000,0,0.0000,0,0,0,701,0
2860,5.2804,6.0560,0.0028,0.0000,0,0,0.0000,0,0.0000,0,0,0,601,0
2861,2.8706,5.7271,0.0021,0.0000,0,0,0.0000,0,0.0000,0,0,0,601,0
2862,2.8226,10.6448,0.0018,0.0000,0,0,0.0000,0,0.0000,0,0,0,707,0
2863,2.8108,10.5360,0.0012,0.0000,0,0,0.0000,0,0.0000,0,0,0,703,0
2864,5.2804,5.9258,0.0013,0.0000,0,0,0.0000,0,0.0000,0,0,0,601,0
2865,2.8706,5.6335,0.0007,0.0000,0,0,0.0000,0,0.0000,0,0,0,601,0
2866,2.8226,10.5635,0.0010,0.0000,0,0,0.0000,0,0.0000,0,0,0,723,0
2867,2.8108,10.5243,0.0011,0.0000,0,0,0.0000,0,0.0000,0,0,0,707,0
2868,5.2804,5.8238,0.0028,0.0000,0,0,0.0000,0,0.0000,0,0,0,601,0
2869,2.8706,5.6295,0.0010,0.0000,0,0,0.0000,0,0.0000,0,0,0,601,0
2870,2.8226,10.6788,0.0014,0.0000,0,0,0.0000,0,0.0000,0,0,0,696,0
2871,2.8108,10.5366,0.0009,0.0000,0,0,0.0000,0,0.0000,0,0,0,708,0
2872,5.2804,6.0412,0.0026,0.0000,0,0,0.0000,0,0.0000,0,0,0,601,0
2873,2.8706,5.7702,0.0018,0.0000,0,0,0.0000,0,0.0000,0,0,0,601,0
2874,2.8226,10.8070,0.0035,0.0000,0,0,0.0000,0,0.0000,0,0,0,696,0
2875,2.8108,10.7662,0.0015,0.0000,0,0,0.0000,0,0.0000,0,0,0,712,0
2876,5.2804,5.8325,0.0009,0.0000,0,0,0.0000,0,0.0000,0,0,0,601,0
2877,2.8706,5.5883,0.0008,0.0000,0,0,0.0000,0,0.0000,0,0,0,601,0
2878,2.8226,10.4685,0.0013,0.0000,0,0,0.0000,0,0.0000,0,0,0,696,0
2879,2.8108,10.3799,0.0015,0.0000,0,0,0.0000,0,0.0000,0,0,0,754,0
2880,5.2804,5.8970,0.0049,0.0000,0,0,0.0000,0,0.0000,0,0,0,601,0
2881,2.8706,5.6410,0.0050,0.0000,0,0,0.0000,0,0.0000,0,0,0,601,0
2882,2.8226,11.1412,0.0016,0.0000,0,0,0.0000,0,0.0000,0,0,0,696,0
2883,2.8108,10.8657,0.0008,0.0000,0,0,0.0000,0,0.0000,0,0,0,696,0
2884,5.2804,6.1252,0.0041,0.0000,0,0,0.0000,0,0.0000,0,0,0,601,0
2885,2.8706,5.7996,0.0010,0.0000,0,0,0.0000,0,0.0000,0,0,0,601,0
2886,2.8226,10.9014,0.0033,0.0000,0,0,0.0000,0,0.0000,0,0,0,701,0
2887,2.8108,10.8072,0.0033,0.0000,0,0,0.0000,0,0.0000,0,0,0,706,0
2888,5.2804,6.1898,0.0038,0.0000,0,0,0.0000,0,0.0000,0,0,0,601,0
2889,2.8706,5.8884,0.0038,0.0000,0,0,0.0000,0,0.0000,0,0,0,601,0
2890,2.8226,10.7086,0.0015,0.0000,0,0,0.0000,0,0.0000,0,0,0,696,0
2891,2.8108,10.5604,0.0015,0.0000,0,0,0.0000,0,0.0000,0,0,0,700,0
2892,5.2804,6.0378,0.0030,0.0000,0,0,0.0000,0,0.0000,0,0,0,601,0
2893,2.8706,5.7307,0.0007,0.0000,0,0,0.0000,0,0.0000,0,0,0,601,0
2894,2.8226,10.6305,0.0020,0.0000,0,0,0.0000,0,0.0000,0,0,0,707,0
2895,2.8108,10.5394,0.0010,0.0000,0,0,0.0000,0,0.0000,0,0,0,704,0
2896,5.2804,5.7879,0.0020,0.0000,0,0,0.0000,0,0.0000,0,0,0,601,0
2897,2.8706,5.5265,0.0009,0.0000,0,0,0.0000,0,0.0000,0,0,0,601,0
2898,2.8226,10.5695,0.0027,0.0000,0,0,0.0000,0,0.0000,0,0,0,701,0
2899,2.8108,10.4567,0.0010,0.0000,0,0,0.0000,0,0.0000,0,0,0,715,0
2900,5.2804,5.7660,0.0017,0.0000,0,0,0.0000,0,0.0000,0,0,0,601,0
2901,2.8706,5.5295,0.0009,0.0000,0,0,0.0000,0,0.0000,0,0,0,601,0
2902,2.8226,10.4799,0.0020,0.0000,0,0,0.0000,0,0.0000,0,0,0,702,0
2903,2.8108,10.4491,0.0005,0.0000,0,0,0.0000,0,0.0000,0,0,0,700,0
2904,5.2804,5.9637,0.0052,0.0000,0,0,0.0000,0,0.0000,0,0,0,601,0
2905,2.8706,5.6779,0.0053,0.0000,0,0,0.0000,0,0.0000,0,0,0,601,0
2906,2.8226,10.6247,0.0021,0.0000,0,0,0.0000,0,0.0000,0,0,0,711,0
2907,2.8108,10.5760,0.0010,0.0000,0,0,0.0000,0,0.0000,0,0,0,764,0
2908,5.2804,5.7359,0.0026,0.0000,0,0,0.0000,0,0.0000,0,0,0,601,0
2909,2.8706,5.5715,0.0014,0.0000,0,0,0.0000,0,0.0000,0,0,0,601,0
2910,2.8226,10.6883,0.0039,0.0000,0,0,0.0000,0,0.0000,0,0,0,722,0
2911,2.8108,10.6063,0.0010,0.0000,0,0,0.0000,0,0.0000,0,0,0,696,0
2912,5.2804,5.7646,0.0024,0.0000,0,0,0.0000,0,0.0000,0,0,0,601,0
2913,2.8706,5.4792,0.0021,0.0000,0,0,0.0000,0,0.0000,0,0,0,601,0
2914,2.8226,10.3909,0.0019,0.0000,0,0,0.0000,0,0.0000,0,0,0,696,0
2915,2.8108,10.3587,0.0008,0.0000,0,0,0.0000,0,0.0000,0,0,0,696,0
2916,5.2804,5.9397,0.0036,0.0000,0,0,0.0000,0,0.0000,0,0,0,601,0
2917,2.8706,5.6431,0.0018,0.0000,0,0,0.0000,0,0.0000,0,0,0,601,0
2918,2.8226,10.5716,0.0026,0.0000,0,0,0.0000,0,0.0000,0,0,0,696,0
2919,2.8108,10.5103,0.0006,0.0000,0,0,0.0000,0,0.0000,0,0,0,696,0
2920,5.2804,5.7848,0.0025,0.0000,0,0,0.0000,0,0.0000,0,0,0,601,0
2921,2.8706,5.5425,0.0010,0.0000,0,0,0.0000,0,0.0000,0,0,0,601,0
2922,2.8226,10.4909,0.0029,0.0000,0,0,0.0000,0,0.0000,0,0,0,696,0
2923,2.8108,10.4080,0.0011,0.0000,0,0,0.0000,0,0.0000,0,0,0,700,0
2924,5.2804,5.9430,0.0027,0.0000,0,0,0.0000,0,0.0000,0,0,0,601,0
2925,2.8706,5.6918,0.0010,0.0000,0,0,0.0000,0,0.0000,0,0,0,601,0
2926,2.8226,10.6549,0.0014,0.0000,0,0,0.0000,0,0.0000,0,0,0,705,0
2927,2.8108,10.6340,0.0011,0.0000,0,0,0.0000,0,0.0000,0,0,0,702,0
2928,5.2804,5.9308,0.0028,0.0000,0,0,0.0000,0,0.0000,0,0,0,601,0
2929,2.8706,5.7052,0.0009,0.0000,0,0,0.0000,0,0.0000,0,0,0,601,0
2930,2.8226,10.5843,0.0021,0.0000,0,0,0.0000,0,0.0000,0,0,0,708,0
2931,2.8108,10.5502,0.0008,0.0000,0,0,0.0000,0,0.0000,0,0,0,706,0
2932,5.2804,5.9963,0.0042,0.0000,0,0,0.0000,0,0.0000,0,0,0,601,0
2933,2.8706,5.7227,0.0010,0.0000,0,0,0.0000,0,0.0000,0,0,0,601,0
2934,2.8226,10.7203,0.0028,0.0000,0,0,0.0000,0,0.0000,0,0,0,707,0
2935,2.8108,10.6366,0.0011,0.0000,0,0,0.0000,0,0.0000,0,0,0,721,0
2936,5.2804,5.9550,0.0030,0.0000,0,0,0.0000,0,0.0000,0,0,0,601,0
2937,2.8706,5.6315,0.0012,0.0000,0,0,0.0000,0,0.0000,0,0,0,601,0
2938,2.8226,10.6009,0.0021,0.0000,0,0,0.0000,0,0.0000,0,0,0,708,0
2939,2.8108,10.5628,0.0007,0.0000,0,0,0.0000,0,0.0000,0,0,0,696,0
2940,5.2804,6.2193,0.0048,0.0000,0,0,0.0000,0,0.0000,0,0,0,601,0
2941,2.8706,5.8717,0.0047,0.0000,0,0,0.0000,0,0.0000,0,0,0,601,0
2942,2.8226,10.7570,0.0036,0.0000,0,0,0.0000,0,0.0000,0,0,0,706,0
2943,2.8108,10.6614,0.0005,0.0000,0,0,0.0000,0,0.0000,0,0,0,696,0
2944,5.2804,5.9355,0.0030,0.0000,0,0,0.0000,0,0.0000,0,0,0,601,0
2945,2.8706,5.6731,0.0010,0.0000,0,0,0.0000,0,0.0000,0,0,0,601,0
2946,2.8226,10.6393,0.0184,0.0000,0,0,0.0000,0,0.0000,0,0,0,711,0
2947,2.8108,10.5625,0.0008,0.0000,0,0,0.0000,0,0.0000,0,0,0,696,0
2948,5.2804,5.9673,0.0029,0.0000,0,0,0.0000,0,0.0000,0,0,0,601,0
2949,2.8706,5.6905,0.0010,0.0000,0,0,0.0000,0,0.0000,0,0,0,601,0
2950,2.8226,10.6410,0.0022,0.0000,0,0,0.0000,0,0.0000,0,0,0,706,0
2951,2.8108,10.6412,0.0008,0.0000,0,0,0.0000,0,0.0000,0,0,0,702,0
2952,5.2804,5.8293,0.0027,0.0000,0,0,0.0000,0,0.0000,0,0,0,601,0
2953,2.8706,5.5854,0.0013,0.0000,0,0,0.0000,0,0.0000,0,0,0,601,0
2954,2.8226,10.5158,0.0030,0.0000,0,0,0.0000,0,0.0000,0,0,0,748,0
2955,2.8108,10.4633,0.0019,0.0000,0,0,0.0000,0,0.0000,0,0,0,702,0
2956,5.2804,5.9014,0.0029,0.0000,0,0,0.0000,0,0.0000,0,0,0,601,0
2957,2.8706,5.6650,0.0015,0.0000,0,0,0.0000,0,0.0000,0,0,0,601,0
2958,2.8226,10.7133,0.0020,0.0000,0,0,0.0000,0,0.0000,0,0,0,696,0
2959,2.8108,10.6903,0.0010,0.0000,0,0,0.0000,0,0.0000,0,0,0,702,0
2960,5.2804,5.8948,0.0015,0.0000,0,0,0.0000,0,0.0000,0,0,0,601,0
2961,2.8706,5.7273,0.0010,0.0000,0,0,0.0000,0,0.0000,0,0,0,601,0
2962,2.8226,10.6523,0.0013,0.0000,0,0,0.0000,0,0.0000,0,0,0,696,0
2963,2.8108,10.6148,0.0011,0.0000,0,0,0.0000,0,0.0000,0,0,0,742,0
2964,5.2804,5.8776,0.0010,0.0000,0,0,0.0000,0,0.0000,0,0,0,601,0
2965,2.8706,5.6897,0.0005,0.0000,0,0,0.0000,0,0.0000,0,0,0,601,0
2966,2.8226,10.5585,0.0014,0.0000,0,0,0.0000,0,0.0000,0,0,0,696,0
2967,2.8108,10.5384,0.0009,0.0000,0,0,0.0000,0,0.0000,0,0,0,696,0
2968,5.2804,5.8261,0.0011,0.0000,0,0,0.0000,0,0.0000,0,0,0,601,0
2969,2.8706,5.6601,0.0008,0.0000,0,0,0.0000,0,0.0000,0,0,0,601,0
2970,2.8226,10.5727,0.0011,0.0000,0,0,0.0000,0,0.0000,0,0,0,696,0
2971,2.8108,10.5415,0.0009,0.0000,0,0,0.0000,0,0.0000,0,0,0,696,0
2972,5.2804,5.7914,0.0022,0.0000,0,0,0.0000,0,0.0000,0,0,0,601,0
2973,2.8706,5.4851,0.0012,0.0000,0,0,0.0000,0,0.0000,0,0,0,601,0
2974,2.8226,10.3813,0.0012,0.0000,0,0,0.0000,0,0.0000,0,0,0,702,0
2975,2.8108,10.3402,0.0011,0.0000,0,0,0.0000,0,0.0000,0,0,0,696,0
2976,5.2804,5.9419,0.0010,0.0000,0,0,0.0000,0,0.0000,0,0,0,601,0
2977,2.8706,5.7505,0.0010,0.0000,0,0,0.0000,0,0.0000,0,0,0,601,0
2978,2.8226,10.6182,0.0010,0.0000,0,0,0.0000,0,0.0000,0,0,0,701,0
2979,2.8108,10.6059,0.0010,0.0000,0,0,0.0000,0,0.0000,0,0,0,696,0
2980,5.2804,5.7547,0.0010,0.0000,0,0,0.0000,0,0.0000,0,0,0,601,0
2981,2.8706,5.5875,0.0010,0.0000,0,0,0.0000,0,0.0000,0,0,0,601,0
2982,2.8226,10.4789,0.0012,0.0000,0,0,0.0000,0,0.0000,0,0,0,704,0
2983,2.8108,10.4246,0.0011,0.0000,0,0,0.0000,0,0.0000,0,0,0,701,0
2984,5.2804,5.7340,0.0014,0.0000,0,0,0.0000,0,0.0000,0,0,0,601,0
2985,2.8706,5.5728,0.0008,0.0000,0,0,0.0000,0,0.0000,0,0,0,601,0
2986,2.8226,10.5936,0.0060,0.0000,0,0,0.0000,0,0.0000,0,0,0,701,0
2987,2.8108,10.5140,0.0009,0.0000,0,0,0.0000,0,0.0000,0,0,0,700,0
2988,5.2804,5.8719,0.0018,0.0000,0,0,0.0000,0,0.0000,0,0,0,601,0
2989,2.8706,5.6765,0.0005,0.0000,0,0,0.0000,0,0.0000,0,0,0,601,0
2990,2.8226,10.6162,0.0018,0.0000,0,0,0.0000,0,0.0000,0,0,0,701,0
2991,2.8108,10.5285,0.0013,0.0000,0,0,0.0000,0,0.0000,0,0,0,720,0
2992,5.2804,5.8610,0.0023,0.0000,0,0,0.0000,0,0.0000,0,0,0,601,0
2993,2.8706,5.5161,0.0015,0.0000,0,0,0.0000,0,0.0000,0,0,0,601,0
2994,2.8226,10.3887,0.0015,0.0000,0,0,0.0000,0,0.0000,0,0,0,702,0
2995,2.8108,10.3166,0.0010,0.0000,0,0,0.0000,0,0.0000,0,0,0,696,0
2996,5.2804,5.8527,0.0018,0.0000,0,0,0.0000,0,0.0000,0,0,0,601,0
2997,2.8706,5.6327,0.0008,0.0000,0,0,0.0000,0,0.0000,0,0,0,601,0
2998,2.8226,10.5808,0.0014,0.0000,0,0,0.0000,0,0.0000,0,0,0,712,0
2999,2.8108,10.4954,0.0008,0.0000,0,0,0.0000,0,0.0000,0,0,0,696,0
3000,5.2804,5.9546,0.0038,0.0000,0,0,0.0000,0,0.0000,0,0,0,601,0
3001,2.8706,5.6890,0.0016,0.0000,0,0,0.0000,0,0.0000,0,0,0,601,0
3002,2.8226,10.8013,0.0017,0.0000,0,0,0.0000,0,0.0000,0,0,0,696,0
3003,2.8108,10.6903,0.0013,0.0000,0,0,0.0000,0,0.0000,0,0,0,696,0
3004,5.2804,5.9776,0.0018,0.0000,0,0,0.0000,0,0.0000,0,0,0,601,0
3005,2.8706,5.7107,0.0015,0.0000,0,0,0.0000,0,0.0000,0,0,0,601,0
3006,2.8226,10.7062,0.0019,0.0000,0,0,0.0000,0,0.0000,0,0,0,696,0
3007,2.8108,10.6062,0.0014,0.0000,0,0,0.0000,0,0.0000,0,0,0,696,0
3008,5.2804,5.7725,0.0014,0.0000,0,0,0.0000,0,0.0000,0,0,0,601,0
3009,2.8706,5.5622,0.0007,0.0000,0,0,0.0000,0,0.0000,0,0,0,601,0
3010,2.8226,10.4769,0.0038,0.0000,0,0,0.0000,0,0.0000,0,0,0,696,0
3011,2.8108,10.3818,0.0012,0.0000,0,0,0.0000,0,0.0000,0,0,0,705,0
3012,5.2804,5.8568,0.0034,0.0000,0,0,0.0000,0,0.0000,0,0,0,601,0
3013,2.8706,5.5905,0.0015,0.0000,0,0,0.0000,0,0.0000,0,0,0,601,0
3014,2.8226,10.3266,0.0015,0.0000,0,0,0.0000,0,0.0000,0,0,0,696,0
3015,2.8108,10.2260,0.0010,0.0000,0,0,0.0000,0,0.0000,0,0,0,704,0
3016,5.2804,6.0249,0.0026,0.0000,0,0,0.0000,0,0.0000,0,0,0,601,0
3017,2.8706,5.7758,0.0008,0.0000,0,0,0.0000,0,0.0000,0,0,0,601,0
3018,2.8226,10.7096,0.0025,0.0000,0,0,0.0000,0,0.0000,0,0,0,706,0
3019,2.8108,10.6287,0.0008,0.0000,0,0,0.0000,0,0.0000,0,0,0,711,0
3020,5.2804,5.9687,0.0013,0.0000,0,0,0.0000,0,0.0000,0,0,0,601,0
3021,2.8706,5.7037,0.0017,0.0000,0,0,0.0000,0,0.0000,0,0,0,601,0
3022,2.8226,10.6595,0.0012,0.0000,0,0,0.0000,0,0.0000,0,0,0,702,0
3023,2.8108,10.5936,0.0010,0.0000,0,0,0.0000,0,0.0000,0,0,0,696,0
3024,5.2804,5.9859,0.0014,0.0000,0,0,0.0000,0,0.0000,0,0,0,601,0
3025,2.8706,5.7209,0.0008,0.0000,0,0,0.0000,0,0.0000,0,0,0,601,0
3026,2.8226,10.7717,0.0017,0.0000,0,0,0.0000,0,0.0000,0,0,0,702,0
3027,2.8108,10.7025,0.0014,0.0000,0,0,0.0000,0,0.0000,0,0,0,696,0
3028,5.2804,6.1354,0.0040,0.0000,0,0,0.0000,0,0.0000,0,0,0,601,0
3029,2.8706,5.8302,0.0013,0.0000,0,0,0.0000,0,0.0000,0,0,0,601,0
3030,2.8226,10.7074,0.0017,0.0000,0,0,0.0000,0,0.0000,0,0,0,696,0
3031,2.8108,10.5828,0.0016,0.0000,0,0,0.0000,0,0.0000,0,0,0,696,0
3032,5.2804,6.2422,0.0025,0.0000,0,0,0.0000,0,0.0000,0,0,0,601,0
3033,2.8706,5.8699,0.0010,0.0000,0,0,0.0000,0,0.0000,0,0,0,601,0
3034,2.8226,10.7882,0.0027,0.0000,0,0,0.0000,0,0.0000,0,0,0,696,0
3035,2.8108,10.7319,0.0040,0.0000,0,0,0.0000,0,0.0000,0,0,0,696,0
3036,5.2804,6.4534,0.0043,0.0000,0,0,0.0000,0,0.0000,0,0,0,601,0
3037,2.8706,5.9425,0.0043,0.0000,0,0,0.0000,0,0.0000,0,0,0,601,0
3038,2.8226,10.7274,0.0013,0.0000,0,0,0.0000,0,0.0000,0,0,0,696,0
3039,2.8108,10.6341,0.0013,0.0000,0,0,0.0000,0,0.0000,0,0,0,701,0
3040,5.2804,5.7373,0.0023,0.0000,0,0,0.0000,0,0.0000,0,0,0,601,0
3041,2.8706,5.4737,0.0007,0.0000,0,0,0.0000,0,0.0000,0,0,0,601,0
3042,2.8226,10.5828,0.0018,0.0000,0,0,0.0000,0,0.0000,0,0,0,709,0
3043,2.8108,10.5424,0.0010,0.0000,0,0,0.0000,0,0.0000,0,0,0,696,0
3044,5.2804,5.7697,0.0020,0.0000,0,0,0.0000,0,0.0000,0,0,0,601,0
3045,2.8706,5.5419,0.0009,0.0000,0,0,0.0000,0,0.0000,0,0,0,601,0
3046,2.8226,10.5310,0.0014,0.0000,0,0,0.0000,0,0.0000,0,0,0,696,0
3047,2.8108,10.5012,0.0006,0.0000,0,0,0.0000,0,0.0000,0,0,0,707,0
3048,5.2804,5.6948,0.0010,0.0000,0,0,0.0000,0,0.0000,0,0,0,601,0
3049,2.8706,5.4985,0.0011,0.0000,0,0,0.0000,0,0.0000,0,0,0,601,0
3050,2.8226,10.4000,0.0010,0.0000,0,0,0.0000,0,0.0000,0,0,0,696,0
3051,2.8108,10.3547,0.0012,0.0000,0,0,0.0000,0,0.0000,0,0,0,698,0
3052,5.2804,5.9464,0.0019,0.0000,0,0,0.0000,0,0.0000,0,0,0,601,0
3053,2.8706,5.7229,0.0013,0.0000,0,0,0.0000,0,0.0000,0,0,0,601,0
3054,2.8226,10.5955,0.0014,0.0000,0,0,0.0000,0,0.0000,0,0,0,696,0
3055,2.8108,10.5692,0.0010,0.0000,0,0,0.0000,0,0.0000,0,0,0,696,0
3056,5.2804,5.7978,0.0026,0.0000,0,0,0.0000,0,0.0000,0,0,0,601,0
3057,2.8706,5.5329,0.0025,0.0000,0,0,0.0000,0,0.0000,0,0,0,601,0
3058,2.8226,10.5066,0.0033,0.0000,0,0,0.0000,0,0.0000,0,0,0,696,0
3059,2.8108,10.3872,0.0010,0.0000,0,0,0.0000,0,0.0000,0,0,0,696,0
3060,5.2804,5.7396,0.0012,0.0000,0,0,0.0000,0,0.0000,0,0,0,601,0
3061,2.8706,5.4735,0.0005,0.0000,0,0,0.0000,0,0.0000,0,0,0,601,0
3062,2.8226,10.5827,0.0010,0.0000,0,0,0.0000,0,0.0000,0,0,0,696,0
3063,2.8108,10.5470,0.0008,0.0000,0,0,0.0000,0,0.0000,0,0,0,696,0
3064,5.2804,5.6817,0.0013,0.0000,0,0,0.0000,0,0.0000,0,0,0,601,0
3065,2.8706,5.5292,0.0011,0.0000,0,0,0.0000,0,0.0000,0,0,0,601,0
3066,2.8226,10.4074,0.0010,0.0000,0,0,0.0000,0,0.0000,0,0,0,696,0
3067,2.8108,10.3978,0.0012,0.0000,0,0,0.0000,0,0.0000,0,0,0,696,0
3068,5.2804,5.7419,0.0010,0.0000,0,0,0.0000,0,0.0000,0,0,0,601,0
3069,2.8706,5.5743,0.0008,0.0000,0,0,0.0000,0,0.0000,0,0,0,601,0
3070,2.8226,10.4515,0.0010,0.0000,0,0,0.0000,0,0.0000,0,0,0,696,0
3071,2.8108,10.4185,0.0010,0.0000,0,0,0.0000,0,0.0000,0,0,0,696,0
3072,5.2804,5.8281,0.0012,0.0000,0,0,0.0000,0,0.0000,0,0,0,601,0
3073,2.8706,5.6714,0.0013,0.0000,0,0,0.0000,0,0.0000,0,0,0,601,0
3074,2.8226,10.4548,0.0012,0.0000,0,0,0.0000,0,0.0000,0,0,0,696,0
3075,2.8108,10.3980,0.0010,0.0000,0,0,0.0000,0,0.0000,0,0,0,706,0
3076,5.2804,5.7459,0.0022,0.0000,0,0,0.0000,0,0.0000,0,0,0,601,0
3077,2.8706,5.5390,0.0015,0.0000,0,0,0.0000,0,0.0000,0,0,0,601,0
3078,2.8226,10.3979,0.0021,0.0000,0,0,0.0000,0,0.0000,0,0,0,696,0
3079,2.8108,10.3728,0.0012,0.0000,0,0,0.0000,0,0.0000,0,0,0,696,0
3080,5.2804,5.8296,0.0017,0.0000,0,0,0.0000,0,0.0000,0,0,0,601,0
3081,2.8706,5.5838,0.0012,0.0000,0,0,0.0000,0,0.0000,0,0,0,601,0
3082,2.8226,10.4491,0.0011,0.0000,0,0,0.0000,0,0.0000,0,0,0,696,0
3083,2.8108,10.3786,0.0014,0.0000,0,0,0.0000,0,0.0000,0,0,0,696,0
3084,5.2804,5.9896,0.0030,0.0000,0,0,0.0000,0,0.0000,0,0,0,601,0
3085,2.8706,5.7843,0.0009,0.0000,0,0,0.0000,0,0.0000,0,0,0,601,0
3086,2.8226,10.7325,0.0050,0.0000,0,0,0.0000,0,0.0000,0,0,0,701,0
3087,2.8108,10.6470,0.0011,0.0000,0,0,0.0000,0,0.0000,0,0,0,696,0
3088,5.2804,5.8415,0.0012,0.0000,0,0,0.0000,0,0.0000,0,0,0,601,0
3089,2.8706,5.5289,0.0008,0.0000,0,0,0.0000,0,0.0000,0,0,0,601,0
3090,2.8226,10.7072,0.0021,0.0000,0,0,0.0000,0,0.0000,0,0,0,696,0
3091,2.8108,10.6159,0.0015,0.0000,0,0,0.0000,0,0.0000,0,0,0,696,0
3092,5.2804,5.9282,0.0014,0.0000,0,0,0.0000,0,0.0000,0,0,0,601,0
3093,2.8706,5.6383,0.0013,0.0000,0,0,0.0000,0,0.0000,0,0,0,601,0
3094,2.8226,10.5260,0.0028,0.0000,0,0,0.0000,0,0.0000,0,0,0,696,0
3095,2.8108,10.4380,0.0007,0.0000,0,0,0.0000,0,0.0000,0,0,0,696,0
3096,5.2804,6.1173,0.0037,0.0000,0,0,0.0000,0,0.0000,0,0,0,601,0
3097,2.8706,5.7544,0.0017,0.0000,0,0,0.0000,0,0.0000,0,0,0,601,0
3098,2.8226,10.7444,0.0028,0.0000,0,0,0.0000,0,0.0000,0,0,0,696,0
3099,2.8108,10.5972,0.0008,0.0000,0,0,0.0000,0,0.0000,0,0,0,696,0
3100,5.2804,6.2232,0.0043,0.0000,0,0,0.0000,0,0.0000,0,0,0,601,0
3101,2.8706,5.8219,0.0023,0.0000,0,0,0.0000,0,0.0000,0,0,0,601,0
3102,2.8226,10.6688,0.0045,0.0000,0,0,0.0000,0,0.0000,0,0,0,696,0
3103,2.8108,10.4633,0.0016,0.0000,0,0,0.0000,0,0.0000,0,0,0,706,0
3104,5.2804,6.3482,0.0049,0.0000,0,0,0.0000,0,0.0000,0,0,0,601,0
3105,2.8706,5.8489,0.0019,0.0000,0,0,0.0000,0,0.0000,0,0,0,601,0
3106,2.8226,10.6916,0.0014,0.0000,0,0,0.0000,0,0.0000,0,0,0,696,0
3107,2.8108,10.6190,0.0012,0.0000,0,0,0.0000,0,0.0000,0,0,0,696,0
3108,5.2804,6.2751,0.0044,0.0000,0,0,0.0000,0,0.0000,0,0,0,601,0
3109,2.8706,5.9072,0.0015,0.0000,0,0,0.0000,0,0.0000,0,0,0,601,0
3110,2.8226,10.9916,0.0038,0.0000,0,0,0.0000,0,0.0000,0,0,0,696,0
3111,2.8108,10.8509,0.0016,0.0000,0,0,0.0000,0,0.0000,0,0,0,696,0
3112,5.2804,6.3756,0.0037,0.0000,0,0,0.0000,0,0.0000,0,0,0,601,0
3113,2.8706,5.9485,0.0017,0.0000,0,0,0.0000,0,0.0000,0,0,0,601,0
3114,2.8226,11.0264,0.0032,0.0000,0,0,0.0000,0,0.0000,0,0,0,696,0
3115,2.8108,10.9107,0.0020,0.0000,0,0,0.0000,0,0.0000,0,0,0,696,0
3116,5.2804,6.2636,0.0043,0.0000,0,0,0.0000,0,0.0000,0,0,0,601,0
3117,2.8706,5.8178,0.0013,0.0000,0,0,0.0000,0,0.0000,0,0,0,601,0
3118,2.8226,10.8485,0.0019,0.0000,0,0,0.0000,0,0.0000,0,0,0,696,0
3119,2.8108,10.7763,0.0015,0.0000,0,0,0.0000,0,0.0000,0,0,0,703,0
3120,5.2804,6.3854,0.0022,0.0000,0,0,0.0000,0,0.0000,0,0,0,601,0
3121,2.8706,6.0605,0.0020,0.0000,0,0,0.0000,0,0.0000,0,0,0,601,0
3122,2.8226,10.8990,0.0030,0.0000,0,0,0.0000,0,0.0000,0,0,0,696,0
3123,2.8108,10.7624,0.0016,0.0000,0,0,0.0000,0,0.0000,0,0,0,703,0
3124,5.2804,6.3325,0.0035,0.0000,0,0,0.0000,0,0.0000,0,0,0,601,0
3125,2.8706,5.8697,0.0035,0.0000,0,0,0.0000,0,0.0000,0,0,0,601,0
3126,2.8226,10.7507,0.0013,0.0000,0,0,0.0000,0,0.0000,0,0,0,696,0
3127,2.8108,10.6606,0.0011,0.0000,0,0,0.0000,0,0.0000,0,0,0,696,0
3128,5.2804,6.0260,0.0020,0.0000,0,0,0.0000,0,0.0000,0,0,0,601,0
3129,2.8706,5.6795,0.0013,0.0000,0,0,0.0000,0,0.0000,0,0,0,601,0
3130,2.8226,10.5724,0.0015,0.0000,0,0,0.0000,0,0.0000,0,0,0,700,0
3131,2.8108,10.4676,0.0013,0.0000,0,0,0.0000,0,0.0000,0,0,0,704,0
3132,5.2804,5.8680,0.0014,0.0000,0,0,0.0000,0,0.0000,0,0,0,601,0
3133,2.8706,5.6420,0.0008,0.0000,0,0,0.0000,0,0.0000,0,0,0,601,0
3134,2.8226,10.5938,0.0024,0.0000,0,0,0.0000,0,0.0000,0,0,0,696,0
3135,2.8108,10.5051,0.0008,0.0000,0,0,0.0000,0,0.0000,0,0,0,696,0
3136,5.2804,5.7311,0.0017,0.0000,0,0,0.0000,0,0.0000,0,0,0,601,0
3137,2.8706,5.6098,0.0014,0.0000,0,0,0.0000,0,0.0000,0,0,0,601,0
3138,2.8226,10.5356,0.0020,0.0000,0,0,0.0000,0,0.0000,0,0,0,696,0
3139,2.8108,10.4691,0.0013,0.0000,0,0,0.0000,0,0.0000,0,0,0,696,0
3140,5.2804,5.7806,0.0026,0.0000,0,0,0.0000,0,0.0000,0,0,0,601,0
3141,2.8706,5.6180,0.0013,0.0000,0,0,0.0000,0,0.0000,0,0,0,601,0
3142,2.8226,10.4872,0.0022,0.0000,0,0,0.0000,0,0.0000,0,0,0,696,0
3143,2.8108,10.4173,0.0015,0.0000,0,0,0.0000,0,0.0000,0,0,0,696,0
3144,5.2804,5.9395,0.0010,0.0000,0,0,0.0000,0,0.0000,0,0,0,601,0
3145,2.8706,5.7014,0.0005,0.0000,0,0,0.0000,0,0.0000,0,0,0,601,0
3146,2.8226,10.7281,0.0048,0.0000,0,0,0.0000,0,0.0000,0,0,0,696,0
3147,2.8108,10.5282,0.0048,0.0000,0,0,0.0000,0,0.0000,0,0,0,696,0
3148,5.2804,5.9470,0.0048,0.0000,0,0,0.0000,0,0.0000,0,0,0,601,0
3149,2.8706,5.6536,0.0016,0.0000,0,0,0.0000,0,0.0000,0,0,0,601,0
3150,2.8226,10.3353,0.0015,0.0000,0,0,0.0000,0,0.0000,0,0,0,696,0
3151,2.8108,10.2318,0.0015,0.0000,0,0,0.0000,0,0.0000,0,0,0,696,0
3152,5.2804,5.9952,0.0025,0.0000,0,0,0.0000,0,0.0000,0,0,0,601,0
3153,2.8706,5.6856,0.0015,0.0000,0,0,0.0000,0,0.0000,0,0,0,601,0
3154,2.8226,10.7182,0.0016,0.0000,0,0,0.0000,0,0.0000,0,0,0,696,0
3155,2.8108,10.6530,0.0014,0.0000,0,0,0.0000,0,0.0000,0,0,0,696,0
3156,5.2804,6.0078,0.0014,0.0000,0,0,0.0000,0,0.0000,0,0,0,601,0
3157,2.8706,5.7530,0.0015,0.0000,0,0,0.0000,0,0.0000,0,0,0,601,0
3158,2.8226,10.6797,0.0015,0.0000,0,0,0.0000,0,0.0000,0,0,0,696,0
3159,2.8108,10.6129,0.0011,0.0000,0,0,0.0000,0,0.0000,0,0,0,696,0
3160,5.2804,6.0533,0.0010,0.0000,0,0,0.0000,0,0.0000,0,0,0,601,0
3161,2.8706,5.8269,0.0006,0.0000,0,0,0.0000,0,0.0000,0,0,0,601,0
3162,2.8226,10.7975,0.0020,0.0000,0,0,0.0000,0,0.0000,0,0,0,696,0
3163,2.8108,10.6822,0.0010,0.0000,0,0,0.0000,0,0.0000,0,0,0,696,0
3164,5.2804,6.4365,0.0067,0.0000,0,0,0.0000,0,0.0000,0,0,0,601,0
3165,2.8706,6.1042,0.0067,0.0000,0,0,0.0000,0,0.0000,0,0,0,601,0
3166,2.8226,11.0275,0.0058,0.0000,0,0,0.0000,0,0.0000,0,0,0,696,0
3167,2.8108,10.8323,0.0058,0.0000,0,0,0.0000,0,0.0000,0,0,0,696,0
3168,5.2804,6.6112,0.0024,0.0000,0,0,0.0000,0,0.0000,0,0,0,601,0
3169,2.8706,5.8166,0.0015,0.0000,0,0,0.0000,0,0.0000,0,0,0,601,0
3170,2.8226,10.0463,0.0047,0.0000,0,0,0.0000,0,0.0000,0,0,0,696,0
3171,2.8108,9.7050,0.0047,0.0000,0,0,0.0000,0,0.0000,0,0,0,696,0
3172,5.2804,6.1195,0.0035,0.0000,0,0,0.0000,0,0.0000,0,0,0,601,0
3173,2.8706,5.7065,0.0015,0.0000,0,0,0.0000,0,0.0000,0,0,0,601,0
3174,2.8226,10.5380,0.0015,0.0000,0,0,0.0000,0,0.0000,0,0,0,700,0
3175,2.8108,10.4240,0.0009,0.0000,0,0,0.0000,0,0.0000,0,0,0,696,0
3176,5.2804,6.0348,0.0012,0.0000,0,0,0.0000,0,0.0000,0,0,0,601,0
3177,2.8706,5.7418,0.0016,0.0000,0,0,0.0000,0,0.0000,0,0,0,601,0
3178,2.8226,10.5263,0.0015,0.0000,0,0,0.0000,0,0.0000,0,0,0,696,0
3179,2.8108,10.3999,0.0009,0.0000,0,0,0.0000,0,0.0000,0,0,0,696,0
3180,5.2804,5.7926,0.0021,0.0000,0,0,0.0000,0,0.0000,0,0,0,601,0
3181,2.8706,5.6393,0.0015,0.0000,0,0,0.0000,0,0.0000,0,0,0,601,0
3182,2.8226,10.3834,0.0029,0.0000,0,0,0.0000,0,0.0000,0,0,0,696,0
3183,2.8108,10.2760,0.0018,0.0000,0,0,0.0000,0,0.0000,0,0,0,696,0
3184,5.2804,6.0777,0.0015,0.0000,0,0,0.0000,0,0.0000,0,0,0,601,0
3185,2.8706,5.7248,0.0012,0.0000,0,0,0.0000,0,0.0000,0,0,0,601,0
3186,2.8226,10.5312,0.0014,0.0000,0,0,0.0000,0,0.0000,0,0,0,696,0
3187,2.8108,10.4945,0.0013,0.0000,0,0,0.0000,0,0.0000,0,0,0,696,0
3188,5.2804,5.8151,0.0016,0.0000,0,0,0.0000,0,0.0000,0,0,0,601,0
3189,2.8706,5.6290,0.0014,0.0000,0,0,0.0000,0,0.0000,0,0,0,601,0
3190,2.8226,10.5410,0.0015,0.0000,0,0,0.0000,0,0.0000,0,0,0,696,0
3191,2.8108,10.4897,0.0015,0.0000,0,0,0.0000,0,0.0000,0,0,0,696,0
3192,5.2804,5.8920,0.0020,0.0000,0,0,0.0000,0,0.0000,0,0,0,601,0
3193,2.8706,5.6600,0.0009,0.0000,0,0,0.0000,0,0.0000,0,0,0,601,0
3194,2.8226,10.3735,0.0014,0.0000,0,0,0.0000,0,0.0000,0,0,0,696,0
3195,2.8108,10.3343,0.0015,0.0000,0,0,0.0000,0,0.0000,0,0,0,696,0
3196,5.2804,5.8898,0.0018,0.0000,0,0,0.0000,0,0.0000,0,0,0,601,0
3197,2.8706,5.6851,0.0017,0.0000,0,0,0.0000,0,0.0000,0,0,0,601,0
3198,2.8226,10.3097,0.0018,0.0000,0,0,0.0000,0,0.0000,0,0,0,696,0
3199,2.8108,10.1956,0.0018,0.0000,0,0,0.0000,0,0.0000,0,0,0,696,0
3200,5.2804,6.3947,0.0016,0.0000,0,0,0.0000,0,0.0000,0,0,0,601,0
3201,2.8706,5.6434,0.0018,0.0000,0,0,0.0000,0,0.0000,0,0,0,601,0
3202,2.8226,9.9098,0.0017,0.0000,0,0,0.0000,0,0.0000,0,0,0,696,0
3203,2.8108,9.9713,0.0016,0.0000,0,0,0.0000,0,0.0000,0,0,0,696,0
3204,5.2804,6.5779,0.0081,0.0000,0,0,0.0000,0,0.0000,0,0,0,601,0
3205,2.8706,5.7474,0.0376,0.0000,0,0,0.0000,0,0.0000,0,0,0,601,0
3206,2.8226,10.4462,0.0067,0.0000,0,0,0.0000,0,0.0000,0,0,0,696,0
3207,2.8108,10.0377,0.0030,0.0000,0,0,0.0000,0,0.0000,0,0,0,696,0
3208,5.2804,6.4466,0.0066,0.0000,0,0,0.0000,0,0.0000,0,0,0,601,0
3209,2.8706,5.7940,0.0019,0.0000,0,0,0.0000,0,0.0000,0,0,0,601,0
3210,2.8226,10.4989,0.0066,0.0000,0,0,0.0000,0,0.0000,0,0,0,696,0
3211,2.8108,10.1055,0.0066,0.0000,0,0,0.0000,0,0.0000,0,0,0,696,0
3212,5.2804,14.3671,0.0113,0.0000,0,0,0.0000,0,0.0000,0,0,0,601,0
3213,2.8706,13.4746,0.0016,0.0000,0,0,0.0000,0,0.0000,0,0,0,601,0
3214,2.8226,12.9597,0.0010,0.0000,0,0,0.0000,0,0.0000,0,0,0,696,0
3215,2.8108,12.5034,0.0011,0.0000,0,0,0.0000,0,0.0000,0,0,0,696,0
3216,5.2804,6.5020,0.0027,0.0000,0,0,0.0000,0,0.0000,0,0,0,601,0
3217,2.8706,5.6230,0.0008,0.0000,0,0,0.0000,0,0.0000,0,0,0,601,0
3218,2.8226,10.5566,0.0061,0.0000,0,0,0.0000,0,0.0000,0,0,0,696,0
3219,2.8108,10.4093,0.0061,0.0000,0,0,0.0000,0,0.0000,0,0,0,696,0
3220,5.2804,6.5803,0.0068,0.0000,0,0,0.0000,0,0.0000,0,0,0,601,0
3221,2.8706,5.9592,0.0024,0.0000,0,0,0.0000,0,0.0000,0,0,0,601,0
3222,2.8226,10.2179,0.0118,0.0000,0,0,0.0000,0,0.0000,0,0,0,696,0
3223,2.8108,10.0304,0.0030,0.0000,0,0,0.0000,0,0.0000,0,0,0,696,0
3224,5.2804,6.2768,0.0053,0.0000,0,0,0.0000,0,0.0000,0,0,0,601,0
3225,2.8706,5.8495,0.0031,0.0000,0,0,0.0000,0,0.0000,0,0,0,601,0
3226,2.8226,10.3804,0.0074,0.0000,0,0,0.0000,0,0.0000,0,0,0,696,0
3227,2.8108,10.0627,0.0415,0.0000,0,0,0.0000,0,0.0000,0,0,0,696,0
3228,5.2804,6.6866,0.0078,0.0000,0,0,0.0000,0,0.0000,0,0,0,601,0
3229,2.8706,5.8266,0.0017,0.0000,0,0,0.0000,0,0.0000,0,0,0,601,0
3230,2.8226,10.3636,0.0020,0.0000,0,0,0.0000,0,0.0000,0,0,0,696,0
3231,2.8108,10.2356,0.0021,0.0000,0,0,0.0000,0,0.0000,0,0,0,696,0
3232,5.2804,6.2272,0.0053,0.0000,0,0,0.0000,0,0.0000,0,0,0,601,0
3233,2.8706,5.7532,0.0015,0.0000,0,0,0.0000,0,0.0000,0,0,0,601,0
3234,2.8226,10.4794,0.0021,0.0000,0,0,0.0000,0,0.0000,0,0,0,696,0
3235,2.8108,10.3852,0.0018,0.0000,0,0,0.0000,0,0.0000,0,0,0,696,0
3236,5.2804,6.0228,0.0032,0.0000,0,0,0.0000,0,0.0000,0,0,0,601,0
3237,2.8706,5.6773,0.0012,0.0000,0,0,0.0000,0,0.0000,0,0,0,601,0
3238,2.8226,10.4432,0.0017,0.0000,0,0,0.0000,0,0.0000,0,0,0,696,0
3239,2.8108,10.3634,0.0011,0.0000,0,0,0.0000,0,0.0000,0,0,0,696,0
3240,5.2804,6.1100,0.0010,0.0000,0,0,0.0000,0,0.0000,0,0,0,601,0
3241,2.8706,5.7995,0.0012,0.0000,0,0,0.0000,0,0.0000,0,0,0,601,0
3242,2.8226,10.6026,0.0012,0.0000,0,0,0.0000,0,0.0000,0,0,0,696,0
3243,2.8108,10.5562,0.0010,0.0000,0,0,0.0000,0,0.0000,0,0,0,696,0
3244,5.2804,5.7960,0.0017,0.0000,0,0,0.0000,0,0.0000,0,0,0,601,0
3245,2.8706,5.6215,0.0013,0.0000,0,0,0.0000,0,0.0000,0,0,0,601,0
3246,2.8226,11.7521,0.0013,0.0000,0,0,0.0000,0,0.0000,0,0,0,696,0
3247,2.8108,11.7384,0.0013,0.0000,0,0,0.0000,0,0.0000,0,0,0,696,0
3248,5.2804,15.6978,0.0014,0.0000,0,0,0.0000,0,0.0000,0,0,0,601,0
3249,2.8706,15.5185,0.0015,0.0000,0,0,0.0000,0,0.0000,0,0,0,601,0
3250,2.8226,30.1656,0.0019,0.0000,0,0,0.0000,0,0.0000,0,0,0,696,0
3251,2.8108,30.1576,0.0015,0.0000,0,0,0.0000,0,0.0000,0,0,0,696,0
3252,5.2804,16.0203,0.0051,0.0000,0,0,0.0000,0,0.0000,0,0,0,601,0
3253,2.8706,15.7287,0.0050,0.0000,0,0,0.0000,0,0.0000,0,0,0,601,0
3254,2.8226,30.4120,0.0030,0.0000,0,0,0.0000,0,0.0000,0,0,0,696,0
3255,2.8108,30.2889,0.0020,0.0000,0,0,0.0000,0,0.0000,0,0,0,696,0
3256,5.2804,16.3442,0.0092,0.0000,0,0,0.0000,0,0.0000,0,0,0,601,0
3257,2.8706,15.8934,0.0092,0.0000,0,0,0.0000,0,0.0000,0,0,0,601,0
3258,2.8226,30.7898,0.0130,0.0000,0,0,0.0000,0,0.0000,0,0,0,696,0
3259,2.8108,31.4893,0.0021,0.0000,0,0,0.0000,0,0.0000,0,0,0,696,0
3260,5.2804,16.9722,0.0073,0.0000,0,0,0.0000,0,0.0000,0,0,0,601,0
3261,2.8706,16.6319,0.0074,0.0000,0,0,0.0000,0,0.0000,0,0,0,601,0
3262,2.8226,30.7921,0.0107,0.0000,0,0,0.0000,0,0.0000,0,0,0,696,0
3263,2.8108,30.8022,0.0021,0.0000,0,0,0.0000,0,0.0000,0,0,0,696,0
3264,5.2804,16.7132,0.0118,0.0000,0,0,0.0000,0,0.0000,0,0,0,601,0
3265,2.8706,15.9872,0.0035,0.0000,0,0,0.0000,0,0.0000,0,0,0,601,0
3266,2.8226,29.7936,0.0145,0.0000,0,0,0.0000,0,0.0000,0,0,0,696,0
3267,2.8108,29.9065,0.0036,0.0000,0,0,0.0000,0,0.0000,0,0,0,696,0
3268,5.2804,16.8768,0.0109,0.0000,0,0,0.0000,0,0.0000,0,0,0,601,0
3269,2.8706,16.2737,0.0038,0.0000,0,0,0.0000,0,0.0000,0,0,0,601,0
3270,2.8226,28.6112,0.0075,0.0000,0,0,0.0000,0,0.0000,0,0,0,696,0
3271,2.8108,30.0087,0.0041,0.0000,0,0,0.0000,0,0.0000,0,0,0,696,0
3272,5.2804,16.5490,0.0265,0.0000,0,0,0.0000,0,0.0000,0,0,0,601,0
3273,2.8706,16.0066,0.0029,0.0000,0,0,0.0000,0,0.0000,0,0,0,601,0
3274,2.8226,28.7504,0.0100,0.0000,0,0,0.0000,0,0.0000,0,0,0,696,0
3275,2.8108,29.8545,0.0037,0.0000,0,0,0.0000,0,0.0000,0,0,0,696,0
3276,5.2804,16.5560,0.0066,0.0000,0,0,0.0000,0,0.0000,0,0,0,601,0
3277,2.8706,16.0868,0.0033,0.0000,0,0,0.0000,0,0.0000,0,0,0,601,0
3278,2.8226,29.0119,0.0103,0.0000,0,0,0.0000,0,0.0000,0,0,0,696,0
3279,2.8108,30.0742,0.0030,0.0000,0,0,0.0000,0,0.0000,0,0,0,696,0
3280,5.2804,16.8983,0.0088,0.0000,0,0,0.0000,0,0.0000,0,0,0,601,0
3281,2.8706,16.0103,0.0033,0.0000,0,0,0.0000,0,0.0000,0,0,0,601,0
3282,2.8226,29.7752,0.0115,0.0000,0,0,0.0000,0,0.0000,0,0,0,696,0
3283,2.8108,30.1667,0.0034,0.0000,0,0,0.0000,0,0.0000,0,0,0,696,0
3284,5.2804,16.7828,0.0164,0.0000,0,0,0.0000,0,0.0000,0,0,0,601,0
3285,2.8706,15.9701,0.0026,0.0000,0,0,0.0000,0,0.0000,0,0,0,601,0
3286,2.8226,30.1849,0.0131,0.0000,0,0,0.0000,0,0.0000,0,0,0,696,0
3287,2.8108,29.8827,0.0033,0.0000,0,0,0.0000,0,0.0000,0,0,0,696,0
3288,5.2804,17.0458,0.0133,0.0000,0,0,0.0000,0,0.0000,0,0,0,601,0
3289,2.8706,16.0463,0.0028,0.0000,0,0,0.0000,0,0.0000,0,0,0,601,0
3290,2.8226,30.5418,0.0103,0.0000,0,0,0.0000,0,0.0000,0,0,0,696,0
3291,2.8108,30.2539,0.0100,0.0000,0,0,0.0000,0,0.0000,0,0,0,696,0
3292,5.2804,16.7895,0.0081,0.0000,0,0,0.0000,0,0.0000,0,0,0,601,0
3293,2.8706,15.7357,0.0018,0.0000,0,0,0.0000,0,0.0000,0,0,0,601,0
3294,2.8226,28.7300,0.0032,0.0000,0,0,0.0000,0,0.0000,0,0,0,696,0
3295,2.8108,29.8878,0.0008,0.0000,0,0,0.0000,0,0.0000,0,0,0,696,0
3296,5.2804,15.8736,0.0019,0.0000,0,0,0.0000,0,0.0000,0,0,0,601,0
3297,2.8706,15.5111,0.0011,0.0000,0,0,0.0000,0,0.0000,0,0,0,601,0
3298,2.8226,30.0612,0.0010,0.0000,0,0,0.0000,0,0.0000,0,0,0,696,0
3299,2.8108,30.0062,0.0007,0.0000,0,0,0.0000,0,0.0000,0,0,0,696,0
3300,5.2804,15.4932,0.0012,0.0000,0,0,0.0000,0,0.0000,0,0,0,601,0
3301,2.8706,15.3988,0.0008,0.0000,0,0,0.0000,0,0.0000,0,0,0,601,0
3302,2.8226,29.8386,0.0010,0.0000,0,0,0.0000,0,0.0000,0,0,0,696,0
3303,2.8108,29.8433,0.0009,0.0000,0,0,0.0000,0,0.0000,0,0,0,696,0
3304,5.2804,15.4423,0.0010,0.0000,0,0,0.0000,0,0.0000,0,0,0,601,0
3305,2.8706,15.4254,0.0010,0.0000,0,0,0.0000,0,0.0000,0,0,0,601,0
3306,2.8226,29.9068,0.0018,0.0000,0,0,0.0000,0,0.0000,0,0,0,696,0
3307,2.8108,29.9152,0.0010,0.0000,0,0,0.0000,0,0.0000,0,0,0,696,0
3308,5.2804,15.6063,0.0022,0.0000,0,0,0.0000,0,0.0000,0,0,0,601,0
3309,2.8706,15.4012,0.0007,0.0000,0,0,0.0000,0,0.0000,0,0,0,601,0
3310,2.8226,29.9419,0.0012,0.0000,0,0,0.0000,0,0.0000,0,0,0,696,0
3311,2.8108,29.9363,0.0013,0.0000,0,0,0.0000,0,0.0000,0,0,0,696,0
3312,5.2804,15.6180,0.0010,0.0000,0,0,0.0000,0,0.0000,0,0,0,601,0
3313,2.8706,15.4330,0.0012,0.0000,0,0,0.0000,0,0.0000,0,0,0,601,0
3314,2.8226,29.9394,0.0010,0.0000,0,0,0.0000,0,0.0000,0,0,0,696,0
3315,2.8108,29.9152,0.0010,0.0000,0,0,0.0000,0,0.0000,0,0,0,696,0
3316,5.2804,15.5652,0.0015,0.0000,0,0,0.0000,0,0.0000,0,0,0,601,0
3317,2.8706,15.4109,0.0015,0.0000,0,0,0.0000,0,0.0000,0,0,0,601,0
3318,2.8226,29.9942,0.0022,0.0000,0,0,0.0000,0,0.0000,0,0,0,696,0
3319,2.8108,29.8923,0.0013,0.0000,0,0,0.0000,0,0.0000,0,0,0,696,0
3320,5.2804,15.8018,0.0032,0.0000,0,0,0.0000,0,0.0000,0,0,0,601,0
3321,2.8706,15.5352,0.0013,0.0000,0,0,0.0000,0,0.0000,0,0,0,601,0
3322,2.8226,30.2380,0.0014,0.0000,0,0,0.0000,0,0.0000,0,0,0,696,0
3323,2.8108,30.1636,0.0008,0.0000,0,0,0.0000,0,0.0000,0,0,0,696,0
3324,5.2804,15.7423,0.0037,0.0000,0,0,0.0000,0,0.0000,0,0,0,601,0
3325,2.8706,15.5431,0.0010,0.0000,0,0,0.0000,0,0.0000,0,0,0,601,0
3326,2.8226,30.2083,0.0035,0.0000,0,0,0.0000,0,0.0000,0,0,0,696,0
3327,2.8108,30.0465,0.0010,0.0000,0,0,0.0000,0,0.0000,0,0,0,696,0
3328,5.2804,15.7159,0.0015,0.0000,0,0,0.0000,0,0.0000,0,0,0,601,0
3329,2.8706,15.4632,0.0010,0.0000,0,0,0.0000,0,0.0000,0,0,0,601,0
3330,2.8226,30.0614,0.0014,0.0000,0,0,0.0000,0,0.0000,0,0,0,696,0
3331,2.8108,30.0251,0.0009,0.0000,0,0,0.0000,0,0.0000,0,0,0,696,0
3332,5.2804,15.6148,0.0039,0.0000,0,0,0.0000,0,0.0000,0,0,0,601,0
3333,2.8706,15.5041,0.0014,0.0000,0,0,0.0000,0,0.0000,0,0,0,601,0
3334,2.8226,30.1998,0.0038,0.0000,0,0,0.0000,0,0.0000,0,0,0,696,0
3335,2.8108,30.1003,0.0021,0.0000,0,0,0.0000,0,0.0000,0,0,0,696,0
3336,5.2804,15.9727,0.0026,0.0000,0,0,0.0000,0,0.0000,0,0,0,601,0
3337,2.8706,15.6171,0.0013,0.0000,0,0,0.0000,0,0.0000,0,0,0,601,0
3338,2.8226,30.2931,0.0016,0.0000,0,0,0.0000,0,0.0000,0,0,0,696,0
3339,2.8108,30.2336,0.0026,0.0000,0,0,0.0000,0,0.0000,0,0,0,696,0
3340,5.2804,15.8814,0.0041,0.0000,0,0,0.0000,0,0.0000,0,0,0,601,0
3341,2.8706,15.5962,0.0013,0.0000,0,0,0.0000,0,0.0000,0,0,0,601,0
3342,2.8226,30.2518,0.0021,0.0000,0,0,0.0000,0,0.0000,0,0,0,696,0
3343,2.8108,30.0760,0.0012,0.0000,0,0,0.0000,0,0.0000,0,0,0,696,0
3344,5.2804,16.1125,0.0015,0.0000,0,0,0.0000,0,0.0000,0,0,0,601,0
3345,2.8706,15.7525,0.0013,0.0000,0,0,0.0000,0,0.0000,0,0,0,601,0
3346,2.8226,30.4485,0.0018,0.0000,0,0,0.0000,0,0.0000,0,0,0,696,0
3347,2.8108,30.3774,0.0013,0.0000,0,0,0.0000,0,0.0000,0,0,0,696,0
3348,5.2804,16.1665,0.0104,0.0000,0,0,0.0000,0,0.0000,0,0,0,601,0
3349,2.8706,15.8590,0.0105,0.0000,0,0,0.0000,0,0.0000,0,0,0,601,0
3350,2.8226,30.7144,0.0056,0.0000,0,0,0.0000,0,0.0000,0,0,0,696,0
3351,2.8108,30.5087,0.0056,0.0000,0,0,0.0000,0,0.0000,0,0,0,696,0
3352,5.2804,16.3521,0.0043,0.0000,0,0,0.0000,0,0.0000,0,0,0,601,0
3353,2.8706,15.8442,0.0019,0.0000,0,0,0.0000,0,0.0000,0,0,0,601,0
3354,2.8226,29.8022,0.0023,0.0000,0,0,0.0000,0,0.0000,0,0,0,696,0
3355,2.8108,29.6769,0.0013,0.0000,0,0,0.0000,0,0.0000,0,0,0,696,0
3356,5.2804,16.1995,0.0022,0.0000,0,0,0.0000,0,0.0000,0,0,0,601,0
3357,2.8706,15.7475,0.0133,0.0000,0,0,0.0000,0,0.0000,0,0,0,601,0
3358,2.8226,30.4881,0.0017,0.0000,0,0,0.0000,0,0.0000,0,0,0,696,0
3359,2.8108,30.4332,0.0017,0.0000,0,0,0.0000,0,0.0000,0,0,0,696,0
3360,5.2804,36.5117,0.0100,0.0000,0,0,0.0000,0,0.0000,0,1,0,60271,0
3361,2.8706,28.5872,0.0100,0.0000,0,0,0.0000,0,0.0000,0,1,0,43482,0
3362,2.8226,26.9795,0.0074,0.0000,0,0,0.0000,0,0.0000,0,1,0,59828,0
3363,2.8108,26.0888,0.0107,0.0000,0,0,0.0000,0,0.0000,0,1,0,68126,0
3364,5.2804,5.7905,0.0053,0.0000,0,0,0.0000,0,0.0000,0,0,0,16498,0
3365,2.8706,5.6455,0.0046,0.0000,0,0,0.0000,0,0.0000,0,0,0,14403,0
3366,2.8226,10.5576,0.0027,0.0000,0,0,0.0000,0,0.0000,0,0,0,17862,0
3367,2.8108,10.6750,0.0085,0.0000,0,0,0.0000,0,0.0000,0,0,0,17138,0
3368,5.2804,5.6705,0.0016,0.0000,0,0,0.0000,0,0.0000,0,0,0,9226,0
3369,2.8706,5.6259,0.0011,0.0000,0,0,0.0000,0,0.0000,0,0,0,6914,0
3370,2.8226,10.5181,0.0020,0.0000,0,0,0.0000,0,0.0000,0,0,0,11125,0
3371,2.8108,10.5420,0.0017,0.0000,0,0,0.0000,0,0.0000,0,0,0,9621,0
3372,5.2804,5.7654,0.0019,0.0000,0,0,0.0000,0,0.0000,0,0,0,17369,0
3373,2.8706,5.6950,0.0021,0.0000,0,0,0.0000,0,0.0000,0,0,0,16755,0
3374,2.8226,10.5772,0.0022,0.0000,0,0,0.0000,0,0.0000,0,0,0,19658,0
3375,2.8108,10.5883,0.0027,0.0000,0,0,0.0000,0,0.0000,0,0,0,15622,0
3376,5.2804,5.9475,0.0062,0.0000,0,0,0.0000,0,0.0000,0,0,0,23309,0
3377,2.8706,5.7923,0.0057,0.0000,0,0,0.0000,0,0.0000,0,0,0,20346,0
3378,2.8226,10.4610,0.0022,0.0000,0,0,0.0000,0,0.0000,0,0,0,22802,0
3379,2.8108,10.4487,0.0016,0.0000,0,0,0.0000,0,0.0000,0,0,0,21407,0
3380,5.2804,5.7316,0.0032,0.0000,0,0,0.0000,0,0.0000,0,0,0,13027,0
3381,2.8706,5.7025,0.0019,0.0000,0,0,0.0000,0,0.0000,0,0,0,11737,0
3382,2.8226,10.2977,0.0019,0.0000,0,0,0.0000,0,0.0000,0,0,0,12722,0
3383,2.8108,10.4397,0.0021,0.0000,0,0,0.0000,0,0.0000,0,0,0,16214,0
3384,5.2804,5.7862,0.0016,0.0000,0,0,0.0000,0,0.0000,0,0,0,7002,0
3385,2.8706,5.6502,0.0010,0.0000,0,0,0.0000,0,0.0000,0,0,0,5132,0
3386,2.8226,10.4476,0.0013,0.0000,0,0,0.0000,0,0.0000,0,0,0,7491,0
3387,2.8108,10.5522,0.0015,0.0000,0,0,0.0000,0,0.0000,0,0,0,4790,0
3388,5.2804,5.7918,0.0025,0.0000,0,0,0.0000,0,0.0000,0,0,0,3933,0
3389,2.8706,5.7097,0.0010,0.0000,0,0,0.0000,0,0.0000,0,0,0,3799,0
3390,2.8226,10.6403,0.0011,0.0000,0,0,0.0000,0,0.0000,0,0,0,4399,0
3391,2.8108,10.6134,0.0007,0.0000,0,0,0.0000,0,0.0000,0,0,0,3276,0
3392,5.2804,5.6955,0.0015,0.0000,0,0,0.0000,0,0.0000,0,0,0,3260,0
3393,2.8706,5.6630,0.0008,0.0000,0,0,0.0000,0,0.0000,0,0,0,2850,0
3394,2.8226,10.4808,0.0008,0.0000,0,0,0.0000,0,0.0000,0,0,0,3280,0
3395,2.8108,10.5898,0.0008,0.0000,0,0,0.0000,0,0.0000,0,0,0,2761,0
3396,5.2804,5.7071,0.0008,0.0000,0,0,0.0000,0,0.0000,0,0,0,3090,0
3397,2.8706,5.6651,0.0008,0.0000,0,0,0.0000,0,0.0000,0,0,0,2691,0
3398,2.8226,10.5185,0.0011,0.0000,0,0,0.0000,0,0.0000,0,0,0,3020,0
3399,2.8108,10.5758,0.0008,0.0000,0,0,0.0000,0,0.0000,0,0,0,2648,0
3400,5.2804,5.7041,0.0012,0.0000,0,0,0.0000,0,0.0000,0,0,0,2664,0
3401,2.8706,5.6442,0.0010,0.0000,0,0,0.0000,0,0.0000,0,0,0,2213,0
3402,2.8226,10.5712,0.0009,0.0000,0,0,0.0000,0,0.0000,0,0,0,1084,0
3403,2.8108,10.5681,0.0009,0.0000,0,0,0.0000,0,0.0000,0,0,0,2638,0
3404,5.2804,5.6535,0.0010,0.0000,0,0,0.0000,0,0.0000,0,0,0,1673,0
3405,2.8706,5.6351,0.0008,0.0000,0,0,0.0000,0,0.0000,0,0,0,1302,0
3406,2.8226,10.4853,0.0011,0.0000,0,0,0.0000,0,0.0000,0,0,0,959,0
3407,2.8108,10.5157,0.0009,0.0000,0,0,0.0000,0,0.0000,0,0,0,2173,0
3408,5.2804,5.6621,0.0010,0.0000,0,0,0.0000,0,0.0000,0,0,0,1538,0
3409,2.8706,5.5922,0.0015,0.0000,0,0,0.0000,0,0.0000,0,0,0,1107,0
3410,2.8226,10.3582,0.0013,0.0000,0,0,0.0000,0,0.0000,0,0,0,819,0
3411,2.8108,10.3564,0.0011,0.0000,0,0,0.0000,0,0.0000,0,0,0,1668,0
3412,5.2804,5.6078,0.0012,0.0000,0,0,0.0000,0,0.0000,0,0,0,1248,0
3413,2.8706,5.5619,0.0010,0.0000,0,0,0.0000,0,0.0000,0,0,0,944,0
3414,2.8226,10.2898,0.0009,0.0000,0,0,0.0000,0,0.0000,0,0,0,945,0
3415,2.8108,10.3242,0.0013,0.0000,0,0,0.0000,0,0.0000,0,0,0,743,0
3416,5.2804,5.7602,0.0017,0.0000,0,0,0.0000,0,0.0000,0,0,0,1198,0
3417,2.8706,5.6585,0.0011,0.0000,0,0,0.0000,0,0.0000,0,0,0,836,0
3418,2.8226,10.5409,0.0015,0.0000,0,0,0.0000,0,0.0000,0,0,0,1250,0
3419,2.8108,10.5503,0.0013,0.0000,0,0,0.0000,0,0.0000,0,0,0,717,0
3420,5.2804,5.6887,0.0011,0.0000,0,0,0.0000,0,0.0000,0,0,0,1168,0
3421,2.8706,5.5617,0.0013,0.0000,0,0,0.0000,0,0.0000,0,0,0,792,0
3422,2.8226,10.3737,0.0011,0.0000,0,0,0.0000,0,0.0000,0,0,0,1108,0
3423,2.8108,10.3792,0.0092,0.0000,0,0,0.0000,0,0.0000,0,0,0,792,0
3424,5.2804,5.7293,0.0009,0.0000,0,0,0.0000,0,0.0000,0,0,0,1037,0
3425,2.8706,5.5841,0.0008,0.0000,0,0,0.0000,0,0.0000,0,0,0,722,0
3426,2.8226,10.4891,0.0012,0.0000,0,0,0.0000,0,0.0000,0,0,0,1361,0
3427,2.8108,10.4797,0.0010,0.0000,0,0,0.0000,0,0.0000,0,0,0,925,0
3428,5.2804,5.6386,0.0015,0.0000,0,0,0.0000,0,0.0000,0,0,0,987,0
3429,2.8706,5.6222,0.0011,0.0000,0,0,0.0000,0,0.0000,0,0,0,676,0
3430,2.8226,10.4337,0.0010,0.0000,0,0,0.0000,0,0.0000,0,0,0,1198,0
3431,2.8108,10.5069,0.0010,0.0000,0,0,0.0000,0,0.0000,0,0,0,1094,0
3432,5.2804,5.6280,0.0012,0.0000,0,0,0.0000,0,0.0000,0,0,0,879,0
3433,2.8706,5.5812,0.0012,0.0000,0,0,0.0000,0,0.0000,0,0,0,648,0
3434,2.8226,10.4107,0.0026,0.0000,0,0,0.0000,0,0.0000,0,0,0,1117,0
3435,2.8108,10.3065,0.0012,0.0000,0,0,0.0000,0,0.0000,0,0,0,1077,0
3436,5.2804,5.8650,0.0027,0.0000,0,0,0.0000,0,0.0000,0,0,0,746,0
3437,2.8706,5.6816,0.0015,0.0000,0,0,0.0000,0,0.0000,0,0,0,643,0
3438,2.8226,10.6650,0.0009,0.0000,0,0,0.0000,0,0.0000,0,0,0,1064,0
3439,2.8108,10.6029,0.0008,0.0000,0,0,0.0000,0,0.0000,0,0,0,1295,0
3440,5.2804,5.7496,0.0013,0.0000,0,0,0.0000,0,0.0000,0,0,0,687,0
3441,2.8706,5.6558,0.0011,0.0000,0,0,0.0000,0,0.0000,0,0,0,622,0
3442,2.8226,10.4213,0.0030,0.0000,0,0,0.0000,0,0.0000,0,0,0,1368,0
3443,2.8108,10.3918,0.0013,0.0000,0,0,0.0000,0,0.0000,0,0,0,709,0
3444,5.2804,6.0950,0.0029,0.0000,0,0,0.0000,0,0.0000,0,0,0,716,0
3445,2.8706,5.8003,0.0018,0.0000,0,0,0.0000,0,0.0000,0,0,0,620,0
3446,2.8226,10.6534,0.0010,0.0000,0,0,0.0000,0,0.0000,0,0,0,710,0
3447,2.8108,10.5654,0.0008,0.0000,0,0,0.0000,0,0.0000,0,0,0,715,0
3448,5.2804,5.7866,0.0012,0.0000,0,0,0.0000,0,0.0000,0,0,0,717,0
3449,2.8706,5.6636,0.0022,0.0000,0,0,0.0000,0,0.0000,0,0,0,613,0
3450,2.8226,10.4981,0.0008,0.0000,0,0,0.0000,0,0.0000,0,0,0,696,0
3451,2.8108,10.4426,0.0005,0.0000,0,0,0.0000,0,0.0000,0,0,0,724,0
3452,5.2804,5.6406,0.0017,0.0000,0,0,0.0000,0,0.0000,0,0,0,685,0
3453,2.8706,5.5672,0.0008,0.0000,0,0,0.0000,0,0.0000,0,0,0,617,0
3454,2.8226,10.5169,0.0019,0.0000,0,0,0.0000,0,0.0000,0,0,0,755,0
3455,2.8108,10.4753,0.0016,0.0000,0,0,0.0000,0,0.0000,0,0,0,779,0
3456,5.2804,5.7219,0.0018,0.0000,0,0,0.0000,0,0.0000,0,0,0,664,0
3457,2.8706,5.5779,0.0010,0.0000,0,0,0.0000,0,0.0000,0,0,0,622,0
3458,2.8226,10.2894,0.0008,0.0000,0,0,0.0000,0,0.0000,0,0,0,785,0
3459,2.8108,10.3539,0.0009,0.0000,0,0,0.0000,0,0.0000,0,0,0,906,0
3460,5.2804,5.7596,0.0008,0.0000,0,0,0.0000,0,0.0000,0,0,0,636,0
3461,2.8706,5.6701,0.0008,0.0000,0,0,0.0000,0,0.0000,0,0,0,626,0
3462,2.8226,10.4698,0.0010,0.0000,0,0,0.0000,0,0.0000,0,0,0,868,0
3463,2.8108,10.5285,0.0012,0.0000,0,0,0.0000,0,0.0000,0,0,0,830,0
3464,5.2804,5.7165,0.0009,0.0000,0,0,0.0000,0,0.0000,0,0,0,635,0
3465,2.8706,5.6351,0.0009,0.0000,0,0,0.0000,0,0.0000,0,0,0,608,0
3466,2.8226,10.4680,0.0009,0.0000,0,0,0.0000,0,0.0000,0,0,0,801,0
3467,2.8108,10.4617,0.0009,0.0000,0,0,0.0000,0,0.0000,0,0,0,966,0
3468,5.2804,5.6675,0.0011,0.0000,0,0,0.0000,0,0.0000,0,0,0,650,0
3469,2.8706,5.5624,0.0015,0.0000,0,0,0.0000,0,0.0000,0,0,0,606,0
3470,2.8226,10.4413,0.0010,0.0000,0,0,0.0000,0,0.0000,0,0,0,1017,0
3471,2.8108,10.3905,0.0008,0.0000,0,0,0.0000,0,0.0000,0,0,0,705,0
3472,5.2804,5.6885,0.0015,0.0000,0,0,0.0000,0,0.0000,0,0,0,646,0
3473,2.8706,5.7385,0.0011,0.0000,0,0,0.0000,0,0.0000,0,0,0,607,0
3474,2.8226,10.3510,0.0011,0.0000,0,0,0.0000,0,0.0000,0,0,0,933,0
3475,2.8108,10.3941,0.0012,0.0000,0,0,0.0000,0,0.0000,0,0,0,703,0
3476,5.2804,5.8285,0.0016,0.0000,0,0,0.0000,0,0.0000,0,0,0,651,0
3477,2.8706,5.7146,0.0012,0.0000,0,0,0.0000,0,0.0000,0,0,0,609,0
3478,2.8226,10.6203,0.0012,0.0000,0,0,0.0000,0,0.0000,0,0,0,926,0
3479,2.8108,10.5703,0.0012,0.0000,0,0,0.0000,0,0.0000,0,0,0,728,0
3480,5.2804,5.8062,0.0024,0.0000,0,0,0.0000,0,0.0000,0,0,0,638,0
3481,2.8706,5.6430,0.0012,0.0000,0,0,0.0000,0,0.0000,0,0,0,601,0
3482,2.8226,10.6566,0.0020,0.0000,0,0,0.0000,0,0.0000,0,0,0,856,0
3483,2.8108,10.6088,0.0013,0.0000,0,0,0.0000,0,0.0000,0,0,0,752,0
3484,5.2804,5.8700,0.0023,0.0000,0,0,0.0000,0,0.0000,0,0,0,623,0
3485,2.8706,5.6385,0.0009,0.0000,0,0,0.0000,0,0.0000,0,0,0,601,0
3486,2.8226,10.4186,0.0009,0.0000,0,0,0.0000,0,0.0000,0,0,0,1082,0
3487,2.8108,10.3247,0.0018,0.0000,0,0,0.0000,0,0.0000,0,0,0,805,0
3488,5.2804,5.6307,0.0010,0.0000,0,0,0.0000,0,0.0000,0,0,0,626,0
3489,2.8706,5.5694,0.0010,0.0000,0,0,0.0000,0,0.0000,0,0,0,601,0
3490,2.8226,10.3243,0.0009,0.0000,0,0,0.0000,0,0.0000,0,0,0,712,0
3491,2.8108,10.3201,0.0009,0.0000,0,0,0.0000,0,0.0000,0,0,0,775,0
3492,5.2804,5.7289,0.0010,0.0000,0,0,0.0000,0,0.0000,0,0,0,622,0
3493,2.8706,5.6324,0.0009,0.0000,0,0,0.0000,0,0.0000,0,0,0,601,0
3494,2.8226,10.5181,0.0010,0.0000,0,0,0.0000,0,0.0000,0,0,0,709,0
3495,2.8108,10.4968,0.0023,0.0000,0,0,0.0000,0,0.0000,0,0,0,911,0
3496,5.2804,5.8611,0.0016,0.0000,0,0,0.0000,0,0.0000,0,0,0,611,0
3497,2.8706,5.6915,0.0010,0.0000,0,0,0.0000,0,0.0000,0,0,0,601,0
3498,2.8226,10.6459,0.0010,0.0000,0,0,0.0000,0,0.0000,0,0,0,723,0
3499,2.8108,10.5976,0.0010,0.0000,0,0,0.0000,0,0.0000,0,0,0,698,0
3500,5.2804,5.7356,0.0016,0.0000,0,0,0.0000,0,0.0000,0,0,0,618,0
3501,2.8706,5.5721,0.0010,0.0000,0,0,0.0000,0,0.0000,0,0,0,601,0
3502,2.8226,10.5531,0.0015,0.0000,0,0,0.0000,0,0.0000,0,0,0,744,0
3503,2.8108,10.5315,0.0014,0.0000,0,0,0.0000,0,0.0000,0,0,0,696,0
3504,5.2804,5.9642,0.0015,0.0000,0,0,0.0000,0,0.0000,0,0,0,605,0
3505,2.8706,5.7383,0.0010,0.0000,0,0,0.0000,0,0.0000,0,0,0,601,0
3506,2.8226,10.5344,0.0013,0.0000,0,0,0.0000,0,0.0000,0,0,0,786,0
3507,2.8108,10.4685,0.0009,0.0000,0,0,0.0000,0,0.0000,0,0,0,704,0
3508,5.2804,5.9931,0.0023,0.0000,0,0,0.0000,0,0.0000,0,0,0,606,0
3509,2.8706,5.7742,0.0009,0.0000,0,0,0.0000,0,0.0000,0,0,0,601,0
3510,2.8226,10.7523,0.0013,0.0000,0,0,0.0000,0,0.0000,0,0,0,780,0
3511,2.8108,10.7085,0.0008,0.0000,0,0,0.0000,0,0.0000,0,0,0,741,0
3512,5.2804,5.9307,0.0022,0.0000,0,0,0.0000,0,0.0000,0,0,0,605,0
3513,2.8706,5.7031,0.0017,0.0000,0,0,0.0000,0,0.0000,0,0,0,601,0
3514,2.8226,10.5117,0.0019,0.0000,0,0,0.0000,0,0.0000,0,0,0,808,0
3515,2.8108,10.4562,0.0012,0.0000,0,0,0.0000,0,0.0000,0,0,0,758,0
3516,5.2804,5.7950,0.0018,0.0000,0,0,0.0000,0,0.0000,0,0,0,606,0
3517,2.8706,5.7399,0.0015,0.0000,0,0,0.0000,0,0.0000,0,0,0,601,0
3518,2.8226,10.3928,0.0024,0.0000,0,0,0.0000,0,0.0000,0,0,0,795,0
3519,2.8108,10.3591,0.0019,0.0000,0,0,0.0000,0,0.0000,0,0,0,738,0
3520,5.2804,5.9946,0.0018,0.0000,0,0,0.0000,0,0.0000,0,0,0,601,0
3521,2.8706,5.7377,0.0013,0.0000,0,0,0.0000,0,0.0000,0,0,0,601,0
3522,2.8226,10.6555,0.0012,0.0000,0,0,0.0000,0,0.0000,0,0,0,771,0
3523,2.8108,10.5409,0.0016,0.0000,0,0,0.0000,0,0.0000,0,0,0,836,0
3524,5.2804,6.0091,0.0018,0.0000,0,0,0.0000,0,0.0000,0,0,0,601,0
3525,2.8706,5.8190,0.0039,0.0000,0,0,0.0000,0,0.0000,0,0,0,601,0
3526,2.8226,10.7678,0.0013,0.0000,0,0,0.0000,0,0.0000,0,0,0,779,0
3527,2.8108,10.6588,0.0010,0.0000,0,0,0.0000,0,0.0000,0,0,0,698,0
3528,5.2804,5.7864,0.0027,0.0000,0,0,0.0000,0,0.0000,0,0,0,601,0
3529,2.8706,5.6431,0.0010,0.0000,0,0,0.0000,0,0.0000,0,0,0,601,0
3530,2.8226,10.5634,0.0018,0.0000,0,0,0.0000,0,0.0000,0,0,0,967,0
3531,2.8108,10.5087,0.0018,0.0000,0,0,0.0000,0,0.0000,0,0,0,696,0
3532,5.2804,5.8294,0.0019,0.0000,0,0,0.0000,0,0.0000,0,0,0,601,0
3533,2.8706,5.6882,0.0013,0.0000,0,0,0.0000,0,0.0000,0,0,0,601,0
3534,2.8226,10.6477,0.0019,0.0000,0,0,0.0000,0,0.0000,0,0,0,710,0
3535,2.8108,10.5137,0.0008,0.0000,0,0,0.0000,0,0.0000,0,0,0,700,0
3536,5.2804,5.8959,0.0014,0.0000,0,0,0.0000,0,0.0000,0,0,0,601,0
3537,2.8706,5.6867,0.0013,0.0000,0,0,0.0000,0,0.0000,0,0,0,601,0
3538,2.8226,10.6511,0.0018,0.0000,0,0,0.0000,0,0.0000,0,0,0,703,0
3539,2.8108,10.5075,0.0011,0.0000,0,0,0.0000,0,0.0000,0,0,0,721,0
3540,5.2804,5.9400,0.0015,0.0000,0,0,0.0000,0,0.0000,0,0,0,601,0
3541,2.8706,5.7595,0.0018,0.0000,0,0,0.0000,0,0.0000,0,0,0,601,0
3542,2.8226,10.5713,0.0019,0.0000,0,0,0.0000,0,0.0000,0,0,0,708,0
3543,2.8108,10.4192,0.0028,0.0000,0,0,0.0000,0,0.0000,0,0,0,783,0
3544,5.2804,6.0882,0.0110,0.0000,0,0,0.0000,0,0.0000,0,0,0,601,0
3545,2.8706,5.7224,0.0095,0.0000,0,0,0.0000,0,0.0000,0,0,0,601,0
3546,2.8226,10.7340,0.0104,0.0000,0,0,0.0000,0,0.0000,0,0,0,751,0
3547,2.8108,10.0698,0.0101,0.0000,0,0,0.0000,0,0.0000,0,0,0,755,0
3548,5.2804,6.6034,0.0084,0.0000,0,0,0.0000,0,0.0000,0,0,0,601,0
3549,2.8706,5.9913,0.0017,0.0000,0,0,0.0000,0,0.0000,0,0,0,601,0
3550,2.8226,10.1085,0.0088,0.0000,0,0,0.0000,0,0.0000,0,0,0,762,0
3551,2.8108,10.1962,0.0021,0.0000,0,0,0.0000,0,0.0000,0,0,0,801,0
3552,5.2804,6.6600,0.0101,0.0000,0,0,0.0000,0,0.0000,0,0,0,601,0
3553,2.8706,5.9149,0.0030,0.0000,0,0,0.0000,0,0.0000,0,0,0,601,0
3554,2.8226,10.8326,0.0022,0.0000,0,0,0.0000,0,0.0000,0,0,0,747,0
3555,2.8108,10.4295,0.0017,0.0000,0,0,0.0000,0,0.0000,0,0,0,696,0
3556,5.2804,6.0487,0.0023,0.0000,0,0,0.0000,0,0.0000,0,0,0,601,0
3557,2.8706,5.7138,0.0024,0.0000,0,0,0.0000,0,0.0000,0,0,0,601,0
3558,2.8226,10.5826,0.0016,0.0000,0,0,0.0000,0,0.0000,0,0,0,830,0
3559,2.8108,10.4416,0.0017,0.0000,0,0,0.0000,0,0.0000,0,0,0,701,0
3560,5.2804,6.0213,0.0018,0.0000,0,0,0.0000,0,0.0000,0,0,0,601,0
3561,2.8706,5.7239,0.0018,0.0000,0,0,0.0000,0,0.0000,0,0,0,601,0
3562,2.8226,10.5835,0.0013,0.0000,0,0,0.0000,0,0.0000,0,0,0,769,0
3563,2.8108,10.5340,0.0012,0.0000,0,0,0.0000,0,0.0000,0,0,0,696,0
3564,5.2804,5.8817,0.0011,0.0000,0,0,0.0000,0,0.0000,0,0,0,601,0
3565,2.8706,5.6618,0.0008,0.0000,0,0,0.0000,0,0.0000,0,0,0,601,0
3566,2.8226,10.4792,0.0011,0.0000,0,0,0.0000,0,0.0000,0,0,0,728,0
3567,2.8108,10.4149,0.0010,0.0000,0,0,0.0000,0,0.0000,0,0,0,717,0
3568,5.2804,5.9087,0.0017,0.0000,0,0,0.0000,0,0.0000,0,0,0,601,0
3569,2.8706,5.6795,0.0008,0.0000,0,0,0.0000,0,0.0000,0,0,0,601,0
3570,2.8226,10.6100,0.0015,0.0000,0,0,0.0000,0,0.0000,0,0,0,726,0
3571,2.8108,10.5550,0.0018,0.0000,0,0,0.0000,0,0.0000,0,0,0,731,0
3572,5.2804,5.7793,0.0012,0.0000,0,0,0.0000,0,0.0000,0,0,0,601,0
3573,2.8706,5.6712,0.0011,0.0000,0,0,0.0000,0,0.0000,0,0,0,601,0
3574,2.8226,10.4053,0.0018,0.0000,0,0,0.0000,0,0.0000,0,0,0,833,0
3575,2.8108,10.3204,0.0013,0.0000,0,0,0.0000,0,0.0000,0,0,0,722,0
3576,5.2804,5.7437,0.0012,0.0000,0,0,0.0000,0,0.0000,0,0,0,601,0
3577,2.8706,5.6487,0.0012,0.0000,0,0,0.0000,0,0.0000,0,0,0,601,0
3578,2.8226,10.4125,0.0015,0.0000,0,0,0.0000,0,0.0000,0,0,0,696,0
3579,2.8108,10.3916,0.0018,0.0000,0,0,0.0000,0,0.0000,0,0,0,758,0
3580,5.2804,5.8163,0.0015,0.0000,0,0,0.0000,0,0.0000,0,0,0,601,0
3581,2.8706,5.7444,0.0015,0.0000,0,0,0.0000,0,0.0000,0,0,0,601,0
3582,2.8226,10.4612,0.0015,0.0000,0,0,0.0000,0,0.0000,0,0,0,696,0
3583,2.8108,10.3703,0.0012,0.0000,0,0,0.0000,0,0.0000,0,0,0,696,0
3584,5.2804,5.9992,0.0020,0.0000,0,0,0.0000,0,0.0000,0,0,0,601,0
3585,2.8706,5.7748,0.0085,0.0000,0,0,0.0000,0,0.0000,0,0,0,601,0
3586,2.8226,10.6918,0.0030,0.0000,0,0,0.0000,0,0.0000,0,0,0,696,0
3587,2.8108,10.5002,0.0017,0.0000,0,0,0.0000,0,0.0000,0,0,0,705,0
3588,5.2804,6.1862,0.0025,0.0000,0,0,0.0000,0,0.0000,0,0,0,601,0
3589,2.8706,5.8469,0.0019,0.0000,0,0,0.0000,0,0.0000,0,0,0,601,0
3590,2.8226,10.6355,0.0040,0.0000,0,0,0.0000,0,0.0000,0,0,0,696,0
3591,2.8108,10.5091,0.0015,0.0000,0,0,0.0000,0,0.0000,0,0,0,707,0
3592,5.2804,5.8628,0.0030,0.0000,0,0,0.0000,0,0.0000,0,0,0,601,0
3593,2.8706,5.7532,0.0007,0.0000,0,0,0.0000,0,0.0000,0,0,0,601,0
3594,2.8226,10.4955,0.0013,0.0000,0,0,0.0000,0,0.0000,0,0,0,701,0
3595,2.8108,10.3661,0.0010,0.0000,0,0,0.0000,0,0.0000,0,0,0,707,0
3596,5.2804,6.0790,0.0026,0.0000,0,0,0.0000,0,0.0000,0,0,0,601,0
3597,2.8706,5.7289,0.0019,0.0000,0,0,0.0000,0,0.0000,0,0,0,601,0
3598,2.8226,10.7821,0.0009,0.0000,0,0,0.0000,0,0.0000,0,0,0,703,0
3599,2.8108,10.5350,0.0013,0.0000,0,0,0.0000,0,0.0000,0,0,0,736,0
3600,5.2804,5.9599,0.0043,0.0000,0,0,0.0000,0,0.0000,0,0,0,601,0
3601,2.8706,5.7182,0.0009,0.0000,0,0,0.0000,0,0.0000,0,0,0,601,0
3602,2.8226,10.6010,0.0016,0.0000,0,0,0.0000,0,0.0000,0,0,0,716,0
3603,2.8108,10.5243,0.0018,0.0000,0,0,0.0000,0,0.0000,0,0,0,719,0
3604,5.2804,5.9152,0.0015,0.0000,0,0,0.0000,0,0.0000,0,0,0,601,0
3605,2.8706,5.7080,0.0013,0.0000,0,0,0.0000,0,0.0000,0,0,0,601,0
3606,2.8226,10.5104,0.0010,0.0000,0,0,0.0000,0,0.0000,0,0,0,714,0
3607,2.8108,10.4521,0.0021,0.0000,0,0,0.0000,0,0.0000,0,0,0,775,0
3608,5.2804,5.7605,0.0014,0.0000,0,0,0.0000,0,0.0000,0,0,0,601,0
3609,2.8706,5.6375,0.0015,0.0000,0,0,0.0000,0,0.0000,0,0,0,601,0
3610,2.8226,10.4447,0.0011,0.0000,0,0,0.0000,0,0.0000,0,0,0,717,0
3611,2.8108,10.4076,0.0008,0.0000,0,0,0.0000,0,0.0000,0,0,0,701,0
3612,5.2804,5.9310,0.0019,0.0000,0,0,0.0000,0,0.0000,0,0,0,601,0
3613,2.8706,5.7535,0.0018,0.0000,0,0,0.0000,0,0.0000,0,0,0,601,0
3614,2.8226,10.6917,0.0025,0.0000,0,0,0.0000,0,0.0000,0,0,0,711,0
3615,2.8108,10.6538,0.0022,0.0000,0,0,0.0000,0,0.0000,0,0,0,701,0
3616,5.2804,5.9021,0.0018,0.0000,0,0,0.0000,0,0.0000,0,0,0,601,0
3617,2.8706,5.7642,0.0015,0.0000,0,0,0.0000,0,0.0000,0,0,0,601,0
3618,2.8226,10.6595,0.0133,0.0000,0,0,0.0000,0,0.0000,0,0,0,763,0
3619,2.8108,10.6480,0.0028,0.0000,0,0,0.0000,0,0.0000,0,0,0,701,0
3620,5.2804,6.2384,0.0077,0.0000,0,0,0.0000,0,0.0000,0,0,0,601,0
3621,2.8706,5.7880,0.0010,0.0000,0,0,0.0000,0,0.0000,0,0,0,601,0
3622,2.8226,10.6150,0.0068,0.0000,0,0,0.0000,0,0.0000,0,0,0,696,0
3623,2.8108,10.5441,0.0013,0.0000,0,0,0.0000,0,0.0000,0,0,0,715,0
3624,5.2804,6.2977,0.0018,0.0000,0,0,0.0000,0,0.0000,0,0,0,601,0
3625,2.8706,5.8142,0.0016,0.0000,0,0,0.0000,0,0.0000,0,0,0,601,0
3626,2.8226,8.9769,0.0010,0.0000,0,0,0.0000,0,0.0000,0,0,0,696,0
3627,2.8108,8.4489,0.0008,0.0000,0,0,0.0000,0,0.0000,0,0,0,726,0
3628,5.2804,6.0681,0.0017,0.0000,0,0,0.0000,0,0.0000,0,0,0,601,0
3629,2.8706,5.7514,0.0009,0.0000,0,0,0.0000,0,0.0000,0,0,0,601,0
3630,2.8226,10.6775,0.0020,0.0000,0,0,0.0000,0,0.0000,0,0,0,696,0
3631,2.8108,10.6055,0.0011,0.0000,0,0,0.0000,0,0.0000,0,0,0,714,0
3632,5.2804,5.8444,0.0012,0.0000,0,0,0.0000,0,0.0000,0,0,0,601,0
3633,2.8706,5.6741,0.0015,0.0000,0,0,0.0000,0,0.0000,0,0,0,601,0
3634,2.8226,10.4189,0.0013,0.0000,0,0,0.0000,0,0.0000,0,0,0,696,0
3635,2.8108,10.3933,0.0013,0.0000,0,0,0.0000,0,0.0000,0,0,0,789,0
3636,5.2804,5.7410,0.0013,0.0000,0,0,0.0000,0,0.0000,0,0,0,601,0
3637,2.8706,5.6496,0.0011,0.0000,0,0,0.0000,0,0.0000,0,0,0,601,0
3638,2.8226,10.4036,0.0071,0.0000,0,0,0.0000,0,0.0000,0,0,0,717,0
3639,2.8108,10.3325,0.0013,0.0000,0,0,0.0000,0,0.0000,0,0,0,703,0
3640,5.2804,6.0131,0.0013,0.0000,0,0,0.0000,0,0.0000,0,0,0,601,0
3641,2.8706,5.7695,0.0008,0.0000,0,0,0.0000,0,0.0000,0,0,0,601,0
3642,2.8226,10.6052,0.0016,0.0000,0,0,0.0000,0,0.0000,0,0,0,716,0
3643,2.8108,10.5373,0.0014,0.0000,0,0,0.0000,0,0.0000,0,0,0,705,0
3644,5.2804,5.8061,0.0014,0.0000,0,0,0.0000,0,0.0000,0,0,0,601,0
3645,2.8706,5.6872,0.0014,0.0000,0,0,0.0000,0,0.0000,0,0,0,601,0
3646,2.8226,10.4755,0.0016,0.0000,0,0,0.0000,0,0.0000,0,0,0,745,0
3647,2.8108,10.3820,0.0013,0.0000,0,0,0.0000,0,0.0000,0,0,0,700,0
3648,5.2804,5.8361,0.0016,0.0000,0,0,0.0000,0,0.0000,0,0,0,601,0
3649,2.8706,5.7647,0.0026,0.0000,0,0,0.0000,0,0.0000,0,0,0,601,0
3650,2.8226,10.9425,0.0165,0.0000,0,0,0.0000,0,0.0000,0,0,0,737,0
3651,2.8108,10.7417,0.0165,0.0000,0,0,0.0000,0,0.0000,0,0,0,706,0
3652,5.2804,6.4800,0.0386,0.0000,0,0,0.0000,0,0.0000,0,0,0,601,0
3653,2.8706,5.9350,0.0023,0.0000,0,0,0.0000,0,0.0000,0,0,0,601,0
3654,2.8226,10.9478,0.0112,0.0000,0,0,0.0000,0,0.0000,0,0,0,718,0
3655,2.8108,10.6887,0.0110,0.0000,0,0,0.0000,0,0.0000,0,0,0,723,0
3656,5.2804,6.6714,0.0014,0.0000,0,0,0.0000,0,0.0000,0,0,0,601,0
3657,2.8706,5.9864,0.0018,0.0000,0,0,0.0000,0,0.0000,0,0,0,601,0
3658,2.8226,9.1521,0.0021,0.0000,0,0,0.0000,0,0.0000,0,0,0,719,0
3659,2.8108,8.8155,0.0015,0.0000,0,0,0.0000,0,0.0000,0,0,0,714,0
3660,5.2804,6.0429,0.0016,0.0000,0,0,0.0000,0,0.0000,0,0,0,601,0
3661,2.8706,5.7362,0.0018,0.0000,0,0,0.0000,0,0.0000,0,0,0,601,0
3662,2.8226,10.4607,0.0010,0.0000,0,0,0.0000,0,0.0000,0,0,0,747,0
3663,2.8108,10.3892,0.0019,0.0000,0,0,0.0000,0,0.0000,0,0,0,769,0
3664,5.2804,5.7527,0.0011,0.0000,0,0,0.0000,0,0.0000,0,0,0,601,0
3665,2.8706,5.6627,0.0010,0.0000,0,0,0.0000,0,0.0000,0,0,0,601,0
3666,2.8226,10.4076,0.0010,0.0000,0,0,0.0000,0,0.0000,0,0,0,696,0
3667,2.8108,10.3522,0.0021,0.0000,0,0,0.0000,0,0.0000,0,0,0,704,0
3668,5.2804,5.7820,0.0010,0.0000,0,0,0.0000,0,0.0000,0,0,0,601,0
3669,2.8706,5.6303,0.0014,0.0000,0,0,0.0000,0,0.0000,0,0,0,601,0
3670,2.8226,10.6725,0.0013,0.0000,0,0,0.0000,0,0.0000,0,0,0,696,0
3671,2.8108,10.4216,0.0012,0.0000,0,0,0.0000,0,0.0000,0,0,0,707,0
3672,5.2804,5.7965,0.0016,0.0000,0,0,0.0000,0,0.0000,0,0,0,601,0
3673,2.8706,5.7080,0.0014,0.0000,0,0,0.0000,0,0.0000,0,0,0,601,0
3674,2.8226,10.4253,0.0012,0.0000,0,0,0.0000,0,0.0000,0,0,0,696,0
3675,2.8108,10.3294,0.0010,0.0000,0,0,0.0000,0,0.0000,0,0,0,714,0
3676,5.2804,5.7598,0.0012,0.0000,0,0,0.0000,0,0.0000,0,0,0,601,0
3677,2.8706,5.6731,0.0012,0.0000,0,0,0.0000,0,0.0000,0,0,0,601,0
3678,2.8226,10.3857,0.0011,0.0000,0,0,0.0000,0,0.0000,0,0,0,696,0
3679,2.8108,10.3302,0.0020,0.0000,0,0,0.0000,0,0.0000,0,0,0,709,0
3680,5.2804,5.7655,0.0013,0.0000,0,0,0.0000,0,0.0000,0,0,0,601,0
3681,2.8706,5.6651,0.0015,0.0000,0,0,0.0000,0,0.0000,0,0,0,601,0
3682,2.8226,10.5657,0.0028,0.0000,0,0,0.0000,0,0.0000,0,0,0,696,0
3683,2.8108,10.4663,0.0022,0.0000,0,0,0.0000,0,0.0000,0,0,0,732,0
3684,5.2804,6.1347,0.0018,0.0000,0,0,0.0000,0,0.0000,0,0,0,601,0
3685,2.8706,5.6937,0.0018,0.0000,0,0,0.0000,0,0.0000,0,0,0,601,0
3686,2.8226,10.5877,0.0009,0.0000,0,0,0.0000,0,0.0000,0,0,0,696,0
3687,2.8108,10.4940,0.0015,0.0000,0,0,0.0000,0,0.0000,0,0,0,719,0
3688,5.2804,5.8107,0.0044,0.0000,0,0,0.0000,0,0.0000,0,0,0,601,0
3689,2.8706,5.6522,0.0008,0.0000,0,0,0.0000,0,0.0000,0,0,0,601,0
3690,2.8226,10.6151,0.0013,0.0000,0,0,0.0000,0,0.0000,0,0,0,708,0
3691,2.8108,10.5696,0.0008,0.0000,0,0,0.0000,0,0.0000,0,0,0,751,0
3692,5.2804,5.7654,0.0011,0.0000,0,0,0.0000,0,0.0000,0,0,0,601,0
3693,2.8706,5.5948,0.0007,0.0000,0,0,0.0000,0,0.0000,0,0,0,601,0
3694,2.8226,10.6006,0.0010,0.0000,0,0,0.0000,0,0.0000,0,0,0,708,0
3695,2.8108,10.5871,0.0008,0.0000,0,0,0.0000,0,0.0000,0,0,0,696,0
3696,5.2804,5.7111,0.0008,0.0000,0,0,0.0000,0,0.0000,0,0,0,601,0
3697,2.8706,5.5948,0.0006,0.0000,0,0,0.0000,0,0.0000,0,0,0,601,0
3698,2.8226,10.6669,0.0009,0.0000,0,0,0.0000,0,0.0000,0,0,0,706,0
3699,2.8108,10.6847,0.0009,0.0000,0,0,0.0000,0,0.0000,0,0,0,701,0
3700,5.2804,5.8752,0.0010,0.0000,0,0,0.0000,0,0.0000,0,0,0,601,0
3701,2.8706,5.7175,0.0006,0.0000,0,0,0.0000,0,0.0000,0,0,0,601,0
3702,2.8226,10.6148,0.0009,0.0000,0,0,0.0000,0,0.0000,0,0,0,707,0
3703,2.8108,10.5992,0.0012,0.0000,0,0,0.0000,0,0.0000,0,0,0,703,0
3704,5.2804,5.7198,0.0009,0.0000,0,0,0.0000,0,0.0000,0,0,0,601,0
3705,2.8706,5.5857,0.0010,0.0000,0,0,0.0000,0,0.0000,0,0,0,601,0
3706,2.8226,10.3575,0.0009,0.0000,0,0,0.0000,0,0.0000,0,0,0,723,0
3707,2.8108,10.3666,0.0009,0.0000,0,0,0.0000,0,0.0000,0,0,0,707,0
3708,5.2804,5.6707,0.0010,0.0000,0,0,0.0000,0,0.0000,0,0,0,601,0
3709,2.8706,5.6122,0.0010,0.0000,0,0,0.0000,0,0.0000,0,0,0,601,0
3710,2.8226,10.3715,0.0012,0.0000,0,0,0.0000,0,0.0000,0,0,0,696,0
3711,2.8108,10.4128,0.0010,0.0000,0,0,0.0000,0,0.0000,0,0,0,708,0
3712,5.2804,5.7407,0.0010,0.0000,0,0,0.0000,0,0.0000,0,0,0,601,0
3713,2.8706,5.6379,0.0012,0.0000,0,0,0.0000,0,0.0000,0,0,0,601,0
3714,2.8226,10.4828,0.0012,0.0000,0,0,0.0000,0,0.0000,0,0,0,696,0
3715,2.8108,10.4302,0.0016,0.0000,0,0,0.0000,0,0.0000,0,0,0,712,0
3716,5.2804,5.8042,0.0011,0.0000,0,0,0.0000,0,0.0000,0,0,0,601,0
3717,2.8706,5.6238,0.0011,0.0000,0,0,0.0000,0,0.0000,0,0,0,601,0
3718,2.8226,10.5325,0.0015,0.0000,0,0,0.0000,0,0.0000,0,0,0,696,0
3719,2.8108,10.5206,0.0016,0.0000,0,0,0.0000,0,0.0000,0,0,0,754,0
3720,5.2804,5.9633,0.0013,0.0000,0,0,0.0000,0,0.0000,0,0,0,601,0
3721,2.8706,5.7040,0.0014,0.0000,0,0,0.0000,0,0.0000,0,0,0,601,0
3722,2.8226,10.5463,0.0168,0.0000,0,0,0.0000,0,0.0000,0,0,0,696,0
3723,2.8108,10.4575,0.0018,0.0000,0,0,0.0000,0,0.0000,0,0,0,696,0
3724,5.2804,6.0417,0.0025,0.0000,0,0,0.0000,0,0.0000,0,0,0,601,0
3725,2.8706,5.7365,0.0013,0.0000,0,0,0.0000,0,0.0000,0,0,0,601,0
3726,2.8226,10.6025,0.0016,0.0000,0,0,0.0000,0,0.0000,0,0,0,701,0
3727,2.8108,10.5181,0.0009,0.0000,0,0,0.0000,0,0.0000,0,0,0,706,0
3728,5.2804,5.9295,0.0021,0.0000,0,0,0.0000,0,0.0000,0,0,0,601,0
3729,2.8706,5.6601,0.0010,0.0000,0,0,0.0000,0,0.0000,0,0,0,601,0
3730,2.8226,10.5843,0.0011,0.0000,0,0,0.0000,0,0.0000,0,0,0,696,0
3731,2.8108,10.5155,0.0016,0.0000,0,0,0.0000,0,0.0000,0,0,0,700,0
3732,5.2804,5.9433,0.0030,0.0000,0,0,0.0000,0,0.0000,0,0,0,601,0
3733,2.8706,5.7584,0.0013,0.0000,0,0,0.0000,0,0.0000,0,0,0,601,0
3734,2.8226,10.5443,0.0021,0.0000,0,0,0.0000,0,0.0000,0,0,0,707,0
3735,2.8108,10.3908,0.0004,0.0000,0,0,0.0000,0,0.0000,0,0,0,704,0
3736,5.2804,5.9048,0.0018,0.0000,0,0,0.0000,0,0.0000,0,0,0,601,0
3737,2.8706,5.6309,0.0020,0.0000,0,0,0.0000,0,0.0000,0,0,0,601,0
3738,2.8226,10.7081,0.0028,0.0000,0,0,0.0000,0,0.0000,0,0,0,701,0
3739,2.8108,10.6519,0.0019,0.0000,0,0,0.0000,0,0.0000,0,0,0,715,0
3740,5.2804,6.0658,0.0037,0.0000,0,0,0.0000,0,0.0000,0,0,0,601,0
3741,2.8706,5.7220,0.0015,0.0000,0,0,0.0000,0,0.0000,0,0,0,601,0
3742,2.8226,10.5332,0.0014,0.0000,0,0,0.0000,0,0.0000,0,0,0,702,0
3743,2.8108,10.4781,0.0017,0.0000,0,0,0.0000,0,0.0000,0,0,0,700,0
3744,5.2804,6.0826,0.0023,0.0000,0,0,0.0000,0,0.0000,0,0,0,601,0
3745,2.8706,5.7947,0.0021,0.0000,0,0,0.0000,0,0.0000,0,0,0,601,0
3746,2.8226,10.6682,0.0031,0.0000,0,0,0.0000,0,0.0000,0,0,0,711,0
3747,2.8108,10.5342,0.0019,0.0000,0,0,0.0000,0,0.0000,0,0,0,764,0
3748,5.2804,6.0051,0.0174,0.0000,0,0,0.0000,0,0.0000,0,0,0,601,0
3749,2.8706,5.7969,0.0020,0.0000,0,0,0.0000,0,0.0000,0,0,0,601,0
3750,2.8226,10.6043,0.0022,0.0000,0,0,0.0000,0,0.0000,0,0,0,722,0
3751,2.8108,10.4727,0.0011,0.0000,0,0,0.0000,0,0.0000,0,0,0,696,0
3752,5.2804,6.0627,0.0029,0.0000,0,0,0.0000,0,0.0000,0,0,0,601,0
3753,2.8706,5.7513,0.0020,0.0000,0,0,0.0000,0,0.0000,0,0,0,601,0
3754,2.8226,10.5495,0.0015,0.0000,0,0,0.0000,0,0.0000,0,0,0,696,0
3755,2.8108,10.4501,0.0041,0.0000,0,0,0.0000,0,0.0000,0,0,0,696,0
3756,5.2804,6.1668,0.0034,0.0000,0,0,0.0000,0,0.0000,0,0,0,601,0
3757,2.8706,5.8128,0.0012,0.0000,0,0,0.0000,0,0.0000,0,0,0,601,0
3758,2.8226,10.5653,0.0022,0.0000,0,0,0.0000,0,0.0000,0,0,0,696,0
3759,2.8108,10.4541,0.0016,0.0000,0,0,0.0000,0,0.0000,0,0,0,696,0
3760,5.2804,6.1889,0.0043,0.0000,0,0,0.0000,0,0.0000,0,0,0,601,0
3761,2.8706,5.8165,0.0030,0.0000,0,0,0.0000,0,0.0000,0,0,0,601,0
3762,2.8226,10.6570,0.0027,0.0000,0,0,0.0000,0,0.0000,0,0,0,696,0
3763,2.8108,10.4927,0.0022,0.0000,0,0,0.0000,0,0.0000,0,0,0,700,0
3764,5.2804,6.0192,0.0025,0.0000,0,0,0.0000,0,0.0000,0,0,0,601,0
3765,2.8706,5.7613,0.0016,0.0000,0,0,0.0000,0,0.0000,0,0,0,601,0
3766,2.8226,10.5982,0.0026,0.0000,0,0,0.0000,0,0.0000,0,0,0,705,0
3767,2.8108,10.4738,0.0010,0.0000,0,0,0.0000,0,0.0000,0,0,0,702,0
3768,5.2804,6.0458,0.0025,0.0000,0,0,0.0000,0,0.0000,0,0,0,601,0
3769,2.8706,5.7570,0.0021,0.0000,0,0,0.0000,0,0.0000,0,0,0,601,0
3770,2.8226,10.4981,0.0034,0.0000,0,0,0.0000,0,0.0000,0,0,0,708,0
3771,2.8108,10.3809,0.0008,0.0000,0,0,0.0000,0,0.0000,0,0,0,706,0
3772,5.2804,5.9854,0.0053,0.0000,0,0,0.0000,0,0.0000,0,0,0,601,0
3773,2.8706,5.8909,0.0022,0.0000,0,0,0.0000,0,0.0000,0,0,0,601,0
3774,2.8226,10.6222,0.0035,0.0000,0,0,0.0000,0,0.0000,0,0,0,707,0
3775,2.8108,10.4524,0.0012,0.0000,0,0,0.0000,0,0.0000,0,0,0,721,0
3776,5.2804,6.0555,0.0027,0.0000,0,0,0.0000,0,0.0000,0,0,0,601,0
3777,2.8706,5.7940,0.0027,0.0000,0,0,0.0000,0,0.0000,0,0,0,601,0
3778,2.8226,10.7153,0.0030,0.0000,0,0,0.0000,0,0.0000,0,0,0,708,0
3779,2.8108,10.6762,0.0011,0.0000,0,0,0.0000,0,0.0000,0,0,0,696,0
3780,5.2804,6.0451,0.0020,0.0000,0,0,0.0000,0,0.0000,0,0,0,601,0
3781,2.8706,5.7064,0.0008,0.0000,0,0,0.0000,0,0.0000,0,0,0,601,0
3782,2.8226,10.4716,0.0016,0.0000,0,0,0.0000,0,0.0000,0,0,0,706,0
3783,2.8108,10.3582,0.0013,0.0000,0,0,0.0000,0,0.0000,0,0,0,696,0
3784,5.2804,5.9935,0.0032,0.0000,0,0,0.0000,0,0.0000,0,0,0,601,0
3785,2.8706,5.7337,0.0011,0.0000,0,0,0.0000,0,0.0000,0,0,0,601,0
3786,2.8226,10.5872,0.0015,0.0000,0,0,0.0000,0,0.0000,0,0,0,711,0
3787,2.8108,10.3930,0.0010,0.0000,0,0,0.0000,0,0.0000,0,0,0,696,0
3788,5.2804,6.5435,0.0021,0.0000,0,0,0.0000,0,0.0000,0,0,0,601,0
3789,2.8706,6.0644,0.0076,0.0000,0,0,0.0000,0,0.0000,0,0,0,601,0
3790,2.8226,11.2444,0.0074,0.0000,0,0,0.0000,0,0.0000,0,0,0,706,0
3791,2.8108,11.1426,0.0075,0.0000,0,0,0.0000,0,0.0000,0,0,0,702,0
3792,5.2804,6.5468,0.0054,0.0000,0,0,0.0000,0,0.0000,0,0,0,601,0
3793,2.8706,5.8715,0.0021,0.0000,0,0,0.0000,0,0.0000,0,0,0,601,0
3794,2.8226,10.4154,0.0091,0.0000,0,0,0.0000,0,0.0000,0,0,0,748,0
3795,2.8108,10.4296,0.0023,0.0000,0,0,0.0000,0,0.0000,0,0,0,702,0
3796,5.2804,6.5752,0.0062,0.0000,0,0,0.0000,0,0.0000,0,0,0,601,0
3797,2.8706,5.9988,0.0013,0.0000,0,0,0.0000,0,0.0000,0,0,0,601,0
3798,2.8226,9.3221,0.0077,0.0000,0,0,0.0000,0,0.0000,0,0,0,696,0
3799,2.8108,10.5488,0.0052,0.0000,0,0,0.0000,0,0.0000,0,0,0,702,0
3800,5.2804,7.0980,0.0077,0.0000,0,0,0.0000,0,0.0000,0,0,0,601,0
3801,2.8706,5.8637,0.0014,0.0000,0,0,0.0000,0,0.0000,0,0,0,601,0
3802,2.8226,11.1362,0.0013,0.0000,0,0,0.0000,0,0.0000,0,0,0,696,0
3803,2.8108,10.6714,0.0113,0.0000,0,0,0.0000,0,0.0000,0,0,0,742,0
3804,5.2804,6.7167,0.0071,0.0000,0,0,0.0000,0,0.0000,0,0,0,601,0
3805,2.8706,5.8200,0.0011,0.0000,0,0,0.0000,0,0.0000,0,0,0,601,0
3806,2.8226,10.5001,0.0090,0.0000,0,0,0.0000,0,0.0000,0,0,0,696,0
3807,2.8108,10.3375,0.0016,0.0000,0,0,0.0000,0,0.0000,0,0,0,696,0
3808,5.2804,6.7825,0.0095,0.0000,0,0,0.0000,0,0.0000,0,0,0,601,0
3809,2.8706,6.0730,0.0022,0.0000,0,0,0.0000,0,0.0000,0,0,0,601,0
3810,2.8226,10.4791,0.0078,0.0000,0,0,0.0000,0,0.0000,0,0,0,696,0
3811,2.8108,10.4149,0.0028,0.0000,0,0,0.0000,0,0.0000,0,0,0,696,0
3812,5.2804,7.6592,0.0076,0.0000,0,0,0.0000,0,0.0000,0,0,0,601,0
3813,2.8706,5.8804,0.0018,0.0000,0,0,0.0000,0,0.0000,0,0,0,601,0
3814,2.8226,10.5190,0.0070,0.0000,0,0,0.0000,0,0.0000,0,0,0,702,0
3815,2.8108,10.3403,0.0026,0.0000,0,0,0.0000,0,0.0000,0,0,0,696,0
3816,5.2804,6.5398,0.0090,0.0000,0,0,0.0000,0,0.0000,0,0,0,601,0
3817,2.8706,5.9208,0.0013,0.0000,0,0,0.0000,0,0.0000,0,0,0,601,0
3818,2.8226,11.6208,0.0147,0.0000,0,0,0.0000,0,0.0000,0,0,0,701,0
3819,2.8108,10.3159,0.0039,0.0000,0,0,0.0000,0,0.0000,0,0,0,696,0
3820,5.2804,7.0154,0.0054,0.0000,0,0,0.0000,0,0.0000,0,0,0,601,0
3821,2.8706,5.8637,0.0055,0.0000,0,0,0.0000,0,0.0000,0,0,0,601,0
3822,2.8226,11.3247,0.0094,0.0000,0,0,0.0000,0,0.0000,0,0,0,704,0
3823,2.8108,10.9629,0.0019,0.0000,0,0,0.0000,0,0.0000,0,0,0,701,0
3824,5.2804,6.7660,0.0087,0.0000,0,0,0.0000,0,0.0000,0,0,0,601,0
3825,2.8706,5.8148,0.0010,0.0000,0,0,0.0000,0,0.0000,0,0,0,601,0
3826,2.8226,10.5844,0.0070,0.0000,0,0,0.0000,0,0.0000,0,0,0,701,0
3827,2.8108,10.3888,0.0033,0.0000,0,0,0.0000,0,0.0000,0,0,0,700,0
3828,5.2804,6.9726,0.0102,0.0000,0,0,0.0000,0,0.0000,0,0,0,601,0
3829,2.8706,6.0255,0.0033,0.0000,0,0,0.0000,0,0.0000,0,0,0,601,0
3830,2.8226,10.8027,0.0099,0.0000,0,0,0.0000,0,0.0000,0,0,0,701,0
3831,2.8108,10.2617,0.0099,0.0000,0,0,0.0000,0,0.0000,0,0,0,720,0
3832,5.2804,6.7510,0.0094,0.0000,0,0,0.0000,0,0.0000,0,0,0,601,0
3833,2.8706,6.0806,0.0014,0.0000,0,0,0.0000,0,0.0000,0,0,0,601,0
3834,2.8226,8.9069,0.0120,0.0000,0,0,0.0000,0,0.0000,0,0,0,702,0
3835,2.8108,8.6771,0.0032,0.0000,0,0,0.0000,0,0.0000,0,0,0,696,0
3836,5.2804,7.1341,0.0089,0.0000,0,0,0.0000,0,0.0000,0,0,0,601,0
3837,2.8706,6.1560,0.0018,0.0000,0,0,0.0000,0,0.0000,0,0,0,601,0
3838,2.8226,10.8323,0.0072,0.0000,0,0,0.0000,0,0.0000,0,0,0,712,0
3839,2.8108,10.4657,0.0073,0.0000,0,0,0.0000,0,0.0000,0,0,0,696,0
3840,5.2804,6.9000,0.0087,0.0000,0,0,0.0000,0,0.0000,0,0,0,601,0
3841,2.8706,5.8796,0.0016,0.0000,0,0,0.0000,0,0.0000,0,0,0,601,0
3842,2.8226,10.8220,0.0065,0.0000,0,0,0.0000,0,0.0000,0,0,0,696,0
3843,2.8108,10.7537,0.0026,0.0000,0,0,0.0000,0,0.0000,0,0,0,696,0
3844,5.2804,6.6247,0.0112,0.0000,0,0,0.0000,0,0.0000,0,0,0,601,0
3845,2.8706,5.9722,0.0022,0.0000,0,0,0.0000,0,0.0000,0,0,0,601,0
3846,2.8226,10.6681,0.0068,0.0000,0,0,0.0000,0,0.0000,0,0,0,696,0
3847,2.8108,10.2411,0.0026,0.0000,0,0,0.0000,0,0.0000,0,0,0,696,0
3848,5.2804,7.5285,0.0088,0.0000,0,0,0.0000,0,0.0000,0,0,0,601,0
3849,2.8706,6.8277,0.0024,0.0000,0,0,0.0000,0,0.0000,0,0,0,601,0
3850,2.8226,10.6648,0.0093,0.0000,0,0,0.0000,0,0.0000,0,0,0,696,0
3851,2.8108,10.3665,0.0013,0.0000,0,0,0.0000,0,0.0000,0,0,0,705,0
3852,5.2804,7.1267,0.0092,0.0000,0,0,0.0000,0,0.0000,0,0,0,601,0
3853,2.8706,6.1866,0.0026,0.0000,0,0,0.0000,0,0.0000,0,0,0,601,0
3854,2.8226,9.7935,0.0053,0.0000,0,0,0.0000,0,0.0000,0,0,0,696,0
3855,2.8108,8.9281,0.0022,0.0000,0,0,0.0000,0,0.0000,0,0,0,704,0
3856,5.2804,6.3213,0.0053,0.0000,0,0,0.0000,0,0.0000,0,0,0,601,0
3857,2.8706,5.9124,0.0025,0.0000,0,0,0.0000,0,0.0000,0,0,0,601,0
3858,2.8226,10.3166,0.0080,0.0000,0,0,0.0000,0,0.0000,0,0,0,706,0
3859,2.8108,10.1823,0.0023,0.0000,0,0,0.0000,0,0.0000,0,0,0,711,0
3860,5.2804,6.9528,0.0083,0.0000,0,0,0.0000,0,0.0000,0,0,0,601,0
3861,2.8706,6.1760,0.0022,0.0000,0,0,0.0000,0,0.0000,0,0,0,601,0
3862,2.8226,10.6606,0.0075,0.0000,0,0,0.0000,0,0.0000,0,0,0,702,0
3863,2.8108,10.5506,0.0020,0.0000,0,0,0.0000,0,0.0000,0,0,0,696,0
3864,5.2804,6.6428,0.0079,0.0000,0,0,0.0000,0,0.0000,0,0,0,601,0
3865,2.8706,5.9502,0.0023,0.0000,0,0,0.0000,0,0.0000,0,0,0,601,0
3866,2.8226,10.1551,0.0054,0.0000,0,0,0.0000,0,0.0000,0,0,0,702,0
3867,2.8108,10.1342,0.0027,0.0000,0,0,0.0000,0,0.0000,0,0,0,696,0
3868,5.2804,6.4870,0.0096,0.0000,0,0,0.0000,0,0.0000,0,0,0,601,0
3869,2.8706,5.8096,0.0014,0.0000,0,0,0.0000,0,0.0000,0,0,0,601,0
3870,2.8226,10.9992,0.0069,0.0000,0,0,0.0000,0,0.0000,0,0,0,696,0
3871,2.8108,10.6410,0.0019,0.0000,0,0,0.0000,0,0.0000,0,0,0,696,0
3872,5.2804,6.6773,0.0289,0.0000,0,0,0.0000,0,0.0000,0,0,0,601,0
3873,2.8706,5.7985,0.0016,0.0000,0,0,0.0000,0,0.0000,0,0,0,601,0
3874,2.8226,10.7581,0.0079,0.0000,0,0,0.0000,0,0.0000,0,0,0,696,0
3875,2.8108,10.7489,0.0036,0.0000,0,0,0.0000,0,0.0000,0,0,0,696,0
3876,5.2804,6.6068,0.0060,0.0000,0,0,0.0000,0,0.0000,0,0,0,601,0
3877,2.8706,5.8805,0.0022,0.0000,0,0,0.0000,0,0.0000,0,0,0,601,0
3878,2.8226,10.6182,0.0085,0.0000,0,0,0.0000,0,0.0000,0,0,0,696,0
3879,2.8108,10.4277,0.0028,0.0000,0,0,0.0000,0,0.0000,0,0,0,701,0
3880,5.2804,6.6316,0.0077,0.0000,0,0,0.0000,0,0.0000,0,0,0,601,0
3881,2.8706,5.9250,0.0025,0.0000,0,0,0.0000,0,0.0000,0,0,0,601,0
3882,2.8226,10.2260,0.0066,0.0000,0,0,0.0000,0,0.0000,0,0,0,709,0
3883,2.8108,10.0762,0.0034,0.0000,0,0,0.0000,0,0.0000,0,0,0,696,0
3884,5.2804,6.5640,0.0063,0.0000,0,0,0.0000,0,0.0000,0,0,0,601,0
3885,2.8706,5.9395,0.0032,0.0000,0,0,0.0000,0,0.0000,0,0,0,601,0
3886,2.8226,11.2827,0.0089,0.0000,0,0,0.0000,0,0.0000,0,0,0,696,0
3887,2.8108,10.8968,0.0089,0.0000,0,0,0.0000,0,0.0000,0,0,0,707,0
3888,5.2804,6.3901,0.0054,0.0000,0,0,0.0000,0,0.0000,0,0,0,601,0
3889,2.8706,5.7802,0.0021,0.0000,0,0,0.0000,0,0.0000,0,0,0,601,0
3890,2.8226,10.3722,0.0021,0.0000,0,0,0.0000,0,0.0000,0,0,0,696,0
3891,2.8108,10.3051,0.0016,0.0000,0,0,0.0000,0,0.0000,0,0,0,698,0
3892,5.2804,6.2058,0.0054,0.0000,0,0,0.0000,0,0.0000,0,0,0,601,0
3893,2.8706,5.8669,0.0017,0.0000,0,0,0.0000,0,0.0000,0,0,0,601,0
3894,2.8226,10.7127,0.0025,0.0000,0,0,0.0000,0,0.0000,0,0,0,696,0
3895,2.8108,10.6108,0.0017,0.0000,0,0,0.0000,0,0.0000,0,0,0,696,0
3896,5.2804,5.7210,0.0020,0.0000,0,0,0.0000,0,0.0000,0,0,0,601,0
3897,2.8706,5.5013,0.0012,0.0000,0,0,0.0000,0,0.0000,0,0,0,601,0
3898,2.8226,10.4597,0.0013,0.0000,0,0,0.0000,0,0.0000,0,0,0,696,0
3899,2.8108,10.4738,0.0010,0.0000,0,0,0.0000,0,0.0000,0,0,0,696,0
3900,5.2804,5.8527,0.0010,0.0000,0,0,0.0000,0,0.0000,0,0,0,601,0
3901,2.8706,5.7057,0.0010,0.0000,0,0,0.0000,0,0.0000,0,0,0,601,0
3902,2.8226,10.5729,0.0035,0.0000,0,0,0.0000,0,0.0000,0,0,0,696,0
3903,2.8108,10.5065,0.0010,0.0000,0,0,0.0000,0,0.0000,0,0,0,696,0
3904,5.2804,5.9031,0.0014,0.0000,0,0,0.0000,0,0.0000,0,0,0,601,0
3905,2.8706,5.6504,0.0008,0.0000,0,0,0.0000,0,0.0000,0,0,0,601,0
3906,2.8226,10.5002,0.0008,0.0000,0,0,0.0000,0,0.0000,0,0,0,696,0
3907,2.8108,10.4809,0.0009,0.0000,0,0,0.0000,0,0.0000,0,0,0,696,0
3908,5.2804,5.7888,0.0008,0.0000,0,0,0.0000,0,0.0000,0,0,0,601,0
3909,2.8706,5.6695,0.0008,0.0000,0,0,0.0000,0,0.0000,0,0,0,601,0
3910,2.8226,10.5381,0.0008,0.0000,0,0,0.0000,0,0.0000,0,0,0,696,0
3911,2.8108,10.5590,0.0008,0.0000,0,0,0.0000,0,0.0000,0,0,0,696,0
3912,5.2804,5.7393,0.0012,0.0000,0,0,0.0000,0,0.0000,0,0,0,601,0
3913,2.8706,5.6547,0.0013,0.0000,0,0,0.0000,0,0.0000,0,0,0,601,0
3914,2.8226,10.5195,0.0012,0.0000,0,0,0.0000,0,0.0000,0,0,0,696,0
3915,2.8108,10.5312,0.0010,0.0000,0,0,0.0000,0,0.0000,0,0,0,706,0
3916,5.2804,5.7473,0.0010,0.0000,0,0,0.0000,0,0.0000,0,0,0,601,0
3917,2.8706,5.6268,0.0013,0.0000,0,0,0.0000,0,0.0000,0,0,0,601,0
3918,2.8226,10.4574,0.0010,0.0000,0,0,0.0000,0,0.0000,0,0,0,696,0
3919,2.8108,10.4189,0.0013,0.0000,0,0,0.0000,0,0.0000,0,0,0,696,0
3920,5.2804,5.6383,0.0012,0.0000,0,0,0.0000,0,0.0000,0,0,0,601,0
3921,2.8706,5.5224,0.0010,0.0000,0,0,0.0000,0,0.0000,0,0,0,601,0
3922,2.8226,10.4509,0.0012,0.0000,0,0,0.0000,0,0.0000,0,0,0,696,0
3923,2.8108,10.4645,0.0011,0.0000,0,0,0.0000,0,0.0000,0,0,0,696,0
3924,5.2804,5.8641,0.0028,0.0000,0,0,0.0000,0,0.0000,0,0,0,601,0
3925,2.8706,5.6509,0.0018,0.0000,0,0,0.0000,0,0.0000,0,0,0,601,0
3926,2.8226,10.5529,0.0013,0.0000,0,0,0.0000,0,0.0000,0,0,0,701,0
3927,2.8108,10.5009,0.0010,0.0000,0,0,0.0000,0,0.0000,0,0,0,696,0
3928,5.2804,5.9989,0.0050,0.0000,0,0,0.0000,0,0.0000,0,0,0,601,0
3929,2.8706,5.6555,0.0019,0.0000,0,0,0.0000,0,0.0000,0,0,0,601,0
3930,2.8226,10.6315,0.0017,0.0000,0,0,0.0000,0,0.0000,0,0,0,696,0
3931,2.8108,10.5226,0.0015,0.0000,0,0,0.0000,0,0.0000,0,0,0,696,0
3932,5.2804,6.0953,0.0041,0.0000,0,0,0.0000,0,0.0000,0,0,0,601,0
3933,2.8706,5.7011,0.0020,0.0000,0,0,0.0000,0,0.0000,0,0,0,601,0
3934,2.8226,10.5331,0.0029,0.0000,0,0,0.0000,0,0.0000,0,0,0,696,0
3935,2.8108,10.3129,0.0016,0.0000,0,0,0.0000,0,0.0000,0,0,0,696,0
3936,5.2804,6.0580,0.0039,0.0000,0,0,0.0000,0,0.0000,0,0,0,601,0
3937,2.8706,5.7438,0.0015,0.0000,0,0,0.0000,0,0.0000,0,0,0,601,0
3938,2.8226,10.4783,0.0020,0.0000,0,0,0.0000,0,0.0000,0,0,0,696,0
3939,2.8108,10.3187,0.0011,0.0000,0,0,0.0000,0,0.0000,0,0,0,696,0
3940,5.2804,6.2417,0.0055,0.0000,0,0,0.0000,0,0.0000,0,0,0,601,0
3941,2.8706,5.7776,0.0023,0.0000,0,0,0.0000,0,0.0000,0,0,0,601,0
3942,2.8226,10.6779,0.0041,0.0000,0,0,0.0000,0,0.0000,0,0,0,696,0
3943,2.8108,10.4548,0.0025,0.0000,0,0,0.0000,0,0.0000,0,0,0,706,0
3944,5.2804,6.4102,0.0118,0.0000,0,0,0.0000,0,0.0000,0,0,0,601,0
3945,2.8706,5.9710,0.0024,0.0000,0,0,0.0000,0,0.0000,0,0,0,601,0
3946,2.8226,10.8507,0.0071,0.0000,0,0,0.0000,0,0.0000,0,0,0,696,0
3947,2.8108,11.6273,0.0035,0.0000,0,0,0.0000,0,0.0000,0,0,0,696,0
3948,5.2804,6.7970,0.0065,0.0000,0,0,0.0000,0,0.0000,0,0,0,601,0
3949,2.8706,5.9575,0.0066,0.0000,0,0,0.0000,0,0.0000,0,0,0,601,0
3950,2.8226,10.7547,0.0085,0.0000,0,0,0.0000,0,0.0000,0,0,0,696,0
3951,2.8108,10.5171,0.0085,0.0000,0,0,0.0000,0,0.0000,0,0,0,696,0
3952,5.2804,6.7244,0.0101,0.0000,0,0,0.0000,0,0.0000,0,0,0,601,0
3953,2.8706,5.8275,0.0013,0.0000,0,0,0.0000,0,0.0000,0,0,0,601,0
3954,2.8226,9.9824,0.0039,0.0000,0,0,0.0000,0,0.0000,0,0,0,696,0
3955,2.8108,10.1476,0.0016,0.0000,0,0,0.0000,0,0.0000,0,0,0,696,0
3956,5.2804,6.1431,0.0038,0.0000,0,0,0.0000,0,0.0000,0,0,0,601,0
3957,2.8706,5.7098,0.0011,0.0000,0,0,0.0000,0,0.0000,0,0,0,601,0
3958,2.8226,10.7039,0.0041,0.0000,0,0,0.0000,0,0.0000,0,0,0,696,0
3959,2.8108,10.5142,0.0040,0.0000,0,0,0.0000,0,0.0000,0,0,0,703,0
3960,5.2804,6.1338,0.0033,0.0000,0,0,0.0000,0,0.0000,0,0,0,601,0
3961,2.8706,5.7466,0.0033,0.0000,0,0,0.0000,0,0.0000,0,0,0,601,0
3962,2.8226,10.7559,0.0016,0.0000,0,0,0.0000,0,0.0000,0,0,0,696,0
3963,2.8108,10.7298,0.0012,0.0000,0,0,0.0000,0,0.0000,0,0,0,703,0
3964,5.2804,5.9573,0.0013,0.0000,0,0,0.0000,0,0.0000,0,0,0,601,0
3965,2.8706,5.6659,0.0006,0.0000,0,0,0.0000,0,0.0000,0,0,0,601,0
3966,2.8226,10.5348,0.0013,0.0000,0,0,0.0000,0,0.0000,0,0,0,696,0
3967,2.8108,10.4746,0.0007,0.0000,0,0,0.0000,0,0.0000,0,0,0,696,0
3968,5.2804,5.9262,0.0013,0.0000,0,0,0.0000,0,0.0000,0,0,0,601,0
3969,2.8706,5.6748,0.0008,0.0000,0,0,0.0000,0,0.0000,0,0,0,601,0
3970,2.8226,10.5728,0.0013,0.0000,0,0,0.0000,0,0.0000,0,0,0,700,0
3971,2.8108,10.5274,0.0013,0.0000,0,0,0.0000,0,0.0000,0,0,0,704,0
3972,5.2804,5.9829,0.0031,0.0000,0,0,0.0000,0,0.0000,0,0,0,601,0
3973,2.8706,5.7156,0.0013,0.0000,0,0,0.0000,0,0.0000,0,0,0,601,0
3974,2.8226,10.6740,0.0015,0.0000,0,0,0.0000,0,0.0000,0,0,0,696,0
3975,2.8108,10.6058,0.0010,0.0000,0,0,0.0000,0,0.0000,0,0,0,696,0
3976,5.2804,5.9709,0.0011,0.0000,0,0,0.0000,0,0.0000,0,0,0,601,0
3977,2.8706,5.6871,0.0007,0.0000,0,0,0.0000,0,0.0000,0,0,0,601,0
3978,2.8226,10.6408,0.0016,0.0000,0,0,0.0000,0,0.0000,0,0,0,696,0
3979,2.8108,10.5266,0.0013,0.0000,0,0,0.0000,0,0.0000,0,0,0,696,0
3980,5.2804,5.9357,0.0018,0.0000,0,0,0.0000,0,0.0000,0,0,0,601,0
3981,2.8706,5.7444,0.0018,0.0000,0,0,0.0000,0,0.0000,0,0,0,601,0
3982,2.8226,10.6337,0.0019,0.0000,0,0,0.0000,0,0.0000,0,0,0,696,0
3983,2.8108,10.5338,0.0012,0.0000,0,0,0.0000,0,0.0000,0,0,0,696,0
3984,5.2804,6.6313,0.0112,0.0000,0,0,0.0000,0,0.0000,0,0,0,601,0
3985,2.8706,5.9040,0.0017,0.0000,0,0,0.0000,0,0.0000,0,0,0,601,0
3986,2.8226,10.0637,0.0067,0.0000,0,0,0.0000,0,0.0000,0,0,0,696,0
3987,2.8108,10.2220,0.0018,0.0000,0,0,0.0000,0,0.0000,0,0,0,696,0
3988,5.2804,7.0023,0.0075,0.0000,0,0,0.0000,0,0.0000,0,0,0,601,0
3989,2.8706,6.9485,0.0049,0.0000,0,0,0.0000,0,0.0000,0,0,0,601,0
3990,2.8226,10.0696,0.0024,0.0000,0,0,0.0000,0,0.0000,0,0,0,696,0
3991,2.8108,10.0194,0.0020,0.0000,0,0,0.0000,0,0.0000,0,0,0,696,0
3992,5.2804,6.3872,0.0070,0.0000,0,0,0.0000,0,0.0000,0,0,0,601,0
3993,2.8706,5.8312,0.0021,0.0000,0,0,0.0000,0,0.0000,0,0,0,601,0
3994,2.8226,10.6687,0.0030,0.0000,0,0,0.0000,0,0.0000,0,0,0,696,0
3995,2.8108,10.4296,0.0162,0.0000,0,0,0.0000,0,0.0000,0,0,0,696,0
3996,5.2804,5.9610,0.0041,0.0000,0,0,0.0000,0,0.0000,0,0,0,601,0
3997,2.8706,5.8131,0.0016,0.0000,0,0,0.0000,0,0.0000,0,0,0,601,0
3998,2.8226,10.1939,0.0022,0.0000,0,0,0.0000,0,0.0000,0,0,0,696,0
3999,2.8108,10.0960,0.0008,0.0000,0,0,0.0000,0,0.0000,0,0,0,696,0
4000,5.2804,5.9386,0.0030,0.0000,0,0,0.0000,0,0.0000,0,0,0,601,0
4001,2.8706,5.6618,0.0012,0.0000,0,0,0.0000,0,0.0000,0,0,0,601,0
4002,2.8226,10.3876,0.0026,0.0000,0,0,0.0000,0,0.0000,0,0,0,696,0
4003,2.8108,10.3184,0.0014,0.0000,0,0,0.0000,0,0.0000,0,0,0,696,0
4004,5.2804,6.0806,0.0030,0.0000,0,0,0.0000,0,0.0000,0,0,0,601,0
4005,2.8706,5.7079,0.0005,0.0000,0,0,0.0000,0,0.0000,0,0,0,601,0
4006,2.8226,10.4589,0.0009,0.0000,0,0,0.0000,0,0.0000,0,0,0,696,0
4007,2.8108,10.4517,0.0007,0.0000,0,0,0.0000,0,0.0000,0,0,0,696,0
4008,5.2804,6.0509,0.0049,0.0000,0,0,0.0000,0,0.0000,0,0,0,601,0
4009,2.8706,5.7680,0.0017,0.0000,0,0,0.0000,0,0.0000,0,0,0,601,0
4010,2.8226,10.5706,0.0044,0.0000,0,0,0.0000,0,0.0000,0,0,0,696,0
4011,2.8108,10.4802,0.0017,0.0000,0,0,0.0000,0,0.0000,0,0,0,696,0
4012,5.2804,6.3133,0.0047,0.0000,0,0,0.0000,0,0.0000,0,0,0,601,0
4013,2.8706,6.0012,0.0030,0.0000,0,0,0.0000,0,0.0000,0,0,0,601,0
4014,2.8226,10.3124,0.0053,0.0000,0,0,0.0000,0,0.0000,0,0,0,700,0
4015,2.8108,10.1965,0.0029,0.0000,0,0,0.0000,0,0.0000,0,0,0,696,0
4016,5.2804,6.1131,0.0020,0.0000,0,0,0.0000,0,0.0000,0,0,0,601,0
4017,2.8706,5.7608,0.0016,0.0000,0,0,0.0000,0,0.0000,0,0,0,601,0
4018,2.8226,9.4582,0.0017,0.0000,0,0,0.0000,0,0.0000,0,0,0,696,0
4019,2.8108,9.5956,0.0017,0.0000,0,0,0.0000,0,0.0000,0,0,0,696,0
4020,5.2804,5.9159,0.0031,0.0000,0,0,0.0000,0,0.0000,0,0,0,601,0
4021,2.8706,5.6678,0.0012,0.0000,0,0,0.0000,0,0.0000,0,0,0,601,0
4022,2.8226,10.3695,0.0011,0.0000,0,0,0.0000,0,0.0000,0,0,0,696,0
4023,2.8108,10.2850,0.0007,0.0000,0,0,0.0000,0,0.0000,0,0,0,696,0
4024,5.2804,5.7475,0.0010,0.0000,0,0,0.0000,0,0.0000,0,0,0,601,0
4025,2.8706,5.6245,0.0014,0.0000,0,0,0.0000,0,0.0000,0,0,0,601,0
4026,2.8226,10.3427,0.0015,0.0000,0,0,0.0000,0,0.0000,0,0,0,696,0
4027,2.8108,10.3407,0.0013,0.0000,0,0,0.0000,0,0.0000,0,0,0,696,0
4028,5.2804,5.8623,0.0018,0.0000,0,0,0.0000,0,0.0000,0,0,0,601,0
4029,2.8706,5.6311,0.0017,0.0000,0,0,0.0000,0,0.0000,0,0,0,601,0
4030,2.8226,10.3281,0.0035,0.0000,0,0,0.0000,0,0.0000,0,0,0,696,0
4031,2.8108,10.2828,0.0022,0.0000,0,0,0.0000,0,0.0000,0,0,0,696,0
4032,5.2804,6.0903,0.0029,0.0000,0,0,0.0000,0,0.0000,0,0,0,601,0
4033,2.8706,5.7012,0.0013,0.0000,0,0,0.0000,0,0.0000,0,0,0,601,0
4034,2.8226,10.5383,0.0026,0.0000,0,0,0.0000,0,0.0000,0,0,0,696,0
4035,2.8108,10.4545,0.0013,0.0000,0,0,0.0000,0,0.0000,0,0,0,696,0
4036,5.2804,6.0381,0.0039,0.0000,0,0,0.0000,0,0.0000,0,0,0,601,0
4037,2.8706,5.6808,0.0018,0.0000,0,0,0.0000,0,0.0000,0,0,0,601,0
4038,2.8226,10.5040,0.0021,0.0000,0,0,0.0000,0,0.0000,0,0,0,696,0
4039,2.8108,10.3475,0.0008,0.0000,0,0,0.0000,0,0.0000,0,0,0,696,0
4040,5.2804,5.9639,0.0015,0.0000,0,0,0.0000,0,0.0000,0,0,0,601,0
4041,2.8706,5.6389,0.0009,0.0000,0,0,0.0000,0,0.0000,0,0,0,601,0
4042,2.8226,10.5594,0.0021,0.0000,0,0,0.0000,0,0.0000,0,0,0,696,0
4043,2.8108,10.5065,0.0015,0.0000,0,0,0.0000,0,0.0000,0,0,0,696,0
4044,5.2804,6.0977,0.0019,0.0000,0,0,0.0000,0,0.0000,0,0,0,601,0
4045,2.8706,5.7742,0.0009,0.0000,0,0,0.0000,0,0.0000,0,0,0,601,0
4046,2.8226,10.8012,0.0016,0.0000,0,0,0.0000,0,0.0000,0,0,0,696,0
4047,2.8108,10.7302,0.0016,0.0000,0,0,0.0000,0,0.0000,0,0,0,696,0
4048,5.2804,6.1695,0.0020,0.0000,0,0,0.0000,0,0.0000,0,0,0,601,0
4049,2.8706,5.8029,0.0022,0.0000,0,0,0.0000,0,0.0000,0,0,0,601,0
4050,2.8226,10.6352,0.0021,0.0000,0,0,0.0000,0,0.0000,0,0,0,696,0
4051,2.8108,10.4924,0.0010,0.0000,0,0,0.0000,0,0.0000,0,0,0,696,0
4052,5.2804,6.2227,0.0075,0.0000,0,0,0.0000,0,0.0000,0,0,0,601,0
4053,2.8706,5.8741,0.0075,0.0000,0,0,0.0000,0,0.0000,0,0,0,601,0
4054,2.8226,11.4086,0.0078,0.0000,0,0,0.0000,0,0.0000,0,0,0,696,0
4055,2.8108,11.0370,0.0018,0.0000,0,0,0.0000,0,0.0000,0,0,0,696,0
4056,5.2804,6.1882,0.0053,0.0000,0,0,0.0000,0,0.0000,0,0,0,601,0
4057,2.8706,5.7728,0.0015,0.0000,0,0,0.0000,0,0.0000,0,0,0,601,0
4058,2.8226,10.6376,0.0039,0.0000,0,0,0.0000,0,0.0000,0,0,0,696,0
4059,2.8108,10.5100,0.0008,0.0000,0,0,0.0000,0,0.0000,0,0,0,696,0
4060,5.2804,6.0978,0.0043,0.0000,0,0,0.0000,0,0.0000,0,0,0,601,0
4061,2.8706,5.6887,0.0008,0.0000,0,0,0.0000,0,0.0000,0,0,0,601,0
4062,2.8226,10.7336,0.0034,0.0000,0,0,0.0000,0,0.0000,0,0,0,696,0
4063,2.8108,10.6397,0.0010,0.0000,0,0,0.0000,0,0.0000,0,0,0,696,0
4064,5.2804,6.2455,0.0017,0.0000,0,0,0.0000,0,0.0000,0,0,0,601,0
4065,2.8706,5.8055,0.0039,0.0000,0,0,0.0000,0,0.0000,0,0,0,601,0
4066,2.8226,10.8536,0.0024,0.0000,0,0,0.0000,0,0.0000,0,0,0,696,0
4067,2.8108,10.6328,0.0025,0.0000,0,0,0.0000,0,0.0000,0,0,0,696,0
4068,5.2804,5.9729,0.0018,0.0000,0,0,0.0000,0,0.0000,0,0,0,601,0
4069,2.8706,5.6280,0.0008,0.0000,0,0,0.0000,0,0.0000,0,0,0,601,0
4070,2.8226,10.7682,0.0022,0.0000,0,0,0.0000,0,0.0000,0,0,0,696,0
4071,2.8108,10.6484,0.0012,0.0000,0,0,0.0000,0,0.0000,0,0,0,696,0
4072,5.2804,5.9902,0.0020,0.0000,0,0,0.0000,0,0.0000,0,0,0,601,0
4073,2.8706,5.7220,0.0007,0.0000,0,0,0.0000,0,0.0000,0,0,0,601,0
4074,2.8226,10.6955,0.0107,0.0000,0,0,0.0000,0,0.0000,0,0,0,696,0
4075,2.8108,10.5798,0.0010,0.0000,0,0,0.0000,0,0.0000,0,0,0,696,0
4076,5.2804,6.1214,0.0021,0.0000,0,0,0.0000,0,0.0000,0,0,0,601,0
4077,2.8706,5.7515,0.0015,0.0000,0,0,0.0000,0,0.0000,0,0,0,601,0
4078,2.8226,10.7084,0.0017,0.0000,0,0,0.0000,0,0.0000,0,0,0,696,0
4079,2.8108,10.6480,0.0012,0.0000,0,0,0.0000,0,0.0000,0,0,0,696,0
4080,5.2804,5.9623,0.0029,0.0000,0,0,0.0000,0,0.0000,0,0,0,601,0
4081,2.8706,5.6627,0.0013,0.0000,0,0,0.0000,0,0.0000,0,0,0,601,0
4082,2.8226,10.4841,0.0025,0.0000,0,0,0.0000,0,0.0000,0,0,0,696,0
4083,2.8108,10.3582,0.0013,0.0000,0,0,0.0000,0,0.0000,0,0,0,696,0
4084,5.2804,6.1754,0.0020,0.0000,0,0,0.0000,0,0.0000,0,0,0,601,0
4085,2.8706,5.8149,0.0019,0.0000,0,0,0.0000,0,0.0000,0,0,0,601,0
4086,2.8226,12.2009,0.0029,0.0000,0,0,0.0000,0,0.0000,0,0,0,696,0
4087,2.8108,12.0682,0.0015,0.0000,0,0,0.0000,0,0.0000,0,0,0,696,0
4088,5.2804,16.1809,0.0090,0.0000,0,0,0.0000,0,0.0000,0,0,0,601,0
4089,2.8706,15.8248,0.0090,0.0000,0,0,0.0000,0,0.0000,0,0,0,601,0
4090,2.8226,30.7376,0.0019,0.0000,0,0,0.0000,0,0.0000,0,0,0,696,0
4091,2.8108,30.5133,0.0055,0.0000,0,0,0.0000,0,0.0000,0,0,0,696,0
4092,5.2804,16.2803,0.0061,0.0000,0,0,0.0000,0,0.0000,0,0,0,601,0
4093,2.8706,15.7148,0.0060,0.0000,0,0,0.0000,0,0.0000,0,0,0,601,0
4094,2.8226,30.5341,0.0018,0.0000,0,0,0.0000,0,0.0000,0,0,0,696,0
4095,2.8108,30.3223,0.0042,0.0000,0,0,0.0000,0,0.0000,0,0,0,696,0
4096,5.2804,16.3129,0.0046,0.0000,0,0,0.0000,0,0.0000,0,0,0,601,0
4097,2.8706,15.8428,0.0047,0.0000,0,0,0.0000,0,0.0000,0,0,0,601,0
4098,2.8226,30.5647,0.0052,0.0000,0,0,0.0000,0,0.0000,0,0,0,696,0
4099,2.8108,30.4103,0.0026,0.0000,0,0,0.0000,0,0.0000,0,0,0,696,0
4100,5.2804,16.5706,0.0085,0.0000,0,0,0.0000,0,0.0000,0,0,0,601,0
4101,2.8706,16.0899,0.0085,0.0000,0,0,0.0000,0,0.0000,0,0,0,601,0
4102,2.8226,30.7042,0.0786,0.0000,0,0,0.0000,0,0.0000,0,0,0,696,0
4103,2.8108,30.4623,0.0090,0.0000,0,0,0.0000,0,0.0000,0,0,0,696,0
4104,5.2804,21.8232,0.0044,0.0000,0,0,0.0000,0,0.0000,0,0,0,601,0
4105,2.8706,20.9356,0.0030,0.0000,0,0,0.0000,0,0.0000,0,0,0,601,0
4106,2.8226,30.0441,0.0121,0.0000,0,0,0.0000,0,0.0000,0,0,0,696,0
4107,2.8108,29.6321,0.0035,0.0000,0,0,0.0000,0,0.0000,0,0,0,696,0
4108,5.2804,17.8045,0.0084,0.0000,0,0,0.0000,0,0.0000,0,0,0,601,0
4109,2.8706,17.4372,0.0012,0.0000,0,0,0.0000,0,0.0000,0,0,0,601,0
4110,2.8226,30.5391,0.0058,0.0000,0,0,0.0000,0,0.0000,0,0,0,696,0
4111,2.8108,30.2890,0.0025,0.0000,0,0,0.0000,0,0.0000,0,0,0,696,0
4112,5.2804,16.2614,0.0032,0.0000,0,0,0.0000,0,0.0000,0,0,0,601,0
4113,2.8706,15.7399,0.0032,0.0000,0,0,0.0000,0,0.0000,0,0,0,601,0
4114,2.8226,30.5415,0.0024,0.0000,0,0,0.0000,0,0.0000,0,0,0,696,0
4115,2.8108,30.3212,0.0060,0.0000,0,0,0.0000,0,0.0000,0,0,0,696,0
4116,5.2804,16.3245,0.0061,0.0000,0,0,0.0000,0,0.0000,0,0,0,601,0
4117,2.8706,15.8145,0.0061,0.0000,0,0,0.0000,0,0.0000,0,0,0,601,0
4118,2.8226,30.5729,0.0019,0.0000,0,0,0.0000,0,0.0000,0,0,0,696,0
4119,2.8108,30.2679,0.0044,0.0000,0,0,0.0000,0,0.0000,0,0,0,696,0
4120,5.2804,16.1434,0.0134,0.0000,0,0,0.0000,0,0.0000,0,0,0,601,0
4121,2.8706,15.6792,0.0053,0.0000,0,0,0.0000,0,0.0000,0,0,0,601,0
4122,2.8226,30.6980,0.0017,0.0000,0,0,0.0000,0,0.0000,0,0,0,696,0
4123,2.8108,30.4255,0.0041,0.0000,0,0,0.0000,0,0.0000,0,0,0,696,0
4124,5.2804,16.2778,0.0047,0.0000,0,0,0.0000,0,0.0000,0,0,0,601,0
4125,2.8706,15.8188,0.0046,0.0000,0,0,0.0000,0,0.0000,0,0,0,601,0
4126,2.8226,30.5794,0.0046,0.0000,0,0,0.0000,0,0.0000,0,0,0,696,0
4127,2.8108,30.3187,0.0047,0.0000,0,0,0.0000,0,0.0000,0,0,0,696,0
4128,5.2804,16.2460,0.0056,0.0000,0,0,0.0000,0,0.0000,0,0,0,601,0
4129,2.8706,15.8088,0.0056,0.0000,0,0,0.0000,0,0.0000,0,0,0,601,0
4130,2.8226,30.3197,0.0032,0.0000,0,0,0.0000,0,0.0000,0,0,0,696,0
4131,2.8108,30.1542,0.0014,0.0000,0,0,0.0000,0,0.0000,0,0,0,696,0
4132,5.2804,15.7767,0.0032,0.0000,0,0,0.0000,0,0.0000,0,0,0,601,0
4133,2.8706,15.4695,0.0032,0.0000,0,0,0.0000,0,0.0000,0,0,0,601,0
4134,2.8226,30.1965,0.0027,0.0000,0,0,0.0000,0,0.0000,0,0,0,696,0
4135,2.8108,30.0885,0.0027,0.0000,0,0,0.0000,0,0.0000,0,0,0,696,0
4136,5.2804,15.6618,0.0035,0.0000,0,0,0.0000,0,0.0000,0,0,0,601,0
4137,2.8706,15.4270,0.0011,0.0000,0,0,0.0000,0,0.0000,0,0,0,601,0
4138,2.8226,30.2002,0.0012,0.0000,0,0,0.0000,0,0.0000,0,0,0,696,0
4139,2.8108,30.1092,0.0037,0.0000,0,0,0.0000,0,0.0000,0,0,0,696,0
4140,5.2804,15.6990,0.0020,0.0000,0,0,0.0000,0,0.0000,0,0,0,601,0
4141,2.8706,15.4557,0.0011,0.0000,0,0,0.0000,0,0.0000,0,0,0,601,0
4142,2.8226,30.2110,0.0011,0.0000,0,0,0.0000,0,0.0000,0,0,0,696,0
4143,2.8108,30.1135,0.0037,0.0000,0,0,0.0000,0,0.0000,0,0,0,696,0
4144,5.2804,15.6625,0.0035,0.0000,0,0,0.0000,0,0.0000,0,0,0,601,0
4145,2.8706,15.4626,0.0032,0.0000,0,0,0.0000,0,0.0000,0,0,0,601,0
4146,2.8226,30.1017,0.0032,0.0000,0,0,0.0000,0,0.0000,0,0,0,696,0
4147,2.8108,29.9982,0.0032,0.0000,0,0,0.0000,0,0.0000,0,0,0,696,0
4148,5.2804,15.6145,0.0033,0.0000,0,0,0.0000,0,0.0000,0,0,0,601,0
4149,2.8706,15.4377,0.0010,0.0000,0,0,0.0000,0,0.0000,0,0,0,601,0
4150,2.8226,29.9746,0.0032,0.0000,0,0,0.0000,0,0.0000,0,0,0,696,0
4151,2.8108,29.8682,0.0031,0.0000,0,0,0.0000,0,0.0000,0,0,0,696,0
4152,5.2804,15.7174,0.0037,0.0000,0,0,0.0000,0,0.0000,0,0,0,601,0
4153,2.8706,15.4629,0.0037,0.0000,0,0,0.0000,0,0.0000,0,0,0,601,0
4154,2.8226,30.2763,0.0008,0.0000,0,0,0.0000,0,0.0000,0,0,0,696,0
4155,2.8108,30.0852,0.0030,0.0000,0,0,0.0000,0,0.0000,0,0,0,696,0
4156,5.2804,15.7572,0.0036,0.0000,0,0,0.0000,0,0.0000,0,0,0,601,0
4157,2.8706,15.4881,0.0035,0.0000,0,0,0.0000,0,0.0000,0,0,0,601,0
4158,2.8226,30.2276,0.0008,0.0000,0,0,0.0000,0,0.0000,0,0,0,696,0
4159,2.8108,30.0915,0.0020,0.0000,0,0,0.0000,0,0.0000,0,0,0,696,0
4160,5.2804,15.6513,0.0022,0.0000,0,0,0.0000,0,0.0000,0,0,0,601,0
4161,2.8706,15.4124,0.0010,0.0000,0,0,0.0000,0,0.0000,0,0,0,601,0
4162,2.8226,30.2202,0.0010,0.0000,0,0,0.0000,0,0.0000,0,0,0,696,0
4163,2.8108,30.0602,0.0018,0.0000,0,0,0.0000,0,0.0000,0,0,0,696,0
4164,5.2804,15.6997,0.0023,0.0000,0,0,0.0000,0,0.0000,0,0,0,601,0
4165,2.8706,15.4302,0.0023,0.0000,0,0,0.0000,0,0.0000,0,0,0,601,0
4166,2.8226,30.2070,0.0008,0.0000,0,0,0.0000,0,0.0000,0,0,0,696,0
4167,2.8108,30.0664,0.0013,0.0000,0,0,0.0000,0,0.0000,0,0,0,696,0
4168,5.2804,15.6694,0.0029,0.0000,0,0,0.0000,0,0.0000,0,0,0,601,0
4169,2.8706,15.4229,0.0029,0.0000,0,0,0.0000,0,0.0000,0,0,0,601,0
4170,2.8226,30.2003,0.0030,0.0000,0,0,0.0000,0,0.0000,0,0,0,696,0
4171,2.8108,30.0984,0.0029,0.0000,0,0,0.0000,0,0.0000,0,0,0,696,0
4172,5.2804,15.6313,0.0029,0.0000,0,0,0.0000,0,0.0000,0,0,0,601,0
4173,2.8706,15.3538,0.0030,0.0000,0,0,0.0000,0,0.0000,0,0,0,601,0
4174,2.8226,29.9495,0.0030,0.0000,0,0,0.0000,0,0.0000,0,0,0,696,0
4175,2.8108,29.8427,0.0030,0.0000,0,0,0.0000,0,0.0000,0,0,0,696,0
4176,5.2804,15.7611,0.0049,0.0000,0,0,0.0000,0,0.0000,0,0,0,601,0
4177,2.8706,15.4787,0.0010,0.0000,0,0,0.0000,0,0.0000,0,0,0,601,0
4178,2.8226,30.0786,0.0018,0.0000,0,0,0.0000,0,0.0000,0,0,0,696,0
4179,2.8108,30.0366,0.0009,0.0000,0,0,0.0000,0,0.0000,0,0,0,696,0
4180,5.2804,15.8943,0.0028,0.0000,0,0,0.0000,0,0.0000,0,0,0,601,0
4181,2.8706,15.6277,0.0010,0.0000,0,0,0.0000,0,0.0000,0,0,0,601,0
4182,2.8226,30.2401,0.0019,0.0000,0,0,0.0000,0,0.0000,0,0,0,696,0
4183,2.8108,30.1636,0.0011,0.0000,0,0,0.0000,0,0.0000,0,0,0,696,0
4184,5.2804,15.6397,0.0057,0.0000,0,0,0.0000,0,0.0000,0,0,0,601,0
4185,2.8706,15.4466,0.0030,0.0000,0,0,0.0000,0,0.0000,0,0,0,601,0
4186,2.8226,30.2015,0.0019,0.0000,0,0,0.0000,0,0.0000,0,0,0,696,0
4187,2.8108,30.0975,0.0011,0.0000,0,0,0.0000,0,0.0000,0,0,0,696,0
4188,5.2804,15.8152,0.0014,0.0000,0,0,0.0000,0,0.0000,0,0,0,601,0
4189,2.8706,15.4978,0.0013,0.0000,0,0,0.0000,0,0.0000,0,0,0,601,0
4190,2.8226,30.1658,0.0013,0.0000,0,0,0.0000,0,0.0000,0,0,0,696,0
4191,2.8108,30.1153,0.0019,0.0000,0,0,0.0000,0,0.0000,0,0,0,696,0
4192,5.2804,15.9002,0.0041,0.0000,0,0,0.0000,0,0.0000,0,0,0,601,0
4193,2.8706,15.6342,0.0020,0.0000,0,0,0.0000,0,0.0000,0,0,0,601,0
4194,2.8226,30.2901,0.0027,0.0000,0,0,0.0000,0,0.0000,0,0,0,696,0
4195,2.8108,30.1461,0.0016,0.0000,0,0,0.0000,0,0.0000,0,0,0,696,0
4196,5.2804,15.9221,0.0031,0.0000,0,0,0.0000,0,0.0000,0,0,0,601,0
4197,2.8706,15.5738,0.0018,0.0000,0,0,0.0000,0,0.0000,0,0,0,601,0
4198,2.8226,30.4046,0.0031,0.0000,0,0,0.0000,0,0.0000,0,0,0,696,0
4199,2.8108,30.2073,0.0027,0.0000,0,0,0.0000,0,0.0000,0,0,0,696,0
4200,5.2804,42.1630,0.0099,0.0000,0,0,0.0000,0,0.0000,0,1,0,60271,0
4201,2.8706,27.5363,0.0156,0.0000,0,0,0.0000,0,0.0000,0,1,0,43482,0
4202,2.8226,25.5545,0.0039,0.0000,0,0,0.0000,0,0.0000,0,1,0,59828,0
4203,2.8108,25.9937,0.0135,0.0000,0,0,0.0000,0,0.0000,0,1,0,68126,0
4204,5.2804,5.6749,0.0046,0.0000,0,0,0.0000,0,0.0000,0,0,0,16498,0
4205,2.8706,5.5335,0.0045,0.0000,0,0,0.0000,0,0.0000,0,0,0,14403,0
4206,2.8226,10.4333,0.0023,0.0000,0,0,0.0000,0,0.0000,0,0,0,17862,0
4207,2.8108,10.3982,0.0048,0.0000,0,0,0.0000,0,0.0000,0,0,0,17138,0
4208,5.2804,5.7035,0.0015,0.0000,0,0,0.0000,0,0.0000,0,0,0,9226,0
4209,2.8706,5.5903,0.0018,0.0000,0,0,0.0000,0,0.0000,0,0,0,6914,0
4210,2.8226,10.4333,0.0015,0.0000,0,0,0.0000,0,0.0000,0,0,0,11125,0
4211,2.8108,10.4070,0.0018,0.0000,0,0,0.0000,0,0.0000,0,0,0,9621,0
4212,5.2804,5.7552,0.0026,0.0000,0,0,0.0000,0,0.0000,0,0,0,17369,0
4213,2.8706,5.6129,0.0030,0.0000,0,0,0.0000,0,0.0000,0,0,0,16755,0
4214,2.8226,10.5685,0.0024,0.0000,0,0,0.0000,0,0.0000,0,0,0,19658,0
4215,2.8108,10.5484,0.0018,0.0000,0,0,0.0000,0,0.0000,0,0,0,15622,0
4216,5.2804,5.6058,0.0026,0.0000,0,0,0.0000,0,0.0000,0,0,0,23309,0
4217,2.8706,5.5784,0.0025,0.0000,0,0,0.0000,0,0.0000,0,0,0,20346,0
4218,2.8226,10.3602,0.0028,0.0000,0,0,0.0000,0,0.0000,0,0,0,22802,0
4219,2.8108,10.4410,0.0023,0.0000,0,0,0.0000,0,0.0000,0,0,0,21407,0
4220,5.2804,5.6662,0.0019,0.0000,0,0,0.0000,0,0.0000,0,0,0,13027,0
4221,2.8706,5.5888,0.0018,0.0000,0,0,0.0000,0,0.0000,0,0,0,11737,0
4222,2.8226,10.3566,0.0019,0.0000,0,0,0.0000,0,0.0000,0,0,0,12722,0
4223,2.8108,10.3547,0.0057,0.0000,0,0,0.0000,0,0.0000,0,0,0,16214,0
4224,5.2804,5.7190,0.0017,0.0000,0,0,0.0000,0,0.0000,0,0,0,7002,0
4225,2.8706,5.6276,0.0013,0.0000,0,0,0.0000,0,0.0000,0,0,0,5132,0
4226,2.8226,10.5469,0.0021,0.0000,0,0,0.0000,0,0.0000,0,0,0,7491,0
4227,2.8108,10.5398,0.0028,0.0000,0,0,0.0000,0,0.0000,0,0,0,4790,0
4228,5.2804,5.7099,0.0019,0.0000,0,0,0.0000,0,0.0000,0,0,0,3933,0
4229,2.8706,5.6121,0.0014,0.0000,0,0,0.0000,0,0.0000,0,0,0,3799,0
4230,2.8226,10.4297,0.0017,0.0000,0,0,0.0000,0,0.0000,0,0,0,4399,0
4231,2.8108,10.4072,0.0015,0.0000,0,0,0.0000,0,0.0000,0,0,0,3276,0
4232,5.2804,5.7414,0.0020,0.0000,0,0,0.0000,0,0.0000,0,0,0,3260,0
4233,2.8706,5.6105,0.0013,0.0000,0,0,0.0000,0,0.0000,0,0,0,2850,0
4234,2.8226,10.4231,0.0022,0.0000,0,0,0.0000,0,0.0000,0,0,0,3280,0
4235,2.8108,10.3599,0.0010,0.0000,0,0,0.0000,0,0.0000,0,0,0,2761,0
4236,5.2804,5.7009,0.0016,0.0000,0,0,0.0000,0,0.0000,0,0,0,3090,0
4237,2.8706,5.6232,0.0013,0.0000,0,0,0.0000,0,0.0000,0,0,0,2691,0
4238,2.8226,10.4825,0.0013,0.0000,0,0,0.0000,0,0.0000,0,0,0,3020,0
4239,2.8108,10.4453,0.0010,0.0000,0,0,0.0000,0,0.0000,0,0,0,2648,0
4240,5.2804,5.7343,0.0013,0.0000,0,0,0.0000,0,0.0000,0,0,0,2664,0
4241,2.8706,5.6765,0.0011,0.0000,0,0,0.0000,0,0.0000,0,0,0,2213,0
4242,2.8226,10.4220,0.0010,0.0000,0,0,0.0000,0,0.0000,0,0,0,1084,0
4243,2.8108,10.4677,0.0011,0.0000,0,0,0.0000,0,0.0000,0,0,0,2638,0
4244,5.2804,5.7225,0.0019,0.0000,0,0,0.0000,0,0.0000,0,0,0,1673,0
4245,2.8706,5.6302,0.0015,0.0000,0,0,0.0000,0,0.0000,0,0,0,1302,0
4246,2.8226,10.6164,0.0021,0.0000,0,0,0.0000,0,0.0000,0,0,0,959,0
4247,2.8108,10.5337,0.0016,0.0000,0,0,0.0000,0,0.0000,0,0,0,2173,0
4248,5.2804,5.8431,0.0015,0.0000,0,0,0.0000,0,0.0000,0,0,0,1538,0
4249,2.8706,5.6970,0.0013,0.0000,0,0,0.0000,0,0.0000,0,0,0,1107,0
4250,2.8226,10.5750,0.0030,0.0000,0,0,0.0000,0,0.0000,0,0,0,819,0
4251,2.8108,10.5036,0.0021,0.0000,0,0,0.0000,0,0.0000,0,0,0,1668,0
4252,5.2804,6.1539,0.0047,0.0000,0,0,0.0000,0,0.0000,0,0,0,1248,0
4253,2.8706,5.8009,0.0027,0.0000,0,0,0.0000,0,0.0000,0,0,0,944,0
4254,2.8226,10.9053,0.0032,0.0000,0,0,0.0000,0,0.0000,0,0,0,945,0
4255,2.8108,10.7356,0.0014,0.0000,0,0,0.0000,0,0.0000,0,0,0,743,0
4256,5.2804,6.1780,0.0043,0.0000,0,0,0.0000,0,0.0000,0,0,0,1198,0
4257,2.8706,5.7947,0.0014,0.0000,0,0,0.0000,0,0.0000,0,0,0,836,0
4258,2.8226,10.5678,0.0015,0.0000,0,0,0.0000,0,0.0000,0,0,0,1250,0
4259,2.8108,10.5073,0.0014,0.0000,0,0,0.0000,0,0.0000,0,0,0,717,0
4260,5.2804,5.8911,0.0016,0.0000,0,0,0.0000,0,0.0000,0,0,0,1168,0
4261,2.8706,5.7426,0.0010,0.0000,0,0,0.0000,0,0.0000,0,0,0,792,0
4262,2.8226,10.8147,0.0034,0.0000,0,0,0.0000,0,0.0000,0,0,0,1108,0
4263,2.8108,10.7765,0.0011,0.0000,0,0,0.0000,0,0.0000,0,0,0,792,0
4264,5.2804,6.0975,0.0028,0.0000,0,0,0.0000,0,0.0000,0,0,0,1037,0
4265,2.8706,5.7610,0.0007,0.0000,0,0,0.0000,0,0.0000,0,0,0,722,0
4266,2.8226,10.6670,0.0025,0.0000,0,0,0.0000,0,0.0000,0,0,0,1361,0
4267,2.8108,10.5895,0.0014,0.0000,0,0,0.0000,0,0.0000,0,0,0,925,0
4268,5.2804,5.9580,0.0025,0.0000,0,0,0.0000,0,0.0000,0,0,0,987,0
4269,2.8706,5.8620,0.0015,0.0000,0,0,0.0000,0,0.0000,0,0,0,676,0
4270,2.8226,10.4104,0.0020,0.0000,0,0,0.0000,0,0.0000,0,0,0,1198,0
4271,2.8108,10.5268,0.0019,0.0000,0,0,0.0000,0,0.0000,0,0,0,1094,0
4272,5.2804,6.0394,0.0041,0.0000,0,0,0.0000,0,0.0000,0,0,0,879,0
4273,2.8706,5.9034,0.0026,0.0000,0,0,0.0000,0,0.0000,0,0,0,648,0
4274,2.8226,10.4200,0.0014,0.0000,0,0,0.0000,0,0.0000,0,0,0,1117,0
4275,2.8108,10.4834,0.0013,0.0000,0,0,0.0000,0,0.0000,0,0,0,1077,0
4276,5.2804,5.9502,0.0020,0.0000,0,0,0.0000,0,0.0000,0,0,0,746,0
4277,2.8706,5.7764,0.0010,0.0000,0,0,0.0000,0,0.0000,0,0,0,643,0
4278,2.8226,10.6176,0.0056,0.0000,0,0,0.0000,0,0.0000,0,0,0,1064,0
4279,2.8108,10.4794,0.0015,0.0000,0,0,0.0000,0,0.0000,0,0,0,1295,0
4280,5.2804,6.1466,0.0030,0.0000,0,0,0.0000,0,0.0000,0,0,0,687,0
4281,2.8706,5.8325,0.0040,0.0000,0,0,0.0000,0,0.0000,0,0,0,622,0
4282,2.8226,10.7191,0.0060,0.0000,0,0,0.0000,0,0.0000,0,0,0,1368,0
4283,2.8108,10.5204,0.0011,0.0000,0,0,0.0000,0,0.0000,0,0,0,709,0
4284,5.2804,5.9958,0.0030,0.0000,0,0,0.0000,0,0.0000,0,0,0,716,0
4285,2.8706,5.6564,0.0007,0.0000,0,0,0.0000,0,0.0000,0,0,0,620,0
4286,2.8226,10.4739,0.0009,0.0000,0,0,0.0000,0,0.0000,0,0,0,710,0
4287,2.8108,10.2882,0.0005,0.0000,0,0,0.0000,0,0.0000,0,0,0,715,0
4288,5.2804,5.7694,0.0020,0.0000,0,0,0.0000,0,0.0000,0,0,0,717,0
4289,2.8706,5.5811,0.0014,0.0000,0,0,0.0000,0,0.0000,0,0,0,613,0
4290,2.8226,10.5286,0.0023,0.0000,0,0,0.0000,0,0.0000,0,0,0,696,0
4291,2.8108,10.5096,0.0007,0.0000,0,0,0.0000,0,0.0000,0,0,0,724,0
4292,5.2804,5.7593,0.0018,0.0000,0,0,0.0000,0,0.0000,0,0,0,685,0
4293,2.8706,5.5994,0.0008,0.0000,0,0,0.0000,0,0.0000,0,0,0,617,0
4294,2.8226,10.4879,0.0022,0.0000,0,0,0.0000,0,0.0000,0,0,0,755,0
4295,2.8108,10.4424,0.0013,0.0000,0,0,0.0000,0,0.0000,0,0,0,779,0
4296,5.2804,5.8129,0.0022,0.0000,0,0,0.0000,0,0.0000,0,0,0,664,0
4297,2.8706,5.5833,0.0006,0.0000,0,0,0.0000,0,0.0000,0,0,0,622,0
4298,2.8226,10.5207,0.0032,0.0000,0,0,0.0000,0,0.0000,0,0,0,785,0
4299,2.8108,10.4380,0.0013,0.0000,0,0,0.0000,0,0.0000,0,0,0,906,0
4300,5.2804,5.8382,0.0028,0.0000,0,0,0.0000,0,0.0000,0,0,0,636,0
4301,2.8706,5.6664,0.0006,0.0000,0,0,0.0000,0,0.0000,0,0,0,626,0
4302,2.8226,10.4835,0.0022,0.0000,0,0,0.0000,0,0.0000,0,0,0,868,0
4303,2.8108,10.4011,0.0005,0.0000,0,0,0.0000,0,0.0000,0,0,0,830,0
4304,5.2804,6.7226,0.0058,0.0000,0,0,0.0000,0,0.0000,0,0,0,635,0
4305,2.8706,6.4334,0.0058,0.0000,0,0,0.0000,0,0.0000,0,0,0,608,0
4306,2.8226,10.6236,0.0037,0.0000,0,0,0.0000,0,0.0000,0,0,0,801,0
4307,2.8108,10.5122,0.0037,0.0000,0,0,0.0000,0,0.0000,0,0,0,966,0
4308,5.2804,6.4326,0.0052,0.0000,0,0,0.0000,0,0.0000,0,0,0,650,0
4309,2.8706,6.1621,0.0058,0.0000,0,0,0.0000,0,0.0000,0,0,0,606,0
4310,2.8226,11.3066,0.0044,0.0000,0,0,0.0000,0,0.0000,0,0,0,1017,0
4311,2.8108,11.2418,0.0015,0.0000,0,0,0.0000,0,0.0000,0,0,0,705,0
4312,5.2804,6.2547,0.0050,0.0000,0,0,0.0000,0,0.0000,0,0,0,646,0
4313,2.8706,5.7996,0.0027,0.0000,0,0,0.0000,0,0.0000,0,0,0,607,0
4314,2.8226,10.7260,0.0052,0.0000,0,0,0.0000,0,0.0000,0,0,0,933,0
4315,2.8108,10.5246,0.0053,0.0000,0,0,0.0000,0,0.0000,0,0,0,703,0
4316,5.2804,6.4300,0.0043,0.0000,0,0,0.0000,0,0.0000,0,0,0,651,0
4317,2.8706,6.0810,0.0016,0.0000,0,0,0.0000,0,0.0000,0,0,0,609,0
4318,2.8226,10.5050,0.0024,0.0000,0,0,0.0000,0,0.0000,0,0,0,926,0
4319,2.8108,10.3818,0.0013,0.0000,0,0,0.0000,0,0.0000,0,0,0,728,0
4320,5.2804,6.3980,0.0060,0.0000,0,0,0.0000,0,0.0000,0,0,0,638,0
4321,2.8706,5.8750,0.0019,0.0000,0,0,0.0000,0,0.0000,0,0,0,601,0
4322,2.8226,11.8676,0.0038,0.0000,0,0,0.0000,0,0.0000,0,0,0,856,0
4323,2.8108,11.6356,0.0038,0.0000,0,0,0.0000,0,0.0000,0,0,0,752,0
4324,5.2804,7.2590,0.0058,0.0000,0,0,0.0000,0,0.0000,0,0,0,623,0
4325,2.8706,6.6999,0.0017,0.0000,0,0,0.0000,0,0.0000,0,0,0,601,0
4326,2.8226,9.9228,0.0042,0.0000,0,0,0.0000,0,0.0000,0,0,0,1082,0
4327,2.8108,10.0070,0.0015,0.0000,0,0,0.0000,0,0.0000,0,0,0,805,0
4328,5.2804,6.2983,0.0053,0.0000,0,0,0.0000,0,0.0000,0,0,0,626,0
4329,2.8706,5.8210,0.0053,0.0000,0,0,0.0000,0,0.0000,0,0,0,601,0
4330,2.8226,11.7355,0.0063,0.0000,0,0,0.0000,0,0.0000,0,0,0,712,0
4331,2.8108,11.5358,0.0019,0.0000,0,0,0.0000,0,0.0000,0,0,0,775,0
4332,5.2804,6.1392,0.0063,0.0000,0,0,0.0000,0,0.0000,0,0,0,622,0
4333,2.8706,5.8357,0.0015,0.0000,0,0,0.0000,0,0.0000,0,0,0,601,0
4334,2.8226,10.2486,0.0060,0.0000,0,0,0.0000,0,0.0000,0,0,0,709,0
4335,2.8108,10.2090,0.0020,0.0000,0,0,0.0000,0,0.0000,0,0,0,911,0
4336,5.2804,8.4723,0.0066,0.0000,0,0,0.0000,0,0.0000,0,0,0,611,0
4337,2.8706,8.1215,0.0018,0.0000,0,0,0.0000,0,0.0000,0,0,0,601,0
4338,2.8226,10.2977,0.0056,0.0000,0,0,0.0000,0,0.0000,0,0,0,723,0
4339,2.8108,10.2181,0.0011,0.0000,0,0,0.0000,0,0.0000,0,0,0,698,0
4340,5.2804,6.1150,0.0067,0.0000,0,0,0.0000,0,0.0000,0,0,0,618,0
4341,2.8706,5.7771,0.0015,0.0000,0,0,0.0000,0,0.0000,0,0,0,601,0
4342,2.8226,11.0130,0.0057,0.0000,0,0,0.0000,0,0.0000,0,0,0,744,0
4343,2.8108,10.8047,0.0056,0.0000,0,0,0.0000,0,0.0000,0,0,0,696,0
4344,5.2804,6.2448,0.0084,0.0000,0,0,0.0000,0,0.0000,0,0,0,605,0
4345,2.8706,5.7982,0.0018,0.0000,0,0,0.0000,0,0.0000,0,0,0,601,0
4346,2.8226,12.2257,0.0079,0.0000,0,0,0.0000,0,0.0000,0,0,0,786,0
4347,2.8108,12.2114,0.0015,0.0000,0,0,0.0000,0,0.0000,0,0,0,704,0
4348,5.2804,6.9395,0.0083,0.0000,0,0,0.0000,0,0.0000,0,0,0,606,0
4349,2.8706,5.9020,0.0037,0.0000,0,0,0.0000,0,0.0000,0,0,0,601,0
4350,2.8226,9.5874,0.0100,0.0000,0,0,0.0000,0,0.0000,0,0,0,780,0
4351,2.8108,11.1382,0.0042,0.0000,0,0,0.0000,0,0.0000,0,0,0,741,0
4352,5.2804,5.9843,0.0038,0.0000,0,0,0.0000,0,0.0000,0,0,0,605,0
4353,2.8706,5.7107,0.0020,0.0000,0,0,0.0000,0,0.0000,0,0,0,601,0
4354,2.8226,10.0902,0.0067,0.0000,0,0,0.0000,0,0.0000,0,0,0,808,0
4355,2.8108,10.2209,0.0018,0.0000,0,0,0.0000,0,0.0000,0,0,0,758,0
4356,5.2804,6.8431,0.0060,0.0000,0,0,0.0000,0,0.0000,0,0,0,606,0
4357,2.8706,6.5283,0.0015,0.0000,0,0,0.0000,0,0.0000,0,0,0,601,0
4358,2.8226,10.5040,0.0053,0.0000,0,0,0.0000,0,0.0000,0,0,0,795,0
4359,2.8108,10.3084,0.0052,0.0000,0,0,0.0000,0,0.0000,0,0,0,738,0
4360,5.2804,6.0178,0.0060,0.0000,0,0,0.0000,0,0.0000,0,0,0,601,0
4361,2.8706,5.7421,0.0012,0.0000,0,0,0.0000,0,0.0000,0,0,0,601,0
4362,2.8226,10.2667,0.0054,0.0000,0,0,0.0000,0,0.0000,0,0,0,771,0
4363,2.8108,10.1169,0.0016,0.0000,0,0,0.0000,0,0.0000,0,0,0,836,0
4364,5.2804,6.1120,0.0047,0.0000,0,0,0.0000,0,0.0000,0,0,0,601,0
4365,2.8706,5.7324,0.0017,0.0000,0,0,0.0000,0,0.0000,0,0,0,601,0
4366,2.8226,10.1796,0.0053,0.0000,0,0,0.0000,0,0.0000,0,0,0,779,0
4367,2.8108,9.8961,0.0053,0.0000,0,0,0.0000,0,0.0000,0,0,0,698,0
4368,5.2804,7.3035,0.0093,0.0000,0,0,0.0000,0,0.0000,0,0,0,601,0
4369,2.8706,6.9492,0.0011,0.0000,0,0,0.0000,0,0.0000,0,0,0,601,0
4370,2.8226,10.6099,0.0045,0.0000,0,0,0.0000,0,0.0000,0,0,0,967,0
4371,2.8108,10.4041,0.0045,0.0000,0,0,0.0000,0,0.0000,0,0,0,696,0
4372,5.2804,6.1883,0.0055,0.0000,0,0,0.0000,0,0.0000,0,0,0,601,0
4373,2.8706,6.2138,0.0016,0.0000,0,0,0.0000,0,0.0000,0,0,0,601,0
4374,2.8226,9.7941,0.0050,0.0000,0,0,0.0000,0,0.0000,0,0,0,710,0
4375,2.8108,10.1860,0.0018,0.0000,0,0,0.0000,0,0.0000,0,0,0,700,0
4376,5.2804,6.6945,0.0055,0.0000,0,0,0.0000,0,0.0000,0,0,0,601,0
4377,2.8706,6.3220,0.0013,0.0000,0,0,0.0000,0,0.0000,0,0,0,601,0
4378,2.8226,10.5755,0.0050,0.0000,0,0,0.0000,0,0.0000,0,0,0,703,0
4379,2.8108,10.4682,0.0015,0.0000,0,0,0.0000,0,0.0000,0,0,0,721,0
4380,5.2804,6.7990,0.0048,0.0000,0,0,0.0000,0,0.0000,0,0,0,601,0
4381,2.8706,6.1831,0.0047,0.0000,0,0,0.0000,0,0.0000,0,0,0,601,0
4382,2.8226,10.2942,0.0052,0.0000,0,0,0.0000,0,0.0000,0,0,0,708,0
4383,2.8108,10.3721,0.0017,0.0000,0,0,0.0000,0,0.0000,0,0,0,783,0
4384,5.2804,6.2745,0.0033,0.0000,0,0,0.0000,0,0.0000,0,0,0,601,0
4385,2.8706,5.7494,0.0016,0.0000,0,0,0.0000,0,0.0000,0,0,0,601,0
4386,2.8226,10.1156,0.0035,0.0000,0,0,0.0000,0,0.0000,0,0,0,751,0
4387,2.8108,10.0270,0.0020,0.0000,0,0,0.0000,0,0.0000,0,0,0,755,0
4388,5.2804,5.7889,0.0017,0.0000,0,0,0.0000,0,0.0000,0,0,0,601,0
4389,2.8706,6.0939,0.0057,0.0000,0,0,0.0000,0,0.0000,0,0,0,601,0
4390,2.8226,10.1584,0.0020,0.0000,0,0,0.0000,0,0.0000,0,0,0,762,0
4391,2.8108,10.1867,0.0016,0.0000,0,0,0.0000,0,0.0000,0,0,0,801,0
4392,5.2804,5.9209,0.0046,0.0000,0,0,0.0000,0,0.0000,0,0,0,601,0
4393,2.8706,5.7317,0.0015,0.0000,0,0,0.0000,0,0.0000,0,0,0,601,0
4394,2.8226,10.6262,0.0100,0.0000,0,0,0.0000,0,0.0000,0,0,0,747,0
4395,2.8108,10.5640,0.0022,0.0000,0,0,0.0000,0,0.0000,0,0,0,696,0
4396,5.2804,6.0468,0.0020,0.0000,0,0,0.0000,0,0.0000,0,0,0,601,0
4397,2.8706,5.7132,0.0015,0.0000,0,0,0.0000,0,0.0000,0,0,0,601,0
4398,2.8226,10.2823,0.0052,0.0000,0,0,0.0000,0,0.0000,0,0,0,830,0
4399,2.8108,10.2560,0.0026,0.0000,0,0,0.0000,0,0.0000,0,0,0,701,0
4400,5.2804,5.8459,0.0010,0.0000,0,0,0.0000,0,0.0000,0,0,0,601,0
4401,2.8706,5.6569,0.0005,0.0000,0,0,0.0000,0,0.0000,0,0,0,601,0
4402,2.8226,10.2966,0.0022,0.0000,0,0,0.0000,0,0.0000,0,0,0,769,0
4403,2.8108,10.2618,0.0028,0.0000,0,0,0.0000,0,0.0000,0,0,0,696,0
4404,5.2804,5.8153,0.0027,0.0000,0,0,0.0000,0,0.0000,0,0,0,601,0
4405,2.8706,5.7265,0.0016,0.0000,0,0,0.0000,0,0.0000,0,0,0,601,0
4406,2.8226,10.6389,0.0065,0.0000,0,0,0.0000,0,0.0000,0,0,0,728,0
4407,2.8108,10.5593,0.0015,0.0000,0,0,0.0000,0,0.0000,0,0,0,717,0
4408,5.2804,8.3297,0.0017,0.0000,0,0,0.0000,0,0.0000,0,0,0,601,0
4409,2.8706,7.7951,0.0018,0.0000,0,0,0.0000,0,0.0000,0,0,0,601,0
4410,2.8226,11.0104,0.0083,0.0000,0,0,0.0000,0,0.0000,0,0,0,726,0
4411,2.8108,10.9832,0.0015,0.0000,0,0,0.0000,0,0.0000,0,0,0,731,0
4412,5.2804,7.8575,0.0021,0.0000,0,0,0.0000,0,0.0000,0,0,0,601,0
4413,2.8706,5.8565,0.0020,0.0000,0,0,0.0000,0,0.0000,0,0,0,601,0
4414,2.8226,11.1438,0.0028,0.0000,0,0,0.0000,0,0.0000,0,0,0,833,0
4415,2.8108,10.9469,0.0026,0.0000,0,0,0.0000,0,0.0000,0,0,0,722,0
4416,5.2804,6.1975,0.0077,0.0000,0,0,0.0000,0,0.0000,0,0,0,601,0
4417,2.8706,5.8223,0.0018,0.0000,0,0,0.0000,0,0.0000,0,0,0,601,0
4418,2.8226,11.0573,0.0303,0.0000,0,0,0.0000,0,0.0000,0,0,0,696,0
4419,2.8108,11.0117,0.0013,0.0000,0,0,0.0000,0,0.0000,0,0,0,758,0
4420,5.2804,7.6522,0.0085,0.0000,0,0,0.0000,0,0.0000,0,0,0,601,0
4421,2.8706,6.1700,0.0043,0.0000,0,0,0.0000,0,0.0000,0,0,0,601,0
4422,2.8226,9.2920,0.0082,0.0000,0,0,0.0000,0,0.0000,0,0,0,696,0
4423,2.8108,10.5210,0.0012,0.0000,0,0,0.0000,0,0.0000,0,0,0,696,0
4424,5.2804,6.5345,0.0060,0.0000,0,0,0.0000,0,0.0000,0,0,0,601,0
4425,2.8706,5.8925,0.0013,0.0000,0,0,0.0000,0,0.0000,0,0,0,601,0
4426,2.8226,10.4597,0.0044,0.0000,0,0,0.0000,0,0.0000,0,0,0,696,0
4427,2.8108,10.4105,0.0024,0.0000,0,0,0.0000,0,0.0000,0,0,0,705,0
4428,5.2804,6.1625,0.0048,0.0000,0,0,0.0000,0,0.0000,0,0,0,601,0
4429,2.8706,5.9000,0.0015,0.0000,0,0,0.0000,0,0.0000,0,0,0,601,0
4430,2.8226,10.7739,0.0040,0.0000,0,0,0.0000,0,0.0000,0,0,0,696,0
4431,2.8108,10.6250,0.0254,0.0000,0,0,0.0000,0,0.0000,0,0,0,707,0
4432,5.2804,6.2307,0.0051,0.0000,0,0,0.0000,0,0.0000,0,0,0,601,0
4433,2.8706,5.8959,0.0009,0.0000,0,0,0.0000,0,0.0000,0,0,0,601,0
4434,2.8226,10.5373,0.0020,0.0000,0,0,0.0000,0,0.0000,0,0,0,701,0
4435,2.8108,10.5032,0.0016,0.0000,0,0,0.0000,0,0.0000,0,0,0,707,0
4436,5.2804,5.9995,0.0048,0.0000,0,0,0.0000,0,0.0000,0,0,0,601,0
4437,2.8706,6.0139,0.0016,0.0000,0,0,0.0000,0,0.0000,0,0,0,601,0
4438,2.8226,10.1250,0.0014,0.0000,0,0,0.0000,0,0.0000,0,0,0,703,0
4439,2.8108,10.3552,0.0013,0.0000,0,0,0.0000,0,0.0000,0,0,0,736,0
4440,5.2804,6.4380,0.0063,0.0000,0,0,0.0000,0,0.0000,0,0,0,601,0
4441,2.8706,6.0576,0.0063,0.0000,0,0,0.0000,0,0.0000,0,0,0,601,0
4442,2.8226,11.2314,0.0095,0.0000,0,0,0.0000,0,0.0000,0,0,0,716,0
4443,2.8108,11.0838,0.0095,0.0000,0,0,0.0000,0,0.0000,0,0,0,719,0
4444,5.2804,6.4456,0.0077,0.0000,0,0,0.0000,0,0.0000,0,0,0,601,0
4445,2.8706,5.8307,0.0020,0.0000,0,0,0.0000,0,0.0000,0,0,0,601,0
4446,2.8226,11.3203,0.0116,0.0000,0,0,0.0000,0,0.0000,0,0,0,714,0
4447,2.8108,11.2263,0.0021,0.0000,0,0,0.0000,0,0.0000,0,0,0,775,0
4448,5.2804,6.8573,0.0076,0.0000,0,0,0.0000,0,0.0000,0,0,0,601,0
4449,2.8706,6.0546,0.0019,0.0000,0,0,0.0000,0,0.0000,0,0,0,601,0
4450,2.8226,10.5221,0.0055,0.0000,0,0,0.0000,0,0.0000,0,0,0,717,0
4451,2.8108,10.4235,0.0023,0.0000,0,0,0.0000,0,0.0000,0,0,0,701,0
4452,5.2804,6.0517,0.0039,0.0000,0,0,0.0000,0,0.0000,0,0,0,601,0
4453,2.8706,6.1997,0.0013,0.0000,0,0,0.0000,0,0.0000,0,0,0,601,0
4454,2.8226,8.8593,0.0018,0.0000,0,0,0.0000,0,0.0000,0,0,0,711,0
4455,2.8108,9.1514,0.0015,0.0000,0,0,0.0000,0,0.0000,0,0,0,701,0
4456,5.2804,6.0122,0.0020,0.0000,0,0,0.0000,0,0.0000,0,0,0,601,0
4457,2.8706,5.7325,0.0010,0.0000,0,0,0.0000,0,0.0000,0,0,0,601,0
4458,2.8226,10.7401,0.0041,0.0000,0,0,0.0000,0,0.0000,0,0,0,763,0
4459,2.8108,10.6650,0.0025,0.0000,0,0,0.0000,0,0.0000,0,0,0,701,0
4460,5.2804,6.1060,0.0016,0.0000,0,0,0.0000,0,0.0000,0,0,0,601,0
4461,2.8706,5.8434,0.0006,0.0000,0,0,0.0000,0,0.0000,0,0,0,601,0
4462,2.8226,10.4525,0.0021,0.0000,0,0,0.0000,0,0.0000,0,0,0,696,0
4463,2.8108,10.4861,0.0016,0.0000,0,0,0.0000,0,0.0000,0,0,0,715,0
4464,5.2804,6.0347,0.0016,0.0000,0,0,0.0000,0,0.0000,0,0,0,601,0
4465,2.8706,5.8854,0.0019,0.0000,0,0,0.0000,0,0.0000,0,0,0,601,0
4466,2.8226,10.6800,0.0014,0.0000,0,0,0.0000,0,0.0000,0,0,0,696,0
4467,2.8108,10.4872,0.0012,0.0000,0,0,0.0000,0,0.0000,0,0,0,726,0
4468,5.2804,6.1087,0.0025,0.0000,0,0,0.0000,0,0.0000,0,0,0,601,0
4469,2.8706,5.8534,0.0014,0.0000,0,0,0.0000,0,0.0000,0,0,0,601,0
4470,2.8226,10.5849,0.0022,0.0000,0,0,0.0000,0,0.0000,0,0,0,696,0
4471,2.8108,10.5132,0.0018,0.0000,0,0,0.0000,0,0.0000,0,0,0,714,0
4472,5.2804,5.9976,0.0022,0.0000,0,0,0.0000,0,0.0000,0,0,0,601,0
4473,2.8706,5.8129,0.0006,0.0000,0,0,0.0000,0,0.0000,0,0,0,601,0
4474,2.8226,10.6907,0.0021,0.0000,0,0,0.0000,0,0.0000,0,0,0,696,0
4475,2.8108,10.5134,0.0018,0.0000,0,0,0.0000,0,0.0000,0,0,0,789,0
4476,5.2804,6.1124,0.0039,0.0000,0,0,0.0000,0,0.0000,0,0,0,601,0
4477,2.8706,6.0975,0.0060,0.0000,0,0,0.0000,0,0.0000,0,0,0,601,0
4478,2.8226,10.6764,0.0030,0.0000,0,0,0.0000,0,0.0000,0,0,0,717,0
4479,2.8108,10.4576,0.0010,0.0000,0,0,0.0000,0,0.0000,0,0,0,703,0
4480,5.2804,6.1038,0.0056,0.0000,0,0,0.0000,0,0.0000,0,0,0,601,0
4481,2.8706,5.8468,0.0023,0.0000,0,0,0.0000,0,0.0000,0,0,0,601,0
4482,2.8226,10.7894,0.0022,0.0000,0,0,0.0000,0,0.0000,0,0,0,716,0
4483,2.8108,10.7651,0.0019,0.0000,0,0,0.0000,0,0.0000,0,0,0,705,0
4484,5.2804,6.2085,0.0067,0.0000,0,0,0.0000,0,0.0000,0,0,0,601,0
4485,2.8706,5.8556,0.0015,0.0000,0,0,0.0000,0,0.0000,0,0,0,601,0
4486,2.8226,10.6265,0.0046,0.0000,0,0,0.0000,0,0.0000,0,0,0,745,0
4487,2.8108,10.5192,0.0011,0.0000,0,0,0.0000,0,0.0000,0,0,0,700,0
4488,5.2804,6.1823,0.0025,0.0000,0,0,0.0000,0,0.0000,0,0,0,601,0
4489,2.8706,5.9059,0.0014,0.0000,0,0,0.0000,0,0.0000,0,0,0,601,0
4490,2.8226,10.7532,0.0021,0.0000,0,0,0.0000,0,0.0000,0,0,0,737,0
4491,2.8108,10.6320,0.0014,0.0000,0,0,0.0000,0,0.0000,0,0,0,706,0
4492,5.2804,6.2284,0.0042,0.0000,0,0,0.0000,0,0.0000,0,0,0,601,0
4493,2.8706,5.9333,0.0020,0.0000,0,0,0.0000,0,0.0000,0,0,0,601,0
4494,2.8226,10.7903,0.0079,0.0000,0,0,0.0000,0,0.0000,0,0,0,718,0
4495,2.8108,10.5723,0.0078,0.0000,0,0,0.0000,0,0.0000,0,0,0,723,0
4496,5.2804,6.3803,0.0131,0.0000,0,0,0.0000,0,0.0000,0,0,0,601,0
4497,2.8706,5.9125,0.0018,0.0000,0,0,0.0000,0,0.0000,0,0,0,601,0
4498,2.8226,10.6732,0.0032,0.0000,0,0,0.0000,0,0.0000,0,0,0,719,0
4499,2.8108,10.5442,0.0018,0.0000,0,0,0.0000,0,0.0000,0,0,0,714,0
4500,5.2804,6.4154,0.0114,0.0000,0,0,0.0000,0,0.0000,0,0,0,601,0
4501,2.8706,5.9392,0.0113,0.0000,0,0,0.0000,0,0.0000,0,0,0,601,0
4502,2.8226,12.6987,0.0081,0.0000,0,0,0.0000,0,0.0000,0,0,0,747,0
4503,2.8108,12.7622,0.0016,0.0000,0,0,0.0000,0,0.0000,0,0,0,769,0
4504,5.2804,7.2039,0.0071,0.0000,0,0,0.0000,0,0.0000,0,0,0,601,0
4505,2.8706,6.4315,0.0020,0.0000,0,0,0.0000,0,0.0000,0,0,0,601,0
4506,2.8226,10.7492,0.0059,0.0000,0,0,0.0000,0,0.0000,0,0,0,696,0
4507,2.8108,10.4965,0.0031,0.0000,0,0,0.0000,0,0.0000,0,0,0,704,0
4508,5.2804,6.6951,0.0077,0.0000,0,0,0.0000,0,0.0000,0,0,0,601,0
4509,2.8706,5.9758,0.0078,0.0000,0,0,0.0000,0,0.0000,0,0,0,601,0
4510,2.8226,11.4806,0.2231,0.0000,0,0,0.0000,0,0.0000,0,0,0,696,0
4511,2.8108,11.2223,0.0192,0.0000,0,0,0.0000,0,0.0000,0,0,0,707,0
4512,5.2804,7.8179,0.0087,0.0000,0,0,0.0000,0,0.0000,0,0,0,601,0
4513,2.8706,7.2402,0.0019,0.0000,0,0,0.0000,0,0.0000,0,0,0,601,0
4514,2.8226,11.6158,0.0092,0.0000,0,0,0.0000,0,0.0000,0,0,0,696,0
4515,2.8108,11.3834,0.0092,0.0000,0,0,0.0000,0,0.0000,0,0,0,714,0
4516,5.2804,8.1060,0.0075,0.0000,0,0,0.0000,0,0.0000,0,0,0,601,0
4517,2.8706,6.2926,0.0042,0.0000,0,0,0.0000,0,0.0000,0,0,0,601,0
4518,2.8226,9.2185,0.0071,0.0000,0,0,0.0000,0,0.0000,0,0,0,696,0
4519,2.8108,10.4157,0.0017,0.0000,0,0,0.0000,0,0.0000,0,0,0,709,0
4520,5.2804,6.5635,0.0090,0.0000,0,0,0.0000,0,0.0000,0,0,0,601,0
4521,2.8706,5.9512,0.0017,0.0000,0,0,0.0000,0,0.0000,0,0,0,601,0
4522,2.8226,9.7060,0.0088,0.0000,0,0,0.0000,0,0.0000,0,0,0,696,0
4523,2.8108,9.8475,0.0030,0.0000,0,0,0.0000,0,0.0000,0,0,0,732,0
4524,5.2804,6.9383,0.0078,0.0000,0,0,0.0000,0,0.0000,0,0,0,601,0
4525,2.8706,6.1642,0.0011,0.0000,0,0,0.0000,0,0.0000,0,0,0,601,0
4526,2.8226,10.8255,0.0085,0.0000,0,0,0.0000,0,0.0000,0,0,0,696,0
4527,2.8108,10.5465,0.0085,0.0000,0,0,0.0000,0,0.0000,0,0,0,719,0
4528,5.2804,6.8347,0.0099,0.0000,0,0,0.0000,0,0.0000,0,0,0,601,0
4529,2.8706,6.0829,0.0099,0.0000,0,0,0.0000,0,0.0000,0,0,0,601,0
4530,2.8226,10.8546,0.0082,0.0000,0,0,0.0000,0,0.0000,0,0,0,708,0
4531,2.8108,10.7679,0.0013,0.0000,0,0,0.0000,0,0.0000,0,0,0,751,0
4532,5.2804,6.4540,0.0084,0.0000,0,0,0.0000,0,0.0000,0,0,0,601,0
4533,2.8706,5.9938,0.0012,0.0000,0,0,0.0000,0,0.0000,0,0,0,601,0
4534,2.8226,10.4069,0.0076,0.0000,0,0,0.0000,0,0.0000,0,0,0,708,0
4535,2.8108,10.6203,0.0032,0.0000,0,0,0.0000,0,0.0000,0,0,0,696,0
4536,5.2804,6.6627,0.0055,0.0000,0,0,0.0000,0,0.0000,0,0,0,601,0
4537,2.8706,5.9963,0.0011,0.0000,0,0,0.0000,0,0.0000,0,0,0,601,0
4538,2.8226,10.3193,0.0036,0.0000,0,0,0.0000,0,0.0000,0,0,0,706,0
4539,2.8108,12.2225,0.0072,0.0000,0,0,0.0000,0,0.0000,0,0,0,701,0
4540,5.2804,6.9123,0.0091,0.0000,0,0,0.0000,0,0.0000,0,0,0,601,0
4541,2.8706,6.1069,0.0018,0.0000,0,0,0.0000,0,0.0000,0,0,0,601,0
4542,2.8226,10.6732,0.0076,0.0000,0,0,0.0000,0,0.0000,0,0,0,707,0
4543,2.8108,10.5107,0.0020,0.0000,0,0,0.0000,0,0.0000,0,0,0,703,0
4544,5.2804,6.6525,0.0090,0.0000,0,0,0.0000,0,0.0000,0,0,0,601,0
4545,2.8706,6.0080,0.0028,0.0000,0,0,0.0000,0,0.0000,0,0,0,601,0
4546,2.8226,12.8398,0.0100,0.0000,0,0,0.0000,0,0.0000,0,0,0,723,0
4547,2.8108,12.8116,0.0011,0.0000,0,0,0.0000,0,0.0000,0,0,0,707,0
4548,5.2804,8.8673,0.0054,0.0000,0,0,0.0000,0,0.0000,0,0,0,601,0
4549,2.8706,7.9484,0.0024,0.0000,0,0,0.0000,0,0.0000,0,0,0,601,0
4550,2.8226,10.7036,0.0028,0.0000,0,0,0.0000,0,0.0000,0,0,0,696,0
4551,2.8108,10.5190,0.0014,0.0000,0,0,0.0000,0,0.0000,0,0,0,708,0
4552,5.2804,6.2334,0.0040,0.0000,0,0,0.0000,0,0.0000,0,0,0,601,0
4553,2.8706,5.8459,0.0005,0.0000,0,0,0.0000,0,0.0000,0,0,0,601,0
4554,2.8226,10.6614,0.0029,0.0000,0,0,0.0000,0,0.0000,0,0,0,696,0
4555,2.8108,10.6033,0.0025,0.0000,0,0,0.0000,0,0.0000,0,0,0,712,0
4556,5.2804,6.1844,0.0047,0.0000,0,0,0.0000,0,0.0000,0,0,0,601,0
4557,2.8706,5.9379,0.0018,0.0000,0,0,0.0000,0,0.0000,0,0,0,601,0
4558,2.8226,10.7776,0.0024,0.0000,0,0,0.0000,0,0.0000,0,0,0,696,0
4559,2.8108,10.5846,0.0024,0.0000,0,0,0.0000,0,0.0000,0,0,0,754,0
4560,5.2804,6.2074,0.0017,0.0000,0,0,0.0000,0,0.0000,0,0,0,601,0
4561,2.8706,5.8430,0.0010,0.0000,0,0,0.0000,0,0.0000,0,0,0,601,0
4562,2.8226,10.8797,0.0019,0.0000,0,0,0.0000,0,0.0000,0,0,0,696,0
4563,2.8108,10.7305,0.0017,0.0000,0,0,0.0000,0,0.0000,0,0,0,696,0
4564,5.2804,6.1657,0.0020,0.0000,0,0,0.0000,0,0.0000,0,0,0,601,0
4565,2.8706,5.8666,0.0029,0.0000,0,0,0.0000,0,0.0000,0,0,0,601,0
4566,2.8226,10.9215,0.0017,0.0000,0,0,0.0000,0,0.0000,0,0,0,701,0
4567,2.8108,10.8577,0.0014,0.0000,0,0,0.0000,0,0.0000,0,0,0,706,0
4568,5.2804,6.4620,0.0096,0.0000,0,0,0.0000,0,0.0000,0,0,0,601,0
4569,2.8706,6.1453,0.0096,0.0000,0,0,0.0000,0,0.0000,0,0,0,601,0
4570,2.8226,11.1501,0.0100,0.0000,0,0,0.0000,0,0.0000,0,0,0,696,0
4571,2.8108,11.2365,0.0022,0.0000,0,0,0.0000,0,0.0000,0,0,0,700,0
4572,5.2804,6.6066,0.0079,0.0000,0,0,0.0000,0,0.0000,0,0,0,601,0
4573,2.8706,6.0285,0.0020,0.0000,0,0,0.0000,0,0.0000,0,0,0,601,0
4574,2.8226,10.0217,0.0094,0.0000,0,0,0.0000,0,0.0000,0,0,0,707,0
4575,2.8108,10.5548,0.0032,0.0000,0,0,0.0000,0,0.0000,0,0,0,704,0
4576,5.2804,6.8425,0.0088,0.0000,0,0,0.0000,0,0.0000,0,0,0,601,0
4577,2.8706,6.0435,0.0017,0.0000,0,0,0.0000,0,0.0000,0,0,0,601,0
4578,2.8226,10.2670,0.0073,0.0000,0,0,0.0000,0,0.0000,0,0,0,701,0
4579,2.8108,10.2423,0.0024,0.0000,0,0,0.0000,0,0.0000,0,0,0,715,0
4580,5.2804,6.8531,0.0087,0.0000,0,0,0.0000,0,0.0000,0,0,0,601,0
4581,2.8706,5.9470,0.0020,0.0000,0,0,0.0000,0,0.0000,0,0,0,601,0
4582,2.8226,9.1762,0.0037,0.0000,0,0,0.0000,0,0.0000,0,0,0,702,0
4583,2.8108,10.2515,0.0012,0.0000,0,0,0.0000,0,0.0000,0,0,0,700,0
4584,5.2804,6.2538,0.0065,0.0000,0,0,0.0000,0,0.0000,0,0,0,601,0
4585,2.8706,5.8419,0.0027,0.0000,0,0,0.0000,0,0.0000,0,0,0,601,0
4586,2.8226,10.7822,0.0022,0.0000,0,0,0.0000,0,0.0000,0,0,0,711,0
4587,2.8108,10.6961,0.0085,0.0000,0,0,0.0000,0,0.0000,0,0,0,764,0
4588,5.2804,6.2248,0.0024,0.0000,0,0,0.0000,0,0.0000,0,0,0,601,0
4589,2.8706,5.8238,0.0012,0.0000,0,0,0.0000,0,0.0000,0,0,0,601,0
4590,2.8226,10.4020,0.0011,0.0000,0,0,0.0000,0,0.0000,0,0,0,722,0
4591,2.8108,10.2616,0.0008,0.0000,0,0,0.0000,0,0.0000,0,0,0,696,0
4592,5.2804,5.8983,0.0024,0.0000,0,0,0.0000,0,0.0000,0,0,0,601,0
4593,2.8706,5.6586,0.0012,0.0000,0,0,0.0000,0,0.0000,0,0,0,601,0
4594,2.8226,10.7607,0.0020,0.0000,0,0,0.0000,0,0.0000,0,0,0,696,0
4595,2.8108,10.7546,0.0008,0.0000,0,0,0.0000,0,0.0000,0,0,0,696,0
4596,5.2804,6.0169,0.0020,0.0000,0,0,0.0000,0,0.0000,0,0,0,601,0
4597,2.8706,5.7416,0.0020,0.0000,0,0,0.0000,0,0.0000,0,0,0,601,0
4598,2.8226,10.7420,0.0040,0.0000,0,0,0.0000,0,0.0000,0,0,0,696,0
4599,2.8108,10.6540,0.0053,0.0000,0,0,0.0000,0,0.0000,0,0,0,696,0
4600,5.2804,6.1668,0.0018,0.0000,0,0,0.0000,0,0.0000,0,0,0,601,0
4601,2.8706,5.7384,0.0014,0.0000,0,0,0.0000,0,0.0000,0,0,0,601,0
4602,2.8226,10.6595,0.0018,0.0000,0,0,0.0000,0,0.0000,0,0,0,696,0
4603,2.8108,10.5691,0.0008,0.0000,0,0,0.0000,0,0.0000,0,0,0,700,0
4604,5.2804,6.0063,0.0010,0.0000,0,0,0.0000,0,0.0000,0,0,0,601,0
4605,2.8706,5.8177,0.0010,0.0000,0,0,0.0000,0,0.0000,0,0,0,601,0
4606,2.8226,10.6122,0.0012,0.0000,0,0,0.0000,0,0.0000,0,0,0,705,0
4607,2.8108,10.5530,0.0021,0.0000,0,0,0.0000,0,0.0000,0,0,0,702,0
4608,5.2804,5.7083,0.0011,0.0000,0,0,0.0000,0,0.0000,0,0,0,601,0
4609,2.8706,5.6228,0.0010,0.0000,0,0,0.0000,0,0.0000,0,0,0,601,0
4610,2.8226,10.3797,0.0012,0.0000,0,0,0.0000,0,0.0000,0,0,0,708,0
4611,2.8108,10.3381,0.0014,0.0000,0,0,0.0000,0,0.0000,0,0,0,706,0
4612,5.2804,5.8117,0.0013,0.0000,0,0,0.0000,0,0.0000,0,0,0,601,0
4613,2.8706,5.6210,0.0008,0.0000,0,0,0.0000,0,0.0000,0,0,0,601,0
4614,2.8226,10.4724,0.0013,0.0000,0,0,0.0000,0,0.0000,0,0,0,707,0
4615,2.8108,10.4332,0.0010,0.0000,0,0,0.0000,0,0.0000,0,0,0,721,0
4616,5.2804,5.8285,0.0014,0.0000,0,0,0.0000,0,0.0000,0,0,0,601,0
4617,2.8706,5.6510,0.0009,0.0000,0,0,0.0000,0,0.0000,0,0,0,601,0
4618,2.8226,10.3802,0.0015,0.0000,0,0,0.0000,0,0.0000,0,0,0,708,0
4619,2.8108,10.3892,0.0013,0.0000,0,0,0.0000,0,0.0000,0,0,0,696,0
4620,5.2804,5.7500,0.0013,0.0000,0,0,0.0000,0,0.0000,0,0,0,601,0
4621,2.8706,5.6501,0.0013,0.0000,0,0,0.0000,0,0.0000,0,0,0,601,0
4622,2.8226,10.4705,0.0012,0.0000,0,0,0.0000,0,0.0000,0,0,0,706,0
4623,2.8108,10.4049,0.0015,0.0000,0,0,0.0000,0,0.0000,0,0,0,696,0
4624,5.2804,5.7362,0.0014,0.0000,0,0,0.0000,0,0.0000,0,0,0,601,0
4625,2.8706,5.6602,0.0055,0.0000,0,0,0.0000,0,0.0000,0,0,0,601,0
4626,2.8226,10.4459,0.0017,0.0000,0,0,0.0000,0,0.0000,0,0,0,711,0
4627,2.8108,10.3837,0.0016,0.0000,0,0,0.0000,0,0.0000,0,0,0,696,0
4628,5.2804,5.7773,0.0016,0.0000,0,0,0.0000,0,0.0000,0,0,0,601,0
4629,2.8706,5.7169,0.0015,0.0000,0,0,0.0000,0,0.0000,0,0,0,601,0
4630,2.8226,10.5360,0.0070,0.0000,0,0,0.0000,0,0.0000,0,0,0,706,0
4631,2.8108,10.3419,0.0070,0.0000,0,0,0.0000,0,0.0000,0,0,0,702,0
4632,5.2804,6.1363,0.0055,0.0000,0,0,0.0000,0,0.0000,0,0,0,601,0
4633,2.8706,5.6995,0.0014,0.0000,0,0,0.0000,0,0.0000,0,0,0,601,0
4634,2.8226,10.4581,0.0054,0.0000,0,0,0.0000,0,0.0000,0,0,0,748,0
4635,2.8108,10.2454,0.0055,0.0000,0,0,0.0000,0,0.0000,0,0,0,702,0
4636,5.2804,6.1524,0.0068,0.0000,0,0,0.0000,0,0.0000,0,0,0,601,0
4637,2.8706,5.7539,0.0018,0.0000,0,0,0.0000,0,0.0000,0,0,0,601,0
4638,2.8226,11.7731,0.0105,0.0000,0,0,0.0000,0,0.0000,0,0,0,696,0
4639,2.8108,11.7653,0.0025,0.0000,0,0,0.0000,0,0.0000,0,0,0,702,0
4640,5.2804,6.0980,0.0025,0.0000,0,0,0.0000,0,0.0000,0,0,0,601,0
4641,2.8706,5.7557,0.0018,0.0000,0,0,0.0000,0,0.0000,0,0,0,601,0
4642,2.8226,10.4707,0.0017,0.0000,0,0,0.0000,0,0.0000,0,0,0,696,0
4643,2.8108,10.3365,0.0008,0.0000,0,0,0.0000,0,0.0000,0,0,0,742,0
4644,5.2804,6.4440,0.0025,0.0000,0,0,0.0000,0,0.0000,0,0,0,601,0
4645,2.8706,5.9520,0.0089,0.0000,0,0,0.0000,0,0.0000,0,0,0,601,0
4646,2.8226,12.0952,0.0036,0.0000,0,0,0.0000,0,0.0000,0,0,0,696,0
4647,2.8108,12.0143,0.0021,0.0000,0,0,0.0000,0,0.0000,0,0,0,696,0
4648,5.2804,6.3270,0.0061,0.0000,0,0,0.0000,0,0.0000,0,0,0,601,0
4649,2.8706,5.9786,0.0015,0.0000,0,0,0.0000,0,0.0000,0,0,0,601,0
4650,2.8226,10.6565,0.0035,0.0000,0,0,0.0000,0,0.0000,0,0,0,696,0
4651,2.8108,10.4186,0.0019,0.0000,0,0,0.0000,0,0.0000,0,0,0,696,0
4652,5.2804,6.2007,0.0037,0.0000,0,0,0.0000,0,0.0000,0,0,0,601,0
4653,2.8706,5.8161,0.0010,0.0000,0,0,0.0000,0,0.0000,0,0,0,601,0
4654,2.8226,10.7733,0.0044,0.0000,0,0,0.0000,0,0.0000,0,0,0,702,0
4655,2.8108,10.5860,0.0020,0.0000,0,0,0.0000,0,0.0000,0,0,0,696,0
4656,5.2804,6.1979,0.0028,0.0000,0,0,0.0000,0,0.0000,0,0,0,601,0
4657,2.8706,5.8155,0.0022,0.0000,0,0,0.0000,0,0.0000,0,0,0,601,0
4658,2.8226,10.4040,0.0014,0.0000,0,0,0.0000,0,0.0000,0,0,0,701,0
4659,2.8108,10.3295,0.0014,0.0000,0,0,0.0000,0,0.0000,0,0,0,696,0
4660,5.2804,5.8502,0.0038,0.0000,0,0,0.0000,0,0.0000,0,0,0,601,0
4661,2.8706,5.6540,0.0013,0.0000,0,0,0.0000,0,0.0000,0,0,0,601,0
4662,2.8226,10.5100,0.0029,0.0000,0,0,0.0000,0,0.0000,0,0,0,704,0
4663,2.8108,10.4149,0.0022,0.0000,0,0,0.0000,0,0.0000,0,0,0,701,0
4664,5.2804,5.9880,0.0017,0.0000,0,0,0.0000,0,0.0000,0,0,0,601,0
4665,2.8706,5.6874,0.0006,0.0000,0,0,0.0000,0,0.0000,0,0,0,601,0
4666,2.8226,10.3112,0.0017,0.0000,0,0,0.0000,0,0.0000,0,0,0,701,0
4667,2.8108,10.2840,0.0015,0.0000,0,0,0.0000,0,0.0000,0,0,0,700,0
4668,5.2804,6.2300,0.0037,0.0000,0,0,0.0000,0,0.0000,0,0,0,601,0
4669,2.8706,5.7866,0.0024,0.0000,0,0,0.0000,0,0.0000,0,0,0,601,0
4670,2.8226,10.5567,0.0235,0.0000,0,0,0.0000,0,0.0000,0,0,0,701,0
4671,2.8108,10.3688,0.0018,0.0000,0,0,0.0000,0,0.0000,0,0,0,720,0
4672,5.2804,6.1368,0.0057,0.0000,0,0,0.0000,0,0.0000,0,0,0,601,0
4673,2.8706,5.7378,0.0318,0.0000,0,0,0.0000,0,0.0000,0,0,0,601,0
4674,2.8226,10.5131,0.0022,0.0000,0,0,0.0000,0,0.0000,0,0,0,702,0
4675,2.8108,10.4475,0.0013,0.0000,0,0,0.0000,0,0.0000,0,0,0,696,0
4676,5.2804,6.0720,0.0032,0.0000,0,0,0.0000,0,0.0000,0,0,0,601,0
4677,2.8706,5.6807,0.0032,0.0000,0,0,0.0000,0,0.0000,0,0,0,601,0
4678,2.8226,11.0866,0.0105,0.0000,0,0,0.0000,0,0.0000,0,0,0,712,0
4679,2.8108,11.6983,0.0046,0.0000,0,0,0.0000,0,0.0000,0,0,0,696,0
4680,5.2804,6.5920,0.0022,0.0000,0,0,0.0000,0,0.0000,0,0,0,601,0
4681,2.8706,6.3157,0.0081,0.0000,0,0,0.0000,0,0.0000,0,0,0,601,0
4682,2.8226,8.8586,0.0049,0.0000,0,0,0.0000,0,0.0000,0,0,0,696,0
4683,2.8108,10.4832,0.0015,0.0000,0,0,0.0000,0,0.0000,0,0,0,696,0
4684,5.2804,6.6814,0.0070,0.0000,0,0,0.0000,0,0.0000,0,0,0,601,0
4685,2.8706,5.7249,0.0017,0.0000,0,0,0.0000,0,0.0000,0,0,0,601,0
4686,2.8226,10.6442,0.0078,0.0000,0,0,0.0000,0,0.0000,0,0,0,696,0
4687,2.8108,10.3981,0.0034,0.0000,0,0,0.0000,0,0.0000,0,0,0,696,0
4688,5.2804,7.1232,0.0137,0.0000,0,0,0.0000,0,0.0000,0,0,0,601,0
4689,2.8706,6.1290,0.0138,0.0000,0,0,0.0000,0,0.0000,0,0,0,601,0
4690,2.8226,9.8674,0.0083,0.0000,0,0,0.0000,0,0.0000,0,0,0,696,0
4691,2.8108,9.5160,0.0019,0.0000,0,0,0.0000,0,0.0000,0,0,0,705,0
4692,5.2804,6.9430,0.0077,0.0000,0,0,0.0000,0,0.0000,0,0,0,601,0
4693,2.8706,5.8480,0.0013,0.0000,0,0,0.0000,0,0.0000,0,0,0,601,0
4694,2.8226,10.0618,0.0055,0.0000,0,0,0.0000,0,0.0000,0,0,0,696,0
4695,2.8108,10.4197,0.0026,0.0000,0,0,0.0000,0,0.0000,0,0,0,704,0
4696,5.2804,6.3947,0.0071,0.0000,0,0,0.0000,0,0.0000,0,0,0,601,0
4697,2.8706,5.9275,0.0025,0.0000,0,0,0.0000,0,0.0000,0,0,0,601,0
4698,2.8226,10.5828,0.0090,0.0000,0,0,0.0000,0,0.0000,0,0,0,706,0
4699,2.8108,10.0033,0.0090,0.0000,0,0,0.0000,0,0.0000,0,0,0,711,0
4700,5.2804,6.6878,0.0062,0.0000,0,0,0.0000,0,0.0000,0,0,0,601,0
4701,2.8706,5.8501,0.0014,0.0000,0,0,0.0000,0,0.0000,0,0,0,601,0
4702,2.8226,11.9245,0.0077,0.0000,0,0,0.0000,0,0.0000,0,0,0,702,0
4703,2.8108,11.8998,0.0033,0.0000,0,0,0.0000,0,0.0000,0,0,0,696,0
4704,5.2804,6.6098,0.0064,0.0000,0,0,0.0000,0,0.0000,0,0,0,601,0
4705,2.8706,5.7666,0.0017,0.0000,0,0,0.0000,0,0.0000,0,0,0,601,0
4706,2.8226,10.7340,0.0065,0.0000,0,0,0.0000,0,0.0000,0,0,0,702,0
4707,2.8108,10.4827,0.0065,0.0000,0,0,0.0000,0,0.0000,0,0,0,696,0
4708,5.2804,6.7787,0.0104,0.0000,0,0,0.0000,0,0.0000,0,0,0,601,0
4709,2.8706,5.8196,0.0021,0.0000,0,0,0.0000,0,0.0000,0,0,0,601,0
4710,2.8226,10.5012,0.0050,0.0000,0,0,0.0000,0,0.0000,0,0,0,696,0
4711,2.8108,10.3158,0.0027,0.0000,0,0,0.0000,0,0.0000,0,0,0,696,0
4712,5.2804,6.1042,0.0020,0.0000,0,0,0.0000,0,0.0000,0,0,0,601,0
4713,2.8706,5.6992,0.0005,0.0000,0,0,0.0000,0,0.0000,0,0,0,601,0
4714,2.8226,11.5467,0.0066,0.0000,0,0,0.0000,0,0.0000,0,0,0,696,0
4715,2.8108,11.4563,0.0023,0.0000,0,0,0.0000,0,0.0000,0,0,0,696,0
4716,5.2804,6.5637,0.0071,0.0000,0,0,0.0000,0,0.0000,0,0,0,601,0
4717,2.8706,5.7445,0.0071,0.0000,0,0,0.0000,0,0.0000,0,0,0,601,0
4718,2.8226,10.9036,0.0077,0.0000,0,0,0.0000,0,0.0000,0,0,0,696,0
4719,2.8108,10.9021,0.0029,0.0000,0,0,0.0000,0,0.0000,0,0,0,701,0
4720,5.2804,6.7830,0.0060,0.0000,0,0,0.0000,0,0.0000,0,0,0,601,0
4721,2.8706,5.8518,0.0017,0.0000,0,0,0.0000,0,0.0000,0,0,0,601,0
4722,2.8226,10.6783,0.0062,0.0000,0,0,0.0000,0,0.0000,0,0,0,709,0
4723,2.8108,10.4633,0.0030,0.0000,0,0,0.0000,0,0.0000,0,0,0,696,0
4724,5.2804,6.7029,0.0083,0.0000,0,0,0.0000,0,0.0000,0,0,0,601,0
4725,2.8706,5.7710,0.0012,0.0000,0,0,0.0000,0,0.0000,0,0,0,601,0
4726,2.8226,10.3803,0.0089,0.0000,0,0,0.0000,0,0.0000,0,0,0,696,0
4727,2.8108,10.4064,0.0023,0.0000,0,0,0.0000,0,0.0000,0,0,0,707,0
4728,5.2804,6.7667,0.0087,0.0000,0,0,0.0000,0,0.0000,0,0,0,601,0
4729,2.8706,6.4610,0.0013,0.0000,0,0,0.0000,0,0.0000,0,0,0,601,0
4730,2.8226,10.7366,0.0081,0.0000,0,0,0.0000,0,0.0000,0,0,0,696,0
4731,2.8108,10.4642,0.0019,0.0000,0,0,0.0000,0,0.0000,0,0,0,698,0
4732,5.2804,6.6589,0.0060,0.0000,0,0,0.0000,0,0.0000,0,0,0,601,0
4733,2.8706,5.7384,0.0019,0.0000,0,0,0.0000,0,0.0000,0,0,0,601,0
4734,2.8226,11.1050,0.0054,0.0000,0,0,0.0000,0,0.0000,0,0,0,696,0
4735,2.8108,10.9510,0.0021,0.0000,0,0,0.0000,0,0.0000,0,0,0,696,0
4736,5.2804,6.5207,0.0060,0.0000,0,0,0.0000,0,0.0000,0,0,0,601,0
4737,2.8706,5.9391,0.0023,0.0000,0,0,0.0000,0,0.0000,0,0,0,601,0
4738,2.8226,10.5643,0.0080,0.0000,0,0,0.0000,0,0.0000,0,0,0,696,0
4739,2.8108,10.3566,0.0029,0.0000,0,0,0.0000,0,0.0000,0,0,0,696,0
4740,5.2804,6.7796,0.0067,0.0000,0,0,0.0000,0,0.0000,0,0,0,601,0
4741,2.8706,6.0068,0.0022,0.0000,0,0,0.0000,0,0.0000,0,0,0,601,0
4742,2.8226,9.8810,0.0065,0.0000,0,0,0.0000,0,0.0000,0,0,0,696,0
4743,2.8108,10.0668,0.0030,0.0000,0,0,0.0000,0,0.0000,0,0,0,696,0
4744,5.2804,6.4034,0.0063,0.0000,0,0,0.0000,0,0.0000,0,0,0,601,0
4745,2.8706,5.8905,0.0024,0.0000,0,0,0.0000,0,0.0000,0,0,0,601,0
4746,2.8226,10.5306,0.0090,0.0000,0,0,0.0000,0,0.0000,0,0,0,696,0
4747,2.8108,10.1456,0.0025,0.0000,0,0,0.0000,0,0.0000,0,0,0,696,0
4748,5.2804,6.3682,0.0045,0.0000,0,0,0.0000,0,0.0000,0,0,0,601,0
4749,2.8706,5.7795,0.0022,0.0000,0,0,0.0000,0,0.0000,0,0,0,601,0
4750,2.8226,10.3882,0.0045,0.0000,0,0,0.0000,0,0.0000,0,0,0,696,0
4751,2.8108,10.2901,0.0018,0.0000,0,0,0.0000,0,0.0000,0,0,0,696,0
4752,5.2804,6.1977,0.0128,0.0000,0,0,0.0000,0,0.0000,0,0,0,601,0
4753,2.8706,5.7825,0.0018,0.0000,0,0,0.0000,0,0.0000,0,0,0,601,0
4754,2.8226,11.1109,0.0087,0.0000,0,0,0.0000,0,0.0000,0,0,0,696,0
4755,2.8108,11.1305,0.0025,0.0000,0,0,0.0000,0,0.0000,0,0,0,706,0
4756,5.2804,6.6539,0.0079,0.0000,0,0,0.0000,0,0.0000,0,0,0,601,0
4757,2.8706,5.8396,0.0013,0.0000,0,0,0.0000,0,0.0000,0,0,0,601,0
4758,2.8226,13.3204,0.0115,0.0000,0,0,0.0000,0,0.0000,0,0,0,696,0
4759,2.8108,13.3680,0.0025,0.0000,0,0,0.0000,0,0.0000,0,0,0,696,0
4760,5.2804,7.1337,0.0023,0.0000,0,0,0.0000,0,0.0000,0,0,0,601,0
4761,2.8706,7.1205,0.0118,0.0000,0,0,0.0000,0,0.0000,0,0,0,601,0
4762,2.8226,9.3885,0.0066,0.0000,0,0,0.0000,0,0.0000,0,0,0,696,0
4763,2.8108,10.0753,0.0024,0.0000,0,0,0.0000,0,0.0000,0,0,0,696,0
4764,5.2804,6.5950,0.0027,0.0000,0,0,0.0000,0,0.0000,0,0,0,601,0
4765,2.8706,5.8657,0.0015,0.0000,0,0,0.0000,0,0.0000,0,0,0,601,0
4766,2.8226,10.2968,0.0151,0.0000,0,0,0.0000,0,0.0000,0,0,0,701,0
4767,2.8108,10.2654,0.0020,0.0000,0,0,0.0000,0,0.0000,0,0,0,696,0
4768,5.2804,6.4787,0.0096,0.0000,0,0,0.0000,0,0.0000,0,0,0,601,0
4769,2.8706,5.8395,0.0019,0.0000,0,0,0.0000,0,0.0000,0,0,0,601,0
4770,2.8226,10.4679,0.0067,0.0000,0,0,0.0000,0,0.0000,0,0,0,696,0
4771,2.8108,10.1940,0.0020,0.0000,0,0,0.0000,0,0.0000,0,0,0,696,0
4772,5.2804,6.8572,0.0075,0.0000,0,0,0.0000,0,0.0000,0,0,0,601,0
4773,2.8706,5.8262,0.0012,0.0000,0,0,0.0000,0,0.0000,0,0,0,601,0
4774,2.8226,21.2685,0.0095,0.0000,0,0,0.0000,0,0.0000,0,0,0,696,0
4775,2.8108,21.1438,0.0017,0.0000,0,0,0.0000,0,0.0000,0,0,0,696,0
4776,5.2804,6.3941,0.0047,0.0000,0,0,0.0000,0,0.0000,0,0,0,601,0
4777,2.8706,5.7758,0.0007,0.0000,0,0,0.0000,0,0.0000,0,0,0,601,0
4778,2.8226,10.3893,0.0014,0.0000,0,0,0.0000,0,0.0000,0,0,0,696,0
4779,2.8108,10.3206,0.0008,0.0000,0,0,0.0000,0,0.0000,0,0,0,696,0
4780,5.2804,6.7322,0.0055,0.0000,0,0,0.0000,0,0.0000,0,0,0,601,0
4781,2.8706,6.5818,0.0020,0.0000,0,0,0.0000,0,0.0000,0,0,0,601,0
4782,2.8226,10.7332,0.0065,0.0000,0,0,0.0000,0,0.0000,0,0,0,696,0
4783,2.8108,10.2616,0.0020,0.0000,0,0,0.0000,0,0.0000,0,0,0,706,0
4784,5.2804,6.8397,0.0088,0.0000,0,0,0.0000,0,0.0000,0,0,0,601,0
4785,2.8706,5.8752,0.0032,0.0000,0,0,0.0000,0,0.0000,0,0,0,601,0
4786,2.8226,10.4146,0.0060,0.0000,0,0,0.0000,0,0.0000,0,0,0,696,0
4787,2.8108,10.0202,0.0060,0.0000,0,0,0.0000,0,0.0000,0,0,0,696,0
4788,5.2804,6.5723,0.0096,0.0000,0,0,0.0000,0,0.0000,0,0,0,601,0
4789,2.8706,5.7773,0.0017,0.0000,0,0,0.0000,0,0.0000,0,0,0,601,0
4790,2.8226,10.5422,0.0029,0.0000,0,0,0.0000,0,0.0000,0,0,0,696,0
4791,2.8108,10.2625,0.0024,0.0000,0,0,0.0000,0,0.0000,0,0,0,696,0
4792,5.2804,6.2643,0.0073,0.0000,0,0,0.0000,0,0.0000,0,0,0,601,0
4793,2.8706,5.9269,0.0011,0.0000,0,0,0.0000,0,0.0000,0,0,0,601,0
4794,2.8226,10.5686,0.0060,0.0000,0,0,0.0000,0,0.0000,0,0,0,696,0
4795,2.8108,10.3112,0.0060,0.0000,0,0,0.0000,0,0.0000,0,0,0,696,0
4796,5.2804,6.3663,0.0070,0.0000,0,0,0.0000,0,0.0000,0,0,0,601,0
4797,2.8706,5.9482,0.0018,0.0000,0,0,0.0000,0,0.0000,0,0,0,601,0
4798,2.8226,11.3067,0.0109,0.0000,0,0,0.0000,0,0.0000,0,0,0,696,0
4799,2.8108,11.2403,0.0030,0.0000,0,0,0.0000,0,0.0000,0,0,0,703,0
