frame_id,generate_ms,encode_latency_ms,payload_extract_ms,enqueue_ms,queue_depth,dropped_before,send_ms,bytes_sent,frame_age_at_send_ms,send_failed,keyframe,sender_dropped,payload_bytes,status
0,5.9434,23.9880,0.0312,0.0000,0,0,0.0000,0,0.0000,0,1,0,60271,0
1,3.3764,24.7913,0.0156,0.0000,0,0,0.0000,0,0.0000,0,1,0,43482,0
2,3.2815,25.0859,0.0048,0.0000,0,0,0.0000,0,0.0000,0,1,0,59828,0
3,3.1241,27.5649,0.0111,0.0000,0,0,0.0000,0,0.0000,0,1,0,68126,0
4,5.9434,5.7797,0.0104,0.0000,0,0,0.0000,0,0.0000,0,0,0,16498,0
5,3.3764,5.5883,0.0120,0.0000,0,0,0.0000,0,0.0000,0,0,0,14403,0
6,3.2815,10.4861,0.0052,0.0000,0,0,0.0000,0,0.0000,0,0,0,17862,0
7,3.1241,10.4682,0.0131,0.0000,0,0,0.0000,0,0.0000,0,0,0,17138,0
8,5.9434,5.7072,0.0025,0.0000,0,0,0.0000,0,0.0000,0,0,0,9226,0
9,3.3764,5.6012,0.0022,0.0000,0,0,0.0000,0,0.0000,0,0,0,6914,0
10,3.2815,10.4142,0.0015,0.0000,0,0,0.0000,0,0.0000,0,0,0,11125,0
11,3.1241,10.4440,0.0011,0.0000,0,0,0.0000,0,0.0000,0,0,0,9621,0
12,5.9434,5.7054,0.0029,0.0000,0,0,0.0000,0,0.0000,0,0,0,17369,0
13,3.3764,5.6108,0.0020,0.0000,0,0,0.0000,0,0.0000,0,0,0,16755,0
14,3.2815,10.5457,0.0126,0.0000,0,0,0.0000,0,0.0000,0,0,0,19658,0
15,3.1241,10.5550,0.0049,0.0000,0,0,0.0000,0,0.0000,0,0,0,15622,0
16,5.9434,5.6829,0.0021,0.0000,0,0,0.0000,0,0.0000,0,0,0,23309,0
17,3.3764,5.6619,0.0054,0.0000,0,0,0.0000,0,0.0000,0,0,0,20346,0
18,3.2815,10.4177,0.0020,0.0000,0,0,0.0000,0,0.0000,0,0,0,22802,0
19,3.1241,10.5395,0.0018,0.0000,0,0,0.0000,0,0.0000,0,0,0,21407,0
20,5.9434,5.7585,0.0022,0.0000,0,0,0.0000,0,0.0000,0,0,0,13027,0
21,3.3764,5.6630,0.0019,0.0000,0,0,0.0000,0,0.0000,0,0,0,11737,0
22,3.2815,10.3753,0.0043,0.0000,0,0,0.0000,0,0.0000,0,0,0,12722,0
23,3.1241,10.4020,0.0018,0.0000,0,0,0.0000,0,0.0000,0,0,0,16214,0
24,5.9434,5.5550,0.0036,0.0000,0,0,0.0000,0,0.0000,0,0,0,7002,0
25,3.3764,5.5057,0.0014,0.0000,0,0,0.0000,0,0.0000,0,0,0,5132,0
26,3.2815,10.2402,0.0015,0.0000,0,0,0.0000,0,0.0000,0,0,0,7491,0
27,3.1241,10.2835,0.0010,0.0000,0,0,0.0000,0,0.0000,0,0,0,4790,0
28,5.9434,5.6691,0.0028,0.0000,0,0,0.0000,0,0.0000,0,0,0,3933,0
29,3.3764,5.5207,0.0063,0.0000,0,0,0.0000,0,0.0000,0,0,0,3799,0
30,3.2815,10.2587,0.0026,0.0000,0,0,0.0000,0,0.0000,0,0,0,4399,0
31,3.1241,10.2520,0.0008,0.0000,0,0,0.0000,0,0.0000,0,0,0,3276,0
32,5.9434,5.8733,0.0046,0.0000,0,0,0.0000,0,0.0000,0,0,0,3260,0
33,3.3764,5.5990,0.0026,0.0000,0,0,0.0000,0,0.0000,0,0,0,2850,0
34,3.2815,10.4899,0.0015,0.0000,0,0,0.0000,0,0.0000,0,0,0,3280,0
35,3.1241,10.4234,0.0010,0.0000,0,0,0.0000,0,0.0000,0,0,0,2761,0
36,5.9434,5.6870,0.0011,0.0000,0,0,0.0000,0,0.0000,0,0,0,3090,0
37,3.3764,5.6072,0.0008,0.0000,0,0,0.0000,0,0.0000,0,0,0,2691,0
38,3.2815,10.4340,0.0008,0.0000,0,0,0.0000,0,0.0000,0,0,0,3020,0
39,3.1241,10.4440,0.0007,0.0000,0,0,0.0000,0,0.0000,0,0,0,2648,0
40,5.9434,5.6353,0.0010,0.0000,0,0,0.0000,0,0.0000,0,0,0,2664,0
41,3.3764,5.6297,0.0007,0.0000,0,0,0.0000,0,0.0000,0,0,0,2213,0
42,3.2815,10.4787,0.0012,0.0000,0,0,0.0000,0,0.0000,0,0,0,1084,0
43,3.1241,10.5281,0.0008,0.0000,0,0,0.0000,0,0.0000,0,0,0,2638,0
44,5.9434,5.6260,0.0014,0.0000,0,0,0.0000,0,0.0000,0,0,0,1673,0
45,3.3764,5.5921,0.0012,0.0000,0,0,0.0000,0,0.0000,0,0,0,1302,0
46,3.2815,10.4057,0.0019,0.0000,0,0,0.0000,0,0.0000,0,0,0,959,0
47,3.1241,10.4104,0.0013,0.0000,0,0,0.0000,0,0.0000,0,0,0,2173,0
48,5.9434,5.8037,0.0022,0.0000,0,0,0.0000,0,0.0000,0,0,0,1538,0
49,3.3764,5.6481,0.0009,0.0000,0,0,0.0000,0,0.0000,0,0,0,1107,0
50,3.2815,10.3701,0.0009,0.0000,0,0,0.0000,0,0.0000,0,0,0,819,0
51,3.1241,10.4214,0.0015,0.0000,0,0,0.0000,0,0.0000,0,0,0,1668,0
52,5.9434,5.6882,0.0015,0.0000,0,0,0.0000,0,0.0000,0,0,0,1248,0
53,3.3764,5.6518,0.0014,0.0000,0,0,0.0000,0,0.0000,0,0,0,944,0
54,3.2815,10.3685,0.0026,0.0000,0,0,0.0000,0,0.0000,0,0,0,945,0
55,3.1241,10.4011,0.0011,0.0000,0,0,0.0000,0,0.0000,0,0,0,743,0
56,5.9434,5.7005,0.0022,0.0000,0,0,0.0000,0,0.0000,0,0,0,1198,0
57,3.3764,5.5037,0.0008,0.0000,0,0,0.0000,0,0.0000,0,0,0,836,0
58,3.2815,10.2992,0.0008,0.0000,0,0,0.0000,0,0.0000,0,0,0,1250,0
59,3.1241,10.3018,0.0009,0.0000,0,0,0.0000,0,0.0000,0,0,0,717,0
60,5.9434,5.6603,0.0008,0.0000,0,0,0.0000,0,0.0000,0,0,0,1168,0
61,3.3764,5.5969,0.0008,0.0000,0,0,0.0000,0,0.0000,0,0,0,792,0
62,3.2815,10.2754,0.0009,0.0000,0,0,0.0000,0,0.0000,0,0,0,1108,0
63,3.1241,10.2865,0.0008,0.0000,0,0,0.0000,0,0.0000,0,0,0,792,0
64,5.9434,5.6937,0.0022,0.0000,0,0,0.0000,0,0.0000,0,0,0,1037,0
65,3.3764,5.5467,0.0009,0.0000,0,0,0.0000,0,0.0000,0,0,0,722,0
66,3.2815,10.3445,0.0010,0.0000,0,0,0.0000,0,0.0000,0,0,0,1361,0
67,3.1241,10.3375,0.0010,0.0000,0,0,0.0000,0,0.0000,0,0,0,925,0
68,5.9434,5.6448,0.0010,0.0000,0,0,0.0000,0,0.0000,0,0,0,987,0
69,3.3764,5.5948,0.0010,0.0000,0,0,0.0000,0,0.0000,0,0,0,676,0
70,3.2815,10.2639,0.0011,0.0000,0,0,0.0000,0,0.0000,0,0,0,1198,0
71,3.1241,10.2925,0.0009,0.0000,0,0,0.0000,0,0.0000,0,0,0,1094,0
72,5.9434,5.6487,0.0025,0.0000,0,0,0.0000,0,0.0000,0,0,0,879,0
73,3.3764,5.4853,0.0009,0.0000,0,0,0.0000,0,0.0000,0,0,0,648,0
74,3.2815,10.2718,0.0008,0.0000,0,0,0.0000,0,0.0000,0,0,0,1117,0
75,3.1241,10.2479,0.0012,0.0000,0,0,0.0000,0,0.0000,0,0,0,1077,0
76,5.9434,5.7404,0.0020,0.0000,0,0,0.0000,0,0.0000,0,0,0,746,0
77,3.3764,5.6038,0.0008,0.0000,0,0,0.0000,0,0.0000,0,0,0,643,0
78,3.2815,10.2851,0.0015,0.0000,0,0,0.0000,0,0.0000,0,0,0,1064,0
79,3.1241,10.3258,0.0013,0.0000,0,0,0.0000,0,0.0000,0,0,0,1295,0
80,5.9434,5.7535,0.0029,0.0000,0,0,0.0000,0,0.0000,0,0,0,687,0
81,3.3764,5.5766,0.0013,0.0000,0,0,0.0000,0,0.0000,0,0,0,622,0
82,3.2815,10.2615,0.0016,0.0000,0,0,0.0000,0,0.0000,0,0,0,1368,0
83,3.1241,10.3156,0.0013,0.0000,0,0,0.0000,0,0.0000,0,0,0,709,0
84,5.9434,5.8418,0.0015,0.0000,0,0,0.0000,0,0.0000,0,0,0,716,0
85,3.3764,5.5954,0.0011,0.0000,0,0,0.0000,0,0.0000,0,0,0,620,0
86,3.2815,10.3492,0.0010,0.0000,0,0,0.0000,0,0.0000,0,0,0,710,0
87,3.1241,10.3420,0.0010,0.0000,0,0,0.0000,0,0.0000,0,0,0,715,0
88,5.9434,5.8147,0.0023,0.0000,0,0,0.0000,0,0.0000,0,0,0,717,0
89,3.3764,5.5682,0.0010,0.0000,0,0,0.0000,0,0.0000,0,0,0,613,0
90,3.2815,10.4577,0.0013,0.0000,0,0,0.0000,0,0.0000,0,0,0,696,0
91,3.1241,10.5123,0.0007,0.0000,0,0,0.0000,0,0.0000,0,0,0,724,0
92,5.9434,5.7446,0.0023,0.0000,0,0,0.0000,0,0.0000,0,0,0,685,0
93,3.3764,5.6305,0.0012,0.0000,0,0,0.0000,0,0.0000,0,0,0,617,0
94,3.2815,10.4265,0.0071,0.0000,0,0,0.0000,0,0.0000,0,0,0,755,0
95,3.1241,10.3407,0.0010,0.0000,0,0,0.0000,0,0.0000,0,0,0,779,0
96,5.9434,5.9011,0.0028,0.0000,0,0,0.0000,0,0.0000,0,0,0,664,0
97,3.3764,5.6239,0.0008,0.0000,0,0,0.0000,0,0.0000,0,0,0,622,0
98,3.2815,10.3402,0.0016,0.0000,0,0,0.0000,0,0.0000,0,0,0,785,0
99,3.1241,10.2790,0.0014,0.0000,0,0,0.0000,0,0.0000,0,0,0,906,0
100,5.9434,5.8910,0.0016,0.0000,0,0,0.0000,0,0.0000,0,0,0,636,0
101,3.3764,5.6730,0.0009,0.0000,0,0,0.0000,0,0.0000,0,0,0,626,0
102,3.2815,10.4023,0.0010,0.0000,0,0,0.0000,0,0.0000,0,0,0,868,0
103,3.1241,10.4487,0.0009,0.0000,0,0,0.0000,0,0.0000,0,0,0,830,0
104,5.9434,5.6301,0.0012,0.0000,0,0,0.0000,0,0.0000,0,0,0,635,0
105,3.3764,5.5508,0.0016,0.0000,0,0,0.0000,0,0.0000,0,0,0,608,0
106,3.2815,10.3136,0.0017,0.0000,0,0,0.0000,0,0.0000,0,0,0,801,0
107,3.1241,10.2759,0.0013,0.0000,0,0,0.0000,0,0.0000,0,0,0,966,0
108,5.9434,5.7171,0.0016,0.0000,0,0,0.0000,0,0.0000,0,0,0,650,0
109,3.3764,5.5366,0.0010,0.0000,0,0,0.0000,0,0.0000,0,0,0,606,0
110,3.2815,10.2220,0.0014,0.0000,0,0,0.0000,0,0.0000,0,0,0,1017,0
111,3.1241,10.2071,0.0009,0.0000,0,0,0.0000,0,0.0000,0,0,0,705,0
112,5.9434,5.9211,0.0025,0.0000,0,0,0.0000,0,0.0000,0,0,0,646,0
113,3.3764,5.5900,0.0008,0.0000,0,0,0.0000,0,0.0000,0,0,0,607,0
114,3.2815,10.4559,0.0012,0.0000,0,0,0.0000,0,0.0000,0,0,0,933,0
115,3.1241,10.4107,0.0009,0.0000,0,0,0.0000,0,0.0000,0,0,0,703,0
116,5.9434,5.8197,0.0015,0.0000,0,0,0.0000,0,0.0000,0,0,0,651,0
117,3.3764,5.6842,0.0009,0.0000,0,0,0.0000,0,0.0000,0,0,0,609,0
118,3.2815,10.4799,0.0009,0.0000,0,0,0.0000,0,0.0000,0,0,0,926,0
119,3.1241,10.5360,0.0009,0.0000,0,0,0.0000,0,0.0000,0,0,0,728,0
120,5.9434,5.7206,0.0017,0.0000,0,0,0.0000,0,0.0000,0,0,0,638,0
121,3.3764,5.6100,0.0014,0.0000,0,0,0.0000,0,0.0000,0,0,0,601,0
122,3.2815,10.3756,0.0069,0.0000,0,0,0.0000,0,0.0000,0,0,0,856,0
123,3.1241,10.5413,0.0012,0.0000,0,0,0.0000,0,0.0000,0,0,0,752,0
124,5.9434,5.8245,0.0034,0.0000,0,0,0.0000,0,0.0000,0,0,0,623,0
125,3.3764,5.5608,0.0014,0.0000,0,0,0.0000,0,0.0000,0,0,0,601,0
126,3.2815,10.3552,0.0018,0.0000,0,0,0.0000,0,0.0000,0,0,0,1082,0
127,3.1241,10.3441,0.0017,0.0000,0,0,0.0000,0,0.0000,0,0,0,805,0
128,5.9434,5.9277,0.0016,0.0000,0,0,0.0000,0,0.0000,0,0,0,626,0
129,3.3764,5.6471,0.0010,0.0000,0,0,0.0000,0,0.0000,0,0,0,601,0
130,3.2815,10.3906,0.0010,0.0000,0,0,0.0000,0,0.0000,0,0,0,712,0
131,3.1241,10.4015,0.0009,0.0000,0,0,0.0000,0,0.0000,0,0,0,775,0
132,5.9434,5.7289,0.0022,0.0000,0,0,0.0000,0,0.0000,0,0,0,622,0
133,3.3764,5.5196,0.0008,0.0000,0,0,0.0000,0,0.0000,0,0,0,601,0
134,3.2815,10.3885,0.0010,0.0000,0,0,0.0000,0,0.0000,0,0,0,709,0
135,3.1241,10.3440,0.0017,0.0000,0,0,0.0000,0,0.0000,0,0,0,911,0
136,5.9434,5.9162,0.0030,0.0000,0,0,0.0000,0,0.0000,0,0,0,611,0
137,3.3764,5.6476,0.0030,0.0000,0,0,0.0000,0,0.0000,0,0,0,601,0
138,3.2815,10.4891,0.0016,0.0000,0,0,0.0000,0,0.0000,0,0,0,723,0
139,3.1241,10.4138,0.0008,0.0000,0,0,0.0000,0,0.0000,0,0,0,698,0
140,5.9434,5.9445,0.0022,0.0000,0,0,0.0000,0,0.0000,0,0,0,618,0
141,3.3764,5.6938,0.0013,0.0000,0,0,0.0000,0,0.0000,0,0,0,601,0
142,3.2815,10.5509,0.0015,0.0000,0,0,0.0000,0,0.0000,0,0,0,744,0
143,3.1241,10.4996,0.0012,0.0000,0,0,0.0000,0,0.0000,0,0,0,696,0
144,5.9434,5.8190,0.0016,0.0000,0,0,0.0000,0,0.0000,0,0,0,605,0
145,3.3764,5.6734,0.0010,0.0000,0,0,0.0000,0,0.0000,0,0,0,601,0
146,3.2815,10.3739,0.0010,0.0000,0,0,0.0000,0,0.0000,0,0,0,786,0
147,3.1241,10.4288,0.0011,0.0000,0,0,0.0000,0,0.0000,0,0,0,704,0
148,5.9434,5.8858,0.0011,0.0000,0,0,0.0000,0,0.0000,0,0,0,606,0
149,3.3764,5.6565,0.0017,0.0000,0,0,0.0000,0,0.0000,0,0,0,601,0
150,3.2815,10.3612,0.0013,0.0000,0,0,0.0000,0,0.0000,0,0,0,780,0
151,3.1241,10.3646,0.0013,0.0000,0,0,0.0000,0,0.0000,0,0,0,741,0
152,5.9434,5.6727,0.0013,0.0000,0,0,0.0000,0,0.0000,0,0,0,605,0
153,3.3764,5.6104,0.0009,0.0000,0,0,0.0000,0,0.0000,0,0,0,601,0
154,3.2815,10.2216,0.0015,0.0000,0,0,0.0000,0,0.0000,0,0,0,808,0
155,3.1241,10.3036,0.0011,0.0000,0,0,0.0000,0,0.0000,0,0,0,758,0
156,5.9434,5.7310,0.0027,0.0000,0,0,0.0000,0,0.0000,0,0,0,606,0
157,3.3764,5.5281,0.0010,0.0000,0,0,0.0000,0,0.0000,0,0,0,601,0
158,3.2815,10.3232,0.0017,0.0000,0,0,0.0000,0,0.0000,0,0,0,795,0
159,3.1241,10.2589,0.0014,0.0000,0,0,0.0000,0,0.0000,0,0,0,738,0
160,5.9434,5.6934,0.0020,0.0000,0,0,0.0000,0,0.0000,0,0,0,601,0
161,3.3764,5.5234,0.0009,0.0000,0,0,0.0000,0,0.0000,0,0,0,601,0
162,3.2815,10.2754,0.0008,0.0000,0,0,0.0000,0,0.0000,0,0,0,771,0
163,3.1241,10.2880,0.0008,0.0000,0,0,0.0000,0,0.0000,0,0,0,836,0
164,5.9434,5.6620,0.0008,0.0000,0,0,0.0000,0,0.0000,0,0,0,601,0
165,3.3764,5.5548,0.0007,0.0000,0,0,0.0000,0,0.0000,0,0,0,601,0
166,3.2815,10.3976,0.0008,0.0000,0,0,0.0000,0,0.0000,0,0,0,779,0
167,3.1241,10.4140,0.0008,0.0000,0,0,0.0000,0,0.0000,0,0,0,698,0
168,5.9434,5.7619,0.0010,0.0000,0,0,0.0000,0,0.0000,0,0,0,601,0
169,3.3764,5.5467,0.0010,0.0000,0,0,0.0000,0,0.0000,0,0,0,601,0
170,3.2815,10.4238,0.0009,0.0000,0,0,0.0000,0,0.0000,0,0,0,967,0
171,3.1241,10.4184,0.0008,0.0000,0,0,0.0000,0,0.0000,0,0,0,696,0
172,5.9434,5.6438,0.0036,0.0000,0,0,0.0000,0,0.0000,0,0,0,601,0
173,3.3764,5.5113,0.0010,0.0000,0,0,0.0000,0,0.0000,0,0,0,601,0
174,3.2815,10.2231,0.0024,0.0000,0,0,0.0000,0,0.0000,0,0,0,710,0
175,3.1241,10.1948,0.0015,0.0000,0,0,0.0000,0,0.0000,0,0,0,700,0
176,5.9434,5.9102,0.0030,0.0000,0,0,0.0000,0,0.0000,0,0,0,601,0
177,3.3764,5.6709,0.0013,0.0000,0,0,0.0000,0,0.0000,0,0,0,601,0
178,3.2815,10.3991,0.0011,0.0000,0,0,0.0000,0,0.0000,0,0,0,703,0
179,3.1241,10.3257,0.0008,0.0000,0,0,0.0000,0,0.0000,0,0,0,721,0
180,5.9434,5.8808,0.0041,0.0000,0,0,0.0000,0,0.0000,0,0,0,601,0
181,3.3764,5.6091,0.0007,0.0000,0,0,0.0000,0,0.0000,0,0,0,601,0
182,3.2815,10.4349,0.0018,0.0000,0,0,0.0000,0,0.0000,0,0,0,708,0
183,3.1241,10.4305,0.0015,0.0000,0,0,0.0000,0,0.0000,0,0,0,783,0
184,5.9434,5.8427,0.0018,0.0000,0,0,0.0000,0,0.0000,0,0,0,601,0
185,3.3764,5.6482,0.0012,0.0000,0,0,0.0000,0,0.0000,0,0,0,601,0
186,3.2815,10.4598,0.0015,0.0000,0,0,0.0000,0,0.0000,0,0,0,751,0
187,3.1241,10.4287,0.0013,0.0000,0,0,0.0000,0,0.0000,0,0,0,755,0
188,5.9434,5.7735,0.0030,0.0000,0,0,0.0000,0,0.0000,0,0,0,601,0
189,3.3764,5.6017,0.0014,0.0000,0,0,0.0000,0,0.0000,0,0,0,601,0
190,3.2815,10.3830,0.0014,0.0000,0,0,0.0000,0,0.0000,0,0,0,762,0
191,3.1241,10.4224,0.0013,0.0000,0,0,0.0000,0,0.0000,0,0,0,801,0
192,5.9434,5.6984,0.0022,0.0000,0,0,0.0000,0,0.0000,0,0,0,601,0
193,3.3764,5.5222,0.0012,0.0000,0,0,0.0000,0,0.0000,0,0,0,601,0
194,3.2815,10.2451,0.0010,0.0000,0,0,0.0000,0,0.0000,0,0,0,747,0
195,3.1241,10.2229,0.0006,0.0000,0,0,0.0000,0,0.0000,0,0,0,696,0
196,5.9434,5.5927,0.0013,0.0000,0,0,0.0000,0,0.0000,0,0,0,601,0
197,3.3764,5.5008,0.0007,0.0000,0,0,0.0000,0,0.0000,0,0,0,601,0
198,3.2815,10.2231,0.0008,0.0000,0,0,0.0000,0,0.0000,0,0,0,830,0
199,3.1241,10.2215,0.0007,0.0000,0,0,0.0000,0,0.0000,0,0,0,701,0
200,5.9434,5.5890,0.0009,0.0000,0,0,0.0000,0,0.0000,0,0,0,601,0
201,3.3764,5.4807,0.0007,0.0000,0,0,0.0000,0,0.0000,0,0,0,601,0
202,3.2815,10.2709,0.0008,0.0000,0,0,0.0000,0,0.0000,0,0,0,769,0
203,3.1241,10.2830,0.0006,0.0000,0,0,0.0000,0,0.0000,0,0,0,696,0
204,5.9434,5.6318,0.0015,0.0000,0,0,0.0000,0,0.0000,0,0,0,601,0
205,3.3764,5.5255,0.0010,0.0000,0,0,0.0000,0,0.0000,0,0,0,601,0
206,3.2815,10.1894,0.0010,0.0000,0,0,0.0000,0,0.0000,0,0,0,728,0
207,3.1241,10.1628,0.0010,0.0000,0,0,0.0000,0,0.0000,0,0,0,717,0
208,5.9434,5.7110,0.0024,0.0000,0,0,0.0000,0,0.0000,0,0,0,601,0
209,3.3764,5.5588,0.0018,0.0000,0,0,0.0000,0,0.0000,0,0,0,601,0
210,3.2815,10.2875,0.0015,0.0000,0,0,0.0000,0,0.0000,0,0,0,726,0
211,3.1241,10.2731,0.0015,0.0000,0,0,0.0000,0,0.0000,0,0,0,731,0
212,5.9434,5.7895,0.0031,0.0000,0,0,0.0000,0,0.0000,0,0,0,601,0
213,3.3764,5.6072,0.0012,0.0000,0,0,0.0000,0,0.0000,0,0,0,601,0
214,3.2815,10.2227,0.0016,0.0000,0,0,0.0000,0,0.0000,0,0,0,833,0
215,3.1241,10.1936,0.0009,0.0000,0,0,0.0000,0,0.0000,0,0,0,722,0
216,5.9434,5.9075,0.0037,0.0000,0,0,0.0000,0,0.0000,0,0,0,601,0
217,3.3764,5.6137,0.0010,0.0000,0,0,0.0000,0,0.0000,0,0,0,601,0
218,3.2815,10.2577,0.0014,0.0000,0,0,0.0000,0,0.0000,0,0,0,696,0
219,3.1241,10.1938,0.0017,0.0000,0,0,0.0000,0,0.0000,0,0,0,758,0
220,5.9434,5.8822,0.0046,0.0000,0,0,0.0000,0,0.0000,0,0,0,601,0
221,3.3764,5.5231,0.0011,0.0000,0,0,0.0000,0,0.0000,0,0,0,601,0
222,3.2815,10.3913,0.0008,0.0000,0,0,0.0000,0,0.0000,0,0,0,696,0
223,3.1241,10.3457,0.0042,0.0000,0,0,0.0000,0,0.0000,0,0,0,696,0
224,5.9434,5.8825,0.0016,0.0000,0,0,0.0000,0,0.0000,0,0,0,601,0
225,3.3764,5.5968,0.0005,0.0000,0,0,0.0000,0,0.0000,0,0,0,601,0
226,3.2815,10.3786,0.0010,0.0000,0,0,0.0000,0,0.0000,0,0,0,696,0
227,3.1241,10.3210,0.0007,0.0000,0,0,0.0000,0,0.0000,0,0,0,705,0
228,5.9434,5.8034,0.0012,0.0000,0,0,0.0000,0,0.0000,0,0,0,601,0
229,3.3764,5.6215,0.0015,0.0000,0,0,0.0000,0,0.0000,0,0,0,601,0
230,3.2815,10.3385,0.0008,0.0000,0,0,0.0000,0,0.0000,0,0,0,696,0
231,3.1241,10.3298,0.0006,0.0000,0,0,0.0000,0,0.0000,0,0,0,707,0
232,5.9434,5.6806,0.0027,0.0000,0,0,0.0000,0,0.0000,0,0,0,601,0
233,3.3764,5.5756,0.0015,0.0000,0,0,0.0000,0,0.0000,0,0,0,601,0
234,3.2815,10.0797,0.0009,0.0000,0,0,0.0000,0,0.0000,0,0,0,701,0
235,3.1241,10.1473,0.0005,0.0000,0,0,0.0000,0,0.0000,0,0,0,707,0
236,5.9434,5.8195,0.0075,0.0000,0,0,0.0000,0,0.0000,0,0,0,601,0
237,3.3764,5.5923,0.0026,0.0000,0,0,0.0000,0,0.0000,0,0,0,601,0
238,3.2815,10.2896,0.0013,0.0000,0,0,0.0000,0,0.0000,0,0,0,703,0
239,3.1241,10.2546,0.0008,0.0000,0,0,0.0000,0,0.0000,0,0,0,736,0
240,5.9434,5.7028,0.0015,0.0000,0,0,0.0000,0,0.0000,0,0,0,601,0
241,3.3764,5.6036,0.0010,0.0000,0,0,0.0000,0,0.0000,0,0,0,601,0
242,3.2815,10.3784,0.0012,0.0000,0,0,0.0000,0,0.0000,0,0,0,716,0
243,3.1241,10.3738,0.0008,0.0000,0,0,0.0000,0,0.0000,0,0,0,719,0
244,5.9434,5.7472,0.0029,0.0000,0,0,0.0000,0,0.0000,0,0,0,601,0
245,3.3764,5.5079,0.0010,0.0000,0,0,0.0000,0,0.0000,0,0,0,601,0
246,3.2815,10.3308,0.0027,0.0000,0,0,0.0000,0,0.0000,0,0,0,714,0
247,3.1241,10.2754,0.0010,0.0000,0,0,0.0000,0,0.0000,0,0,0,775,0
248,5.9434,5.7247,0.0024,0.0000,0,0,0.0000,0,0.0000,0,0,0,601,0
249,3.3764,5.4982,0.0010,0.0000,0,0,0.0000,0,0.0000,0,0,0,601,0
250,3.2815,10.3198,0.0015,0.0000,0,0,0.0000,0,0.0000,0,0,0,717,0
251,3.1241,10.2673,0.0010,0.0000,0,0,0.0000,0,0.0000,0,0,0,701,0
252,5.9434,5.6875,0.0022,0.0000,0,0,0.0000,0,0.0000,0,0,0,601,0
253,3.3764,5.5635,0.0008,0.0000,0,0,0.0000,0,0.0000,0,0,0,601,0
254,3.2815,10.3085,0.0008,0.0000,0,0,0.0000,0,0.0000,0,0,0,711,0
255,3.1241,10.3290,0.0006,0.0000,0,0,0.0000,0,0.0000,0,0,0,701,0
256,5.9434,5.6988,0.0017,0.0000,0,0,0.0000,0,0.0000,0,0,0,601,0
257,3.3764,5.5867,0.0008,0.0000,0,0,0.0000,0,0.0000,0,0,0,601,0
258,3.2815,10.3958,0.0025,0.0000,0,0,0.0000,0,0.0000,0,0,0,763,0
259,3.1241,10.3978,0.0010,0.0000,0,0,0.0000,0,0.0000,0,0,0,701,0
260,5.9434,5.7921,0.0020,0.0000,0,0,0.0000,0,0.0000,0,0,0,601,0
261,3.3764,5.5515,0.0005,0.0000,0,0,0.0000,0,0.0000,0,0,0,601,0
262,3.2815,10.3978,0.0008,0.0000,0,0,0.0000,0,0.0000,0,0,0,696,0
263,3.1241,10.3638,0.0004,0.0000,0,0,0.0000,0,0.0000,0,0,0,715,0
264,5.9434,5.6735,0.0013,0.0000,0,0,0.0000,0,0.0000,0,0,0,601,0
265,3.3764,5.5433,0.0006,0.0000,0,0,0.0000,0,0.0000,0,0,0,601,0
266,3.2815,10.3870,0.0008,0.0000,0,0,0.0000,0,0.0000,0,0,0,696,0
267,3.1241,10.3763,0.0006,0.0000,0,0,0.0000,0,0.0000,0,0,0,726,0
268,5.9434,5.7250,0.0018,0.0000,0,0,0.0000,0,0.0000,0,0,0,601,0
269,3.3764,5.5743,0.0005,0.0000,0,0,0.0000,0,0.0000,0,0,0,601,0
270,3.2815,10.3867,0.0006,0.0000,0,0,0.0000,0,0.0000,0,0,0,696,0
271,3.1241,10.4447,0.0006,0.0000,0,0,0.0000,0,0.0000,0,0,0,714,0
272,5.9434,5.7817,0.0040,0.0000,0,0,0.0000,0,0.0000,0,0,0,601,0
273,3.3764,5.5758,0.0009,0.0000,0,0,0.0000,0,0.0000,0,0,0,601,0
274,3.2815,12.6176,0.0039,0.0000,0,0,0.0000,0,0.0000,0,0,0,696,0
275,3.1241,12.5378,0.0040,0.0000,0,0,0.0000,0,0.0000,0,0,0,789,0
276,5.9434,5.8462,0.0031,0.0000,0,0,0.0000,0,0.0000,0,0,0,601,0
277,3.3764,5.6614,0.0010,0.0000,0,0,0.0000,0,0.0000,0,0,0,601,0
278,3.2815,10.4695,0.0015,0.0000,0,0,0.0000,0,0.0000,0,0,0,717,0
279,3.1241,10.3773,0.0007,0.0000,0,0,0.0000,0,0.0000,0,0,0,703,0
280,5.9434,5.9087,0.0035,0.0000,0,0,0.0000,0,0.0000,0,0,0,601,0
281,3.3764,5.6126,0.0009,0.0000,0,0,0.0000,0,0.0000,0,0,0,601,0
282,3.2815,10.5812,0.0046,0.0000,0,0,0.0000,0,0.0000,0,0,0,716,0
283,3.1241,10.4372,0.0051,0.0000,0,0,0.0000,0,0.0000,0,0,0,705,0
284,5.9434,5.9764,0.0043,0.0000,0,0,0.0000,0,0.0000,0,0,0,601,0
285,3.3764,5.6092,0.0021,0.0000,0,0,0.0000,0,0.0000,0,0,0,601,0
286,3.2815,10.5189,0.0025,0.0000,0,0,0.0000,0,0.0000,0,0,0,745,0
287,3.1241,10.4446,0.0010,0.0000,0,0,0.0000,0,0.0000,0,0,0,700,0
288,5.9434,5.8882,0.0030,0.0000,0,0,0.0000,0,0.0000,0,0,0,601,0
289,3.3764,5.5687,0.0004,0.0000,0,0,0.0000,0,0.0000,0,0,0,601,0
290,3.2815,10.4558,0.0015,0.0000,0,0,0.0000,0,0.0000,0,0,0,737,0
291,3.1241,10.4417,0.0010,0.0000,0,0,0.0000,0,0.0000,0,0,0,706,0
292,5.9434,5.7718,0.0019,0.0000,0,0,0.0000,0,0.0000,0,0,0,601,0
293,3.3764,5.6096,0.0008,0.0000,0,0,0.0000,0,0.0000,0,0,0,601,0
294,3.2815,10.4120,0.0008,0.0000,0,0,0.0000,0,0.0000,0,0,0,718,0
295,3.1241,10.4808,0.0006,0.0000,0,0,0.0000,0,0.0000,0,0,0,723,0
296,5.9434,5.7921,0.0015,0.0000,0,0,0.0000,0,0.0000,0,0,0,601,0
297,3.3764,5.6337,0.0006,0.0000,0,0,0.0000,0,0.0000,0,0,0,601,0
298,3.2815,10.4732,0.0007,0.0000,0,0,0.0000,0,0.0000,0,0,0,719,0
299,3.1241,10.5323,0.0007,0.0000,0,0,0.0000,0,0.0000,0,0,0,714,0
300,5.9434,5.6247,0.0010,0.0000,0,0,0.0000,0,0.0000,0,0,0,601,0
301,3.3764,5.5827,0.0008,0.0000,0,0,0.0000,0,0.0000,0,0,0,601,0
302,3.2815,10.2897,0.0007,0.0000,0,0,0.0000,0,0.0000,0,0,0,747,0
303,3.1241,10.4007,0.0006,0.0000,0,0,0.0000,0,0.0000,0,0,0,769,0
304,5.9434,5.6449,0.0009,0.0000,0,0,0.0000,0,0.0000,0,0,0,601,0
305,3.3764,5.5794,0.0008,0.0000,0,0,0.0000,0,0.0000,0,0,0,601,0
306,3.2815,10.2164,0.0008,0.0000,0,0,0.0000,0,0.0000,0,0,0,696,0
307,3.1241,10.3337,0.0008,0.0000,0,0,0.0000,0,0.0000,0,0,0,704,0
308,5.9434,5.6107,0.0031,0.0000,0,0,0.0000,0,0.0000,0,0,0,601,0
309,3.3764,5.4801,0.0010,0.0000,0,0,0.0000,0,0.0000,0,0,0,601,0
310,3.2815,10.3140,0.0013,0.0000,0,0,0.0000,0,0.0000,0,0,0,696,0
311,3.1241,10.3018,0.0015,0.0000,0,0,0.0000,0,0.0000,0,0,0,707,0
312,5.9434,5.8256,0.0071,0.0000,0,0,0.0000,0,0.0000,0,0,0,601,0
313,3.3764,5.5381,0.0006,0.0000,0,0,0.0000,0,0.0000,0,0,0,601,0
314,3.2815,10.3034,0.0030,0.0000,0,0,0.0000,0,0.0000,0,0,0,696,0
315,3.1241,10.2780,0.0008,0.0000,0,0,0.0000,0,0.0000,0,0,0,714,0
316,5.9434,5.8327,0.0020,0.0000,0,0,0.0000,0,0.0000,0,0,0,601,0
317,3.3764,5.5750,0.0007,0.0000,0,0,0.0000,0,0.0000,0,0,0,601,0
318,3.2815,10.3792,0.0010,0.0000,0,0,0.0000,0,0.0000,0,0,0,696,0
319,3.1241,10.3718,0.0006,0.0000,0,0,0.0000,0,0.0000,0,0,0,709,0
320,5.9434,5.7810,0.0032,0.0000,0,0,0.0000,0,0.0000,0,0,0,601,0
321,3.3764,5.5816,0.0010,0.0000,0,0,0.0000,0,0.0000,0,0,0,601,0
322,3.2815,10.4659,0.0015,0.0000,0,0,0.0000,0,0.0000,0,0,0,696,0
323,3.1241,10.4547,0.0009,0.0000,0,0,0.0000,0,0.0000,0,0,0,732,0
324,5.9434,5.8325,0.0020,0.0000,0,0,0.0000,0,0.0000,0,0,0,601,0
325,3.3764,5.5873,0.0021,0.0000,0,0,0.0000,0,0.0000,0,0,0,601,0
326,3.2815,10.5232,0.0023,0.0000,0,0,0.0000,0,0.0000,0,0,0,696,0
327,3.1241,10.4990,0.0028,0.0000,0,0,0.0000,0,0.0000,0,0,0,719,0
328,5.9434,5.9029,0.0033,0.0000,0,0,0.0000,0,0.0000,0,0,0,601,0
329,3.3764,5.5741,0.0010,0.0000,0,0,0.0000,0,0.0000,0,0,0,601,0
330,3.2815,10.4678,0.0024,0.0000,0,0,0.0000,0,0.0000,0,0,0,708,0
331,3.1241,10.4626,0.0008,0.0000,0,0,0.0000,0,0.0000,0,0,0,751,0
332,5.9434,5.9203,0.0027,0.0000,0,0,0.0000,0,0.0000,0,0,0,601,0
333,3.3764,5.5901,0.0008,0.0000,0,0,0.0000,0,0.0000,0,0,0,601,0
334,3.2815,10.4488,0.0022,0.0000,0,0,0.0000,0,0.0000,0,0,0,708,0
335,3.1241,10.4573,0.0010,0.0000,0,0,0.0000,0,0.0000,0,0,0,696,0
336,5.9434,5.8206,0.0024,0.0000,0,0,0.0000,0,0.0000,0,0,0,601,0
337,3.3764,5.5822,0.0008,0.0000,0,0,0.0000,0,0.0000,0,0,0,601,0
338,3.2815,10.5110,0.0030,0.0000,0,0,0.0000,0,0.0000,0,0,0,706,0
339,3.1241,10.4667,0.0007,0.0000,0,0,0.0000,0,0.0000,0,0,0,701,0
340,5.9434,5.8324,0.0024,0.0000,0,0,0.0000,0,0.0000,0,0,0,601,0
341,3.3764,5.5761,0.0006,0.0000,0,0,0.0000,0,0.0000,0,0,0,601,0
342,3.2815,10.4242,0.0017,0.0000,0,0,0.0000,0,0.0000,0,0,0,707,0
343,3.1241,10.4604,0.0010,0.0000,0,0,0.0000,0,0.0000,0,0,0,703,0
344,5.9434,5.8403,0.0023,0.0000,0,0,0.0000,0,0.0000,0,0,0,601,0
345,3.3764,5.5296,0.0009,0.0000,0,0,0.0000,0,0.0000,0,0,0,601,0
346,3.2815,11.3585,0.0009,0.0000,0,0,0.0000,0,0.0000,0,0,0,723,0
347,3.1241,11.2085,0.0012,0.0000,0,0,0.0000,0,0.0000,0,0,0,707,0
348,5.9434,5.9175,0.0055,0.0000,0,0,0.0000,0,0.0000,0,0,0,601,0
349,3.3764,21.9605,0.0018,0.0000,0,0,0.0000,0,0.0000,0,0,0,601,0
350,3.2815,10.2417,0.0020,0.0000,0,0,0.0000,0,0.0000,0,0,0,696,0
351,3.1241,21.7123,0.0009,0.0000,0,0,0.0000,0,0.0000,0,0,0,708,0
352,5.9434,5.5688,0.0009,0.0000,0,0,0.0000,0,0.0000,0,0,0,601,0
353,3.3764,6.6001,0.0006,0.0000,0,0,0.0000,0,0.0000,0,0,0,601,0
354,3.2815,10.2892,0.0007,0.0000,0,0,0.0000,0,0.0000,0,0,0,696,0
355,3.1241,11.5188,0.0008,0.0000,0,0,0.0000,0,0.0000,0,0,0,712,0
356,5.9434,5.6757,0.0008,0.0000,0,0,0.0000,0,0.0000,0,0,0,601,0
357,3.3764,5.6072,0.0006,0.0000,0,0,0.0000,0,0.0000,0,0,0,601,0
358,3.2815,10.3924,0.0010,0.0000,0,0,0.0000,0,0.0000,0,0,0,696,0
359,3.1241,16.2275,0.0008,0.0000,0,0,0.0000,0,0.0000,0,0,0,754,0
360,5.9434,5.5229,0.0009,0.0000,0,0,0.0000,0,0.0000,0,0,0,601,0
361,3.3764,6.5786,0.0007,0.0000,0,0,0.0000,0,0.0000,0,0,0,601,0
362,3.2815,10.3080,0.0007,0.0000,0,0,0.0000,0,0.0000,0,0,0,696,0
363,3.1241,11.4035,0.0006,0.0000,0,0,0.0000,0,0.0000,0,0,0,696,0
364,5.9434,5.4386,0.0008,0.0000,0,0,0.0000,0,0.0000,0,0,0,601,0
365,3.3764,9.1665,0.0008,0.0000,0,0,0.0000,0,0.0000,0,0,0,601,0
366,3.2815,10.1714,0.0008,0.0000,0,0,0.0000,0,0.0000,0,0,0,701,0
367,3.1241,19.8824,0.0007,0.0000,0,0,0.0000,0,0.0000,0,0,0,706,0
368,5.9434,5.4716,0.0009,0.0000,0,0,0.0000,0,0.0000,0,0,0,601,0
369,3.3764,6.6344,0.0008,0.0000,0,0,0.0000,0,0.0000,0,0,0,601,0
370,3.2815,10.1820,0.0007,0.0000,0,0,0.0000,0,0.0000,0,0,0,696,0
371,3.1241,17.2961,0.0020,0.0000,0,0,0.0000,0,0.0000,0,0,0,700,0
372,5.9434,5.5112,0.0010,0.0000,0,0,0.0000,0,0.0000,0,0,0,601,0
373,3.3764,6.4423,0.0015,0.0000,0,0,0.0000,0,0.0000,0,0,0,601,0
374,3.2815,10.2946,0.0025,0.0000,0,0,0.0000,0,0.0000,0,0,0,707,0
375,3.1241,11.3304,0.0009,0.0000,0,0,0.0000,0,0.0000,0,0,0,704,0
376,5.9434,5.7189,0.0027,0.0000,0,0,0.0000,0,0.0000,0,0,0,601,0
377,3.3764,5.5546,0.0012,0.0000,0,0,0.0000,0,0.0000,0,0,0,601,0
378,3.2815,10.4531,0.0024,0.0000,0,0,0.0000,0,0.0000,0,0,0,701,0
379,3.1241,10.4059,0.0014,0.0000,0,0,0.0000,0,0.0000,0,0,0,715,0
380,5.9434,6.1705,0.0036,0.0000,0,0,0.0000,0,0.0000,0,0,0,601,0
381,3.3764,5.7358,0.0017,0.0000,0,0,0.0000,0,0.0000,0,0,0,601,0
382,3.2815,10.5696,0.0009,0.0000,0,0,0.0000,0,0.0000,0,0,0,702,0
383,3.1241,10.5288,0.0009,0.0000,0,0,0.0000,0,0.0000,0,0,0,700,0
384,5.9434,5.8791,0.0016,0.0000,0,0,0.0000,0,0.0000,0,0,0,601,0
385,3.3764,5.6413,0.0012,0.0000,0,0,0.0000,0,0.0000,0,0,0,601,0
386,3.2815,10.5020,0.0013,0.0000,0,0,0.0000,0,0.0000,0,0,0,711,0
387,3.1241,10.4418,0.0007,0.0000,0,0,0.0000,0,0.0000,0,0,0,764,0
388,5.9434,5.8820,0.0032,0.0000,0,0,0.0000,0,0.0000,0,0,0,601,0
389,3.3764,5.6405,0.0013,0.0000,0,0,0.0000,0,0.0000,0,0,0,601,0
390,3.2815,10.6050,0.0057,0.0000,0,0,0.0000,0,0.0000,0,0,0,722,0
391,3.1241,10.4836,0.0057,0.0000,0,0,0.0000,0,0.0000,0,0,0,696,0
392,5.9434,6.1056,0.0040,0.0000,0,0,0.0000,0,0.0000,0,0,0,601,0
393,3.3764,5.7013,0.0013,0.0000,0,0,0.0000,0,0.0000,0,0,0,601,0
394,3.2815,10.6009,0.0013,0.0000,0,0,0.0000,0,0.0000,0,0,0,696,0
395,3.1241,10.5476,0.0009,0.0000,0,0,0.0000,0,0.0000,0,0,0,696,0
396,5.9434,5.8231,0.0014,0.0000,0,0,0.0000,0,0.0000,0,0,0,601,0
397,3.3764,5.6045,0.0006,0.0000,0,0,0.0000,0,0.0000,0,0,0,601,0
398,3.2815,10.4959,0.0009,0.0000,0,0,0.0000,0,0.0000,0,0,0,696,0
399,3.1241,10.4680,0.0010,0.0000,0,0,0.0000,0,0.0000,0,0,0,696,0
400,5.9434,5.7398,0.0018,0.0000,0,0,0.0000,0,0.0000,0,0,0,601,0
401,3.3764,5.5653,0.0010,0.0000,0,0,0.0000,0,0.0000,0,0,0,601,0
402,3.2815,10.2934,0.0015,0.0000,0,0,0.0000,0,0.0000,0,0,0,696,0
403,3.1241,10.2562,0.0017,0.0000,0,0,0.0000,0,0.0000,0,0,0,700,0
404,5.9434,5.8445,0.0013,0.0000,0,0,0.0000,0,0.0000,0,0,0,601,0
405,3.3764,5.6584,0.0009,0.0000,0,0,0.0000,0,0.0000,0,0,0,601,0
406,3.2815,10.3691,0.0008,0.0000,0,0,0.0000,0,0.0000,0,0,0,705,0
407,3.1241,10.3965,0.0008,0.0000,0,0,0.0000,0,0.0000,0,0,0,702,0
408,5.9434,5.8654,0.0013,0.0000,0,0,0.0000,0,0.0000,0,0,0,601,0
409,3.3764,5.5955,0.0012,0.0000,0,0,0.0000,0,0.0000,0,0,0,601,0
410,3.2815,10.3217,0.0008,0.0000,0,0,0.0000,0,0.0000,0,0,0,708,0
411,3.1241,10.2803,0.0010,0.0000,0,0,0.0000,0,0.0000,0,0,0,706,0
412,5.9434,5.8324,0.0015,0.0000,0,0,0.0000,0,0.0000,0,0,0,601,0
413,3.3764,5.6467,0.0013,0.0000,0,0,0.0000,0,0.0000,0,0,0,601,0
414,3.2815,10.3215,0.0016,0.0000,0,0,0.0000,0,0.0000,0,0,0,707,0
415,3.1241,10.2957,0.0022,0.0000,0,0,0.0000,0,0.0000,0,0,0,721,0
416,5.9434,5.8518,0.0016,0.0000,0,0,0.0000,0,0.0000,0,0,0,601,0
417,3.3764,5.6631,0.0015,0.0000,0,0,0.0000,0,0.0000,0,0,0,601,0
418,3.2815,10.6113,0.0070,0.0000,0,0,0.0000,0,0.0000,0,0,0,708,0
419,3.1241,10.4098,0.0071,0.0000,0,0,0.0000,0,0.0000,0,0,0,696,0
420,5.9434,6.4498,0.0064,0.0000,0,0,0.0000,0,0.0000,0,0,0,601,0
421,3.3764,5.9759,0.0027,0.0000,0,0,0.0000,0,0.0000,0,0,0,601,0
422,3.2815,10.3875,0.0063,0.0000,0,0,0.0000,0,0.0000,0,0,0,706,0
423,3.1241,10.1400,0.0024,0.0000,0,0,0.0000,0,0.0000,0,0,0,696,0
424,5.9434,6.1674,0.0054,0.0000,0,0,0.0000,0,0.0000,0,0,0,601,0
425,3.3764,5.6851,0.0015,0.0000,0,0,0.0000,0,0.0000,0,0,0,601,0
426,3.2815,9.9343,0.0040,0.0000,0,0,0.0000,0,0.0000,0,0,0,711,0
427,3.1241,10.0380,0.0035,0.0000,0,0,0.0000,0,0.0000,0,0,0,696,0
428,5.9434,6.6582,0.0064,0.0000,0,0,0.0000,0,0.0000,0,0,0,601,0
429,3.3764,6.3073,0.0015,0.0000,0,0,0.0000,0,0.0000,0,0,0,601,0
430,3.2815,10.2634,0.0040,0.0000,0,0,0.0000,0,0.0000,0,0,0,706,0
431,3.1241,10.1689,0.0012,0.0000,0,0,0.0000,0,0.0000,0,0,0,702,0
432,5.9434,6.1445,0.0041,0.0000,0,0,0.0000,0,0.0000,0,0,0,601,0
433,3.3764,5.8416,0.0011,0.0000,0,0,0.0000,0,0.0000,0,0,0,601,0
434,3.2815,10.3111,0.0018,0.0000,0,0,0.0000,0,0.0000,0,0,0,748,0
435,3.1241,10.3131,0.0005,0.0000,0,0,0.0000,0,0.0000,0,0,0,702,0
436,5.9434,6.6340,0.0057,0.0000,0,0,0.0000,0,0.0000,0,0,0,601,0
437,3.3764,5.8938,0.0057,0.0000,0,0,0.0000,0,0.0000,0,0,0,601,0
438,3.2815,10.4305,0.0029,0.0000,0,0,0.0000,0,0.0000,0,0,0,696,0
439,3.1241,10.4417,0.0028,0.0000,0,0,0.0000,0,0.0000,0,0,0,702,0
440,5.9434,6.4389,0.0060,0.0000,0,0,0.0000,0,0.0000,0,0,0,601,0
441,3.3764,5.9168,0.0031,0.0000,0,0,0.0000,0,0.0000,0,0,0,601,0
442,3.2815,10.6278,0.0057,0.0000,0,0,0.0000,0,0.0000,0,0,0,696,0
443,3.1241,10.5196,0.0033,0.0000,0,0,0.0000,0,0.0000,0,0,0,742,0
444,5.9434,6.1715,0.0014,0.0000,0,0,0.0000,0,0.0000,0,0,0,601,0
445,3.3764,5.8571,0.0008,0.0000,0,0,0.0000,0,0.0000,0,0,0,601,0
446,3.2815,9.9945,0.0063,0.0000,0,0,0.0000,0,0.0000,0,0,0,696,0
447,3.1241,9.8085,0.0020,0.0000,0,0,0.0000,0,0.0000,0,0,0,696,0
448,5.9434,6.2805,0.0047,0.0000,0,0,0.0000,0,0.0000,0,0,0,601,0
449,3.3764,5.7363,0.0017,0.0000,0,0,0.0000,0,0.0000,0,0,0,601,0
450,3.2815,10.0007,0.0022,0.0000,0,0,0.0000,0,0.0000,0,0,0,696,0
451,3.1241,10.0731,0.0018,0.0000,0,0,0.0000,0,0.0000,0,0,0,696,0
452,5.9434,6.2610,0.0054,0.0000,0,0,0.0000,0,0.0000,0,0,0,601,0
453,3.3764,5.7690,0.0017,0.0000,0,0,0.0000,0,0.0000,0,0,0,601,0
454,3.2815,10.1059,0.0057,0.0000,0,0,0.0000,0,0.0000,0,0,0,702,0
455,3.1241,10.0199,0.0022,0.0000,0,0,0.0000,0,0.0000,0,0,0,696,0
456,5.9434,6.1470,0.0021,0.0000,0,0,0.0000,0,0.0000,0,0,0,601,0
457,3.3764,5.7815,0.0017,0.0000,0,0,0.0000,0,0.0000,0,0,0,601,0
458,3.2815,9.7424,0.0010,0.0000,0,0,0.0000,0,0.0000,0,0,0,701,0
459,3.1241,9.8576,0.0010,0.0000,0,0,0.0000,0,0.0000,0,0,0,696,0
460,5.9434,6.0360,0.0051,0.0000,0,0,0.0000,0,0.0000,0,0,0,601,0
461,3.3764,5.6731,0.0052,0.0000,0,0,0.0000,0,0.0000,0,0,0,601,0
462,3.2815,10.5200,0.0038,0.0000,0,0,0.0000,0,0.0000,0,0,0,704,0
463,3.1241,10.4304,0.0020,0.0000,0,0,0.0000,0,0.0000,0,0,0,701,0
464,5.9434,6.5029,0.0048,0.0000,0,0,0.0000,0,0.0000,0,0,0,601,0
465,3.3764,6.1646,0.0023,0.0000,0,0,0.0000,0,0.0000,0,0,0,601,0
466,3.2815,10.3771,0.0060,0.0000,0,0,0.0000,0,0.0000,0,0,0,701,0
467,3.1241,10.0120,0.0017,0.0000,0,0,0.0000,0,0.0000,0,0,0,700,0
468,5.9434,6.2780,0.0065,0.0000,0,0,0.0000,0,0.0000,0,0,0,601,0
469,3.3764,6.0290,0.0018,0.0000,0,0,0.0000,0,0.0000,0,0,0,601,0
470,3.2815,8.6848,0.0016,0.0000,0,0,0.0000,0,0.0000,0,0,0,701,0
471,3.1241,8.1711,0.0015,0.0000,0,0,0.0000,0,0.0000,0,0,0,720,0
472,5.9434,5.8909,0.0028,0.0000,0,0,0.0000,0,0.0000,0,0,0,601,0
473,3.3764,5.8012,0.0023,0.0000,0,0,0.0000,0,0.0000,0,0,0,601,0
474,3.2815,10.3360,0.0032,0.0000,0,0,0.0000,0,0.0000,0,0,0,702,0
475,3.1241,10.2495,0.0017,0.0000,0,0,0.0000,0,0.0000,0,0,0,696,0
476,5.9434,6.1297,0.0036,0.0000,0,0,0.0000,0,0.0000,0,0,0,601,0
477,3.3764,5.7367,0.0020,0.0000,0,0,0.0000,0,0.0000,0,0,0,601,0
478,3.2815,10.5176,0.0017,0.0000,0,0,0.0000,0,0.0000,0,0,0,712,0
479,3.1241,10.3880,0.0015,0.0000,0,0,0.0000,0,0.0000,0,0,0,696,0
480,5.9434,5.9414,0.0041,0.0000,0,0,0.0000,0,0.0000,0,0,0,601,0
481,3.3764,5.6035,0.0035,0.0000,0,0,0.0000,0,0.0000,0,0,0,601,0
482,3.2815,10.3924,0.0022,0.0000,0,0,0.0000,0,0.0000,0,0,0,696,0
483,3.1241,10.3557,0.0010,0.0000,0,0,0.0000,0,0.0000,0,0,0,696,0
484,5.9434,5.8744,0.0030,0.0000,0,0,0.0000,0,0.0000,0,0,0,601,0
485,3.3764,5.6826,0.0031,0.0000,0,0,0.0000,0,0.0000,0,0,0,601,0
486,3.2815,10.2768,0.0024,0.0000,0,0,0.0000,0,0.0000,0,0,0,696,0
487,3.1241,10.2644,0.0010,0.0000,0,0,0.0000,0,0.0000,0,0,0,696,0
488,5.9434,5.8969,0.0026,0.0000,0,0,0.0000,0,0.0000,0,0,0,601,0
489,3.3764,5.6619,0.0009,0.0000,0,0,0.0000,0,0.0000,0,0,0,601,0
490,3.2815,10.3324,0.0010,0.0000,0,0,0.0000,0,0.0000,0,0,0,696,0
491,3.1241,10.3377,0.0009,0.0000,0,0,0.0000,0,0.0000,0,0,0,705,0
492,5.9434,5.7012,0.0013,0.0000,0,0,0.0000,0,0.0000,0,0,0,601,0
493,3.3764,5.6378,0.0010,0.0000,0,0,0.0000,0,0.0000,0,0,0,601,0
494,3.2815,10.3388,0.0009,0.0000,0,0,0.0000,0,0.0000,0,0,0,696,0
495,3.1241,10.3582,0.0009,0.0000,0,0,0.0000,0,0.0000,0,0,0,704,0
496,5.9434,5.8578,0.0019,0.0000,0,0,0.0000,0,0.0000,0,0,0,601,0
497,3.3764,5.6248,0.0012,0.0000,0,0,0.0000,0,0.0000,0,0,0,601,0
498,3.2815,10.3901,0.0010,0.0000,0,0,0.0000,0,0.0000,0,0,0,706,0
499,3.1241,10.3848,0.0010,0.0000,0,0,0.0000,0,0.0000,0,0,0,711,0
500,5.9434,5.7547,0.0013,0.0000,0,0,0.0000,0,0.0000,0,0,0,601,0
501,3.3764,5.6270,0.0012,0.0000,0,0,0.0000,0,0.0000,0,0,0,601,0
502,3.2815,10.2199,0.0009,0.0000,0,0,0.0000,0,0.0000,0,0,0,702,0
503,3.1241,10.2620,0.0009,0.0000,0,0,0.0000,0,0.0000,0,0,0,696,0
504,5.9434,5.9544,0.0013,0.0000,0,0,0.0000,0,0.0000,0,0,0,601,0
505,3.3764,5.7103,0.0009,0.0000,0,0,0.0000,0,0.0000,0,0,0,601,0
506,3.2815,10.4025,0.0014,0.0000,0,0,0.0000,0,0.0000,0,0,0,702,0
507,3.1241,10.3628,0.0023,0.0000,0,0,0.0000,0,0.0000,0,0,0,696,0
508,5.9434,5.8635,0.0011,0.0000,0,0,0.0000,0,0.0000,0,0,0,601,0
509,3.3764,5.6380,0.0008,0.0000,0,0,0.0000,0,0.0000,0,0,0,601,0
510,3.2815,12.7241,0.0087,0.0000,0,0,0.0000,0,0.0000,0,0,0,696,0
511,3.1241,12.7531,0.0017,0.0000,0,0,0.0000,0,0.0000,0,0,0,696,0
512,5.9434,5.9885,0.0055,0.0000,0,0,0.0000,0,0.0000,0,0,0,601,0
513,3.3764,5.6309,0.0047,0.0000,0,0,0.0000,0,0.0000,0,0,0,601,0
514,3.2815,10.4990,0.0056,0.0000,0,0,0.0000,0,0.0000,0,0,0,696,0
515,3.1241,10.2872,0.0023,0.0000,0,0,0.0000,0,0.0000,0,0,0,696,0
516,5.9434,6.1566,0.0025,0.0000,0,0,0.0000,0,0.0000,0,0,0,601,0
517,3.3764,5.8047,0.0010,0.0000,0,0,0.0000,0,0.0000,0,0,0,601,0
518,3.2815,10.4320,0.0013,0.0000,0,0,0.0000,0,0.0000,0,0,0,696,0
519,3.1241,10.3509,0.0013,0.0000,0,0,0.0000,0,0.0000,0,0,0,701,0
520,5.9434,5.9985,0.0028,0.0000,0,0,0.0000,0,0.0000,0,0,0,601,0
521,3.3764,5.5633,0.0010,0.0000,0,0,0.0000,0,0.0000,0,0,0,601,0
522,3.2815,10.4410,0.0035,0.0000,0,0,0.0000,0,0.0000,0,0,0,709,0
523,3.1241,10.3619,0.0014,0.0000,0,0,0.0000,0,0.0000,0,0,0,696,0
524,5.9434,6.1922,0.0052,0.0000,0,0,0.0000,0,0.0000,0,0,0,601,0
525,3.3764,5.9198,0.0030,0.0000,0,0,0.0000,0,0.0000,0,0,0,601,0
526,3.2815,10.5425,0.0040,0.0000,0,0,0.0000,0,0.0000,0,0,0,696,0
527,3.1241,10.3378,0.0031,0.0000,0,0,0.0000,0,0.0000,0,0,0,707,0
528,5.9434,6.1253,0.0033,0.0000,0,0,0.0000,0,0.0000,0,0,0,601,0
529,3.3764,5.7243,0.0008,0.0000,0,0,0.0000,0,0.0000,0,0,0,601,0
530,3.2815,10.3448,0.0030,0.0000,0,0,0.0000,0,0.0000,0,0,0,696,0
531,3.1241,10.2577,0.0008,0.0000,0,0,0.0000,0,0.0000,0,0,0,698,0
532,5.9434,5.9864,0.0050,0.0000,0,0,0.0000,0,0.0000,0,0,0,601,0
533,3.3764,6.1160,0.0013,0.0000,0,0,0.0000,0,0.0000,0,0,0,601,0
534,3.2815,10.0152,0.0047,0.0000,0,0,0.0000,0,0.0000,0,0,0,696,0
535,3.1241,9.3692,0.0026,0.0000,0,0,0.0000,0,0.0000,0,0,0,696,0
536,5.9434,6.3361,0.0058,0.0000,0,0,0.0000,0,0.0000,0,0,0,601,0
537,3.3764,5.9390,0.0020,0.0000,0,0,0.0000,0,0.0000,0,0,0,601,0
538,3.2815,10.1623,0.0057,0.0000,0,0,0.0000,0,0.0000,0,0,0,696,0
539,3.1241,10.0665,0.0018,0.0000,0,0,0.0000,0,0.0000,0,0,0,696,0
540,5.9434,6.4796,0.0062,0.0000,0,0,0.0000,0,0.0000,0,0,0,601,0
541,3.3764,5.9068,0.0023,0.0000,0,0,0.0000,0,0.0000,0,0,0,601,0
542,3.2815,10.2201,0.0085,0.0000,0,0,0.0000,0,0.0000,0,0,0,696,0
543,3.1241,10.2856,0.0030,0.0000,0,0,0.0000,0,0.0000,0,0,0,696,0
544,5.9434,6.3216,0.0062,0.0000,0,0,0.0000,0,0.0000,0,0,0,601,0
545,3.3764,6.0560,0.0025,0.0000,0,0,0.0000,0,0.0000,0,0,0,601,0
546,3.2815,10.0890,0.0051,0.0000,0,0,0.0000,0,0.0000,0,0,0,696,0
547,3.1241,10.1587,0.0029,0.0000,0,0,0.0000,0,0.0000,0,0,0,696,0
548,5.9434,6.3043,0.0051,0.0000,0,0,0.0000,0,0.0000,0,0,0,601,0
549,3.3764,5.8467,0.0019,0.0000,0,0,0.0000,0,0.0000,0,0,0,601,0
550,3.2815,10.1612,0.0047,0.0000,0,0,0.0000,0,0.0000,0,0,0,696,0
551,3.1241,10.1703,0.0031,0.0000,0,0,0.0000,0,0.0000,0,0,0,696,0
552,5.9434,6.2030,0.0050,0.0000,0,0,0.0000,0,0.0000,0,0,0,601,0
553,3.3764,5.8601,0.0022,0.0000,0,0,0.0000,0,0.0000,0,0,0,601,0
554,3.2815,10.0350,0.0052,0.0000,0,0,0.0000,0,0.0000,0,0,0,696,0
555,3.1241,10.0271,0.0029,0.0000,0,0,0.0000,0,0.0000,0,0,0,706,0
556,5.9434,6.0033,0.0088,0.0000,0,0,0.0000,0,0.0000,0,0,0,601,0
557,3.3764,5.7901,0.0011,0.0000,0,0,0.0000,0,0.0000,0,0,0,601,0
558,3.2815,10.3182,0.0032,0.0000,0,0,0.0000,0,0.0000,0,0,0,696,0
559,3.1241,9.9675,0.0017,0.0000,0,0,0.0000,0,0.0000,0,0,0,696,0
560,5.9434,5.9759,0.0039,0.0000,0,0,0.0000,0,0.0000,0,0,0,601,0
561,3.3764,5.7086,0.0017,0.0000,0,0,0.0000,0,0.0000,0,0,0,601,0
562,3.2815,9.9755,0.0060,0.0000,0,0,0.0000,0,0.0000,0,0,0,696,0
563,3.1241,9.8391,0.0015,0.0000,0,0,0.0000,0,0.0000,0,0,0,696,0
564,5.9434,6.3408,0.0046,0.0000,0,0,0.0000,0,0.0000,0,0,0,601,0
565,3.3764,5.7873,0.0019,0.0000,0,0,0.0000,0,0.0000,0,0,0,601,0
566,3.2815,9.9001,0.0030,0.0000,0,0,0.0000,0,0.0000,0,0,0,701,0
567,3.1241,9.9815,0.0028,0.0000,0,0,0.0000,0,0.0000,0,0,0,696,0
568,5.9434,6.2654,0.0057,0.0000,0,0,0.0000,0,0.0000,0,0,0,601,0
569,3.3764,5.8165,0.0017,0.0000,0,0,0.0000,0,0.0000,0,0,0,601,0
570,3.2815,10.0560,0.0042,0.0000,0,0,0.0000,0,0.0000,0,0,0,696,0
571,3.1241,10.0605,0.0017,0.0000,0,0,0.0000,0,0.0000,0,0,0,696,0
572,5.9434,6.3467,0.0047,0.0000,0,0,0.0000,0,0.0000,0,0,0,601,0
573,3.3764,5.9032,0.0020,0.0000,0,0,0.0000,0,0.0000,0,0,0,601,0
574,3.2815,10.3952,0.0068,0.0000,0,0,0.0000,0,0.0000,0,0,0,696,0
575,3.1241,10.2348,0.0033,0.0000,0,0,0.0000,0,0.0000,0,0,0,696,0
576,5.9434,6.1695,0.0022,0.0000,0,0,0.0000,0,0.0000,0,0,0,601,0
577,3.3764,5.7408,0.0015,0.0000,0,0,0.0000,0,0.0000,0,0,0,601,0
578,3.2815,9.3369,0.0028,0.0000,0,0,0.0000,0,0.0000,0,0,0,696,0
579,3.1241,9.8298,0.0018,0.0000,0,0,0.0000,0,0.0000,0,0,0,696,0
580,5.9434,6.2145,0.0038,0.0000,0,0,0.0000,0,0.0000,0,0,0,601,0
581,3.3764,5.7404,0.0038,0.0000,0,0,0.0000,0,0.0000,0,0,0,601,0
582,3.2815,10.4638,0.0039,0.0000,0,0,0.0000,0,0.0000,0,0,0,696,0
583,3.1241,10.2576,0.0025,0.0000,0,0,0.0000,0,0.0000,0,0,0,706,0
584,5.9434,5.8370,0.0034,0.0000,0,0,0.0000,0,0.0000,0,0,0,601,0
585,3.3764,5.5184,0.0025,0.0000,0,0,0.0000,0,0.0000,0,0,0,601,0
586,3.2815,10.4913,0.0034,0.0000,0,0,0.0000,0,0.0000,0,0,0,696,0
587,3.1241,10.4017,0.0023,0.0000,0,0,0.0000,0,0.0000,0,0,0,696,0
588,5.9434,5.8615,0.0033,0.0000,0,0,0.0000,0,0.0000,0,0,0,601,0
589,3.3764,5.6059,0.0013,0.0000,0,0,0.0000,0,0.0000,0,0,0,601,0
590,3.2815,10.5312,0.0039,0.0000,0,0,0.0000,0,0.0000,0,0,0,696,0
591,3.1241,10.4284,0.0034,0.0000,0,0,0.0000,0,0.0000,0,0,0,696,0
592,5.9434,5.9486,0.0033,0.0000,0,0,0.0000,0,0.0000,0,0,0,601,0
593,3.3764,5.6030,0.0032,0.0000,0,0,0.0000,0,0.0000,0,0,0,601,0
594,3.2815,10.4960,0.0022,0.0000,0,0,0.0000,0,0.0000,0,0,0,696,0
595,3.1241,10.4198,0.0005,0.0000,0,0,0.0000,0,0.0000,0,0,0,696,0
596,5.9434,5.9500,0.0034,0.0000,0,0,0.0000,0,0.0000,0,0,0,601,0
597,3.3764,5.6848,0.0005,0.0000,0,0,0.0000,0,0.0000,0,0,0,601,0
598,3.2815,10.6175,0.0036,0.0000,0,0,0.0000,0,0.0000,0,0,0,696,0
599,3.1241,10.0557,0.0037,0.0000,0,0,0.0000,0,0.0000,0,0,0,703,0
600,5.9434,41.9869,0.0136,0.0000,0,0,0.0000,0,0.0000,0,1,0,60271,0
601,3.3764,28.8426,0.0096,0.0000,0,0,0.0000,0,0.0000,0,1,0,43482,0
602,3.2815,25.2319,0.0062,0.0000,0,0,0.0000,0,0.0000,0,1,0,59828,0
603,3.1241,25.9904,0.0152,0.0000,0,0,0.0000,0,0.0000,0,1,0,68126,0
604,5.9434,5.8488,0.0092,0.0000,0,0,0.0000,0,0.0000,0,0,0,16498,0
605,3.3764,5.6361,0.0030,0.0000,0,0,0.0000,0,0.0000,0,0,0,14403,0
606,3.2815,10.0329,0.0049,0.0000,0,0,0.0000,0,0.0000,0,0,0,17862,0
607,3.1241,10.1653,0.0113,0.0000,0,0,0.0000,0,0.0000,0,0,0,17138,0
608,5.9434,6.1052,0.0114,0.0000,0,0,0.0000,0,0.0000,0,0,0,9226,0
609,3.3764,5.7184,0.0031,0.0000,0,0,0.0000,0,0.0000,0,0,0,6914,0
610,3.2815,8.8582,0.0046,0.0000,0,0,0.0000,0,0.0000,0,0,0,11125,0
611,3.1241,10.2921,0.0044,0.0000,0,0,0.0000,0,0.0000,0,0,0,9621,0
612,5.9434,5.8627,0.0053,0.0000,0,0,0.0000,0,0.0000,0,0,0,17369,0
613,3.3764,5.7557,0.0042,0.0000,0,0,0.0000,0,0.0000,0,0,0,16755,0
614,3.2815,9.9121,0.0049,0.0000,0,0,0.0000,0,0.0000,0,0,0,19658,0
615,3.1241,10.2779,0.0041,0.0000,0,0,0.0000,0,0.0000,0,0,0,15622,0
616,5.9434,5.7635,0.0138,0.0000,0,0,0.0000,0,0.0000,0,0,0,23309,0
617,3.3764,5.6095,0.0093,0.0000,0,0,0.0000,0,0.0000,0,0,0,20346,0
618,3.2815,10.4010,0.0049,0.0000,0,0,0.0000,0,0.0000,0,0,0,22802,0
619,3.1241,10.3185,0.0090,0.0000,0,0,0.0000,0,0.0000,0,0,0,21407,0
620,5.9434,5.7748,0.0032,0.0000,0,0,0.0000,0,0.0000,0,0,0,13027,0
621,3.3764,5.5710,0.0018,0.0000,0,0,0.0000,0,0.0000,0,0,0,11737,0
622,3.2815,10.5066,0.0048,0.0000,0,0,0.0000,0,0.0000,0,0,0,12722,0
623,3.1241,10.4163,0.0043,0.0000,0,0,0.0000,0,0.0000,0,0,0,16214,0
624,5.9434,5.7176,0.0038,0.0000,0,0,0.0000,0,0.0000,0,0,0,7002,0
625,3.3764,5.5656,0.0017,0.0000,0,0,0.0000,0,0.0000,0,0,0,5132,0
626,3.2815,10.4307,0.0042,0.0000,0,0,0.0000,0,0.0000,0,0,0,7491,0
627,3.1241,10.2520,0.0015,0.0000,0,0,0.0000,0,0.0000,0,0,0,4790,0
628,5.9434,6.4990,0.0038,0.0000,0,0,0.0000,0,0.0000,0,0,0,3933,0
629,3.3764,6.2315,0.0021,0.0000,0,0,0.0000,0,0.0000,0,0,0,3799,0
630,3.2815,10.3778,0.0025,0.0000,0,0,0.0000,0,0.0000,0,0,0,4399,0
631,3.1241,10.3763,0.0010,0.0000,0,0,0.0000,0,0.0000,0,0,0,3276,0
632,5.9434,5.7976,0.0036,0.0000,0,0,0.0000,0,0.0000,0,0,0,3260,0
633,3.3764,5.5552,0.0008,0.0000,0,0,0.0000,0,0.0000,0,0,0,2850,0
634,3.2815,10.4545,0.0034,0.0000,0,0,0.0000,0,0.0000,0,0,0,3280,0
635,3.1241,10.3472,0.0014,0.0000,0,0,0.0000,0,0.0000,0,0,0,2761,0
636,5.9434,5.8825,0.0033,0.0000,0,0,0.0000,0,0.0000,0,0,0,3090,0
637,3.3764,5.8107,0.0022,0.0000,0,0,0.0000,0,0.0000,0,0,0,2691,0
638,3.2815,10.3892,0.0042,0.0000,0,0,0.0000,0,0.0000,0,0,0,3020,0
639,3.1241,10.3605,0.0015,0.0000,0,0,0.0000,0,0.0000,0,0,0,2648,0
640,5.9434,5.7025,0.0047,0.0000,0,0,0.0000,0,0.0000,0,0,0,2664,0
641,3.3764,5.4745,0.0008,0.0000,0,0,0.0000,0,0.0000,0,0,0,2213,0
642,3.2815,10.3820,0.0037,0.0000,0,0,0.0000,0,0.0000,0,0,0,1084,0
643,3.1241,10.3018,0.0014,0.0000,0,0,0.0000,0,0.0000,0,0,0,2638,0
644,5.9434,5.8644,0.0030,0.0000,0,0,0.0000,0,0.0000,0,0,0,1673,0
645,3.3764,5.6324,0.0012,0.0000,0,0,0.0000,0,0.0000,0,0,0,1302,0
646,3.2815,10.4318,0.0043,0.0000,0,0,0.0000,0,0.0000,0,0,0,959,0
647,3.1241,10.3875,0.0013,0.0000,0,0,0.0000,0,0.0000,0,0,0,2173,0
648,5.9434,5.7009,0.0035,0.0000,0,0,0.0000,0,0.0000,0,0,0,1538,0
649,3.3764,5.4496,0.0010,0.0000,0,0,0.0000,0,0.0000,0,0,0,1107,0
650,3.2815,10.4224,0.0028,0.0000,0,0,0.0000,0,0.0000,0,0,0,819,0
651,3.1241,10.3486,0.0010,0.0000,0,0,0.0000,0,0.0000,0,0,0,1668,0
652,5.9434,5.7520,0.0025,0.0000,0,0,0.0000,0,0.0000,0,0,0,1248,0
653,3.3764,5.5560,0.0006,0.0000,0,0,0.0000,0,0.0000,0,0,0,944,0
654,3.2815,10.4390,0.0023,0.0000,0,0,0.0000,0,0.0000,0,0,0,945,0
655,3.1241,10.3503,0.0011,0.0000,0,0,0.0000,0,0.0000,0,0,0,743,0
656,5.9434,5.7530,0.0027,0.0000,0,0,0.0000,0,0.0000,0,0,0,1198,0
657,3.3764,5.5292,0.0011,0.0000,0,0,0.0000,0,0.0000,0,0,0,836,0
658,3.2815,10.5197,0.0032,0.0000,0,0,0.0000,0,0.0000,0,0,0,1250,0
659,3.1241,10.4117,0.0030,0.0000,0,0,0.0000,0,0.0000,0,0,0,717,0
660,5.9434,5.7350,0.0027,0.0000,0,0,0.0000,0,0.0000,0,0,0,1168,0
661,3.3764,5.4780,0.0022,0.0000,0,0,0.0000,0,0.0000,0,0,0,792,0
662,3.2815,10.4540,0.0018,0.0000,0,0,0.0000,0,0.0000,0,0,0,1108,0
663,3.1241,10.3682,0.0048,0.0000,0,0,0.0000,0,0.0000,0,0,0,792,0
664,5.9434,5.8463,0.0031,0.0000,0,0,0.0000,0,0.0000,0,0,0,1037,0
665,3.3764,5.5991,0.0010,0.0000,0,0,0.0000,0,0.0000,0,0,0,722,0
666,3.2815,10.4177,0.0025,0.0000,0,0,0.0000,0,0.0000,0,0,0,1361,0
667,3.1241,10.3018,0.0006,0.0000,0,0,0.0000,0,0.0000,0,0,0,925,0
668,5.9434,5.7664,0.0029,0.0000,0,0,0.0000,0,0.0000,0,0,0,987,0
669,3.3764,5.6190,0.0010,0.0000,0,0,0.0000,0,0.0000,0,0,0,676,0
670,3.2815,10.4458,0.0008,0.0000,0,0,0.0000,0,0.0000,0,0,0,1198,0
671,3.1241,10.4114,0.0010,0.0000,0,0,0.0000,0,0.0000,0,0,0,1094,0
672,5.9434,5.7144,0.0032,0.0000,0,0,0.0000,0,0.0000,0,0,0,879,0
673,3.3764,5.5215,0.0010,0.0000,0,0,0.0000,0,0.0000,0,0,0,648,0
674,3.2815,10.4170,0.0038,0.0000,0,0,0.0000,0,0.0000,0,0,0,1117,0
675,3.1241,10.3639,0.0009,0.0000,0,0,0.0000,0,0.0000,0,0,0,1077,0
676,5.9434,5.8592,0.0033,0.0000,0,0,0.0000,0,0.0000,0,0,0,746,0
677,3.3764,5.5729,0.0032,0.0000,0,0,0.0000,0,0.0000,0,0,0,643,0
678,3.2815,10.5670,0.0031,0.0000,0,0,0.0000,0,0.0000,0,0,0,1064,0
679,3.1241,10.4896,0.0015,0.0000,0,0,0.0000,0,0.0000,0,0,0,1295,0
680,5.9434,5.8286,0.0019,0.0000,0,0,0.0000,0,0.0000,0,0,0,687,0
681,3.3764,5.6190,0.0010,0.0000,0,0,0.0000,0,0.0000,0,0,0,622,0
682,3.2815,10.3542,0.0011,0.0000,0,0,0.0000,0,0.0000,0,0,0,1368,0
683,3.1241,10.3631,0.0008,0.0000,0,0,0.0000,0,0.0000,0,0,0,709,0
684,5.9434,5.6635,0.0037,0.0000,0,0,0.0000,0,0.0000,0,0,0,716,0
685,3.3764,5.5564,0.0017,0.0000,0,0,0.0000,0,0.0000,0,0,0,620,0
686,3.2815,10.5697,0.0032,0.0000,0,0,0.0000,0,0.0000,0,0,0,710,0
687,3.1241,10.4792,0.0014,0.0000,0,0,0.0000,0,0.0000,0,0,0,715,0
688,5.9434,5.8415,0.0019,0.0000,0,0,0.0000,0,0.0000,0,0,0,717,0
689,3.3764,5.6563,0.0010,0.0000,0,0,0.0000,0,0.0000,0,0,0,613,0
690,3.2815,10.5458,0.0040,0.0000,0,0,0.0000,0,0.0000,0,0,0,696,0
691,3.1241,10.4688,0.0010,0.0000,0,0,0.0000,0,0.0000,0,0,0,724,0
692,5.9434,5.8745,0.0028,0.0000,0,0,0.0000,0,0.0000,0,0,0,685,0
693,3.3764,5.6319,0.0008,0.0000,0,0,0.0000,0,0.0000,0,0,0,617,0
694,3.2815,10.4561,0.0024,0.0000,0,0,0.0000,0,0.0000,0,0,0,755,0
695,3.1241,10.3698,0.0023,0.0000,0,0,0.0000,0,0.0000,0,0,0,779,0
696,5.9434,5.6686,0.0076,0.0000,0,0,0.0000,0,0.0000,0,0,0,664,0
697,3.3764,5.5605,0.0005,0.0000,0,0,0.0000,0,0.0000,0,0,0,622,0
698,3.2815,10.3852,0.0017,0.0000,0,0,0.0000,0,0.0000,0,0,0,785,0
699,3.1241,10.3215,0.0010,0.0000,0,0,0.0000,0,0.0000,0,0,0,906,0
700,5.9434,5.8228,0.0027,0.0000,0,0,0.0000,0,0.0000,0,0,0,636,0
701,3.3764,5.5928,0.0006,0.0000,0,0,0.0000,0,0.0000,0,0,0,626,0
702,3.2815,10.5573,0.0015,0.0000,0,0,0.0000,0,0.0000,0,0,0,868,0
703,3.1241,10.5333,0.0007,0.0000,0,0,0.0000,0,0.0000,0,0,0,830,0
704,5.9434,5.7823,0.0031,0.0000,0,0,0.0000,0,0.0000,0,0,0,635,0
705,3.3764,5.5885,0.0009,0.0000,0,0,0.0000,0,0.0000,0,0,0,608,0
706,3.2815,10.4803,0.0020,0.0000,0,0,0.0000,0,0.0000,0,0,0,801,0
707,3.1241,10.4216,0.0004,0.0000,0,0,0.0000,0,0.0000,0,0,0,966,0
708,5.9434,5.8811,0.0030,0.0000,0,0,0.0000,0,0.0000,0,0,0,650,0
709,3.3764,5.5840,0.0030,0.0000,0,0,0.0000,0,0.0000,0,0,0,606,0
710,3.2815,10.5188,0.0029,0.0000,0,0,0.0000,0,0.0000,0,0,0,1017,0
711,3.1241,10.3862,0.0012,0.0000,0,0,0.0000,0,0.0000,0,0,0,705,0
712,5.9434,5.7498,0.0014,0.0000,0,0,0.0000,0,0.0000,0,0,0,646,0
713,3.3764,5.6239,0.0013,0.0000,0,0,0.0000,0,0.0000,0,0,0,607,0
714,3.2815,10.4066,0.0292,0.0000,0,0,0.0000,0,0.0000,0,0,0,933,0
715,3.1241,10.3741,0.0008,0.0000,0,0,0.0000,0,0.0000,0,0,0,703,0
716,5.9434,5.8371,0.0021,0.0000,0,0,0.0000,0,0.0000,0,0,0,651,0
717,3.3764,5.6254,0.0005,0.0000,0,0,0.0000,0,0.0000,0,0,0,609,0
718,3.2815,10.5895,0.0008,0.0000,0,0,0.0000,0,0.0000,0,0,0,926,0
719,3.1241,10.5282,0.0007,0.0000,0,0,0.0000,0,0.0000,0,0,0,728,0
720,5.9434,5.8327,0.0027,0.0000,0,0,0.0000,0,0.0000,0,0,0,638,0
721,3.3764,5.7085,0.0005,0.0000,0,0,0.0000,0,0.0000,0,0,0,601,0
722,3.2815,10.5797,0.0155,0.0000,0,0,0.0000,0,0.0000,0,0,0,856,0
723,3.1241,10.4960,0.0010,0.0000,0,0,0.0000,0,0.0000,0,0,0,752,0
724,5.9434,5.8278,0.0016,0.0000,0,0,0.0000,0,0.0000,0,0,0,623,0
725,3.3764,5.6330,0.0007,0.0000,0,0,0.0000,0,0.0000,0,0,0,601,0
726,3.2815,10.5026,0.0036,0.0000,0,0,0.0000,0,0.0000,0,0,0,1082,0
727,3.1241,10.4488,0.0018,0.0000,0,0,0.0000,0,0.0000,0,0,0,805,0
728,5.9434,5.7885,0.0025,0.0000,0,0,0.0000,0,0.0000,0,0,0,626,0
729,3.3764,5.6317,0.0005,0.0000,0,0,0.0000,0,0.0000,0,0,0,601,0
730,3.2815,10.4563,0.0007,0.0000,0,0,0.0000,0,0.0000,0,0,0,712,0
731,3.1241,10.3877,0.0006,0.0000,0,0,0.0000,0,0.0000,0,0,0,775,0
732,5.9434,5.8603,0.0020,0.0000,0,0,0.0000,0,0.0000,0,0,0,622,0
733,3.3764,5.5389,0.0029,0.0000,0,0,0.0000,0,0.0000,0,0,0,601,0
734,3.2815,10.4385,0.0014,0.0000,0,0,0.0000,0,0.0000,0,0,0,709,0
735,3.1241,10.3942,0.0006,0.0000,0,0,0.0000,0,0.0000,0,0,0,911,0
736,5.9434,5.6838,0.0008,0.0000,0,0,0.0000,0,0.0000,0,0,0,611,0
737,3.3764,5.5625,0.0010,0.0000,0,0,0.0000,0,0.0000,0,0,0,601,0
738,3.2815,10.8605,0.0011,0.0000,0,0,0.0000,0,0.0000,0,0,0,723,0
739,3.1241,10.7475,0.0035,0.0000,0,0,0.0000,0,0.0000,0,0,0,698,0
740,5.9434,5.7642,0.0065,0.0000,0,0,0.0000,0,0.0000,0,0,0,618,0
741,3.3764,5.6030,0.0010,0.0000,0,0,0.0000,0,0.0000,0,0,0,601,0
742,3.2815,10.4256,0.0016,0.0000,0,0,0.0000,0,0.0000,0,0,0,744,0
743,3.1241,10.3622,0.0011,0.0000,0,0,0.0000,0,0.0000,0,0,0,696,0
744,5.9434,5.8228,0.0278,0.0000,0,0,0.0000,0,0.0000,0,0,0,605,0
745,3.3764,5.5639,0.0007,0.0000,0,0,0.0000,0,0.0000,0,0,0,601,0
746,3.2815,10.4226,0.0025,0.0000,0,0,0.0000,0,0.0000,0,0,0,786,0
747,3.1241,10.3638,0.0010,0.0000,0,0,0.0000,0,0.0000,0,0,0,704,0
748,5.9434,5.7317,0.0033,0.0000,0,0,0.0000,0,0.0000,0,0,0,606,0
749,3.3764,5.5082,0.0007,0.0000,0,0,0.0000,0,0.0000,0,0,0,601,0
750,3.2815,10.3682,0.0025,0.0000,0,0,0.0000,0,0.0000,0,0,0,780,0
751,3.1241,10.2935,0.0010,0.0000,0,0,0.0000,0,0.0000,0,0,0,741,0
752,5.9434,5.7703,0.0031,0.0000,0,0,0.0000,0,0.0000,0,0,0,605,0
753,3.3764,5.5081,0.0013,0.0000,0,0,0.0000,0,0.0000,0,0,0,601,0
754,3.2815,10.3552,0.0020,0.0000,0,0,0.0000,0,0.0000,0,0,0,808,0
755,3.1241,10.2718,0.0005,0.0000,0,0,0.0000,0,0.0000,0,0,0,758,0
756,5.9434,5.8205,0.0031,0.0000,0,0,0.0000,0,0.0000,0,0,0,606,0
757,3.3764,5.6005,0.0007,0.0000,0,0,0.0000,0,0.0000,0,0,0,601,0
758,3.2815,10.3993,0.0013,0.0000,0,0,0.0000,0,0.0000,0,0,0,795,0
759,3.1241,10.3434,0.0010,0.0000,0,0,0.0000,0,0.0000,0,0,0,738,0
760,5.9434,5.7188,0.0018,0.0000,0,0,0.0000,0,0.0000,0,0,0,601,0
761,3.3764,5.5584,0.0010,0.0000,0,0,0.0000,0,0.0000,0,0,0,601,0
762,3.2815,10.3389,0.0034,0.0000,0,0,0.0000,0,0.0000,0,0,0,771,0
763,3.1241,10.3319,0.0008,0.0000,0,0,0.0000,0,0.0000,0,0,0,836,0
764,5.9434,6.0166,0.0018,0.0000,0,0,0.0000,0,0.0000,0,0,0,601,0
765,3.3764,5.6605,0.0012,0.0000,0,0,0.0000,0,0.0000,0,0,0,601,0
766,3.2815,10.4367,0.0012,0.0000,0,0,0.0000,0,0.0000,0,0,0,779,0
767,3.1241,10.3943,0.0006,0.0000,0,0,0.0000,0,0.0000,0,0,0,698,0
768,5.9434,5.7695,0.0296,0.0000,0,0,0.0000,0,0.0000,0,0,0,601,0
769,3.3764,5.5803,0.0108,0.0000,0,0,0.0000,0,0.0000,0,0,0,601,0
770,3.2815,10.4593,0.0010,0.0000,0,0,0.0000,0,0.0000,0,0,0,967,0
771,3.1241,10.4409,0.0011,0.0000,0,0,0.0000,0,0.0000,0,0,0,696,0
772,5.9434,5.8765,0.0015,0.0000,0,0,0.0000,0,0.0000,0,0,0,601,0
773,3.3764,5.6393,0.0011,0.0000,0,0,0.0000,0,0.0000,0,0,0,601,0
774,3.2815,10.4415,0.0011,0.0000,0,0,0.0000,0,0.0000,0,0,0,710,0
775,3.1241,10.4457,0.0008,0.0000,0,0,0.0000,0,0.0000,0,0,0,700,0
776,5.9434,5.7964,0.0027,0.0000,0,0,0.0000,0,0.0000,0,0,0,601,0
777,3.3764,5.5879,0.0010,0.0000,0,0,0.0000,0,0.0000,0,0,0,601,0
778,3.2815,10.5353,0.0027,0.0000,0,0,0.0000,0,0.0000,0,0,0,703,0
779,3.1241,10.5743,0.0013,0.0000,0,0,0.0000,0,0.0000,0,0,0,721,0
780,5.9434,6.0760,0.0024,0.0000,0,0,0.0000,0,0.0000,0,0,0,601,0
781,3.3764,5.6578,0.0010,0.0000,0,0,0.0000,0,0.0000,0,0,0,601,0
782,3.2815,10.5797,0.0012,0.0000,0,0,0.0000,0,0.0000,0,0,0,708,0
783,3.1241,10.5036,0.0005,0.0000,0,0,0.0000,0,0.0000,0,0,0,783,0
784,5.9434,5.6722,0.0014,0.0000,0,0,0.0000,0,0.0000,0,0,0,601,0
785,3.3764,5.5618,0.0007,0.0000,0,0,0.0000,0,0.0000,0,0,0,601,0
786,3.2815,10.4808,0.0020,0.0000,0,0,0.0000,0,0.0000,0,0,0,751,0
787,3.1241,10.4410,0.0007,0.0000,0,0,0.0000,0,0.0000,0,0,0,755,0
788,5.9434,5.9348,0.0015,0.0000,0,0,0.0000,0,0.0000,0,0,0,601,0
789,3.3764,5.6605,0.0006,0.0000,0,0,0.0000,0,0.0000,0,0,0,601,0
790,3.2815,10.4634,0.0013,0.0000,0,0,0.0000,0,0.0000,0,0,0,762,0
791,3.1241,10.4565,0.0008,0.0000,0,0,0.0000,0,0.0000,0,0,0,801,0
792,5.9434,5.7130,0.0011,0.0000,0,0,0.0000,0,0.0000,0,0,0,601,0
793,3.3764,5.5941,0.0012,0.0000,0,0,0.0000,0,0.0000,0,0,0,601,0
794,3.2815,10.3159,0.0009,0.0000,0,0,0.0000,0,0.0000,0,0,0,747,0
795,3.1241,10.4019,0.0008,0.0000,0,0,0.0000,0,0.0000,0,0,0,696,0
796,5.9434,5.6108,0.0012,0.0000,0,0,0.0000,0,0.0000,0,0,0,601,0
797,3.3764,5.5265,0.0013,0.0000,0,0,0.0000,0,0.0000,0,0,0,601,0
798,3.2815,10.2649,0.0014,0.0000,0,0,0.0000,0,0.0000,0,0,0,830,0
799,3.1241,10.2390,0.0013,0.0000,0,0,0.0000,0,0.0000,0,0,0,701,0
800,5.9434,5.8521,0.0029,0.0000,0,0,0.0000,0,0.0000,0,0,0,601,0
801,3.3764,5.5435,0.0013,0.0000,0,0,0.0000,0,0.0000,0,0,0,601,0
802,3.2815,10.2508,0.0016,0.0000,0,0,0.0000,0,0.0000,0,0,0,769,0
803,3.1241,10.2160,0.0010,0.0000,0,0,0.0000,0,0.0000,0,0,0,696,0
804,5.9434,5.8742,0.0023,0.0000,0,0,0.0000,0,0.0000,0,0,0,601,0
805,3.3764,5.5602,0.0026,0.0000,0,0,0.0000,0,0.0000,0,0,0,601,0
806,3.2815,10.3416,0.0015,0.0000,0,0,0.0000,0,0.0000,0,0,0,728,0
807,3.1241,10.2300,0.0007,0.0000,0,0,0.0000,0,0.0000,0,0,0,717,0
808,5.9434,5.8344,0.0013,0.0000,0,0,0.0000,0,0.0000,0,0,0,601,0
809,3.3764,5.6390,0.0007,0.0000,0,0,0.0000,0,0.0000,0,0,0,601,0
810,3.2815,10.4727,0.0014,0.0000,0,0,0.0000,0,0.0000,0,0,0,726,0
811,3.1241,10.4140,0.0010,0.0000,0,0,0.0000,0,0.0000,0,0,0,731,0
812,5.9434,5.7311,0.0011,0.0000,0,0,0.0000,0,0.0000,0,0,0,601,0
813,3.3764,5.5708,0.0013,0.0000,0,0,0.0000,0,0.0000,0,0,0,601,0
814,3.2815,10.2483,0.0011,0.0000,0,0,0.0000,0,0.0000,0,0,0,833,0
815,3.1241,10.2836,0.0010,0.0000,0,0,0.0000,0,0.0000,0,0,0,722,0
816,5.9434,5.7225,0.0013,0.0000,0,0,0.0000,0,0.0000,0,0,0,601,0
817,3.3764,5.6259,0.0012,0.0000,0,0,0.0000,0,0.0000,0,0,0,601,0
818,3.2815,10.3919,0.0012,0.0000,0,0,0.0000,0,0.0000,0,0,0,696,0
819,3.1241,10.3126,0.0008,0.0000,0,0,0.0000,0,0.0000,0,0,0,758,0
820,5.9434,5.9210,0.0032,0.0000,0,0,0.0000,0,0.0000,0,0,0,601,0
821,3.3764,5.6320,0.0031,0.0000,0,0,0.0000,0,0.0000,0,0,0,601,0
822,3.2815,10.3852,0.0022,0.0000,0,0,0.0000,0,0.0000,0,0,0,696,0
823,3.1241,10.2900,0.0011,0.0000,0,0,0.0000,0,0.0000,0,0,0,696,0
824,5.9434,6.0345,0.0029,0.0000,0,0,0.0000,0,0.0000,0,0,0,601,0
825,3.3764,5.6973,0.0047,0.0000,0,0,0.0000,0,0.0000,0,0,0,601,0
826,3.2815,10.5042,0.0038,0.0000,0,0,0.0000,0,0.0000,0,0,0,696,0
827,3.1241,10.4089,0.0020,0.0000,0,0,0.0000,0,0.0000,0,0,0,705,0
828,5.9434,6.1928,0.0037,0.0000,0,0,0.0000,0,0.0000,0,0,0,601,0
829,3.3764,5.8005,0.0015,0.0000,0,0,0.0000,0,0.0000,0,0,0,601,0
830,3.2815,10.6262,0.0039,0.0000,0,0,0.0000,0,0.0000,0,0,0,696,0
831,3.1241,10.4525,0.0013,0.0000,0,0,0.0000,0,0.0000,0,0,0,707,0
832,5.9434,6.5390,0.0055,0.0000,0,0,0.0000,0,0.0000,0,0,0,601,0
833,3.3764,5.9372,0.0055,0.0000,0,0,0.0000,0,0.0000,0,0,0,601,0
834,3.2815,11.0498,0.0008,0.0000,0,0,0.0000,0,0.0000,0,0,0,701,0
835,3.1241,10.7226,0.0015,0.0000,0,0,0.0000,0,0.0000,0,0,0,707,0
836,5.9434,6.0293,0.0020,0.0000,0,0,0.0000,0,0.0000,0,0,0,601,0
837,3.3764,5.6620,0.0011,0.0000,0,0,0.0000,0,0.0000,0,0,0,601,0
838,3.2815,10.4171,0.0010,0.0000,0,0,0.0000,0,0.0000,0,0,0,703,0
839,3.1241,10.3595,0.0007,0.0000,0,0,0.0000,0,0.0000,0,0,0,736,0
840,5.9434,5.7185,0.0016,0.0000,0,0,0.0000,0,0.0000,0,0,0,601,0
841,3.3764,5.5546,0.0008,0.0000,0,0,0.0000,0,0.0000,0,0,0,601,0
842,3.2815,10.3971,0.0011,0.0000,0,0,0.0000,0,0.0000,0,0,0,716,0
843,3.1241,10.3497,0.0022,0.0000,0,0,0.0000,0,0.0000,0,0,0,719,0
844,5.9434,5.8210,0.0019,0.0000,0,0,0.0000,0,0.0000,0,0,0,601,0
845,3.3764,5.5615,0.0014,0.0000,0,0,0.0000,0,0.0000,0,0,0,601,0
846,3.2815,10.3507,0.0014,0.0000,0,0,0.0000,0,0.0000,0,0,0,714,0
847,3.1241,10.3116,0.0016,0.0000,0,0,0.0000,0,0.0000,0,0,0,775,0
848,5.9434,6.1547,0.0023,0.0000,0,0,0.0000,0,0.0000,0,0,0,601,0
849,3.3764,5.7990,0.0015,0.0000,0,0,0.0000,0,0.0000,0,0,0,601,0
850,3.2815,10.5964,0.0022,0.0000,0,0,0.0000,0,0.0000,0,0,0,717,0
851,3.1241,10.5079,0.0015,0.0000,0,0,0.0000,0,0.0000,0,0,0,701,0
852,5.9434,5.9032,0.0054,0.0000,0,0,0.0000,0,0.0000,0,0,0,601,0
853,3.3764,5.6561,0.0035,0.0000,0,0,0.0000,0,0.0000,0,0,0,601,0
854,3.2815,10.3288,0.0034,0.0000,0,0,0.0000,0,0.0000,0,0,0,711,0
855,3.1241,10.2433,0.0013,0.0000,0,0,0.0000,0,0.0000,0,0,0,701,0
856,5.9434,6.2020,0.0038,0.0000,0,0,0.0000,0,0.0000,0,0,0,601,0
857,3.3764,5.7267,0.0014,0.0000,0,0,0.0000,0,0.0000,0,0,0,601,0
858,3.2815,10.5138,0.0011,0.0000,0,0,0.0000,0,0.0000,0,0,0,763,0
859,3.1241,10.4775,0.0018,0.0000,0,0,0.0000,0,0.0000,0,0,0,701,0
860,5.9434,5.6934,0.0018,0.0000,0,0,0.0000,0,0.0000,0,0,0,601,0
861,3.3764,5.5710,0.0016,0.0000,0,0,0.0000,0,0.0000,0,0,0,601,0
862,3.2815,10.3587,0.0022,0.0000,0,0,0.0000,0,0.0000,0,0,0,696,0
863,3.1241,10.2787,0.0013,0.0000,0,0,0.0000,0,0.0000,0,0,0,715,0
864,5.9434,5.9635,0.0037,0.0000,0,0,0.0000,0,0.0000,0,0,0,601,0
865,3.3764,5.5924,0.0011,0.0000,0,0,0.0000,0,0.0000,0,0,0,601,0
866,3.2815,10.3601,0.0017,0.0000,0,0,0.0000,0,0.0000,0,0,0,696,0
867,3.1241,10.3415,0.0011,0.0000,0,0,0.0000,0,0.0000,0,0,0,726,0
868,5.9434,5.8852,0.0016,0.0000,0,0,0.0000,0,0.0000,0,0,0,601,0
869,3.3764,5.6145,0.0014,0.0000,0,0,0.0000,0,0.0000,0,0,0,601,0
870,3.2815,10.1945,0.0017,0.0000,0,0,0.0000,0,0.0000,0,0,0,696,0
871,3.1241,10.1842,0.0010,0.0000,0,0,0.0000,0,0.0000,0,0,0,714,0
872,5.9434,5.7777,0.0032,0.0000,0,0,0.0000,0,0.0000,0,0,0,601,0
873,3.3764,5.5693,0.0010,0.0000,0,0,0.0000,0,0.0000,0,0,0,601,0
874,3.2815,10.3292,0.0015,0.0000,0,0,0.0000,0,0.0000,0,0,0,696,0
875,3.1241,10.2795,0.0014,0.0000,0,0,0.0000,0,0.0000,0,0,0,789,0
876,5.9434,5.8786,0.0018,0.0000,0,0,0.0000,0,0.0000,0,0,0,601,0
877,3.3764,5.5846,0.0009,0.0000,0,0,0.0000,0,0.0000,0,0,0,601,0
878,3.2815,10.3885,0.0013,0.0000,0,0,0.0000,0,0.0000,0,0,0,717,0
879,3.1241,10.3281,0.0008,0.0000,0,0,0.0000,0,0.0000,0,0,0,703,0
880,5.9434,5.7097,0.0015,0.0000,0,0,0.0000,0,0.0000,0,0,0,601,0
881,3.3764,5.5681,0.0011,0.0000,0,0,0.0000,0,0.0000,0,0,0,601,0
882,3.2815,10.3040,0.0011,0.0000,0,0,0.0000,0,0.0000,0,0,0,716,0
883,3.1241,10.2506,0.0008,0.0000,0,0,0.0000,0,0.0000,0,0,0,705,0
884,5.9434,5.7297,0.0200,0.0000,0,0,0.0000,0,0.0000,0,0,0,601,0
885,3.3764,5.5360,0.0009,0.0000,0,0,0.0000,0,0.0000,0,0,0,601,0
886,3.2815,10.2657,0.0013,0.0000,0,0,0.0000,0,0.0000,0,0,0,745,0
887,3.1241,10.2062,0.0009,0.0000,0,0,0.0000,0,0.0000,0,0,0,700,0
888,5.9434,5.7568,0.0022,0.0000,0,0,0.0000,0,0.0000,0,0,0,601,0
889,3.3764,5.5993,0.0011,0.0000,0,0,0.0000,0,0.0000,0,0,0,601,0
890,3.2815,10.2299,0.0012,0.0000,0,0,0.0000,0,0.0000,0,0,0,737,0
891,3.1241,10.1879,0.0015,0.0000,0,0,0.0000,0,0.0000,0,0,0,706,0
892,5.9434,5.9332,0.0037,0.0000,0,0,0.0000,0,0.0000,0,0,0,601,0
893,3.3764,5.6606,0.0038,0.0000,0,0,0.0000,0,0.0000,0,0,0,601,0
894,3.2815,10.5053,0.0025,0.0000,0,0,0.0000,0,0.0000,0,0,0,718,0
895,3.1241,10.4040,0.0025,0.0000,0,0,0.0000,0,0.0000,0,0,0,723,0
896,5.9434,6.0753,0.0020,0.0000,0,0,0.0000,0,0.0000,0,0,0,601,0
897,3.3764,5.6556,0.0016,0.0000,0,0,0.0000,0,0.0000,0,0,0,601,0
898,3.2815,10.4750,0.0194,0.0000,0,0,0.0000,0,0.0000,0,0,0,719,0
899,3.1241,10.3929,0.0015,0.0000,0,0,0.0000,0,0.0000,0,0,0,714,0
900,5.9434,5.9385,0.0033,0.0000,0,0,0.0000,0,0.0000,0,0,0,601,0
901,3.3764,5.6584,0.0020,0.0000,0,0,0.0000,0,0.0000,0,0,0,601,0
902,3.2815,10.3878,0.0020,0.0000,0,0,0.0000,0,0.0000,0,0,0,747,0
903,3.1241,10.3302,0.0014,0.0000,0,0,0.0000,0,0.0000,0,0,0,769,0
904,5.9434,5.9617,0.0024,0.0000,0,0,0.0000,0,0.0000,0,0,0,601,0
905,3.3764,5.6680,0.0021,0.0000,0,0,0.0000,0,0.0000,0,0,0,601,0
906,3.2815,10.3405,0.0011,0.0000,0,0,0.0000,0,0.0000,0,0,0,696,0
907,3.1241,10.2546,0.0013,0.0000,0,0,0.0000,0,0.0000,0,0,0,704,0
908,5.9434,6.9767,0.0152,0.0000,0,0,0.0000,0,0.0000,0,0,0,601,0
909,3.3764,5.9820,0.0016,0.0000,0,0,0.0000,0,0.0000,0,0,0,601,0
910,3.2815,10.1832,0.0045,0.0000,0,0,0.0000,0,0.0000,0,0,0,696,0
911,3.1241,10.2739,0.0019,0.0000,0,0,0.0000,0,0.0000,0,0,0,707,0
912,5.9434,6.3359,0.0013,0.0000,0,0,0.0000,0,0.0000,0,0,0,601,0
913,3.3764,5.7475,0.0013,0.0000,0,0,0.0000,0,0.0000,0,0,0,601,0
914,3.2815,9.6077,0.0012,0.0000,0,0,0.0000,0,0.0000,0,0,0,696,0
915,3.1241,9.5531,0.0015,0.0000,0,0,0.0000,0,0.0000,0,0,0,714,0
916,5.9434,6.1709,0.0045,0.0000,0,0,0.0000,0,0.0000,0,0,0,601,0
917,3.3764,5.7230,0.0032,0.0000,0,0,0.0000,0,0.0000,0,0,0,601,0
918,3.2815,10.6125,0.0039,0.0000,0,0,0.0000,0,0.0000,0,0,0,696,0
919,3.1241,10.4615,0.0020,0.0000,0,0,0.0000,0,0.0000,0,0,0,709,0
920,5.9434,6.2166,0.0028,0.0000,0,0,0.0000,0,0.0000,0,0,0,601,0
921,3.3764,5.8200,0.0027,0.0000,0,0,0.0000,0,0.0000,0,0,0,601,0
922,3.2815,10.5195,0.0011,0.0000,0,0,0.0000,0,0.0000,0,0,0,696,0
923,3.1241,10.4283,0.0019,0.0000,0,0,0.0000,0,0.0000,0,0,0,732,0
924,5.9434,6.3571,0.0083,0.0000,0,0,0.0000,0,0.0000,0,0,0,601,0
925,3.3764,5.9771,0.0083,0.0000,0,0,0.0000,0,0.0000,0,0,0,601,0
926,3.2815,10.4991,0.0066,0.0000,0,0,0.0000,0,0.0000,0,0,0,696,0
927,3.1241,10.5180,0.0030,0.0000,0,0,0.0000,0,0.0000,0,0,0,719,0
928,5.9434,6.4739,0.0059,0.0000,0,0,0.0000,0,0.0000,0,0,0,601,0
929,3.3764,5.7519,0.0009,0.0000,0,0,0.0000,0,0.0000,0,0,0,601,0
930,3.2815,10.1806,0.0028,0.0000,0,0,0.0000,0,0.0000,0,0,0,708,0
931,3.1241,10.0640,0.0013,0.0000,0,0,0.0000,0,0.0000,0,0,0,751,0
932,5.9434,6.3765,0.0020,0.0000,0,0,0.0000,0,0.0000,0,0,0,601,0
933,3.3764,5.6645,0.0015,0.0000,0,0,0.0000,0,0.0000,0,0,0,601,0
934,3.2815,10.3715,0.0053,0.0000,0,0,0.0000,0,0.0000,0,0,0,708,0
935,3.1241,10.2144,0.0020,0.0000,0,0,0.0000,0,0.0000,0,0,0,696,0
936,5.9434,6.1118,0.0024,0.0000,0,0,0.0000,0,0.0000,0,0,0,601,0
937,3.3764,5.7153,0.0014,0.0000,0,0,0.0000,0,0.0000,0,0,0,601,0
938,3.2815,10.4643,0.0029,0.0000,0,0,0.0000,0,0.0000,0,0,0,706,0
939,3.1241,10.3911,0.0043,0.0000,0,0,0.0000,0,0.0000,0,0,0,701,0
940,5.9434,6.4049,0.0039,0.0000,0,0,0.0000,0,0.0000,0,0,0,601,0
941,3.3764,5.8758,0.0017,0.0000,0,0,0.0000,0,0.0000,0,0,0,601,0
942,3.2815,10.5979,0.0024,0.0000,0,0,0.0000,0,0.0000,0,0,0,707,0
943,3.1241,10.5262,0.0009,0.0000,0,0,0.0000,0,0.0000,0,0,0,703,0
944,5.9434,6.0380,0.0020,0.0000,0,0,0.0000,0,0.0000,0,0,0,601,0
945,3.3764,5.7007,0.0013,0.0000,0,0,0.0000,0,0.0000,0,0,0,601,0
946,3.2815,10.4318,0.0039,0.0000,0,0,0.0000,0,0.0000,0,0,0,723,0
947,3.1241,10.3742,0.0017,0.0000,0,0,0.0000,0,0.0000,0,0,0,707,0
948,5.9434,6.0326,0.0013,0.0000,0,0,0.0000,0,0.0000,0,0,0,601,0
949,3.3764,5.7728,0.0013,0.0000,0,0,0.0000,0,0.0000,0,0,0,601,0
950,3.2815,10.4018,0.0009,0.0000,0,0,0.0000,0,0.0000,0,0,0,696,0
951,3.1241,10.3700,0.0010,0.0000,0,0,0.0000,0,0.0000,0,0,0,708,0
952,5.9434,5.6863,0.0014,0.0000,0,0,0.0000,0,0.0000,0,0,0,601,0
953,3.3764,5.6635,0.0013,0.0000,0,0,0.0000,0,0.0000,0,0,0,601,0
954,3.2815,10.1832,0.0008,0.0000,0,0,0.0000,0,0.0000,0,0,0,696,0
955,3.1241,10.2944,0.0016,0.0000,0,0,0.0000,0,0.0000,0,0,0,712,0
956,5.9434,5.8314,0.0016,0.0000,0,0,0.0000,0,0.0000,0,0,0,601,0
957,3.3764,5.6825,0.0016,0.0000,0,0,0.0000,0,0.0000,0,0,0,601,0
958,3.2815,10.5932,0.0130,0.0000,0,0,0.0000,0,0.0000,0,0,0,696,0
959,3.1241,10.3961,0.0130,0.0000,0,0,0.0000,0,0.0000,0,0,0,754,0
960,5.9434,6.3913,0.0034,0.0000,0,0,0.0000,0,0.0000,0,0,0,601,0
961,3.3764,5.7676,0.0016,0.0000,0,0,0.0000,0,0.0000,0,0,0,601,0
962,3.2815,8.7580,0.0020,0.0000,0,0,0.0000,0,0.0000,0,0,0,696,0
963,3.1241,8.6846,0.0007,0.0000,0,0,0.0000,0,0.0000,0,0,0,696,0
964,5.9434,6.1241,0.0053,0.0000,0,0,0.0000,0,0.0000,0,0,0,601,0
965,3.3764,5.7263,0.0020,0.0000,0,0,0.0000,0,0.0000,0,0,0,601,0
966,3.2815,10.6788,0.0018,0.0000,0,0,0.0000,0,0.0000,0,0,0,701,0
967,3.1241,10.6367,0.0017,0.0000,0,0,0.0000,0,0.0000,0,0,0,706,0
968,5.9434,6.1673,0.0025,0.0000,0,0,0.0000,0,0.0000,0,0,0,601,0
969,3.3764,5.7072,0.0016,0.0000,0,0,0.0000,0,0.0000,0,0,0,601,0
970,3.2815,10.7724,0.0074,0.0000,0,0,0.0000,0,0.0000,0,0,0,696,0
971,3.1241,10.5981,0.0073,0.0000,0,0,0.0000,0,0.0000,0,0,0,700,0
972,5.9434,6.1695,0.0020,0.0000,0,0,0.0000,0,0.0000,0,0,0,601,0
973,3.3764,5.7667,0.0020,0.0000,0,0,0.0000,0,0.0000,0,0,0,601,0
974,3.2815,10.4958,0.0011,0.0000,0,0,0.0000,0,0.0000,0,0,0,707,0
975,3.1241,10.4301,0.0018,0.0000,0,0,0.0000,0,0.0000,0,0,0,704,0
976,5.9434,5.7442,0.0012,0.0000,0,0,0.0000,0,0.0000,0,0,0,601,0
977,3.3764,5.5945,0.0013,0.0000,0,0,0.0000,0,0.0000,0,0,0,601,0
978,3.2815,10.3234,0.0009,0.0000,0,0,0.0000,0,0.0000,0,0,0,701,0
979,3.1241,10.2689,0.0010,0.0000,0,0,0.0000,0,0.0000,0,0,0,715,0
980,5.9434,5.7088,0.0015,0.0000,0,0,0.0000,0,0.0000,0,0,0,601,0
981,3.3764,5.5907,0.0013,0.0000,0,0,0.0000,0,0.0000,0,0,0,601,0
982,3.2815,10.1937,0.0009,0.0000,0,0,0.0000,0,0.0000,0,0,0,702,0
983,3.1241,10.2219,0.0009,0.0000,0,0,0.0000,0,0.0000,0,0,0,700,0
984,5.9434,5.7209,0.0013,0.0000,0,0,0.0000,0,0.0000,0,0,0,601,0
985,3.3764,5.6355,0.0012,0.0000,0,0,0.0000,0,0.0000,0,0,0,601,0
986,3.2815,10.4644,0.0022,0.0000,0,0,0.0000,0,0.0000,0,0,0,711,0
987,3.1241,10.3360,0.0022,0.0000,0,0,0.0000,0,0.0000,0,0,0,764,0
988,5.9434,5.9880,0.0018,0.0000,0,0,0.0000,0,0.0000,0,0,0,601,0
989,3.3764,5.7315,0.0017,0.0000,0,0,0.0000,0,0.0000,0,0,0,601,0
990,3.2815,10.8105,0.0065,0.0000,0,0,0.0000,0,0.0000,0,0,0,722,0
991,3.1241,10.6935,0.0017,0.0000,0,0,0.0000,0,0.0000,0,0,0,696,0
992,5.9434,6.3336,0.0022,0.0000,0,0,0.0000,0,0.0000,0,0,0,601,0
993,3.3764,5.7339,0.0016,0.0000,0,0,0.0000,0,0.0000,0,0,0,601,0
994,3.2815,9.5657,0.0011,0.0000,0,0,0.0000,0,0.0000,0,0,0,696,0
995,3.1241,9.9382,0.0009,0.0000,0,0,0.0000,0,0.0000,0,0,0,696,0
996,5.9434,5.9185,0.0022,0.0000,0,0,0.0000,0,0.0000,0,0,0,601,0
997,3.3764,5.6677,0.0027,0.0000,0,0,0.0000,0,0.0000,0,0,0,601,0
998,3.2815,10.5173,0.0059,0.0000,0,0,0.0000,0,0.0000,0,0,0,696,0
999,3.1241,10.3930,0.0020,0.0000,0,0,0.0000,0,0.0000,0,0,0,696,0
1000,5.9434,6.2390,0.0060,0.0000,0,0,0.0000,0,0.0000,0,0,0,601,0
1001,3.3764,5.7916,0.0060,0.0000,0,0,0.0000,0,0.0000,0,0,0,601,0
1002,3.2815,10.6528,0.0030,0.0000,0,0,0.0000,0,0.0000,0,0,0,696,0
1003,3.1241,10.4967,0.0019,0.0000,0,0,0.0000,0,0.0000,0,0,0,700,0
1004,5.9434,5.8957,0.0036,0.0000,0,0,0.0000,0,0.0000,0,0,0,601,0
1005,3.3764,5.5898,0.0015,0.0000,0,0,0.0000,0,0.0000,0,0,0,601,0
1006,3.2815,10.5096,0.0063,0.0000,0,0,0.0000,0,0.0000,0,0,0,705,0
1007,3.1241,10.3432,0.0063,0.0000,0,0,0.0000,0,0.0000,0,0,0,702,0
1008,5.9434,6.5420,0.0046,0.0000,0,0,0.0000,0,0.0000,0,0,0,601,0
1009,3.3764,5.9627,0.0018,0.0000,0,0,0.0000,0,0.0000,0,0,0,601,0
1010,3.2815,9.8482,0.0019,0.0000,0,0,0.0000,0,0.0000,0,0,0,708,0
1011,3.1241,10.1147,0.0026,0.0000,0,0,0.0000,0,0.0000,0,0,0,706,0
1012,5.9434,6.2502,0.0057,0.0000,0,0,0.0000,0,0.0000,0,0,0,601,0
1013,3.3764,5.9522,0.0027,0.0000,0,0,0.0000,0,0.0000,0,0,0,601,0
1014,3.2815,11.0688,0.0102,0.0000,0,0,0.0000,0,0.0000,0,0,0,707,0
1015,3.1241,10.8515,0.0019,0.0000,0,0,0.0000,0,0.0000,0,0,0,721,0
1016,5.9434,5.9915,0.0043,0.0000,0,0,0.0000,0,0.0000,0,0,0,601,0
1017,3.3764,5.6095,0.0011,0.0000,0,0,0.0000,0,0.0000,0,0,0,601,0
1018,3.2815,10.1020,0.0020,0.0000,0,0,0.0000,0,0.0000,0,0,0,708,0
1019,3.1241,10.1002,0.0009,0.0000,0,0,0.0000,0,0.0000,0,0,0,696,0
1020,5.9434,5.7803,0.0021,0.0000,0,0,0.0000,0,0.0000,0,0,0,601,0
1021,3.3764,5.5585,0.0018,0.0000,0,0,0.0000,0,0.0000,0,0,0,601,0
1022,3.2815,10.2194,0.0011,0.0000,0,0,0.0000,0,0.0000,0,0,0,706,0
1023,3.1241,10.1824,0.0009,0.0000,0,0,0.0000,0,0.0000,0,0,0,696,0
1024,5.9434,6.2288,0.0067,0.0000,0,0,0.0000,0,0.0000,0,0,0,601,0
1025,3.3764,5.7307,0.0015,0.0000,0,0,0.0000,0,0.0000,0,0,0,601,0
1026,3.2815,10.0520,0.0043,0.0000,0,0,0.0000,0,0.0000,0,0,0,711,0
1027,3.1241,10.0821,0.0014,0.0000,0,0,0.0000,0,0.0000,0,0,0,696,0
1028,5.9434,6.2794,0.0055,0.0000,0,0,0.0000,0,0.0000,0,0,0,601,0
1029,3.3764,5.7052,0.0016,0.0000,0,0,0.0000,0,0.0000,0,0,0,601,0
1030,3.2815,10.1929,0.0017,0.0000,0,0,0.0000,0,0.0000,0,0,0,706,0
1031,3.1241,10.0829,0.0010,0.0000,0,0,0.0000,0,0.0000,0,0,0,702,0
1032,5.9434,6.9715,0.0049,0.0000,0,0,0.0000,0,0.0000,0,0,0,601,0
1033,3.3764,5.8829,0.0014,0.0000,0,0,0.0000,0,0.0000,0,0,0,601,0
1034,3.2815,10.2587,0.0066,0.0000,0,0,0.0000,0,0.0000,0,0,0,748,0
1035,3.1241,8.9695,0.0025,0.0000,0,0,0.0000,0,0.0000,0,0,0,702,0
1036,5.9434,6.4538,0.0117,0.0000,0,0,0.0000,0,0.0000,0,0,0,601,0
1037,3.3764,6.0251,0.0116,0.0000,0,0,0.0000,0,0.0000,0,0,0,601,0
1038,3.2815,10.8038,0.0049,0.0000,0,0,0.0000,0,0.0000,0,0,0,696,0
1039,3.1241,10.6372,0.0049,0.0000,0,0,0.0000,0,0.0000,0,0,0,702,0
1040,5.9434,6.6543,0.0079,0.0000,0,0,0.0000,0,0.0000,0,0,0,601,0
1041,3.3764,5.8845,0.0032,0.0000,0,0,0.0000,0,0.0000,0,0,0,601,0
1042,3.2815,10.0252,0.0035,0.0000,0,0,0.0000,0,0.0000,0,0,0,696,0
1043,3.1241,9.9077,0.0028,0.0000,0,0,0.0000,0,0.0000,0,0,0,742,0
1044,5.9434,6.2365,0.0045,0.0000,0,0,0.0000,0,0.0000,0,0,0,601,0
1045,3.3764,5.7851,0.0016,0.0000,0,0,0.0000,0,0.0000,0,0,0,601,0
1046,3.2815,9.7599,0.0020,0.0000,0,0,0.0000,0,0.0000,0,0,0,696,0
1047,3.1241,9.9459,0.0015,0.0000,0,0,0.0000,0,0.0000,0,0,0,696,0
1048,5.9434,6.6410,0.0045,0.0000,0,0,0.0000,0,0.0000,0,0,0,601,0
1049,3.3764,5.6840,0.0022,0.0000,0,0,0.0000,0,0.0000,0,0,0,601,0
1050,3.2815,10.2670,0.0024,0.0000,0,0,0.0000,0,0.0000,0,0,0,696,0
1051,3.1241,10.0270,0.0013,0.0000,0,0,0.0000,0,0.0000,0,0,0,696,0
1052,5.9434,6.2375,0.0055,0.0000,0,0,0.0000,0,0.0000,0,0,0,601,0
1053,3.3764,5.7604,0.0008,0.0000,0,0,0.0000,0,0.0000,0,0,0,601,0
1054,3.2815,10.4625,0.0020,0.0000,0,0,0.0000,0,0.0000,0,0,0,702,0
1055,3.1241,10.3970,0.0012,0.0000,0,0,0.0000,0,0.0000,0,0,0,696,0
1056,5.9434,6.0867,0.0032,0.0000,0,0,0.0000,0,0.0000,0,0,0,601,0
1057,3.3764,5.6867,0.0014,0.0000,0,0,0.0000,0,0.0000,0,0,0,601,0
1058,3.2815,10.5326,0.0013,0.0000,0,0,0.0000,0,0.0000,0,0,0,701,0
1059,3.1241,10.4812,0.0016,0.0000,0,0,0.0000,0,0.0000,0,0,0,696,0
1060,5.9434,5.8252,0.0016,0.0000,0,0,0.0000,0,0.0000,0,0,0,601,0
1061,3.3764,5.6359,0.0015,0.0000,0,0,0.0000,0,0.0000,0,0,0,601,0
1062,3.2815,10.3320,0.0013,0.0000,0,0,0.0000,0,0.0000,0,0,0,704,0
1063,3.1241,10.2781,0.0014,0.0000,0,0,0.0000,0,0.0000,0,0,0,701,0
1064,5.9434,5.8578,0.0020,0.0000,0,0,0.0000,0,0.0000,0,0,0,601,0
1065,3.3764,5.6411,0.0015,0.0000,0,0,0.0000,0,0.0000,0,0,0,601,0
1066,3.2815,10.3737,0.0009,0.0000,0,0,0.0000,0,0.0000,0,0,0,701,0
1067,3.1241,10.3598,0.0008,0.0000,0,0,0.0000,0,0.0000,0,0,0,700,0
1068,5.9434,6.0204,0.0019,0.0000,0,0,0.0000,0,0.0000,0,0,0,601,0
1069,3.3764,5.7472,0.0020,0.0000,0,0,0.0000,0,0.0000,0,0,0,601,0
1070,3.2815,10.6783,0.0151,0.0000,0,0,0.0000,0,0.0000,0,0,0,701,0
1071,3.1241,10.6828,0.0025,0.0000,0,0,0.0000,0,0.0000,0,0,0,720,0
1072,5.9434,6.4014,0.0022,0.0000,0,0,0.0000,0,0.0000,0,0,0,601,0
1073,3.3764,5.7195,0.0018,0.0000,0,0,0.0000,0,0.0000,0,0,0,601,0
1074,3.2815,10.0082,0.0014,0.0000,0,0,0.0000,0,0.0000,0,0,0,702,0
1075,3.1241,9.9602,0.0017,0.0000,0,0,0.0000,0,0.0000,0,0,0,696,0
1076,5.9434,6.3463,0.0017,0.0000,0,0,0.0000,0,0.0000,0,0,0,601,0
1077,3.3764,5.6673,0.0015,0.0000,0,0,0.0000,0,0.0000,0,0,0,601,0
1078,3.2815,10.3458,0.0101,0.0000,0,0,0.0000,0,0.0000,0,0,0,712,0
1079,3.1241,9.9351,0.0020,0.0000,0,0,0.0000,0,0.0000,0,0,0,696,0
1080,5.9434,6.2881,0.0015,0.0000,0,0,0.0000,0,0.0000,0,0,0,601,0
1081,3.3764,5.8672,0.0015,0.0000,0,0,0.0000,0,0.0000,0,0,0,601,0
1082,3.2815,9.8643,0.0058,0.0000,0,0,0.0000,0,0.0000,0,0,0,696,0
1083,3.1241,9.8622,0.0015,0.0000,0,0,0.0000,0,0.0000,0,0,0,696,0
1084,5.9434,7.8280,0.0089,0.0000,0,0,0.0000,0,0.0000,0,0,0,601,0
1085,3.3764,7.4009,0.0025,0.0000,0,0,0.0000,0,0.0000,0,0,0,601,0
1086,3.2815,10.3209,0.0140,0.0000,0,0,0.0000,0,0.0000,0,0,0,696,0
1087,3.1241,10.2097,0.0018,0.0000,0,0,0.0000,0,0.0000,0,0,0,696,0
1088,5.9434,6.7843,0.0038,0.0000,0,0,0.0000,0,0.0000,0,0,0,601,0
1089,3.3764,5.8433,0.0015,0.0000,0,0,0.0000,0,0.0000,0,0,0,601,0
1090,3.2815,9.5359,0.0020,0.0000,0,0,0.0000,0,0.0000,0,0,0,696,0
1091,3.1241,9.6847,0.0013,0.0000,0,0,0.0000,0,0.0000,0,0,0,705,0
1092,5.9434,5.9682,0.0022,0.0000,0,0,0.0000,0,0.0000,0,0,0,601,0
1093,3.3764,5.7141,0.0009,0.0000,0,0,0.0000,0,0.0000,0,0,0,601,0
1094,3.2815,10.3811,0.0042,0.0000,0,0,0.0000,0,0.0000,0,0,0,696,0
1095,3.1241,10.2097,0.0017,0.0000,0,0,0.0000,0,0.0000,0,0,0,704,0
1096,5.9434,6.1825,0.0058,0.0000,0,0,0.0000,0,0.0000,0,0,0,601,0
1097,3.3764,5.7782,0.0060,0.0000,0,0,0.0000,0,0.0000,0,0,0,601,0
1098,3.2815,10.8270,0.0032,0.0000,0,0,0.0000,0,0.0000,0,0,0,706,0
1099,3.1241,10.7180,0.0019,0.0000,0,0,0.0000,0,0.0000,0,0,0,711,0
1100,5.9434,6.1454,0.0028,0.0000,0,0,0.0000,0,0.0000,0,0,0,601,0
1101,3.3764,5.8149,0.0006,0.0000,0,0,0.0000,0,0.0000,0,0,0,601,0
1102,3.2815,10.4898,0.0011,0.0000,0,0,0.0000,0,0.0000,0,0,0,702,0
1103,3.1241,10.4236,0.0006,0.0000,0,0,0.0000,0,0.0000,0,0,0,696,0
1104,5.9434,5.5873,0.0016,0.0000,0,0,0.0000,0,0.0000,0,0,0,601,0
1105,3.3764,5.4777,0.0011,0.0000,0,0,0.0000,0,0.0000,0,0,0,601,0
1106,3.2815,10.1467,0.0011,0.0000,0,0,0.0000,0,0.0000,0,0,0,702,0
1107,3.1241,10.1365,0.0005,0.0000,0,0,0.0000,0,0.0000,0,0,0,696,0
1108,5.9434,5.8339,0.0027,0.0000,0,0,0.0000,0,0.0000,0,0,0,601,0
1109,3.3764,5.6290,0.0015,0.0000,0,0,0.0000,0,0.0000,0,0,0,601,0
1110,3.2815,10.0502,0.0011,0.0000,0,0,0.0000,0,0.0000,0,0,0,696,0
1111,3.1241,10.1639,0.0008,0.0000,0,0,0.0000,0,0.0000,0,0,0,696,0
1112,5.9434,5.5960,0.0012,0.0000,0,0,0.0000,0,0.0000,0,0,0,601,0
1113,3.3764,5.5098,0.0008,0.0000,0,0,0.0000,0,0.0000,0,0,0,601,0
1114,3.2815,10.3227,0.0049,0.0000,0,0,0.0000,0,0.0000,0,0,0,696,0
1115,3.1241,10.2677,0.0012,0.0000,0,0,0.0000,0,0.0000,0,0,0,696,0
1116,5.9434,6.2062,0.0077,0.0000,0,0,0.0000,0,0.0000,0,0,0,601,0
1117,3.3764,5.8174,0.0025,0.0000,0,0,0.0000,0,0.0000,0,0,0,601,0
1118,3.2815,10.1430,0.0060,0.0000,0,0,0.0000,0,0.0000,0,0,0,696,0
1119,3.1241,10.1620,0.0031,0.0000,0,0,0.0000,0,0.0000,0,0,0,701,0
1120,5.9434,6.1009,0.0062,0.0000,0,0,0.0000,0,0.0000,0,0,0,601,0
1121,3.3764,5.9347,0.0031,0.0000,0,0,0.0000,0,0.0000,0,0,0,601,0
1122,3.2815,10.0063,0.0053,0.0000,0,0,0.0000,0,0.0000,0,0,0,709,0
1123,3.1241,10.3930,0.0040,0.0000,0,0,0.0000,0,0.0000,0,0,0,696,0
1124,5.9434,6.2134,0.0027,0.0000,0,0,0.0000,0,0.0000,0,0,0,601,0
1125,3.3764,5.6213,0.0006,0.0000,0,0,0.0000,0,0.0000,0,0,0,601,0
1126,3.2815,10.2526,0.0010,0.0000,0,0,0.0000,0,0.0000,0,0,0,696,0
1127,3.1241,10.1936,0.0010,0.0000,0,0,0.0000,0,0.0000,0,0,0,707,0
1128,5.9434,5.7960,0.0015,0.0000,0,0,0.0000,0,0.0000,0,0,0,601,0
1129,3.3764,5.5823,0.0008,0.0000,0,0,0.0000,0,0.0000,0,0,0,601,0
1130,3.2815,10.3267,0.0012,0.0000,0,0,0.0000,0,0.0000,0,0,0,696,0
1131,3.1241,10.3443,0.0005,0.0000,0,0,0.0000,0,0.0000,0,0,0,698,0
1132,5.9434,6.2529,0.0073,0.0000,0,0,0.0000,0,0.0000,0,0,0,601,0
1133,3.3764,6.3060,0.0030,0.0000,0,0,0.0000,0,0.0000,0,0,0,601,0
1134,3.2815,10.6635,0.0044,0.0000,0,0,0.0000,0,0.0000,0,0,0,696,0
1135,3.1241,10.4413,0.0033,0.0000,0,0,0.0000,0,0.0000,0,0,0,696,0
1136,5.9434,6.0910,0.0021,0.0000,0,0,0.0000,0,0.0000,0,0,0,601,0
1137,3.3764,5.9872,0.0008,0.0000,0,0,0.0000,0,0.0000,0,0,0,601,0
1138,3.2815,9.8061,0.0042,0.0000,0,0,0.0000,0,0.0000,0,0,0,696,0
1139,3.1241,9.8777,0.0013,0.0000,0,0,0.0000,0,0.0000,0,0,0,696,0
1140,5.9434,6.8614,0.0063,0.0000,0,0,0.0000,0,0.0000,0,0,0,601,0
1141,3.3764,6.3746,0.0014,0.0000,0,0,0.0000,0,0.0000,0,0,0,601,0
1142,3.2815,10.3039,0.0032,0.0000,0,0,0.0000,0,0.0000,0,0,0,696,0
1143,3.1241,10.2893,0.0018,0.0000,0,0,0.0000,0,0.0000,0,0,0,696,0
1144,5.9434,6.1951,0.0036,0.0000,0,0,0.0000,0,0.0000,0,0,0,601,0
1145,3.3764,5.8180,0.0036,0.0000,0,0,0.0000,0,0.0000,0,0,0,601,0
1146,3.2815,10.4635,0.0021,0.0000,0,0,0.0000,0,0.0000,0,0,0,696,0
1147,3.1241,10.4275,0.0015,0.0000,0,0,0.0000,0,0.0000,0,0,0,696,0
1148,5.9434,6.6641,0.0055,0.0000,0,0,0.0000,0,0.0000,0,0,0,601,0
1149,3.3764,6.0551,0.0018,0.0000,0,0,0.0000,0,0.0000,0,0,0,601,0
1150,3.2815,9.9807,0.0047,0.0000,0,0,0.0000,0,0.0000,0,0,0,696,0
1151,3.1241,9.7658,0.0017,0.0000,0,0,0.0000,0,0.0000,0,0,0,696,0
1152,5.9434,6.1652,0.0321,0.0000,0,0,0.0000,0,0.0000,0,0,0,601,0
1153,3.3764,5.7745,0.0019,0.0000,0,0,0.0000,0,0.0000,0,0,0,601,0
1154,3.2815,10.2786,0.0043,0.0000,0,0,0.0000,0,0.0000,0,0,0,696,0
1155,3.1241,10.3145,0.0025,0.0000,0,0,0.0000,0,0.0000,0,0,0,706,0
1156,5.9434,5.9452,0.0098,0.0000,0,0,0.0000,0,0.0000,0,0,0,601,0
1157,3.3764,5.6813,0.0098,0.0000,0,0,0.0000,0,0.0000,0,0,0,601,0
1158,3.2815,10.5094,0.0044,0.0000,0,0,0.0000,0,0.0000,0,0,0,696,0
1159,3.1241,10.3944,0.0020,0.0000,0,0,0.0000,0,0.0000,0,0,0,696,0
1160,5.9434,6.1396,0.0130,0.0000,0,0,0.0000,0,0.0000,0,0,0,601,0
1161,3.3764,5.7865,0.0015,0.0000,0,0,0.0000,0,0.0000,0,0,0,601,0
1162,3.2815,9.8917,0.0033,0.0000,0,0,0.0000,0,0.0000,0,0,0,696,0
1163,3.1241,9.9260,0.0014,0.0000,0,0,0.0000,0,0.0000,0,0,0,696,0
1164,5.9434,6.1876,0.0061,0.0000,0,0,0.0000,0,0.0000,0,0,0,601,0
1165,3.3764,5.9181,0.0030,0.0000,0,0,0.0000,0,0.0000,0,0,0,601,0
1166,3.2815,9.8532,0.0028,0.0000,0,0,0.0000,0,0.0000,0,0,0,701,0
1167,3.1241,10.0721,0.0027,0.0000,0,0,0.0000,0,0.0000,0,0,0,696,0
1168,5.9434,6.5644,0.0052,0.0000,0,0,0.0000,0,0.0000,0,0,0,601,0
1169,3.3764,5.8209,0.0021,0.0000,0,0,0.0000,0,0.0000,0,0,0,601,0
1170,3.2815,9.9695,0.0027,0.0000,0,0,0.0000,0,0.0000,0,0,0,696,0
1171,3.1241,9.9048,0.0026,0.0000,0,0,0.0000,0,0.0000,0,0,0,696,0
1172,5.9434,6.3055,0.0055,0.0000,0,0,0.0000,0,0.0000,0,0,0,601,0
1173,3.3764,5.7884,0.0027,0.0000,0,0,0.0000,0,0.0000,0,0,0,601,0
1174,3.2815,9.8923,0.0027,0.0000,0,0,0.0000,0,0.0000,0,0,0,696,0
1175,3.1241,9.5880,0.0015,0.0000,0,0,0.0000,0,0.0000,0,0,0,696,0
1176,5.9434,6.6442,0.0081,0.0000,0,0,0.0000,0,0.0000,0,0,0,601,0
1177,3.3764,6.0025,0.0012,0.0000,0,0,0.0000,0,0.0000,0,0,0,601,0
1178,3.2815,10.3013,0.0035,0.0000,0,0,0.0000,0,0.0000,0,0,0,696,0
1179,3.1241,10.2952,0.0012,0.0000,0,0,0.0000,0,0.0000,0,0,0,696,0
1180,5.9434,6.4047,0.0048,0.0000,0,0,0.0000,0,0.0000,0,0,0,601,0
1181,3.3764,5.7387,0.0013,0.0000,0,0,0.0000,0,0.0000,0,0,0,601,0
1182,3.2815,9.9558,0.0021,0.0000,0,0,0.0000,0,0.0000,0,0,0,696,0
1183,3.1241,10.0416,0.0013,0.0000,0,0,0.0000,0,0.0000,0,0,0,706,0
1184,5.9434,6.2706,0.0048,0.0000,0,0,0.0000,0,0.0000,0,0,0,601,0
1185,3.3764,5.7111,0.0017,0.0000,0,0,0.0000,0,0.0000,0,0,0,601,0
1186,3.2815,9.7183,0.0044,0.0000,0,0,0.0000,0,0.0000,0,0,0,696,0
1187,3.1241,9.0972,0.0022,0.0000,0,0,0.0000,0,0.0000,0,0,0,696,0
1188,5.9434,6.7503,0.0043,0.0000,0,0,0.0000,0,0.0000,0,0,0,601,0
1189,3.3764,5.8551,0.0015,0.0000,0,0,0.0000,0,0.0000,0,0,0,601,0
1190,3.2815,9.9409,0.0035,0.0000,0,0,0.0000,0,0.0000,0,0,0,696,0
1191,3.1241,9.9870,0.0026,0.0000,0,0,0.0000,0,0.0000,0,0,0,696,0
1192,5.9434,6.2770,0.0052,0.0000,0,0,0.0000,0,0.0000,0,0,0,601,0
1193,3.3764,5.7855,0.0022,0.0000,0,0,0.0000,0,0.0000,0,0,0,601,0
1194,3.2815,9.9271,0.0030,0.0000,0,0,0.0000,0,0.0000,0,0,0,696,0
1195,3.1241,10.0165,0.0026,0.0000,0,0,0.0000,0,0.0000,0,0,0,696,0
1196,5.9434,6.8396,0.0081,0.0000,0,0,0.0000,0,0.0000,0,0,0,601,0
1197,3.3764,6.6146,0.0015,0.0000,0,0,0.0000,0,0.0000,0,0,0,601,0
1198,3.2815,10.3906,0.0049,0.0000,0,0,0.0000,0,0.0000,0,0,0,696,0
1199,3.1241,9.8821,0.0018,0.0000,0,0,0.0000,0,0.0000,0,0,0,703,0
1200,5.9434,46.9365,0.0120,0.0000,0,0,0.0000,0,0.0000,0,1,0,60271,0
1201,3.3764,29.0770,0.0093,0.0000,0,0,0.0000,0,0.0000,0,1,0,43482,0
1202,3.2815,26.3708,0.0053,0.0000,0,0,0.0000,0,0.0000,0,1,0,59828,0
1203,3.1241,25.6227,0.0093,0.0000,0,0,0.0000,0,0.0000,0,1,0,68126,0
1204,5.9434,5.7426,0.0047,0.0000,0,0,0.0000,0,0.0000,0,0,0,16498,0
1205,3.3764,5.6978,0.0019,0.0000,0,0,0.0000,0,0.0000,0,0,0,14403,0
1206,3.2815,10.5320,0.0064,0.0000,0,0,0.0000,0,0.0000,0,0,0,17862,0
1207,3.1241,10.5418,0.0015,0.0000,0,0,0.0000,0,0.0000,0,0,0,17138,0
1208,5.9434,5.7572,0.0101,0.0000,0,0,0.0000,0,0.0000,0,0,0,9226,0
1209,3.3764,5.6072,0.0020,0.0000,0,0,0.0000,0,0.0000,0,0,0,6914,0
1210,3.2815,10.4636,0.0016,0.0000,0,0,0.0000,0,0.0000,0,0,0,11125,0
1211,3.1241,10.4620,0.0019,0.0000,0,0,0.0000,0,0.0000,0,0,0,9621,0
1212,5.9434,5.7566,0.0031,0.0000,0,0,0.0000,0,0.0000,0,0,0,17369,0
1213,3.3764,5.7017,0.0115,0.0000,0,0,0.0000,0,0.0000,0,0,0,16755,0
1214,3.2815,10.6121,0.0026,0.0000,0,0,0.0000,0,0.0000,0,0,0,19658,0
1215,3.1241,10.5746,0.0023,0.0000,0,0,0.0000,0,0.0000,0,0,0,15622,0
1216,5.9434,5.6825,0.0103,0.0000,0,0,0.0000,0,0.0000,0,0,0,23309,0
1217,3.3764,5.6072,0.0024,0.0000,0,0,0.0000,0,0.0000,0,0,0,20346,0
1218,3.2815,10.4410,0.0025,0.0000,0,0,0.0000,0,0.0000,0,0,0,22802,0
1219,3.1241,10.4938,0.0022,0.0000,0,0,0.0000,0,0.0000,0,0,0,21407,0
1220,5.9434,5.7448,0.0025,0.0000,0,0,0.0000,0,0.0000,0,0,0,13027,0
1221,3.3764,5.6655,0.0031,0.0000,0,0,0.0000,0,0.0000,0,0,0,11737,0
1222,3.2815,10.6498,0.0022,0.0000,0,0,0.0000,0,0.0000,0,0,0,12722,0
1223,3.1241,10.6502,0.0028,0.0000,0,0,0.0000,0,0.0000,0,0,0,16214,0
1224,5.9434,5.6711,0.0018,0.0000,0,0,0.0000,0,0.0000,0,0,0,7002,0
1225,3.3764,5.6294,0.0011,0.0000,0,0,0.0000,0,0.0000,0,0,0,5132,0
1226,3.2815,10.3905,0.0019,0.0000,0,0,0.0000,0,0.0000,0,0,0,7491,0
1227,3.1241,10.4828,0.0010,0.0000,0,0,0.0000,0,0.0000,0,0,0,4790,0
1228,5.9434,5.6654,0.0010,0.0000,0,0,0.0000,0,0.0000,0,0,0,3933,0
1229,3.3764,5.6417,0.0011,0.0000,0,0,0.0000,0,0.0000,0,0,0,3799,0
1230,3.2815,10.3815,0.0010,0.0000,0,0,0.0000,0,0.0000,0,0,0,4399,0
1231,3.1241,10.3962,0.0009,0.0000,0,0,0.0000,0,0.0000,0,0,0,3276,0
1232,5.9434,5.6530,0.0013,0.0000,0,0,0.0000,0,0.0000,0,0,0,3260,0
1233,3.3764,5.6279,0.0011,0.0000,0,0,0.0000,0,0.0000,0,0,0,2850,0
1234,3.2815,10.4388,0.0012,0.0000,0,0,0.0000,0,0.0000,0,0,0,3280,0
1235,3.1241,10.4450,0.0010,0.0000,0,0,0.0000,0,0.0000,0,0,0,2761,0
1236,5.9434,5.7922,0.0012,0.0000,0,0,0.0000,0,0.0000,0,0,0,3090,0
1237,3.3764,5.7074,0.0010,0.0000,0,0,0.0000,0,0.0000,0,0,0,2691,0
1238,3.2815,10.5570,0.0011,0.0000,0,0,0.0000,0,0.0000,0,0,0,3020,0
1239,3.1241,10.5340,0.0016,0.0000,0,0,0.0000,0,0.0000,0,0,0,2648,0
1240,5.9434,5.7269,0.0010,0.0000,0,0,0.0000,0,0.0000,0,0,0,2664,0
1241,3.3764,5.6772,0.0010,0.0000,0,0,0.0000,0,0.0000,0,0,0,2213,0
1242,3.2815,10.5522,0.0016,0.0000,0,0,0.0000,0,0.0000,0,0,0,1084,0
1243,3.1241,10.5285,0.0014,0.0000,0,0,0.0000,0,0.0000,0,0,0,2638,0
1244,5.9434,5.7811,0.0012,0.0000,0,0,0.0000,0,0.0000,0,0,0,1673,0
1245,3.3764,5.6875,0.0011,0.0000,0,0,0.0000,0,0.0000,0,0,0,1302,0
1246,3.2815,10.5027,0.0013,0.0000,0,0,0.0000,0,0.0000,0,0,0,959,0
1247,3.1241,10.4729,0.0014,0.0000,0,0,0.0000,0,0.0000,0,0,0,2173,0
1248,5.9434,5.7466,0.0029,0.0000,0,0,0.0000,0,0.0000,0,0,0,1538,0
1249,3.3764,5.6738,0.0014,0.0000,0,0,0.0000,0,0.0000,0,0,0,1107,0
1250,3.2815,10.5368,0.0018,0.0000,0,0,0.0000,0,0.0000,0,0,0,819,0
1251,3.1241,10.4620,0.0010,0.0000,0,0,0.0000,0,0.0000,0,0,0,1668,0
1252,5.9434,5.9593,0.0021,0.0000,0,0,0.0000,0,0.0000,0,0,0,1248,0
1253,3.3764,5.7007,0.0013,0.0000,0,0,0.0000,0,0.0000,0,0,0,944,0
1254,3.2815,10.7751,0.0013,0.0000,0,0,0.0000,0,0.0000,0,0,0,945,0
1255,3.1241,10.7270,0.0020,0.0000,0,0,0.0000,0,0.0000,0,0,0,743,0
1256,5.9434,5.9897,0.0014,0.0000,0,0,0.0000,0,0.0000,0,0,0,1198,0
1257,3.3764,5.7822,0.0020,0.0000,0,0,0.0000,0,0.0000,0,0,0,836,0
1258,3.2815,10.6513,0.0014,0.0000,0,0,0.0000,0,0.0000,0,0,0,1250,0
1259,3.1241,10.5455,0.0026,0.0000,0,0,0.0000,0,0.0000,0,0,0,717,0
1260,5.9434,5.8801,0.0020,0.0000,0,0,0.0000,0,0.0000,0,0,0,1168,0
1261,3.3764,5.7198,0.0014,0.0000,0,0,0.0000,0,0.0000,0,0,0,792,0
1262,3.2815,10.5869,0.0015,0.0000,0,0,0.0000,0,0.0000,0,0,0,1108,0
1263,3.1241,10.5353,0.0014,0.0000,0,0,0.0000,0,0.0000,0,0,0,792,0
1264,5.9434,5.8851,0.0017,0.0000,0,0,0.0000,0,0.0000,0,0,0,1037,0
1265,3.3764,5.7175,0.0015,0.0000,0,0,0.0000,0,0.0000,0,0,0,722,0
1266,3.2815,10.5758,0.0021,0.0000,0,0,0.0000,0,0.0000,0,0,0,1361,0
1267,3.1241,10.5074,0.0014,0.0000,0,0,0.0000,0,0.0000,0,0,0,925,0
1268,5.9434,5.9647,0.0028,0.0000,0,0,0.0000,0,0.0000,0,0,0,987,0
1269,3.3764,5.8385,0.0016,0.0000,0,0,0.0000,0,0.0000,0,0,0,676,0
1270,3.2815,10.5529,0.0018,0.0000,0,0,0.0000,0,0.0000,0,0,0,1198,0
1271,3.1241,10.4927,0.0018,0.0000,0,0,0.0000,0,0.0000,0,0,0,1094,0
1272,5.9434,6.1052,0.0109,0.0000,0,0,0.0000,0,0.0000,0,0,0,879,0
1273,3.3764,6.2585,0.0019,0.0000,0,0,0.0000,0,0.0000,0,0,0,648,0
1274,3.2815,10.1911,0.0094,0.0000,0,0,0.0000,0,0.0000,0,0,0,1117,0
1275,3.1241,10.2396,0.0030,0.0000,0,0,0.0000,0,0.0000,0,0,0,1077,0
1276,5.9434,6.4684,0.0068,0.0000,0,0,0.0000,0,0.0000,0,0,0,746,0
1277,3.3764,5.9663,0.0026,0.0000,0,0,0.0000,0,0.0000,0,0,0,643,0
1278,3.2815,10.4096,0.0036,0.0000,0,0,0.0000,0,0.0000,0,0,0,1064,0
1279,3.1241,10.9403,0.0051,0.0000,0,0,0.0000,0,0.0000,0,0,0,1295,0
1280,5.9434,8.3274,0.0099,0.0000,0,0,0.0000,0,0.0000,0,0,0,687,0
1281,3.3764,6.0732,0.0098,0.0000,0,0,0.0000,0,0.0000,0,0,0,622,0
1282,3.2815,11.0255,0.0090,0.0000,0,0,0.0000,0,0.0000,0,0,0,1368,0
1283,3.1241,10.7463,0.0090,0.0000,0,0,0.0000,0,0.0000,0,0,0,709,0
1284,5.9434,7.0249,0.0057,0.0000,0,0,0.0000,0,0.0000,0,0,0,716,0
1285,3.3764,6.2037,0.0024,0.0000,0,0,0.0000,0,0.0000,0,0,0,620,0
1286,3.2815,10.4243,0.0071,0.0000,0,0,0.0000,0,0.0000,0,0,0,710,0
1287,3.1241,10.0364,0.0025,0.0000,0,0,0.0000,0,0.0000,0,0,0,715,0
1288,5.9434,6.5026,0.0055,0.0000,0,0,0.0000,0,0.0000,0,0,0,717,0
1289,3.3764,5.9720,0.0019,0.0000,0,0,0.0000,0,0.0000,0,0,0,613,0
1290,3.2815,10.2335,0.0101,0.0000,0,0,0.0000,0,0.0000,0,0,0,696,0
1291,3.1241,10.0858,0.0015,0.0000,0,0,0.0000,0,0.0000,0,0,0,724,0
1292,5.9434,6.4787,0.0082,0.0000,0,0,0.0000,0,0.0000,0,0,0,685,0
1293,3.3764,5.9886,0.0025,0.0000,0,0,0.0000,0,0.0000,0,0,0,617,0
1294,3.2815,10.7218,0.0108,0.0000,0,0,0.0000,0,0.0000,0,0,0,755,0
1295,3.1241,10.6729,0.0034,0.0000,0,0,0.0000,0,0.0000,0,0,0,779,0
1296,5.9434,6.4873,0.0082,0.0000,0,0,0.0000,0,0.0000,0,0,0,664,0
1297,3.3764,5.9381,0.0019,0.0000,0,0,0.0000,0,0.0000,0,0,0,622,0
1298,3.2815,10.0720,0.0033,0.0000,0,0,0.0000,0,0.0000,0,0,0,785,0
1299,3.1241,10.0102,0.0039,0.0000,0,0,0.0000,0,0.0000,0,0,0,906,0
1300,5.9434,6.4631,0.0046,0.0000,0,0,0.0000,0,0.0000,0,0,0,636,0
1301,3.3764,5.9120,0.0015,0.0000,0,0,0.0000,0,0.0000,0,0,0,626,0
1302,3.2815,10.3791,0.0081,0.0000,0,0,0.0000,0,0.0000,0,0,0,868,0
1303,3.1241,10.1810,0.0022,0.0000,0,0,0.0000,0,0.0000,0,0,0,830,0
1304,5.9434,6.3390,0.0053,0.0000,0,0,0.0000,0,0.0000,0,0,0,635,0
1305,3.3764,5.8908,0.0020,0.0000,0,0,0.0000,0,0.0000,0,0,0,608,0
1306,3.2815,10.6241,0.0075,0.0000,0,0,0.0000,0,0.0000,0,0,0,801,0
1307,3.1241,10.4502,0.0037,0.0000,0,0,0.0000,0,0.0000,0,0,0,966,0
1308,5.9434,6.5168,0.0035,0.0000,0,0,0.0000,0,0.0000,0,0,0,650,0
1309,3.3764,5.9776,0.0016,0.0000,0,0,0.0000,0,0.0000,0,0,0,606,0
1310,3.2815,11.4164,0.0087,0.0000,0,0,0.0000,0,0.0000,0,0,0,1017,0
1311,3.1241,11.4100,0.0025,0.0000,0,0,0.0000,0,0.0000,0,0,0,705,0
1312,5.9434,6.6875,0.0088,0.0000,0,0,0.0000,0,0.0000,0,0,0,646,0
1313,3.3764,5.9308,0.0021,0.0000,0,0,0.0000,0,0.0000,0,0,0,607,0
1314,3.2815,9.9062,0.0027,0.0000,0,0,0.0000,0,0.0000,0,0,0,933,0
1315,3.1241,10.0650,0.0019,0.0000,0,0,0.0000,0,0.0000,0,0,0,703,0
1316,5.9434,6.6408,0.0101,0.0000,0,0,0.0000,0,0.0000,0,0,0,651,0
1317,3.3764,5.9250,0.0013,0.0000,0,0,0.0000,0,0.0000,0,0,0,609,0
1318,3.2815,10.2428,0.0043,0.0000,0,0,0.0000,0,0.0000,0,0,0,926,0
1319,3.1241,10.1038,0.0024,0.0000,0,0,0.0000,0,0.0000,0,0,0,728,0
1320,5.9434,6.5786,0.0135,0.0000,0,0,0.0000,0,0.0000,0,0,0,638,0
1321,3.3764,6.0165,0.0023,0.0000,0,0,0.0000,0,0.0000,0,0,0,601,0
1322,3.2815,10.9981,0.0089,0.0000,0,0,0.0000,0,0.0000,0,0,0,856,0
1323,3.1241,10.6583,0.0090,0.0000,0,0,0.0000,0,0.0000,0,0,0,752,0
1324,5.9434,6.6585,0.0085,0.0000,0,0,0.0000,0,0.0000,0,0,0,623,0
1325,3.3764,6.2288,0.0018,0.0000,0,0,0.0000,0,0.0000,0,0,0,601,0
1326,3.2815,8.3630,0.0022,0.0000,0,0,0.0000,0,0.0000,0,0,0,1082,0
1327,3.1241,7.2732,0.0020,0.0000,0,0,0.0000,0,0.0000,0,0,0,805,0
1328,5.9434,6.0430,0.0335,0.0000,0,0,0.0000,0,0.0000,0,0,0,626,0
1329,3.3764,5.7575,0.0016,0.0000,0,0,0.0000,0,0.0000,0,0,0,601,0
1330,3.2815,10.6076,0.0050,0.0000,0,0,0.0000,0,0.0000,0,0,0,712,0
1331,3.1241,10.3877,0.0050,0.0000,0,0,0.0000,0,0.0000,0,0,0,775,0
1332,5.9434,6.1997,0.0027,0.0000,0,0,0.0000,0,0.0000,0,0,0,622,0
1333,3.3764,5.8492,0.0017,0.0000,0,0,0.0000,0,0.0000,0,0,0,601,0
1334,3.2815,10.7920,0.0018,0.0000,0,0,0.0000,0,0.0000,0,0,0,709,0
1335,3.1241,10.7049,0.0018,0.0000,0,0,0.0000,0,0.0000,0,0,0,911,0
1336,5.9434,6.0802,0.0026,0.0000,0,0,0.0000,0,0.0000,0,0,0,611,0
1337,3.3764,5.8057,0.0015,0.0000,0,0,0.0000,0,0.0000,0,0,0,601,0
1338,3.2815,10.6927,0.0021,0.0000,0,0,0.0000,0,0.0000,0,0,0,723,0
1339,3.1241,10.6017,0.0010,0.0000,0,0,0.0000,0,0.0000,0,0,0,698,0
1340,5.9434,5.9666,0.0014,0.0000,0,0,0.0000,0,0.0000,0,0,0,618,0
1341,3.3764,5.7404,0.0012,0.0000,0,0,0.0000,0,0.0000,0,0,0,601,0
1342,3.2815,10.5605,0.0010,0.0000,0,0,0.0000,0,0.0000,0,0,0,744,0
1343,3.1241,10.4980,0.0017,0.0000,0,0,0.0000,0,0.0000,0,0,0,696,0
1344,5.9434,6.0315,0.0018,0.0000,0,0,0.0000,0,0.0000,0,0,0,605,0
1345,3.3764,5.7687,0.0015,0.0000,0,0,0.0000,0,0.0000,0,0,0,601,0
1346,3.2815,10.6125,0.0028,0.0000,0,0,0.0000,0,0.0000,0,0,0,786,0
1347,3.1241,10.5024,0.0019,0.0000,0,0,0.0000,0,0.0000,0,0,0,704,0
1348,5.9434,6.5473,0.0083,0.0000,0,0,0.0000,0,0.0000,0,0,0,606,0
1349,3.3764,6.1720,0.0083,0.0000,0,0,0.0000,0,0.0000,0,0,0,601,0
1350,3.2815,11.1408,0.0088,0.0000,0,0,0.0000,0,0.0000,0,0,0,780,0
1351,3.1241,11.0585,0.0018,0.0000,0,0,0.0000,0,0.0000,0,0,0,741,0
1352,5.9434,6.9955,0.0190,0.0000,0,0,0.0000,0,0.0000,0,0,0,605,0
1353,3.3764,5.9800,0.0014,0.0000,0,0,0.0000,0,0.0000,0,0,0,601,0
1354,3.2815,10.1430,0.0059,0.0000,0,0,0.0000,0,0.0000,0,0,0,808,0
1355,3.1241,10.1564,0.0026,0.0000,0,0,0.0000,0,0.0000,0,0,0,758,0
1356,5.9434,7.4560,0.0107,0.0000,0,0,0.0000,0,0.0000,0,0,0,606,0
1357,3.3764,7.1230,0.0024,0.0000,0,0,0.0000,0,0.0000,0,0,0,601,0
1358,3.2815,10.2538,0.0020,0.0000,0,0,0.0000,0,0.0000,0,0,0,795,0
1359,3.1241,10.1502,0.0018,0.0000,0,0,0.0000,0,0.0000,0,0,0,738,0
1360,5.9434,6.8437,0.0077,0.0000,0,0,0.0000,0,0.0000,0,0,0,601,0
1361,3.3764,5.9160,0.0014,0.0000,0,0,0.0000,0,0.0000,0,0,0,601,0
1362,3.2815,10.0185,0.0035,0.0000,0,0,0.0000,0,0.0000,0,0,0,771,0
1363,3.1241,9.9973,0.0039,0.0000,0,0,0.0000,0,0.0000,0,0,0,836,0
1364,5.9434,6.7865,0.0080,0.0000,0,0,0.0000,0,0.0000,0,0,0,601,0
1365,3.3764,6.0225,0.0013,0.0000,0,0,0.0000,0,0.0000,0,0,0,601,0
1366,3.2815,14.1267,0.0025,0.0000,0,0,0.0000,0,0.0000,0,0,0,779,0
1367,3.1241,13.7141,0.0026,0.0000,0,0,0.0000,0,0.0000,0,0,0,698,0
1368,5.9434,6.2055,0.0027,0.0000,0,0,0.0000,0,0.0000,0,0,0,601,0
1369,3.3764,5.8759,0.0013,0.0000,0,0,0.0000,0,0.0000,0,0,0,601,0
1370,3.2815,10.6411,0.0317,0.0000,0,0,0.0000,0,0.0000,0,0,0,967,0
1371,3.1241,10.5652,0.0012,0.0000,0,0,0.0000,0,0.0000,0,0,0,696,0
1372,5.9434,6.3557,0.0046,0.0000,0,0,0.0000,0,0.0000,0,0,0,601,0
1373,3.3764,5.9380,0.0018,0.0000,0,0,0.0000,0,0.0000,0,0,0,601,0
1374,3.2815,10.6294,0.0055,0.0000,0,0,0.0000,0,0.0000,0,0,0,710,0
1375,3.1241,10.4096,0.0018,0.0000,0,0,0.0000,0,0.0000,0,0,0,700,0
1376,5.9434,6.4048,0.0063,0.0000,0,0,0.0000,0,0.0000,0,0,0,601,0
1377,3.3764,5.9802,0.0045,0.0000,0,0,0.0000,0,0.0000,0,0,0,601,0
1378,3.2815,10.8946,0.0048,0.0000,0,0,0.0000,0,0.0000,0,0,0,703,0
1379,3.1241,10.7986,0.0010,0.0000,0,0,0.0000,0,0.0000,0,0,0,721,0
1380,5.9434,6.4326,0.0043,0.0000,0,0,0.0000,0,0.0000,0,0,0,601,0
1381,3.3764,5.9459,0.0043,0.0000,0,0,0.0000,0,0.0000,0,0,0,601,0
1382,3.2815,10.8283,0.0046,0.0000,0,0,0.0000,0,0.0000,0,0,0,708,0
1383,3.1241,10.7329,0.0013,0.0000,0,0,0.0000,0,0.0000,0,0,0,783,0
1384,5.9434,6.2618,0.0045,0.0000,0,0,0.0000,0,0.0000,0,0,0,601,0
1385,3.3764,5.8676,0.0018,0.0000,0,0,0.0000,0,0.0000,0,0,0,601,0
1386,3.2815,10.6643,0.0030,0.0000,0,0,0.0000,0,0.0000,0,0,0,751,0
1387,3.1241,10.5664,0.0024,0.0000,0,0,0.0000,0,0.0000,0,0,0,755,0
1388,5.9434,6.3902,0.0052,0.0000,0,0,0.0000,0,0.0000,0,0,0,601,0
1389,3.3764,5.9146,0.0050,0.0000,0,0,0.0000,0,0.0000,0,0,0,601,0
1390,3.2815,10.6852,0.0022,0.0000,0,0,0.0000,0,0.0000,0,0,0,762,0
1391,3.1241,10.5467,0.0008,0.0000,0,0,0.0000,0,0.0000,0,0,0,801,0
1392,5.9434,6.2025,0.0036,0.0000,0,0,0.0000,0,0.0000,0,0,0,601,0
1393,3.3764,5.8351,0.0013,0.0000,0,0,0.0000,0,0.0000,0,0,0,601,0
1394,3.2815,11.0141,0.0072,0.0000,0,0,0.0000,0,0.0000,0,0,0,747,0
1395,3.1241,10.9106,0.0072,0.0000,0,0,0.0000,0,0.0000,0,0,0,696,0
1396,5.9434,5.8681,0.0041,0.0000,0,0,0.0000,0,0.0000,0,0,0,601,0
1397,3.3764,5.6212,0.0013,0.0000,0,0,0.0000,0,0.0000,0,0,0,601,0
1398,3.2815,10.4612,0.0011,0.0000,0,0,0.0000,0,0.0000,0,0,0,830,0
1399,3.1241,10.4801,0.0008,0.0000,0,0,0.0000,0,0.0000,0,0,0,701,0
1400,5.9434,5.7052,0.0016,0.0000,0,0,0.0000,0,0.0000,0,0,0,601,0
1401,3.3764,5.6394,0.0006,0.0000,0,0,0.0000,0,0.0000,0,0,0,601,0
1402,3.2815,10.3852,0.0007,0.0000,0,0,0.0000,0,0.0000,0,0,0,769,0
1403,3.1241,10.4832,0.0006,0.0000,0,0,0.0000,0,0.0000,0,0,0,696,0
1404,5.9434,5.8751,0.0029,0.0000,0,0,0.0000,0,0.0000,0,0,0,601,0
1405,3.3764,5.7170,0.0011,0.0000,0,0,0.0000,0,0.0000,0,0,0,601,0
1406,3.2815,10.5086,0.0005,0.0000,0,0,0.0000,0,0.0000,0,0,0,728,0
1407,3.1241,10.5235,0.0005,0.0000,0,0,0.0000,0,0.0000,0,0,0,717,0
1408,5.9434,5.9585,0.0085,0.0000,0,0,0.0000,0,0.0000,0,0,0,601,0
1409,3.3764,5.7320,0.0085,0.0000,0,0,0.0000,0,0.0000,0,0,0,601,0
1410,3.2815,10.8495,0.0045,0.0000,0,0,0.0000,0,0.0000,0,0,0,726,0
1411,3.1241,10.8547,0.0023,0.0000,0,0,0.0000,0,0.0000,0,0,0,731,0
1412,5.9434,6.6337,0.0099,0.0000,0,0,0.0000,0,0.0000,0,0,0,601,0
1413,3.3764,5.9627,0.0013,0.0000,0,0,0.0000,0,0.0000,0,0,0,601,0
1414,3.2815,10.0853,0.0052,0.0000,0,0,0.0000,0,0.0000,0,0,0,833,0
1415,3.1241,9.9270,0.0020,0.0000,0,0,0.0000,0,0.0000,0,0,0,722,0
1416,5.9434,6.9440,0.0015,0.0000,0,0,0.0000,0,0.0000,0,0,0,601,0
1417,3.3764,5.8872,0.0009,0.0000,0,0,0.0000,0,0.0000,0,0,0,601,0
1418,3.2815,9.5353,0.0027,0.0000,0,0,0.0000,0,0.0000,0,0,0,696,0
1419,3.1241,8.8685,0.0008,0.0000,0,0,0.0000,0,0.0000,0,0,0,758,0
1420,5.9434,6.1077,0.0047,0.0000,0,0,0.0000,0,0.0000,0,0,0,601,0
1421,3.3764,5.6611,0.0047,0.0000,0,0,0.0000,0,0.0000,0,0,0,601,0
1422,3.2815,10.5028,0.0017,0.0000,0,0,0.0000,0,0.0000,0,0,0,696,0
1423,3.1241,10.4842,0.0006,0.0000,0,0,0.0000,0,0.0000,0,0,0,696,0
1424,5.9434,5.7887,0.0011,0.0000,0,0,0.0000,0,0.0000,0,0,0,601,0
1425,3.3764,5.5942,0.0010,0.0000,0,0,0.0000,0,0.0000,0,0,0,601,0
1426,3.2815,10.4302,0.0011,0.0000,0,0,0.0000,0,0.0000,0,0,0,696,0
1427,3.1241,10.4396,0.0005,0.0000,0,0,0.0000,0,0.0000,0,0,0,705,0
1428,5.9434,6.4603,0.0072,0.0000,0,0,0.0000,0,0.0000,0,0,0,601,0
1429,3.3764,5.7765,0.0018,0.0000,0,0,0.0000,0,0.0000,0,0,0,601,0
1430,3.2815,10.3707,0.0046,0.0000,0,0,0.0000,0,0.0000,0,0,0,696,0
1431,3.1241,10.4090,0.0029,0.0000,0,0,0.0000,0,0.0000,0,0,0,707,0
1432,5.9434,6.3933,0.0074,0.0000,0,0,0.0000,0,0.0000,0,0,0,601,0
1433,3.3764,5.8521,0.0016,0.0000,0,0,0.0000,0,0.0000,0,0,0,601,0
1434,3.2815,10.0753,0.0025,0.0000,0,0,0.0000,0,0.0000,0,0,0,701,0
1435,3.1241,10.0383,0.0019,0.0000,0,0,0.0000,0,0.0000,0,0,0,707,0
1436,5.9434,6.6440,0.0077,0.0000,0,0,0.0000,0,0.0000,0,0,0,601,0
1437,3.3764,6.2804,0.0025,0.0000,0,0,0.0000,0,0.0000,0,0,0,601,0
1438,3.2815,11.0288,0.0049,0.0000,0,0,0.0000,0,0.0000,0,0,0,703,0
1439,3.1241,10.6140,0.0014,0.0000,0,0,0.0000,0,0.0000,0,0,0,736,0
1440,5.9434,5.7346,0.0050,0.0000,0,0,0.0000,0,0.0000,0,0,0,601,0
1441,3.3764,5.5268,0.0010,0.0000,0,0,0.0000,0,0.0000,0,0,0,601,0
1442,3.2815,10.2379,0.0026,0.0000,0,0,0.0000,0,0.0000,0,0,0,716,0
1443,3.1241,10.2202,0.0005,0.0000,0,0,0.0000,0,0.0000,0,0,0,719,0
1444,5.9434,5.7362,0.0017,0.0000,0,0,0.0000,0,0.0000,0,0,0,601,0
1445,3.3764,5.5844,0.0005,0.0000,0,0,0.0000,0,0.0000,0,0,0,601,0
1446,3.2815,10.4681,0.0014,0.0000,0,0,0.0000,0,0.0000,0,0,0,714,0
1447,3.1241,10.4466,0.0010,0.0000,0,0,0.0000,0,0.0000,0,0,0,775,0
1448,5.9434,5.8511,0.0031,0.0000,0,0,0.0000,0,0.0000,0,0,0,601,0
1449,3.3764,5.5767,0.0009,0.0000,0,0,0.0000,0,0.0000,0,0,0,601,0
1450,3.2815,10.3692,0.0010,0.0000,0,0,0.0000,0,0.0000,0,0,0,717,0
1451,3.1241,10.3588,0.0005,0.0000,0,0,0.0000,0,0.0000,0,0,0,701,0
1452,5.9434,5.9471,0.0026,0.0000,0,0,0.0000,0,0.0000,0,0,0,601,0
1453,3.3764,5.7467,0.0008,0.0000,0,0,0.0000,0,0.0000,0,0,0,601,0
1454,3.2815,10.6137,0.0008,0.0000,0,0,0.0000,0,0.0000,0,0,0,711,0
1455,3.1241,10.6602,0.0007,0.0000,0,0,0.0000,0,0.0000,0,0,0,701,0
1456,5.9434,5.8035,0.0028,0.0000,0,0,0.0000,0,0.0000,0,0,0,601,0
1457,3.3764,5.5929,0.0010,0.0000,0,0,0.0000,0,0.0000,0,0,0,601,0
1458,3.2815,10.3594,0.0008,0.0000,0,0,0.0000,0,0.0000,0,0,0,763,0
1459,3.1241,10.3864,0.0005,0.0000,0,0,0.0000,0,0.0000,0,0,0,701,0
1460,5.9434,5.7630,0.0026,0.0000,0,0,0.0000,0,0.0000,0,0,0,601,0
1461,3.3764,5.5831,0.0006,0.0000,0,0,0.0000,0,0.0000,0,0,0,601,0
1462,3.2815,10.4627,0.0011,0.0000,0,0,0.0000,0,0.0000,0,0,0,696,0
1463,3.1241,10.4459,0.0006,0.0000,0,0,0.0000,0,0.0000,0,0,0,715,0
1464,5.9434,5.8267,0.0024,0.0000,0,0,0.0000,0,0.0000,0,0,0,601,0
1465,3.3764,5.6396,0.0006,0.0000,0,0,0.0000,0,0.0000,0,0,0,601,0
1466,3.2815,10.5228,0.0007,0.0000,0,0,0.0000,0,0.0000,0,0,0,696,0
1467,3.1241,10.5330,0.0009,0.0000,0,0,0.0000,0,0.0000,0,0,0,726,0
1468,5.9434,5.6611,0.0013,0.0000,0,0,0.0000,0,0.0000,0,0,0,601,0
1469,3.3764,5.5480,0.0009,0.0000,0,0,0.0000,0,0.0000,0,0,0,601,0
1470,3.2815,10.4762,0.0021,0.0000,0,0,0.0000,0,0.0000,0,0,0,696,0
1471,3.1241,10.4672,0.0005,0.0000,0,0,0.0000,0,0.0000,0,0,0,714,0
1472,5.9434,5.8311,0.0039,0.0000,0,0,0.0000,0,0.0000,0,0,0,601,0
1473,3.3764,5.5648,0.0011,0.0000,0,0,0.0000,0,0.0000,0,0,0,601,0
1474,3.2815,10.4226,0.0012,0.0000,0,0,0.0000,0,0.0000,0,0,0,696,0
1475,3.1241,10.3912,0.0006,0.0000,0,0,0.0000,0,0.0000,0,0,0,789,0
1476,5.9434,5.8550,0.0020,0.0000,0,0,0.0000,0,0.0000,0,0,0,601,0
1477,3.3764,5.6385,0.0005,0.0000,0,0,0.0000,0,0.0000,0,0,0,601,0
1478,3.2815,10.5338,0.0007,0.0000,0,0,0.0000,0,0.0000,0,0,0,717,0
1479,3.1241,10.5363,0.0007,0.0000,0,0,0.0000,0,0.0000,0,0,0,703,0
1480,5.9434,5.8713,0.0036,0.0000,0,0,0.0000,0,0.0000,0,0,0,601,0
1481,3.3764,5.6070,0.0024,0.0000,0,0,0.0000,0,0.0000,0,0,0,601,0
1482,3.2815,10.4947,0.0023,0.0000,0,0,0.0000,0,0.0000,0,0,0,716,0
1483,3.1241,10.4367,0.0011,0.0000,0,0,0.0000,0,0.0000,0,0,0,705,0
1484,5.9434,5.9721,0.0028,0.0000,0,0,0.0000,0,0.0000,0,0,0,601,0
1485,3.3764,5.6104,0.0013,0.0000,0,0,0.0000,0,0.0000,0,0,0,601,0
1486,3.2815,10.4999,0.0032,0.0000,0,0,0.0000,0,0.0000,0,0,0,745,0
1487,3.1241,10.3574,0.0032,0.0000,0,0,0.0000,0,0.0000,0,0,0,700,0
1488,5.9434,5.8639,0.0026,0.0000,0,0,0.0000,0,0.0000,0,0,0,601,0
1489,3.3764,5.5680,0.0010,0.0000,0,0,0.0000,0,0.0000,0,0,0,601,0
1490,3.2815,10.5611,0.0023,0.0000,0,0,0.0000,0,0.0000,0,0,0,737,0
1491,3.1241,10.5292,0.0010,0.0000,0,0,0.0000,0,0.0000,0,0,0,706,0
1492,5.9434,5.8645,0.0025,0.0000,0,0,0.0000,0,0.0000,0,0,0,601,0
1493,3.3764,5.6308,0.0008,0.0000,0,0,0.0000,0,0.0000,0,0,0,601,0
1494,3.2815,10.2803,0.0011,0.0000,0,0,0.0000,0,0.0000,0,0,0,718,0
1495,3.1241,10.3048,0.0008,0.0000,0,0,0.0000,0,0.0000,0,0,0,723,0
1496,5.9434,6.0312,0.0018,0.0000,0,0,0.0000,0,0.0000,0,0,0,601,0
1497,3.3764,5.7158,0.0039,0.0000,0,0,0.0000,0,0.0000,0,0,0,601,0
1498,3.2815,10.5283,0.0008,0.0000,0,0,0.0000,0,0.0000,0,0,0,719,0
1499,3.1241,10.5100,0.0008,0.0000,0,0,0.0000,0,0.0000,0,0,0,714,0
1500,5.9434,5.8982,0.0013,0.0000,0,0,0.0000,0,0.0000,0,0,0,601,0
1501,3.3764,5.6719,0.0008,0.0000,0,0,0.0000,0,0.0000,0,0,0,601,0
1502,3.2815,10.4011,0.0008,0.0000,0,0,0.0000,0,0.0000,0,0,0,747,0
1503,3.1241,10.3472,0.0007,0.0000,0,0,0.0000,0,0.0000,0,0,0,769,0
1504,5.9434,5.6730,0.0041,0.0000,0,0,0.0000,0,0.0000,0,0,0,601,0
1505,3.3764,5.4747,0.0012,0.0000,0,0,0.0000,0,0.0000,0,0,0,601,0
1506,3.2815,10.3244,0.0015,0.0000,0,0,0.0000,0,0.0000,0,0,0,696,0
1507,3.1241,10.3383,0.0014,0.0000,0,0,0.0000,0,0.0000,0,0,0,704,0
1508,5.9434,5.8566,0.0030,0.0000,0,0,0.0000,0,0.0000,0,0,0,601,0
1509,3.3764,5.5990,0.0008,0.0000,0,0,0.0000,0,0.0000,0,0,0,601,0
1510,3.2815,10.3442,0.0020,0.0000,0,0,0.0000,0,0.0000,0,0,0,696,0
1511,3.1241,10.3695,0.0013,0.0000,0,0,0.0000,0,0.0000,0,0,0,707,0
1512,5.9434,6.0070,0.0020,0.0000,0,0,0.0000,0,0.0000,0,0,0,601,0
1513,3.3764,5.6211,0.0007,0.0000,0,0,0.0000,0,0.0000,0,0,0,601,0
1514,3.2815,10.4162,0.0008,0.0000,0,0,0.0000,0,0.0000,0,0,0,696,0
1515,3.1241,10.3712,0.0007,0.0000,0,0,0.0000,0,0.0000,0,0,0,714,0
1516,5.9434,5.7940,0.0014,0.0000,0,0,0.0000,0,0.0000,0,0,0,601,0
1517,3.3764,5.6365,0.0017,0.0000,0,0,0.0000,0,0.0000,0,0,0,601,0
1518,3.2815,10.3936,0.0008,0.0000,0,0,0.0000,0,0.0000,0,0,0,696,0
1519,3.1241,10.3522,0.0008,0.0000,0,0,0.0000,0,0.0000,0,0,0,709,0
1520,5.9434,5.9852,0.0013,0.0000,0,0,0.0000,0,0.0000,0,0,0,601,0
1521,3.3764,5.7605,0.0015,0.0000,0,0,0.0000,0,0.0000,0,0,0,601,0
1522,3.2815,10.6816,0.0016,0.0000,0,0,0.0000,0,0.0000,0,0,0,696,0
1523,3.1241,10.4633,0.0014,0.0000,0,0,0.0000,0,0.0000,0,0,0,732,0
1524,5.9434,5.8686,0.0020,0.0000,0,0,0.0000,0,0.0000,0,0,0,601,0
1525,3.3764,5.6570,0.0010,0.0000,0,0,0.0000,0,0.0000,0,0,0,601,0
1526,3.2815,10.3055,0.0015,0.0000,0,0,0.0000,0,0.0000,0,0,0,696,0
1527,3.1241,10.2545,0.0010,0.0000,0,0,0.0000,0,0.0000,0,0,0,719,0
1528,5.9434,6.1632,0.0061,0.0000,0,0,0.0000,0,0.0000,0,0,0,601,0
1529,3.3764,5.6854,0.0060,0.0000,0,0,0.0000,0,0.0000,0,0,0,601,0
1530,3.2815,10.6046,0.0026,0.0000,0,0,0.0000,0,0.0000,0,0,0,708,0
1531,3.1241,10.5657,0.0008,0.0000,0,0,0.0000,0,0.0000,0,0,0,751,0
1532,5.9434,6.1404,0.0026,0.0000,0,0,0.0000,0,0.0000,0,0,0,601,0
1533,3.3764,5.7705,0.0005,0.0000,0,0,0.0000,0,0.0000,0,0,0,601,0
1534,3.2815,10.5295,0.0013,0.0000,0,0,0.0000,0,0.0000,0,0,0,708,0
1535,3.1241,10.4591,0.0008,0.0000,0,0,0.0000,0,0.0000,0,0,0,696,0
1536,5.9434,5.9702,0.0028,0.0000,0,0,0.0000,0,0.0000,0,0,0,601,0
1537,3.3764,5.7356,0.0020,0.0000,0,0,0.0000,0,0.0000,0,0,0,601,0
1538,3.2815,10.6410,0.0067,0.0000,0,0,0.0000,0,0.0000,0,0,0,706,0
1539,3.1241,10.6165,0.0022,0.0000,0,0,0.0000,0,0.0000,0,0,0,701,0
1540,5.9434,6.8779,0.0106,0.0000,0,0,0.0000,0,0.0000,0,0,0,601,0
1541,3.3764,6.1087,0.0015,0.0000,0,0,0.0000,0,0.0000,0,0,0,601,0
1542,3.2815,10.8664,0.0041,0.0000,0,0,0.0000,0,0.0000,0,0,0,707,0
1543,3.1241,10.7848,0.0022,0.0000,0,0,0.0000,0,0.0000,0,0,0,703,0
1544,5.9434,8.6752,0.0088,0.0000,0,0,0.0000,0,0.0000,0,0,0,601,0
1545,3.3764,7.6913,0.0020,0.0000,0,0,0.0000,0,0.0000,0,0,0,601,0
1546,3.2815,10.2988,0.0026,0.0000,0,0,0.0000,0,0.0000,0,0,0,723,0
1547,3.1241,8.7687,0.0011,0.0000,0,0,0.0000,0,0.0000,0,0,0,707,0
1548,5.9434,6.1193,0.0049,0.0000,0,0,0.0000,0,0.0000,0,0,0,601,0
1549,3.3764,5.7676,0.0049,0.0000,0,0,0.0000,0,0.0000,0,0,0,601,0
1550,3.2815,10.6190,0.0021,0.0000,0,0,0.0000,0,0.0000,0,0,0,696,0
1551,3.1241,10.5394,0.0018,0.0000,0,0,0.0000,0,0.0000,0,0,0,708,0
1552,5.9434,5.9376,0.0040,0.0000,0,0,0.0000,0,0.0000,0,0,0,601,0
1553,3.3764,5.6756,0.0018,0.0000,0,0,0.0000,0,0.0000,0,0,0,601,0
1554,3.2815,10.5159,0.0032,0.0000,0,0,0.0000,0,0.0000,0,0,0,696,0
1555,3.1241,10.3425,0.0033,0.0000,0,0,0.0000,0,0.0000,0,0,0,712,0
1556,5.9434,6.3159,0.0045,0.0000,0,0,0.0000,0,0.0000,0,0,0,601,0
1557,3.3764,5.8920,0.0045,0.0000,0,0,0.0000,0,0.0000,0,0,0,601,0
1558,3.2815,10.9185,0.0022,0.0000,0,0,0.0000,0,0.0000,0,0,0,696,0
1559,3.1241,10.6666,0.0024,0.0000,0,0,0.0000,0,0.0000,0,0,0,754,0
1560,5.9434,6.0871,0.0015,0.0000,0,0,0.0000,0,0.0000,0,0,0,601,0
1561,3.3764,5.7128,0.0006,0.0000,0,0,0.0000,0,0.0000,0,0,0,601,0
1562,3.2815,10.5797,0.0020,0.0000,0,0,0.0000,0,0.0000,0,0,0,696,0
1563,3.1241,10.5284,0.0013,0.0000,0,0,0.0000,0,0.0000,0,0,0,696,0
1564,5.9434,6.7090,0.0065,0.0000,0,0,0.0000,0,0.0000,0,0,0,601,0
1565,3.3764,6.0207,0.0014,0.0000,0,0,0.0000,0,0.0000,0,0,0,601,0
1566,3.2815,10.2463,0.0023,0.0000,0,0,0.0000,0,0.0000,0,0,0,701,0
1567,3.1241,10.2954,0.0024,0.0000,0,0,0.0000,0,0.0000,0,0,0,706,0
1568,5.9434,12.9455,0.0020,0.0000,0,0,0.0000,0,0.0000,0,0,0,601,0
1569,3.3764,6.8537,0.0011,0.0000,0,0,0.0000,0,0.0000,0,0,0,601,0
1570,3.2815,5.8647,0.0043,0.0000,0,0,0.0000,0,0.0000,0,0,0,696,0
1571,3.1241,5.6200,0.0042,0.0000,0,0,0.0000,0,0.0000,0,0,0,700,0
1572,5.9434,6.0553,0.0040,0.0000,0,0,0.0000,0,0.0000,0,0,0,601,0
1573,3.3764,5.7175,0.0009,0.0000,0,0,0.0000,0,0.0000,0,0,0,601,0
1574,3.2815,10.2158,0.0014,0.0000,0,0,0.0000,0,0.0000,0,0,0,707,0
1575,3.1241,10.2475,0.0006,0.0000,0,0,0.0000,0,0.0000,0,0,0,704,0
1576,5.9434,5.9744,0.0024,0.0000,0,0,0.0000,0,0.0000,0,0,0,601,0
1577,3.3764,5.6364,0.0006,0.0000,0,0,0.0000,0,0.0000,0,0,0,601,0
1578,3.2815,10.5007,0.0009,0.0000,0,0,0.0000,0,0.0000,0,0,0,701,0
1579,3.1241,10.4655,0.0006,0.0000,0,0,0.0000,0,0.0000,0,0,0,715,0
1580,5.9434,5.8297,0.0054,0.0000,0,0,0.0000,0,0.0000,0,0,0,601,0
1581,3.3764,6.0176,0.0019,0.0000,0,0,0.0000,0,0.0000,0,0,0,601,0
1582,3.2815,12.3063,0.0045,0.0000,0,0,0.0000,0,0.0000,0,0,0,702,0
1583,3.1241,12.1497,0.0015,0.0000,0,0,0.0000,0,0.0000,0,0,0,700,0
1584,5.9434,5.7000,0.0039,0.0000,0,0,0.0000,0,0.0000,0,0,0,601,0
1585,3.3764,5.7499,0.0017,0.0000,0,0,0.0000,0,0.0000,0,0,0,601,0
1586,3.2815,10.1549,0.0046,0.0000,0,0,0.0000,0,0.0000,0,0,0,711,0
1587,3.1241,10.2018,0.0010,0.0000,0,0,0.0000,0,0.0000,0,0,0,764,0
1588,5.9434,5.9725,0.0028,0.0000,0,0,0.0000,0,0.0000,0,0,0,601,0
1589,3.3764,5.7802,0.0015,0.0000,0,0,0.0000,0,0.0000,0,0,0,601,0
1590,3.2815,10.1904,0.0008,0.0000,0,0,0.0000,0,0.0000,0,0,0,722,0
1591,3.1241,10.3302,0.0008,0.0000,0,0,0.0000,0,0.0000,0,0,0,696,0
1592,5.9434,6.3232,0.0066,0.0000,0,0,0.0000,0,0.0000,0,0,0,601,0
1593,3.3764,5.7203,0.0018,0.0000,0,0,0.0000,0,0.0000,0,0,0,601,0
1594,3.2815,10.4646,0.0055,0.0000,0,0,0.0000,0,0.0000,0,0,0,696,0
1595,3.1241,10.3078,0.0023,0.0000,0,0,0.0000,0,0.0000,0,0,0,696,0
1596,5.9434,6.0745,0.0015,0.0000,0,0,0.0000,0,0.0000,0,0,0,601,0
1597,3.3764,5.8410,0.0015,0.0000,0,0,0.0000,0,0.0000,0,0,0,601,0
1598,3.2815,9.5747,0.0018,0.0000,0,0,0.0000,0,0.0000,0,0,0,696,0
1599,3.1241,6.7761,0.0009,0.0000,0,0,0.0000,0,0.0000,0,0,0,696,0
1600,5.9434,6.4244,0.0119,0.0000,0,0,0.0000,0,0.0000,0,0,0,601,0
1601,3.3764,6.1970,0.0022,0.0000,0,0,0.0000,0,0.0000,0,0,0,601,0
1602,3.2815,10.6335,0.0080,0.0000,0,0,0.0000,0,0.0000,0,0,0,696,0
1603,3.1241,10.5243,0.0023,0.0000,0,0,0.0000,0,0.0000,0,0,0,700,0
1604,5.9434,6.3839,0.0067,0.0000,0,0,0.0000,0,0.0000,0,0,0,601,0
1605,3.3764,5.9869,0.0067,0.0000,0,0,0.0000,0,0.0000,0,0,0,601,0
1606,3.2815,10.8688,0.0060,0.0000,0,0,0.0000,0,0.0000,0,0,0,705,0
1607,3.1241,10.8615,0.0029,0.0000,0,0,0.0000,0,0.0000,0,0,0,702,0
1608,5.9434,6.8385,0.0112,0.0000,0,0,0.0000,0,0.0000,0,0,0,601,0
1609,3.3764,5.9615,0.0020,0.0000,0,0,0.0000,0,0.0000,0,0,0,601,0
1610,3.2815,9.9527,0.0023,0.0000,0,0,0.0000,0,0.0000,0,0,0,708,0
1611,3.1241,9.7394,0.0020,0.0000,0,0,0.0000,0,0.0000,0,0,0,706,0
1612,5.9434,6.7054,0.0068,0.0000,0,0,0.0000,0,0.0000,0,0,0,601,0
1613,3.3764,5.8583,0.0014,0.0000,0,0,0.0000,0,0.0000,0,0,0,601,0
1614,3.2815,10.5663,0.0059,0.0000,0,0,0.0000,0,0.0000,0,0,0,707,0
1615,3.1241,10.1795,0.0059,0.0000,0,0,0.0000,0,0.0000,0,0,0,721,0
1616,5.9434,6.4509,0.0081,0.0000,0,0,0.0000,0,0.0000,0,0,0,601,0
1617,3.3764,5.8992,0.0030,0.0000,0,0,0.0000,0,0.0000,0,0,0,601,0
1618,3.2815,10.8317,0.0126,0.0000,0,0,0.0000,0,0.0000,0,0,0,708,0
1619,3.1241,10.8095,0.0023,0.0000,0,0,0.0000,0,0.0000,0,0,0,696,0
1620,5.9434,6.9974,0.0121,0.0000,0,0,0.0000,0,0.0000,0,0,0,601,0
1621,3.3764,5.9826,0.0011,0.0000,0,0,0.0000,0,0.0000,0,0,0,601,0
1622,3.2815,9.8784,0.0046,0.0000,0,0,0.0000,0,0.0000,0,0,0,706,0
1623,3.1241,9.4877,0.0044,0.0000,0,0,0.0000,0,0.0000,0,0,0,696,0
1624,5.9434,6.1636,0.0045,0.0000,0,0,0.0000,0,0.0000,0,0,0,601,0
1625,3.3764,5.7576,0.0019,0.0000,0,0,0.0000,0,0.0000,0,0,0,601,0
1626,3.2815,10.5923,0.0030,0.0000,0,0,0.0000,0,0.0000,0,0,0,711,0
1627,3.1241,10.4131,0.0015,0.0000,0,0,0.0000,0,0.0000,0,0,0,696,0
1628,5.9434,6.1428,0.0030,0.0000,0,0,0.0000,0,0.0000,0,0,0,601,0
1629,3.3764,5.7506,0.0015,0.0000,0,0,0.0000,0,0.0000,0,0,0,601,0
1630,3.2815,10.7017,0.0014,0.0000,0,0,0.0000,0,0.0000,0,0,0,706,0
1631,3.1241,10.4483,0.0013,0.0000,0,0,0.0000,0,0.0000,0,0,0,702,0
1632,5.9434,6.4303,0.0020,0.0000,0,0,0.0000,0,0.0000,0,0,0,601,0
1633,3.3764,5.8303,0.0061,0.0000,0,0,0.0000,0,0.0000,0,0,0,601,0
1634,3.2815,11.0489,0.0020,0.0000,0,0,0.0000,0,0.0000,0,0,0,748,0
1635,3.1241,10.8595,0.0014,0.0000,0,0,0.0000,0,0.0000,0,0,0,702,0
1636,5.9434,6.1917,0.0073,0.0000,0,0,0.0000,0,0.0000,0,0,0,601,0
1637,3.3764,5.7816,0.0072,0.0000,0,0,0.0000,0,0.0000,0,0,0,601,0
1638,3.2815,10.7094,0.0021,0.0000,0,0,0.0000,0,0.0000,0,0,0,696,0
1639,3.1241,10.6595,0.0012,0.0000,0,0,0.0000,0,0.0000,0,0,0,702,0
1640,5.9434,5.8524,0.0013,0.0000,0,0,0.0000,0,0.0000,0,0,0,601,0
1641,3.3764,5.5860,0.0008,0.0000,0,0,0.0000,0,0.0000,0,0,0,601,0
1642,3.2815,10.2417,0.0009,0.0000,0,0,0.0000,0,0.0000,0,0,0,696,0
1643,3.1241,10.2760,0.0008,0.0000,0,0,0.0000,0,0.0000,0,0,0,742,0
1644,5.9434,6.3107,0.0065,0.0000,0,0,0.0000,0,0.0000,0,0,0,601,0
1645,3.3764,5.8924,0.0023,0.0000,0,0,0.0000,0,0.0000,0,0,0,601,0
1646,3.2815,10.0194,0.0055,0.0000,0,0,0.0000,0,0.0000,0,0,0,696,0
1647,3.1241,10.0564,0.0019,0.0000,0,0,0.0000,0,0.0000,0,0,0,696,0
1648,5.9434,6.3407,0.0073,0.0000,0,0,0.0000,0,0.0000,0,0,0,601,0
1649,3.3764,5.7853,0.0025,0.0000,0,0,0.0000,0,0.0000,0,0,0,601,0
1650,3.2815,10.5235,0.0031,0.0000,0,0,0.0000,0,0.0000,0,0,0,696,0
1651,3.1241,10.4307,0.0023,0.0000,0,0,0.0000,0,0.0000,0,0,0,696,0
1652,5.9434,6.1120,0.0022,0.0000,0,0,0.0000,0,0.0000,0,0,0,601,0
1653,3.3764,5.7462,0.0015,0.0000,0,0,0.0000,0,0.0000,0,0,0,601,0
1654,3.2815,10.0441,0.0035,0.0000,0,0,0.0000,0,0.0000,0,0,0,702,0
1655,3.1241,9.9190,0.0008,0.0000,0,0,0.0000,0,0.0000,0,0,0,696,0
1656,5.9434,5.9833,0.0027,0.0000,0,0,0.0000,0,0.0000,0,0,0,601,0
1657,3.3764,5.6160,0.0012,0.0000,0,0,0.0000,0,0.0000,0,0,0,601,0
1658,3.2815,10.7964,0.0056,0.0000,0,0,0.0000,0,0.0000,0,0,0,701,0
1659,3.1241,10.6557,0.0014,0.0000,0,0,0.0000,0,0.0000,0,0,0,696,0
1660,5.9434,6.3098,0.0030,0.0000,0,0,0.0000,0,0.0000,0,0,0,601,0
1661,3.3764,5.8542,0.0138,0.0000,0,0,0.0000,0,0.0000,0,0,0,601,0
1662,3.2815,10.6818,0.0013,0.0000,0,0,0.0000,0,0.0000,0,0,0,704,0
1663,3.1241,10.6030,0.0018,0.0000,0,0,0.0000,0,0.0000,0,0,0,701,0
1664,5.9434,6.1615,0.0031,0.0000,0,0,0.0000,0,0.0000,0,0,0,601,0
1665,3.3764,5.7588,0.0013,0.0000,0,0,0.0000,0,0.0000,0,0,0,601,0
1666,3.2815,10.5412,0.0009,0.0000,0,0,0.0000,0,0.0000,0,0,0,701,0
1667,3.1241,10.4957,0.0015,0.0000,0,0,0.0000,0,0.0000,0,0,0,700,0
1668,5.9434,6.6257,0.0085,0.0000,0,0,0.0000,0,0.0000,0,0,0,601,0
1669,3.3764,6.4362,0.0022,0.0000,0,0,0.0000,0,0.0000,0,0,0,601,0
1670,3.2815,10.9018,0.0098,0.0000,0,0,0.0000,0,0.0000,0,0,0,701,0
1671,3.1241,10.6990,0.0098,0.0000,0,0,0.0000,0,0.0000,0,0,0,720,0
1672,5.9434,6.6532,0.0067,0.0000,0,0,0.0000,0,0.0000,0,0,0,601,0
1673,3.3764,5.9063,0.0015,0.0000,0,0,0.0000,0,0.0000,0,0,0,601,0
1674,3.2815,10.1160,0.0065,0.0000,0,0,0.0000,0,0.0000,0,0,0,702,0
1675,3.1241,9.9139,0.0021,0.0000,0,0,0.0000,0,0.0000,0,0,0,696,0
1676,5.9434,6.7865,0.0038,0.0000,0,0,0.0000,0,0.0000,0,0,0,601,0
1677,3.3764,6.0382,0.0011,0.0000,0,0,0.0000,0,0.0000,0,0,0,601,0
1678,3.2815,7.9666,0.0013,0.0000,0,0,0.0000,0,0.0000,0,0,0,712,0
1679,3.1241,10.3599,0.0010,0.0000,0,0,0.0000,0,0.0000,0,0,0,696,0
1680,5.9434,5.9571,0.0019,0.0000,0,0,0.0000,0,0.0000,0,0,0,601,0
1681,3.3764,5.6615,0.0016,0.0000,0,0,0.0000,0,0.0000,0,0,0,601,0
1682,3.2815,10.6099,0.0014,0.0000,0,0,0.0000,0,0.0000,0,0,0,696,0
1683,3.1241,10.4278,0.0038,0.0000,0,0,0.0000,0,0.0000,0,0,0,696,0
1684,5.9434,6.1930,0.0037,0.0000,0,0,0.0000,0,0.0000,0,0,0,601,0
1685,3.3764,5.7742,0.0014,0.0000,0,0,0.0000,0,0.0000,0,0,0,601,0
1686,3.2815,10.5500,0.0009,0.0000,0,0,0.0000,0,0.0000,0,0,0,696,0
1687,3.1241,10.4742,0.0008,0.0000,0,0,0.0000,0,0.0000,0,0,0,696,0
1688,5.9434,5.9008,0.0021,0.0000,0,0,0.0000,0,0.0000,0,0,0,601,0
1689,3.3764,5.7188,0.0016,0.0000,0,0,0.0000,0,0.0000,0,0,0,601,0
1690,3.2815,10.4258,0.0016,0.0000,0,0,0.0000,0,0.0000,0,0,0,696,0
1691,3.1241,10.3159,0.0010,0.0000,0,0,0.0000,0,0.0000,0,0,0,705,0
1692,5.9434,6.8540,0.0052,0.0000,0,0,0.0000,0,0.0000,0,0,0,601,0
1693,3.3764,5.8854,0.0053,0.0000,0,0,0.0000,0,0.0000,0,0,0,601,0
1694,3.2815,10.4036,0.0025,0.0000,0,0,0.0000,0,0.0000,0,0,0,696,0
1695,3.1241,10.2944,0.0016,0.0000,0,0,0.0000,0,0.0000,0,0,0,704,0
1696,5.9434,6.6328,0.0098,0.0000,0,0,0.0000,0,0.0000,0,0,0,601,0
1697,3.3764,5.8591,0.0019,0.0000,0,0,0.0000,0,0.0000,0,0,0,601,0
1698,3.2815,10.0268,0.0093,0.0000,0,0,0.0000,0,0.0000,0,0,0,706,0
1699,3.1241,8.8677,0.0017,0.0000,0,0,0.0000,0,0.0000,0,0,0,711,0
1700,5.9434,6.1815,0.0059,0.0000,0,0,0.0000,0,0.0000,0,0,0,601,0
1701,3.3764,5.7915,0.0060,0.0000,0,0,0.0000,0,0.0000,0,0,0,601,0
1702,3.2815,10.6448,0.0048,0.0000,0,0,0.0000,0,0.0000,0,0,0,702,0
1703,3.1241,10.5052,0.0016,0.0000,0,0,0.0000,0,0.0000,0,0,0,696,0
1704,5.9434,6.1464,0.0034,0.0000,0,0,0.0000,0,0.0000,0,0,0,601,0
1705,3.3764,5.7485,0.0016,0.0000,0,0,0.0000,0,0.0000,0,0,0,601,0
1706,3.2815,10.5998,0.0016,0.0000,0,0,0.0000,0,0.0000,0,0,0,702,0
1707,3.1241,10.5553,0.0008,0.0000,0,0,0.0000,0,0.0000,0,0,0,696,0
1708,5.9434,6.1401,0.0048,0.0000,0,0,0.0000,0,0.0000,0,0,0,601,0
1709,3.3764,5.8028,0.0057,0.0000,0,0,0.0000,0,0.0000,0,0,0,601,0
1710,3.2815,10.7193,0.0038,0.0000,0,0,0.0000,0,0.0000,0,0,0,696,0
1711,3.1241,10.6319,0.0008,0.0000,0,0,0.0000,0,0.0000,0,0,0,696,0
1712,5.9434,6.1481,0.0043,0.0000,0,0,0.0000,0,0.0000,0,0,0,601,0
1713,3.3764,5.7657,0.0018,0.0000,0,0,0.0000,0,0.0000,0,0,0,601,0
1714,3.2815,10.4919,0.0011,0.0000,0,0,0.0000,0,0.0000,0,0,0,696,0
1715,3.1241,10.4074,0.0018,0.0000,0,0,0.0000,0,0.0000,0,0,0,696,0
1716,5.9434,5.8214,0.0031,0.0000,0,0,0.0000,0,0.0000,0,0,0,601,0
1717,3.3764,5.6352,0.0009,0.0000,0,0,0.0000,0,0.0000,0,0,0,601,0
1718,3.2815,10.5227,0.0011,0.0000,0,0,0.0000,0,0.0000,0,0,0,696,0
1719,3.1241,10.4998,0.0008,0.0000,0,0,0.0000,0,0.0000,0,0,0,701,0
1720,5.9434,6.1772,0.0084,0.0000,0,0,0.0000,0,0.0000,0,0,0,601,0
1721,3.3764,5.8338,0.0084,0.0000,0,0,0.0000,0,0.0000,0,0,0,601,0
1722,3.2815,10.8240,0.0033,0.0000,0,0,0.0000,0,0.0000,0,0,0,709,0
1723,3.1241,10.6164,0.0033,0.0000,0,0,0.0000,0,0.0000,0,0,0,696,0
1724,5.9434,6.0410,0.0055,0.0000,0,0,0.0000,0,0.0000,0,0,0,601,0
1725,3.3764,5.6345,0.0121,0.0000,0,0,0.0000,0,0.0000,0,0,0,601,0
1726,3.2815,10.3453,0.0065,0.0000,0,0,0.0000,0,0.0000,0,0,0,696,0
1727,3.1241,10.2434,0.0015,0.0000,0,0,0.0000,0,0.0000,0,0,0,707,0
1728,5.9434,6.1795,0.0083,0.0000,0,0,0.0000,0,0.0000,0,0,0,601,0
1729,3.3764,5.8892,0.0014,0.0000,0,0,0.0000,0,0.0000,0,0,0,601,0
1730,3.2815,10.2634,0.0040,0.0000,0,0,0.0000,0,0.0000,0,0,0,696,0
1731,3.1241,10.2214,0.0019,0.0000,0,0,0.0000,0,0.0000,0,0,0,698,0
1732,5.9434,6.1375,0.0037,0.0000,0,0,0.0000,0,0.0000,0,0,0,601,0
1733,3.3764,5.7485,0.0012,0.0000,0,0,0.0000,0,0.0000,0,0,0,601,0
1734,3.2815,10.2440,0.0025,0.0000,0,0,0.0000,0,0.0000,0,0,0,696,0
1735,3.1241,10.1370,0.0013,0.0000,0,0,0.0000,0,0.0000,0,0,0,696,0
1736,5.9434,6.0505,0.0013,0.0000,0,0,0.0000,0,0.0000,0,0,0,601,0
1737,3.3764,5.8275,0.0008,0.0000,0,0,0.0000,0,0.0000,0,0,0,601,0
1738,3.2815,10.2981,0.0016,0.0000,0,0,0.0000,0,0.0000,0,0,0,696,0
1739,3.1241,10.3627,0.0015,0.0000,0,0,0.0000,0,0.0000,0,0,0,696,0
1740,5.9434,6.1537,0.0019,0.0000,0,0,0.0000,0,0.0000,0,0,0,601,0
1741,3.3764,6.0287,0.0029,0.0000,0,0,0.0000,0,0.0000,0,0,0,601,0
1742,3.2815,6.3760,0.0018,0.0000,0,0,0.0000,0,0.0000,0,0,0,696,0
1743,3.1241,10.2567,0.0023,0.0000,0,0,0.0000,0,0.0000,0,0,0,696,0
1744,5.9434,5.8573,0.0027,0.0000,0,0,0.0000,0,0.0000,0,0,0,601,0
1745,3.3764,5.6798,0.0024,0.0000,0,0,0.0000,0,0.0000,0,0,0,601,0
1746,3.2815,10.2074,0.0025,0.0000,0,0,0.0000,0,0.0000,0,0,0,696,0
1747,3.1241,10.2115,0.0018,0.0000,0,0,0.0000,0,0.0000,0,0,0,696,0
1748,5.9434,6.0742,0.0037,0.0000,0,0,0.0000,0,0.0000,0,0,0,601,0
1749,3.3764,5.6641,0.0019,0.0000,0,0,0.0000,0,0.0000,0,0,0,601,0
1750,3.2815,10.5177,0.0010,0.0000,0,0,0.0000,0,0.0000,0,0,0,696,0
1751,3.1241,10.4400,0.0010,0.0000,0,0,0.0000,0,0.0000,0,0,0,696,0
1752,5.9434,5.7562,0.0020,0.0000,0,0,0.0000,0,0.0000,0,0,0,601,0
1753,3.3764,5.6394,0.0019,0.0000,0,0,0.0000,0,0.0000,0,0,0,601,0
1754,3.2815,10.2662,0.0009,0.0000,0,0,0.0000,0,0.0000,0,0,0,696,0
1755,3.1241,10.2242,0.0008,0.0000,0,0,0.0000,0,0.0000,0,0,0,706,0
1756,5.9434,5.6935,0.0027,0.0000,0,0,0.0000,0,0.0000,0,0,0,601,0
1757,3.3764,5.7363,0.0008,0.0000,0,0,0.0000,0,0.0000,0,0,0,601,0
1758,3.2815,10.0780,0.0041,0.0000,0,0,0.0000,0,0.0000,0,0,0,696,0
1759,3.1241,10.2659,0.0010,0.0000,0,0,0.0000,0,0.0000,0,0,0,696,0
1760,5.9434,6.0069,0.0015,0.0000,0,0,0.0000,0,0.0000,0,0,0,601,0
1761,3.3764,5.6835,0.0008,0.0000,0,0,0.0000,0,0.0000,0,0,0,601,0
1762,3.2815,10.3548,0.0014,0.0000,0,0,0.0000,0,0.0000,0,0,0,696,0
1763,3.1241,10.3411,0.0012,0.0000,0,0,0.0000,0,0.0000,0,0,0,696,0
1764,5.9434,5.8980,0.0016,0.0000,0,0,0.0000,0,0.0000,0,0,0,601,0
1765,3.3764,5.7215,0.0015,0.0000,0,0,0.0000,0,0.0000,0,0,0,601,0
1766,3.2815,10.8227,0.0101,0.0000,0,0,0.0000,0,0.0000,0,0,0,701,0
1767,3.1241,10.7978,0.0026,0.0000,0,0,0.0000,0,0.0000,0,0,0,696,0
1768,5.9434,6.4902,0.1164,0.0000,0,0,0.0000,0,0.0000,0,0,0,601,0
1769,3.3764,5.8886,0.0020,0.0000,0,0,0.0000,0,0.0000,0,0,0,601,0
1770,3.2815,10.7335,0.0043,0.0000,0,0,0.0000,0,0.0000,0,0,0,696,0
1771,3.1241,9.6145,0.0043,0.0000,0,0,0.0000,0,0.0000,0,0,0,696,0
1772,5.9434,6.8483,0.0013,0.0000,0,0,0.0000,0,0.0000,0,0,0,601,0
1773,3.3764,5.8727,0.0017,0.0000,0,0,0.0000,0,0.0000,0,0,0,601,0
1774,3.2815,10.9721,0.0077,0.0000,0,0,0.0000,0,0.0000,0,0,0,696,0
1775,3.1241,10.7125,0.0051,0.0000,0,0,0.0000,0,0.0000,0,0,0,696,0
1776,5.9434,6.4556,0.0073,0.0000,0,0,0.0000,0,0.0000,0,0,0,601,0
1777,3.3764,5.7786,0.0022,0.0000,0,0,0.0000,0,0.0000,0,0,0,601,0
1778,3.2815,10.1690,0.0038,0.0000,0,0,0.0000,0,0.0000,0,0,0,696,0
1779,3.1241,10.2558,0.0027,0.0000,0,0,0.0000,0,0.0000,0,0,0,696,0
1780,5.9434,6.7719,0.0064,0.0000,0,0,0.0000,0,0.0000,0,0,0,601,0
1781,3.3764,5.8688,0.0018,0.0000,0,0,0.0000,0,0.0000,0,0,0,601,0
1782,3.2815,10.1211,0.0043,0.0000,0,0,0.0000,0,0.0000,0,0,0,696,0
1783,3.1241,10.1774,0.0018,0.0000,0,0,0.0000,0,0.0000,0,0,0,706,0
1784,5.9434,6.5152,0.0059,0.0000,0,0,0.0000,0,0.0000,0,0,0,601,0
1785,3.3764,5.9177,0.0020,0.0000,0,0,0.0000,0,0.0000,0,0,0,601,0
1786,3.2815,9.7469,0.0028,0.0000,0,0,0.0000,0,0.0000,0,0,0,696,0
1787,3.1241,7.9976,0.0016,0.0000,0,0,0.0000,0,0.0000,0,0,0,696,0
1788,5.9434,6.2649,0.0070,0.0000,0,0,0.0000,0,0.0000,0,0,0,601,0
1789,3.3764,5.8476,0.0055,0.0000,0,0,0.0000,0,0.0000,0,0,0,601,0
1790,3.2815,10.5445,0.0032,0.0000,0,0,0.0000,0,0.0000,0,0,0,696,0
1791,3.1241,10.3168,0.0018,0.0000,0,0,0.0000,0,0.0000,0,0,0,696,0
1792,5.9434,6.1634,0.0059,0.0000,0,0,0.0000,0,0.0000,0,0,0,601,0
1793,3.3764,5.8444,0.0020,0.0000,0,0,0.0000,0,0.0000,0,0,0,601,0
1794,3.2815,10.5625,0.0009,0.0000,0,0,0.0000,0,0.0000,0,0,0,696,0
1795,3.1241,10.5502,0.0007,0.0000,0,0,0.0000,0,0.0000,0,0,0,696,0
1796,5.9434,5.8386,0.0023,0.0000,0,0,0.0000,0,0.0000,0,0,0,601,0
1797,3.3764,5.6044,0.0016,0.0000,0,0,0.0000,0,0.0000,0,0,0,601,0
1798,3.2815,10.6140,0.0007,0.0000,0,0,0.0000,0,0.0000,0,0,0,696,0
1799,3.1241,10.4058,0.0018,0.0000,0,0,0.0000,0,0.0000,0,0,0,703,0
1800,5.9434,45.7396,0.0091,0.0000,0,0,0.0000,0,0.0000,0,1,0,60271,0
1801,3.3764,29.8902,0.0080,0.0000,0,0,0.0000,0,0.0000,0,1,0,43482,0
1802,3.2815,25.9352,0.0040,0.0000,0,0,0.0000,0,0.0000,0,1,0,59828,0
1803,3.1241,25.8084,0.0103,0.0000,0,0,0.0000,0,0.0000,0,1,0,68126,0
1804,5.9434,5.8330,0.0112,0.0000,0,0,0.0000,0,0.0000,0,0,0,16498,0
1805,3.3764,5.6943,0.0019,0.0000,0,0,0.0000,0,0.0000,0,0,0,14403,0
1806,3.2815,10.3236,0.0019,0.0000,0,0,0.0000,0,0.0000,0,0,0,17862,0
1807,3.1241,10.3763,0.0065,0.0000,0,0,0.0000,0,0.0000,0,0,0,17138,0
1808,5.9434,5.6814,0.0015,0.0000,0,0,0.0000,0,0.0000,0,0,0,9226,0
1809,3.3764,5.5903,0.0012,0.0000,0,0,0.0000,0,0.0000,0,0,0,6914,0
1810,3.2815,10.4939,0.0014,0.0000,0,0,0.0000,0,0.0000,0,0,0,11125,0
1811,3.1241,10.4782,0.0012,0.0000,0,0,0.0000,0,0.0000,0,0,0,9621,0
1812,5.9434,5.6825,0.0021,0.0000,0,0,0.0000,0,0.0000,0,0,0,17369,0
1813,3.3764,5.6521,0.0101,0.0000,0,0,0.0000,0,0.0000,0,0,0,16755,0
1814,3.2815,10.3611,0.0068,0.0000,0,0,0.0000,0,0.0000,0,0,0,19658,0
1815,3.1241,10.4246,0.0020,0.0000,0,0,0.0000,0,0.0000,0,0,0,15622,0
1816,5.9434,5.5238,0.0022,0.0000,0,0,0.0000,0,0.0000,0,0,0,23309,0
1817,3.3764,5.5535,0.0054,0.0000,0,0,0.0000,0,0.0000,0,0,0,20346,0
1818,3.2815,10.2646,0.0024,0.0000,0,0,0.0000,0,0.0000,0,0,0,22802,0
1819,3.1241,10.2809,0.0023,0.0000,0,0,0.0000,0,0.0000,0,0,0,21407,0
1820,5.9434,5.7180,0.0019,0.0000,0,0,0.0000,0,0.0000,0,0,0,13027,0
1821,3.3764,5.6368,0.0016,0.0000,0,0,0.0000,0,0.0000,0,0,0,11737,0
1822,3.2815,10.4375,0.0028,0.0000,0,0,0.0000,0,0.0000,0,0,0,12722,0
1823,3.1241,10.4744,0.0018,0.0000,0,0,0.0000,0,0.0000,0,0,0,16214,0
1824,5.9434,5.8003,0.0020,0.0000,0,0,0.0000,0,0.0000,0,0,0,7002,0
1825,3.3764,5.6166,0.0031,0.0000,0,0,0.0000,0,0.0000,0,0,0,5132,0
1826,3.2815,10.4419,0.0021,0.0000,0,0,0.0000,0,0.0000,0,0,0,7491,0
1827,3.1241,10.4335,0.0019,0.0000,0,0,0.0000,0,0.0000,0,0,0,4790,0
1828,5.9434,5.7358,0.0012,0.0000,0,0,0.0000,0,0.0000,0,0,0,3933,0
1829,3.3764,5.6131,0.0013,0.0000,0,0,0.0000,0,0.0000,0,0,0,3799,0
1830,3.2815,10.4069,0.0014,0.0000,0,0,0.0000,0,0.0000,0,0,0,4399,0
1831,3.1241,10.3882,0.0010,0.0000,0,0,0.0000,0,0.0000,0,0,0,3276,0
1832,5.9434,5.5852,0.0013,0.0000,0,0,0.0000,0,0.0000,0,0,0,3260,0
1833,3.3764,5.5623,0.0013,0.0000,0,0,0.0000,0,0.0000,0,0,0,2850,0
1834,3.2815,10.3884,0.0016,0.0000,0,0,0.0000,0,0.0000,0,0,0,3280,0
1835,3.1241,10.2976,0.0013,0.0000,0,0,0.0000,0,0.0000,0,0,0,2761,0
1836,5.9434,5.7372,0.0014,0.0000,0,0,0.0000,0,0.0000,0,0,0,3090,0
1837,3.3764,5.6455,0.0011,0.0000,0,0,0.0000,0,0.0000,0,0,0,2691,0
1838,3.2815,10.5535,0.0012,0.0000,0,0,0.0000,0,0.0000,0,0,0,3020,0
1839,3.1241,10.5294,0.0020,0.0000,0,0,0.0000,0,0.0000,0,0,0,2648,0
1840,5.9434,5.8833,0.0014,0.0000,0,0,0.0000,0,0.0000,0,0,0,2664,0
1841,3.3764,5.6625,0.0009,0.0000,0,0,0.0000,0,0.0000,0,0,0,2213,0
1842,3.2815,10.5650,0.0028,0.0000,0,0,0.0000,0,0.0000,0,0,0,1084,0
1843,3.1241,10.5380,0.0041,0.0000,0,0,0.0000,0,0.0000,0,0,0,2638,0
1844,5.9434,6.0971,0.0036,0.0000,0,0,0.0000,0,0.0000,0,0,0,1673,0
1845,3.3764,5.7729,0.0036,0.0000,0,0,0.0000,0,0.0000,0,0,0,1302,0
1846,3.2815,10.6311,0.0030,0.0000,0,0,0.0000,0,0.0000,0,0,0,959,0
1847,3.1241,10.5245,0.0011,0.0000,0,0,0.0000,0,0.0000,0,0,0,2173,0
1848,5.9434,5.9540,0.0020,0.0000,0,0,0.0000,0,0.0000,0,0,0,1538,0
1849,3.3764,5.7126,0.0015,0.0000,0,0,0.0000,0,0.0000,0,0,0,1107,0
1850,3.2815,10.4626,0.0016,0.0000,0,0,0.0000,0,0.0000,0,0,0,819,0
1851,3.1241,10.4110,0.0013,0.0000,0,0,0.0000,0,0.0000,0,0,0,1668,0
1852,5.9434,5.7482,0.0015,0.0000,0,0,0.0000,0,0.0000,0,0,0,1248,0
1853,3.3764,5.7184,0.0013,0.0000,0,0,0.0000,0,0.0000,0,0,0,944,0
1854,3.2815,10.3821,0.0018,0.0000,0,0,0.0000,0,0.0000,0,0,0,945,0
1855,3.1241,10.4744,0.0017,0.0000,0,0,0.0000,0,0.0000,0,0,0,743,0
1856,5.9434,5.7748,0.0017,0.0000,0,0,0.0000,0,0.0000,0,0,0,1198,0
1857,3.3764,5.6988,0.0017,0.0000,0,0,0.0000,0,0.0000,0,0,0,836,0
1858,3.2815,10.1647,0.0017,0.0000,0,0,0.0000,0,0.0000,0,0,0,1250,0
1859,3.1241,10.2854,0.0016,0.0000,0,0,0.0000,0,0.0000,0,0,0,717,0
1860,5.9434,5.7733,0.0018,0.0000,0,0,0.0000,0,0.0000,0,0,0,1168,0
1861,3.3764,5.7435,0.0017,0.0000,0,0,0.0000,0,0.0000,0,0,0,792,0
1862,3.2815,10.9231,0.0069,0.0000,0,0,0.0000,0,0.0000,0,0,0,1108,0
1863,3.1241,10.9192,0.0028,0.0000,0,0,0.0000,0,0.0000,0,0,0,792,0
1864,5.9434,6.7877,0.0069,0.0000,0,0,0.0000,0,0.0000,0,0,0,1037,0
1865,3.3764,6.1770,0.0024,0.0000,0,0,0.0000,0,0.0000,0,0,0,722,0
1866,3.2815,10.6410,0.0081,0.0000,0,0,0.0000,0,0.0000,0,0,0,1361,0
1867,3.1241,10.4317,0.0047,0.0000,0,0,0.0000,0,0.0000,0,0,0,925,0
1868,5.9434,6.4644,0.0073,0.0000,0,0,0.0000,0,0.0000,0,0,0,987,0
1869,3.3764,6.0739,0.0025,0.0000,0,0,0.0000,0,0.0000,0,0,0,676,0
1870,3.2815,18.1133,0.0008,0.0000,0,0,0.0000,0,0.0000,0,0,0,1198,0
1871,3.1241,17.6719,0.0017,0.0000,0,0,0.0000,0,0.0000,0,0,0,1094,0
1872,5.9434,6.1282,0.0054,0.0000,0,0,0.0000,0,0.0000,0,0,0,879,0
1873,3.3764,5.8540,0.0010,0.0000,0,0,0.0000,0,0.0000,0,0,0,648,0
1874,3.2815,10.7170,0.0016,0.0000,0,0,0.0000,0,0.0000,0,0,0,1117,0
1875,3.1241,10.6520,0.0006,0.0000,0,0,0.0000,0,0.0000,0,0,0,1077,0
1876,5.9434,5.8633,0.0014,0.0000,0,0,0.0000,0,0.0000,0,0,0,746,0
1877,3.3764,5.6724,0.0007,0.0000,0,0,0.0000,0,0.0000,0,0,0,643,0
1878,3.2815,10.3920,0.0007,0.0000,0,0,0.0000,0,0.0000,0,0,0,1064,0
1879,3.1241,10.5117,0.0012,0.0000,0,0,0.0000,0,0.0000,0,0,0,1295,0
1880,5.9434,5.8228,0.0032,0.0000,0,0,0.0000,0,0.0000,0,0,0,687,0
1881,3.3764,5.6320,0.0033,0.0000,0,0,0.0000,0,0.0000,0,0,0,622,0
1882,3.2815,10.5317,0.0018,0.0000,0,0,0.0000,0,0.0000,0,0,0,1368,0
1883,3.1241,10.5335,0.0015,0.0000,0,0,0.0000,0,0.0000,0,0,0,709,0
1884,5.9434,6.0781,0.0010,0.0000,0,0,0.0000,0,0.0000,0,0,0,716,0
1885,3.3764,5.7282,0.0014,0.0000,0,0,0.0000,0,0.0000,0,0,0,620,0
1886,3.2815,10.6168,0.0011,0.0000,0,0,0.0000,0,0.0000,0,0,0,710,0
1887,3.1241,10.5717,0.0011,0.0000,0,0,0.0000,0,0.0000,0,0,0,715,0
1888,5.9434,5.7864,0.0013,0.0000,0,0,0.0000,0,0.0000,0,0,0,717,0
1889,3.3764,5.7043,0.0014,0.0000,0,0,0.0000,0,0.0000,0,0,0,613,0
1890,3.2815,10.4844,0.0015,0.0000,0,0,0.0000,0,0.0000,0,0,0,696,0
1891,3.1241,10.4776,0.0017,0.0000,0,0,0.0000,0,0.0000,0,0,0,724,0
1892,5.9434,6.0519,0.0065,0.0000,0,0,0.0000,0,0.0000,0,0,0,685,0
1893,3.3764,5.7657,0.0064,0.0000,0,0,0.0000,0,0.0000,0,0,0,617,0
1894,3.2815,10.4688,0.0067,0.0000,0,0,0.0000,0,0.0000,0,0,0,755,0
1895,3.1241,9.6867,0.0029,0.0000,0,0,0.0000,0,0.0000,0,0,0,779,0
1896,5.9434,6.5797,0.0088,0.0000,0,0,0.0000,0,0.0000,0,0,0,664,0
1897,3.3764,6.1457,0.0032,0.0000,0,0,0.0000,0,0.0000,0,0,0,622,0
1898,3.2815,8.4435,0.0092,0.0000,0,0,0.0000,0,0.0000,0,0,0,785,0
1899,3.1241,8.7910,0.0037,0.0000,0,0,0.0000,0,0.0000,0,0,0,906,0
1900,5.9434,7.0743,0.0074,0.0000,0,0,0.0000,0,0.0000,0,0,0,636,0
1901,3.3764,6.1720,0.0035,0.0000,0,0,0.0000,0,0.0000,0,0,0,626,0
1902,3.2815,8.5789,0.0067,0.0000,0,0,0.0000,0,0.0000,0,0,0,868,0
1903,3.1241,10.2347,0.0043,0.0000,0,0,0.0000,0,0.0000,0,0,0,830,0
1904,5.9434,6.6888,0.0074,0.0000,0,0,0.0000,0,0.0000,0,0,0,635,0
1905,3.3764,6.0723,0.0024,0.0000,0,0,0.0000,0,0.0000,0,0,0,608,0
1906,3.2815,10.7573,0.0079,0.0000,0,0,0.0000,0,0.0000,0,0,0,801,0
1907,3.1241,13.5634,0.0086,0.0000,0,0,0.0000,0,0.0000,0,0,0,966,0
1908,5.9434,6.6456,0.0090,0.0000,0,0,0.0000,0,0.0000,0,0,0,650,0
1909,3.3764,5.8184,0.0014,0.0000,0,0,0.0000,0,0.0000,0,0,0,606,0
1910,3.2815,10.3146,0.0028,0.0000,0,0,0.0000,0,0.0000,0,0,0,1017,0
1911,3.1241,10.2980,0.0021,0.0000,0,0,0.0000,0,0.0000,0,0,0,705,0
1912,5.9434,6.5742,0.0068,0.0000,0,0,0.0000,0,0.0000,0,0,0,646,0
1913,3.3764,5.8840,0.0024,0.0000,0,0,0.0000,0,0.0000,0,0,0,607,0
1914,3.2815,10.6931,0.0080,0.0000,0,0,0.0000,0,0.0000,0,0,0,933,0
1915,3.1241,10.7168,0.0047,0.0000,0,0,0.0000,0,0.0000,0,0,0,703,0
1916,5.9434,7.9615,0.0068,0.0000,0,0,0.0000,0,0.0000,0,0,0,651,0
1917,3.3764,6.9905,0.0022,0.0000,0,0,0.0000,0,0.0000,0,0,0,609,0
1918,3.2815,10.2514,0.0023,0.0000,0,0,0.0000,0,0.0000,0,0,0,926,0
1919,3.1241,10.2604,0.0020,0.0000,0,0,0.0000,0,0.0000,0,0,0,728,0
1920,5.9434,6.5617,0.0052,0.0000,0,0,0.0000,0,0.0000,0,0,0,638,0
1921,3.3764,5.8327,0.0022,0.0000,0,0,0.0000,0,0.0000,0,0,0,601,0
1922,3.2815,10.7312,0.0068,0.0000,0,0,0.0000,0,0.0000,0,0,0,856,0
1923,3.1241,10.7636,0.0023,0.0000,0,0,0.0000,0,0.0000,0,0,0,752,0
1924,5.9434,7.0972,0.0086,0.0000,0,0,0.0000,0,0.0000,0,0,0,623,0
1925,3.3764,5.9026,0.0027,0.0000,0,0,0.0000,0,0.0000,0,0,0,601,0
1926,3.2815,10.7660,0.0044,0.0000,0,0,0.0000,0,0.0000,0,0,0,1082,0
1927,3.1241,10.5337,0.0039,0.0000,0,0,0.0000,0,0.0000,0,0,0,805,0
1928,5.9434,6.5523,0.0050,0.0000,0,0,0.0000,0,0.0000,0,0,0,626,0
1929,3.3764,5.9632,0.0018,0.0000,0,0,0.0000,0,0.0000,0,0,0,601,0
1930,3.2815,9.6460,0.0022,0.0000,0,0,0.0000,0,0.0000,0,0,0,712,0
1931,3.1241,9.7717,0.0014,0.0000,0,0,0.0000,0,0.0000,0,0,0,775,0
1932,5.9434,6.0490,0.0012,0.0000,0,0,0.0000,0,0.0000,0,0,0,622,0
1933,3.3764,5.7128,0.0014,0.0000,0,0,0.0000,0,0.0000,0,0,0,601,0
1934,3.2815,10.6784,0.0022,0.0000,0,0,0.0000,0,0.0000,0,0,0,709,0
1935,3.1241,10.5867,0.0013,0.0000,0,0,0.0000,0,0.0000,0,0,0,911,0
1936,5.9434,5.8884,0.0022,0.0000,0,0,0.0000,0,0.0000,0,0,0,611,0
1937,3.3764,5.7233,0.0020,0.0000,0,0,0.0000,0,0.0000,0,0,0,601,0
1938,3.2815,10.5860,0.0012,0.0000,0,0,0.0000,0,0.0000,0,0,0,723,0
1939,3.1241,10.5270,0.0011,0.0000,0,0,0.0000,0,0.0000,0,0,0,698,0
1940,5.9434,5.9855,0.0052,0.0000,0,0,0.0000,0,0.0000,0,0,0,618,0
1941,3.3764,5.7862,0.0008,0.0000,0,0,0.0000,0,0.0000,0,0,0,601,0
1942,3.2815,10.7968,0.0019,0.0000,0,0,0.0000,0,0.0000,0,0,0,744,0
1943,3.1241,10.7613,0.0024,0.0000,0,0,0.0000,0,0.0000,0,0,0,696,0
1944,5.9434,6.1305,0.0019,0.0000,0,0,0.0000,0,0.0000,0,0,0,605,0
1945,3.3764,5.7796,0.0009,0.0000,0,0,0.0000,0,0.0000,0,0,0,601,0
1946,3.2815,10.4652,0.0012,0.0000,0,0,0.0000,0,0.0000,0,0,0,786,0
1947,3.1241,10.5117,0.0012,0.0000,0,0,0.0000,0,0.0000,0,0,0,704,0
1948,5.9434,6.1555,0.0026,0.0000,0,0,0.0000,0,0.0000,0,0,0,606,0
1949,3.3764,5.8419,0.0010,0.0000,0,0,0.0000,0,0.0000,0,0,0,601,0
1950,3.2815,11.3971,0.0100,0.0000,0,0,0.0000,0,0.0000,0,0,0,780,0
1951,3.1241,11.4595,0.0051,0.0000,0,0,0.0000,0,0.0000,0,0,0,741,0
1952,5.9434,6.8454,0.0075,0.0000,0,0,0.0000,0,0.0000,0,0,0,605,0
1953,3.3764,5.9186,0.0013,0.0000,0,0,0.0000,0,0.0000,0,0,0,601,0
1954,3.2815,9.7618,0.0054,0.0000,0,0,0.0000,0,0.0000,0,0,0,808,0
1955,3.1241,9.8994,0.0025,0.0000,0,0,0.0000,0,0.0000,0,0,0,758,0
1956,5.9434,6.6670,0.0029,0.0000,0,0,0.0000,0,0.0000,0,0,0,606,0
1957,3.3764,5.9786,0.0015,0.0000,0,0,0.0000,0,0.0000,0,0,0,601,0
1958,3.2815,9.4082,0.0022,0.0000,0,0,0.0000,0,0.0000,0,0,0,795,0
1959,3.1241,10.1674,0.0009,0.0000,0,0,0.0000,0,0.0000,0,0,0,738,0
1960,5.9434,6.3644,0.0058,0.0000,0,0,0.0000,0,0.0000,0,0,0,601,0
1961,3.3764,5.8833,0.0058,0.0000,0,0,0.0000,0,0.0000,0,0,0,601,0
1962,3.2815,10.7265,0.0027,0.0000,0,0,0.0000,0,0.0000,0,0,0,771,0
1963,3.1241,10.5524,0.0016,0.0000,0,0,0.0000,0,0.0000,0,0,0,836,0
1964,5.9434,6.1761,0.0037,0.0000,0,0,0.0000,0,0.0000,0,0,0,601,0
1965,3.3764,5.7715,0.0015,0.0000,0,0,0.0000,0,0.0000,0,0,0,601,0
1966,3.2815,10.5555,0.0022,0.0000,0,0,0.0000,0,0.0000,0,0,0,779,0
1967,3.1241,10.5245,0.0009,0.0000,0,0,0.0000,0,0.0000,0,0,0,698,0
1968,5.9434,6.6920,0.0102,0.0000,0,0,0.0000,0,0.0000,0,0,0,601,0
1969,3.3764,5.9477,0.0018,0.0000,0,0,0.0000,0,0.0000,0,0,0,601,0
1970,3.2815,11.9296,0.0139,0.0000,0,0,0.0000,0,0.0000,0,0,0,967,0
1971,3.1241,11.9202,0.0044,0.0000,0,0,0.0000,0,0.0000,0,0,0,696,0
1972,5.9434,6.6769,0.0030,0.0000,0,0,0.0000,0,0.0000,0,0,0,601,0
1973,3.3764,5.7867,0.0009,0.0000,0,0,0.0000,0,0.0000,0,0,0,601,0
1974,3.2815,10.1568,0.0016,0.0000,0,0,0.0000,0,0.0000,0,0,0,710,0
1975,3.1241,10.1368,0.0013,0.0000,0,0,0.0000,0,0.0000,0,0,0,700,0
1976,5.9434,6.0627,0.0052,0.0000,0,0,0.0000,0,0.0000,0,0,0,601,0
1977,3.3764,5.7393,0.0022,0.0000,0,0,0.0000,0,0.0000,0,0,0,601,0
1978,3.2815,10.7513,0.0048,0.0000,0,0,0.0000,0,0.0000,0,0,0,703,0
1979,3.1241,10.6283,0.0018,0.0000,0,0,0.0000,0,0.0000,0,0,0,721,0
1980,5.9434,6.5633,0.0072,0.0000,0,0,0.0000,0,0.0000,0,0,0,601,0
1981,3.3764,6.1551,0.0073,0.0000,0,0,0.0000,0,0.0000,0,0,0,601,0
1982,3.2815,11.2079,0.0102,0.0000,0,0,0.0000,0,0.0000,0,0,0,708,0
1983,3.1241,11.0433,0.0102,0.0000,0,0,0.0000,0,0.0000,0,0,0,783,0
1984,5.9434,6.7716,0.0090,0.0000,0,0,0.0000,0,0.0000,0,0,0,601,0
1985,3.3764,6.1463,0.0025,0.0000,0,0,0.0000,0,0.0000,0,0,0,601,0
1986,3.2815,10.1003,0.0090,0.0000,0,0,0.0000,0,0.0000,0,0,0,751,0
1987,3.1241,9.5514,0.0029,0.0000,0,0,0.0000,0,0.0000,0,0,0,755,0
1988,5.9434,7.7117,0.0094,0.0000,0,0,0.0000,0,0.0000,0,0,0,601,0
1989,3.3764,6.1238,0.0029,0.0000,0,0,0.0000,0,0.0000,0,0,0,601,0
1990,3.2815,10.2345,0.0024,0.0000,0,0,0.0000,0,0.0000,0,0,0,762,0
1991,3.1241,10.3818,0.0023,0.0000,0,0,0.0000,0,0.0000,0,0,0,801,0
1992,5.9434,6.7249,0.0061,0.0000,0,0,0.0000,0,0.0000,0,0,0,601,0
1993,3.3764,5.8862,0.0015,0.0000,0,0,0.0000,0,0.0000,0,0,0,601,0
1994,3.2815,10.0510,0.0048,0.0000,0,0,0.0000,0,0.0000,0,0,0,747,0
1995,3.1241,10.1061,0.0026,0.0000,0,0,0.0000,0,0.0000,0,0,0,696,0
1996,5.9434,6.5251,0.0077,0.0000,0,0,0.0000,0,0.0000,0,0,0,601,0
1997,3.3764,5.9479,0.0025,0.0000,0,0,0.0000,0,0.0000,0,0,0,601,0
1998,3.2815,10.1700,0.0127,0.0000,0,0,0.0000,0,0.0000,0,0,0,830,0
1999,3.1241,9.8863,0.0028,0.0000,0,0,0.0000,0,0.0000,0,0,0,701,0
2000,5.9434,6.9087,0.0060,0.0000,0,0,0.0000,0,0.0000,0,0,0,601,0
2001,3.3764,5.8756,0.0022,0.0000,0,0,0.0000,0,0.0000,0,0,0,601,0
2002,3.2815,10.3347,0.0040,0.0000,0,0,0.0000,0,0.0000,0,0,0,769,0
2003,3.1241,10.0950,0.0027,0.0000,0,0,0.0000,0,0.0000,0,0,0,696,0
2004,5.9434,6.6015,0.0078,0.0000,0,0,0.0000,0,0.0000,0,0,0,601,0
2005,3.3764,6.0909,0.0026,0.0000,0,0,0.0000,0,0.0000,0,0,0,601,0
2006,3.2815,10.0941,0.0084,0.0000,0,0,0.0000,0,0.0000,0,0,0,728,0
2007,3.1241,10.0922,0.0035,0.0000,0,0,0.0000,0,0.0000,0,0,0,717,0
2008,5.9434,6.8907,0.0108,0.0000,0,0,0.0000,0,0.0000,0,0,0,601,0
2009,3.3764,5.9660,0.0014,0.0000,0,0,0.0000,0,0.0000,0,0,0,601,0
2010,3.2815,10.1395,0.0055,0.0000,0,0,0.0000,0,0.0000,0,0,0,726,0
2011,3.1241,9.8207,0.0017,0.0000,0,0,0.0000,0,0.0000,0,0,0,731,0
2012,5.9434,6.2230,0.0043,0.0000,0,0,0.0000,0,0.0000,0,0,0,601,0
2013,3.3764,5.7108,0.0043,0.0000,0,0,0.0000,0,0.0000,0,0,0,601,0
2014,3.2815,10.8554,0.0015,0.0000,0,0,0.0000,0,0.0000,0,0,0,833,0
2015,3.1241,10.5659,0.0018,0.0000,0,0,0.0000,0,0.0000,0,0,0,722,0
2016,5.9434,5.7106,0.0014,0.0000,0,0,0.0000,0,0.0000,0,0,0,601,0
2017,3.3764,5.5437,0.0013,0.0000,0,0,0.0000,0,0.0000,0,0,0,601,0
2018,3.2815,10.2357,0.0018,0.0000,0,0,0.0000,0,0.0000,0,0,0,696,0
2019,3.1241,10.2370,0.0012,0.0000,0,0,0.0000,0,0.0000,0,0,0,758,0
2020,5.9434,5.7351,0.0026,0.0000,0,0,0.0000,0,0.0000,0,0,0,601,0
2021,3.3764,5.5746,0.0008,0.0000,0,0,0.0000,0,0.0000,0,0,0,601,0
2022,3.2815,10.4144,0.0018,0.0000,0,0,0.0000,0,0.0000,0,0,0,696,0
2023,3.1241,10.3794,0.0010,0.0000,0,0,0.0000,0,0.0000,0,0,0,696,0
2024,5.9434,5.9035,0.0036,0.0000,0,0,0.0000,0,0.0000,0,0,0,601,0
2025,3.3764,5.6512,0.0013,0.0000,0,0,0.0000,0,0.0000,0,0,0,601,0
2026,3.2815,10.4051,0.0015,0.0000,0,0,0.0000,0,0.0000,0,0,0,696,0
2027,3.1241,10.3545,0.0014,0.0000,0,0,0.0000,0,0.0000,0,0,0,705,0
2028,5.9434,5.9513,0.0015,0.0000,0,0,0.0000,0,0.0000,0,0,0,601,0
2029,3.3764,5.7077,0.0013,0.0000,0,0,0.0000,0,0.0000,0,0,0,601,0
2030,3.2815,10.7077,0.0009,0.0000,0,0,0.0000,0,0.0000,0,0,0,696,0
2031,3.1241,10.6844,0.0008,0.0000,0,0,0.0000,0,0.0000,0,0,0,707,0
2032,5.9434,5.8250,0.0013,0.0000,0,0,0.0000,0,0.0000,0,0,0,601,0
2033,3.3764,5.6596,0.0008,0.0000,0,0,0.0000,0,0.0000,0,0,0,601,0
2034,3.2815,10.4390,0.0010,0.0000,0,0,0.0000,0,0.0000,0,0,0,701,0
2035,3.1241,10.4411,0.0008,0.0000,0,0,0.0000,0,0.0000,0,0,0,707,0
2036,5.9434,5.7429,0.0025,0.0000,0,0,0.0000,0,0.0000,0,0,0,601,0
2037,3.3764,5.5546,0.0015,0.0000,0,0,0.0000,0,0.0000,0,0,0,601,0
2038,3.2815,10.3944,0.0030,0.0000,0,0,0.0000,0,0.0000,0,0,0,703,0
2039,3.1241,10.2644,0.0012,0.0000,0,0,0.0000,0,0.0000,0,0,0,736,0
2040,5.9434,5.9151,0.0037,0.0000,0,0,0.0000,0,0.0000,0,0,0,601,0
2041,3.3764,5.5799,0.0012,0.0000,0,0,0.0000,0,0.0000,0,0,0,601,0
2042,3.2815,10.3900,0.0019,0.0000,0,0,0.0000,0,0.0000,0,0,0,716,0
2043,3.1241,10.3445,0.0009,0.0000,0,0,0.0000,0,0.0000,0,0,0,719,0
2044,5.9434,6.0630,0.0024,0.0000,0,0,0.0000,0,0.0000,0,0,0,601,0
2045,3.3764,5.6832,0.0014,0.0000,0,0,0.0000,0,0.0000,0,0,0,601,0
2046,3.2815,10.4630,0.0035,0.0000,0,0,0.0000,0,0.0000,0,0,0,714,0
2047,3.1241,10.4328,0.0013,0.0000,0,0,0.0000,0,0.0000,0,0,0,775,0
2048,5.9434,5.8177,0.0013,0.0000,0,0,0.0000,0,0.0000,0,0,0,601,0
2049,3.3764,5.6168,0.0013,0.0000,0,0,0.0000,0,0.0000,0,0,0,601,0
2050,3.2815,10.6611,0.0017,0.0000,0,0,0.0000,0,0.0000,0,0,0,717,0
2051,3.1241,10.6285,0.0015,0.0000,0,0,0.0000,0,0.0000,0,0,0,701,0
2052,5.9434,5.9976,0.0014,0.0000,0,0,0.0000,0,0.0000,0,0,0,601,0
2053,3.3764,5.7000,0.0020,0.0000,0,0,0.0000,0,0.0000,0,0,0,601,0
2054,3.2815,10.5877,0.0010,0.0000,0,0,0.0000,0,0.0000,0,0,0,711,0
2055,3.1241,10.4951,0.0011,0.0000,0,0,0.0000,0,0.0000,0,0,0,701,0
2056,5.9434,5.8638,0.0015,0.0000,0,0,0.0000,0,0.0000,0,0,0,601,0
2057,3.3764,5.6428,0.0008,0.0000,0,0,0.0000,0,0.0000,0,0,0,601,0
2058,3.2815,10.5116,0.0016,0.0000,0,0,0.0000,0,0.0000,0,0,0,763,0
2059,3.1241,10.4777,0.0011,0.0000,0,0,0.0000,0,0.0000,0,0,0,701,0
2060,5.9434,6.2969,0.0056,0.0000,0,0,0.0000,0,0.0000,0,0,0,601,0
2061,3.3764,5.7913,0.0056,0.0000,0,0,0.0000,0,0.0000,0,0,0,601,0
2062,3.2815,10.7508,0.0022,0.0000,0,0,0.0000,0,0.0000,0,0,0,696,0
2063,3.1241,10.4868,0.0058,0.0000,0,0,0.0000,0,0.0000,0,0,0,715,0
2064,5.9434,6.1821,0.0027,0.0000,0,0,0.0000,0,0.0000,0,0,0,601,0
2065,3.3764,5.8460,0.0014,0.0000,0,0,0.0000,0,0.0000,0,0,0,601,0
2066,3.2815,10.6308,0.0012,0.0000,0,0,0.0000,0,0.0000,0,0,0,696,0
2067,3.1241,10.6032,0.0011,0.0000,0,0,0.0000,0,0.0000,0,0,0,726,0
2068,5.9434,5.9643,0.0021,0.0000,0,0,0.0000,0,0.0000,0,0,0,601,0
2069,3.3764,5.7461,0.0012,0.0000,0,0,0.0000,0,0.0000,0,0,0,601,0
2070,3.2815,10.5599,0.0018,0.0000,0,0,0.0000,0,0.0000,0,0,0,696,0
2071,3.1241,10.4804,0.0010,0.0000,0,0,0.0000,0,0.0000,0,0,0,714,0
2072,5.9434,6.0364,0.0021,0.0000,0,0,0.0000,0,0.0000,0,0,0,601,0
2073,3.3764,5.8346,0.0016,0.0000,0,0,0.0000,0,0.0000,0,0,0,601,0
2074,3.2815,10.7078,0.0034,0.0000,0,0,0.0000,0,0.0000,0,0,0,696,0
2075,3.1241,10.6077,0.0013,0.0000,0,0,0.0000,0,0.0000,0,0,0,789,0
2076,5.9434,6.1594,0.0053,0.0000,0,0,0.0000,0,0.0000,0,0,0,601,0
2077,3.3764,5.7386,0.0047,0.0000,0,0,0.0000,0,0.0000,0,0,0,601,0
2078,3.2815,10.6626,0.0033,0.0000,0,0,0.0000,0,0.0000,0,0,0,717,0
2079,3.1241,10.5161,0.0008,0.0000,0,0,0.0000,0,0.0000,0,0,0,703,0
2080,5.9434,6.2708,0.0043,0.0000,0,0,0.0000,0,0.0000,0,0,0,601,0
2081,3.3764,5.8536,0.0016,0.0000,0,0,0.0000,0,0.0000,0,0,0,601,0
2082,3.2815,10.6629,0.0023,0.0000,0,0,0.0000,0,0.0000,0,0,0,716,0
2083,3.1241,10.6140,0.0012,0.0000,0,0,0.0000,0,0.0000,0,0,0,705,0
2084,5.9434,5.8482,0.0015,0.0000,0,0,0.0000,0,0.0000,0,0,0,601,0
2085,3.3764,5.6860,0.0013,0.0000,0,0,0.0000,0,0.0000,0,0,0,601,0
2086,3.2815,10.4476,0.0018,0.0000,0,0,0.0000,0,0.0000,0,0,0,745,0
2087,3.1241,10.3787,0.0010,0.0000,0,0,0.0000,0,0.0000,0,0,0,700,0
2088,5.9434,6.2959,0.0053,0.0000,0,0,0.0000,0,0.0000,0,0,0,601,0
2089,3.3764,5.8673,0.0053,0.0000,0,0,0.0000,0,0.0000,0,0,0,601,0
2090,3.2815,10.7338,0.0029,0.0000,0,0,0.0000,0,0.0000,0,0,0,737,0
2091,3.1241,10.6168,0.0008,0.0000,0,0,0.0000,0,0.0000,0,0,0,706,0
2092,5.9434,6.1728,0.0023,0.0000,0,0,0.0000,0,0.0000,0,0,0,601,0
2093,3.3764,5.7316,0.0013,0.0000,0,0,0.0000,0,0.0000,0,0,0,601,0
2094,3.2815,10.6423,0.0020,0.0000,0,0,0.0000,0,0.0000,0,0,0,718,0
2095,3.1241,10.5967,0.0014,0.0000,0,0,0.0000,0,0.0000,0,0,0,723,0
2096,5.9434,5.8322,0.0018,0.0000,0,0,0.0000,0,0.0000,0,0,0,601,0
2097,3.3764,5.7126,0.0012,0.0000,0,0,0.0000,0,0.0000,0,0,0,601,0
2098,3.2815,10.3510,0.0013,0.0000,0,0,0.0000,0,0.0000,0,0,0,719,0
2099,3.1241,10.3293,0.0012,0.0000,0,0,0.0000,0,0.0000,0,0,0,714,0
2100,5.9434,6.0335,0.0019,0.0000,0,0,0.0000,0,0.0000,0,0,0,601,0
2101,3.3764,5.7677,0.0011,0.0000,0,0,0.0000,0,0.0000,0,0,0,601,0
2102,3.2815,10.5102,0.0009,0.0000,0,0,0.0000,0,0.0000,0,0,0,747,0
2103,3.1241,10.4079,0.0017,0.0000,0,0,0.0000,0,0.0000,0,0,0,769,0
2104,5.9434,6.6129,0.0129,0.0000,0,0,0.0000,0,0.0000,0,0,0,601,0
2105,3.3764,5.7929,0.0024,0.0000,0,0,0.0000,0,0.0000,0,0,0,601,0
2106,3.2815,10.5509,0.0042,0.0000,0,0,0.0000,0,0.0000,0,0,0,696,0
2107,3.1241,10.7003,0.0035,0.0000,0,0,0.0000,0,0.0000,0,0,0,704,0
2108,5.9434,6.7606,0.0114,0.0000,0,0,0.0000,0,0.0000,0,0,0,601,0
2109,3.3764,5.8989,0.0023,0.0000,0,0,0.0000,0,0.0000,0,0,0,601,0
2110,3.2815,9.9390,0.0020,0.0000,0,0,0.0000,0,0.0000,0,0,0,696,0
2111,3.1241,8.9105,0.0018,0.0000,0,0,0.0000,0,0.0000,0,0,0,707,0
2112,5.9434,6.5704,0.0077,0.0000,0,0,0.0000,0,0.0000,0,0,0,601,0
2113,3.3764,6.2751,0.0035,0.0000,0,0,0.0000,0,0.0000,0,0,0,601,0
2114,3.2815,9.4503,0.0029,0.0000,0,0,0.0000,0,0.0000,0,0,0,696,0
2115,3.1241,9.7514,0.0027,0.0000,0,0,0.0000,0,0.0000,0,0,0,714,0
2116,5.9434,6.5518,0.0057,0.0000,0,0,0.0000,0,0.0000,0,0,0,601,0
2117,3.3764,5.8060,0.0015,0.0000,0,0,0.0000,0,0.0000,0,0,0,601,0
2118,3.2815,10.1615,0.0086,0.0000,0,0,0.0000,0,0.0000,0,0,0,696,0
2119,3.1241,10.0345,0.0017,0.0000,0,0,0.0000,0,0.0000,0,0,0,709,0
2120,5.9434,8.0873,0.0091,0.0000,0,0,0.0000,0,0.0000,0,0,0,601,0
2121,3.3764,6.8370,0.0015,0.0000,0,0,0.0000,0,0.0000,0,0,0,601,0
2122,3.2815,10.2297,0.0071,0.0000,0,0,0.0000,0,0.0000,0,0,0,696,0
2123,3.1241,9.7519,0.0018,0.0000,0,0,0.0000,0,0.0000,0,0,0,732,0
2124,5.9434,6.5306,0.0036,0.0000,0,0,0.0000,0,0.0000,0,0,0,601,0
2125,3.3764,5.7438,0.0017,0.0000,0,0,0.0000,0,0.0000,0,0,0,601,0
2126,3.2815,10.2721,0.0030,0.0000,0,0,0.0000,0,0.0000,0,0,0,696,0
2127,3.1241,10.0164,0.0019,0.0000,0,0,0.0000,0,0.0000,0,0,0,719,0
2128,5.9434,6.3251,0.0040,0.0000,0,0,0.0000,0,0.0000,0,0,0,601,0
2129,3.3764,5.8205,0.0032,0.0000,0,0,0.0000,0,0.0000,0,0,0,601,0
2130,3.2815,10.7431,0.0034,0.0000,0,0,0.0000,0,0.0000,0,0,0,708,0
2131,3.1241,10.6765,0.0015,0.0000,0,0,0.0000,0,0.0000,0,0,0,751,0
2132,5.9434,6.1756,0.0026,0.0000,0,0,0.0000,0,0.0000,0,0,0,601,0
2133,3.3764,5.8579,0.0014,0.0000,0,0,0.0000,0,0.0000,0,0,0,601,0
2134,3.2815,10.6084,0.0010,0.0000,0,0,0.0000,0,0.0000,0,0,0,708,0
2135,3.1241,10.5740,0.0017,0.0000,0,0,0.0000,0,0.0000,0,0,0,696,0
2136,5.9434,6.0776,0.0037,0.0000,0,0,0.0000,0,0.0000,0,0,0,601,0
2137,3.3764,5.7762,0.0026,0.0000,0,0,0.0000,0,0.0000,0,0,0,601,0
2138,3.2815,10.4820,0.0014,0.0000,0,0,0.0000,0,0.0000,0,0,0,706,0
2139,3.1241,10.4029,0.0008,0.0000,0,0,0.0000,0,0.0000,0,0,0,701,0
2140,5.9434,6.8834,0.0086,0.0000,0,0,0.0000,0,0.0000,0,0,0,601,0
2141,3.3764,5.8755,0.0020,0.0000,0,0,0.0000,0,0.0000,0,0,0,601,0
2142,3.2815,10.2717,0.0024,0.0000,0,0,0.0000,0,0.0000,0,0,0,707,0
2143,3.1241,10.2373,0.0020,0.0000,0,0,0.0000,0,0.0000,0,0,0,703,0
2144,5.9434,6.7198,0.0072,0.0000,0,0,0.0000,0,0.0000,0,0,0,601,0
2145,3.3764,5.9702,0.0015,0.0000,0,0,0.0000,0,0.0000,0,0,0,601,0
2146,3.2815,9.5961,0.0075,0.0000,0,0,0.0000,0,0.0000,0,0,0,723,0
2147,3.1241,8.8271,0.0018,0.0000,0,0,0.0000,0,0.0000,0,0,0,707,0
2148,5.9434,6.8984,0.0105,0.0000,0,0,0.0000,0,0.0000,0,0,0,601,0
2149,3.3764,5.8613,0.0013,0.0000,0,0,0.0000,0,0.0000,0,0,0,601,0
2150,3.2815,10.0920,0.0102,0.0000,0,0,0.0000,0,0.0000,0,0,0,696,0
2151,3.1241,10.2230,0.0015,0.0000,0,0,0.0000,0,0.0000,0,0,0,708,0
2152,5.9434,6.6862,0.0047,0.0000,0,0,0.0000,0,0.0000,0,0,0,601,0
2153,3.3764,5.7220,0.0047,0.0000,0,0,0.0000,0,0.0000,0,0,0,601,0
2154,3.2815,10.5413,0.0027,0.0000,0,0,0.0000,0,0.0000,0,0,0,696,0
2155,3.1241,10.4487,0.0020,0.0000,0,0,0.0000,0,0.0000,0,0,0,712,0
2156,5.9434,6.0347,0.0026,0.0000,0,0,0.0000,0,0.0000,0,0,0,601,0
2157,3.3764,5.7766,0.0021,0.0000,0,0,0.0000,0,0.0000,0,0,0,601,0
2158,3.2815,10.3305,0.0047,0.0000,0,0,0.0000,0,0.0000,0,0,0,696,0
2159,3.1241,10.1823,0.0017,0.0000,0,0,0.0000,0,0.0000,0,0,0,754,0
2160,5.9434,6.1993,0.0029,0.0000,0,0,0.0000,0,0.0000,0,0,0,601,0
2161,3.3764,5.8024,0.0010,0.0000,0,0,0.0000,0,0.0000,0,0,0,601,0
2162,3.2815,10.6545,0.0018,0.0000,0,0,0.0000,0,0.0000,0,0,0,696,0
2163,3.1241,10.5918,0.0020,0.0000,0,0,0.0000,0,0.0000,0,0,0,696,0
2164,5.9434,6.5898,0.0062,0.0000,0,0,0.0000,0,0.0000,0,0,0,601,0
2165,3.3764,5.8020,0.0025,0.0000,0,0,0.0000,0,0.0000,0,0,0,601,0
2166,3.2815,10.4349,0.0046,0.0000,0,0,0.0000,0,0.0000,0,0,0,701,0
2167,3.1241,10.3490,0.0025,0.0000,0,0,0.0000,0,0.0000,0,0,0,706,0
2168,5.9434,6.6659,0.0103,0.0000,0,0,0.0000,0,0.0000,0,0,0,601,0
2169,3.3764,5.8962,0.0015,0.0000,0,0,0.0000,0,0.0000,0,0,0,601,0
2170,3.2815,10.6258,0.0092,0.0000,0,0,0.0000,0,0.0000,0,0,0,696,0
2171,3.1241,10.3870,0.0024,0.0000,0,0,0.0000,0,0.0000,0,0,0,700,0
2172,5.9434,7.1636,0.0023,0.0000,0,0,0.0000,0,0.0000,0,0,0,601,0
2173,3.3764,5.8438,0.0011,0.0000,0,0,0.0000,0,0.0000,0,0,0,601,0
2174,3.2815,9.9120,0.0180,0.0000,0,0,0.0000,0,0.0000,0,0,0,707,0
2175,3.1241,8.5244,0.0023,0.0000,0,0,0.0000,0,0.0000,0,0,0,704,0
2176,5.9434,6.3872,0.0056,0.0000,0,0,0.0000,0,0.0000,0,0,0,601,0
2177,3.3764,5.7630,0.0015,0.0000,0,0,0.0000,0,0.0000,0,0,0,601,0
2178,3.2815,10.6595,0.0063,0.0000,0,0,0.0000,0,0.0000,0,0,0,701,0
2179,3.1241,10.5401,0.0021,0.0000,0,0,0.0000,0,0.0000,0,0,0,715,0
2180,5.9434,7.4395,0.0024,0.0000,0,0,0.0000,0,0.0000,0,0,0,601,0
2181,3.3764,6.1182,0.0018,0.0000,0,0,0.0000,0,0.0000,0,0,0,601,0
2182,3.2815,6.9100,0.0015,0.0000,0,0,0.0000,0,0.0000,0,0,0,702,0
2183,3.1241,10.0700,0.0010,0.0000,0,0,0.0000,0,0.0000,0,0,0,700,0
2184,5.9434,5.8076,0.0039,0.0000,0,0,0.0000,0,0.0000,0,0,0,601,0
2185,3.3764,5.6563,0.0026,0.0000,0,0,0.0000,0,0.0000,0,0,0,601,0
2186,3.2815,10.4384,0.0053,0.0000,0,0,0.0000,0,0.0000,0,0,0,711,0
2187,3.1241,10.3091,0.0017,0.0000,0,0,0.0000,0,0.0000,0,0,0,764,0
2188,5.9434,6.1634,0.0040,0.0000,0,0,0.0000,0,0.0000,0,0,0,601,0
2189,3.3764,5.7440,0.0014,0.0000,0,0,0.0000,0,0.0000,0,0,0,601,0
2190,3.2815,10.8338,0.0014,0.0000,0,0,0.0000,0,0.0000,0,0,0,722,0
2191,3.1241,10.5702,0.0015,0.0000,0,0,0.0000,0,0.0000,0,0,0,696,0
2192,5.9434,6.2585,0.0064,0.0000,0,0,0.0000,0,0.0000,0,0,0,601,0
2193,3.3764,5.8853,0.0064,0.0000,0,0,0.0000,0,0.0000,0,0,0,601,0
2194,3.2815,10.6910,0.0077,0.0000,0,0,0.0000,0,0.0000,0,0,0,696,0
2195,3.1241,10.6382,0.0019,0.0000,0,0,0.0000,0,0.0000,0,0,0,696,0
2196,5.9434,6.8575,0.0075,0.0000,0,0,0.0000,0,0.0000,0,0,0,601,0
2197,3.3764,5.8926,0.0033,0.0000,0,0,0.0000,0,0.0000,0,0,0,601,0
2198,3.2815,11.7427,0.0076,0.0000,0,0,0.0000,0,0.0000,0,0,0,696,0
2199,3.1241,11.6358,0.0011,0.0000,0,0,0.0000,0,0.0000,0,0,0,696,0
2200,5.9434,7.0127,0.0095,0.0000,0,0,0.0000,0,0.0000,0,0,0,601,0
2201,3.3764,5.9543,0.0094,0.0000,0,0,0.0000,0,0.0000,0,0,0,601,0
2202,3.2815,11.0448,0.0116,0.0000,0,0,0.0000,0,0.0000,0,0,0,696,0
2203,3.1241,10.9837,0.0020,0.0000,0,0,0.0000,0,0.0000,0,0,0,700,0
2204,5.9434,6.6117,0.0050,0.0000,0,0,0.0000,0,0.0000,0,0,0,601,0
2205,3.3764,5.8289,0.0022,0.0000,0,0,0.0000,0,0.0000,0,0,0,601,0
2206,3.2815,9.5891,0.0050,0.0000,0,0,0.0000,0,0.0000,0,0,0,705,0
2207,3.1241,10.3090,0.0015,0.0000,0,0,0.0000,0,0.0000,0,0,0,702,0
2208,5.9434,6.3630,0.0039,0.0000,0,0,0.0000,0,0.0000,0,0,0,601,0
2209,3.3764,5.8111,0.0013,0.0000,0,0,0.0000,0,0.0000,0,0,0,601,0
2210,3.2815,10.7454,0.0014,0.0000,0,0,0.0000,0,0.0000,0,0,0,708,0
2211,3.1241,10.7332,0.0016,0.0000,0,0,0.0000,0,0.0000,0,0,0,706,0
2212,5.9434,6.4737,0.0060,0.0000,0,0,0.0000,0,0.0000,0,0,0,601,0
2213,3.3764,5.7827,0.0022,0.0000,0,0,0.0000,0,0.0000,0,0,0,601,0
2214,3.2815,10.3769,0.0057,0.0000,0,0,0.0000,0,0.0000,0,0,0,707,0
2215,3.1241,10.2844,0.0023,0.0000,0,0,0.0000,0,0.0000,0,0,0,721,0
2216,5.9434,6.4455,0.0058,0.0000,0,0,0.0000,0,0.0000,0,0,0,601,0
2217,3.3764,5.8087,0.0022,0.0000,0,0,0.0000,0,0.0000,0,0,0,601,0
2218,3.2815,9.9930,0.0034,0.0000,0,0,0.0000,0,0.0000,0,0,0,708,0
2219,3.1241,10.1288,0.0029,0.0000,0,0,0.0000,0,0.0000,0,0,0,696,0
2220,5.9434,6.7220,0.0063,0.0000,0,0,0.0000,0,0.0000,0,0,0,601,0
2221,3.3764,6.0921,0.0014,0.0000,0,0,0.0000,0,0.0000,0,0,0,601,0
2222,3.2815,10.0312,0.0079,0.0000,0,0,0.0000,0,0.0000,0,0,0,706,0
2223,3.1241,10.1727,0.0046,0.0000,0,0,0.0000,0,0.0000,0,0,0,696,0
2224,5.9434,6.5587,0.0229,0.0000,0,0,0.0000,0,0.0000,0,0,0,601,0
2225,3.3764,5.9708,0.0018,0.0000,0,0,0.0000,0,0.0000,0,0,0,601,0
2226,3.2815,10.5623,0.0036,0.0000,0,0,0.0000,0,0.0000,0,0,0,711,0
2227,3.1241,10.5162,0.0022,0.0000,0,0,0.0000,0,0.0000,0,0,0,696,0
2228,5.9434,6.6072,0.0095,0.0000,0,0,0.0000,0,0.0000,0,0,0,601,0
2229,3.3764,5.9123,0.0016,0.0000,0,0,0.0000,0,0.0000,0,0,0,601,0
2230,3.2815,9.9876,0.0056,0.0000,0,0,0.0000,0,0.0000,0,0,0,706,0
2231,3.1241,10.0558,0.0013,0.0000,0,0,0.0000,0,0.0000,0,0,0,702,0
2232,5.9434,6.8891,0.0066,0.0000,0,0,0.0000,0,0.0000,0,0,0,601,0
2233,3.3764,5.9041,0.0021,0.0000,0,0,0.0000,0,0.0000,0,0,0,601,0
2234,3.2815,9.8845,0.0035,0.0000,0,0,0.0000,0,0.0000,0,0,0,748,0
2235,3.1241,9.9731,0.0025,0.0000,0,0,0.0000,0,0.0000,0,0,0,702,0
2236,5.9434,6.3680,0.0061,0.0000,0,0,0.0000,0,0.0000,0,0,0,601,0
2237,3.3764,5.8206,0.0017,0.0000,0,0,0.0000,0,0.0000,0,0,0,601,0
2238,3.2815,9.9321,0.0021,0.0000,0,0,0.0000,0,0.0000,0,0,0,696,0
2239,3.1241,10.0447,0.0019,0.0000,0,0,0.0000,0,0.0000,0,0,0,702,0
2240,5.9434,6.8861,0.0171,0.0000,0,0,0.0000,0,0.0000,0,0,0,601,0
2241,3.3764,5.8994,0.0024,0.0000,0,0,0.0000,0,0.0000,0,0,0,601,0
2242,3.2815,10.1172,0.0038,0.0000,0,0,0.0000,0,0.0000,0,0,0,696,0
2243,3.1241,10.0745,0.0028,0.0000,0,0,0.0000,0,0.0000,0,0,0,742,0
2244,5.9434,6.3981,0.0051,0.0000,0,0,0.0000,0,0.0000,0,0,0,601,0
2245,3.3764,5.7859,0.0178,0.0000,0,0,0.0000,0,0.0000,0,0,0,601,0
2246,3.2815,9.9433,0.0035,0.0000,0,0,0.0000,0,0.0000,0,0,0,696,0
2247,3.1241,9.9741,0.0028,0.0000,0,0,0.0000,0,0.0000,0,0,0,696,0
2248,5.9434,6.6179,0.0111,0.0000,0,0,0.0000,0,0.0000,0,0,0,601,0
2249,3.3764,5.8569,0.0026,0.0000,0,0,0.0000,0,0.0000,0,0,0,601,0
2250,3.2815,10.0720,0.0022,0.0000,0,0,0.0000,0,0.0000,0,0,0,696,0
2251,3.1241,10.0593,0.0025,0.0000,0,0,0.0000,0,0.0000,0,0,0,696,0
2252,5.9434,6.7249,0.0062,0.0000,0,0,0.0000,0,0.0000,0,0,0,601,0
2253,3.3764,5.8364,0.0017,0.0000,0,0,0.0000,0,0.0000,0,0,0,601,0
2254,3.2815,10.0750,0.0040,0.0000,0,0,0.0000,0,0.0000,0,0,0,702,0
2255,3.1241,10.0872,0.0027,0.0000,0,0,0.0000,0,0.0000,0,0,0,696,0
2256,5.9434,6.4139,0.0056,0.0000,0,0,0.0000,0,0.0000,0,0,0,601,0
2257,3.3764,5.8066,0.0015,0.0000,0,0,0.0000,0,0.0000,0,0,0,601,0
2258,3.2815,9.6805,0.0019,0.0000,0,0,0.0000,0,0.0000,0,0,0,701,0
2259,3.1241,10.0786,0.0024,0.0000,0,0,0.0000,0,0.0000,0,0,0,696,0
2260,5.9434,6.6989,0.0080,0.0000,0,0,0.0000,0,0.0000,0,0,0,601,0
2261,3.3764,5.8247,0.0014,0.0000,0,0,0.0000,0,0.0000,0,0,0,601,0
2262,3.2815,11.6686,0.0076,0.0000,0,0,0.0000,0,0.0000,0,0,0,704,0
2263,3.1241,11.4887,0.0036,0.0000,0,0,0.0000,0,0.0000,0,0,0,701,0
2264,5.9434,6.7253,0.0081,0.0000,0,0,0.0000,0,0.0000,0,0,0,601,0
2265,3.3764,5.8511,0.0080,0.0000,0,0,0.0000,0,0.0000,0,0,0,601,0
2266,3.2815,10.1587,0.0030,0.0000,0,0,0.0000,0,0.0000,0,0,0,701,0
2267,3.1241,10.2887,0.0027,0.0000,0,0,0.0000,0,0.0000,0,0,0,700,0
2268,5.9434,6.5563,0.0087,0.0000,0,0,0.0000,0,0.0000,0,0,0,601,0
2269,3.3764,6.2584,0.0020,0.0000,0,0,0.0000,0,0.0000,0,0,0,601,0
2270,3.2815,10.1965,0.0047,0.0000,0,0,0.0000,0,0.0000,0,0,0,701,0
2271,3.1241,10.0165,0.0021,0.0000,0,0,0.0000,0,0.0000,0,0,0,720,0
2272,5.9434,6.7090,0.0060,0.0000,0,0,0.0000,0,0.0000,0,0,0,601,0
2273,3.3764,5.8315,0.0016,0.0000,0,0,0.0000,0,0.0000,0,0,0,601,0
2274,3.2815,10.0442,0.0028,0.0000,0,0,0.0000,0,0.0000,0,0,0,702,0
2275,3.1241,9.8138,0.0033,0.0000,0,0,0.0000,0,0.0000,0,0,0,696,0
2276,5.9434,6.3481,0.0022,0.0000,0,0,0.0000,0,0.0000,0,0,0,601,0
2277,3.3764,5.7506,0.0019,0.0000,0,0,0.0000,0,0.0000,0,0,0,601,0
2278,3.2815,8.9409,0.0142,0.0000,0,0,0.0000,0,0.0000,0,0,0,712,0
2279,3.1241,8.5221,0.0029,0.0000,0,0,0.0000,0,0.0000,0,0,0,696,0
2280,5.9434,6.6998,0.0064,0.0000,0,0,0.0000,0,0.0000,0,0,0,601,0
2281,3.3764,5.8554,0.0027,0.0000,0,0,0.0000,0,0.0000,0,0,0,601,0
2282,3.2815,9.9995,0.0029,0.0000,0,0,0.0000,0,0.0000,0,0,0,696,0
2283,3.1241,10.2105,0.0028,0.0000,0,0,0.0000,0,0.0000,0,0,0,696,0
2284,5.9434,6.4926,0.0078,0.0000,0,0,0.0000,0,0.0000,0,0,0,601,0
2285,3.3764,5.7190,0.0019,0.0000,0,0,0.0000,0,0.0000,0,0,0,601,0
2286,3.2815,10.6817,0.0063,0.0000,0,0,0.0000,0,0.0000,0,0,0,696,0
2287,3.1241,10.4762,0.0063,0.0000,0,0,0.0000,0,0.0000,0,0,0,696,0
2288,5.9434,6.6283,0.0085,0.0000,0,0,0.0000,0,0.0000,0,0,0,601,0
2289,3.3764,5.9378,0.0029,0.0000,0,0,0.0000,0,0.0000,0,0,0,601,0
2290,3.2815,10.0602,0.0021,0.0000,0,0,0.0000,0,0.0000,0,0,0,696,0
2291,3.1241,10.0082,0.0019,0.0000,0,0,0.0000,0,0.0000,0,0,0,705,0
2292,5.9434,6.3953,0.0013,0.0000,0,0,0.0000,0,0.0000,0,0,0,601,0
2293,3.3764,5.8197,0.0013,0.0000,0,0,0.0000,0,0.0000,0,0,0,601,0
2294,3.2815,9.7350,0.0020,0.0000,0,0,0.0000,0,0.0000,0,0,0,696,0
2295,3.1241,9.9899,0.0013,0.0000,0,0,0.0000,0,0.0000,0,0,0,704,0
2296,5.9434,5.9177,0.0019,0.0000,0,0,0.0000,0,0.0000,0,0,0,601,0
2297,3.3764,5.7486,0.0016,0.0000,0,0,0.0000,0,0.0000,0,0,0,601,0
2298,3.2815,10.1412,0.0017,0.0000,0,0,0.0000,0,0.0000,0,0,0,706,0
2299,3.1241,10.2682,0.0016,0.0000,0,0,0.0000,0,0.0000,0,0,0,711,0
2300,5.9434,6.9291,0.0103,0.0000,0,0,0.0000,0,0.0000,0,0,0,601,0
2301,3.3764,5.9317,0.0103,0.0000,0,0,0.0000,0,0.0000,0,0,0,601,0
2302,3.2815,10.7876,0.0078,0.0000,0,0,0.0000,0,0.0000,0,0,0,702,0
2303,3.1241,10.5125,0.0077,0.0000,0,0,0.0000,0,0.0000,0,0,0,696,0
2304,5.9434,6.4548,0.0066,0.0000,0,0,0.0000,0,0.0000,0,0,0,601,0
2305,3.3764,6.6850,0.0024,0.0000,0,0,0.0000,0,0.0000,0,0,0,601,0
2306,3.2815,8.4992,0.0025,0.0000,0,0,0.0000,0,0.0000,0,0,0,702,0
2307,3.1241,9.4118,0.0026,0.0000,0,0,0.0000,0,0.0000,0,0,0,696,0
2308,5.9434,6.5377,0.0103,0.0000,0,0,0.0000,0,0.0000,0,0,0,601,0
2309,3.3764,5.8539,0.0025,0.0000,0,0,0.0000,0,0.0000,0,0,0,601,0
2310,3.2815,10.2142,0.0046,0.0000,0,0,0.0000,0,0.0000,0,0,0,696,0
2311,3.1241,10.1210,0.0017,0.0000,0,0,0.0000,0,0.0000,0,0,0,696,0
2312,5.9434,6.7319,0.0080,0.0000,0,0,0.0000,0,0.0000,0,0,0,601,0
2313,3.3764,5.8917,0.0020,0.0000,0,0,0.0000,0,0.0000,0,0,0,601,0
2314,3.2815,9.8841,0.0020,0.0000,0,0,0.0000,0,0.0000,0,0,0,696,0
2315,3.1241,10.2397,0.0027,0.0000,0,0,0.0000,0,0.0000,0,0,0,696,0
2316,5.9434,6.3761,0.0063,0.0000,0,0,0.0000,0,0.0000,0,0,0,601,0
2317,3.3764,6.6824,0.0027,0.0000,0,0,0.0000,0,0.0000,0,0,0,601,0
2318,3.2815,10.1967,0.0084,0.0000,0,0,0.0000,0,0.0000,0,0,0,696,0
2319,3.1241,10.0167,0.0013,0.0000,0,0,0.0000,0,0.0000,0,0,0,701,0
2320,5.9434,7.3838,0.0084,0.0000,0,0,0.0000,0,0.0000,0,0,0,601,0
2321,3.3764,6.0595,0.0027,0.0000,0,0,0.0000,0,0.0000,0,0,0,601,0
2322,3.2815,10.3660,0.0098,0.0000,0,0,0.0000,0,0.0000,0,0,0,709,0
2323,3.1241,8.3978,0.0035,0.0000,0,0,0.0000,0,0.0000,0,0,0,696,0
2324,5.9434,6.7739,0.0091,0.0000,0,0,0.0000,0,0.0000,0,0,0,601,0
2325,3.3764,5.7683,0.0019,0.0000,0,0,0.0000,0,0.0000,0,0,0,601,0
2326,3.2815,10.4394,0.0059,0.0000,0,0,0.0000,0,0.0000,0,0,0,696,0
2327,3.1241,10.2682,0.0010,0.0000,0,0,0.0000,0,0.0000,0,0,0,707,0
2328,5.9434,6.9022,0.0117,0.0000,0,0,0.0000,0,0.0000,0,0,0,601,0
2329,3.3764,6.2145,0.0019,0.0000,0,0,0.0000,0,0.0000,0,0,0,601,0
2330,3.2815,10.3956,0.0073,0.0000,0,0,0.0000,0,0.0000,0,0,0,696,0
2331,3.1241,10.1714,0.0073,0.0000,0,0,0.0000,0,0.0000,0,0,0,698,0
2332,5.9434,7.6448,0.0070,0.0000,0,0,0.0000,0,0.0000,0,0,0,601,0
2333,3.3764,6.1445,0.0025,0.0000,0,0,0.0000,0,0.0000,0,0,0,601,0
2334,3.2815,9.2106,0.0085,0.0000,0,0,0.0000,0,0.0000,0,0,0,696,0
2335,3.1241,10.0585,0.0013,0.0000,0,0,0.0000,0,0.0000,0,0,0,696,0
2336,5.9434,6.2603,0.0064,0.0000,0,0,0.0000,0,0.0000,0,0,0,601,0
2337,3.3764,5.7473,0.0027,0.0000,0,0,0.0000,0,0.0000,0,0,0,601,0
2338,3.2815,10.4665,0.0067,0.0000,0,0,0.0000,0,0.0000,0,0,0,696,0
2339,3.1241,10.2663,0.0036,0.0000,0,0,0.0000,0,0.0000,0,0,0,696,0
2340,5.9434,6.8039,0.0050,0.0000,0,0,0.0000,0,0.0000,0,0,0,601,0
2341,3.3764,5.8268,0.0019,0.0000,0,0,0.0000,0,0.0000,0,0,0,601,0
2342,3.2815,10.0785,0.0035,0.0000,0,0,0.0000,0,0.0000,0,0,0,696,0
2343,3.1241,9.8967,0.0028,0.0000,0,0,0.0000,0,0.0000,0,0,0,696,0
2344,5.9434,6.2584,0.0070,0.0000,0,0,0.0000,0,0.0000,0,0,0,601,0
2345,3.3764,5.8215,0.0020,0.0000,0,0,0.0000,0,0.0000,0,0,0,601,0
2346,3.2815,10.1655,0.0039,0.0000,0,0,0.0000,0,0.0000,0,0,0,696,0
2347,3.1241,9.9710,0.0018,0.0000,0,0,0.0000,0,0.0000,0,0,0,696,0
2348,5.9434,6.3322,0.0155,0.0000,0,0,0.0000,0,0.0000,0,0,0,601,0
2349,3.3764,6.0995,0.0035,0.0000,0,0,0.0000,0,0.0000,0,0,0,601,0
2350,3.2815,10.0522,0.0040,0.0000,0,0,0.0000,0,0.0000,0,0,0,696,0
2351,3.1241,10.1174,0.0029,0.0000,0,0,0.0000,0,0.0000,0,0,0,696,0
2352,5.9434,6.3302,0.0053,0.0000,0,0,0.0000,0,0.0000,0,0,0,601,0
2353,3.3764,5.7085,0.0053,0.0000,0,0,0.0000,0,0.0000,0,0,0,601,0
2354,3.2815,10.4654,0.0037,0.0000,0,0,0.0000,0,0.0000,0,0,0,696,0
2355,3.1241,10.0018,0.0024,0.0000,0,0,0.0000,0,0.0000,0,0,0,706,0
2356,5.9434,6.2738,0.0047,0.0000,0,0,0.0000,0,0.0000,0,0,0,601,0
2357,3.3764,5.8106,0.0021,0.0000,0,0,0.0000,0,0.0000,0,0,0,601,0
2358,3.2815,10.0018,0.0047,0.0000,0,0,0.0000,0,0.0000,0,0,0,696,0
2359,3.1241,10.0723,0.0034,0.0000,0,0,0.0000,0,0.0000,0,0,0,696,0
2360,5.9434,6.2894,0.0066,0.0000,0,0,0.0000,0,0.0000,0,0,0,601,0
2361,3.3764,5.9699,0.0018,0.0000,0,0,0.0000,0,0.0000,0,0,0,601,0
2362,3.2815,9.2888,0.0056,0.0000,0,0,0.0000,0,0.0000,0,0,0,696,0
2363,3.1241,8.4614,0.0017,0.0000,0,0,0.0000,0,0.0000,0,0,0,696,0
2364,5.9434,6.4776,0.0420,0.0000,0,0,0.0000,0,0.0000,0,0,0,601,0
2365,3.3764,5.9045,0.0026,0.0000,0,0,0.0000,0,0.0000,0,0,0,601,0
2366,3.2815,10.2175,0.0062,0.0000,0,0,0.0000,0,0.0000,0,0,0,701,0
2367,3.1241,9.8789,0.0023,0.0000,0,0,0.0000,0,0.0000,0,0,0,696,0
2368,5.9434,6.6098,0.0123,0.0000,0,0,0.0000,0,0.0000,0,0,0,601,0
2369,3.3764,6.0393,0.0034,0.0000,0,0,0.0000,0,0.0000,0,0,0,601,0
2370,3.2815,10.0512,0.0027,0.0000,0,0,0.0000,0,0.0000,0,0,0,696,0
2371,3.1241,10.1189,0.0025,0.0000,0,0,0.0000,0,0.0000,0,0,0,696,0
2372,5.9434,6.6167,0.0067,0.0000,0,0,0.0000,0,0.0000,0,0,0,601,0
2373,3.3764,5.8187,0.0022,0.0000,0,0,0.0000,0,0.0000,0,0,0,601,0
2374,3.2815,10.0551,0.0029,0.0000,0,0,0.0000,0,0.0000,0,0,0,696,0
2375,3.1241,9.9892,0.0016,0.0000,0,0,0.0000,0,0.0000,0,0,0,696,0
2376,5.9434,6.1990,0.0029,0.0000,0,0,0.0000,0,0.0000,0,0,0,601,0
2377,3.3764,5.7746,0.0013,0.0000,0,0,0.0000,0,0.0000,0,0,0,601,0
2378,3.2815,10.2345,0.0018,0.0000,0,0,0.0000,0,0.0000,0,0,0,696,0
2379,3.1241,10.2612,0.0016,0.0000,0,0,0.0000,0,0.0000,0,0,0,696,0
2380,5.9434,6.8369,0.0066,0.0000,0,0,0.0000,0,0.0000,0,0,0,601,0
2381,3.3764,5.8632,0.0066,0.0000,0,0,0.0000,0,0.0000,0,0,0,601,0
2382,3.2815,10.8674,0.0082,0.0000,0,0,0.0000,0,0.0000,0,0,0,696,0
2383,3.1241,10.8286,0.0023,0.0000,0,0,0.0000,0,0.0000,0,0,0,706,0
2384,5.9434,6.3915,0.0056,0.0000,0,0,0.0000,0,0.0000,0,0,0,601,0
2385,3.3764,5.7966,0.0016,0.0000,0,0,0.0000,0,0.0000,0,0,0,601,0
2386,3.2815,10.0927,0.0055,0.0000,0,0,0.0000,0,0.0000,0,0,0,696,0
2387,3.1241,10.0370,0.0028,0.0000,0,0,0.0000,0,0.0000,0,0,0,696,0
2388,5.9434,6.5057,0.0010,0.0000,0,0,0.0000,0,0.0000,0,0,0,601,0
2389,3.3764,5.8147,0.0010,0.0000,0,0,0.0000,0,0.0000,0,0,0,601,0
2390,3.2815,10.1107,0.0022,0.0000,0,0,0.0000,0,0.0000,0,0,0,696,0
2391,3.1241,9.9422,0.0019,0.0000,0,0,0.0000,0,0.0000,0,0,0,696,0
2392,5.9434,6.2897,0.0048,0.0000,0,0,0.0000,0,0.0000,0,0,0,601,0
2393,3.3764,5.8425,0.0047,0.0000,0,0,0.0000,0,0.0000,0,0,0,601,0
2394,3.2815,10.7999,0.0056,0.0000,0,0,0.0000,0,0.0000,0,0,0,696,0
2395,3.1241,10.6043,0.0057,0.0000,0,0,0.0000,0,0.0000,0,0,0,696,0
2396,5.9434,5.9860,0.0024,0.0000,0,0,0.0000,0,0.0000,0,0,0,601,0
2397,3.3764,5.5616,0.0024,0.0000,0,0,0.0000,0,0.0000,0,0,0,601,0
2398,3.2815,10.5820,0.0005,0.0000,0,0,0.0000,0,0.0000,0,0,0,696,0
2399,3.1241,10.4181,0.0021,0.0000,0,0,0.0000,0,0.0000,0,0,0,703,0
2400,5.9434,45.2195,0.0095,0.0000,0,0,0.0000,0,0.0000,0,1,0,60271,0
2401,3.3764,30.2107,0.0118,0.0000,0,0,0.0000,0,0.0000,0,1,0,43482,0
2402,3.2815,25.6268,0.0067,0.0000,0,0,0.0000,0,0.0000,0,1,0,59828,0
2403,3.1241,25.6387,0.0097,0.0000,0,0,0.0000,0,0.0000,0,1,0,68126,0
2404,5.9434,5.7596,0.0055,0.0000,0,0,0.0000,0,0.0000,0,0,0,16498,0
2405,3.3764,5.6509,0.0031,0.0000,0,0,0.0000,0,0.0000,0,0,0,14403,0
2406,3.2815,10.4435,0.0017,0.0000,0,0,0.0000,0,0.0000,0,0,0,17862,0
2407,3.1241,10.4585,0.0019,0.0000,0,0,0.0000,0,0.0000,0,0,0,17138,0
2408,5.9434,5.7051,0.0014,0.0000,0,0,0.0000,0,0.0000,0,0,0,9226,0
2409,3.3764,5.6333,0.0013,0.0000,0,0,0.0000,0,0.0000,0,0,0,6914,0
2410,3.2815,10.5862,0.0013,0.0000,0,0,0.0000,0,0.0000,0,0,0,11125,0
2411,3.1241,10.6051,0.0013,0.0000,0,0,0.0000,0,0.0000,0,0,0,9621,0
2412,5.9434,5.7007,0.0021,0.0000,0,0,0.0000,0,0.0000,0,0,0,17369,0
2413,3.3764,5.6571,0.0023,0.0000,0,0,0.0000,0,0.0000,0,0,0,16755,0
2414,3.2815,10.6349,0.0034,0.0000,0,0,0.0000,0,0.0000,0,0,0,19658,0
2415,3.1241,10.6230,0.0110,0.0000,0,0,0.0000,0,0.0000,0,0,0,15622,0
2416,5.9434,5.6017,0.0029,0.0000,0,0,0.0000,0,0.0000,0,0,0,23309,0
2417,3.3764,5.6038,0.0081,0.0000,0,0,0.0000,0,0.0000,0,0,0,20346,0
2418,3.2815,10.3509,0.0108,0.0000,0,0,0.0000,0,0.0000,0,0,0,22802,0
2419,3.1241,10.4263,0.0082,0.0000,0,0,0.0000,0,0.0000,0,0,0,21407,0
2420,5.9434,5.6065,0.0026,0.0000,0,0,0.0000,0,0.0000,0,0,0,13027,0
2421,3.3764,5.6467,0.0019,0.0000,0,0,0.0000,0,0.0000,0,0,0,11737,0
2422,3.2815,10.3881,0.0019,0.0000,0,0,0.0000,0,0.0000,0,0,0,12722,0
2423,3.1241,10.4997,0.0023,0.0000,0,0,0.0000,0,0.0000,0,0,0,16214,0
2424,5.9434,5.6787,0.0020,0.0000,0,0,0.0000,0,0.0000,0,0,0,7002,0
2425,3.3764,5.5850,0.0010,0.0000,0,0,0.0000,0,0.0000,0,0,0,5132,0
2426,3.2815,10.3500,0.0014,0.0000,0,0,0.0000,0,0.0000,0,0,0,7491,0
2427,3.1241,10.3007,0.0019,0.0000,0,0,0.0000,0,0.0000,0,0,0,4790,0
2428,5.9434,5.6175,0.0010,0.0000,0,0,0.0000,0,0.0000,0,0,0,3933,0
2429,3.3764,5.6122,0.0009,0.0000,0,0,0.0000,0,0.0000,0,0,0,3799,0
2430,3.2815,10.3945,0.0010,0.0000,0,0,0.0000,0,0.0000,0,0,0,4399,0
2431,3.1241,10.4765,0.0008,0.0000,0,0,0.0000,0,0.0000,0,0,0,3276,0
2432,5.9434,5.6764,0.0015,0.0000,0,0,0.0000,0,0.0000,0,0,0,3260,0
2433,3.3764,5.6051,0.0006,0.0000,0,0,0.0000,0,0.0000,0,0,0,2850,0
2434,3.2815,10.5110,0.0007,0.0000,0,0,0.0000,0,0.0000,0,0,0,3280,0
2435,3.1241,10.5123,0.0007,0.0000,0,0,0.0000,0,0.0000,0,0,0,2761,0
2436,5.9434,5.6507,0.0026,0.0000,0,0,0.0000,0,0.0000,0,0,0,3090,0
2437,3.3764,5.6289,0.0008,0.0000,0,0,0.0000,0,0.0000,0,0,0,2691,0
2438,3.2815,10.4908,0.0027,0.0000,0,0,0.0000,0,0.0000,0,0,0,3020,0
2439,3.1241,10.4697,0.0005,0.0000,0,0,0.0000,0,0.0000,0,0,0,2648,0
2440,5.9434,5.8981,0.0035,0.0000,0,0,0.0000,0,0.0000,0,0,0,2664,0
2441,3.3764,5.6810,0.0030,0.0000,0,0,0.0000,0,0.0000,0,0,0,2213,0
2442,3.2815,10.4418,0.0025,0.0000,0,0,0.0000,0,0.0000,0,0,0,1084,0
2443,3.1241,10.3882,0.0008,0.0000,0,0,0.0000,0,0.0000,0,0,0,2638,0
2444,5.9434,5.6889,0.0032,0.0000,0,0,0.0000,0,0.0000,0,0,0,1673,0
2445,3.3764,5.6029,0.0008,0.0000,0,0,0.0000,0,0.0000,0,0,0,1302,0
2446,3.2815,9.9305,0.0010,0.0000,0,0,0.0000,0,0.0000,0,0,0,959,0
2447,3.1241,10.2325,0.0007,0.0000,0,0,0.0000,0,0.0000,0,0,0,2173,0
2448,5.9434,5.7158,0.0013,0.0000,0,0,0.0000,0,0.0000,0,0,0,1538,0
2449,3.3764,5.5996,0.0010,0.0000,0,0,0.0000,0,0.0000,0,0,0,1107,0
2450,3.2815,10.3143,0.0035,0.0000,0,0,0.0000,0,0.0000,0,0,0,819,0
2451,3.1241,10.4092,0.0008,0.0000,0,0,0.0000,0,0.0000,0,0,0,1668,0
2452,5.9434,5.6649,0.0011,0.0000,0,0,0.0000,0,0.0000,0,0,0,1248,0
2453,3.3764,5.6236,0.0009,0.0000,0,0,0.0000,0,0.0000,0,0,0,944,0
2454,3.2815,10.4217,0.0013,0.0000,0,0,0.0000,0,0.0000,0,0,0,945,0
2455,3.1241,10.4663,0.0010,0.0000,0,0,0.0000,0,0.0000,0,0,0,743,0
2456,5.9434,5.6596,0.0023,0.0000,0,0,0.0000,0,0.0000,0,0,0,1198,0
2457,3.3764,5.6175,0.0008,0.0000,0,0,0.0000,0,0.0000,0,0,0,836,0
2458,3.2815,10.5264,0.0006,0.0000,0,0,0.0000,0,0.0000,0,0,0,1250,0
2459,3.1241,10.5535,0.0010,0.0000,0,0,0.0000,0,0.0000,0,0,0,717,0
2460,5.9434,5.8662,0.0005,0.0000,0,0,0.0000,0,0.0000,0,0,0,1168,0
2461,3.3764,5.6912,0.0008,0.0000,0,0,0.0000,0,0.0000,0,0,0,792,0
2462,3.2815,10.5519,0.0006,0.0000,0,0,0.0000,0,0.0000,0,0,0,1108,0
2463,3.1241,10.6154,0.0006,0.0000,0,0,0.0000,0,0.0000,0,0,0,792,0
2464,5.9434,5.6730,0.0006,0.0000,0,0,0.0000,0,0.0000,0,0,0,1037,0
2465,3.3764,5.6013,0.0006,0.0000,0,0,0.0000,0,0.0000,0,0,0,722,0
2466,3.2815,10.5128,0.0007,0.0000,0,0,0.0000,0,0.0000,0,0,0,1361,0
2467,3.1241,10.5083,0.0006,0.0000,0,0,0.0000,0,0.0000,0,0,0,925,0
2468,5.9434,5.6705,0.0011,0.0000,0,0,0.0000,0,0.0000,0,0,0,987,0
2469,3.3764,5.5971,0.0007,0.0000,0,0,0.0000,0,0.0000,0,0,0,676,0
2470,3.2815,10.6420,0.0008,0.0000,0,0,0.0000,0,0.0000,0,0,0,1198,0
2471,3.1241,10.6375,0.0008,0.0000,0,0,0.0000,0,0.0000,0,0,0,1094,0
2472,5.9434,5.6670,0.0009,0.0000,0,0,0.0000,0,0.0000,0,0,0,879,0
2473,3.3764,5.6542,0.0008,0.0000,0,0,0.0000,0,0.0000,0,0,0,648,0
2474,3.2815,10.5199,0.0006,0.0000,0,0,0.0000,0,0.0000,0,0,0,1117,0
2475,3.1241,10.6137,0.0007,0.0000,0,0,0.0000,0,0.0000,0,0,0,1077,0
2476,5.9434,5.6327,0.0008,0.0000,0,0,0.0000,0,0.0000,0,0,0,746,0
2477,3.3764,5.6513,0.0006,0.0000,0,0,0.0000,0,0.0000,0,0,0,643,0
2478,3.2815,10.4589,0.0009,0.0000,0,0,0.0000,0,0.0000,0,0,0,1064,0
2479,3.1241,10.5506,0.0007,0.0000,0,0,0.0000,0,0.0000,0,0,0,1295,0
2480,5.9434,5.5667,0.0007,0.0000,0,0,0.0000,0,0.0000,0,0,0,687,0
2481,3.3764,5.5547,0.0007,0.0000,0,0,0.0000,0,0.0000,0,0,0,622,0
2482,3.2815,10.5224,0.0008,0.0000,0,0,0.0000,0,0.0000,0,0,0,1368,0
2483,3.1241,10.5509,0.0007,0.0000,0,0,0.0000,0,0.0000,0,0,0,709,0
2484,5.9434,5.6386,0.0008,0.0000,0,0,0.0000,0,0.0000,0,0,0,716,0
2485,3.3764,5.6200,0.0008,0.0000,0,0,0.0000,0,0.0000,0,0,0,620,0
2486,3.2815,10.5585,0.0008,0.0000,0,0,0.0000,0,0.0000,0,0,0,710,0
2487,3.1241,10.5784,0.0008,0.0000,0,0,0.0000,0,0.0000,0,0,0,715,0
2488,5.9434,5.6646,0.0007,0.0000,0,0,0.0000,0,0.0000,0,0,0,717,0
2489,3.3764,5.6236,0.0008,0.0000,0,0,0.0000,0,0.0000,0,0,0,613,0
2490,3.2815,10.4245,0.0008,0.0000,0,0,0.0000,0,0.0000,0,0,0,696,0
2491,3.1241,10.4616,0.0008,0.0000,0,0,0.0000,0,0.0000,0,0,0,724,0
2492,5.9434,5.6108,0.0012,0.0000,0,0,0.0000,0,0.0000,0,0,0,685,0
2493,3.3764,5.5311,0.0012,0.0000,0,0,0.0000,0,0.0000,0,0,0,617,0
2494,3.2815,10.3440,0.0009,0.0000,0,0,0.0000,0,0.0000,0,0,0,755,0
2495,3.1241,10.3676,0.0008,0.0000,0,0,0.0000,0,0.0000,0,0,0,779,0
2496,5.9434,5.5717,0.0008,0.0000,0,0,0.0000,0,0.0000,0,0,0,664,0
2497,3.3764,5.5874,0.0008,0.0000,0,0,0.0000,0,0.0000,0,0,0,622,0
2498,3.2815,10.4546,0.0008,0.0000,0,0,0.0000,0,0.0000,0,0,0,785,0
2499,3.1241,10.4750,0.0010,0.0000,0,0,0.0000,0,0.0000,0,0,0,906,0
2500,5.9434,5.8020,0.0008,0.0000,0,0,0.0000,0,0.0000,0,0,0,636,0
2501,3.3764,5.6587,0.0016,0.0000,0,0,0.0000,0,0.0000,0,0,0,626,0
2502,3.2815,10.6066,0.0010,0.0000,0,0,0.0000,0,0.0000,0,0,0,868,0
2503,3.1241,10.5878,0.0008,0.0000,0,0,0.0000,0,0.0000,0,0,0,830,0
2504,5.9434,5.6580,0.0010,0.0000,0,0,0.0000,0,0.0000,0,0,0,635,0
2505,3.3764,5.6856,0.0008,0.0000,0,0,0.0000,0,0.0000,0,0,0,608,0
2506,3.2815,10.4610,0.0010,0.0000,0,0,0.0000,0,0.0000,0,0,0,801,0
2507,3.1241,10.5718,0.0010,0.0000,0,0,0.0000,0,0.0000,0,0,0,966,0
2508,5.9434,5.6876,0.0010,0.0000,0,0,0.0000,0,0.0000,0,0,0,650,0
2509,3.3764,5.7153,0.0009,0.0000,0,0,0.0000,0,0.0000,0,0,0,606,0
2510,3.2815,10.6803,0.0010,0.0000,0,0,0.0000,0,0.0000,0,0,0,1017,0
2511,3.1241,10.6675,0.0011,0.0000,0,0,0.0000,0,0.0000,0,0,0,705,0
2512,5.9434,5.9109,0.0015,0.0000,0,0,0.0000,0,0.0000,0,0,0,646,0
2513,3.3764,5.8154,0.0053,0.0000,0,0,0.0000,0,0.0000,0,0,0,607,0
2514,3.2815,10.8385,0.0013,0.0000,0,0,0.0000,0,0.0000,0,0,0,933,0
2515,3.1241,10.8113,0.0009,0.0000,0,0,0.0000,0,0.0000,0,0,0,703,0
2516,5.9434,6.3987,0.0055,0.0000,0,0,0.0000,0,0.0000,0,0,0,651,0
2517,3.3764,5.8300,0.0026,0.0000,0,0,0.0000,0,0.0000,0,0,0,609,0
2518,3.2815,10.6071,0.0031,0.0000,0,0,0.0000,0,0.0000,0,0,0,926,0
2519,3.1241,10.4440,0.0012,0.0000,0,0,0.0000,0,0.0000,0,0,0,728,0
2520,5.9434,5.7111,0.0032,0.0000,0,0,0.0000,0,0.0000,0,0,0,638,0
2521,3.3764,5.5265,0.0012,0.0000,0,0,0.0000,0,0.0000,0,0,0,601,0
2522,3.2815,10.3174,0.0013,0.0000,0,0,0.0000,0,0.0000,0,0,0,856,0
2523,3.1241,10.3325,0.0008,0.0000,0,0,0.0000,0,0.0000,0,0,0,752,0
2524,5.9434,5.8366,0.0022,0.0000,0,0,0.0000,0,0.0000,0,0,0,623,0
2525,3.3764,5.6093,0.0015,0.0000,0,0,0.0000,0,0.0000,0,0,0,601,0
2526,3.2815,10.3162,0.0019,0.0000,0,0,0.0000,0,0.0000,0,0,0,1082,0
2527,3.1241,10.2990,0.0010,0.0000,0,0,0.0000,0,0.0000,0,0,0,805,0
2528,5.9434,5.8679,0.0036,0.0000,0,0,0.0000,0,0.0000,0,0,0,626,0
2529,3.3764,5.6245,0.0010,0.0000,0,0,0.0000,0,0.0000,0,0,0,601,0
2530,3.2815,10.3310,0.0019,0.0000,0,0,0.0000,0,0.0000,0,0,0,712,0
2531,3.1241,10.2378,0.0010,0.0000,0,0,0.0000,0,0.0000,0,0,0,775,0
2532,5.9434,6.1331,0.0040,0.0000,0,0,0.0000,0,0.0000,0,0,0,622,0
2533,3.3764,5.8701,0.0016,0.0000,0,0,0.0000,0,0.0000,0,0,0,601,0
2534,3.2815,10.6765,0.0010,0.0000,0,0,0.0000,0,0.0000,0,0,0,709,0
2535,3.1241,10.6016,0.0040,0.0000,0,0,0.0000,0,0.0000,0,0,0,911,0
2536,5.9434,5.9396,0.0050,0.0000,0,0,0.0000,0,0.0000,0,0,0,611,0
2537,3.3764,5.7197,0.0009,0.0000,0,0,0.0000,0,0.0000,0,0,0,601,0
2538,3.2815,10.3915,0.0018,0.0000,0,0,0.0000,0,0.0000,0,0,0,723,0
2539,3.1241,10.4182,0.0010,0.0000,0,0,0.0000,0,0.0000,0,0,0,698,0
2540,5.9434,5.9190,0.0073,0.0000,0,0,0.0000,0,0.0000,0,0,0,618,0
2541,3.3764,5.5804,0.0010,0.0000,0,0,0.0000,0,0.0000,0,0,0,601,0
2542,3.2815,10.4572,0.0008,0.0000,0,0,0.0000,0,0.0000,0,0,0,744,0
2543,3.1241,10.4448,0.0018,0.0000,0,0,0.0000,0,0.0000,0,0,0,696,0
2544,5.9434,5.8985,0.0012,0.0000,0,0,0.0000,0,0.0000,0,0,0,605,0
2545,3.3764,5.7322,0.0008,0.0000,0,0,0.0000,0,0.0000,0,0,0,601,0
2546,3.2815,10.4969,0.0011,0.0000,0,0,0.0000,0,0.0000,0,0,0,786,0
2547,3.1241,10.4616,0.0008,0.0000,0,0,0.0000,0,0.0000,0,0,0,704,0
2548,5.9434,5.8814,0.0043,0.0000,0,0,0.0000,0,0.0000,0,0,0,606,0
2549,3.3764,5.6533,0.0006,0.0000,0,0,0.0000,0,0.0000,0,0,0,601,0
2550,3.2815,10.4773,0.0015,0.0000,0,0,0.0000,0,0.0000,0,0,0,780,0
2551,3.1241,10.4119,0.0008,0.0000,0,0,0.0000,0,0.0000,0,0,0,741,0
2552,5.9434,6.0109,0.0028,0.0000,0,0,0.0000,0,0.0000,0,0,0,605,0
2553,3.3764,5.7135,0.0011,0.0000,0,0,0.0000,0,0.0000,0,0,0,601,0
2554,3.2815,10.4589,0.0015,0.0000,0,0,0.0000,0,0.0000,0,0,0,808,0
2555,3.1241,10.5260,0.0008,0.0000,0,0,0.0000,0,0.0000,0,0,0,758,0
2556,5.9434,5.5990,0.0011,0.0000,0,0,0.0000,0,0.0000,0,0,0,606,0
2557,3.3764,5.5197,0.0010,0.0000,0,0,0.0000,0,0.0000,0,0,0,601,0
2558,3.2815,10.5344,0.0010,0.0000,0,0,0.0000,0,0.0000,0,0,0,795,0
2559,3.1241,10.5203,0.0009,0.0000,0,0,0.0000,0,0.0000,0,0,0,738,0
2560,5.9434,5.8703,0.0036,0.0000,0,0,0.0000,0,0.0000,0,0,0,601,0
2561,3.3764,5.6632,0.0011,0.0000,0,0,0.0000,0,0.0000,0,0,0,601,0
2562,3.2815,10.4385,0.0011,0.0000,0,0,0.0000,0,0.0000,0,0,0,771,0
2563,3.1241,10.4339,0.0011,0.0000,0,0,0.0000,0,0.0000,0,0,0,836,0
2564,5.9434,5.7754,0.0012,0.0000,0,0,0.0000,0,0.0000,0,0,0,601,0
2565,3.3764,5.6498,0.0013,0.0000,0,0,0.0000,0,0.0000,0,0,0,601,0
2566,3.2815,10.4043,0.0010,0.0000,0,0,0.0000,0,0.0000,0,0,0,779,0
2567,3.1241,10.3808,0.0010,0.0000,0,0,0.0000,0,0.0000,0,0,0,698,0
2568,5.9434,5.8464,0.0011,0.0000,0,0,0.0000,0,0.0000,0,0,0,601,0
2569,3.3764,5.6866,0.0017,0.0000,0,0,0.0000,0,0.0000,0,0,0,601,0
2570,3.2815,10.4943,0.0014,0.0000,0,0,0.0000,0,0.0000,0,0,0,967,0
2571,3.1241,10.4732,0.0012,0.0000,0,0,0.0000,0,0.0000,0,0,0,696,0
2572,5.9434,5.9453,0.0018,0.0000,0,0,0.0000,0,0.0000,0,0,0,601,0
2573,3.3764,5.7044,0.0014,0.0000,0,0,0.0000,0,0.0000,0,0,0,601,0
2574,3.2815,10.6090,0.0010,0.0000,0,0,0.0000,0,0.0000,0,0,0,710,0
2575,3.1241,10.5605,0.0010,0.0000,0,0,0.0000,0,0.0000,0,0,0,700,0
2576,5.9434,5.9285,0.0030,0.0000,0,0,0.0000,0,0.0000,0,0,0,601,0
2577,3.3764,5.7344,0.0025,0.0000,0,0,0.0000,0,0.0000,0,0,0,601,0
2578,3.2815,10.5940,0.0010,0.0000,0,0,0.0000,0,0.0000,0,0,0,703,0
2579,3.1241,10.5056,0.0015,0.0000,0,0,0.0000,0,0.0000,0,0,0,721,0
2580,5.9434,6.2944,0.0069,0.0000,0,0,0.0000,0,0.0000,0,0,0,601,0
2581,3.3764,5.9335,0.0020,0.0000,0,0,0.0000,0,0.0000,0,0,0,601,0
2582,3.2815,10.5436,0.0070,0.0000,0,0,0.0000,0,0.0000,0,0,0,708,0
2583,3.1241,10.4383,0.0006,0.0000,0,0,0.0000,0,0.0000,0,0,0,783,0
2584,5.9434,6.2916,0.0051,0.0000,0,0,0.0000,0,0.0000,0,0,0,601,0
2585,3.3764,5.8456,0.0016,0.0000,0,0,0.0000,0,0.0000,0,0,0,601,0
2586,3.2815,10.7016,0.0034,0.0000,0,0,0.0000,0,0.0000,0,0,0,751,0
2587,3.1241,10.5993,0.0009,0.0000,0,0,0.0000,0,0.0000,0,0,0,755,0
2588,5.9434,6.1527,0.0048,0.0000,0,0,0.0000,0,0.0000,0,0,0,601,0
2589,3.3764,5.7746,0.0013,0.0000,0,0,0.0000,0,0.0000,0,0,0,601,0
2590,3.2815,10.6779,0.0010,0.0000,0,0,0.0000,0,0.0000,0,0,0,762,0
2591,3.1241,10.6545,0.0005,0.0000,0,0,0.0000,0,0.0000,0,0,0,801,0
2592,5.9434,5.7875,0.0011,0.0000,0,0,0.0000,0,0.0000,0,0,0,601,0
2593,3.3764,5.7073,0.0005,0.0000,0,0,0.0000,0,0.0000,0,0,0,601,0
2594,3.2815,10.5084,0.0012,0.0000,0,0,0.0000,0,0.0000,0,0,0,747,0
2595,3.1241,10.9185,0.0137,0.0000,0,0,0.0000,0,0.0000,0,0,0,696,0
2596,5.9434,6.3980,0.0105,0.0000,0,0,0.0000,0,0.0000,0,0,0,601,0
2597,3.3764,5.9929,0.0023,0.0000,0,0,0.0000,0,0.0000,0,0,0,601,0
2598,3.2815,10.4537,0.0051,0.0000,0,0,0.0000,0,0.0000,0,0,0,830,0
2599,3.1241,10.4253,0.0040,0.0000,0,0,0.0000,0,0.0000,0,0,0,701,0
2600,5.9434,6.7767,0.0036,0.0000,0,0,0.0000,0,0.0000,0,0,0,601,0
2601,3.3764,5.8287,0.0028,0.0000,0,0,0.0000,0,0.0000,0,0,0,601,0
2602,3.2815,10.3679,0.0010,0.0000,0,0,0.0000,0,0.0000,0,0,0,769,0
2603,3.1241,10.2408,0.0006,0.0000,0,0,0.0000,0,0.0000,0,0,0,696,0
2604,5.9434,6.1049,0.0018,0.0000,0,0,0.0000,0,0.0000,0,0,0,601,0
2605,3.3764,5.7098,0.0012,0.0000,0,0,0.0000,0,0.0000,0,0,0,601,0
2606,3.2815,10.4510,0.0015,0.0000,0,0,0.0000,0,0.0000,0,0,0,728,0
2607,3.1241,10.3550,0.0005,0.0000,0,0,0.0000,0,0.0000,0,0,0,717,0
2608,5.9434,5.8363,0.0026,0.0000,0,0,0.0000,0,0.0000,0,0,0,601,0
2609,3.3764,5.5532,0.0006,0.0000,0,0,0.0000,0,0.0000,0,0,0,601,0
2610,3.2815,10.2568,0.0010,0.0000,0,0,0.0000,0,0.0000,0,0,0,726,0
2611,3.1241,10.2495,0.0005,0.0000,0,0,0.0000,0,0.0000,0,0,0,731,0
2612,5.9434,5.9918,0.0014,0.0000,0,0,0.0000,0,0.0000,0,0,0,601,0
2613,3.3764,5.6554,0.0012,0.0000,0,0,0.0000,0,0.0000,0,0,0,601,0
2614,3.2815,10.5648,0.0014,0.0000,0,0,0.0000,0,0.0000,0,0,0,833,0
2615,3.1241,10.5528,0.0008,0.0000,0,0,0.0000,0,0.0000,0,0,0,722,0
2616,5.9434,5.7354,0.0029,0.0000,0,0,0.0000,0,0.0000,0,0,0,601,0
2617,3.3764,5.6321,0.0010,0.0000,0,0,0.0000,0,0.0000,0,0,0,601,0
2618,3.2815,10.3921,0.0008,0.0000,0,0,0.0000,0,0.0000,0,0,0,696,0
2619,3.1241,10.3778,0.0007,0.0000,0,0,0.0000,0,0.0000,0,0,0,758,0
2620,5.9434,5.8870,0.0040,0.0000,0,0,0.0000,0,0.0000,0,0,0,601,0
2621,3.3764,5.6857,0.0013,0.0000,0,0,0.0000,0,0.0000,0,0,0,601,0
2622,3.2815,10.5715,0.0009,0.0000,0,0,0.0000,0,0.0000,0,0,0,696,0
2623,3.1241,10.5558,0.0008,0.0000,0,0,0.0000,0,0.0000,0,0,0,696,0
2624,5.9434,5.7326,0.0014,0.0000,0,0,0.0000,0,0.0000,0,0,0,601,0
2625,3.3764,5.6199,0.0008,0.0000,0,0,0.0000,0,0.0000,0,0,0,601,0
2626,3.2815,10.3686,0.0010,0.0000,0,0,0.0000,0,0.0000,0,0,0,696,0
2627,3.1241,10.3872,0.0009,0.0000,0,0,0.0000,0,0.0000,0,0,0,705,0
2628,5.9434,5.6714,0.0010,0.0000,0,0,0.0000,0,0.0000,0,0,0,601,0
2629,3.3764,5.5709,0.0010,0.0000,0,0,0.0000,0,0.0000,0,0,0,601,0
2630,3.2815,10.2830,0.0030,0.0000,0,0,0.0000,0,0.0000,0,0,0,696,0
2631,3.1241,10.2932,0.0010,0.0000,0,0,0.0000,0,0.0000,0,0,0,707,0
2632,5.9434,5.9402,0.0031,0.0000,0,0,0.0000,0,0.0000,0,0,0,601,0
2633,3.3764,5.6489,0.0011,0.0000,0,0,0.0000,0,0.0000,0,0,0,601,0
2634,3.2815,10.5283,0.0008,0.0000,0,0,0.0000,0,0.0000,0,0,0,701,0
2635,3.1241,10.5079,0.0006,0.0000,0,0,0.0000,0,0.0000,0,0,0,707,0
2636,5.9434,5.7530,0.0011,0.0000,0,0,0.0000,0,0.0000,0,0,0,601,0
2637,3.3764,5.6268,0.0008,0.0000,0,0,0.0000,0,0.0000,0,0,0,601,0
2638,3.2815,10.3964,0.0010,0.0000,0,0,0.0000,0,0.0000,0,0,0,703,0
2639,3.1241,10.4479,0.0010,0.0000,0,0,0.0000,0,0.0000,0,0,0,736,0
2640,5.9434,5.6265,0.0019,0.0000,0,0,0.0000,0,0.0000,0,0,0,601,0
2641,3.3764,5.5209,0.0009,0.0000,0,0,0.0000,0,0.0000,0,0,0,601,0
2642,3.2815,10.3120,0.0022,0.0000,0,0,0.0000,0,0.0000,0,0,0,716,0
2643,3.1241,10.2230,0.0014,0.0000,0,0,0.0000,0,0.0000,0,0,0,719,0
2644,5.9434,5.7381,0.0033,0.0000,0,0,0.0000,0,0.0000,0,0,0,601,0
2645,3.3764,5.5396,0.0010,0.0000,0,0,0.0000,0,0.0000,0,0,0,601,0
2646,3.2815,10.3758,0.0010,0.0000,0,0,0.0000,0,0.0000,0,0,0,714,0
2647,3.1241,10.3865,0.0007,0.0000,0,0,0.0000,0,0.0000,0,0,0,775,0
2648,5.9434,5.9338,0.0020,0.0000,0,0,0.0000,0,0.0000,0,0,0,601,0
2649,3.3764,5.5614,0.0009,0.0000,0,0,0.0000,0,0.0000,0,0,0,601,0
2650,3.2815,10.3533,0.0018,0.0000,0,0,0.0000,0,0.0000,0,0,0,717,0
2651,3.1241,10.3619,0.0009,0.0000,0,0,0.0000,0,0.0000,0,0,0,701,0
2652,5.9434,5.9784,0.0022,0.0000,0,0,0.0000,0,0.0000,0,0,0,601,0
2653,3.3764,5.7285,0.0013,0.0000,0,0,0.0000,0,0.0000,0,0,0,601,0
2654,3.2815,10.5615,0.0010,0.0000,0,0,0.0000,0,0.0000,0,0,0,711,0
2655,3.1241,10.5391,0.0006,0.0000,0,0,0.0000,0,0.0000,0,0,0,701,0
2656,5.9434,5.7860,0.0022,0.0000,0,0,0.0000,0,0.0000,0,0,0,601,0
2657,3.3764,5.5863,0.0009,0.0000,0,0,0.0000,0,0.0000,0,0,0,601,0
2658,3.2815,10.6022,0.0042,0.0000,0,0,0.0000,0,0.0000,0,0,0,763,0
2659,3.1241,10.5135,0.0042,0.0000,0,0,0.0000,0,0.0000,0,0,0,701,0
2660,5.9434,5.9592,0.0037,0.0000,0,0,0.0000,0,0.0000,0,0,0,601,0
2661,3.3764,5.6420,0.0006,0.0000,0,0,0.0000,0,0.0000,0,0,0,601,0
2662,3.2815,10.3810,0.0012,0.0000,0,0,0.0000,0,0.0000,0,0,0,696,0
2663,3.1241,10.3671,0.0006,0.0000,0,0,0.0000,0,0.0000,0,0,0,715,0
2664,5.9434,5.9484,0.0014,0.0000,0,0,0.0000,0,0.0000,0,0,0,601,0
2665,3.3764,5.6912,0.0010,0.0000,0,0,0.0000,0,0.0000,0,0,0,601,0
2666,3.2815,10.5369,0.0007,0.0000,0,0,0.0000,0,0.0000,0,0,0,696,0
2667,3.1241,10.5539,0.0006,0.0000,0,0,0.0000,0,0.0000,0,0,0,726,0
2668,5.9434,5.8155,0.0013,0.0000,0,0,0.0000,0,0.0000,0,0,0,601,0
2669,3.3764,5.7123,0.0010,0.0000,0,0,0.0000,0,0.0000,0,0,0,601,0
2670,3.2815,10.3550,0.0011,0.0000,0,0,0.0000,0,0.0000,0,0,0,696,0
2671,3.1241,10.4920,0.0013,0.0000,0,0,0.0000,0,0.0000,0,0,0,714,0
2672,5.9434,5.7213,0.0031,0.0000,0,0,0.0000,0,0.0000,0,0,0,601,0
2673,3.3764,5.5418,0.0007,0.0000,0,0,0.0000,0,0.0000,0,0,0,601,0
2674,3.2815,10.4720,0.0027,0.0000,0,0,0.0000,0,0.0000,0,0,0,696,0
2675,3.1241,10.4110,0.0007,0.0000,0,0,0.0000,0,0.0000,0,0,0,789,0
2676,5.9434,5.8430,0.0029,0.0000,0,0,0.0000,0,0.0000,0,0,0,601,0
2677,3.3764,5.6022,0.0011,0.0000,0,0,0.0000,0,0.0000,0,0,0,601,0
2678,3.2815,10.4640,0.0031,0.0000,0,0,0.0000,0,0.0000,0,0,0,717,0
2679,3.1241,10.4569,0.0043,0.0000,0,0,0.0000,0,0.0000,0,0,0,703,0
2680,5.9434,5.9158,0.0032,0.0000,0,0,0.0000,0,0.0000,0,0,0,601,0
2681,3.3764,5.6217,0.0011,0.0000,0,0,0.0000,0,0.0000,0,0,0,601,0
2682,3.2815,10.3906,0.0029,0.0000,0,0,0.0000,0,0.0000,0,0,0,716,0
2683,3.1241,10.2018,0.0029,0.0000,0,0,0.0000,0,0.0000,0,0,0,705,0
2684,5.9434,5.8513,0.0035,0.0000,0,0,0.0000,0,0.0000,0,0,0,601,0
2685,3.3764,5.6455,0.0027,0.0000,0,0,0.0000,0,0.0000,0,0,0,601,0
2686,3.2815,10.5229,0.0026,0.0000,0,0,0.0000,0,0.0000,0,0,0,745,0
2687,3.1241,10.4356,0.0033,0.0000,0,0,0.0000,0,0.0000,0,0,0,700,0
2688,5.9434,6.2050,0.0075,0.0000,0,0,0.0000,0,0.0000,0,0,0,601,0
2689,3.3764,5.7519,0.0075,0.0000,0,0,0.0000,0,0.0000,0,0,0,601,0
2690,3.2815,10.5518,0.0025,0.0000,0,0,0.0000,0,0.0000,0,0,0,737,0
2691,3.1241,10.4803,0.0011,0.0000,0,0,0.0000,0,0.0000,0,0,0,706,0
2692,5.9434,5.8499,0.0028,0.0000,0,0,0.0000,0,0.0000,0,0,0,601,0
2693,3.3764,5.6190,0.0012,0.0000,0,0,0.0000,0,0.0000,0,0,0,601,0
2694,3.2815,10.5873,0.0028,0.0000,0,0,0.0000,0,0.0000,0,0,0,718,0
2695,3.1241,10.5367,0.0006,0.0000,0,0,0.0000,0,0.0000,0,0,0,723,0
2696,5.9434,5.9439,0.0018,0.0000,0,0,0.0000,0,0.0000,0,0,0,601,0
2697,3.3764,5.6417,0.0006,0.0000,0,0,0.0000,0,0.0000,0,0,0,601,0
2698,3.2815,10.5606,0.0009,0.0000,0,0,0.0000,0,0.0000,0,0,0,719,0
2699,3.1241,10.5592,0.0006,0.0000,0,0,0.0000,0,0.0000,0,0,0,714,0
2700,5.9434,5.8309,0.0017,0.0000,0,0,0.0000,0,0.0000,0,0,0,601,0
2701,3.3764,5.7104,0.0008,0.0000,0,0,0.0000,0,0.0000,0,0,0,601,0
2702,3.2815,10.3777,0.0010,0.0000,0,0,0.0000,0,0.0000,0,0,0,747,0
2703,3.1241,10.4659,0.0008,0.0000,0,0,0.0000,0,0.0000,0,0,0,769,0
2704,5.9434,5.9466,0.0023,0.0000,0,0,0.0000,0,0.0000,0,0,0,601,0
2705,3.3764,5.7305,0.0013,0.0000,0,0,0.0000,0,0.0000,0,0,0,601,0
2706,3.2815,10.6152,0.0010,0.0000,0,0,0.0000,0,0.0000,0,0,0,696,0
2707,3.1241,10.6287,0.0009,0.0000,0,0,0.0000,0,0.0000,0,0,0,704,0
2708,5.9434,5.6417,0.0014,0.0000,0,0,0.0000,0,0.0000,0,0,0,601,0
2709,3.3764,5.5918,0.0010,0.0000,0,0,0.0000,0,0.0000,0,0,0,601,0
2710,3.2815,10.2543,0.0008,0.0000,0,0,0.0000,0,0.0000,0,0,0,696,0
2711,3.1241,10.3809,0.0006,0.0000,0,0,0.0000,0,0.0000,0,0,0,707,0
2712,5.9434,5.6407,0.0038,0.0000,0,0,0.0000,0,0.0000,0,0,0,601,0
2713,3.3764,5.4592,0.0011,0.0000,0,0,0.0000,0,0.0000,0,0,0,601,0
2714,3.2815,10.2703,0.0010,0.0000,0,0,0.0000,0,0.0000,0,0,0,696,0
2715,3.1241,10.2856,0.0006,0.0000,0,0,0.0000,0,0.0000,0,0,0,714,0
2716,5.9434,6.0441,0.0107,0.0000,0,0,0.0000,0,0.0000,0,0,0,601,0
2717,3.3764,5.7376,0.0009,0.0000,0,0,0.0000,0,0.0000,0,0,0,601,0
2718,3.2815,10.4953,0.0006,0.0000,0,0,0.0000,0,0.0000,0,0,0,696,0
2719,3.1241,10.5279,0.0010,0.0000,0,0,0.0000,0,0.0000,0,0,0,709,0
2720,5.9434,5.7641,0.0012,0.0000,0,0,0.0000,0,0.0000,0,0,0,601,0
2721,3.3764,5.6546,0.0010,0.0000,0,0,0.0000,0,0.0000,0,0,0,601,0
2722,3.2815,10.4309,0.0010,0.0000,0,0,0.0000,0,0.0000,0,0,0,696,0
2723,3.1241,10.4188,0.0010,0.0000,0,0,0.0000,0,0.0000,0,0,0,732,0
2724,5.9434,5.8095,0.0011,0.0000,0,0,0.0000,0,0.0000,0,0,0,601,0
2725,3.3764,5.6872,0.0013,0.0000,0,0,0.0000,0,0.0000,0,0,0,601,0
2726,3.2815,10.5152,0.0022,0.0000,0,0,0.0000,0,0.0000,0,0,0,696,0
2727,3.1241,10.4334,0.0015,0.0000,0,0,0.0000,0,0.0000,0,0,0,719,0
2728,5.9434,5.8209,0.0032,0.0000,0,0,0.0000,0,0.0000,0,0,0,601,0
2729,3.3764,5.6123,0.0008,0.0000,0,0,0.0000,0,0.0000,0,0,0,601,0
2730,3.2815,10.2287,0.0035,0.0000,0,0,0.0000,0,0.0000,0,0,0,708,0
2731,3.1241,10.1825,0.0010,0.0000,0,0,0.0000,0,0.0000,0,0,0,751,0
2732,5.9434,6.1545,0.0030,0.0000,0,0,0.0000,0,0.0000,0,0,0,601,0
2733,3.3764,5.6894,0.0015,0.0000,0,0,0.0000,0,0.0000,0,0,0,601,0
2734,3.2815,10.5597,0.0007,0.0000,0,0,0.0000,0,0.0000,0,0,0,708,0
2735,3.1241,10.5342,0.0006,0.0000,0,0,0.0000,0,0.0000,0,0,0,696,0
2736,5.9434,5.8494,0.0010,0.0000,0,0,0.0000,0,0.0000,0,0,0,601,0
2737,3.3764,5.6524,0.0008,0.0000,0,0,0.0000,0,0.0000,0,0,0,601,0
2738,3.2815,10.5293,0.0007,0.0000,0,0,0.0000,0,0.0000,0,0,0,706,0
2739,3.1241,10.4944,0.0007,0.0000,0,0,0.0000,0,0.0000,0,0,0,701,0
2740,5.9434,5.7055,0.0012,0.0000,0,0,0.0000,0,0.0000,0,0,0,601,0
2741,3.3764,5.5934,0.0007,0.0000,0,0,0.0000,0,0.0000,0,0,0,601,0
2742,3.2815,10.4181,0.0008,0.0000,0,0,0.0000,0,0.0000,0,0,0,707,0
2743,3.1241,10.4162,0.0007,0.0000,0,0,0.0000,0,0.0000,0,0,0,703,0
2744,5.9434,5.9143,0.0015,0.0000,0,0,0.0000,0,0.0000,0,0,0,601,0
2745,3.3764,5.7369,0.0017,0.0000,0,0,0.0000,0,0.0000,0,0,0,601,0
2746,3.2815,10.5878,0.0011,0.0000,0,0,0.0000,0,0.0000,0,0,0,723,0
2747,3.1241,10.6153,0.0013,0.0000,0,0,0.0000,0,0.0000,0,0,0,707,0
2748,5.9434,5.7707,0.0014,0.0000,0,0,0.0000,0,0.0000,0,0,0,601,0
2749,3.3764,5.5922,0.0018,0.0000,0,0,0.0000,0,0.0000,0,0,0,601,0
2750,3.2815,10.3221,0.0012,0.0000,0,0,0.0000,0,0.0000,0,0,0,696,0
2751,3.1241,10.3249,0.0012,0.0000,0,0,0.0000,0,0.0000,0,0,0,708,0
2752,5.9434,5.6482,0.0013,0.0000,0,0,0.0000,0,0.0000,0,0,0,601,0
2753,3.3764,5.5565,0.0017,0.0000,0,0,0.0000,0,0.0000,0,0,0,601,0
2754,3.2815,10.3547,0.0012,0.0000,0,0,0.0000,0,0.0000,0,0,0,696,0
2755,3.1241,10.3432,0.0017,0.0000,0,0,0.0000,0,0.0000,0,0,0,712,0
2756,5.9434,5.8630,0.0042,0.0000,0,0,0.0000,0,0.0000,0,0,0,601,0
2757,3.3764,5.6383,0.0015,0.0000,0,0,0.0000,0,0.0000,0,0,0,601,0
2758,3.2815,10.2723,0.0013,0.0000,0,0,0.0000,0,0.0000,0,0,0,696,0
2759,3.1241,10.2325,0.0013,0.0000,0,0,0.0000,0,0.0000,0,0,0,754,0
2760,5.9434,6.1393,0.0040,0.0000,0,0,0.0000,0,0.0000,0,0,0,601,0
2761,3.3764,5.6724,0.0015,0.0000,0,0,0.0000,0,0.0000,0,0,0,601,0
2762,3.2815,10.4153,0.0022,0.0000,0,0,0.0000,0,0.0000,0,0,0,696,0
2763,3.1241,10.2457,0.0014,0.0000,0,0,0.0000,0,0.0000,0,0,0,696,0
2764,5.9434,5.9023,0.0041,0.0000,0,0,0.0000,0,0.0000,0,0,0,601,0
2765,3.3764,5.6336,0.0013,0.0000,0,0,0.0000,0,0.0000,0,0,0,601,0
2766,3.2815,10.4976,0.0011,0.0000,0,0,0.0000,0,0.0000,0,0,0,701,0
2767,3.1241,10.4574,0.0012,0.0000,0,0,0.0000,0,0.0000,0,0,0,706,0
2768,5.9434,5.7676,0.0019,0.0000,0,0,0.0000,0,0.0000,0,0,0,601,0
2769,3.3764,5.6778,0.0013,0.0000,0,0,0.0000,0,0.0000,0,0,0,601,0
2770,3.2815,10.2190,0.0008,0.0000,0,0,0.0000,0,0.0000,0,0,0,696,0
2771,3.1241,10.3105,0.0007,0.0000,0,0,0.0000,0,0.0000,0,0,0,700,0
2772,5.9434,5.6800,0.0014,0.0000,0,0,0.0000,0,0.0000,0,0,0,601,0
2773,3.3764,5.6300,0.0012,0.0000,0,0,0.0000,0,0.0000,0,0,0,601,0
2774,3.2815,10.3363,0.0008,0.0000,0,0,0.0000,0,0.0000,0,0,0,707,0
2775,3.1241,10.3978,0.0008,0.0000,0,0,0.0000,0,0.0000,0,0,0,704,0
2776,5.9434,5.7254,0.0015,0.0000,0,0,0.0000,0,0.0000,0,0,0,601,0
2777,3.3764,5.5908,0.0009,0.0000,0,0,0.0000,0,0.0000,0,0,0,601,0
2778,3.2815,10.2625,0.0010,0.0000,0,0,0.0000,0,0.0000,0,0,0,701,0
2779,3.1241,10.1983,0.0010,0.0000,0,0,0.0000,0,0.0000,0,0,0,715,0
2780,5.9434,5.7506,0.0043,0.0000,0,0,0.0000,0,0.0000,0,0,0,601,0
2781,3.3764,5.5776,0.0013,0.0000,0,0,0.0000,0,0.0000,0,0,0,601,0
2782,3.2815,10.2796,0.0020,0.0000,0,0,0.0000,0,0.0000,0,0,0,702,0
2783,3.1241,10.2655,0.0010,0.0000,0,0,0.0000,0,0.0000,0,0,0,700,0
2784,5.9434,5.8308,0.0032,0.0000,0,0,0.0000,0,0.0000,0,0,0,601,0
2785,3.3764,5.6086,0.0012,0.0000,0,0,0.0000,0,0.0000,0,0,0,601,0
2786,3.2815,10.4563,0.0011,0.0000,0,0,0.0000,0,0.0000,0,0,0,711,0
2787,3.1241,10.4141,0.0007,0.0000,0,0,0.0000,0,0.0000,0,0,0,764,0
2788,5.9434,5.8045,0.0012,0.0000,0,0,0.0000,0,0.0000,0,0,0,601,0
2789,3.3764,5.6979,0.0009,0.0000,0,0,0.0000,0,0.0000,0,0,0,601,0
2790,3.2815,10.4677,0.0008,0.0000,0,0,0.0000,0,0.0000,0,0,0,722,0
2791,3.1241,10.4280,0.0008,0.0000,0,0,0.0000,0,0.0000,0,0,0,696,0
2792,5.9434,5.7786,0.0012,0.0000,0,0,0.0000,0,0.0000,0,0,0,601,0
2793,3.3764,5.6524,0.0013,0.0000,0,0,0.0000,0,0.0000,0,0,0,601,0
2794,3.2815,10.4305,0.0007,0.0000,0,0,0.0000,0,0.0000,0,0,0,696,0
2795,3.1241,10.4584,0.0007,0.0000,0,0,0.0000,0,0.0000,0,0,0,696,0
2796,5.9434,5.8053,0.0013,0.0000,0,0,0.0000,0,0.0000,0,0,0,601,0
2797,3.3764,5.6113,0.0012,0.0000,0,0,0.0000,0,0.0000,0,0,0,601,0
2798,3.2815,10.3118,0.0009,0.0000,0,0,0.0000,0,0.0000,0,0,0,696,0
2799,3.1241,10.2288,0.0006,0.0000,0,0,0.0000,0,0.0000,0,0,0,696,0
2800,5.9434,5.7382,0.0035,0.0000,0,0,0.0000,0,0.0000,0,0,0,601,0
2801,3.3764,5.5533,0.0011,0.0000,0,0,0.0000,0,0.0000,0,0,0,601,0
2802,3.2815,10.3127,0.0024,0.0000,0,0,0.0000,0,0.0000,0,0,0,696,0
2803,3.1241,10.3995,0.0035,0.0000,0,0,0.0000,0,0.0000,0,0,0,700,0
2804,5.9434,5.9298,0.0329,0.0000,0,0,0.0000,0,0.0000,0,0,0,601,0
2805,3.3764,5.5582,0.0011,0.0000,0,0,0.0000,0,0.0000,0,0,0,601,0
2806,3.2815,10.3165,0.0020,0.0000,0,0,0.0000,0,0.0000,0,0,0,705,0
2807,3.1241,10.2827,0.0013,0.0000,0,0,0.0000,0,0.0000,0,0,0,702,0
2808,5.9434,5.9764,0.0031,0.0000,0,0,0.0000,0,0.0000,0,0,0,601,0
2809,3.3764,5.6985,0.0010,0.0000,0,0,0.0000,0,0.0000,0,0,0,601,0
2810,3.2815,10.4693,0.0009,0.0000,0,0,0.0000,0,0.0000,0,0,0,708,0
2811,3.1241,10.4810,0.0008,0.0000,0,0,0.0000,0,0.0000,0,0,0,706,0
2812,5.9434,5.7505,0.0013,0.0000,0,0,0.0000,0,0.0000,0,0,0,601,0
2813,3.3764,5.6370,0.0012,0.0000,0,0,0.0000,0,0.0000,0,0,0,601,0
2814,3.2815,10.3838,0.0017,0.0000,0,0,0.0000,0,0.0000,0,0,0,707,0
2815,3.1241,10.3312,0.0013,0.0000,0,0,0.0000,0,0.0000,0,0,0,721,0
2816,5.9434,5.9461,0.0037,0.0000,0,0,0.0000,0,0.0000,0,0,0,601,0
2817,3.3764,5.6397,0.0013,0.0000,0,0,0.0000,0,0.0000,0,0,0,601,0
2818,3.2815,10.4009,0.0016,0.0000,0,0,0.0000,0,0.0000,0,0,0,708,0
2819,3.1241,10.3687,0.0010,0.0000,0,0,0.0000,0,0.0000,0,0,0,696,0
2820,5.9434,5.9399,0.0022,0.0000,0,0,0.0000,0,0.0000,0,0,0,601,0
2821,3.3764,5.6959,0.0008,0.0000,0,0,0.0000,0,0.0000,0,0,0,601,0
2822,3.2815,10.5315,0.0027,0.0000,0,0,0.0000,0,0.0000,0,0,0,706,0
2823,3.1241,10.4412,0.0008,0.0000,0,0,0.0000,0,0.0000,0,0,0,696,0
2824,5.9434,5.8900,0.0098,0.0000,0,0,0.0000,0,0.0000,0,0,0,601,0
2825,3.3764,5.6325,0.0015,0.0000,0,0,0.0000,0,0.0000,0,0,0,601,0
2826,3.2815,10.5415,0.0013,0.0000,0,0,0.0000,0,0.0000,0,0,0,711,0
2827,3.1241,10.4789,0.0007,0.0000,0,0,0.0000,0,0.0000,0,0,0,696,0
2828,5.9434,5.8667,0.0018,0.0000,0,0,0.0000,0,0.0000,0,0,0,601,0
2829,3.3764,5.6830,0.0011,0.0000,0,0,0.0000,0,0.0000,0,0,0,601,0
2830,3.2815,10.4312,0.0008,0.0000,0,0,0.0000,0,0.0000,0,0,0,706,0
2831,3.1241,10.4689,0.0007,0.0000,0,0,0.0000,0,0.0000,0,0,0,702,0
2832,5.9434,5.6700,0.0014,0.0000,0,0,0.0000,0,0.0000,0,0,0,601,0
2833,3.3764,5.6470,0.0009,0.0000,0,0,0.0000,0,0.0000,0,0,0,601,0
2834,3.2815,10.1058,0.0011,0.0000,0,0,0.0000,0,0.0000,0,0,0,748,0
2835,3.1241,10.2013,0.0009,0.0000,0,0,0.0000,0,0.0000,0,0,0,702,0
2836,5.9434,5.9246,0.0020,0.0000,0,0,0.0000,0,0.0000,0,0,0,601,0
2837,3.3764,5.6537,0.0018,0.0000,0,0,0.0000,0,0.0000,0,0,0,601,0
2838,3.2815,10.4920,0.0012,0.0000,0,0,0.0000,0,0.0000,0,0,0,696,0
2839,3.1241,10.4678,0.0014,0.0000,0,0,0.0000,0,0.0000,0,0,0,702,0
2840,5.9434,5.7050,0.0017,0.0000,0,0,0.0000,0,0.0000,0,0,0,601,0
2841,3.3764,5.6050,0.0013,0.0000,0,0,0.0000,0,0.0000,0,0,0,601,0
2842,3.2815,10.3545,0.0015,0.0000,0,0,0.0000,0,0.0000,0,0,0,696,0
2843,3.1241,10.2574,0.0008,0.0000,0,0,0.0000,0,0.0000,0,0,0,742,0
2844,5.9434,5.8745,0.0016,0.0000,0,0,0.0000,0,0.0000,0,0,0,601,0
2845,3.3764,5.6837,0.0012,0.0000,0,0,0.0000,0,0.0000,0,0,0,601,0
2846,3.2815,10.3428,0.0016,0.0000,0,0,0.0000,0,0.0000,0,0,0,696,0
2847,3.1241,10.3183,0.0012,0.0000,0,0,0.0000,0,0.0000,0,0,0,696,0
2848,5.9434,5.8848,0.0041,0.0000,0,0,0.0000,0,0.0000,0,0,0,601,0
2849,3.3764,5.5940,0.0014,0.0000,0,0,0.0000,0,0.0000,0,0,0,601,0
2850,3.2815,10.2448,0.0015,0.0000,0,0,0.0000,0,0.0000,0,0,0,696,0
2851,3.1241,10.1840,0.0015,0.0000,0,0,0.0000,0,0.0000,0,0,0,696,0
2852,5.9434,6.0906,0.0063,0.0000,0,0,0.0000,0,0.0000,0,0,0,601,0
2853,3.3764,5.6853,0.0030,0.0000,0,0,0.0000,0,0.0000,0,0,0,601,0
2854,3.2815,10.4504,0.0028,0.0000,0,0,0.0000,0,0.0000,0,0,0,702,0
2855,3.1241,10.3425,0.0014,0.0000,0,0,0.0000,0,0.0000,0,0,0,696,0
2856,5.9434,6.0770,0.0032,0.0000,0,0,0.0000,0,0.0000,0,0,0,601,0
2857,3.3764,5.6666,0.0032,0.0000,0,0,0.0000,0,0.0000,0,0,0,601,0
2858,3.2815,10.4994,0.0009,0.0000,0,0,0.0000,0,0.0000,0,0,0,701,0
2859,3.1241,10.4875,0.0010,0.0000,0,0,0.0000,0,0.0000,0,0,0,696,0
2860,5.9434,6.0751,0.0022,0.0000,0,0,0.0000,0,0.0000,0,0,0,601,0
2861,3.3764,5.7372,0.0015,0.0000,0,0,0.0000,0,0.0000,0,0,0,601,0
2862,3.2815,10.3101,0.0013,0.0000,0,0,0.0000,0,0.0000,0,0,0,704,0
2863,3.1241,10.3876,0.0016,0.0000,0,0,0.0000,0,0.0000,0,0,0,701,0
2864,5.9434,5.8617,0.0033,0.0000,0,0,0.0000,0,0.0000,0,0,0,601,0
2865,3.3764,5.5706,0.0012,0.0000,0,0,0.0000,0,0.0000,0,0,0,601,0
2866,3.2815,10.5349,0.0015,0.0000,0,0,0.0000,0,0.0000,0,0,0,701,0
2867,3.1241,10.4986,0.0007,0.0000,0,0,0.0000,0,0.0000,0,0,0,700,0
2868,5.9434,5.8882,0.0018,0.0000,0,0,0.0000,0,0.0000,0,0,0,601,0
2869,3.3764,5.6132,0.0013,0.0000,0,0,0.0000,0,0.0000,0,0,0,601,0
2870,3.2815,10.3372,0.0010,0.0000,0,0,0.0000,0,0.0000,0,0,0,701,0
2871,3.1241,10.3100,0.0010,0.0000,0,0,0.0000,0,0.0000,0,0,0,720,0
2872,5.9434,5.7559,0.0012,0.0000,0,0,0.0000,0,0.0000,0,0,0,601,0
2873,3.3764,5.6495,0.0013,0.0000,0,0,0.0000,0,0.0000,0,0,0,601,0
2874,3.2815,10.3263,0.0014,0.0000,0,0,0.0000,0,0.0000,0,0,0,702,0
2875,3.1241,10.5085,0.0011,0.0000,0,0,0.0000,0,0.0000,0,0,0,696,0
2876,5.9434,5.6626,0.0012,0.0000,0,0,0.0000,0,0.0000,0,0,0,601,0
2877,3.3764,5.5670,0.0009,0.0000,0,0,0.0000,0,0.0000,0,0,0,601,0
2878,3.2815,10.3700,0.0018,0.0000,0,0,0.0000,0,0.0000,0,0,0,712,0
2879,3.1241,10.3563,0.0012,0.0000,0,0,0.0000,0,0.0000,0,0,0,696,0
2880,5.9434,5.7643,0.0067,0.0000,0,0,0.0000,0,0.0000,0,0,0,601,0
2881,3.3764,5.6394,0.0016,0.0000,0,0,0.0000,0,0.0000,0,0,0,601,0
2882,3.2815,10.0797,0.0011,0.0000,0,0,0.0000,0,0.0000,0,0,0,696,0
2883,3.1241,10.2187,0.0011,0.0000,0,0,0.0000,0,0.0000,0,0,0,696,0
2884,5.9434,5.8036,0.0017,0.0000,0,0,0.0000,0,0.0000,0,0,0,601,0
2885,3.3764,5.5829,0.0014,0.0000,0,0,0.0000,0,0.0000,0,0,0,601,0
2886,3.2815,10.2430,0.0015,0.0000,0,0,0.0000,0,0.0000,0,0,0,696,0
2887,3.1241,10.2210,0.0010,0.0000,0,0,0.0000,0,0.0000,0,0,0,696,0
2888,5.9434,5.9069,0.0031,0.0000,0,0,0.0000,0,0.0000,0,0,0,601,0
2889,3.3764,5.6172,0.0016,0.0000,0,0,0.0000,0,0.0000,0,0,0,601,0
2890,3.2815,10.2550,0.0019,0.0000,0,0,0.0000,0,0.0000,0,0,0,696,0
2891,3.1241,10.2566,0.0010,0.0000,0,0,0.0000,0,0.0000,0,0,0,705,0
2892,5.9434,5.9953,0.0020,0.0000,0,0,0.0000,0,0.0000,0,0,0,601,0
2893,3.3764,5.6120,0.0011,0.0000,0,0,0.0000,0,0.0000,0,0,0,601,0
2894,3.2815,10.4981,0.0012,0.0000,0,0,0.0000,0,0.0000,0,0,0,696,0
2895,3.1241,10.4616,0.0015,0.0000,0,0,0.0000,0,0.0000,0,0,0,704,0
2896,5.9434,5.9619,0.0017,0.0000,0,0,0.0000,0,0.0000,0,0,0,601,0
2897,3.3764,5.6810,0.0017,0.0000,0,0,0.0000,0,0.0000,0,0,0,601,0
2898,3.2815,15.8346,0.0013,0.0000,0,0,0.0000,0,0.0000,0,0,0,706,0
2899,3.1241,15.8305,0.0012,0.0000,0,0,0.0000,0,0.0000,0,0,0,711,0
2900,5.9434,5.7577,0.0015,0.0000,0,0,0.0000,0,0.0000,0,0,0,601,0
2901,3.3764,5.5503,0.0008,0.0000,0,0,0.0000,0,0.0000,0,0,0,601,0
2902,3.2815,10.4111,0.0023,0.0000,0,0,0.0000,0,0.0000,0,0,0,702,0
2903,3.1241,10.3205,0.0008,0.0000,0,0,0.0000,0,0.0000,0,0,0,696,0
2904,5.9434,6.2139,0.0068,0.0000,0,0,0.0000,0,0.0000,0,0,0,601,0
2905,3.3764,5.7605,0.0068,0.0000,0,0,0.0000,0,0.0000,0,0,0,601,0
2906,3.2815,10.8895,0.0019,0.0000,0,0,0.0000,0,0.0000,0,0,0,702,0
2907,3.1241,10.6771,0.0032,0.0000,0,0,0.0000,0,0.0000,0,0,0,696,0
2908,5.9434,6.1344,0.0027,0.0000,0,0,0.0000,0,0.0000,0,0,0,601,0
2909,3.3764,5.7348,0.0005,0.0000,0,0,0.0000,0,0.0000,0,0,0,601,0
2910,3.2815,10.5106,0.0020,0.0000,0,0,0.0000,0,0.0000,0,0,0,696,0
2911,3.1241,10.4571,0.0015,0.0000,0,0,0.0000,0,0.0000,0,0,0,696,0
2912,5.9434,5.9961,0.0030,0.0000,0,0,0.0000,0,0.0000,0,0,0,601,0
2913,3.3764,5.6789,0.0010,0.0000,0,0,0.0000,0,0.0000,0,0,0,601,0
2914,3.2815,10.2975,0.0015,0.0000,0,0,0.0000,0,0.0000,0,0,0,696,0
2915,3.1241,10.2677,0.0011,0.0000,0,0,0.0000,0,0.0000,0,0,0,696,0
2916,5.9434,5.8525,0.0023,0.0000,0,0,0.0000,0,0.0000,0,0,0,601,0
2917,3.3764,5.5428,0.0013,0.0000,0,0,0.0000,0,0.0000,0,0,0,601,0
2918,3.2815,10.2310,0.0018,0.0000,0,0,0.0000,0,0.0000,0,0,0,696,0
2919,3.1241,10.2681,0.0011,0.0000,0,0,0.0000,0,0.0000,0,0,0,701,0
2920,5.9434,5.8208,0.0041,0.0000,0,0,0.0000,0,0.0000,0,0,0,601,0
2921,3.3764,5.5752,0.0034,0.0000,0,0,0.0000,0,0.0000,0,0,0,601,0
2922,3.2815,10.3393,0.0032,0.0000,0,0,0.0000,0,0.0000,0,0,0,709,0
2923,3.1241,10.2057,0.0012,0.0000,0,0,0.0000,0,0.0000,0,0,0,696,0
2924,5.9434,6.1294,0.0037,0.0000,0,0,0.0000,0,0.0000,0,0,0,601,0
2925,3.3764,6.1179,0.0059,0.0000,0,0,0.0000,0,0.0000,0,0,0,601,0
2926,3.2815,7.1920,0.0021,0.0000,0,0,0.0000,0,0.0000,0,0,0,696,0
2927,3.1241,10.5074,0.0030,0.0000,0,0,0.0000,0,0.0000,0,0,0,707,0
2928,5.9434,6.4570,0.0042,0.0000,0,0,0.0000,0,0.0000,0,0,0,601,0
2929,3.3764,5.8839,0.0013,0.0000,0,0,0.0000,0,0.0000,0,0,0,601,0
2930,3.2815,9.9694,0.0046,0.0000,0,0,0.0000,0,0.0000,0,0,0,696,0
2931,3.1241,10.0977,0.0022,0.0000,0,0,0.0000,0,0.0000,0,0,0,698,0
2932,5.9434,6.2669,0.0197,0.0000,0,0,0.0000,0,0.0000,0,0,0,601,0
2933,3.3764,5.9521,0.0023,0.0000,0,0,0.0000,0,0.0000,0,0,0,601,0
2934,3.2815,10.4485,0.0037,0.0000,0,0,0.0000,0,0.0000,0,0,0,696,0
2935,3.1241,10.3677,0.0031,0.0000,0,0,0.0000,0,0.0000,0,0,0,696,0
2936,5.9434,6.2168,0.0030,0.0000,0,0,0.0000,0,0.0000,0,0,0,601,0
2937,3.3764,5.8143,0.0013,0.0000,0,0,0.0000,0,0.0000,0,0,0,601,0
2938,3.2815,10.1056,0.0030,0.0000,0,0,0.0000,0,0.0000,0,0,0,696,0
2939,3.1241,10.0333,0.0010,0.0000,0,0,0.0000,0,0.0000,0,0,0,696,0
2940,5.9434,5.9116,0.0026,0.0000,0,0,0.0000,0,0.0000,0,0,0,601,0
2941,3.3764,5.6504,0.0008,0.0000,0,0,0.0000,0,0.0000,0,0,0,601,0
2942,3.2815,10.4623,0.0022,0.0000,0,0,0.0000,0,0.0000,0,0,0,696,0
2943,3.1241,10.4350,0.0015,0.0000,0,0,0.0000,0,0.0000,0,0,0,696,0
2944,5.9434,6.4333,0.0057,0.0000,0,0,0.0000,0,0.0000,0,0,0,601,0
2945,3.3764,5.8236,0.0013,0.0000,0,0,0.0000,0,0.0000,0,0,0,601,0
2946,3.2815,10.5333,0.0527,0.0000,0,0,0.0000,0,0.0000,0,0,0,696,0
2947,3.1241,10.5098,0.0031,0.0000,0,0,0.0000,0,0.0000,0,0,0,696,0
2948,5.9434,6.2142,0.0048,0.0000,0,0,0.0000,0,0.0000,0,0,0,601,0
2949,3.3764,5.8009,0.0018,0.0000,0,0,0.0000,0,0.0000,0,0,0,601,0
2950,3.2815,9.9778,0.0057,0.0000,0,0,0.0000,0,0.0000,0,0,0,696,0
2951,3.1241,9.9385,0.0030,0.0000,0,0,0.0000,0,0.0000,0,0,0,696,0
2952,5.9434,6.2835,0.0052,0.0000,0,0,0.0000,0,0.0000,0,0,0,601,0
2953,3.3764,5.8362,0.0025,0.0000,0,0,0.0000,0,0.0000,0,0,0,601,0
2954,3.2815,9.9319,0.0025,0.0000,0,0,0.0000,0,0.0000,0,0,0,696,0
2955,3.1241,10.0835,0.0026,0.0000,0,0,0.0000,0,0.0000,0,0,0,706,0
2956,5.9434,6.0956,0.0059,0.0000,0,0,0.0000,0,0.0000,0,0,0,601,0
2957,3.3764,5.7247,0.0018,0.0000,0,0,0.0000,0,0.0000,0,0,0,601,0
2958,3.2815,10.0691,0.0057,0.0000,0,0,0.0000,0,0.0000,0,0,0,696,0
2959,3.1241,9.8675,0.0022,0.0000,0,0,0.0000,0,0.0000,0,0,0,696,0
2960,5.9434,6.1827,0.0050,0.0000,0,0,0.0000,0,0.0000,0,0,0,601,0
2961,3.3764,5.8212,0.0015,0.0000,0,0,0.0000,0,0.0000,0,0,0,601,0
2962,3.2815,9.7650,0.0030,0.0000,0,0,0.0000,0,0.0000,0,0,0,696,0
2963,3.1241,10.0464,0.0025,0.0000,0,0,0.0000,0,0.0000,0,0,0,696,0
2964,5.9434,6.6242,0.0050,0.0000,0,0,0.0000,0,0.0000,0,0,0,601,0
2965,3.3764,5.7890,0.0016,0.0000,0,0,0.0000,0,0.0000,0,0,0,601,0
2966,3.2815,10.0975,0.0048,0.0000,0,0,0.0000,0,0.0000,0,0,0,701,0
2967,3.1241,9.9785,0.0020,0.0000,0,0,0.0000,0,0.0000,0,0,0,696,0
2968,5.9434,6.3656,0.0058,0.0000,0,0,0.0000,0,0.0000,0,0,0,601,0
2969,3.3764,5.7788,0.0018,0.0000,0,0,0.0000,0,0.0000,0,0,0,601,0
2970,3.2815,9.9502,0.0043,0.0000,0,0,0.0000,0,0.0000,0,0,0,696,0
2971,3.1241,10.1013,0.0027,0.0000,0,0,0.0000,0,0.0000,0,0,0,696,0
2972,5.9434,6.4925,0.0033,0.0000,0,0,0.0000,0,0.0000,0,0,0,601,0
2973,3.3764,6.2947,0.0025,0.0000,0,0,0.0000,0,0.0000,0,0,0,601,0
2974,3.2815,8.9698,0.0026,0.0000,0,0,0.0000,0,0.0000,0,0,0,696,0
2975,3.1241,9.4699,0.0018,0.0000,0,0,0.0000,0,0.0000,0,0,0,696,0
2976,5.9434,6.0003,0.0080,0.0000,0,0,0.0000,0,0.0000,0,0,0,601,0
2977,3.3764,5.6141,0.0018,0.0000,0,0,0.0000,0,0.0000,0,0,0,601,0
2978,3.2815,10.4052,0.0023,0.0000,0,0,0.0000,0,0.0000,0,0,0,696,0
2979,3.1241,10.3418,0.0026,0.0000,0,0,0.0000,0,0.0000,0,0,0,696,0
2980,5.9434,6.1792,0.0043,0.0000,0,0,0.0000,0,0.0000,0,0,0,601,0
2981,3.3764,5.7510,0.0015,0.0000,0,0,0.0000,0,0.0000,0,0,0,601,0
2982,3.2815,10.6637,0.0022,0.0000,0,0,0.0000,0,0.0000,0,0,0,696,0
2983,3.1241,10.5940,0.0015,0.0000,0,0,0.0000,0,0.0000,0,0,0,706,0
2984,5.9434,5.7998,0.0018,0.0000,0,0,0.0000,0,0.0000,0,0,0,601,0
2985,3.3764,5.6243,0.0015,0.0000,0,0,0.0000,0,0.0000,0,0,0,601,0
2986,3.2815,10.3897,0.0009,0.0000,0,0,0.0000,0,0.0000,0,0,0,696,0
2987,3.1241,10.3090,0.0008,0.0000,0,0,0.0000,0,0.0000,0,0,0,696,0
2988,5.9434,5.8761,0.0027,0.0000,0,0,0.0000,0,0.0000,0,0,0,601,0
2989,3.3764,5.9876,0.0053,0.0000,0,0,0.0000,0,0.0000,0,0,0,601,0
2990,3.2815,10.1116,0.0037,0.0000,0,0,0.0000,0,0.0000,0,0,0,696,0
2991,3.1241,10.3257,0.0010,0.0000,0,0,0.0000,0,0.0000,0,0,0,696,0
2992,5.9434,6.2559,0.0007,0.0000,0,0,0.0000,0,0.0000,0,0,0,601,0
2993,3.3764,5.7862,0.0022,0.0000,0,0,0.0000,0,0.0000,0,0,0,601,0
2994,3.2815,10.8338,0.0016,0.0000,0,0,0.0000,0,0.0000,0,0,0,696,0
2995,3.1241,10.5813,0.0011,0.0000,0,0,0.0000,0,0.0000,0,0,0,696,0
2996,5.9434,6.0859,0.0023,0.0000,0,0,0.0000,0,0.0000,0,0,0,601,0
2997,3.3764,5.7297,0.0011,0.0000,0,0,0.0000,0,0.0000,0,0,0,601,0
2998,3.2815,10.4553,0.0029,0.0000,0,0,0.0000,0,0.0000,0,0,0,696,0
2999,3.1241,10.3555,0.0018,0.0000,0,0,0.0000,0,0.0000,0,0,0,703,0
3000,5.9434,49.7476,0.0098,0.0000,0,0,0.0000,0,0.0000,0,1,0,60271,0
3001,3.3764,30.3137,0.0202,0.0000,0,0,0.0000,0,0.0000,0,1,0,43482,0
3002,3.2815,26.4191,0.0060,0.0000,0,0,0.0000,0,0.0000,0,1,0,59828,0
3003,3.1241,26.1461,0.0142,0.0000,0,0,0.0000,0,0.0000,0,1,0,68126,0
3004,5.9434,5.8240,0.0096,0.0000,0,0,0.0000,0,0.0000,0,0,0,16498,0
3005,3.3764,5.6899,0.0027,0.0000,0,0,0.0000,0,0.0000,0,0,0,14403,0
3006,3.2815,10.5780,0.0037,0.0000,0,0,0.0000,0,0.0000,0,0,0,17862,0
3007,3.1241,10.5906,0.0108,0.0000,0,0,0.0000,0,0.0000,0,0,0,17138,0
3008,5.9434,5.6978,0.0020,0.0000,0,0,0.0000,0,0.0000,0,0,0,9226,0
3009,3.3764,5.6733,0.0014,0.0000,0,0,0.0000,0,0.0000,0,0,0,6914,0
3010,3.2815,10.4442,0.0023,0.0000,0,0,0.0000,0,0.0000,0,0,0,11125,0
3011,3.1241,10.5818,0.0014,0.0000,0,0,0.0000,0,0.0000,0,0,0,9621,0
3012,5.9434,5.7553,0.0020,0.0000,0,0,0.0000,0,0.0000,0,0,0,17369,0
3013,3.3764,5.6630,0.0021,0.0000,0,0,0.0000,0,0.0000,0,0,0,16755,0
3014,3.2815,10.5379,0.0089,0.0000,0,0,0.0000,0,0.0000,0,0,0,19658,0
3015,3.1241,10.5282,0.0018,0.0000,0,0,0.0000,0,0.0000,0,0,0,15622,0
3016,5.9434,5.6870,0.0051,0.0000,0,0,0.0000,0,0.0000,0,0,0,23309,0
3017,3.3764,5.5816,0.0112,0.0000,0,0,0.0000,0,0.0000,0,0,0,20346,0
3018,3.2815,10.3389,0.0140,0.0000,0,0,0.0000,0,0.0000,0,0,0,22802,0
3019,3.1241,10.3392,0.0024,0.0000,0,0,0.0000,0,0.0000,0,0,0,21407,0
3020,5.9434,5.7376,0.0022,0.0000,0,0,0.0000,0,0.0000,0,0,0,13027,0
3021,3.3764,5.6492,0.0024,0.0000,0,0,0.0000,0,0.0000,0,0,0,11737,0
3022,3.2815,10.3973,0.0038,0.0000,0,0,0.0000,0,0.0000,0,0,0,12722,0
3023,3.1241,10.4421,0.0046,0.0000,0,0,0.0000,0,0.0000,0,0,0,16214,0
3024,5.9434,5.8423,0.0030,0.0000,0,0,0.0000,0,0.0000,0,0,0,7002,0
3025,3.3764,5.7226,0.0019,0.0000,0,0,0.0000,0,0.0000,0,0,0,5132,0
3026,3.2815,10.3388,0.0015,0.0000,0,0,0.0000,0,0.0000,0,0,0,7491,0
3027,3.1241,10.3541,0.0014,0.0000,0,0,0.0000,0,0.0000,0,0,0,4790,0
3028,5.9434,5.7467,0.0016,0.0000,0,0,0.0000,0,0.0000,0,0,0,3933,0
3029,3.3764,5.6480,0.0011,0.0000,0,0,0.0000,0,0.0000,0,0,0,3799,0
3030,3.2815,10.4286,0.0013,0.0000,0,0,0.0000,0,0.0000,0,0,0,4399,0
3031,3.1241,10.4339,0.0010,0.0000,0,0,0.0000,0,0.0000,0,0,0,3276,0
3032,5.9434,5.7423,0.0009,0.0000,0,0,0.0000,0,0.0000,0,0,0,3260,0
3033,3.3764,5.6778,0.0008,0.0000,0,0,0.0000,0,0.0000,0,0,0,2850,0
3034,3.2815,10.5787,0.0015,0.0000,0,0,0.0000,0,0.0000,0,0,0,3280,0
3035,3.1241,10.5704,0.0010,0.0000,0,0,0.0000,0,0.0000,0,0,0,2761,0
3036,5.9434,5.7033,0.0012,0.0000,0,0,0.0000,0,0.0000,0,0,0,3090,0
3037,3.3764,5.6898,0.0011,0.0000,0,0,0.0000,0,0.0000,0,0,0,2691,0
3038,3.2815,10.4343,0.0010,0.0000,0,0,0.0000,0,0.0000,0,0,0,3020,0
3039,3.1241,10.5657,0.0009,0.0000,0,0,0.0000,0,0.0000,0,0,0,2648,0
3040,5.9434,5.7946,0.0012,0.0000,0,0,0.0000,0,0.0000,0,0,0,2664,0
3041,3.3764,5.7099,0.0016,0.0000,0,0,0.0000,0,0.0000,0,0,0,2213,0
3042,3.2815,10.5808,0.0010,0.0000,0,0,0.0000,0,0.0000,0,0,0,1084,0
3043,3.1241,10.5853,0.0085,0.0000,0,0,0.0000,0,0.0000,0,0,0,2638,0
3044,5.9434,5.8155,0.0011,0.0000,0,0,0.0000,0,0.0000,0,0,0,1673,0
3045,3.3764,5.7465,0.0010,0.0000,0,0,0.0000,0,0.0000,0,0,0,1302,0
3046,3.2815,10.6141,0.0013,0.0000,0,0,0.0000,0,0.0000,0,0,0,959,0
3047,3.1241,10.6207,0.0013,0.0000,0,0,0.0000,0,0.0000,0,0,0,2173,0
3048,5.9434,5.7589,0.0019,0.0000,0,0,0.0000,0,0.0000,0,0,0,1538,0
3049,3.3764,5.6833,0.0009,0.0000,0,0,0.0000,0,0.0000,0,0,0,1107,0
3050,3.2815,10.4969,0.0013,0.0000,0,0,0.0000,0,0.0000,0,0,0,819,0
3051,3.1241,10.4928,0.0015,0.0000,0,0,0.0000,0,0.0000,0,0,0,1668,0
3052,5.9434,5.8110,0.0018,0.0000,0,0,0.0000,0,0.0000,0,0,0,1248,0
3053,3.3764,5.7207,0.0011,0.0000,0,0,0.0000,0,0.0000,0,0,0,944,0
3054,3.2815,10.4879,0.0012,0.0000,0,0,0.0000,0,0.0000,0,0,0,945,0
3055,3.1241,10.5345,0.0014,0.0000,0,0,0.0000,0,0.0000,0,0,0,743,0
3056,5.9434,5.8956,0.0009,0.0000,0,0,0.0000,0,0.0000,0,0,0,1198,0
3057,3.3764,5.7386,0.0016,0.0000,0,0,0.0000,0,0.0000,0,0,0,836,0
3058,3.2815,10.6770,0.0018,0.0000,0,0,0.0000,0,0.0000,0,0,0,1250,0
3059,3.1241,10.6642,0.0010,0.0000,0,0,0.0000,0,0.0000,0,0,0,717,0
3060,5.9434,5.9043,0.0028,0.0000,0,0,0.0000,0,0.0000,0,0,0,1168,0
3061,3.3764,5.7090,0.0013,0.0000,0,0,0.0000,0,0.0000,0,0,0,792,0
3062,3.2815,10.7651,0.0042,0.0000,0,0,0.0000,0,0.0000,0,0,0,1108,0
3063,3.1241,10.7195,0.0020,0.0000,0,0,0.0000,0,0.0000,0,0,0,792,0
3064,5.9434,6.1388,0.0053,0.0000,0,0,0.0000,0,0.0000,0,0,0,1037,0
3065,3.3764,5.7817,0.0020,0.0000,0,0,0.0000,0,0.0000,0,0,0,722,0
3066,3.2815,10.5053,0.0046,0.0000,0,0,0.0000,0,0.0000,0,0,0,1361,0
3067,3.1241,10.4698,0.0012,0.0000,0,0,0.0000,0,0.0000,0,0,0,925,0
3068,5.9434,5.8732,0.0011,0.0000,0,0,0.0000,0,0.0000,0,0,0,987,0
3069,3.3764,5.6922,0.0032,0.0000,0,0,0.0000,0,0.0000,0,0,0,676,0
3070,3.2815,10.4751,0.0013,0.0000,0,0,0.0000,0,0.0000,0,0,0,1198,0
3071,3.1241,10.4795,0.0012,0.0000,0,0,0.0000,0,0.0000,0,0,0,1094,0
3072,5.9434,5.6059,0.0011,0.0000,0,0,0.0000,0,0.0000,0,0,0,879,0
3073,3.3764,5.5504,0.0010,0.0000,0,0,0.0000,0,0.0000,0,0,0,648,0
3074,3.2815,10.2305,0.0014,0.0000,0,0,0.0000,0,0.0000,0,0,0,1117,0
3075,3.1241,10.2688,0.0013,0.0000,0,0,0.0000,0,0.0000,0,0,0,1077,0
3076,5.9434,5.6478,0.0013,0.0000,0,0,0.0000,0,0.0000,0,0,0,746,0
3077,3.3764,5.5639,0.0009,0.0000,0,0,0.0000,0,0.0000,0,0,0,643,0
3078,3.2815,10.2996,0.0015,0.0000,0,0,0.0000,0,0.0000,0,0,0,1064,0
3079,3.1241,10.2150,0.0008,0.0000,0,0,0.0000,0,0.0000,0,0,0,1295,0
3080,5.9434,5.6442,0.0013,0.0000,0,0,0.0000,0,0.0000,0,0,0,687,0
3081,3.3764,5.5705,0.0014,0.0000,0,0,0.0000,0,0.0000,0,0,0,622,0
3082,3.2815,10.3234,0.0033,0.0000,0,0,0.0000,0,0.0000,0,0,0,1368,0
3083,3.1241,10.3313,0.0022,0.0000,0,0,0.0000,0,0.0000,0,0,0,709,0
3084,5.9434,5.7510,0.0017,0.0000,0,0,0.0000,0,0.0000,0,0,0,716,0
3085,3.3764,5.6166,0.0013,0.0000,0,0,0.0000,0,0.0000,0,0,0,620,0
3086,3.2815,10.1850,0.0013,0.0000,0,0,0.0000,0,0.0000,0,0,0,710,0
3087,3.1241,10.2594,0.0012,0.0000,0,0,0.0000,0,0.0000,0,0,0,715,0
3088,5.9434,5.6473,0.0020,0.0000,0,0,0.0000,0,0.0000,0,0,0,717,0
3089,3.3764,5.6000,0.0016,0.0000,0,0,0.0000,0,0.0000,0,0,0,613,0
3090,3.2815,10.2916,0.0016,0.0000,0,0,0.0000,0,0.0000,0,0,0,696,0
3091,3.1241,10.3065,0.0023,0.0000,0,0,0.0000,0,0.0000,0,0,0,724,0
3092,5.9434,6.5032,0.0069,0.0000,0,0,0.0000,0,0.0000,0,0,0,685,0
3093,3.3764,6.2823,0.0023,0.0000,0,0,0.0000,0,0.0000,0,0,0,617,0
3094,3.2815,10.4215,0.0065,0.0000,0,0,0.0000,0,0.0000,0,0,0,755,0
3095,3.1241,10.2491,0.0017,0.0000,0,0,0.0000,0,0.0000,0,0,0,779,0
3096,5.9434,6.1230,0.0062,0.0000,0,0,0.0000,0,0.0000,0,0,0,664,0
3097,3.3764,5.8143,0.0021,0.0000,0,0,0.0000,0,0.0000,0,0,0,622,0
3098,3.2815,9.8809,0.0061,0.0000,0,0,0.0000,0,0.0000,0,0,0,785,0
3099,3.1241,10.1804,0.0019,0.0000,0,0,0.0000,0,0.0000,0,0,0,906,0
3100,5.9434,6.0805,0.0059,0.0000,0,0,0.0000,0,0.0000,0,0,0,636,0
3101,3.3764,5.7476,0.0018,0.0000,0,0,0.0000,0,0.0000,0,0,0,626,0
3102,3.2815,10.3131,0.0096,0.0000,0,0,0.0000,0,0.0000,0,0,0,868,0
3103,3.1241,10.2521,0.0029,0.0000,0,0,0.0000,0,0.0000,0,0,0,830,0
3104,5.9434,6.2687,0.0074,0.0000,0,0,0.0000,0,0.0000,0,0,0,635,0
3105,3.3764,6.3034,0.0037,0.0000,0,0,0.0000,0,0.0000,0,0,0,608,0
3106,3.2815,10.2474,0.0105,0.0000,0,0,0.0000,0,0.0000,0,0,0,801,0
3107,3.1241,10.1195,0.0030,0.0000,0,0,0.0000,0,0.0000,0,0,0,966,0
3108,5.9434,6.4245,0.0088,0.0000,0,0,0.0000,0,0.0000,0,0,0,650,0
3109,3.3764,5.9456,0.0022,0.0000,0,0,0.0000,0,0.0000,0,0,0,606,0
3110,3.2815,12.7284,0.0103,0.0000,0,0,0.0000,0,0.0000,0,0,0,1017,0
3111,3.1241,12.3444,0.0103,0.0000,0,0,0.0000,0,0.0000,0,0,0,705,0
3112,5.9434,6.6155,0.0092,0.0000,0,0,0.0000,0,0.0000,0,0,0,646,0
3113,3.3764,5.8142,0.0026,0.0000,0,0,0.0000,0,0.0000,0,0,0,607,0
3114,3.2815,10.5426,0.0089,0.0000,0,0,0.0000,0,0.0000,0,0,0,933,0
3115,3.1241,10.3826,0.0039,0.0000,0,0,0.0000,0,0.0000,0,0,0,703,0
3116,5.9434,6.4965,0.0062,0.0000,0,0,0.0000,0,0.0000,0,0,0,651,0
3117,3.3764,5.8911,0.0015,0.0000,0,0,0.0000,0,0.0000,0,0,0,609,0
3118,3.2815,10.1797,0.0048,0.0000,0,0,0.0000,0,0.0000,0,0,0,926,0
3119,3.1241,9.9710,0.0032,0.0000,0,0,0.0000,0,0.0000,0,0,0,728,0
3120,5.9434,6.5153,0.0042,0.0000,0,0,0.0000,0,0.0000,0,0,0,638,0
3121,3.3764,5.8880,0.0014,0.0000,0,0,0.0000,0,0.0000,0,0,0,601,0
3122,3.2815,10.4104,0.0104,0.0000,0,0,0.0000,0,0.0000,0,0,0,856,0
3123,3.1241,10.1766,0.0034,0.0000,0,0,0.0000,0,0.0000,0,0,0,752,0
3124,5.9434,6.4848,0.0075,0.0000,0,0,0.0000,0,0.0000,0,0,0,623,0
3125,3.3764,6.1738,0.0030,0.0000,0,0,0.0000,0,0.0000,0,0,0,601,0
3126,3.2815,10.4570,0.0124,0.0000,0,0,0.0000,0,0.0000,0,0,0,1082,0
3127,3.1241,10.3220,0.0031,0.0000,0,0,0.0000,0,0.0000,0,0,0,805,0
3128,5.9434,6.6217,0.0095,0.0000,0,0,0.0000,0,0.0000,0,0,0,626,0
3129,3.3764,5.8889,0.0016,0.0000,0,0,0.0000,0,0.0000,0,0,0,601,0
3130,3.2815,10.8513,0.0125,0.0000,0,0,0.0000,0,0.0000,0,0,0,712,0
3131,3.1241,10.6832,0.0049,0.0000,0,0,0.0000,0,0.0000,0,0,0,775,0
3132,5.9434,10.8587,0.0092,0.0000,0,0,0.0000,0,0.0000,0,0,0,622,0
3133,3.3764,9.6659,0.0024,0.0000,0,0,0.0000,0,0.0000,0,0,0,601,0
3134,3.2815,9.3774,0.0019,0.0000,0,0,0.0000,0,0.0000,0,0,0,709,0
3135,3.1241,10.0005,0.0038,0.0000,0,0,0.0000,0,0.0000,0,0,0,911,0
3136,5.9434,6.8455,0.0072,0.0000,0,0,0.0000,0,0.0000,0,0,0,611,0
3137,3.3764,5.8480,0.0073,0.0000,0,0,0.0000,0,0.0000,0,0,0,601,0
3138,3.2815,10.7534,0.0098,0.0000,0,0,0.0000,0,0.0000,0,0,0,723,0
3139,3.1241,10.5195,0.0098,0.0000,0,0,0.0000,0,0.0000,0,0,0,698,0
3140,5.9434,6.8583,0.0112,0.0000,0,0,0.0000,0,0.0000,0,0,0,618,0
3141,3.3764,6.1011,0.0028,0.0000,0,0,0.0000,0,0.0000,0,0,0,601,0
3142,3.2815,10.6565,0.0073,0.0000,0,0,0.0000,0,0.0000,0,0,0,744,0
3143,3.1241,10.4264,0.0020,0.0000,0,0,0.0000,0,0.0000,0,0,0,696,0
3144,5.9434,7.0956,0.0096,0.0000,0,0,0.0000,0,0.0000,0,0,0,605,0
3145,3.3764,5.9958,0.0020,0.0000,0,0,0.0000,0,0.0000,0,0,0,601,0
3146,3.2815,9.9605,0.0024,0.0000,0,0,0.0000,0,0.0000,0,0,0,786,0
3147,3.1241,8.2593,0.0021,0.0000,0,0,0.0000,0,0.0000,0,0,0,704,0
3148,5.9434,6.5884,0.0077,0.0000,0,0,0.0000,0,0.0000,0,0,0,606,0
3149,3.3764,5.8913,0.0017,0.0000,0,0,0.0000,0,0.0000,0,0,0,601,0
3150,3.2815,10.4752,0.0116,0.0000,0,0,0.0000,0,0.0000,0,0,0,780,0
3151,3.1241,10.0478,0.0041,0.0000,0,0,0.0000,0,0.0000,0,0,0,741,0
3152,5.9434,8.6431,0.0019,0.0000,0,0,0.0000,0,0.0000,0,0,0,605,0
3153,3.3764,7.0110,0.0090,0.0000,0,0,0.0000,0,0.0000,0,0,0,601,0
3154,3.2815,10.3150,0.0112,0.0000,0,0,0.0000,0,0.0000,0,0,0,808,0
3155,3.1241,9.7077,0.0112,0.0000,0,0,0.0000,0,0.0000,0,0,0,758,0
3156,5.9434,6.8373,0.0090,0.0000,0,0,0.0000,0,0.0000,0,0,0,606,0
3157,3.3764,6.1942,0.0030,0.0000,0,0,0.0000,0,0.0000,0,0,0,601,0
3158,3.2815,12.8190,0.0124,0.0000,0,0,0.0000,0,0.0000,0,0,0,795,0
3159,3.1241,13.1397,0.0022,0.0000,0,0,0.0000,0,0.0000,0,0,0,738,0
3160,5.9434,6.5512,0.0141,0.0000,0,0,0.0000,0,0.0000,0,0,0,601,0
3161,3.3764,6.0754,0.0141,0.0000,0,0,0.0000,0,0.0000,0,0,0,601,0
3162,3.2815,10.9898,0.0088,0.0000,0,0,0.0000,0,0.0000,0,0,0,771,0
3163,3.1241,10.7656,0.0089,0.0000,0,0,0.0000,0,0.0000,0,0,0,836,0
3164,5.9434,7.2781,0.0097,0.0000,0,0,0.0000,0,0.0000,0,0,0,601,0
3165,3.3764,6.0137,0.0014,0.0000,0,0,0.0000,0,0.0000,0,0,0,601,0
3166,3.2815,10.0767,0.0046,0.0000,0,0,0.0000,0,0.0000,0,0,0,779,0
3167,3.1241,9.7907,0.0015,0.0000,0,0,0.0000,0,0.0000,0,0,0,698,0
3168,5.9434,6.6630,0.0097,0.0000,0,0,0.0000,0,0.0000,0,0,0,601,0
3169,3.3764,5.9295,0.0018,0.0000,0,0,0.0000,0,0.0000,0,0,0,601,0
3170,3.2815,10.6660,0.0105,0.0000,0,0,0.0000,0,0.0000,0,0,0,967,0
3171,3.1241,10.4337,0.0044,0.0000,0,0,0.0000,0,0.0000,0,0,0,696,0
3172,5.9434,7.0289,0.0082,0.0000,0,0,0.0000,0,0.0000,0,0,0,601,0
3173,3.3764,6.0628,0.0015,0.0000,0,0,0.0000,0,0.0000,0,0,0,601,0
3174,3.2815,9.3599,0.0036,0.0000,0,0,0.0000,0,0.0000,0,0,0,710,0
3175,3.1241,10.4041,0.0018,0.0000,0,0,0.0000,0,0.0000,0,0,0,700,0
3176,5.9434,6.6410,0.0077,0.0000,0,0,0.0000,0,0.0000,0,0,0,601,0
3177,3.3764,5.9287,0.0020,0.0000,0,0,0.0000,0,0.0000,0,0,0,601,0
3178,3.2815,10.0986,0.0037,0.0000,0,0,0.0000,0,0.0000,0,0,0,703,0
3179,3.1241,10.1185,0.0018,0.0000,0,0,0.0000,0,0.0000,0,0,0,721,0
3180,5.9434,6.6754,0.0088,0.0000,0,0,0.0000,0,0.0000,0,0,0,601,0
3181,3.3764,6.0760,0.0029,0.0000,0,0,0.0000,0,0.0000,0,0,0,601,0
3182,3.2815,10.3018,0.0030,0.0000,0,0,0.0000,0,0.0000,0,0,0,708,0
3183,3.1241,10.3234,0.0025,0.0000,0,0,0.0000,0,0.0000,0,0,0,783,0
3184,5.9434,6.5835,0.0072,0.0000,0,0,0.0000,0,0.0000,0,0,0,601,0
3185,3.3764,5.7838,0.0072,0.0000,0,0,0.0000,0,0.0000,0,0,0,601,0
3186,3.2815,10.8639,0.0055,0.0000,0,0,0.0000,0,0.0000,0,0,0,751,0
3187,3.1241,10.7762,0.0013,0.0000,0,0,0.0000,0,0.0000,0,0,0,755,0
3188,5.9434,6.8658,0.0085,0.0000,0,0,0.0000,0,0.0000,0,0,0,601,0
3189,3.3764,5.8877,0.0013,0.0000,0,0,0.0000,0,0.0000,0,0,0,601,0
3190,3.2815,10.1780,0.0029,0.0000,0,0,0.0000,0,0.0000,0,0,0,762,0
3191,3.1241,10.1887,0.0039,0.0000,0,0,0.0000,0,0.0000,0,0,0,801,0
3192,5.9434,7.0021,0.0078,0.0000,0,0,0.0000,0,0.0000,0,0,0,601,0
3193,3.3764,6.0018,0.0013,0.0000,0,0,0.0000,0,0.0000,0,0,0,601,0
3194,3.2815,10.3723,0.0073,0.0000,0,0,0.0000,0,0.0000,0,0,0,747,0
3195,3.1241,10.0555,0.0017,0.0000,0,0,0.0000,0,0.0000,0,0,0,696,0
3196,5.9434,6.7008,0.0095,0.0000,0,0,0.0000,0,0.0000,0,0,0,601,0
3197,3.3764,5.9337,0.0033,0.0000,0,0,0.0000,0,0.0000,0,0,0,601,0
3198,3.2815,10.4136,0.0068,0.0000,0,0,0.0000,0,0.0000,0,0,0,830,0
3199,3.1241,10.3398,0.0025,0.0000,0,0,0.0000,0,0.0000,0,0,0,701,0
3200,5.9434,6.6627,0.0103,0.0000,0,0,0.0000,0,0.0000,0,0,0,601,0
3201,3.3764,6.0178,0.0025,0.0000,0,0,0.0000,0,0.0000,0,0,0,601,0
3202,3.2815,9.8348,0.0019,0.0000,0,0,0.0000,0,0.0000,0,0,0,769,0
3203,3.1241,10.5516,0.0029,0.0000,0,0,0.0000,0,0.0000,0,0,0,696,0
3204,5.9434,6.9171,0.0092,0.0000,0,0,0.0000,0,0.0000,0,0,0,601,0
3205,3.3764,5.9784,0.0014,0.0000,0,0,0.0000,0,0.0000,0,0,0,601,0
3206,3.2815,10.1770,0.0067,0.0000,0,0,0.0000,0,0.0000,0,0,0,728,0
3207,3.1241,10.1020,0.0021,0.0000,0,0,0.0000,0,0.0000,0,0,0,717,0
3208,5.9434,6.6453,0.0068,0.0000,0,0,0.0000,0,0.0000,0,0,0,601,0
3209,3.3764,5.9245,0.0018,0.0000,0,0,0.0000,0,0.0000,0,0,0,601,0
3210,3.2815,10.2175,0.0026,0.0000,0,0,0.0000,0,0.0000,0,0,0,726,0
3211,3.1241,10.1368,0.0015,0.0000,0,0,0.0000,0,0.0000,0,0,0,731,0
3212,5.9434,6.0371,0.0027,0.0000,0,0,0.0000,0,0.0000,0,0,0,601,0
3213,3.3764,6.2286,0.0065,0.0000,0,0,0.0000,0,0.0000,0,0,0,601,0
3214,3.2815,9.8403,0.0070,0.0000,0,0,0.0000,0,0.0000,0,0,0,833,0
3215,3.1241,10.4255,0.0027,0.0000,0,0,0.0000,0,0.0000,0,0,0,722,0
3216,5.9434,6.8438,0.0080,0.0000,0,0,0.0000,0,0.0000,0,0,0,601,0
3217,3.3764,6.2262,0.0020,0.0000,0,0,0.0000,0,0.0000,0,0,0,601,0
3218,3.2815,9.6448,0.0027,0.0000,0,0,0.0000,0,0.0000,0,0,0,696,0
3219,3.1241,10.1855,0.0027,0.0000,0,0,0.0000,0,0.0000,0,0,0,758,0
3220,5.9434,6.7650,0.0112,0.0000,0,0,0.0000,0,0.0000,0,0,0,601,0
3221,3.3764,6.0063,0.0014,0.0000,0,0,0.0000,0,0.0000,0,0,0,601,0
3222,3.2815,10.2212,0.0024,0.0000,0,0,0.0000,0,0.0000,0,0,0,696,0
3223,3.1241,10.3154,0.0041,0.0000,0,0,0.0000,0,0.0000,0,0,0,696,0
3224,5.9434,6.7440,0.0084,0.0000,0,0,0.0000,0,0.0000,0,0,0,601,0
3225,3.3764,5.9045,0.0015,0.0000,0,0,0.0000,0,0.0000,0,0,0,601,0
3226,3.2815,10.1899,0.0080,0.0000,0,0,0.0000,0,0.0000,0,0,0,696,0
3227,3.1241,10.0571,0.0019,0.0000,0,0,0.0000,0,0.0000,0,0,0,705,0
3228,5.9434,6.5917,0.0110,0.0000,0,0,0.0000,0,0.0000,0,0,0,601,0
3229,3.3764,5.8987,0.0019,0.0000,0,0,0.0000,0,0.0000,0,0,0,601,0
3230,3.2815,10.0894,0.0034,0.0000,0,0,0.0000,0,0.0000,0,0,0,696,0
3231,3.1241,10.1653,0.0029,0.0000,0,0,0.0000,0,0.0000,0,0,0,707,0
3232,5.9434,7.1812,0.0071,0.0000,0,0,0.0000,0,0.0000,0,0,0,601,0
3233,3.3764,5.9873,0.0026,0.0000,0,0,0.0000,0,0.0000,0,0,0,601,0
3234,3.2815,10.1899,0.0052,0.0000,0,0,0.0000,0,0.0000,0,0,0,701,0
3235,3.1241,8.7443,0.0015,0.0000,0,0,0.0000,0,0.0000,0,0,0,707,0
3236,5.9434,5.8822,0.0041,0.0000,0,0,0.0000,0,0.0000,0,0,0,601,0
3237,3.3764,5.5981,0.0019,0.0000,0,0,0.0000,0,0.0000,0,0,0,601,0
3238,3.2815,10.4167,0.0011,0.0000,0,0,0.0000,0,0.0000,0,0,0,703,0
3239,3.1241,10.3656,0.0017,0.0000,0,0,0.0000,0,0.0000,0,0,0,736,0
3240,5.9434,5.7926,0.0014,0.0000,0,0,0.0000,0,0.0000,0,0,0,601,0
3241,3.3764,5.6508,0.0008,0.0000,0,0,0.0000,0,0.0000,0,0,0,601,0
3242,3.2815,10.4597,0.0033,0.0000,0,0,0.0000,0,0.0000,0,0,0,716,0
3243,3.1241,10.3576,0.0010,0.0000,0,0,0.0000,0,0.0000,0,0,0,719,0
3244,5.9434,5.8617,0.0023,0.0000,0,0,0.0000,0,0.0000,0,0,0,601,0
3245,3.3764,5.6277,0.0007,0.0000,0,0,0.0000,0,0.0000,0,0,0,601,0
3246,3.2815,10.5330,0.0025,0.0000,0,0,0.0000,0,0.0000,0,0,0,714,0
3247,3.1241,10.4618,0.0035,0.0000,0,0,0.0000,0,0.0000,0,0,0,775,0
3248,5.9434,5.7950,0.0028,0.0000,0,0,0.0000,0,0.0000,0,0,0,601,0
3249,3.3764,5.6082,0.0006,0.0000,0,0,0.0000,0,0.0000,0,0,0,601,0
3250,3.2815,10.4300,0.0011,0.0000,0,0,0.0000,0,0.0000,0,0,0,717,0
3251,3.1241,10.4440,0.0005,0.0000,0,0,0.0000,0,0.0000,0,0,0,701,0
3252,5.9434,5.8653,0.0033,0.0000,0,0,0.0000,0,0.0000,0,0,0,601,0
3253,3.3764,5.6817,0.0005,0.0000,0,0,0.0000,0,0.0000,0,0,0,601,0
3254,3.2815,10.5606,0.0027,0.0000,0,0,0.0000,0,0.0000,0,0,0,711,0
3255,3.1241,10.4859,0.0006,0.0000,0,0,0.0000,0,0.0000,0,0,0,701,0
3256,5.9434,5.8216,0.0034,0.0000,0,0,0.0000,0,0.0000,0,0,0,601,0
3257,3.3764,5.6227,0.0005,0.0000,0,0,0.0000,0,0.0000,0,0,0,601,0
3258,3.2815,10.3291,0.0039,0.0000,0,0,0.0000,0,0.0000,0,0,0,763,0
3259,3.1241,10.3595,0.0011,0.0000,0,0,0.0000,0,0.0000,0,0,0,701,0
3260,5.9434,6.0687,0.0035,0.0000,0,0,0.0000,0,0.0000,0,0,0,601,0
3261,3.3764,5.6595,0.0005,0.0000,0,0,0.0000,0,0.0000,0,0,0,601,0
3262,3.2815,10.4006,0.0121,0.0000,0,0,0.0000,0,0.0000,0,0,0,696,0
3263,3.1241,9.9707,0.0010,0.0000,0,0,0.0000,0,0.0000,0,0,0,715,0
3264,5.9434,6.1350,0.0037,0.0000,0,0,0.0000,0,0.0000,0,0,0,601,0
3265,3.3764,5.7204,0.0006,0.0000,0,0,0.0000,0,0.0000,0,0,0,601,0
3266,3.2815,10.2097,0.0032,0.0000,0,0,0.0000,0,0.0000,0,0,0,696,0
3267,3.1241,10.0913,0.0010,0.0000,0,0,0.0000,0,0.0000,0,0,0,726,0
3268,5.9434,5.8925,0.0103,0.0000,0,0,0.0000,0,0.0000,0,0,0,601,0
3269,3.3764,5.6643,0.0005,0.0000,0,0,0.0000,0,0.0000,0,0,0,601,0
3270,3.2815,10.4307,0.0026,0.0000,0,0,0.0000,0,0.0000,0,0,0,696,0
3271,3.1241,9.9618,0.0009,0.0000,0,0,0.0000,0,0.0000,0,0,0,714,0
3272,5.9434,5.8321,0.0037,0.0000,0,0,0.0000,0,0.0000,0,0,0,601,0
3273,3.3764,5.6149,0.0010,0.0000,0,0,0.0000,0,0.0000,0,0,0,601,0
3274,3.2815,10.4010,0.0022,0.0000,0,0,0.0000,0,0.0000,0,0,0,696,0
3275,3.1241,10.3899,0.0011,0.0000,0,0,0.0000,0,0.0000,0,0,0,789,0
3276,5.9434,5.7868,0.0030,0.0000,0,0,0.0000,0,0.0000,0,0,0,601,0
3277,3.3764,5.5468,0.0005,0.0000,0,0,0.0000,0,0.0000,0,0,0,601,0
3278,3.2815,10.3763,0.0024,0.0000,0,0,0.0000,0,0.0000,0,0,0,717,0
3279,3.1241,10.3637,0.0006,0.0000,0,0,0.0000,0,0.0000,0,0,0,703,0
3280,5.9434,5.7682,0.0029,0.0000,0,0,0.0000,0,0.0000,0,0,0,601,0
3281,3.3764,5.5679,0.0005,0.0000,0,0,0.0000,0,0.0000,0,0,0,601,0
3282,3.2815,10.4255,0.0022,0.0000,0,0,0.0000,0,0.0000,0,0,0,716,0
3283,3.1241,10.3254,0.0009,0.0000,0,0,0.0000,0,0.0000,0,0,0,705,0
3284,5.9434,5.8030,0.0036,0.0000,0,0,0.0000,0,0.0000,0,0,0,601,0
3285,3.3764,5.5780,0.0009,0.0000,0,0,0.0000,0,0.0000,0,0,0,601,0
3286,3.2815,10.3341,0.0020,0.0000,0,0,0.0000,0,0.0000,0,0,0,745,0
3287,3.1241,10.2836,0.0006,0.0000,0,0,0.0000,0,0.0000,0,0,0,700,0
3288,5.9434,5.8308,0.0032,0.0000,0,0,0.0000,0,0.0000,0,0,0,601,0
3289,3.3764,5.5486,0.0010,0.0000,0,0,0.0000,0,0.0000,0,0,0,601,0
3290,3.2815,10.4475,0.0027,0.0000,0,0,0.0000,0,0.0000,0,0,0,737,0
3291,3.1241,10.3628,0.0027,0.0000,0,0,0.0000,0,0.0000,0,0,0,706,0
3292,5.9434,6.0101,0.0027,0.0000,0,0,0.0000,0,0.0000,0,0,0,601,0
3293,3.3764,5.6272,0.0008,0.0000,0,0,0.0000,0,0.0000,0,0,0,601,0
3294,3.2815,10.3189,0.0024,0.0000,0,0,0.0000,0,0.0000,0,0,0,718,0
3295,3.1241,10.3407,0.0006,0.0000,0,0,0.0000,0,0.0000,0,0,0,723,0
3296,5.9434,5.9086,0.0026,0.0000,0,0,0.0000,0,0.0000,0,0,0,601,0
3297,3.3764,5.5892,0.0026,0.0000,0,0,0.0000,0,0.0000,0,0,0,601,0
3298,3.2815,10.5163,0.0025,0.0000,0,0,0.0000,0,0.0000,0,0,0,719,0
3299,3.1241,10.4593,0.0009,0.0000,0,0,0.0000,0,0.0000,0,0,0,714,0
3300,5.9434,5.9368,0.0029,0.0000,0,0,0.0000,0,0.0000,0,0,0,601,0
3301,3.3764,5.5901,0.0009,0.0000,0,0,0.0000,0,0.0000,0,0,0,601,0
3302,3.2815,10.4542,0.0035,0.0000,0,0,0.0000,0,0.0000,0,0,0,747,0
3303,3.1241,10.4185,0.0008,0.0000,0,0,0.0000,0,0.0000,0,0,0,769,0
3304,5.9434,5.8285,0.0030,0.0000,0,0,0.0000,0,0.0000,0,0,0,601,0
3305,3.3764,5.6364,0.0007,0.0000,0,0,0.0000,0,0.0000,0,0,0,601,0
3306,3.2815,10.4586,0.0020,0.0000,0,0,0.0000,0,0.0000,0,0,0,696,0
3307,3.1241,10.4326,0.0009,0.0000,0,0,0.0000,0,0.0000,0,0,0,704,0
3308,5.9434,5.8280,0.0034,0.0000,0,0,0.0000,0,0.0000,0,0,0,601,0
3309,3.3764,5.6207,0.0006,0.0000,0,0,0.0000,0,0.0000,0,0,0,601,0
3310,3.2815,10.3910,0.0021,0.0000,0,0,0.0000,0,0.0000,0,0,0,696,0
3311,3.1241,10.3785,0.0008,0.0000,0,0,0.0000,0,0.0000,0,0,0,707,0
3312,5.9434,5.8301,0.0030,0.0000,0,0,0.0000,0,0.0000,0,0,0,601,0
3313,3.3764,5.6238,0.0006,0.0000,0,0,0.0000,0,0.0000,0,0,0,601,0
3314,3.2815,10.4191,0.0022,0.0000,0,0,0.0000,0,0.0000,0,0,0,696,0
3315,3.1241,10.3900,0.0005,0.0000,0,0,0.0000,0,0.0000,0,0,0,714,0
3316,5.9434,5.8728,0.0027,0.0000,0,0,0.0000,0,0.0000,0,0,0,601,0
3317,3.3764,5.6153,0.0023,0.0000,0,0,0.0000,0,0.0000,0,0,0,601,0
3318,3.2815,10.4905,0.0031,0.0000,0,0,0.0000,0,0.0000,0,0,0,696,0
3319,3.1241,10.4250,0.0009,0.0000,0,0,0.0000,0,0.0000,0,0,0,709,0
3320,5.9434,5.9884,0.0048,0.0000,0,0,0.0000,0,0.0000,0,0,0,601,0
3321,3.3764,5.6015,0.0010,0.0000,0,0,0.0000,0,0.0000,0,0,0,601,0
3322,3.2815,10.4864,0.0033,0.0000,0,0,0.0000,0,0.0000,0,0,0,696,0
3323,3.1241,10.4379,0.0006,0.0000,0,0,0.0000,0,0.0000,0,0,0,732,0
3324,5.9434,5.8550,0.0031,0.0000,0,0,0.0000,0,0.0000,0,0,0,601,0
3325,3.3764,5.6582,0.0009,0.0000,0,0,0.0000,0,0.0000,0,0,0,601,0
3326,3.2815,10.3744,0.0023,0.0000,0,0,0.0000,0,0.0000,0,0,0,696,0
3327,3.1241,10.3965,0.0006,0.0000,0,0,0.0000,0,0.0000,0,0,0,719,0
3328,5.9434,5.9328,0.0030,0.0000,0,0,0.0000,0,0.0000,0,0,0,601,0
3329,3.3764,5.6304,0.0011,0.0000,0,0,0.0000,0,0.0000,0,0,0,601,0
3330,3.2815,10.4024,0.0025,0.0000,0,0,0.0000,0,0.0000,0,0,0,708,0
3331,3.1241,10.3710,0.0010,0.0000,0,0,0.0000,0,0.0000,0,0,0,751,0
3332,5.9434,5.7767,0.0028,0.0000,0,0,0.0000,0,0.0000,0,0,0,601,0
3333,3.3764,5.5830,0.0005,0.0000,0,0,0.0000,0,0.0000,0,0,0,601,0
3334,3.2815,10.4267,0.0034,0.0000,0,0,0.0000,0,0.0000,0,0,0,708,0
3335,3.1241,10.3730,0.0011,0.0000,0,0,0.0000,0,0.0000,0,0,0,696,0
3336,5.9434,5.8618,0.0043,0.0000,0,0,0.0000,0,0.0000,0,0,0,601,0
3337,3.3764,5.5755,0.0010,0.0000,0,0,0.0000,0,0.0000,0,0,0,601,0
3338,3.2815,10.4156,0.0025,0.0000,0,0,0.0000,0,0.0000,0,0,0,706,0
3339,3.1241,10.3954,0.0005,0.0000,0,0,0.0000,0,0.0000,0,0,0,701,0
3340,5.9434,5.9834,0.0035,0.0000,0,0,0.0000,0,0.0000,0,0,0,601,0
3341,3.3764,5.5900,0.0009,0.0000,0,0,0.0000,0,0.0000,0,0,0,601,0
3342,3.2815,10.4612,0.0022,0.0000,0,0,0.0000,0,0.0000,0,0,0,707,0
3343,3.1241,10.4166,0.0007,0.0000,0,0,0.0000,0,0.0000,0,0,0,703,0
3344,5.9434,5.9707,0.0027,0.0000,0,0,0.0000,0,0.0000,0,0,0,601,0
3345,3.3764,5.5624,0.0028,0.0000,0,0,0.0000,0,0.0000,0,0,0,601,0
3346,3.2815,10.4850,0.0027,0.0000,0,0,0.0000,0,0.0000,0,0,0,723,0
3347,3.1241,10.4078,0.0008,0.0000,0,0,0.0000,0,0.0000,0,0,0,707,0
3348,5.9434,5.7904,0.0037,0.0000,0,0,0.0000,0,0.0000,0,0,0,601,0
3349,3.3764,5.5858,0.0009,0.0000,0,0,0.0000,0,0.0000,0,0,0,601,0
3350,3.2815,10.4038,0.0027,0.0000,0,0,0.0000,0,0.0000,0,0,0,696,0
3351,3.1241,10.3144,0.0008,0.0000,0,0,0.0000,0,0.0000,0,0,0,708,0
3352,5.9434,6.0342,0.0032,0.0000,0,0,0.0000,0,0.0000,0,0,0,601,0
3353,3.3764,5.6086,0.0022,0.0000,0,0,0.0000,0,0.0000,0,0,0,601,0
3354,3.2815,10.5410,0.0018,0.0000,0,0,0.0000,0,0.0000,0,0,0,696,0
3355,3.1241,10.5466,0.0008,0.0000,0,0,0.0000,0,0.0000,0,0,0,712,0
3356,5.9434,6.0844,0.0037,0.0000,0,0,0.0000,0,0.0000,0,0,0,601,0
3357,3.3764,5.6945,0.0012,0.0000,0,0,0.0000,0,0.0000,0,0,0,601,0
3358,3.2815,10.6621,0.0009,0.0000,0,0,0.0000,0,0.0000,0,0,0,696,0
3359,3.1241,10.6387,0.0006,0.0000,0,0,0.0000,0,0.0000,0,0,0,754,0
3360,5.9434,5.8082,0.0025,0.0000,0,0,0.0000,0,0.0000,0,0,0,601,0
3361,3.3764,5.6315,0.0006,0.0000,0,0,0.0000,0,0.0000,0,0,0,601,0
3362,3.2815,10.6364,0.0010,0.0000,0,0,0.0000,0,0.0000,0,0,0,696,0
3363,3.1241,10.6623,0.0011,0.0000,0,0,0.0000,0,0.0000,0,0,0,696,0
3364,5.9434,5.9995,0.0024,0.0000,0,0,0.0000,0,0.0000,0,0,0,601,0
3365,3.3764,5.6936,0.0010,0.0000,0,0,0.0000,0,0.0000,0,0,0,601,0
3366,3.2815,10.5501,0.0008,0.0000,0,0,0.0000,0,0.0000,0,0,0,701,0
3367,3.1241,10.5291,0.0005,0.0000,0,0,0.0000,0,0.0000,0,0,0,706,0
3368,5.9434,5.7320,0.0017,0.0000,0,0,0.0000,0,0.0000,0,0,0,601,0
3369,3.3764,5.5728,0.0006,0.0000,0,0,0.0000,0,0.0000,0,0,0,601,0
3370,3.2815,10.4318,0.0015,0.0000,0,0,0.0000,0,0.0000,0,0,0,696,0
3371,3.1241,10.5092,0.0010,0.0000,0,0,0.0000,0,0.0000,0,0,0,700,0
3372,5.9434,6.0134,0.0028,0.0000,0,0,0.0000,0,0.0000,0,0,0,601,0
3373,3.3764,5.6724,0.0011,0.0000,0,0,0.0000,0,0.0000,0,0,0,601,0
3374,3.2815,10.5691,0.0008,0.0000,0,0,0.0000,0,0.0000,0,0,0,707,0
3375,3.1241,10.5803,0.0007,0.0000,0,0,0.0000,0,0.0000,0,0,0,704,0
3376,5.9434,5.7570,0.0008,0.0000,0,0,0.0000,0,0.0000,0,0,0,601,0
3377,3.3764,5.6216,0.0007,0.0000,0,0,0.0000,0,0.0000,0,0,0,601,0
3378,3.2815,10.4594,0.0007,0.0000,0,0,0.0000,0,0.0000,0,0,0,701,0
3379,3.1241,10.4287,0.0006,0.0000,0,0,0.0000,0,0.0000,0,0,0,715,0
3380,5.9434,5.7444,0.0010,0.0000,0,0,0.0000,0,0.0000,0,0,0,601,0
3381,3.3764,5.6573,0.0007,0.0000,0,0,0.0000,0,0.0000,0,0,0,601,0
3382,3.2815,10.4105,0.0011,0.0000,0,0,0.0000,0,0.0000,0,0,0,702,0
3383,3.1241,10.4166,0.0009,0.0000,0,0,0.0000,0,0.0000,0,0,0,700,0
3384,5.9434,5.8128,0.0029,0.0000,0,0,0.0000,0,0.0000,0,0,0,601,0
3385,3.3764,5.5393,0.0011,0.0000,0,0,0.0000,0,0.0000,0,0,0,601,0
3386,3.2815,10.4008,0.0013,0.0000,0,0,0.0000,0,0.0000,0,0,0,711,0
3387,3.1241,10.3573,0.0007,0.0000,0,0,0.0000,0,0.0000,0,0,0,764,0
3388,5.9434,5.9749,0.0014,0.0000,0,0,0.0000,0,0.0000,0,0,0,601,0
3389,3.3764,5.6680,0.0011,0.0000,0,0,0.0000,0,0.0000,0,0,0,601,0
3390,3.2815,10.5439,0.0013,0.0000,0,0,0.0000,0,0.0000,0,0,0,722,0
3391,3.1241,10.5135,0.0013,0.0000,0,0,0.0000,0,0.0000,0,0,0,696,0
3392,5.9434,5.7850,0.0075,0.0000,0,0,0.0000,0,0.0000,0,0,0,601,0
3393,3.3764,5.5182,0.0013,0.0000,0,0,0.0000,0,0.0000,0,0,0,601,0
3394,3.2815,10.3760,0.0013,0.0000,0,0,0.0000,0,0.0000,0,0,0,696,0
3395,3.1241,10.3124,0.0008,0.0000,0,0,0.0000,0,0.0000,0,0,0,696,0
3396,5.9434,5.7729,0.0015,0.0000,0,0,0.0000,0,0.0000,0,0,0,601,0
3397,3.3764,5.6196,0.0008,0.0000,0,0,0.0000,0,0.0000,0,0,0,601,0
3398,3.2815,10.3484,0.0008,0.0000,0,0,0.0000,0,0.0000,0,0,0,696,0
3399,3.1241,10.3277,0.0008,0.0000,0,0,0.0000,0,0.0000,0,0,0,696,0
3400,5.9434,5.9554,0.0032,0.0000,0,0,0.0000,0,0.0000,0,0,0,601,0
3401,3.3764,5.6003,0.0015,0.0000,0,0,0.0000,0,0.0000,0,0,0,601,0
3402,3.2815,10.2667,0.0018,0.0000,0,0,0.0000,0,0.0000,0,0,0,696,0
3403,3.1241,10.2459,0.0012,0.0000,0,0,0.0000,0,0.0000,0,0,0,700,0
3404,5.9434,5.9633,0.0033,0.0000,0,0,0.0000,0,0.0000,0,0,0,601,0
3405,3.3764,5.6005,0.0015,0.0000,0,0,0.0000,0,0.0000,0,0,0,601,0
3406,3.2815,10.3544,0.0015,0.0000,0,0,0.0000,0,0.0000,0,0,0,705,0
3407,3.1241,10.2999,0.0007,0.0000,0,0,0.0000,0,0.0000,0,0,0,702,0
3408,5.9434,5.9159,0.0023,0.0000,0,0,0.0000,0,0.0000,0,0,0,601,0
3409,3.3764,5.6615,0.0015,0.0000,0,0,0.0000,0,0.0000,0,0,0,601,0
3410,3.2815,10.3815,0.0010,0.0000,0,0,0.0000,0,0.0000,0,0,0,708,0
3411,3.1241,10.3198,0.0011,0.0000,0,0,0.0000,0,0.0000,0,0,0,706,0
3412,5.9434,5.9689,0.0024,0.0000,0,0,0.0000,0,0.0000,0,0,0,601,0
3413,3.3764,5.6045,0.0008,0.0000,0,0,0.0000,0,0.0000,0,0,0,601,0
3414,3.2815,10.3790,0.0014,0.0000,0,0,0.0000,0,0.0000,0,0,0,707,0
3415,3.1241,10.3617,0.0014,0.0000,0,0,0.0000,0,0.0000,0,0,0,721,0
3416,5.9434,5.7650,0.0017,0.0000,0,0,0.0000,0,0.0000,0,0,0,601,0
3417,3.3764,5.6792,0.0013,0.0000,0,0,0.0000,0,0.0000,0,0,0,601,0
3418,3.2815,10.1665,0.0012,0.0000,0,0,0.0000,0,0.0000,0,0,0,708,0
3419,3.1241,10.2769,0.0013,0.0000,0,0,0.0000,0,0.0000,0,0,0,696,0
3420,5.9434,5.8372,0.0019,0.0000,0,0,0.0000,0,0.0000,0,0,0,601,0
3421,3.3764,5.7062,0.0015,0.0000,0,0,0.0000,0,0.0000,0,0,0,601,0
3422,3.2815,10.4713,0.0016,0.0000,0,0,0.0000,0,0.0000,0,0,0,706,0
3423,3.1241,10.4129,0.0019,0.0000,0,0,0.0000,0,0.0000,0,0,0,696,0
3424,5.9434,6.6045,0.0070,0.0000,0,0,0.0000,0,0.0000,0,0,0,601,0
3425,3.3764,5.8186,0.0015,0.0000,0,0,0.0000,0,0.0000,0,0,0,601,0
3426,3.2815,10.2158,0.0037,0.0000,0,0,0.0000,0,0.0000,0,0,0,711,0
3427,3.1241,10.3066,0.0040,0.0000,0,0,0.0000,0,0.0000,0,0,0,696,0
3428,5.9434,6.5222,0.0056,0.0000,0,0,0.0000,0,0.0000,0,0,0,601,0
3429,3.3764,5.8748,0.0018,0.0000,0,0,0.0000,0,0.0000,0,0,0,601,0
3430,3.2815,10.0993,0.0065,0.0000,0,0,0.0000,0,0.0000,0,0,0,706,0
3431,3.1241,10.1698,0.0024,0.0000,0,0,0.0000,0,0.0000,0,0,0,702,0
3432,5.9434,6.9371,0.0095,0.0000,0,0,0.0000,0,0.0000,0,0,0,601,0
3433,3.3764,5.9990,0.0011,0.0000,0,0,0.0000,0,0.0000,0,0,0,601,0
3434,3.2815,12.5231,0.0021,0.0000,0,0,0.0000,0,0.0000,0,0,0,748,0
3435,3.1241,12.2342,0.0022,0.0000,0,0,0.0000,0,0.0000,0,0,0,702,0
3436,5.9434,6.2523,0.0052,0.0000,0,0,0.0000,0,0.0000,0,0,0,601,0
3437,3.3764,5.7556,0.0019,0.0000,0,0,0.0000,0,0.0000,0,0,0,601,0
3438,3.2815,10.4935,0.0035,0.0000,0,0,0.0000,0,0.0000,0,0,0,696,0
3439,3.1241,10.3292,0.0021,0.0000,0,0,0.0000,0,0.0000,0,0,0,702,0
3440,5.9434,6.0901,0.0025,0.0000,0,0,0.0000,0,0.0000,0,0,0,601,0
3441,3.3764,5.7717,0.0012,0.0000,0,0,0.0000,0,0.0000,0,0,0,601,0
3442,3.2815,10.7401,0.0013,0.0000,0,0,0.0000,0,0.0000,0,0,0,696,0
3443,3.1241,10.7334,0.0016,0.0000,0,0,0.0000,0,0.0000,0,0,0,742,0
3444,5.9434,5.8881,0.0016,0.0000,0,0,0.0000,0,0.0000,0,0,0,601,0
3445,3.3764,5.7799,0.0015,0.0000,0,0,0.0000,0,0.0000,0,0,0,601,0
3446,3.2815,10.5998,0.0089,0.0000,0,0,0.0000,0,0.0000,0,0,0,696,0
3447,3.1241,10.4047,0.0089,0.0000,0,0,0.0000,0,0.0000,0,0,0,696,0
3448,5.9434,6.4257,0.0088,0.0000,0,0,0.0000,0,0.0000,0,0,0,601,0
3449,3.3764,5.8355,0.0023,0.0000,0,0,0.0000,0,0.0000,0,0,0,601,0
3450,3.2815,10.2458,0.0040,0.0000,0,0,0.0000,0,0.0000,0,0,0,696,0
3451,3.1241,10.2547,0.0027,0.0000,0,0,0.0000,0,0.0000,0,0,0,696,0
3452,5.9434,6.8102,0.0080,0.0000,0,0,0.0000,0,0.0000,0,0,0,601,0
3453,3.3764,5.9221,0.0011,0.0000,0,0,0.0000,0,0.0000,0,0,0,601,0
3454,3.2815,10.0403,0.0016,0.0000,0,0,0.0000,0,0.0000,0,0,0,702,0
3455,3.1241,9.9901,0.0010,0.0000,0,0,0.0000,0,0.0000,0,0,0,696,0
3456,5.9434,6.4238,0.0040,0.0000,0,0,0.0000,0,0.0000,0,0,0,601,0
3457,3.3764,5.7239,0.0010,0.0000,0,0,0.0000,0,0.0000,0,0,0,601,0
3458,3.2815,9.7966,0.0018,0.0000,0,0,0.0000,0,0.0000,0,0,0,701,0
3459,3.1241,9.5913,0.0011,0.0000,0,0,0.0000,0,0.0000,0,0,0,696,0
3460,5.9434,6.1762,0.0039,0.0000,0,0,0.0000,0,0.0000,0,0,0,601,0
3461,3.3764,5.8267,0.0022,0.0000,0,0,0.0000,0,0.0000,0,0,0,601,0
3462,3.2815,10.5062,0.0039,0.0000,0,0,0.0000,0,0.0000,0,0,0,704,0
3463,3.1241,10.3015,0.0020,0.0000,0,0,0.0000,0,0.0000,0,0,0,701,0
3464,5.9434,6.1792,0.0032,0.0000,0,0,0.0000,0,0.0000,0,0,0,601,0
3465,3.3764,5.7749,0.0025,0.0000,0,0,0.0000,0,0.0000,0,0,0,601,0
3466,3.2815,10.3153,0.0012,0.0000,0,0,0.0000,0,0.0000,0,0,0,701,0
3467,3.1241,10.2686,0.0012,0.0000,0,0,0.0000,0,0.0000,0,0,0,700,0
3468,5.9434,5.9974,0.0039,0.0000,0,0,0.0000,0,0.0000,0,0,0,601,0
3469,3.3764,5.9372,0.0015,0.0000,0,0,0.0000,0,0.0000,0,0,0,601,0
3470,3.2815,10.2720,0.0066,0.0000,0,0,0.0000,0,0.0000,0,0,0,701,0
3471,3.1241,7.6726,0.0035,0.0000,0,0,0.0000,0,0.0000,0,0,0,720,0
3472,5.9434,6.9470,0.0076,0.0000,0,0,0.0000,0,0.0000,0,0,0,601,0
3473,3.3764,5.9458,0.0076,0.0000,0,0,0.0000,0,0.0000,0,0,0,601,0
3474,3.2815,10.4570,0.0025,0.0000,0,0,0.0000,0,0.0000,0,0,0,702,0
3475,3.1241,10.2197,0.0022,0.0000,0,0,0.0000,0,0.0000,0,0,0,696,0
3476,5.9434,6.6324,0.0097,0.0000,0,0,0.0000,0,0.0000,0,0,0,601,0
3477,3.3764,5.9193,0.0026,0.0000,0,0,0.0000,0,0.0000,0,0,0,601,0
3478,3.2815,10.5740,0.0073,0.0000,0,0,0.0000,0,0.0000,0,0,0,712,0
3479,3.1241,10.3426,0.0025,0.0000,0,0,0.0000,0,0.0000,0,0,0,696,0
3480,5.9434,6.6530,0.0097,0.0000,0,0,0.0000,0,0.0000,0,0,0,601,0
3481,3.3764,5.9075,0.0028,0.0000,0,0,0.0000,0,0.0000,0,0,0,601,0
3482,3.2815,8.9252,0.0072,0.0000,0,0,0.0000,0,0.0000,0,0,0,696,0
3483,3.1241,9.6756,0.0031,0.0000,0,0,0.0000,0,0.0000,0,0,0,696,0
3484,5.9434,6.4725,0.0039,0.0000,0,0,0.0000,0,0.0000,0,0,0,601,0
3485,3.3764,5.6676,0.0039,0.0000,0,0,0.0000,0,0.0000,0,0,0,601,0
3486,3.2815,10.7700,0.0055,0.0000,0,0,0.0000,0,0.0000,0,0,0,696,0
3487,3.1241,10.6227,0.0054,0.0000,0,0,0.0000,0,0.0000,0,0,0,696,0
3488,5.9434,6.2625,0.0027,0.0000,0,0,0.0000,0,0.0000,0,0,0,601,0
3489,3.3764,5.8194,0.0015,0.0000,0,0,0.0000,0,0.0000,0,0,0,601,0
3490,3.2815,10.5061,0.0019,0.0000,0,0,0.0000,0,0.0000,0,0,0,696,0
3491,3.1241,10.4514,0.0018,0.0000,0,0,0.0000,0,0.0000,0,0,0,705,0
3492,5.9434,6.1054,0.0015,0.0000,0,0,0.0000,0,0.0000,0,0,0,601,0
3493,3.3764,5.7076,0.0013,0.0000,0,0,0.0000,0,0.0000,0,0,0,601,0
3494,3.2815,10.8471,0.0078,0.0000,0,0,0.0000,0,0.0000,0,0,0,696,0
3495,3.1241,10.7082,0.0078,0.0000,0,0,0.0000,0,0.0000,0,0,0,704,0
3496,5.9434,6.6851,0.0122,0.0000,0,0,0.0000,0,0.0000,0,0,0,601,0
3497,3.3764,6.1517,0.0030,0.0000,0,0,0.0000,0,0.0000,0,0,0,601,0
3498,3.2815,10.4553,0.0101,0.0000,0,0,0.0000,0,0.0000,0,0,0,706,0
3499,3.1241,9.9758,0.0027,0.0000,0,0,0.0000,0,0.0000,0,0,0,711,0
3500,5.9434,6.8500,0.0092,0.0000,0,0,0.0000,0,0.0000,0,0,0,601,0
3501,3.3764,5.9741,0.0013,0.0000,0,0,0.0000,0,0.0000,0,0,0,601,0
3502,3.2815,10.1699,0.0033,0.0000,0,0,0.0000,0,0.0000,0,0,0,702,0
3503,3.1241,9.9640,0.0021,0.0000,0,0,0.0000,0,0.0000,0,0,0,696,0
3504,5.9434,6.3115,0.0020,0.0000,0,0,0.0000,0,0.0000,0,0,0,601,0
3505,3.3764,8.6887,0.0075,0.0000,0,0,0.0000,0,0.0000,0,0,0,601,0
3506,3.2815,7.2630,0.0020,0.0000,0,0,0.0000,0,0.0000,0,0,0,702,0
3507,3.1241,10.3053,0.0021,0.0000,0,0,0.0000,0,0.0000,0,0,0,696,0
3508,5.9434,5.9768,0.0065,0.0000,0,0,0.0000,0,0.0000,0,0,0,601,0
3509,3.3764,5.6834,0.0018,0.0000,0,0,0.0000,0,0.0000,0,0,0,601,0
3510,3.2815,10.4844,0.0039,0.0000,0,0,0.0000,0,0.0000,0,0,0,696,0
3511,3.1241,10.3164,0.0013,0.0000,0,0,0.0000,0,0.0000,0,0,0,696,0
3512,5.9434,6.2610,0.0041,0.0000,0,0,0.0000,0,0.0000,0,0,0,601,0
3513,3.3764,5.7870,0.0010,0.0000,0,0,0.0000,0,0.0000,0,0,0,601,0
3514,3.2815,10.5352,0.0010,0.0000,0,0,0.0000,0,0.0000,0,0,0,696,0
3515,3.1241,10.4744,0.0007,0.0000,0,0,0.0000,0,0.0000,0,0,0,696,0
3516,5.9434,5.9130,0.0020,0.0000,0,0,0.0000,0,0.0000,0,0,0,601,0
3517,3.3764,5.7428,0.0015,0.0000,0,0,0.0000,0,0.0000,0,0,0,601,0
3518,3.2815,10.9141,0.0073,0.0000,0,0,0.0000,0,0.0000,0,0,0,696,0
3519,3.1241,10.6974,0.0073,0.0000,0,0,0.0000,0,0.0000,0,0,0,701,0
3520,5.9434,6.6785,0.0111,0.0000,0,0,0.0000,0,0.0000,0,0,0,601,0
3521,3.3764,5.9067,0.0033,0.0000,0,0,0.0000,0,0.0000,0,0,0,601,0
3522,3.2815,10.2985,0.0028,0.0000,0,0,0.0000,0,0.0000,0,0,0,709,0
3523,3.1241,10.2352,0.0028,0.0000,0,0,0.0000,0,0.0000,0,0,0,696,0
3524,5.9434,6.6080,0.0085,0.0000,0,0,0.0000,0,0.0000,0,0,0,601,0
3525,3.3764,5.9633,0.0031,0.0000,0,0,0.0000,0,0.0000,0,0,0,601,0
3526,3.2815,9.9754,0.0045,0.0000,0,0,0.0000,0,0.0000,0,0,0,696,0
3527,3.1241,9.1705,0.0025,0.0000,0,0,0.0000,0,0.0000,0,0,0,707,0
3528,5.9434,6.8062,0.0075,0.0000,0,0,0.0000,0,0.0000,0,0,0,601,0
3529,3.3764,5.9498,0.0020,0.0000,0,0,0.0000,0,0.0000,0,0,0,601,0
3530,3.2815,9.4607,0.0060,0.0000,0,0,0.0000,0,0.0000,0,0,0,696,0
3531,3.1241,9.8163,0.0017,0.0000,0,0,0.0000,0,0.0000,0,0,0,698,0
3532,5.9434,6.7010,0.0015,0.0000,0,0,0.0000,0,0.0000,0,0,0,601,0
3533,3.3764,6.0781,0.0082,0.0000,0,0,0.0000,0,0.0000,0,0,0,601,0
3534,3.2815,10.0484,0.0015,0.0000,0,0,0.0000,0,0.0000,0,0,0,696,0
3535,3.1241,9.8624,0.0009,0.0000,0,0,0.0000,0,0.0000,0,0,0,696,0
3536,5.9434,6.0277,0.0053,0.0000,0,0,0.0000,0,0.0000,0,0,0,601,0
3537,3.3764,5.6179,0.0053,0.0000,0,0,0.0000,0,0.0000,0,0,0,601,0
3538,3.2815,10.5627,0.0037,0.0000,0,0,0.0000,0,0.0000,0,0,0,696,0
3539,3.1241,10.4230,0.0037,0.0000,0,0,0.0000,0,0.0000,0,0,0,696,0
3540,5.9434,6.1996,0.0045,0.0000,0,0,0.0000,0,0.0000,0,0,0,601,0
3541,3.3764,5.8380,0.0015,0.0000,0,0,0.0000,0,0.0000,0,0,0,601,0
3542,3.2815,10.7996,0.0009,0.0000,0,0,0.0000,0,0.0000,0,0,0,696,0
3543,3.1241,10.7449,0.0010,0.0000,0,0,0.0000,0,0.0000,0,0,0,696,0
3544,5.9434,6.0179,0.0016,0.0000,0,0,0.0000,0,0.0000,0,0,0,601,0
3545,3.3764,5.6945,0.0011,0.0000,0,0,0.0000,0,0.0000,0,0,0,601,0
3546,3.2815,10.2631,0.0008,0.0000,0,0,0.0000,0,0.0000,0,0,0,696,0
3547,3.1241,10.2906,0.0008,0.0000,0,0,0.0000,0,0.0000,0,0,0,696,0
3548,5.9434,6.0623,0.0060,0.0000,0,0,0.0000,0,0.0000,0,0,0,601,0
3549,3.3764,5.7157,0.0022,0.0000,0,0,0.0000,0,0.0000,0,0,0,601,0
3550,3.2815,10.6081,0.0099,0.0000,0,0,0.0000,0,0.0000,0,0,0,696,0
3551,3.1241,10.5448,0.0016,0.0000,0,0,0.0000,0,0.0000,0,0,0,696,0
3552,5.9434,6.1464,0.0025,0.0000,0,0,0.0000,0,0.0000,0,0,0,601,0
3553,3.3764,5.8228,0.0020,0.0000,0,0,0.0000,0,0.0000,0,0,0,601,0
3554,3.2815,10.5978,0.0074,0.0000,0,0,0.0000,0,0.0000,0,0,0,696,0
3555,3.1241,10.3918,0.0074,0.0000,0,0,0.0000,0,0.0000,0,0,0,706,0
3556,5.9434,6.3495,0.0076,0.0000,0,0,0.0000,0,0.0000,0,0,0,601,0
3557,3.3764,5.8232,0.0017,0.0000,0,0,0.0000,0,0.0000,0,0,0,601,0
3558,3.2815,10.2103,0.0040,0.0000,0,0,0.0000,0,0.0000,0,0,0,696,0
3559,3.1241,10.1430,0.0031,0.0000,0,0,0.0000,0,0.0000,0,0,0,696,0
3560,5.9434,6.8841,0.0088,0.0000,0,0,0.0000,0,0.0000,0,0,0,601,0
3561,3.3764,6.1339,0.0023,0.0000,0,0,0.0000,0,0.0000,0,0,0,601,0
3562,3.2815,10.7061,0.0059,0.0000,0,0,0.0000,0,0.0000,0,0,0,696,0
3563,3.1241,9.9080,0.0027,0.0000,0,0,0.0000,0,0.0000,0,0,0,696,0
3564,5.9434,6.5977,0.0055,0.0000,0,0,0.0000,0,0.0000,0,0,0,601,0
3565,3.3764,5.8352,0.0016,0.0000,0,0,0.0000,0,0.0000,0,0,0,601,0
3566,3.2815,10.0562,0.0035,0.0000,0,0,0.0000,0,0.0000,0,0,0,701,0
3567,3.1241,10.1340,0.0008,0.0000,0,0,0.0000,0,0.0000,0,0,0,696,0
3568,5.9434,6.3181,0.0045,0.0000,0,0,0.0000,0,0.0000,0,0,0,601,0
3569,3.3764,5.8936,0.0014,0.0000,0,0,0.0000,0,0.0000,0,0,0,601,0
3570,3.2815,10.3761,0.0021,0.0000,0,0,0.0000,0,0.0000,0,0,0,696,0
3571,3.1241,10.3102,0.0024,0.0000,0,0,0.0000,0,0.0000,0,0,0,696,0
3572,5.9434,6.1796,0.0060,0.0000,0,0,0.0000,0,0.0000,0,0,0,601,0
3573,3.3764,5.8197,0.0041,0.0000,0,0,0.0000,0,0.0000,0,0,0,601,0
3574,3.2815,10.6550,0.0031,0.0000,0,0,0.0000,0,0.0000,0,0,0,696,0
3575,3.1241,10.5102,0.0015,0.0000,0,0,0.0000,0,0.0000,0,0,0,696,0
3576,5.9434,6.0276,0.0037,0.0000,0,0,0.0000,0,0.0000,0,0,0,601,0
3577,3.3764,5.6611,0.0037,0.0000,0,0,0.0000,0,0.0000,0,0,0,601,0
3578,3.2815,10.5593,0.0013,0.0000,0,0,0.0000,0,0.0000,0,0,0,696,0
3579,3.1241,10.4688,0.0013,0.0000,0,0,0.0000,0,0.0000,0,0,0,696,0
3580,5.9434,5.8097,0.0025,0.0000,0,0,0.0000,0,0.0000,0,0,0,601,0
3581,3.3764,5.5486,0.0011,0.0000,0,0,0.0000,0,0.0000,0,0,0,601,0
3582,3.2815,10.3854,0.0035,0.0000,0,0,0.0000,0,0.0000,0,0,0,696,0
3583,3.1241,10.2971,0.0011,0.0000,0,0,0.0000,0,0.0000,0,0,0,706,0
3584,5.9434,5.8327,0.0031,0.0000,0,0,0.0000,0,0.0000,0,0,0,601,0
3585,3.3764,5.6467,0.0011,0.0000,0,0,0.0000,0,0.0000,0,0,0,601,0
3586,3.2815,10.4200,0.0008,0.0000,0,0,0.0000,0,0.0000,0,0,0,696,0
3587,3.1241,10.4098,0.0015,0.0000,0,0,0.0000,0,0.0000,0,0,0,696,0
3588,5.9434,5.7043,0.0010,0.0000,0,0,0.0000,0,0.0000,0,0,0,601,0
3589,3.3764,5.6368,0.0010,0.0000,0,0,0.0000,0,0.0000,0,0,0,601,0
3590,3.2815,10.3001,0.0008,0.0000,0,0,0.0000,0,0.0000,0,0,0,696,0
3591,3.1241,10.2248,0.0007,0.0000,0,0,0.0000,0,0.0000,0,0,0,696,0
3592,5.9434,5.8527,0.0028,0.0000,0,0,0.0000,0,0.0000,0,0,0,601,0
3593,3.3764,5.6187,0.0016,0.0000,0,0,0.0000,0,0.0000,0,0,0,601,0
3594,3.2815,10.3616,0.0011,0.0000,0,0,0.0000,0,0.0000,0,0,0,696,0
3595,3.1241,10.3302,0.0010,0.0000,0,0,0.0000,0,0.0000,0,0,0,696,0
3596,5.9434,5.6813,0.0013,0.0000,0,0,0.0000,0,0.0000,0,0,0,601,0
3597,3.3764,5.5972,0.0009,0.0000,0,0,0.0000,0,0.0000,0,0,0,601,0
3598,3.2815,10.2726,0.0011,0.0000,0,0,0.0000,0,0.0000,0,0,0,696,0
3599,3.1241,10.2196,0.0013,0.0000,0,0,0.0000,0,0.0000,0,0,0,703,0
3600,5.9434,42.1469,0.0127,0.0000,0,0,0.0000,0,0.0000,0,1,0,60271,0
3601,3.3764,29.0860,0.0083,0.0000,0,0,0.0000,0,0.0000,0,1,0,43482,0
3602,3.2815,25.5167,0.0043,0.0000,0,0,0.0000,0,0.0000,0,1,0,59828,0
3603,3.1241,25.7663,0.0111,0.0000,0,0,0.0000,0,0.0000,0,1,0,68126,0
3604,5.9434,5.8905,0.0077,0.0000,0,0,0.0000,0,0.0000,0,0,0,16498,0
3605,3.3764,5.6518,0.0054,0.0000,0,0,0.0000,0,0.0000,0,0,0,14403,0
3606,3.2815,10.5733,0.0022,0.0000,0,0,0.0000,0,0.0000,0,0,0,17862,0
3607,3.1241,10.6090,0.0064,0.0000,0,0,0.0000,0,0.0000,0,0,0,17138,0
3608,5.9434,5.9285,0.0035,0.0000,0,0,0.0000,0,0.0000,0,0,0,9226,0
3609,3.3764,5.6810,0.0025,0.0000,0,0,0.0000,0,0.0000,0,0,0,6914,0
3610,3.2815,10.4924,0.0019,0.0000,0,0,0.0000,0,0.0000,0,0,0,11125,0
3611,3.1241,10.4994,0.0015,0.0000,0,0,0.0000,0,0.0000,0,0,0,9621,0
3612,5.9434,5.7705,0.0023,0.0000,0,0,0.0000,0,0.0000,0,0,0,17369,0
3613,3.3764,5.7220,0.0019,0.0000,0,0,0.0000,0,0.0000,0,0,0,16755,0
3614,3.2815,10.5203,0.0022,0.0000,0,0,0.0000,0,0.0000,0,0,0,19658,0
3615,3.1241,10.5303,0.0025,0.0000,0,0,0.0000,0,0.0000,0,0,0,15622,0
3616,5.9434,5.7248,0.0097,0.0000,0,0,0.0000,0,0.0000,0,0,0,23309,0
3617,3.3764,5.5955,0.0028,0.0000,0,0,0.0000,0,0.0000,0,0,0,20346,0
3618,3.2815,10.4680,0.0137,0.0000,0,0,0.0000,0,0.0000,0,0,0,22802,0
3619,3.1241,10.3597,0.0143,0.0000,0,0,0.0000,0,0.0000,0,0,0,21407,0
3620,5.9434,5.7970,0.0037,0.0000,0,0,0.0000,0,0.0000,0,0,0,13027,0
3621,3.3764,5.6178,0.0022,0.0000,0,0,0.0000,0,0.0000,0,0,0,11737,0
3622,3.2815,10.3670,0.0042,0.0000,0,0,0.0000,0,0.0000,0,0,0,12722,0
3623,3.1241,10.3494,0.0022,0.0000,0,0,0.0000,0,0.0000,0,0,0,16214,0
3624,5.9434,5.9326,0.0025,0.0000,0,0,0.0000,0,0.0000,0,0,0,7002,0
3625,3.3764,5.6710,0.0023,0.0000,0,0,0.0000,0,0.0000,0,0,0,5132,0
3626,3.2815,10.6013,0.0018,0.0000,0,0,0.0000,0,0.0000,0,0,0,7491,0
3627,3.1241,10.5237,0.0010,0.0000,0,0,0.0000,0,0.0000,0,0,0,4790,0
3628,5.9434,5.6161,0.0015,0.0000,0,0,0.0000,0,0.0000,0,0,0,3933,0
3629,3.3764,5.5577,0.0010,0.0000,0,0,0.0000,0,0.0000,0,0,0,3799,0
3630,3.2815,10.3421,0.0011,0.0000,0,0,0.0000,0,0.0000,0,0,0,4399,0
3631,3.1241,10.3300,0.0009,0.0000,0,0,0.0000,0,0.0000,0,0,0,3276,0
3632,5.9434,5.6859,0.0015,0.0000,0,0,0.0000,0,0.0000,0,0,0,3260,0
3633,3.3764,5.6802,0.0010,0.0000,0,0,0.0000,0,0.0000,0,0,0,2850,0
3634,3.2815,10.4985,0.0010,0.0000,0,0,0.0000,0,0.0000,0,0,0,3280,0
3635,3.1241,10.4940,0.0016,0.0000,0,0,0.0000,0,0.0000,0,0,0,2761,0
3636,5.9434,5.6582,0.0025,0.0000,0,0,0.0000,0,0.0000,0,0,0,3090,0
3637,3.3764,5.5576,0.0015,0.0000,0,0,0.0000,0,0.0000,0,0,0,2691,0
3638,3.2815,10.4764,0.0012,0.0000,0,0,0.0000,0,0.0000,0,0,0,3020,0
3639,3.1241,10.4580,0.0019,0.0000,0,0,0.0000,0,0.0000,0,0,0,2648,0
3640,5.9434,5.8850,0.0011,0.0000,0,0,0.0000,0,0.0000,0,0,0,2664,0
3641,3.3764,5.6513,0.0008,0.0000,0,0,0.0000,0,0.0000,0,0,0,2213,0
3642,3.2815,10.3917,0.0010,0.0000,0,0,0.0000,0,0.0000,0,0,0,1084,0
3643,3.1241,10.4258,0.0010,0.0000,0,0,0.0000,0,0.0000,0,0,0,2638,0
3644,5.9434,5.7058,0.0013,0.0000,0,0,0.0000,0,0.0000,0,0,0,1673,0
3645,3.3764,5.6133,0.0054,0.0000,0,0,0.0000,0,0.0000,0,0,0,1302,0
3646,3.2815,10.4119,0.0013,0.0000,0,0,0.0000,0,0.0000,0,0,0,959,0
3647,3.1241,10.3832,0.0013,0.0000,0,0,0.0000,0,0.0000,0,0,0,2173,0
3648,5.9434,5.8652,0.0045,0.0000,0,0,0.0000,0,0.0000,0,0,0,1538,0
3649,3.3764,5.6361,0.0015,0.0000,0,0,0.0000,0,0.0000,0,0,0,1107,0
3650,3.2815,10.5499,0.0030,0.0000,0,0,0.0000,0,0.0000,0,0,0,819,0
3651,3.1241,10.4497,0.0014,0.0000,0,0,0.0000,0,0.0000,0,0,0,1668,0
3652,5.9434,6.1473,0.0097,0.0000,0,0,0.0000,0,0.0000,0,0,0,1248,0
3653,3.3764,5.6958,0.0097,0.0000,0,0,0.0000,0,0.0000,0,0,0,944,0
3654,3.2815,10.8044,0.0008,0.0000,0,0,0.0000,0,0.0000,0,0,0,945,0
3655,3.1241,10.5180,0.0022,0.0000,0,0,0.0000,0,0.0000,0,0,0,743,0
3656,5.9434,6.1078,0.0012,0.0000,0,0,0.0000,0,0.0000,0,0,0,1198,0
3657,3.3764,5.7970,0.0015,0.0000,0,0,0.0000,0,0.0000,0,0,0,836,0
3658,3.2815,10.4859,0.0012,0.0000,0,0,0.0000,0,0.0000,0,0,0,1250,0
3659,3.1241,10.5153,0.0017,0.0000,0,0,0.0000,0,0.0000,0,0,0,717,0
3660,5.9434,5.7715,0.0010,0.0000,0,0,0.0000,0,0.0000,0,0,0,1168,0
3661,3.3764,5.6780,0.0010,0.0000,0,0,0.0000,0,0.0000,0,0,0,792,0
3662,3.2815,10.4998,0.0016,0.0000,0,0,0.0000,0,0.0000,0,0,0,1108,0
3663,3.1241,10.4666,0.0013,0.0000,0,0,0.0000,0,0.0000,0,0,0,792,0
3664,5.9434,5.8427,0.0011,0.0000,0,0,0.0000,0,0.0000,0,0,0,1037,0
3665,3.3764,5.7257,0.0014,0.0000,0,0,0.0000,0,0.0000,0,0,0,722,0
3666,3.2815,10.7087,0.0018,0.0000,0,0,0.0000,0,0.0000,0,0,0,1361,0
3667,3.1241,10.6283,0.0012,0.0000,0,0,0.0000,0,0.0000,0,0,0,925,0
3668,5.9434,5.7710,0.0013,0.0000,0,0,0.0000,0,0.0000,0,0,0,987,0
3669,3.3764,5.6812,0.0011,0.0000,0,0,0.0000,0,0.0000,0,0,0,676,0
3670,3.2815,10.3987,0.0010,0.0000,0,0,0.0000,0,0.0000,0,0,0,1198,0
3671,3.1241,10.3880,0.0011,0.0000,0,0,0.0000,0,0.0000,0,0,0,1094,0
3672,5.9434,5.7357,0.0014,0.0000,0,0,0.0000,0,0.0000,0,0,0,879,0
3673,3.3764,5.6482,0.0013,0.0000,0,0,0.0000,0,0.0000,0,0,0,648,0
3674,3.2815,10.3605,0.0015,0.0000,0,0,0.0000,0,0.0000,0,0,0,1117,0
3675,3.1241,10.3674,0.0011,0.0000,0,0,0.0000,0,0.0000,0,0,0,1077,0
3676,5.9434,5.7360,0.0013,0.0000,0,0,0.0000,0,0.0000,0,0,0,746,0
3677,3.3764,5.6620,0.0013,0.0000,0,0,0.0000,0,0.0000,0,0,0,643,0
3678,3.2815,10.5412,0.0012,0.0000,0,0,0.0000,0,0.0000,0,0,0,1064,0
3679,3.1241,10.4967,0.0022,0.0000,0,0,0.0000,0,0.0000,0,0,0,1295,0
3680,5.9434,5.9078,0.0017,0.0000,0,0,0.0000,0,0.0000,0,0,0,687,0
3681,3.3764,5.6908,0.0018,0.0000,0,0,0.0000,0,0.0000,0,0,0,622,0
3682,3.2815,10.5247,0.0017,0.0000,0,0,0.0000,0,0.0000,0,0,0,1368,0
3683,3.1241,10.4579,0.0008,0.0000,0,0,0.0000,0,0.0000,0,0,0,709,0
3684,5.9434,5.9631,0.0015,0.0000,0,0,0.0000,0,0.0000,0,0,0,716,0
3685,3.3764,5.6872,0.0015,0.0000,0,0,0.0000,0,0.0000,0,0,0,620,0
3686,3.2815,10.3442,0.0015,0.0000,0,0,0.0000,0,0.0000,0,0,0,710,0
3687,3.1241,10.3082,0.0014,0.0000,0,0,0.0000,0,0.0000,0,0,0,715,0
3688,5.9434,5.8660,0.0010,0.0000,0,0,0.0000,0,0.0000,0,0,0,717,0
3689,3.3764,5.6624,0.0009,0.0000,0,0,0.0000,0,0.0000,0,0,0,613,0
3690,3.2815,11.2174,0.0084,0.0000,0,0,0.0000,0,0.0000,0,0,0,696,0
3691,3.1241,11.2913,0.0024,0.0000,0,0,0.0000,0,0.0000,0,0,0,724,0
3692,5.9434,6.0901,0.0040,0.0000,0,0,0.0000,0,0.0000,0,0,0,685,0
3693,3.3764,5.7773,0.0027,0.0000,0,0,0.0000,0,0.0000,0,0,0,617,0
3694,3.2815,10.6276,0.0025,0.0000,0,0,0.0000,0,0.0000,0,0,0,755,0
3695,3.1241,10.4449,0.0007,0.0000,0,0,0.0000,0,0.0000,0,0,0,779,0
3696,5.9434,6.0247,0.0022,0.0000,0,0,0.0000,0,0.0000,0,0,0,664,0
3697,3.3764,5.7495,0.0013,0.0000,0,0,0.0000,0,0.0000,0,0,0,622,0
3698,3.2815,10.4666,0.0050,0.0000,0,0,0.0000,0,0.0000,0,0,0,785,0
3699,3.1241,10.3989,0.0020,0.0000,0,0,0.0000,0,0.0000,0,0,0,906,0
3700,5.9434,6.2934,0.0072,0.0000,0,0,0.0000,0,0.0000,0,0,0,636,0
3701,3.3764,5.8891,0.0010,0.0000,0,0,0.0000,0,0.0000,0,0,0,626,0
3702,3.2815,10.5515,0.0015,0.0000,0,0,0.0000,0,0.0000,0,0,0,868,0
3703,3.1241,10.5043,0.0051,0.0000,0,0,0.0000,0,0.0000,0,0,0,830,0
3704,5.9434,5.9710,0.0018,0.0000,0,0,0.0000,0,0.0000,0,0,0,635,0
3705,3.3764,5.8012,0.0010,0.0000,0,0,0.0000,0,0.0000,0,0,0,608,0
3706,3.2815,10.4271,0.0033,0.0000,0,0,0.0000,0,0.0000,0,0,0,801,0
3707,3.1241,10.4021,0.0011,0.0000,0,0,0.0000,0,0.0000,0,0,0,966,0
3708,5.9434,6.0320,0.0022,0.0000,0,0,0.0000,0,0.0000,0,0,0,650,0
3709,3.3764,5.7415,0.0010,0.0000,0,0,0.0000,0,0.0000,0,0,0,606,0
3710,3.2815,10.6635,0.0015,0.0000,0,0,0.0000,0,0.0000,0,0,0,1017,0
3711,3.1241,10.6103,0.0010,0.0000,0,0,0.0000,0,0.0000,0,0,0,705,0
3712,5.9434,6.0599,0.0026,0.0000,0,0,0.0000,0,0.0000,0,0,0,646,0
3713,3.3764,5.7919,0.0014,0.0000,0,0,0.0000,0,0.0000,0,0,0,607,0
3714,3.2815,10.6416,0.0022,0.0000,0,0,0.0000,0,0.0000,0,0,0,933,0
3715,3.1241,10.6103,0.0016,0.0000,0,0,0.0000,0,0.0000,0,0,0,703,0
3716,5.9434,6.1010,0.0050,0.0000,0,0,0.0000,0,0.0000,0,0,0,651,0
3717,3.3764,5.8539,0.0035,0.0000,0,0,0.0000,0,0.0000,0,0,0,609,0
3718,3.2815,10.6775,0.0032,0.0000,0,0,0.0000,0,0.0000,0,0,0,926,0
3719,3.1241,10.5443,0.0006,0.0000,0,0,0.0000,0,0.0000,0,0,0,728,0
3720,5.9434,6.1625,0.0031,0.0000,0,0,0.0000,0,0.0000,0,0,0,638,0
3721,3.3764,5.7817,0.0010,0.0000,0,0,0.0000,0,0.0000,0,0,0,601,0
3722,3.2815,10.6881,0.0015,0.0000,0,0,0.0000,0,0.0000,0,0,0,856,0
3723,3.1241,10.6049,0.0014,0.0000,0,0,0.0000,0,0.0000,0,0,0,752,0
3724,5.9434,5.9210,0.0015,0.0000,0,0,0.0000,0,0.0000,0,0,0,623,0
3725,3.3764,5.7195,0.0009,0.0000,0,0,0.0000,0,0.0000,0,0,0,601,0
3726,3.2815,10.5047,0.0010,0.0000,0,0,0.0000,0,0.0000,0,0,0,1082,0
3727,3.1241,10.4313,0.0008,0.0000,0,0,0.0000,0,0.0000,0,0,0,805,0
3728,5.9434,5.7289,0.0016,0.0000,0,0,0.0000,0,0.0000,0,0,0,626,0
3729,3.3764,5.6630,0.0014,0.0000,0,0,0.0000,0,0.0000,0,0,0,601,0
3730,3.2815,10.4320,0.0008,0.0000,0,0,0.0000,0,0.0000,0,0,0,712,0
3731,3.1241,10.3717,0.0008,0.0000,0,0,0.0000,0,0.0000,0,0,0,775,0
3732,5.9434,6.0583,0.0013,0.0000,0,0,0.0000,0,0.0000,0,0,0,622,0
3733,3.3764,5.8286,0.0011,0.0000,0,0,0.0000,0,0.0000,0,0,0,601,0
3734,3.2815,10.7021,0.0010,0.0000,0,0,0.0000,0,0.0000,0,0,0,709,0
3735,3.1241,10.6288,0.0010,0.0000,0,0,0.0000,0,0.0000,0,0,0,911,0
3736,5.9434,6.0545,0.0030,0.0000,0,0,0.0000,0,0.0000,0,0,0,611,0
3737,3.3764,5.7758,0.0024,0.0000,0,0,0.0000,0,0.0000,0,0,0,601,0
3738,3.2815,10.4618,0.0013,0.0000,0,0,0.0000,0,0.0000,0,0,0,723,0
3739,3.1241,10.4192,0.0011,0.0000,0,0,0.0000,0,0.0000,0,0,0,698,0
3740,5.9434,5.8453,0.0021,0.0000,0,0,0.0000,0,0.0000,0,0,0,618,0
3741,3.3764,5.7178,0.0012,0.0000,0,0,0.0000,0,0.0000,0,0,0,601,0
3742,3.2815,10.4863,0.0020,0.0000,0,0,0.0000,0,0.0000,0,0,0,744,0
3743,3.1241,10.3924,0.0028,0.0000,0,0,0.0000,0,0.0000,0,0,0,696,0
3744,5.9434,6.2658,0.0094,0.0000,0,0,0.0000,0,0.0000,0,0,0,605,0
3745,3.3764,5.9133,0.0094,0.0000,0,0,0.0000,0,0.0000,0,0,0,601,0
3746,3.2815,10.6421,0.0067,0.0000,0,0,0.0000,0,0.0000,0,0,0,786,0
3747,3.1241,10.4373,0.0066,0.0000,0,0,0.0000,0,0.0000,0,0,0,704,0
3748,5.9434,6.5892,0.0021,0.0000,0,0,0.0000,0,0.0000,0,0,0,606,0
3749,3.3764,5.9655,0.0020,0.0000,0,0,0.0000,0,0.0000,0,0,0,601,0
3750,3.2815,10.2978,0.0088,0.0000,0,0,0.0000,0,0.0000,0,0,0,780,0
3751,3.1241,10.4255,0.0041,0.0000,0,0,0.0000,0,0.0000,0,0,0,741,0
3752,5.9434,6.3968,0.0048,0.0000,0,0,0.0000,0,0.0000,0,0,0,605,0
3753,3.3764,5.8958,0.0047,0.0000,0,0,0.0000,0,0.0000,0,0,0,601,0
3754,3.2815,10.6014,0.0056,0.0000,0,0,0.0000,0,0.0000,0,0,0,808,0
3755,3.1241,10.3861,0.0046,0.0000,0,0,0.0000,0,0.0000,0,0,0,758,0
3756,5.9434,6.3642,0.0029,0.0000,0,0,0.0000,0,0.0000,0,0,0,606,0
3757,3.3764,5.8917,0.0018,0.0000,0,0,0.0000,0,0.0000,0,0,0,601,0
3758,3.2815,10.8185,0.0027,0.0000,0,0,0.0000,0,0.0000,0,0,0,795,0
3759,3.1241,10.7746,0.0014,0.0000,0,0,0.0000,0,0.0000,0,0,0,738,0
3760,5.9434,6.1768,0.0046,0.0000,0,0,0.0000,0,0.0000,0,0,0,601,0
3761,3.3764,5.8158,0.0016,0.0000,0,0,0.0000,0,0.0000,0,0,0,601,0
3762,3.2815,10.5628,0.0037,0.0000,0,0,0.0000,0,0.0000,0,0,0,771,0
3763,3.1241,10.4902,0.0010,0.0000,0,0,0.0000,0,0.0000,0,0,0,836,0
3764,5.9434,6.3210,0.0031,0.0000,0,0,0.0000,0,0.0000,0,0,0,601,0
3765,3.3764,5.8951,0.0023,0.0000,0,0,0.0000,0,0.0000,0,0,0,601,0
3766,3.2815,10.8187,0.0017,0.0000,0,0,0.0000,0,0.0000,0,0,0,779,0
3767,3.1241,10.7733,0.0056,0.0000,0,0,0.0000,0,0.0000,0,0,0,698,0
3768,5.9434,6.0555,0.0014,0.0000,0,0,0.0000,0,0.0000,0,0,0,601,0
3769,3.3764,5.7725,0.0016,0.0000,0,0,0.0000,0,0.0000,0,0,0,601,0
3770,3.2815,10.5541,0.0010,0.0000,0,0,0.0000,0,0.0000,0,0,0,967,0
3771,3.1241,10.5052,0.0008,0.0000,0,0,0.0000,0,0.0000,0,0,0,696,0
3772,5.9434,6.2844,0.0020,0.0000,0,0,0.0000,0,0.0000,0,0,0,601,0
3773,3.3764,5.9142,0.0026,0.0000,0,0,0.0000,0,0.0000,0,0,0,601,0
3774,3.2815,10.6163,0.0017,0.0000,0,0,0.0000,0,0.0000,0,0,0,710,0
3775,3.1241,10.5416,0.0019,0.0000,0,0,0.0000,0,0.0000,0,0,0,700,0
3776,5.9434,5.8677,0.0018,0.0000,0,0,0.0000,0,0.0000,0,0,0,601,0
3777,3.3764,5.6922,0.0012,0.0000,0,0,0.0000,0,0.0000,0,0,0,601,0
3778,3.2815,10.3090,0.0010,0.0000,0,0,0.0000,0,0.0000,0,0,0,703,0
3779,3.1241,10.2675,0.0010,0.0000,0,0,0.0000,0,0.0000,0,0,0,721,0
3780,5.9434,6.8117,0.0101,0.0000,0,0,0.0000,0,0.0000,0,0,0,601,0
3781,3.3764,6.0539,0.0053,0.0000,0,0,0.0000,0,0.0000,0,0,0,601,0
3782,3.2815,10.6110,0.0024,0.0000,0,0,0.0000,0,0.0000,0,0,0,708,0
3783,3.1241,10.5763,0.0022,0.0000,0,0,0.0000,0,0.0000,0,0,0,783,0
3784,5.9434,7.0305,0.0091,0.0000,0,0,0.0000,0,0.0000,0,0,0,601,0
3785,3.3764,6.1838,0.0018,0.0000,0,0,0.0000,0,0.0000,0,0,0,601,0
3786,3.2815,10.2563,0.0052,0.0000,0,0,0.0000,0,0.0000,0,0,0,751,0
3787,3.1241,8.8825,0.0020,0.0000,0,0,0.0000,0,0.0000,0,0,0,755,0
3788,5.9434,6.1973,0.0048,0.0000,0,0,0.0000,0,0.0000,0,0,0,601,0
3789,3.3764,5.8011,0.0011,0.0000,0,0,0.0000,0,0.0000,0,0,0,601,0
3790,3.2815,10.8100,0.0026,0.0000,0,0,0.0000,0,0.0000,0,0,0,762,0
3791,3.1241,10.7917,0.0017,0.0000,0,0,0.0000,0,0.0000,0,0,0,801,0
3792,5.9434,6.0932,0.0040,0.0000,0,0,0.0000,0,0.0000,0,0,0,601,0
3793,3.3764,5.7184,0.0041,0.0000,0,0,0.0000,0,0.0000,0,0,0,601,0
3794,3.2815,10.6226,0.0030,0.0000,0,0,0.0000,0,0.0000,0,0,0,747,0
3795,3.1241,10.5972,0.0010,0.0000,0,0,0.0000,0,0.0000,0,0,0,696,0
3796,5.9434,5.8680,0.0028,0.0000,0,0,0.0000,0,0.0000,0,0,0,601,0
3797,3.3764,5.5930,0.0005,0.0000,0,0,0.0000,0,0.0000,0,0,0,601,0
3798,3.2815,10.3856,0.0015,0.0000,0,0,0.0000,0,0.0000,0,0,0,830,0
3799,3.1241,10.3981,0.0008,0.0000,0,0,0.0000,0,0.0000,0,0,0,701,0
3800,5.9434,6.1410,0.0031,0.0000,0,0,0.0000,0,0.0000,0,0,0,601,0
3801,3.3764,5.7343,0.0010,0.0000,0,0,0.0000,0,0.0000,0,0,0,601,0
3802,3.2815,10.6031,0.0007,0.0000,0,0,0.0000,0,0.0000,0,0,0,769,0
3803,3.1241,10.6260,0.0006,0.0000,0,0,0.0000,0,0.0000,0,0,0,696,0
3804,5.9434,5.6627,0.0009,0.0000,0,0,0.0000,0,0.0000,0,0,0,601,0
3805,3.3764,5.6077,0.0005,0.0000,0,0,0.0000,0,0.0000,0,0,0,601,0
3806,3.2815,10.5101,0.0006,0.0000,0,0,0.0000,0,0.0000,0,0,0,728,0
3807,3.1241,10.5140,0.0005,0.0000,0,0,0.0000,0,0.0000,0,0,0,717,0
3808,5.9434,5.9225,0.0021,0.0000,0,0,0.0000,0,0.0000,0,0,0,601,0
3809,3.3764,5.7877,0.0016,0.0000,0,0,0.0000,0,0.0000,0,0,0,601,0
3810,3.2815,10.2968,0.0006,0.0000,0,0,0.0000,0,0.0000,0,0,0,726,0
3811,3.1241,10.2982,0.0007,0.0000,0,0,0.0000,0,0.0000,0,0,0,731,0
3812,5.9434,6.0445,0.0023,0.0000,0,0,0.0000,0,0.0000,0,0,0,601,0
3813,3.3764,5.6761,0.0006,0.0000,0,0,0.0000,0,0.0000,0,0,0,601,0
3814,3.2815,10.2261,0.0020,0.0000,0,0,0.0000,0,0.0000,0,0,0,833,0
3815,3.1241,10.1386,0.0006,0.0000,0,0,0.0000,0,0.0000,0,0,0,722,0
3816,5.9434,6.5712,0.0059,0.0000,0,0,0.0000,0,0.0000,0,0,0,601,0
3817,3.3764,5.9257,0.0011,0.0000,0,0,0.0000,0,0.0000,0,0,0,601,0
3818,3.2815,10.3089,0.0075,0.0000,0,0,0.0000,0,0.0000,0,0,0,696,0
3819,3.1241,10.2563,0.0013,0.0000,0,0,0.0000,0,0.0000,0,0,0,758,0
3820,5.9434,6.3971,0.0086,0.0000,0,0,0.0000,0,0.0000,0,0,0,601,0
3821,3.3764,6.0963,0.0028,0.0000,0,0,0.0000,0,0.0000,0,0,0,601,0
3822,3.2815,9.7246,0.0013,0.0000,0,0,0.0000,0,0.0000,0,0,0,696,0
3823,3.1241,9.2250,0.0008,0.0000,0,0,0.0000,0,0.0000,0,0,0,696,0
3824,5.9434,6.1363,0.0022,0.0000,0,0,0.0000,0,0.0000,0,0,0,601,0
3825,3.3764,5.7148,0.0029,0.0000,0,0,0.0000,0,0.0000,0,0,0,601,0
3826,3.2815,10.0188,0.0055,0.0000,0,0,0.0000,0,0.0000,0,0,0,696,0
3827,3.1241,10.0873,0.0017,0.0000,0,0,0.0000,0,0.0000,0,0,0,705,0
3828,5.9434,5.8745,0.0018,0.0000,0,0,0.0000,0,0.0000,0,0,0,601,0
3829,3.3764,5.6576,0.0005,0.0000,0,0,0.0000,0,0.0000,0,0,0,601,0
3830,3.2815,10.8065,0.0043,0.0000,0,0,0.0000,0,0.0000,0,0,0,696,0
3831,3.1241,10.7049,0.0042,0.0000,0,0,0.0000,0,0.0000,0,0,0,707,0
3832,5.9434,6.5483,0.0065,0.0000,0,0,0.0000,0,0.0000,0,0,0,601,0
3833,3.3764,5.8322,0.0022,0.0000,0,0,0.0000,0,0.0000,0,0,0,601,0
3834,3.2815,10.7491,0.0076,0.0000,0,0,0.0000,0,0.0000,0,0,0,701,0
3835,3.1241,10.5576,0.0035,0.0000,0,0,0.0000,0,0.0000,0,0,0,707,0
3836,5.9434,6.4799,0.0069,0.0000,0,0,0.0000,0,0.0000,0,0,0,601,0
3837,3.3764,5.9017,0.0032,0.0000,0,0,0.0000,0,0.0000,0,0,0,601,0
3838,3.2815,9.6632,0.0032,0.0000,0,0,0.0000,0,0.0000,0,0,0,703,0
3839,3.1241,9.9110,0.0007,0.0000,0,0,0.0000,0,0.0000,0,0,0,736,0
3840,5.9434,6.1608,0.0047,0.0000,0,0,0.0000,0,0.0000,0,0,0,601,0
3841,3.3764,5.6810,0.0018,0.0000,0,0,0.0000,0,0.0000,0,0,0,601,0
3842,3.2815,10.0745,0.0022,0.0000,0,0,0.0000,0,0.0000,0,0,0,716,0
3843,3.1241,9.9646,0.0008,0.0000,0,0,0.0000,0,0.0000,0,0,0,719,0
3844,5.9434,5.6616,0.0020,0.0000,0,0,0.0000,0,0.0000,0,0,0,601,0
3845,3.3764,5.4905,0.0006,0.0000,0,0,0.0000,0,0.0000,0,0,0,601,0
3846,3.2815,10.2741,0.0013,0.0000,0,0,0.0000,0,0.0000,0,0,0,714,0
3847,3.1241,10.2965,0.0006,0.0000,0,0,0.0000,0,0.0000,0,0,0,775,0
3848,5.9434,5.7321,0.0010,0.0000,0,0,0.0000,0,0.0000,0,0,0,601,0
3849,3.3764,5.6187,0.0010,0.0000,0,0,0.0000,0,0.0000,0,0,0,601,0
3850,3.2815,10.3008,0.0010,0.0000,0,0,0.0000,0,0.0000,0,0,0,717,0
3851,3.1241,10.2763,0.0006,0.0000,0,0,0.0000,0,0.0000,0,0,0,701,0
3852,5.9434,5.7399,0.0012,0.0000,0,0,0.0000,0,0.0000,0,0,0,601,0
3853,3.3764,5.5432,0.0005,0.0000,0,0,0.0000,0,0.0000,0,0,0,601,0
3854,3.2815,10.4462,0.0007,0.0000,0,0,0.0000,0,0.0000,0,0,0,711,0
3855,3.1241,10.4486,0.0006,0.0000,0,0,0.0000,0,0.0000,0,0,0,701,0
3856,5.9434,5.7225,0.0013,0.0000,0,0,0.0000,0,0.0000,0,0,0,601,0
3857,3.3764,5.6463,0.0010,0.0000,0,0,0.0000,0,0.0000,0,0,0,601,0
3858,3.2815,10.3606,0.0008,0.0000,0,0,0.0000,0,0.0000,0,0,0,763,0
3859,3.1241,10.2929,0.0006,0.0000,0,0,0.0000,0,0.0000,0,0,0,701,0
3860,5.9434,5.7170,0.0018,0.0000,0,0,0.0000,0,0.0000,0,0,0,601,0
3861,3.3764,5.6823,0.0011,0.0000,0,0,0.0000,0,0.0000,0,0,0,601,0
3862,3.2815,10.1826,0.0006,0.0000,0,0,0.0000,0,0.0000,0,0,0,696,0
3863,3.1241,10.2512,0.0006,0.0000,0,0,0.0000,0,0.0000,0,0,0,715,0
3864,5.9434,5.7298,0.0019,0.0000,0,0,0.0000,0,0.0000,0,0,0,601,0
3865,3.3764,5.6607,0.0015,0.0000,0,0,0.0000,0,0.0000,0,0,0,601,0
3866,3.2815,10.2722,0.0015,0.0000,0,0,0.0000,0,0.0000,0,0,0,696,0
3867,3.1241,10.3519,0.0015,0.0000,0,0,0.0000,0,0.0000,0,0,0,726,0
3868,5.9434,6.4310,0.0374,0.0000,0,0,0.0000,0,0.0000,0,0,0,601,0
3869,3.3764,5.7074,0.0020,0.0000,0,0,0.0000,0,0.0000,0,0,0,601,0
3870,3.2815,10.3652,0.0050,0.0000,0,0,0.0000,0,0.0000,0,0,0,696,0
3871,3.1241,10.2777,0.0042,0.0000,0,0,0.0000,0,0.0000,0,0,0,714,0
3872,5.9434,6.8295,0.0109,0.0000,0,0,0.0000,0,0.0000,0,0,0,601,0
3873,3.3764,6.0780,0.0022,0.0000,0,0,0.0000,0,0.0000,0,0,0,601,0
3874,3.2815,9.5414,0.0047,0.0000,0,0,0.0000,0,0.0000,0,0,0,696,0
3875,3.1241,9.9005,0.0027,0.0000,0,0,0.0000,0,0.0000,0,0,0,789,0
3876,5.9434,6.7140,0.0085,0.0000,0,0,0.0000,0,0.0000,0,0,0,601,0
3877,3.3764,5.9703,0.0030,0.0000,0,0,0.0000,0,0.0000,0,0,0,601,0
3878,3.2815,15.7688,0.0117,0.0000,0,0,0.0000,0,0.0000,0,0,0,717,0
3879,3.1241,15.1803,0.0116,0.0000,0,0,0.0000,0,0.0000,0,0,0,703,0
3880,5.9434,6.7511,0.0090,0.0000,0,0,0.0000,0,0.0000,0,0,0,601,0
3881,3.3764,5.8769,0.0090,0.0000,0,0,0.0000,0,0.0000,0,0,0,601,0
3882,3.2815,10.4175,0.0061,0.0000,0,0,0.0000,0,0.0000,0,0,0,716,0
3883,3.1241,10.1622,0.0061,0.0000,0,0,0.0000,0,0.0000,0,0,0,705,0
3884,5.9434,7.2940,0.0067,0.0000,0,0,0.0000,0,0.0000,0,0,0,601,0
3885,3.3764,6.2141,0.0025,0.0000,0,0,0.0000,0,0.0000,0,0,0,601,0
3886,3.2815,9.9823,0.0060,0.0000,0,0,0.0000,0,0.0000,0,0,0,745,0
3887,3.1241,10.0799,0.0023,0.0000,0,0,0.0000,0,0.0000,0,0,0,700,0
3888,5.9434,5.9972,0.0029,0.0000,0,0,0.0000,0,0.0000,0,0,0,601,0
3889,3.3764,5.7343,0.0008,0.0000,0,0,0.0000,0,0.0000,0,0,0,601,0
3890,3.2815,9.8885,0.0012,0.0000,0,0,0.0000,0,0.0000,0,0,0,737,0
3891,3.1241,10.1420,0.0015,0.0000,0,0,0.0000,0,0.0000,0,0,0,706,0
3892,5.9434,6.0049,0.0029,0.0000,0,0,0.0000,0,0.0000,0,0,0,601,0
3893,3.3764,5.6764,0.0004,0.0000,0,0,0.0000,0,0.0000,0,0,0,601,0
3894,3.2815,10.7627,0.0046,0.0000,0,0,0.0000,0,0.0000,0,0,0,718,0
3895,3.1241,10.6341,0.0045,0.0000,0,0,0.0000,0,0.0000,0,0,0,723,0
3896,5.9434,6.5287,0.0072,0.0000,0,0,0.0000,0,0.0000,0,0,0,601,0
3897,3.3764,5.9128,0.0022,0.0000,0,0,0.0000,0,0.0000,0,0,0,601,0
3898,3.2815,10.2455,0.0054,0.0000,0,0,0.0000,0,0.0000,0,0,0,719,0
3899,3.1241,10.2387,0.0037,0.0000,0,0,0.0000,0,0.0000,0,0,0,714,0
3900,5.9434,6.1310,0.0020,0.0000,0,0,0.0000,0,0.0000,0,0,0,601,0
3901,3.3764,5.8743,0.0011,0.0000,0,0,0.0000,0,0.0000,0,0,0,601,0
3902,3.2815,9.8185,0.0016,0.0000,0,0,0.0000,0,0.0000,0,0,0,747,0
3903,3.1241,9.8358,0.0009,0.0000,0,0,0.0000,0,0.0000,0,0,0,769,0
3904,5.9434,5.8012,0.0031,0.0000,0,0,0.0000,0,0.0000,0,0,0,601,0
3905,3.3764,5.5680,0.0007,0.0000,0,0,0.0000,0,0.0000,0,0,0,601,0
3906,3.2815,10.3082,0.0022,0.0000,0,0,0.0000,0,0.0000,0,0,0,696,0
3907,3.1241,10.3140,0.0013,0.0000,0,0,0.0000,0,0.0000,0,0,0,704,0
3908,5.9434,6.1683,0.0029,0.0000,0,0,0.0000,0,0.0000,0,0,0,601,0
3909,3.3764,5.7435,0.0019,0.0000,0,0,0.0000,0,0.0000,0,0,0,601,0
3910,3.2815,10.4352,0.0010,0.0000,0,0,0.0000,0,0.0000,0,0,0,696,0
3911,3.1241,10.4054,0.0011,0.0000,0,0,0.0000,0,0.0000,0,0,0,707,0
3912,5.9434,6.3251,0.0066,0.0000,0,0,0.0000,0,0.0000,0,0,0,601,0
3913,3.3764,5.7590,0.0020,0.0000,0,0,0.0000,0,0.0000,0,0,0,601,0
3914,3.2815,10.1650,0.0021,0.0000,0,0,0.0000,0,0.0000,0,0,0,696,0
3915,3.1241,10.2334,0.0020,0.0000,0,0,0.0000,0,0.0000,0,0,0,714,0
3916,5.9434,6.3602,0.0080,0.0000,0,0,0.0000,0,0.0000,0,0,0,601,0
3917,3.3764,5.8477,0.0022,0.0000,0,0,0.0000,0,0.0000,0,0,0,601,0
3918,3.2815,10.1367,0.0043,0.0000,0,0,0.0000,0,0.0000,0,0,0,696,0
3919,3.1241,10.0755,0.0030,0.0000,0,0,0.0000,0,0.0000,0,0,0,709,0
3920,5.9434,6.4596,0.0060,0.0000,0,0,0.0000,0,0.0000,0,0,0,601,0
3921,3.3764,5.8240,0.0016,0.0000,0,0,0.0000,0,0.0000,0,0,0,601,0
3922,3.2815,9.9895,0.0030,0.0000,0,0,0.0000,0,0.0000,0,0,0,696,0
3923,3.1241,10.0747,0.0020,0.0000,0,0,0.0000,0,0.0000,0,0,0,732,0
3924,5.9434,6.4241,0.0055,0.0000,0,0,0.0000,0,0.0000,0,0,0,601,0
3925,3.3764,5.8011,0.0016,0.0000,0,0,0.0000,0,0.0000,0,0,0,601,0
3926,3.2815,9.4837,0.0025,0.0000,0,0,0.0000,0,0.0000,0,0,0,696,0
3927,3.1241,9.6041,0.0028,0.0000,0,0,0.0000,0,0.0000,0,0,0,719,0
3928,5.9434,6.6905,0.0076,0.0000,0,0,0.0000,0,0.0000,0,0,0,601,0
3929,3.3764,5.8547,0.0017,0.0000,0,0,0.0000,0,0.0000,0,0,0,601,0
3930,3.2815,10.2124,0.0055,0.0000,0,0,0.0000,0,0.0000,0,0,0,708,0
3931,3.1241,10.0959,0.0033,0.0000,0,0,0.0000,0,0.0000,0,0,0,751,0
3932,5.9434,6.5304,0.0070,0.0000,0,0,0.0000,0,0.0000,0,0,0,601,0
3933,3.3764,5.9634,0.0029,0.0000,0,0,0.0000,0,0.0000,0,0,0,601,0
3934,3.2815,7.4495,0.0056,0.0000,0,0,0.0000,0,0.0000,0,0,0,708,0
3935,3.1241,7.7992,0.0018,0.0000,0,0,0.0000,0,0.0000,0,0,0,696,0
3936,5.9434,10.4941,0.0106,0.0000,0,0,0.0000,0,0.0000,0,0,0,601,0
3937,3.3764,9.7104,0.0021,0.0000,0,0,0.0000,0,0.0000,0,0,0,601,0
3938,3.2815,13.7583,0.0045,0.0000,0,0,0.0000,0,0.0000,0,0,0,706,0
3939,3.1241,11.0343,0.0048,0.0000,0,0,0.0000,0,0.0000,0,0,0,701,0
3940,5.9434,6.2502,0.0040,0.0000,0,0,0.0000,0,0.0000,0,0,0,601,0
3941,3.3764,5.7354,0.0040,0.0000,0,0,0.0000,0,0.0000,0,0,0,601,0
3942,3.2815,10.6396,0.0020,0.0000,0,0,0.0000,0,0.0000,0,0,0,707,0
3943,3.1241,10.4166,0.0005,0.0000,0,0,0.0000,0,0.0000,0,0,0,703,0
3944,5.9434,6.2482,0.0037,0.0000,0,0,0.0000,0,0.0000,0,0,0,601,0
3945,3.3764,5.7873,0.0035,0.0000,0,0,0.0000,0,0.0000,0,0,0,601,0
3946,3.2815,10.5866,0.0036,0.0000,0,0,0.0000,0,0.0000,0,0,0,723,0
3947,3.1241,10.4497,0.0012,0.0000,0,0,0.0000,0,0.0000,0,0,0,707,0
3948,5.9434,5.9287,0.0016,0.0000,0,0,0.0000,0,0.0000,0,0,0,601,0
3949,3.3764,5.6255,0.0013,0.0000,0,0,0.0000,0,0.0000,0,0,0,601,0
3950,3.2815,10.3618,0.0013,0.0000,0,0,0.0000,0,0.0000,0,0,0,696,0
3951,3.1241,10.3190,0.0012,0.0000,0,0,0.0000,0,0.0000,0,0,0,708,0
3952,5.9434,5.9844,0.0033,0.0000,0,0,0.0000,0,0.0000,0,0,0,601,0
3953,3.3764,5.6862,0.0022,0.0000,0,0,0.0000,0,0.0000,0,0,0,601,0
3954,3.2815,10.6164,0.0063,0.0000,0,0,0.0000,0,0.0000,0,0,0,696,0
3955,3.1241,10.4789,0.0063,0.0000,0,0,0.0000,0,0.0000,0,0,0,712,0
3956,5.9434,6.8231,0.0105,0.0000,0,0,0.0000,0,0.0000,0,0,0,601,0
3957,3.3764,6.1213,0.0036,0.0000,0,0,0.0000,0,0.0000,0,0,0,601,0
3958,3.2815,10.9190,0.0120,0.0000,0,0,0.0000,0,0.0000,0,0,0,696,0
3959,3.1241,11.8089,0.0023,0.0000,0,0,0.0000,0,0.0000,0,0,0,754,0
3960,5.9434,6.4045,0.0027,0.0000,0,0,0.0000,0,0.0000,0,0,0,601,0
3961,3.3764,5.7671,0.0012,0.0000,0,0,0.0000,0,0.0000,0,0,0,601,0
3962,3.2815,9.6481,0.0015,0.0000,0,0,0.0000,0,0.0000,0,0,0,696,0
3963,3.1241,10.1733,0.0011,0.0000,0,0,0.0000,0,0.0000,0,0,0,696,0
3964,5.9434,6.3822,0.0036,0.0000,0,0,0.0000,0,0.0000,0,0,0,601,0
3965,3.3764,5.8355,0.0022,0.0000,0,0,0.0000,0,0.0000,0,0,0,601,0
3966,3.2815,10.2842,0.0050,0.0000,0,0,0.0000,0,0.0000,0,0,0,701,0
3967,3.1241,10.1851,0.0018,0.0000,0,0,0.0000,0,0.0000,0,0,0,706,0
3968,5.9434,6.3544,0.0058,0.0000,0,0,0.0000,0,0.0000,0,0,0,601,0
3969,3.3764,5.8810,0.0058,0.0000,0,0,0.0000,0,0.0000,0,0,0,601,0
3970,3.2815,10.7813,0.0025,0.0000,0,0,0.0000,0,0.0000,0,0,0,696,0
3971,3.1241,10.6820,0.0007,0.0000,0,0,0.0000,0,0.0000,0,0,0,700,0
3972,5.9434,6.2880,0.0083,0.0000,0,0,0.0000,0,0.0000,0,0,0,601,0
3973,3.3764,5.8912,0.0016,0.0000,0,0,0.0000,0,0.0000,0,0,0,601,0
3974,3.2815,10.7883,0.0015,0.0000,0,0,0.0000,0,0.0000,0,0,0,707,0
3975,3.1241,10.7224,0.0010,0.0000,0,0,0.0000,0,0.0000,0,0,0,704,0
3976,5.9434,6.0371,0.0014,0.0000,0,0,0.0000,0,0.0000,0,0,0,601,0
3977,3.3764,5.7769,0.0013,0.0000,0,0,0.0000,0,0.0000,0,0,0,601,0
3978,3.2815,10.7398,0.0009,0.0000,0,0,0.0000,0,0.0000,0,0,0,701,0
3979,3.1241,10.7038,0.0009,0.0000,0,0,0.0000,0,0.0000,0,0,0,715,0
3980,5.9434,6.8460,0.0082,0.0000,0,0,0.0000,0,0.0000,0,0,0,601,0
3981,3.3764,5.8618,0.0082,0.0000,0,0,0.0000,0,0.0000,0,0,0,601,0
3982,3.2815,10.5254,0.0059,0.0000,0,0,0.0000,0,0.0000,0,0,0,702,0
3983,3.1241,10.2168,0.0022,0.0000,0,0,0.0000,0,0.0000,0,0,0,700,0
3984,5.9434,6.4913,0.0086,0.0000,0,0,0.0000,0,0.0000,0,0,0,601,0
3985,3.3764,5.9466,0.0032,0.0000,0,0,0.0000,0,0.0000,0,0,0,601,0
3986,3.2815,10.2213,0.0141,0.0000,0,0,0.0000,0,0.0000,0,0,0,711,0
3987,3.1241,10.9618,0.0032,0.0000,0,0,0.0000,0,0.0000,0,0,0,764,0
3988,5.9434,6.3205,0.0077,0.0000,0,0,0.0000,0,0.0000,0,0,0,601,0
3989,3.3764,6.0208,0.0077,0.0000,0,0,0.0000,0,0.0000,0,0,0,601,0
3990,3.2815,10.7824,0.0021,0.0000,0,0,0.0000,0,0.0000,0,0,0,722,0
3991,3.1241,10.6959,0.0215,0.0000,0,0,0.0000,0,0.0000,0,0,0,696,0
3992,5.9434,6.7350,0.0068,0.0000,0,0,0.0000,0,0.0000,0,0,0,601,0
3993,3.3764,5.8068,0.0017,0.0000,0,0,0.0000,0,0.0000,0,0,0,601,0
3994,3.2815,9.9473,0.0041,0.0000,0,0,0.0000,0,0.0000,0,0,0,696,0
3995,3.1241,10.1352,0.0023,0.0000,0,0,0.0000,0,0.0000,0,0,0,696,0
3996,5.9434,6.7850,0.0118,0.0000,0,0,0.0000,0,0.0000,0,0,0,601,0
3997,3.3764,7.9890,0.0046,0.0000,0,0,0.0000,0,0.0000,0,0,0,601,0
3998,3.2815,10.1821,0.0047,0.0000,0,0,0.0000,0,0.0000,0,0,0,696,0
3999,3.1241,10.0160,0.0037,0.0000,0,0,0.0000,0,0.0000,0,0,0,696,0
4000,5.9434,6.6158,0.0085,0.0000,0,0,0.0000,0,0.0000,0,0,0,601,0
4001,3.3764,5.8830,0.0029,0.0000,0,0,0.0000,0,0.0000,0,0,0,601,0
4002,3.2815,10.1900,0.0039,0.0000,0,0,0.0000,0,0.0000,0,0,0,696,0
4003,3.1241,10.0936,0.0026,0.0000,0,0,0.0000,0,0.0000,0,0,0,700,0
4004,5.9434,6.4850,0.0066,0.0000,0,0,0.0000,0,0.0000,0,0,0,601,0
4005,3.3764,5.7891,0.0015,0.0000,0,0,0.0000,0,0.0000,0,0,0,601,0
4006,3.2815,10.0905,0.0038,0.0000,0,0,0.0000,0,0.0000,0,0,0,705,0
4007,3.1241,10.0887,0.0024,0.0000,0,0,0.0000,0,0.0000,0,0,0,702,0
4008,5.9434,7.4371,0.0039,0.0000,0,0,0.0000,0,0.0000,0,0,0,601,0
4009,3.3764,5.9442,0.0031,0.0000,0,0,0.0000,0,0.0000,0,0,0,601,0
4010,3.2815,7.1026,0.0022,0.0000,0,0,0.0000,0,0.0000,0,0,0,708,0
4011,3.1241,10.5800,0.0026,0.0000,0,0,0.0000,0,0.0000,0,0,0,706,0
4012,5.9434,6.0790,0.0030,0.0000,0,0,0.0000,0,0.0000,0,0,0,601,0
4013,3.3764,5.7064,0.0021,0.0000,0,0,0.0000,0,0.0000,0,0,0,601,0
4014,3.2815,10.5196,0.0035,0.0000,0,0,0.0000,0,0.0000,0,0,0,707,0
4015,3.1241,10.3536,0.0015,0.0000,0,0,0.0000,0,0.0000,0,0,0,721,0
4016,5.9434,6.1020,0.0030,0.0000,0,0,0.0000,0,0.0000,0,0,0,601,0
4017,3.3764,5.8091,0.0021,0.0000,0,0,0.0000,0,0.0000,0,0,0,601,0
4018,3.2815,10.6983,0.0015,0.0000,0,0,0.0000,0,0.0000,0,0,0,708,0
4019,3.1241,10.6982,0.0008,0.0000,0,0,0.0000,0,0.0000,0,0,0,696,0
4020,5.9434,5.8743,0.0094,0.0000,0,0,0.0000,0,0.0000,0,0,0,601,0
4021,3.3764,5.6667,0.0013,0.0000,0,0,0.0000,0,0.0000,0,0,0,601,0
4022,3.2815,10.4407,0.0008,0.0000,0,0,0.0000,0,0.0000,0,0,0,706,0
4023,3.1241,10.3678,0.0008,0.0000,0,0,0.0000,0,0.0000,0,0,0,696,0
4024,5.9434,6.1996,0.0074,0.0000,0,0,0.0000,0,0.0000,0,0,0,601,0
4025,3.3764,5.9313,0.0075,0.0000,0,0,0.0000,0,0.0000,0,0,0,601,0
4026,3.2815,10.6893,0.0035,0.0000,0,0,0.0000,0,0.0000,0,0,0,711,0
4027,3.1241,10.5698,0.0035,0.0000,0,0,0.0000,0,0.0000,0,0,0,696,0
4028,5.9434,6.9269,0.0069,0.0000,0,0,0.0000,0,0.0000,0,0,0,601,0
4029,3.3764,5.9264,0.0069,0.0000,0,0,0.0000,0,0.0000,0,0,0,601,0
4030,3.2815,10.3771,0.0030,0.0000,0,0,0.0000,0,0.0000,0,0,0,706,0
4031,3.1241,10.0533,0.0022,0.0000,0,0,0.0000,0,0.0000,0,0,0,702,0
4032,5.9434,6.6505,0.0076,0.0000,0,0,0.0000,0,0.0000,0,0,0,601,0
4033,3.3764,5.8365,0.0015,0.0000,0,0,0.0000,0,0.0000,0,0,0,601,0
4034,3.2815,9.9818,0.0052,0.0000,0,0,0.0000,0,0.0000,0,0,0,748,0
4035,3.1241,10.0536,0.0027,0.0000,0,0,0.0000,0,0.0000,0,0,0,702,0
4036,5.9434,6.6099,0.0111,0.0000,0,0,0.0000,0,0.0000,0,0,0,601,0
4037,3.3764,5.9633,0.0016,0.0000,0,0,0.0000,0,0.0000,0,0,0,601,0
4038,3.2815,10.6879,0.0102,0.0000,0,0,0.0000,0,0.0000,0,0,0,696,0
4039,3.1241,10.4965,0.0030,0.0000,0,0,0.0000,0,0.0000,0,0,0,702,0
4040,5.9434,6.1870,0.0089,0.0000,0,0,0.0000,0,0.0000,0,0,0,601,0
4041,3.3764,5.9088,0.0090,0.0000,0,0,0.0000,0,0.0000,0,0,0,601,0
4042,3.2815,10.8384,0.0033,0.0000,0,0,0.0000,0,0.0000,0,0,0,696,0
4043,3.1241,10.7593,0.0028,0.0000,0,0,0.0000,0,0.0000,0,0,0,742,0
4044,5.9434,6.1857,0.0040,0.0000,0,0,0.0000,0,0.0000,0,0,0,601,0
4045,3.3764,5.7994,0.0015,0.0000,0,0,0.0000,0,0.0000,0,0,0,601,0
4046,3.2815,10.6947,0.0013,0.0000,0,0,0.0000,0,0.0000,0,0,0,696,0
4047,3.1241,10.6773,0.0007,0.0000,0,0,0.0000,0,0.0000,0,0,0,696,0
4048,5.9434,6.1078,0.0028,0.0000,0,0,0.0000,0,0.0000,0,0,0,601,0
4049,3.3764,5.8250,0.0013,0.0000,0,0,0.0000,0,0.0000,0,0,0,601,0
4050,3.2815,10.8492,0.0105,0.0000,0,0,0.0000,0,0.0000,0,0,0,696,0
4051,3.1241,10.8454,0.0015,0.0000,0,0,0.0000,0,0.0000,0,0,0,696,0
4052,5.9434,6.2465,0.0017,0.0000,0,0,0.0000,0,0.0000,0,0,0,601,0
4053,3.3764,5.7402,0.0006,0.0000,0,0,0.0000,0,0.0000,0,0,0,601,0
4054,3.2815,10.2894,0.0060,0.0000,0,0,0.0000,0,0.0000,0,0,0,702,0
4055,3.1241,10.0273,0.0005,0.0000,0,0,0.0000,0,0.0000,0,0,0,696,0
4056,5.9434,6.1790,0.0029,0.0000,0,0,0.0000,0,0.0000,0,0,0,601,0
4057,3.3764,5.7171,0.0031,0.0000,0,0,0.0000,0,0.0000,0,0,0,601,0
4058,3.2815,10.7632,0.0043,0.0000,0,0,0.0000,0,0.0000,0,0,0,701,0
4059,3.1241,10.6758,0.0006,0.0000,0,0,0.0000,0,0.0000,0,0,0,696,0
4060,5.9434,6.1898,0.0039,0.0000,0,0,0.0000,0,0.0000,0,0,0,601,0
4061,3.3764,5.7807,0.0015,0.0000,0,0,0.0000,0,0.0000,0,0,0,601,0
4062,3.2815,10.6520,0.0028,0.0000,0,0,0.0000,0,0.0000,0,0,0,704,0
4063,3.1241,10.5642,0.0013,0.0000,0,0,0.0000,0,0.0000,0,0,0,701,0
4064,5.9434,6.6312,0.0055,0.0000,0,0,0.0000,0,0.0000,0,0,0,601,0
4065,3.3764,6.7083,0.0021,0.0000,0,0,0.0000,0,0.0000,0,0,0,601,0
4066,3.2815,9.0094,0.0020,0.0000,0,0,0.0000,0,0.0000,0,0,0,701,0
4067,3.1241,10.0363,0.0018,0.0000,0,0,0.0000,0,0.0000,0,0,0,700,0
4068,5.9434,6.8086,0.0072,0.0000,0,0,0.0000,0,0.0000,0,0,0,601,0
4069,3.3764,5.8820,0.0018,0.0000,0,0,0.0000,0,0.0000,0,0,0,601,0
4070,3.2815,10.0498,0.0023,0.0000,0,0,0.0000,0,0.0000,0,0,0,701,0
4071,3.1241,10.0022,0.0022,0.0000,0,0,0.0000,0,0.0000,0,0,0,720,0
4072,5.9434,7.6274,0.0091,0.0000,0,0,0.0000,0,0.0000,0,0,0,601,0
4073,3.3764,6.8115,0.0022,0.0000,0,0,0.0000,0,0.0000,0,0,0,601,0
4074,3.2815,10.4929,0.0104,0.0000,0,0,0.0000,0,0.0000,0,0,0,702,0
4075,3.1241,10.3363,0.0019,0.0000,0,0,0.0000,0,0.0000,0,0,0,696,0
4076,5.9434,6.0916,0.0031,0.0000,0,0,0.0000,0,0.0000,0,0,0,601,0
4077,3.3764,5.7588,0.0031,0.0000,0,0,0.0000,0,0.0000,0,0,0,601,0
4078,3.2815,10.7850,0.0014,0.0000,0,0,0.0000,0,0.0000,0,0,0,712,0
4079,3.1241,10.5484,0.0021,0.0000,0,0,0.0000,0,0.0000,0,0,0,696,0
4080,5.9434,6.1873,0.0028,0.0000,0,0,0.0000,0,0.0000,0,0,0,601,0
4081,3.3764,5.7524,0.0012,0.0000,0,0,0.0000,0,0.0000,0,0,0,601,0
4082,3.2815,10.6694,0.0024,0.0000,0,0,0.0000,0,0.0000,0,0,0,696,0
4083,3.1241,10.6245,0.0026,0.0000,0,0,0.0000,0,0.0000,0,0,0,696,0
4084,5.9434,5.9632,0.0021,0.0000,0,0,0.0000,0,0.0000,0,0,0,601,0
4085,3.3764,5.7674,0.0013,0.0000,0,0,0.0000,0,0.0000,0,0,0,601,0
4086,3.2815,10.7942,0.0110,0.0000,0,0,0.0000,0,0.0000,0,0,0,696,0
4087,3.1241,10.5886,0.0110,0.0000,0,0,0.0000,0,0.0000,0,0,0,696,0
4088,5.9434,6.6262,0.0011,0.0000,0,0,0.0000,0,0.0000,0,0,0,601,0
4089,3.3764,5.8128,0.0006,0.0000,0,0,0.0000,0,0.0000,0,0,0,601,0
4090,3.2815,10.6158,0.0145,0.0000,0,0,0.0000,0,0.0000,0,0,0,696,0
4091,3.1241,10.2185,0.0144,0.0000,0,0,0.0000,0,0.0000,0,0,0,705,0
4092,5.9434,6.6646,0.0092,0.0000,0,0,0.0000,0,0.0000,0,0,0,601,0
4093,3.3764,5.8366,0.0018,0.0000,0,0,0.0000,0,0.0000,0,0,0,601,0
4094,3.2815,9.6341,0.0093,0.0000,0,0,0.0000,0,0.0000,0,0,0,696,0
4095,3.1241,9.1676,0.0015,0.0000,0,0,0.0000,0,0.0000,0,0,0,704,0
4096,5.9434,6.0147,0.0056,0.0000,0,0,0.0000,0,0.0000,0,0,0,601,0
4097,3.3764,5.8063,0.0028,0.0000,0,0,0.0000,0,0.0000,0,0,0,601,0
4098,3.2815,9.3035,0.0020,0.0000,0,0,0.0000,0,0.0000,0,0,0,706,0
4099,3.1241,7.5238,0.0007,0.0000,0,0,0.0000,0,0.0000,0,0,0,711,0
4100,5.9434,5.9424,0.0028,0.0000,0,0,0.0000,0,0.0000,0,0,0,601,0
4101,3.3764,5.6957,0.0016,0.0000,0,0,0.0000,0,0.0000,0,0,0,601,0
4102,3.2815,10.2131,0.0031,0.0000,0,0,0.0000,0,0.0000,0,0,0,702,0
4103,3.1241,10.2180,0.0010,0.0000,0,0,0.0000,0,0.0000,0,0,0,696,0
4104,5.9434,5.9484,0.0027,0.0000,0,0,0.0000,0,0.0000,0,0,0,601,0
4105,3.3764,5.6348,0.0013,0.0000,0,0,0.0000,0,0.0000,0,0,0,601,0
4106,3.2815,10.1120,0.0023,0.0000,0,0,0.0000,0,0.0000,0,0,0,702,0
4107,3.1241,10.1744,0.0011,0.0000,0,0,0.0000,0,0.0000,0,0,0,696,0
4108,5.9434,5.9746,0.0029,0.0000,0,0,0.0000,0,0.0000,0,0,0,601,0
4109,3.3764,5.6000,0.0014,0.0000,0,0,0.0000,0,0.0000,0,0,0,601,0
4110,3.2815,10.4098,0.0051,0.0000,0,0,0.0000,0,0.0000,0,0,0,696,0
4111,3.1241,10.2647,0.0050,0.0000,0,0,0.0000,0,0.0000,0,0,0,696,0
4112,5.9434,6.1363,0.0065,0.0000,0,0,0.0000,0,0.0000,0,0,0,601,0
4113,3.3764,5.7442,0.0031,0.0000,0,0,0.0000,0,0.0000,0,0,0,601,0
4114,3.2815,10.4945,0.0041,0.0000,0,0,0.0000,0,0.0000,0,0,0,696,0
4115,3.1241,10.4318,0.0024,0.0000,0,0,0.0000,0,0.0000,0,0,0,696,0
4116,5.9434,6.1654,0.0066,0.0000,0,0,0.0000,0,0.0000,0,0,0,601,0
4117,3.3764,5.8643,0.0020,0.0000,0,0,0.0000,0,0.0000,0,0,0,601,0
4118,3.2815,10.3818,0.0023,0.0000,0,0,0.0000,0,0.0000,0,0,0,696,0
4119,3.1241,9.9212,0.0023,0.0000,0,0,0.0000,0,0.0000,0,0,0,701,0
4120,5.9434,5.8928,0.0037,0.0000,0,0,0.0000,0,0.0000,0,0,0,601,0
4121,3.3764,5.5524,0.0005,0.0000,0,0,0.0000,0,0.0000,0,0,0,601,0
4122,3.2815,10.3048,0.0026,0.0000,0,0,0.0000,0,0.0000,0,0,0,709,0
4123,3.1241,10.2323,0.0005,0.0000,0,0,0.0000,0,0.0000,0,0,0,696,0
4124,5.9434,6.0079,0.0058,0.0000,0,0,0.0000,0,0.0000,0,0,0,601,0
4125,3.3764,5.6877,0.0059,0.0000,0,0,0.0000,0,0.0000,0,0,0,601,0
4126,3.2815,10.4593,0.0026,0.0000,0,0,0.0000,0,0.0000,0,0,0,696,0
4127,3.1241,10.4413,0.0020,0.0000,0,0,0.0000,0,0.0000,0,0,0,707,0
4128,5.9434,6.4824,0.0061,0.0000,0,0,0.0000,0,0.0000,0,0,0,601,0
4129,3.3764,5.8473,0.0023,0.0000,0,0,0.0000,0,0.0000,0,0,0,601,0
4130,3.2815,9.7967,0.0081,0.0000,0,0,0.0000,0,0.0000,0,0,0,696,0
4131,3.1241,9.3802,0.0032,0.0000,0,0,0.0000,0,0.0000,0,0,0,698,0
4132,5.9434,6.2155,0.0044,0.0000,0,0,0.0000,0,0.0000,0,0,0,601,0
4133,3.3764,5.7838,0.0015,0.0000,0,0,0.0000,0,0.0000,0,0,0,601,0
4134,3.2815,10.0105,0.0023,0.0000,0,0,0.0000,0,0.0000,0,0,0,696,0
4135,3.1241,9.9366,0.0019,0.0000,0,0,0.0000,0,0.0000,0,0,0,696,0
4136,5.9434,6.2951,0.0065,0.0000,0,0,0.0000,0,0.0000,0,0,0,601,0
4137,3.3764,5.8790,0.0024,0.0000,0,0,0.0000,0,0.0000,0,0,0,601,0
4138,3.2815,11.8342,0.0057,0.0000,0,0,0.0000,0,0.0000,0,0,0,696,0
4139,3.1241,11.4506,0.0057,0.0000,0,0,0.0000,0,0.0000,0,0,0,696,0
4140,5.9434,6.0629,0.0029,0.0000,0,0,0.0000,0,0.0000,0,0,0,601,0
4141,3.3764,5.6595,0.0009,0.0000,0,0,0.0000,0,0.0000,0,0,0,601,0
4142,3.2815,9.9441,0.0030,0.0000,0,0,0.0000,0,0.0000,0,0,0,696,0
4143,3.1241,10.0326,0.0010,0.0000,0,0,0.0000,0,0.0000,0,0,0,696,0
4144,5.9434,5.9841,0.0018,0.0000,0,0,0.0000,0,0.0000,0,0,0,601,0
4145,3.3764,5.6490,0.0018,0.0000,0,0,0.0000,0,0.0000,0,0,0,601,0
4146,3.2815,10.2502,0.0033,0.0000,0,0,0.0000,0,0.0000,0,0,0,696,0
4147,3.1241,10.1962,0.0013,0.0000,0,0,0.0000,0,0.0000,0,0,0,696,0
4148,5.9434,6.1079,0.0038,0.0000,0,0,0.0000,0,0.0000,0,0,0,601,0
4149,3.3764,5.7450,0.0033,0.0000,0,0,0.0000,0,0.0000,0,0,0,601,0
4150,3.2815,10.5953,0.0012,0.0000,0,0,0.0000,0,0.0000,0,0,0,696,0
4151,3.1241,10.5735,0.0015,0.0000,0,0,0.0000,0,0.0000,0,0,0,696,0
4152,5.9434,6.3706,0.0069,0.0000,0,0,0.0000,0,0.0000,0,0,0,601,0
4153,3.3764,5.7663,0.0017,0.0000,0,0,0.0000,0,0.0000,0,0,0,601,0
4154,3.2815,9.9988,0.0019,0.0000,0,0,0.0000,0,0.0000,0,0,0,696,0
4155,3.1241,10.3253,0.0025,0.0000,0,0,0.0000,0,0.0000,0,0,0,706,0
4156,5.9434,6.8107,0.0099,0.0000,0,0,0.0000,0,0.0000,0,0,0,601,0
4157,3.3764,6.1102,0.0030,0.0000,0,0,0.0000,0,0.0000,0,0,0,601,0
4158,3.2815,10.4895,0.0054,0.0000,0,0,0.0000,0,0.0000,0,0,0,696,0
4159,3.1241,10.3559,0.0038,0.0000,0,0,0.0000,0,0.0000,0,0,0,696,0
4160,5.9434,7.2909,0.0085,0.0000,0,0,0.0000,0,0.0000,0,0,0,601,0
4161,3.3764,5.8528,0.0017,0.0000,0,0,0.0000,0,0.0000,0,0,0,601,0
4162,3.2815,9.9231,0.0024,0.0000,0,0,0.0000,0,0.0000,0,0,0,696,0
4163,3.1241,10.1202,0.0024,0.0000,0,0,0.0000,0,0.0000,0,0,0,696,0
4164,5.9434,6.4241,0.0059,0.0000,0,0,0.0000,0,0.0000,0,0,0,601,0
4165,3.3764,5.7994,0.0021,0.0000,0,0,0.0000,0,0.0000,0,0,0,601,0
4166,3.2815,10.1062,0.0107,0.0000,0,0,0.0000,0,0.0000,0,0,0,701,0
4167,3.1241,10.2642,0.0018,0.0000,0,0,0.0000,0,0.0000,0,0,0,696,0
4168,5.9434,6.7796,0.0046,0.0000,0,0,0.0000,0,0.0000,0,0,0,601,0
4169,3.3764,5.8131,0.0008,0.0000,0,0,0.0000,0,0.0000,0,0,0,601,0
4170,3.2815,10.0247,0.0015,0.0000,0,0,0.0000,0,0.0000,0,0,0,696,0
4171,3.1241,10.0813,0.0010,0.0000,0,0,0.0000,0,0.0000,0,0,0,696,0
4172,5.9434,6.0807,0.0030,0.0000,0,0,0.0000,0,0.0000,0,0,0,601,0
4173,3.3764,5.7387,0.0014,0.0000,0,0,0.0000,0,0.0000,0,0,0,601,0
4174,3.2815,10.5689,0.0055,0.0000,0,0,0.0000,0,0.0000,0,0,0,696,0
4175,3.1241,10.3488,0.0014,0.0000,0,0,0.0000,0,0.0000,0,0,0,696,0
4176,5.9434,6.1557,0.0032,0.0000,0,0,0.0000,0,0.0000,0,0,0,601,0
4177,3.3764,5.8280,0.0018,0.0000,0,0,0.0000,0,0.0000,0,0,0,601,0
4178,3.2815,10.7044,0.0009,0.0000,0,0,0.0000,0,0.0000,0,0,0,696,0
4179,3.1241,10.6632,0.0007,0.0000,0,0,0.0000,0,0.0000,0,0,0,696,0
4180,5.9434,6.2497,0.0075,0.0000,0,0,0.0000,0,0.0000,0,0,0,601,0
4181,3.3764,6.1416,0.0020,0.0000,0,0,0.0000,0,0.0000,0,0,0,601,0
4182,3.2815,9.8232,0.0034,0.0000,0,0,0.0000,0,0.0000,0,0,0,696,0
4183,3.1241,10.1628,0.0019,0.0000,0,0,0.0000,0,0.0000,0,0,0,706,0
4184,5.9434,6.7243,0.0071,0.0000,0,0,0.0000,0,0.0000,0,0,0,601,0
4185,3.3764,5.8422,0.0021,0.0000,0,0,0.0000,0,0.0000,0,0,0,601,0
4186,3.2815,10.0571,0.0032,0.0000,0,0,0.0000,0,0.0000,0,0,0,696,0
4187,3.1241,9.7536,0.0015,0.0000,0,0,0.0000,0,0.0000,0,0,0,696,0
4188,5.9434,6.9088,0.0081,0.0000,0,0,0.0000,0,0.0000,0,0,0,601,0
4189,3.3764,5.8397,0.0020,0.0000,0,0,0.0000,0,0.0000,0,0,0,601,0
4190,3.2815,10.1853,0.0027,0.0000,0,0,0.0000,0,0.0000,0,0,0,696,0
4191,3.1241,9.8418,0.0029,0.0000,0,0,0.0000,0,0.0000,0,0,0,696,0
4192,5.9434,6.4582,0.0066,0.0000,0,0,0.0000,0,0.0000,0,0,0,601,0
4193,3.3764,5.8355,0.0024,0.0000,0,0,0.0000,0,0.0000,0,0,0,601,0
4194,3.2815,9.9840,0.0033,0.0000,0,0,0.0000,0,0.0000,0,0,0,696,0
4195,3.1241,10.0472,0.0025,0.0000,0,0,0.0000,0,0.0000,0,0,0,696,0
4196,5.9434,6.5976,0.0153,0.0000,0,0,0.0000,0,0.0000,0,0,0,601,0
4197,3.3764,5.9145,0.0020,0.0000,0,0,0.0000,0,0.0000,0,0,0,601,0
4198,3.2815,11.2500,0.0092,0.0000,0,0,0.0000,0,0.0000,0,0,0,696,0
4199,3.1241,10.8798,0.0043,0.0000,0,0,0.0000,0,0.0000,0,0,0,703,0
4200,5.9434,41.2295,0.0090,0.0000,0,0,0.0000,0,0.0000,0,1,0,60271,0
4201,3.3764,30.4050,0.0112,0.0000,0,0,0.0000,0,0.0000,0,1,0,43482,0
4202,3.2815,25.7898,0.0044,0.0000,0,0,0.0000,0,0.0000,0,1,0,59828,0
4203,3.1241,25.7588,0.0085,0.0000,0,0,0.0000,0,0.0000,0,1,0,68126,0
4204,5.9434,5.8797,0.0065,0.0000,0,0,0.0000,0,0.0000,0,0,0,16498,0
4205,3.3764,5.6879,0.0020,0.0000,0,0,0.0000,0,0.0000,0,0,0,14403,0
4206,3.2815,10.6055,0.0026,0.0000,0,0,0.0000,0,0.0000,0,0,0,17862,0
4207,3.1241,10.6427,0.0060,0.0000,0,0,0.0000,0,0.0000,0,0,0,17138,0
4208,5.9434,5.7032,0.0019,0.0000,0,0,0.0000,0,0.0000,0,0,0,9226,0
4209,3.3764,5.5746,0.0011,0.0000,0,0,0.0000,0,0.0000,0,0,0,6914,0
4210,3.2815,10.5310,0.0033,0.0000,0,0,0.0000,0,0.0000,0,0,0,11125,0
4211,3.1241,10.4699,0.0016,0.0000,0,0,0.0000,0,0.0000,0,0,0,9621,0
4212,5.9434,5.7965,0.0035,0.0000,0,0,0.0000,0,0.0000,0,0,0,17369,0
4213,3.3764,5.6652,0.0066,0.0000,0,0,0.0000,0,0.0000,0,0,0,16755,0
4214,3.2815,10.4326,0.0053,0.0000,0,0,0.0000,0,0.0000,0,0,0,19658,0
4215,3.1241,10.3183,0.0023,0.0000,0,0,0.0000,0,0.0000,0,0,0,15622,0
4216,5.9434,5.6860,0.0092,0.0000,0,0,0.0000,0,0.0000,0,0,0,23309,0
4217,3.3764,5.5631,0.0026,0.0000,0,0,0.0000,0,0.0000,0,0,0,20346,0
4218,3.2815,10.2930,0.0033,0.0000,0,0,0.0000,0,0.0000,0,0,0,22802,0
4219,3.1241,10.3077,0.0032,0.0000,0,0,0.0000,0,0.0000,0,0,0,21407,0
4220,5.9434,5.7480,0.0030,0.0000,0,0,0.0000,0,0.0000,0,0,0,13027,0
4221,3.3764,5.5762,0.0021,0.0000,0,0,0.0000,0,0.0000,0,0,0,11737,0
4222,3.2815,10.3622,0.0020,0.0000,0,0,0.0000,0,0.0000,0,0,0,12722,0
4223,3.1241,10.3251,0.0021,0.0000,0,0,0.0000,0,0.0000,0,0,0,16214,0
4224,5.9434,5.7189,0.0021,0.0000,0,0,0.0000,0,0.0000,0,0,0,7002,0
4225,3.3764,5.5293,0.0019,0.0000,0,0,0.0000,0,0.0000,0,0,0,5132,0
4226,3.2815,10.7822,0.0015,0.0000,0,0,0.0000,0,0.0000,0,0,0,7491,0
4227,3.1241,10.5492,0.0012,0.0000,0,0,0.0000,0,0.0000,0,0,0,4790,0
4228,5.9434,5.5738,0.0022,0.0000,0,0,0.0000,0,0.0000,0,0,0,3933,0
4229,3.3764,5.5230,0.0017,0.0000,0,0,0.0000,0,0.0000,0,0,0,3799,0
4230,3.2815,10.2706,0.0011,0.0000,0,0,0.0000,0,0.0000,0,0,0,4399,0
4231,3.1241,10.2838,0.0011,0.0000,0,0,0.0000,0,0.0000,0,0,0,3276,0
4232,5.9434,5.6641,0.0012,0.0000,0,0,0.0000,0,0.0000,0,0,0,3260,0
4233,3.3764,5.5628,0.0010,0.0000,0,0,0.0000,0,0.0000,0,0,0,2850,0
4234,3.2815,10.2615,0.0012,0.0000,0,0,0.0000,0,0.0000,0,0,0,3280,0
4235,3.1241,10.2381,0.0011,0.0000,0,0,0.0000,0,0.0000,0,0,0,2761,0
4236,5.9434,5.5819,0.0078,0.0000,0,0,0.0000,0,0.0000,0,0,0,3090,0
4237,3.3764,5.5212,0.0010,0.0000,0,0,0.0000,0,0.0000,0,0,0,2691,0
4238,3.2815,10.2716,0.0010,0.0000,0,0,0.0000,0,0.0000,0,0,0,3020,0
4239,3.1241,10.2495,0.0015,0.0000,0,0,0.0000,0,0.0000,0,0,0,2648,0
4240,5.9434,5.6644,0.0012,0.0000,0,0,0.0000,0,0.0000,0,0,0,2664,0
4241,3.3764,5.5514,0.0010,0.0000,0,0,0.0000,0,0.0000,0,0,0,2213,0
4242,3.2815,10.3519,0.0009,0.0000,0,0,0.0000,0,0.0000,0,0,0,1084,0
4243,3.1241,10.3272,0.0015,0.0000,0,0,0.0000,0,0.0000,0,0,0,2638,0
4244,5.9434,5.6795,0.0013,0.0000,0,0,0.0000,0,0.0000,0,0,0,1673,0
4245,3.3764,5.5507,0.0013,0.0000,0,0,0.0000,0,0.0000,0,0,0,1302,0
4246,3.2815,10.3380,0.0013,0.0000,0,0,0.0000,0,0.0000,0,0,0,959,0
4247,3.1241,10.3030,0.0013,0.0000,0,0,0.0000,0,0.0000,0,0,0,2173,0
4248,5.9434,5.6248,0.0010,0.0000,0,0,0.0000,0,0.0000,0,0,0,1538,0
4249,3.3764,5.5294,0.0009,0.0000,0,0,0.0000,0,0.0000,0,0,0,1107,0
4250,3.2815,10.3009,0.0013,0.0000,0,0,0.0000,0,0.0000,0,0,0,819,0
4251,3.1241,10.2502,0.0008,0.0000,0,0,0.0000,0,0.0000,0,0,0,1668,0
4252,5.9434,5.8650,0.0015,0.0000,0,0,0.0000,0,0.0000,0,0,0,1248,0
4253,3.3764,5.6762,0.0020,0.0000,0,0,0.0000,0,0.0000,0,0,0,944,0
4254,3.2815,10.4781,0.0010,0.0000,0,0,0.0000,0,0.0000,0,0,0,945,0
4255,3.1241,10.4161,0.0013,0.0000,0,0,0.0000,0,0.0000,0,0,0,743,0
4256,5.9434,5.7743,0.0013,0.0000,0,0,0.0000,0,0.0000,0,0,0,1198,0
4257,3.3764,5.6099,0.0013,0.0000,0,0,0.0000,0,0.0000,0,0,0,836,0
4258,3.2815,10.5154,0.0016,0.0000,0,0,0.0000,0,0.0000,0,0,0,1250,0
4259,3.1241,10.5032,0.0019,0.0000,0,0,0.0000,0,0.0000,0,0,0,717,0
4260,5.9434,5.9489,0.0019,0.0000,0,0,0.0000,0,0.0000,0,0,0,1168,0
4261,3.3764,5.6480,0.0019,0.0000,0,0,0.0000,0,0.0000,0,0,0,792,0
4262,3.2815,10.4966,0.0015,0.0000,0,0,0.0000,0,0.0000,0,0,0,1108,0
4263,3.1241,10.4276,0.0024,0.0000,0,0,0.0000,0,0.0000,0,0,0,792,0
4264,5.9434,5.8902,0.0018,0.0000,0,0,0.0000,0,0.0000,0,0,0,1037,0
4265,3.3764,5.6840,0.0015,0.0000,0,0,0.0000,0,0.0000,0,0,0,722,0
4266,3.2815,11.4220,0.0047,0.0000,0,0,0.0000,0,0.0000,0,0,0,1361,0
4267,3.1241,11.4034,0.0022,0.0000,0,0,0.0000,0,0.0000,0,0,0,925,0
4268,5.9434,7.7563,0.0065,0.0000,0,0,0.0000,0,0.0000,0,0,0,987,0
4269,3.3764,6.7294,0.0065,0.0000,0,0,0.0000,0,0.0000,0,0,0,676,0
4270,3.2815,10.3667,0.0056,0.0000,0,0,0.0000,0,0.0000,0,0,0,1198,0
4271,3.1241,10.1102,0.0015,0.0000,0,0,0.0000,0,0.0000,0,0,0,1094,0
4272,5.9434,6.3491,0.0058,0.0000,0,0,0.0000,0,0.0000,0,0,0,879,0
4273,3.3764,5.8943,0.0023,0.0000,0,0,0.0000,0,0.0000,0,0,0,648,0
4274,3.2815,10.2424,0.0036,0.0000,0,0,0.0000,0,0.0000,0,0,0,1117,0
4275,3.1241,10.3018,0.0025,0.0000,0,0,0.0000,0,0.0000,0,0,0,1077,0
4276,5.9434,6.7894,0.0067,0.0000,0,0,0.0000,0,0.0000,0,0,0,746,0
4277,3.3764,6.1185,0.0019,0.0000,0,0,0.0000,0,0.0000,0,0,0,643,0
4278,3.2815,10.2734,0.0049,0.0000,0,0,0.0000,0,0.0000,0,0,0,1064,0
4279,3.1241,10.1165,0.0027,0.0000,0,0,0.0000,0,0.0000,0,0,0,1295,0
4280,5.9434,6.3137,0.0068,0.0000,0,0,0.0000,0,0.0000,0,0,0,687,0
4281,3.3764,5.8072,0.0015,0.0000,0,0,0.0000,0,0.0000,0,0,0,622,0
4282,3.2815,10.4163,0.0022,0.0000,0,0,0.0000,0,0.0000,0,0,0,1368,0
4283,3.1241,10.2864,0.0023,0.0000,0,0,0.0000,0,0.0000,0,0,0,709,0
4284,5.9434,6.0706,0.0030,0.0000,0,0,0.0000,0,0.0000,0,0,0,716,0
4285,3.3764,5.7897,0.0027,0.0000,0,0,0.0000,0,0.0000,0,0,0,620,0
4286,3.2815,10.5790,0.0021,0.0000,0,0,0.0000,0,0.0000,0,0,0,710,0
4287,3.1241,10.4007,0.0014,0.0000,0,0,0.0000,0,0.0000,0,0,0,715,0
4288,5.9434,5.8709,0.0017,0.0000,0,0,0.0000,0,0.0000,0,0,0,717,0
4289,3.3764,6.4662,0.0102,0.0000,0,0,0.0000,0,0.0000,0,0,0,613,0
4290,3.2815,9.2284,0.0024,0.0000,0,0,0.0000,0,0.0000,0,0,0,696,0
4291,3.1241,11.4428,0.0033,0.0000,0,0,0.0000,0,0.0000,0,0,0,724,0
4292,5.9434,6.3364,0.0016,0.0000,0,0,0.0000,0,0.0000,0,0,0,685,0
4293,3.3764,5.7996,0.0016,0.0000,0,0,0.0000,0,0.0000,0,0,0,617,0
4294,3.2815,10.3412,0.0091,0.0000,0,0,0.0000,0,0.0000,0,0,0,755,0
4295,3.1241,10.2937,0.0016,0.0000,0,0,0.0000,0,0.0000,0,0,0,779,0
4296,5.9434,6.5050,0.0073,0.0000,0,0,0.0000,0,0.0000,0,0,0,664,0
4297,3.3764,5.9277,0.0029,0.0000,0,0,0.0000,0,0.0000,0,0,0,622,0
4298,3.2815,10.8842,0.0051,0.0000,0,0,0.0000,0,0.0000,0,0,0,785,0
4299,3.1241,10.6215,0.0051,0.0000,0,0,0.0000,0,0.0000,0,0,0,906,0
4300,5.9434,6.2867,0.0043,0.0000,0,0,0.0000,0,0.0000,0,0,0,636,0
4301,3.3764,5.8072,0.0020,0.0000,0,0,0.0000,0,0.0000,0,0,0,626,0
4302,3.2815,10.5775,0.0046,0.0000,0,0,0.0000,0,0.0000,0,0,0,868,0
4303,3.1241,10.3973,0.0025,0.0000,0,0,0.0000,0,0.0000,0,0,0,830,0
4304,5.9434,6.5714,0.0065,0.0000,0,0,0.0000,0,0.0000,0,0,0,635,0
4305,3.3764,5.9339,0.0023,0.0000,0,0,0.0000,0,0.0000,0,0,0,608,0
4306,3.2815,9.9074,0.0040,0.0000,0,0,0.0000,0,0.0000,0,0,0,801,0
4307,3.1241,9.9983,0.0025,0.0000,0,0,0.0000,0,0.0000,0,0,0,966,0
4308,5.9434,7.5503,0.0082,0.0000,0,0,0.0000,0,0.0000,0,0,0,650,0
4309,3.3764,6.8548,0.0013,0.0000,0,0,0.0000,0,0.0000,0,0,0,606,0
4310,3.2815,10.8375,0.0078,0.0000,0,0,0.0000,0,0.0000,0,0,0,1017,0
4311,3.1241,10.5989,0.0020,0.0000,0,0,0.0000,0,0.0000,0,0,0,705,0
4312,5.9434,6.4885,0.0019,0.0000,0,0,0.0000,0,0.0000,0,0,0,646,0
4313,3.3764,5.8818,0.0016,0.0000,0,0,0.0000,0,0.0000,0,0,0,607,0
4314,3.2815,10.2904,0.0031,0.0000,0,0,0.0000,0,0.0000,0,0,0,933,0
4315,3.1241,10.2630,0.0018,0.0000,0,0,0.0000,0,0.0000,0,0,0,703,0
4316,5.9434,6.1724,0.0027,0.0000,0,0,0.0000,0,0.0000,0,0,0,651,0
4317,3.3764,5.7363,0.0006,0.0000,0,0,0.0000,0,0.0000,0,0,0,609,0
4318,3.2815,10.4227,0.0011,0.0000,0,0,0.0000,0,0.0000,0,0,0,926,0
4319,3.1241,10.3215,0.0009,0.0000,0,0,0.0000,0,0.0000,0,0,0,728,0
4320,5.9434,5.9558,0.0029,0.0000,0,0,0.0000,0,0.0000,0,0,0,638,0
4321,3.3764,5.7414,0.0040,0.0000,0,0,0.0000,0,0.0000,0,0,0,601,0
4322,3.2815,10.5135,0.0035,0.0000,0,0,0.0000,0,0.0000,0,0,0,856,0
4323,3.1241,10.3605,0.0015,0.0000,0,0,0.0000,0,0.0000,0,0,0,752,0
4324,5.9434,6.1001,0.0028,0.0000,0,0,0.0000,0,0.0000,0,0,0,623,0
4325,3.3764,5.8419,0.0020,0.0000,0,0,0.0000,0,0.0000,0,0,0,601,0
4326,3.2815,10.7310,0.0010,0.0000,0,0,0.0000,0,0.0000,0,0,0,1082,0
4327,3.1241,10.6249,0.0018,0.0000,0,0,0.0000,0,0.0000,0,0,0,805,0
4328,5.9434,5.8773,0.0012,0.0000,0,0,0.0000,0,0.0000,0,0,0,626,0
4329,3.3764,5.7470,0.0019,0.0000,0,0,0.0000,0,0.0000,0,0,0,601,0
4330,3.2815,10.4479,0.0013,0.0000,0,0,0.0000,0,0.0000,0,0,0,712,0
4331,3.1241,10.4470,0.0015,0.0000,0,0,0.0000,0,0.0000,0,0,0,775,0
4332,5.9434,5.8226,0.0015,0.0000,0,0,0.0000,0,0.0000,0,0,0,622,0
4333,3.3764,5.7482,0.0013,0.0000,0,0,0.0000,0,0.0000,0,0,0,601,0
4334,3.2815,10.4180,0.0015,0.0000,0,0,0.0000,0,0.0000,0,0,0,709,0
4335,3.1241,10.4539,0.0020,0.0000,0,0,0.0000,0,0.0000,0,0,0,911,0
4336,5.9434,5.7931,0.0020,0.0000,0,0,0.0000,0,0.0000,0,0,0,611,0
4337,3.3764,5.7281,0.0014,0.0000,0,0,0.0000,0,0.0000,0,0,0,601,0
4338,3.2815,11.0645,0.0111,0.0000,0,0,0.0000,0,0.0000,0,0,0,723,0
4339,3.1241,11.1666,0.0030,0.0000,0,0,0.0000,0,0.0000,0,0,0,698,0
4340,5.9434,6.4252,0.0014,0.0000,0,0,0.0000,0,0.0000,0,0,0,618,0
4341,3.3764,5.7862,0.0010,0.0000,0,0,0.0000,0,0.0000,0,0,0,601,0
4342,3.2815,10.4061,0.0159,0.0000,0,0,0.0000,0,0.0000,0,0,0,744,0
4343,3.1241,10.0590,0.0065,0.0000,0,0,0.0000,0,0.0000,0,0,0,696,0
4344,5.9434,6.6408,0.0077,0.0000,0,0,0.0000,0,0.0000,0,0,0,605,0
4345,3.3764,5.8240,0.0011,0.0000,0,0,0.0000,0,0.0000,0,0,0,601,0
4346,3.2815,10.3377,0.0056,0.0000,0,0,0.0000,0,0.0000,0,0,0,786,0
4347,3.1241,10.3535,0.0022,0.0000,0,0,0.0000,0,0.0000,0,0,0,704,0
4348,5.9434,7.1655,0.0090,0.0000,0,0,0.0000,0,0.0000,0,0,0,606,0
4349,3.3764,6.1392,0.0018,0.0000,0,0,0.0000,0,0.0000,0,0,0,601,0
4350,3.2815,10.2277,0.0044,0.0000,0,0,0.0000,0,0.0000,0,0,0,780,0
4351,3.1241,10.1965,0.0026,0.0000,0,0,0.0000,0,0.0000,0,0,0,741,0
4352,5.9434,6.7647,0.0072,0.0000,0,0,0.0000,0,0.0000,0,0,0,605,0
4353,3.3764,5.9955,0.0019,0.0000,0,0,0.0000,0,0.0000,0,0,0,601,0
4354,3.2815,10.1807,0.0071,0.0000,0,0,0.0000,0,0.0000,0,0,0,808,0
4355,3.1241,10.0929,0.0021,0.0000,0,0,0.0000,0,0.0000,0,0,0,758,0
4356,5.9434,6.7708,0.0139,0.0000,0,0,0.0000,0,0.0000,0,0,0,606,0
4357,3.3764,5.9887,0.0017,0.0000,0,0,0.0000,0,0.0000,0,0,0,601,0
4358,3.2815,12.3262,0.0076,0.0000,0,0,0.0000,0,0.0000,0,0,0,795,0
4359,3.1241,12.2199,0.0015,0.0000,0,0,0.0000,0,0.0000,0,0,0,738,0
4360,5.9434,6.6314,0.0060,0.0000,0,0,0.0000,0,0.0000,0,0,0,601,0
4361,3.3764,5.8099,0.0015,0.0000,0,0,0.0000,0,0.0000,0,0,0,601,0
4362,3.2815,10.3957,0.0023,0.0000,0,0,0.0000,0,0.0000,0,0,0,771,0
4363,3.1241,10.2389,0.0021,0.0000,0,0,0.0000,0,0.0000,0,0,0,836,0
4364,5.9434,6.3053,0.0045,0.0000,0,0,0.0000,0,0.0000,0,0,0,601,0
4365,3.3764,5.7438,0.0044,0.0000,0,0,0.0000,0,0.0000,0,0,0,601,0
4366,3.2815,10.4307,0.0025,0.0000,0,0,0.0000,0,0.0000,0,0,0,779,0
4367,3.1241,10.3460,0.0020,0.0000,0,0,0.0000,0,0.0000,0,0,0,698,0
4368,5.9434,6.6409,0.0061,0.0000,0,0,0.0000,0,0.0000,0,0,0,601,0
4369,3.3764,5.9375,0.0019,0.0000,0,0,0.0000,0,0.0000,0,0,0,601,0
4370,3.2815,10.4216,0.0067,0.0000,0,0,0.0000,0,0.0000,0,0,0,967,0
4371,3.1241,10.2238,0.0025,0.0000,0,0,0.0000,0,0.0000,0,0,0,696,0
4372,5.9434,6.2670,0.0073,0.0000,0,0,0.0000,0,0.0000,0,0,0,601,0
4373,3.3764,5.8633,0.0031,0.0000,0,0,0.0000,0,0.0000,0,0,0,601,0
4374,3.2815,10.1373,0.0050,0.0000,0,0,0.0000,0,0.0000,0,0,0,710,0
4375,3.1241,10.0267,0.0030,0.0000,0,0,0.0000,0,0.0000,0,0,0,700,0
4376,5.9434,6.3273,0.0073,0.0000,0,0,0.0000,0,0.0000,0,0,0,601,0
4377,3.3764,5.8441,0.0031,0.0000,0,0,0.0000,0,0.0000,0,0,0,601,0
4378,3.2815,10.1459,0.0064,0.0000,0,0,0.0000,0,0.0000,0,0,0,703,0
4379,3.1241,9.9817,0.0024,0.0000,0,0,0.0000,0,0.0000,0,0,0,721,0
4380,5.9434,6.1831,0.0056,0.0000,0,0,0.0000,0,0.0000,0,0,0,601,0
4381,3.3764,6.1310,0.0020,0.0000,0,0,0.0000,0,0.0000,0,0,0,601,0
4382,3.2815,9.6876,0.0060,0.0000,0,0,0.0000,0,0.0000,0,0,0,708,0
4383,3.1241,9.9697,0.0029,0.0000,0,0,0.0000,0,0.0000,0,0,0,783,0
4384,5.9434,6.3287,0.0063,0.0000,0,0,0.0000,0,0.0000,0,0,0,601,0
4385,3.3764,5.8058,0.0020,0.0000,0,0,0.0000,0,0.0000,0,0,0,601,0
4386,3.2815,10.0360,0.0063,0.0000,0,0,0.0000,0,0.0000,0,0,0,751,0
4387,3.1241,10.0120,0.0022,0.0000,0,0,0.0000,0,0.0000,0,0,0,755,0
4388,5.9434,6.3221,0.0063,0.0000,0,0,0.0000,0,0.0000,0,0,0,601,0
4389,3.3764,5.8092,0.0019,0.0000,0,0,0.0000,0,0.0000,0,0,0,601,0
4390,3.2815,10.0266,0.0060,0.0000,0,0,0.0000,0,0.0000,0,0,0,762,0
4391,3.1241,9.9619,0.0023,0.0000,0,0,0.0000,0,0.0000,0,0,0,801,0
4392,5.9434,6.6215,0.0082,0.0000,0,0,0.0000,0,0.0000,0,0,0,601,0
4393,3.3764,5.9510,0.0082,0.0000,0,0,0.0000,0,0.0000,0,0,0,601,0
4394,3.2815,10.5390,0.0083,0.0000,0,0,0.0000,0,0.0000,0,0,0,747,0
4395,3.1241,10.4846,0.0031,0.0000,0,0,0.0000,0,0.0000,0,0,0,696,0
4396,5.9434,7.0334,0.0115,0.0000,0,0,0.0000,0,0.0000,0,0,0,601,0
4397,3.3764,5.9381,0.0017,0.0000,0,0,0.0000,0,0.0000,0,0,0,601,0
4398,3.2815,10.6879,0.0073,0.0000,0,0,0.0000,0,0.0000,0,0,0,830,0
4399,3.1241,10.2737,0.0073,0.0000,0,0,0.0000,0,0.0000,0,0,0,701,0
4400,5.9434,6.8267,0.0090,0.0000,0,0,0.0000,0,0.0000,0,0,0,601,0
4401,3.3764,5.8589,0.0023,0.0000,0,0,0.0000,0,0.0000,0,0,0,601,0
4402,3.2815,10.3290,0.0082,0.0000,0,0,0.0000,0,0.0000,0,0,0,769,0
4403,3.1241,10.1548,0.0028,0.0000,0,0,0.0000,0,0.0000,0,0,0,696,0
4404,5.9434,6.9210,0.0085,0.0000,0,0,0.0000,0,0.0000,0,0,0,601,0
4405,3.3764,5.9474,0.0018,0.0000,0,0,0.0000,0,0.0000,0,0,0,601,0
4406,3.2815,10.7016,0.0083,0.0000,0,0,0.0000,0,0.0000,0,0,0,728,0
4407,3.1241,10.4085,0.0083,0.0000,0,0,0.0000,0,0.0000,0,0,0,717,0
4408,5.9434,7.1244,0.0084,0.0000,0,0,0.0000,0,0.0000,0,0,0,601,0
4409,3.3764,6.0395,0.0019,0.0000,0,0,0.0000,0,0.0000,0,0,0,601,0
4410,3.2815,10.7238,0.0063,0.0000,0,0,0.0000,0,0.0000,0,0,0,726,0
4411,3.1241,10.4283,0.0063,0.0000,0,0,0.0000,0,0.0000,0,0,0,731,0
4412,5.9434,6.6427,0.0067,0.0000,0,0,0.0000,0,0.0000,0,0,0,601,0
4413,3.3764,5.8935,0.0022,0.0000,0,0,0.0000,0,0.0000,0,0,0,601,0
4414,3.2815,10.4886,0.0063,0.0000,0,0,0.0000,0,0.0000,0,0,0,833,0
4415,3.1241,10.2689,0.0018,0.0000,0,0,0.0000,0,0.0000,0,0,0,722,0
4416,5.9434,6.5443,0.0090,0.0000,0,0,0.0000,0,0.0000,0,0,0,601,0
4417,3.3764,5.9133,0.0015,0.0000,0,0,0.0000,0,0.0000,0,0,0,601,0
4418,3.2815,10.7474,0.0082,0.0000,0,0,0.0000,0,0.0000,0,0,0,696,0
4419,3.1241,10.6928,0.0023,0.0000,0,0,0.0000,0,0.0000,0,0,0,758,0
4420,5.9434,6.8065,0.0064,0.0000,0,0,0.0000,0,0.0000,0,0,0,601,0
4421,3.3764,5.9018,0.0018,0.0000,0,0,0.0000,0,0.0000,0,0,0,601,0
4422,3.2815,9.9925,0.0032,0.0000,0,0,0.0000,0,0.0000,0,0,0,696,0
4423,3.1241,10.0929,0.0017,0.0000,0,0,0.0000,0,0.0000,0,0,0,696,0
4424,5.9434,6.7579,0.0080,0.0000,0,0,0.0000,0,0.0000,0,0,0,601,0
4425,3.3764,5.8731,0.0016,0.0000,0,0,0.0000,0,0.0000,0,0,0,601,0
4426,3.2815,10.1275,0.0042,0.0000,0,0,0.0000,0,0.0000,0,0,0,696,0
4427,3.1241,10.0256,0.0019,0.0000,0,0,0.0000,0,0.0000,0,0,0,705,0
4428,5.9434,7.0108,0.0164,0.0000,0,0,0.0000,0,0.0000,0,0,0,601,0
4429,3.3764,5.9503,0.0024,0.0000,0,0,0.0000,0,0.0000,0,0,0,601,0
4430,3.2815,10.3219,0.0053,0.0000,0,0,0.0000,0,0.0000,0,0,0,696,0
4431,3.1241,10.1071,0.0014,0.0000,0,0,0.0000,0,0.0000,0,0,0,707,0
4432,5.9434,7.3873,0.0090,0.0000,0,0,0.0000,0,0.0000,0,0,0,601,0
4433,3.3764,6.5968,0.0033,0.0000,0,0,0.0000,0,0.0000,0,0,0,601,0
4434,3.2815,12.5706,0.0065,0.0000,0,0,0.0000,0,0.0000,0,0,0,701,0
4435,3.1241,12.3990,0.0014,0.0000,0,0,0.0000,0,0.0000,0,0,0,707,0
4436,5.9434,6.8386,0.0115,0.0000,0,0,0.0000,0,0.0000,0,0,0,601,0
4437,3.3764,5.9261,0.0029,0.0000,0,0,0.0000,0,0.0000,0,0,0,601,0
4438,3.2815,10.6493,0.0052,0.0000,0,0,0.0000,0,0.0000,0,0,0,703,0
4439,3.1241,10.4988,0.0029,0.0000,0,0,0.0000,0,0.0000,0,0,0,736,0
4440,5.9434,6.6601,0.0023,0.0000,0,0,0.0000,0,0.0000,0,0,0,601,0
4441,3.3764,6.1807,0.0070,0.0000,0,0,0.0000,0,0.0000,0,0,0,601,0
4442,3.2815,12.1260,0.0072,0.0000,0,0,0.0000,0,0.0000,0,0,0,716,0
4443,3.1241,11.7137,0.0015,0.0000,0,0,0.0000,0,0.0000,0,0,0,719,0
4444,5.9434,6.3554,0.0057,0.0000,0,0,0.0000,0,0.0000,0,0,0,601,0
4445,3.3764,5.8338,0.0022,0.0000,0,0,0.0000,0,0.0000,0,0,0,601,0
4446,3.2815,10.5743,0.0049,0.0000,0,0,0.0000,0,0.0000,0,0,0,714,0
4447,3.1241,10.3729,0.0014,0.0000,0,0,0.0000,0,0.0000,0,0,0,775,0
4448,5.9434,6.2617,0.0055,0.0000,0,0,0.0000,0,0.0000,0,0,0,601,0
4449,3.3764,5.8546,0.0011,0.0000,0,0,0.0000,0,0.0000,0,0,0,601,0
4450,3.2815,10.7244,0.0022,0.0000,0,0,0.0000,0,0.0000,0,0,0,717,0
4451,3.1241,10.6784,0.0010,0.0000,0,0,0.0000,0,0.0000,0,0,0,701,0
4452,5.9434,5.9017,0.0019,0.0000,0,0,0.0000,0,0.0000,0,0,0,601,0
4453,3.3764,5.7721,0.0012,0.0000,0,0,0.0000,0,0.0000,0,0,0,601,0
4454,3.2815,10.5278,0.0010,0.0000,0,0,0.0000,0,0.0000,0,0,0,711,0
4455,3.1241,10.4663,0.0013,0.0000,0,0,0.0000,0,0.0000,0,0,0,701,0
4456,5.9434,6.0954,0.0029,0.0000,0,0,0.0000,0,0.0000,0,0,0,601,0
4457,3.3764,5.8542,0.0021,0.0000,0,0,0.0000,0,0.0000,0,0,0,601,0
4458,3.2815,10.6892,0.0009,0.0000,0,0,0.0000,0,0.0000,0,0,0,763,0
4459,3.1241,10.6318,0.0008,0.0000,0,0,0.0000,0,0.0000,0,0,0,701,0
4460,5.9434,6.9877,0.0077,0.0000,0,0,0.0000,0,0.0000,0,0,0,601,0
4461,3.3764,6.1510,0.0021,0.0000,0,0,0.0000,0,0.0000,0,0,0,601,0
4462,3.2815,10.1870,0.0039,0.0000,0,0,0.0000,0,0.0000,0,0,0,696,0
4463,3.1241,10.1877,0.0022,0.0000,0,0,0.0000,0,0.0000,0,0,0,715,0
4464,5.9434,6.9438,0.0078,0.0000,0,0,0.0000,0,0.0000,0,0,0,601,0
4465,3.3764,6.6671,0.0018,0.0000,0,0,0.0000,0,0.0000,0,0,0,601,0
4466,3.2815,8.9610,0.0047,0.0000,0,0,0.0000,0,0.0000,0,0,0,696,0
4467,3.1241,8.9045,0.0022,0.0000,0,0,0.0000,0,0.0000,0,0,0,726,0
4468,5.9434,6.8017,0.0078,0.0000,0,0,0.0000,0,0.0000,0,0,0,601,0
4469,3.3764,5.9543,0.0014,0.0000,0,0,0.0000,0,0.0000,0,0,0,601,0
4470,3.2815,10.2907,0.0057,0.0000,0,0,0.0000,0,0.0000,0,0,0,696,0
4471,3.1241,10.0485,0.0022,0.0000,0,0,0.0000,0,0.0000,0,0,0,714,0
4472,5.9434,6.6408,0.0083,0.0000,0,0,0.0000,0,0.0000,0,0,0,601,0
4473,3.3764,5.9550,0.0028,0.0000,0,0,0.0000,0,0.0000,0,0,0,601,0
4474,3.2815,9.9637,0.0070,0.0000,0,0,0.0000,0,0.0000,0,0,0,696,0
4475,3.1241,10.0091,0.0037,0.0000,0,0,0.0000,0,0.0000,0,0,0,789,0
4476,5.9434,9.6990,0.0097,0.0000,0,0,0.0000,0,0.0000,0,0,0,601,0
4477,3.3764,7.2255,0.0035,0.0000,0,0,0.0000,0,0.0000,0,0,0,601,0
4478,3.2815,5.8729,0.0026,0.0000,0,0,0.0000,0,0.0000,0,0,0,717,0
4479,3.1241,9.3495,0.0018,0.0000,0,0,0.0000,0,0.0000,0,0,0,703,0
4480,5.9434,6.1378,0.0053,0.0000,0,0,0.0000,0,0.0000,0,0,0,601,0
4481,3.3764,5.7341,0.0021,0.0000,0,0,0.0000,0,0.0000,0,0,0,601,0
4482,3.2815,10.5670,0.0044,0.0000,0,0,0.0000,0,0.0000,0,0,0,716,0
4483,3.1241,10.4221,0.0020,0.0000,0,0,0.0000,0,0.0000,0,0,0,705,0
4484,5.9434,6.1343,0.0023,0.0000,0,0,0.0000,0,0.0000,0,0,0,601,0
4485,3.3764,5.7210,0.0014,0.0000,0,0,0.0000,0,0.0000,0,0,0,601,0
4486,3.2815,10.6314,0.0017,0.0000,0,0,0.0000,0,0.0000,0,0,0,745,0
4487,3.1241,10.5956,0.0010,0.0000,0,0,0.0000,0,0.0000,0,0,0,700,0
4488,5.9434,6.1574,0.0021,0.0000,0,0,0.0000,0,0.0000,0,0,0,601,0
4489,3.3764,5.8441,0.0019,0.0000,0,0,0.0000,0,0.0000,0,0,0,601,0
4490,3.2815,10.6976,0.0010,0.0000,0,0,0.0000,0,0.0000,0,0,0,737,0
4491,3.1241,10.6256,0.0009,0.0000,0,0,0.0000,0,0.0000,0,0,0,706,0
4492,5.9434,6.0319,0.0062,0.0000,0,0,0.0000,0,0.0000,0,0,0,601,0
4493,3.3764,5.7515,0.0061,0.0000,0,0,0.0000,0,0.0000,0,0,0,601,0
4494,3.2815,10.6520,0.0040,0.0000,0,0,0.0000,0,0.0000,0,0,0,718,0
4495,3.1241,10.5612,0.0007,0.0000,0,0,0.0000,0,0.0000,0,0,0,723,0
4496,5.9434,6.1695,0.0050,0.0000,0,0,0.0000,0,0.0000,0,0,0,601,0
4497,3.3764,5.8490,0.0018,0.0000,0,0,0.0000,0,0.0000,0,0,0,601,0
4498,3.2815,10.4564,0.0032,0.0000,0,0,0.0000,0,0.0000,0,0,0,719,0
4499,3.1241,10.3820,0.0009,0.0000,0,0,0.0000,0,0.0000,0,0,0,714,0
4500,5.9434,6.1521,0.0030,0.0000,0,0,0.0000,0,0.0000,0,0,0,601,0
4501,3.3764,5.7399,0.0020,0.0000,0,0,0.0000,0,0.0000,0,0,0,601,0
4502,3.2815,10.5846,0.0010,0.0000,0,0,0.0000,0,0.0000,0,0,0,747,0
4503,3.1241,10.4834,0.0016,0.0000,0,0,0.0000,0,0.0000,0,0,0,769,0
4504,5.9434,6.2888,0.0070,0.0000,0,0,0.0000,0,0.0000,0,0,0,601,0
4505,3.3764,5.9167,0.0069,0.0000,0,0,0.0000,0,0.0000,0,0,0,601,0
4506,3.2815,10.5837,0.0052,0.0000,0,0,0.0000,0,0.0000,0,0,0,696,0
4507,3.1241,10.3933,0.0021,0.0000,0,0,0.0000,0,0.0000,0,0,0,704,0
4508,5.9434,6.7949,0.0078,0.0000,0,0,0.0000,0,0.0000,0,0,0,601,0
4509,3.3764,6.0089,0.0013,0.0000,0,0,0.0000,0,0.0000,0,0,0,601,0
4510,3.2815,10.1911,0.0042,0.0000,0,0,0.0000,0,0.0000,0,0,0,696,0
4511,3.1241,10.0930,0.0020,0.0000,0,0,0.0000,0,0.0000,0,0,0,707,0
4512,5.9434,9.4100,0.0084,0.0000,0,0,0.0000,0,0.0000,0,0,0,601,0
4513,3.3764,8.4811,0.0017,0.0000,0,0,0.0000,0,0.0000,0,0,0,601,0
4514,3.2815,10.0141,0.0040,0.0000,0,0,0.0000,0,0.0000,0,0,0,696,0
4515,3.1241,10.1700,0.0019,0.0000,0,0,0.0000,0,0.0000,0,0,0,714,0
4516,5.9434,6.5339,0.0053,0.0000,0,0,0.0000,0,0.0000,0,0,0,601,0
4517,3.3764,5.7013,0.0015,0.0000,0,0,0.0000,0,0.0000,0,0,0,601,0
4518,3.2815,9.9926,0.0071,0.0000,0,0,0.0000,0,0.0000,0,0,0,696,0
4519,3.1241,10.4214,0.0014,0.0000,0,0,0.0000,0,0.0000,0,0,0,709,0
4520,5.9434,6.1860,0.0033,0.0000,0,0,0.0000,0,0.0000,0,0,0,601,0
4521,3.3764,5.7808,0.0022,0.0000,0,0,0.0000,0,0.0000,0,0,0,601,0
4522,3.2815,10.6242,0.0018,0.0000,0,0,0.0000,0,0.0000,0,0,0,696,0
4523,3.1241,10.5376,0.0010,0.0000,0,0,0.0000,0,0.0000,0,0,0,732,0
4524,5.9434,5.8686,0.0017,0.0000,0,0,0.0000,0,0.0000,0,0,0,601,0
4525,3.3764,5.7516,0.0015,0.0000,0,0,0.0000,0,0.0000,0,0,0,601,0
4526,3.2815,10.5868,0.0078,0.0000,0,0,0.0000,0,0.0000,0,0,0,696,0
4527,3.1241,10.3742,0.0079,0.0000,0,0,0.0000,0,0.0000,0,0,0,719,0
4528,5.9434,6.8532,0.0090,0.0000,0,0,0.0000,0,0.0000,0,0,0,601,0
4529,3.3764,6.1463,0.0013,0.0000,0,0,0.0000,0,0.0000,0,0,0,601,0
4530,3.2815,10.3083,0.0029,0.0000,0,0,0.0000,0,0.0000,0,0,0,708,0
4531,3.1241,10.1224,0.0027,0.0000,0,0,0.0000,0,0.0000,0,0,0,751,0
4532,5.9434,6.3907,0.0085,0.0000,0,0,0.0000,0,0.0000,0,0,0,601,0
4533,3.3764,5.8553,0.0016,0.0000,0,0,0.0000,0,0.0000,0,0,0,601,0
4534,3.2815,9.8830,0.0020,0.0000,0,0,0.0000,0,0.0000,0,0,0,708,0
4535,3.1241,9.9593,0.0009,0.0000,0,0,0.0000,0,0.0000,0,0,0,696,0
4536,5.9434,6.1232,0.0041,0.0000,0,0,0.0000,0,0.0000,0,0,0,601,0
4537,3.3764,5.8159,0.0023,0.0000,0,0,0.0000,0,0.0000,0,0,0,601,0
4538,3.2815,10.5135,0.0010,0.0000,0,0,0.0000,0,0.0000,0,0,0,706,0
4539,3.1241,10.4020,0.0013,0.0000,0,0,0.0000,0,0.0000,0,0,0,701,0
4540,5.9434,6.9019,0.0435,0.0000,0,0,0.0000,0,0.0000,0,0,0,601,0
4541,3.3764,5.9611,0.0017,0.0000,0,0,0.0000,0,0.0000,0,0,0,601,0
4542,3.2815,10.7203,0.0095,0.0000,0,0,0.0000,0,0.0000,0,0,0,707,0
4543,3.1241,10.4102,0.0015,0.0000,0,0,0.0000,0,0.0000,0,0,0,703,0
4544,5.9434,6.0326,0.0041,0.0000,0,0,0.0000,0,0.0000,0,0,0,601,0
4545,3.3764,5.7141,0.0040,0.0000,0,0,0.0000,0,0.0000,0,0,0,601,0
4546,3.2815,10.5701,0.0033,0.0000,0,0,0.0000,0,0.0000,0,0,0,723,0
4547,3.1241,10.4480,0.0019,0.0000,0,0,0.0000,0,0.0000,0,0,0,707,0
4548,5.9434,6.3124,0.0065,0.0000,0,0,0.0000,0,0.0000,0,0,0,601,0
4549,3.3764,5.8788,0.0017,0.0000,0,0,0.0000,0,0.0000,0,0,0,601,0
4550,3.2815,10.6845,0.0008,0.0000,0,0,0.0000,0,0.0000,0,0,0,696,0
4551,3.1241,10.6035,0.0007,0.0000,0,0,0.0000,0,0.0000,0,0,0,708,0
4552,5.9434,5.9735,0.0026,0.0000,0,0,0.0000,0,0.0000,0,0,0,601,0
4553,3.3764,5.7126,0.0018,0.0000,0,0,0.0000,0,0.0000,0,0,0,601,0
4554,3.2815,10.4534,0.0022,0.0000,0,0,0.0000,0,0.0000,0,0,0,696,0
4555,3.1241,10.3195,0.0015,0.0000,0,0,0.0000,0,0.0000,0,0,0,712,0
4556,5.9434,6.2030,0.0038,0.0000,0,0,0.0000,0,0.0000,0,0,0,601,0
4557,3.3764,5.7994,0.0021,0.0000,0,0,0.0000,0,0.0000,0,0,0,601,0
4558,3.2815,11.0704,0.0083,0.0000,0,0,0.0000,0,0.0000,0,0,0,696,0
4559,3.1241,10.8522,0.0084,0.0000,0,0,0.0000,0,0.0000,0,0,0,754,0
4560,5.9434,6.7967,0.0076,0.0000,0,0,0.0000,0,0.0000,0,0,0,601,0
4561,3.3764,5.8123,0.0021,0.0000,0,0,0.0000,0,0.0000,0,0,0,601,0
4562,3.2815,10.1759,0.0035,0.0000,0,0,0.0000,0,0.0000,0,0,0,696,0
4563,3.1241,10.0824,0.0024,0.0000,0,0,0.0000,0,0.0000,0,0,0,696,0
4564,5.9434,6.7506,0.0075,0.0000,0,0,0.0000,0,0.0000,0,0,0,601,0
4565,3.3764,5.8090,0.0018,0.0000,0,0,0.0000,0,0.0000,0,0,0,601,0
4566,3.2815,10.4842,0.0074,0.0000,0,0,0.0000,0,0.0000,0,0,0,701,0
4567,3.1241,10.2966,0.0032,0.0000,0,0,0.0000,0,0.0000,0,0,0,706,0
4568,5.9434,6.9231,0.0067,0.0000,0,0,0.0000,0,0.0000,0,0,0,601,0
4569,3.3764,5.9345,0.0015,0.0000,0,0,0.0000,0,0.0000,0,0,0,601,0
4570,3.2815,10.1241,0.0031,0.0000,0,0,0.0000,0,0.0000,0,0,0,696,0
4571,3.1241,10.0562,0.0028,0.0000,0,0,0.0000,0,0.0000,0,0,0,700,0
4572,5.9434,6.3408,0.0022,0.0000,0,0,0.0000,0,0.0000,0,0,0,601,0
4573,3.3764,5.7884,0.0016,0.0000,0,0,0.0000,0,0.0000,0,0,0,601,0
4574,3.2815,9.9046,0.0015,0.0000,0,0,0.0000,0,0.0000,0,0,0,707,0
4575,3.1241,10.1221,0.0015,0.0000,0,0,0.0000,0,0.0000,0,0,0,704,0
4576,5.9434,6.5525,0.0079,0.0000,0,0,0.0000,0,0.0000,0,0,0,601,0
4577,3.3764,5.8478,0.0013,0.0000,0,0,0.0000,0,0.0000,0,0,0,601,0
4578,3.2815,10.6040,0.0064,0.0000,0,0,0.0000,0,0.0000,0,0,0,701,0
4579,3.1241,10.3324,0.0063,0.0000,0,0,0.0000,0,0.0000,0,0,0,715,0
4580,5.9434,6.6122,0.0068,0.0000,0,0,0.0000,0,0.0000,0,0,0,601,0
4581,3.3764,5.8396,0.0013,0.0000,0,0,0.0000,0,0.0000,0,0,0,601,0
4582,3.2815,9.9699,0.0045,0.0000,0,0,0.0000,0,0.0000,0,0,0,702,0
4583,3.1241,9.9860,0.0020,0.0000,0,0,0.0000,0,0.0000,0,0,0,700,0
4584,5.9434,6.6233,0.0088,0.0000,0,0,0.0000,0,0.0000,0,0,0,601,0
4585,3.3764,5.9372,0.0023,0.0000,0,0,0.0000,0,0.0000,0,0,0,601,0
4586,3.2815,10.1205,0.0067,0.0000,0,0,0.0000,0,0.0000,0,0,0,711,0
4587,3.1241,10.0941,0.0026,0.0000,0,0,0.0000,0,0.0000,0,0,0,764,0
4588,5.9434,6.9224,0.0712,0.0000,0,0,0.0000,0,0.0000,0,0,0,601,0
4589,3.3764,5.8787,0.0016,0.0000,0,0,0.0000,0,0.0000,0,0,0,601,0
4590,3.2815,10.0823,0.0031,0.0000,0,0,0.0000,0,0.0000,0,0,0,722,0
4591,3.1241,10.0215,0.0019,0.0000,0,0,0.0000,0,0.0000,0,0,0,696,0
4592,5.9434,6.5109,0.0069,0.0000,0,0,0.0000,0,0.0000,0,0,0,601,0
4593,3.3764,5.8155,0.0018,0.0000,0,0,0.0000,0,0.0000,0,0,0,601,0
4594,3.2815,9.8877,0.0035,0.0000,0,0,0.0000,0,0.0000,0,0,0,696,0
4595,3.1241,9.7909,0.0028,0.0000,0,0,0.0000,0,0.0000,0,0,0,696,0
4596,5.9434,6.4663,0.0021,0.0000,0,0,0.0000,0,0.0000,0,0,0,601,0
4597,3.3764,5.8305,0.0013,0.0000,0,0,0.0000,0,0.0000,0,0,0,601,0
4598,3.2815,10.2480,0.0013,0.0000,0,0,0.0000,0,0.0000,0,0,0,696,0
4599,3.1241,9.9767,0.0013,0.0000,0,0,0.0000,0,0.0000,0,0,0,696,0
4600,5.9434,6.2940,0.0035,0.0000,0,0,0.0000,0,0.0000,0,0,0,601,0
4601,3.3764,5.8199,0.0023,0.0000,0,0,0.0000,0,0.0000,0,0,0,601,0
4602,3.2815,10.4443,0.0015,0.0000,0,0,0.0000,0,0.0000,0,0,0,696,0
4603,3.1241,10.3172,0.0022,0.0000,0,0,0.0000,0,0.0000,0,0,0,700,0
4604,5.9434,6.1015,0.0068,0.0000,0,0,0.0000,0,0.0000,0,0,0,601,0
4605,3.3764,6.2732,0.0015,0.0000,0,0,0.0000,0,0.0000,0,0,0,601,0
4606,3.2815,9.5559,0.0030,0.0000,0,0,0.0000,0,0.0000,0,0,0,705,0
4607,3.1241,10.2997,0.0032,0.0000,0,0,0.0000,0,0.0000,0,0,0,702,0
4608,5.9434,6.9083,0.0079,0.0000,0,0,0.0000,0,0.0000,0,0,0,601,0
4609,3.3764,5.8935,0.0012,0.0000,0,0,0.0000,0,0.0000,0,0,0,601,0
4610,3.2815,10.0781,0.0018,0.0000,0,0,0.0000,0,0.0000,0,0,0,708,0
4611,3.1241,9.9918,0.0014,0.0000,0,0,0.0000,0,0.0000,0,0,0,706,0
4612,5.9434,6.7262,0.0082,0.0000,0,0,0.0000,0,0.0000,0,0,0,601,0
4613,3.3764,5.9576,0.0018,0.0000,0,0,0.0000,0,0.0000,0,0,0,601,0
4614,3.2815,9.8236,0.0032,0.0000,0,0,0.0000,0,0.0000,0,0,0,707,0
4615,3.1241,9.9446,0.0019,0.0000,0,0,0.0000,0,0.0000,0,0,0,721,0
4616,5.9434,6.5493,0.0097,0.0000,0,0,0.0000,0,0.0000,0,0,0,601,0
4617,3.3764,5.8758,0.0017,0.0000,0,0,0.0000,0,0.0000,0,0,0,601,0
4618,3.2815,10.0080,0.0033,0.0000,0,0,0.0000,0,0.0000,0,0,0,708,0
4619,3.1241,10.0462,0.0026,0.0000,0,0,0.0000,0,0.0000,0,0,0,696,0
4620,5.9434,6.5105,0.0053,0.0000,0,0,0.0000,0,0.0000,0,0,0,601,0
4621,3.3764,5.8217,0.0015,0.0000,0,0,0.0000,0,0.0000,0,0,0,601,0
4622,3.2815,9.9470,0.0027,0.0000,0,0,0.0000,0,0.0000,0,0,0,706,0
4623,3.1241,9.7843,0.0018,0.0000,0,0,0.0000,0,0.0000,0,0,0,696,0
4624,5.9434,6.3906,0.0073,0.0000,0,0,0.0000,0,0.0000,0,0,0,601,0
4625,3.3764,5.9018,0.0014,0.0000,0,0,0.0000,0,0.0000,0,0,0,601,0
4626,3.2815,9.8328,0.0038,0.0000,0,0,0.0000,0,0.0000,0,0,0,711,0
4627,3.1241,9.9568,0.0031,0.0000,0,0,0.0000,0,0.0000,0,0,0,696,0
4628,5.9434,6.9252,0.0081,0.0000,0,0,0.0000,0,0.0000,0,0,0,601,0
4629,3.3764,5.8801,0.0081,0.0000,0,0,0.0000,0,0.0000,0,0,0,601,0
4630,3.2815,10.3362,0.0040,0.0000,0,0,0.0000,0,0.0000,0,0,0,706,0
4631,3.1241,10.0716,0.0023,0.0000,0,0,0.0000,0,0.0000,0,0,0,702,0
4632,5.9434,6.4953,0.0083,0.0000,0,0,0.0000,0,0.0000,0,0,0,601,0
4633,3.3764,5.9047,0.0031,0.0000,0,0,0.0000,0,0.0000,0,0,0,601,0
4634,3.2815,10.0049,0.0044,0.0000,0,0,0.0000,0,0.0000,0,0,0,748,0
4635,3.1241,10.0596,0.0029,0.0000,0,0,0.0000,0,0.0000,0,0,0,702,0
4636,5.9434,6.8164,0.0102,0.0000,0,0,0.0000,0,0.0000,0,0,0,601,0
4637,3.3764,5.8877,0.0020,0.0000,0,0,0.0000,0,0.0000,0,0,0,601,0
4638,3.2815,10.2438,0.0041,0.0000,0,0,0.0000,0,0.0000,0,0,0,696,0
4639,3.1241,10.0666,0.0014,0.0000,0,0,0.0000,0,0.0000,0,0,0,702,0
4640,5.9434,7.8180,0.0017,0.0000,0,0,0.0000,0,0.0000,0,0,0,601,0
4641,3.3764,6.1401,0.0055,0.0000,0,0,0.0000,0,0.0000,0,0,0,601,0
4642,3.2815,9.0062,0.0019,0.0000,0,0,0.0000,0,0.0000,0,0,0,696,0
4643,3.1241,10.0202,0.0064,0.0000,0,0,0.0000,0,0.0000,0,0,0,742,0
4644,5.9434,6.4636,0.0081,0.0000,0,0,0.0000,0,0.0000,0,0,0,601,0
4645,3.3764,5.9352,0.0027,0.0000,0,0,0.0000,0,0.0000,0,0,0,601,0
4646,3.2815,10.1565,0.0037,0.0000,0,0,0.0000,0,0.0000,0,0,0,696,0
4647,3.1241,10.2197,0.0027,0.0000,0,0,0.0000,0,0.0000,0,0,0,696,0
4648,5.9434,6.9209,0.0058,0.0000,0,0,0.0000,0,0.0000,0,0,0,601,0
4649,3.3764,5.8826,0.0019,0.0000,0,0,0.0000,0,0.0000,0,0,0,601,0
4650,3.2815,10.3828,0.0053,0.0000,0,0,0.0000,0,0.0000,0,0,0,696,0
4651,3.1241,9.2457,0.0256,0.0000,0,0,0.0000,0,0.0000,0,0,0,696,0
4652,5.9434,6.8193,0.0088,0.0000,0,0,0.0000,0,0.0000,0,0,0,601,0
4653,3.3764,5.9013,0.0030,0.0000,0,0,0.0000,0,0.0000,0,0,0,601,0
4654,3.2815,10.4833,0.0055,0.0000,0,0,0.0000,0,0.0000,0,0,0,702,0
4655,3.1241,10.3939,0.0025,0.0000,0,0,0.0000,0,0.0000,0,0,0,696,0
4656,5.9434,6.6223,0.0096,0.0000,0,0,0.0000,0,0.0000,0,0,0,601,0
4657,3.3764,5.8759,0.0014,0.0000,0,0,0.0000,0,0.0000,0,0,0,601,0
4658,3.2815,10.2417,0.0054,0.0000,0,0,0.0000,0,0.0000,0,0,0,701,0
4659,3.1241,10.0679,0.0021,0.0000,0,0,0.0000,0,0.0000,0,0,0,696,0
4660,5.9434,6.7317,0.0079,0.0000,0,0,0.0000,0,0.0000,0,0,0,601,0
4661,3.3764,5.8401,0.0018,0.0000,0,0,0.0000,0,0.0000,0,0,0,601,0
4662,3.2815,9.1821,0.0030,0.0000,0,0,0.0000,0,0.0000,0,0,0,704,0
4663,3.1241,8.7526,0.0026,0.0000,0,0,0.0000,0,0.0000,0,0,0,701,0
4664,5.9434,6.4966,0.0061,0.0000,0,0,0.0000,0,0.0000,0,0,0,601,0
4665,3.3764,5.8072,0.0015,0.0000,0,0,0.0000,0,0.0000,0,0,0,601,0
4666,3.2815,10.0958,0.0045,0.0000,0,0,0.0000,0,0.0000,0,0,0,701,0
4667,3.1241,10.1109,0.0031,0.0000,0,0,0.0000,0,0.0000,0,0,0,700,0
4668,5.9434,6.7250,0.0028,0.0000,0,0,0.0000,0,0.0000,0,0,0,601,0
4669,3.3764,5.8768,0.0020,0.0000,0,0,0.0000,0,0.0000,0,0,0,601,0
4670,3.2815,10.2135,0.0022,0.0000,0,0,0.0000,0,0.0000,0,0,0,701,0
4671,3.1241,10.0872,0.0015,0.0000,0,0,0.0000,0,0.0000,0,0,0,720,0
4672,5.9434,6.8162,0.0088,0.0000,0,0,0.0000,0,0.0000,0,0,0,601,0
4673,3.3764,5.8678,0.0088,0.0000,0,0,0.0000,0,0.0000,0,0,0,601,0
4674,3.2815,10.4473,0.0037,0.0000,0,0,0.0000,0,0.0000,0,0,0,702,0
4675,3.1241,10.3380,0.0018,0.0000,0,0,0.0000,0,0.0000,0,0,0,696,0
4676,5.9434,6.9218,0.0116,0.0000,0,0,0.0000,0,0.0000,0,0,0,601,0
4677,3.3764,5.8650,0.0027,0.0000,0,0,0.0000,0,0.0000,0,0,0,601,0
4678,3.2815,10.6891,0.0080,0.0000,0,0,0.0000,0,0.0000,0,0,0,712,0
4679,3.1241,10.6903,0.0382,0.0000,0,0,0.0000,0,0.0000,0,0,0,696,0
4680,5.9434,6.8218,0.0083,0.0000,0,0,0.0000,0,0.0000,0,0,0,601,0
4681,3.3764,5.9316,0.0025,0.0000,0,0,0.0000,0,0.0000,0,0,0,601,0
4682,3.2815,10.8474,0.0033,0.0000,0,0,0.0000,0,0.0000,0,0,0,696,0
4683,3.1241,9.9505,0.0021,0.0000,0,0,0.0000,0,0.0000,0,0,0,696,0
4684,5.9434,6.5143,0.0062,0.0000,0,0,0.0000,0,0.0000,0,0,0,601,0
4685,3.3764,5.8280,0.0018,0.0000,0,0,0.0000,0,0.0000,0,0,0,601,0
4686,3.2815,10.1701,0.0053,0.0000,0,0,0.0000,0,0.0000,0,0,0,696,0
4687,3.1241,9.9243,0.0017,0.0000,0,0,0.0000,0,0.0000,0,0,0,696,0
4688,5.9434,6.7684,0.0039,0.0000,0,0,0.0000,0,0.0000,0,0,0,601,0
4689,3.3764,5.8747,0.0021,0.0000,0,0,0.0000,0,0.0000,0,0,0,601,0
4690,3.2815,10.4121,0.0107,0.0000,0,0,0.0000,0,0.0000,0,0,0,696,0
4691,3.1241,9.8431,0.0107,0.0000,0,0,0.0000,0,0.0000,0,0,0,705,0
4692,5.9434,6.7422,0.0017,0.0000,0,0,0.0000,0,0.0000,0,0,0,601,0
4693,3.3764,5.7807,0.0010,0.0000,0,0,0.0000,0,0.0000,0,0,0,601,0
4694,3.2815,9.3829,0.0015,0.0000,0,0,0.0000,0,0.0000,0,0,0,696,0
4695,3.1241,9.9792,0.0008,0.0000,0,0,0.0000,0,0.0000,0,0,0,704,0
4696,5.9434,6.1382,0.0047,0.0000,0,0,0.0000,0,0.0000,0,0,0,601,0
4697,3.3764,5.7203,0.0022,0.0000,0,0,0.0000,0,0.0000,0,0,0,601,0
4698,3.2815,10.6631,0.0030,0.0000,0,0,0.0000,0,0.0000,0,0,0,706,0
4699,3.1241,10.5300,0.0022,0.0000,0,0,0.0000,0,0.0000,0,0,0,711,0
4700,5.9434,6.2121,0.0024,0.0000,0,0,0.0000,0,0.0000,0,0,0,601,0
4701,3.3764,5.8068,0.0015,0.0000,0,0,0.0000,0,0.0000,0,0,0,601,0
4702,3.2815,10.5299,0.0016,0.0000,0,0,0.0000,0,0.0000,0,0,0,702,0
4703,3.1241,10.4374,0.0016,0.0000,0,0,0.0000,0,0.0000,0,0,0,696,0
4704,5.9434,5.7586,0.0020,0.0000,0,0,0.0000,0,0.0000,0,0,0,601,0
4705,3.3764,5.6675,0.0013,0.0000,0,0,0.0000,0,0.0000,0,0,0,601,0
4706,3.2815,10.8622,0.0073,0.0000,0,0,0.0000,0,0.0000,0,0,0,702,0
4707,3.1241,10.7517,0.0073,0.0000,0,0,0.0000,0,0.0000,0,0,0,696,0
4708,5.9434,6.5170,0.0080,0.0000,0,0,0.0000,0,0.0000,0,0,0,601,0
4709,3.3764,6.1434,0.0080,0.0000,0,0,0.0000,0,0.0000,0,0,0,601,0
4710,3.2815,11.2250,0.0046,0.0000,0,0,0.0000,0,0.0000,0,0,0,696,0
4711,3.1241,11.2416,0.0027,0.0000,0,0,0.0000,0,0.0000,0,0,0,696,0
4712,5.9434,6.7578,0.0084,0.0000,0,0,0.0000,0,0.0000,0,0,0,601,0
4713,3.3764,5.9844,0.0025,0.0000,0,0,0.0000,0,0.0000,0,0,0,601,0
4714,3.2815,10.0553,0.0041,0.0000,0,0,0.0000,0,0.0000,0,0,0,696,0
4715,3.1241,10.0309,0.0028,0.0000,0,0,0.0000,0,0.0000,0,0,0,696,0
4716,5.9434,7.0279,0.0111,0.0000,0,0,0.0000,0,0.0000,0,0,0,601,0
4717,3.3764,6.4159,0.0023,0.0000,0,0,0.0000,0,0.0000,0,0,0,601,0
4718,3.2815,10.3770,0.0053,0.0000,0,0,0.0000,0,0.0000,0,0,0,696,0
4719,3.1241,10.0189,0.0017,0.0000,0,0,0.0000,0,0.0000,0,0,0,701,0
4720,5.9434,6.7767,0.0079,0.0000,0,0,0.0000,0,0.0000,0,0,0,601,0
4721,3.3764,6.0815,0.0026,0.0000,0,0,0.0000,0,0.0000,0,0,0,601,0
4722,3.2815,10.3958,0.0084,0.0000,0,0,0.0000,0,0.0000,0,0,0,709,0
4723,3.1241,10.0534,0.0027,0.0000,0,0,0.0000,0,0.0000,0,0,0,696,0
4724,5.9434,7.1674,0.0085,0.0000,0,0,0.0000,0,0.0000,0,0,0,601,0
4725,3.3764,5.9492,0.0022,0.0000,0,0,0.0000,0,0.0000,0,0,0,601,0
4726,3.2815,10.1305,0.0143,0.0000,0,0,0.0000,0,0.0000,0,0,0,696,0
4727,3.1241,9.8908,0.0024,0.0000,0,0,0.0000,0,0.0000,0,0,0,707,0
4728,5.9434,7.0797,0.0080,0.0000,0,0,0.0000,0,0.0000,0,0,0,601,0
4729,3.3764,5.9618,0.0015,0.0000,0,0,0.0000,0,0.0000,0,0,0,601,0
4730,3.2815,9.9698,0.0026,0.0000,0,0,0.0000,0,0.0000,0,0,0,696,0
4731,3.1241,9.6656,0.0018,0.0000,0,0,0.0000,0,0.0000,0,0,0,698,0
4732,5.9434,6.6678,0.0095,0.0000,0,0,0.0000,0,0.0000,0,0,0,601,0
4733,3.3764,5.8965,0.0032,0.0000,0,0,0.0000,0,0.0000,0,0,0,601,0
4734,3.2815,10.5947,0.0052,0.0000,0,0,0.0000,0,0.0000,0,0,0,696,0
4735,3.1241,10.4563,0.0028,0.0000,0,0,0.0000,0,0.0000,0,0,0,696,0
4736,5.9434,6.8959,0.0105,0.0000,0,0,0.0000,0,0.0000,0,0,0,601,0
4737,3.3764,5.9110,0.0105,0.0000,0,0,0.0000,0,0.0000,0,0,0,601,0
4738,3.2815,10.3804,0.0078,0.0000,0,0,0.0000,0,0.0000,0,0,0,696,0
4739,3.1241,10.1249,0.0017,0.0000,0,0,0.0000,0,0.0000,0,0,0,696,0
4740,5.9434,6.6543,0.0080,0.0000,0,0,0.0000,0,0.0000,0,0,0,601,0
4741,3.3764,5.9260,0.0023,0.0000,0,0,0.0000,0,0.0000,0,0,0,601,0
4742,3.2815,9.9665,0.0033,0.0000,0,0,0.0000,0,0.0000,0,0,0,696,0
4743,3.1241,9.7308,0.0025,0.0000,0,0,0.0000,0,0.0000,0,0,0,696,0
4744,5.9434,6.4905,0.0065,0.0000,0,0,0.0000,0,0.0000,0,0,0,601,0
4745,3.3764,5.8368,0.0014,0.0000,0,0,0.0000,0,0.0000,0,0,0,601,0
4746,3.2815,10.1232,0.0076,0.0000,0,0,0.0000,0,0.0000,0,0,0,696,0
4747,3.1241,10.0310,0.0020,0.0000,0,0,0.0000,0,0.0000,0,0,0,696,0
4748,5.9434,6.9294,0.0069,0.0000,0,0,0.0000,0,0.0000,0,0,0,601,0
4749,3.3764,5.8786,0.0017,0.0000,0,0,0.0000,0,0.0000,0,0,0,601,0
4750,3.2815,10.2304,0.0029,0.0000,0,0,0.0000,0,0.0000,0,0,0,696,0
4751,3.1241,10.1486,0.0025,0.0000,0,0,0.0000,0,0.0000,0,0,0,696,0
4752,5.9434,6.9879,0.0070,0.0000,0,0,0.0000,0,0.0000,0,0,0,601,0
4753,3.3764,6.1630,0.0019,0.0000,0,0,0.0000,0,0.0000,0,0,0,601,0
4754,3.2815,10.0028,0.0037,0.0000,0,0,0.0000,0,0.0000,0,0,0,696,0
4755,3.1241,9.9328,0.0021,0.0000,0,0,0.0000,0,0.0000,0,0,0,706,0
4756,5.9434,6.6818,0.0077,0.0000,0,0,0.0000,0,0.0000,0,0,0,601,0
4757,3.3764,5.9075,0.0013,0.0000,0,0,0.0000,0,0.0000,0,0,0,601,0
4758,3.2815,10.2347,0.0039,0.0000,0,0,0.0000,0,0.0000,0,0,0,696,0
4759,3.1241,10.1222,0.0021,0.0000,0,0,0.0000,0,0.0000,0,0,0,696,0
4760,5.9434,6.8010,0.0082,0.0000,0,0,0.0000,0,0.0000,0,0,0,601,0
4761,3.3764,5.9408,0.0029,0.0000,0,0,0.0000,0,0.0000,0,0,0,601,0
4762,3.2815,10.1602,0.0046,0.0000,0,0,0.0000,0,0.0000,0,0,0,696,0
4763,3.1241,10.0906,0.0026,0.0000,0,0,0.0000,0,0.0000,0,0,0,696,0
4764,5.9434,6.4158,0.0068,0.0000,0,0,0.0000,0,0.0000,0,0,0,601,0
4765,3.3764,5.9243,0.0017,0.0000,0,0,0.0000,0,0.0000,0,0,0,601,0
4766,3.2815,9.6780,0.0031,0.0000,0,0,0.0000,0,0.0000,0,0,0,701,0
4767,3.1241,11.3350,0.0040,0.0000,0,0,0.0000,0,0.0000,0,0,0,696,0
4768,5.9434,7.0281,0.0083,0.0000,0,0,0.0000,0,0.0000,0,0,0,601,0
4769,3.3764,5.8569,0.0015,0.0000,0,0,0.0000,0,0.0000,0,0,0,601,0
4770,3.2815,10.1803,0.0030,0.0000,0,0,0.0000,0,0.0000,0,0,0,696,0
4771,3.1241,10.3731,0.0029,0.0000,0,0,0.0000,0,0.0000,0,0,0,696,0
4772,5.9434,7.0958,0.0065,0.0000,0,0,0.0000,0,0.0000,0,0,0,601,0
4773,3.3764,6.2423,0.0021,0.0000,0,0,0.0000,0,0.0000,0,0,0,601,0
4774,3.2815,10.2729,0.0053,0.0000,0,0,0.0000,0,0.0000,0,0,0,696,0
4775,3.1241,10.0565,0.0015,0.0000,0,0,0.0000,0,0.0000,0,0,0,696,0
4776,5.9434,6.5207,0.0041,0.0000,0,0,0.0000,0,0.0000,0,0,0,601,0
4777,3.3764,5.8503,0.0017,0.0000,0,0,0.0000,0,0.0000,0,0,0,601,0
4778,3.2815,10.1280,0.0027,0.0000,0,0,0.0000,0,0.0000,0,0,0,696,0
4779,3.1241,10.0595,0.0015,0.0000,0,0,0.0000,0,0.0000,0,0,0,696,0
4780,5.9434,6.7917,0.0079,0.0000,0,0,0.0000,0,0.0000,0,0,0,601,0
4781,3.3764,5.7794,0.0015,0.0000,0,0,0.0000,0,0.0000,0,0,0,601,0
4782,3.2815,10.3638,0.0051,0.0000,0,0,0.0000,0,0.0000,0,0,0,696,0
4783,3.1241,10.2409,0.0013,0.0000,0,0,0.0000,0,0.0000,0,0,0,706,0
4784,5.9434,6.2995,0.0060,0.0000,0,0,0.0000,0,0.0000,0,0,0,601,0
4785,3.3764,5.8504,0.0018,0.0000,0,0,0.0000,0,0.0000,0,0,0,601,0
4786,3.2815,9.5051,0.0021,0.0000,0,0,0.0000,0,0.0000,0,0,0,696,0
4787,3.1241,9.9096,0.0022,0.0000,0,0,0.0000,0,0.0000,0,0,0,696,0
4788,5.9434,7.0503,0.0054,0.0000,0,0,0.0000,0,0.0000,0,0,0,601,0
4789,3.3764,6.0692,0.0021,0.0000,0,0,0.0000,0,0.0000,0,0,0,601,0
4790,3.2815,11.4456,0.0058,0.0000,0,0,0.0000,0,0.0000,0,0,0,696,0
4791,3.1241,11.2251,0.0033,0.0000,0,0,0.0000,0,0.0000,0,0,0,696,0
4792,5.9434,6.4896,0.0016,0.0000,0,0,0.0000,0,0.0000,0,0,0,601,0
4793,3.3764,5.9117,0.0015,0.0000,0,0,0.0000,0,0.0000,0,0,0,601,0
4794,3.2815,7.1186,0.0082,0.0000,0,0,0.0000,0,0.0000,0,0,0,696,0
4795,3.1241,8.2483,0.0018,0.0000,0,0,0.0000,0,0.0000,0,0,0,696,0
4796,5.9434,6.3817,0.0096,0.0000,0,0,0.0000,0,0.0000,0,0,0,601,0
4797,3.3764,5.8730,0.0013,0.0000,0,0,0.0000,0,0.0000,0,0,0,601,0
4798,3.2815,10.3570,0.0036,0.0000,0,0,0.0000,0,0.0000,0,0,0,696,0
4799,3.1241,10.2105,0.0016,0.0000,0,0,0.0000,0,0.0000,0,0,0,703,0
4800,5.9434,32.3006,0.0088,0.0000,0,0,0.0000,0,0.0000,0,1,0,60271,0
4801,3.3764,33.8966,0.0081,0.0000,0,0,0.0000,0,0.0000,0,1,0,43482,0
4802,3.2815,26.1105,0.0054,0.0000,0,0,0.0000,0,0.0000,0,1,0,59828,0
4803,3.1241,25.9116,0.0103,0.0000,0,0,0.0000,0,0.0000,0,1,0,68126,0
4804,5.9434,5.8794,0.0089,0.0000,0,0,0.0000,0,0.0000,0,0,0,16498,0
4805,3.3764,5.6160,0.0039,0.0000,0,0,0.0000,0,0.0000,0,0,0,14403,0
4806,3.2815,10.3810,0.0022,0.0000,0,0,0.0000,0,0.0000,0,0,0,17862,0
4807,3.1241,10.3917,0.0021,0.0000,0,0,0.0000,0,0.0000,0,0,0,17138,0
4808,5.9434,5.7791,0.0019,0.0000,0,0,0.0000,0,0.0000,0,0,0,9226,0
4809,3.3764,5.5919,0.0016,0.0000,0,0,0.0000,0,0.0000,0,0,0,6914,0
4810,3.2815,10.4674,0.0033,0.0000,0,0,0.0000,0,0.0000,0,0,0,11125,0
4811,3.1241,10.3811,0.0016,0.0000,0,0,0.0000,0,0.0000,0,0,0,9621,0
4812,5.9434,5.8672,0.0050,0.0000,0,0,0.0000,0,0.0000,0,0,0,17369,0
4813,3.3764,5.6756,0.0086,0.0000,0,0,0.0000,0,0.0000,0,0,0,16755,0
4814,3.2815,10.6032,0.0058,0.0000,0,0,0.0000,0,0.0000,0,0,0,19658,0
4815,3.1241,10.4721,0.0045,0.0000,0,0,0.0000,0,0.0000,0,0,0,15622,0
4816,5.9434,5.7984,0.0029,0.0000,0,0,0.0000,0,0.0000,0,0,0,23309,0
4817,3.3764,5.5812,0.0020,0.0000,0,0,0.0000,0,0.0000,0,0,0,20346,0
4818,3.2815,10.5245,0.0169,0.0000,0,0,0.0000,0,0.0000,0,0,0,22802,0
4819,3.1241,10.4884,0.0027,0.0000,0,0,0.0000,0,0.0000,0,0,0,21407,0
4820,5.9434,5.8753,0.0216,0.0000,0,0,0.0000,0,0.0000,0,0,0,13027,0
4821,3.3764,5.6147,0.0028,0.0000,0,0,0.0000,0,0.0000,0,0,0,11737,0
4822,3.2815,10.3998,0.0018,0.0000,0,0,0.0000,0,0.0000,0,0,0,12722,0
4823,3.1241,10.3588,0.0021,0.0000,0,0,0.0000,0,0.0000,0,0,0,16214,0
4824,5.9434,5.6516,0.0015,0.0000,0,0,0.0000,0,0.0000,0,0,0,7002,0
4825,3.3764,5.4999,0.0013,0.0000,0,0,0.0000,0,0.0000,0,0,0,5132,0
4826,3.2815,10.5261,0.0025,0.0000,0,0,0.0000,0,0.0000,0,0,0,7491,0
4827,3.1241,10.5564,0.0022,0.0000,0,0,0.0000,0,0.0000,0,0,0,4790,0
4828,5.9434,5.7592,0.0014,0.0000,0,0,0.0000,0,0.0000,0,0,0,3933,0
4829,3.3764,5.6930,0.0010,0.0000,0,0,0.0000,0,0.0000,0,0,0,3799,0
4830,3.2815,10.4522,0.0011,0.0000,0,0,0.0000,0,0.0000,0,0,0,4399,0
4831,3.1241,10.5002,0.0009,0.0000,0,0,0.0000,0,0.0000,0,0,0,3276,0
4832,5.9434,5.6320,0.0013,0.0000,0,0,0.0000,0,0.0000,0,0,0,3260,0
4833,3.3764,5.5373,0.0011,0.0000,0,0,0.0000,0,0.0000,0,0,0,2850,0
4834,3.2815,10.3659,0.0009,0.0000,0,0,0.0000,0,0.0000,0,0,0,3280,0
4835,3.1241,10.3637,0.0008,0.0000,0,0,0.0000,0,0.0000,0,0,0,2761,0
4836,5.9434,5.6307,0.0009,0.0000,0,0,0.0000,0,0.0000,0,0,0,3090,0
4837,3.3764,5.5943,0.0016,0.0000,0,0,0.0000,0,0.0000,0,0,0,2691,0
4838,3.2815,10.3869,0.0010,0.0000,0,0,0.0000,0,0.0000,0,0,0,3020,0
4839,3.1241,10.3950,0.0017,0.0000,0,0,0.0000,0,0.0000,0,0,0,2648,0
4840,5.9434,5.7024,0.0015,0.0000,0,0,0.0000,0,0.0000,0,0,0,2664,0
4841,3.3764,5.5403,0.0009,0.0000,0,0,0.0000,0,0.0000,0,0,0,2213,0
4842,3.2815,10.3946,0.0008,0.0000,0,0,0.0000,0,0.0000,0,0,0,1084,0
4843,3.1241,10.3890,0.0008,0.0000,0,0,0.0000,0,0.0000,0,0,0,2638,0
4844,5.9434,5.6348,0.0011,0.0000,0,0,0.0000,0,0.0000,0,0,0,1673,0
4845,3.3764,5.5404,0.0008,0.0000,0,0,0.0000,0,0.0000,0,0,0,1302,0
4846,3.2815,10.4141,0.0013,0.0000,0,0,0.0000,0,0.0000,0,0,0,959,0
4847,3.1241,10.3812,0.0009,0.0000,0,0,0.0000,0,0.0000,0,0,0,2173,0
4848,5.9434,5.6584,0.0011,0.0000,0,0,0.0000,0,0.0000,0,0,0,1538,0
4849,3.3764,5.5861,0.0010,0.0000,0,0,0.0000,0,0.0000,0,0,0,1107,0
4850,3.2815,10.3480,0.0013,0.0000,0,0,0.0000,0,0.0000,0,0,0,819,0
4851,3.1241,10.3198,0.0014,0.0000,0,0,0.0000,0,0.0000,0,0,0,1668,0
4852,5.9434,5.6676,0.0010,0.0000,0,0,0.0000,0,0.0000,0,0,0,1248,0
4853,3.3764,5.6033,0.0011,0.0000,0,0,0.0000,0,0.0000,0,0,0,944,0
4854,3.2815,10.5026,0.0011,0.0000,0,0,0.0000,0,0.0000,0,0,0,945,0
4855,3.1241,10.4701,0.0013,0.0000,0,0,0.0000,0,0.0000,0,0,0,743,0
4856,5.9434,5.7808,0.0015,0.0000,0,0,0.0000,0,0.0000,0,0,0,1198,0
4857,3.3764,5.6802,0.0012,0.0000,0,0,0.0000,0,0.0000,0,0,0,836,0
4858,3.2815,10.5878,0.0010,0.0000,0,0,0.0000,0,0.0000,0,0,0,1250,0
4859,3.1241,10.5412,0.0018,0.0000,0,0,0.0000,0,0.0000,0,0,0,717,0
4860,5.9434,5.8293,0.0018,0.0000,0,0,0.0000,0,0.0000,0,0,0,1168,0
4861,3.3764,5.6025,0.0021,0.0000,0,0,0.0000,0,0.0000,0,0,0,792,0
4862,3.2815,10.4610,0.0022,0.0000,0,0,0.0000,0,0.0000,0,0,0,1108,0
4863,3.1241,10.3775,0.0017,0.0000,0,0,0.0000,0,0.0000,0,0,0,792,0
4864,5.9434,5.7752,0.0015,0.0000,0,0,0.0000,0,0.0000,0,0,0,1037,0
4865,3.3764,5.6885,0.0013,0.0000,0,0,0.0000,0,0.0000,0,0,0,722,0
4866,3.2815,10.3891,0.0015,0.0000,0,0,0.0000,0,0.0000,0,0,0,1361,0
4867,3.1241,10.3707,0.0018,0.0000,0,0,0.0000,0,0.0000,0,0,0,925,0
4868,5.9434,5.7627,0.0019,0.0000,0,0,0.0000,0,0.0000,0,0,0,987,0
4869,3.3764,5.7004,0.0019,0.0000,0,0,0.0000,0,0.0000,0,0,0,676,0
4870,3.2815,10.5874,0.0102,0.0000,0,0,0.0000,0,0.0000,0,0,0,1198,0
4871,3.1241,10.3347,0.0049,0.0000,0,0,0.0000,0,0.0000,0,0,0,1094,0
4872,5.9434,6.5388,0.0069,0.0000,0,0,0.0000,0,0.0000,0,0,0,879,0
4873,3.3764,5.9882,0.0020,0.0000,0,0,0.0000,0,0.0000,0,0,0,648,0
4874,3.2815,10.6572,0.0055,0.0000,0,0,0.0000,0,0.0000,0,0,0,1117,0
4875,3.1241,10.4081,0.0054,0.0000,0,0,0.0000,0,0.0000,0,0,0,1077,0
4876,5.9434,6.2098,0.0032,0.0000,0,0,0.0000,0,0.0000,0,0,0,746,0
4877,3.3764,5.6805,0.0021,0.0000,0,0,0.0000,0,0.0000,0,0,0,643,0
4878,3.2815,12.4827,0.0054,0.0000,0,0,0.0000,0,0.0000,0,0,0,1064,0
4879,3.1241,12.3936,0.0017,0.0000,0,0,0.0000,0,0.0000,0,0,0,1295,0
4880,5.9434,7.2115,0.0074,0.0000,0,0,0.0000,0,0.0000,0,0,0,687,0
4881,3.3764,6.6610,0.0016,0.0000,0,0,0.0000,0,0.0000,0,0,0,622,0
4882,3.2815,10.4076,0.0028,0.0000,0,0,0.0000,0,0.0000,0,0,0,1368,0
4883,3.1241,10.2480,0.0019,0.0000,0,0,0.0000,0,0.0000,0,0,0,709,0
4884,5.9434,6.1934,0.0058,0.0000,0,0,0.0000,0,0.0000,0,0,0,716,0
4885,3.3764,5.8718,0.0057,0.0000,0,0,0.0000,0,0.0000,0,0,0,620,0
4886,3.2815,10.7961,0.0039,0.0000,0,0,0.0000,0,0.0000,0,0,0,710,0
4887,3.1241,10.5545,0.0037,0.0000,0,0,0.0000,0,0.0000,0,0,0,715,0
4888,5.9434,6.4026,0.0089,0.0000,0,0,0.0000,0,0.0000,0,0,0,717,0
4889,3.3764,5.8653,0.0020,0.0000,0,0,0.0000,0,0.0000,0,0,0,613,0
4890,3.2815,10.7729,0.0012,0.0000,0,0,0.0000,0,0.0000,0,0,0,696,0
4891,3.1241,10.6507,0.0020,0.0000,0,0,0.0000,0,0.0000,0,0,0,724,0
4892,5.9434,6.1315,0.0037,0.0000,0,0,0.0000,0,0.0000,0,0,0,685,0
4893,3.3764,5.7745,0.0009,0.0000,0,0,0.0000,0,0.0000,0,0,0,617,0
4894,3.2815,10.6476,0.0010,0.0000,0,0,0.0000,0,0.0000,0,0,0,755,0
4895,3.1241,10.5994,0.0008,0.0000,0,0,0.0000,0,0.0000,0,0,0,779,0
4896,5.9434,5.7973,0.0014,0.0000,0,0,0.0000,0,0.0000,0,0,0,664,0
4897,3.3764,5.6103,0.0020,0.0000,0,0,0.0000,0,0.0000,0,0,0,622,0
4898,3.2815,10.6446,0.0008,0.0000,0,0,0.0000,0,0.0000,0,0,0,785,0
4899,3.1241,10.6591,0.0010,0.0000,0,0,0.0000,0,0.0000,0,0,0,906,0
4900,5.9434,5.9723,0.0015,0.0000,0,0,0.0000,0,0.0000,0,0,0,636,0
4901,3.3764,5.8100,0.0010,0.0000,0,0,0.0000,0,0.0000,0,0,0,626,0
4902,3.2815,10.7836,0.0012,0.0000,0,0,0.0000,0,0.0000,0,0,0,868,0
4903,3.1241,10.7543,0.0014,0.0000,0,0,0.0000,0,0.0000,0,0,0,830,0
4904,5.9434,5.7992,0.0012,0.0000,0,0,0.0000,0,0.0000,0,0,0,635,0
4905,3.3764,5.6042,0.0006,0.0000,0,0,0.0000,0,0.0000,0,0,0,608,0
4906,3.2815,10.4711,0.0018,0.0000,0,0,0.0000,0,0.0000,0,0,0,801,0
4907,3.1241,10.4380,0.0013,0.0000,0,0,0.0000,0,0.0000,0,0,0,966,0
4908,5.9434,5.7477,0.0009,0.0000,0,0,0.0000,0,0.0000,0,0,0,650,0
4909,3.3764,5.9112,0.0072,0.0000,0,0,0.0000,0,0.0000,0,0,0,606,0
4910,3.2815,10.7843,0.0052,0.0000,0,0,0.0000,0,0.0000,0,0,0,1017,0
4911,3.1241,10.7119,0.0037,0.0000,0,0,0.0000,0,0.0000,0,0,0,705,0
4912,5.9434,6.4153,0.0186,0.0000,0,0,0.0000,0,0.0000,0,0,0,646,0
4913,3.3764,5.9122,0.0024,0.0000,0,0,0.0000,0,0.0000,0,0,0,607,0
4914,3.2815,10.5050,0.0096,0.0000,0,0,0.0000,0,0.0000,0,0,0,933,0
4915,3.1241,10.4756,0.0024,0.0000,0,0,0.0000,0,0.0000,0,0,0,703,0
4916,5.9434,6.7948,0.0078,0.0000,0,0,0.0000,0,0.0000,0,0,0,651,0
4917,3.3764,5.9604,0.0025,0.0000,0,0,0.0000,0,0.0000,0,0,0,609,0
4918,3.2815,10.4350,0.0092,0.0000,0,0,0.0000,0,0.0000,0,0,0,926,0
4919,3.1241,10.3300,0.0037,0.0000,0,0,0.0000,0,0.0000,0,0,0,728,0
4920,5.9434,7.0667,0.0092,0.0000,0,0,0.0000,0,0.0000,0,0,0,638,0
4921,3.3764,6.3269,0.0024,0.0000,0,0,0.0000,0,0.0000,0,0,0,601,0
4922,3.2815,13.9925,0.0016,0.0000,0,0,0.0000,0,0.0000,0,0,0,856,0
4923,3.1241,13.7831,0.0014,0.0000,0,0,0.0000,0,0.0000,0,0,0,752,0
4924,5.9434,5.9417,0.0016,0.0000,0,0,0.0000,0,0.0000,0,0,0,623,0
4925,3.3764,5.6588,0.0013,0.0000,0,0,0.0000,0,0.0000,0,0,0,601,0
4926,3.2815,10.7864,0.0013,0.0000,0,0,0.0000,0,0.0000,0,0,0,1082,0
4927,3.1241,10.7538,0.0014,0.0000,0,0,0.0000,0,0.0000,0,0,0,805,0
4928,5.9434,6.0348,0.0024,0.0000,0,0,0.0000,0,0.0000,0,0,0,626,0
4929,3.3764,5.8080,0.0018,0.0000,0,0,0.0000,0,0.0000,0,0,0,601,0
4930,3.2815,10.7858,0.0060,0.0000,0,0,0.0000,0,0.0000,0,0,0,712,0
4931,3.1241,10.5745,0.0060,0.0000,0,0,0.0000,0,0.0000,0,0,0,775,0
4932,5.9434,6.2785,0.0023,0.0000,0,0,0.0000,0,0.0000,0,0,0,622,0
4933,3.3764,5.8760,0.0010,0.0000,0,0,0.0000,0,0.0000,0,0,0,601,0
4934,3.2815,10.6251,0.0015,0.0000,0,0,0.0000,0,0.0000,0,0,0,709,0
4935,3.1241,10.5227,0.0018,0.0000,0,0,0.0000,0,0.0000,0,0,0,911,0
4936,5.9434,6.4737,0.0063,0.0000,0,0,0.0000,0,0.0000,0,0,0,611,0
4937,3.3764,6.1266,0.0064,0.0000,0,0,0.0000,0,0.0000,0,0,0,601,0
4938,3.2815,11.1711,0.0067,0.0000,0,0,0.0000,0,0.0000,0,0,0,723,0
4939,3.1241,11.0394,0.0067,0.0000,0,0,0.0000,0,0.0000,0,0,0,698,0
4940,5.9434,6.7466,0.0071,0.0000,0,0,0.0000,0,0.0000,0,0,0,618,0
4941,3.3764,6.1503,0.0024,0.0000,0,0,0.0000,0,0.0000,0,0,0,601,0
4942,3.2815,10.1989,0.0036,0.0000,0,0,0.0000,0,0.0000,0,0,0,744,0
4943,3.1241,10.0555,0.0032,0.0000,0,0,0.0000,0,0.0000,0,0,0,696,0
4944,5.9434,7.3530,0.0036,0.0000,0,0,0.0000,0,0.0000,0,0,0,605,0
4945,3.3764,6.2945,0.0011,0.0000,0,0,0.0000,0,0.0000,0,0,0,601,0
4946,3.2815,9.4413,0.0020,0.0000,0,0,0.0000,0,0.0000,0,0,0,786,0
4947,3.1241,9.4934,0.0009,0.0000,0,0,0.0000,0,0.0000,0,0,0,704,0
4948,5.9434,6.3371,0.0044,0.0000,0,0,0.0000,0,0.0000,0,0,0,606,0
4949,3.3764,5.8644,0.0043,0.0000,0,0,0.0000,0,0.0000,0,0,0,601,0
4950,3.2815,10.8125,0.0022,0.0000,0,0,0.0000,0,0.0000,0,0,0,780,0
4951,3.1241,10.6535,0.0014,0.0000,0,0,0.0000,0,0.0000,0,0,0,741,0
4952,5.9434,6.2218,0.0032,0.0000,0,0,0.0000,0,0.0000,0,0,0,605,0
4953,3.3764,5.9035,0.0013,0.0000,0,0,0.0000,0,0.0000,0,0,0,601,0
4954,3.2815,10.8133,0.0016,0.0000,0,0,0.0000,0,0.0000,0,0,0,808,0
4955,3.1241,10.8335,0.0024,0.0000,0,0,0.0000,0,0.0000,0,0,0,758,0
4956,5.9434,6.2618,0.0030,0.0000,0,0,0.0000,0,0.0000,0,0,0,606,0
4957,3.3764,5.9079,0.0022,0.0000,0,0,0.0000,0,0.0000,0,0,0,601,0
4958,3.2815,11.0576,0.0077,0.0000,0,0,0.0000,0,0.0000,0,0,0,795,0
4959,3.1241,10.7985,0.0078,0.0000,0,0,0.0000,0,0.0000,0,0,0,738,0
4960,5.9434,6.8732,0.0082,0.0000,0,0,0.0000,0,0.0000,0,0,0,601,0
4961,3.3764,5.8588,0.0082,0.0000,0,0,0.0000,0,0.0000,0,0,0,601,0
4962,3.2815,10.7675,0.0032,0.0000,0,0,0.0000,0,0.0000,0,0,0,771,0
4963,3.1241,10.4387,0.0069,0.0000,0,0,0.0000,0,0.0000,0,0,0,836,0
4964,5.9434,7.3588,0.0085,0.0000,0,0,0.0000,0,0.0000,0,0,0,601,0
4965,3.3764,6.1958,0.0084,0.0000,0,0,0.0000,0,0.0000,0,0,0,601,0
4966,3.2815,12.1568,0.0177,0.0000,0,0,0.0000,0,0.0000,0,0,0,779,0
4967,3.1241,11.6199,0.0015,0.0000,0,0,0.0000,0,0.0000,0,0,0,698,0
4968,5.9434,7.2670,0.0046,0.0000,0,0,0.0000,0,0.0000,0,0,0,601,0
4969,3.3764,5.8584,0.0040,0.0000,0,0,0.0000,0,0.0000,0,0,0,601,0
4970,3.2815,7.4882,0.0020,0.0000,0,0,0.0000,0,0.0000,0,0,0,967,0
4971,3.1241,10.8285,0.0020,0.0000,0,0,0.0000,0,0.0000,0,0,0,696,0
4972,5.9434,6.2143,0.0018,0.0000,0,0,0.0000,0,0.0000,0,0,0,601,0
4973,3.3764,5.7939,0.0014,0.0000,0,0,0.0000,0,0.0000,0,0,0,601,0
4974,3.2815,10.5418,0.0018,0.0000,0,0,0.0000,0,0.0000,0,0,0,710,0
4975,3.1241,10.4667,0.0018,0.0000,0,0,0.0000,0,0.0000,0,0,0,700,0
4976,5.9434,6.1277,0.0046,0.0000,0,0,0.0000,0,0.0000,0,0,0,601,0
4977,3.3764,5.8173,0.0011,0.0000,0,0,0.0000,0,0.0000,0,0,0,601,0
4978,3.2815,11.2849,0.0070,0.0000,0,0,0.0000,0,0.0000,0,0,0,703,0
4979,3.1241,11.1370,0.0070,0.0000,0,0,0.0000,0,0.0000,0,0,0,721,0
4980,5.9434,7.0442,0.0102,0.0000,0,0,0.0000,0,0.0000,0,0,0,601,0
4981,3.3764,6.0394,0.0028,0.0000,0,0,0.0000,0,0.0000,0,0,0,601,0
4982,3.2815,9.9074,0.0032,0.0000,0,0,0.0000,0,0.0000,0,0,0,708,0
4983,3.1241,10.0726,0.0015,0.0000,0,0,0.0000,0,0.0000,0,0,0,783,0
4984,5.9434,6.0067,0.0038,0.0000,0,0,0.0000,0,0.0000,0,0,0,601,0
4985,3.3764,5.5717,0.0007,0.0000,0,0,0.0000,0,0.0000,0,0,0,601,0
4986,3.2815,10.4744,0.0014,0.0000,0,0,0.0000,0,0.0000,0,0,0,751,0
4987,3.1241,10.3915,0.0007,0.0000,0,0,0.0000,0,0.0000,0,0,0,755,0
4988,5.9434,5.8512,0.0032,0.0000,0,0,0.0000,0,0.0000,0,0,0,601,0
4989,3.3764,5.5853,0.0012,0.0000,0,0,0.0000,0,0.0000,0,0,0,601,0
4990,3.2815,10.8005,0.0056,0.0000,0,0,0.0000,0,0.0000,0,0,0,762,0
4991,3.1241,10.7061,0.0056,0.0000,0,0,0.0000,0,0.0000,0,0,0,801,0
4992,5.9434,6.4528,0.0069,0.0000,0,0,0.0000,0,0.0000,0,0,0,601,0
4993,3.3764,5.9291,0.0021,0.0000,0,0,0.0000,0,0.0000,0,0,0,601,0
4994,3.2815,9.6880,0.0067,0.0000,0,0,0.0000,0,0.0000,0,0,0,747,0
4995,3.1241,10.3075,0.0040,0.0000,0,0,0.0000,0,0.0000,0,0,0,696,0
4996,5.9434,6.4999,0.0055,0.0000,0,0,0.0000,0,0.0000,0,0,0,601,0
4997,3.3764,5.7917,0.0055,0.0000,0,0,0.0000,0,0.0000,0,0,0,601,0
4998,3.2815,10.3927,0.0039,0.0000,0,0,0.0000,0,0.0000,0,0,0,830,0
4999,3.1241,10.2657,0.0024,0.0000,0,0,0.0000,0,0.0000,0,0,0,701,0
5000,5.9434,7.4827,0.0061,0.0000,0,0,0.0000,0,0.0000,0,0,0,601,0
5001,3.3764,6.6751,0.0027,0.0000,0,0,0.0000,0,0.0000,0,0,0,601,0
5002,3.2815,10.5042,0.0058,0.0000,0,0,0.0000,0,0.0000,0,0,0,769,0
5003,3.1241,10.3247,0.0018,0.0000,0,0,0.0000,0,0.0000,0,0,0,696,0
5004,5.9434,6.0672,0.0049,0.0000,0,0,0.0000,0,0.0000,0,0,0,601,0
5005,3.3764,5.6995,0.0048,0.0000,0,0,0.0000,0,0.0000,0,0,0,601,0
5006,3.2815,10.8558,0.0030,0.0000,0,0,0.0000,0,0.0000,0,0,0,728,0
5007,3.1241,10.7605,0.0057,0.0000,0,0,0.0000,0,0.0000,0,0,0,717,0
5008,5.9434,6.1875,0.0018,0.0000,0,0,0.0000,0,0.0000,0,0,0,601,0
5009,3.3764,5.7775,0.0013,0.0000,0,0,0.0000,0,0.0000,0,0,0,601,0
5010,3.2815,10.6557,0.0021,0.0000,0,0,0.0000,0,0.0000,0,0,0,726,0
5011,3.1241,10.6445,0.0009,0.0000,0,0,0.0000,0,0.0000,0,0,0,731,0
5012,5.9434,6.0408,0.0031,0.0000,0,0,0.0000,0,0.0000,0,0,0,601,0
5013,3.3764,5.7314,0.0030,0.0000,0,0,0.0000,0,0.0000,0,0,0,601,0
5014,3.2815,10.6366,0.0040,0.0000,0,0,0.0000,0,0.0000,0,0,0,833,0
5015,3.1241,10.6488,0.0025,0.0000,0,0,0.0000,0,0.0000,0,0,0,722,0
5016,5.9434,6.4826,0.0032,0.0000,0,0,0.0000,0,0.0000,0,0,0,601,0
5017,3.3764,5.7915,0.0013,0.0000,0,0,0.0000,0,0.0000,0,0,0,601,0
5018,3.2815,10.4950,0.0042,0.0000,0,0,0.0000,0,0.0000,0,0,0,696,0
5019,3.1241,10.2315,0.0013,0.0000,0,0,0.0000,0,0.0000,0,0,0,758,0
5020,5.9434,6.1435,0.0046,0.0000,0,0,0.0000,0,0.0000,0,0,0,601,0
5021,3.3764,5.6896,0.0027,0.0000,0,0,0.0000,0,0.0000,0,0,0,601,0
5022,3.2815,10.5713,0.0024,0.0000,0,0,0.0000,0,0.0000,0,0,0,696,0
5023,3.1241,10.5610,0.0007,0.0000,0,0,0.0000,0,0.0000,0,0,0,696,0
5024,5.9434,7.1047,0.0088,0.0000,0,0,0.0000,0,0.0000,0,0,0,601,0
5025,3.3764,5.9179,0.0088,0.0000,0,0,0.0000,0,0.0000,0,0,0,601,0
5026,3.2815,10.3582,0.0036,0.0000,0,0,0.0000,0,0.0000,0,0,0,696,0
5027,3.1241,9.9242,0.0035,0.0000,0,0,0.0000,0,0.0000,0,0,0,705,0
5028,5.9434,6.6520,0.0172,0.0000,0,0,0.0000,0,0.0000,0,0,0,601,0
5029,3.3764,5.8788,0.0014,0.0000,0,0,0.0000,0,0.0000,0,0,0,601,0
5030,3.2815,10.4678,0.0081,0.0000,0,0,0.0000,0,0.0000,0,0,0,696,0
5031,3.1241,10.2274,0.0025,0.0000,0,0,0.0000,0,0.0000,0,0,0,707,0
5032,5.9434,6.7503,0.0130,0.0000,0,0,0.0000,0,0.0000,0,0,0,601,0
5033,3.3764,5.7945,0.0110,0.0000,0,0,0.0000,0,0.0000,0,0,0,601,0
5034,3.2815,10.7395,0.0048,0.0000,0,0,0.0000,0,0.0000,0,0,0,701,0
5035,3.1241,10.5445,0.0021,0.0000,0,0,0.0000,0,0.0000,0,0,0,707,0
5036,5.9434,6.5952,0.0069,0.0000,0,0,0.0000,0,0.0000,0,0,0,601,0
5037,3.3764,5.8204,0.0018,0.0000,0,0,0.0000,0,0.0000,0,0,0,601,0
5038,3.2815,10.0567,0.0038,0.0000,0,0,0.0000,0,0.0000,0,0,0,703,0
5039,3.1241,9.9772,0.0019,0.0000,0,0,0.0000,0,0.0000,0,0,0,736,0
5040,5.9434,6.7230,0.0063,0.0000,0,0,0.0000,0,0.0000,0,0,0,601,0
5041,3.3764,5.8861,0.0015,0.0000,0,0,0.0000,0,0.0000,0,0,0,601,0
5042,3.2815,9.9511,0.0056,0.0000,0,0,0.0000,0,0.0000,0,0,0,716,0
5043,3.1241,9.8556,0.0033,0.0000,0,0,0.0000,0,0.0000,0,0,0,719,0
5044,5.9434,7.1139,0.0013,0.0000,0,0,0.0000,0,0.0000,0,0,0,601,0
5045,3.3764,5.9583,0.0095,0.0000,0,0,0.0000,0,0.0000,0,0,0,601,0
5046,3.2815,10.9396,0.0087,0.0000,0,0,0.0000,0,0.0000,0,0,0,714,0
5047,3.1241,10.8145,0.0030,0.0000,0,0,0.0000,0,0.0000,0,0,0,775,0
5048,5.9434,6.9283,0.0085,0.0000,0,0,0.0000,0,0.0000,0,0,0,601,0
5049,3.3764,5.7705,0.0019,0.0000,0,0,0.0000,0,0.0000,0,0,0,601,0
5050,3.2815,10.5320,0.0050,0.0000,0,0,0.0000,0,0.0000,0,0,0,717,0
5051,3.1241,10.1591,0.0050,0.0000,0,0,0.0000,0,0.0000,0,0,0,701,0
5052,5.9434,6.6323,0.0040,0.0000,0,0,0.0000,0,0.0000,0,0,0,601,0
5053,3.3764,8.2268,0.0034,0.0000,0,0,0.0000,0,0.0000,0,0,0,601,0
5054,3.2815,6.2061,0.0027,0.0000,0,0,0.0000,0,0.0000,0,0,0,711,0
5055,3.1241,10.5962,0.0019,0.0000,0,0,0.0000,0,0.0000,0,0,0,701,0
5056,5.9434,6.1700,0.0030,0.0000,0,0,0.0000,0,0.0000,0,0,0,601,0
5057,3.3764,5.6930,0.0030,0.0000,0,0,0.0000,0,0.0000,0,0,0,601,0
5058,3.2815,10.5620,0.0035,0.0000,0,0,0.0000,0,0.0000,0,0,0,763,0
5059,3.1241,10.4199,0.0026,0.0000,0,0,0.0000,0,0.0000,0,0,0,701,0
5060,5.9434,6.1677,0.0019,0.0000,0,0,0.0000,0,0.0000,0,0,0,601,0
5061,3.3764,5.8269,0.0085,0.0000,0,0,0.0000,0,0.0000,0,0,0,601,0
5062,3.2815,10.6690,0.0009,0.0000,0,0,0.0000,0,0.0000,0,0,0,696,0
5063,3.1241,10.6276,0.0007,0.0000,0,0,0.0000,0,0.0000,0,0,0,715,0
5064,5.9434,6.0211,0.0017,0.0000,0,0,0.0000,0,0.0000,0,0,0,601,0
5065,3.3764,5.8027,0.0023,0.0000,0,0,0.0000,0,0.0000,0,0,0,601,0
5066,3.2815,10.6159,0.0006,0.0000,0,0,0.0000,0,0.0000,0,0,0,696,0
5067,3.1241,10.5146,0.0006,0.0000,0,0,0.0000,0,0.0000,0,0,0,726,0
5068,5.9434,6.0491,0.0044,0.0000,0,0,0.0000,0,0.0000,0,0,0,601,0
5069,3.3764,5.7215,0.0045,0.0000,0,0,0.0000,0,0.0000,0,0,0,601,0
5070,3.2815,10.6168,0.0026,0.0000,0,0,0.0000,0,0.0000,0,0,0,696,0
5071,3.1241,10.5885,0.0009,0.0000,0,0,0.0000,0,0.0000,0,0,0,714,0
5072,5.9434,6.6325,0.0029,0.0000,0,0,0.0000,0,0.0000,0,0,0,601,0
5073,3.3764,5.7540,0.0016,0.0000,0,0,0.0000,0,0.0000,0,0,0,601,0
5074,3.2815,10.0915,0.0043,0.0000,0,0,0.0000,0,0.0000,0,0,0,696,0
5075,3.1241,9.5988,0.0012,0.0000,0,0,0.0000,0,0.0000,0,0,0,789,0
5076,5.9434,6.2704,0.0034,0.0000,0,0,0.0000,0,0.0000,0,0,0,601,0
5077,3.3764,5.7415,0.0034,0.0000,0,0,0.0000,0,0.0000,0,0,0,601,0
5078,3.2815,11.2482,0.0067,0.0000,0,0,0.0000,0,0.0000,0,0,0,717,0
5079,3.1241,11.2717,0.0013,0.0000,0,0,0.0000,0,0.0000,0,0,0,703,0
5080,5.9434,6.1979,0.0057,0.0000,0,0,0.0000,0,0.0000,0,0,0,601,0
5081,3.3764,6.0145,0.0024,0.0000,0,0,0.0000,0,0.0000,0,0,0,601,0
5082,3.2815,9.5560,0.0039,0.0000,0,0,0.0000,0,0.0000,0,0,0,716,0
5083,3.1241,10.3055,0.0023,0.0000,0,0,0.0000,0,0.0000,0,0,0,705,0
5084,5.9434,5.9774,0.0030,0.0000,0,0,0.0000,0,0.0000,0,0,0,601,0
5085,3.3764,5.7116,0.0007,0.0000,0,0,0.0000,0,0.0000,0,0,0,601,0
5086,3.2815,10.3905,0.0049,0.0000,0,0,0.0000,0,0.0000,0,0,0,745,0
5087,3.1241,10.2367,0.0020,0.0000,0,0,0.0000,0,0.0000,0,0,0,700,0
5088,5.9434,6.3405,0.0078,0.0000,0,0,0.0000,0,0.0000,0,0,0,601,0
5089,3.3764,5.8516,0.0027,0.0000,0,0,0.0000,0,0.0000,0,0,0,601,0
5090,3.2815,10.5462,0.0050,0.0000,0,0,0.0000,0,0.0000,0,0,0,737,0
5091,3.1241,10.4809,0.0025,0.0000,0,0,0.0000,0,0.0000,0,0,0,706,0
5092,5.9434,6.5522,0.0051,0.0000,0,0,0.0000,0,0.0000,0,0,0,601,0
5093,3.3764,5.9497,0.0020,0.0000,0,0,0.0000,0,0.0000,0,0,0,601,0
5094,3.2815,10.3091,0.0027,0.0000,0,0,0.0000,0,0.0000,0,0,0,718,0
5095,3.1241,10.2825,0.0035,0.0000,0,0,0.0000,0,0.0000,0,0,0,723,0
5096,5.9434,6.0448,0.0033,0.0000,0,0,0.0000,0,0.0000,0,0,0,601,0
5097,3.3764,5.7990,0.0014,0.0000,0,0,0.0000,0,0.0000,0,0,0,601,0
5098,3.2815,9.7754,0.0013,0.0000,0,0,0.0000,0,0.0000,0,0,0,719,0
5099,3.1241,10.1281,0.0009,0.0000,0,0,0.0000,0,0.0000,0,0,0,714,0
5100,5.9434,5.8383,0.0012,0.0000,0,0,0.0000,0,0.0000,0,0,0,601,0
5101,3.3764,5.6237,0.0011,0.0000,0,0,0.0000,0,0.0000,0,0,0,601,0
5102,3.2815,10.3545,0.0011,0.0000,0,0,0.0000,0,0.0000,0,0,0,747,0
5103,3.1241,10.2946,0.0007,0.0000,0,0,0.0000,0,0.0000,0,0,0,769,0
5104,5.9434,5.7161,0.0027,0.0000,0,0,0.0000,0,0.0000,0,0,0,601,0
5105,3.3764,5.5386,0.0010,0.0000,0,0,0.0000,0,0.0000,0,0,0,601,0
5106,3.2815,10.4946,0.0047,0.0000,0,0,0.0000,0,0.0000,0,0,0,696,0
5107,3.1241,10.3650,0.0047,0.0000,0,0,0.0000,0,0.0000,0,0,0,704,0
5108,5.9434,6.0987,0.0042,0.0000,0,0,0.0000,0,0.0000,0,0,0,601,0
5109,3.3764,5.7742,0.0022,0.0000,0,0,0.0000,0,0.0000,0,0,0,601,0
5110,3.2815,10.0375,0.0045,0.0000,0,0,0.0000,0,0.0000,0,0,0,696,0
5111,3.1241,10.0025,0.0017,0.0000,0,0,0.0000,0,0.0000,0,0,0,707,0
5112,5.9434,5.8190,0.0045,0.0000,0,0,0.0000,0,0.0000,0,0,0,601,0
5113,3.3764,5.5832,0.0022,0.0000,0,0,0.0000,0,0.0000,0,0,0,601,0
5114,3.2815,10.3265,0.0019,0.0000,0,0,0.0000,0,0.0000,0,0,0,696,0
5115,3.1241,10.2407,0.0012,0.0000,0,0,0.0000,0,0.0000,0,0,0,714,0
5116,5.9434,5.8608,0.0024,0.0000,0,0,0.0000,0,0.0000,0,0,0,601,0
5117,3.3764,5.4824,0.0013,0.0000,0,0,0.0000,0,0.0000,0,0,0,601,0
5118,3.2815,10.3212,0.0018,0.0000,0,0,0.0000,0,0.0000,0,0,0,696,0
5119,3.1241,10.2682,0.0010,0.0000,0,0,0.0000,0,0.0000,0,0,0,709,0
5120,5.9434,6.0101,0.0021,0.0000,0,0,0.0000,0,0.0000,0,0,0,601,0
5121,3.3764,5.7207,0.0010,0.0000,0,0,0.0000,0,0.0000,0,0,0,601,0
5122,3.2815,10.4332,0.0012,0.0000,0,0,0.0000,0,0.0000,0,0,0,696,0
5123,3.1241,10.4114,0.0018,0.0000,0,0,0.0000,0,0.0000,0,0,0,732,0
5124,5.9434,5.9360,0.0016,0.0000,0,0,0.0000,0,0.0000,0,0,0,601,0
5125,3.3764,5.7226,0.0010,0.0000,0,0,0.0000,0,0.0000,0,0,0,601,0
5126,3.2815,10.4524,0.0008,0.0000,0,0,0.0000,0,0.0000,0,0,0,696,0
5127,3.1241,10.3913,0.0008,0.0000,0,0,0.0000,0,0.0000,0,0,0,719,0
5128,5.9434,5.7989,0.0018,0.0000,0,0,0.0000,0,0.0000,0,0,0,601,0
5129,3.3764,5.6838,0.0017,0.0000,0,0,0.0000,0,0.0000,0,0,0,601,0
5130,3.2815,10.6143,0.0055,0.0000,0,0,0.0000,0,0.0000,0,0,0,708,0
5131,3.1241,10.5550,0.0024,0.0000,0,0,0.0000,0,0.0000,0,0,0,751,0
5132,5.9434,6.9138,0.0053,0.0000,0,0,0.0000,0,0.0000,0,0,0,601,0
5133,3.3764,6.2939,0.0019,0.0000,0,0,0.0000,0,0.0000,0,0,0,601,0
5134,3.2815,9.6460,0.0030,0.0000,0,0,0.0000,0,0.0000,0,0,0,708,0
5135,3.1241,9.6137,0.0009,0.0000,0,0,0.0000,0,0.0000,0,0,0,696,0
5136,5.9434,5.8753,0.0030,0.0000,0,0,0.0000,0,0.0000,0,0,0,601,0
5137,3.3764,5.5510,0.0016,0.0000,0,0,0.0000,0,0.0000,0,0,0,601,0
5138,3.2815,10.5028,0.0037,0.0000,0,0,0.0000,0,0.0000,0,0,0,706,0
5139,3.1241,10.3987,0.0015,0.0000,0,0,0.0000,0,0.0000,0,0,0,701,0
5140,5.9434,5.9198,0.0032,0.0000,0,0,0.0000,0,0.0000,0,0,0,601,0
5141,3.3764,5.5612,0.0016,0.0000,0,0,0.0000,0,0.0000,0,0,0,601,0
5142,3.2815,10.4379,0.0010,0.0000,0,0,0.0000,0,0.0000,0,0,0,707,0
5143,3.1241,10.3961,0.0007,0.0000,0,0,0.0000,0,0.0000,0,0,0,703,0
5144,5.9434,5.9824,0.0016,0.0000,0,0,0.0000,0,0.0000,0,0,0,601,0
5145,3.3764,5.7028,0.0012,0.0000,0,0,0.0000,0,0.0000,0,0,0,601,0
5146,3.2815,10.3237,0.0013,0.0000,0,0,0.0000,0,0.0000,0,0,0,723,0
5147,3.1241,10.2761,0.0008,0.0000,0,0,0.0000,0,0.0000,0,0,0,707,0
5148,5.9434,5.8328,0.0022,0.0000,0,0,0.0000,0,0.0000,0,0,0,601,0
5149,3.3764,5.6528,0.0021,0.0000,0,0,0.0000,0,0.0000,0,0,0,601,0
5150,3.2815,10.3748,0.0011,0.0000,0,0,0.0000,0,0.0000,0,0,0,696,0
5151,3.1241,10.2792,0.0008,0.0000,0,0,0.0000,0,0.0000,0,0,0,708,0
5152,5.9434,5.9412,0.0051,0.0000,0,0,0.0000,0,0.0000,0,0,0,601,0
5153,3.3764,6.1277,0.0015,0.0000,0,0,0.0000,0,0.0000,0,0,0,601,0
5154,3.2815,11.9352,0.0051,0.0000,0,0,0.0000,0,0.0000,0,0,0,696,0
5155,3.1241,11.7645,0.0016,0.0000,0,0,0.0000,0,0.0000,0,0,0,712,0
5156,5.9434,5.9845,0.0047,0.0000,0,0,0.0000,0,0.0000,0,0,0,601,0
5157,3.3764,5.5771,0.0015,0.0000,0,0,0.0000,0,0.0000,0,0,0,601,0
5158,3.2815,10.3735,0.0025,0.0000,0,0,0.0000,0,0.0000,0,0,0,696,0
5159,3.1241,10.3369,0.0008,0.0000,0,0,0.0000,0,0.0000,0,0,0,754,0
5160,5.9434,5.9259,0.0025,0.0000,0,0,0.0000,0,0.0000,0,0,0,601,0
5161,3.3764,5.7172,0.0023,0.0000,0,0,0.0000,0,0.0000,0,0,0,601,0
5162,3.2815,10.8429,0.0057,0.0000,0,0,0.0000,0,0.0000,0,0,0,696,0
5163,3.1241,10.8256,0.0026,0.0000,0,0,0.0000,0,0.0000,0,0,0,696,0
5164,5.9434,6.5921,0.0051,0.0000,0,0,0.0000,0,0.0000,0,0,0,601,0
5165,3.3764,5.9130,0.0017,0.0000,0,0,0.0000,0,0.0000,0,0,0,601,0
5166,3.2815,10.1890,0.0036,0.0000,0,0,0.0000,0,0.0000,0,0,0,701,0
5167,3.1241,9.9554,0.0022,0.0000,0,0,0.0000,0,0.0000,0,0,0,706,0
5168,5.9434,6.4442,0.0065,0.0000,0,0,0.0000,0,0.0000,0,0,0,601,0
5169,3.3764,5.7728,0.0014,0.0000,0,0,0.0000,0,0.0000,0,0,0,601,0
5170,3.2815,9.6973,0.0047,0.0000,0,0,0.0000,0,0.0000,0,0,0,696,0
5171,3.1241,8.5945,0.0018,0.0000,0,0,0.0000,0,0.0000,0,0,0,700,0
5172,5.9434,6.6286,0.0084,0.0000,0,0,0.0000,0,0.0000,0,0,0,601,0
5173,3.3764,5.8901,0.0018,0.0000,0,0,0.0000,0,0.0000,0,0,0,601,0
5174,3.2815,10.1988,0.0076,0.0000,0,0,0.0000,0,0.0000,0,0,0,707,0
5175,3.1241,9.9970,0.0026,0.0000,0,0,0.0000,0,0.0000,0,0,0,704,0
5176,5.9434,6.2323,0.0024,0.0000,0,0,0.0000,0,0.0000,0,0,0,601,0
5177,3.3764,8.6431,0.0015,0.0000,0,0,0.0000,0,0.0000,0,0,0,601,0
5178,3.2815,7.0378,0.0017,0.0000,0,0,0.0000,0,0.0000,0,0,0,701,0
5179,3.1241,10.3257,0.0011,0.0000,0,0,0.0000,0,0.0000,0,0,0,715,0
5180,5.9434,5.8416,0.0018,0.0000,0,0,0.0000,0,0.0000,0,0,0,601,0
5181,3.3764,5.6062,0.0013,0.0000,0,0,0.0000,0,0.0000,0,0,0,601,0
5182,3.2815,10.4631,0.0046,0.0000,0,0,0.0000,0,0.0000,0,0,0,702,0
5183,3.1241,10.3463,0.0015,0.0000,0,0,0.0000,0,0.0000,0,0,0,700,0
5184,5.9434,6.2838,0.0047,0.0000,0,0,0.0000,0,0.0000,0,0,0,601,0
5185,3.3764,5.8623,0.0014,0.0000,0,0,0.0000,0,0.0000,0,0,0,601,0
5186,3.2815,10.6562,0.0013,0.0000,0,0,0.0000,0,0.0000,0,0,0,711,0
5187,3.1241,10.6491,0.0013,0.0000,0,0,0.0000,0,0.0000,0,0,0,764,0
5188,5.9434,5.8100,0.0018,0.0000,0,0,0.0000,0,0.0000,0,0,0,601,0
5189,3.3764,5.6574,0.0022,0.0000,0,0,0.0000,0,0.0000,0,0,0,601,0
5190,3.2815,10.3050,0.0010,0.0000,0,0,0.0000,0,0.0000,0,0,0,722,0
5191,3.1241,10.2117,0.0011,0.0000,0,0,0.0000,0,0.0000,0,0,0,696,0
5192,5.9434,6.0888,0.0099,0.0000,0,0,0.0000,0,0.0000,0,0,0,601,0
5193,3.3764,6.1245,0.0015,0.0000,0,0,0.0000,0,0.0000,0,0,0,601,0
5194,3.2815,9.8955,0.0053,0.0000,0,0,0.0000,0,0.0000,0,0,0,696,0
5195,3.1241,10.2780,0.0022,0.0000,0,0,0.0000,0,0.0000,0,0,0,696,0
5196,5.9434,6.6460,0.0088,0.0000,0,0,0.0000,0,0.0000,0,0,0,601,0
5197,3.3764,6.2520,0.0022,0.0000,0,0,0.0000,0,0.0000,0,0,0,601,0
5198,3.2815,14.3295,0.0022,0.0000,0,0,0.0000,0,0.0000,0,0,0,696,0
5199,3.1241,13.8154,0.0013,0.0000,0,0,0.0000,0,0.0000,0,0,0,696,0
5200,5.9434,6.0437,0.0032,0.0000,0,0,0.0000,0,0.0000,0,0,0,601,0
5201,3.3764,5.7043,0.0032,0.0000,0,0,0.0000,0,0.0000,0,0,0,601,0
5202,3.2815,10.5958,0.0060,0.0000,0,0,0.0000,0,0.0000,0,0,0,696,0
5203,3.1241,10.4463,0.0018,0.0000,0,0,0.0000,0,0.0000,0,0,0,700,0
5204,5.9434,6.2579,0.0035,0.0000,0,0,0.0000,0,0.0000,0,0,0,601,0
5205,3.3764,5.8365,0.0018,0.0000,0,0,0.0000,0,0.0000,0,0,0,601,0
5206,3.2815,10.5949,0.0010,0.0000,0,0,0.0000,0,0.0000,0,0,0,705,0
5207,3.1241,10.6510,0.0009,0.0000,0,0,0.0000,0,0.0000,0,0,0,702,0
5208,5.9434,6.5100,0.0067,0.0000,0,0,0.0000,0,0.0000,0,0,0,601,0
5209,3.3764,5.7644,0.0067,0.0000,0,0,0.0000,0,0.0000,0,0,0,601,0
5210,3.2815,10.2747,0.0027,0.0000,0,0,0.0000,0,0.0000,0,0,0,708,0
5211,3.1241,10.1940,0.0022,0.0000,0,0,0.0000,0,0.0000,0,0,0,706,0
5212,5.9434,7.3856,0.0089,0.0000,0,0,0.0000,0,0.0000,0,0,0,601,0
5213,3.3764,6.6754,0.0020,0.0000,0,0,0.0000,0,0.0000,0,0,0,601,0
5214,3.2815,10.2698,0.0040,0.0000,0,0,0.0000,0,0.0000,0,0,0,707,0
5215,3.1241,9.9564,0.0020,0.0000,0,0,0.0000,0,0.0000,0,0,0,721,0
5216,5.9434,7.4099,0.0054,0.0000,0,0,0.0000,0,0.0000,0,0,0,601,0
5217,3.3764,5.9149,0.0020,0.0000,0,0,0.0000,0,0.0000,0,0,0,601,0
5218,3.2815,9.7919,0.0032,0.0000,0,0,0.0000,0,0.0000,0,0,0,708,0
5219,3.1241,9.7667,0.0023,0.0000,0,0,0.0000,0,0.0000,0,0,0,696,0
5220,5.9434,6.5902,0.0083,0.0000,0,0,0.0000,0,0.0000,0,0,0,601,0
5221,3.3764,5.8746,0.0030,0.0000,0,0,0.0000,0,0.0000,0,0,0,601,0
5222,3.2815,11.5256,0.0067,0.0000,0,0,0.0000,0,0.0000,0,0,0,706,0
5223,3.1241,11.4434,0.0025,0.0000,0,0,0.0000,0,0.0000,0,0,0,696,0
5224,5.9434,7.0447,0.0069,0.0000,0,0,0.0000,0,0.0000,0,0,0,601,0
5225,3.3764,5.8687,0.0017,0.0000,0,0,0.0000,0,0.0000,0,0,0,601,0
5226,3.2815,10.4280,0.0050,0.0000,0,0,0.0000,0,0.0000,0,0,0,711,0
5227,3.1241,10.0315,0.0050,0.0000,0,0,0.0000,0,0.0000,0,0,0,696,0
5228,5.9434,8.7288,0.0027,0.0000,0,0,0.0000,0,0.0000,0,0,0,601,0
5229,3.3764,7.3144,0.0061,0.0000,0,0,0.0000,0,0.0000,0,0,0,601,0
5230,3.2815,10.4781,0.0047,0.0000,0,0,0.0000,0,0.0000,0,0,0,706,0
5231,3.1241,10.0618,0.0048,0.0000,0,0,0.0000,0,0.0000,0,0,0,702,0
5232,5.9434,6.8678,0.0349,0.0000,0,0,0.0000,0,0.0000,0,0,0,601,0
5233,3.3764,5.9086,0.0022,0.0000,0,0,0.0000,0,0.0000,0,0,0,601,0
5234,3.2815,10.4295,0.0082,0.0000,0,0,0.0000,0,0.0000,0,0,0,748,0
5235,3.1241,10.2227,0.0033,0.0000,0,0,0.0000,0,0.0000,0,0,0,702,0
5236,5.9434,6.9408,0.0066,0.0000,0,0,0.0000,0,0.0000,0,0,0,601,0
5237,3.3764,5.9527,0.0016,0.0000,0,0,0.0000,0,0.0000,0,0,0,601,0
5238,3.2815,10.2485,0.0057,0.0000,0,0,0.0000,0,0.0000,0,0,0,696,0
5239,3.1241,10.0523,0.0027,0.0000,0,0,0.0000,0,0.0000,0,0,0,702,0
5240,5.9434,6.6099,0.0076,0.0000,0,0,0.0000,0,0.0000,0,0,0,601,0
5241,3.3764,5.7789,0.0032,0.0000,0,0,0.0000,0,0.0000,0,0,0,601,0
5242,3.2815,10.4680,0.0041,0.0000,0,0,0.0000,0,0.0000,0,0,0,696,0
5243,3.1241,10.5105,0.0029,0.0000,0,0,0.0000,0,0.0000,0,0,0,742,0
5244,5.9434,6.8331,0.0054,0.0000,0,0,0.0000,0,0.0000,0,0,0,601,0
5245,3.3764,5.8379,0.0020,0.0000,0,0,0.0000,0,0.0000,0,0,0,601,0
5246,3.2815,10.3101,0.0058,0.0000,0,0,0.0000,0,0.0000,0,0,0,696,0
5247,3.1241,10.0059,0.0027,0.0000,0,0,0.0000,0,0.0000,0,0,0,696,0
5248,5.9434,6.6875,0.0049,0.0000,0,0,0.0000,0,0.0000,0,0,0,601,0
5249,3.3764,5.7467,0.0014,0.0000,0,0,0.0000,0,0.0000,0,0,0,601,0
5250,3.2815,10.0113,0.0043,0.0000,0,0,0.0000,0,0.0000,0,0,0,696,0
5251,3.1241,9.9578,0.0027,0.0000,0,0,0.0000,0,0.0000,0,0,0,696,0
5252,5.9434,6.2773,0.0018,0.0000,0,0,0.0000,0,0.0000,0,0,0,601,0
5253,3.3764,5.7590,0.0012,0.0000,0,0,0.0000,0,0.0000,0,0,0,601,0
5254,3.2815,10.0715,0.0032,0.0000,0,0,0.0000,0,0.0000,0,0,0,702,0
5255,3.1241,9.9050,0.0013,0.0000,0,0,0.0000,0,0.0000,0,0,0,696,0
5256,5.9434,6.1214,0.0030,0.0000,0,0,0.0000,0,0.0000,0,0,0,601,0
5257,3.3764,5.6478,0.0012,0.0000,0,0,0.0000,0,0.0000,0,0,0,601,0
5258,3.2815,10.3562,0.0039,0.0000,0,0,0.0000,0,0.0000,0,0,0,701,0
5259,3.1241,10.1904,0.0012,0.0000,0,0,0.0000,0,0.0000,0,0,0,696,0
5260,5.9434,6.0753,0.0032,0.0000,0,0,0.0000,0,0.0000,0,0,0,601,0
5261,3.3764,5.6185,0.0018,0.0000,0,0,0.0000,0,0.0000,0,0,0,601,0
5262,3.2815,10.4473,0.0012,0.0000,0,0,0.0000,0,0.0000,0,0,0,704,0
5263,3.1241,10.3895,0.0011,0.0000,0,0,0.0000,0,0.0000,0,0,0,701,0
5264,5.9434,6.0318,0.0015,0.0000,0,0,0.0000,0,0.0000,0,0,0,601,0
5265,3.3764,5.6727,0.0013,0.0000,0,0,0.0000,0,0.0000,0,0,0,601,0
5266,3.2815,10.4920,0.0011,0.0000,0,0,0.0000,0,0.0000,0,0,0,701,0
5267,3.1241,10.4395,0.0013,0.0000,0,0,0.0000,0,0.0000,0,0,0,700,0
5268,5.9434,5.7274,0.0014,0.0000,0,0,0.0000,0,0.0000,0,0,0,601,0
5269,3.3764,5.5909,0.0013,0.0000,0,0,0.0000,0,0.0000,0,0,0,601,0
5270,3.2815,10.3460,0.0011,0.0000,0,0,0.0000,0,0.0000,0,0,0,701,0
5271,3.1241,10.2971,0.0011,0.0000,0,0,0.0000,0,0.0000,0,0,0,720,0
5272,5.9434,5.7875,0.0015,0.0000,0,0,0.0000,0,0.0000,0,0,0,601,0
5273,3.3764,5.5959,0.0010,0.0000,0,0,0.0000,0,0.0000,0,0,0,601,0
5274,3.2815,10.5545,0.0012,0.0000,0,0,0.0000,0,0.0000,0,0,0,702,0
5275,3.1241,10.4632,0.0015,0.0000,0,0,0.0000,0,0.0000,0,0,0,696,0
5276,5.9434,5.9419,0.0013,0.0000,0,0,0.0000,0,0.0000,0,0,0,601,0
5277,3.3764,5.7145,0.0018,0.0000,0,0,0.0000,0,0.0000,0,0,0,601,0
5278,3.2815,10.3644,0.0017,0.0000,0,0,0.0000,0,0.0000,0,0,0,712,0
5279,3.1241,10.2722,0.0012,0.0000,0,0,0.0000,0,0.0000,0,0,0,696,0
5280,5.9434,5.9108,0.0040,0.0000,0,0,0.0000,0,0.0000,0,0,0,601,0
5281,3.3764,5.6072,0.0018,0.0000,0,0,0.0000,0,0.0000,0,0,0,601,0
5282,3.2815,10.4101,0.0015,0.0000,0,0,0.0000,0,0.0000,0,0,0,696,0
5283,3.1241,10.3457,0.0015,0.0000,0,0,0.0000,0,0.0000,0,0,0,696,0
5284,5.9434,6.0708,0.0020,0.0000,0,0,0.0000,0,0.0000,0,0,0,601,0
5285,3.3764,5.7185,0.0013,0.0000,0,0,0.0000,0,0.0000,0,0,0,601,0
5286,3.2815,10.4905,0.0010,0.0000,0,0,0.0000,0,0.0000,0,0,0,696,0
5287,3.1241,10.4338,0.0013,0.0000,0,0,0.0000,0,0.0000,0,0,0,696,0
5288,5.9434,5.7647,0.0012,0.0000,0,0,0.0000,0,0.0000,0,0,0,601,0
5289,3.3764,5.5550,0.0007,0.0000,0,0,0.0000,0,0.0000,0,0,0,601,0
5290,3.2815,10.3619,0.0011,0.0000,0,0,0.0000,0,0.0000,0,0,0,696,0
5291,3.1241,10.3233,0.0011,0.0000,0,0,0.0000,0,0.0000,0,0,0,705,0
5292,5.9434,5.9047,0.0013,0.0000,0,0,0.0000,0,0.0000,0,0,0,601,0
5293,3.3764,5.6832,0.0011,0.0000,0,0,0.0000,0,0.0000,0,0,0,601,0
5294,3.2815,10.4503,0.0017,0.0000,0,0,0.0000,0,0.0000,0,0,0,696,0
5295,3.1241,10.4035,0.0019,0.0000,0,0,0.0000,0,0.0000,0,0,0,704,0
5296,5.9434,5.7950,0.0013,0.0000,0,0,0.0000,0,0.0000,0,0,0,601,0
5297,3.3764,5.6153,0.0009,0.0000,0,0,0.0000,0,0.0000,0,0,0,601,0
5298,3.2815,10.3181,0.0015,0.0000,0,0,0.0000,0,0.0000,0,0,0,706,0
5299,3.1241,10.2526,0.0016,0.0000,0,0,0.0000,0,0.0000,0,0,0,711,0
5300,5.9434,6.0808,0.0053,0.0000,0,0,0.0000,0,0.0000,0,0,0,601,0
5301,3.3764,5.7617,0.0054,0.0000,0,0,0.0000,0,0.0000,0,0,0,601,0
5302,3.2815,10.7070,0.0097,0.0000,0,0,0.0000,0,0.0000,0,0,0,702,0
5303,3.1241,10.5088,0.0096,0.0000,0,0,0.0000,0,0.0000,0,0,0,696,0
5304,5.9434,6.9128,0.0038,0.0000,0,0,0.0000,0,0.0000,0,0,0,601,0
5305,3.3764,5.9655,0.0018,0.0000,0,0,0.0000,0,0.0000,0,0,0,601,0
5306,3.2815,10.6521,0.0016,0.0000,0,0,0.0000,0,0.0000,0,0,0,702,0
5307,3.1241,10.5752,0.0015,0.0000,0,0,0.0000,0,0.0000,0,0,0,696,0
5308,5.9434,6.1375,0.0016,0.0000,0,0,0.0000,0,0.0000,0,0,0,601,0
5309,3.3764,5.7109,0.0015,0.0000,0,0,0.0000,0,0.0000,0,0,0,601,0
5310,3.2815,10.5558,0.0032,0.0000,0,0,0.0000,0,0.0000,0,0,0,696,0
5311,3.1241,10.5018,0.0012,0.0000,0,0,0.0000,0,0.0000,0,0,0,696,0
5312,5.9434,5.9588,0.0015,0.0000,0,0,0.0000,0,0.0000,0,0,0,601,0
5313,3.3764,5.7504,0.0014,0.0000,0,0,0.0000,0,0.0000,0,0,0,601,0
5314,3.2815,10.5744,0.0015,0.0000,0,0,0.0000,0,0.0000,0,0,0,696,0
5315,3.1241,10.4815,0.0009,0.0000,0,0,0.0000,0,0.0000,0,0,0,696,0
5316,5.9434,11.6192,0.0013,0.0000,0,0,0.0000,0,0.0000,0,0,0,601,0
5317,3.3764,5.7168,0.0009,0.0000,0,0,0.0000,0,0.0000,0,0,0,601,0
5318,3.2815,11.9681,0.0021,0.0000,0,0,0.0000,0,0.0000,0,0,0,696,0
5319,3.1241,11.7211,0.0024,0.0000,0,0,0.0000,0,0.0000,0,0,0,701,0
5320,5.9434,5.9719,0.0029,0.0000,0,0,0.0000,0,0.0000,0,0,0,601,0
5321,3.3764,5.6567,0.0010,0.0000,0,0,0.0000,0,0.0000,0,0,0,601,0
5322,3.2815,10.8195,0.0161,0.0000,0,0,0.0000,0,0.0000,0,0,0,709,0
5323,3.1241,10.6188,0.0084,0.0000,0,0,0.0000,0,0.0000,0,0,0,696,0
5324,5.9434,8.7613,0.0027,0.0000,0,0,0.0000,0,0.0000,0,0,0,601,0
5325,3.3764,8.0077,0.0020,0.0000,0,0,0.0000,0,0.0000,0,0,0,601,0
5326,3.2815,10.8874,0.0057,0.0000,0,0,0.0000,0,0.0000,0,0,0,696,0
5327,3.1241,10.5840,0.0055,0.0000,0,0,0.0000,0,0.0000,0,0,0,707,0
5328,5.9434,6.1883,0.0047,0.0000,0,0,0.0000,0,0.0000,0,0,0,601,0
5329,3.3764,5.9532,0.0026,0.0000,0,0,0.0000,0,0.0000,0,0,0,601,0
5330,3.2815,6.1396,0.0013,0.0000,0,0,0.0000,0,0.0000,0,0,0,696,0
5331,3.1241,10.2780,0.0020,0.0000,0,0,0.0000,0,0.0000,0,0,0,698,0
5332,5.9434,5.8141,0.0025,0.0000,0,0,0.0000,0,0.0000,0,0,0,601,0
5333,3.3764,5.5509,0.0013,0.0000,0,0,0.0000,0,0.0000,0,0,0,601,0
5334,3.2815,10.4280,0.0013,0.0000,0,0,0.0000,0,0.0000,0,0,0,696,0
5335,3.1241,10.4082,0.0007,0.0000,0,0,0.0000,0,0.0000,0,0,0,696,0
5336,5.9434,5.7397,0.0033,0.0000,0,0,0.0000,0,0.0000,0,0,0,601,0
5337,3.3764,5.7262,0.0012,0.0000,0,0,0.0000,0,0.0000,0,0,0,601,0
5338,3.2815,10.4062,0.0022,0.0000,0,0,0.0000,0,0.0000,0,0,0,696,0
5339,3.1241,10.3813,0.0005,0.0000,0,0,0.0000,0,0.0000,0,0,0,696,0
5340,5.9434,5.9765,0.0027,0.0000,0,0,0.0000,0,0.0000,0,0,0,601,0
5341,3.3764,5.6189,0.0027,0.0000,0,0,0.0000,0,0.0000,0,0,0,601,0
5342,3.2815,10.5518,0.0008,0.0000,0,0,0.0000,0,0.0000,0,0,0,696,0
5343,3.1241,10.5170,0.0004,0.0000,0,0,0.0000,0,0.0000,0,0,0,696,0
5344,5.9434,5.7382,0.0029,0.0000,0,0,0.0000,0,0.0000,0,0,0,601,0
5345,3.3764,5.5490,0.0011,0.0000,0,0,0.0000,0,0.0000,0,0,0,601,0
5346,3.2815,10.4792,0.0012,0.0000,0,0,0.0000,0,0.0000,0,0,0,696,0
5347,3.1241,10.4939,0.0006,0.0000,0,0,0.0000,0,0.0000,0,0,0,696,0
5348,5.9434,5.8952,0.0019,0.0000,0,0,0.0000,0,0.0000,0,0,0,601,0
5349,3.3764,5.6260,0.0008,0.0000,0,0,0.0000,0,0.0000,0,0,0,601,0
5350,3.2815,10.6158,0.0020,0.0000,0,0,0.0000,0,0.0000,0,0,0,696,0
5351,3.1241,10.5915,0.0015,0.0000,0,0,0.0000,0,0.0000,0,0,0,696,0
5352,5.9434,6.0018,0.0141,0.0000,0,0,0.0000,0,0.0000,0,0,0,601,0
5353,3.3764,5.8095,0.0141,0.0000,0,0,0.0000,0,0.0000,0,0,0,601,0
5354,3.2815,10.6645,0.0024,0.0000,0,0,0.0000,0,0.0000,0,0,0,696,0
5355,3.1241,10.5761,0.0022,0.0000,0,0,0.0000,0,0.0000,0,0,0,706,0
5356,5.9434,6.2230,0.0045,0.0000,0,0,0.0000,0,0.0000,0,0,0,601,0
5357,3.3764,5.9002,0.0024,0.0000,0,0,0.0000,0,0.0000,0,0,0,601,0
5358,3.2815,10.0692,0.0055,0.0000,0,0,0.0000,0,0.0000,0,0,0,696,0
5359,3.1241,10.0124,0.0026,0.0000,0,0,0.0000,0,0.0000,0,0,0,696,0
5360,5.9434,6.3858,0.0065,0.0000,0,0,0.0000,0,0.0000,0,0,0,601,0
5361,3.3764,5.8221,0.0027,0.0000,0,0,0.0000,0,0.0000,0,0,0,601,0
5362,3.2815,10.0984,0.0030,0.0000,0,0,0.0000,0,0.0000,0,0,0,696,0
5363,3.1241,9.6997,0.0025,0.0000,0,0,0.0000,0,0.0000,0,0,0,696,0
5364,5.9434,6.4340,0.0045,0.0000,0,0,0.0000,0,0.0000,0,0,0,601,0
5365,3.3764,5.7620,0.0018,0.0000,0,0,0.0000,0,0.0000,0,0,0,601,0
5366,3.2815,10.0965,0.0040,0.0000,0,0,0.0000,0,0.0000,0,0,0,701,0
5367,3.1241,10.0316,0.0024,0.0000,0,0,0.0000,0,0.0000,0,0,0,696,0
5368,5.9434,5.9207,0.0033,0.0000,0,0,0.0000,0,0.0000,0,0,0,601,0
5369,3.3764,5.6688,0.0016,0.0000,0,0,0.0000,0,0.0000,0,0,0,601,0
5370,3.2815,10.2000,0.0020,0.0000,0,0,0.0000,0,0.0000,0,0,0,696,0
5371,3.1241,10.1166,0.0012,0.0000,0,0,0.0000,0,0.0000,0,0,0,696,0
5372,5.9434,5.9892,0.0017,0.0000,0,0,0.0000,0,0.0000,0,0,0,601,0
5373,3.3764,5.6339,0.0053,0.0000,0,0,0.0000,0,0.0000,0,0,0,601,0
5374,3.2815,10.3229,0.0015,0.0000,0,0,0.0000,0,0.0000,0,0,0,696,0
5375,3.1241,10.2329,0.0011,0.0000,0,0,0.0000,0,0.0000,0,0,0,696,0
5376,5.9434,5.8747,0.0018,0.0000,0,0,0.0000,0,0.0000,0,0,0,601,0
5377,3.3764,5.6332,0.0014,0.0000,0,0,0.0000,0,0.0000,0,0,0,601,0
5378,3.2815,10.3092,0.0012,0.0000,0,0,0.0000,0,0.0000,0,0,0,696,0
5379,3.1241,10.2764,0.0026,0.0000,0,0,0.0000,0,0.0000,0,0,0,696,0
5380,5.9434,5.8205,0.0020,0.0000,0,0,0.0000,0,0.0000,0,0,0,601,0
5381,3.3764,5.6271,0.0016,0.0000,0,0,0.0000,0,0.0000,0,0,0,601,0
5382,3.2815,10.2344,0.0016,0.0000,0,0,0.0000,0,0.0000,0,0,0,696,0
5383,3.1241,10.1076,0.0020,0.0000,0,0,0.0000,0,0.0000,0,0,0,706,0
5384,5.9434,6.8069,0.0083,0.0000,0,0,0.0000,0,0.0000,0,0,0,601,0
5385,3.3764,5.8019,0.0025,0.0000,0,0,0.0000,0,0.0000,0,0,0,601,0
5386,3.2815,10.4889,0.0047,0.0000,0,0,0.0000,0,0.0000,0,0,0,696,0
5387,3.1241,10.1672,0.0020,0.0000,0,0,0.0000,0,0.0000,0,0,0,696,0
5388,5.9434,6.5643,0.0048,0.0000,0,0,0.0000,0,0.0000,0,0,0,601,0
5389,3.3764,5.7975,0.0015,0.0000,0,0,0.0000,0,0.0000,0,0,0,601,0
5390,3.2815,10.0000,0.0043,0.0000,0,0,0.0000,0,0.0000,0,0,0,696,0
5391,3.1241,9.9146,0.0034,0.0000,0,0,0.0000,0,0.0000,0,0,0,696,0
5392,5.9434,6.3165,0.0018,0.0000,0,0,0.0000,0,0.0000,0,0,0,601,0
5393,3.3764,5.7962,0.0015,0.0000,0,0,0.0000,0,0.0000,0,0,0,601,0
5394,3.2815,10.1593,0.0023,0.0000,0,0,0.0000,0,0.0000,0,0,0,696,0
5395,3.1241,9.9317,0.0010,0.0000,0,0,0.0000,0,0.0000,0,0,0,696,0
5396,5.9434,6.0724,0.0035,0.0000,0,0,0.0000,0,0.0000,0,0,0,601,0
5397,3.3764,5.6517,0.0014,0.0000,0,0,0.0000,0,0.0000,0,0,0,601,0
5398,3.2815,10.6377,0.0011,0.0000,0,0,0.0000,0,0.0000,0,0,0,696,0
5399,3.1241,10.3832,0.0011,0.0000,0,0,0.0000,0,0.0000,0,0,0,703,0
5400,5.9434,41.5945,0.0085,0.0000,0,0,0.0000,0,0.0000,0,1,0,60271,0
5401,3.3764,29.6435,0.0352,0.0000,0,0,0.0000,0,0.0000,0,1,0,43482,0
5402,3.2815,25.3364,0.0311,0.0000,0,0,0.0000,0,0.0000,0,1,0,59828,0
5403,3.1241,26.1068,0.0095,0.0000,0,0,0.0000,0,0.0000,0,1,0,68126,0
5404,5.9434,5.8349,0.0083,0.0000,0,0,0.0000,0,0.0000,0,0,0,16498,0
5405,3.3764,5.6335,0.0020,0.0000,0,0,0.0000,0,0.0000,0,0,0,14403,0
5406,3.2815,10.4848,0.0023,0.0000,0,0,0.0000,0,0.0000,0,0,0,17862,0
5407,3.1241,10.4763,0.0022,0.0000,0,0,0.0000,0,0.0000,0,0,0,17138,0
5408,5.9434,5.7137,0.0014,0.0000,0,0,0.0000,0,0.0000,0,0,0,9226,0
5409,3.3764,5.6021,0.0012,0.0000,0,0,0.0000,0,0.0000,0,0,0,6914,0
5410,3.2815,10.5100,0.0025,0.0000,0,0,0.0000,0,0.0000,0,0,0,11125,0
5411,3.1241,10.4708,0.0013,0.0000,0,0,0.0000,0,0.0000,0,0,0,9621,0
5412,5.9434,5.7264,0.0020,0.0000,0,0,0.0000,0,0.0000,0,0,0,17369,0
5413,3.3764,5.6345,0.0056,0.0000,0,0,0.0000,0,0.0000,0,0,0,16755,0
5414,3.2815,10.4752,0.0089,0.0000,0,0,0.0000,0,0.0000,0,0,0,19658,0
5415,3.1241,10.4874,0.0039,0.0000,0,0,0.0000,0,0.0000,0,0,0,15622,0
5416,5.9434,5.6720,0.0076,0.0000,0,0,0.0000,0,0.0000,0,0,0,23309,0
5417,3.3764,5.4953,0.0055,0.0000,0,0,0.0000,0,0.0000,0,0,0,20346,0
5418,3.2815,10.3227,0.0033,0.0000,0,0,0.0000,0,0.0000,0,0,0,22802,0
5419,3.1241,10.3238,0.0083,0.0000,0,0,0.0000,0,0.0000,0,0,0,21407,0
5420,5.9434,5.7738,0.0040,0.0000,0,0,0.0000,0,0.0000,0,0,0,13027,0
5421,3.3764,5.6001,0.0026,0.0000,0,0,0.0000,0,0.0000,0,0,0,11737,0
5422,3.2815,10.4715,0.0031,0.0000,0,0,0.0000,0,0.0000,0,0,0,12722,0
5423,3.1241,10.3792,0.0022,0.0000,0,0,0.0000,0,0.0000,0,0,0,16214,0
5424,5.9434,5.8901,0.0040,0.0000,0,0,0.0000,0,0.0000,0,0,0,7002,0
5425,3.3764,5.6838,0.0012,0.0000,0,0,0.0000,0,0.0000,0,0,0,5132,0
5426,3.2815,10.5280,0.0205,0.0000,0,0,0.0000,0,0.0000,0,0,0,7491,0
5427,3.1241,10.4326,0.0015,0.0000,0,0,0.0000,0,0.0000,0,0,0,4790,0
5428,5.9434,5.8772,0.0019,0.0000,0,0,0.0000,0,0.0000,0,0,0,3933,0
5429,3.3764,5.6590,0.0019,0.0000,0,0,0.0000,0,0.0000,0,0,0,3799,0
5430,3.2815,10.4987,0.0009,0.0000,0,0,0.0000,0,0.0000,0,0,0,4399,0
5431,3.1241,10.4719,0.0010,0.0000,0,0,0.0000,0,0.0000,0,0,0,3276,0
5432,5.9434,5.6769,0.0012,0.0000,0,0,0.0000,0,0.0000,0,0,0,3260,0
5433,3.3764,5.5317,0.0008,0.0000,0,0,0.0000,0,0.0000,0,0,0,2850,0
5434,3.2815,10.4580,0.0010,0.0000,0,0,0.0000,0,0.0000,0,0,0,3280,0
5435,3.1241,10.4428,0.0011,0.0000,0,0,0.0000,0,0.0000,0,0,0,2761,0
5436,5.9434,5.6384,0.0009,0.0000,0,0,0.0000,0,0.0000,0,0,0,3090,0
5437,3.3764,5.5304,0.0011,0.0000,0,0,0.0000,0,0.0000,0,0,0,2691,0
5438,3.2815,10.5312,0.0015,0.0000,0,0,0.0000,0,0.0000,0,0,0,3020,0
5439,3.1241,10.5401,0.0013,0.0000,0,0,0.0000,0,0.0000,0,0,0,2648,0
5440,5.9434,5.9527,0.0022,0.0000,0,0,0.0000,0,0.0000,0,0,0,2664,0
5441,3.3764,5.7526,0.0019,0.0000,0,0,0.0000,0,0.0000,0,0,0,2213,0
5442,3.2815,10.6550,0.0033,0.0000,0,0,0.0000,0,0.0000,0,0,0,1084,0
5443,3.1241,10.6167,0.0009,0.0000,0,0,0.0000,0,0.0000,0,0,0,2638,0
5444,5.9434,5.9512,0.0112,0.0000,0,0,0.0000,0,0.0000,0,0,0,1673,0
5445,3.3764,5.6846,0.0017,0.0000,0,0,0.0000,0,0.0000,0,0,0,1302,0
5446,3.2815,10.4575,0.0019,0.0000,0,0,0.0000,0,0.0000,0,0,0,959,0
5447,3.1241,10.3795,0.0013,0.0000,0,0,0.0000,0,0.0000,0,0,0,2173,0
5448,5.9434,5.8646,0.0031,0.0000,0,0,0.0000,0,0.0000,0,0,0,1538,0
5449,3.3764,5.5742,0.0016,0.0000,0,0,0.0000,0,0.0000,0,0,0,1107,0
5450,3.2815,10.5572,0.0018,0.0000,0,0,0.0000,0,0.0000,0,0,0,819,0
5451,3.1241,10.5044,0.0012,0.0000,0,0,0.0000,0,0.0000,0,0,0,1668,0
5452,5.9434,5.8308,0.0015,0.0000,0,0,0.0000,0,0.0000,0,0,0,1248,0
5453,3.3764,5.6301,0.0009,0.0000,0,0,0.0000,0,0.0000,0,0,0,944,0
5454,3.2815,10.5237,0.0014,0.0000,0,0,0.0000,0,0.0000,0,0,0,945,0
5455,3.1241,10.4615,0.0116,0.0000,0,0,0.0000,0,0.0000,0,0,0,743,0
5456,5.9434,5.7386,0.0012,0.0000,0,0,0.0000,0,0.0000,0,0,0,1198,0
5457,3.3764,5.5555,0.0009,0.0000,0,0,0.0000,0,0.0000,0,0,0,836,0
5458,3.2815,10.4160,0.0012,0.0000,0,0,0.0000,0,0.0000,0,0,0,1250,0
5459,3.1241,10.3751,0.0010,0.0000,0,0,0.0000,0,0.0000,0,0,0,717,0
5460,5.9434,5.6455,0.0015,0.0000,0,0,0.0000,0,0.0000,0,0,0,1168,0
5461,3.3764,5.4857,0.0008,0.0000,0,0,0.0000,0,0.0000,0,0,0,792,0
5462,3.2815,10.5466,0.0189,0.0000,0,0,0.0000,0,0.0000,0,0,0,1108,0
5463,3.1241,10.4880,0.0011,0.0000,0,0,0.0000,0,0.0000,0,0,0,792,0
5464,5.9434,5.8007,0.0035,0.0000,0,0,0.0000,0,0.0000,0,0,0,1037,0
5465,3.3764,5.5414,0.0008,0.0000,0,0,0.0000,0,0.0000,0,0,0,722,0
5466,3.2815,10.5863,0.0027,0.0000,0,0,0.0000,0,0.0000,0,0,0,1361,0
5467,3.1241,10.4865,0.0014,0.0000,0,0,0.0000,0,0.0000,0,0,0,925,0
5468,5.9434,5.9811,0.0024,0.0000,0,0,0.0000,0,0.0000,0,0,0,987,0
5469,3.3764,5.6995,0.0011,0.0000,0,0,0.0000,0,0.0000,0,0,0,676,0
5470,3.2815,10.6953,0.0019,0.0000,0,0,0.0000,0,0.0000,0,0,0,1198,0
5471,3.1241,10.6349,0.0012,0.0000,0,0,0.0000,0,0.0000,0,0,0,1094,0
5472,5.9434,5.9253,0.0015,0.0000,0,0,0.0000,0,0.0000,0,0,0,879,0
5473,3.3764,5.8080,0.0012,0.0000,0,0,0.0000,0,0.0000,0,0,0,648,0
5474,3.2815,10.3465,0.0008,0.0000,0,0,0.0000,0,0.0000,0,0,0,1117,0
5475,3.1241,10.2917,0.0009,0.0000,0,0,0.0000,0,0.0000,0,0,0,1077,0
5476,5.9434,5.7809,0.0013,0.0000,0,0,0.0000,0,0.0000,0,0,0,746,0
5477,3.3764,5.6518,0.0014,0.0000,0,0,0.0000,0,0.0000,0,0,0,643,0
5478,3.2815,10.4893,0.0009,0.0000,0,0,0.0000,0,0.0000,0,0,0,1064,0
5479,3.1241,10.4775,0.0009,0.0000,0,0,0.0000,0,0.0000,0,0,0,1295,0
5480,5.9434,5.7301,0.0014,0.0000,0,0,0.0000,0,0.0000,0,0,0,687,0
5481,3.3764,5.5949,0.0009,0.0000,0,0,0.0000,0,0.0000,0,0,0,622,0
5482,3.2815,10.5205,0.0016,0.0000,0,0,0.0000,0,0.0000,0,0,0,1368,0
5483,3.1241,10.5263,0.0015,0.0000,0,0,0.0000,0,0.0000,0,0,0,709,0
5484,5.9434,5.9383,0.0018,0.0000,0,0,0.0000,0,0.0000,0,0,0,716,0
5485,3.3764,5.6890,0.0007,0.0000,0,0,0.0000,0,0.0000,0,0,0,620,0
5486,3.2815,10.6110,0.0025,0.0000,0,0,0.0000,0,0.0000,0,0,0,710,0
5487,3.1241,10.5378,0.0011,0.0000,0,0,0.0000,0,0.0000,0,0,0,715,0
5488,5.9434,5.8083,0.0024,0.0000,0,0,0.0000,0,0.0000,0,0,0,717,0
5489,3.3764,5.5802,0.0023,0.0000,0,0,0.0000,0,0.0000,0,0,0,613,0
5490,3.2815,10.5401,0.0024,0.0000,0,0,0.0000,0,0.0000,0,0,0,696,0
5491,3.1241,10.5482,0.0013,0.0000,0,0,0.0000,0,0.0000,0,0,0,724,0
5492,5.9434,5.9387,0.0012,0.0000,0,0,0.0000,0,0.0000,0,0,0,685,0
5493,3.3764,5.6693,0.0008,0.0000,0,0,0.0000,0,0.0000,0,0,0,617,0
5494,3.2815,10.5040,0.0016,0.0000,0,0,0.0000,0,0.0000,0,0,0,755,0
5495,3.1241,10.4490,0.0015,0.0000,0,0,0.0000,0,0.0000,0,0,0,779,0
5496,5.9434,5.7830,0.0019,0.0000,0,0,0.0000,0,0.0000,0,0,0,664,0
5497,3.3764,5.5780,0.0020,0.0000,0,0,0.0000,0,0.0000,0,0,0,622,0
5498,3.2815,10.5450,0.0013,0.0000,0,0,0.0000,0,0.0000,0,0,0,785,0
5499,3.1241,10.5386,0.0017,0.0000,0,0,0.0000,0,0.0000,0,0,0,906,0
5500,5.9434,5.9404,0.0015,0.0000,0,0,0.0000,0,0.0000,0,0,0,636,0
5501,3.3764,5.6465,0.0018,0.0000,0,0,0.0000,0,0.0000,0,0,0,626,0
5502,3.2815,10.5625,0.0016,0.0000,0,0,0.0000,0,0.0000,0,0,0,868,0
5503,3.1241,10.5186,0.0008,0.0000,0,0,0.0000,0,0.0000,0,0,0,830,0
5504,5.9434,5.9075,0.0025,0.0000,0,0,0.0000,0,0.0000,0,0,0,635,0
5505,3.3764,5.6960,0.0015,0.0000,0,0,0.0000,0,0.0000,0,0,0,608,0
5506,3.2815,10.7045,0.0027,0.0000,0,0,0.0000,0,0.0000,0,0,0,801,0
5507,3.1241,10.5829,0.0019,0.0000,0,0,0.0000,0,0.0000,0,0,0,966,0
5508,5.9434,6.1699,0.0032,0.0000,0,0,0.0000,0,0.0000,0,0,0,650,0
5509,3.3764,5.7358,0.0021,0.0000,0,0,0.0000,0,0.0000,0,0,0,606,0
5510,3.2815,10.6858,0.0027,0.0000,0,0,0.0000,0,0.0000,0,0,0,1017,0
5511,3.1241,10.5793,0.0019,0.0000,0,0,0.0000,0,0.0000,0,0,0,705,0
5512,5.9434,6.0821,0.0028,0.0000,0,0,0.0000,0,0.0000,0,0,0,646,0
5513,3.3764,5.7005,0.0015,0.0000,0,0,0.0000,0,0.0000,0,0,0,607,0
5514,3.2815,10.6468,0.0020,0.0000,0,0,0.0000,0,0.0000,0,0,0,933,0
5515,3.1241,10.5701,0.0019,0.0000,0,0,0.0000,0,0.0000,0,0,0,703,0
5516,5.9434,6.0687,0.0032,0.0000,0,0,0.0000,0,0.0000,0,0,0,651,0
5517,3.3764,5.7338,0.0016,0.0000,0,0,0.0000,0,0.0000,0,0,0,609,0
5518,3.2815,10.7010,0.0018,0.0000,0,0,0.0000,0,0.0000,0,0,0,926,0
5519,3.1241,10.6701,0.0010,0.0000,0,0,0.0000,0,0.0000,0,0,0,728,0
5520,5.9434,6.1060,0.0028,0.0000,0,0,0.0000,0,0.0000,0,0,0,638,0
5521,3.3764,5.7755,0.0012,0.0000,0,0,0.0000,0,0.0000,0,0,0,601,0
5522,3.2815,10.8600,0.0057,0.0000,0,0,0.0000,0,0.0000,0,0,0,856,0
5523,3.1241,10.7044,0.0013,0.0000,0,0,0.0000,0,0.0000,0,0,0,752,0
5524,5.9434,6.3695,0.0055,0.0000,0,0,0.0000,0,0.0000,0,0,0,623,0
5525,3.3764,5.8303,0.0055,0.0000,0,0,0.0000,0,0.0000,0,0,0,601,0
5526,3.2815,10.6437,0.0034,0.0000,0,0,0.0000,0,0.0000,0,0,0,1082,0
5527,3.1241,10.5489,0.0016,0.0000,0,0,0.0000,0,0.0000,0,0,0,805,0
5528,5.9434,6.2220,0.0022,0.0000,0,0,0.0000,0,0.0000,0,0,0,626,0
5529,3.3764,5.8201,0.0015,0.0000,0,0,0.0000,0,0.0000,0,0,0,601,0
5530,3.2815,10.7586,0.0029,0.0000,0,0,0.0000,0,0.0000,0,0,0,712,0
5531,3.1241,10.6871,0.0017,0.0000,0,0,0.0000,0,0.0000,0,0,0,775,0
5532,5.9434,5.9251,0.0019,0.0000,0,0,0.0000,0,0.0000,0,0,0,622,0
5533,3.3764,5.7251,0.0014,0.0000,0,0,0.0000,0,0.0000,0,0,0,601,0
5534,3.2815,10.5947,0.0025,0.0000,0,0,0.0000,0,0.0000,0,0,0,709,0
5535,3.1241,10.5129,0.0017,0.0000,0,0,0.0000,0,0.0000,0,0,0,911,0
5536,5.9434,5.9771,0.0018,0.0000,0,0,0.0000,0,0.0000,0,0,0,611,0
5537,3.3764,5.7237,0.0012,0.0000,0,0,0.0000,0,0.0000,0,0,0,601,0
5538,3.2815,10.5913,0.0015,0.0000,0,0,0.0000,0,0.0000,0,0,0,723,0
5539,3.1241,10.5131,0.0022,0.0000,0,0,0.0000,0,0.0000,0,0,0,698,0
5540,5.9434,6.7205,0.0084,0.0000,0,0,0.0000,0,0.0000,0,0,0,618,0
5541,3.3764,5.9474,0.0084,0.0000,0,0,0.0000,0,0.0000,0,0,0,601,0
5542,3.2815,10.4633,0.0035,0.0000,0,0,0.0000,0,0.0000,0,0,0,744,0
5543,3.1241,10.2735,0.0029,0.0000,0,0,0.0000,0,0.0000,0,0,0,696,0
5544,5.9434,7.0770,0.0070,0.0000,0,0,0.0000,0,0.0000,0,0,0,605,0
5545,3.3764,5.8825,0.0026,0.0000,0,0,0.0000,0,0.0000,0,0,0,601,0
5546,3.2815,10.1042,0.0029,0.0000,0,0,0.0000,0,0.0000,0,0,0,786,0
5547,3.1241,10.0170,0.0021,0.0000,0,0,0.0000,0,0.0000,0,0,0,704,0
5548,5.9434,7.4542,0.0083,0.0000,0,0,0.0000,0,0.0000,0,0,0,606,0
5549,3.3764,6.5175,0.0084,0.0000,0,0,0.0000,0,0.0000,0,0,0,601,0
5550,3.2815,10.0256,0.0020,0.0000,0,0,0.0000,0,0.0000,0,0,0,780,0
5551,3.1241,9.8562,0.0013,0.0000,0,0,0.0000,0,0.0000,0,0,0,741,0
5552,5.9434,6.2864,0.0070,0.0000,0,0,0.0000,0,0.0000,0,0,0,605,0
5553,3.3764,5.8214,0.0070,0.0000,0,0,0.0000,0,0.0000,0,0,0,601,0
5554,3.2815,10.7607,0.0043,0.0000,0,0,0.0000,0,0.0000,0,0,0,808,0
5555,3.1241,10.6320,0.0017,0.0000,0,0,0.0000,0,0.0000,0,0,0,758,0
5556,5.9434,6.1572,0.0031,0.0000,0,0,0.0000,0,0.0000,0,0,0,606,0
5557,3.3764,5.7922,0.0013,0.0000,0,0,0.0000,0,0.0000,0,0,0,601,0
5558,3.2815,10.8521,0.0023,0.0000,0,0,0.0000,0,0.0000,0,0,0,795,0
5559,3.1241,10.8067,0.0023,0.0000,0,0,0.0000,0,0.0000,0,0,0,738,0
5560,5.9434,6.3211,0.0038,0.0000,0,0,0.0000,0,0.0000,0,0,0,601,0
5561,3.3764,5.8886,0.0044,0.0000,0,0,0.0000,0,0.0000,0,0,0,601,0
5562,3.2815,10.5763,0.0029,0.0000,0,0,0.0000,0,0.0000,0,0,0,771,0
5563,3.1241,10.3503,0.0030,0.0000,0,0,0.0000,0,0.0000,0,0,0,836,0
5564,5.9434,5.9044,0.0045,0.0000,0,0,0.0000,0,0.0000,0,0,0,601,0
5565,3.3764,5.5897,0.0013,0.0000,0,0,0.0000,0,0.0000,0,0,0,601,0
5566,3.2815,10.3800,0.0019,0.0000,0,0,0.0000,0,0.0000,0,0,0,779,0
5567,3.1241,10.2693,0.0010,0.0000,0,0,0.0000,0,0.0000,0,0,0,698,0
5568,5.9434,5.7845,0.0038,0.0000,0,0,0.0000,0,0.0000,0,0,0,601,0
5569,3.3764,5.5294,0.0014,0.0000,0,0,0.0000,0,0.0000,0,0,0,601,0
5570,3.2815,10.4692,0.0029,0.0000,0,0,0.0000,0,0.0000,0,0,0,967,0
5571,3.1241,10.2876,0.0029,0.0000,0,0,0.0000,0,0.0000,0,0,0,696,0
5572,5.9434,5.8928,0.0045,0.0000,0,0,0.0000,0,0.0000,0,0,0,601,0
5573,3.3764,5.5948,0.0016,0.0000,0,0,0.0000,0,0.0000,0,0,0,601,0
5574,3.2815,10.4413,0.0024,0.0000,0,0,0.0000,0,0.0000,0,0,0,710,0
5575,3.1241,10.3621,0.0011,0.0000,0,0,0.0000,0,0.0000,0,0,0,700,0
5576,5.9434,5.9798,0.0021,0.0000,0,0,0.0000,0,0.0000,0,0,0,601,0
5577,3.3764,5.6640,0.0010,0.0000,0,0,0.0000,0,0.0000,0,0,0,601,0
5578,3.2815,10.7172,0.0047,0.0000,0,0,0.0000,0,0.0000,0,0,0,703,0
5579,3.1241,10.5733,0.0047,0.0000,0,0,0.0000,0,0.0000,0,0,0,721,0
5580,5.9434,6.2885,0.0076,0.0000,0,0,0.0000,0,0.0000,0,0,0,601,0
5581,3.3764,5.8464,0.0025,0.0000,0,0,0.0000,0,0.0000,0,0,0,601,0
5582,3.2815,10.2306,0.0032,0.0000,0,0,0.0000,0,0.0000,0,0,0,708,0
5583,3.1241,10.1830,0.0027,0.0000,0,0,0.0000,0,0.0000,0,0,0,783,0
5584,5.9434,6.0812,0.0067,0.0000,0,0,0.0000,0,0.0000,0,0,0,601,0
5585,3.3764,5.5776,0.0015,0.0000,0,0,0.0000,0,0.0000,0,0,0,601,0
5586,3.2815,10.4288,0.0054,0.0000,0,0,0.0000,0,0.0000,0,0,0,751,0
5587,3.1241,10.3626,0.0025,0.0000,0,0,0.0000,0,0.0000,0,0,0,755,0
5588,5.9434,6.4660,0.0065,0.0000,0,0,0.0000,0,0.0000,0,0,0,601,0
5589,3.3764,5.8080,0.0016,0.0000,0,0,0.0000,0,0.0000,0,0,0,601,0
5590,3.2815,9.8377,0.0030,0.0000,0,0,0.0000,0,0.0000,0,0,0,762,0
5591,3.1241,9.7357,0.0019,0.0000,0,0,0.0000,0,0.0000,0,0,0,801,0
5592,5.9434,6.7817,0.0079,0.0000,0,0,0.0000,0,0.0000,0,0,0,601,0
5593,3.3764,5.9330,0.0023,0.0000,0,0,0.0000,0,0.0000,0,0,0,601,0
5594,3.2815,10.0195,0.0030,0.0000,0,0,0.0000,0,0.0000,0,0,0,747,0
5595,3.1241,7.2498,0.0023,0.0000,0,0,0.0000,0,0.0000,0,0,0,696,0
5596,5.9434,6.4975,0.0082,0.0000,0,0,0.0000,0,0.0000,0,0,0,601,0
5597,3.3764,5.8006,0.0018,0.0000,0,0,0.0000,0,0.0000,0,0,0,601,0
5598,3.2815,10.0100,0.0042,0.0000,0,0,0.0000,0,0.0000,0,0,0,830,0
5599,3.1241,9.7508,0.0023,0.0000,0,0,0.0000,0,0.0000,0,0,0,701,0
5600,5.9434,10.8950,0.0044,0.0000,0,0,0.0000,0,0.0000,0,0,0,601,0
5601,3.3764,5.9393,0.0015,0.0000,0,0,0.0000,0,0.0000,0,0,0,601,0
5602,3.2815,10.7143,0.0043,0.0000,0,0,0.0000,0,0.0000,0,0,0,769,0
5603,3.1241,10.5086,0.0032,0.0000,0,0,0.0000,0,0.0000,0,0,0,696,0
5604,5.9434,6.1665,0.0045,0.0000,0,0,0.0000,0,0.0000,0,0,0,601,0
5605,3.3764,5.7422,0.0018,0.0000,0,0,0.0000,0,0.0000,0,0,0,601,0
5606,3.2815,10.5893,0.0020,0.0000,0,0,0.0000,0,0.0000,0,0,0,728,0
5607,3.1241,10.4588,0.0007,0.0000,0,0,0.0000,0,0.0000,0,0,0,717,0
5608,5.9434,6.1428,0.0033,0.0000,0,0,0.0000,0,0.0000,0,0,0,601,0
5609,3.3764,5.8326,0.0015,0.0000,0,0,0.0000,0,0.0000,0,0,0,601,0
5610,3.2815,10.8301,0.0015,0.0000,0,0,0.0000,0,0.0000,0,0,0,726,0
5611,3.1241,10.8320,0.0008,0.0000,0,0,0.0000,0,0.0000,0,0,0,731,0
5612,5.9434,5.9416,0.0016,0.0000,0,0,0.0000,0,0.0000,0,0,0,601,0
5613,3.3764,5.7004,0.0011,0.0000,0,0,0.0000,0,0.0000,0,0,0,601,0
5614,3.2815,10.5946,0.0018,0.0000,0,0,0.0000,0,0.0000,0,0,0,833,0
5615,3.1241,10.5194,0.0010,0.0000,0,0,0.0000,0,0.0000,0,0,0,722,0
5616,5.9434,6.0329,0.0026,0.0000,0,0,0.0000,0,0.0000,0,0,0,601,0
5617,3.3764,5.6704,0.0017,0.0000,0,0,0.0000,0,0.0000,0,0,0,601,0
5618,3.2815,10.5286,0.0016,0.0000,0,0,0.0000,0,0.0000,0,0,0,696,0
5619,3.1241,10.4492,0.0008,0.0000,0,0,0.0000,0,0.0000,0,0,0,758,0
5620,5.9434,6.0705,0.0016,0.0000,0,0,0.0000,0,0.0000,0,0,0,601,0
5621,3.3764,5.8106,0.0014,0.0000,0,0,0.0000,0,0.0000,0,0,0,601,0
5622,3.2815,13.1755,0.0012,0.0000,0,0,0.0000,0,0.0000,0,0,0,696,0
5623,3.1241,12.9761,0.0015,0.0000,0,0,0.0000,0,0.0000,0,0,0,696,0
5624,5.9434,6.1865,0.0045,0.0000,0,0,0.0000,0,0.0000,0,0,0,601,0
5625,3.3764,5.7271,0.0044,0.0000,0,0,0.0000,0,0.0000,0,0,0,601,0
5626,3.2815,10.7213,0.0045,0.0000,0,0,0.0000,0,0.0000,0,0,0,696,0
5627,3.1241,10.6547,0.0011,0.0000,0,0,0.0000,0,0.0000,0,0,0,705,0
5628,5.9434,6.1867,0.0038,0.0000,0,0,0.0000,0,0.0000,0,0,0,601,0
5629,3.3764,5.8250,0.0020,0.0000,0,0,0.0000,0,0.0000,0,0,0,601,0
5630,3.2815,10.6958,0.0007,0.0000,0,0,0.0000,0,0.0000,0,0,0,696,0
5631,3.1241,10.6478,0.0006,0.0000,0,0,0.0000,0,0.0000,0,0,0,707,0
5632,5.9434,5.9070,0.0020,0.0000,0,0,0.0000,0,0.0000,0,0,0,601,0
5633,3.3764,5.7014,0.0012,0.0000,0,0,0.0000,0,0.0000,0,0,0,601,0
5634,3.2815,10.7323,0.0067,0.0000,0,0,0.0000,0,0.0000,0,0,0,701,0
5635,3.1241,10.5129,0.0067,0.0000,0,0,0.0000,0,0.0000,0,0,0,707,0
5636,5.9434,6.6053,0.0101,0.0000,0,0,0.0000,0,0.0000,0,0,0,601,0
5637,3.3764,5.9380,0.0025,0.0000,0,0,0.0000,0,0.0000,0,0,0,601,0
5638,3.2815,10.2619,0.0078,0.0000,0,0,0.0000,0,0.0000,0,0,0,703,0
5639,3.1241,10.0490,0.0018,0.0000,0,0,0.0000,0,0.0000,0,0,0,736,0
5640,5.9434,6.8839,0.0073,0.0000,0,0,0.0000,0,0.0000,0,0,0,601,0
5641,3.3764,5.9090,0.0016,0.0000,0,0,0.0000,0,0.0000,0,0,0,601,0
5642,3.2815,10.4313,0.0090,0.0000,0,0,0.0000,0,0.0000,0,0,0,716,0
5643,3.1241,9.8968,0.0090,0.0000,0,0,0.0000,0,0.0000,0,0,0,719,0
5644,5.9434,6.7063,0.0092,0.0000,0,0,0.0000,0,0.0000,0,0,0,601,0
5645,3.3764,5.8993,0.0031,0.0000,0,0,0.0000,0,0.0000,0,0,0,601,0
5646,3.2815,10.7867,0.0065,0.0000,0,0,0.0000,0,0.0000,0,0,0,714,0
5647,3.1241,10.5252,0.0032,0.0000,0,0,0.0000,0,0.0000,0,0,0,775,0
5648,5.9434,6.9217,0.0108,0.0000,0,0,0.0000,0,0.0000,0,0,0,601,0
5649,3.3764,5.9921,0.0107,0.0000,0,0,0.0000,0,0.0000,0,0,0,601,0
5650,3.2815,13.4643,0.0120,0.0000,0,0,0.0000,0,0.0000,0,0,0,717,0
5651,3.1241,13.5310,0.0016,0.0000,0,0,0.0000,0,0.0000,0,0,0,701,0
5652,5.9434,6.2190,0.0043,0.0000,0,0,0.0000,0,0.0000,0,0,0,601,0
5653,3.3764,5.8130,0.0032,0.0000,0,0,0.0000,0,0.0000,0,0,0,601,0
5654,3.2815,10.6754,0.0045,0.0000,0,0,0.0000,0,0.0000,0,0,0,711,0
5655,3.1241,10.4577,0.0024,0.0000,0,0,0.0000,0,0.0000,0,0,0,701,0
5656,5.9434,6.2626,0.0040,0.0000,0,0,0.0000,0,0.0000,0,0,0,601,0
5657,3.3764,5.7211,0.0040,0.0000,0,0,0.0000,0,0.0000,0,0,0,601,0
5658,3.2815,10.6064,0.0031,0.0000,0,0,0.0000,0,0.0000,0,0,0,763,0
5659,3.1241,10.4446,0.0007,0.0000,0,0,0.0000,0,0.0000,0,0,0,701,0
5660,5.9434,6.2216,0.0032,0.0000,0,0,0.0000,0,0.0000,0,0,0,601,0
5661,3.3764,5.9100,0.0022,0.0000,0,0,0.0000,0,0.0000,0,0,0,601,0
5662,3.2815,10.7516,0.0013,0.0000,0,0,0.0000,0,0.0000,0,0,0,696,0
5663,3.1241,10.7400,0.0018,0.0000,0,0,0.0000,0,0.0000,0,0,0,715,0
5664,5.9434,5.9890,0.0022,0.0000,0,0,0.0000,0,0.0000,0,0,0,601,0
5665,3.3764,5.7134,0.0017,0.0000,0,0,0.0000,0,0.0000,0,0,0,601,0
5666,3.2815,10.4998,0.0008,0.0000,0,0,0.0000,0,0.0000,0,0,0,696,0
5667,3.1241,10.4298,0.0008,0.0000,0,0,0.0000,0,0.0000,0,0,0,726,0
5668,5.9434,5.9491,0.0020,0.0000,0,0,0.0000,0,0.0000,0,0,0,601,0
5669,3.3764,5.8345,0.0018,0.0000,0,0,0.0000,0,0.0000,0,0,0,601,0
5670,3.2815,11.2706,0.0077,0.0000,0,0,0.0000,0,0.0000,0,0,0,696,0
5671,3.1241,11.1669,0.0077,0.0000,0,0,0.0000,0,0.0000,0,0,0,714,0
5672,5.9434,6.4285,0.0013,0.0000,0,0,0.0000,0,0.0000,0,0,0,601,0
5673,3.3764,5.8534,0.0007,0.0000,0,0,0.0000,0,0.0000,0,0,0,601,0
5674,3.2815,10.4207,0.0161,0.0000,0,0,0.0000,0,0.0000,0,0,0,696,0
5675,3.1241,8.0508,0.0161,0.0000,0,0,0.0000,0,0.0000,0,0,0,789,0
5676,5.9434,6.6157,0.0030,0.0000,0,0,0.0000,0,0.0000,0,0,0,601,0
5677,3.3764,5.8007,0.0015,0.0000,0,0,0.0000,0,0.0000,0,0,0,601,0
5678,3.2815,10.1125,0.0011,0.0000,0,0,0.0000,0,0.0000,0,0,0,717,0
5679,3.1241,8.4023,0.0008,0.0000,0,0,0.0000,0,0.0000,0,0,0,703,0
5680,5.9434,6.2732,0.0025,0.0000,0,0,0.0000,0,0.0000,0,0,0,601,0
5681,3.3764,5.8667,0.0012,0.0000,0,0,0.0000,0,0.0000,0,0,0,601,0
5682,3.2815,10.9350,0.0048,0.0000,0,0,0.0000,0,0.0000,0,0,0,716,0
5683,3.1241,10.8088,0.0028,0.0000,0,0,0.0000,0,0.0000,0,0,0,705,0
5684,5.9434,6.2207,0.0029,0.0000,0,0,0.0000,0,0.0000,0,0,0,601,0
5685,3.3764,5.8397,0.0015,0.0000,0,0,0.0000,0,0.0000,0,0,0,601,0
5686,3.2815,10.7509,0.0022,0.0000,0,0,0.0000,0,0.0000,0,0,0,745,0
5687,3.1241,10.6104,0.0014,0.0000,0,0,0.0000,0,0.0000,0,0,0,700,0
5688,5.9434,6.1415,0.0022,0.0000,0,0,0.0000,0,0.0000,0,0,0,601,0
5689,3.3764,5.8338,0.0012,0.0000,0,0,0.0000,0,0.0000,0,0,0,601,0
5690,3.2815,11.2532,0.0019,0.0000,0,0,0.0000,0,0.0000,0,0,0,737,0
5691,3.1241,11.2275,0.0010,0.0000,0,0,0.0000,0,0.0000,0,0,0,706,0
5692,5.9434,6.0522,0.0018,0.0000,0,0,0.0000,0,0.0000,0,0,0,601,0
5693,3.3764,5.7861,0.0019,0.0000,0,0,0.0000,0,0.0000,0,0,0,601,0
5694,3.2815,10.4924,0.0022,0.0000,0,0,0.0000,0,0.0000,0,0,0,718,0
5695,3.1241,10.3645,0.0018,0.0000,0,0,0.0000,0,0.0000,0,0,0,723,0
5696,5.9434,5.8677,0.0020,0.0000,0,0,0.0000,0,0.0000,0,0,0,601,0
5697,3.3764,5.6111,0.0010,0.0000,0,0,0.0000,0,0.0000,0,0,0,601,0
5698,3.2815,10.4770,0.0009,0.0000,0,0,0.0000,0,0.0000,0,0,0,719,0
5699,3.1241,10.4499,0.0008,0.0000,0,0,0.0000,0,0.0000,0,0,0,714,0
5700,5.9434,6.6887,0.0050,0.0000,0,0,0.0000,0,0.0000,0,0,0,601,0
5701,3.3764,5.7880,0.0015,0.0000,0,0,0.0000,0,0.0000,0,0,0,601,0
5702,3.2815,10.4201,0.0044,0.0000,0,0,0.0000,0,0.0000,0,0,0,747,0
5703,3.1241,10.3089,0.0024,0.0000,0,0,0.0000,0,0.0000,0,0,0,769,0
5704,5.9434,6.4820,0.0067,0.0000,0,0,0.0000,0,0.0000,0,0,0,601,0
5705,3.3764,5.8148,0.0022,0.0000,0,0,0.0000,0,0.0000,0,0,0,601,0
5706,3.2815,9.9896,0.0028,0.0000,0,0,0.0000,0,0.0000,0,0,0,696,0
5707,3.1241,10.0079,0.0026,0.0000,0,0,0.0000,0,0.0000,0,0,0,704,0
5708,5.9434,6.5402,0.0013,0.0000,0,0,0.0000,0,0.0000,0,0,0,601,0
5709,3.3764,6.2532,0.0142,0.0000,0,0,0.0000,0,0.0000,0,0,0,601,0
5710,3.2815,11.7950,0.0106,0.0000,0,0,0.0000,0,0.0000,0,0,0,696,0
5711,3.1241,11.4266,0.0017,0.0000,0,0,0.0000,0,0.0000,0,0,0,707,0
5712,5.9434,7.1277,0.0076,0.0000,0,0,0.0000,0,0.0000,0,0,0,601,0
5713,3.3764,6.1134,0.0076,0.0000,0,0,0.0000,0,0.0000,0,0,0,601,0
5714,3.2815,10.3246,0.0031,0.0000,0,0,0.0000,0,0.0000,0,0,0,696,0
5715,3.1241,10.3664,0.0016,0.0000,0,0,0.0000,0,0.0000,0,0,0,714,0
5716,5.9434,6.5833,0.0063,0.0000,0,0,0.0000,0,0.0000,0,0,0,601,0
5717,3.3764,5.8336,0.0021,0.0000,0,0,0.0000,0,0.0000,0,0,0,601,0
5718,3.2815,10.0773,0.0046,0.0000,0,0,0.0000,0,0.0000,0,0,0,696,0
5719,3.1241,9.8910,0.0020,0.0000,0,0,0.0000,0,0.0000,0,0,0,709,0
5720,5.9434,6.8319,0.0088,0.0000,0,0,0.0000,0,0.0000,0,0,0,601,0
5721,3.3764,6.0503,0.0036,0.0000,0,0,0.0000,0,0.0000,0,0,0,601,0
5722,3.2815,10.3683,0.0086,0.0000,0,0,0.0000,0,0.0000,0,0,0,696,0
5723,3.1241,10.1169,0.0038,0.0000,0,0,0.0000,0,0.0000,0,0,0,732,0
5724,5.9434,6.5951,0.0084,0.0000,0,0,0.0000,0,0.0000,0,0,0,601,0
5725,3.3764,5.7755,0.0083,0.0000,0,0,0.0000,0,0.0000,0,0,0,601,0
5726,3.2815,10.3791,0.0044,0.0000,0,0,0.0000,0,0.0000,0,0,0,696,0
5727,3.1241,10.2471,0.0021,0.0000,0,0,0.0000,0,0.0000,0,0,0,719,0
5728,5.9434,6.5685,0.0088,0.0000,0,0,0.0000,0,0.0000,0,0,0,601,0
5729,3.3764,5.8398,0.0028,0.0000,0,0,0.0000,0,0.0000,0,0,0,601,0
5730,3.2815,10.1942,0.0038,0.0000,0,0,0.0000,0,0.0000,0,0,0,708,0
5731,3.1241,9.9889,0.0026,0.0000,0,0,0.0000,0,0.0000,0,0,0,751,0
5732,5.9434,6.6120,0.0071,0.0000,0,0,0.0000,0,0.0000,0,0,0,601,0
5733,3.3764,5.8255,0.0026,0.0000,0,0,0.0000,0,0.0000,0,0,0,601,0
5734,3.2815,9.9455,0.0077,0.0000,0,0,0.0000,0,0.0000,0,0,0,708,0
5735,3.1241,9.6920,0.0027,0.0000,0,0,0.0000,0,0.0000,0,0,0,696,0
5736,5.9434,6.3302,0.0015,0.0000,0,0,0.0000,0,0.0000,0,0,0,601,0
5737,3.3764,5.6967,0.0014,0.0000,0,0,0.0000,0,0.0000,0,0,0,601,0
5738,3.2815,10.0489,0.0028,0.0000,0,0,0.0000,0,0.0000,0,0,0,706,0
5739,3.1241,9.7725,0.0015,0.0000,0,0,0.0000,0,0.0000,0,0,0,701,0
5740,5.9434,6.3121,0.0045,0.0000,0,0,0.0000,0,0.0000,0,0,0,601,0
5741,3.3764,5.7668,0.0012,0.0000,0,0,0.0000,0,0.0000,0,0,0,601,0
5742,3.2815,10.8667,0.0118,0.0000,0,0,0.0000,0,0.0000,0,0,0,707,0
5743,3.1241,10.6074,0.0118,0.0000,0,0,0.0000,0,0.0000,0,0,0,703,0
5744,5.9434,6.2339,0.0077,0.0000,0,0,0.0000,0,0.0000,0,0,0,601,0
5745,3.3764,5.8587,0.0015,0.0000,0,0,0.0000,0,0.0000,0,0,0,601,0
5746,3.2815,9.7931,0.0038,0.0000,0,0,0.0000,0,0.0000,0,0,0,723,0
5747,3.1241,8.2983,0.0027,0.0000,0,0,0.0000,0,0.0000,0,0,0,707,0
5748,5.9434,6.9066,0.0126,0.0000,0,0,0.0000,0,0.0000,0,0,0,601,0
5749,3.3764,5.8498,0.0016,0.0000,0,0,0.0000,0,0.0000,0,0,0,601,0
5750,3.2815,10.3865,0.0090,0.0000,0,0,0.0000,0,0.0000,0,0,0,696,0
5751,3.1241,10.1818,0.0025,0.0000,0,0,0.0000,0,0.0000,0,0,0,708,0
5752,5.9434,6.5869,0.0019,0.0000,0,0,0.0000,0,0.0000,0,0,0,601,0
5753,3.3764,5.7797,0.0020,0.0000,0,0,0.0000,0,0.0000,0,0,0,601,0
5754,3.2815,7.9383,0.0032,0.0000,0,0,0.0000,0,0.0000,0,0,0,696,0
5755,3.1241,7.8385,0.0010,0.0000,0,0,0.0000,0,0.0000,0,0,0,712,0
5756,5.9434,6.1015,0.0050,0.0000,0,0,0.0000,0,0.0000,0,0,0,601,0
5757,3.3764,5.6852,0.0019,0.0000,0,0,0.0000,0,0.0000,0,0,0,601,0
5758,3.2815,10.4715,0.0042,0.0000,0,0,0.0000,0,0.0000,0,0,0,696,0
5759,3.1241,10.3375,0.0016,0.0000,0,0,0.0000,0,0.0000,0,0,0,754,0
5760,5.9434,6.2885,0.0039,0.0000,0,0,0.0000,0,0.0000,0,0,0,601,0
5761,3.3764,5.8131,0.0039,0.0000,0,0,0.0000,0,0.0000,0,0,0,601,0
5762,3.2815,10.6146,0.0015,0.0000,0,0,0.0000,0,0.0000,0,0,0,696,0
5763,3.1241,10.5320,0.0009,0.0000,0,0,0.0000,0,0.0000,0,0,0,696,0
5764,5.9434,5.9413,0.0019,0.0000,0,0,0.0000,0,0.0000,0,0,0,601,0
5765,3.3764,5.6820,0.0013,0.0000,0,0,0.0000,0,0.0000,0,0,0,601,0
5766,3.2815,10.4665,0.0013,0.0000,0,0,0.0000,0,0.0000,0,0,0,701,0
5767,3.1241,10.4240,0.0008,0.0000,0,0,0.0000,0,0.0000,0,0,0,706,0
5768,5.9434,5.7765,0.0010,0.0000,0,0,0.0000,0,0.0000,0,0,0,601,0
5769,3.3764,5.6189,0.0012,0.0000,0,0,0.0000,0,0.0000,0,0,0,601,0
5770,3.2815,10.4074,0.0009,0.0000,0,0,0.0000,0,0.0000,0,0,0,696,0
5771,3.1241,10.3792,0.0008,0.0000,0,0,0.0000,0,0.0000,0,0,0,700,0
5772,5.9434,5.9218,0.0023,0.0000,0,0,0.0000,0,0.0000,0,0,0,601,0
5773,3.3764,5.7504,0.0014,0.0000,0,0,0.0000,0,0.0000,0,0,0,601,0
5774,3.2815,10.4455,0.0012,0.0000,0,0,0.0000,0,0.0000,0,0,0,707,0
5775,3.1241,10.4116,0.0008,0.0000,0,0,0.0000,0,0.0000,0,0,0,704,0
5776,5.9434,5.8717,0.0019,0.0000,0,0,0.0000,0,0.0000,0,0,0,601,0
5777,3.3764,5.5877,0.0010,0.0000,0,0,0.0000,0,0.0000,0,0,0,601,0
5778,3.2815,10.3164,0.0010,0.0000,0,0,0.0000,0,0.0000,0,0,0,701,0
5779,3.1241,10.2303,0.0007,0.0000,0,0,0.0000,0,0.0000,0,0,0,715,0
5780,5.9434,5.9986,0.0024,0.0000,0,0,0.0000,0,0.0000,0,0,0,601,0
5781,3.3764,5.7658,0.0016,0.0000,0,0,0.0000,0,0.0000,0,0,0,601,0
5782,3.2815,10.7095,0.0034,0.0000,0,0,0.0000,0,0.0000,0,0,0,702,0
5783,3.1241,10.6233,0.0018,0.0000,0,0,0.0000,0,0.0000,0,0,0,700,0
5784,5.9434,6.0530,0.0024,0.0000,0,0,0.0000,0,0.0000,0,0,0,601,0
5785,3.3764,5.7337,0.0014,0.0000,0,0,0.0000,0,0.0000,0,0,0,601,0
5786,3.2815,10.2842,0.0036,0.0000,0,0,0.0000,0,0.0000,0,0,0,711,0
5787,3.1241,10.1283,0.0008,0.0000,0,0,0.0000,0,0.0000,0,0,0,764,0
5788,5.9434,6.1412,0.0030,0.0000,0,0,0.0000,0,0.0000,0,0,0,601,0
5789,3.3764,5.7581,0.0013,0.0000,0,0,0.0000,0,0.0000,0,0,0,601,0
5790,3.2815,10.6710,0.0015,0.0000,0,0,0.0000,0,0.0000,0,0,0,722,0
5791,3.1241,10.6285,0.0010,0.0000,0,0,0.0000,0,0.0000,0,0,0,696,0
5792,5.9434,6.0912,0.0060,0.0000,0,0,0.0000,0,0.0000,0,0,0,601,0
5793,3.3764,5.8766,0.0061,0.0000,0,0,0.0000,0,0.0000,0,0,0,601,0
5794,3.2815,10.6793,0.0040,0.0000,0,0,0.0000,0,0.0000,0,0,0,696,0
5795,3.1241,10.6512,0.0016,0.0000,0,0,0.0000,0,0.0000,0,0,0,696,0
5796,5.9434,6.6504,0.0088,0.0000,0,0,0.0000,0,0.0000,0,0,0,601,0
5797,3.3764,5.8803,0.0021,0.0000,0,0,0.0000,0,0.0000,0,0,0,601,0
5798,3.2815,11.1547,0.0130,0.0000,0,0,0.0000,0,0.0000,0,0,0,696,0
5799,3.1241,11.1309,0.0040,0.0000,0,0,0.0000,0,0.0000,0,0,0,696,0
5800,5.9434,7.4136,0.0085,0.0000,0,0,0.0000,0,0.0000,0,0,0,601,0
5801,3.3764,6.3632,0.0016,0.0000,0,0,0.0000,0,0.0000,0,0,0,601,0
5802,3.2815,11.6636,0.0093,0.0000,0,0,0.0000,0,0.0000,0,0,0,696,0
5803,3.1241,11.4995,0.0024,0.0000,0,0,0.0000,0,0.0000,0,0,0,700,0
5804,5.9434,6.8800,0.0097,0.0000,0,0,0.0000,0,0.0000,0,0,0,601,0
5805,3.3764,5.7999,0.0030,0.0000,0,0,0.0000,0,0.0000,0,0,0,601,0
5806,3.2815,10.5111,0.0039,0.0000,0,0,0.0000,0,0.0000,0,0,0,705,0
5807,3.1241,10.3454,0.0022,0.0000,0,0,0.0000,0,0.0000,0,0,0,702,0
5808,5.9434,6.4113,0.0022,0.0000,0,0,0.0000,0,0.0000,0,0,0,601,0
5809,3.3764,6.4560,0.0018,0.0000,0,0,0.0000,0,0.0000,0,0,0,601,0
5810,3.2815,9.2859,0.0031,0.0000,0,0,0.0000,0,0.0000,0,0,0,708,0
5811,3.1241,9.9305,0.0009,0.0000,0,0,0.0000,0,0.0000,0,0,0,706,0
5812,5.9434,6.0817,0.0029,0.0000,0,0,0.0000,0,0.0000,0,0,0,601,0
5813,3.3764,5.6758,0.0016,0.0000,0,0,0.0000,0,0.0000,0,0,0,601,0
5814,3.2815,10.5313,0.0041,0.0000,0,0,0.0000,0,0.0000,0,0,0,707,0
5815,3.1241,10.4168,0.0016,0.0000,0,0,0.0000,0,0.0000,0,0,0,721,0
5816,5.9434,6.2621,0.0030,0.0000,0,0,0.0000,0,0.0000,0,0,0,601,0
5817,3.3764,5.8495,0.0011,0.0000,0,0,0.0000,0,0.0000,0,0,0,601,0
5818,3.2815,10.7944,0.0026,0.0000,0,0,0.0000,0,0.0000,0,0,0,708,0
5819,3.1241,10.6951,0.0012,0.0000,0,0,0.0000,0,0.0000,0,0,0,696,0
5820,5.9434,6.0539,0.0023,0.0000,0,0,0.0000,0,0.0000,0,0,0,601,0
5821,3.3764,5.7414,0.0026,0.0000,0,0,0.0000,0,0.0000,0,0,0,601,0
5822,3.2815,10.9029,0.0091,0.0000,0,0,0.0000,0,0.0000,0,0,0,706,0
5823,3.1241,10.8570,0.0019,0.0000,0,0,0.0000,0,0.0000,0,0,0,696,0
5824,5.9434,6.3480,0.0018,0.0000,0,0,0.0000,0,0.0000,0,0,0,601,0
5825,3.3764,5.6875,0.0014,0.0000,0,0,0.0000,0,0.0000,0,0,0,601,0
5826,3.2815,9.8371,0.0020,0.0000,0,0,0.0000,0,0.0000,0,0,0,711,0
5827,3.1241,9.6858,0.0006,0.0000,0,0,0.0000,0,0.0000,0,0,0,696,0
5828,5.9434,5.9884,0.0046,0.0000,0,0,0.0000,0,0.0000,0,0,0,601,0
5829,3.3764,5.5967,0.0013,0.0000,0,0,0.0000,0,0.0000,0,0,0,601,0
5830,3.2815,10.6501,0.0035,0.0000,0,0,0.0000,0,0.0000,0,0,0,706,0
5831,3.1241,10.5306,0.0016,0.0000,0,0,0.0000,0,0.0000,0,0,0,702,0
5832,5.9434,6.1644,0.0022,0.0000,0,0,0.0000,0,0.0000,0,0,0,601,0
5833,3.3764,5.7296,0.0007,0.0000,0,0,0.0000,0,0.0000,0,0,0,601,0
5834,3.2815,10.6899,0.0014,0.0000,0,0,0.0000,0,0.0000,0,0,0,748,0
5835,3.1241,10.6753,0.0006,0.0000,0,0,0.0000,0,0.0000,0,0,0,702,0
5836,5.9434,5.8655,0.0020,0.0000,0,0,0.0000,0,0.0000,0,0,0,601,0
5837,3.3764,5.6365,0.0013,0.0000,0,0,0.0000,0,0.0000,0,0,0,601,0
5838,3.2815,10.3093,0.0007,0.0000,0,0,0.0000,0,0.0000,0,0,0,696,0
5839,3.1241,10.2308,0.0006,0.0000,0,0,0.0000,0,0.0000,0,0,0,702,0
5840,5.9434,6.1218,0.0075,0.0000,0,0,0.0000,0,0.0000,0,0,0,601,0
5841,3.3764,6.0100,0.0013,0.0000,0,0,0.0000,0,0.0000,0,0,0,601,0
5842,3.2815,10.1961,0.0055,0.0000,0,0,0.0000,0,0.0000,0,0,0,696,0
5843,3.1241,9.8496,0.0043,0.0000,0,0,0.0000,0,0.0000,0,0,0,742,0
5844,5.9434,6.4877,0.0027,0.0000,0,0,0.0000,0,0.0000,0,0,0,601,0
5845,3.3764,5.8628,0.0021,0.0000,0,0,0.0000,0,0.0000,0,0,0,601,0
5846,3.2815,9.6457,0.0041,0.0000,0,0,0.0000,0,0.0000,0,0,0,696,0
5847,3.1241,9.9307,0.0015,0.0000,0,0,0.0000,0,0.0000,0,0,0,696,0
5848,5.9434,5.8938,0.0044,0.0000,0,0,0.0000,0,0.0000,0,0,0,601,0
5849,3.3764,5.5418,0.0016,0.0000,0,0,0.0000,0,0.0000,0,0,0,601,0
5850,3.2815,10.3332,0.0039,0.0000,0,0,0.0000,0,0.0000,0,0,0,696,0
5851,3.1241,10.1924,0.0010,0.0000,0,0,0.0000,0,0.0000,0,0,0,696,0
5852,5.9434,5.8148,0.0025,0.0000,0,0,0.0000,0,0.0000,0,0,0,601,0
5853,3.3764,5.6149,0.0025,0.0000,0,0,0.0000,0,0.0000,0,0,0,601,0
5854,3.2815,10.4845,0.0019,0.0000,0,0,0.0000,0,0.0000,0,0,0,702,0
5855,3.1241,10.4919,0.0014,0.0000,0,0,0.0000,0,0.0000,0,0,0,696,0
5856,5.9434,5.8500,0.0022,0.0000,0,0,0.0000,0,0.0000,0,0,0,601,0
5857,3.3764,5.6175,0.0013,0.0000,0,0,0.0000,0,0.0000,0,0,0,601,0
5858,3.2815,10.3990,0.0019,0.0000,0,0,0.0000,0,0.0000,0,0,0,701,0
5859,3.1241,10.3923,0.0006,0.0000,0,0,0.0000,0,0.0000,0,0,0,696,0
5860,5.9434,5.7739,0.0033,0.0000,0,0,0.0000,0,0.0000,0,0,0,601,0
5861,3.3764,5.5157,0.0011,0.0000,0,0,0.0000,0,0.0000,0,0,0,601,0
5862,3.2815,10.2960,0.0023,0.0000,0,0,0.0000,0,0.0000,0,0,0,704,0
5863,3.1241,10.1966,0.0010,0.0000,0,0,0.0000,0,0.0000,0,0,0,701,0
5864,5.9434,5.8060,0.0031,0.0000,0,0,0.0000,0,0.0000,0,0,0,601,0
5865,3.3764,5.6063,0.0028,0.0000,0,0,0.0000,0,0.0000,0,0,0,601,0
5866,3.2815,10.4616,0.0024,0.0000,0,0,0.0000,0,0.0000,0,0,0,701,0
5867,3.1241,10.4289,0.0008,0.0000,0,0,0.0000,0,0.0000,0,0,0,700,0
5868,5.9434,5.9085,0.0036,0.0000,0,0,0.0000,0,0.0000,0,0,0,601,0
5869,3.3764,5.6076,0.0008,0.0000,0,0,0.0000,0,0.0000,0,0,0,601,0
5870,3.2815,10.4122,0.0025,0.0000,0,0,0.0000,0,0.0000,0,0,0,701,0
5871,3.1241,10.2466,0.0010,0.0000,0,0,0.0000,0,0.0000,0,0,0,720,0
5872,5.9434,5.8329,0.0029,0.0000,0,0,0.0000,0,0.0000,0,0,0,601,0
5873,3.3764,5.5505,0.0008,0.0000,0,0,0.0000,0,0.0000,0,0,0,601,0
5874,3.2815,10.4054,0.0017,0.0000,0,0,0.0000,0,0.0000,0,0,0,702,0
5875,3.1241,10.3862,0.0007,0.0000,0,0,0.0000,0,0.0000,0,0,0,696,0
5876,5.9434,5.7825,0.0039,0.0000,0,0,0.0000,0,0.0000,0,0,0,601,0
5877,3.3764,5.5381,0.0004,0.0000,0,0,0.0000,0,0.0000,0,0,0,601,0
5878,3.2815,10.3643,0.0034,0.0000,0,0,0.0000,0,0.0000,0,0,0,712,0
5879,3.1241,10.3291,0.0005,0.0000,0,0,0.0000,0,0.0000,0,0,0,696,0
5880,5.9434,5.7550,0.0032,0.0000,0,0,0.0000,0,0.0000,0,0,0,601,0
5881,3.3764,5.5492,0.0005,0.0000,0,0,0.0000,0,0.0000,0,0,0,601,0
5882,3.2815,10.3217,0.0018,0.0000,0,0,0.0000,0,0.0000,0,0,0,696,0
5883,3.1241,10.2466,0.0005,0.0000,0,0,0.0000,0,0.0000,0,0,0,696,0
5884,5.9434,5.7585,0.0039,0.0000,0,0,0.0000,0,0.0000,0,0,0,601,0
5885,3.3764,5.5665,0.0010,0.0000,0,0,0.0000,0,0.0000,0,0,0,601,0
5886,3.2815,10.3308,0.0026,0.0000,0,0,0.0000,0,0.0000,0,0,0,696,0
5887,3.1241,10.2675,0.0010,0.0000,0,0,0.0000,0,0.0000,0,0,0,696,0
5888,5.9434,5.9568,0.0035,0.0000,0,0,0.0000,0,0.0000,0,0,0,601,0
5889,3.3764,5.5575,0.0010,0.0000,0,0,0.0000,0,0.0000,0,0,0,601,0
5890,3.2815,10.3652,0.0024,0.0000,0,0,0.0000,0,0.0000,0,0,0,696,0
5891,3.1241,10.3070,0.0011,0.0000,0,0,0.0000,0,0.0000,0,0,0,705,0
5892,5.9434,5.9295,0.0088,0.0000,0,0,0.0000,0,0.0000,0,0,0,601,0
5893,3.3764,5.5596,0.0008,0.0000,0,0,0.0000,0,0.0000,0,0,0,601,0
5894,3.2815,10.3663,0.0028,0.0000,0,0,0.0000,0,0.0000,0,0,0,696,0
5895,3.1241,10.2982,0.0011,0.0000,0,0,0.0000,0,0.0000,0,0,0,704,0
5896,5.9434,5.9305,0.0029,0.0000,0,0,0.0000,0,0.0000,0,0,0,601,0
5897,3.3764,5.6199,0.0009,0.0000,0,0,0.0000,0,0.0000,0,0,0,601,0
5898,3.2815,10.3514,0.0021,0.0000,0,0,0.0000,0,0.0000,0,0,0,706,0
5899,3.1241,10.3364,0.0010,0.0000,0,0,0.0000,0,0.0000,0,0,0,711,0
5900,5.9434,5.7995,0.0030,0.0000,0,0,0.0000,0,0.0000,0,0,0,601,0
5901,3.3764,5.5802,0.0020,0.0000,0,0,0.0000,0,0.0000,0,0,0,601,0
5902,3.2815,10.4217,0.0029,0.0000,0,0,0.0000,0,0.0000,0,0,0,702,0
5903,3.1241,10.3555,0.0008,0.0000,0,0,0.0000,0,0.0000,0,0,0,696,0
5904,5.9434,5.8181,0.0040,0.0000,0,0,0.0000,0,0.0000,0,0,0,601,0
5905,3.3764,5.5649,0.0010,0.0000,0,0,0.0000,0,0.0000,0,0,0,601,0
5906,3.2815,10.3757,0.0022,0.0000,0,0,0.0000,0,0.0000,0,0,0,702,0
5907,3.1241,10.3470,0.0008,0.0000,0,0,0.0000,0,0.0000,0,0,0,696,0
5908,5.9434,5.8238,0.0033,0.0000,0,0,0.0000,0,0.0000,0,0,0,601,0
5909,3.3764,5.5624,0.0010,0.0000,0,0,0.0000,0,0.0000,0,0,0,601,0
5910,3.2815,10.4448,0.0023,0.0000,0,0,0.0000,0,0.0000,0,0,0,696,0
5911,3.1241,10.4146,0.0010,0.0000,0,0,0.0000,0,0.0000,0,0,0,696,0
5912,5.9434,6.0037,0.0032,0.0000,0,0,0.0000,0,0.0000,0,0,0,601,0
5913,3.3764,5.5875,0.0010,0.0000,0,0,0.0000,0,0.0000,0,0,0,601,0
5914,3.2815,10.4446,0.0029,0.0000,0,0,0.0000,0,0.0000,0,0,0,696,0
5915,3.1241,10.3911,0.0008,0.0000,0,0,0.0000,0,0.0000,0,0,0,696,0
5916,5.9434,5.8472,0.0033,0.0000,0,0,0.0000,0,0.0000,0,0,0,601,0
5917,3.3764,5.5751,0.0009,0.0000,0,0,0.0000,0,0.0000,0,0,0,601,0
5918,3.2815,10.4790,0.0029,0.0000,0,0,0.0000,0,0.0000,0,0,0,696,0
5919,3.1241,10.4475,0.0010,0.0000,0,0,0.0000,0,0.0000,0,0,0,701,0
5920,5.9434,5.9625,0.0027,0.0000,0,0,0.0000,0,0.0000,0,0,0,601,0
5921,3.3764,5.5807,0.0005,0.0000,0,0,0.0000,0,0.0000,0,0,0,601,0
5922,3.2815,10.3670,0.0024,0.0000,0,0,0.0000,0,0.0000,0,0,0,709,0
5923,3.1241,10.2979,0.0010,0.0000,0,0,0.0000,0,0.0000,0,0,0,696,0
5924,5.9434,5.8395,0.0032,0.0000,0,0,0.0000,0,0.0000,0,0,0,601,0
5925,3.3764,5.5385,0.0007,0.0000,0,0,0.0000,0,0.0000,0,0,0,601,0
5926,3.2815,10.3936,0.0026,0.0000,0,0,0.0000,0,0.0000,0,0,0,696,0
5927,3.1241,10.2816,0.0008,0.0000,0,0,0.0000,0,0.0000,0,0,0,707,0
5928,5.9434,5.8490,0.0034,0.0000,0,0,0.0000,0,0.0000,0,0,0,601,0
5929,3.3764,5.5653,0.0034,0.0000,0,0,0.0000,0,0.0000,0,0,0,601,0
5930,3.2815,10.4489,0.0024,0.0000,0,0,0.0000,0,0.0000,0,0,0,696,0
5931,3.1241,10.4194,0.0008,0.0000,0,0,0.0000,0,0.0000,0,0,0,698,0
5932,5.9434,5.9146,0.0030,0.0000,0,0,0.0000,0,0.0000,0,0,0,601,0
5933,3.3764,5.5916,0.0009,0.0000,0,0,0.0000,0,0.0000,0,0,0,601,0
5934,3.2815,10.3707,0.0020,0.0000,0,0,0.0000,0,0.0000,0,0,0,696,0
5935,3.1241,10.3328,0.0005,0.0000,0,0,0.0000,0,0.0000,0,0,0,696,0
5936,5.9434,5.9210,0.0031,0.0000,0,0,0.0000,0,0.0000,0,0,0,601,0
5937,3.3764,5.5758,0.0010,0.0000,0,0,0.0000,0,0.0000,0,0,0,601,0
5938,3.2815,10.4151,0.0029,0.0000,0,0,0.0000,0,0.0000,0,0,0,696,0
5939,3.1241,10.3272,0.0010,0.0000,0,0,0.0000,0,0.0000,0,0,0,696,0
5940,5.9434,5.8788,0.0025,0.0000,0,0,0.0000,0,0.0000,0,0,0,601,0
5941,3.3764,5.5537,0.0025,0.0000,0,0,0.0000,0,0.0000,0,0,0,601,0
5942,3.2815,10.4648,0.0022,0.0000,0,0,0.0000,0,0.0000,0,0,0,696,0
5943,3.1241,10.3552,0.0021,0.0000,0,0,0.0000,0,0.0000,0,0,0,696,0
5944,5.9434,6.0052,0.0035,0.0000,0,0,0.0000,0,0.0000,0,0,0,601,0
5945,3.3764,5.5889,0.0010,0.0000,0,0,0.0000,0,0.0000,0,0,0,601,0
5946,3.2815,10.4633,0.0022,0.0000,0,0,0.0000,0,0.0000,0,0,0,696,0
5947,3.1241,10.4080,0.0010,0.0000,0,0,0.0000,0,0.0000,0,0,0,696,0
5948,5.9434,5.9451,0.0032,0.0000,0,0,0.0000,0,0.0000,0,0,0,601,0
5949,3.3764,5.5887,0.0009,0.0000,0,0,0.0000,0,0.0000,0,0,0,601,0
5950,3.2815,10.4418,0.0023,0.0000,0,0,0.0000,0,0.0000,0,0,0,696,0
5951,3.1241,10.3890,0.0006,0.0000,0,0,0.0000,0,0.0000,0,0,0,696,0
5952,5.9434,5.8644,0.0030,0.0000,0,0,0.0000,0,0.0000,0,0,0,601,0
5953,3.3764,5.5322,0.0010,0.0000,0,0,0.0000,0,0.0000,0,0,0,601,0
5954,3.2815,10.3472,0.0026,0.0000,0,0,0.0000,0,0.0000,0,0,0,696,0
5955,3.1241,10.2557,0.0010,0.0000,0,0,0.0000,0,0.0000,0,0,0,706,0
5956,5.9434,5.8487,0.0035,0.0000,0,0,0.0000,0,0.0000,0,0,0,601,0
5957,3.3764,5.5887,0.0005,0.0000,0,0,0.0000,0,0.0000,0,0,0,601,0
5958,3.2815,10.4367,0.0029,0.0000,0,0,0.0000,0,0.0000,0,0,0,696,0
5959,3.1241,10.4102,0.0006,0.0000,0,0,0.0000,0,0.0000,0,0,0,696,0
5960,5.9434,5.8062,0.0031,0.0000,0,0,0.0000,0,0.0000,0,0,0,601,0
5961,3.3764,5.5526,0.0031,0.0000,0,0,0.0000,0,0.0000,0,0,0,601,0
5962,3.2815,10.4944,0.0034,0.0000,0,0,0.0000,0,0.0000,0,0,0,696,0
5963,3.1241,10.4200,0.0010,0.0000,0,0,0.0000,0,0.0000,0,0,0,696,0
5964,5.9434,5.9721,0.0043,0.0000,0,0,0.0000,0,0.0000,0,0,0,601,0
5965,3.3764,5.6033,0.0008,0.0000,0,0,0.0000,0,0.0000,0,0,0,601,0
5966,3.2815,10.5078,0.0013,0.0000,0,0,0.0000,0,0.0000,0,0,0,701,0
5967,3.1241,10.5035,0.0010,0.0000,0,0,0.0000,0,0.0000,0,0,0,696,0
5968,5.9434,6.0965,0.0030,0.0000,0,0,0.0000,0,0.0000,0,0,0,601,0
5969,3.3764,5.6860,0.0030,0.0000,0,0,0.0000,0,0.0000,0,0,0,601,0
5970,3.2815,10.5121,0.0016,0.0000,0,0,0.0000,0,0.0000,0,0,0,696,0
5971,3.1241,10.4889,0.0008,0.0000,0,0,0.0000,0,0.0000,0,0,0,696,0
5972,5.9434,5.9760,0.0025,0.0000,0,0,0.0000,0,0.0000,0,0,0,601,0
5973,3.3764,5.6637,0.0010,0.0000,0,0,0.0000,0,0.0000,0,0,0,601,0
5974,3.2815,10.5064,0.0013,0.0000,0,0,0.0000,0,0.0000,0,0,0,696,0
5975,3.1241,10.4657,0.0006,0.0000,0,0,0.0000,0,0.0000,0,0,0,696,0
5976,5.9434,6.0264,0.0057,0.0000,0,0,0.0000,0,0.0000,0,0,0,601,0
5977,3.3764,5.6490,0.0012,0.0000,0,0,0.0000,0,0.0000,0,0,0,601,0
5978,3.2815,10.6058,0.0010,0.0000,0,0,0.0000,0,0.0000,0,0,0,696,0
5979,3.1241,10.5891,0.0007,0.0000,0,0,0.0000,0,0.0000,0,0,0,696,0
5980,5.9434,5.8362,0.0024,0.0000,0,0,0.0000,0,0.0000,0,0,0,601,0
5981,3.3764,5.6064,0.0006,0.0000,0,0,0.0000,0,0.0000,0,0,0,601,0
5982,3.2815,10.4064,0.0014,0.0000,0,0,0.0000,0,0.0000,0,0,0,696,0
5983,3.1241,10.4141,0.0011,0.0000,0,0,0.0000,0,0.0000,0,0,0,706,0
5984,5.9434,5.8850,0.0016,0.0000,0,0,0.0000,0,0.0000,0,0,0,601,0
5985,3.3764,5.6931,0.0012,0.0000,0,0,0.0000,0,0.0000,0,0,0,601,0
5986,3.2815,10.4786,0.0016,0.0000,0,0,0.0000,0,0.0000,0,0,0,696,0
5987,3.1241,10.4847,0.0008,0.0000,0,0,0.0000,0,0.0000,0,0,0,696,0
5988,5.9434,5.7257,0.0009,0.0000,0,0,0.0000,0,0.0000,0,0,0,601,0
5989,3.3764,5.5968,0.0006,0.0000,0,0,0.0000,0,0.0000,0,0,0,601,0
5990,3.2815,10.4607,0.0008,0.0000,0,0,0.0000,0,0.0000,0,0,0,696,0
5991,3.1241,10.4709,0.0007,0.0000,0,0,0.0000,0,0.0000,0,0,0,696,0
5992,5.9434,5.6873,0.0009,0.0000,0,0,0.0000,0,0.0000,0,0,0,601,0
5993,3.3764,5.5885,0.0008,0.0000,0,0,0.0000,0,0.0000,0,0,0,601,0
5994,3.2815,10.3368,0.0009,0.0000,0,0,0.0000,0,0.0000,0,0,0,696,0
5995,3.1241,10.3345,0.0008,0.0000,0,0,0.0000,0,0.0000,0,0,0,696,0
5996,5.9434,5.7705,0.0014,0.0000,0,0,0.0000,0,0.0000,0,0,0,601,0
5997,3.3764,5.5761,0.0006,0.0000,0,0,0.0000,0,0.0000,0,0,0,601,0
5998,3.2815,10.4406,0.0013,0.0000,0,0,0.0000,0,0.0000,0,0,0,696,0
5999,3.1241,10.4395,0.0010,0.0000,0,0,0.0000,0,0.0000,0,0,0,703,0
6000,5.9434,44.8584,0.0088,0.0000,0,0,0.0000,0,0.0000,0,1,0,60271,0
6001,3.3764,30.9344,0.0104,0.0000,0,0,0.0000,0,0.0000,0,1,0,43482,0
6002,3.2815,25.8978,0.0067,0.0000,0,0,0.0000,0,0.0000,0,1,0,59828,0
6003,3.1241,25.3754,0.0108,0.0000,0,0,0.0000,0,0.0000,0,1,0,68126,0
6004,5.9434,5.9304,0.0136,0.0000,0,0,0.0000,0,0.0000,0,0,0,16498,0
6005,3.3764,5.6867,0.0075,0.0000,0,0,0.0000,0,0.0000,0,0,0,14403,0
6006,3.2815,10.5241,0.0094,0.0000,0,0,0.0000,0,0.0000,0,0,0,17862,0
6007,3.1241,10.4830,0.0067,0.0000,0,0,0.0000,0,0.0000,0,0,0,17138,0
6008,5.9434,5.8665,0.0041,0.0000,0,0,0.0000,0,0.0000,0,0,0,9226,0
6009,3.3764,5.6388,0.0033,0.0000,0,0,0.0000,0,0.0000,0,0,0,6914,0
6010,3.2815,10.4323,0.0036,0.0000,0,0,0.0000,0,0.0000,0,0,0,11125,0
6011,3.1241,10.3883,0.0021,0.0000,0,0,0.0000,0,0.0000,0,0,0,9621,0
6012,5.9434,5.8886,0.0092,0.0000,0,0,0.0000,0,0.0000,0,0,0,17369,0
6013,3.3764,5.6333,0.0025,0.0000,0,0,0.0000,0,0.0000,0,0,0,16755,0
6014,3.2815,10.6060,0.0031,0.0000,0,0,0.0000,0,0.0000,0,0,0,19658,0
6015,3.1241,10.4962,0.0049,0.0000,0,0,0.0000,0,0.0000,0,0,0,15622,0
6016,5.9434,5.9000,0.0056,0.0000,0,0,0.0000,0,0.0000,0,0,0,23309,0
6017,3.3764,5.7520,0.0121,0.0000,0,0,0.0000,0,0.0000,0,0,0,20346,0
6018,3.2815,10.4320,0.0089,0.0000,0,0,0.0000,0,0.0000,0,0,0,22802,0
6019,3.1241,10.4060,0.0022,0.0000,0,0,0.0000,0,0.0000,0,0,0,21407,0
6020,5.9434,5.8071,0.0022,0.0000,0,0,0.0000,0,0.0000,0,0,0,13027,0
6021,3.3764,5.6344,0.0018,0.0000,0,0,0.0000,0,0.0000,0,0,0,11737,0
6022,3.2815,10.5547,0.0029,0.0000,0,0,0.0000,0,0.0000,0,0,0,12722,0
6023,3.1241,10.5254,0.0020,0.0000,0,0,0.0000,0,0.0000,0,0,0,16214,0
6024,5.9434,5.7526,0.0017,0.0000,0,0,0.0000,0,0.0000,0,0,0,7002,0
6025,3.3764,5.6037,0.0018,0.0000,0,0,0.0000,0,0.0000,0,0,0,5132,0
6026,3.2815,10.4818,0.0032,0.0000,0,0,0.0000,0,0.0000,0,0,0,7491,0
6027,3.1241,10.4284,0.0014,0.0000,0,0,0.0000,0,0.0000,0,0,0,4790,0
6028,5.9434,5.8757,0.0045,0.0000,0,0,0.0000,0,0.0000,0,0,0,3933,0
6029,3.3764,5.7032,0.0009,0.0000,0,0,0.0000,0,0.0000,0,0,0,3799,0
6030,3.2815,10.3752,0.0011,0.0000,0,0,0.0000,0,0.0000,0,0,0,4399,0
6031,3.1241,10.2918,0.0015,0.0000,0,0,0.0000,0,0.0000,0,0,0,3276,0
6032,5.9434,5.7942,0.0021,0.0000,0,0,0.0000,0,0.0000,0,0,0,3260,0
6033,3.3764,5.5957,0.0012,0.0000,0,0,0.0000,0,0.0000,0,0,0,2850,0
6034,3.2815,10.4631,0.0015,0.0000,0,0,0.0000,0,0.0000,0,0,0,3280,0
6035,3.1241,10.4504,0.0015,0.0000,0,0,0.0000,0,0.0000,0,0,0,2761,0
6036,5.9434,5.7150,0.0011,0.0000,0,0,0.0000,0,0.0000,0,0,0,3090,0
6037,3.3764,5.5445,0.0012,0.0000,0,0,0.0000,0,0.0000,0,0,0,2691,0
6038,3.2815,10.5586,0.0010,0.0000,0,0,0.0000,0,0.0000,0,0,0,3020,0
6039,3.1241,10.5471,0.0017,0.0000,0,0,0.0000,0,0.0000,0,0,0,2648,0
6040,5.9434,5.6453,0.0010,0.0000,0,0,0.0000,0,0.0000,0,0,0,2664,0
6041,3.3764,5.5458,0.0008,0.0000,0,0,0.0000,0,0.0000,0,0,0,2213,0
6042,3.2815,10.3622,0.0008,0.0000,0,0,0.0000,0,0.0000,0,0,0,1084,0
6043,3.1241,10.3052,0.0007,0.0000,0,0,0.0000,0,0.0000,0,0,0,2638,0
6044,5.9434,5.5875,0.0010,0.0000,0,0,0.0000,0,0.0000,0,0,0,1673,0
6045,3.3764,5.5540,0.0013,0.0000,0,0,0.0000,0,0.0000,0,0,0,1302,0
6046,3.2815,10.3853,0.0011,0.0000,0,0,0.0000,0,0.0000,0,0,0,959,0
6047,3.1241,10.3668,0.0011,0.0000,0,0,0.0000,0,0.0000,0,0,0,2173,0
6048,5.9434,5.8979,0.0012,0.0000,0,0,0.0000,0,0.0000,0,0,0,1538,0
6049,3.3764,5.8061,0.0010,0.0000,0,0,0.0000,0,0.0000,0,0,0,1107,0
6050,3.2815,10.3685,0.0011,0.0000,0,0,0.0000,0,0.0000,0,0,0,819,0
6051,3.1241,10.3912,0.0011,0.0000,0,0,0.0000,0,0.0000,0,0,0,1668,0
6052,5.9434,5.7050,0.0015,0.0000,0,0,0.0000,0,0.0000,0,0,0,1248,0
6053,3.3764,5.6198,0.0010,0.0000,0,0,0.0000,0,0.0000,0,0,0,944,0
6054,3.2815,10.3626,0.0010,0.0000,0,0,0.0000,0,0.0000,0,0,0,945,0
6055,3.1241,10.3206,0.0019,0.0000,0,0,0.0000,0,0.0000,0,0,0,743,0
6056,5.9434,5.6353,0.0014,0.0000,0,0,0.0000,0,0.0000,0,0,0,1198,0
6057,3.3764,5.5400,0.0012,0.0000,0,0,0.0000,0,0.0000,0,0,0,836,0
6058,3.2815,10.3550,0.0013,0.0000,0,0,0.0000,0,0.0000,0,0,0,1250,0
6059,3.1241,10.3470,0.0014,0.0000,0,0,0.0000,0,0.0000,0,0,0,717,0
6060,5.9434,5.7848,0.0009,0.0000,0,0,0.0000,0,0.0000,0,0,0,1168,0
6061,3.3764,5.6392,0.0035,0.0000,0,0,0.0000,0,0.0000,0,0,0,792,0
6062,3.2815,10.5510,0.0012,0.0000,0,0,0.0000,0,0.0000,0,0,0,1108,0
6063,3.1241,10.4684,0.0012,0.0000,0,0,0.0000,0,0.0000,0,0,0,792,0
6064,5.9434,5.6899,0.0012,0.0000,0,0,0.0000,0,0.0000,0,0,0,1037,0
6065,3.3764,5.6039,0.0012,0.0000,0,0,0.0000,0,0.0000,0,0,0,722,0
6066,3.2815,10.4009,0.0024,0.0000,0,0,0.0000,0,0.0000,0,0,0,1361,0
6067,3.1241,10.2823,0.0013,0.0000,0,0,0.0000,0,0.0000,0,0,0,925,0
6068,5.9434,5.7290,0.0013,0.0000,0,0,0.0000,0,0.0000,0,0,0,987,0
6069,3.3764,5.6388,0.0066,0.0000,0,0,0.0000,0,0.0000,0,0,0,676,0
6070,3.2815,10.4927,0.0013,0.0000,0,0,0.0000,0,0.0000,0,0,0,1198,0
6071,3.1241,10.4445,0.0010,0.0000,0,0,0.0000,0,0.0000,0,0,0,1094,0
6072,5.9434,5.8639,0.0018,0.0000,0,0,0.0000,0,0.0000,0,0,0,879,0
6073,3.3764,5.6709,0.0010,0.0000,0,0,0.0000,0,0.0000,0,0,0,648,0
6074,3.2815,10.4965,0.0013,0.0000,0,0,0.0000,0,0.0000,0,0,0,1117,0
6075,3.1241,10.4518,0.0015,0.0000,0,0,0.0000,0,0.0000,0,0,0,1077,0
6076,5.9434,5.9555,0.0027,0.0000,0,0,0.0000,0,0.0000,0,0,0,746,0
6077,3.3764,5.7661,0.0017,0.0000,0,0,0.0000,0,0.0000,0,0,0,643,0
6078,3.2815,10.6689,0.0020,0.0000,0,0,0.0000,0,0.0000,0,0,0,1064,0
6079,3.1241,10.5601,0.0016,0.0000,0,0,0.0000,0,0.0000,0,0,0,1295,0
6080,5.9434,5.9660,0.0042,0.0000,0,0,0.0000,0,0.0000,0,0,0,687,0
6081,3.3764,5.6652,0.0044,0.0000,0,0,0.0000,0,0.0000,0,0,0,622,0
6082,3.2815,10.5668,0.0044,0.0000,0,0,0.0000,0,0.0000,0,0,0,1368,0
6083,3.1241,10.4044,0.0017,0.0000,0,0,0.0000,0,0.0000,0,0,0,709,0
6084,5.9434,6.0136,0.0040,0.0000,0,0,0.0000,0,0.0000,0,0,0,716,0
6085,3.3764,5.7415,0.0009,0.0000,0,0,0.0000,0,0.0000,0,0,0,620,0
6086,3.2815,10.6905,0.0013,0.0000,0,0,0.0000,0,0.0000,0,0,0,710,0
6087,3.1241,10.3758,0.0013,0.0000,0,0,0.0000,0,0.0000,0,0,0,715,0
6088,5.9434,5.9429,0.0017,0.0000,0,0,0.0000,0,0.0000,0,0,0,717,0
6089,3.3764,5.7174,0.0020,0.0000,0,0,0.0000,0,0.0000,0,0,0,613,0
6090,3.2815,10.5437,0.0010,0.0000,0,0,0.0000,0,0.0000,0,0,0,696,0
6091,3.1241,10.4966,0.0013,0.0000,0,0,0.0000,0,0.0000,0,0,0,724,0
6092,5.9434,5.8630,0.0015,0.0000,0,0,0.0000,0,0.0000,0,0,0,685,0
6093,3.3764,5.6759,0.0008,0.0000,0,0,0.0000,0,0.0000,0,0,0,617,0
6094,3.2815,10.7786,0.0012,0.0000,0,0,0.0000,0,0.0000,0,0,0,755,0
6095,3.1241,10.7400,0.0022,0.0000,0,0,0.0000,0,0.0000,0,0,0,779,0
6096,5.9434,5.9673,0.0013,0.0000,0,0,0.0000,0,0.0000,0,0,0,664,0
6097,3.3764,5.7812,0.0013,0.0000,0,0,0.0000,0,0.0000,0,0,0,622,0
6098,3.2815,10.8052,0.0050,0.0000,0,0,0.0000,0,0.0000,0,0,0,785,0
6099,3.1241,10.7690,0.0011,0.0000,0,0,0.0000,0,0.0000,0,0,0,906,0
6100,5.9434,6.0813,0.0028,0.0000,0,0,0.0000,0,0.0000,0,0,0,636,0
6101,3.3764,5.8277,0.0015,0.0000,0,0,0.0000,0,0.0000,0,0,0,626,0
6102,3.2815,10.6952,0.0041,0.0000,0,0,0.0000,0,0.0000,0,0,0,868,0
6103,3.1241,10.5980,0.0016,0.0000,0,0,0.0000,0,0.0000,0,0,0,830,0
6104,5.9434,6.0814,0.0022,0.0000,0,0,0.0000,0,0.0000,0,0,0,635,0
6105,3.3764,5.6510,0.0018,0.0000,0,0,0.0000,0,0.0000,0,0,0,608,0
6106,3.2815,10.6889,0.0083,0.0000,0,0,0.0000,0,0.0000,0,0,0,801,0
6107,3.1241,10.5529,0.0019,0.0000,0,0,0.0000,0,0.0000,0,0,0,966,0
6108,5.9434,6.0785,0.0034,0.0000,0,0,0.0000,0,0.0000,0,0,0,650,0
6109,3.3764,5.7024,0.0015,0.0000,0,0,0.0000,0,0.0000,0,0,0,606,0
6110,3.2815,10.5850,0.0016,0.0000,0,0,0.0000,0,0.0000,0,0,0,1017,0
6111,3.1241,10.5365,0.0012,0.0000,0,0,0.0000,0,0.0000,0,0,0,705,0
6112,5.9434,5.9198,0.0017,0.0000,0,0,0.0000,0,0.0000,0,0,0,646,0
6113,3.3764,5.6854,0.0010,0.0000,0,0,0.0000,0,0.0000,0,0,0,607,0
6114,3.2815,10.5186,0.0013,0.0000,0,0,0.0000,0,0.0000,0,0,0,933,0
6115,3.1241,10.4851,0.0017,0.0000,0,0,0.0000,0,0.0000,0,0,0,703,0
6116,5.9434,5.8707,0.0019,0.0000,0,0,0.0000,0,0.0000,0,0,0,651,0
6117,3.3764,5.7129,0.0021,0.0000,0,0,0.0000,0,0.0000,0,0,0,609,0
6118,3.2815,10.5192,0.0013,0.0000,0,0,0.0000,0,0.0000,0,0,0,926,0
6119,3.1241,10.4508,0.0016,0.0000,0,0,0.0000,0,0.0000,0,0,0,728,0
6120,5.9434,6.1883,0.0022,0.0000,0,0,0.0000,0,0.0000,0,0,0,638,0
6121,3.3764,5.9007,0.0014,0.0000,0,0,0.0000,0,0.0000,0,0,0,601,0
6122,3.2815,10.6825,0.0012,0.0000,0,0,0.0000,0,0.0000,0,0,0,856,0
6123,3.1241,10.6103,0.0037,0.0000,0,0,0.0000,0,0.0000,0,0,0,752,0
6124,5.9434,5.9503,0.0014,0.0000,0,0,0.0000,0,0.0000,0,0,0,623,0
6125,3.3764,5.6984,0.0017,0.0000,0,0,0.0000,0,0.0000,0,0,0,601,0
6126,3.2815,10.8931,0.0070,0.0000,0,0,0.0000,0,0.0000,0,0,0,1082,0
6127,3.1241,10.8682,0.0020,0.0000,0,0,0.0000,0,0.0000,0,0,0,805,0
6128,5.9434,6.2196,0.0046,0.0000,0,0,0.0000,0,0.0000,0,0,0,626,0
6129,3.3764,5.7733,0.0045,0.0000,0,0,0.0000,0,0.0000,0,0,0,601,0
6130,3.2815,10.7034,0.0046,0.0000,0,0,0.0000,0,0.0000,0,0,0,712,0
6131,3.1241,10.5786,0.0020,0.0000,0,0,0.0000,0,0.0000,0,0,0,775,0
6132,5.9434,6.2987,0.0032,0.0000,0,0,0.0000,0,0.0000,0,0,0,622,0
6133,3.3764,5.8922,0.0013,0.0000,0,0,0.0000,0,0.0000,0,0,0,601,0
6134,3.2815,10.6393,0.0018,0.0000,0,0,0.0000,0,0.0000,0,0,0,709,0
6135,3.1241,10.5046,0.0013,0.0000,0,0,0.0000,0,0.0000,0,0,0,911,0
6136,5.9434,6.0171,0.0022,0.0000,0,0,0.0000,0,0.0000,0,0,0,611,0
6137,3.3764,5.7341,0.0013,0.0000,0,0,0.0000,0,0.0000,0,0,0,601,0
6138,3.2815,10.4537,0.0015,0.0000,0,0,0.0000,0,0.0000,0,0,0,723,0
6139,3.1241,10.3358,0.0008,0.0000,0,0,0.0000,0,0.0000,0,0,0,698,0
6140,5.9434,6.8182,0.0092,0.0000,0,0,0.0000,0,0.0000,0,0,0,618,0
6141,3.3764,5.8475,0.0092,0.0000,0,0,0.0000,0,0.0000,0,0,0,601,0
6142,3.2815,10.3308,0.0022,0.0000,0,0,0.0000,0,0.0000,0,0,0,744,0
6143,3.1241,10.2773,0.0015,0.0000,0,0,0.0000,0,0.0000,0,0,0,696,0
6144,5.9434,6.6141,0.0063,0.0000,0,0,0.0000,0,0.0000,0,0,0,605,0
6145,3.3764,5.9427,0.0015,0.0000,0,0,0.0000,0,0.0000,0,0,0,601,0
6146,3.2815,9.3810,0.0030,0.0000,0,0,0.0000,0,0.0000,0,0,0,786,0
6147,3.1241,9.9816,0.0032,0.0000,0,0,0.0000,0,0.0000,0,0,0,704,0
6148,5.9434,6.8788,0.0082,0.0000,0,0,0.0000,0,0.0000,0,0,0,606,0
6149,3.3764,6.0885,0.0082,0.0000,0,0,0.0000,0,0.0000,0,0,0,601,0
6150,3.2815,10.0185,0.0022,0.0000,0,0,0.0000,0,0.0000,0,0,0,780,0
6151,3.1241,9.9567,0.0018,0.0000,0,0,0.0000,0,0.0000,0,0,0,741,0
6152,5.9434,6.8978,0.0070,0.0000,0,0,0.0000,0,0.0000,0,0,0,605,0
6153,3.3764,5.8818,0.0018,0.0000,0,0,0.0000,0,0.0000,0,0,0,601,0
6154,3.2815,10.8328,0.0063,0.0000,0,0,0.0000,0,0.0000,0,0,0,808,0
6155,3.1241,10.4050,0.0063,0.0000,0,0,0.0000,0,0.0000,0,0,0,758,0
6156,5.9434,6.6870,0.0073,0.0000,0,0,0.0000,0,0.0000,0,0,0,606,0
6157,3.3764,5.8410,0.0073,0.0000,0,0,0.0000,0,0.0000,0,0,0,601,0
6158,3.2815,10.7957,0.0103,0.0000,0,0,0.0000,0,0.0000,0,0,0,795,0
6159,3.1241,10.5532,0.0391,0.0000,0,0,0.0000,0,0.0000,0,0,0,738,0
6160,5.9434,8.3495,0.0092,0.0000,0,0,0.0000,0,0.0000,0,0,0,601,0
6161,3.3764,7.4253,0.0020,0.0000,0,0,0.0000,0,0.0000,0,0,0,601,0
6162,3.2815,11.3387,0.0072,0.0000,0,0,0.0000,0,0.0000,0,0,0,771,0
6163,3.1241,10.4983,0.0020,0.0000,0,0,0.0000,0,0.0000,0,0,0,836,0
6164,5.9434,6.6851,0.0053,0.0000,0,0,0.0000,0,0.0000,0,0,0,601,0
6165,3.3764,5.7402,0.0015,0.0000,0,0,0.0000,0,0.0000,0,0,0,601,0
6166,3.2815,9.1687,0.0036,0.0000,0,0,0.0000,0,0.0000,0,0,0,779,0
6167,3.1241,9.0656,0.0018,0.0000,0,0,0.0000,0,0.0000,0,0,0,698,0
6168,5.9434,6.3354,0.0052,0.0000,0,0,0.0000,0,0.0000,0,0,0,601,0
6169,3.3764,5.8238,0.0048,0.0000,0,0,0.0000,0,0.0000,0,0,0,601,0
6170,3.2815,10.6602,0.0022,0.0000,0,0,0.0000,0,0.0000,0,0,0,967,0
6171,3.1241,10.5539,0.0013,0.0000,0,0,0.0000,0,0.0000,0,0,0,696,0
6172,5.9434,6.2679,0.0013,0.0000,0,0,0.0000,0,0.0000,0,0,0,601,0
6173,3.3764,5.9360,0.0018,0.0000,0,0,0.0000,0,0.0000,0,0,0,601,0
6174,3.2815,10.8233,0.0022,0.0000,0,0,0.0000,0,0.0000,0,0,0,710,0
6175,3.1241,10.7622,0.0018,0.0000,0,0,0.0000,0,0.0000,0,0,0,700,0
6176,5.9434,6.0685,0.0023,0.0000,0,0,0.0000,0,0.0000,0,0,0,601,0
6177,3.3764,5.7998,0.0012,0.0000,0,0,0.0000,0,0.0000,0,0,0,601,0
6178,3.2815,10.8775,0.0050,0.0000,0,0,0.0000,0,0.0000,0,0,0,703,0
6179,3.1241,10.7787,0.0012,0.0000,0,0,0.0000,0,0.0000,0,0,0,721,0
6180,5.9434,6.4414,0.0054,0.0000,0,0,0.0000,0,0.0000,0,0,0,601,0
6181,3.3764,5.9329,0.0042,0.0000,0,0,0.0000,0,0.0000,0,0,0,601,0
6182,3.2815,10.8387,0.0042,0.0000,0,0,0.0000,0,0.0000,0,0,0,708,0
6183,3.1241,10.6245,0.0020,0.0000,0,0,0.0000,0,0.0000,0,0,0,783,0
6184,5.9434,6.1446,0.0035,0.0000,0,0,0.0000,0,0.0000,0,0,0,601,0
6185,3.3764,5.7058,0.0018,0.0000,0,0,0.0000,0,0.0000,0,0,0,601,0
6186,3.2815,10.6706,0.0023,0.0000,0,0,0.0000,0,0.0000,0,0,0,751,0
6187,3.1241,10.4318,0.0014,0.0000,0,0,0.0000,0,0.0000,0,0,0,755,0
6188,5.9434,6.2280,0.0055,0.0000,0,0,0.0000,0,0.0000,0,0,0,601,0
6189,3.3764,5.8332,0.0010,0.0000,0,0,0.0000,0,0.0000,0,0,0,601,0
6190,3.2815,10.7180,0.0014,0.0000,0,0,0.0000,0,0.0000,0,0,0,762,0
6191,3.1241,10.7168,0.0009,0.0000,0,0,0.0000,0,0.0000,0,0,0,801,0
6192,5.9434,5.8869,0.0010,0.0000,0,0,0.0000,0,0.0000,0,0,0,601,0
6193,3.3764,5.5906,0.0004,0.0000,0,0,0.0000,0,0.0000,0,0,0,601,0
6194,3.2815,10.5517,0.0008,0.0000,0,0,0.0000,0,0.0000,0,0,0,747,0
6195,3.1241,10.5511,0.0005,0.0000,0,0,0.0000,0,0.0000,0,0,0,696,0
6196,5.9434,6.6730,0.0063,0.0000,0,0,0.0000,0,0.0000,0,0,0,601,0
6197,3.3764,5.9857,0.0014,0.0000,0,0,0.0000,0,0.0000,0,0,0,601,0
6198,3.2815,10.2260,0.0066,0.0000,0,0,0.0000,0,0.0000,0,0,0,830,0
6199,3.1241,10.3371,0.0025,0.0000,0,0,0.0000,0,0.0000,0,0,0,701,0
6200,5.9434,6.9413,0.0060,0.0000,0,0,0.0000,0,0.0000,0,0,0,601,0
6201,3.3764,5.9554,0.0025,0.0000,0,0,0.0000,0,0.0000,0,0,0,601,0
6202,3.2815,10.1748,0.0029,0.0000,0,0,0.0000,0,0.0000,0,0,0,769,0
6203,3.1241,9.8968,0.0032,0.0000,0,0,0.0000,0,0.0000,0,0,0,696,0
6204,5.9434,6.7035,0.0075,0.0000,0,0,0.0000,0,0.0000,0,0,0,601,0
6205,3.3764,6.2309,0.0020,0.0000,0,0,0.0000,0,0.0000,0,0,0,601,0
6206,3.2815,9.7883,0.0024,0.0000,0,0,0.0000,0,0.0000,0,0,0,728,0
6207,3.1241,10.1720,0.0010,0.0000,0,0,0.0000,0,0.0000,0,0,0,717,0
6208,5.9434,6.1347,0.0050,0.0000,0,0,0.0000,0,0.0000,0,0,0,601,0
6209,3.3764,5.7240,0.0050,0.0000,0,0,0.0000,0,0.0000,0,0,0,601,0
6210,3.2815,10.5845,0.0021,0.0000,0,0,0.0000,0,0.0000,0,0,0,726,0
6211,3.1241,10.5307,0.0010,0.0000,0,0,0.0000,0,0.0000,0,0,0,731,0
6212,5.9434,5.8980,0.0025,0.0000,0,0,0.0000,0,0.0000,0,0,0,601,0
6213,3.3764,5.6664,0.0023,0.0000,0,0,0.0000,0,0.0000,0,0,0,601,0
6214,3.2815,10.5643,0.0017,0.0000,0,0,0.0000,0,0.0000,0,0,0,833,0
6215,3.1241,10.5719,0.0008,0.0000,0,0,0.0000,0,0.0000,0,0,0,722,0
6216,5.9434,6.0819,0.0035,0.0000,0,0,0.0000,0,0.0000,0,0,0,601,0
6217,3.3764,5.7061,0.0016,0.0000,0,0,0.0000,0,0.0000,0,0,0,601,0
6218,3.2815,10.3887,0.0009,0.0000,0,0,0.0000,0,0.0000,0,0,0,696,0
6219,3.1241,10.2918,0.0009,0.0000,0,0,0.0000,0,0.0000,0,0,0,758,0
6220,5.9434,6.2766,0.0060,0.0000,0,0,0.0000,0,0.0000,0,0,0,601,0
6221,3.3764,5.8284,0.0054,0.0000,0,0,0.0000,0,0.0000,0,0,0,601,0
6222,3.2815,10.4474,0.0029,0.0000,0,0,0.0000,0,0.0000,0,0,0,696,0
6223,3.1241,10.3588,0.0021,0.0000,0,0,0.0000,0,0.0000,0,0,0,696,0
6224,5.9434,6.7870,0.0078,0.0000,0,0,0.0000,0,0.0000,0,0,0,601,0
6225,3.3764,5.9481,0.0078,0.0000,0,0,0.0000,0,0.0000,0,0,0,601,0
6226,3.2815,16.7454,0.0092,0.0000,0,0,0.0000,0,0.0000,0,0,0,696,0
6227,3.1241,17.0186,0.0013,0.0000,0,0,0.0000,0,0.0000,0,0,0,705,0
6228,5.9434,5.8972,0.0015,0.0000,0,0,0.0000,0,0.0000,0,0,0,601,0
6229,3.3764,5.6573,0.0011,0.0000,0,0,0.0000,0,0.0000,0,0,0,601,0
6230,3.2815,10.8520,0.0039,0.0000,0,0,0.0000,0,0.0000,0,0,0,696,0
6231,3.1241,10.7888,0.0011,0.0000,0,0,0.0000,0,0.0000,0,0,0,707,0
6232,5.9434,6.1059,0.0027,0.0000,0,0,0.0000,0,0.0000,0,0,0,601,0
6233,3.3764,5.8393,0.0041,0.0000,0,0,0.0000,0,0.0000,0,0,0,601,0
6234,3.2815,10.6253,0.0014,0.0000,0,0,0.0000,0,0.0000,0,0,0,701,0
6235,3.1241,10.6132,0.0006,0.0000,0,0,0.0000,0,0.0000,0,0,0,707,0
6236,5.9434,6.0501,0.0021,0.0000,0,0,0.0000,0,0.0000,0,0,0,601,0
6237,3.3764,5.7517,0.0009,0.0000,0,0,0.0000,0,0.0000,0,0,0,601,0
6238,3.2815,10.6218,0.0010,0.0000,0,0,0.0000,0,0.0000,0,0,0,703,0
6239,3.1241,10.6438,0.0005,0.0000,0,0,0.0000,0,0.0000,0,0,0,736,0
6240,5.9434,6.0689,0.0022,0.0000,0,0,0.0000,0,0.0000,0,0,0,601,0
6241,3.3764,5.7279,0.0010,0.0000,0,0,0.0000,0,0.0000,0,0,0,601,0
6242,3.2815,10.4946,0.0015,0.0000,0,0,0.0000,0,0.0000,0,0,0,716,0
6243,3.1241,10.3765,0.0006,0.0000,0,0,0.0000,0,0.0000,0,0,0,719,0
6244,5.9434,5.8568,0.0017,0.0000,0,0,0.0000,0,0.0000,0,0,0,601,0
6245,3.3764,5.7386,0.0009,0.0000,0,0,0.0000,0,0.0000,0,0,0,601,0
6246,3.2815,10.5471,0.0013,0.0000,0,0,0.0000,0,0.0000,0,0,0,714,0
6247,3.1241,10.5525,0.0012,0.0000,0,0,0.0000,0,0.0000,0,0,0,775,0
6248,5.9434,5.8098,0.0016,0.0000,0,0,0.0000,0,0.0000,0,0,0,601,0
6249,3.3764,5.6727,0.0018,0.0000,0,0,0.0000,0,0.0000,0,0,0,601,0
6250,3.2815,10.2897,0.0009,0.0000,0,0,0.0000,0,0.0000,0,0,0,717,0
6251,3.1241,10.2131,0.0005,0.0000,0,0,0.0000,0,0.0000,0,0,0,701,0
6252,5.9434,6.3306,0.0065,0.0000,0,0,0.0000,0,0.0000,0,0,0,601,0
6253,3.3764,5.6764,0.0021,0.0000,0,0,0.0000,0,0.0000,0,0,0,601,0
6254,3.2815,10.5783,0.0066,0.0000,0,0,0.0000,0,0.0000,0,0,0,711,0
6255,3.1241,10.5647,0.0025,0.0000,0,0,0.0000,0,0.0000,0,0,0,701,0
6256,5.9434,6.4030,0.0037,0.0000,0,0,0.0000,0,0.0000,0,0,0,601,0
6257,3.3764,5.6903,0.0007,0.0000,0,0,0.0000,0,0.0000,0,0,0,601,0
6258,3.2815,8.2442,0.0009,0.0000,0,0,0.0000,0,0.0000,0,0,0,763,0
6259,3.1241,8.5066,0.0005,0.0000,0,0,0.0000,0,0.0000,0,0,0,701,0
6260,5.9434,6.1512,0.0016,0.0000,0,0,0.0000,0,0.0000,0,0,0,601,0
6261,3.3764,5.6740,0.0019,0.0000,0,0,0.0000,0,0.0000,0,0,0,601,0
6262,3.2815,10.0930,0.0030,0.0000,0,0,0.0000,0,0.0000,0,0,0,696,0
6263,3.1241,10.0490,0.0007,0.0000,0,0,0.0000,0,0.0000,0,0,0,715,0
6264,5.9434,5.9821,0.0037,0.0000,0,0,0.0000,0,0.0000,0,0,0,601,0
6265,3.3764,5.6534,0.0009,0.0000,0,0,0.0000,0,0.0000,0,0,0,601,0
6266,3.2815,10.6760,0.0020,0.0000,0,0,0.0000,0,0.0000,0,0,0,696,0
6267,3.1241,10.6943,0.0013,0.0000,0,0,0.0000,0,0.0000,0,0,0,726,0
6268,5.9434,5.7280,0.0013,0.0000,0,0,0.0000,0,0.0000,0,0,0,601,0
6269,3.3764,5.5883,0.0008,0.0000,0,0,0.0000,0,0.0000,0,0,0,601,0
6270,3.2815,10.2895,0.0008,0.0000,0,0,0.0000,0,0.0000,0,0,0,696,0
6271,3.1241,10.2212,0.0005,0.0000,0,0,0.0000,0,0.0000,0,0,0,714,0
6272,5.9434,6.1598,0.0069,0.0000,0,0,0.0000,0,0.0000,0,0,0,601,0
6273,3.3764,5.9008,0.0028,0.0000,0,0,0.0000,0,0.0000,0,0,0,601,0
6274,3.2815,10.8425,0.0030,0.0000,0,0,0.0000,0,0.0000,0,0,0,696,0
6275,3.1241,10.8324,0.0017,0.0000,0,0,0.0000,0,0.0000,0,0,0,789,0
6276,5.9434,6.3307,0.0013,0.0000,0,0,0.0000,0,0.0000,0,0,0,601,0
6277,3.3764,5.8133,0.0008,0.0000,0,0,0.0000,0,0.0000,0,0,0,601,0
6278,3.2815,9.9410,0.0043,0.0000,0,0,0.0000,0,0.0000,0,0,0,717,0
6279,3.1241,8.0392,0.0006,0.0000,0,0,0.0000,0,0.0000,0,0,0,703,0
6280,5.9434,6.7509,0.0053,0.0000,0,0,0.0000,0,0.0000,0,0,0,601,0
6281,3.3764,5.8104,0.0053,0.0000,0,0,0.0000,0,0.0000,0,0,0,601,0
6282,3.2815,10.4416,0.0075,0.0000,0,0,0.0000,0,0.0000,0,0,0,716,0
6283,3.1241,10.2576,0.0015,0.0000,0,0,0.0000,0,0.0000,0,0,0,705,0
6284,5.9434,6.3318,0.0053,0.0000,0,0,0.0000,0,0.0000,0,0,0,601,0
6285,3.3764,5.9318,0.0053,0.0000,0,0,0.0000,0,0.0000,0,0,0,601,0
6286,3.2815,10.6601,0.0038,0.0000,0,0,0.0000,0,0.0000,0,0,0,745,0
6287,3.1241,10.6130,0.0009,0.0000,0,0,0.0000,0,0.0000,0,0,0,700,0
6288,5.9434,6.0197,0.0074,0.0000,0,0,0.0000,0,0.0000,0,0,0,601,0
6289,3.3764,5.7682,0.0022,0.0000,0,0,0.0000,0,0.0000,0,0,0,601,0
6290,3.2815,10.4285,0.0033,0.0000,0,0,0.0000,0,0.0000,0,0,0,737,0
6291,3.1241,10.4054,0.0018,0.0000,0,0,0.0000,0,0.0000,0,0,0,706,0
6292,5.9434,6.6142,0.0071,0.0000,0,0,0.0000,0,0.0000,0,0,0,601,0
6293,3.3764,5.9661,0.0034,0.0000,0,0,0.0000,0,0.0000,0,0,0,601,0
6294,3.2815,10.4669,0.0034,0.0000,0,0,0.0000,0,0.0000,0,0,0,718,0
6295,3.1241,10.2657,0.0023,0.0000,0,0,0.0000,0,0.0000,0,0,0,723,0
6296,5.9434,6.4443,0.0062,0.0000,0,0,0.0000,0,0.0000,0,0,0,601,0
6297,3.3764,5.9355,0.0018,0.0000,0,0,0.0000,0,0.0000,0,0,0,601,0
6298,3.2815,10.0335,0.0026,0.0000,0,0,0.0000,0,0.0000,0,0,0,719,0
6299,3.1241,9.9555,0.0031,0.0000,0,0,0.0000,0,0.0000,0,0,0,714,0
6300,5.9434,6.4924,0.0061,0.0000,0,0,0.0000,0,0.0000,0,0,0,601,0
6301,3.3764,6.0201,0.0027,0.0000,0,0,0.0000,0,0.0000,0,0,0,601,0
6302,3.2815,10.1275,0.0027,0.0000,0,0,0.0000,0,0.0000,0,0,0,747,0
6303,3.1241,10.1760,0.0035,0.0000,0,0,0.0000,0,0.0000,0,0,0,769,0
6304,5.9434,10.7788,0.0054,0.0000,0,0,0.0000,0,0.0000,0,0,0,601,0
6305,3.3764,11.5569,0.0011,0.0000,0,0,0.0000,0,0.0000,0,0,0,601,0
6306,3.2815,5.7220,0.0009,0.0000,0,0,0.0000,0,0.0000,0,0,0,696,0
6307,3.1241,8.6785,0.0014,0.0000,0,0,0.0000,0,0.0000,0,0,0,704,0
6308,5.9434,5.8007,0.0027,0.0000,0,0,0.0000,0,0.0000,0,0,0,601,0
6309,3.3764,5.4875,0.0026,0.0000,0,0,0.0000,0,0.0000,0,0,0,601,0
6310,3.2815,10.5449,0.0021,0.0000,0,0,0.0000,0,0.0000,0,0,0,696,0
6311,3.1241,10.4861,0.0013,0.0000,0,0,0.0000,0,0.0000,0,0,0,707,0
6312,5.9434,5.8444,0.0072,0.0000,0,0,0.0000,0,0.0000,0,0,0,601,0
6313,3.3764,5.6219,0.0017,0.0000,0,0,0.0000,0,0.0000,0,0,0,601,0
6314,3.2815,10.3983,0.0024,0.0000,0,0,0.0000,0,0.0000,0,0,0,696,0
6315,3.1241,10.3006,0.0007,0.0000,0,0,0.0000,0,0.0000,0,0,0,714,0
6316,5.9434,6.6715,0.0058,0.0000,0,0,0.0000,0,0.0000,0,0,0,601,0
6317,3.3764,5.8362,0.0057,0.0000,0,0,0.0000,0,0.0000,0,0,0,601,0
6318,3.2815,10.5104,0.0025,0.0000,0,0,0.0000,0,0.0000,0,0,0,696,0
6319,3.1241,10.3820,0.0024,0.0000,0,0,0.0000,0,0.0000,0,0,0,709,0
6320,5.9434,6.5366,0.0074,0.0000,0,0,0.0000,0,0.0000,0,0,0,601,0
6321,3.3764,5.8880,0.0015,0.0000,0,0,0.0000,0,0.0000,0,0,0,601,0
6322,3.2815,10.0442,0.0050,0.0000,0,0,0.0000,0,0.0000,0,0,0,696,0
6323,3.1241,9.4185,0.0030,0.0000,0,0,0.0000,0,0.0000,0,0,0,732,0
6324,5.9434,6.7550,0.0130,0.0000,0,0,0.0000,0,0.0000,0,0,0,601,0
6325,3.3764,5.8201,0.0014,0.0000,0,0,0.0000,0,0.0000,0,0,0,601,0
6326,3.2815,10.1100,0.0028,0.0000,0,0,0.0000,0,0.0000,0,0,0,696,0
6327,3.1241,10.0442,0.0042,0.0000,0,0,0.0000,0,0.0000,0,0,0,719,0
6328,5.9434,6.3762,0.0053,0.0000,0,0,0.0000,0,0.0000,0,0,0,601,0
6329,3.3764,5.7653,0.0013,0.0000,0,0,0.0000,0,0.0000,0,0,0,601,0
6330,3.2815,10.2247,0.0057,0.0000,0,0,0.0000,0,0.0000,0,0,0,708,0
6331,3.1241,10.0369,0.0023,0.0000,0,0,0.0000,0,0.0000,0,0,0,751,0
6332,5.9434,6.5738,0.0022,0.0000,0,0,0.0000,0,0.0000,0,0,0,601,0
6333,3.3764,5.8052,0.0016,0.0000,0,0,0.0000,0,0.0000,0,0,0,601,0
6334,3.2815,11.8690,0.0137,0.0000,0,0,0.0000,0,0.0000,0,0,0,708,0
6335,3.1241,11.7460,0.0012,0.0000,0,0,0.0000,0,0.0000,0,0,0,696,0
6336,5.9434,6.5315,0.0018,0.0000,0,0,0.0000,0,0.0000,0,0,0,601,0
6337,3.3764,5.9793,0.0103,0.0000,0,0,0.0000,0,0.0000,0,0,0,601,0
6338,3.2815,9.9010,0.0079,0.0000,0,0,0.0000,0,0.0000,0,0,0,706,0
6339,3.1241,10.0412,0.0012,0.0000,0,0,0.0000,0,0.0000,0,0,0,701,0
6340,5.9434,6.6484,0.0083,0.0000,0,0,0.0000,0,0.0000,0,0,0,601,0
6341,3.3764,5.9147,0.0083,0.0000,0,0,0.0000,0,0.0000,0,0,0,601,0
6342,3.2815,10.6670,0.0037,0.0000,0,0,0.0000,0,0.0000,0,0,0,707,0
6343,3.1241,10.5266,0.0025,0.0000,0,0,0.0000,0,0.0000,0,0,0,703,0
6344,5.9434,6.9853,0.0073,0.0000,0,0,0.0000,0,0.0000,0,0,0,601,0
6345,3.3764,5.8667,0.0018,0.0000,0,0,0.0000,0,0.0000,0,0,0,601,0
6346,3.2815,10.4518,0.0048,0.0000,0,0,0.0000,0,0.0000,0,0,0,723,0
6347,3.1241,10.0711,0.0027,0.0000,0,0,0.0000,0,0.0000,0,0,0,707,0
6348,5.9434,6.5518,0.0077,0.0000,0,0,0.0000,0,0.0000,0,0,0,601,0
6349,3.3764,5.8572,0.0024,0.0000,0,0,0.0000,0,0.0000,0,0,0,601,0
6350,3.2815,10.0532,0.0030,0.0000,0,0,0.0000,0,0.0000,0,0,0,696,0
6351,3.1241,10.2015,0.0027,0.0000,0,0,0.0000,0,0.0000,0,0,0,708,0
6352,5.9434,6.6472,0.0104,0.0000,0,0,0.0000,0,0.0000,0,0,0,601,0
6353,3.3764,5.8667,0.0024,0.0000,0,0,0.0000,0,0.0000,0,0,0,601,0
6354,3.2815,10.4754,0.0054,0.0000,0,0,0.0000,0,0.0000,0,0,0,696,0
6355,3.1241,10.0895,0.0055,0.0000,0,0,0.0000,0,0.0000,0,0,0,712,0
6356,5.9434,6.7045,0.0063,0.0000,0,0,0.0000,0,0.0000,0,0,0,601,0
6357,3.3764,5.7945,0.0023,0.0000,0,0,0.0000,0,0.0000,0,0,0,601,0
6358,3.2815,10.0553,0.0027,0.0000,0,0,0.0000,0,0.0000,0,0,0,696,0
6359,3.1241,9.9343,0.0028,0.0000,0,0,0.0000,0,0.0000,0,0,0,754,0
6360,5.9434,6.6182,0.0060,0.0000,0,0,0.0000,0,0.0000,0,0,0,601,0
6361,3.3764,5.9952,0.0022,0.0000,0,0,0.0000,0,0.0000,0,0,0,601,0
6362,3.2815,10.2592,0.0080,0.0000,0,0,0.0000,0,0.0000,0,0,0,696,0
6363,3.1241,10.0486,0.0022,0.0000,0,0,0.0000,0,0.0000,0,0,0,696,0
6364,5.9434,6.8218,0.0059,0.0000,0,0,0.0000,0,0.0000,0,0,0,601,0
6365,3.3764,5.8347,0.0022,0.0000,0,0,0.0000,0,0.0000,0,0,0,601,0
6366,3.2815,10.0254,0.0014,0.0000,0,0,0.0000,0,0.0000,0,0,0,701,0
6367,3.1241,9.8562,0.0015,0.0000,0,0,0.0000,0,0.0000,0,0,0,706,0
6368,5.9434,6.6702,0.0084,0.0000,0,0,0.0000,0,0.0000,0,0,0,601,0
6369,3.3764,5.8439,0.0029,0.0000,0,0,0.0000,0,0.0000,0,0,0,601,0
6370,3.2815,10.3383,0.0089,0.0000,0,0,0.0000,0,0.0000,0,0,0,696,0
6371,3.1241,10.2283,0.0019,0.0000,0,0,0.0000,0,0.0000,0,0,0,700,0
6372,5.9434,6.1941,0.0049,0.0000,0,0,0.0000,0,0.0000,0,0,0,601,0
6373,3.3764,6.1081,0.0013,0.0000,0,0,0.0000,0,0.0000,0,0,0,601,0
6374,3.2815,9.7886,0.0022,0.0000,0,0,0.0000,0,0.0000,0,0,0,707,0
6375,3.1241,9.8833,0.0014,0.0000,0,0,0.0000,0,0.0000,0,0,0,704,0
6376,5.9434,6.2203,0.0045,0.0000,0,0,0.0000,0,0.0000,0,0,0,601,0
6377,3.3764,5.7606,0.0018,0.0000,0,0,0.0000,0,0.0000,0,0,0,601,0
6378,3.2815,10.5775,0.0016,0.0000,0,0,0.0000,0,0.0000,0,0,0,701,0
6379,3.1241,10.5481,0.0012,0.0000,0,0,0.0000,0,0.0000,0,0,0,715,0
6380,5.9434,5.9894,0.0021,0.0000,0,0,0.0000,0,0.0000,0,0,0,601,0
6381,3.3764,5.7032,0.0008,0.0000,0,0,0.0000,0,0.0000,0,0,0,601,0
6382,3.2815,10.6776,0.0029,0.0000,0,0,0.0000,0,0.0000,0,0,0,702,0
6383,3.1241,10.6467,0.0021,0.0000,0,0,0.0000,0,0.0000,0,0,0,700,0
6384,5.9434,6.1630,0.0019,0.0000,0,0,0.0000,0,0.0000,0,0,0,601,0
6385,3.3764,5.8611,0.0008,0.0000,0,0,0.0000,0,0.0000,0,0,0,601,0
6386,3.2815,11.8710,0.0134,0.0000,0,0,0.0000,0,0.0000,0,0,0,711,0
6387,3.1241,11.9370,0.0021,0.0000,0,0,0.0000,0,0.0000,0,0,0,764,0
6388,5.9434,5.7279,0.0042,0.0000,0,0,0.0000,0,0.0000,0,0,0,601,0
6389,3.3764,5.6638,0.0021,0.0000,0,0,0.0000,0,0.0000,0,0,0,601,0
6390,3.2815,10.4592,0.0026,0.0000,0,0,0.0000,0,0.0000,0,0,0,722,0
6391,3.1241,10.4900,0.0015,0.0000,0,0,0.0000,0,0.0000,0,0,0,696,0
6392,5.9434,6.3172,0.0051,0.0000,0,0,0.0000,0,0.0000,0,0,0,601,0
6393,3.3764,5.7803,0.0016,0.0000,0,0,0.0000,0,0.0000,0,0,0,601,0
6394,3.2815,10.0559,0.0050,0.0000,0,0,0.0000,0,0.0000,0,0,0,696,0
6395,3.1241,9.8943,0.0024,0.0000,0,0,0.0000,0,0.0000,0,0,0,696,0
6396,5.9434,6.2218,0.0053,0.0000,0,0,0.0000,0,0.0000,0,0,0,601,0
6397,3.3764,5.7607,0.0018,0.0000,0,0,0.0000,0,0.0000,0,0,0,601,0
6398,3.2815,10.4273,0.0059,0.0000,0,0,0.0000,0,0.0000,0,0,0,696,0
6399,3.1241,10.2615,0.0032,0.0000,0,0,0.0000,0,0.0000,0,0,0,696,0
6400,5.9434,6.3051,0.0051,0.0000,0,0,0.0000,0,0.0000,0,0,0,601,0
6401,3.3764,5.7569,0.0020,0.0000,0,0,0.0000,0,0.0000,0,0,0,601,0
6402,3.2815,10.1088,0.0027,0.0000,0,0,0.0000,0,0.0000,0,0,0,696,0
6403,3.1241,9.8912,0.0018,0.0000,0,0,0.0000,0,0.0000,0,0,0,700,0
6404,5.9434,6.6910,0.0060,0.0000,0,0,0.0000,0,0.0000,0,0,0,601,0
6405,3.3764,6.0022,0.0018,0.0000,0,0,0.0000,0,0.0000,0,0,0,601,0
6406,3.2815,10.4106,0.0055,0.0000,0,0,0.0000,0,0.0000,0,0,0,705,0
6407,3.1241,10.2328,0.0027,0.0000,0,0,0.0000,0,0.0000,0,0,0,702,0
6408,5.9434,5.9005,0.0027,0.0000,0,0,0.0000,0,0.0000,0,0,0,601,0
6409,3.3764,5.6315,0.0013,0.0000,0,0,0.0000,0,0.0000,0,0,0,601,0
6410,3.2815,10.3197,0.0035,0.0000,0,0,0.0000,0,0.0000,0,0,0,708,0
6411,3.1241,10.1550,0.0022,0.0000,0,0,0.0000,0,0.0000,0,0,0,706,0
6412,5.9434,5.9858,0.0023,0.0000,0,0,0.0000,0,0.0000,0,0,0,601,0
6413,3.3764,5.5703,0.0012,0.0000,0,0,0.0000,0,0.0000,0,0,0,601,0
6414,3.2815,10.4982,0.0018,0.0000,0,0,0.0000,0,0.0000,0,0,0,707,0
6415,3.1241,10.4621,0.0008,0.0000,0,0,0.0000,0,0.0000,0,0,0,721,0
6416,5.9434,6.0079,0.0018,0.0000,0,0,0.0000,0,0.0000,0,0,0,601,0
6417,3.3764,5.6818,0.0009,0.0000,0,0,0.0000,0,0.0000,0,0,0,601,0
6418,3.2815,10.5371,0.0011,0.0000,0,0,0.0000,0,0.0000,0,0,0,708,0
6419,3.1241,10.5227,0.0006,0.0000,0,0,0.0000,0,0.0000,0,0,0,696,0
6420,5.9434,6.6002,0.0072,0.0000,0,0,0.0000,0,0.0000,0,0,0,601,0
6421,3.3764,5.8792,0.0024,0.0000,0,0,0.0000,0,0.0000,0,0,0,601,0
6422,3.2815,10.4322,0.0055,0.0000,0,0,0.0000,0,0.0000,0,0,0,706,0
6423,3.1241,10.3556,0.0029,0.0000,0,0,0.0000,0,0.0000,0,0,0,696,0
6424,5.9434,6.7223,0.0071,0.0000,0,0,0.0000,0,0.0000,0,0,0,601,0
6425,3.3764,6.3058,0.0024,0.0000,0,0,0.0000,0,0.0000,0,0,0,601,0
6426,3.2815,9.1934,0.0022,0.0000,0,0,0.0000,0,0.0000,0,0,0,711,0
6427,3.1241,7.8261,0.0024,0.0000,0,0,0.0000,0,0.0000,0,0,0,696,0
6428,5.9434,6.4223,0.0057,0.0000,0,0,0.0000,0,0.0000,0,0,0,601,0
6429,3.3764,5.7787,0.0018,0.0000,0,0,0.0000,0,0.0000,0,0,0,601,0
6430,3.2815,10.0248,0.0020,0.0000,0,0,0.0000,0,0.0000,0,0,0,706,0
6431,3.1241,9.5434,0.0021,0.0000,0,0,0.0000,0,0.0000,0,0,0,702,0
6432,5.9434,6.7127,0.0111,0.0000,0,0,0.0000,0,0.0000,0,0,0,601,0
6433,3.3764,5.8329,0.0017,0.0000,0,0,0.0000,0,0.0000,0,0,0,601,0
6434,3.2815,10.4816,0.0075,0.0000,0,0,0.0000,0,0.0000,0,0,0,748,0
6435,3.1241,10.0925,0.0022,0.0000,0,0,0.0000,0,0.0000,0,0,0,702,0
6436,5.9434,6.4797,0.0027,0.0000,0,0,0.0000,0,0.0000,0,0,0,601,0
6437,3.3764,5.6217,0.0018,0.0000,0,0,0.0000,0,0.0000,0,0,0,601,0
6438,3.2815,10.5365,0.0058,0.0000,0,0,0.0000,0,0.0000,0,0,0,696,0
6439,3.1241,10.4387,0.0018,0.0000,0,0,0.0000,0,0.0000,0,0,0,702,0
6440,5.9434,6.4887,0.0048,0.0000,0,0,0.0000,0,0.0000,0,0,0,601,0
6441,3.3764,6.0312,0.0021,0.0000,0,0,0.0000,0,0.0000,0,0,0,601,0
6442,3.2815,10.8877,0.0018,0.0000,0,0,0.0000,0,0.0000,0,0,0,696,0
6443,3.1241,10.8150,0.0022,0.0000,0,0,0.0000,0,0.0000,0,0,0,742,0
6444,5.9434,6.1845,0.0024,0.0000,0,0,0.0000,0,0.0000,0,0,0,601,0
6445,3.3764,5.8763,0.0008,0.0000,0,0,0.0000,0,0.0000,0,0,0,601,0
6446,3.2815,10.6973,0.0010,0.0000,0,0,0.0000,0,0.0000,0,0,0,696,0
6447,3.1241,10.6831,0.0005,0.0000,0,0,0.0000,0,0.0000,0,0,0,696,0
6448,5.9434,6.7513,0.0072,0.0000,0,0,0.0000,0,0.0000,0,0,0,601,0
6449,3.3764,5.8398,0.0072,0.0000,0,0,0.0000,0,0.0000,0,0,0,601,0
6450,3.2815,10.4550,0.0075,0.0000,0,0,0.0000,0,0.0000,0,0,0,696,0
6451,3.1241,10.1517,0.0075,0.0000,0,0,0.0000,0,0.0000,0,0,0,696,0
6452,5.9434,6.7975,0.0013,0.0000,0,0,0.0000,0,0.0000,0,0,0,601,0
6453,3.3764,5.7734,0.0006,0.0000,0,0,0.0000,0,0.0000,0,0,0,601,0
6454,3.2815,9.7193,0.0175,0.0000,0,0,0.0000,0,0.0000,0,0,0,702,0
6455,3.1241,9.6326,0.0016,0.0000,0,0,0.0000,0,0.0000,0,0,0,696,0
6456,5.9434,6.3686,0.0027,0.0000,0,0,0.0000,0,0.0000,0,0,0,601,0
6457,3.3764,6.3325,0.0016,0.0000,0,0,0.0000,0,0.0000,0,0,0,601,0
6458,3.2815,9.3893,0.0010,0.0000,0,0,0.0000,0,0.0000,0,0,0,701,0
6459,3.1241,9.9527,0.0005,0.0000,0,0,0.0000,0,0.0000,0,0,0,696,0
6460,5.9434,6.7868,0.0071,0.0000,0,0,0.0000,0,0.0000,0,0,0,601,0
6461,3.3764,5.8222,0.0071,0.0000,0,0,0.0000,0,0.0000,0,0,0,601,0
6462,3.2815,10.5992,0.0031,0.0000,0,0,0.0000,0,0.0000,0,0,0,704,0
6463,3.1241,10.4398,0.0017,0.0000,0,0,0.0000,0,0.0000,0,0,0,701,0
6464,5.9434,6.6698,0.0014,0.0000,0,0,0.0000,0,0.0000,0,0,0,601,0
6465,3.3764,5.8391,0.0015,0.0000,0,0,0.0000,0,0.0000,0,0,0,601,0
6466,3.2815,10.2937,0.0099,0.0000,0,0,0.0000,0,0.0000,0,0,0,701,0
6467,3.1241,10.0837,0.0025,0.0000,0,0,0.0000,0,0.0000,0,0,0,700,0
6468,5.9434,6.6578,0.0074,0.0000,0,0,0.0000,0,0.0000,0,0,0,601,0
6469,3.3764,5.6677,0.0030,0.0000,0,0,0.0000,0,0.0000,0,0,0,601,0
6470,3.2815,10.0373,0.0083,0.0000,0,0,0.0000,0,0.0000,0,0,0,701,0
6471,3.1241,10.3178,0.0031,0.0000,0,0,0.0000,0,0.0000,0,0,0,720,0
6472,5.9434,6.6012,0.0056,0.0000,0,0,0.0000,0,0.0000,0,0,0,601,0
6473,3.3764,5.9662,0.0007,0.0000,0,0,0.0000,0,0.0000,0,0,0,601,0
6474,3.2815,9.8454,0.0018,0.0000,0,0,0.0000,0,0.0000,0,0,0,702,0
6475,3.1241,9.9304,0.0006,0.0000,0,0,0.0000,0,0.0000,0,0,0,696,0
6476,5.9434,5.8760,0.0019,0.0000,0,0,0.0000,0,0.0000,0,0,0,601,0
6477,3.3764,5.6035,0.0010,0.0000,0,0,0.0000,0,0.0000,0,0,0,601,0
6478,3.2815,10.5129,0.0009,0.0000,0,0,0.0000,0,0.0000,0,0,0,712,0
6479,3.1241,10.5109,0.0006,0.0000,0,0,0.0000,0,0.0000,0,0,0,696,0
6480,5.9434,6.4087,0.0093,0.0000,0,0,0.0000,0,0.0000,0,0,0,601,0
6481,3.3764,5.7933,0.0436,0.0000,0,0,0.0000,0,0.0000,0,0,0,601,0
6482,3.2815,10.5228,0.0041,0.0000,0,0,0.0000,0,0.0000,0,0,0,696,0
6483,3.1241,10.3745,0.0022,0.0000,0,0,0.0000,0,0.0000,0,0,0,696,0
6484,5.9434,6.3782,0.0056,0.0000,0,0,0.0000,0,0.0000,0,0,0,601,0
6485,3.3764,5.7552,0.0015,0.0000,0,0,0.0000,0,0.0000,0,0,0,601,0
6486,3.2815,9.9871,0.0020,0.0000,0,0,0.0000,0,0.0000,0,0,0,696,0
6487,3.1241,9.9764,0.0019,0.0000,0,0,0.0000,0,0.0000,0,0,0,696,0
6488,5.9434,6.3375,0.0065,0.0000,0,0,0.0000,0,0.0000,0,0,0,601,0
6489,3.3764,5.8484,0.0031,0.0000,0,0,0.0000,0,0.0000,0,0,0,601,0
6490,3.2815,10.0965,0.0048,0.0000,0,0,0.0000,0,0.0000,0,0,0,696,0
6491,3.1241,9.9404,0.0026,0.0000,0,0,0.0000,0,0.0000,0,0,0,705,0
6492,5.9434,6.8455,0.0008,0.0000,0,0,0.0000,0,0.0000,0,0,0,601,0
6493,3.3764,5.7902,0.0010,0.0000,0,0,0.0000,0,0.0000,0,0,0,601,0
6494,3.2815,10.4058,0.0151,0.0000,0,0,0.0000,0,0.0000,0,0,0,696,0
6495,3.1241,9.8407,0.0151,0.0000,0,0,0.0000,0,0.0000,0,0,0,704,0
6496,5.9434,6.5458,0.0017,0.0000,0,0,0.0000,0,0.0000,0,0,0,601,0
6497,3.3764,5.7703,0.0016,0.0000,0,0,0.0000,0,0.0000,0,0,0,601,0
6498,3.2815,10.3231,0.0090,0.0000,0,0,0.0000,0,0.0000,0,0,0,706,0
6499,3.1241,10.0011,0.0090,0.0000,0,0,0.0000,0,0.0000,0,0,0,711,0
6500,5.9434,6.6679,0.0088,0.0000,0,0,0.0000,0,0.0000,0,0,0,601,0
6501,3.3764,5.7318,0.0022,0.0000,0,0,0.0000,0,0.0000,0,0,0,601,0
6502,3.2815,10.6461,0.0075,0.0000,0,0,0.0000,0,0.0000,0,0,0,702,0
6503,3.1241,10.3383,0.0042,0.0000,0,0,0.0000,0,0.0000,0,0,0,696,0
6504,5.9434,7.0702,0.0097,0.0000,0,0,0.0000,0,0.0000,0,0,0,601,0
6505,3.3764,5.8788,0.0018,0.0000,0,0,0.0000,0,0.0000,0,0,0,601,0
6506,3.2815,10.2920,0.0034,0.0000,0,0,0.0000,0,0.0000,0,0,0,702,0
6507,3.1241,9.4280,0.0030,0.0000,0,0,0.0000,0,0.0000,0,0,0,696,0
6508,5.9434,6.6382,0.0074,0.0000,0,0,0.0000,0,0.0000,0,0,0,601,0
6509,3.3764,5.7671,0.0027,0.0000,0,0,0.0000,0,0.0000,0,0,0,601,0
6510,3.2815,10.0276,0.0037,0.0000,0,0,0.0000,0,0.0000,0,0,0,696,0
6511,3.1241,9.9840,0.0022,0.0000,0,0,0.0000,0,0.0000,0,0,0,696,0
6512,5.9434,6.6783,0.0089,0.0000,0,0,0.0000,0,0.0000,0,0,0,601,0
6513,3.3764,5.8355,0.0030,0.0000,0,0,0.0000,0,0.0000,0,0,0,601,0
6514,3.2815,10.2351,0.0030,0.0000,0,0,0.0000,0,0.0000,0,0,0,696,0
6515,3.1241,9.9986,0.0023,0.0000,0,0,0.0000,0,0.0000,0,0,0,696,0
6516,5.9434,6.4226,0.0077,0.0000,0,0,0.0000,0,0.0000,0,0,0,601,0
6517,3.3764,5.7846,0.0015,0.0000,0,0,0.0000,0,0.0000,0,0,0,601,0
6518,3.2815,10.6113,0.0060,0.0000,0,0,0.0000,0,0.0000,0,0,0,696,0
6519,3.1241,10.3605,0.0033,0.0000,0,0,0.0000,0,0.0000,0,0,0,701,0
6520,5.9434,8.4902,0.0076,0.0000,0,0,0.0000,0,0.0000,0,0,0,601,0
6521,3.3764,7.3494,0.0075,0.0000,0,0,0.0000,0,0.0000,0,0,0,601,0
6522,3.2815,10.5002,0.0087,0.0000,0,0,0.0000,0,0.0000,0,0,0,709,0
6523,3.1241,9.0326,0.0037,0.0000,0,0,0.0000,0,0.0000,0,0,0,696,0
6524,5.9434,7.0359,0.0032,0.0000,0,0,0.0000,0,0.0000,0,0,0,601,0
6525,3.3764,5.8962,0.0025,0.0000,0,0,0.0000,0,0.0000,0,0,0,601,0
6526,3.2815,8.5464,0.0012,0.0000,0,0,0.0000,0,0.0000,0,0,0,696,0
6527,3.1241,10.2285,0.0007,0.0000,0,0,0.0000,0,0.0000,0,0,0,707,0
6528,5.9434,5.9549,0.0020,0.0000,0,0,0.0000,0,0.0000,0,0,0,601,0
6529,3.3764,5.6585,0.0034,0.0000,0,0,0.0000,0,0.0000,0,0,0,601,0
6530,3.2815,10.5823,0.0025,0.0000,0,0,0.0000,0,0.0000,0,0,0,696,0
6531,3.1241,10.4718,0.0011,0.0000,0,0,0.0000,0,0.0000,0,0,0,698,0
6532,5.9434,6.1342,0.0060,0.0000,0,0,0.0000,0,0.0000,0,0,0,601,0
6533,3.3764,5.7374,0.0009,0.0000,0,0,0.0000,0,0.0000,0,0,0,601,0
6534,3.2815,10.6692,0.0010,0.0000,0,0,0.0000,0,0.0000,0,0,0,696,0
6535,3.1241,10.6424,0.0007,0.0000,0,0,0.0000,0,0.0000,0,0,0,696,0
6536,5.9434,5.9530,0.0018,0.0000,0,0,0.0000,0,0.0000,0,0,0,601,0
6537,3.3764,5.7069,0.0018,0.0000,0,0,0.0000,0,0.0000,0,0,0,601,0
6538,3.2815,10.6541,0.0055,0.0000,0,0,0.0000,0,0.0000,0,0,0,696,0
6539,3.1241,10.4452,0.0055,0.0000,0,0,0.0000,0,0.0000,0,0,0,696,0
6540,5.9434,6.5412,0.0092,0.0000,0,0,0.0000,0,0.0000,0,0,0,601,0
6541,3.3764,5.8753,0.0031,0.0000,0,0,0.0000,0,0.0000,0,0,0,601,0
6542,3.2815,10.6642,0.0088,0.0000,0,0,0.0000,0,0.0000,0,0,0,696,0
6543,3.1241,10.3458,0.0088,0.0000,0,0,0.0000,0,0.0000,0,0,0,696,0
6544,5.9434,7.1299,0.0087,0.0000,0,0,0.0000,0,0.0000,0,0,0,601,0
6545,3.3764,5.8063,0.0013,0.0000,0,0,0.0000,0,0.0000,0,0,0,601,0
6546,3.2815,10.2894,0.0030,0.0000,0,0,0.0000,0,0.0000,0,0,0,696,0
6547,3.1241,10.2275,0.0023,0.0000,0,0,0.0000,0,0.0000,0,0,0,696,0
6548,5.9434,6.6015,0.0085,0.0000,0,0,0.0000,0,0.0000,0,0,0,601,0
6549,3.3764,5.9192,0.0026,0.0000,0,0,0.0000,0,0.0000,0,0,0,601,0
6550,3.2815,10.6860,0.0049,0.0000,0,0,0.0000,0,0.0000,0,0,0,696,0
6551,3.1241,10.4658,0.0030,0.0000,0,0,0.0000,0,0.0000,0,0,0,696,0
6552,5.9434,6.9222,0.0097,0.0000,0,0,0.0000,0,0.0000,0,0,0,601,0
6553,3.3764,6.0560,0.0035,0.0000,0,0,0.0000,0,0.0000,0,0,0,601,0
6554,3.2815,10.5062,0.0031,0.0000,0,0,0.0000,0,0.0000,0,0,0,696,0
6555,3.1241,10.2108,0.0029,0.0000,0,0,0.0000,0,0.0000,0,0,0,706,0
6556,5.9434,7.1261,0.0090,0.0000,0,0,0.0000,0,0.0000,0,0,0,601,0
6557,3.3764,6.2937,0.0035,0.0000,0,0,0.0000,0,0.0000,0,0,0,601,0
6558,3.2815,10.6231,0.0053,0.0000,0,0,0.0000,0,0.0000,0,0,0,696,0
6559,3.1241,10.1440,0.0036,0.0000,0,0,0.0000,0,0.0000,0,0,0,696,0
6560,5.9434,6.4762,0.0045,0.0000,0,0,0.0000,0,0.0000,0,0,0,601,0
6561,3.3764,5.7344,0.0014,0.0000,0,0,0.0000,0,0.0000,0,0,0,601,0
6562,3.2815,7.9997,0.0034,0.0000,0,0,0.0000,0,0.0000,0,0,0,696,0
6563,3.1241,7.8902,0.0020,0.0000,0,0,0.0000,0,0.0000,0,0,0,696,0
6564,5.9434,6.2965,0.0028,0.0000,0,0,0.0000,0,0.0000,0,0,0,601,0
6565,3.3764,5.8983,0.0011,0.0000,0,0,0.0000,0,0.0000,0,0,0,601,0
6566,3.2815,10.7239,0.0031,0.0000,0,0,0.0000,0,0.0000,0,0,0,701,0
6567,3.1241,10.6166,0.0009,0.0000,0,0,0.0000,0,0.0000,0,0,0,696,0
6568,5.9434,6.0671,0.0034,0.0000,0,0,0.0000,0,0.0000,0,0,0,601,0
6569,3.3764,5.7117,0.0034,0.0000,0,0,0.0000,0,0.0000,0,0,0,601,0
6570,3.2815,10.6683,0.0035,0.0000,0,0,0.0000,0,0.0000,0,0,0,696,0
6571,3.1241,10.5687,0.0008,0.0000,0,0,0.0000,0,0.0000,0,0,0,696,0
6572,5.9434,6.2208,0.0019,0.0000,0,0,0.0000,0,0.0000,0,0,0,601,0
6573,3.3764,5.8305,0.0010,0.0000,0,0,0.0000,0,0.0000,0,0,0,601,0
6574,3.2815,10.8038,0.0008,0.0000,0,0,0.0000,0,0.0000,0,0,0,696,0
6575,3.1241,10.7935,0.0007,0.0000,0,0,0.0000,0,0.0000,0,0,0,696,0
6576,5.9434,5.8241,0.0016,0.0000,0,0,0.0000,0,0.0000,0,0,0,601,0
6577,3.3764,5.6005,0.0009,0.0000,0,0,0.0000,0,0.0000,0,0,0,601,0
6578,3.2815,10.4442,0.0014,0.0000,0,0,0.0000,0,0.0000,0,0,0,696,0
6579,3.1241,10.4400,0.0006,0.0000,0,0,0.0000,0,0.0000,0,0,0,696,0
6580,5.9434,5.9889,0.0018,0.0000,0,0,0.0000,0,0.0000,0,0,0,601,0
6581,3.3764,5.7108,0.0018,0.0000,0,0,0.0000,0,0.0000,0,0,0,601,0
6582,3.2815,10.6540,0.0054,0.0000,0,0,0.0000,0,0.0000,0,0,0,696,0
6583,3.1241,10.4423,0.0054,0.0000,0,0,0.0000,0,0.0000,0,0,0,706,0
6584,5.9434,7.0353,0.0091,0.0000,0,0,0.0000,0,0.0000,0,0,0,601,0
6585,3.3764,5.9569,0.0091,0.0000,0,0,0.0000,0,0.0000,0,0,0,601,0
6586,3.2815,10.7055,0.0058,0.0000,0,0,0.0000,0,0.0000,0,0,0,696,0
6587,3.1241,10.4480,0.0058,0.0000,0,0,0.0000,0,0.0000,0,0,0,696,0
6588,5.9434,6.3921,0.0055,0.0000,0,0,0.0000,0,0.0000,0,0,0,601,0
6589,3.3764,5.7362,0.0016,0.0000,0,0,0.0000,0,0.0000,0,0,0,601,0
6590,3.2815,10.0457,0.0047,0.0000,0,0,0.0000,0,0.0000,0,0,0,696,0
6591,3.1241,9.9217,0.0018,0.0000,0,0,0.0000,0,0.0000,0,0,0,696,0
6592,5.9434,7.2626,0.0087,0.0000,0,0,0.0000,0,0.0000,0,0,0,601,0
6593,3.3764,6.3350,0.0011,0.0000,0,0,0.0000,0,0.0000,0,0,0,601,0
6594,3.2815,8.1562,0.0071,0.0000,0,0,0.0000,0,0.0000,0,0,0,696,0
6595,3.1241,7.8208,0.0014,0.0000,0,0,0.0000,0,0.0000,0,0,0,696,0
6596,5.9434,6.9628,0.0090,0.0000,0,0,0.0000,0,0.0000,0,0,0,601,0
6597,3.3764,6.8105,0.0025,0.0000,0,0,0.0000,0,0.0000,0,0,0,601,0
6598,3.2815,10.2603,0.0176,0.0000,0,0,0.0000,0,0.0000,0,0,0,696,0
6599,3.1241,9.7828,0.0018,0.0000,0,0,0.0000,0,0.0000,0,0,0,703,0
6600,5.9434,42.1028,0.0095,0.0000,0,0,0.0000,0,0.0000,0,1,0,60271,0
6601,3.3764,30.9530,0.0084,0.0000,0,0,0.0000,0,0.0000,0,1,0,43482,0
6602,3.2815,25.5944,0.0052,0.0000,0,0,0.0000,0,0.0000,0,1,0,59828,0
6603,3.1241,26.0718,0.0111,0.0000,0,0,0.0000,0,0.0000,0,1,0,68126,0
6604,5.9434,5.8520,0.0076,0.0000,0,0,0.0000,0,0.0000,0,0,0,16498,0
6605,3.3764,5.6602,0.0046,0.0000,0,0,0.0000,0,0.0000,0,0,0,14403,0
6606,3.2815,10.5224,0.0083,0.0000,0,0,0.0000,0,0.0000,0,0,0,17862,0
6607,3.1241,10.5333,0.0062,0.0000,0,0,0.0000,0,0.0000,0,0,0,17138,0
6608,5.9434,5.6619,0.0022,0.0000,0,0,0.0000,0,0.0000,0,0,0,9226,0
6609,3.3764,5.6110,0.0013,0.0000,0,0,0.0000,0,0.0000,0,0,0,6914,0
6610,3.2815,10.5330,0.0020,0.0000,0,0,0.0000,0,0.0000,0,0,0,11125,0
6611,3.1241,10.5195,0.0012,0.0000,0,0,0.0000,0,0.0000,0,0,0,9621,0
6612,5.9434,5.7433,0.0027,0.0000,0,0,0.0000,0,0.0000,0,0,0,17369,0
6613,3.3764,5.6639,0.0024,0.0000,0,0,0.0000,0,0.0000,0,0,0,16755,0
6614,3.2815,10.5856,0.0026,0.0000,0,0,0.0000,0,0.0000,0,0,0,19658,0
6615,3.1241,10.5855,0.0025,0.0000,0,0,0.0000,0,0.0000,0,0,0,15622,0
6616,5.9434,5.7787,0.0056,0.0000,0,0,0.0000,0,0.0000,0,0,0,23309,0
6617,3.3764,5.6229,0.0093,0.0000,0,0,0.0000,0,0.0000,0,0,0,20346,0
6618,3.2815,10.5121,0.0025,0.0000,0,0,0.0000,0,0.0000,0,0,0,22802,0
6619,3.1241,10.5049,0.0020,0.0000,0,0,0.0000,0,0.0000,0,0,0,21407,0
6620,5.9434,5.6364,0.0021,0.0000,0,0,0.0000,0,0.0000,0,0,0,13027,0
6621,3.3764,5.5446,0.0021,0.0000,0,0,0.0000,0,0.0000,0,0,0,11737,0
6622,3.2815,10.4200,0.0017,0.0000,0,0,0.0000,0,0.0000,0,0,0,12722,0
6623,3.1241,10.4258,0.0074,0.0000,0,0,0.0000,0,0.0000,0,0,0,16214,0
6624,5.9434,5.6964,0.0020,0.0000,0,0,0.0000,0,0.0000,0,0,0,7002,0
6625,3.3764,5.5203,0.0015,0.0000,0,0,0.0000,0,0.0000,0,0,0,5132,0
6626,3.2815,10.4237,0.0019,0.0000,0,0,0.0000,0,0.0000,0,0,0,7491,0
6627,3.1241,10.4199,0.0014,0.0000,0,0,0.0000,0,0.0000,0,0,0,4790,0
6628,5.9434,5.6971,0.0040,0.0000,0,0,0.0000,0,0.0000,0,0,0,3933,0
6629,3.3764,5.4996,0.0015,0.0000,0,0,0.0000,0,0.0000,0,0,0,3799,0
6630,3.2815,10.5011,0.0043,0.0000,0,0,0.0000,0,0.0000,0,0,0,4399,0
6631,3.1241,10.4045,0.0011,0.0000,0,0,0.0000,0,0.0000,0,0,0,3276,0
6632,5.9434,5.8618,0.0014,0.0000,0,0,0.0000,0,0.0000,0,0,0,3260,0
6633,3.3764,5.5873,0.0008,0.0000,0,0,0.0000,0,0.0000,0,0,0,2850,0
6634,3.2815,10.5288,0.0029,0.0000,0,0,0.0000,0,0.0000,0,0,0,3280,0
6635,3.1241,10.4792,0.0010,0.0000,0,0,0.0000,0,0.0000,0,0,0,2761,0
6636,5.9434,5.7888,0.0023,0.0000,0,0,0.0000,0,0.0000,0,0,0,3090,0
6637,3.3764,5.5653,0.0013,0.0000,0,0,0.0000,0,0.0000,0,0,0,2691,0
6638,3.2815,10.5068,0.0027,0.0000,0,0,0.0000,0,0.0000,0,0,0,3020,0
6639,3.1241,10.4223,0.0016,0.0000,0,0,0.0000,0,0.0000,0,0,0,2648,0
6640,5.9434,5.8219,0.0025,0.0000,0,0,0.0000,0,0.0000,0,0,0,2664,0
6641,3.3764,5.5632,0.0025,0.0000,0,0,0.0000,0,0.0000,0,0,0,2213,0
6642,3.2815,10.4595,0.0019,0.0000,0,0,0.0000,0,0.0000,0,0,0,1084,0
6643,3.1241,10.4305,0.0015,0.0000,0,0,0.0000,0,0.0000,0,0,0,2638,0
6644,5.9434,5.8723,0.0021,0.0000,0,0,0.0000,0,0.0000,0,0,0,1673,0
6645,3.3764,5.6079,0.0010,0.0000,0,0,0.0000,0,0.0000,0,0,0,1302,0
6646,3.2815,10.6504,0.0015,0.0000,0,0,0.0000,0,0.0000,0,0,0,959,0
6647,3.1241,10.6514,0.0009,0.0000,0,0,0.0000,0,0.0000,0,0,0,2173,0
6648,5.9434,6.0356,0.0021,0.0000,0,0,0.0000,0,0.0000,0,0,0,1538,0
6649,3.3764,5.7354,0.0096,0.0000,0,0,0.0000,0,0.0000,0,0,0,1107,0
6650,3.2815,10.6584,0.0015,0.0000,0,0,0.0000,0,0.0000,0,0,0,819,0
6651,3.1241,10.6181,0.0013,0.0000,0,0,0.0000,0,0.0000,0,0,0,1668,0
6652,5.9434,5.8413,0.0021,0.0000,0,0,0.0000,0,0.0000,0,0,0,1248,0
6653,3.3764,5.6760,0.0010,0.0000,0,0,0.0000,0,0.0000,0,0,0,944,0
6654,3.2815,10.6213,0.0009,0.0000,0,0,0.0000,0,0.0000,0,0,0,945,0
6655,3.1241,10.6177,0.0016,0.0000,0,0,0.0000,0,0.0000,0,0,0,743,0
6656,5.9434,5.7791,0.0018,0.0000,0,0,0.0000,0,0.0000,0,0,0,1198,0
6657,3.3764,5.6373,0.0012,0.0000,0,0,0.0000,0,0.0000,0,0,0,836,0
6658,3.2815,10.6251,0.0014,0.0000,0,0,0.0000,0,0.0000,0,0,0,1250,0
6659,3.1241,10.6257,0.0009,0.0000,0,0,0.0000,0,0.0000,0,0,0,717,0
6660,5.9434,5.8447,0.0010,0.0000,0,0,0.0000,0,0.0000,0,0,0,1168,0
6661,3.3764,5.6506,0.0008,0.0000,0,0,0.0000,0,0.0000,0,0,0,792,0
6662,3.2815,10.5589,0.0009,0.0000,0,0,0.0000,0,0.0000,0,0,0,1108,0
6663,3.1241,10.5400,0.0017,0.0000,0,0,0.0000,0,0.0000,0,0,0,792,0
6664,5.9434,5.8068,0.0010,0.0000,0,0,0.0000,0,0.0000,0,0,0,1037,0
6665,3.3764,5.6217,0.0019,0.0000,0,0,0.0000,0,0.0000,0,0,0,722,0
6666,3.2815,10.6094,0.0010,0.0000,0,0,0.0000,0,0.0000,0,0,0,1361,0
6667,3.1241,10.6090,0.0011,0.0000,0,0,0.0000,0,0.0000,0,0,0,925,0
6668,5.9434,5.9228,0.0013,0.0000,0,0,0.0000,0,0.0000,0,0,0,987,0
6669,3.3764,5.7718,0.0013,0.0000,0,0,0.0000,0,0.0000,0,0,0,676,0
6670,3.2815,10.7954,0.0050,0.0000,0,0,0.0000,0,0.0000,0,0,0,1198,0
6671,3.1241,10.7104,0.0013,0.0000,0,0,0.0000,0,0.0000,0,0,0,1094,0
6672,5.9434,6.3247,0.0048,0.0000,0,0,0.0000,0,0.0000,0,0,0,879,0
6673,3.3764,5.9032,0.0047,0.0000,0,0,0.0000,0,0.0000,0,0,0,648,0
6674,3.2815,10.7261,0.0012,0.0000,0,0,0.0000,0,0.0000,0,0,0,1117,0
6675,3.1241,10.6466,0.0008,0.0000,0,0,0.0000,0,0.0000,0,0,0,1077,0
6676,5.9434,6.0700,0.0018,0.0000,0,0,0.0000,0,0.0000,0,0,0,746,0
6677,3.3764,5.7226,0.0020,0.0000,0,0,0.0000,0,0.0000,0,0,0,643,0
6678,3.2815,10.6892,0.0014,0.0000,0,0,0.0000,0,0.0000,0,0,0,1064,0
6679,3.1241,10.6384,0.0010,0.0000,0,0,0.0000,0,0.0000,0,0,0,1295,0
6680,5.9434,5.9511,0.0021,0.0000,0,0,0.0000,0,0.0000,0,0,0,687,0
6681,3.3764,5.7090,0.0008,0.0000,0,0,0.0000,0,0.0000,0,0,0,622,0
6682,3.2815,10.6661,0.0029,0.0000,0,0,0.0000,0,0.0000,0,0,0,1368,0
6683,3.1241,10.5557,0.0025,0.0000,0,0,0.0000,0,0.0000,0,0,0,709,0
6684,5.9434,6.0962,0.0013,0.0000,0,0,0.0000,0,0.0000,0,0,0,716,0
6685,3.3764,5.6703,0.0009,0.0000,0,0,0.0000,0,0.0000,0,0,0,620,0
6686,3.2815,10.5367,0.0020,0.0000,0,0,0.0000,0,0.0000,0,0,0,710,0
6687,3.1241,10.4921,0.0010,0.0000,0,0,0.0000,0,0.0000,0,0,0,715,0
6688,5.9434,5.7593,0.0015,0.0000,0,0,0.0000,0,0.0000,0,0,0,717,0
6689,3.3764,5.6434,0.0011,0.0000,0,0,0.0000,0,0.0000,0,0,0,613,0
6690,3.2815,10.4555,0.0013,0.0000,0,0,0.0000,0,0.0000,0,0,0,696,0
6691,3.1241,10.3949,0.0010,0.0000,0,0,0.0000,0,0.0000,0,0,0,724,0
6692,5.9434,5.7970,0.0012,0.0000,0,0,0.0000,0,0.0000,0,0,0,685,0
6693,3.3764,5.6095,0.0007,0.0000,0,0,0.0000,0,0.0000,0,0,0,617,0
6694,3.2815,10.5535,0.0015,0.0000,0,0,0.0000,0,0.0000,0,0,0,755,0
6695,3.1241,10.5348,0.0014,0.0000,0,0,0.0000,0,0.0000,0,0,0,779,0
6696,5.9434,5.8471,0.0014,0.0000,0,0,0.0000,0,0.0000,0,0,0,664,0
6697,3.3764,5.6013,0.0012,0.0000,0,0,0.0000,0,0.0000,0,0,0,622,0
6698,3.2815,10.5666,0.0010,0.0000,0,0,0.0000,0,0.0000,0,0,0,785,0
6699,3.1241,10.5324,0.0010,0.0000,0,0,0.0000,0,0.0000,0,0,0,906,0
6700,5.9434,5.7747,0.0009,0.0000,0,0,0.0000,0,0.0000,0,0,0,636,0
6701,3.3764,5.6290,0.0005,0.0000,0,0,0.0000,0,0.0000,0,0,0,626,0
6702,3.2815,10.6072,0.0015,0.0000,0,0,0.0000,0,0.0000,0,0,0,868,0
6703,3.1241,10.5944,0.0008,0.0000,0,0,0.0000,0,0.0000,0,0,0,830,0
6704,5.9434,5.7850,0.0016,0.0000,0,0,0.0000,0,0.0000,0,0,0,635,0
6705,3.3764,5.6280,0.0016,0.0000,0,0,0.0000,0,0.0000,0,0,0,608,0
6706,3.2815,10.5823,0.0028,0.0000,0,0,0.0000,0,0.0000,0,0,0,801,0
6707,3.1241,10.5052,0.0017,0.0000,0,0,0.0000,0,0.0000,0,0,0,966,0
6708,5.9434,6.3335,0.0103,0.0000,0,0,0.0000,0,0.0000,0,0,0,650,0
6709,3.3764,6.2307,0.0030,0.0000,0,0,0.0000,0,0.0000,0,0,0,606,0
6710,3.2815,11.2172,0.0083,0.0000,0,0,0.0000,0,0.0000,0,0,0,1017,0
6711,3.1241,11.2137,0.0028,0.0000,0,0,0.0000,0,0.0000,0,0,0,705,0
6712,5.9434,6.7589,0.0042,0.0000,0,0,0.0000,0,0.0000,0,0,0,646,0
6713,3.3764,5.9512,0.0016,0.0000,0,0,0.0000,0,0.0000,0,0,0,607,0
6714,3.2815,8.8385,0.0014,0.0000,0,0,0.0000,0,0.0000,0,0,0,933,0
6715,3.1241,10.3337,0.0020,0.0000,0,0,0.0000,0,0.0000,0,0,0,703,0
6716,5.9434,6.1859,0.0045,0.0000,0,0,0.0000,0,0.0000,0,0,0,651,0
6717,3.3764,5.6845,0.0045,0.0000,0,0,0.0000,0,0.0000,0,0,0,609,0
6718,3.2815,10.7331,0.0147,0.0000,0,0,0.0000,0,0.0000,0,0,0,926,0
6719,3.1241,10.6318,0.0012,0.0000,0,0,0.0000,0,0.0000,0,0,0,728,0
6720,5.9434,6.0762,0.0027,0.0000,0,0,0.0000,0,0.0000,0,0,0,638,0
6721,3.3764,5.8187,0.0008,0.0000,0,0,0.0000,0,0.0000,0,0,0,601,0
6722,3.2815,10.7481,0.0018,0.0000,0,0,0.0000,0,0.0000,0,0,0,856,0
6723,3.1241,10.7614,0.0016,0.0000,0,0,0.0000,0,0.0000,0,0,0,752,0
6724,5.9434,5.9592,0.0022,0.0000,0,0,0.0000,0,0.0000,0,0,0,623,0
6725,3.3764,5.6966,0.0009,0.0000,0,0,0.0000,0,0.0000,0,0,0,601,0
6726,3.2815,10.6278,0.0013,0.0000,0,0,0.0000,0,0.0000,0,0,0,1082,0
6727,3.1241,10.5790,0.0013,0.0000,0,0,0.0000,0,0.0000,0,0,0,805,0
6728,5.9434,5.9061,0.0013,0.0000,0,0,0.0000,0,0.0000,0,0,0,626,0
6729,3.3764,5.7009,0.0006,0.0000,0,0,0.0000,0,0.0000,0,0,0,601,0
6730,3.2815,10.6627,0.0017,0.0000,0,0,0.0000,0,0.0000,0,0,0,712,0
6731,3.1241,10.6305,0.0008,0.0000,0,0,0.0000,0,0.0000,0,0,0,775,0
6732,5.9434,6.1423,0.0057,0.0000,0,0,0.0000,0,0.0000,0,0,0,622,0
6733,3.3764,5.8279,0.0057,0.0000,0,0,0.0000,0,0.0000,0,0,0,601,0
6734,3.2815,10.7647,0.0039,0.0000,0,0,0.0000,0,0.0000,0,0,0,709,0
6735,3.1241,10.6718,0.0141,0.0000,0,0,0.0000,0,0.0000,0,0,0,911,0
6736,5.9434,6.3166,0.0035,0.0000,0,0,0.0000,0,0.0000,0,0,0,611,0
6737,3.3764,5.8753,0.0019,0.0000,0,0,0.0000,0,0.0000,0,0,0,601,0
6738,3.2815,10.6915,0.0019,0.0000,0,0,0.0000,0,0.0000,0,0,0,723,0
6739,3.1241,10.6514,0.0013,0.0000,0,0,0.0000,0,0.0000,0,0,0,698,0
6740,5.9434,6.0119,0.0016,0.0000,0,0,0.0000,0,0.0000,0,0,0,618,0
6741,3.3764,5.7811,0.0028,0.0000,0,0,0.0000,0,0.0000,0,0,0,601,0
6742,3.2815,10.6760,0.0010,0.0000,0,0,0.0000,0,0.0000,0,0,0,744,0
6743,3.1241,10.6102,0.0007,0.0000,0,0,0.0000,0,0.0000,0,0,0,696,0
6744,5.9434,6.0782,0.0019,0.0000,0,0,0.0000,0,0.0000,0,0,0,605,0
6745,3.3764,5.8491,0.0009,0.0000,0,0,0.0000,0,0.0000,0,0,0,601,0
6746,3.2815,10.7551,0.0014,0.0000,0,0,0.0000,0,0.0000,0,0,0,786,0
6747,3.1241,10.7079,0.0009,0.0000,0,0,0.0000,0,0.0000,0,0,0,704,0
6748,5.9434,6.3157,0.0057,0.0000,0,0,0.0000,0,0.0000,0,0,0,606,0
6749,3.3764,5.8136,0.0057,0.0000,0,0,0.0000,0,0.0000,0,0,0,601,0
6750,3.2815,10.6614,0.0030,0.0000,0,0,0.0000,0,0.0000,0,0,0,780,0
6751,3.1241,10.6070,0.0008,0.0000,0,0,0.0000,0,0.0000,0,0,0,741,0
6752,5.9434,6.3572,0.0038,0.0000,0,0,0.0000,0,0.0000,0,0,0,605,0
6753,3.3764,5.9662,0.0013,0.0000,0,0,0.0000,0,0.0000,0,0,0,601,0
6754,3.2815,10.8857,0.0015,0.0000,0,0,0.0000,0,0.0000,0,0,0,808,0
6755,3.1241,10.8938,0.0013,0.0000,0,0,0.0000,0,0.0000,0,0,0,758,0
6756,5.9434,6.0103,0.0017,0.0000,0,0,0.0000,0,0.0000,0,0,0,606,0
6757,3.3764,5.7215,0.0017,0.0000,0,0,0.0000,0,0.0000,0,0,0,601,0
6758,3.2815,10.6440,0.0013,0.0000,0,0,0.0000,0,0.0000,0,0,0,795,0
6759,3.1241,10.5190,0.0009,0.0000,0,0,0.0000,0,0.0000,0,0,0,738,0
6760,5.9434,6.2888,0.0045,0.0000,0,0,0.0000,0,0.0000,0,0,0,601,0
6761,3.3764,5.8315,0.0045,0.0000,0,0,0.0000,0,0.0000,0,0,0,601,0
6762,3.2815,10.5750,0.0015,0.0000,0,0,0.0000,0,0.0000,0,0,0,771,0
6763,3.1241,10.5034,0.0012,0.0000,0,0,0.0000,0,0.0000,0,0,0,836,0
6764,5.9434,7.2882,0.0108,0.0000,0,0,0.0000,0,0.0000,0,0,0,601,0
6765,3.3764,6.8483,0.0018,0.0000,0,0,0.0000,0,0.0000,0,0,0,601,0
6766,3.2815,11.2807,0.0106,0.0000,0,0,0.0000,0,0.0000,0,0,0,779,0
6767,3.1241,11.2739,0.0022,0.0000,0,0,0.0000,0,0.0000,0,0,0,698,0
6768,5.9434,6.6949,0.0049,0.0000,0,0,0.0000,0,0.0000,0,0,0,601,0
6769,3.3764,5.8480,0.0010,0.0000,0,0,0.0000,0,0.0000,0,0,0,601,0
6770,3.2815,9.5955,0.0085,0.0000,0,0,0.0000,0,0.0000,0,0,0,967,0
6771,3.1241,9.1205,0.0016,0.0000,0,0,0.0000,0,0.0000,0,0,0,696,0
6772,5.9434,6.2882,0.0027,0.0000,0,0,0.0000,0,0.0000,0,0,0,601,0
6773,3.3764,5.9241,0.0050,0.0000,0,0,0.0000,0,0.0000,0,0,0,601,0
6774,3.2815,10.8335,0.0029,0.0000,0,0,0.0000,0,0.0000,0,0,0,710,0
6775,3.1241,10.6646,0.0014,0.0000,0,0,0.0000,0,0.0000,0,0,0,700,0
6776,5.9434,6.1665,0.0019,0.0000,0,0,0.0000,0,0.0000,0,0,0,601,0
6777,3.3764,5.8049,0.0012,0.0000,0,0,0.0000,0,0.0000,0,0,0,601,0
6778,3.2815,10.6676,0.0019,0.0000,0,0,0.0000,0,0.0000,0,0,0,703,0
6779,3.1241,10.5836,0.0037,0.0000,0,0,0.0000,0,0.0000,0,0,0,721,0
6780,5.9434,6.4879,0.0018,0.0000,0,0,0.0000,0,0.0000,0,0,0,601,0
6781,3.3764,5.7142,0.0012,0.0000,0,0,0.0000,0,0.0000,0,0,0,601,0
6782,3.2815,10.3503,0.0040,0.0000,0,0,0.0000,0,0.0000,0,0,0,708,0
6783,3.1241,10.1167,0.0017,0.0000,0,0,0.0000,0,0.0000,0,0,0,783,0
6784,5.9434,6.2683,0.0047,0.0000,0,0,0.0000,0,0.0000,0,0,0,601,0
6785,3.3764,5.7681,0.0046,0.0000,0,0,0.0000,0,0.0000,0,0,0,601,0
6786,3.2815,10.6512,0.0035,0.0000,0,0,0.0000,0,0.0000,0,0,0,751,0
6787,3.1241,10.5934,0.0008,0.0000,0,0,0.0000,0,0.0000,0,0,0,755,0
6788,5.9434,6.0649,0.0029,0.0000,0,0,0.0000,0,0.0000,0,0,0,601,0
6789,3.3764,5.6998,0.0005,0.0000,0,0,0.0000,0,0.0000,0,0,0,601,0
6790,3.2815,10.4678,0.0025,0.0000,0,0,0.0000,0,0.0000,0,0,0,762,0
6791,3.1241,10.2786,0.0006,0.0000,0,0,0.0000,0,0.0000,0,0,0,801,0
6792,5.9434,6.0390,0.0033,0.0000,0,0,0.0000,0,0.0000,0,0,0,601,0
6793,3.3764,5.6152,0.0008,0.0000,0,0,0.0000,0,0.0000,0,0,0,601,0
6794,3.2815,10.4853,0.0020,0.0000,0,0,0.0000,0,0.0000,0,0,0,747,0
6795,3.1241,10.4403,0.0011,0.0000,0,0,0.0000,0,0.0000,0,0,0,696,0
6796,5.9434,6.3765,0.0032,0.0000,0,0,0.0000,0,0.0000,0,0,0,601,0
6797,3.3764,5.9749,0.0031,0.0000,0,0,0.0000,0,0.0000,0,0,0,601,0
6798,3.2815,10.7284,0.0013,0.0000,0,0,0.0000,0,0.0000,0,0,0,830,0
6799,3.1241,10.7048,0.0008,0.0000,0,0,0.0000,0,0.0000,0,0,0,701,0
6800,5.9434,5.7968,0.0009,0.0000,0,0,0.0000,0,0.0000,0,0,0,601,0
6801,3.3764,5.5740,0.0007,0.0000,0,0,0.0000,0,0.0000,0,0,0,601,0
6802,3.2815,10.4090,0.0011,0.0000,0,0,0.0000,0,0.0000,0,0,0,769,0
6803,3.1241,10.4158,0.0007,0.0000,0,0,0.0000,0,0.0000,0,0,0,696,0
6804,5.9434,5.6909,0.0012,0.0000,0,0,0.0000,0,0.0000,0,0,0,601,0
6805,3.3764,5.5631,0.0012,0.0000,0,0,0.0000,0,0.0000,0,0,0,601,0
6806,3.2815,10.4707,0.0008,0.0000,0,0,0.0000,0,0.0000,0,0,0,728,0
6807,3.1241,10.4825,0.0006,0.0000,0,0,0.0000,0,0.0000,0,0,0,717,0
6808,5.9434,5.7065,0.0013,0.0000,0,0,0.0000,0,0.0000,0,0,0,601,0
6809,3.3764,5.5413,0.0012,0.0000,0,0,0.0000,0,0.0000,0,0,0,601,0
6810,3.2815,10.4504,0.0012,0.0000,0,0,0.0000,0,0.0000,0,0,0,726,0
6811,3.1241,10.4615,0.0008,0.0000,0,0,0.0000,0,0.0000,0,0,0,731,0
6812,5.9434,5.8038,0.0030,0.0000,0,0,0.0000,0,0.0000,0,0,0,601,0
6813,3.3764,5.5135,0.0013,0.0000,0,0,0.0000,0,0.0000,0,0,0,601,0
6814,3.2815,10.2967,0.0012,0.0000,0,0,0.0000,0,0.0000,0,0,0,833,0
6815,3.1241,10.2517,0.0008,0.0000,0,0,0.0000,0,0.0000,0,0,0,722,0
6816,5.9434,5.7736,0.0022,0.0000,0,0,0.0000,0,0.0000,0,0,0,601,0
6817,3.3764,5.5207,0.0010,0.0000,0,0,0.0000,0,0.0000,0,0,0,601,0
6818,3.2815,10.3543,0.0023,0.0000,0,0,0.0000,0,0.0000,0,0,0,696,0
6819,3.1241,10.3410,0.0014,0.0000,0,0,0.0000,0,0.0000,0,0,0,758,0
6820,5.9434,5.8402,0.0033,0.0000,0,0,0.0000,0,0.0000,0,0,0,601,0
6821,3.3764,5.6341,0.0007,0.0000,0,0,0.0000,0,0.0000,0,0,0,601,0
6822,3.2815,10.3789,0.0015,0.0000,0,0,0.0000,0,0.0000,0,0,0,696,0
6823,3.1241,10.3733,0.0007,0.0000,0,0,0.0000,0,0.0000,0,0,0,696,0
6824,5.9434,5.9751,0.0032,0.0000,0,0,0.0000,0,0.0000,0,0,0,601,0
6825,3.3764,5.7408,0.0013,0.0000,0,0,0.0000,0,0.0000,0,0,0,601,0
6826,3.2815,10.6755,0.0009,0.0000,0,0,0.0000,0,0.0000,0,0,0,696,0
6827,3.1241,10.6557,0.0014,0.0000,0,0,0.0000,0,0.0000,0,0,0,705,0
6828,5.9434,5.7817,0.0011,0.0000,0,0,0.0000,0,0.0000,0,0,0,601,0
6829,3.3764,5.5854,0.0015,0.0000,0,0,0.0000,0,0.0000,0,0,0,601,0
6830,3.2815,10.4868,0.0009,0.0000,0,0,0.0000,0,0.0000,0,0,0,696,0
6831,3.1241,10.3859,0.0005,0.0000,0,0,0.0000,0,0.0000,0,0,0,707,0
6832,5.9434,5.8238,0.0013,0.0000,0,0,0.0000,0,0.0000,0,0,0,601,0
6833,3.3764,5.6685,0.0007,0.0000,0,0,0.0000,0,0.0000,0,0,0,601,0
6834,3.2815,10.6145,0.0010,0.0000,0,0,0.0000,0,0.0000,0,0,0,701,0
6835,3.1241,10.5801,0.0009,0.0000,0,0,0.0000,0,0.0000,0,0,0,707,0
6836,5.9434,5.6745,0.0011,0.0000,0,0,0.0000,0,0.0000,0,0,0,601,0
6837,3.3764,5.5456,0.0012,0.0000,0,0,0.0000,0,0.0000,0,0,0,601,0
6838,3.2815,10.3697,0.0175,0.0000,0,0,0.0000,0,0.0000,0,0,0,703,0
6839,3.1241,10.2937,0.0010,0.0000,0,0,0.0000,0,0.0000,0,0,0,736,0
6840,5.9434,5.9340,0.0018,0.0000,0,0,0.0000,0,0.0000,0,0,0,601,0
6841,3.3764,5.6194,0.0011,0.0000,0,0,0.0000,0,0.0000,0,0,0,601,0
6842,3.2815,10.4110,0.0015,0.0000,0,0,0.0000,0,0.0000,0,0,0,716,0
6843,3.1241,10.3653,0.0010,0.0000,0,0,0.0000,0,0.0000,0,0,0,719,0
6844,5.9434,5.7944,0.0014,0.0000,0,0,0.0000,0,0.0000,0,0,0,601,0
6845,3.3764,5.5401,0.0012,0.0000,0,0,0.0000,0,0.0000,0,0,0,601,0
6846,3.2815,10.3238,0.0015,0.0000,0,0,0.0000,0,0.0000,0,0,0,714,0
6847,3.1241,10.2772,0.0011,0.0000,0,0,0.0000,0,0.0000,0,0,0,775,0
6848,5.9434,5.9935,0.0038,0.0000,0,0,0.0000,0,0.0000,0,0,0,601,0
6849,3.3764,5.6905,0.0035,0.0000,0,0,0.0000,0,0.0000,0,0,0,601,0
6850,3.2815,10.5065,0.0033,0.0000,0,0,0.0000,0,0.0000,0,0,0,717,0
6851,3.1241,10.4048,0.0020,0.0000,0,0,0.0000,0,0.0000,0,0,0,701,0
6852,5.9434,6.2112,0.0028,0.0000,0,0,0.0000,0,0.0000,0,0,0,601,0
6853,3.3764,5.8532,0.0024,0.0000,0,0,0.0000,0,0.0000,0,0,0,601,0
6854,3.2815,10.7813,0.0019,0.0000,0,0,0.0000,0,0.0000,0,0,0,711,0
6855,3.1241,10.7148,0.0013,0.0000,0,0,0.0000,0,0.0000,0,0,0,701,0
6856,5.9434,5.9909,0.0016,0.0000,0,0,0.0000,0,0.0000,0,0,0,601,0
6857,3.3764,5.7433,0.0010,0.0000,0,0,0.0000,0,0.0000,0,0,0,601,0
6858,3.2815,10.4315,0.0013,0.0000,0,0,0.0000,0,0.0000,0,0,0,763,0
6859,3.1241,10.3601,0.0010,0.0000,0,0,0.0000,0,0.0000,0,0,0,701,0
6860,5.9434,5.9698,0.0023,0.0000,0,0,0.0000,0,0.0000,0,0,0,601,0
6861,3.3764,5.7530,0.0016,0.0000,0,0,0.0000,0,0.0000,0,0,0,601,0
6862,3.2815,10.6078,0.0015,0.0000,0,0,0.0000,0,0.0000,0,0,0,696,0
6863,3.1241,10.5965,0.0010,0.0000,0,0,0.0000,0,0.0000,0,0,0,715,0
6864,5.9434,6.2434,0.0073,0.0000,0,0,0.0000,0,0.0000,0,0,0,601,0
6865,3.3764,5.7585,0.0073,0.0000,0,0,0.0000,0,0.0000,0,0,0,601,0
6866,3.2815,10.6487,0.0027,0.0000,0,0,0.0000,0,0.0000,0,0,0,696,0
6867,3.1241,10.5844,0.0013,0.0000,0,0,0.0000,0,0.0000,0,0,0,726,0
6868,5.9434,6.1759,0.0036,0.0000,0,0,0.0000,0,0.0000,0,0,0,601,0
6869,3.3764,5.7902,0.0017,0.0000,0,0,0.0000,0,0.0000,0,0,0,601,0
6870,3.2815,10.6301,0.0010,0.0000,0,0,0.0000,0,0.0000,0,0,0,696,0
6871,3.1241,10.5523,0.0012,0.0000,0,0,0.0000,0,0.0000,0,0,0,714,0
6872,5.9434,5.9017,0.0019,0.0000,0,0,0.0000,0,0.0000,0,0,0,601,0
6873,3.3764,5.6355,0.0032,0.0000,0,0,0.0000,0,0.0000,0,0,0,601,0
6874,3.2815,10.5176,0.0010,0.0000,0,0,0.0000,0,0.0000,0,0,0,696,0
6875,3.1241,10.4726,0.0009,0.0000,0,0,0.0000,0,0.0000,0,0,0,789,0
6876,5.9434,6.1612,0.0032,0.0000,0,0,0.0000,0,0.0000,0,0,0,601,0
6877,3.3764,5.7821,0.0018,0.0000,0,0,0.0000,0,0.0000,0,0,0,601,0
6878,3.2815,10.8820,0.0075,0.0000,0,0,0.0000,0,0.0000,0,0,0,717,0
6879,3.1241,10.8016,0.0038,0.0000,0,0,0.0000,0,0.0000,0,0,0,703,0
6880,5.9434,6.6150,0.0066,0.0000,0,0,0.0000,0,0.0000,0,0,0,601,0
6881,3.3764,5.7760,0.0025,0.0000,0,0,0.0000,0,0.0000,0,0,0,601,0
6882,3.2815,19.2758,0.0119,0.0000,0,0,0.0000,0,0.0000,0,0,0,716,0
6883,3.1241,19.1872,0.0012,0.0000,0,0,0.0000,0,0.0000,0,0,0,705,0
6884,5.9434,6.6313,0.0030,0.0000,0,0,0.0000,0,0.0000,0,0,0,601,0
6885,3.3764,5.7492,0.0009,0.0000,0,0,0.0000,0,0.0000,0,0,0,601,0
6886,3.2815,9.8984,0.0013,0.0000,0,0,0.0000,0,0.0000,0,0,0,745,0
6887,3.1241,10.0448,0.0018,0.0000,0,0,0.0000,0,0.0000,0,0,0,700,0
6888,5.9434,5.8057,0.0022,0.0000,0,0,0.0000,0,0.0000,0,0,0,601,0
6889,3.3764,5.5432,0.0012,0.0000,0,0,0.0000,0,0.0000,0,0,0,601,0
6890,3.2815,10.5890,0.0066,0.0000,0,0,0.0000,0,0.0000,0,0,0,737,0
6891,3.1241,10.4445,0.0066,0.0000,0,0,0.0000,0,0.0000,0,0,0,706,0
6892,5.9434,6.8216,0.0077,0.0000,0,0,0.0000,0,0.0000,0,0,0,601,0
6893,3.3764,5.9260,0.0077,0.0000,0,0,0.0000,0,0.0000,0,0,0,601,0
6894,3.2815,10.5225,0.0027,0.0000,0,0,0.0000,0,0.0000,0,0,0,718,0
6895,3.1241,10.3934,0.0013,0.0000,0,0,0.0000,0,0.0000,0,0,0,723,0
6896,5.9434,6.6173,0.0116,0.0000,0,0,0.0000,0,0.0000,0,0,0,601,0
6897,3.3764,5.7962,0.0015,0.0000,0,0,0.0000,0,0.0000,0,0,0,601,0
6898,3.2815,10.4134,0.0056,0.0000,0,0,0.0000,0,0.0000,0,0,0,719,0
6899,3.1241,10.0425,0.0033,0.0000,0,0,0.0000,0,0.0000,0,0,0,714,0
6900,5.9434,6.7299,0.0087,0.0000,0,0,0.0000,0,0.0000,0,0,0,601,0
6901,3.3764,5.8592,0.0032,0.0000,0,0,0.0000,0,0.0000,0,0,0,601,0
6902,3.2815,11.5184,0.0097,0.0000,0,0,0.0000,0,0.0000,0,0,0,747,0
6903,3.1241,11.3400,0.0025,0.0000,0,0,0.0000,0,0.0000,0,0,0,769,0
6904,5.9434,6.9918,0.0081,0.0000,0,0,0.0000,0,0.0000,0,0,0,601,0
6905,3.3764,5.8784,0.0018,0.0000,0,0,0.0000,0,0.0000,0,0,0,601,0
6906,3.2815,10.2706,0.0055,0.0000,0,0,0.0000,0,0.0000,0,0,0,696,0
6907,3.1241,10.0384,0.0023,0.0000,0,0,0.0000,0,0.0000,0,0,0,704,0
6908,5.9434,6.4321,0.0075,0.0000,0,0,0.0000,0,0.0000,0,0,0,601,0
6909,3.3764,5.7977,0.0018,0.0000,0,0,0.0000,0,0.0000,0,0,0,601,0
6910,3.2815,10.1865,0.0072,0.0000,0,0,0.0000,0,0.0000,0,0,0,696,0
6911,3.1241,9.9695,0.0022,0.0000,0,0,0.0000,0,0.0000,0,0,0,707,0
6912,5.9434,6.4154,0.0032,0.0000,0,0,0.0000,0,0.0000,0,0,0,601,0
6913,3.3764,5.8210,0.0013,0.0000,0,0,0.0000,0,0.0000,0,0,0,601,0
6914,3.2815,9.9922,0.0014,0.0000,0,0,0.0000,0,0.0000,0,0,0,696,0
6915,3.1241,9.8626,0.0017,0.0000,0,0,0.0000,0,0.0000,0,0,0,714,0
6916,5.9434,5.9834,0.0020,0.0000,0,0,0.0000,0,0.0000,0,0,0,601,0
6917,3.3764,5.7149,0.0015,0.0000,0,0,0.0000,0,0.0000,0,0,0,601,0
6918,3.2815,10.1746,0.0016,0.0000,0,0,0.0000,0,0.0000,0,0,0,696,0
6919,3.1241,10.1557,0.0016,0.0000,0,0,0.0000,0,0.0000,0,0,0,709,0
6920,5.9434,6.6370,0.0118,0.0000,0,0,0.0000,0,0.0000,0,0,0,601,0
6921,3.3764,5.8234,0.0119,0.0000,0,0,0.0000,0,0.0000,0,0,0,601,0
6922,3.2815,10.3023,0.0029,0.0000,0,0,0.0000,0,0.0000,0,0,0,696,0
6923,3.1241,10.2238,0.0017,0.0000,0,0,0.0000,0,0.0000,0,0,0,732,0
6924,5.9434,6.8724,0.0071,0.0000,0,0,0.0000,0,0.0000,0,0,0,601,0
6925,3.3764,5.8076,0.0019,0.0000,0,0,0.0000,0,0.0000,0,0,0,601,0
6926,3.2815,10.0535,0.0037,0.0000,0,0,0.0000,0,0.0000,0,0,0,696,0
6927,3.1241,9.9392,0.0025,0.0000,0,0,0.0000,0,0.0000,0,0,0,719,0
6928,5.9434,6.6725,0.0072,0.0000,0,0,0.0000,0,0.0000,0,0,0,601,0
6929,3.3764,5.7603,0.0015,0.0000,0,0,0.0000,0,0.0000,0,0,0,601,0
6930,3.2815,10.2031,0.0055,0.0000,0,0,0.0000,0,0.0000,0,0,0,708,0
6931,3.1241,10.0121,0.0031,0.0000,0,0,0.0000,0,0.0000,0,0,0,751,0
6932,5.9434,6.5854,0.0016,0.0000,0,0,0.0000,0,0.0000,0,0,0,601,0
6933,3.3764,5.8033,0.0015,0.0000,0,0,0.0000,0,0.0000,0,0,0,601,0
6934,3.2815,10.0911,0.0031,0.0000,0,0,0.0000,0,0.0000,0,0,0,708,0
6935,3.1241,9.6483,0.0021,0.0000,0,0,0.0000,0,0.0000,0,0,0,696,0
6936,5.9434,6.2252,0.0041,0.0000,0,0,0.0000,0,0.0000,0,0,0,601,0
6937,3.3764,5.7344,0.0032,0.0000,0,0,0.0000,0,0.0000,0,0,0,601,0
6938,3.2815,10.5141,0.0026,0.0000,0,0,0.0000,0,0.0000,0,0,0,706,0
6939,3.1241,10.4226,0.0018,0.0000,0,0,0.0000,0,0.0000,0,0,0,701,0
6940,5.9434,6.8840,0.0133,0.0000,0,0,0.0000,0,0.0000,0,0,0,601,0
6941,3.3764,5.7542,0.0020,0.0000,0,0,0.0000,0,0.0000,0,0,0,601,0
6942,3.2815,10.5526,0.0101,0.0000,0,0,0.0000,0,0.0000,0,0,0,707,0
6943,3.1241,10.2836,0.0102,0.0000,0,0,0.0000,0,0.0000,0,0,0,703,0
6944,5.9434,7.4141,0.0087,0.0000,0,0,0.0000,0,0.0000,0,0,0,601,0
6945,3.3764,6.1089,0.0025,0.0000,0,0,0.0000,0,0.0000,0,0,0,601,0
6946,3.2815,11.9573,0.0092,0.0000,0,0,0.0000,0,0.0000,0,0,0,723,0
6947,3.1241,11.8058,0.0022,0.0000,0,0,0.0000,0,0.0000,0,0,0,707,0
6948,5.9434,6.4470,0.0052,0.0000,0,0,0.0000,0,0.0000,0,0,0,601,0
6949,3.3764,5.6628,0.0053,0.0000,0,0,0.0000,0,0.0000,0,0,0,601,0
6950,3.2815,10.6827,0.0065,0.0000,0,0,0.0000,0,0.0000,0,0,0,696,0
6951,3.1241,10.3717,0.0065,0.0000,0,0,0.0000,0,0.0000,0,0,0,708,0
6952,5.9434,7.8913,0.0088,0.0000,0,0,0.0000,0,0.0000,0,0,0,601,0
6953,3.3764,6.9860,0.0023,0.0000,0,0,0.0000,0,0.0000,0,0,0,601,0
6954,3.2815,10.4277,0.0203,0.0000,0,0,0.0000,0,0.0000,0,0,0,696,0
6955,3.1241,10.1882,0.0024,0.0000,0,0,0.0000,0,0.0000,0,0,0,712,0
6956,5.9434,6.7462,0.0081,0.0000,0,0,0.0000,0,0.0000,0,0,0,601,0
6957,3.3764,5.8365,0.0015,0.0000,0,0,0.0000,0,0.0000,0,0,0,601,0
6958,3.2815,10.2184,0.0079,0.0000,0,0,0.0000,0,0.0000,0,0,0,696,0
6959,3.1241,9.9043,0.0025,0.0000,0,0,0.0000,0,0.0000,0,0,0,754,0
6960,5.9434,7.3310,0.0077,0.0000,0,0,0.0000,0,0.0000,0,0,0,601,0
6961,3.3764,6.3283,0.0025,0.0000,0,0,0.0000,0,0.0000,0,0,0,601,0
6962,3.2815,10.3628,0.0103,0.0000,0,0,0.0000,0,0.0000,0,0,0,696,0
6963,3.1241,9.9840,0.0104,0.0000,0,0,0.0000,0,0.0000,0,0,0,696,0
6964,5.9434,7.0154,0.0072,0.0000,0,0,0.0000,0,0.0000,0,0,0,601,0
6965,3.3764,5.8345,0.0072,0.0000,0,0,0.0000,0,0.0000,0,0,0,601,0
6966,3.2815,10.5019,0.0055,0.0000,0,0,0.0000,0,0.0000,0,0,0,701,0
6967,3.1241,10.2965,0.0019,0.0000,0,0,0.0000,0,0.0000,0,0,0,706,0
6968,5.9434,6.4221,0.0068,0.0000,0,0,0.0000,0,0.0000,0,0,0,601,0
6969,3.3764,5.7037,0.0024,0.0000,0,0,0.0000,0,0.0000,0,0,0,601,0
6970,3.2815,10.2103,0.0053,0.0000,0,0,0.0000,0,0.0000,0,0,0,696,0
6971,3.1241,10.0451,0.0022,0.0000,0,0,0.0000,0,0.0000,0,0,0,700,0
6972,5.9434,6.8341,0.0113,0.0000,0,0,0.0000,0,0.0000,0,0,0,601,0
6973,3.3764,6.2012,0.0035,0.0000,0,0,0.0000,0,0.0000,0,0,0,601,0
6974,3.2815,10.5856,0.0038,0.0000,0,0,0.0000,0,0.0000,0,0,0,707,0
6975,3.1241,10.4343,0.0030,0.0000,0,0,0.0000,0,0.0000,0,0,0,704,0
6976,5.9434,6.6228,0.0073,0.0000,0,0,0.0000,0,0.0000,0,0,0,601,0
6977,3.3764,5.7867,0.0019,0.0000,0,0,0.0000,0,0.0000,0,0,0,601,0
6978,3.2815,10.1487,0.0058,0.0000,0,0,0.0000,0,0.0000,0,0,0,701,0
6979,3.1241,9.8970,0.0023,0.0000,0,0,0.0000,0,0.0000,0,0,0,715,0
6980,5.9434,6.4925,0.0066,0.0000,0,0,0.0000,0,0.0000,0,0,0,601,0
6981,3.3764,5.7790,0.0019,0.0000,0,0,0.0000,0,0.0000,0,0,0,601,0
6982,3.2815,10.1261,0.0037,0.0000,0,0,0.0000,0,0.0000,0,0,0,702,0
6983,3.1241,9.8878,0.0016,0.0000,0,0,0.0000,0,0.0000,0,0,0,700,0
6984,5.9434,6.8877,0.0067,0.0000,0,0,0.0000,0,0.0000,0,0,0,601,0
6985,3.3764,5.8428,0.0019,0.0000,0,0,0.0000,0,0.0000,0,0,0,601,0
6986,3.2815,10.3065,0.0050,0.0000,0,0,0.0000,0,0.0000,0,0,0,711,0
6987,3.1241,9.9056,0.0021,0.0000,0,0,0.0000,0,0.0000,0,0,0,764,0
6988,5.9434,6.8641,0.0084,0.0000,0,0,0.0000,0,0.0000,0,0,0,601,0
6989,3.3764,6.0921,0.0020,0.0000,0,0,0.0000,0,0.0000,0,0,0,601,0
6990,3.2815,10.3105,0.0054,0.0000,0,0,0.0000,0,0.0000,0,0,0,722,0
6991,3.1241,9.9670,0.0021,0.0000,0,0,0.0000,0,0.0000,0,0,0,696,0
6992,5.9434,6.4333,0.0123,0.0000,0,0,0.0000,0,0.0000,0,0,0,601,0
6993,3.3764,5.9688,0.0123,0.0000,0,0,0.0000,0,0.0000,0,0,0,601,0
6994,3.2815,10.7670,0.0055,0.0000,0,0,0.0000,0,0.0000,0,0,0,696,0
6995,3.1241,11.0688,0.0026,0.0000,0,0,0.0000,0,0.0000,0,0,0,696,0
6996,5.9434,7.0299,0.0087,0.0000,0,0,0.0000,0,0.0000,0,0,0,601,0
6997,3.3764,6.0686,0.0033,0.0000,0,0,0.0000,0,0.0000,0,0,0,601,0
6998,3.2815,12.0696,0.0066,0.0000,0,0,0.0000,0,0.0000,0,0,0,696,0
6999,3.1241,12.0084,0.0030,0.0000,0,0,0.0000,0,0.0000,0,0,0,696,0
7000,5.9434,6.6465,0.0084,0.0000,0,0,0.0000,0,0.0000,0,0,0,601,0
7001,3.3764,5.8471,0.0083,0.0000,0,0,0.0000,0,0.0000,0,0,0,601,0
7002,3.2815,10.5642,0.0035,0.0000,0,0,0.0000,0,0.0000,0,0,0,696,0
7003,3.1241,10.4591,0.0027,0.0000,0,0,0.0000,0,0.0000,0,0,0,700,0
7004,5.9434,6.8095,0.0035,0.0000,0,0,0.0000,0,0.0000,0,0,0,601,0
7005,3.3764,5.9208,0.0017,0.0000,0,0,0.0000,0,0.0000,0,0,0,601,0
7006,3.2815,10.6760,0.0082,0.0000,0,0,0.0000,0,0.0000,0,0,0,705,0
7007,3.1241,10.3987,0.0082,0.0000,0,0,0.0000,0,0.0000,0,0,0,702,0
7008,5.9434,6.5089,0.0079,0.0000,0,0,0.0000,0,0.0000,0,0,0,601,0
7009,3.3764,5.8224,0.0034,0.0000,0,0,0.0000,0,0.0000,0,0,0,601,0
7010,3.2815,10.3486,0.0084,0.0000,0,0,0.0000,0,0.0000,0,0,0,708,0
7011,3.1241,10.3029,0.0030,0.0000,0,0,0.0000,0,0.0000,0,0,0,706,0
7012,5.9434,7.1155,0.0043,0.0000,0,0,0.0000,0,0.0000,0,0,0,601,0
7013,3.3764,5.6558,0.0010,0.0000,0,0,0.0000,0,0.0000,0,0,0,601,0
7014,3.2815,9.5526,0.0032,0.0000,0,0,0.0000,0,0.0000,0,0,0,707,0
7015,3.1241,10.4557,0.0018,0.0000,0,0,0.0000,0,0.0000,0,0,0,721,0
7016,5.9434,6.0358,0.0027,0.0000,0,0,0.0000,0,0.0000,0,0,0,601,0
7017,3.3764,5.6334,0.0021,0.0000,0,0,0.0000,0,0.0000,0,0,0,601,0
7018,3.2815,10.5657,0.0050,0.0000,0,0,0.0000,0,0.0000,0,0,0,708,0
7019,3.1241,10.5110,0.0014,0.0000,0,0,0.0000,0,0.0000,0,0,0,696,0
7020,5.9434,6.1842,0.0047,0.0000,0,0,0.0000,0,0.0000,0,0,0,601,0
7021,3.3764,5.8386,0.0024,0.0000,0,0,0.0000,0,0.0000,0,0,0,601,0
7022,3.2815,10.6967,0.0013,0.0000,0,0,0.0000,0,0.0000,0,0,0,706,0
7023,3.1241,10.6525,0.0018,0.0000,0,0,0.0000,0,0.0000,0,0,0,696,0
7024,5.9434,6.1283,0.0020,0.0000,0,0,0.0000,0,0.0000,0,0,0,601,0
7025,3.3764,5.8483,0.0016,0.0000,0,0,0.0000,0,0.0000,0,0,0,601,0
7026,3.2815,10.6234,0.0010,0.0000,0,0,0.0000,0,0.0000,0,0,0,711,0
7027,3.1241,10.5424,0.0009,0.0000,0,0,0.0000,0,0.0000,0,0,0,696,0
7028,5.9434,5.9057,0.0023,0.0000,0,0,0.0000,0,0.0000,0,0,0,601,0
7029,3.3764,5.7486,0.0025,0.0000,0,0,0.0000,0,0.0000,0,0,0,601,0
7030,3.2815,10.6446,0.0010,0.0000,0,0,0.0000,0,0.0000,0,0,0,706,0
7031,3.1241,10.6253,0.0009,0.0000,0,0,0.0000,0,0.0000,0,0,0,702,0
7032,5.9434,6.5385,0.0084,0.0000,0,0,0.0000,0,0.0000,0,0,0,601,0
7033,3.3764,5.8592,0.0025,0.0000,0,0,0.0000,0,0.0000,0,0,0,601,0
7034,3.2815,10.4842,0.0077,0.0000,0,0,0.0000,0,0.0000,0,0,0,748,0
7035,3.1241,10.2761,0.0036,0.0000,0,0,0.0000,0,0.0000,0,0,0,702,0
7036,5.9434,6.7658,0.0082,0.0000,0,0,0.0000,0,0.0000,0,0,0,601,0
7037,3.3764,5.9043,0.0023,0.0000,0,0,0.0000,0,0.0000,0,0,0,601,0
7038,3.2815,9.9713,0.0042,0.0000,0,0,0.0000,0,0.0000,0,0,0,696,0
7039,3.1241,9.9850,0.0029,0.0000,0,0,0.0000,0,0.0000,0,0,0,702,0
7040,5.9434,6.5185,0.0025,0.0000,0,0,0.0000,0,0.0000,0,0,0,601,0
7041,3.3764,5.7866,0.0016,0.0000,0,0,0.0000,0,0.0000,0,0,0,601,0
7042,3.2815,9.8699,0.0038,0.0000,0,0,0.0000,0,0.0000,0,0,0,696,0
7043,3.1241,9.9243,0.0010,0.0000,0,0,0.0000,0,0.0000,0,0,0,742,0
7044,5.9434,6.1834,0.0040,0.0000,0,0,0.0000,0,0.0000,0,0,0,601,0
7045,3.3764,5.7044,0.0040,0.0000,0,0,0.0000,0,0.0000,0,0,0,601,0
7046,3.2815,10.6633,0.0035,0.0000,0,0,0.0000,0,0.0000,0,0,0,696,0
7047,3.1241,10.5638,0.0008,0.0000,0,0,0.0000,0,0.0000,0,0,0,696,0
7048,5.9434,6.2871,0.0037,0.0000,0,0,0.0000,0,0.0000,0,0,0,601,0
7049,3.3764,5.8359,0.0018,0.0000,0,0,0.0000,0,0.0000,0,0,0,601,0
7050,3.2815,10.6401,0.0009,0.0000,0,0,0.0000,0,0.0000,0,0,0,696,0
7051,3.1241,10.5619,0.0011,0.0000,0,0,0.0000,0,0.0000,0,0,0,696,0
7052,5.9434,6.0365,0.0020,0.0000,0,0,0.0000,0,0.0000,0,0,0,601,0
7053,3.3764,5.7221,0.0029,0.0000,0,0,0.0000,0,0.0000,0,0,0,601,0
7054,3.2815,10.9545,0.0098,0.0000,0,0,0.0000,0,0.0000,0,0,0,702,0
7055,3.1241,10.7312,0.0099,0.0000,0,0,0.0000,0,0.0000,0,0,0,696,0
7056,5.9434,6.6367,0.0081,0.0000,0,0,0.0000,0,0.0000,0,0,0,601,0
7057,3.3764,5.8478,0.0020,0.0000,0,0,0.0000,0,0.0000,0,0,0,601,0
7058,3.2815,9.8974,0.0026,0.0000,0,0,0.0000,0,0.0000,0,0,0,701,0
7059,3.1241,9.8519,0.0020,0.0000,0,0,0.0000,0,0.0000,0,0,0,696,0
7060,5.9434,6.2938,0.0054,0.0000,0,0,0.0000,0,0.0000,0,0,0,601,0
7061,3.3764,5.8115,0.0012,0.0000,0,0,0.0000,0,0.0000,0,0,0,601,0
7062,3.2815,9.6530,0.0024,0.0000,0,0,0.0000,0,0.0000,0,0,0,704,0
7063,3.1241,9.8950,0.0021,0.0000,0,0,0.0000,0,0.0000,0,0,0,701,0
7064,5.9434,6.7246,0.0079,0.0000,0,0,0.0000,0,0.0000,0,0,0,601,0
7065,3.3764,5.8760,0.0022,0.0000,0,0,0.0000,0,0.0000,0,0,0,601,0
7066,3.2815,10.3087,0.0042,0.0000,0,0,0.0000,0,0.0000,0,0,0,701,0
7067,3.1241,10.0059,0.0070,0.0000,0,0,0.0000,0,0.0000,0,0,0,700,0
7068,5.9434,6.4714,0.0031,0.0000,0,0,0.0000,0,0.0000,0,0,0,601,0
7069,3.3764,5.7230,0.0009,0.0000,0,0,0.0000,0,0.0000,0,0,0,601,0
7070,3.2815,10.2737,0.0072,0.0000,0,0,0.0000,0,0.0000,0,0,0,701,0
7071,3.1241,10.2039,0.0018,0.0000,0,0,0.0000,0,0.0000,0,0,0,720,0
7072,5.9434,6.8460,0.0083,0.0000,0,0,0.0000,0,0.0000,0,0,0,601,0
7073,3.3764,5.9337,0.0083,0.0000,0,0,0.0000,0,0.0000,0,0,0,601,0
7074,3.2815,10.6464,0.0049,0.0000,0,0,0.0000,0,0.0000,0,0,0,702,0
7075,3.1241,10.5152,0.0022,0.0000,0,0,0.0000,0,0.0000,0,0,0,696,0
7076,5.9434,6.4917,0.0026,0.0000,0,0,0.0000,0,0.0000,0,0,0,601,0
7077,3.3764,6.9130,0.0027,0.0000,0,0,0.0000,0,0.0000,0,0,0,601,0
7078,3.2815,8.2021,0.0077,0.0000,0,0,0.0000,0,0.0000,0,0,0,712,0
7079,3.1241,10.1103,0.0018,0.0000,0,0,0.0000,0,0.0000,0,0,0,696,0
7080,5.9434,5.7812,0.0027,0.0000,0,0,0.0000,0,0.0000,0,0,0,601,0
7081,3.3764,5.5449,0.0026,0.0000,0,0,0.0000,0,0.0000,0,0,0,601,0
7082,3.2815,10.3224,0.0023,0.0000,0,0,0.0000,0,0.0000,0,0,0,696,0
7083,3.1241,10.1813,0.0013,0.0000,0,0,0.0000,0,0.0000,0,0,0,696,0
7084,5.9434,5.7393,0.0020,0.0000,0,0,0.0000,0,0.0000,0,0,0,601,0
7085,3.3764,5.4843,0.0022,0.0000,0,0,0.0000,0,0.0000,0,0,0,601,0
7086,3.2815,10.4462,0.0030,0.0000,0,0,0.0000,0,0.0000,0,0,0,696,0
7087,3.1241,10.3354,0.0017,0.0000,0,0,0.0000,0,0.0000,0,0,0,696,0
7088,5.9434,6.0335,0.0020,0.0000,0,0,0.0000,0,0.0000,0,0,0,601,0
7089,3.3764,5.6067,0.0017,0.0000,0,0,0.0000,0,0.0000,0,0,0,601,0
7090,3.2815,10.5068,0.0011,0.0000,0,0,0.0000,0,0.0000,0,0,0,696,0
7091,3.1241,10.4778,0.0010,0.0000,0,0,0.0000,0,0.0000,0,0,0,705,0
7092,5.9434,5.8156,0.0024,0.0000,0,0,0.0000,0,0.0000,0,0,0,601,0
7093,3.3764,5.6578,0.0015,0.0000,0,0,0.0000,0,0.0000,0,0,0,601,0
7094,3.2815,10.4366,0.0018,0.0000,0,0,0.0000,0,0.0000,0,0,0,696,0
7095,3.1241,10.3291,0.0011,0.0000,0,0,0.0000,0,0.0000,0,0,0,704,0
7096,5.9434,5.7930,0.0015,0.0000,0,0,0.0000,0,0.0000,0,0,0,601,0
7097,3.3764,5.5468,0.0010,0.0000,0,0,0.0000,0,0.0000,0,0,0,601,0
7098,3.2815,10.4756,0.0013,0.0000,0,0,0.0000,0,0.0000,0,0,0,706,0
7099,3.1241,10.4254,0.0010,0.0000,0,0,0.0000,0,0.0000,0,0,0,711,0
7100,5.9434,6.1531,0.0060,0.0000,0,0,0.0000,0,0.0000,0,0,0,601,0
7101,3.3764,5.7999,0.0060,0.0000,0,0,0.0000,0,0.0000,0,0,0,601,0
7102,3.2815,10.5186,0.0041,0.0000,0,0,0.0000,0,0.0000,0,0,0,702,0
7103,3.1241,10.3296,0.0026,0.0000,0,0,0.0000,0,0.0000,0,0,0,696,0
7104,5.9434,6.4453,0.0079,0.0000,0,0,0.0000,0,0.0000,0,0,0,601,0
7105,3.3764,5.8063,0.0014,0.0000,0,0,0.0000,0,0.0000,0,0,0,601,0
7106,3.2815,10.0092,0.0037,0.0000,0,0,0.0000,0,0.0000,0,0,0,702,0
7107,3.1241,9.7691,0.0021,0.0000,0,0,0.0000,0,0.0000,0,0,0,696,0
7108,5.9434,6.3334,0.0063,0.0000,0,0,0.0000,0,0.0000,0,0,0,601,0
7109,3.3764,6.2731,0.0020,0.0000,0,0,0.0000,0,0.0000,0,0,0,601,0
7110,3.2815,10.0935,0.0050,0.0000,0,0,0.0000,0,0.0000,0,0,0,696,0
7111,3.1241,9.6828,0.0023,0.0000,0,0,0.0000,0,0.0000,0,0,0,696,0
7112,5.9434,6.5010,0.0024,0.0000,0,0,0.0000,0,0.0000,0,0,0,601,0
7113,3.3764,6.2378,0.0019,0.0000,0,0,0.0000,0,0.0000,0,0,0,601,0
7114,3.2815,6.6937,0.0032,0.0000,0,0,0.0000,0,0.0000,0,0,0,696,0
7115,3.1241,6.0595,0.0022,0.0000,0,0,0.0000,0,0.0000,0,0,0,696,0
7116,5.9434,6.1952,0.0053,0.0000,0,0,0.0000,0,0.0000,0,0,0,601,0
7117,3.3764,5.7343,0.0052,0.0000,0,0,0.0000,0,0.0000,0,0,0,601,0
7118,3.2815,10.6024,0.0027,0.0000,0,0,0.0000,0,0.0000,0,0,0,696,0
7119,3.1241,10.5074,0.0018,0.0000,0,0,0.0000,0,0.0000,0,0,0,701,0
7120,5.9434,6.1624,0.0024,0.0000,0,0,0.0000,0,0.0000,0,0,0,601,0
7121,3.3764,5.7847,0.0012,0.0000,0,0,0.0000,0,0.0000,0,0,0,601,0
7122,3.2815,10.6777,0.0018,0.0000,0,0,0.0000,0,0.0000,0,0,0,709,0
7123,3.1241,10.6397,0.0008,0.0000,0,0,0.0000,0,0.0000,0,0,0,696,0
7124,5.9434,6.0679,0.0022,0.0000,0,0,0.0000,0,0.0000,0,0,0,601,0
7125,3.3764,5.7975,0.0018,0.0000,0,0,0.0000,0,0.0000,0,0,0,601,0
7126,3.2815,10.6254,0.0010,0.0000,0,0,0.0000,0,0.0000,0,0,0,696,0
7127,3.1241,10.5531,0.0008,0.0000,0,0,0.0000,0,0.0000,0,0,0,707,0
7128,5.9434,6.1143,0.0058,0.0000,0,0,0.0000,0,0.0000,0,0,0,601,0
7129,3.3764,5.7743,0.0030,0.0000,0,0,0.0000,0,0.0000,0,0,0,601,0
7130,3.2815,10.7751,0.0034,0.0000,0,0,0.0000,0,0.0000,0,0,0,696,0
7131,3.1241,10.7487,0.0006,0.0000,0,0,0.0000,0,0.0000,0,0,0,698,0
7132,5.9434,6.1197,0.0035,0.0000,0,0,0.0000,0,0.0000,0,0,0,601,0
7133,3.3764,5.8002,0.0019,0.0000,0,0,0.0000,0,0.0000,0,0,0,601,0
7134,3.2815,10.8225,0.0013,0.0000,0,0,0.0000,0,0.0000,0,0,0,696,0
7135,3.1241,10.8227,0.0050,0.0000,0,0,0.0000,0,0.0000,0,0,0,696,0
7136,5.9434,6.1030,0.0017,0.0000,0,0,0.0000,0,0.0000,0,0,0,601,0
7137,3.3764,5.8192,0.0016,0.0000,0,0,0.0000,0,0.0000,0,0,0,601,0
7138,3.2815,10.5361,0.0008,0.0000,0,0,0.0000,0,0.0000,0,0,0,696,0
7139,3.1241,10.4556,0.0007,0.0000,0,0,0.0000,0,0.0000,0,0,0,696,0
7140,5.9434,5.8477,0.0018,0.0000,0,0,0.0000,0,0.0000,0,0,0,601,0
7141,3.3764,5.6155,0.0012,0.0000,0,0,0.0000,0,0.0000,0,0,0,601,0
7142,3.2815,10.3038,0.0008,0.0000,0,0,0.0000,0,0.0000,0,0,0,696,0
7143,3.1241,10.2287,0.0008,0.0000,0,0,0.0000,0,0.0000,0,0,0,696,0
7144,5.9434,6.7826,0.0078,0.0000,0,0,0.0000,0,0.0000,0,0,0,601,0
7145,3.3764,5.8753,0.0077,0.0000,0,0,0.0000,0,0.0000,0,0,0,601,0
7146,3.2815,10.6380,0.0036,0.0000,0,0,0.0000,0,0.0000,0,0,0,696,0
7147,3.1241,10.4986,0.0018,0.0000,0,0,0.0000,0,0.0000,0,0,0,696,0
7148,5.9434,7.0768,0.0106,0.0000,0,0,0.0000,0,0.0000,0,0,0,601,0
7149,3.3764,5.9870,0.0017,0.0000,0,0,0.0000,0,0.0000,0,0,0,601,0
7150,3.2815,9.9181,0.0020,0.0000,0,0,0.0000,0,0.0000,0,0,0,696,0
7151,3.1241,9.7693,0.0015,0.0000,0,0,0.0000,0,0.0000,0,0,0,696,0
7152,5.9434,6.7051,0.0080,0.0000,0,0,0.0000,0,0.0000,0,0,0,601,0
7153,3.3764,5.9118,0.0076,0.0000,0,0,0.0000,0,0.0000,0,0,0,601,0
7154,3.2815,10.4079,0.0027,0.0000,0,0,0.0000,0,0.0000,0,0,0,696,0
7155,3.1241,10.1530,0.0026,0.0000,0,0,0.0000,0,0.0000,0,0,0,706,0
7156,5.9434,6.7104,0.0067,0.0000,0,0,0.0000,0,0.0000,0,0,0,601,0
7157,3.3764,5.8035,0.0015,0.0000,0,0,0.0000,0,0.0000,0,0,0,601,0
7158,3.2815,9.9505,0.0036,0.0000,0,0,0.0000,0,0.0000,0,0,0,696,0
7159,3.1241,9.8600,0.0019,0.0000,0,0,0.0000,0,0.0000,0,0,0,696,0
7160,5.9434,6.3500,0.0069,0.0000,0,0,0.0000,0,0.0000,0,0,0,601,0
7161,3.3764,5.7594,0.0015,0.0000,0,0,0.0000,0,0.0000,0,0,0,601,0
7162,3.2815,9.9872,0.0020,0.0000,0,0,0.0000,0,0.0000,0,0,0,696,0
7163,3.1241,9.9089,0.0029,0.0000,0,0,0.0000,0,0.0000,0,0,0,696,0
7164,5.9434,6.7962,0.0067,0.0000,0,0,0.0000,0,0.0000,0,0,0,601,0
7165,3.3764,5.8839,0.0025,0.0000,0,0,0.0000,0,0.0000,0,0,0,601,0
7166,3.2815,10.1038,0.0027,0.0000,0,0,0.0000,0,0.0000,0,0,0,701,0
7167,3.1241,9.9507,0.0028,0.0000,0,0,0.0000,0,0.0000,0,0,0,696,0
7168,5.9434,6.4252,0.0074,0.0000,0,0,0.0000,0,0.0000,0,0,0,601,0
7169,3.3764,5.7497,0.0020,0.0000,0,0,0.0000,0,0.0000,0,0,0,601,0
7170,3.2815,9.9802,0.0023,0.0000,0,0,0.0000,0,0.0000,0,0,0,696,0
7171,3.1241,9.8905,0.0021,0.0000,0,0,0.0000,0,0.0000,0,0,0,696,0
7172,5.9434,6.5267,0.0054,0.0000,0,0,0.0000,0,0.0000,0,0,0,601,0
7173,3.3764,5.8023,0.0017,0.0000,0,0,0.0000,0,0.0000,0,0,0,601,0
7174,3.2815,10.1092,0.0019,0.0000,0,0,0.0000,0,0.0000,0,0,0,696,0
7175,3.1241,9.8463,0.0012,0.0000,0,0,0.0000,0,0.0000,0,0,0,696,0
7176,5.9434,6.1508,0.0036,0.0000,0,0,0.0000,0,0.0000,0,0,0,601,0
7177,3.3764,5.7200,0.0021,0.0000,0,0,0.0000,0,0.0000,0,0,0,601,0
7178,3.2815,10.4943,0.0034,0.0000,0,0,0.0000,0,0.0000,0,0,0,696,0
7179,3.1241,10.3402,0.0013,0.0000,0,0,0.0000,0,0.0000,0,0,0,696,0
7180,5.9434,6.2713,0.0047,0.0000,0,0,0.0000,0,0.0000,0,0,0,601,0
7181,3.3764,5.8087,0.0047,0.0000,0,0,0.0000,0,0.0000,0,0,0,601,0
7182,3.2815,10.5516,0.0056,0.0000,0,0,0.0000,0,0.0000,0,0,0,696,0
7183,3.1241,10.3633,0.0050,0.0000,0,0,0.0000,0,0.0000,0,0,0,706,0
7184,5.9434,6.1384,0.0031,0.0000,0,0,0.0000,0,0.0000,0,0,0,601,0
7185,3.3764,5.7407,0.0027,0.0000,0,0,0.0000,0,0.0000,0,0,0,601,0
7186,3.2815,10.6875,0.0010,0.0000,0,0,0.0000,0,0.0000,0,0,0,696,0
7187,3.1241,10.6900,0.0006,0.0000,0,0,0.0000,0,0.0000,0,0,0,696,0
7188,5.9434,6.0456,0.0015,0.0000,0,0,0.0000,0,0.0000,0,0,0,601,0
7189,3.3764,5.7250,0.0018,0.0000,0,0,0.0000,0,0.0000,0,0,0,601,0
7190,3.2815,10.4453,0.0013,0.0000,0,0,0.0000,0,0.0000,0,0,0,696,0
7191,3.1241,10.3155,0.0013,0.0000,0,0,0.0000,0,0.0000,0,0,0,696,0
7192,5.9434,5.7755,0.0013,0.0000,0,0,0.0000,0,0.0000,0,0,0,601,0
7193,3.3764,5.6570,0.0010,0.0000,0,0,0.0000,0,0.0000,0,0,0,601,0
7194,3.2815,10.6140,0.0008,0.0000,0,0,0.0000,0,0.0000,0,0,0,696,0
7195,3.1241,10.6179,0.0007,0.0000,0,0,0.0000,0,0.0000,0,0,0,696,0
7196,5.9434,6.0078,0.0023,0.0000,0,0,0.0000,0,0.0000,0,0,0,601,0
7197,3.3764,5.7102,0.0019,0.0000,0,0,0.0000,0,0.0000,0,0,0,601,0
7198,3.2815,12.9083,0.0122,0.0000,0,0,0.0000,0,0.0000,0,0,0,696,0
7199,3.1241,12.8804,0.0016,0.0000,0,0,0.0000,0,0.0000,0,0,0,703,0
