frame_id,fill_ms,upload_ms,draw_present_ms,total_ms,missed_budget
0,0.0000,0.0000,8.5647,8.5647,0
1,0.0000,0.0000,12.6958,12.6959,0
2,0.0000,0.0000,16.7057,16.7058,1
3,0.0000,0.0000,16.5267,16.5267,0
4,0.0000,0.0000,18.8508,18.8510,1
5,0.0000,0.0000,16.7951,16.7954,1
6,0.0000,0.0000,16.6170,16.6173,0
7,0.0000,0.0000,16.5935,16.5938,0
8,0.0000,0.0000,16.7865,16.7868,1
9,0.0000,0.0000,16.6652,16.6654,0
10,0.0000,0.0000,16.5734,16.5737,0
11,0.0000,0.0000,16.6558,16.6562,0
12,0.0000,0.0000,16.6575,16.6578,0
13,0.0000,0.0000,16.7737,16.7739,1
14,0.0000,0.0000,16.7027,16.7030,1
15,0.0000,0.0000,16.6174,16.6177,0
16,0.0000,0.0000,16.7073,16.7076,1
17,0.0000,0.0000,16.6032,16.6035,0
18,0.0000,0.0000,16.9417,16.9420,1
19,0.0000,0.0000,16.3075,16.3079,0
20,0.0000,0.0000,16.7436,16.7439,1
21,0.0000,0.0000,16.6861,16.6864,1
22,0.0000,0.0000,15.0593,15.0595,0
23,0.0000,0.0000,16.6279,16.6280,0
24,0.0000,0.0000,17.1913,17.1915,1
25,0.0000,0.0000,8.0256,8.0260,0
26,0.0000,0.0000,9.7661,9.7664,0
27,0.0000,0.0000,16.4952,16.4955,0
28,0.0000,0.0000,16.7032,16.7035,1
29,0.0000,0.0000,16.6483,16.6486,0
30,0.0000,0.0000,16.6833,16.6837,1
31,0.0000,0.0000,16.6576,16.6579,0
32,0.0000,0.0000,16.6707,16.6710,1
33,0.0000,0.0000,16.6483,16.6486,0
34,0.0000,0.0000,16.7175,16.7178,1
35,0.0000,0.0000,16.6604,16.6607,0
36,0.0000,0.0000,16.6674,16.6677,1
37,0.0000,0.0000,16.5963,16.5965,0
38,0.0000,0.0000,16.6832,16.6835,1
39,0.0000,0.0000,16.6501,16.6504,0
40,0.0000,0.0000,7.0109,7.0112,0
41,0.0000,0.0000,9.7569,9.7572,0
42,0.0000,0.0000,16.6582,16.6585,0
43,0.0000,0.0000,16.6970,16.6973,1
44,0.0000,0.0000,16.6391,16.6394,0
45,0.0000,0.0000,16.6544,16.6547,0
46,0.0000,0.0000,16.6565,16.6568,0
47,0.0000,0.0000,16.6880,16.6883,1
48,0.0000,0.0000,16.6650,16.6653,0
49,0.0000,0.0000,15.0435,15.0438,0
50,0.0000,0.0000,16.6604,16.6604,0
51,0.0000,0.0000,16.6642,16.6643,0
52,0.0000,0.0000,16.6362,16.6363,0
53,0.0000,0.0000,17.8960,17.8962,1
54,0.0000,0.0000,17.2360,17.2363,1
55,0.0000,0.0000,15.4258,15.4261,0
56,0.0000,0.0000,16.6720,16.6722,1
57,0.0000,0.0000,17.8176,17.8178,1
58,0.0000,0.0000,16.6808,16.6811,1
59,0.0000,0.0000,16.6642,16.6645,0
60,0.0000,0.0000,16.6745,16.6748,1
61,0.0000,0.0000,16.6791,16.6793,1
62,0.0000,0.0000,16.6104,16.6106,0
63,0.0000,0.0000,16.6965,16.6968,1
64,0.0000,0.0000,16.6241,16.6244,0
65,0.0000,0.0000,16.7381,16.7384,1
66,0.0000,0.0000,16.7754,16.7757,1
67,0.0000,0.0000,6.8247,6.8250,0
68,0.0000,0.0000,9.8626,9.8629,0
69,0.0000,0.0000,16.6067,16.6070,0
70,0.0000,0.0000,16.8295,16.8298,1
71,0.0000,0.0000,16.4728,16.4731,0
72,0.0000,0.0000,16.6507,16.6510,0
73,0.0000,0.0000,16.6909,16.6912,1
74,0.0000,0.0000,16.6399,16.6401,0
75,0.0000,0.0000,16.7174,16.7177,1
76,0.0000,0.0000,16.6301,16.6304,0
77,0.0000,0.0000,16.6917,16.6920,1
78,0.0000,0.0000,16.6547,16.6550,0
79,0.0000,0.0000,16.6996,16.6999,1
80,0.0000,0.0000,16.6536,16.6539,0
81,0.0000,0.0000,16.6595,16.6598,0
82,0.0000,0.0000,16.5338,16.5341,0
83,0.0000,0.0000,7.1008,7.1011,0
84,0.0000,0.0000,9.8457,9.8460,0
85,0.0000,0.0000,16.4649,16.4652,0
86,0.0000,0.0000,16.7010,16.7013,1
87,0.0000,0.0000,16.6935,16.6938,1
88,0.0000,0.0000,16.6588,16.6591,0
89,0.0000,0.0000,16.6862,16.6865,1
90,0.0000,0.0000,16.6517,16.6520,0
91,0.0000,0.0000,16.6627,16.6630,0
92,0.0000,0.0000,16.7329,16.7332,1
93,0.0000,0.0000,16.6646,16.6649,0
94,0.0000,0.0000,16.7870,16.7874,1
95,0.0000,0.0000,16.5337,16.5340,0
96,0.0000,0.0000,16.7202,16.7205,1
97,0.0000,0.0000,16.6791,16.6794,1
98,0.0000,0.0000,16.6633,16.6636,0
99,0.0000,0.0000,16.6272,16.6275,0
100,0.0000,0.0000,16.6885,16.6888,1
101,0.0000,0.0000,16.7566,16.7569,1
102,0.0000,0.0000,16.5485,16.5488,0
103,0.0000,0.0000,16.6513,16.6516,0
104,0.0000,0.0000,16.7491,16.7494,1
105,0.0000,0.0000,16.6068,16.6071,0
106,0.0000,0.0000,16.6486,16.6489,0
107,0.0000,0.0000,16.3257,16.3260,0
108,0.0000,0.0000,7.4013,7.4016,0
109,0.0000,0.0000,9.6925,9.6928,0
110,0.0000,0.0000,16.5893,16.5896,0
111,0.0000,0.0000,16.6518,16.6521,0
112,0.0000,0.0000,16.7161,16.7164,1
113,0.0000,0.0000,16.7128,16.7131,1
114,0.0000,0.0000,16.6393,16.6396,0
115,0.0000,0.0000,16.6754,16.6758,1
116,0.0000,0.0000,16.6214,16.6217,0
117,0.0000,0.0000,16.7790,16.7793,1
118,0.0000,0.0000,16.5948,16.5951,0
119,0.0000,0.0000,16.7095,16.7098,1
120,0.0000,0.0000,16.6655,16.6658,0
121,0.0000,0.0000,16.7095,16.7098,1
122,0.0000,0.0000,16.5579,16.5582,0
123,0.0000,0.0000,16.7071,16.7074,1
124,0.0000,0.0000,16.9269,16.9272,1
125,0.0000,0.0000,16.4483,16.4486,0
126,0.0000,0.0000,16.6324,16.6327,0
127,0.0000,0.0000,16.6677,16.6680,1
128,0.0000,0.0000,16.6664,16.6667,1
129,0.0000,0.0000,16.6589,16.6592,0
130,0.0000,0.0000,16.6762,16.6765,1
131,0.0000,0.0000,16.7233,16.7236,1
132,0.0000,0.0000,16.6243,16.6246,0
133,0.0000,0.0000,16.7313,16.7316,1
134,0.0000,0.0000,16.6807,16.6810,1
135,0.0000,0.0000,16.6223,16.6226,0
136,0.0000,0.0000,16.6454,16.6457,0
137,0.0000,0.0000,16.7670,16.7674,1
138,0.0000,0.0000,16.5888,16.5891,0
139,0.0000,0.0000,16.7551,16.7553,1
140,0.0000,0.0000,16.6237,16.6240,0
141,0.0000,0.0000,16.6328,16.6331,0
142,0.0000,0.0000,16.7276,16.7279,1
143,0.0000,0.0000,16.6641,16.6644,0
144,0.0000,0.0000,16.6384,16.6387,0
145,0.0000,0.0000,16.7012,16.7015,1
146,0.0000,0.0000,16.6366,16.6369,0
147,0.0000,0.0000,16.6600,16.6603,0
148,0.0000,0.0000,16.6962,16.6965,1
149,0.0000,0.0000,16.6662,16.6665,0
150,0.0000,0.0000,16.7155,16.7158,1
151,0.0000,0.0000,16.5577,16.5580,0
152,0.0000,0.0000,16.7208,16.7211,1
153,0.0000,0.0000,16.6596,16.6599,0
154,0.0000,0.0000,16.7024,16.7027,1
155,0.0000,0.0000,16.7350,16.7353,1
156,0.0000,0.0000,16.6639,16.6641,0
157,0.0000,0.0000,16.6249,16.6251,0
158,0.0000,0.0000,16.6848,16.6851,1
159,0.0000,0.0000,16.6388,16.6391,0
160,0.0000,0.0000,16.6551,16.6554,0
161,0.0000,0.0000,16.6831,16.6834,1
162,0.0000,0.0000,16.6301,16.6304,0
163,0.0000,0.0000,16.6901,16.6905,1
164,0.0000,0.0000,16.7144,16.7147,1
165,0.0000,0.0000,16.7377,16.7380,1
166,0.0000,0.0000,16.5795,16.5797,0
167,0.0000,0.0000,16.6503,16.6506,0
168,0.0000,0.0000,16.6475,16.6478,0
169,0.0000,0.0000,16.7276,16.7279,1
170,0.0000,0.0000,16.6117,16.6120,0
171,0.0000,0.0000,16.8720,16.8723,1
172,0.0000,0.0000,16.5276,16.5279,0
173,0.0000,0.0000,16.7398,16.7401,1
174,0.0000,0.0000,16.6080,16.6083,0
175,0.0000,0.0000,16.6420,16.6423,0
176,0.0000,0.0000,16.6777,16.6780,1
177,0.0000,0.0000,16.6598,16.6601,0
178,0.0000,0.0000,16.6587,16.6590,0
179,0.0000,0.0000,16.6599,16.6602,0
180,0.0000,0.0000,16.7866,16.7869,1
181,0.0000,0.0000,16.7647,16.7650,1
182,0.0000,0.0000,18.4664,18.4667,1
183,0.0000,0.0000,14.9318,14.9321,0
184,0.0000,0.0000,15.2768,15.2770,0
185,0.0000,0.0000,16.4741,16.4743,0
186,0.0000,0.0000,16.6844,16.6845,1
187,0.0000,0.0000,17.9990,17.9992,1
188,0.0000,0.0000,16.6655,16.6658,0
189,0.0000,0.0000,16.6804,16.6807,1
190,0.0000,0.0000,16.6919,16.6922,1
191,0.0000,0.0000,16.6746,16.6749,1
192,0.0000,0.0000,16.6878,16.6881,1
193,0.0000,0.0000,15.5208,15.5210,0
194,0.0000,0.0000,16.5823,16.5825,0
195,0.0000,0.0000,16.7656,16.7657,1
196,0.0000,0.0000,16.3255,16.3257,0
197,0.0000,0.0000,7.8716,7.8719,0
198,0.0000,0.0000,9.1227,9.1229,0
199,0.0000,0.0000,16.6750,16.6752,1
200,0.0000,0.0000,16.6464,16.6466,0
201,0.0000,0.0000,17.8114,17.8116,1
202,0.0000,0.0000,16.6849,16.6852,1
203,0.0000,0.0000,16.6245,16.6248,0
204,0.0000,0.0000,16.6970,16.6973,1
205,0.0000,0.0000,16.7045,16.7048,1
206,0.0000,0.0000,16.6366,16.6369,0
207,0.0000,0.0000,16.7244,16.7247,1
208,0.0000,0.0000,16.6353,16.6355,0
209,0.0000,0.0000,16.6585,16.6588,0
210,0.0000,0.0000,16.6776,16.6779,1
211,0.0000,0.0000,16.3535,16.3538,0
212,0.0000,0.0000,7.2946,7.2949,0
213,0.0000,0.0000,9.7919,9.7922,0
214,0.0000,0.0000,16.6530,16.6533,0
215,0.0000,0.0000,16.5884,16.5887,0
216,0.0000,0.0000,16.6810,16.6813,1
217,0.0000,0.0000,16.6617,16.6620,0
218,0.0000,0.0000,16.6518,16.6521,0
219,0.0000,0.0000,16.6851,16.6853,1
220,0.0000,0.0000,16.6876,16.6879,1
221,0.0000,0.0000,16.6768,16.6771,1
222,0.0000,0.0000,16.6661,16.6664,0
223,0.0000,0.0000,16.6547,16.6550,0
224,0.0000,0.0000,16.6403,16.6406,0
225,0.0000,0.0000,16.7080,16.7083,1
226,0.0000,0.0000,16.6659,16.6662,0
227,0.0000,0.0000,16.6684,16.6687,1
228,0.0000,0.0000,16.7234,16.7237,1
229,0.0000,0.0000,16.6376,16.6379,0
230,0.0000,0.0000,16.5678,16.5682,0
231,0.0000,0.0000,7.0579,7.0582,0
232,0.0000,0.0000,9.7871,9.7874,0
233,0.0000,0.0000,16.6900,16.6903,1
234,0.0000,0.0000,16.5831,16.5834,0
235,0.0000,0.0000,16.6550,16.6554,0
236,0.0000,0.0000,6.7831,6.7834,0
237,0.0000,0.0000,9.9940,9.9943,0
238,0.0000,0.0000,16.6174,16.6177,0
239,0.0000,0.0000,16.6258,16.6261,0
240,0.0000,0.0000,16.6436,16.6439,0
241,0.0000,0.0000,16.7065,16.7068,1
242,0.0000,0.0000,16.6284,16.6287,0
243,0.0000,0.0000,16.7478,16.7481,1
244,0.0000,0.0000,16.6160,16.6163,0
245,0.0000,0.0000,16.7219,16.7222,1
246,0.0000,0.0000,16.6554,16.6557,0
247,0.0000,0.0000,16.6034,16.6037,0
248,0.0000,0.0000,16.6903,16.6906,1
249,0.0000,0.0000,16.6227,16.6230,0
250,0.0000,0.0000,16.7513,16.7516,1
251,0.0000,0.0000,16.6594,16.6597,0
252,0.0000,0.0000,16.6328,16.6331,0
253,0.0000,0.0000,16.6921,16.6924,1
254,0.0000,0.0000,15.7911,15.7913,0
255,0.0000,0.0000,16.7655,16.7656,1
256,0.0000,0.0000,16.3376,16.3379,0
257,0.0000,0.0000,16.6018,16.6020,0
258,0.0000,0.0000,16.0006,16.0007,0
259,0.0000,0.0000,16.6285,16.6285,0
260,0.0000,0.0000,18.4961,18.4962,1
261,0.0000,0.0000,7.7367,7.7370,0
262,0.0000,0.0000,9.1215,9.1218,0
263,0.0000,0.0000,16.5836,16.5839,0
264,0.0000,0.0000,16.6471,16.6474,0
265,0.0000,0.0000,16.7940,16.7943,1
266,0.0000,0.0000,16.6717,16.6720,1
267,0.0000,0.0000,16.6335,16.6338,0
268,0.0000,0.0000,16.6228,16.6231,0
269,0.0000,0.0000,16.6519,16.6522,0
270,0.0000,0.0000,16.6206,16.6209,0
271,0.0000,0.0000,16.9013,16.9016,1
272,0.0000,0.0000,16.6283,16.6286,0
273,0.0000,0.0000,16.5803,16.5806,0
274,0.0000,0.0000,16.6079,16.6082,0
275,0.0000,0.0000,16.6364,16.6367,0
276,0.0000,0.0000,16.8820,16.8823,1
277,0.0000,0.0000,16.6426,16.6429,0
278,0.0000,0.0000,16.6922,16.6925,1
279,0.0000,0.0000,14.9533,14.9535,0
280,0.0000,0.0000,16.5373,16.5375,0
281,0.0000,0.0000,16.7255,16.7256,1
282,0.0000,0.0000,18.2909,18.2911,1
283,0.0000,0.0000,16.7477,16.7480,1
284,0.0000,0.0000,16.5931,16.5934,0
285,0.0000,0.0000,16.6339,16.6342,0
286,0.0000,0.0000,16.7054,16.7057,1
287,0.0000,0.0000,16.6523,16.6526,0
288,0.0000,0.0000,16.6580,16.6583,0
289,0.0000,0.0000,16.8201,16.8204,1
290,0.0000,0.0000,16.5473,16.5476,0
291,0.0000,0.0000,16.7038,16.7041,1
292,0.0000,0.0000,16.6417,16.6420,0
293,0.0000,0.0000,16.6820,16.6823,1
294,0.0000,0.0000,16.6534,16.6537,0
295,0.0000,0.0000,16.7162,16.7165,1
296,0.0000,0.0000,16.6182,16.6185,0
297,0.0000,0.0000,16.6668,16.6671,1
298,0.0000,0.0000,16.8162,16.8165,1
299,0.0000,0.0000,16.5647,16.5650,0
300,0.0000,0.0000,16.6481,16.6484,0
301,0.0000,0.0000,16.6414,16.6417,0
302,0.0000,0.0000,16.6999,16.7002,1
303,0.0000,0.0000,16.6884,16.6887,1
304,0.0000,0.0000,16.7302,16.7305,1
305,0.0000,0.0000,16.6444,16.6447,0
306,0.0000,0.0000,16.6288,16.6291,0
307,0.0000,0.0000,16.7407,16.7410,1
308,0.0000,0.0000,16.7542,16.7546,1
309,0.0000,0.0000,16.6408,16.6411,0
310,0.0000,0.0000,16.6296,16.6299,0
311,0.0000,0.0000,16.5905,16.5908,0
312,0.0000,0.0000,16.6854,16.6858,1
313,0.0000,0.0000,16.6434,16.6437,0
314,0.0000,0.0000,16.7917,16.7920,1
315,0.0000,0.0000,16.5707,16.5710,0
316,0.0000,0.0000,16.6950,16.6953,1
317,0.0000,0.0000,16.6343,16.6346,0
318,0.0000,0.0000,16.6566,16.6569,0
319,0.0000,0.0000,16.6923,16.6927,1
320,0.0000,0.0000,16.6943,16.6946,1
321,0.0000,0.0000,16.6333,16.6336,0
322,0.0000,0.0000,16.6732,16.6734,1
323,0.0000,0.0000,16.6617,16.6620,0
324,0.0000,0.0000,16.6640,16.6643,0
325,0.0000,0.0000,16.6803,16.6807,1
326,0.0000,0.0000,16.7145,16.7148,1
327,0.0000,0.0000,16.7042,16.7045,1
328,0.0000,0.0000,16.6049,16.6052,0
329,0.0000,0.0000,16.7393,16.7396,1
330,0.0000,0.0000,16.5970,16.5973,0
331,0.0000,0.0000,16.6692,16.6695,1
332,0.0000,0.0000,16.6354,16.6357,0
333,0.0000,0.0000,16.6854,16.6857,1
334,0.0000,0.0000,16.7003,16.7006,1
335,0.0000,0.0000,16.6792,16.6795,1
336,0.0000,0.0000,16.4222,16.4225,0
337,0.0000,0.0000,7.2425,7.2428,0
338,0.0000,0.0000,9.7362,9.7365,0
339,0.0000,0.0000,16.6675,16.6679,1
340,0.0000,0.0000,16.6042,16.6045,0
341,0.0000,0.0000,16.7079,16.7082,1
342,0.0000,0.0000,16.6727,16.6730,1
343,0.0000,0.0000,16.6449,16.6452,0
344,0.0000,0.0000,16.6510,16.6513,0
345,0.0000,0.0000,16.6241,16.6244,0
346,0.0000,0.0000,16.7421,16.7424,1
347,0.0000,0.0000,16.6856,16.6859,1
348,0.0000,0.0000,16.6360,16.6363,0
349,0.0000,0.0000,16.6612,16.6615,0
350,0.0000,0.0000,16.6627,16.6630,0
351,0.0000,0.0000,16.6537,16.6540,0
352,0.0000,0.0000,16.3327,16.3330,0
353,0.0000,0.0000,7.3434,7.3437,0
354,0.0000,0.0000,9.7444,9.7447,0
355,0.0000,0.0000,16.6412,16.6415,0
356,0.0000,0.0000,16.6871,16.6874,1
357,0.0000,0.0000,16.5936,16.5939,0
358,0.0000,0.0000,16.6755,16.6758,1
359,0.0000,0.0000,16.7112,16.7115,1
360,0.0000,0.0000,16.7452,16.7455,1
361,0.0000,0.0000,16.7604,16.7608,1
362,0.0000,0.0000,15.3311,15.3314,0
363,0.0000,0.0000,16.6893,16.6895,1
364,0.0000,0.0000,16.5603,16.5605,0
365,0.0000,0.0000,16.7014,16.7017,1
366,0.0000,0.0000,17.8959,17.8961,1
367,0.0000,0.0000,16.7515,16.7518,1
368,0.0000,0.0000,16.5582,16.5585,0
369,0.0000,0.0000,16.7088,16.7091,1
370,0.0000,0.0000,16.6747,16.6750,1
371,0.0000,0.0000,16.8929,16.8932,1
372,0.0000,0.0000,16.5181,16.5185,0
373,0.0000,0.0000,16.6073,16.6076,0
374,0.0000,0.0000,16.6940,16.6943,1
375,0.0000,0.0000,16.6365,16.6368,0
376,0.0000,0.0000,16.6560,16.6562,0
377,0.0000,0.0000,16.7320,16.7323,1
378,0.0000,0.0000,15.4736,15.4738,0
379,0.0000,0.0000,16.6557,16.6558,0
380,0.0000,0.0000,16.6712,16.6714,1
381,0.0000,0.0000,16.6818,16.6820,1
382,0.0000,0.0000,7.8956,7.8959,0
383,0.0000,0.0000,10.0319,10.0322,0
384,0.0000,0.0000,16.6298,16.6301,0
385,0.0000,0.0000,16.6102,16.6105,0
386,0.0000,0.0000,16.6669,16.6672,1
387,0.0000,0.0000,16.6715,16.6718,1
388,0.0000,0.0000,16.6713,16.6716,1
389,0.0000,0.0000,16.6583,16.6586,0
390,0.0000,0.0000,16.6477,16.6480,0
391,0.0000,0.0000,16.7195,16.7198,1
392,0.0000,0.0000,16.6713,16.6716,1
393,0.0000,0.0000,16.6628,16.6631,0
394,0.0000,0.0000,16.6556,16.6559,0
395,0.0000,0.0000,16.6741,16.6744,1
396,0.0000,0.0000,16.6781,16.6784,1
397,0.0000,0.0000,16.7075,16.7078,1
398,0.0000,0.0000,16.6473,16.6476,0
399,0.0000,0.0000,16.3270,16.3273,0
400,0.0000,0.0000,7.5151,7.5154,0
401,0.0000,0.0000,9.5969,9.5972,0
402,0.0000,0.0000,16.5274,16.5277,0
403,0.0000,0.0000,16.6639,16.6642,0
404,0.0000,0.0000,16.7292,16.7294,1
405,0.0000,0.0000,16.6627,16.6630,0
406,0.0000,0.0000,16.6836,16.6839,1
407,0.0000,0.0000,16.6705,16.6708,1
408,0.0000,0.0000,16.6451,16.6454,0
409,0.0000,0.0000,16.6773,16.6776,1
410,0.0000,0.0000,16.6660,16.6664,0
411,0.0000,0.0000,16.6791,16.6794,1
412,0.0000,0.0000,16.6940,16.6943,1
413,0.0000,0.0000,16.6342,16.6345,0
414,0.0000,0.0000,16.6782,16.6785,1
415,0.0000,0.0000,16.6860,16.6863,1
416,0.0000,0.0000,16.6952,16.6954,1
417,0.0000,0.0000,16.7416,16.7419,1
418,0.0000,0.0000,16.5190,16.5193,0
419,0.0000,0.0000,16.7258,16.7261,1
420,0.0000,0.0000,16.6823,16.6826,1
421,0.0000,0.0000,16.6281,16.6284,0
422,0.0000,0.0000,16.7171,16.7174,1
423,0.0000,0.0000,16.7262,16.7265,1
424,0.0000,0.0000,16.6092,16.6095,0
425,0.0000,0.0000,16.6517,16.6520,0
426,0.0000,0.0000,16.6473,16.6476,0
427,0.0000,0.0000,16.6677,16.6681,1
428,0.0000,0.0000,16.6906,16.6910,1
429,0.0000,0.0000,16.7450,16.7453,1
430,0.0000,0.0000,16.7305,16.7308,1
431,0.0000,0.0000,16.5593,16.5596,0
432,0.0000,0.0000,16.6568,16.6572,0
433,0.0000,0.0000,16.6759,16.6762,1
434,0.0000,0.0000,16.6351,16.6354,0
435,0.0000,0.0000,16.7425,16.7428,1
436,0.0000,0.0000,16.6889,16.6892,1
437,0.0000,0.0000,16.6063,16.6066,0
438,0.0000,0.0000,16.6913,16.6916,1
439,0.0000,0.0000,16.6225,16.6228,0
440,0.0000,0.0000,16.6608,16.6611,0
441,0.0000,0.0000,16.7054,16.7057,1
442,0.0000,0.0000,16.6626,16.6629,0
443,0.0000,0.0000,16.6847,16.6850,1
444,0.0000,0.0000,16.7193,16.7196,1
445,0.0000,0.0000,16.6218,16.6221,0
446,0.0000,0.0000,16.6846,16.6849,1
447,0.0000,0.0000,16.6854,16.6857,1
448,0.0000,0.0000,16.6253,16.6256,0
449,0.0000,0.0000,16.7094,16.7097,1
450,0.0000,0.0000,16.6946,16.6949,1
451,0.0000,0.0000,16.6199,16.6202,0
452,0.0000,0.0000,16.6892,16.6895,1
453,0.0000,0.0000,16.6486,16.6489,0
454,0.0000,0.0000,16.7048,16.7051,1
455,0.0000,0.0000,16.6556,16.6559,0
456,0.0000,0.0000,16.6383,16.6386,0
457,0.0000,0.0000,16.7259,16.7261,1
458,0.0000,0.0000,16.6313,16.6316,0
459,0.0000,0.0000,16.6830,16.6833,1
460,0.0000,0.0000,16.6688,16.6691,1
461,0.0000,0.0000,16.7303,16.7306,1
462,0.0000,0.0000,16.5795,16.5798,0
463,0.0000,0.0000,16.6011,16.6014,0
464,0.0000,0.0000,16.6599,16.6602,0
465,0.0000,0.0000,6.9841,6.9844,0
466,0.0000,0.0000,9.7955,9.7958,0
467,0.0000,0.0000,16.2962,16.2965,0
468,0.0000,0.0000,8.0460,8.0463,0
469,0.0000,0.0000,9.0232,9.0235,0
470,0.0000,0.0000,16.6844,16.6847,1
471,0.0000,0.0000,16.6736,16.6739,1
472,0.0000,0.0000,16.6367,16.6371,0
473,0.0000,0.0000,16.6537,16.6540,0
474,0.0000,0.0000,16.6465,16.6468,0
475,0.0000,0.0000,16.6740,16.6743,1
476,0.0000,0.0000,16.6943,16.6947,1
477,0.0000,0.0000,16.6833,16.6836,1
478,0.0000,0.0000,16.6385,16.6388,0
479,0.0000,0.0000,16.6510,16.6513,0
480,0.0000,0.0000,16.6950,16.6952,1
481,0.0000,0.0000,16.6553,16.6556,0
482,0.0000,0.0000,16.6748,16.6751,1
483,0.0000,0.0000,16.6796,16.6799,1
484,0.0000,0.0000,16.7476,16.7479,1
485,0.0000,0.0000,16.9144,16.9147,1
486,0.0000,0.0000,16.3534,16.3537,0
487,0.0000,0.0000,16.7081,16.7084,1
488,0.0000,0.0000,16.6940,16.6943,1
489,0.0000,0.0000,16.6470,16.6474,0
490,0.0000,0.0000,16.6987,16.6990,1
491,0.0000,0.0000,16.6229,16.6232,0
492,0.0000,0.0000,16.6780,16.6783,1
493,0.0000,0.0000,16.6532,16.6535,0
494,0.0000,0.0000,16.7153,16.7156,1
495,0.0000,0.0000,16.6414,16.6418,0
496,0.0000,0.0000,16.6699,16.6702,1
497,0.0000,0.0000,16.2829,16.2833,0
498,0.0000,0.0000,7.3035,7.3038,0
499,0.0000,0.0000,9.8398,9.8401,0
500,0.0000,0.0000,16.6270,16.6273,0
501,0.0000,0.0000,16.6190,16.6193,0
502,0.0000,0.0000,16.6712,16.6715,1
503,0.0000,0.0000,16.6685,16.6688,1
504,0.0000,0.0000,16.6856,16.6859,1
505,0.0000,0.0000,15.4918,15.4921,0
506,0.0000,0.0000,16.6569,16.6571,0
507,0.0000,0.0000,16.6372,16.6373,0
508,0.0000,0.0000,16.7086,16.7087,1
509,0.0000,0.0000,17.8680,17.8682,1
510,0.0000,0.0000,16.6351,16.6353,0
511,0.0000,0.0000,16.6843,16.6846,1
512,0.0000,0.0000,16.7100,16.7103,1
513,0.0000,0.0000,16.6380,16.6383,0
514,0.0000,0.0000,16.7271,16.7274,1
515,0.0000,0.0000,16.6565,16.6568,0
516,0.0000,0.0000,16.8580,16.8583,1
517,0.0000,0.0000,16.4936,16.4939,0
518,0.0000,0.0000,16.6243,16.6246,0
519,0.0000,0.0000,16.6960,16.6963,1
520,0.0000,0.0000,16.6895,16.6898,1
521,0.0000,0.0000,16.6893,16.6896,1
522,0.0000,0.0000,16.6025,16.6028,0
523,0.0000,0.0000,16.7205,16.7208,1
524,0.0000,0.0000,16.6141,16.6144,0
525,0.0000,0.0000,16.7112,16.7115,1
526,0.0000,0.0000,16.6459,16.6462,0
527,0.0000,0.0000,16.7074,16.7077,1
528,0.0000,0.0000,16.6903,16.6906,1
529,0.0000,0.0000,16.5780,16.5783,0
530,0.0000,0.0000,16.7014,16.7017,1
531,0.0000,0.0000,16.6614,16.6617,0
532,0.0000,0.0000,16.6965,16.6968,1
533,0.0000,0.0000,16.6383,16.6386,0
534,0.0000,0.0000,16.6661,16.6664,0
535,0.0000,0.0000,16.7036,16.7039,1
536,0.0000,0.0000,16.6788,16.6791,1
537,0.0000,0.0000,16.6207,16.6210,0
538,0.0000,0.0000,16.6894,16.6896,1
539,0.0000,0.0000,16.6539,16.6542,0
540,0.0000,0.0000,16.6660,16.6663,0
541,0.0000,0.0000,16.0675,16.0678,0
542,0.0000,0.0000,7.5630,7.5633,0
543,0.0000,0.0000,9.7977,9.7980,0
544,0.0000,0.0000,16.6197,16.6200,0
545,0.0000,0.0000,16.6743,16.6746,1
546,0.0000,0.0000,16.6573,16.6576,0
547,0.0000,0.0000,16.5880,16.5883,0
548,0.0000,0.0000,7.0218,7.0221,0
549,0.0000,0.0000,9.9577,9.9579,0
550,0.0000,0.0000,16.4459,16.4462,0
551,0.0000,0.0000,16.6432,16.6435,0
552,0.0000,0.0000,16.6822,16.6825,1
553,0.0000,0.0000,16.7064,16.7067,1
554,0.0000,0.0000,16.6734,16.6737,1
555,0.0000,0.0000,16.7383,16.7386,1
556,0.0000,0.0000,16.5867,16.5871,0
557,0.0000,0.0000,15.5389,15.5392,0
558,0.0000,0.0000,16.6830,16.6832,1
559,0.0000,0.0000,16.6366,16.6367,0
560,0.0000,0.0000,16.6207,16.6209,0
561,0.0000,0.0000,16.7196,16.7199,1
562,0.0000,0.0000,16.6738,16.6739,1
563,0.0000,0.0000,16.6501,16.6503,0
564,0.0000,0.0000,16.6943,16.6945,1
565,0.0000,0.0000,16.6724,16.6726,1
566,0.0000,0.0000,16.6359,16.6361,0
567,0.0000,0.0000,16.6534,16.6536,0
568,0.0000,0.0000,16.6442,16.6443,0
569,0.0000,0.0000,16.7457,16.7459,1
570,0.0000,0.0000,16.6098,16.6100,0
571,0.0000,0.0000,17.9028,17.9031,1
572,0.0000,0.0000,16.6350,16.6353,0
573,0.0000,0.0000,16.6637,16.6640,0
574,0.0000,0.0000,16.6738,16.6741,1
575,0.0000,0.0000,16.6776,16.6779,1
576,0.0000,0.0000,16.6711,16.6714,1
577,0.0000,0.0000,16.6871,16.6874,1
578,0.0000,0.0000,16.7229,16.7232,1
579,0.0000,0.0000,16.6593,16.6596,0
580,0.0000,0.0000,16.6114,16.6117,0
581,0.0000,0.0000,16.6892,16.6895,1
582,0.0000,0.0000,16.6590,16.6593,0
583,0.0000,0.0000,16.7124,16.7127,1
584,0.0000,0.0000,15.2594,15.2597,0
585,0.0000,0.0000,16.7060,16.7062,1
586,0.0000,0.0000,18.0464,18.0466,1
587,0.0000,0.0000,16.6409,16.6412,0
588,0.0000,0.0000,16.6616,16.6620,0
589,0.0000,0.0000,16.6727,16.6730,1
590,0.0000,0.0000,16.7166,16.7169,1
591,0.0000,0.0000,16.6238,16.6241,0
592,0.0000,0.0000,16.6640,16.6643,0
593,0.0000,0.0000,16.7231,16.7233,1
594,0.0000,0.0000,16.6749,16.6752,1
595,0.0000,0.0000,16.6654,16.6657,0
596,0.0000,0.0000,16.6243,16.6246,0
597,0.0000,0.0000,16.6473,16.6476,0
598,0.0000,0.0000,16.6800,16.6803,1
599,0.0000,0.0000,16.7286,16.7289,1
600,0.0000,0.0000,16.7120,16.7123,1
601,0.0000,0.0000,16.5990,16.5993,0
602,0.0000,0.0000,16.3894,16.3897,0
603,0.0000,0.0000,7.2874,7.2878,0
604,0.0000,0.0000,9.7572,9.7575,0
605,0.0000,0.0000,16.5814,16.5818,0
606,0.0000,0.0000,16.6545,16.6548,0
607,0.0000,0.0000,16.6632,16.6635,0
608,0.0000,0.0000,16.6929,16.6932,1
609,0.0000,0.0000,16.6901,16.6904,1
610,0.0000,0.0000,16.6327,16.6330,0
611,0.0000,0.0000,16.6603,16.6606,0
612,0.0000,0.0000,16.7255,16.7258,1
613,0.0000,0.0000,16.6001,16.6004,0
614,0.0000,0.0000,16.6571,16.6574,0
615,0.0000,0.0000,16.7086,16.7089,1
616,0.0000,0.0000,16.6771,16.6774,1
617,0.0000,0.0000,16.6799,16.6802,1
618,0.0000,0.0000,16.6305,16.6308,0
619,0.0000,0.0000,16.7429,16.7432,1
620,0.0000,0.0000,16.6329,16.6332,0
621,0.0000,0.0000,16.6718,16.6721,1
622,0.0000,0.0000,16.6558,16.6561,0
623,0.0000,0.0000,16.6573,16.6576,0
624,0.0000,0.0000,16.6596,16.6599,0
625,0.0000,0.0000,16.6960,16.6963,1
626,0.0000,0.0000,16.7088,16.7091,1
627,0.0000,0.0000,16.7384,16.7387,1
628,0.0000,0.0000,16.6157,16.6160,0
629,0.0000,0.0000,16.6374,16.6377,0
630,0.0000,0.0000,16.6484,16.6487,0
631,0.0000,0.0000,16.7434,16.7437,1
632,0.0000,0.0000,16.6242,16.6245,0
633,0.0000,0.0000,16.7317,16.7320,1
634,0.0000,0.0000,16.5982,16.5985,0
635,0.0000,0.0000,16.6541,16.6544,0
636,0.0000,0.0000,16.6780,16.6783,1
637,0.0000,0.0000,16.6753,16.6755,1
638,0.0000,0.0000,16.7115,16.7119,1
639,0.0000,0.0000,16.6446,16.6449,0
640,0.0000,0.0000,16.6985,16.6989,1
641,0.0000,0.0000,16.6323,16.6326,0
642,0.0000,0.0000,16.6487,16.6491,0
643,0.0000,0.0000,16.7014,16.7017,1
644,0.0000,0.0000,16.7245,16.7248,1
645,0.0000,0.0000,16.6692,16.6696,1
646,0.0000,0.0000,16.6909,16.6912,1
647,0.0000,0.0000,16.6222,16.6225,0
648,0.0000,0.0000,16.6475,16.6478,0
649,0.0000,0.0000,16.6708,16.6711,1
650,0.0000,0.0000,16.6640,16.6643,0
651,0.0000,0.0000,16.7392,16.7395,1
652,0.0000,0.0000,16.6548,16.6551,0
653,0.0000,0.0000,16.6089,16.6092,0
654,0.0000,0.0000,16.6599,16.6603,0
655,0.0000,0.0000,16.7090,16.7093,1
656,0.0000,0.0000,16.6653,16.6656,0
657,0.0000,0.0000,16.8351,16.8354,1
658,0.0000,0.0000,16.6106,16.6109,0
659,0.0000,0.0000,16.5679,16.5682,0
660,0.0000,0.0000,16.5197,16.5200,0
661,0.0000,0.0000,7.1185,7.1188,0
662,0.0000,0.0000,9.7042,9.7045,0
663,0.0000,0.0000,16.7015,16.7018,1
664,0.0000,0.0000,16.7048,16.7051,1
665,0.0000,0.0000,16.5773,16.5776,0
666,0.0000,0.0000,17.0865,17.0868,1
667,0.0000,0.0000,16.4466,16.4469,0
668,0.0000,0.0000,16.4829,16.4832,0
669,0.0000,0.0000,16.7154,16.7157,1
670,0.0000,0.0000,16.7181,16.7184,1
671,0.0000,0.0000,16.6268,16.6271,0
672,0.0000,0.0000,16.6144,16.6147,0
673,0.0000,0.0000,16.6680,16.6683,1
674,0.0000,0.0000,16.7020,16.7023,1
675,0.0000,0.0000,16.6636,16.6639,0
676,0.0000,0.0000,16.3667,16.3670,0
677,0.0000,0.0000,7.2721,7.2724,0
678,0.0000,0.0000,9.7481,9.7484,0
679,0.0000,0.0000,16.6324,16.6327,0
680,0.0000,0.0000,16.6372,16.6376,0
681,0.0000,0.0000,16.7716,16.7719,1
682,0.0000,0.0000,16.7020,16.7023,1
683,0.0000,0.0000,16.5914,16.5917,0
684,0.0000,0.0000,16.6417,16.6420,0
685,0.0000,0.0000,16.7281,16.7284,1
686,0.0000,0.0000,16.5944,16.5947,0
687,0.0000,0.0000,16.6408,16.6411,0
688,0.0000,0.0000,16.7225,16.7228,1
689,0.0000,0.0000,16.6537,16.6540,0
690,0.0000,0.0000,16.6595,16.6598,0
691,0.0000,0.0000,16.7348,16.7351,1
692,0.0000,0.0000,16.6414,16.6417,0
693,0.0000,0.0000,16.6497,16.6500,0
694,0.0000,0.0000,16.7171,16.7173,1
695,0.0000,0.0000,16.6395,16.6398,0
696,0.0000,0.0000,16.7412,16.7415,1
697,0.0000,0.0000,16.9054,16.9057,1
698,0.0000,0.0000,16.4160,16.4163,0
699,0.0000,0.0000,16.6062,16.6065,0
700,0.0000,0.0000,16.6505,16.6508,0
701,0.0000,0.0000,16.6512,16.6515,0
702,0.0000,0.0000,16.8242,16.8245,1
703,0.0000,0.0000,16.5783,16.5786,0
704,0.0000,0.0000,16.6441,16.6444,0
705,0.0000,0.0000,16.6400,16.6403,0
706,0.0000,0.0000,16.7307,16.7310,1
707,0.0000,0.0000,16.7103,16.7106,1
708,0.0000,0.0000,16.6139,16.6142,0
709,0.0000,0.0000,16.7289,16.7292,1
710,0.0000,0.0000,16.5859,16.5862,0
711,0.0000,0.0000,16.7092,16.7095,1
712,0.0000,0.0000,16.6612,16.6615,0
713,0.0000,0.0000,16.6951,16.6954,1
714,0.0000,0.0000,16.6239,16.6242,0
715,0.0000,0.0000,16.7024,16.7027,1
716,0.0000,0.0000,16.6440,16.6443,0
717,0.0000,0.0000,16.6975,16.6978,1
718,0.0000,0.0000,16.6203,16.6206,0
719,0.0000,0.0000,16.7174,16.7177,1
720,0.0000,0.0000,16.6512,16.6515,0
721,0.0000,0.0000,16.6838,16.6841,1
722,0.0000,0.0000,16.8835,16.8838,1
723,0.0000,0.0000,16.5356,16.5359,0
724,0.0000,0.0000,16.6310,16.6313,0
725,0.0000,0.0000,16.6365,16.6368,0
726,0.0000,0.0000,16.6598,16.6601,0
727,0.0000,0.0000,16.6750,16.6753,1
728,0.0000,0.0000,16.6341,16.6343,0
729,0.0000,0.0000,16.7118,16.7121,1
730,0.0000,0.0000,16.6745,16.6748,1
731,0.0000,0.0000,16.6930,16.6933,1
732,0.0000,0.0000,16.7343,16.7346,1
733,0.0000,0.0000,16.6645,16.6648,0
734,0.0000,0.0000,16.5767,16.5770,0
735,0.0000,0.0000,16.6562,16.6565,0
736,0.0000,0.0000,16.6665,16.6668,1
737,0.0000,0.0000,16.7015,16.7018,1
738,0.0000,0.0000,16.6587,16.6591,0
739,0.0000,0.0000,16.6747,16.6750,1
740,0.0000,0.0000,16.6759,16.6762,1
741,0.0000,0.0000,16.7825,16.7828,1
742,0.0000,0.0000,16.5549,16.5552,0
743,0.0000,0.0000,16.6685,16.6687,1
744,0.0000,0.0000,16.6932,16.6935,1
745,0.0000,0.0000,17.0081,17.0084,1
746,0.0000,0.0000,16.4207,16.4210,0
747,0.0000,0.0000,16.6058,16.6061,0
748,0.0000,0.0000,16.6271,16.6274,0
749,0.0000,0.0000,16.7680,16.7683,1
750,0.0000,0.0000,6.8963,6.8966,0
751,0.0000,0.0000,9.8814,9.8817,0
752,0.0000,0.0000,16.4945,16.4948,0
753,0.0000,0.0000,16.7070,16.7073,1
754,0.0000,0.0000,16.6056,16.6059,0
755,0.0000,0.0000,16.6571,16.6574,0
756,0.0000,0.0000,16.6827,16.6830,1
757,0.0000,0.0000,16.7094,16.7097,1
758,0.0000,0.0000,16.6412,16.6415,0
759,0.0000,0.0000,16.6280,16.6283,0
760,0.0000,0.0000,6.9617,6.9620,0
761,0.0000,0.0000,9.8455,9.8459,0
762,0.0000,0.0000,16.6244,16.6247,0
763,0.0000,0.0000,16.6049,16.6052,0
764,0.0000,0.0000,16.7156,16.7159,1
765,0.0000,0.0000,16.6428,16.6431,0
766,0.0000,0.0000,16.6597,16.6600,0
767,0.0000,0.0000,16.6750,16.6753,1
768,0.0000,0.0000,16.6639,16.6642,0
769,0.0000,0.0000,16.6919,16.6922,1
770,0.0000,0.0000,16.7539,16.7542,1
771,0.0000,0.0000,16.6308,16.6311,0
772,0.0000,0.0000,16.5889,16.5891,0
773,0.0000,0.0000,16.7139,16.7142,1
774,0.0000,0.0000,16.6442,16.6445,0
775,0.0000,0.0000,16.6968,16.6971,1
776,0.0000,0.0000,16.6921,16.6924,1
777,0.0000,0.0000,16.6746,16.6749,1
778,0.0000,0.0000,16.6231,16.6234,0
779,0.0000,0.0000,16.3528,16.3531,0
780,0.0000,0.0000,7.3391,7.3394,0
781,0.0000,0.0000,9.7954,9.7957,0
782,0.0000,0.0000,16.5162,16.5165,0
783,0.0000,0.0000,16.7059,16.7062,1
784,0.0000,0.0000,16.6287,16.6290,0
785,0.0000,0.0000,16.7042,16.7045,1
786,0.0000,0.0000,16.6495,16.6498,0
787,0.0000,0.0000,16.6557,16.6560,0
788,0.0000,0.0000,16.6517,16.6520,0
789,0.0000,0.0000,16.6781,16.6785,1
790,0.0000,0.0000,16.6926,16.6929,1
791,0.0000,0.0000,16.6717,16.6720,1
792,0.0000,0.0000,16.6644,16.6647,0
793,0.0000,0.0000,16.7509,16.7512,1
794,0.0000,0.0000,16.7309,16.7312,1
795,0.0000,0.0000,16.5424,16.5427,0
796,0.0000,0.0000,16.6605,16.6607,0
797,0.0000,0.0000,16.4067,16.4070,0
798,0.0000,0.0000,7.0070,7.0073,0
799,0.0000,0.0000,10.0831,10.0834,0
800,0.0000,0.0000,16.5750,16.5753,0
801,0.0000,0.0000,16.6054,16.6057,0
802,0.0000,0.0000,16.6436,16.6439,0
803,0.0000,0.0000,16.7251,16.7254,1
804,0.0000,0.0000,16.6424,16.6427,0
805,0.0000,0.0000,16.6699,16.6702,1
806,0.0000,0.0000,16.6834,16.6837,1
807,0.0000,0.0000,16.6539,16.6542,0
808,0.0000,0.0000,16.6543,16.6547,0
809,0.0000,0.0000,16.7679,16.7682,1
810,0.0000,0.0000,16.8510,16.8513,1
811,0.0000,0.0000,16.7043,16.7046,1
812,0.0000,0.0000,16.4347,16.4350,0
813,0.0000,0.0000,16.6010,16.6013,0
814,0.0000,0.0000,16.6982,16.6985,1
815,0.0000,0.0000,16.6722,16.6725,1
816,0.0000,0.0000,16.7324,16.7327,1
817,0.0000,0.0000,16.6554,16.6557,0
818,0.0000,0.0000,16.6031,16.6034,0
819,0.0000,0.0000,16.3473,16.3476,0
820,0.0000,0.0000,7.1546,7.1549,0
821,0.0000,0.0000,9.9304,9.9307,0
822,0.0000,0.0000,16.5846,16.5849,0
823,0.0000,0.0000,16.7178,16.7181,1
824,0.0000,0.0000,16.6484,16.6487,0
825,0.0000,0.0000,16.7138,16.7141,1
826,0.0000,0.0000,16.6477,16.6480,0
827,0.0000,0.0000,16.7083,16.7086,1
828,0.0000,0.0000,16.5816,16.5820,0
829,0.0000,0.0000,16.8710,16.8713,1
830,0.0000,0.0000,16.4923,16.4926,0
831,0.0000,0.0000,16.6812,16.6815,1
832,0.0000,0.0000,16.6463,16.6466,0
833,0.0000,0.0000,16.6634,16.6637,0
834,0.0000,0.0000,16.9839,16.9842,1
835,0.0000,0.0000,16.3599,16.3602,0
836,0.0000,0.0000,16.6993,16.6996,1
837,0.0000,0.0000,16.6978,16.6981,1
838,0.0000,0.0000,16.7120,16.7123,1
839,0.0000,0.0000,16.6205,16.6208,0
840,0.0000,0.0000,16.6387,16.6390,0
841,0.0000,0.0000,16.7890,16.7893,1
842,0.0000,0.0000,16.5851,16.5854,0
843,0.0000,0.0000,16.6703,16.6706,1
844,0.0000,0.0000,16.6444,16.6447,0
845,0.0000,0.0000,16.6533,16.6536,0
846,0.0000,0.0000,16.7001,16.7004,1
847,0.0000,0.0000,16.6910,16.6913,1
848,0.0000,0.0000,16.6263,16.6266,0
849,0.0000,0.0000,16.7069,16.7072,1
850,0.0000,0.0000,16.6283,16.6286,0
851,0.0000,0.0000,16.7059,16.7062,1
852,0.0000,0.0000,16.7030,16.7033,1
853,0.0000,0.0000,16.6121,16.6124,0
854,0.0000,0.0000,16.7114,16.7117,1
855,0.0000,0.0000,16.6478,16.6481,0
856,0.0000,0.0000,16.7123,16.7126,1
857,0.0000,0.0000,16.6509,16.6512,0
858,0.0000,0.0000,16.6432,16.6434,0
859,0.0000,0.0000,16.7731,16.7734,1
860,0.0000,0.0000,16.5743,16.5746,0
861,0.0000,0.0000,16.6900,16.6903,1
862,0.0000,0.0000,16.6535,16.6538,0
863,0.0000,0.0000,16.7413,16.7416,1
864,0.0000,0.0000,16.6322,16.6326,0
865,0.0000,0.0000,16.6360,16.6363,0
866,0.0000,0.0000,16.6773,16.6776,1
867,0.0000,0.0000,16.6383,16.6386,0
868,0.0000,0.0000,7.0588,7.0592,0
869,0.0000,0.0000,9.7046,9.7048,0
870,0.0000,0.0000,16.5849,16.5852,0
871,0.0000,0.0000,16.6571,16.6574,0
872,0.0000,0.0000,16.7631,16.7634,1
873,0.0000,0.0000,15.4425,15.4427,0
874,0.0000,0.0000,16.6151,16.6152,0
875,0.0000,0.0000,16.7058,16.7059,1
876,0.0000,0.0000,16.6621,16.6622,0
877,0.0000,0.0000,17.8548,17.8550,1
878,0.0000,0.0000,16.7055,16.7058,1
879,0.0000,0.0000,16.6269,16.6272,0
880,0.0000,0.0000,16.7091,16.7094,1
881,0.0000,0.0000,16.6680,16.6683,1
882,0.0000,0.0000,16.6690,16.6693,1
883,0.0000,0.0000,16.4603,16.4606,0
884,0.0000,0.0000,7.1593,7.1596,0
885,0.0000,0.0000,9.7492,9.7495,0
886,0.0000,0.0000,16.6520,16.6523,0
887,0.0000,0.0000,16.6537,16.6540,0
888,0.0000,0.0000,16.5989,16.5993,0
889,0.0000,0.0000,7.0064,7.0067,0
890,0.0000,0.0000,9.8537,9.8540,0
891,0.0000,0.0000,16.5977,16.5980,0
892,0.0000,0.0000,16.6121,16.6124,0
893,0.0000,0.0000,16.7076,16.7079,1
894,0.0000,0.0000,16.6341,16.6344,0
895,0.0000,0.0000,16.6681,16.6685,1
896,0.0000,0.0000,16.6511,16.6514,0
897,0.0000,0.0000,16.6631,16.6634,0
898,0.0000,0.0000,16.6554,16.6557,0
899,0.0000,0.0000,16.7137,16.7140,1
900,0.0000,0.0000,16.6851,16.6854,1
901,0.0000,0.0000,16.6971,16.6974,1
902,0.0000,0.0000,16.6864,16.6867,1
903,0.0000,0.0000,16.6024,16.6027,0
904,0.0000,0.0000,16.3871,16.3874,0
905,0.0000,0.0000,7.2187,7.2190,0
906,0.0000,0.0000,9.8918,9.8921,0
907,0.0000,0.0000,16.5920,16.5924,0
908,0.0000,0.0000,16.5686,16.5690,0
909,0.0000,0.0000,16.7402,16.7405,1
910,0.0000,0.0000,16.6223,16.6226,0
911,0.0000,0.0000,16.5950,16.5953,0
912,0.0000,0.0000,16.7768,16.7771,1
913,0.0000,0.0000,16.6595,16.6598,0
914,0.0000,0.0000,16.6515,16.6518,0
915,0.0000,0.0000,16.6824,16.6827,1
916,0.0000,0.0000,16.6705,16.6708,1
917,0.0000,0.0000,16.6608,16.6611,0
918,0.0000,0.0000,16.6657,16.6660,0
919,0.0000,0.0000,16.7521,16.7524,1
920,0.0000,0.0000,16.6303,16.6306,0
921,0.0000,0.0000,17.0273,17.0276,1
922,0.0000,0.0000,16.3674,16.3677,0
923,0.0000,0.0000,16.6101,16.6104,0
924,0.0000,0.0000,16.6638,16.6641,0
925,0.0000,0.0000,16.6741,16.6744,1
926,0.0000,0.0000,16.6617,16.6620,0
927,0.0000,0.0000,16.6870,16.6873,1
928,0.0000,0.0000,16.6509,16.6512,0
929,0.0000,0.0000,16.7793,16.7796,1
930,0.0000,0.0000,16.7000,16.7003,1
931,0.0000,0.0000,16.6367,16.6370,0
932,0.0000,0.0000,16.5814,16.5817,0
933,0.0000,0.0000,15.2898,15.2901,0
934,0.0000,0.0000,16.6567,16.6569,0
935,0.0000,0.0000,16.6757,16.6759,1
936,0.0000,0.0000,16.6188,16.6190,0
937,0.0000,0.0000,16.7893,16.7894,1
938,0.0000,0.0000,16.6245,16.6247,0
939,0.0000,0.0000,16.6810,16.6811,1
940,0.0000,0.0000,16.6478,16.6479,0
941,0.0000,0.0000,18.0325,18.0328,1
942,0.0000,0.0000,16.7697,16.7700,1
943,0.0000,0.0000,16.6079,16.6082,0
944,0.0000,0.0000,16.6450,16.6453,0
945,0.0000,0.0000,16.6781,16.6784,1
946,0.0000,0.0000,16.6595,16.6598,0
947,0.0000,0.0000,16.6628,16.6631,0
948,0.0000,0.0000,16.6998,16.7001,1
949,0.0000,0.0000,16.7219,16.7222,1
950,0.0000,0.0000,16.6169,16.6172,0
951,0.0000,0.0000,16.6697,16.6700,1
952,0.0000,0.0000,16.6835,16.6838,1
953,0.0000,0.0000,16.6422,16.6425,0
954,0.0000,0.0000,16.6438,16.6441,0
955,0.0000,0.0000,16.7243,16.7246,1
956,0.0000,0.0000,16.6726,16.6729,1
957,0.0000,0.0000,16.6023,16.6026,0
958,0.0000,0.0000,16.7597,16.7600,1
959,0.0000,0.0000,16.6756,16.6759,1
960,0.0000,0.0000,16.6051,16.6054,0
961,0.0000,0.0000,16.7096,16.7099,1
962,0.0000,0.0000,16.6401,16.6404,0
963,0.0000,0.0000,16.6962,16.6965,1
964,0.0000,0.0000,16.6589,16.6592,0
965,0.0000,0.0000,16.6520,16.6524,0
966,0.0000,0.0000,16.6850,16.6853,1
967,0.0000,0.0000,16.6862,16.6865,1
968,0.0000,0.0000,16.6701,16.6704,1
969,0.0000,0.0000,16.6295,16.6298,0
970,0.0000,0.0000,16.6744,16.6747,1
971,0.0000,0.0000,16.6426,16.6429,0
972,0.0000,0.0000,6.9985,6.9988,0
973,0.0000,0.0000,9.7591,9.7594,0
974,0.0000,0.0000,16.6332,16.6335,0
975,0.0000,0.0000,16.6570,16.6574,0
976,0.0000,0.0000,16.7648,16.7652,1
977,0.0000,0.0000,16.5920,16.5923,0
978,0.0000,0.0000,16.6603,16.6606,0
979,0.0000,0.0000,16.6532,16.6535,0
980,0.0000,0.0000,16.6868,16.6870,1
981,0.0000,0.0000,16.6624,16.6627,0
982,0.0000,0.0000,16.7295,16.7298,1
983,0.0000,0.0000,16.6386,16.6389,0
984,0.0000,0.0000,16.6716,16.6719,1
985,0.0000,0.0000,16.6381,16.6384,0
986,0.0000,0.0000,16.6728,16.6731,1
987,0.0000,0.0000,16.7605,16.7608,1
988,0.0000,0.0000,16.6257,16.6260,0
989,0.0000,0.0000,16.6724,16.6727,1
990,0.0000,0.0000,16.6465,16.6468,0
991,0.0000,0.0000,16.6960,16.6963,1
992,0.0000,0.0000,16.6687,16.6690,1
993,0.0000,0.0000,16.6448,16.6452,0
994,0.0000,0.0000,16.6521,16.6524,0
995,0.0000,0.0000,16.6525,16.6527,0
996,0.0000,0.0000,16.6794,16.6797,1
997,0.0000,0.0000,16.6794,16.6797,1
998,0.0000,0.0000,16.7024,16.7027,1
999,0.0000,0.0000,16.6764,16.6767,1
1000,0.0000,0.0000,16.6713,16.6716,1
1001,0.0000,0.0000,16.7000,16.7003,1
1002,0.0000,0.0000,16.6566,16.6569,0
1003,0.0000,0.0000,16.6366,16.6370,0
1004,0.0000,0.0000,16.6553,16.6556,0
1005,0.0000,0.0000,15.1448,15.1451,0
1006,0.0000,0.0000,16.6271,16.6273,0
1007,0.0000,0.0000,18.2702,18.2705,1
1008,0.0000,0.0000,16.6454,16.6457,0
1009,0.0000,0.0000,16.6757,16.6760,1
1010,0.0000,0.0000,16.6905,16.6908,1
1011,0.0000,0.0000,16.7708,16.7711,1
1012,0.0000,0.0000,16.5917,16.5920,0
1013,0.0000,0.0000,16.6621,16.6624,0
1014,0.0000,0.0000,16.6589,16.6592,0
1015,0.0000,0.0000,16.6480,16.6483,0
1016,0.0000,0.0000,16.5821,16.5824,0
1017,0.0000,0.0000,7.1686,7.1689,0
1018,0.0000,0.0000,9.6447,9.6450,0
1019,0.0000,0.0000,16.7293,16.7296,1
1020,0.0000,0.0000,16.6482,16.6485,0
1021,0.0000,0.0000,16.6447,16.6450,0
1022,0.0000,0.0000,16.6922,16.6925,1
1023,0.0000,0.0000,16.6307,16.6310,0
1024,0.0000,0.0000,16.6801,16.6804,1
1025,0.0000,0.0000,16.6536,16.6539,0
1026,0.0000,0.0000,16.6399,16.6402,0
1027,0.0000,0.0000,16.6715,16.6718,1
1028,0.0000,0.0000,15.2919,15.2921,0
1029,0.0000,0.0000,16.7365,16.7367,1
1030,0.0000,0.0000,18.0093,18.0095,1
1031,0.0000,0.0000,16.7329,16.7332,1
1032,0.0000,0.0000,16.4407,16.4410,0
1033,0.0000,0.0000,7.1844,7.1847,0
1034,0.0000,0.0000,9.7795,9.7798,0
1035,0.0000,0.0000,16.5499,16.5502,0
1036,0.0000,0.0000,16.6463,16.6466,0
1037,0.0000,0.0000,16.7007,16.7010,1
1038,0.0000,0.0000,16.6116,16.6119,0
1039,0.0000,0.0000,16.6864,16.6867,1
1040,0.0000,0.0000,16.6329,16.6331,0
1041,0.0000,0.0000,16.6952,16.6955,1
1042,0.0000,0.0000,16.6929,16.6932,1
1043,0.0000,0.0000,16.6406,16.6409,0
1044,0.0000,0.0000,16.6841,16.6844,1
1045,0.0000,0.0000,16.6648,16.6651,0
1046,0.0000,0.0000,16.8269,16.8272,1
1047,0.0000,0.0000,16.5716,16.5719,0
1048,0.0000,0.0000,16.6259,16.6262,0
1049,0.0000,0.0000,16.7520,16.7523,1
1050,0.0000,0.0000,16.7008,16.7011,1
1051,0.0000,0.0000,16.5768,16.5771,0
1052,0.0000,0.0000,16.7215,16.7218,1
1053,0.0000,0.0000,16.7275,16.7278,1
1054,0.0000,0.0000,16.6324,16.6327,0
1055,0.0000,0.0000,16.6739,16.6742,1
1056,0.0000,0.0000,16.6333,16.6336,0
1057,0.0000,0.0000,16.6065,16.6068,0
1058,0.0000,0.0000,16.7665,16.7668,1
1059,0.0000,0.0000,16.5888,16.5891,0
1060,0.0000,0.0000,16.6682,16.6685,1
1061,0.0000,0.0000,16.6644,16.6647,0
1062,0.0000,0.0000,16.6855,16.6858,1
1063,0.0000,0.0000,16.6846,16.6849,1
1064,0.0000,0.0000,16.6617,16.6620,0
1065,0.0000,0.0000,16.7085,16.7088,1
1066,0.0000,0.0000,16.6321,16.6324,0
1067,0.0000,0.0000,16.7496,16.7499,1
1068,0.0000,0.0000,16.5422,16.5425,0
1069,0.0000,0.0000,16.7696,16.7699,1
1070,0.0000,0.0000,16.6946,16.6950,1
1071,0.0000,0.0000,16.6214,16.6217,0
1072,0.0000,0.0000,16.6887,16.6890,1
1073,0.0000,0.0000,16.6321,16.6324,0
1074,0.0000,0.0000,16.6212,16.6215,0
1075,0.0000,0.0000,16.8075,16.8078,1
1076,0.0000,0.0000,16.6507,16.6510,0
1077,0.0000,0.0000,16.5984,16.5987,0
1078,0.0000,0.0000,16.6732,16.6735,1
1079,0.0000,0.0000,16.6676,16.6679,1
1080,0.0000,0.0000,16.7241,16.7244,1
1081,0.0000,0.0000,16.6498,16.6501,0
1082,0.0000,0.0000,16.7357,16.7360,1
1083,0.0000,0.0000,16.6625,16.6628,0
1084,0.0000,0.0000,16.5960,16.5963,0
1085,0.0000,0.0000,16.6550,16.6553,0
1086,0.0000,0.0000,16.6842,16.6845,1
1087,0.0000,0.0000,16.7333,16.7336,1
1088,0.0000,0.0000,16.6032,16.6035,0
1089,0.0000,0.0000,16.6867,16.6870,1
1090,0.0000,0.0000,16.6591,16.6594,0
1091,0.0000,0.0000,16.6373,16.6376,0
1092,0.0000,0.0000,16.6942,16.6945,1
1093,0.0000,0.0000,16.6680,16.6683,1
1094,0.0000,0.0000,16.6712,16.6715,1
1095,0.0000,0.0000,16.7145,16.7148,1
1096,0.0000,0.0000,16.6515,16.6518,0
1097,0.0000,0.0000,16.6772,16.6775,1
1098,0.0000,0.0000,16.6822,16.6825,1
1099,0.0000,0.0000,16.7537,16.7539,1
1100,0.0000,0.0000,16.5061,16.5064,0
1101,0.0000,0.0000,16.7105,16.7108,1
1102,0.0000,0.0000,16.6738,16.6741,1
1103,0.0000,0.0000,16.6490,16.6493,0
1104,0.0000,0.0000,16.6701,16.6705,1
1105,0.0000,0.0000,16.8646,16.8649,1
1106,0.0000,0.0000,16.6122,16.6125,0
1107,0.0000,0.0000,16.6567,16.6570,0
1108,0.0000,0.0000,16.6003,16.6006,0
1109,0.0000,0.0000,16.6357,16.6360,0
1110,0.0000,0.0000,16.6972,16.6975,1
1111,0.0000,0.0000,16.6524,16.6527,0
1112,0.0000,0.0000,16.8461,16.8464,1
1113,0.0000,0.0000,16.6803,16.6806,1
1114,0.0000,0.0000,16.5108,16.5111,0
1115,0.0000,0.0000,16.6345,16.6348,0
1116,0.0000,0.0000,16.7014,16.7017,1
1117,0.0000,0.0000,16.6557,16.6560,0
1118,0.0000,0.0000,16.7666,16.7669,1
1119,0.0000,0.0000,16.6708,16.6711,1
1120,0.0000,0.0000,16.5893,16.5896,0
1121,0.0000,0.0000,15.4807,15.4810,0
1122,0.0000,0.0000,16.6497,16.6499,0
1123,0.0000,0.0000,16.6678,16.6680,1
1124,0.0000,0.0000,16.6541,16.6542,0
1125,0.0000,0.0000,16.7064,16.7065,1
1126,0.0000,0.0000,16.6038,16.6040,0
1127,0.0000,0.0000,7.8746,7.8749,0
1128,0.0000,0.0000,10.0665,10.0668,0
1129,0.0000,0.0000,16.6111,16.6114,0
1130,0.0000,0.0000,16.6780,16.6784,1
1131,0.0000,0.0000,16.7831,16.7834,1
1132,0.0000,0.0000,16.5931,16.5934,0
1133,0.0000,0.0000,16.6533,16.6536,0
1134,0.0000,0.0000,16.6609,16.6612,0
1135,0.0000,0.0000,16.7390,16.7393,1
1136,0.0000,0.0000,16.5931,16.5934,0
1137,0.0000,0.0000,16.7047,16.7050,1
1138,0.0000,0.0000,16.6718,16.6721,1
1139,0.0000,0.0000,16.6523,16.6526,0
1140,0.0000,0.0000,16.6712,16.6715,1
1141,0.0000,0.0000,16.3619,16.3622,0
1142,0.0000,0.0000,7.3678,7.3681,0
1143,0.0000,0.0000,9.6787,9.6790,0
1144,0.0000,0.0000,16.7740,16.7743,1
1145,0.0000,0.0000,16.5399,16.5402,0
1146,0.0000,0.0000,16.6965,16.6968,1
1147,0.0000,0.0000,16.6170,16.6173,0
1148,0.0000,0.0000,16.6446,16.6450,0
1149,0.0000,0.0000,16.6613,16.6616,0
1150,0.0000,0.0000,16.7384,16.7387,1
1151,0.0000,0.0000,16.8107,16.8110,1
1152,0.0000,0.0000,16.5818,16.5821,0
1153,0.0000,0.0000,16.6298,16.6301,0
1154,0.0000,0.0000,15.2610,15.2613,0
1155,0.0000,0.0000,16.6450,16.6451,0
1156,0.0000,0.0000,18.0385,18.0387,1
1157,0.0000,0.0000,16.7482,16.7485,1
1158,0.0000,0.0000,16.6246,16.6249,0
1159,0.0000,0.0000,16.6481,16.6484,0
1160,0.0000,0.0000,16.7060,16.7063,1
1161,0.0000,0.0000,16.6479,16.6482,0
1162,0.0000,0.0000,16.6552,16.6555,0
1163,0.0000,0.0000,16.7775,16.7778,1
1164,0.0000,0.0000,16.5997,16.6000,0
1165,0.0000,0.0000,16.8525,16.8528,1
1166,0.0000,0.0000,16.7008,16.7011,1
1167,0.0000,0.0000,16.6308,16.6311,0
1168,0.0000,0.0000,16.5075,16.5078,0
1169,0.0000,0.0000,16.7328,16.7331,1
1170,0.0000,0.0000,16.5895,16.5898,0
1171,0.0000,0.0000,16.7222,16.7225,1
1172,0.0000,0.0000,16.6153,16.6156,0
1173,0.0000,0.0000,16.6564,16.6568,0
1174,0.0000,0.0000,16.4493,16.4496,0
1175,0.0000,0.0000,7.1628,7.1631,0
1176,0.0000,0.0000,9.8977,9.8980,0
1177,0.0000,0.0000,16.5280,16.5283,0
1178,0.0000,0.0000,16.6597,16.6600,0
1179,0.0000,0.0000,16.6532,16.6535,0
1180,0.0000,0.0000,16.6538,16.6541,0
1181,0.0000,0.0000,16.6714,16.6717,1
1182,0.0000,0.0000,16.7179,16.7182,1
1183,0.0000,0.0000,16.6848,16.6851,1
1184,0.0000,0.0000,16.6559,16.6562,0
1185,0.0000,0.0000,16.6559,16.6562,0
1186,0.0000,0.0000,16.6673,16.6676,1
1187,0.0000,0.0000,16.6547,16.6550,0
1188,0.0000,0.0000,16.6823,16.6826,1
1189,0.0000,0.0000,16.7585,16.7588,1
1190,0.0000,0.0000,16.6175,16.6178,0
1191,0.0000,0.0000,16.5858,16.5861,0
1192,0.0000,0.0000,7.0507,7.0510,0
1193,0.0000,0.0000,9.7683,9.7686,0
1194,0.0000,0.0000,16.5581,16.5584,0
1195,0.0000,0.0000,16.7362,16.7365,1
1196,0.0000,0.0000,16.6691,16.6694,1
1197,0.0000,0.0000,16.6743,16.6746,1
1198,0.0000,0.0000,15.3972,15.3974,0
1199,0.0000,0.0000,16.5144,16.5146,0
1200,0.0000,0.0000,18.0408,18.0410,1
1201,0.0000,0.0000,16.6465,16.6468,0
1202,0.0000,0.0000,16.7838,16.7841,1
1203,0.0000,0.0000,16.6009,16.6012,0
1204,0.0000,0.0000,16.6745,16.6748,1
1205,0.0000,0.0000,16.7339,16.7342,1
1206,0.0000,0.0000,16.5947,16.5950,0
1207,0.0000,0.0000,16.6471,16.6474,0
1208,0.0000,0.0000,16.7252,16.7255,1
1209,0.0000,0.0000,16.6525,16.6528,0
1210,0.0000,0.0000,16.6587,16.6590,0
1211,0.0000,0.0000,16.4410,16.4413,0
1212,0.0000,0.0000,7.3129,7.3132,0
1213,0.0000,0.0000,9.6139,9.6142,0
1214,0.0000,0.0000,16.7093,16.7096,1
1215,0.0000,0.0000,16.7540,16.7543,1
1216,0.0000,0.0000,16.5544,16.5547,0
1217,0.0000,0.0000,16.6649,16.6652,0
1218,0.0000,0.0000,16.6306,16.6309,0
1219,0.0000,0.0000,16.6610,16.6614,0
1220,0.0000,0.0000,16.6822,16.6825,1
1221,0.0000,0.0000,16.6789,16.6792,1
1222,0.0000,0.0000,16.6597,16.6600,0
1223,0.0000,0.0000,16.6395,16.6398,0
1224,0.0000,0.0000,16.7730,16.7733,1
1225,0.0000,0.0000,16.6169,16.6172,0
1226,0.0000,0.0000,16.6391,16.6394,0
1227,0.0000,0.0000,16.7277,16.7281,1
1228,0.0000,0.0000,16.6384,16.6387,0
1229,0.0000,0.0000,16.6559,16.6562,0
1230,0.0000,0.0000,16.6918,16.6921,1
1231,0.0000,0.0000,16.6434,16.6437,0
1232,0.0000,0.0000,16.6692,16.6695,1
1233,0.0000,0.0000,16.7494,16.7497,1
1234,0.0000,0.0000,15.4302,15.4305,0
1235,0.0000,0.0000,16.6253,16.6256,0
1236,0.0000,0.0000,17.8964,17.8967,1
1237,0.0000,0.0000,16.8599,16.8602,1
1238,0.0000,0.0000,16.5554,16.5557,0
1239,0.0000,0.0000,16.6898,16.6901,1
1240,0.0000,0.0000,16.6039,16.6043,0
1241,0.0000,0.0000,16.6471,16.6474,0
1242,0.0000,0.0000,16.6696,16.6699,1
1243,0.0000,0.0000,16.6444,16.6447,0
1244,0.0000,0.0000,16.6868,16.6871,1
1245,0.0000,0.0000,16.6566,16.6570,0
1246,0.0000,0.0000,16.6769,16.6772,1
1247,0.0000,0.0000,16.6939,16.6942,1
1248,0.0000,0.0000,16.6657,16.6661,0
1249,0.0000,0.0000,16.6944,16.6947,1
1250,0.0000,0.0000,16.6577,16.6580,0
1251,0.0000,0.0000,16.6944,16.6947,1
1252,0.0000,0.0000,16.6783,16.6786,1
1253,0.0000,0.0000,16.7059,16.7062,1
1254,0.0000,0.0000,16.6198,16.6201,0
1255,0.0000,0.0000,16.6552,16.6556,0
1256,0.0000,0.0000,16.6691,16.6694,1
1257,0.0000,0.0000,16.6470,16.6473,0
1258,0.0000,0.0000,16.7472,16.7475,1
1259,0.0000,0.0000,16.6457,16.6460,0
1260,0.0000,0.0000,16.6269,16.6272,0
1261,0.0000,0.0000,16.6854,16.6857,1
1262,0.0000,0.0000,16.7114,16.7117,1
1263,0.0000,0.0000,16.6268,16.6271,0
1264,0.0000,0.0000,16.6503,16.6506,0
1265,0.0000,0.0000,16.7065,16.7068,1
1266,0.0000,0.0000,16.6395,16.6398,0
1267,0.0000,0.0000,16.6722,16.6726,1
1268,0.0000,0.0000,16.6869,16.6872,1
1269,0.0000,0.0000,16.6706,16.6709,1
1270,0.0000,0.0000,16.6879,16.6882,1
1271,0.0000,0.0000,16.6638,16.6641,0
1272,0.0000,0.0000,16.6664,16.6667,1
1273,0.0000,0.0000,16.7322,16.7325,1
1274,0.0000,0.0000,16.5593,16.5596,0
1275,0.0000,0.0000,16.7123,16.7126,1
1276,0.0000,0.0000,16.7713,16.7715,1
1277,0.0000,0.0000,16.6290,16.6293,0
1278,0.0000,0.0000,16.6382,16.6385,0
1279,0.0000,0.0000,16.6444,16.6447,0
1280,0.0000,0.0000,16.7313,16.7316,1
1281,0.0000,0.0000,16.6312,16.6315,0
1282,0.0000,0.0000,16.7107,16.7110,1
1283,0.0000,0.0000,16.5853,16.5856,0
1284,0.0000,0.0000,16.7384,16.7387,1
1285,0.0000,0.0000,16.6324,16.6327,0
1286,0.0000,0.0000,16.6573,16.6576,0
1287,0.0000,0.0000,16.7156,16.7159,1
1288,0.0000,0.0000,16.6763,16.6766,1
1289,0.0000,0.0000,16.6316,16.6319,0
1290,0.0000,0.0000,16.6950,16.6953,1
1291,0.0000,0.0000,16.8179,16.8182,1
1292,0.0000,0.0000,16.5076,16.5079,0
1293,0.0000,0.0000,16.7080,16.7083,1
1294,0.0000,0.0000,16.6078,16.6080,0
1295,0.0000,0.0000,16.6789,16.6792,1
1296,0.0000,0.0000,16.7086,16.7089,1
1297,0.0000,0.0000,16.7764,16.7767,1
1298,0.0000,0.0000,16.6893,16.6896,1
1299,0.0000,0.0000,16.5215,16.5218,0
1300,0.0000,0.0000,16.7384,16.7387,1
1301,0.0000,0.0000,16.6019,16.6022,0
1302,0.0000,0.0000,16.7103,16.7106,1
1303,0.0000,0.0000,16.7324,16.7327,1
1304,0.0000,0.0000,16.5796,16.5799,0
1305,0.0000,0.0000,16.6455,16.6458,0
1306,0.0000,0.0000,16.6791,16.6794,1
1307,0.0000,0.0000,16.6686,16.6689,1
1308,0.0000,0.0000,16.6010,16.6013,0
1309,0.0000,0.0000,16.7192,16.7195,1
1310,0.0000,0.0000,16.6824,16.6827,1
1311,0.0000,0.0000,16.6720,16.6723,1
1312,0.0000,0.0000,16.6798,16.6802,1
1313,0.0000,0.0000,16.7309,16.7312,1
1314,0.0000,0.0000,16.6044,16.6047,0
1315,0.0000,0.0000,16.6607,16.6610,0
1316,0.0000,0.0000,16.5358,16.5361,0
1317,0.0000,0.0000,7.2479,7.2482,0
1318,0.0000,0.0000,9.6695,9.6698,0
1319,0.0000,0.0000,16.5832,16.5835,0
1320,0.0000,0.0000,16.7664,16.7666,1
1321,0.0000,0.0000,16.5581,16.5585,0
1322,0.0000,0.0000,16.6800,16.6803,1
1323,0.0000,0.0000,16.6801,16.6804,1
1324,0.0000,0.0000,16.6829,16.6832,1
1325,0.0000,0.0000,16.6413,16.6416,0
1326,0.0000,0.0000,16.6412,16.6415,0
1327,0.0000,0.0000,16.7007,16.7010,1
1328,0.0000,0.0000,16.6806,16.6810,1
1329,0.0000,0.0000,16.6662,16.6665,0
1330,0.0000,0.0000,16.6520,16.6523,0
1331,0.0000,0.0000,16.7568,16.7571,1
1332,0.0000,0.0000,16.6366,16.6369,0
1333,0.0000,0.0000,16.7367,16.7370,1
1334,0.0000,0.0000,16.8660,16.8664,1
1335,0.0000,0.0000,16.4678,16.4681,0
1336,0.0000,0.0000,16.6239,16.6242,0
1337,0.0000,0.0000,16.6233,16.6236,0
1338,0.0000,0.0000,16.6480,16.6483,0
1339,0.0000,0.0000,16.8197,16.8200,1
1340,0.0000,0.0000,16.9136,16.9139,1
1341,0.0000,0.0000,16.4654,16.4657,0
1342,0.0000,0.0000,16.5391,16.5394,0
1343,0.0000,0.0000,16.6504,16.6507,0
1344,0.0000,0.0000,16.7257,16.7260,1
1345,0.0000,0.0000,16.6745,16.6748,1
1346,0.0000,0.0000,16.6506,16.6510,0
1347,0.0000,0.0000,16.6431,16.6434,0
1348,0.0000,0.0000,16.6773,16.6776,1
1349,0.0000,0.0000,16.6505,16.6508,0
1350,0.0000,0.0000,16.6629,16.6632,0
1351,0.0000,0.0000,16.6844,16.6847,1
1352,0.0000,0.0000,16.7369,16.7372,1
1353,0.0000,0.0000,16.7318,16.7321,1
1354,0.0000,0.0000,16.5686,16.5689,0
1355,0.0000,0.0000,16.6759,16.6762,1
1356,0.0000,0.0000,16.6503,16.6507,0
1357,0.0000,0.0000,16.6937,16.6940,1
1358,0.0000,0.0000,16.6363,16.6366,0
1359,0.0000,0.0000,16.6840,16.6843,1
1360,0.0000,0.0000,16.6367,16.6370,0
1361,0.0000,0.0000,16.6433,16.6436,0
1362,0.0000,0.0000,16.6919,16.6922,1
1363,0.0000,0.0000,16.6954,16.6957,1
1364,0.0000,0.0000,16.7501,16.7504,1
1365,0.0000,0.0000,16.6023,16.6026,0
1366,0.0000,0.0000,16.6875,16.6878,1
1367,0.0000,0.0000,16.6764,16.6767,1
1368,0.0000,0.0000,16.6255,16.6258,0
1369,0.0000,0.0000,16.6380,16.6383,0
1370,0.0000,0.0000,16.7804,16.7807,1
1371,0.0000,0.0000,16.6478,16.6481,0
1372,0.0000,0.0000,16.6582,16.6585,0
1373,0.0000,0.0000,16.6184,16.6187,0
1374,0.0000,0.0000,16.6668,16.6671,1
1375,0.0000,0.0000,16.6358,16.6362,0
1376,0.0000,0.0000,16.7291,16.7294,1
1377,0.0000,0.0000,16.7015,16.7018,1
1378,0.0000,0.0000,16.6918,16.6921,1
1379,0.0000,0.0000,16.6219,16.6222,0
1380,0.0000,0.0000,16.7126,16.7129,1
1381,0.0000,0.0000,16.5785,16.5787,0
1382,0.0000,0.0000,16.7084,16.7087,1
1383,0.0000,0.0000,16.6907,16.6910,1
1384,0.0000,0.0000,16.6536,16.6539,0
1385,0.0000,0.0000,16.6556,16.6559,0
1386,0.0000,0.0000,16.6704,16.6707,1
1387,0.0000,0.0000,16.6804,16.6807,1
1388,0.0000,0.0000,16.6608,16.6611,0
1389,0.0000,0.0000,16.6742,16.6745,1
1390,0.0000,0.0000,16.6637,16.6640,0
1391,0.0000,0.0000,15.3369,15.3372,0
1392,0.0000,0.0000,16.7060,16.7062,1
1393,0.0000,0.0000,16.6552,16.6554,0
1394,0.0000,0.0000,16.6311,16.6312,0
1395,0.0000,0.0000,16.7339,16.7341,1
1396,0.0000,0.0000,16.5590,16.5592,0
1397,0.0000,0.0000,16.7105,16.7108,1
1398,0.0000,0.0000,18.0448,18.0450,1
1399,0.0000,0.0000,16.7975,16.7978,1
1400,0.0000,0.0000,16.6214,16.6217,0
1401,0.0000,0.0000,16.6301,16.6304,0
1402,0.0000,0.0000,16.6355,16.6358,0
1403,0.0000,0.0000,16.6643,16.6646,0
1404,0.0000,0.0000,16.6677,16.6680,1
1405,0.0000,0.0000,16.6630,16.6633,0
1406,0.0000,0.0000,16.6994,16.6997,1
1407,0.0000,0.0000,15.4754,15.4757,0
1408,0.0000,0.0000,16.4143,16.4144,0
1409,0.0000,0.0000,16.6823,16.6825,1
1410,0.0000,0.0000,16.6700,16.6701,1
1411,0.0000,0.0000,16.6561,16.6563,0
1412,0.0000,0.0000,16.5896,16.5898,0
1413,0.0000,0.0000,18.2704,18.2706,1
1414,0.0000,0.0000,16.6293,16.6296,0
1415,0.0000,0.0000,16.6816,16.6819,1
1416,0.0000,0.0000,16.6870,16.6873,1
1417,0.0000,0.0000,16.6419,16.6422,0
1418,0.0000,0.0000,16.9910,16.9913,1
1419,0.0000,0.0000,16.6194,16.6197,0
1420,0.0000,0.0000,16.3942,16.3945,0
1421,0.0000,0.0000,16.6958,16.6961,1
1422,0.0000,0.0000,16.6047,16.6050,0
1423,0.0000,0.0000,16.6573,16.6575,0
1424,0.0000,0.0000,16.6852,16.6855,1
1425,0.0000,0.0000,16.7295,16.7298,1
1426,0.0000,0.0000,16.6489,16.6492,0
1427,0.0000,0.0000,16.8841,16.8844,1
1428,0.0000,0.0000,16.5144,16.5147,0
1429,0.0000,0.0000,16.5792,16.5795,0
1430,0.0000,0.0000,16.6638,16.6641,0
1431,0.0000,0.0000,17.1654,17.1657,1
1432,0.0000,0.0000,16.4480,16.4483,0
1433,0.0000,0.0000,16.5214,16.5216,0
1434,0.0000,0.0000,16.7645,16.7648,1
1435,0.0000,0.0000,15.3417,15.3420,0
1436,0.0000,0.0000,16.6478,16.6479,0
1437,0.0000,0.0000,16.6791,16.6794,1
1438,0.0000,0.0000,16.0348,16.0350,0
1439,0.0000,0.0000,16.2009,16.2012,0
1440,0.0000,0.0000,3.3008,3.3011,0
1441,0.0000,0.0000,15.7452,15.7455,0
1442,0.0000,0.0000,16.5696,16.5699,0
1443,0.0000,0.0000,16.6583,16.6586,0
1444,0.0000,0.0000,16.6906,16.6908,1
1445,0.0000,0.0000,16.6645,16.6648,0
1446,0.0000,0.0000,16.6535,16.6538,0
1447,0.0000,0.0000,16.7019,16.7022,1
1448,0.0000,0.0000,16.6597,16.6600,0
1449,0.0000,0.0000,16.6347,16.6350,0
1450,0.0000,0.0000,16.8131,16.8134,1
1451,0.0000,0.0000,16.5861,16.5864,0
1452,0.0000,0.0000,16.6175,16.6178,0
1453,0.0000,0.0000,16.5590,16.5593,0
1454,0.0000,0.0000,7.1440,7.1443,0
1455,0.0000,0.0000,9.7743,9.7747,0
1456,0.0000,0.0000,16.5885,16.5888,0
1457,0.0000,0.0000,16.7755,16.7758,1
1458,0.0000,0.0000,16.6907,16.6910,1
1459,0.0000,0.0000,16.6238,16.6241,0
1460,0.0000,0.0000,16.5787,16.5790,0
1461,0.0000,0.0000,16.6369,16.6372,0
1462,0.0000,0.0000,16.7015,16.7018,1
1463,0.0000,0.0000,16.6665,16.6668,1
1464,0.0000,0.0000,16.6612,16.6615,0
1465,0.0000,0.0000,16.6564,16.6567,0
1466,0.0000,0.0000,16.7181,16.7184,1
1467,0.0000,0.0000,16.6127,16.6130,0
1468,0.0000,0.0000,16.6660,16.6663,0
1469,0.0000,0.0000,16.7102,16.7105,1
1470,0.0000,0.0000,16.7309,16.7312,1
1471,0.0000,0.0000,16.5921,16.5924,0
1472,0.0000,0.0000,16.6615,16.6618,0
1473,0.0000,0.0000,16.6935,16.6938,1
1474,0.0000,0.0000,16.7529,16.7532,1
1475,0.0000,0.0000,16.5506,16.5509,0
1476,0.0000,0.0000,16.7132,16.7135,1
1477,0.0000,0.0000,16.5931,16.5934,0
1478,0.0000,0.0000,16.6877,16.6880,1
1479,0.0000,0.0000,16.7275,16.7278,1
1480,0.0000,0.0000,16.9544,16.9547,1
1481,0.0000,0.0000,16.4860,16.4863,0
1482,0.0000,0.0000,16.6087,16.6090,0
1483,0.0000,0.0000,16.5899,16.5902,0
1484,0.0000,0.0000,16.6511,16.6514,0
1485,0.0000,0.0000,16.6910,16.6913,1
1486,0.0000,0.0000,16.6513,16.6516,0
1487,0.0000,0.0000,16.6905,16.6908,1
1488,0.0000,0.0000,16.7062,16.7064,1
1489,0.0000,0.0000,15.5045,15.5048,0
1490,0.0000,0.0000,16.6258,16.6260,0
1491,0.0000,0.0000,16.6876,16.6879,1
1492,0.0000,0.0000,16.5956,16.5958,0
1493,0.0000,0.0000,7.7531,7.7534,0
1494,0.0000,0.0000,10.2269,10.2272,0
1495,0.0000,0.0000,16.6515,16.6518,0
1496,0.0000,0.0000,16.7310,16.7313,1
1497,0.0000,0.0000,16.6014,16.6017,0
1498,0.0000,0.0000,16.6569,16.6572,0
1499,0.0000,0.0000,16.6438,16.6441,0
1500,0.0000,0.0000,16.6728,16.6731,1
1501,0.0000,0.0000,16.6507,16.6509,0
1502,0.0000,0.0000,16.6626,16.6629,0
1503,0.0000,0.0000,16.7143,16.7146,1
1504,0.0000,0.0000,16.6440,16.6443,0
1505,0.0000,0.0000,16.7406,16.7409,1
1506,0.0000,0.0000,16.5802,16.5804,0
1507,0.0000,0.0000,16.4137,16.4139,0
1508,0.0000,0.0000,7.3735,7.3738,0
1509,0.0000,0.0000,9.7026,9.7029,0
1510,0.0000,0.0000,16.6174,16.6177,0
1511,0.0000,0.0000,16.5825,16.5828,0
1512,0.0000,0.0000,16.6946,16.6950,1
1513,0.0000,0.0000,16.6808,16.6811,1
1514,0.0000,0.0000,16.6510,16.6513,0
1515,0.0000,0.0000,16.7676,16.7678,1
1516,0.0000,0.0000,16.6027,16.6030,0
1517,0.0000,0.0000,16.6931,16.6934,1
1518,0.0000,0.0000,16.6483,16.6486,0
1519,0.0000,0.0000,16.6570,16.6573,0
1520,0.0000,0.0000,16.6788,16.6790,1
1521,0.0000,0.0000,16.7478,16.7481,1
1522,0.0000,0.0000,16.6168,16.6171,0
1523,0.0000,0.0000,16.6443,16.6446,0
1524,0.0000,0.0000,16.7241,16.7244,1
1525,0.0000,0.0000,16.5987,16.5990,0
1526,0.0000,0.0000,16.7055,16.7058,1
1527,0.0000,0.0000,16.7253,16.7256,1
1528,0.0000,0.0000,16.6344,16.6347,0
1529,0.0000,0.0000,16.6468,16.6471,0
1530,0.0000,0.0000,16.6618,16.6621,0
1531,0.0000,0.0000,16.6458,16.6461,0
1532,0.0000,0.0000,16.6290,16.6293,0
1533,0.0000,0.0000,16.8528,16.8531,1
1534,0.0000,0.0000,16.5814,16.5817,0
1535,0.0000,0.0000,16.6385,16.6388,0
1536,0.0000,0.0000,16.6824,16.6827,1
1537,0.0000,0.0000,16.6729,16.6732,1
1538,0.0000,0.0000,16.6565,16.6568,0
1539,0.0000,0.0000,16.7264,16.7267,1
1540,0.0000,0.0000,16.6679,16.6682,1
1541,0.0000,0.0000,16.6211,16.6214,0
1542,0.0000,0.0000,16.6878,16.6880,1
1543,0.0000,0.0000,16.6946,16.6948,1
1544,0.0000,0.0000,16.6269,16.6272,0
1545,0.0000,0.0000,16.6374,16.6377,0
1546,0.0000,0.0000,16.7315,16.7318,1
1547,0.0000,0.0000,16.6903,16.6906,1
1548,0.0000,0.0000,16.6847,16.6850,1
1549,0.0000,0.0000,16.6419,16.6422,0
1550,0.0000,0.0000,16.6331,16.6334,0
1551,0.0000,0.0000,16.6731,16.6734,1
1552,0.0000,0.0000,16.7065,16.7068,1
1553,0.0000,0.0000,16.6345,16.6348,0
1554,0.0000,0.0000,16.6655,16.6658,0
1555,0.0000,0.0000,16.6683,16.6686,1
1556,0.0000,0.0000,16.6699,16.6702,1
1557,0.0000,0.0000,16.6580,16.6583,0
1558,0.0000,0.0000,16.6878,16.6881,1
1559,0.0000,0.0000,16.6987,16.6990,1
1560,0.0000,0.0000,16.6549,16.6552,0
1561,0.0000,0.0000,16.6414,16.6417,0
1562,0.0000,0.0000,16.6970,16.6973,1
1563,0.0000,0.0000,16.7501,16.7504,1
1564,0.0000,0.0000,16.6344,16.6347,0
1565,0.0000,0.0000,16.6442,16.6445,0
1566,0.0000,0.0000,16.6544,16.6547,0
1567,0.0000,0.0000,16.6578,16.6581,0
1568,0.0000,0.0000,16.6698,16.6701,1
1569,0.0000,0.0000,16.6632,16.6635,0
1570,0.0000,0.0000,16.6967,16.6970,1
1571,0.0000,0.0000,16.7274,16.7277,1
1572,0.0000,0.0000,16.6246,16.6249,0
1573,0.0000,0.0000,16.6630,16.6633,0
1574,0.0000,0.0000,16.6593,16.6595,0
1575,0.0000,0.0000,16.7039,16.7043,1
1576,0.0000,0.0000,16.6506,16.6509,0
1577,0.0000,0.0000,16.5841,16.5843,0
1578,0.0000,0.0000,7.1290,7.1293,0
1579,0.0000,0.0000,9.7113,9.7116,0
1580,0.0000,0.0000,16.6003,16.6006,0
1581,0.0000,0.0000,16.5706,16.5709,0
1582,0.0000,0.0000,16.7364,16.7367,1
1583,0.0000,0.0000,16.6808,16.6811,1
1584,0.0000,0.0000,16.7082,16.7085,1
1585,0.0000,0.0000,16.6171,16.6174,0
1586,0.0000,0.0000,16.6908,16.6912,1
1587,0.0000,0.0000,16.6817,16.6821,1
1588,0.0000,0.0000,16.6663,16.6666,0
1589,0.0000,0.0000,16.7184,16.7187,1
1590,0.0000,0.0000,16.6161,16.6164,0
1591,0.0000,0.0000,16.6800,16.6803,1
1592,0.0000,0.0000,16.6923,16.6926,1
1593,0.0000,0.0000,16.4149,16.4152,0
1594,0.0000,0.0000,7.2398,7.2401,0
1595,0.0000,0.0000,9.7279,9.7282,0
1596,0.0000,0.0000,16.5938,16.5941,0
1597,0.0000,0.0000,16.6810,16.6812,1
1598,0.0000,0.0000,16.6556,16.6559,0
1599,0.0000,0.0000,16.6759,16.6762,1
1600,0.0000,0.0000,16.6924,16.6927,1
1601,0.0000,0.0000,16.6487,16.6490,0
1602,0.0000,0.0000,16.7190,16.7193,1
1603,0.0000,0.0000,16.6395,16.6398,0
1604,0.0000,0.0000,16.7246,16.7249,1
1605,0.0000,0.0000,16.6945,16.6948,1
1606,0.0000,0.0000,16.6237,16.6240,0
1607,0.0000,0.0000,16.6336,16.6339,0
1608,0.0000,0.0000,16.7121,16.7124,1
1609,0.0000,0.0000,16.6598,16.6601,0
1610,0.0000,0.0000,16.6412,16.6415,0
1611,0.0000,0.0000,16.5908,16.5911,0
1612,0.0000,0.0000,16.7545,16.7549,1
1613,0.0000,0.0000,16.6504,16.6507,0
1614,0.0000,0.0000,16.7533,16.7536,1
1615,0.0000,0.0000,16.6063,16.6066,0
1616,0.0000,0.0000,16.6237,16.6240,0
1617,0.0000,0.0000,16.6698,16.6700,1
1618,0.0000,0.0000,16.7174,16.7177,1
1619,0.0000,0.0000,16.6526,16.6529,0
1620,0.0000,0.0000,16.6912,16.6915,1
1621,0.0000,0.0000,16.6192,16.6195,0
1622,0.0000,0.0000,16.7070,16.7073,1
1623,0.0000,0.0000,16.6636,16.6639,0
1624,0.0000,0.0000,16.7156,16.7159,1
1625,0.0000,0.0000,16.6527,16.6530,0
1626,0.0000,0.0000,16.6393,16.6396,0
1627,0.0000,0.0000,16.6708,16.6711,1
1628,0.0000,0.0000,16.6736,16.6739,1
1629,0.0000,0.0000,16.6620,16.6623,0
1630,0.0000,0.0000,16.7020,16.7023,1
1631,0.0000,0.0000,16.6515,16.6518,0
1632,0.0000,0.0000,16.6566,16.6569,0
1633,0.0000,0.0000,16.7225,16.7228,1
1634,0.0000,0.0000,16.6785,16.6788,1
1635,0.0000,0.0000,16.6432,16.6435,0
1636,0.0000,0.0000,16.7080,16.7083,1
1637,0.0000,0.0000,16.6527,16.6530,0
1638,0.0000,0.0000,16.6511,16.6514,0
1639,0.0000,0.0000,16.6244,16.6247,0
1640,0.0000,0.0000,16.7127,16.7130,1
1641,0.0000,0.0000,16.6157,16.6160,0
1642,0.0000,0.0000,16.7427,16.7430,1
1643,0.0000,0.0000,16.6313,16.6316,0
1644,0.0000,0.0000,16.6732,16.6735,1
1645,0.0000,0.0000,16.6769,16.6772,1
1646,0.0000,0.0000,16.6696,16.6699,1
1647,0.0000,0.0000,16.6657,16.6660,0
1648,0.0000,0.0000,16.5915,16.5918,0
1649,0.0000,0.0000,7.3100,7.3103,0
1650,0.0000,0.0000,9.4863,9.4866,0
1651,0.0000,0.0000,16.4167,16.4170,0
1652,0.0000,0.0000,7.1865,7.1868,0
1653,0.0000,0.0000,9.7539,9.7542,0
1654,0.0000,0.0000,16.6822,16.6825,1
1655,0.0000,0.0000,16.6085,16.6088,0
1656,0.0000,0.0000,16.7003,16.7006,1
1657,0.0000,0.0000,16.7013,16.7016,1
1658,0.0000,0.0000,16.6256,16.6259,0
1659,0.0000,0.0000,16.6328,16.6331,0
1660,0.0000,0.0000,16.7058,16.7061,1
1661,0.0000,0.0000,16.8133,16.8136,1
1662,0.0000,0.0000,16.5757,16.5760,0
1663,0.0000,0.0000,16.3491,16.3494,0
1664,0.0000,0.0000,7.2561,7.2564,0
1665,0.0000,0.0000,9.7994,9.7997,0
1666,0.0000,0.0000,16.5879,16.5882,0
1667,0.0000,0.0000,17.2355,17.2358,1
1668,0.0000,0.0000,16.2285,16.2291,0
1669,0.0000,0.0000,16.5278,16.5281,0
1670,0.0000,0.0000,16.6486,16.6489,0
1671,0.0000,0.0000,16.6428,16.6430,0
1672,0.0000,0.0000,16.7741,16.7744,1
1673,0.0000,0.0000,16.6530,16.6533,0
1674,0.0000,0.0000,16.6219,16.6222,0
1675,0.0000,0.0000,16.6650,16.6653,0
1676,0.0000,0.0000,16.6672,16.6675,1
1677,0.0000,0.0000,16.6494,16.6497,0
1678,0.0000,0.0000,16.7118,16.7121,1
1679,0.0000,0.0000,16.7882,16.7885,1
1680,0.0000,0.0000,16.6240,16.6243,0
1681,0.0000,0.0000,16.6100,16.6103,0
1682,0.0000,0.0000,16.6832,16.6834,1
1683,0.0000,0.0000,16.6241,16.6244,0
1684,0.0000,0.0000,16.6485,16.6488,0
1685,0.0000,0.0000,16.7040,16.7042,1
1686,0.0000,0.0000,16.7239,16.7242,1
1687,0.0000,0.0000,16.6234,16.6237,0
1688,0.0000,0.0000,16.6592,16.6595,0
1689,0.0000,0.0000,16.6888,16.6891,1
1690,0.0000,0.0000,16.6358,16.6361,0
1691,0.0000,0.0000,16.6792,16.6795,1
1692,0.0000,0.0000,16.6714,16.6717,1
1693,0.0000,0.0000,16.6706,16.6710,1
1694,0.0000,0.0000,16.6952,16.6955,1
1695,0.0000,0.0000,16.3981,16.3984,0
1696,0.0000,0.0000,7.1901,7.1904,0
1697,0.0000,0.0000,9.7839,9.7842,0
1698,0.0000,0.0000,16.6362,16.6365,0
1699,0.0000,0.0000,16.6764,16.6767,1
1700,0.0000,0.0000,16.6462,16.6466,0
1701,0.0000,0.0000,16.6999,16.7002,1
1702,0.0000,0.0000,16.6450,16.6453,0
1703,0.0000,0.0000,16.6545,16.6548,0
1704,0.0000,0.0000,16.7981,16.7984,1
1705,0.0000,0.0000,16.6511,16.6514,0
1706,0.0000,0.0000,16.6127,16.6130,0
1707,0.0000,0.0000,16.6470,16.6473,0
1708,0.0000,0.0000,16.6867,16.6870,1
1709,0.0000,0.0000,16.5310,16.5313,0
1710,0.0000,0.0000,16.7846,16.7849,1
1711,0.0000,0.0000,16.6859,16.6862,1
1712,0.0000,0.0000,16.6663,16.6666,0
1713,0.0000,0.0000,16.7020,16.7023,1
1714,0.0000,0.0000,16.6501,16.6504,0
1715,0.0000,0.0000,16.6619,16.6622,0
1716,0.0000,0.0000,16.6314,16.6317,0
1717,0.0000,0.0000,16.6142,16.6145,0
1718,0.0000,0.0000,16.8160,16.8163,1
1719,0.0000,0.0000,16.7058,16.7060,1
1720,0.0000,0.0000,16.5861,16.5864,0
1721,0.0000,0.0000,16.6851,16.6854,1
1722,0.0000,0.0000,16.6276,16.6279,0
1723,0.0000,0.0000,16.6634,16.6637,0
1724,0.0000,0.0000,16.7393,16.7396,1
1725,0.0000,0.0000,16.6995,16.6998,1
1726,0.0000,0.0000,16.6103,16.6106,0
1727,0.0000,0.0000,16.6744,16.6747,1
1728,0.0000,0.0000,16.7017,16.7020,1
1729,0.0000,0.0000,16.6358,16.6361,0
1730,0.0000,0.0000,16.6511,16.6514,0
1731,0.0000,0.0000,16.6646,16.6649,0
1732,0.0000,0.0000,6.9510,6.9513,0
1733,0.0000,0.0000,9.7879,9.7882,0
1734,0.0000,0.0000,16.6798,16.6801,1
1735,0.0000,0.0000,16.7163,16.7167,1
1736,0.0000,0.0000,16.6014,16.6017,0
1737,0.0000,0.0000,16.7296,16.7299,1
1738,0.0000,0.0000,16.6103,16.6106,0
1739,0.0000,0.0000,15.2772,15.2774,0
1740,0.0000,0.0000,16.6468,16.6470,0
1741,0.0000,0.0000,16.6832,16.6833,1
1742,0.0000,0.0000,16.6760,16.6762,1
1743,0.0000,0.0000,16.7015,16.7017,1
1744,0.0000,0.0000,16.6308,16.6309,0
1745,0.0000,0.0000,17.9326,17.9328,1
1746,0.0000,0.0000,16.7502,16.7505,1
1747,0.0000,0.0000,16.6696,16.6699,1
1748,0.0000,0.0000,16.6960,16.6963,1
1749,0.0000,0.0000,16.7093,16.7096,1
1750,0.0000,0.0000,16.7063,16.7066,1
1751,0.0000,0.0000,16.5700,16.5703,0
1752,0.0000,0.0000,16.7096,16.7099,1
1753,0.0000,0.0000,16.7548,16.7551,1
1754,0.0000,0.0000,16.5747,16.5751,0
1755,0.0000,0.0000,16.7272,16.7275,1
1756,0.0000,0.0000,16.7047,16.7050,1
1757,0.0000,0.0000,16.5636,16.5639,0
1758,0.0000,0.0000,16.3979,16.3982,0
1759,0.0000,0.0000,7.3216,7.3219,0
1760,0.0000,0.0000,9.7454,9.7457,0
1761,0.0000,0.0000,16.5360,16.5363,0
1762,0.0000,0.0000,16.7437,16.7440,1
1763,0.0000,0.0000,16.6083,16.6086,0
1764,0.0000,0.0000,16.6605,16.6609,0
1765,0.0000,0.0000,16.7158,16.7162,1
1766,0.0000,0.0000,16.6604,16.6607,0
1767,0.0000,0.0000,16.6624,16.6627,0
1768,0.0000,0.0000,16.6670,16.6673,1
1769,0.0000,0.0000,16.6694,16.6697,1
1770,0.0000,0.0000,16.7545,16.7548,1
1771,0.0000,0.0000,16.6314,16.6317,0
1772,0.0000,0.0000,16.6371,16.6374,0
1773,0.0000,0.0000,16.6618,16.6621,0
1774,0.0000,0.0000,16.2637,16.2640,0
1775,0.0000,0.0000,7.4688,7.4691,0
1776,0.0000,0.0000,9.6497,9.6500,0
1777,0.0000,0.0000,16.6575,16.6578,0
1778,0.0000,0.0000,16.6664,16.6667,1
1779,0.0000,0.0000,16.6502,16.6505,0
1780,0.0000,0.0000,16.6673,16.6676,1
1781,0.0000,0.0000,16.6746,16.6750,1
1782,0.0000,0.0000,16.6809,16.6812,1
1783,0.0000,0.0000,16.6598,16.6601,0
1784,0.0000,0.0000,16.6736,16.6739,1
1785,0.0000,0.0000,16.6714,16.6717,1
1786,0.0000,0.0000,6.9686,6.9689,0
1787,0.0000,0.0000,9.7827,9.7830,0
1788,0.0000,0.0000,16.5994,16.5997,0
1789,0.0000,0.0000,16.6978,16.6981,1
1790,0.0000,0.0000,16.6463,16.6466,0
1791,0.0000,0.0000,16.7037,16.7040,1
1792,0.0000,0.0000,16.7198,16.7201,1
1793,0.0000,0.0000,16.6777,16.6780,1
1794,0.0000,0.0000,16.5431,16.5434,0
1795,0.0000,0.0000,16.7025,16.7028,1
1796,0.0000,0.0000,16.6719,16.6723,1
1797,0.0000,0.0000,16.6581,16.6584,0
1798,0.0000,0.0000,16.6913,16.6917,1
1799,0.0000,0.0000,16.7015,16.7018,1
1800,0.0000,0.0000,16.6115,16.6118,0
1801,0.0000,0.0000,16.6801,16.6804,1
1802,0.0000,0.0000,16.6683,16.6687,1
1803,0.0000,0.0000,16.6871,16.6874,1
1804,0.0000,0.0000,16.7223,16.7226,1
1805,0.0000,0.0000,16.6301,16.6304,0
1806,0.0000,0.0000,16.7878,16.7881,1
1807,0.0000,0.0000,16.5943,16.5945,0
1808,0.0000,0.0000,16.6229,16.6232,0
1809,0.0000,0.0000,16.6590,16.6593,0
1810,0.0000,0.0000,16.6774,16.6777,1
1811,0.0000,0.0000,16.6421,16.6424,0
1812,0.0000,0.0000,16.7055,16.7058,1
1813,0.0000,0.0000,16.5998,16.6001,0
1814,0.0000,0.0000,16.7429,16.7432,1
1815,0.0000,0.0000,16.7139,16.7142,1
1816,0.0000,0.0000,16.6477,16.6480,0
1817,0.0000,0.0000,16.6245,16.6248,0
1818,0.0000,0.0000,16.6928,16.6931,1
1819,0.0000,0.0000,16.6622,16.6625,0
1820,0.0000,0.0000,16.6707,16.6710,1
1821,0.0000,0.0000,16.6699,16.6702,1
1822,0.0000,0.0000,16.6633,16.6636,0
1823,0.0000,0.0000,16.6586,16.6589,0
1824,0.0000,0.0000,16.6750,16.6753,1
1825,0.0000,0.0000,16.7407,16.7410,1
1826,0.0000,0.0000,16.5956,16.5959,0
1827,0.0000,0.0000,16.6833,16.6836,1
1828,0.0000,0.0000,16.6746,16.6749,1
1829,0.0000,0.0000,15.3024,15.3027,0
1830,0.0000,0.0000,16.8878,16.8880,1
1831,0.0000,0.0000,8.3536,8.3539,0
1832,0.0000,0.0000,9.4599,9.4602,0
1833,0.0000,0.0000,16.5960,16.5963,0
1834,0.0000,0.0000,16.7558,16.7561,1
1835,0.0000,0.0000,16.7054,16.7057,1
1836,0.0000,0.0000,16.6285,16.6288,0
1837,0.0000,0.0000,16.7089,16.7092,1
1838,0.0000,0.0000,16.6602,16.6605,0
1839,0.0000,0.0000,16.6645,16.6648,0
1840,0.0000,0.0000,16.6785,16.6788,1
1841,0.0000,0.0000,16.6508,16.6511,0
1842,0.0000,0.0000,16.6807,16.6810,1
1843,0.0000,0.0000,16.6560,16.6563,0
1844,0.0000,0.0000,16.6546,16.6549,0
1845,0.0000,0.0000,16.6954,16.6957,1
1846,0.0000,0.0000,16.6502,16.6505,0
1847,0.0000,0.0000,16.7016,16.7019,1
1848,0.0000,0.0000,16.8747,16.8750,1
1849,0.0000,0.0000,16.5600,16.5602,0
1850,0.0000,0.0000,16.5685,16.5688,0
1851,0.0000,0.0000,16.7075,16.7078,1
1852,0.0000,0.0000,16.6420,16.6423,0
1853,0.0000,0.0000,17.0323,17.0327,1
1854,0.0000,0.0000,16.5185,16.5188,0
1855,0.0000,0.0000,16.5417,16.5420,0
1856,0.0000,0.0000,16.6408,16.6411,0
1857,0.0000,0.0000,16.6731,16.6734,1
1858,0.0000,0.0000,16.5942,16.5945,0
1859,0.0000,0.0000,16.6890,16.6892,1
1860,0.0000,0.0000,16.6596,16.6599,0
1861,0.0000,0.0000,16.6722,16.6725,1
1862,0.0000,0.0000,16.6530,16.6532,0
1863,0.0000,0.0000,16.6877,16.6880,1
1864,0.0000,0.0000,16.7188,16.7191,1
1865,0.0000,0.0000,16.6176,16.6179,0
1866,0.0000,0.0000,16.6195,16.6198,0
1867,0.0000,0.0000,16.7477,16.7480,1
1868,0.0000,0.0000,16.6721,16.6724,1
1869,0.0000,0.0000,16.6282,16.6286,0
1870,0.0000,0.0000,16.6669,16.6672,1
1871,0.0000,0.0000,16.6268,16.6271,0
1872,0.0000,0.0000,16.6769,16.6772,1
1873,0.0000,0.0000,16.7226,16.7230,1
1874,0.0000,0.0000,16.6540,16.6543,0
1875,0.0000,0.0000,16.6808,16.6811,1
1876,0.0000,0.0000,16.6760,16.6763,1
1877,0.0000,0.0000,17.1362,17.1365,1
1878,0.0000,0.0000,15.2006,15.2008,0
1879,0.0000,0.0000,16.5222,16.5224,0
1880,0.0000,0.0000,16.4399,16.4400,0
1881,0.0000,0.0000,16.5780,16.5781,0
1882,0.0000,0.0000,17.0354,17.0356,1
1883,0.0000,0.0000,16.6278,16.6281,0
1884,0.0000,0.0000,16.6667,16.6670,1
1885,0.0000,0.0000,16.6695,16.6697,1
1886,0.0000,0.0000,16.7054,16.7056,1
1887,0.0000,0.0000,16.6435,16.6438,0
1888,0.0000,0.0000,16.6684,16.6686,1
1889,0.0000,0.0000,16.6586,16.6588,0
1890,0.0000,0.0000,16.7486,16.7488,1
1891,0.0000,0.0000,17.8287,17.8289,1
1892,0.0000,0.0000,16.6151,16.6154,0
1893,0.0000,0.0000,16.6562,16.6565,0
1894,0.0000,0.0000,15.6402,15.6404,0
1895,0.0000,0.0000,16.7987,16.7988,1
1896,0.0000,0.0000,16.4339,16.4340,0
1897,0.0000,0.0000,16.6738,16.6739,1
1898,0.0000,0.0000,17.8085,17.8087,1
1899,0.0000,0.0000,16.6794,16.6797,1
1900,0.0000,0.0000,16.7021,16.7024,1
1901,0.0000,0.0000,16.7946,16.7949,1
1902,0.0000,0.0000,15.3618,15.3620,0
1903,0.0000,0.0000,16.5882,16.5884,0
1904,0.0000,0.0000,17.8935,17.8937,1
1905,0.0000,0.0000,16.6929,16.6932,1
1906,0.0000,0.0000,16.6334,16.6337,0
1907,0.0000,0.0000,16.7353,16.7356,1
1908,0.0000,0.0000,16.6451,16.6454,0
1909,0.0000,0.0000,16.6618,16.6621,0
1910,0.0000,0.0000,16.6791,16.6794,1
1911,0.0000,0.0000,16.6476,16.6479,0
1912,0.0000,0.0000,16.7784,16.7787,1
1913,0.0000,0.0000,6.9323,6.9326,0
1914,0.0000,0.0000,9.7894,9.7897,0
1915,0.0000,0.0000,16.5123,16.5126,0
1916,0.0000,0.0000,16.6990,16.6993,1
1917,0.0000,0.0000,16.6562,16.6565,0
1918,0.0000,0.0000,16.6430,16.6433,0
1919,0.0000,0.0000,16.6763,16.6766,1
1920,0.0000,0.0000,16.7039,16.7042,1
1921,0.0000,0.0000,16.6742,16.6745,1
1922,0.0000,0.0000,16.6675,16.6678,1
1923,0.0000,0.0000,15.4637,15.4639,0
1924,0.0000,0.0000,16.6744,16.6745,1
1925,0.0000,0.0000,17.9191,17.9193,1
1926,0.0000,0.0000,16.6788,16.6791,1
1927,0.0000,0.0000,16.6081,16.6084,0
1928,0.0000,0.0000,16.7415,16.7418,1
1929,0.0000,0.0000,16.6631,16.6634,0
1930,0.0000,0.0000,16.6251,16.6254,0
1931,0.0000,0.0000,16.6402,16.6405,0
1932,0.0000,0.0000,16.7269,16.7272,1
1933,0.0000,0.0000,16.7630,16.7633,1
1934,0.0000,0.0000,16.5627,16.5629,0
1935,0.0000,0.0000,16.6454,16.6457,0
1936,0.0000,0.0000,16.7006,16.7009,1
1937,0.0000,0.0000,16.6326,16.6329,0
1938,0.0000,0.0000,16.6775,16.6778,1
1939,0.0000,0.0000,16.6934,16.6937,1
1940,0.0000,0.0000,16.7184,16.7187,1
1941,0.0000,0.0000,16.6043,16.6046,0
1942,0.0000,0.0000,16.6883,16.6886,1
1943,0.0000,0.0000,16.6467,16.6470,0
1944,0.0000,0.0000,16.6961,16.6964,1
1945,0.0000,0.0000,16.6471,16.6474,0
1946,0.0000,0.0000,16.7464,16.7467,1
1947,0.0000,0.0000,16.6023,16.6026,0
1948,0.0000,0.0000,16.6566,16.6569,0
1949,0.0000,0.0000,16.6806,16.6809,1
1950,0.0000,0.0000,16.6829,16.6832,1
1951,0.0000,0.0000,16.7352,16.7355,1
1952,0.0000,0.0000,16.6039,16.6042,0
1953,0.0000,0.0000,16.7310,16.7313,1
1954,0.0000,0.0000,16.5980,16.5983,0
1955,0.0000,0.0000,16.6721,16.6723,1
1956,0.0000,0.0000,16.7098,16.7101,1
1957,0.0000,0.0000,16.6520,16.6523,0
1958,0.0000,0.0000,16.7232,16.7235,1
1959,0.0000,0.0000,16.6134,16.6137,0
1960,0.0000,0.0000,16.5778,16.5781,0
1961,0.0000,0.0000,7.0257,7.0260,0
1962,0.0000,0.0000,9.7800,9.7803,0
1963,0.0000,0.0000,16.6851,16.6854,1
1964,0.0000,0.0000,16.6640,16.6643,0
1965,0.0000,0.0000,16.6788,16.6791,1
1966,0.0000,0.0000,16.6886,16.6889,1
1967,0.0000,0.0000,16.6135,16.6138,0
1968,0.0000,0.0000,16.6516,16.6519,0
1969,0.0000,0.0000,16.7184,16.7187,1
1970,0.0000,0.0000,16.6318,16.6321,0
1971,0.0000,0.0000,16.6689,16.6692,1
1972,0.0000,0.0000,16.7205,16.7208,1
1973,0.0000,0.0000,16.5805,16.5808,0
1974,0.0000,0.0000,16.6820,16.6824,1
1975,0.0000,0.0000,16.8350,16.8353,1
1976,0.0000,0.0000,16.5715,16.5718,0
1977,0.0000,0.0000,16.7148,16.7151,1
1978,0.0000,0.0000,16.5853,16.5856,0
1979,0.0000,0.0000,16.6556,16.6559,0
1980,0.0000,0.0000,16.6408,16.6411,0
1981,0.0000,0.0000,16.6762,16.6765,1
1982,0.0000,0.0000,16.6009,16.6012,0
1983,0.0000,0.0000,15.5761,15.5764,0
1984,0.0000,0.0000,16.6388,16.6390,0
1985,0.0000,0.0000,17.8744,17.8746,1
1986,0.0000,0.0000,16.6524,16.6527,0
1987,0.0000,0.0000,16.7367,16.7370,1
1988,0.0000,0.0000,16.6981,16.6984,1
1989,0.0000,0.0000,16.6508,16.6511,0
1990,0.0000,0.0000,16.7618,16.7621,1
1991,0.0000,0.0000,16.5509,16.5512,0
1992,0.0000,0.0000,16.6478,16.6481,0
1993,0.0000,0.0000,16.7073,16.7076,1
1994,0.0000,0.0000,16.4165,16.4168,0
1995,0.0000,0.0000,7.3928,7.3931,0
1996,0.0000,0.0000,9.6035,9.6037,0
1997,0.0000,0.0000,16.6062,16.6065,0
1998,0.0000,0.0000,16.7089,16.7093,1
1999,0.0000,0.0000,16.6637,16.6640,0
2000,0.0000,0.0000,16.6150,16.6153,0
2001,0.0000,0.0000,16.6690,16.6693,1
2002,0.0000,0.0000,16.6706,16.6709,1
2003,0.0000,0.0000,16.6585,16.6588,0
2004,0.0000,0.0000,16.6857,16.6860,1
2005,0.0000,0.0000,16.6470,16.6473,0
2006,0.0000,0.0000,16.6657,16.6660,0
2007,0.0000,0.0000,16.6334,16.6337,0
2008,0.0000,0.0000,16.7469,16.7472,1
2009,0.0000,0.0000,16.6793,16.6796,1
2010,0.0000,0.0000,16.6562,16.6565,0
2011,0.0000,0.0000,16.6175,16.6178,0
2012,0.0000,0.0000,7.0690,7.0693,0
2013,0.0000,0.0000,9.7044,9.7047,0
2014,0.0000,0.0000,16.6148,16.6151,0
2015,0.0000,0.0000,16.6831,16.6834,1
2016,0.0000,0.0000,16.7075,16.7078,1
2017,0.0000,0.0000,16.6017,16.6020,0
2018,0.0000,0.0000,16.6887,16.6890,1
2019,0.0000,0.0000,16.7389,16.7392,1
2020,0.0000,0.0000,16.6438,16.6441,0
2021,0.0000,0.0000,16.6528,16.6531,0
2022,0.0000,0.0000,16.6442,16.6445,0
2023,0.0000,0.0000,16.6670,16.6673,1
2024,0.0000,0.0000,16.6694,16.6697,1
2025,0.0000,0.0000,16.7057,16.7059,1
2026,0.0000,0.0000,16.6376,16.6379,0
2027,0.0000,0.0000,16.7048,16.7051,1
2028,0.0000,0.0000,16.6270,16.6273,0
2029,0.0000,0.0000,16.4612,16.4615,0
2030,0.0000,0.0000,7.3253,7.3256,0
2031,0.0000,0.0000,9.6801,9.6804,0
2032,0.0000,0.0000,16.5760,16.5763,0
2033,0.0000,0.0000,16.6710,16.6713,1
2034,0.0000,0.0000,15.3983,15.3986,0
2035,0.0000,0.0000,16.5693,16.5695,0
2036,0.0000,0.0000,16.5956,16.5957,0
2037,0.0000,0.0000,16.6884,16.6886,1
2038,0.0000,0.0000,18.3082,18.3084,1
2039,0.0000,0.0000,16.5115,16.5118,0
2040,0.0000,0.0000,16.6159,16.6162,0
2041,0.0000,0.0000,16.6981,16.6984,1
2042,0.0000,0.0000,16.7702,16.7705,1
2043,0.0000,0.0000,16.5552,16.5555,0
2044,0.0000,0.0000,16.6395,16.6398,0
2045,0.0000,0.0000,16.6569,16.6572,0
2046,0.0000,0.0000,16.7013,16.7016,1
2047,0.0000,0.0000,16.6852,16.6855,1
2048,0.0000,0.0000,16.6475,16.6478,0
2049,0.0000,0.0000,16.7211,16.7214,1
2050,0.0000,0.0000,16.6463,16.6466,0
2051,0.0000,0.0000,16.6380,16.6383,0
2052,0.0000,0.0000,16.6661,16.6664,0
2053,0.0000,0.0000,16.6921,16.6924,1
2054,0.0000,0.0000,16.6549,16.6551,0
2055,0.0000,0.0000,16.6789,16.6792,1
2056,0.0000,0.0000,16.6689,16.6692,1
2057,0.0000,0.0000,16.6776,16.6779,1
2058,0.0000,0.0000,16.7279,16.7282,1
2059,0.0000,0.0000,16.6108,16.6111,0
2060,0.0000,0.0000,16.6660,16.6663,0
2061,0.0000,0.0000,16.6534,16.6537,0
2062,0.0000,0.0000,16.8424,16.8427,1
2063,0.0000,0.0000,16.5988,16.5992,0
2064,0.0000,0.0000,15.5541,15.5543,0
2065,0.0000,0.0000,16.2495,16.2496,0
2066,0.0000,0.0000,16.2415,16.2417,0
2067,0.0000,0.0000,16.4324,16.4325,0
2068,0.0000,0.0000,18.4587,18.4589,1
2069,0.0000,0.0000,8.0628,8.0631,0
2070,0.0000,0.0000,9.0217,9.0220,0
2071,0.0000,0.0000,16.6537,16.6540,0
2072,0.0000,0.0000,16.6627,16.6630,0
2073,0.0000,0.0000,16.7160,16.7163,1
2074,0.0000,0.0000,16.6194,16.6197,0
2075,0.0000,0.0000,16.6913,16.6916,1
2076,0.0000,0.0000,16.6292,16.6404,0
2077,0.0000,0.0000,16.6650,16.6653,0
2078,0.0000,0.0000,16.1556,16.1559,0
2079,0.0000,0.0000,16.0037,16.0039,0
2080,0.0000,0.0000,16.6892,16.6894,1
2081,0.0000,0.0000,16.6534,16.6536,0
2082,0.0000,0.0000,16.6705,16.6706,1
2083,0.0000,0.0000,16.6496,16.6497,0
2084,0.0000,0.0000,16.6348,16.6350,0
2085,0.0000,0.0000,16.7326,16.7328,1
2086,0.0000,0.0000,17.9040,17.9042,1
2087,0.0000,0.0000,16.6716,16.6719,1
2088,0.0000,0.0000,16.6479,16.6482,0
2089,0.0000,0.0000,16.7120,16.7123,1
2090,0.0000,0.0000,16.6131,16.6134,0
2091,0.0000,0.0000,16.7283,16.7286,1
2092,0.0000,0.0000,16.6076,16.6079,0
2093,0.0000,0.0000,16.6697,16.6700,1
2094,0.0000,0.0000,16.6506,16.6509,0
2095,0.0000,0.0000,16.7351,16.7354,1
2096,0.0000,0.0000,16.6235,16.6238,0
2097,0.0000,0.0000,16.6942,16.6945,1
2098,0.0000,0.0000,16.6922,16.6926,1
2099,0.0000,0.0000,16.6607,16.6610,0
2100,0.0000,0.0000,16.6890,16.6893,1
2101,0.0000,0.0000,16.6317,16.6320,0
2102,0.0000,0.0000,16.6514,16.6517,0
2103,0.0000,0.0000,16.7355,16.7358,1
2104,0.0000,0.0000,16.6482,16.6485,0
2105,0.0000,0.0000,16.6853,16.6857,1
2106,0.0000,0.0000,16.6354,16.6357,0
2107,0.0000,0.0000,16.0710,16.0713,0
2108,0.0000,0.0000,16.1137,16.1139,0
2109,0.0000,0.0000,17.8334,17.8336,1
2110,0.0000,0.0000,16.6493,16.6496,0
2111,0.0000,0.0000,16.6417,16.6420,0
2112,0.0000,0.0000,16.7228,16.7231,1
2113,0.0000,0.0000,16.6514,16.6517,0
2114,0.0000,0.0000,16.6814,16.6817,1
2115,0.0000,0.0000,16.6544,16.6547,0
2116,0.0000,0.0000,16.7079,16.7082,1
2117,0.0000,0.0000,16.6128,16.6131,0
2118,0.0000,0.0000,16.7299,16.7302,1
2119,0.0000,0.0000,16.6149,16.6152,0
2120,0.0000,0.0000,16.7141,16.7144,1
2121,0.0000,0.0000,16.6511,16.6514,0
2122,0.0000,0.0000,16.6934,16.6937,1
2123,0.0000,0.0000,16.6868,16.6871,1
2124,0.0000,0.0000,16.6509,16.6512,0
2125,0.0000,0.0000,16.6418,16.6421,0
2126,0.0000,0.0000,16.6745,16.6748,1
2127,0.0000,0.0000,16.6204,16.6207,0
2128,0.0000,0.0000,16.7941,16.7944,1
2129,0.0000,0.0000,16.7071,16.7074,1
2130,0.0000,0.0000,16.6112,16.6116,0
2131,0.0000,0.0000,16.6933,16.6936,1
2132,0.0000,0.0000,16.6306,16.6309,0
2133,0.0000,0.0000,16.6447,16.6450,0
2134,0.0000,0.0000,16.7091,16.7094,1
2135,0.0000,0.0000,16.6210,16.6213,0
2136,0.0000,0.0000,16.6836,16.6839,1
2137,0.0000,0.0000,16.6919,16.6922,1
2138,0.0000,0.0000,16.6635,16.6638,0
2139,0.0000,0.0000,16.5953,16.5956,0
2140,0.0000,0.0000,16.7522,16.7525,1
2141,0.0000,0.0000,16.6990,16.6993,1
2142,0.0000,0.0000,16.6302,16.6305,0
2143,0.0000,0.0000,16.6764,16.6768,1
2144,0.0000,0.0000,16.6307,16.6310,0
2145,0.0000,0.0000,16.7343,16.7347,1
2146,0.0000,0.0000,16.6343,16.6346,0
2147,0.0000,0.0000,16.7315,16.7318,1
2148,0.0000,0.0000,16.5847,16.5850,0
2149,0.0000,0.0000,15.2987,15.2990,0
2150,0.0000,0.0000,17.1644,17.1646,1
2151,0.0000,0.0000,17.5329,17.5332,1
2152,0.0000,0.0000,16.7723,16.7726,1
2153,0.0000,0.0000,16.6369,16.6372,0
2154,0.0000,0.0000,16.7474,16.7477,1
2155,0.0000,0.0000,16.5717,16.5720,0
2156,0.0000,0.0000,16.6415,16.6418,0
2157,0.0000,0.0000,16.7430,16.7433,1
2158,0.0000,0.0000,16.7484,16.7487,1
2159,0.0000,0.0000,16.7531,16.7535,1
2160,0.0000,0.0000,16.6710,16.6713,1
2161,0.0000,0.0000,16.5983,16.5986,0
2162,0.0000,0.0000,16.5605,16.5609,0
2163,0.0000,0.0000,16.7110,16.7113,1
2164,0.0000,0.0000,16.8465,16.8468,1
2165,0.0000,0.0000,15.2677,15.2679,0
2166,0.0000,0.0000,16.5403,16.5406,0
2167,0.0000,0.0000,16.7766,16.7768,1
2168,0.0000,0.0000,16.7090,16.7092,1
2169,0.0000,0.0000,16.6200,16.6202,0
2170,0.0000,0.0000,16.5964,16.5967,0
2171,0.0000,0.0000,16.7429,16.7431,1
2172,0.0000,0.0000,16.6771,16.6773,1
2173,0.0000,0.0000,16.6853,16.6856,1
2174,0.0000,0.0000,16.6616,16.6618,0
2175,0.0000,0.0000,16.6373,16.6376,0
2176,0.0000,0.0000,16.6404,16.6406,0
2177,0.0000,0.0000,17.3411,17.3413,1
2178,0.0000,0.0000,17.2957,17.2960,1
2179,0.0000,0.0000,16.7025,16.7027,1
2180,0.0000,0.0000,16.6621,16.6624,0
2181,0.0000,0.0000,16.6047,16.6050,0
2182,0.0000,0.0000,16.6190,16.6193,0
2183,0.0000,0.0000,16.7198,16.7201,1
2184,0.0000,0.0000,16.7261,16.7264,1
2185,0.0000,0.0000,16.6435,16.6438,0
2186,0.0000,0.0000,16.7600,16.7603,1
2187,0.0000,0.0000,16.5566,16.5569,0
2188,0.0000,0.0000,16.6915,16.6919,1
2189,0.0000,0.0000,16.7273,16.7276,1
2190,0.0000,0.0000,16.6096,16.6099,0
2191,0.0000,0.0000,16.6941,16.6944,1
2192,0.0000,0.0000,16.7213,16.7216,1
2193,0.0000,0.0000,16.5758,16.5761,0
2194,0.0000,0.0000,16.7283,16.7285,1
2195,0.0000,0.0000,15.8087,15.8089,0
2196,0.0000,0.0000,16.1100,16.1102,0
2197,0.0000,0.0000,16.5830,16.5832,0
2198,0.0000,0.0000,16.7033,16.7035,1
2199,0.0000,0.0000,16.7296,16.7298,1
2200,0.0000,0.0000,16.6401,16.6402,0
2201,0.0000,0.0000,16.6858,16.6859,1
2202,0.0000,0.0000,16.6513,16.6515,0
2203,0.0000,0.0000,16.6375,16.6376,0
2204,0.0000,0.0000,16.7407,16.7409,1
2205,0.0000,0.0000,16.6112,16.6114,0
2206,0.0000,0.0000,17.2617,17.2619,1
2207,0.0000,0.0000,17.5284,17.5288,1
2208,0.0000,0.0000,16.6634,16.6637,0
2209,0.0000,0.0000,16.6672,16.6675,1
2210,0.0000,0.0000,16.6577,16.6579,0
2211,0.0000,0.0000,16.6638,16.6641,0
2212,0.0000,0.0000,16.7018,16.7021,1
2213,0.0000,0.0000,16.7515,16.7519,1
2214,0.0000,0.0000,16.5832,16.5835,0
2215,0.0000,0.0000,16.8111,16.8114,1
2216,0.0000,0.0000,16.6490,16.6493,0
2217,0.0000,0.0000,16.6153,16.6156,0
2218,0.0000,0.0000,16.6097,16.6100,0
2219,0.0000,0.0000,16.8292,16.8295,1
2220,0.0000,0.0000,16.6154,16.6157,0
2221,0.0000,0.0000,16.6457,16.6460,0
2222,0.0000,0.0000,15.7305,15.7307,0
2223,0.0000,0.0000,16.1209,16.1210,0
2224,0.0000,0.0000,16.7302,16.7303,1
2225,0.0000,0.0000,16.5356,16.5357,0
2226,0.0000,0.0000,16.7171,16.7173,1
2227,0.0000,0.0000,16.6529,16.6530,0
2228,0.0000,0.0000,16.6778,16.6779,1
2229,0.0000,0.0000,16.7127,16.7128,1
2230,0.0000,0.0000,16.6591,16.6592,0
2231,0.0000,0.0000,17.2117,17.2119,1
2232,0.0000,0.0000,17.6037,17.6040,1
2233,0.0000,0.0000,16.6779,16.6782,1
2234,0.0000,0.0000,16.6345,16.6348,0
2235,0.0000,0.0000,16.6247,16.6250,0
2236,0.0000,0.0000,16.6903,16.6906,1
2237,0.0000,0.0000,16.6536,16.6539,0
2238,0.0000,0.0000,16.6766,16.6769,1
2239,0.0000,0.0000,16.6578,16.6581,0
2240,0.0000,0.0000,16.6703,16.6706,1
2241,0.0000,0.0000,16.6877,16.6880,1
2242,0.0000,0.0000,16.6891,16.6894,1
2243,0.0000,0.0000,16.6376,16.6379,0
2244,0.0000,0.0000,16.6870,16.6873,1
2245,0.0000,0.0000,16.6265,16.6268,0
2246,0.0000,0.0000,16.7228,16.7232,1
2247,0.0000,0.0000,16.6864,16.6867,1
2248,0.0000,0.0000,16.6856,16.6858,1
2249,0.0000,0.0000,16.6521,16.6524,0
2250,0.0000,0.0000,16.6550,16.6553,0
2251,0.0000,0.0000,16.6679,16.6682,1
2252,0.0000,0.0000,16.6997,16.7000,1
2253,0.0000,0.0000,16.6476,16.6479,0
2254,0.0000,0.0000,16.6486,16.6489,0
2255,0.0000,0.0000,16.6677,16.6680,1
2256,0.0000,0.0000,16.7908,16.7911,1
2257,0.0000,0.0000,16.6169,16.6173,0
2258,0.0000,0.0000,16.6831,16.6834,1
2259,0.0000,0.0000,16.6089,16.6092,0
2260,0.0000,0.0000,16.7074,16.7077,1
2261,0.0000,0.0000,16.6300,16.6303,0
2262,0.0000,0.0000,16.7066,16.7069,1
2263,0.0000,0.0000,16.6702,16.6705,1
2264,0.0000,0.0000,16.6688,16.6691,1
2265,0.0000,0.0000,16.6902,16.6905,1
2266,0.0000,0.0000,16.6221,16.6224,0
2267,0.0000,0.0000,16.6846,16.6849,1
2268,0.0000,0.0000,16.6883,16.6886,1
2269,0.0000,0.0000,16.6944,16.6947,1
2270,0.0000,0.0000,16.6177,16.6181,0
2271,0.0000,0.0000,16.6851,16.6854,1
2272,0.0000,0.0000,16.6547,16.6550,0
2273,0.0000,0.0000,16.6991,16.6994,1
2274,0.0000,0.0000,16.6445,16.6448,0
2275,0.0000,0.0000,16.6751,16.6754,1
2276,0.0000,0.0000,16.7117,16.7120,1
2277,0.0000,0.0000,16.6216,16.6219,0
2278,0.0000,0.0000,16.6919,16.6921,1
2279,0.0000,0.0000,16.6379,16.6382,0
2280,0.0000,0.0000,16.7029,16.7032,1
2281,0.0000,0.0000,16.6658,16.6661,0
2282,0.0000,0.0000,16.6558,16.6561,0
2283,0.0000,0.0000,16.6693,16.6696,1
2284,0.0000,0.0000,16.6775,16.6778,1
2285,0.0000,0.0000,16.6793,16.6796,1
2286,0.0000,0.0000,16.6661,16.6664,0
2287,0.0000,0.0000,16.6902,16.6905,1
2288,0.0000,0.0000,16.6703,16.6706,1
2289,0.0000,0.0000,16.7366,16.7369,1
2290,0.0000,0.0000,16.5811,16.5814,0
2291,0.0000,0.0000,16.6897,16.6900,1
2292,0.0000,0.0000,16.6638,16.6641,0
2293,0.0000,0.0000,16.7279,16.7281,1
2294,0.0000,0.0000,16.6924,16.6926,1
2295,0.0000,0.0000,16.6302,16.6305,0
2296,0.0000,0.0000,16.6615,16.6619,0
2297,0.0000,0.0000,16.6068,16.6071,0
2298,0.0000,0.0000,16.7085,16.7088,1
2299,0.0000,0.0000,16.6215,16.6218,0
2300,0.0000,0.0000,16.7472,16.7476,1
2301,0.0000,0.0000,16.6890,16.6893,1
2302,0.0000,0.0000,16.6475,16.6478,0
2303,0.0000,0.0000,16.6538,16.6541,0
2304,0.0000,0.0000,16.6306,16.6309,0
2305,0.0000,0.0000,16.6592,16.6595,0
2306,0.0000,0.0000,16.7172,16.7175,1
2307,0.0000,0.0000,16.6911,16.6914,1
2308,0.0000,0.0000,16.6564,16.6567,0
2309,0.0000,0.0000,16.6843,16.6847,1
2310,0.0000,0.0000,16.6487,16.6490,0
2311,0.0000,0.0000,16.6506,16.6509,0
2312,0.0000,0.0000,16.7480,16.7483,1
2313,0.0000,0.0000,16.6029,16.6032,0
2314,0.0000,0.0000,16.6945,16.6948,1
2315,0.0000,0.0000,16.6436,16.6439,0
2316,0.0000,0.0000,16.7210,16.7213,1
2317,0.0000,0.0000,16.6505,16.6509,0
2318,0.0000,0.0000,16.6644,16.6647,0
2319,0.0000,0.0000,16.6684,16.6687,1
2320,0.0000,0.0000,16.7145,16.7148,1
2321,0.0000,0.0000,16.6562,16.6565,0
2322,0.0000,0.0000,16.6112,16.6115,0
2323,0.0000,0.0000,16.6989,16.6992,1
2324,0.0000,0.0000,16.6647,16.6650,0
2325,0.0000,0.0000,16.8055,16.8059,1
2326,0.0000,0.0000,16.5139,16.5142,0
2327,0.0000,0.0000,16.7087,16.7090,1
2328,0.0000,0.0000,16.6279,16.6282,0
2329,0.0000,0.0000,16.6786,16.6789,1
2330,0.0000,0.0000,16.7465,16.7468,1
2331,0.0000,0.0000,16.6078,16.6081,0
2332,0.0000,0.0000,16.6758,16.6761,1
2333,0.0000,0.0000,16.6733,16.6737,1
2334,0.0000,0.0000,16.6495,16.6498,0
2335,0.0000,0.0000,16.6829,16.6831,1
2336,0.0000,0.0000,16.6548,16.6551,0
2337,0.0000,0.0000,16.6845,16.6848,1
2338,0.0000,0.0000,16.6616,16.6620,0
2339,0.0000,0.0000,16.7670,16.7673,1
2340,0.0000,0.0000,16.6057,16.6060,0
2341,0.0000,0.0000,16.7097,16.7100,1
2342,0.0000,0.0000,16.6365,16.6368,0
2343,0.0000,0.0000,16.6932,16.6935,1
2344,0.0000,0.0000,16.6345,16.6348,0
2345,0.0000,0.0000,16.6807,16.6810,1
2346,0.0000,0.0000,16.6640,16.6643,0
2347,0.0000,0.0000,16.6418,16.6421,0
2348,0.0000,0.0000,16.7062,16.7065,1
2349,0.0000,0.0000,16.6427,16.6430,0
2350,0.0000,0.0000,16.7024,16.7027,1
2351,0.0000,0.0000,16.6882,16.6885,1
2352,0.0000,0.0000,16.6744,16.6747,1
2353,0.0000,0.0000,16.6074,16.6077,0
2354,0.0000,0.0000,16.6746,16.6749,1
2355,0.0000,0.0000,16.6721,16.6724,1
2356,0.0000,0.0000,16.7430,16.7433,1
2357,0.0000,0.0000,16.6881,16.6884,1
2358,0.0000,0.0000,16.7981,16.7984,1
2359,0.0000,0.0000,16.5372,16.5375,0
2360,0.0000,0.0000,16.6279,16.6282,0
2361,0.0000,0.0000,16.6925,16.6928,1
2362,0.0000,0.0000,16.6232,16.6235,0
2363,0.0000,0.0000,16.6080,16.6083,0
2364,0.0000,0.0000,16.7455,16.7459,1
2365,0.0000,0.0000,16.6491,16.6494,0
2366,0.0000,0.0000,16.7339,16.7342,1
2367,0.0000,0.0000,16.6216,16.6220,0
2368,0.0000,0.0000,16.6795,16.6798,1
2369,0.0000,0.0000,16.6212,16.6215,0
2370,0.0000,0.0000,16.7485,16.7488,1
2371,0.0000,0.0000,16.5823,16.5826,0
2372,0.0000,0.0000,16.7415,16.7418,1
2373,0.0000,0.0000,16.6040,16.6043,0
2374,0.0000,0.0000,16.7399,16.7402,1
2375,0.0000,0.0000,16.6644,16.6647,0
2376,0.0000,0.0000,16.6354,16.6357,0
2377,0.0000,0.0000,16.6436,16.6439,0
2378,0.0000,0.0000,16.7323,16.7326,1
2379,0.0000,0.0000,16.6344,16.6347,0
2380,0.0000,0.0000,16.6759,16.6762,1
2381,0.0000,0.0000,16.7306,16.7309,1
2382,0.0000,0.0000,16.6323,16.6326,0
2383,0.0000,0.0000,16.6933,16.6936,1
2384,0.0000,0.0000,16.7482,16.7485,1
2385,0.0000,0.0000,16.5242,16.5244,0
2386,0.0000,0.0000,16.7234,16.7237,1
2387,0.0000,0.0000,16.6279,16.6282,0
2388,0.0000,0.0000,16.7895,16.7898,1
2389,0.0000,0.0000,16.6262,16.6265,0
2390,0.0000,0.0000,16.6173,16.6176,0
2391,0.0000,0.0000,16.6541,16.6544,0
2392,0.0000,0.0000,16.7177,16.7180,1
2393,0.0000,0.0000,16.7398,16.7401,1
2394,0.0000,0.0000,16.5941,16.5943,0
2395,0.0000,0.0000,16.6754,16.6757,1
2396,0.0000,0.0000,16.8024,16.8027,1
2397,0.0000,0.0000,16.5913,16.5916,0
2398,0.0000,0.0000,16.6208,16.6211,0
2399,0.0000,0.0000,16.7907,16.7910,1
2400,0.0000,0.0000,16.6611,16.6614,0
2401,0.0000,0.0000,16.5429,16.5432,0
2402,0.0000,0.0000,16.7042,16.7045,1
2403,0.0000,0.0000,16.6288,16.6291,0
2404,0.0000,0.0000,16.6685,16.6688,1
2405,0.0000,0.0000,16.6667,16.6670,1
2406,0.0000,0.0000,16.6752,16.6755,1
2407,0.0000,0.0000,16.6677,16.6680,1
2408,0.0000,0.0000,16.7354,16.7357,1
2409,0.0000,0.0000,16.5836,16.5839,0
2410,0.0000,0.0000,16.6968,16.6971,1
2411,0.0000,0.0000,16.7137,16.7140,1
2412,0.0000,0.0000,16.5865,16.5868,0
2413,0.0000,0.0000,16.7280,16.7283,1
2414,0.0000,0.0000,16.8339,16.8342,1
2415,0.0000,0.0000,16.5294,16.5297,0
2416,0.0000,0.0000,16.7077,16.7080,1
2417,0.0000,0.0000,16.6224,16.6227,0
2418,0.0000,0.0000,16.6298,16.6301,0
2419,0.0000,0.0000,16.6688,16.6691,1
2420,0.0000,0.0000,16.7313,16.7316,1
2421,0.0000,0.0000,16.6074,16.6077,0
2422,0.0000,0.0000,16.5970,16.5973,0
2423,0.0000,0.0000,16.7304,16.7307,1
2424,0.0000,0.0000,16.7032,16.7035,1
2425,0.0000,0.0000,16.6562,16.6565,0
2426,0.0000,0.0000,15.1812,15.1814,0
2427,0.0000,0.0000,16.6785,16.6786,1
2428,0.0000,0.0000,16.6234,16.6235,0
2429,0.0000,0.0000,16.7323,16.7324,1
2430,0.0000,0.0000,16.6580,16.6581,0
2431,0.0000,0.0000,16.7074,16.7076,1
2432,0.0000,0.0000,16.6347,16.6348,0
2433,0.0000,0.0000,16.6676,16.6677,1
2434,0.0000,0.0000,16.6203,16.6204,0
2435,0.0000,0.0000,16.7562,16.7563,1
2436,0.0000,0.0000,16.6689,16.6691,1
2437,0.0000,0.0000,16.6750,16.6751,1
2438,0.0000,0.0000,17.1392,17.1394,1
2439,0.0000,0.0000,17.6477,17.6480,1
2440,0.0000,0.0000,16.6813,16.6816,1
2441,0.0000,0.0000,16.6717,16.6720,1
2442,0.0000,0.0000,16.6938,16.6941,1
2443,0.0000,0.0000,16.6808,16.6811,1
2444,0.0000,0.0000,16.7042,16.7045,1
2445,0.0000,0.0000,16.7096,16.7099,1
2446,0.0000,0.0000,16.5890,16.5893,0
2447,0.0000,0.0000,16.7238,16.7241,1
2448,0.0000,0.0000,16.6255,16.6258,0
2449,0.0000,0.0000,16.6783,16.6786,1
2450,0.0000,0.0000,16.6321,16.6324,0
2451,0.0000,0.0000,16.6919,16.6922,1
2452,0.0000,0.0000,16.6767,16.6770,1
2453,0.0000,0.0000,16.6493,16.6496,0
2454,0.0000,0.0000,16.7085,16.7088,1
2455,0.0000,0.0000,16.7187,16.7190,1
2456,0.0000,0.0000,16.6309,16.6312,0
2457,0.0000,0.0000,16.6134,16.6137,0
2458,0.0000,0.0000,16.6958,16.6961,1
2459,0.0000,0.0000,16.8046,16.8049,1
2460,0.0000,0.0000,16.5894,16.5896,0
2461,0.0000,0.0000,16.6279,16.6282,0
2462,0.0000,0.0000,16.5310,16.5313,0
2463,0.0000,0.0000,16.8074,16.8077,1
2464,0.0000,0.0000,16.6323,16.6326,0
2465,0.0000,0.0000,16.6723,16.6725,1
2466,0.0000,0.0000,16.6861,16.6864,1
2467,0.0000,0.0000,16.8056,16.8059,1
2468,0.0000,0.0000,16.5480,16.5483,0
2469,0.0000,0.0000,16.6744,16.6747,1
2470,0.0000,0.0000,16.6397,16.6400,0
2471,0.0000,0.0000,16.7704,16.7707,1
2472,0.0000,0.0000,16.5920,16.5923,0
2473,0.0000,0.0000,16.6788,16.6791,1
2474,0.0000,0.0000,16.6612,16.6615,0
2475,0.0000,0.0000,16.7328,16.7331,1
2476,0.0000,0.0000,16.5910,16.5913,0
2477,0.0000,0.0000,16.6532,16.6535,0
2478,0.0000,0.0000,16.8050,16.8053,1
2479,0.0000,0.0000,16.5291,16.5294,0
2480,0.0000,0.0000,16.6548,16.6551,0
2481,0.0000,0.0000,16.6803,16.6806,1
2482,0.0000,0.0000,16.6479,16.6482,0
2483,0.0000,0.0000,16.6925,16.6928,1
2484,0.0000,0.0000,16.7374,16.7378,1
2485,0.0000,0.0000,16.6820,16.6823,1
2486,0.0000,0.0000,16.6416,16.6419,0
2487,0.0000,0.0000,16.6700,16.6704,1
2488,0.0000,0.0000,16.6604,16.6607,0
2489,0.0000,0.0000,16.6953,16.6956,1
2490,0.0000,0.0000,16.7554,16.7557,1
2491,0.0000,0.0000,16.5637,16.5640,0
2492,0.0000,0.0000,16.7365,16.7368,1
2493,0.0000,0.0000,16.5948,16.5951,0
2494,0.0000,0.0000,16.7008,16.7011,1
2495,0.0000,0.0000,16.6292,16.6295,0
2496,0.0000,0.0000,16.7810,16.7813,1
2497,0.0000,0.0000,16.6049,16.6052,0
2498,0.0000,0.0000,16.6055,16.6058,0
2499,0.0000,0.0000,16.7619,16.7622,1
2500,0.0000,0.0000,16.6508,16.6511,0
2501,0.0000,0.0000,16.6599,16.6602,0
2502,0.0000,0.0000,16.6658,16.6661,0
2503,0.0000,0.0000,16.6622,16.6625,0
2504,0.0000,0.0000,16.6476,16.6479,0
2505,0.0000,0.0000,16.6760,16.6763,1
2506,0.0000,0.0000,16.6371,16.6374,0
2507,0.0000,0.0000,16.7080,16.7083,1
2508,0.0000,0.0000,16.7218,16.7221,1
2509,0.0000,0.0000,16.6207,16.6210,0
2510,0.0000,0.0000,16.7470,16.7473,1
2511,0.0000,0.0000,16.6590,16.6593,0
2512,0.0000,0.0000,16.6663,16.6666,0
2513,0.0000,0.0000,16.7479,16.7482,1
2514,0.0000,0.0000,16.5545,16.5548,0
2515,0.0000,0.0000,16.6847,16.6850,1
2516,0.0000,0.0000,16.6728,16.6731,1
2517,0.0000,0.0000,16.7015,16.7017,1
2518,0.0000,0.0000,16.6495,16.6498,0
2519,0.0000,0.0000,16.7118,16.7121,1
2520,0.0000,0.0000,16.6274,16.6277,0
2521,0.0000,0.0000,16.7090,16.7093,1
2522,0.0000,0.0000,16.6892,16.6895,1
2523,0.0000,0.0000,16.6173,16.6176,0
2524,0.0000,0.0000,16.6318,16.6321,0
2525,0.0000,0.0000,16.7317,16.7320,1
2526,0.0000,0.0000,16.6603,16.6606,0
2527,0.0000,0.0000,16.6459,16.6462,0
2528,0.0000,0.0000,16.6578,16.6581,0
2529,0.0000,0.0000,16.6693,16.6696,1
2530,0.0000,0.0000,16.7250,16.7253,1
2531,0.0000,0.0000,16.5926,16.5929,0
2532,0.0000,0.0000,16.6316,16.6319,0
2533,0.0000,0.0000,16.7232,16.7235,1
2534,0.0000,0.0000,16.6792,16.6795,1
2535,0.0000,0.0000,16.6980,16.6983,1
2536,0.0000,0.0000,16.6309,16.6312,0
2537,0.0000,0.0000,16.7096,16.7100,1
2538,0.0000,0.0000,16.6687,16.6691,1
2539,0.0000,0.0000,15.5275,15.5278,0
2540,0.0000,0.0000,16.6077,16.6079,0
2541,0.0000,0.0000,16.6472,16.6473,0
2542,0.0000,0.0000,16.7513,16.7514,1
2543,0.0000,0.0000,16.6049,16.6051,0
2544,0.0000,0.0000,16.6610,16.6612,0
2545,0.0000,0.0000,16.6645,16.6648,0
2546,0.0000,0.0000,16.7602,16.7604,1
2547,0.0000,0.0000,16.6068,16.6070,0
2548,0.0000,0.0000,16.6806,16.6808,1
2549,0.0000,0.0000,16.5988,16.5990,0
2550,0.0000,0.0000,17.2384,17.2387,1
2551,0.0000,0.0000,17.4018,17.4021,1
2552,0.0000,0.0000,16.6180,16.6183,0
2553,0.0000,0.0000,16.7184,16.7187,1
2554,0.0000,0.0000,16.6283,16.6286,0
2555,0.0000,0.0000,16.7085,16.7088,1
2556,0.0000,0.0000,16.6097,16.6100,0
2557,0.0000,0.0000,16.7216,16.7220,1
2558,0.0000,0.0000,16.6251,16.6254,0
2559,0.0000,0.0000,16.7128,16.7131,1
2560,0.0000,0.0000,16.6416,16.6419,0
2561,0.0000,0.0000,16.6721,16.6724,1
2562,0.0000,0.0000,16.7580,16.7583,1
2563,0.0000,0.0000,16.6207,16.6210,0
2564,0.0000,0.0000,16.7058,16.7061,1
2565,0.0000,0.0000,16.6009,16.6012,0
2566,0.0000,0.0000,16.6788,16.6791,1
2567,0.0000,0.0000,16.6543,16.6546,0
2568,0.0000,0.0000,16.6798,16.6801,1
2569,0.0000,0.0000,16.6109,16.6112,0
2570,0.0000,0.0000,16.7242,16.7245,1
2571,0.0000,0.0000,16.7024,16.7027,1
2572,0.0000,0.0000,16.6951,16.6954,1
2573,0.0000,0.0000,16.6707,16.6710,1
2574,0.0000,0.0000,16.6230,16.6233,0
2575,0.0000,0.0000,16.8285,16.8288,1
2576,0.0000,0.0000,16.5612,16.5615,0
2577,0.0000,0.0000,16.7335,16.7338,1
2578,0.0000,0.0000,16.5372,16.5375,0
2579,0.0000,0.0000,16.8862,16.8865,1
2580,0.0000,0.0000,16.5442,16.5445,0
2581,0.0000,0.0000,16.4900,16.4903,0
2582,0.0000,0.0000,16.8144,16.8147,1
2583,0.0000,0.0000,16.6185,16.6188,0
2584,0.0000,0.0000,16.6387,16.6390,0
2585,0.0000,0.0000,16.7028,16.7031,1
2586,0.0000,0.0000,16.6736,16.6739,1
2587,0.0000,0.0000,16.6613,16.6616,0
2588,0.0000,0.0000,16.6862,16.6865,1
2589,0.0000,0.0000,16.6964,16.6966,1
2590,0.0000,0.0000,16.6281,16.6284,0
2591,0.0000,0.0000,16.7220,16.7223,1
2592,0.0000,0.0000,16.6099,16.6102,0
2593,0.0000,0.0000,16.7458,16.7461,1
2594,0.0000,0.0000,16.6787,16.6790,1
2595,0.0000,0.0000,16.5998,16.6001,0
2596,0.0000,0.0000,16.6498,16.6501,0
2597,0.0000,0.0000,16.6977,16.6980,1
2598,0.0000,0.0000,16.7022,16.7025,1
2599,0.0000,0.0000,16.6228,16.6231,0
2600,0.0000,0.0000,16.6412,16.6415,0
2601,0.0000,0.0000,16.7246,16.7249,1
2602,0.0000,0.0000,16.7319,16.7322,1
2603,0.0000,0.0000,16.6127,16.6130,0
2604,0.0000,0.0000,16.6853,16.6856,1
2605,0.0000,0.0000,16.6663,16.6666,0
2606,0.0000,0.0000,16.6483,16.6486,0
2607,0.0000,0.0000,16.7699,16.7702,1
2608,0.0000,0.0000,16.5836,16.5839,0
2609,0.0000,0.0000,16.7189,16.7192,1
2610,0.0000,0.0000,16.6302,16.6305,0
2611,0.0000,0.0000,16.6341,16.6344,0
2612,0.0000,0.0000,16.7133,16.7136,1
2613,0.0000,0.0000,16.6563,16.6566,0
2614,0.0000,0.0000,16.6584,16.6587,0
2615,0.0000,0.0000,16.6866,16.6869,1
2616,0.0000,0.0000,16.6825,16.6828,1
2617,0.0000,0.0000,16.6320,16.6324,0
2618,0.0000,0.0000,16.7213,16.7216,1
2619,0.0000,0.0000,16.6450,16.6453,0
2620,0.0000,0.0000,16.6792,16.6795,1
2621,0.0000,0.0000,16.7327,16.7330,1
2622,0.0000,0.0000,16.6102,16.6105,0
2623,0.0000,0.0000,16.6447,16.6450,0
2624,0.0000,0.0000,16.7337,16.7340,1
2625,0.0000,0.0000,16.2472,16.2475,0
2626,0.0000,0.0000,15.6006,15.6008,0
2627,0.0000,0.0000,18.0688,18.0690,1
2628,0.0000,0.0000,16.7434,16.7437,1
2629,0.0000,0.0000,16.6757,16.6760,1
2630,0.0000,0.0000,16.6397,16.6400,0
2631,0.0000,0.0000,16.6857,16.6860,1
2632,0.0000,0.0000,16.6642,16.6645,0
2633,0.0000,0.0000,16.6797,16.6800,1
2634,0.0000,0.0000,16.6882,16.6885,1
2635,0.0000,0.0000,16.5771,16.5774,0
2636,0.0000,0.0000,16.7201,16.7204,1
2637,0.0000,0.0000,16.7188,16.7191,1
2638,0.0000,0.0000,16.6632,16.6635,0
2639,0.0000,0.0000,16.6435,16.6438,0
2640,0.0000,0.0000,16.6650,16.6653,0
2641,0.0000,0.0000,16.7087,16.7090,1
2642,0.0000,0.0000,16.6340,16.6343,0
2643,0.0000,0.0000,16.6869,16.6872,1
2644,0.0000,0.0000,16.7271,16.7274,1
2645,0.0000,0.0000,16.7518,16.7521,1
2646,0.0000,0.0000,16.5542,16.5546,0
2647,0.0000,0.0000,16.6859,16.6862,1
2648,0.0000,0.0000,16.6097,16.6100,0
2649,0.0000,0.0000,16.6529,16.6532,0
2650,0.0000,0.0000,16.7145,16.7148,1
2651,0.0000,0.0000,16.6645,16.6648,0
2652,0.0000,0.0000,16.3530,16.3533,0
2653,0.0000,0.0000,15.7848,15.7850,0
2654,0.0000,0.0000,16.6918,16.6919,1
2655,0.0000,0.0000,16.5885,16.5887,0
2656,0.0000,0.0000,16.7560,16.7561,1
2657,0.0000,0.0000,16.6696,16.6698,1
2658,0.0000,0.0000,16.6723,16.6724,1
2659,0.0000,0.0000,16.6352,16.6354,0
2660,0.0000,0.0000,16.6824,16.6826,1
2661,0.0000,0.0000,16.6608,16.6610,0
2662,0.0000,0.0000,16.6905,16.6907,1
2663,0.0000,0.0000,16.6807,16.6808,1
2664,0.0000,0.0000,16.6930,16.6932,1
2665,0.0000,0.0000,17.8138,17.8140,1
2666,0.0000,0.0000,16.6574,16.6577,0
2667,0.0000,0.0000,16.7500,16.7503,1
2668,0.0000,0.0000,16.6361,16.6364,0
2669,0.0000,0.0000,16.6864,16.6867,1
2670,0.0000,0.0000,16.6555,16.6558,0
2671,0.0000,0.0000,16.6387,16.6390,0
2672,0.0000,0.0000,16.7047,16.7050,1
2673,0.0000,0.0000,16.6582,16.6585,0
2674,0.0000,0.0000,16.6821,16.6824,1
2675,0.0000,0.0000,16.6777,16.6780,1
2676,0.0000,0.0000,16.5856,16.5859,0
2677,0.0000,0.0000,16.7461,16.7464,1
2678,0.0000,0.0000,16.6348,16.6351,0
2679,0.0000,0.0000,16.7645,16.7648,1
2680,0.0000,0.0000,16.6300,16.6303,0
2681,0.0000,0.0000,16.6655,16.6658,0
2682,0.0000,0.0000,16.6225,16.6228,0
2683,0.0000,0.0000,16.7303,16.7306,1
2684,0.0000,0.0000,16.6203,16.6206,0
2685,0.0000,0.0000,16.7735,16.7738,1
2686,0.0000,0.0000,16.5535,16.5538,0
2687,0.0000,0.0000,16.7504,16.7507,1
2688,0.0000,0.0000,16.7413,16.7416,1
2689,0.0000,0.0000,16.5739,16.5742,0
2690,0.0000,0.0000,16.6743,16.6746,1
2691,0.0000,0.0000,16.6255,16.6258,0
2692,0.0000,0.0000,16.7236,16.7239,1
2693,0.0000,0.0000,16.6486,16.6489,0
2694,0.0000,0.0000,16.6478,16.6481,0
2695,0.0000,0.0000,16.6676,16.6679,1
2696,0.0000,0.0000,16.6795,16.6798,1
2697,0.0000,0.0000,16.6963,16.6966,1
2698,0.0000,0.0000,16.7052,16.7055,1
2699,0.0000,0.0000,16.7358,16.7361,1
2700,0.0000,0.0000,16.5976,16.5979,0
2701,0.0000,0.0000,16.6796,16.6799,1
2702,0.0000,0.0000,16.7629,16.7632,1
2703,0.0000,0.0000,16.5385,16.5388,0
2704,0.0000,0.0000,16.7147,16.7150,1
2705,0.0000,0.0000,16.6407,16.6411,0
2706,0.0000,0.0000,16.6660,16.6663,0
2707,0.0000,0.0000,16.6558,16.6561,0
2708,0.0000,0.0000,16.6829,16.6832,1
2709,0.0000,0.0000,16.6357,16.6360,0
2710,0.0000,0.0000,16.6813,16.6816,1
2711,0.0000,0.0000,16.6791,16.6794,1
2712,0.0000,0.0000,16.7387,16.7390,1
2713,0.0000,0.0000,16.6196,16.6199,0
2714,0.0000,0.0000,16.6947,16.6950,1
2715,0.0000,0.0000,16.6300,16.6303,0
2716,0.0000,0.0000,16.6352,16.6355,0
2717,0.0000,0.0000,16.7221,16.7224,1
2718,0.0000,0.0000,16.7097,16.7100,1
2719,0.0000,0.0000,16.6054,16.6056,0
2720,0.0000,0.0000,16.6942,16.6945,1
2721,0.0000,0.0000,16.6686,16.6689,1
2722,0.0000,0.0000,16.6394,16.6397,0
2723,0.0000,0.0000,16.6930,16.6933,1
2724,0.0000,0.0000,16.7133,16.7136,1
2725,0.0000,0.0000,16.5856,16.5859,0
2726,0.0000,0.0000,16.7317,16.7320,1
2727,0.0000,0.0000,16.6301,16.6304,0
2728,0.0000,0.0000,16.7155,16.7158,1
2729,0.0000,0.0000,16.6090,16.6093,0
2730,0.0000,0.0000,16.7002,16.7005,1
2731,0.0000,0.0000,16.7207,16.7210,1
2732,0.0000,0.0000,16.6429,16.6432,0
2733,0.0000,0.0000,16.6949,16.6952,1
2734,0.0000,0.0000,16.6408,16.6411,0
2735,0.0000,0.0000,16.6284,16.6287,0
2736,0.0000,0.0000,16.8029,16.8032,1
2737,0.0000,0.0000,16.6238,16.6241,0
2738,0.0000,0.0000,16.6308,16.6311,0
2739,0.0000,0.0000,16.7442,16.7445,1
2740,0.0000,0.0000,16.5910,16.5913,0
2741,0.0000,0.0000,16.6157,16.6160,0
2742,0.0000,0.0000,16.7645,16.7647,1
2743,0.0000,0.0000,16.6255,16.6258,0
2744,0.0000,0.0000,16.6827,16.6830,1
2745,0.0000,0.0000,16.6466,16.6469,0
2746,0.0000,0.0000,16.6637,16.6640,0
2747,0.0000,0.0000,16.6947,16.6949,1
2748,0.0000,0.0000,16.6875,16.6878,1
2749,0.0000,0.0000,16.6241,16.6244,0
2750,0.0000,0.0000,16.6778,16.6781,1
2751,0.0000,0.0000,16.7033,16.7036,1
2752,0.0000,0.0000,16.6555,16.6558,0
2753,0.0000,0.0000,16.7070,16.7073,1
2754,0.0000,0.0000,16.6277,16.6280,0
2755,0.0000,0.0000,16.6544,16.6547,0
2756,0.0000,0.0000,16.6378,16.6381,0
2757,0.0000,0.0000,16.8002,16.8005,1
2758,0.0000,0.0000,16.5850,16.5853,0
2759,0.0000,0.0000,16.8912,16.8915,1
2760,0.0000,0.0000,16.5370,16.5374,0
2761,0.0000,0.0000,16.7248,16.7251,1
2762,0.0000,0.0000,16.5237,16.5240,0
2763,0.0000,0.0000,16.6780,16.6783,1
2764,0.0000,0.0000,16.7043,16.7047,1
2765,0.0000,0.0000,16.6240,16.6243,0
2766,0.0000,0.0000,16.7496,16.7499,1
2767,0.0000,0.0000,16.7825,16.7828,1
2768,0.0000,0.0000,15.3711,15.3712,0
2769,0.0000,0.0000,16.3548,16.3550,0
2770,0.0000,0.0000,16.6995,16.6996,1
2771,0.0000,0.0000,18.0443,18.0445,1
2772,0.0000,0.0000,16.7081,16.7084,1
2773,0.0000,0.0000,16.6701,16.6704,1
2774,0.0000,0.0000,16.6886,16.6889,1
2775,0.0000,0.0000,16.6280,16.6283,0
2776,0.0000,0.0000,16.6678,16.6681,1
2777,0.0000,0.0000,16.6603,16.6606,0
2778,0.0000,0.0000,16.7244,16.7247,1
2779,0.0000,0.0000,16.7490,16.7493,1
2780,0.0000,0.0000,16.5901,16.5904,0
2781,0.0000,0.0000,16.6499,16.6502,0
2782,0.0000,0.0000,16.6697,16.6700,1
2783,0.0000,0.0000,16.6564,16.6567,0
2784,0.0000,0.0000,16.6906,16.6909,1
2785,0.0000,0.0000,16.6679,16.6682,1
2786,0.0000,0.0000,16.6823,16.6826,1
2787,0.0000,0.0000,16.7061,16.7064,1
2788,0.0000,0.0000,16.5942,16.5945,0
2789,0.0000,0.0000,16.7202,16.7205,1
2790,0.0000,0.0000,16.6559,16.6562,0
2791,0.0000,0.0000,16.6592,16.6595,0
2792,0.0000,0.0000,16.7155,16.7158,1
2793,0.0000,0.0000,16.6447,16.6450,0
2794,0.0000,0.0000,16.6410,16.6413,0
2795,0.0000,0.0000,16.6572,16.6575,0
2796,0.0000,0.0000,16.7274,16.7278,1
2797,0.0000,0.0000,16.6873,16.6876,1
2798,0.0000,0.0000,16.6774,16.6777,1
2799,0.0000,0.0000,16.5985,16.5988,0
2800,0.0000,0.0000,16.6718,16.6721,1
2801,0.0000,0.0000,16.6567,16.6570,0
2802,0.0000,0.0000,16.7008,16.7011,1
2803,0.0000,0.0000,16.6705,16.6708,1
2804,0.0000,0.0000,16.6639,16.6642,0
2805,0.0000,0.0000,16.6463,16.6466,0
2806,0.0000,0.0000,16.7647,16.7650,1
2807,0.0000,0.0000,16.6120,16.6123,0
2808,0.0000,0.0000,16.7178,16.7181,1
2809,0.0000,0.0000,16.6417,16.6420,0
2810,0.0000,0.0000,16.6411,16.6414,0
2811,0.0000,0.0000,16.6722,16.6726,1
2812,0.0000,0.0000,16.6913,16.6916,1
2813,0.0000,0.0000,16.6500,16.6503,0
2814,0.0000,0.0000,16.8926,16.8929,1
2815,0.0000,0.0000,16.6378,16.6381,0
2816,0.0000,0.0000,16.5451,16.5454,0
2817,0.0000,0.0000,16.6576,16.6579,0
2818,0.0000,0.0000,16.6706,16.6709,1
2819,0.0000,0.0000,16.6235,16.6238,0
2820,0.0000,0.0000,16.7092,16.7095,1
2821,0.0000,0.0000,16.6502,16.6505,0
2822,0.0000,0.0000,16.7070,16.7073,1
2823,0.0000,0.0000,16.6671,16.6673,1
2824,0.0000,0.0000,16.6257,16.6260,0
2825,0.0000,0.0000,16.7842,16.7845,1
2826,0.0000,0.0000,16.5263,16.5266,0
2827,0.0000,0.0000,16.7098,16.7101,1
2828,0.0000,0.0000,16.7082,16.7085,1
2829,0.0000,0.0000,16.6636,16.6639,0
2830,0.0000,0.0000,16.6788,16.6791,1
2831,0.0000,0.0000,16.6115,16.6118,0
2832,0.0000,0.0000,16.7266,16.7269,1
2833,0.0000,0.0000,16.6619,16.6622,0
2834,0.0000,0.0000,16.6856,16.6859,1
2835,0.0000,0.0000,16.6126,16.6129,0
2836,0.0000,0.0000,16.6717,16.6720,1
2837,0.0000,0.0000,16.6427,16.6430,0
2838,0.0000,0.0000,16.6846,16.6849,1
2839,0.0000,0.0000,16.7145,16.7148,1
2840,0.0000,0.0000,16.6277,16.6280,0
2841,0.0000,0.0000,16.9668,16.9670,1
2842,0.0000,0.0000,29.8177,29.8179,1
2843,0.0000,0.0000,18.4158,18.4159,1
2844,0.0000,0.0000,16.6103,16.6105,0
2845,0.0000,0.0000,16.6434,16.6436,0
2846,0.0000,0.0000,16.5818,16.5819,0
2847,0.0000,0.0000,16.5727,16.5728,0
2848,0.0000,0.0000,16.8208,16.8209,1
2849,0.0000,0.0000,17.8756,17.8758,1
2850,0.0000,0.0000,17.2326,17.2329,1
2851,0.0000,0.0000,16.6743,16.6746,1
2852,0.0000,0.0000,16.5371,16.5374,0
2853,0.0000,0.0000,15.5541,15.5543,0
2854,0.0000,0.0000,16.7345,16.7347,1
2855,0.0000,0.0000,17.7212,17.7214,1
2856,0.0000,0.0000,16.6483,16.6486,0
2857,0.0000,0.0000,16.6898,16.6901,1
2858,0.0000,0.0000,16.8821,16.8824,1
2859,0.0000,0.0000,16.6370,16.6372,0
2860,0.0000,0.0000,16.4657,16.4660,0
2861,0.0000,0.0000,16.6606,16.6609,0
2862,0.0000,0.0000,16.6947,16.6950,1
2863,0.0000,0.0000,16.6391,16.6394,0
2864,0.0000,0.0000,16.8377,16.8380,1
2865,0.0000,0.0000,16.5657,16.5660,0
2866,0.0000,0.0000,16.8218,16.8221,1
2867,0.0000,0.0000,16.5684,16.5688,0
2868,0.0000,0.0000,16.5961,16.5964,0
2869,0.0000,0.0000,16.7347,16.7350,1
2870,0.0000,0.0000,16.6436,16.6439,0
2871,0.0000,0.0000,16.9240,16.9243,1
2872,0.0000,0.0000,16.8089,16.8092,1
2873,0.0000,0.0000,15.0922,15.0924,0
2874,0.0000,0.0000,16.6269,16.6270,0
2875,0.0000,0.0000,16.6793,16.6794,1
2876,0.0000,0.0000,16.3176,16.3177,0
2877,0.0000,0.0000,16.3824,16.3825,0
2878,0.0000,0.0000,18.7662,18.7664,1
2879,0.0000,0.0000,16.7078,16.7081,1
2880,0.0000,0.0000,16.3916,16.3919,0
2881,0.0000,0.0000,16.6518,16.6521,0
2882,0.0000,0.0000,16.8489,16.8492,1
2883,0.0000,0.0000,16.5690,16.5693,0
2884,0.0000,0.0000,16.9059,16.9062,1
2885,0.0000,0.0000,15.5662,15.5665,0
2886,0.0000,0.0000,16.4841,16.4843,0
2887,0.0000,0.0000,16.7824,16.7825,1
2888,0.0000,0.0000,16.5781,16.5783,0
2889,0.0000,0.0000,15.8156,15.8158,0
2890,0.0000,0.0000,19.1109,19.1110,1
2891,0.0000,0.0000,14.4314,14.4314,0
2892,0.0000,0.0000,16.6304,16.6305,0
2893,0.0000,0.0000,16.5079,16.5079,0
2894,0.0000,0.0000,17.2333,17.2335,1
2895,0.0000,0.0000,16.0723,16.0725,0
2896,0.0000,0.0000,16.6123,16.6124,0
2897,0.0000,0.0000,17.2513,17.2513,1
2898,0.0000,0.0000,16.1730,16.1732,0
2899,0.0000,0.0000,16.6377,16.6378,0
2900,0.0000,0.0000,16.6251,16.6251,0
2901,0.0000,0.0000,16.9307,16.9307,1
2902,0.0000,0.0000,16.5965,16.5967,0
2903,0.0000,0.0000,16.7226,16.7227,1
2904,0.0000,0.0000,16.5739,16.5740,0
2905,0.0000,0.0000,17.0433,17.0434,1
2906,0.0000,0.0000,16.4599,16.4600,0
2907,0.0000,0.0000,16.3498,16.3499,0
2908,0.0000,0.0000,16.6501,16.6502,0
2909,0.0000,0.0000,16.8362,16.8363,1
2910,0.0000,0.0000,16.4147,16.4148,0
2911,0.0000,0.0000,16.6521,16.6522,0
2912,0.0000,0.0000,17.4208,17.4210,1
2913,0.0000,0.0000,16.8026,16.8029,1
2914,0.0000,0.0000,17.2540,17.2542,1
2915,0.0000,0.0000,17.3485,17.3488,1
2916,0.0000,0.0000,16.6753,16.6756,1
2917,0.0000,0.0000,16.6436,16.6439,0
2918,0.0000,0.0000,16.5536,16.5539,0
2919,0.0000,0.0000,16.7665,16.7668,1
2920,0.0000,0.0000,16.6711,16.6714,1
2921,0.0000,0.0000,16.7840,16.7843,1
2922,0.0000,0.0000,16.5490,16.5493,0
2923,0.0000,0.0000,16.7196,16.7199,1
2924,0.0000,0.0000,16.6504,16.6508,0
2925,0.0000,0.0000,15.4414,15.4417,0
2926,0.0000,0.0000,16.6558,16.6560,0
2927,0.0000,0.0000,16.6602,16.6604,0
2928,0.0000,0.0000,16.6892,16.6894,1
2929,0.0000,0.0000,16.6416,16.6418,0
2930,0.0000,0.0000,16.6828,16.6830,1
2931,0.0000,0.0000,16.6874,16.6875,1
2932,0.0000,0.0000,17.2193,17.2195,1
2933,0.0000,0.0000,17.2907,17.2910,1
2934,0.0000,0.0000,16.7707,16.7710,1
2935,0.0000,0.0000,16.5808,16.5811,0
2936,0.0000,0.0000,16.6556,16.6559,0
2937,0.0000,0.0000,16.8473,16.8476,1
2938,0.0000,0.0000,15.5302,15.5304,0
2939,0.0000,0.0000,16.5023,16.5024,0
2940,0.0000,0.0000,16.6494,16.6495,0
2941,0.0000,0.0000,16.6579,16.6581,0
2942,0.0000,0.0000,16.6513,16.6515,0
2943,0.0000,0.0000,16.6571,16.6573,0
2944,0.0000,0.0000,16.8449,16.8450,1
2945,0.0000,0.0000,17.9404,17.9406,1
2946,0.0000,0.0000,16.7019,16.7022,1
2947,0.0000,0.0000,16.6272,16.6275,0
2948,0.0000,0.0000,16.4993,16.4996,0
2949,0.0000,0.0000,16.6244,16.6249,0
2950,0.0000,0.0000,16.7265,16.7268,1
2951,0.0000,0.0000,16.6184,16.6187,0
2952,0.0000,0.0000,16.7158,16.7161,1
2953,0.0000,0.0000,16.6299,16.6302,0
2954,0.0000,0.0000,16.7077,16.7080,1
2955,0.0000,0.0000,16.6723,16.6726,1
2956,0.0000,0.0000,16.7437,16.7440,1
2957,0.0000,0.0000,16.6188,16.6191,0
2958,0.0000,0.0000,16.5648,16.5651,0
2959,0.0000,0.0000,16.7108,16.7111,1
2960,0.0000,0.0000,16.6444,16.6447,0
2961,0.0000,0.0000,16.7313,16.7316,1
2962,0.0000,0.0000,16.6564,16.6567,0
2963,0.0000,0.0000,16.7064,16.7067,1
2964,0.0000,0.0000,16.6325,16.6328,0
2965,0.0000,0.0000,15.2522,15.2525,0
2966,0.0000,0.0000,17.2396,17.2398,1
2967,0.0000,0.0000,17.4894,17.4897,1
2968,0.0000,0.0000,16.7116,16.7119,1
2969,0.0000,0.0000,16.6747,16.6750,1
2970,0.0000,0.0000,16.7249,16.7252,1
2971,0.0000,0.0000,16.6421,16.6424,0
2972,0.0000,0.0000,16.6329,16.6332,0
2973,0.0000,0.0000,16.6238,16.6241,0
2974,0.0000,0.0000,16.7200,16.7203,1
2975,0.0000,0.0000,16.6985,16.6988,1
2976,0.0000,0.0000,16.5782,16.5785,0
2977,0.0000,0.0000,16.7968,16.7971,1
2978,0.0000,0.0000,16.6219,16.6222,0
2979,0.0000,0.0000,16.6651,16.6654,0
2980,0.0000,0.0000,16.7241,16.7243,1
2981,0.0000,0.0000,16.6382,16.6385,0
2982,0.0000,0.0000,16.6218,16.6221,0
2983,0.0000,0.0000,16.6896,16.6899,1
2984,0.0000,0.0000,16.6946,16.6950,1
2985,0.0000,0.0000,16.6234,16.6237,0
2986,0.0000,0.0000,16.8428,16.8431,1
2987,0.0000,0.0000,16.6051,16.6054,0
2988,0.0000,0.0000,16.6468,16.6471,0
2989,0.0000,0.0000,16.6397,16.6400,0
2990,0.0000,0.0000,16.6175,16.6178,0
2991,0.0000,0.0000,16.6805,16.6808,1
2992,0.0000,0.0000,16.6535,16.6538,0
2993,0.0000,0.0000,16.7813,16.7816,1
2994,0.0000,0.0000,16.6070,16.6073,0
2995,0.0000,0.0000,16.7049,16.7052,1
2996,0.0000,0.0000,16.6352,16.6355,0
2997,0.0000,0.0000,16.6359,16.6362,0
2998,0.0000,0.0000,16.6643,16.6646,0
2999,0.0000,0.0000,16.7440,16.7443,1
3000,0.0000,0.0000,16.6224,16.6227,0
3001,0.0000,0.0000,16.8426,16.8429,1
3002,0.0000,0.0000,16.5791,16.5795,0
3003,0.0000,0.0000,16.6492,16.6495,0
3004,0.0000,0.0000,16.6644,16.6648,0
3005,0.0000,0.0000,16.6483,16.6486,0
3006,0.0000,0.0000,16.7373,16.7376,1
3007,0.0000,0.0000,16.6014,16.6017,0
3008,0.0000,0.0000,16.6513,16.6516,0
3009,0.0000,0.0000,16.6200,16.6203,0
3010,0.0000,0.0000,16.7255,16.7258,1
3011,0.0000,0.0000,16.7500,16.7503,1
3012,0.0000,0.0000,16.6557,16.6560,0
3013,0.0000,0.0000,16.6361,16.6363,0
3014,0.0000,0.0000,16.6254,16.6257,0
3015,0.0000,0.0000,16.6582,16.6585,0
3016,0.0000,0.0000,16.6684,16.6687,1
3017,0.0000,0.0000,16.7675,16.7678,1
3018,0.0000,0.0000,16.7084,16.7087,1
3019,0.0000,0.0000,16.5079,16.5082,0
3020,0.0000,0.0000,16.6268,16.6271,0
3021,0.0000,0.0000,16.7579,16.7582,1
3022,0.0000,0.0000,16.7076,16.7079,1
3023,0.0000,0.0000,16.6681,16.6684,1
3024,0.0000,0.0000,15.4445,15.4448,0
3025,0.0000,0.0000,16.7038,16.7040,1
3026,0.0000,0.0000,16.6385,16.6386,0
3027,0.0000,0.0000,16.6618,16.6620,0
3028,0.0000,0.0000,16.6449,16.6452,0
3029,0.0000,0.0000,17.8771,17.8774,1
3030,0.0000,0.0000,16.7248,16.7251,1
3031,0.0000,0.0000,16.7136,16.7139,1
3032,0.0000,0.0000,16.6697,16.6700,1
3033,0.0000,0.0000,16.6563,16.6566,0
3034,0.0000,0.0000,16.6263,16.6266,0
3035,0.0000,0.0000,16.6740,16.6743,1
3036,0.0000,0.0000,16.7359,16.7362,1
3037,0.0000,0.0000,16.5912,16.5915,0
3038,0.0000,0.0000,16.6960,16.6963,1
3039,0.0000,0.0000,16.6246,16.6249,0
3040,0.0000,0.0000,16.6960,16.6963,1
3041,0.0000,0.0000,16.6661,16.6664,0
3042,0.0000,0.0000,16.6970,16.6973,1
3043,0.0000,0.0000,16.6350,16.6353,0
3044,0.0000,0.0000,16.7365,16.7368,1
3045,0.0000,0.0000,16.6047,16.6050,0
3046,0.0000,0.0000,16.6635,16.6638,0
3047,0.0000,0.0000,16.6949,16.6952,1
3048,0.0000,0.0000,16.6788,16.6791,1
3049,0.0000,0.0000,16.7672,16.7675,1
3050,0.0000,0.0000,16.6020,16.6023,0
3051,0.0000,0.0000,16.5753,16.5756,0
3052,0.0000,0.0000,16.6953,16.6957,1
3053,0.0000,0.0000,16.7134,16.7137,1
3054,0.0000,0.0000,17.0454,17.0457,1
3055,0.0000,0.0000,16.4438,16.4442,0
3056,0.0000,0.0000,16.5161,16.5164,0
3057,0.0000,0.0000,16.6969,16.6972,1
3058,0.0000,0.0000,16.6796,16.6799,1
3059,0.0000,0.0000,16.6017,16.6020,0
3060,0.0000,0.0000,16.6902,16.6905,1
3061,0.0000,0.0000,16.6638,16.6642,0
3062,0.0000,0.0000,16.6730,16.6733,1
3063,0.0000,0.0000,16.7043,16.7046,1
3064,0.0000,0.0000,16.7311,16.7314,1
3065,0.0000,0.0000,16.7272,16.7275,1
3066,0.0000,0.0000,16.6592,16.6595,0
3067,0.0000,0.0000,16.6310,16.6313,0
3068,0.0000,0.0000,16.6260,16.6263,0
3069,0.0000,0.0000,16.6137,16.6140,0
3070,0.0000,0.0000,16.6922,16.6925,1
3071,0.0000,0.0000,16.6479,16.6482,0
3072,0.0000,0.0000,16.7065,16.7068,1
3073,0.0000,0.0000,15.5281,15.5284,0
3074,0.0000,0.0000,16.6494,16.6497,0
3075,0.0000,0.0000,16.6168,16.6171,0
3076,0.0000,0.0000,16.6735,16.6738,1
3077,0.0000,0.0000,16.6543,16.6544,0
3078,0.0000,0.0000,16.6273,16.6274,0
3079,0.0000,0.0000,16.7317,16.7318,1
3080,0.0000,0.0000,17.9279,17.9282,1
3081,0.0000,0.0000,16.2487,16.2489,0
3082,0.0000,0.0000,15.6755,15.6757,0
3083,0.0000,0.0000,17.1276,17.1278,1
3084,0.0000,0.0000,17.5558,17.5561,1
3085,0.0000,0.0000,16.7189,16.7192,1
3086,0.0000,0.0000,16.6376,16.6379,0
3087,0.0000,0.0000,16.6659,16.6662,0
3088,0.0000,0.0000,16.6536,16.6539,0
3089,0.0000,0.0000,16.7147,16.7150,1
3090,0.0000,0.0000,16.5676,16.5679,0
3091,0.0000,0.0000,16.7236,16.7239,1
3092,0.0000,0.0000,16.7135,16.7138,1
3093,0.0000,0.0000,16.6108,16.6112,0
3094,0.0000,0.0000,16.6976,16.6980,1
3095,0.0000,0.0000,16.6476,16.6479,0
3096,0.0000,0.0000,16.7106,16.7109,1
3097,0.0000,0.0000,16.7093,16.7096,1
3098,0.0000,0.0000,16.6259,16.6262,0
3099,0.0000,0.0000,16.6683,16.6686,1
3100,0.0000,0.0000,16.6734,16.6736,1
3101,0.0000,0.0000,16.6702,16.6705,1
3102,0.0000,0.0000,16.6520,16.6523,0
3103,0.0000,0.0000,16.7745,16.7748,1
3104,0.0000,0.0000,16.6151,16.6154,0
3105,0.0000,0.0000,16.6595,16.6598,0
3106,0.0000,0.0000,16.6729,16.6732,1
3107,0.0000,0.0000,16.6676,16.6680,1
3108,0.0000,0.0000,16.6802,16.6805,1
3109,0.0000,0.0000,16.6493,16.6496,0
3110,0.0000,0.0000,16.6902,16.6905,1
3111,0.0000,0.0000,16.6098,16.6101,0
3112,0.0000,0.0000,16.7625,16.7628,1
3113,0.0000,0.0000,16.6674,16.6677,1
3114,0.0000,0.0000,16.6410,16.6413,0
3115,0.0000,0.0000,16.7492,16.7495,1
3116,0.0000,0.0000,16.6653,16.6656,0
3117,0.0000,0.0000,16.6741,16.6744,1
3118,0.0000,0.0000,16.7629,16.7632,1
3119,0.0000,0.0000,16.4813,16.4816,0
3120,0.0000,0.0000,16.6596,16.6599,0
3121,0.0000,0.0000,16.7376,16.7380,1
3122,0.0000,0.0000,16.6203,16.6206,0
3123,0.0000,0.0000,16.6677,16.6680,1
3124,0.0000,0.0000,16.6743,16.6746,1
3125,0.0000,0.0000,16.6778,16.6781,1
3126,0.0000,0.0000,16.6808,16.6811,1
3127,0.0000,0.0000,16.6282,16.6285,0
3128,0.0000,0.0000,16.7665,16.7668,1
3129,0.0000,0.0000,16.5991,16.5994,0
3130,0.0000,0.0000,16.6940,16.6943,1
3131,0.0000,0.0000,16.7036,16.7039,1
3132,0.0000,0.0000,16.5964,16.5967,0
3133,0.0000,0.0000,16.6497,16.6500,0
3134,0.0000,0.0000,16.7135,16.7137,1
3135,0.0000,0.0000,16.7775,16.7778,1
3136,0.0000,0.0000,16.6142,16.6144,0
3137,0.0000,0.0000,16.6689,16.6692,1
3138,0.0000,0.0000,16.6064,16.6067,0
3139,0.0000,0.0000,16.7365,16.7368,1
3140,0.0000,0.0000,16.6857,16.6860,1
3141,0.0000,0.0000,16.6139,16.6142,0
3142,0.0000,0.0000,16.6595,16.6599,0
3143,0.0000,0.0000,16.7400,16.7402,1
3144,0.0000,0.0000,16.6292,16.6296,0
3145,0.0000,0.0000,16.5928,16.5931,0
3146,0.0000,0.0000,16.7782,16.7785,1
3147,0.0000,0.0000,16.6927,16.6930,1
3148,0.0000,0.0000,16.6508,16.6511,0
3149,0.0000,0.0000,16.7197,16.7200,1
3150,0.0000,0.0000,16.5384,16.5387,0
3151,0.0000,0.0000,16.6554,16.6557,0
3152,0.0000,0.0000,16.8038,16.8042,1
3153,0.0000,0.0000,16.6181,16.6184,0
3154,0.0000,0.0000,16.6993,16.6996,1
3155,0.0000,0.0000,16.6994,16.6997,1
3156,0.0000,0.0000,16.5691,16.5694,0
3157,0.0000,0.0000,16.6525,16.6528,0
3158,0.0000,0.0000,16.6816,16.6819,1
3159,0.0000,0.0000,16.7037,16.7040,1
3160,0.0000,0.0000,16.7441,16.7444,1
3161,0.0000,0.0000,16.6613,16.6616,0
3162,0.0000,0.0000,16.6119,16.6122,0
3163,0.0000,0.0000,16.6145,16.6148,0
3164,0.0000,0.0000,16.6538,16.6541,0
3165,0.0000,0.0000,16.7006,16.7009,1
3166,0.0000,0.0000,16.8159,16.8162,1
3167,0.0000,0.0000,16.5727,16.5730,0
3168,0.0000,0.0000,16.6833,16.6836,1
3169,0.0000,0.0000,16.6039,16.6042,0
3170,0.0000,0.0000,16.6370,16.6373,0
3171,0.0000,0.0000,16.6628,16.6631,0
3172,0.0000,0.0000,16.7852,16.7855,1
3173,0.0000,0.0000,16.6863,16.6866,1
3174,0.0000,0.0000,16.6268,16.6271,0
3175,0.0000,0.0000,16.6299,16.6302,0
3176,0.0000,0.0000,16.5960,16.5963,0
3177,0.0000,0.0000,16.7853,16.7856,1
3178,0.0000,0.0000,16.6435,16.6438,0
3179,0.0000,0.0000,16.6959,16.6962,1
3180,0.0000,0.0000,16.6313,16.6316,0
3181,0.0000,0.0000,16.6585,16.6588,0
3182,0.0000,0.0000,16.7194,16.7197,1
3183,0.0000,0.0000,16.6454,16.6457,0
3184,0.0000,0.0000,16.7111,16.7114,1
3185,0.0000,0.0000,16.5785,16.5788,0
3186,0.0000,0.0000,16.7070,16.7073,1
3187,0.0000,0.0000,16.6996,16.6999,1
3188,0.0000,0.0000,16.6262,16.6265,0
3189,0.0000,0.0000,16.3578,16.3580,0
3190,0.0000,0.0000,15.8177,15.8179,0
3191,0.0000,0.0000,16.5723,16.5725,0
3192,0.0000,0.0000,16.7843,16.7844,1
3193,0.0000,0.0000,16.6722,16.6724,1
3194,0.0000,0.0000,16.6902,16.6903,1
3195,0.0000,0.0000,16.6452,16.6453,0
3196,0.0000,0.0000,16.6435,16.6437,0
3197,0.0000,0.0000,16.6992,16.6995,1
3198,0.0000,0.0000,16.6632,16.6634,0
3199,0.0000,0.0000,16.5535,16.5538,0
3200,0.0000,0.0000,17.9535,17.9537,1
3201,0.0000,0.0000,16.6547,16.6550,0
3202,0.0000,0.0000,15.5391,15.5393,0
3203,0.0000,0.0000,16.6584,16.6585,0
3204,0.0000,0.0000,16.6520,16.6521,0
3205,0.0000,0.0000,16.6716,16.6718,1
3206,0.0000,0.0000,16.6696,16.6697,1
3207,0.0000,0.0000,16.6148,16.6149,0
3208,0.0000,0.0000,17.9701,17.9703,1
3209,0.0000,0.0000,16.7420,16.7423,1
3210,0.0000,0.0000,16.6199,16.6202,0
3211,0.0000,0.0000,16.6414,16.6417,0
3212,0.0000,0.0000,16.6406,16.6410,0
3213,0.0000,0.0000,16.5991,16.5994,0
3214,0.0000,0.0000,16.7575,16.7578,1
3215,0.0000,0.0000,16.6325,16.6328,0
3216,0.0000,0.0000,16.3596,16.3599,0
3217,0.0000,0.0000,15.8008,15.8011,0
3218,0.0000,0.0000,17.1819,17.1822,1
3219,0.0000,0.0000,17.3432,17.3435,1
3220,0.0000,0.0000,16.7090,16.7092,1
3221,0.0000,0.0000,16.6455,16.6458,0
3222,0.0000,0.0000,16.7065,16.7068,1
3223,0.0000,0.0000,16.6700,16.6703,1
3224,0.0000,0.0000,16.6634,16.6637,0
3225,0.0000,0.0000,16.6711,16.6714,1
3226,0.0000,0.0000,16.6397,16.6400,0
3227,0.0000,0.0000,16.6888,16.6891,1
3228,0.0000,0.0000,16.6894,16.6897,1
3229,0.0000,0.0000,16.6421,16.6424,0
3230,0.0000,0.0000,16.6591,16.6594,0
3231,0.0000,0.0000,16.6958,16.6961,1
3232,0.0000,0.0000,16.6525,16.6528,0
3233,0.0000,0.0000,16.6698,16.6701,1
3234,0.0000,0.0000,16.6965,16.6968,1
3235,0.0000,0.0000,16.6389,16.6392,0
3236,0.0000,0.0000,16.6946,16.6949,1
3237,0.0000,0.0000,16.6413,16.6416,0
3238,0.0000,0.0000,16.8251,16.8254,1
3239,0.0000,0.0000,16.5548,16.5551,0
3240,0.0000,0.0000,16.7216,16.7219,1
3241,0.0000,0.0000,16.6366,16.6369,0
3242,0.0000,0.0000,16.5979,16.5982,0
3243,0.0000,0.0000,16.7353,16.7356,1
3244,0.0000,0.0000,16.7174,16.7177,1
3245,0.0000,0.0000,16.6621,16.6624,0
3246,0.0000,0.0000,16.6721,16.6724,1
3247,0.0000,0.0000,16.6326,16.6329,0
3248,0.0000,0.0000,16.6228,16.6231,0
3249,0.0000,0.0000,16.7045,16.7048,1
3250,0.0000,0.0000,16.5951,16.5954,0
3251,0.0000,0.0000,16.8077,16.8080,1
3252,0.0000,0.0000,16.7215,16.7218,1
3253,0.0000,0.0000,16.6435,16.6438,0
3254,0.0000,0.0000,15.9977,15.9980,0
3255,0.0000,0.0000,16.0802,16.0804,0
3256,0.0000,0.0000,16.5898,16.5899,0
3257,0.0000,0.0000,16.7305,16.7307,1
3258,0.0000,0.0000,16.6561,16.6563,0
3259,0.0000,0.0000,16.6882,16.6883,1
3260,0.0000,0.0000,17.8426,17.8428,1
3261,0.0000,0.0000,16.6878,16.6881,1
3262,0.0000,0.0000,16.6299,16.6302,0
3263,0.0000,0.0000,16.7891,16.7894,1
3264,0.0000,0.0000,16.5706,16.5709,0
3265,0.0000,0.0000,16.6859,16.6862,1
3266,0.0000,0.0000,16.6514,16.6517,0
3267,0.0000,0.0000,16.6748,16.6751,1
3268,0.0000,0.0000,16.6238,16.6240,0
3269,0.0000,0.0000,16.7355,16.7358,1
3270,0.0000,0.0000,16.6878,16.6881,1
3271,0.0000,0.0000,16.6217,16.6220,0
3272,0.0000,0.0000,16.8106,16.8109,1
3273,0.0000,0.0000,16.5253,16.5256,0
3274,0.0000,0.0000,16.7440,16.7443,1
3275,0.0000,0.0000,16.5766,16.5769,0
3276,0.0000,0.0000,16.7155,16.7158,1
3277,0.0000,0.0000,16.6423,16.6426,0
3278,0.0000,0.0000,16.6905,16.6908,1
3279,0.0000,0.0000,16.6994,16.6997,1
3280,0.0000,0.0000,16.6476,16.6479,0
3281,0.0000,0.0000,16.6727,16.6730,1
3282,0.0000,0.0000,16.6559,16.6562,0
3283,0.0000,0.0000,16.6846,16.6849,1
3284,0.0000,0.0000,16.7031,16.7035,1
3285,0.0000,0.0000,16.5467,16.5470,0
3286,0.0000,0.0000,16.7708,16.7711,1
3287,0.0000,0.0000,16.6626,16.6629,0
3288,0.0000,0.0000,16.7021,16.7024,1
3289,0.0000,0.0000,16.6521,16.6524,0
3290,0.0000,0.0000,16.6886,16.6889,1
3291,0.0000,0.0000,16.6345,16.6348,0
3292,0.0000,0.0000,16.6967,16.6970,1
3293,0.0000,0.0000,16.7699,16.7702,1
3294,0.0000,0.0000,16.6586,16.6589,0
3295,0.0000,0.0000,16.6253,16.6256,0
3296,0.0000,0.0000,16.6030,16.6034,0
3297,0.0000,0.0000,16.7333,16.7336,1
3298,0.0000,0.0000,17.0383,17.0386,1
3299,0.0000,0.0000,16.2874,16.2877,0
3300,0.0000,0.0000,16.6937,16.6940,1
3301,0.0000,0.0000,16.6722,16.6725,1
3302,0.0000,0.0000,16.6254,16.6257,0
3303,0.0000,0.0000,16.6895,16.6898,1
3304,0.0000,0.0000,16.6439,16.6442,0
3305,0.0000,0.0000,16.6953,16.6955,1
3306,0.0000,0.0000,16.7043,16.7046,1
3307,0.0000,0.0000,16.6211,16.6214,0
3308,0.0000,0.0000,16.6704,16.6707,1
3309,0.0000,0.0000,16.6550,16.6553,0
3310,0.0000,0.0000,16.6532,16.6535,0
3311,0.0000,0.0000,16.7462,16.7465,1
3312,0.0000,0.0000,16.6369,16.6372,0
3313,0.0000,0.0000,16.6552,16.6555,0
3314,0.0000,0.0000,16.6997,16.7000,1
3315,0.0000,0.0000,16.6755,16.6758,1
3316,0.0000,0.0000,16.6924,16.6927,1
3317,0.0000,0.0000,16.6632,16.6635,0
3318,0.0000,0.0000,16.6511,16.6514,0
3319,0.0000,0.0000,16.6755,16.6758,1
3320,0.0000,0.0000,16.6653,16.6657,0
3321,0.0000,0.0000,16.6738,16.6741,1
3322,0.0000,0.0000,16.6303,16.6306,0
3323,0.0000,0.0000,16.6583,16.6586,0
3324,0.0000,0.0000,15.8186,15.8188,0
3325,0.0000,0.0000,16.1385,16.1387,0
3326,0.0000,0.0000,16.5978,16.5980,0
3327,0.0000,0.0000,16.7455,16.7457,1
3328,0.0000,0.0000,18.0657,18.0659,1
3329,0.0000,0.0000,16.6772,16.6775,1
3330,0.0000,0.0000,16.6285,16.6288,0
3331,0.0000,0.0000,16.7476,16.7479,1
3332,0.0000,0.0000,16.6845,16.6848,1
3333,0.0000,0.0000,16.6939,16.6942,1
3334,0.0000,0.0000,16.5968,16.5971,0
3335,0.0000,0.0000,16.6941,16.6944,1
3336,0.0000,0.0000,16.7971,16.7974,1
3337,0.0000,0.0000,16.5363,16.5366,0
3338,0.0000,0.0000,16.6464,16.6467,0
3339,0.0000,0.0000,16.6430,16.6433,0
3340,0.0000,0.0000,16.6481,16.6484,0
3341,0.0000,0.0000,16.7179,16.7183,1
3342,0.0000,0.0000,16.7232,16.7235,1
3343,0.0000,0.0000,16.6394,16.6397,0
3344,0.0000,0.0000,16.7155,16.7158,1
3345,0.0000,0.0000,16.6110,16.6113,0
3346,0.0000,0.0000,16.7287,16.7290,1
3347,0.0000,0.0000,16.6525,16.6528,0
3348,0.0000,0.0000,16.6653,16.6656,0
3349,0.0000,0.0000,16.6626,16.6629,0
3350,0.0000,0.0000,16.6883,16.6886,1
3351,0.0000,0.0000,15.7130,15.7133,0
3352,0.0000,0.0000,16.1822,16.1824,0
3353,0.0000,0.0000,18.0294,18.0296,1
3354,0.0000,0.0000,16.6815,16.6818,1
3355,0.0000,0.0000,16.7584,16.7587,1
3356,0.0000,0.0000,16.5749,16.5752,0
3357,0.0000,0.0000,16.6724,16.6727,1
3358,0.0000,0.0000,16.6733,16.6736,1
3359,0.0000,0.0000,16.6651,16.6655,0
3360,0.0000,0.0000,16.6643,16.6646,0
3361,0.0000,0.0000,16.7346,16.7349,1
3362,0.0000,0.0000,16.5769,16.5772,0
3363,0.0000,0.0000,16.7504,16.7506,1
3364,0.0000,0.0000,16.6712,16.6715,1
3365,0.0000,0.0000,16.6201,16.6204,0
3366,0.0000,0.0000,16.6640,16.6643,0
3367,0.0000,0.0000,16.6849,16.6852,1
3368,0.0000,0.0000,16.8224,16.8227,1
3369,0.0000,0.0000,16.5269,16.5272,0
3370,0.0000,0.0000,16.3122,16.3125,0
3371,0.0000,0.0000,7.3949,7.3952,0
3372,0.0000,0.0000,9.7595,9.7599,0
3373,0.0000,0.0000,16.5149,16.5152,0
3374,0.0000,0.0000,16.4693,16.4696,0
3375,0.0000,0.0000,7.3250,7.3253,0
3376,0.0000,0.0000,9.6587,9.6591,0
3377,0.0000,0.0000,16.5928,16.5931,0
3378,0.0000,0.0000,16.7403,16.7406,1
3379,0.0000,0.0000,16.5959,16.5962,0
3380,0.0000,0.0000,16.6984,16.6987,1
3381,0.0000,0.0000,16.6910,16.6913,1
3382,0.0000,0.0000,16.6869,16.6872,1
3383,0.0000,0.0000,16.7014,16.7017,1
3384,0.0000,0.0000,16.6332,16.6335,0
3385,0.0000,0.0000,16.6366,16.6369,0
3386,0.0000,0.0000,16.6400,16.6403,0
3387,0.0000,0.0000,16.6631,16.6634,0
3388,0.0000,0.0000,16.6886,16.6889,1
3389,0.0000,0.0000,16.6721,16.6724,1
3390,0.0000,0.0000,16.6866,16.6869,1
3391,0.0000,0.0000,16.7049,16.7052,1
3392,0.0000,0.0000,16.6382,16.6385,0
3393,0.0000,0.0000,16.7024,16.7027,1
3394,0.0000,0.0000,16.6835,16.6838,1
3395,0.0000,0.0000,16.6490,16.6493,0
3396,0.0000,0.0000,16.6771,16.6774,1
3397,0.0000,0.0000,16.6264,16.6267,0
3398,0.0000,0.0000,16.6572,16.6575,0
3399,0.0000,0.0000,16.7026,16.7029,1
3400,0.0000,0.0000,16.6576,16.6580,0
3401,0.0000,0.0000,16.7040,16.7043,1
3402,0.0000,0.0000,16.6113,16.6116,0
3403,0.0000,0.0000,16.6553,16.6556,0
3404,0.0000,0.0000,16.7082,16.7085,1
3405,0.0000,0.0000,16.6684,16.6687,1
3406,0.0000,0.0000,16.7436,16.7439,1
3407,0.0000,0.0000,16.5405,16.5408,0
3408,0.0000,0.0000,7.1968,7.1971,0
3409,0.0000,0.0000,9.5904,9.5907,0
3410,0.0000,0.0000,16.6674,16.6677,1
3411,0.0000,0.0000,16.5954,16.5957,0
3412,0.0000,0.0000,16.7245,16.7248,1
3413,0.0000,0.0000,16.6571,16.6575,0
3414,0.0000,0.0000,16.6594,16.6597,0
3415,0.0000,0.0000,16.6691,16.6694,1
3416,0.0000,0.0000,16.6730,16.6733,1
3417,0.0000,0.0000,16.6702,16.6705,1
3418,0.0000,0.0000,16.6572,16.6575,0
3419,0.0000,0.0000,16.7501,16.7504,1
3420,0.0000,0.0000,16.5916,16.5919,0
3421,0.0000,0.0000,16.7573,16.7576,1
3422,0.0000,0.0000,16.6239,16.6242,0
3423,0.0000,0.0000,16.6350,16.6353,0
3424,0.0000,0.0000,16.6884,16.6887,1
3425,0.0000,0.0000,16.6370,16.6374,0
3426,0.0000,0.0000,16.6961,16.6964,1
3427,0.0000,0.0000,16.6597,16.6600,0
3428,0.0000,0.0000,16.7408,16.7411,1
3429,0.0000,0.0000,16.7907,16.7910,1
3430,0.0000,0.0000,16.5448,16.5451,0
3431,0.0000,0.0000,16.6298,16.6301,0
3432,0.0000,0.0000,16.6746,16.6749,1
3433,0.0000,0.0000,16.6738,16.6741,1
3434,0.0000,0.0000,16.7312,16.7315,1
3435,0.0000,0.0000,16.5358,16.5360,0
3436,0.0000,0.0000,16.6404,16.6407,0
3437,0.0000,0.0000,16.6897,16.6900,1
3438,0.0000,0.0000,16.7519,16.7522,1
3439,0.0000,0.0000,16.6554,16.6557,0
3440,0.0000,0.0000,16.6686,16.6689,1
3441,0.0000,0.0000,16.6554,16.6556,0
3442,0.0000,0.0000,16.6647,16.6650,0
3443,0.0000,0.0000,16.6870,16.6873,1
3444,0.0000,0.0000,16.7208,16.7211,1
3445,0.0000,0.0000,16.6209,16.6212,0
3446,0.0000,0.0000,16.7142,16.7145,1
3447,0.0000,0.0000,16.6331,16.6334,0
3448,0.0000,0.0000,16.6323,16.6326,0
3449,0.0000,0.0000,16.6892,16.6895,1
3450,0.0000,0.0000,16.6750,16.6753,1
3451,0.0000,0.0000,16.6700,16.6703,1
3452,0.0000,0.0000,16.6718,16.6721,1
3453,0.0000,0.0000,16.7094,16.7097,1
3454,0.0000,0.0000,16.6258,16.6260,0
3455,0.0000,0.0000,16.6858,16.6861,1
3456,0.0000,0.0000,16.6819,16.6822,1
3457,0.0000,0.0000,16.6499,16.6502,0
3458,0.0000,0.0000,16.6728,16.6731,1
3459,0.0000,0.0000,16.7097,16.7100,1
3460,0.0000,0.0000,16.7178,16.7180,1
3461,0.0000,0.0000,16.5940,16.5943,0
3462,0.0000,0.0000,16.6979,16.6982,1
3463,0.0000,0.0000,16.6454,16.6457,0
3464,0.0000,0.0000,16.6719,16.6722,1
3465,0.0000,0.0000,16.6908,16.6911,1
3466,0.0000,0.0000,16.6821,16.6824,1
3467,0.0000,0.0000,16.6476,16.6479,0
3468,0.0000,0.0000,16.7443,16.7446,1
3469,0.0000,0.0000,16.6323,16.6326,0
3470,0.0000,0.0000,16.6794,16.6797,1
3471,0.0000,0.0000,16.6210,16.6213,0
3472,0.0000,0.0000,16.6588,16.6591,0
3473,0.0000,0.0000,16.6570,16.6573,0
3474,0.0000,0.0000,16.7322,16.7325,1
3475,0.0000,0.0000,16.6838,16.6841,1
3476,0.0000,0.0000,16.6567,16.6570,0
3477,0.0000,0.0000,16.6454,16.6457,0
3478,0.0000,0.0000,16.6604,16.6607,0
3479,0.0000,0.0000,16.6554,16.6557,0
3480,0.0000,0.0000,16.6524,16.6527,0
3481,0.0000,0.0000,16.9884,16.9887,1
3482,0.0000,0.0000,16.5329,16.5332,0
3483,0.0000,0.0000,16.5557,16.5560,0
3484,0.0000,0.0000,16.6462,16.6465,0
3485,0.0000,0.0000,16.6438,16.6441,0
3486,0.0000,0.0000,16.6815,16.6818,1
3487,0.0000,0.0000,16.7495,16.7498,1
3488,0.0000,0.0000,16.6798,16.6801,1
3489,0.0000,0.0000,16.5750,16.5753,0
3490,0.0000,0.0000,16.6767,16.6770,1
3491,0.0000,0.0000,16.6892,16.6895,1
3492,0.0000,0.0000,16.7033,16.7036,1
3493,0.0000,0.0000,16.6325,16.6328,0
3494,0.0000,0.0000,16.6369,16.6372,0
3495,0.0000,0.0000,16.6875,16.6878,1
3496,0.0000,0.0000,16.7104,16.7107,1
3497,0.0000,0.0000,16.6391,16.6394,0
3498,0.0000,0.0000,16.7373,16.7376,1
3499,0.0000,0.0000,16.6598,16.6601,0
3500,0.0000,0.0000,16.6411,16.6414,0
3501,0.0000,0.0000,16.7354,16.7357,1
3502,0.0000,0.0000,16.6126,16.6129,0
3503,0.0000,0.0000,16.6637,16.6639,0
3504,0.0000,0.0000,16.6334,16.6338,0
3505,0.0000,0.0000,16.6998,16.7001,1
3506,0.0000,0.0000,16.6552,16.6554,0
3507,0.0000,0.0000,16.7111,16.7113,1
3508,0.0000,0.0000,16.7213,16.7216,1
3509,0.0000,0.0000,16.6461,16.6464,0
3510,0.0000,0.0000,16.5978,16.5981,0
3511,0.0000,0.0000,16.6443,16.6446,0
3512,0.0000,0.0000,16.7863,16.7866,1
3513,0.0000,0.0000,16.6074,16.6077,0
3514,0.0000,0.0000,16.6771,16.6774,1
3515,0.0000,0.0000,16.6341,16.6345,0
3516,0.0000,0.0000,16.6584,16.6587,0
3517,0.0000,0.0000,16.6875,16.6878,1
3518,0.0000,0.0000,16.6834,16.6837,1
3519,0.0000,0.0000,16.6509,16.6512,0
3520,0.0000,0.0000,16.6910,16.6913,1
3521,0.0000,0.0000,16.6433,16.6436,0
3522,0.0000,0.0000,16.6679,16.6682,1
3523,0.0000,0.0000,16.6864,16.6867,1
3524,0.0000,0.0000,16.6989,16.6992,1
3525,0.0000,0.0000,16.6864,16.6867,1
3526,0.0000,0.0000,16.6337,16.6340,0
3527,0.0000,0.0000,16.4354,16.4357,0
3528,0.0000,0.0000,7.2304,7.2307,0
3529,0.0000,0.0000,9.8052,9.8055,0
3530,0.0000,0.0000,16.5864,16.5867,0
3531,0.0000,0.0000,16.6966,16.6969,1
3532,0.0000,0.0000,16.6055,16.6058,0
3533,0.0000,0.0000,16.7318,16.7321,1
3534,0.0000,0.0000,16.5817,16.5820,0
3535,0.0000,0.0000,16.6954,16.6957,1
3536,0.0000,0.0000,16.6431,16.6434,0
3537,0.0000,0.0000,16.8955,16.8958,1
3538,0.0000,0.0000,16.4352,16.4355,0
3539,0.0000,0.0000,16.7359,16.7362,1
3540,0.0000,0.0000,16.6494,16.6497,0
3541,0.0000,0.0000,16.6471,16.6474,0
3542,0.0000,0.0000,16.7298,16.7301,1
3543,0.0000,0.0000,16.6595,16.6598,0
3544,0.0000,0.0000,16.6550,16.6553,0
3545,0.0000,0.0000,16.6826,16.6829,1
3546,0.0000,0.0000,16.2627,16.2630,0
3547,0.0000,0.0000,7.2883,7.2886,0
3548,0.0000,0.0000,9.8726,9.8729,0
3549,0.0000,0.0000,16.5521,16.5524,0
3550,0.0000,0.0000,16.6576,16.6579,0
3551,0.0000,0.0000,16.6387,16.6390,0
3552,0.0000,0.0000,16.6740,16.6744,1
3553,0.0000,0.0000,16.7068,16.7071,1
3554,0.0000,0.0000,16.6747,16.6750,1
3555,0.0000,0.0000,16.6568,16.6571,0
3556,0.0000,0.0000,16.6964,16.6967,1
3557,0.0000,0.0000,16.6581,16.6584,0
3558,0.0000,0.0000,16.7068,16.7071,1
3559,0.0000,0.0000,16.6372,16.6375,0
3560,0.0000,0.0000,16.6728,16.6730,1
3561,0.0000,0.0000,16.7116,16.7119,1
3562,0.0000,0.0000,16.6433,16.6436,0
3563,0.0000,0.0000,16.7155,16.7158,1
3564,0.0000,0.0000,16.6712,16.6715,1
3565,0.0000,0.0000,16.6825,16.6828,1
3566,0.0000,0.0000,16.6355,16.6358,0
3567,0.0000,0.0000,16.6706,16.6709,1
3568,0.0000,0.0000,16.6502,16.6505,0
3569,0.0000,0.0000,16.6670,16.6673,1
3570,0.0000,0.0000,16.7234,16.7237,1
3571,0.0000,0.0000,16.7421,16.7425,1
3572,0.0000,0.0000,16.5415,16.5418,0
3573,0.0000,0.0000,16.6680,16.6683,1
3574,0.0000,0.0000,16.6870,16.6873,1
3575,0.0000,0.0000,16.7018,16.7021,1
3576,0.0000,0.0000,16.6205,16.6208,0
3577,0.0000,0.0000,16.8906,16.8909,1
3578,0.0000,0.0000,20.7538,20.7542,1
3579,0.0000,0.0000,12.1126,12.1128,0
3580,0.0000,0.0000,15.4742,15.4743,0
3581,0.0000,0.0000,16.3931,16.3933,0
3582,0.0000,0.0000,16.4014,16.4015,0
3583,0.0000,0.0000,8.0452,8.0454,0
3584,0.0000,0.0000,9.2090,9.2092,0
3585,0.0000,0.0000,18.1215,18.1218,1
3586,0.0000,0.0000,16.6038,16.6041,0
3587,0.0000,0.0000,16.6899,16.6902,1
3588,0.0000,0.0000,16.7074,16.7077,1
3589,0.0000,0.0000,16.6717,16.6720,1
3590,0.0000,0.0000,16.6785,16.6788,1
3591,0.0000,0.0000,16.6324,16.6327,0
3592,0.0000,0.0000,16.6499,16.6502,0
3593,0.0000,0.0000,16.6904,16.6907,1
3594,0.0000,0.0000,16.6938,16.6941,1
3595,0.0000,0.0000,16.6282,16.6285,0
3596,0.0000,0.0000,6.9874,6.9877,0
3597,0.0000,0.0000,12.9219,12.9222,0
3598,0.0000,0.0000,13.7015,13.7017,0
3599,0.0000,0.0000,16.5356,16.5359,0
3600,0.0000,0.0000,16.5108,16.5111,0
3601,0.0000,0.0000,16.2691,16.2694,0
3602,0.0000,0.0000,16.6753,16.6756,1
3603,0.0000,0.0000,16.7724,16.7727,1
3604,0.0000,0.0000,16.6245,16.6248,0
3605,0.0000,0.0000,16.8975,16.8978,1
3606,0.0000,0.0000,16.5698,16.5701,0
3607,0.0000,0.0000,16.5536,16.5539,0
3608,0.0000,0.0000,16.6685,16.6688,1
3609,0.0000,0.0000,16.6437,16.6440,0
3610,0.0000,0.0000,16.5276,16.5279,0
3611,0.0000,0.0000,7.0072,7.0075,0
3612,0.0000,0.0000,9.8449,9.8452,0
3613,0.0000,0.0000,16.5797,16.5800,0
3614,0.0000,0.0000,16.6558,16.6561,0
3615,0.0000,0.0000,16.6956,16.6959,1
3616,0.0000,0.0000,16.7271,16.7274,1
3617,0.0000,0.0000,16.6310,16.6313,0
3618,0.0000,0.0000,16.6423,16.6426,0
3619,0.0000,0.0000,16.6641,16.6644,0
3620,0.0000,0.0000,16.7018,16.7021,1
3621,0.0000,0.0000,16.6957,16.6960,1
3622,0.0000,0.0000,16.7061,16.7064,1
3623,0.0000,0.0000,16.6407,16.6410,0
3624,0.0000,0.0000,16.6199,16.6202,0
3625,0.0000,0.0000,16.4437,16.4441,0
3626,0.0000,0.0000,7.2645,7.2648,0
3627,0.0000,0.0000,9.7927,9.7930,0
3628,0.0000,0.0000,16.5384,16.5387,0
3629,0.0000,0.0000,16.6491,16.6494,0
3630,0.0000,0.0000,16.6390,16.6393,0
3631,0.0000,0.0000,16.7405,16.7408,1
3632,0.0000,0.0000,16.6375,16.6378,0
3633,0.0000,0.0000,16.6632,16.6635,0
3634,0.0000,0.0000,16.6891,16.6894,1
3635,0.0000,0.0000,16.6495,16.6498,0
3636,0.0000,0.0000,16.6679,16.6682,1
3637,0.0000,0.0000,16.6856,16.6859,1
3638,0.0000,0.0000,16.7033,16.7036,1
3639,0.0000,0.0000,16.6106,16.6109,0
3640,0.0000,0.0000,16.8586,16.8589,1
3641,0.0000,0.0000,16.6445,16.6448,0
3642,0.0000,0.0000,15.2371,15.2373,0
3643,0.0000,0.0000,16.6587,16.6588,0
3644,0.0000,0.0000,16.5670,16.5670,0
3645,0.0000,0.0000,16.5984,16.5986,0
3646,0.0000,0.0000,18.2235,18.2237,1
3647,0.0000,0.0000,16.6412,16.6415,0
3648,0.0000,0.0000,16.6507,16.6510,0
3649,0.0000,0.0000,16.6473,16.6476,0
3650,0.0000,0.0000,16.6524,16.6527,0
3651,0.0000,0.0000,16.6711,16.6714,1
3652,0.0000,0.0000,16.6980,16.6983,1
3653,0.0000,0.0000,16.7004,16.7007,1
3654,0.0000,0.0000,16.7760,16.7763,1
3655,0.0000,0.0000,16.5975,16.5978,0
3656,0.0000,0.0000,16.5993,16.5996,0
3657,0.0000,0.0000,16.6579,16.6582,0
3658,0.0000,0.0000,16.6941,16.6944,1
3659,0.0000,0.0000,16.6600,16.6603,0
3660,0.0000,0.0000,16.7098,16.7101,1
3661,0.0000,0.0000,16.6594,16.6596,0
3662,0.0000,0.0000,16.5814,16.5817,0
3663,0.0000,0.0000,16.7930,16.7933,1
3664,0.0000,0.0000,16.6833,16.6835,1
3665,0.0000,0.0000,16.6342,16.6345,0
3666,0.0000,0.0000,16.6238,16.6241,0
3667,0.0000,0.0000,16.8727,16.8730,1
3668,0.0000,0.0000,16.5099,16.5102,0
