frame_id,generate_ms,encode_latency_ms,payload_extract_ms,enqueue_ms,queue_depth,dropped_before,send_ms,bytes_sent,frame_age_at_send_ms,send_failed,keyframe,sender_dropped,payload_bytes,status
0,5.0686,35.0847,0.0288,0.0000,0,0,0.0000,0,0.0000,0,1,0,60271,0
1,2.7870,24.8365,0.0115,0.0000,0,0,0.0000,0,0.0000,0,1,0,43482,0
2,2.7725,26.6902,0.0155,0.0000,0,0,0.0000,0,0.0000,0,1,0,59828,0
3,2.8027,25.6292,0.0108,0.0000,0,0,0.0000,0,0.0000,0,1,0,68126,0
4,5.0686,5.7784,0.0097,0.0000,0,0,0.0000,0,0.0000,0,0,0,16498,0
5,2.7870,5.6389,0.0311,0.0000,0,0,0.0000,0,0.0000,0,0,0,14403,0
6,2.7725,10.6287,0.0158,0.0000,0,0,0.0000,0,0.0000,0,0,0,17862,0
7,2.8027,10.6041,0.0076,0.0000,0,0,0.0000,0,0.0000,0,0,0,17138,0
8,5.0686,5.8821,0.0033,0.0000,0,0,0.0000,0,0.0000,0,0,0,9226,0
9,2.7870,5.6088,0.0121,0.0000,0,0,0.0000,0,0.0000,0,0,0,6914,0
10,2.7725,10.4403,0.0016,0.0000,0,0,0.0000,0,0.0000,0,0,0,11125,0
11,2.8027,10.3703,0.0062,0.0000,0,0,0.0000,0,0.0000,0,0,0,9621,0
12,5.0686,5.7796,0.0026,0.0000,0,0,0.0000,0,0.0000,0,0,0,17369,0
13,2.7870,5.5903,0.0051,0.0000,0,0,0.0000,0,0.0000,0,0,0,16755,0
14,2.7725,10.4350,0.0056,0.0000,0,0,0.0000,0,0.0000,0,0,0,19658,0
15,2.8027,10.3907,0.0041,0.0000,0,0,0.0000,0,0.0000,0,0,0,15622,0
16,5.0686,5.6850,0.0086,0.0000,0,0,0.0000,0,0.0000,0,0,0,23309,0
17,2.7870,5.5308,0.0023,0.0000,0,0,0.0000,0,0.0000,0,0,0,20346,0
18,2.7725,10.3017,0.0248,0.0000,0,0,0.0000,0,0.0000,0,0,0,22802,0
19,2.8027,10.2534,0.0023,0.0000,0,0,0.0000,0,0.0000,0,0,0,21407,0
20,5.0686,5.6000,0.0025,0.0000,0,0,0.0000,0,0.0000,0,0,0,13027,0
21,2.7870,5.4322,0.0026,0.0000,0,0,0.0000,0,0.0000,0,0,0,11737,0
22,2.7725,10.2767,0.0074,0.0000,0,0,0.0000,0,0.0000,0,0,0,12722,0
23,2.8027,10.2128,0.0018,0.0000,0,0,0.0000,0,0.0000,0,0,0,16214,0
24,5.0686,5.6057,0.0016,0.0000,0,0,0.0000,0,0.0000,0,0,0,7002,0
25,2.7870,5.4283,0.0015,0.0000,0,0,0.0000,0,0.0000,0,0,0,5132,0
26,2.7725,10.2619,0.0018,0.0000,0,0,0.0000,0,0.0000,0,0,0,7491,0
27,2.8027,10.2543,0.0014,0.0000,0,0,0.0000,0,0.0000,0,0,0,4790,0
28,5.0686,5.6214,0.0011,0.0000,0,0,0.0000,0,0.0000,0,0,0,3933,0
29,2.7870,5.4395,0.0008,0.0000,0,0,0.0000,0,0.0000,0,0,0,3799,0
30,2.7725,10.2650,0.0012,0.0000,0,0,0.0000,0,0.0000,0,0,0,4399,0
31,2.8027,10.2425,0.0014,0.0000,0,0,0.0000,0,0.0000,0,0,0,3276,0
32,5.0686,5.6053,0.0013,0.0000,0,0,0.0000,0,0.0000,0,0,0,3260,0
33,2.7870,5.4407,0.0013,0.0000,0,0,0.0000,0,0.0000,0,0,0,2850,0
34,2.7725,10.2490,0.0016,0.0000,0,0,0.0000,0,0.0000,0,0,0,3280,0
35,2.8027,10.2039,0.0010,0.0000,0,0,0.0000,0,0.0000,0,0,0,2761,0
36,5.0686,5.6103,0.0018,0.0000,0,0,0.0000,0,0.0000,0,0,0,3090,0
37,2.7870,5.4454,0.0008,0.0000,0,0,0.0000,0,0.0000,0,0,0,2691,0
38,2.7725,10.3382,0.0013,0.0000,0,0,0.0000,0,0.0000,0,0,0,3020,0
39,2.8027,10.3098,0.0018,0.0000,0,0,0.0000,0,0.0000,0,0,0,2648,0
40,5.0686,5.7065,0.0013,0.0000,0,0,0.0000,0,0.0000,0,0,0,2664,0
41,2.7870,5.5197,0.0010,0.0000,0,0,0.0000,0,0.0000,0,0,0,2213,0
42,2.7725,10.3658,0.0012,0.0000,0,0,0.0000,0,0.0000,0,0,0,1084,0
43,2.8027,10.3117,0.0013,0.0000,0,0,0.0000,0,0.0000,0,0,0,2638,0
44,5.0686,5.7030,0.0018,0.0000,0,0,0.0000,0,0.0000,0,0,0,1673,0
45,2.7870,5.5339,0.0012,0.0000,0,0,0.0000,0,0.0000,0,0,0,1302,0
46,2.7725,10.4401,0.0010,0.0000,0,0,0.0000,0,0.0000,0,0,0,959,0
47,2.8027,10.3366,0.0019,0.0000,0,0,0.0000,0,0.0000,0,0,0,2173,0
48,5.0686,5.7130,0.0013,0.0000,0,0,0.0000,0,0.0000,0,0,0,1538,0
49,2.7870,5.5079,0.0012,0.0000,0,0,0.0000,0,0.0000,0,0,0,1107,0
50,2.7725,10.3450,0.0013,0.0000,0,0,0.0000,0,0.0000,0,0,0,819,0
51,2.8027,10.2985,0.0011,0.0000,0,0,0.0000,0,0.0000,0,0,0,1668,0
52,5.0686,5.7516,0.0020,0.0000,0,0,0.0000,0,0.0000,0,0,0,1248,0
53,2.7870,5.6006,0.0020,0.0000,0,0,0.0000,0,0.0000,0,0,0,944,0
54,2.7725,10.4808,0.0027,0.0000,0,0,0.0000,0,0.0000,0,0,0,945,0
55,2.8027,10.3807,0.0013,0.0000,0,0,0.0000,0,0.0000,0,0,0,743,0
56,5.0686,5.8152,0.0018,0.0000,0,0,0.0000,0,0.0000,0,0,0,1198,0
57,2.7870,5.5640,0.0010,0.0000,0,0,0.0000,0,0.0000,0,0,0,836,0
58,2.7725,10.3940,0.0030,0.0000,0,0,0.0000,0,0.0000,0,0,0,1250,0
59,2.8027,10.2615,0.0015,0.0000,0,0,0.0000,0,0.0000,0,0,0,717,0
60,5.0686,5.7790,0.0034,0.0000,0,0,0.0000,0,0.0000,0,0,0,1168,0
61,2.7870,5.7074,0.0017,0.0000,0,0,0.0000,0,0.0000,0,0,0,792,0
62,2.7725,10.0868,0.0019,0.0000,0,0,0.0000,0,0.0000,0,0,0,1108,0
63,2.8027,10.0988,0.0018,0.0000,0,0,0.0000,0,0.0000,0,0,0,792,0
64,5.0686,5.8792,0.0034,0.0000,0,0,0.0000,0,0.0000,0,0,0,1037,0
65,2.7870,5.6051,0.0015,0.0000,0,0,0.0000,0,0.0000,0,0,0,722,0
66,2.7725,10.2674,0.0037,0.0000,0,0,0.0000,0,0.0000,0,0,0,1361,0
67,2.8027,10.1716,0.0595,0.0000,0,0,0.0000,0,0.0000,0,0,0,925,0
68,5.0686,6.5648,0.0049,0.0000,0,0,0.0000,0,0.0000,0,0,0,987,0
69,2.7870,5.9163,0.0012,0.0000,0,0,0.0000,0,0.0000,0,0,0,676,0
70,2.7725,10.2799,0.0029,0.0000,0,0,0.0000,0,0.0000,0,0,0,1198,0
71,2.8027,10.1181,0.0025,0.0000,0,0,0.0000,0,0.0000,0,0,0,1094,0
72,5.0686,6.0142,0.0053,0.0000,0,0,0.0000,0,0.0000,0,0,0,879,0
73,2.7870,5.6912,0.0012,0.0000,0,0,0.0000,0,0.0000,0,0,0,648,0
74,2.7725,10.5586,0.0049,0.0000,0,0,0.0000,0,0.0000,0,0,0,1117,0
75,2.8027,10.4925,0.0020,0.0000,0,0,0.0000,0,0.0000,0,0,0,1077,0
76,5.0686,8.0107,0.0054,0.0000,0,0,0.0000,0,0.0000,0,0,0,746,0
77,2.7870,6.4535,0.0011,0.0000,0,0,0.0000,0,0.0000,0,0,0,643,0
78,2.7725,10.3594,0.0041,0.0000,0,0,0.0000,0,0.0000,0,0,0,1064,0
79,2.8027,10.1284,0.0041,0.0000,0,0,0.0000,0,0.0000,0,0,0,1295,0
80,5.0686,6.2103,0.0053,0.0000,0,0,0.0000,0,0.0000,0,0,0,687,0
81,2.7870,6.0302,0.0018,0.0000,0,0,0.0000,0,0.0000,0,0,0,622,0
82,2.7725,9.7760,0.0032,0.0000,0,0,0.0000,0,0.0000,0,0,0,1368,0
83,2.8027,10.2145,0.0030,0.0000,0,0,0.0000,0,0.0000,0,0,0,709,0
84,5.0686,8.6870,0.0059,0.0000,0,0,0.0000,0,0.0000,0,0,0,716,0
85,2.7870,7.8380,0.0013,0.0000,0,0,0.0000,0,0.0000,0,0,0,620,0
86,2.7725,9.8881,0.0016,0.0000,0,0,0.0000,0,0.0000,0,0,0,710,0
87,2.8027,10.1098,0.0021,0.0000,0,0,0.0000,0,0.0000,0,0,0,715,0
88,5.0686,7.7553,0.0057,0.0000,0,0,0.0000,0,0.0000,0,0,0,717,0
89,2.7870,6.7636,0.0057,0.0000,0,0,0.0000,0,0.0000,0,0,0,613,0
90,2.7725,10.0575,0.0029,0.0000,0,0,0.0000,0,0.0000,0,0,0,696,0
91,2.8027,9.9470,0.0013,0.0000,0,0,0.0000,0,0.0000,0,0,0,724,0
92,5.0686,6.9413,0.0409,0.0000,0,0,0.0000,0,0.0000,0,0,0,685,0
93,2.7870,6.0340,0.0011,0.0000,0,0,0.0000,0,0.0000,0,0,0,617,0
94,2.7725,10.0392,0.0065,0.0000,0,0,0.0000,0,0.0000,0,0,0,755,0
95,2.8027,9.7360,0.0018,0.0000,0,0,0.0000,0,0.0000,0,0,0,779,0
96,5.0686,7.6382,0.0058,0.0000,0,0,0.0000,0,0.0000,0,0,0,664,0
97,2.7870,6.0859,0.0016,0.0000,0,0,0.0000,0,0.0000,0,0,0,622,0
98,2.7725,8.8604,0.0053,0.0000,0,0,0.0000,0,0.0000,0,0,0,785,0
99,2.8027,9.6126,0.0029,0.0000,0,0,0.0000,0,0.0000,0,0,0,906,0
100,5.0686,6.4244,0.0061,0.0000,0,0,0.0000,0,0.0000,0,0,0,636,0
101,2.7870,5.9050,0.0015,0.0000,0,0,0.0000,0,0.0000,0,0,0,626,0
102,2.7725,10.5935,0.0067,0.0000,0,0,0.0000,0,0.0000,0,0,0,868,0
103,2.8027,10.4324,0.0013,0.0000,0,0,0.0000,0,0.0000,0,0,0,830,0
104,5.0686,6.4930,0.0090,0.0000,0,0,0.0000,0,0.0000,0,0,0,635,0
105,2.7870,5.8235,0.0015,0.0000,0,0,0.0000,0,0.0000,0,0,0,608,0
106,2.7725,12.0626,0.0055,0.0000,0,0,0.0000,0,0.0000,0,0,0,801,0
107,2.8027,11.8206,0.0054,0.0000,0,0,0.0000,0,0.0000,0,0,0,966,0
108,5.0686,6.0697,0.0041,0.0000,0,0,0.0000,0,0.0000,0,0,0,650,0
109,2.7870,5.6623,0.0007,0.0000,0,0,0.0000,0,0.0000,0,0,0,606,0
110,2.7725,10.1326,0.0016,0.0000,0,0,0.0000,0,0.0000,0,0,0,1017,0
111,2.8027,10.0401,0.0014,0.0000,0,0,0.0000,0,0.0000,0,0,0,705,0
112,5.0686,6.9283,0.0105,0.0000,0,0,0.0000,0,0.0000,0,0,0,646,0
113,2.7870,5.8482,0.0099,0.0000,0,0,0.0000,0,0.0000,0,0,0,607,0
114,2.7725,10.7336,0.0064,0.0000,0,0,0.0000,0,0.0000,0,0,0,933,0
115,2.8027,10.5943,0.0030,0.0000,0,0,0.0000,0,0.0000,0,0,0,703,0
116,5.0686,7.8094,0.0111,0.0000,0,0,0.0000,0,0.0000,0,0,0,651,0
117,2.7870,6.8197,0.0110,0.0000,0,0,0.0000,0,0.0000,0,0,0,609,0
118,2.7725,17.5754,0.0018,0.0000,0,0,0.0000,0,0.0000,0,0,0,926,0
119,2.8027,16.2538,0.0120,0.0000,0,0,0.0000,0,0.0000,0,0,0,728,0
120,5.0686,6.2221,0.0058,0.0000,0,0,0.0000,0,0.0000,0,0,0,638,0
121,2.7870,5.7771,0.0059,0.0000,0,0,0.0000,0,0.0000,0,0,0,601,0
122,2.7725,10.6995,0.0035,0.0000,0,0,0.0000,0,0.0000,0,0,0,856,0
123,2.8027,10.5897,0.0017,0.0000,0,0,0.0000,0,0.0000,0,0,0,752,0
124,5.0686,7.1108,0.0251,0.0000,0,0,0.0000,0,0.0000,0,0,0,623,0
125,2.7870,6.7958,0.0012,0.0000,0,0,0.0000,0,0.0000,0,0,0,601,0
126,2.7725,10.6319,0.0035,0.0000,0,0,0.0000,0,0.0000,0,0,0,1082,0
127,2.8027,10.4925,0.0027,0.0000,0,0,0.0000,0,0.0000,0,0,0,805,0
128,5.0686,7.9900,0.0066,0.0000,0,0,0.0000,0,0.0000,0,0,0,626,0
129,2.7870,7.2747,0.0015,0.0000,0,0,0.0000,0,0.0000,0,0,0,601,0
130,2.7725,10.5191,0.0050,0.0000,0,0,0.0000,0,0.0000,0,0,0,712,0
131,2.8027,10.4136,0.0012,0.0000,0,0,0.0000,0,0.0000,0,0,0,775,0
132,5.0686,9.7477,0.0088,0.0000,0,0,0.0000,0,0.0000,0,0,0,622,0
133,2.7870,8.8212,0.0088,0.0000,0,0,0.0000,0,0.0000,0,0,0,601,0
134,2.7725,10.0769,0.0034,0.0000,0,0,0.0000,0,0.0000,0,0,0,709,0
135,2.8027,9.6128,0.0019,0.0000,0,0,0.0000,0,0.0000,0,0,0,911,0
136,5.0686,7.4046,0.0060,0.0000,0,0,0.0000,0,0.0000,0,0,0,611,0
137,2.7870,6.7125,0.0012,0.0000,0,0,0.0000,0,0.0000,0,0,0,601,0
138,2.7725,10.4782,0.0025,0.0000,0,0,0.0000,0,0.0000,0,0,0,723,0
139,2.8027,10.3385,0.0010,0.0000,0,0,0.0000,0,0.0000,0,0,0,698,0
140,5.0686,6.3907,0.0048,0.0000,0,0,0.0000,0,0.0000,0,0,0,618,0
141,2.7870,5.7974,0.0012,0.0000,0,0,0.0000,0,0.0000,0,0,0,601,0
142,2.7725,10.3337,0.0019,0.0000,0,0,0.0000,0,0.0000,0,0,0,744,0
143,2.8027,10.1603,0.0013,0.0000,0,0,0.0000,0,0.0000,0,0,0,696,0
144,5.0686,9.3340,0.0059,0.0000,0,0,0.0000,0,0.0000,0,0,0,605,0
145,2.7870,8.7313,0.0024,0.0000,0,0,0.0000,0,0.0000,0,0,0,601,0
146,2.7725,10.8213,0.0031,0.0000,0,0,0.0000,0,0.0000,0,0,0,786,0
147,2.8027,10.7240,0.0012,0.0000,0,0,0.0000,0,0.0000,0,0,0,704,0
148,5.0686,6.3436,0.0023,0.0000,0,0,0.0000,0,0.0000,0,0,0,606,0
149,2.7870,5.6414,0.0027,0.0000,0,0,0.0000,0,0.0000,0,0,0,601,0
150,2.7725,10.2012,0.0019,0.0000,0,0,0.0000,0,0.0000,0,0,0,780,0
151,2.8027,10.0566,0.0011,0.0000,0,0,0.0000,0,0.0000,0,0,0,741,0
152,5.0686,5.9640,0.0048,0.0000,0,0,0.0000,0,0.0000,0,0,0,605,0
153,2.7870,5.5636,0.0024,0.0000,0,0,0.0000,0,0.0000,0,0,0,601,0
154,2.7725,10.3307,0.0015,0.0000,0,0,0.0000,0,0.0000,0,0,0,808,0
155,2.8027,10.3030,0.0015,0.0000,0,0,0.0000,0,0.0000,0,0,0,758,0
156,5.0686,5.9382,0.0019,0.0000,0,0,0.0000,0,0.0000,0,0,0,606,0
157,2.7870,5.6526,0.0014,0.0000,0,0,0.0000,0,0.0000,0,0,0,601,0
158,2.7725,10.5079,0.0011,0.0000,0,0,0.0000,0,0.0000,0,0,0,795,0
159,2.8027,10.4902,0.0017,0.0000,0,0,0.0000,0,0.0000,0,0,0,738,0
160,5.0686,5.9019,0.0030,0.0000,0,0,0.0000,0,0.0000,0,0,0,601,0
161,2.7870,5.5982,0.0020,0.0000,0,0,0.0000,0,0.0000,0,0,0,601,0
162,2.7725,10.3736,0.0010,0.0000,0,0,0.0000,0,0.0000,0,0,0,771,0
163,2.8027,10.3240,0.0013,0.0000,0,0,0.0000,0,0.0000,0,0,0,836,0
164,5.0686,5.7761,0.0018,0.0000,0,0,0.0000,0,0.0000,0,0,0,601,0
165,2.7870,5.5360,0.0008,0.0000,0,0,0.0000,0,0.0000,0,0,0,601,0
166,2.7725,10.2822,0.0015,0.0000,0,0,0.0000,0,0.0000,0,0,0,779,0
167,2.8027,10.2222,0.0016,0.0000,0,0,0.0000,0,0.0000,0,0,0,698,0
168,5.0686,5.8067,0.0028,0.0000,0,0,0.0000,0,0.0000,0,0,0,601,0
169,2.7870,5.5593,0.0013,0.0000,0,0,0.0000,0,0.0000,0,0,0,601,0
170,2.7725,10.2183,0.0013,0.0000,0,0,0.0000,0,0.0000,0,0,0,967,0
171,2.8027,10.1665,0.0014,0.0000,0,0,0.0000,0,0.0000,0,0,0,696,0
172,5.0686,5.8093,0.0047,0.0000,0,0,0.0000,0,0.0000,0,0,0,601,0
173,2.7870,5.5971,0.0009,0.0000,0,0,0.0000,0,0.0000,0,0,0,601,0
174,2.7725,10.3112,0.0017,0.0000,0,0,0.0000,0,0.0000,0,0,0,710,0
175,2.8027,10.2275,0.0010,0.0000,0,0,0.0000,0,0.0000,0,0,0,700,0
176,5.0686,5.8914,0.0027,0.0000,0,0,0.0000,0,0.0000,0,0,0,601,0
177,2.7870,5.6046,0.0021,0.0000,0,0,0.0000,0,0.0000,0,0,0,601,0
178,2.7725,10.3297,0.0018,0.0000,0,0,0.0000,0,0.0000,0,0,0,703,0
179,2.8027,10.2508,0.0018,0.0000,0,0,0.0000,0,0.0000,0,0,0,721,0
180,5.0686,7.0503,0.0108,0.0000,0,0,0.0000,0,0.0000,0,0,0,601,0
181,2.7870,6.1397,0.0108,0.0000,0,0,0.0000,0,0.0000,0,0,0,601,0
182,2.7725,10.3070,0.0037,0.0000,0,0,0.0000,0,0.0000,0,0,0,708,0
183,2.8027,10.2454,0.0029,0.0000,0,0,0.0000,0,0.0000,0,0,0,783,0
184,5.0686,6.6930,0.0061,0.0000,0,0,0.0000,0,0.0000,0,0,0,601,0
185,2.7870,5.9790,0.0031,0.0000,0,0,0.0000,0,0.0000,0,0,0,601,0
186,2.7725,10.5312,0.0041,0.0000,0,0,0.0000,0,0.0000,0,0,0,751,0
187,2.8027,10.4099,0.0014,0.0000,0,0,0.0000,0,0.0000,0,0,0,755,0
188,5.0686,6.4320,0.0067,0.0000,0,0,0.0000,0,0.0000,0,0,0,601,0
189,2.7870,5.9210,0.0040,0.0000,0,0,0.0000,0,0.0000,0,0,0,601,0
190,2.7725,8.8487,0.0043,0.0000,0,0,0.0000,0,0.0000,0,0,0,762,0
191,2.8027,10.1906,0.0026,0.0000,0,0,0.0000,0,0.0000,0,0,0,801,0
192,5.0686,6.4787,0.0065,0.0000,0,0,0.0000,0,0.0000,0,0,0,601,0
193,2.7870,5.8160,0.0022,0.0000,0,0,0.0000,0,0.0000,0,0,0,601,0
194,2.7725,9.9395,0.0032,0.0000,0,0,0.0000,0,0.0000,0,0,0,747,0
195,2.8027,9.7236,0.0017,0.0000,0,0,0.0000,0,0.0000,0,0,0,696,0
196,5.0686,6.2872,0.0052,0.0000,0,0,0.0000,0,0.0000,0,0,0,601,0
197,2.7870,5.7293,0.0015,0.0000,0,0,0.0000,0,0.0000,0,0,0,601,0
198,2.7725,10.0638,0.0059,0.0000,0,0,0.0000,0,0.0000,0,0,0,830,0
199,2.8027,10.0064,0.0026,0.0000,0,0,0.0000,0,0.0000,0,0,0,701,0
200,5.0686,6.0998,0.0045,0.0000,0,0,0.0000,0,0.0000,0,0,0,601,0
201,2.7870,5.5523,0.0017,0.0000,0,0,0.0000,0,0.0000,0,0,0,601,0
202,2.7725,10.4000,0.0049,0.0000,0,0,0.0000,0,0.0000,0,0,0,769,0
203,2.8027,10.3043,0.0014,0.0000,0,0,0.0000,0,0.0000,0,0,0,696,0
204,5.0686,6.1204,0.0043,0.0000,0,0,0.0000,0,0.0000,0,0,0,601,0
205,2.7870,5.6552,0.0015,0.0000,0,0,0.0000,0,0.0000,0,0,0,601,0
206,2.7725,10.6462,0.0047,0.0000,0,0,0.0000,0,0.0000,0,0,0,728,0
207,2.8027,13.9301,0.0046,0.0000,0,0,0.0000,0,0.0000,0,0,0,717,0
208,5.0686,5.8439,0.0027,0.0000,0,0,0.0000,0,0.0000,0,0,0,601,0
209,2.7870,5.5419,0.0007,0.0000,0,0,0.0000,0,0.0000,0,0,0,601,0
210,2.7725,9.9788,0.0015,0.0000,0,0,0.0000,0,0.0000,0,0,0,726,0
211,2.8027,9.9370,0.0007,0.0000,0,0,0.0000,0,0.0000,0,0,0,731,0
212,5.0686,5.8255,0.0028,0.0000,0,0,0.0000,0,0.0000,0,0,0,601,0
213,2.7870,5.5803,0.0007,0.0000,0,0,0.0000,0,0.0000,0,0,0,601,0
214,2.7725,10.4322,0.0023,0.0000,0,0,0.0000,0,0.0000,0,0,0,833,0
215,2.8027,10.3758,0.0013,0.0000,0,0,0.0000,0,0.0000,0,0,0,722,0
216,5.0686,5.7637,0.0032,0.0000,0,0,0.0000,0,0.0000,0,0,0,601,0
217,2.7870,5.6011,0.0030,0.0000,0,0,0.0000,0,0.0000,0,0,0,601,0
218,2.7725,10.5680,0.0052,0.0000,0,0,0.0000,0,0.0000,0,0,0,696,0
219,2.8027,10.3900,0.0052,0.0000,0,0,0.0000,0,0.0000,0,0,0,758,0
220,5.0686,6.8722,0.0044,0.0000,0,0,0.0000,0,0.0000,0,0,0,601,0
221,2.7870,6.3173,0.0044,0.0000,0,0,0.0000,0,0.0000,0,0,0,601,0
222,2.7725,10.3002,0.0020,0.0000,0,0,0.0000,0,0.0000,0,0,0,696,0
223,2.8027,10.2226,0.0013,0.0000,0,0,0.0000,0,0.0000,0,0,0,696,0
224,5.0686,6.3780,0.0052,0.0000,0,0,0.0000,0,0.0000,0,0,0,601,0
225,2.7870,5.7526,0.0013,0.0000,0,0,0.0000,0,0.0000,0,0,0,601,0
226,2.7725,10.3169,0.0040,0.0000,0,0,0.0000,0,0.0000,0,0,0,696,0
227,2.8027,10.0900,0.0019,0.0000,0,0,0.0000,0,0.0000,0,0,0,705,0
228,5.0686,7.0045,0.0019,0.0000,0,0,0.0000,0,0.0000,0,0,0,601,0
229,2.7870,6.1473,0.0047,0.0000,0,0,0.0000,0,0.0000,0,0,0,601,0
230,2.7725,13.0240,0.0055,0.0000,0,0,0.0000,0,0.0000,0,0,0,696,0
231,2.8027,12.9440,0.0437,0.0000,0,0,0.0000,0,0.0000,0,0,0,707,0
232,5.0686,6.4604,0.0055,0.0000,0,0,0.0000,0,0.0000,0,0,0,601,0
233,2.7870,5.7087,0.0026,0.0000,0,0,0.0000,0,0.0000,0,0,0,601,0
234,2.7725,10.2839,0.0033,0.0000,0,0,0.0000,0,0.0000,0,0,0,701,0
235,2.8027,10.1048,0.0011,0.0000,0,0,0.0000,0,0.0000,0,0,0,707,0
236,5.0686,6.0543,0.0035,0.0000,0,0,0.0000,0,0.0000,0,0,0,601,0
237,2.7870,5.6664,0.0032,0.0000,0,0,0.0000,0,0.0000,0,0,0,601,0
238,2.7725,10.3117,0.0012,0.0000,0,0,0.0000,0,0.0000,0,0,0,703,0
239,2.8027,10.2281,0.0017,0.0000,0,0,0.0000,0,0.0000,0,0,0,736,0
240,5.0686,5.8058,0.0025,0.0000,0,0,0.0000,0,0.0000,0,0,0,601,0
241,2.7870,5.5045,0.0008,0.0000,0,0,0.0000,0,0.0000,0,0,0,601,0
242,2.7725,10.2146,0.0012,0.0000,0,0,0.0000,0,0.0000,0,0,0,716,0
243,2.8027,10.1282,0.0013,0.0000,0,0,0.0000,0,0.0000,0,0,0,719,0
244,5.0686,5.7446,0.0017,0.0000,0,0,0.0000,0,0.0000,0,0,0,601,0
245,2.7870,5.6118,0.0009,0.0000,0,0,0.0000,0,0.0000,0,0,0,601,0
246,2.7725,10.3190,0.0012,0.0000,0,0,0.0000,0,0.0000,0,0,0,714,0
247,2.8027,10.3145,0.0009,0.0000,0,0,0.0000,0,0.0000,0,0,0,775,0
248,5.0686,5.6999,0.0016,0.0000,0,0,0.0000,0,0.0000,0,0,0,601,0
249,2.7870,5.5573,0.0010,0.0000,0,0,0.0000,0,0.0000,0,0,0,601,0
250,2.7725,10.3416,0.0008,0.0000,0,0,0.0000,0,0.0000,0,0,0,717,0
251,2.8027,10.3084,0.0006,0.0000,0,0,0.0000,0,0.0000,0,0,0,701,0
252,5.0686,5.7794,0.0024,0.0000,0,0,0.0000,0,0.0000,0,0,0,601,0
253,2.7870,5.5444,0.0009,0.0000,0,0,0.0000,0,0.0000,0,0,0,601,0
254,2.7725,10.3885,0.0022,0.0000,0,0,0.0000,0,0.0000,0,0,0,711,0
255,2.8027,10.3336,0.0005,0.0000,0,0,0.0000,0,0.0000,0,0,0,701,0
256,5.0686,5.6905,0.0024,0.0000,0,0,0.0000,0,0.0000,0,0,0,601,0
257,2.7870,5.4373,0.0010,0.0000,0,0,0.0000,0,0.0000,0,0,0,601,0
258,2.7725,10.3388,0.0018,0.0000,0,0,0.0000,0,0.0000,0,0,0,763,0
259,2.8027,10.2731,0.0008,0.0000,0,0,0.0000,0,0.0000,0,0,0,701,0
260,5.0686,5.7174,0.0015,0.0000,0,0,0.0000,0,0.0000,0,0,0,601,0
261,2.7870,5.5594,0.0006,0.0000,0,0,0.0000,0,0.0000,0,0,0,601,0
262,2.7725,10.3961,0.0011,0.0000,0,0,0.0000,0,0.0000,0,0,0,696,0
263,2.8027,10.3680,0.0008,0.0000,0,0,0.0000,0,0.0000,0,0,0,715,0
264,5.0686,5.6492,0.0010,0.0000,0,0,0.0000,0,0.0000,0,0,0,601,0
265,2.7870,5.5127,0.0009,0.0000,0,0,0.0000,0,0.0000,0,0,0,601,0
266,2.7725,10.3994,0.0008,0.0000,0,0,0.0000,0,0.0000,0,0,0,696,0
267,2.8027,10.3819,0.0006,0.0000,0,0,0.0000,0,0.0000,0,0,0,726,0
268,5.0686,5.6880,0.0008,0.0000,0,0,0.0000,0,0.0000,0,0,0,601,0
269,2.7870,5.5287,0.0004,0.0000,0,0,0.0000,0,0.0000,0,0,0,601,0
270,2.7725,10.3956,0.0016,0.0000,0,0,0.0000,0,0.0000,0,0,0,696,0
271,2.8027,10.3655,0.0008,0.0000,0,0,0.0000,0,0.0000,0,0,0,714,0
272,5.0686,5.7257,0.0012,0.0000,0,0,0.0000,0,0.0000,0,0,0,601,0
273,2.7870,5.5153,0.0006,0.0000,0,0,0.0000,0,0.0000,0,0,0,601,0
274,2.7725,10.3673,0.0007,0.0000,0,0,0.0000,0,0.0000,0,0,0,696,0
275,2.8027,10.3608,0.0006,0.0000,0,0,0.0000,0,0.0000,0,0,0,789,0
276,5.0686,5.6368,0.0007,0.0000,0,0,0.0000,0,0.0000,0,0,0,601,0
277,2.7870,5.4861,0.0004,0.0000,0,0,0.0000,0,0.0000,0,0,0,601,0
278,2.7725,10.4434,0.0008,0.0000,0,0,0.0000,0,0.0000,0,0,0,717,0
279,2.8027,10.4313,0.0005,0.0000,0,0,0.0000,0,0.0000,0,0,0,703,0
280,5.0686,5.6748,0.0007,0.0000,0,0,0.0000,0,0.0000,0,0,0,601,0
281,2.7870,5.5159,0.0009,0.0000,0,0,0.0000,0,0.0000,0,0,0,601,0
282,2.7725,10.6426,0.0008,0.0000,0,0,0.0000,0,0.0000,0,0,0,716,0
283,2.8027,10.5598,0.0007,0.0000,0,0,0.0000,0,0.0000,0,0,0,705,0
284,5.0686,5.6541,0.0019,0.0000,0,0,0.0000,0,0.0000,0,0,0,601,0
285,2.7870,5.4834,0.0008,0.0000,0,0,0.0000,0,0.0000,0,0,0,601,0
286,2.7725,10.3826,0.0007,0.0000,0,0,0.0000,0,0.0000,0,0,0,745,0
287,2.8027,10.3213,0.0007,0.0000,0,0,0.0000,0,0.0000,0,0,0,700,0
288,5.0686,5.7151,0.0019,0.0000,0,0,0.0000,0,0.0000,0,0,0,601,0
289,2.7870,5.4533,0.0010,0.0000,0,0,0.0000,0,0.0000,0,0,0,601,0
290,2.7725,10.4092,0.0008,0.0000,0,0,0.0000,0,0.0000,0,0,0,737,0
291,2.8027,10.3573,0.0007,0.0000,0,0,0.0000,0,0.0000,0,0,0,706,0
292,5.0686,5.6835,0.0008,0.0000,0,0,0.0000,0,0.0000,0,0,0,601,0
293,2.7870,5.4855,0.0008,0.0000,0,0,0.0000,0,0.0000,0,0,0,601,0
294,2.7725,10.4050,0.0008,0.0000,0,0,0.0000,0,0.0000,0,0,0,718,0
295,2.8027,10.3571,0.0007,0.0000,0,0,0.0000,0,0.0000,0,0,0,723,0
296,5.0686,5.6320,0.0021,0.0000,0,0,0.0000,0,0.0000,0,0,0,601,0
297,2.7870,5.4903,0.0007,0.0000,0,0,0.0000,0,0.0000,0,0,0,601,0
298,2.7725,10.5036,0.0010,0.0000,0,0,0.0000,0,0.0000,0,0,0,719,0
299,2.8027,10.4541,0.0006,0.0000,0,0,0.0000,0,0.0000,0,0,0,714,0
300,5.0686,5.7120,0.0010,0.0000,0,0,0.0000,0,0.0000,0,0,0,601,0
301,2.7870,5.5195,0.0009,0.0000,0,0,0.0000,0,0.0000,0,0,0,601,0
302,2.7725,10.4902,0.0009,0.0000,0,0,0.0000,0,0.0000,0,0,0,747,0
303,2.8027,10.4034,0.0008,0.0000,0,0,0.0000,0,0.0000,0,0,0,769,0
304,5.0686,5.7043,0.0017,0.0000,0,0,0.0000,0,0.0000,0,0,0,601,0
305,2.7870,5.5403,0.0012,0.0000,0,0,0.0000,0,0.0000,0,0,0,601,0
306,2.7725,10.4831,0.0190,0.0000,0,0,0.0000,0,0.0000,0,0,0,696,0
307,2.8027,10.4430,0.0010,0.0000,0,0,0.0000,0,0.0000,0,0,0,704,0
308,5.0686,5.8487,0.0015,0.0000,0,0,0.0000,0,0.0000,0,0,0,601,0
309,2.7870,5.6170,0.0012,0.0000,0,0,0.0000,0,0.0000,0,0,0,601,0
310,2.7725,10.4960,0.0011,0.0000,0,0,0.0000,0,0.0000,0,0,0,696,0
311,2.8027,10.4437,0.0011,0.0000,0,0,0.0000,0,0.0000,0,0,0,707,0
312,5.0686,5.8845,0.0019,0.0000,0,0,0.0000,0,0.0000,0,0,0,601,0
313,2.7870,5.6910,0.0019,0.0000,0,0,0.0000,0,0.0000,0,0,0,601,0
314,2.7725,10.4376,0.0015,0.0000,0,0,0.0000,0,0.0000,0,0,0,696,0
315,2.8027,10.3331,0.0011,0.0000,0,0,0.0000,0,0.0000,0,0,0,714,0
316,5.0686,5.7528,0.0025,0.0000,0,0,0.0000,0,0.0000,0,0,0,601,0
317,2.7870,5.5511,0.0011,0.0000,0,0,0.0000,0,0.0000,0,0,0,601,0
318,2.7725,10.3789,0.0027,0.0000,0,0,0.0000,0,0.0000,0,0,0,696,0
319,2.8027,10.2984,0.0018,0.0000,0,0,0.0000,0,0.0000,0,0,0,709,0
320,5.0686,5.9405,0.0038,0.0000,0,0,0.0000,0,0.0000,0,0,0,601,0
321,2.7870,5.6029,0.0038,0.0000,0,0,0.0000,0,0.0000,0,0,0,601,0
322,2.7725,12.7970,0.0059,0.0000,0,0,0.0000,0,0.0000,0,0,0,696,0
323,2.8027,12.6458,0.0059,0.0000,0,0,0.0000,0,0.0000,0,0,0,732,0
324,5.0686,6.3985,0.0057,0.0000,0,0,0.0000,0,0.0000,0,0,0,601,0
325,2.7870,5.8730,0.0017,0.0000,0,0,0.0000,0,0.0000,0,0,0,601,0
326,2.7725,13.3893,0.0063,0.0000,0,0,0.0000,0,0.0000,0,0,0,696,0
327,2.8027,13.3475,0.0030,0.0000,0,0,0.0000,0,0.0000,0,0,0,719,0
328,5.0686,7.2161,0.0094,0.0000,0,0,0.0000,0,0.0000,0,0,0,601,0
329,2.7870,5.9124,0.0093,0.0000,0,0,0.0000,0,0.0000,0,0,0,601,0
330,2.7725,9.8996,0.0016,0.0000,0,0,0.0000,0,0.0000,0,0,0,708,0
331,2.8027,10.0778,0.0016,0.0000,0,0,0.0000,0,0.0000,0,0,0,751,0
332,5.0686,8.0943,0.0064,0.0000,0,0,0.0000,0,0.0000,0,0,0,601,0
333,2.7870,7.2944,0.0017,0.0000,0,0,0.0000,0,0.0000,0,0,0,601,0
334,2.7725,10.4363,0.0047,0.0000,0,0,0.0000,0,0.0000,0,0,0,708,0
335,2.8027,10.3209,0.0013,0.0000,0,0,0.0000,0,0.0000,0,0,0,696,0
336,5.0686,6.2748,0.0051,0.0000,0,0,0.0000,0,0.0000,0,0,0,601,0
337,2.7870,5.7765,0.0040,0.0000,0,0,0.0000,0,0.0000,0,0,0,601,0
338,2.7725,10.3699,0.0031,0.0000,0,0,0.0000,0,0.0000,0,0,0,706,0
339,2.8027,10.1564,0.0022,0.0000,0,0,0.0000,0,0.0000,0,0,0,701,0
340,5.0686,6.0318,0.0055,0.0000,0,0,0.0000,0,0.0000,0,0,0,601,0
341,2.7870,5.7230,0.0019,0.0000,0,0,0.0000,0,0.0000,0,0,0,601,0
342,2.7725,10.4284,0.0014,0.0000,0,0,0.0000,0,0.0000,0,0,0,707,0
343,2.8027,10.4293,0.0010,0.0000,0,0,0.0000,0,0.0000,0,0,0,703,0
344,5.0686,6.1495,0.0059,0.0000,0,0,0.0000,0,0.0000,0,0,0,601,0
345,2.7870,5.7403,0.0022,0.0000,0,0,0.0000,0,0.0000,0,0,0,601,0
346,2.7725,10.4020,0.0018,0.0000,0,0,0.0000,0,0.0000,0,0,0,723,0
347,2.8027,10.2655,0.0018,0.0000,0,0,0.0000,0,0.0000,0,0,0,707,0
348,5.0686,7.6466,0.0052,0.0000,0,0,0.0000,0,0.0000,0,0,0,601,0
349,2.7870,6.3293,0.0052,0.0000,0,0,0.0000,0,0.0000,0,0,0,601,0
350,2.7725,9.6158,0.0061,0.0000,0,0,0.0000,0,0.0000,0,0,0,696,0
351,2.8027,16.6865,0.0079,0.0000,0,0,0.0000,0,0.0000,0,0,0,708,0
352,5.0686,6.6910,0.0028,0.0000,0,0,0.0000,0,0.0000,0,0,0,601,0
353,2.7870,5.6793,0.0017,0.0000,0,0,0.0000,0,0.0000,0,0,0,601,0
354,2.7725,10.2867,0.0083,0.0000,0,0,0.0000,0,0.0000,0,0,0,696,0
355,2.8027,10.0836,0.0022,0.0000,0,0,0.0000,0,0.0000,0,0,0,712,0
356,5.0686,7.4281,0.0026,0.0000,0,0,0.0000,0,0.0000,0,0,0,601,0
357,2.7870,6.6671,0.0020,0.0000,0,0,0.0000,0,0.0000,0,0,0,601,0
358,2.7725,10.2370,0.0027,0.0000,0,0,0.0000,0,0.0000,0,0,0,696,0
359,2.8027,6.9745,0.0018,0.0000,0,0,0.0000,0,0.0000,0,0,0,754,0
360,5.0686,8.3619,0.0091,0.0000,0,0,0.0000,0,0.0000,0,0,0,601,0
361,2.7870,7.5855,0.0012,0.0000,0,0,0.0000,0,0.0000,0,0,0,601,0
362,2.7725,10.7407,0.0052,0.0000,0,0,0.0000,0,0.0000,0,0,0,696,0
363,2.8027,10.6365,0.0012,0.0000,0,0,0.0000,0,0.0000,0,0,0,696,0
364,5.0686,6.8995,0.0074,0.0000,0,0,0.0000,0,0.0000,0,0,0,601,0
365,2.7870,6.5927,0.0020,0.0000,0,0,0.0000,0,0.0000,0,0,0,601,0
366,2.7725,10.4390,0.0043,0.0000,0,0,0.0000,0,0.0000,0,0,0,701,0
367,2.8027,10.0105,0.0029,0.0000,0,0,0.0000,0,0.0000,0,0,0,706,0
368,5.0686,6.3009,0.0064,0.0000,0,0,0.0000,0,0.0000,0,0,0,601,0
369,2.7870,5.7683,0.0063,0.0000,0,0,0.0000,0,0.0000,0,0,0,601,0
370,2.7725,10.4335,0.0048,0.0000,0,0,0.0000,0,0.0000,0,0,0,696,0
371,2.8027,10.2490,0.0018,0.0000,0,0,0.0000,0,0.0000,0,0,0,700,0
372,5.0686,8.2242,0.0020,0.0000,0,0,0.0000,0,0.0000,0,0,0,601,0
373,2.7870,7.2193,0.0084,0.0000,0,0,0.0000,0,0.0000,0,0,0,601,0
374,2.7725,11.0400,0.0069,0.0000,0,0,0.0000,0,0.0000,0,0,0,707,0
375,2.8027,10.8084,0.0068,0.0000,0,0,0.0000,0,0.0000,0,0,0,704,0
376,5.0686,6.4392,0.0066,0.0000,0,0,0.0000,0,0.0000,0,0,0,601,0
377,2.7870,5.8521,0.0024,0.0000,0,0,0.0000,0,0.0000,0,0,0,601,0
378,2.7725,10.0740,0.0025,0.0000,0,0,0.0000,0,0.0000,0,0,0,701,0
379,2.8027,9.8031,0.0015,0.0000,0,0,0.0000,0,0.0000,0,0,0,715,0
380,5.0686,13.4947,0.0115,0.0000,0,0,0.0000,0,0.0000,0,0,0,601,0
381,2.7870,13.3741,0.0027,0.0000,0,0,0.0000,0,0.0000,0,0,0,601,0
382,2.7725,13.1944,0.0011,0.0000,0,0,0.0000,0,0.0000,0,0,0,702,0
383,2.8027,13.1264,0.0011,0.0000,0,0,0.0000,0,0.0000,0,0,0,700,0
384,5.0686,7.6299,0.0020,0.0000,0,0,0.0000,0,0.0000,0,0,0,601,0
385,2.7870,6.4692,0.0047,0.0000,0,0,0.0000,0,0.0000,0,0,0,601,0
386,2.7725,10.6085,0.0047,0.0000,0,0,0.0000,0,0.0000,0,0,0,711,0
387,2.8027,10.5055,0.0020,0.0000,0,0,0.0000,0,0.0000,0,0,0,764,0
388,5.0686,6.4843,0.0055,0.0000,0,0,0.0000,0,0.0000,0,0,0,601,0
389,2.7870,5.6935,0.0055,0.0000,0,0,0.0000,0,0.0000,0,0,0,601,0
390,2.7725,10.4417,0.0037,0.0000,0,0,0.0000,0,0.0000,0,0,0,722,0
391,2.8027,10.2253,0.0037,0.0000,0,0,0.0000,0,0.0000,0,0,0,696,0
392,5.0686,6.6267,0.0063,0.0000,0,0,0.0000,0,0.0000,0,0,0,601,0
393,2.7870,5.6722,0.0015,0.0000,0,0,0.0000,0,0.0000,0,0,0,601,0
394,2.7725,11.3205,0.0052,0.0000,0,0,0.0000,0,0.0000,0,0,0,696,0
395,2.8027,11.2585,0.0011,0.0000,0,0,0.0000,0,0.0000,0,0,0,696,0
396,5.0686,6.4728,0.0030,0.0000,0,0,0.0000,0,0.0000,0,0,0,601,0
397,2.7870,5.6710,0.0015,0.0000,0,0,0.0000,0,0.0000,0,0,0,601,0
398,2.7725,10.4337,0.0038,0.0000,0,0,0.0000,0,0.0000,0,0,0,696,0
399,2.8027,10.2222,0.0038,0.0000,0,0,0.0000,0,0.0000,0,0,0,696,0
400,5.0686,6.8937,0.0059,0.0000,0,0,0.0000,0,0.0000,0,0,0,601,0
401,2.7870,6.1200,0.0060,0.0000,0,0,0.0000,0,0.0000,0,0,0,601,0
402,2.7725,10.2851,0.0018,0.0000,0,0,0.0000,0,0.0000,0,0,0,696,0
403,2.8027,10.1562,0.0013,0.0000,0,0,0.0000,0,0.0000,0,0,0,700,0
404,5.0686,6.6996,0.0050,0.0000,0,0,0.0000,0,0.0000,0,0,0,601,0
405,2.7870,5.7859,0.0050,0.0000,0,0,0.0000,0,0.0000,0,0,0,601,0
406,2.7725,10.7007,0.0033,0.0000,0,0,0.0000,0,0.0000,0,0,0,705,0
407,2.8027,10.5909,0.0013,0.0000,0,0,0.0000,0,0.0000,0,0,0,702,0
408,5.0686,6.4155,0.0055,0.0000,0,0,0.0000,0,0.0000,0,0,0,601,0
409,2.7870,5.6940,0.0018,0.0000,0,0,0.0000,0,0.0000,0,0,0,601,0
410,2.7725,10.4518,0.0044,0.0000,0,0,0.0000,0,0.0000,0,0,0,708,0
411,2.8027,10.3817,0.0014,0.0000,0,0,0.0000,0,0.0000,0,0,0,706,0
412,5.0686,6.4563,0.0066,0.0000,0,0,0.0000,0,0.0000,0,0,0,601,0
413,2.7870,5.7145,0.0019,0.0000,0,0,0.0000,0,0.0000,0,0,0,601,0
414,2.7725,9.3438,0.0033,0.0000,0,0,0.0000,0,0.0000,0,0,0,707,0
415,2.8027,9.6002,0.0016,0.0000,0,0,0.0000,0,0.0000,0,0,0,721,0
416,5.0686,6.7684,0.0069,0.0000,0,0,0.0000,0,0.0000,0,0,0,601,0
417,2.7870,5.8532,0.0011,0.0000,0,0,0.0000,0,0.0000,0,0,0,601,0
418,2.7725,9.0565,0.0015,0.0000,0,0,0.0000,0,0.0000,0,0,0,708,0
419,2.8027,8.3313,0.0115,0.0000,0,0,0.0000,0,0.0000,0,0,0,696,0
420,5.0686,7.5549,0.0065,0.0000,0,0,0.0000,0,0.0000,0,0,0,601,0
421,2.7870,6.7644,0.0019,0.0000,0,0,0.0000,0,0.0000,0,0,0,601,0
422,2.7725,15.4370,0.0068,0.0000,0,0,0.0000,0,0.0000,0,0,0,706,0
423,2.8027,15.2105,0.0068,0.0000,0,0,0.0000,0,0.0000,0,0,0,696,0
424,5.0686,8.0039,0.0019,0.0000,0,0,0.0000,0,0.0000,0,0,0,601,0
425,2.7870,7.1200,0.0053,0.0000,0,0,0.0000,0,0.0000,0,0,0,601,0
426,2.7725,10.4951,0.0020,0.0000,0,0,0.0000,0,0.0000,0,0,0,711,0
427,2.8027,10.3108,0.0013,0.0000,0,0,0.0000,0,0.0000,0,0,0,696,0
428,5.0686,6.8908,0.0050,0.0000,0,0,0.0000,0,0.0000,0,0,0,601,0
429,2.7870,5.9931,0.0016,0.0000,0,0,0.0000,0,0.0000,0,0,0,601,0
430,2.7725,8.6362,0.0019,0.0000,0,0,0.0000,0,0.0000,0,0,0,706,0
431,2.8027,10.4995,0.0071,0.0000,0,0,0.0000,0,0.0000,0,0,0,702,0
432,5.0686,7.6021,0.0012,0.0000,0,0,0.0000,0,0.0000,0,0,0,601,0
433,2.7870,6.6086,0.0086,0.0000,0,0,0.0000,0,0.0000,0,0,0,601,0
434,2.7725,10.5986,0.0050,0.0000,0,0,0.0000,0,0.0000,0,0,0,748,0
435,2.8027,10.3441,0.0047,0.0000,0,0,0.0000,0,0.0000,0,0,0,702,0
436,5.0686,7.4121,0.0103,0.0000,0,0,0.0000,0,0.0000,0,0,0,601,0
437,2.7870,6.1518,0.0103,0.0000,0,0,0.0000,0,0.0000,0,0,0,601,0
438,2.7725,11.4685,0.0093,0.0000,0,0,0.0000,0,0.0000,0,0,0,696,0
439,2.8027,11.5388,0.0025,0.0000,0,0,0.0000,0,0.0000,0,0,0,702,0
440,5.0686,7.0534,0.0084,0.0000,0,0,0.0000,0,0.0000,0,0,0,601,0
441,2.7870,6.1165,0.0022,0.0000,0,0,0.0000,0,0.0000,0,0,0,601,0
442,2.7725,12.8255,0.0093,0.0000,0,0,0.0000,0,0.0000,0,0,0,696,0
443,2.8027,12.7555,0.0014,0.0000,0,0,0.0000,0,0.0000,0,0,0,742,0
444,5.0686,8.4429,0.0074,0.0000,0,0,0.0000,0,0.0000,0,0,0,601,0
445,2.7870,7.3903,0.0018,0.0000,0,0,0.0000,0,0.0000,0,0,0,601,0
446,2.7725,10.5998,0.0102,0.0000,0,0,0.0000,0,0.0000,0,0,0,696,0
447,2.8027,10.2958,0.0097,0.0000,0,0,0.0000,0,0.0000,0,0,0,696,0
448,5.0686,10.2963,0.0057,0.0000,0,0,0.0000,0,0.0000,0,0,0,601,0
449,2.7870,9.1810,0.0057,0.0000,0,0,0.0000,0,0.0000,0,0,0,601,0
450,2.7725,10.1512,0.0041,0.0000,0,0,0.0000,0,0.0000,0,0,0,696,0
451,2.8027,9.8836,0.0014,0.0000,0,0,0.0000,0,0.0000,0,0,0,696,0
452,5.0686,8.1627,0.0115,0.0000,0,0,0.0000,0,0.0000,0,0,0,601,0
453,2.7870,7.1715,0.0025,0.0000,0,0,0.0000,0,0.0000,0,0,0,601,0
454,2.7725,11.6790,0.0083,0.0000,0,0,0.0000,0,0.0000,0,0,0,702,0
455,2.8027,11.5612,0.0021,0.0000,0,0,0.0000,0,0.0000,0,0,0,696,0
456,5.0686,7.8795,0.0083,0.0000,0,0,0.0000,0,0.0000,0,0,0,601,0
457,2.7870,6.9017,0.0022,0.0000,0,0,0.0000,0,0.0000,0,0,0,601,0
458,2.7725,12.2043,0.0096,0.0000,0,0,0.0000,0,0.0000,0,0,0,701,0
459,2.8027,12.3150,0.0027,0.0000,0,0,0.0000,0,0.0000,0,0,0,696,0
460,5.0686,7.0892,0.0095,0.0000,0,0,0.0000,0,0.0000,0,0,0,601,0
461,2.7870,6.1512,0.0013,0.0000,0,0,0.0000,0,0.0000,0,0,0,601,0
462,2.7725,11.9304,0.0096,0.0000,0,0,0.0000,0,0.0000,0,0,0,704,0
463,2.8027,11.3748,0.0018,0.0000,0,0,0.0000,0,0.0000,0,0,0,701,0
464,5.0686,6.7715,0.0078,0.0000,0,0,0.0000,0,0.0000,0,0,0,601,0
465,2.7870,6.0825,0.0027,0.0000,0,0,0.0000,0,0.0000,0,0,0,601,0
466,2.7725,8.7531,0.0070,0.0000,0,0,0.0000,0,0.0000,0,0,0,701,0
467,2.8027,12.0520,0.0083,0.0000,0,0,0.0000,0,0.0000,0,0,0,700,0
468,5.0686,7.1928,0.0040,0.0000,0,0,0.0000,0,0.0000,0,0,0,601,0
469,2.7870,5.8242,0.0013,0.0000,0,0,0.0000,0,0.0000,0,0,0,601,0
470,2.7725,14.5024,0.0119,0.0000,0,0,0.0000,0,0.0000,0,0,0,701,0
471,2.8027,14.2643,0.0120,0.0000,0,0,0.0000,0,0.0000,0,0,0,720,0
472,5.0686,6.9633,0.0062,0.0000,0,0,0.0000,0,0.0000,0,0,0,601,0
473,2.7870,6.1727,0.0017,0.0000,0,0,0.0000,0,0.0000,0,0,0,601,0
474,2.7725,10.5346,0.0033,0.0000,0,0,0.0000,0,0.0000,0,0,0,702,0
475,2.8027,10.4226,0.0038,0.0000,0,0,0.0000,0,0.0000,0,0,0,696,0
476,5.0686,6.7098,0.0061,0.0000,0,0,0.0000,0,0.0000,0,0,0,601,0
477,2.7870,5.9230,0.0019,0.0000,0,0,0.0000,0,0.0000,0,0,0,601,0
478,2.7725,10.2190,0.0400,0.0000,0,0,0.0000,0,0.0000,0,0,0,712,0
479,2.8027,10.1657,0.0026,0.0000,0,0,0.0000,0,0.0000,0,0,0,696,0
480,5.0686,7.1326,0.0088,0.0000,0,0,0.0000,0,0.0000,0,0,0,601,0
481,2.7870,6.2452,0.0030,0.0000,0,0,0.0000,0,0.0000,0,0,0,601,0
482,2.7725,10.3588,0.0073,0.0000,0,0,0.0000,0,0.0000,0,0,0,696,0
483,2.8027,9.9929,0.0050,0.0000,0,0,0.0000,0,0.0000,0,0,0,696,0
484,5.0686,7.3309,0.0085,0.0000,0,0,0.0000,0,0.0000,0,0,0,601,0
485,2.7870,6.4347,0.0018,0.0000,0,0,0.0000,0,0.0000,0,0,0,601,0
486,2.7725,10.4076,0.0038,0.0000,0,0,0.0000,0,0.0000,0,0,0,696,0
487,2.8027,10.0960,0.0037,0.0000,0,0,0.0000,0,0.0000,0,0,0,696,0
488,5.0686,7.2688,0.0055,0.0000,0,0,0.0000,0,0.0000,0,0,0,601,0
489,2.7870,6.3285,0.0025,0.0000,0,0,0.0000,0,0.0000,0,0,0,601,0
490,2.7725,10.1315,0.0052,0.0000,0,0,0.0000,0,0.0000,0,0,0,696,0
491,2.8027,9.9233,0.0027,0.0000,0,0,0.0000,0,0.0000,0,0,0,705,0
492,5.0686,7.0887,0.0108,0.0000,0,0,0.0000,0,0.0000,0,0,0,601,0
493,2.7870,6.1037,0.0023,0.0000,0,0,0.0000,0,0.0000,0,0,0,601,0
494,2.7725,10.2296,0.0031,0.0000,0,0,0.0000,0,0.0000,0,0,0,696,0
495,2.8027,10.0237,0.0023,0.0000,0,0,0.0000,0,0.0000,0,0,0,704,0
496,5.0686,6.5594,0.0070,0.0000,0,0,0.0000,0,0.0000,0,0,0,601,0
497,2.7870,5.8741,0.0030,0.0000,0,0,0.0000,0,0.0000,0,0,0,601,0
498,2.7725,10.1623,0.0063,0.0000,0,0,0.0000,0,0.0000,0,0,0,706,0
499,2.8027,9.9774,0.0025,0.0000,0,0,0.0000,0,0.0000,0,0,0,711,0
500,5.0686,6.2132,0.0041,0.0000,0,0,0.0000,0,0.0000,0,0,0,601,0
501,2.7870,5.7940,0.0025,0.0000,0,0,0.0000,0,0.0000,0,0,0,601,0
502,2.7725,10.1231,0.0054,0.0000,0,0,0.0000,0,0.0000,0,0,0,702,0
503,2.8027,9.8657,0.0022,0.0000,0,0,0.0000,0,0.0000,0,0,0,696,0
504,5.0686,7.6033,0.0071,0.0000,0,0,0.0000,0,0.0000,0,0,0,601,0
505,2.7870,6.8564,0.0032,0.0000,0,0,0.0000,0,0.0000,0,0,0,601,0
506,2.7725,10.0221,0.0045,0.0000,0,0,0.0000,0,0.0000,0,0,0,702,0
507,2.8027,9.8340,0.0013,0.0000,0,0,0.0000,0,0.0000,0,0,0,696,0
508,5.0686,7.3815,0.0066,0.0000,0,0,0.0000,0,0.0000,0,0,0,601,0
509,2.7870,6.7220,0.0031,0.0000,0,0,0.0000,0,0.0000,0,0,0,601,0
510,2.7725,10.1066,0.0028,0.0000,0,0,0.0000,0,0.0000,0,0,0,696,0
511,2.8027,10.0380,0.0024,0.0000,0,0,0.0000,0,0.0000,0,0,0,696,0
512,5.0686,6.2134,0.0043,0.0000,0,0,0.0000,0,0.0000,0,0,0,601,0
513,2.7870,5.7646,0.0022,0.0000,0,0,0.0000,0,0.0000,0,0,0,601,0
514,2.7725,10.4355,0.0039,0.0000,0,0,0.0000,0,0.0000,0,0,0,696,0
515,2.8027,10.1317,0.0010,0.0000,0,0,0.0000,0,0.0000,0,0,0,696,0
516,5.0686,6.4681,0.0070,0.0000,0,0,0.0000,0,0.0000,0,0,0,601,0
517,2.7870,5.8958,0.0023,0.0000,0,0,0.0000,0,0.0000,0,0,0,601,0
518,2.7725,10.0569,0.0035,0.0000,0,0,0.0000,0,0.0000,0,0,0,696,0
519,2.8027,9.9505,0.0025,0.0000,0,0,0.0000,0,0.0000,0,0,0,701,0
520,5.0686,6.4299,0.0045,0.0000,0,0,0.0000,0,0.0000,0,0,0,601,0
521,2.7870,5.7299,0.0013,0.0000,0,0,0.0000,0,0.0000,0,0,0,601,0
522,2.7725,9.6180,0.0018,0.0000,0,0,0.0000,0,0.0000,0,0,0,709,0
523,2.8027,7.8720,0.0014,0.0000,0,0,0.0000,0,0.0000,0,0,0,696,0
524,5.0686,6.2837,0.0061,0.0000,0,0,0.0000,0,0.0000,0,0,0,601,0
525,2.7870,6.0296,0.0028,0.0000,0,0,0.0000,0,0.0000,0,0,0,601,0
526,2.7725,10.0246,0.0057,0.0000,0,0,0.0000,0,0.0000,0,0,0,696,0
527,2.8027,9.9066,0.0026,0.0000,0,0,0.0000,0,0.0000,0,0,0,707,0
528,5.0686,6.4035,0.0047,0.0000,0,0,0.0000,0,0.0000,0,0,0,601,0
529,2.7870,5.7891,0.0018,0.0000,0,0,0.0000,0,0.0000,0,0,0,601,0
530,2.7725,10.0124,0.0045,0.0000,0,0,0.0000,0,0.0000,0,0,0,696,0
531,2.8027,10.1822,0.0029,0.0000,0,0,0.0000,0,0.0000,0,0,0,698,0
532,5.0686,6.4151,0.0050,0.0000,0,0,0.0000,0,0.0000,0,0,0,601,0
533,2.7870,5.7663,0.0020,0.0000,0,0,0.0000,0,0.0000,0,0,0,601,0
534,2.7725,10.8473,0.0045,0.0000,0,0,0.0000,0,0.0000,0,0,0,696,0
535,2.8027,10.5034,0.0017,0.0000,0,0,0.0000,0,0.0000,0,0,0,696,0
536,5.0686,7.1436,0.0065,0.0000,0,0,0.0000,0,0.0000,0,0,0,601,0
537,2.7870,6.3872,0.0031,0.0000,0,0,0.0000,0,0.0000,0,0,0,601,0
538,2.7725,9.9116,0.0041,0.0000,0,0,0.0000,0,0.0000,0,0,0,696,0
539,2.8027,9.9049,0.0028,0.0000,0,0,0.0000,0,0.0000,0,0,0,696,0
540,5.0686,7.3895,0.0071,0.0000,0,0,0.0000,0,0.0000,0,0,0,601,0
541,2.7870,6.1722,0.0072,0.0000,0,0,0.0000,0,0.0000,0,0,0,601,0
542,2.7725,9.7789,0.0059,0.0000,0,0,0.0000,0,0.0000,0,0,0,696,0
543,2.8027,9.7673,0.0030,0.0000,0,0,0.0000,0,0.0000,0,0,0,696,0
544,5.0686,6.4979,0.0057,0.0000,0,0,0.0000,0,0.0000,0,0,0,601,0
545,2.7870,5.8716,0.0030,0.0000,0,0,0.0000,0,0.0000,0,0,0,601,0
546,2.7725,10.3975,0.0066,0.0000,0,0,0.0000,0,0.0000,0,0,0,696,0
547,2.8027,10.0213,0.0031,0.0000,0,0,0.0000,0,0.0000,0,0,0,696,0
548,5.0686,6.5155,0.0067,0.0000,0,0,0.0000,0,0.0000,0,0,0,601,0
549,2.7870,6.1378,0.0026,0.0000,0,0,0.0000,0,0.0000,0,0,0,601,0
550,2.7725,9.7675,0.0050,0.0000,0,0,0.0000,0,0.0000,0,0,0,696,0
551,2.8027,9.9034,0.0030,0.0000,0,0,0.0000,0,0.0000,0,0,0,696,0
552,5.0686,6.2734,0.0056,0.0000,0,0,0.0000,0,0.0000,0,0,0,601,0
553,2.7870,5.7396,0.0018,0.0000,0,0,0.0000,0,0.0000,0,0,0,601,0
554,2.7725,10.1647,0.0055,0.0000,0,0,0.0000,0,0.0000,0,0,0,696,0
555,2.8027,9.9519,0.0027,0.0000,0,0,0.0000,0,0.0000,0,0,0,706,0
556,5.0686,7.9358,0.0056,0.0000,0,0,0.0000,0,0.0000,0,0,0,601,0
557,2.7870,7.1208,0.0025,0.0000,0,0,0.0000,0,0.0000,0,0,0,601,0
558,2.7725,9.9119,0.0017,0.0000,0,0,0.0000,0,0.0000,0,0,0,696,0
559,2.8027,9.8069,0.0013,0.0000,0,0,0.0000,0,0.0000,0,0,0,696,0
560,5.0686,6.4372,0.0047,0.0000,0,0,0.0000,0,0.0000,0,0,0,601,0
561,2.7870,5.8178,0.0017,0.0000,0,0,0.0000,0,0.0000,0,0,0,601,0
562,2.7725,10.3030,0.0062,0.0000,0,0,0.0000,0,0.0000,0,0,0,696,0
563,2.8027,10.2517,0.0024,0.0000,0,0,0.0000,0,0.0000,0,0,0,696,0
564,5.0686,7.6807,0.0047,0.0000,0,0,0.0000,0,0.0000,0,0,0,601,0
565,2.7870,6.6858,0.0020,0.0000,0,0,0.0000,0,0.0000,0,0,0,601,0
566,2.7725,10.2838,0.0034,0.0000,0,0,0.0000,0,0.0000,0,0,0,701,0
567,2.8027,9.9935,0.0016,0.0000,0,0,0.0000,0,0.0000,0,0,0,696,0
568,5.0686,7.1792,0.0048,0.0000,0,0,0.0000,0,0.0000,0,0,0,601,0
569,2.7870,6.2377,0.0048,0.0000,0,0,0.0000,0,0.0000,0,0,0,601,0
570,2.7725,9.9494,0.0032,0.0000,0,0,0.0000,0,0.0000,0,0,0,696,0
571,2.8027,9.7934,0.0014,0.0000,0,0,0.0000,0,0.0000,0,0,0,696,0
572,5.0686,7.3426,0.0067,0.0000,0,0,0.0000,0,0.0000,0,0,0,601,0
573,2.7870,6.6243,0.0030,0.0000,0,0,0.0000,0,0.0000,0,0,0,601,0
574,2.7725,10.0502,0.0038,0.0000,0,0,0.0000,0,0.0000,0,0,0,696,0
575,2.8027,9.9421,0.0028,0.0000,0,0,0.0000,0,0.0000,0,0,0,696,0
576,5.0686,6.1884,0.0040,0.0000,0,0,0.0000,0,0.0000,0,0,0,601,0
577,2.7870,6.1913,0.0031,0.0000,0,0,0.0000,0,0.0000,0,0,0,601,0
578,2.7725,10.0271,0.0040,0.0000,0,0,0.0000,0,0.0000,0,0,0,696,0
579,2.8027,9.9579,0.0025,0.0000,0,0,0.0000,0,0.0000,0,0,0,696,0
580,5.0686,6.7037,0.0074,0.0000,0,0,0.0000,0,0.0000,0,0,0,601,0
581,2.7870,5.9098,0.0023,0.0000,0,0,0.0000,0,0.0000,0,0,0,601,0
582,2.7725,9.9536,0.0026,0.0000,0,0,0.0000,0,0.0000,0,0,0,696,0
583,2.8027,9.9754,0.0029,0.0000,0,0,0.0000,0,0.0000,0,0,0,706,0
584,5.0686,6.4776,0.0051,0.0000,0,0,0.0000,0,0.0000,0,0,0,601,0
585,2.7870,6.0009,0.0019,0.0000,0,0,0.0000,0,0.0000,0,0,0,601,0
586,2.7725,9.9803,0.0027,0.0000,0,0,0.0000,0,0.0000,0,0,0,696,0
587,2.8027,9.9503,0.0030,0.0000,0,0,0.0000,0,0.0000,0,0,0,696,0
588,5.0686,6.2085,0.0054,0.0000,0,0,0.0000,0,0.0000,0,0,0,601,0
589,2.7870,5.7914,0.0030,0.0000,0,0,0.0000,0,0.0000,0,0,0,601,0
590,2.7725,10.4255,0.0057,0.0000,0,0,0.0000,0,0.0000,0,0,0,696,0
591,2.8027,10.2055,0.0032,0.0000,0,0,0.0000,0,0.0000,0,0,0,696,0
592,5.0686,6.3205,0.0054,0.0000,0,0,0.0000,0,0.0000,0,0,0,601,0
593,2.7870,5.8295,0.0030,0.0000,0,0,0.0000,0,0.0000,0,0,0,601,0
594,2.7725,10.0314,0.0040,0.0000,0,0,0.0000,0,0.0000,0,0,0,696,0
595,2.8027,9.9486,0.0026,0.0000,0,0,0.0000,0,0.0000,0,0,0,696,0
596,5.0686,6.1491,0.0044,0.0000,0,0,0.0000,0,0.0000,0,0,0,601,0
597,2.7870,5.7685,0.0024,0.0000,0,0,0.0000,0,0.0000,0,0,0,601,0
598,2.7725,10.0214,0.0037,0.0000,0,0,0.0000,0,0.0000,0,0,0,696,0
599,2.8027,9.8307,0.0012,0.0000,0,0,0.0000,0,0.0000,0,0,0,703,0
600,5.0686,30.6829,0.0146,0.0000,0,0,0.0000,0,0.0000,0,1,0,60271,0
601,2.7870,32.8619,0.0125,0.0000,0,0,0.0000,0,0.0000,0,1,0,43482,0
602,2.7725,25.3593,0.0072,0.0000,0,0,0.0000,0,0.0000,0,1,0,59828,0
603,2.8027,25.3505,0.0111,0.0000,0,0,0.0000,0,0.0000,0,1,0,68126,0
604,5.0686,5.9859,0.0083,0.0000,0,0,0.0000,0,0.0000,0,0,0,16498,0
605,2.7870,5.7912,0.0081,0.0000,0,0,0.0000,0,0.0000,0,0,0,14403,0
606,2.7725,10.6707,0.0040,0.0000,0,0,0.0000,0,0.0000,0,0,0,17862,0
607,2.8027,10.6720,0.0058,0.0000,0,0,0.0000,0,0.0000,0,0,0,17138,0
608,5.0686,5.6792,0.0017,0.0000,0,0,0.0000,0,0.0000,0,0,0,9226,0
609,2.7870,5.5955,0.0012,0.0000,0,0,0.0000,0,0.0000,0,0,0,6914,0
610,2.7725,10.5648,0.0024,0.0000,0,0,0.0000,0,0.0000,0,0,0,11125,0
611,2.8027,10.4766,0.0016,0.0000,0,0,0.0000,0,0.0000,0,0,0,9621,0
612,5.0686,5.8250,0.0025,0.0000,0,0,0.0000,0,0.0000,0,0,0,17369,0
613,2.7870,5.6590,0.0023,0.0000,0,0,0.0000,0,0.0000,0,0,0,16755,0
614,2.7725,10.5798,0.0022,0.0000,0,0,0.0000,0,0.0000,0,0,0,19658,0
615,2.8027,10.5855,0.0046,0.0000,0,0,0.0000,0,0.0000,0,0,0,15622,0
616,5.0686,5.6727,0.0037,0.0000,0,0,0.0000,0,0.0000,0,0,0,23309,0
617,2.7870,5.5452,0.0100,0.0000,0,0,0.0000,0,0.0000,0,0,0,20346,0
618,2.7725,10.4523,0.0030,0.0000,0,0,0.0000,0,0.0000,0,0,0,22802,0
619,2.8027,10.4466,0.0026,0.0000,0,0,0.0000,0,0.0000,0,0,0,21407,0
620,5.0686,5.6596,0.0024,0.0000,0,0,0.0000,0,0.0000,0,0,0,13027,0
621,2.7870,5.6008,0.0018,0.0000,0,0,0.0000,0,0.0000,0,0,0,11737,0
622,2.7725,10.4291,0.0035,0.0000,0,0,0.0000,0,0.0000,0,0,0,12722,0
623,2.8027,10.4178,0.0028,0.0000,0,0,0.0000,0,0.0000,0,0,0,16214,0
624,5.0686,5.7096,0.0022,0.0000,0,0,0.0000,0,0.0000,0,0,0,7002,0
625,2.7870,5.5483,0.0013,0.0000,0,0,0.0000,0,0.0000,0,0,0,5132,0
626,2.7725,10.4105,0.0013,0.0000,0,0,0.0000,0,0.0000,0,0,0,7491,0
627,2.8027,10.3537,0.0014,0.0000,0,0,0.0000,0,0.0000,0,0,0,4790,0
628,5.0686,5.8905,0.0027,0.0000,0,0,0.0000,0,0.0000,0,0,0,3933,0
629,2.7870,5.6930,0.0016,0.0000,0,0,0.0000,0,0.0000,0,0,0,3799,0
630,2.7725,10.6584,0.0013,0.0000,0,0,0.0000,0,0.0000,0,0,0,4399,0
631,2.8027,10.6544,0.0010,0.0000,0,0,0.0000,0,0.0000,0,0,0,3276,0
632,5.0686,5.6742,0.0009,0.0000,0,0,0.0000,0,0.0000,0,0,0,3260,0
633,2.7870,5.5906,0.0008,0.0000,0,0,0.0000,0,0.0000,0,0,0,2850,0
634,2.7725,10.4367,0.0016,0.0000,0,0,0.0000,0,0.0000,0,0,0,3280,0
635,2.8027,10.3937,0.0008,0.0000,0,0,0.0000,0,0.0000,0,0,0,2761,0
636,5.0686,5.5914,0.0012,0.0000,0,0,0.0000,0,0.0000,0,0,0,3090,0
637,2.7870,5.5056,0.0009,0.0000,0,0,0.0000,0,0.0000,0,0,0,2691,0
638,2.7725,10.3824,0.0009,0.0000,0,0,0.0000,0,0.0000,0,0,0,3020,0
639,2.8027,10.3595,0.0008,0.0000,0,0,0.0000,0,0.0000,0,0,0,2648,0
640,5.0686,5.5992,0.0021,0.0000,0,0,0.0000,0,0.0000,0,0,0,2664,0
641,2.7870,5.4870,0.0013,0.0000,0,0,0.0000,0,0.0000,0,0,0,2213,0
642,2.7725,10.2585,0.0035,0.0000,0,0,0.0000,0,0.0000,0,0,0,1084,0
643,2.8027,10.2585,0.0013,0.0000,0,0,0.0000,0,0.0000,0,0,0,2638,0
644,5.0686,5.7510,0.0030,0.0000,0,0,0.0000,0,0.0000,0,0,0,1673,0
645,2.7870,5.5761,0.0015,0.0000,0,0,0.0000,0,0.0000,0,0,0,1302,0
646,2.7725,10.2933,0.0023,0.0000,0,0,0.0000,0,0.0000,0,0,0,959,0
647,2.8027,10.2599,0.0010,0.0000,0,0,0.0000,0,0.0000,0,0,0,2173,0
648,5.0686,5.8101,0.0030,0.0000,0,0,0.0000,0,0.0000,0,0,0,1538,0
649,2.7870,5.6048,0.0014,0.0000,0,0,0.0000,0,0.0000,0,0,0,1107,0
650,2.7725,10.4313,0.0033,0.0000,0,0,0.0000,0,0.0000,0,0,0,819,0
651,2.8027,10.3080,0.0010,0.0000,0,0,0.0000,0,0.0000,0,0,0,1668,0
652,5.0686,5.8607,0.0033,0.0000,0,0,0.0000,0,0.0000,0,0,0,1248,0
653,2.7870,5.5766,0.0015,0.0000,0,0,0.0000,0,0.0000,0,0,0,944,0
654,2.7725,10.4502,0.0025,0.0000,0,0,0.0000,0,0.0000,0,0,0,945,0
655,2.8027,10.3646,0.0009,0.0000,0,0,0.0000,0,0.0000,0,0,0,743,0
656,5.0686,5.8563,0.0027,0.0000,0,0,0.0000,0,0.0000,0,0,0,1198,0
657,2.7870,5.6475,0.0008,0.0000,0,0,0.0000,0,0.0000,0,0,0,836,0
658,2.7725,10.3555,0.0041,0.0000,0,0,0.0000,0,0.0000,0,0,0,1250,0
659,2.8027,10.3226,0.0025,0.0000,0,0,0.0000,0,0.0000,0,0,0,717,0
660,5.0686,5.8836,0.0023,0.0000,0,0,0.0000,0,0.0000,0,0,0,1168,0
661,2.7870,5.6798,0.0009,0.0000,0,0,0.0000,0,0.0000,0,0,0,792,0
662,2.7725,10.6695,0.0015,0.0000,0,0,0.0000,0,0.0000,0,0,0,1108,0
663,2.8027,10.6285,0.0012,0.0000,0,0,0.0000,0,0.0000,0,0,0,792,0
664,5.0686,5.7908,0.0022,0.0000,0,0,0.0000,0,0.0000,0,0,0,1037,0
665,2.7870,5.6230,0.0011,0.0000,0,0,0.0000,0,0.0000,0,0,0,722,0
666,2.7725,10.5394,0.0013,0.0000,0,0,0.0000,0,0.0000,0,0,0,1361,0
667,2.8027,10.5727,0.0007,0.0000,0,0,0.0000,0,0.0000,0,0,0,925,0
668,5.0686,5.9052,0.0023,0.0000,0,0,0.0000,0,0.0000,0,0,0,987,0
669,2.7870,5.7148,0.0006,0.0000,0,0,0.0000,0,0.0000,0,0,0,676,0
670,2.7725,10.5836,0.0015,0.0000,0,0,0.0000,0,0.0000,0,0,0,1198,0
671,2.8027,10.5712,0.0014,0.0000,0,0,0.0000,0,0.0000,0,0,0,1094,0
672,5.0686,5.8805,0.0025,0.0000,0,0,0.0000,0,0.0000,0,0,0,879,0
673,2.7870,5.7141,0.0013,0.0000,0,0,0.0000,0,0.0000,0,0,0,648,0
674,2.7725,10.5196,0.0010,0.0000,0,0,0.0000,0,0.0000,0,0,0,1117,0
675,2.8027,10.4900,0.0013,0.0000,0,0,0.0000,0,0.0000,0,0,0,1077,0
676,5.0686,5.7690,0.0018,0.0000,0,0,0.0000,0,0.0000,0,0,0,746,0
677,2.7870,5.5675,0.0011,0.0000,0,0,0.0000,0,0.0000,0,0,0,643,0
678,2.7725,10.5102,0.0034,0.0000,0,0,0.0000,0,0.0000,0,0,0,1064,0
679,2.8027,10.4200,0.0008,0.0000,0,0,0.0000,0,0.0000,0,0,0,1295,0
680,5.0686,5.8280,0.0015,0.0000,0,0,0.0000,0,0.0000,0,0,0,687,0
681,2.7870,5.7184,0.0013,0.0000,0,0,0.0000,0,0.0000,0,0,0,622,0
682,2.7725,10.2964,0.0015,0.0000,0,0,0.0000,0,0.0000,0,0,0,1368,0
683,2.8027,10.3194,0.0010,0.0000,0,0,0.0000,0,0.0000,0,0,0,709,0
684,5.0686,5.7177,0.0031,0.0000,0,0,0.0000,0,0.0000,0,0,0,716,0
685,2.7870,5.5724,0.0010,0.0000,0,0,0.0000,0,0.0000,0,0,0,620,0
686,2.7725,10.2520,0.0009,0.0000,0,0,0.0000,0,0.0000,0,0,0,710,0
687,2.8027,10.2875,0.0009,0.0000,0,0,0.0000,0,0.0000,0,0,0,715,0
688,5.0686,5.8185,0.0020,0.0000,0,0,0.0000,0,0.0000,0,0,0,717,0
689,2.7870,5.5555,0.0019,0.0000,0,0,0.0000,0,0.0000,0,0,0,613,0
690,2.7725,10.4247,0.0011,0.0000,0,0,0.0000,0,0.0000,0,0,0,696,0
691,2.8027,10.3693,0.0015,0.0000,0,0,0.0000,0,0.0000,0,0,0,724,0
692,5.0686,5.7972,0.0014,0.0000,0,0,0.0000,0,0.0000,0,0,0,685,0
693,2.7870,5.6550,0.0009,0.0000,0,0,0.0000,0,0.0000,0,0,0,617,0
694,2.7725,10.4112,0.0009,0.0000,0,0,0.0000,0,0.0000,0,0,0,755,0
695,2.8027,10.2602,0.0007,0.0000,0,0,0.0000,0,0.0000,0,0,0,779,0
696,5.0686,5.9646,0.0061,0.0000,0,0,0.0000,0,0.0000,0,0,0,664,0
697,2.7870,5.9022,0.0020,0.0000,0,0,0.0000,0,0.0000,0,0,0,622,0
698,2.7725,10.7011,0.0053,0.0000,0,0,0.0000,0,0.0000,0,0,0,785,0
699,2.8027,10.6022,0.0052,0.0000,0,0,0.0000,0,0.0000,0,0,0,906,0
700,5.0686,6.4506,0.0064,0.0000,0,0,0.0000,0,0.0000,0,0,0,636,0
701,2.7870,6.1978,0.0020,0.0000,0,0,0.0000,0,0.0000,0,0,0,626,0
702,2.7725,9.0134,0.0041,0.0000,0,0,0.0000,0,0.0000,0,0,0,868,0
703,2.8027,10.5708,0.0046,0.0000,0,0,0.0000,0,0.0000,0,0,0,830,0
704,5.0686,6.4468,0.0070,0.0000,0,0,0.0000,0,0.0000,0,0,0,635,0
705,2.7870,6.0255,0.0025,0.0000,0,0,0.0000,0,0.0000,0,0,0,608,0
706,2.7725,10.6645,0.0049,0.0000,0,0,0.0000,0,0.0000,0,0,0,801,0
707,2.8027,10.5220,0.0187,0.0000,0,0,0.0000,0,0.0000,0,0,0,966,0
708,5.0686,6.4909,0.0082,0.0000,0,0,0.0000,0,0.0000,0,0,0,650,0
709,2.7870,5.8319,0.0032,0.0000,0,0,0.0000,0,0.0000,0,0,0,606,0
710,2.7725,10.8764,0.0069,0.0000,0,0,0.0000,0,0.0000,0,0,0,1017,0
711,2.8027,10.6847,0.0021,0.0000,0,0,0.0000,0,0.0000,0,0,0,705,0
712,5.0686,6.2537,0.0066,0.0000,0,0,0.0000,0,0.0000,0,0,0,646,0
713,2.7870,5.8522,0.0025,0.0000,0,0,0.0000,0,0.0000,0,0,0,607,0
714,2.7725,10.6625,0.0070,0.0000,0,0,0.0000,0,0.0000,0,0,0,933,0
715,2.8027,10.4252,0.0069,0.0000,0,0,0.0000,0,0.0000,0,0,0,703,0
716,5.0686,6.6363,0.0076,0.0000,0,0,0.0000,0,0.0000,0,0,0,651,0
717,2.7870,5.7959,0.0076,0.0000,0,0,0.0000,0,0.0000,0,0,0,609,0
718,2.7725,12.5518,0.0073,0.0000,0,0,0.0000,0,0.0000,0,0,0,926,0
719,2.8027,12.2860,0.0073,0.0000,0,0,0.0000,0,0.0000,0,0,0,728,0
720,5.0686,6.8531,0.0085,0.0000,0,0,0.0000,0,0.0000,0,0,0,638,0
721,2.7870,6.0715,0.0023,0.0000,0,0,0.0000,0,0.0000,0,0,0,601,0
722,2.7725,10.5288,0.0038,0.0000,0,0,0.0000,0,0.0000,0,0,0,856,0
723,2.8027,10.0808,0.0020,0.0000,0,0,0.0000,0,0.0000,0,0,0,752,0
724,5.0686,6.5171,0.0067,0.0000,0,0,0.0000,0,0.0000,0,0,0,623,0
725,2.7870,5.8577,0.0066,0.0000,0,0,0.0000,0,0.0000,0,0,0,601,0
726,2.7725,10.9715,0.0086,0.0000,0,0,0.0000,0,0.0000,0,0,0,1082,0
727,2.8027,11.0274,0.0020,0.0000,0,0,0.0000,0,0.0000,0,0,0,805,0
728,5.0686,6.2725,0.0050,0.0000,0,0,0.0000,0,0.0000,0,0,0,626,0
729,2.7870,5.7330,0.0012,0.0000,0,0,0.0000,0,0.0000,0,0,0,601,0
730,2.7725,10.7259,0.0092,0.0000,0,0,0.0000,0,0.0000,0,0,0,712,0
731,2.8027,10.5665,0.0029,0.0000,0,0,0.0000,0,0.0000,0,0,0,775,0
732,5.0686,7.2142,0.0088,0.0000,0,0,0.0000,0,0.0000,0,0,0,622,0
733,2.7870,6.0755,0.0088,0.0000,0,0,0.0000,0,0.0000,0,0,0,601,0
734,2.7725,10.6092,0.0062,0.0000,0,0,0.0000,0,0.0000,0,0,0,709,0
735,2.8027,10.5079,0.0020,0.0000,0,0,0.0000,0,0.0000,0,0,0,911,0
736,5.0686,6.8814,0.0093,0.0000,0,0,0.0000,0,0.0000,0,0,0,611,0
737,2.7870,6.2669,0.0025,0.0000,0,0,0.0000,0,0.0000,0,0,0,601,0
738,2.7725,10.5240,0.1763,0.0000,0,0,0.0000,0,0.0000,0,0,0,723,0
739,2.8027,10.3598,0.0038,0.0000,0,0,0.0000,0,0.0000,0,0,0,698,0
740,5.0686,10.6841,0.0109,0.0000,0,0,0.0000,0,0.0000,0,0,0,618,0
741,2.7870,9.1248,0.0033,0.0000,0,0,0.0000,0,0.0000,0,0,0,601,0
742,2.7725,18.8286,0.0013,0.0000,0,0,0.0000,0,0.0000,0,0,0,744,0
743,2.8027,18.4031,0.0098,0.0000,0,0,0.0000,0,0.0000,0,0,0,696,0
744,5.0686,6.5410,0.0055,0.0000,0,0,0.0000,0,0.0000,0,0,0,605,0
745,2.7870,6.0896,0.0025,0.0000,0,0,0.0000,0,0.0000,0,0,0,601,0
746,2.7725,8.1025,0.0065,0.0000,0,0,0.0000,0,0.0000,0,0,0,786,0
747,2.8027,10.6243,0.0108,0.0000,0,0,0.0000,0,0.0000,0,0,0,704,0
748,5.0686,6.3243,0.0030,0.0000,0,0,0.0000,0,0.0000,0,0,0,606,0
749,2.7870,5.7663,0.0013,0.0000,0,0,0.0000,0,0.0000,0,0,0,601,0
750,2.7725,12.4023,0.0095,0.0000,0,0,0.0000,0,0.0000,0,0,0,780,0
751,2.8027,9.2630,0.0095,0.0000,0,0,0.0000,0,0.0000,0,0,0,741,0
752,5.0686,8.0083,0.0040,0.0000,0,0,0.0000,0,0.0000,0,0,0,605,0
753,2.7870,7.6002,0.0028,0.0000,0,0,0.0000,0,0.0000,0,0,0,601,0
754,2.7725,11.0092,0.0090,0.0000,0,0,0.0000,0,0.0000,0,0,0,808,0
755,2.8027,10.8455,0.0026,0.0000,0,0,0.0000,0,0.0000,0,0,0,758,0
756,5.0686,9.5369,0.0090,0.0000,0,0,0.0000,0,0.0000,0,0,0,606,0
757,2.7870,7.7055,0.0090,0.0000,0,0,0.0000,0,0.0000,0,0,0,601,0
758,2.7725,9.5246,0.0033,0.0000,0,0,0.0000,0,0.0000,0,0,0,795,0
759,2.8027,10.4275,0.0020,0.0000,0,0,0.0000,0,0.0000,0,0,0,738,0
760,5.0686,7.8905,0.0106,0.0000,0,0,0.0000,0,0.0000,0,0,0,601,0
761,2.7870,5.9804,0.0018,0.0000,0,0,0.0000,0,0.0000,0,0,0,601,0
762,2.7725,9.2557,0.0023,0.0000,0,0,0.0000,0,0.0000,0,0,0,771,0
763,2.8027,10.3452,0.0047,0.0000,0,0,0.0000,0,0.0000,0,0,0,836,0
764,5.0686,8.8640,0.0100,0.0000,0,0,0.0000,0,0.0000,0,0,0,601,0
765,2.7870,7.6632,0.0021,0.0000,0,0,0.0000,0,0.0000,0,0,0,601,0
766,2.7725,9.9665,0.0064,0.0000,0,0,0.0000,0,0.0000,0,0,0,779,0
767,2.8027,10.3404,0.0013,0.0000,0,0,0.0000,0,0.0000,0,0,0,698,0
768,5.0686,8.6238,0.0087,0.0000,0,0,0.0000,0,0.0000,0,0,0,601,0
769,2.7870,7.5273,0.0086,0.0000,0,0,0.0000,0,0.0000,0,0,0,601,0
770,2.7725,10.9275,0.0040,0.0000,0,0,0.0000,0,0.0000,0,0,0,967,0
771,2.8027,10.7023,0.0040,0.0000,0,0,0.0000,0,0.0000,0,0,0,696,0
772,5.0686,6.3314,0.0074,0.0000,0,0,0.0000,0,0.0000,0,0,0,601,0
773,2.7870,5.8472,0.0030,0.0000,0,0,0.0000,0,0.0000,0,0,0,601,0
774,2.7725,10.8188,0.0031,0.0000,0,0,0.0000,0,0.0000,0,0,0,710,0
775,2.8027,10.5756,0.0030,0.0000,0,0,0.0000,0,0.0000,0,0,0,700,0
776,5.0686,6.2890,0.0041,0.0000,0,0,0.0000,0,0.0000,0,0,0,601,0
777,2.7870,5.7763,0.0022,0.0000,0,0,0.0000,0,0.0000,0,0,0,601,0
778,2.7725,10.7611,0.0014,0.0000,0,0,0.0000,0,0.0000,0,0,0,703,0
779,2.8027,10.7238,0.0014,0.0000,0,0,0.0000,0,0.0000,0,0,0,721,0
780,5.0686,5.9455,0.0025,0.0000,0,0,0.0000,0,0.0000,0,0,0,601,0
781,2.7870,5.6837,0.0017,0.0000,0,0,0.0000,0,0.0000,0,0,0,601,0
782,2.7725,10.7245,0.0015,0.0000,0,0,0.0000,0,0.0000,0,0,0,708,0
783,2.8027,10.7160,0.0019,0.0000,0,0,0.0000,0,0.0000,0,0,0,783,0
784,5.0686,6.0447,0.0035,0.0000,0,0,0.0000,0,0.0000,0,0,0,601,0
785,2.7870,5.7226,0.0015,0.0000,0,0,0.0000,0,0.0000,0,0,0,601,0
786,2.7725,10.7085,0.0016,0.0000,0,0,0.0000,0,0.0000,0,0,0,751,0
787,2.8027,10.6484,0.0015,0.0000,0,0,0.0000,0,0.0000,0,0,0,755,0
788,5.0686,6.3427,0.0046,0.0000,0,0,0.0000,0,0.0000,0,0,0,601,0
789,2.7870,5.8740,0.0047,0.0000,0,0,0.0000,0,0.0000,0,0,0,601,0
790,2.7725,10.5900,0.0028,0.0000,0,0,0.0000,0,0.0000,0,0,0,762,0
791,2.8027,10.4490,0.0013,0.0000,0,0,0.0000,0,0.0000,0,0,0,801,0
792,5.0686,6.3983,0.0088,0.0000,0,0,0.0000,0,0.0000,0,0,0,601,0
793,2.7870,6.2268,0.0015,0.0000,0,0,0.0000,0,0.0000,0,0,0,601,0
794,2.7725,11.1445,0.0085,0.0000,0,0,0.0000,0,0.0000,0,0,0,747,0
795,2.8027,10.9322,0.0085,0.0000,0,0,0.0000,0,0.0000,0,0,0,696,0
796,5.0686,7.2235,0.0080,0.0000,0,0,0.0000,0,0.0000,0,0,0,601,0
797,2.7870,6.0922,0.0080,0.0000,0,0,0.0000,0,0.0000,0,0,0,601,0
798,2.7725,10.6768,0.0254,0.0000,0,0,0.0000,0,0.0000,0,0,0,830,0
799,2.8027,10.4080,0.0029,0.0000,0,0,0.0000,0,0.0000,0,0,0,701,0
800,5.0686,9.1319,0.0102,0.0000,0,0,0.0000,0,0.0000,0,0,0,601,0
801,2.7870,8.5438,0.0027,0.0000,0,0,0.0000,0,0.0000,0,0,0,601,0
802,2.7725,10.5454,0.0073,0.0000,0,0,0.0000,0,0.0000,0,0,0,769,0
803,2.8027,10.1871,0.0017,0.0000,0,0,0.0000,0,0.0000,0,0,0,696,0
804,5.0686,6.5920,0.0062,0.0000,0,0,0.0000,0,0.0000,0,0,0,601,0
805,2.7870,6.3797,0.0050,0.0000,0,0,0.0000,0,0.0000,0,0,0,601,0
806,2.7725,7.6245,0.0015,0.0000,0,0,0.0000,0,0.0000,0,0,0,728,0
807,2.8027,10.5100,0.0019,0.0000,0,0,0.0000,0,0.0000,0,0,0,717,0
808,5.0686,6.2658,0.0056,0.0000,0,0,0.0000,0,0.0000,0,0,0,601,0
809,2.7870,5.7889,0.0025,0.0000,0,0,0.0000,0,0.0000,0,0,0,601,0
810,2.7725,10.9863,0.0059,0.0000,0,0,0.0000,0,0.0000,0,0,0,726,0
811,2.8027,10.8768,0.0022,0.0000,0,0,0.0000,0,0.0000,0,0,0,731,0
812,5.0686,8.9434,0.0076,0.0000,0,0,0.0000,0,0.0000,0,0,0,601,0
813,2.7870,8.0173,0.0012,0.0000,0,0,0.0000,0,0.0000,0,0,0,601,0
814,2.7725,10.9263,0.0127,0.0000,0,0,0.0000,0,0.0000,0,0,0,833,0
815,2.8027,10.6485,0.0128,0.0000,0,0,0.0000,0,0.0000,0,0,0,722,0
816,5.0686,13.5926,0.0047,0.0000,0,0,0.0000,0,0.0000,0,0,0,601,0
817,2.7870,9.0108,0.0047,0.0000,0,0,0.0000,0,0.0000,0,0,0,601,0
818,2.7725,10.9035,0.0036,0.0000,0,0,0.0000,0,0.0000,0,0,0,696,0
819,2.8027,10.5878,0.0059,0.0000,0,0,0.0000,0,0.0000,0,0,0,758,0
820,5.0686,6.5325,0.0049,0.0000,0,0,0.0000,0,0.0000,0,0,0,601,0
821,2.7870,5.9837,0.0020,0.0000,0,0,0.0000,0,0.0000,0,0,0,601,0
822,2.7725,10.7215,0.0053,0.0000,0,0,0.0000,0,0.0000,0,0,0,696,0
823,2.8027,10.4675,0.0043,0.0000,0,0,0.0000,0,0.0000,0,0,0,696,0
824,5.0686,7.7443,0.0093,0.0000,0,0,0.0000,0,0.0000,0,0,0,601,0
825,2.7870,6.4391,0.0094,0.0000,0,0,0.0000,0,0.0000,0,0,0,601,0
826,2.7725,12.2437,0.0080,0.0000,0,0,0.0000,0,0.0000,0,0,0,696,0
827,2.8027,11.9001,0.0080,0.0000,0,0,0.0000,0,0.0000,0,0,0,705,0
828,5.0686,6.3254,0.0050,0.0000,0,0,0.0000,0,0.0000,0,0,0,601,0
829,2.7870,5.8492,0.0029,0.0000,0,0,0.0000,0,0.0000,0,0,0,601,0
830,2.7725,10.5225,0.0039,0.0000,0,0,0.0000,0,0.0000,0,0,0,696,0
831,2.8027,10.3407,0.0014,0.0000,0,0,0.0000,0,0.0000,0,0,0,707,0
832,5.0686,6.2691,0.0056,0.0000,0,0,0.0000,0,0.0000,0,0,0,601,0
833,2.7870,5.7826,0.0057,0.0000,0,0,0.0000,0,0.0000,0,0,0,601,0
834,2.7725,10.7385,0.0018,0.0000,0,0,0.0000,0,0.0000,0,0,0,701,0
835,2.8027,10.5294,0.0046,0.0000,0,0,0.0000,0,0.0000,0,0,0,707,0
836,5.0686,6.3244,0.0049,0.0000,0,0,0.0000,0,0.0000,0,0,0,601,0
837,2.7870,5.7509,0.0026,0.0000,0,0,0.0000,0,0.0000,0,0,0,601,0
838,2.7725,10.5826,0.0016,0.0000,0,0,0.0000,0,0.0000,0,0,0,703,0
839,2.8027,10.4835,0.0015,0.0000,0,0,0.0000,0,0.0000,0,0,0,736,0
840,5.0686,7.2535,0.0085,0.0000,0,0,0.0000,0,0.0000,0,0,0,601,0
841,2.7870,6.2828,0.0014,0.0000,0,0,0.0000,0,0.0000,0,0,0,601,0
842,2.7725,10.7918,0.0074,0.0000,0,0,0.0000,0,0.0000,0,0,0,716,0
843,2.8027,10.6680,0.0011,0.0000,0,0,0.0000,0,0.0000,0,0,0,719,0
844,5.0686,7.1460,0.0108,0.0000,0,0,0.0000,0,0.0000,0,0,0,601,0
845,2.7870,6.2623,0.0022,0.0000,0,0,0.0000,0,0.0000,0,0,0,601,0
846,2.7725,10.5770,0.0059,0.0000,0,0,0.0000,0,0.0000,0,0,0,714,0
847,2.8027,10.3882,0.0053,0.0000,0,0,0.0000,0,0.0000,0,0,0,775,0
848,5.0686,6.7601,0.0135,0.0000,0,0,0.0000,0,0.0000,0,0,0,601,0
849,2.7870,6.3595,0.0022,0.0000,0,0,0.0000,0,0.0000,0,0,0,601,0
850,2.7725,10.6420,0.0046,0.0000,0,0,0.0000,0,0.0000,0,0,0,717,0
851,2.8027,10.3730,0.0045,0.0000,0,0,0.0000,0,0.0000,0,0,0,701,0
852,5.0686,6.5538,0.0079,0.0000,0,0,0.0000,0,0.0000,0,0,0,601,0
853,2.7870,6.1604,0.0023,0.0000,0,0,0.0000,0,0.0000,0,0,0,601,0
854,2.7725,8.6662,0.0074,0.0000,0,0,0.0000,0,0.0000,0,0,0,711,0
855,2.8027,10.4227,0.0029,0.0000,0,0,0.0000,0,0.0000,0,0,0,701,0
856,5.0686,6.6216,0.0065,0.0000,0,0,0.0000,0,0.0000,0,0,0,601,0
857,2.7870,5.9825,0.0027,0.0000,0,0,0.0000,0,0.0000,0,0,0,601,0
858,2.7725,8.6749,0.0053,0.0000,0,0,0.0000,0,0.0000,0,0,0,763,0
859,2.8027,8.7499,0.0023,0.0000,0,0,0.0000,0,0.0000,0,0,0,701,0
860,5.0686,6.4176,0.0087,0.0000,0,0,0.0000,0,0.0000,0,0,0,601,0
861,2.7870,5.9352,0.0018,0.0000,0,0,0.0000,0,0.0000,0,0,0,601,0
862,2.7725,10.4892,0.0096,0.0000,0,0,0.0000,0,0.0000,0,0,0,696,0
863,2.8027,9.9400,0.0023,0.0000,0,0,0.0000,0,0.0000,0,0,0,715,0
864,5.0686,8.1476,0.0093,0.0000,0,0,0.0000,0,0.0000,0,0,0,601,0
865,2.7870,7.3356,0.0025,0.0000,0,0,0.0000,0,0.0000,0,0,0,601,0
866,2.7725,11.8056,0.0090,0.0000,0,0,0.0000,0,0.0000,0,0,0,696,0
867,2.8027,11.5817,0.0029,0.0000,0,0,0.0000,0,0.0000,0,0,0,726,0
868,5.0686,6.8840,0.0083,0.0000,0,0,0.0000,0,0.0000,0,0,0,601,0
869,2.7870,6.1606,0.0022,0.0000,0,0,0.0000,0,0.0000,0,0,0,601,0
870,2.7725,11.2845,0.0083,0.0000,0,0,0.0000,0,0.0000,0,0,0,696,0
871,2.8027,11.2466,0.0031,0.0000,0,0,0.0000,0,0.0000,0,0,0,714,0
872,5.0686,6.6895,0.0103,0.0000,0,0,0.0000,0,0.0000,0,0,0,601,0
873,2.7870,6.1889,0.0016,0.0000,0,0,0.0000,0,0.0000,0,0,0,601,0
874,2.7725,10.8110,0.0061,0.0000,0,0,0.0000,0,0.0000,0,0,0,696,0
875,2.8027,10.5639,0.0061,0.0000,0,0,0.0000,0,0.0000,0,0,0,789,0
876,5.0686,6.6421,0.0061,0.0000,0,0,0.0000,0,0.0000,0,0,0,601,0
877,2.7870,5.7564,0.0063,0.0000,0,0,0.0000,0,0.0000,0,0,0,601,0
878,2.7725,10.9392,0.0070,0.0000,0,0,0.0000,0,0.0000,0,0,0,717,0
879,2.8027,10.8510,0.0070,0.0000,0,0,0.0000,0,0.0000,0,0,0,703,0
880,5.0686,7.7369,0.0036,0.0000,0,0,0.0000,0,0.0000,0,0,0,601,0
881,2.7870,6.7353,0.0023,0.0000,0,0,0.0000,0,0.0000,0,0,0,601,0
882,2.7725,10.3520,0.0018,0.0000,0,0,0.0000,0,0.0000,0,0,0,716,0
883,2.8027,10.2968,0.0020,0.0000,0,0,0.0000,0,0.0000,0,0,0,705,0
884,5.0686,6.2662,0.0047,0.0000,0,0,0.0000,0,0.0000,0,0,0,601,0
885,2.7870,5.8208,0.0021,0.0000,0,0,0.0000,0,0.0000,0,0,0,601,0
886,2.7725,10.5107,0.0014,0.0000,0,0,0.0000,0,0.0000,0,0,0,745,0
887,2.8027,10.3692,0.0016,0.0000,0,0,0.0000,0,0.0000,0,0,0,700,0
888,5.0686,5.9396,0.0014,0.0000,0,0,0.0000,0,0.0000,0,0,0,601,0
889,2.7870,5.7280,0.0007,0.0000,0,0,0.0000,0,0.0000,0,0,0,601,0
890,2.7725,10.7460,0.0014,0.0000,0,0,0.0000,0,0.0000,0,0,0,737,0
891,2.8027,10.6740,0.0014,0.0000,0,0,0.0000,0,0.0000,0,0,0,706,0
892,5.0686,6.1195,0.0040,0.0000,0,0,0.0000,0,0.0000,0,0,0,601,0
893,2.7870,5.8459,0.0012,0.0000,0,0,0.0000,0,0.0000,0,0,0,601,0
894,2.7725,11.0745,0.0010,0.0000,0,0,0.0000,0,0.0000,0,0,0,718,0
895,2.8027,10.7444,0.0020,0.0000,0,0,0.0000,0,0.0000,0,0,0,723,0
896,5.0686,6.1156,0.0045,0.0000,0,0,0.0000,0,0.0000,0,0,0,601,0
897,2.7870,5.7476,0.0045,0.0000,0,0,0.0000,0,0.0000,0,0,0,601,0
898,2.7725,10.5301,0.0026,0.0000,0,0,0.0000,0,0.0000,0,0,0,719,0
899,2.8027,10.4300,0.0012,0.0000,0,0,0.0000,0,0.0000,0,0,0,714,0
900,5.0686,5.8662,0.0042,0.0000,0,0,0.0000,0,0.0000,0,0,0,601,0
901,2.7870,5.7322,0.0013,0.0000,0,0,0.0000,0,0.0000,0,0,0,601,0
902,2.7725,12.3294,0.0036,0.0000,0,0,0.0000,0,0.0000,0,0,0,747,0
903,2.8027,12.2782,0.0006,0.0000,0,0,0.0000,0,0.0000,0,0,0,769,0
904,5.0686,6.3834,0.0039,0.0000,0,0,0.0000,0,0.0000,0,0,0,601,0
905,2.7870,6.0895,0.0026,0.0000,0,0,0.0000,0,0.0000,0,0,0,601,0
906,2.7725,11.0359,0.0025,0.0000,0,0,0.0000,0,0.0000,0,0,0,696,0
907,2.8027,10.3217,0.0010,0.0000,0,0,0.0000,0,0.0000,0,0,0,704,0
908,5.0686,5.8243,0.0034,0.0000,0,0,0.0000,0,0.0000,0,0,0,601,0
909,2.7870,5.5680,0.0012,0.0000,0,0,0.0000,0,0.0000,0,0,0,601,0
910,2.7725,10.0842,0.0027,0.0000,0,0,0.0000,0,0.0000,0,0,0,696,0
911,2.8027,10.0734,0.0009,0.0000,0,0,0.0000,0,0.0000,0,0,0,707,0
912,5.0686,5.8921,0.0038,0.0000,0,0,0.0000,0,0.0000,0,0,0,601,0
913,2.7870,5.6152,0.0010,0.0000,0,0,0.0000,0,0.0000,0,0,0,601,0
914,2.7725,10.4473,0.0097,0.0000,0,0,0.0000,0,0.0000,0,0,0,696,0
915,2.8027,10.3837,0.0005,0.0000,0,0,0.0000,0,0.0000,0,0,0,714,0
916,5.0686,5.9493,0.0030,0.0000,0,0,0.0000,0,0.0000,0,0,0,601,0
917,2.7870,5.6157,0.0012,0.0000,0,0,0.0000,0,0.0000,0,0,0,601,0
918,2.7725,10.5369,0.0025,0.0000,0,0,0.0000,0,0.0000,0,0,0,696,0
919,2.8027,10.4215,0.0008,0.0000,0,0,0.0000,0,0.0000,0,0,0,709,0
920,5.0686,5.8461,0.0050,0.0000,0,0,0.0000,0,0.0000,0,0,0,601,0
921,2.7870,5.6237,0.0010,0.0000,0,0,0.0000,0,0.0000,0,0,0,601,0
922,2.7725,10.5112,0.0035,0.0000,0,0,0.0000,0,0.0000,0,0,0,696,0
923,2.8027,10.4566,0.0010,0.0000,0,0,0.0000,0,0.0000,0,0,0,732,0
924,5.0686,5.8210,0.0030,0.0000,0,0,0.0000,0,0.0000,0,0,0,601,0
925,2.7870,5.6745,0.0028,0.0000,0,0,0.0000,0,0.0000,0,0,0,601,0
926,2.7725,10.4022,0.0031,0.0000,0,0,0.0000,0,0.0000,0,0,0,696,0
927,2.8027,10.3466,0.0011,0.0000,0,0,0.0000,0,0.0000,0,0,0,719,0
928,5.0686,5.8995,0.0034,0.0000,0,0,0.0000,0,0.0000,0,0,0,601,0
929,2.7870,5.6444,0.0030,0.0000,0,0,0.0000,0,0.0000,0,0,0,601,0
930,2.7725,10.4959,0.0025,0.0000,0,0,0.0000,0,0.0000,0,0,0,708,0
931,2.8027,10.4220,0.0010,0.0000,0,0,0.0000,0,0.0000,0,0,0,751,0
932,5.0686,5.8822,0.0030,0.0000,0,0,0.0000,0,0.0000,0,0,0,601,0
933,2.7870,5.6240,0.0025,0.0000,0,0,0.0000,0,0.0000,0,0,0,601,0
934,2.7725,10.4797,0.0021,0.0000,0,0,0.0000,0,0.0000,0,0,0,708,0
935,2.8027,10.3631,0.0008,0.0000,0,0,0.0000,0,0.0000,0,0,0,696,0
936,5.0686,5.8563,0.0030,0.0000,0,0,0.0000,0,0.0000,0,0,0,601,0
937,2.7870,5.5721,0.0010,0.0000,0,0,0.0000,0,0.0000,0,0,0,601,0
938,2.7725,10.3595,0.0011,0.0000,0,0,0.0000,0,0.0000,0,0,0,706,0
939,2.8027,10.3524,0.0008,0.0000,0,0,0.0000,0,0.0000,0,0,0,701,0
940,5.0686,5.8175,0.0042,0.0000,0,0,0.0000,0,0.0000,0,0,0,601,0
941,2.7870,5.6260,0.0010,0.0000,0,0,0.0000,0,0.0000,0,0,0,601,0
942,2.7725,10.4586,0.0018,0.0000,0,0,0.0000,0,0.0000,0,0,0,707,0
943,2.8027,10.4228,0.0027,0.0000,0,0,0.0000,0,0.0000,0,0,0,703,0
944,5.0686,5.8592,0.0030,0.0000,0,0,0.0000,0,0.0000,0,0,0,601,0
945,2.7870,5.6091,0.0010,0.0000,0,0,0.0000,0,0.0000,0,0,0,601,0
946,2.7725,10.4995,0.0035,0.0000,0,0,0.0000,0,0.0000,0,0,0,723,0
947,2.8027,10.4655,0.0006,0.0000,0,0,0.0000,0,0.0000,0,0,0,707,0
948,5.0686,5.8265,0.0030,0.0000,0,0,0.0000,0,0.0000,0,0,0,601,0
949,2.7870,5.5953,0.0022,0.0000,0,0,0.0000,0,0.0000,0,0,0,601,0
950,2.7725,10.5011,0.0012,0.0000,0,0,0.0000,0,0.0000,0,0,0,696,0
951,2.8027,10.5018,0.0035,0.0000,0,0,0.0000,0,0.0000,0,0,0,708,0
952,5.0686,5.6985,0.0029,0.0000,0,0,0.0000,0,0.0000,0,0,0,601,0
953,2.7870,5.4897,0.0005,0.0000,0,0,0.0000,0,0.0000,0,0,0,601,0
954,2.7725,10.4354,0.0029,0.0000,0,0,0.0000,0,0.0000,0,0,0,696,0
955,2.8027,10.4031,0.0005,0.0000,0,0,0.0000,0,0.0000,0,0,0,712,0
956,5.0686,5.8408,0.0031,0.0000,0,0,0.0000,0,0.0000,0,0,0,601,0
957,2.7870,5.6704,0.0016,0.0000,0,0,0.0000,0,0.0000,0,0,0,601,0
958,2.7725,9.3581,0.0035,0.0000,0,0,0.0000,0,0.0000,0,0,0,696,0
959,2.8027,9.4214,0.0007,0.0000,0,0,0.0000,0,0.0000,0,0,0,754,0
960,5.0686,6.3876,0.0030,0.0000,0,0,0.0000,0,0.0000,0,0,0,601,0
961,2.7870,5.7074,0.0005,0.0000,0,0,0.0000,0,0.0000,0,0,0,601,0
962,2.7725,10.3579,0.0021,0.0000,0,0,0.0000,0,0.0000,0,0,0,696,0
963,2.8027,10.2435,0.0011,0.0000,0,0,0.0000,0,0.0000,0,0,0,696,0
964,5.0686,5.9686,0.0031,0.0000,0,0,0.0000,0,0.0000,0,0,0,601,0
965,2.7870,5.7311,0.0010,0.0000,0,0,0.0000,0,0.0000,0,0,0,601,0
966,2.7725,10.5678,0.0027,0.0000,0,0,0.0000,0,0.0000,0,0,0,701,0
967,2.8027,10.4643,0.0010,0.0000,0,0,0.0000,0,0.0000,0,0,0,706,0
968,5.0686,5.8301,0.0027,0.0000,0,0,0.0000,0,0.0000,0,0,0,601,0
969,2.7870,5.5451,0.0010,0.0000,0,0,0.0000,0,0.0000,0,0,0,601,0
970,2.7725,10.4671,0.0015,0.0000,0,0,0.0000,0,0.0000,0,0,0,696,0
971,2.8027,10.4343,0.0010,0.0000,0,0,0.0000,0,0.0000,0,0,0,700,0
972,5.0686,5.7434,0.0024,0.0000,0,0,0.0000,0,0.0000,0,0,0,601,0
973,2.7870,5.5616,0.0009,0.0000,0,0,0.0000,0,0.0000,0,0,0,601,0
974,2.7725,10.3828,0.0015,0.0000,0,0,0.0000,0,0.0000,0,0,0,707,0
975,2.8027,10.3564,0.0012,0.0000,0,0,0.0000,0,0.0000,0,0,0,704,0
976,5.0686,5.8009,0.0026,0.0000,0,0,0.0000,0,0.0000,0,0,0,601,0
977,2.7870,5.5593,0.0010,0.0000,0,0,0.0000,0,0.0000,0,0,0,601,0
978,2.7725,10.4295,0.0012,0.0000,0,0,0.0000,0,0.0000,0,0,0,701,0
979,2.8027,10.3339,0.0009,0.0000,0,0,0.0000,0,0.0000,0,0,0,715,0
980,5.0686,5.7631,0.0025,0.0000,0,0,0.0000,0,0.0000,0,0,0,601,0
981,2.7870,5.5431,0.0007,0.0000,0,0,0.0000,0,0.0000,0,0,0,601,0
982,2.7725,10.4109,0.0015,0.0000,0,0,0.0000,0,0.0000,0,0,0,702,0
983,2.8027,10.3923,0.0007,0.0000,0,0,0.0000,0,0.0000,0,0,0,700,0
984,5.0686,5.7686,0.0018,0.0000,0,0,0.0000,0,0.0000,0,0,0,601,0
985,2.7870,5.5918,0.0006,0.0000,0,0,0.0000,0,0.0000,0,0,0,601,0
986,2.7725,10.4586,0.0336,0.0000,0,0,0.0000,0,0.0000,0,0,0,711,0
987,2.8027,10.4004,0.0009,0.0000,0,0,0.0000,0,0.0000,0,0,0,764,0
988,5.0686,5.7987,0.0020,0.0000,0,0,0.0000,0,0.0000,0,0,0,601,0
989,2.7870,5.5599,0.0005,0.0000,0,0,0.0000,0,0.0000,0,0,0,601,0
990,2.7725,10.3893,0.0018,0.0000,0,0,0.0000,0,0.0000,0,0,0,722,0
991,2.8027,10.4170,0.0006,0.0000,0,0,0.0000,0,0.0000,0,0,0,696,0
992,5.0686,5.7529,0.0015,0.0000,0,0,0.0000,0,0.0000,0,0,0,601,0
993,2.7870,5.5835,0.0009,0.0000,0,0,0.0000,0,0.0000,0,0,0,601,0
994,2.7725,10.5336,0.0006,0.0000,0,0,0.0000,0,0.0000,0,0,0,696,0
995,2.8027,10.5565,0.0005,0.0000,0,0,0.0000,0,0.0000,0,0,0,696,0
996,5.0686,5.6924,0.0006,0.0000,0,0,0.0000,0,0.0000,0,0,0,601,0
997,2.7870,5.5937,0.0006,0.0000,0,0,0.0000,0,0.0000,0,0,0,601,0
998,2.7725,10.5156,0.0006,0.0000,0,0,0.0000,0,0.0000,0,0,0,696,0
999,2.8027,10.5143,0.0006,0.0000,0,0,0.0000,0,0.0000,0,0,0,696,0
1000,5.0686,5.6225,0.0007,0.0000,0,0,0.0000,0,0.0000,0,0,0,601,0
1001,2.7870,5.5260,0.0005,0.0000,0,0,0.0000,0,0.0000,0,0,0,601,0
1002,2.7725,10.3275,0.0060,0.0000,0,0,0.0000,0,0.0000,0,0,0,696,0
1003,2.8027,10.3507,0.0006,0.0000,0,0,0.0000,0,0.0000,0,0,0,700,0
1004,5.0686,5.6228,0.0008,0.0000,0,0,0.0000,0,0.0000,0,0,0,601,0
1005,2.7870,5.5122,0.0006,0.0000,0,0,0.0000,0,0.0000,0,0,0,601,0
1006,2.7725,10.2582,0.0008,0.0000,0,0,0.0000,0,0.0000,0,0,0,705,0
1007,2.8027,10.2706,0.0006,0.0000,0,0,0.0000,0,0.0000,0,0,0,702,0
1008,5.0686,5.5261,0.0009,0.0000,0,0,0.0000,0,0.0000,0,0,0,601,0
1009,2.7870,5.4497,0.0008,0.0000,0,0,0.0000,0,0.0000,0,0,0,601,0
1010,2.7725,10.3165,0.0008,0.0000,0,0,0.0000,0,0.0000,0,0,0,708,0
1011,2.8027,10.3232,0.0008,0.0000,0,0,0.0000,0,0.0000,0,0,0,706,0
1012,5.0686,5.6171,0.0008,0.0000,0,0,0.0000,0,0.0000,0,0,0,601,0
1013,2.7870,5.4700,0.0008,0.0000,0,0,0.0000,0,0.0000,0,0,0,601,0
1014,2.7725,10.2976,0.0009,0.0000,0,0,0.0000,0,0.0000,0,0,0,707,0
1015,2.8027,10.3046,0.0007,0.0000,0,0,0.0000,0,0.0000,0,0,0,721,0
1016,5.0686,5.7440,0.0044,0.0000,0,0,0.0000,0,0.0000,0,0,0,601,0
1017,2.7870,5.6325,0.0042,0.0000,0,0,0.0000,0,0.0000,0,0,0,601,0
1018,2.7725,10.3705,0.0011,0.0000,0,0,0.0000,0,0.0000,0,0,0,708,0
1019,2.8027,10.3688,0.0014,0.0000,0,0,0.0000,0,0.0000,0,0,0,696,0
1020,5.0686,5.7713,0.0009,0.0000,0,0,0.0000,0,0.0000,0,0,0,601,0
1021,2.7870,5.5563,0.0005,0.0000,0,0,0.0000,0,0.0000,0,0,0,601,0
1022,2.7725,10.3175,0.0008,0.0000,0,0,0.0000,0,0.0000,0,0,0,706,0
1023,2.8027,10.3366,0.0008,0.0000,0,0,0.0000,0,0.0000,0,0,0,696,0
1024,5.0686,5.7120,0.0017,0.0000,0,0,0.0000,0,0.0000,0,0,0,601,0
1025,2.7870,5.4970,0.0007,0.0000,0,0,0.0000,0,0.0000,0,0,0,601,0
1026,2.7725,10.4980,0.0022,0.0000,0,0,0.0000,0,0.0000,0,0,0,711,0
1027,2.8027,10.3894,0.0011,0.0000,0,0,0.0000,0,0.0000,0,0,0,696,0
1028,5.0686,5.8983,0.0032,0.0000,0,0,0.0000,0,0.0000,0,0,0,601,0
1029,2.7870,5.6777,0.0011,0.0000,0,0,0.0000,0,0.0000,0,0,0,601,0
1030,2.7725,10.3483,0.0012,0.0000,0,0,0.0000,0,0.0000,0,0,0,706,0
1031,2.8027,10.2960,0.0007,0.0000,0,0,0.0000,0,0.0000,0,0,0,702,0
1032,5.0686,5.7452,0.0011,0.0000,0,0,0.0000,0,0.0000,0,0,0,601,0
1033,2.7870,5.5447,0.0011,0.0000,0,0,0.0000,0,0.0000,0,0,0,601,0
1034,2.7725,10.3014,0.0010,0.0000,0,0,0.0000,0,0.0000,0,0,0,748,0
1035,2.8027,10.2934,0.0020,0.0000,0,0,0.0000,0,0.0000,0,0,0,702,0
1036,5.0686,5.7816,0.0022,0.0000,0,0,0.0000,0,0.0000,0,0,0,601,0
1037,2.7870,5.5450,0.0014,0.0000,0,0,0.0000,0,0.0000,0,0,0,601,0
1038,2.7725,10.3663,0.0011,0.0000,0,0,0.0000,0,0.0000,0,0,0,696,0
1039,2.8027,10.3426,0.0010,0.0000,0,0,0.0000,0,0.0000,0,0,0,702,0
1040,5.0686,5.7335,0.0013,0.0000,0,0,0.0000,0,0.0000,0,0,0,601,0
1041,2.7870,5.5850,0.0011,0.0000,0,0,0.0000,0,0.0000,0,0,0,601,0
1042,2.7725,10.2643,0.0011,0.0000,0,0,0.0000,0,0.0000,0,0,0,696,0
1043,2.8027,10.2369,0.0011,0.0000,0,0,0.0000,0,0.0000,0,0,0,742,0
1044,5.0686,5.7674,0.0017,0.0000,0,0,0.0000,0,0.0000,0,0,0,601,0
1045,2.7870,5.5865,0.0015,0.0000,0,0,0.0000,0,0.0000,0,0,0,601,0
1046,2.7725,10.4009,0.0015,0.0000,0,0,0.0000,0,0.0000,0,0,0,696,0
1047,2.8027,10.3389,0.0013,0.0000,0,0,0.0000,0,0.0000,0,0,0,696,0
1048,5.0686,5.8309,0.0031,0.0000,0,0,0.0000,0,0.0000,0,0,0,601,0
1049,2.7870,5.5613,0.0013,0.0000,0,0,0.0000,0,0.0000,0,0,0,601,0
1050,2.7725,10.2885,0.0020,0.0000,0,0,0.0000,0,0.0000,0,0,0,696,0
1051,2.8027,10.2516,0.0010,0.0000,0,0,0.0000,0,0.0000,0,0,0,696,0
1052,5.0686,5.7115,0.0033,0.0000,0,0,0.0000,0,0.0000,0,0,0,601,0
1053,2.7870,5.6175,0.0017,0.0000,0,0,0.0000,0,0.0000,0,0,0,601,0
1054,2.7725,10.3482,0.0032,0.0000,0,0,0.0000,0,0.0000,0,0,0,702,0
1055,2.8027,10.2371,0.0025,0.0000,0,0,0.0000,0,0.0000,0,0,0,696,0
1056,5.0686,5.9326,0.0099,0.0000,0,0,0.0000,0,0.0000,0,0,0,601,0
1057,2.7870,5.7189,0.0018,0.0000,0,0,0.0000,0,0.0000,0,0,0,601,0
1058,2.7725,10.2800,0.0037,0.0000,0,0,0.0000,0,0.0000,0,0,0,701,0
1059,2.8027,10.2019,0.0016,0.0000,0,0,0.0000,0,0.0000,0,0,0,696,0
1060,5.0686,6.3440,0.0226,0.0000,0,0,0.0000,0,0.0000,0,0,0,601,0
1061,2.7870,5.7152,0.0014,0.0000,0,0,0.0000,0,0.0000,0,0,0,601,0
1062,2.7725,10.3165,0.0050,0.0000,0,0,0.0000,0,0.0000,0,0,0,704,0
1063,2.8027,10.1734,0.0019,0.0000,0,0,0.0000,0,0.0000,0,0,0,701,0
1064,5.0686,6.7818,0.0046,0.0000,0,0,0.0000,0,0.0000,0,0,0,601,0
1065,2.7870,6.0152,0.0015,0.0000,0,0,0.0000,0,0.0000,0,0,0,601,0
1066,2.7725,10.4467,0.0043,0.0000,0,0,0.0000,0,0.0000,0,0,0,701,0
1067,2.8027,10.2494,0.0044,0.0000,0,0,0.0000,0,0.0000,0,0,0,700,0
1068,5.0686,7.0276,0.0037,0.0000,0,0,0.0000,0,0.0000,0,0,0,601,0
1069,2.7870,6.4244,0.0049,0.0000,0,0,0.0000,0,0.0000,0,0,0,601,0
1070,2.7725,9.5170,0.0068,0.0000,0,0,0.0000,0,0.0000,0,0,0,701,0
1071,2.8027,10.3122,0.0015,0.0000,0,0,0.0000,0,0.0000,0,0,0,720,0
1072,5.0686,8.5555,0.0019,0.0000,0,0,0.0000,0,0.0000,0,0,0,601,0
1073,2.7870,8.2359,0.0016,0.0000,0,0,0.0000,0,0.0000,0,0,0,601,0
1074,2.7725,10.4364,0.0063,0.0000,0,0,0.0000,0,0.0000,0,0,0,702,0
1075,2.8027,10.2315,0.0061,0.0000,0,0,0.0000,0,0.0000,0,0,0,696,0
1076,5.0686,10.2697,0.0011,0.0000,0,0,0.0000,0,0.0000,0,0,0,601,0
1077,2.7870,9.2349,0.0009,0.0000,0,0,0.0000,0,0.0000,0,0,0,601,0
1078,2.7725,10.1530,0.0010,0.0000,0,0,0.0000,0,0.0000,0,0,0,712,0
1079,2.8027,9.8096,0.0010,0.0000,0,0,0.0000,0,0.0000,0,0,0,696,0
1080,5.0686,5.7475,0.0008,0.0000,0,0,0.0000,0,0.0000,0,0,0,601,0
1081,2.7870,5.4904,0.0009,0.0000,0,0,0.0000,0,0.0000,0,0,0,601,0
1082,2.7725,10.2566,0.0010,0.0000,0,0,0.0000,0,0.0000,0,0,0,696,0
1083,2.8027,10.1759,0.0009,0.0000,0,0,0.0000,0,0.0000,0,0,0,696,0
1084,5.0686,5.8002,0.0013,0.0000,0,0,0.0000,0,0.0000,0,0,0,601,0
1085,2.7870,5.5468,0.0009,0.0000,0,0,0.0000,0,0.0000,0,0,0,601,0
1086,2.7725,10.3818,0.0035,0.0000,0,0,0.0000,0,0.0000,0,0,0,696,0
1087,2.8027,10.2657,0.0019,0.0000,0,0,0.0000,0,0.0000,0,0,0,696,0
1088,5.0686,6.5892,0.0070,0.0000,0,0,0.0000,0,0.0000,0,0,0,601,0
1089,2.7870,5.9934,0.0019,0.0000,0,0,0.0000,0,0.0000,0,0,0,601,0
1090,2.7725,10.1803,0.0038,0.0000,0,0,0.0000,0,0.0000,0,0,0,696,0
1091,2.8027,10.1836,0.0018,0.0000,0,0,0.0000,0,0.0000,0,0,0,705,0
1092,5.0686,7.4727,0.0051,0.0000,0,0,0.0000,0,0.0000,0,0,0,601,0
1093,2.7870,6.8720,0.0015,0.0000,0,0,0.0000,0,0.0000,0,0,0,601,0
1094,2.7725,10.4012,0.0021,0.0000,0,0,0.0000,0,0.0000,0,0,0,696,0
1095,2.8027,10.2736,0.0020,0.0000,0,0,0.0000,0,0.0000,0,0,0,704,0
1096,5.0686,6.6588,0.0049,0.0000,0,0,0.0000,0,0.0000,0,0,0,601,0
1097,2.7870,5.8587,0.0050,0.0000,0,0,0.0000,0,0.0000,0,0,0,601,0
1098,2.7725,10.1554,0.0020,0.0000,0,0,0.0000,0,0.0000,0,0,0,706,0
1099,2.8027,10.1161,0.0014,0.0000,0,0,0.0000,0,0.0000,0,0,0,711,0
1100,5.0686,7.0216,0.0037,0.0000,0,0,0.0000,0,0.0000,0,0,0,601,0
1101,2.7870,6.2739,0.0017,0.0000,0,0,0.0000,0,0.0000,0,0,0,601,0
1102,2.7725,10.4831,0.0066,0.0000,0,0,0.0000,0,0.0000,0,0,0,702,0
1103,2.8027,10.2832,0.0040,0.0000,0,0,0.0000,0,0.0000,0,0,0,696,0
1104,5.0686,6.4871,0.0045,0.0000,0,0,0.0000,0,0.0000,0,0,0,601,0
1105,2.7870,5.7380,0.0045,0.0000,0,0,0.0000,0,0.0000,0,0,0,601,0
1106,2.7725,10.1916,0.0023,0.0000,0,0,0.0000,0,0.0000,0,0,0,702,0
1107,2.8027,10.1294,0.0014,0.0000,0,0,0.0000,0,0.0000,0,0,0,696,0
1108,5.0686,6.7812,0.0050,0.0000,0,0,0.0000,0,0.0000,0,0,0,601,0
1109,2.7870,6.1351,0.0015,0.0000,0,0,0.0000,0,0.0000,0,0,0,601,0
1110,2.7725,10.2312,0.0020,0.0000,0,0,0.0000,0,0.0000,0,0,0,696,0
1111,2.8027,10.1861,0.0025,0.0000,0,0,0.0000,0,0.0000,0,0,0,696,0
1112,5.0686,5.9299,0.0020,0.0000,0,0,0.0000,0,0.0000,0,0,0,601,0
1113,2.7870,5.6205,0.0012,0.0000,0,0,0.0000,0,0.0000,0,0,0,601,0
1114,2.7725,10.3475,0.0013,0.0000,0,0,0.0000,0,0.0000,0,0,0,696,0
1115,2.8027,10.2978,0.0013,0.0000,0,0,0.0000,0,0.0000,0,0,0,696,0
1116,5.0686,5.7496,0.0018,0.0000,0,0,0.0000,0,0.0000,0,0,0,601,0
1117,2.7870,5.6341,0.0015,0.0000,0,0,0.0000,0,0.0000,0,0,0,601,0
1118,2.7725,10.1957,0.0015,0.0000,0,0,0.0000,0,0.0000,0,0,0,696,0
1119,2.8027,10.1747,0.0015,0.0000,0,0,0.0000,0,0.0000,0,0,0,701,0
1120,5.0686,6.9473,0.0066,0.0000,0,0,0.0000,0,0.0000,0,0,0,601,0
1121,2.7870,6.0096,0.0065,0.0000,0,0,0.0000,0,0.0000,0,0,0,601,0
1122,2.7725,11.0807,0.0043,0.0000,0,0,0.0000,0,0.0000,0,0,0,709,0
1123,2.8027,11.0546,0.0012,0.0000,0,0,0.0000,0,0.0000,0,0,0,696,0
1124,5.0686,6.1464,0.0060,0.0000,0,0,0.0000,0,0.0000,0,0,0,601,0
1125,2.7870,5.6345,0.0015,0.0000,0,0,0.0000,0,0.0000,0,0,0,601,0
1126,2.7725,10.4967,0.0055,0.0000,0,0,0.0000,0,0.0000,0,0,0,696,0
1127,2.8027,10.4070,0.0010,0.0000,0,0,0.0000,0,0.0000,0,0,0,707,0
1128,5.0686,6.2929,0.0065,0.0000,0,0,0.0000,0,0.0000,0,0,0,601,0
1129,2.7870,5.7003,0.0030,0.0000,0,0,0.0000,0,0.0000,0,0,0,601,0
1130,2.7725,10.4024,0.0054,0.0000,0,0,0.0000,0,0.0000,0,0,0,696,0
1131,2.8027,10.3196,0.0011,0.0000,0,0,0.0000,0,0.0000,0,0,0,698,0
1132,5.0686,6.3469,0.0054,0.0000,0,0,0.0000,0,0.0000,0,0,0,601,0
1133,2.7870,5.8922,0.0032,0.0000,0,0,0.0000,0,0.0000,0,0,0,601,0
1134,2.7725,9.7794,0.0029,0.0000,0,0,0.0000,0,0.0000,0,0,0,696,0
1135,2.8027,9.9581,0.0016,0.0000,0,0,0.0000,0,0.0000,0,0,0,696,0
1136,5.0686,6.2919,0.0043,0.0000,0,0,0.0000,0,0.0000,0,0,0,601,0
1137,2.7870,5.7100,0.0012,0.0000,0,0,0.0000,0,0.0000,0,0,0,601,0
1138,2.7725,10.7534,0.0033,0.0000,0,0,0.0000,0,0.0000,0,0,0,696,0
1139,2.8027,10.6428,0.0013,0.0000,0,0,0.0000,0,0.0000,0,0,0,696,0
1140,5.0686,6.3518,0.0055,0.0000,0,0,0.0000,0,0.0000,0,0,0,601,0
1141,2.7870,5.7924,0.0017,0.0000,0,0,0.0000,0,0.0000,0,0,0,601,0
1142,2.7725,9.9132,0.0045,0.0000,0,0,0.0000,0,0.0000,0,0,0,696,0
1143,2.8027,9.4668,0.0018,0.0000,0,0,0.0000,0,0.0000,0,0,0,696,0
1144,5.0686,6.7039,0.0055,0.0000,0,0,0.0000,0,0.0000,0,0,0,601,0
1145,2.7870,5.9008,0.0019,0.0000,0,0,0.0000,0,0.0000,0,0,0,601,0
1146,2.7725,9.8492,0.0018,0.0000,0,0,0.0000,0,0.0000,0,0,0,696,0
1147,2.8027,9.9288,0.0023,0.0000,0,0,0.0000,0,0.0000,0,0,0,696,0
1148,5.0686,6.6472,0.0025,0.0000,0,0,0.0000,0,0.0000,0,0,0,601,0
1149,2.7870,6.0445,0.0091,0.0000,0,0,0.0000,0,0.0000,0,0,0,601,0
1150,2.7725,10.6360,0.0028,0.0000,0,0,0.0000,0,0.0000,0,0,0,696,0
1151,2.8027,10.4617,0.0010,0.0000,0,0,0.0000,0,0.0000,0,0,0,696,0
1152,5.0686,7.4091,0.0083,0.0000,0,0,0.0000,0,0.0000,0,0,0,601,0
1153,2.7870,6.5777,0.0027,0.0000,0,0,0.0000,0,0.0000,0,0,0,601,0
1154,2.7725,10.3300,0.0050,0.0000,0,0,0.0000,0,0.0000,0,0,0,696,0
1155,2.8027,10.2558,0.0025,0.0000,0,0,0.0000,0,0.0000,0,0,0,706,0
1156,5.0686,7.2679,0.0070,0.0000,0,0,0.0000,0,0.0000,0,0,0,601,0
1157,2.7870,6.4630,0.0032,0.0000,0,0,0.0000,0,0.0000,0,0,0,601,0
1158,2.7725,9.8598,0.0034,0.0000,0,0,0.0000,0,0.0000,0,0,0,696,0
1159,2.8027,9.9086,0.0020,0.0000,0,0,0.0000,0,0.0000,0,0,0,696,0
1160,5.0686,6.3993,0.0062,0.0000,0,0,0.0000,0,0.0000,0,0,0,601,0
1161,2.7870,5.8831,0.1273,0.0000,0,0,0.0000,0,0.0000,0,0,0,601,0
1162,2.7725,10.0228,0.0044,0.0000,0,0,0.0000,0,0.0000,0,0,0,696,0
1163,2.8027,9.9735,0.0032,0.0000,0,0,0.0000,0,0.0000,0,0,0,696,0
1164,5.0686,6.4484,0.0062,0.0000,0,0,0.0000,0,0.0000,0,0,0,601,0
1165,2.7870,6.0225,0.0023,0.0000,0,0,0.0000,0,0.0000,0,0,0,601,0
1166,2.7725,10.3941,0.0047,0.0000,0,0,0.0000,0,0.0000,0,0,0,701,0
1167,2.8027,10.2383,0.0025,0.0000,0,0,0.0000,0,0.0000,0,0,0,696,0
1168,5.0686,6.6921,0.0048,0.0000,0,0,0.0000,0,0.0000,0,0,0,601,0
1169,2.7870,6.2962,0.0023,0.0000,0,0,0.0000,0,0.0000,0,0,0,601,0
1170,2.7725,10.0489,0.0032,0.0000,0,0,0.0000,0,0.0000,0,0,0,696,0
1171,2.8027,10.1327,0.0018,0.0000,0,0,0.0000,0,0.0000,0,0,0,696,0
1172,5.0686,9.3161,0.0077,0.0000,0,0,0.0000,0,0.0000,0,0,0,601,0
1173,2.7870,8.4083,0.0030,0.0000,0,0,0.0000,0,0.0000,0,0,0,601,0
1174,2.7725,9.5582,0.0024,0.0000,0,0,0.0000,0,0.0000,0,0,0,696,0
1175,2.8027,9.9402,0.0016,0.0000,0,0,0.0000,0,0.0000,0,0,0,696,0
1176,5.0686,7.8465,0.0050,0.0000,0,0,0.0000,0,0.0000,0,0,0,601,0
1177,2.7870,6.5851,0.0018,0.0000,0,0,0.0000,0,0.0000,0,0,0,601,0
1178,2.7725,10.1743,0.0047,0.0000,0,0,0.0000,0,0.0000,0,0,0,696,0
1179,2.8027,10.1192,0.0014,0.0000,0,0,0.0000,0,0.0000,0,0,0,696,0
1180,5.0686,6.4962,0.0056,0.0000,0,0,0.0000,0,0.0000,0,0,0,601,0
1181,2.7870,5.9820,0.0024,0.0000,0,0,0.0000,0,0.0000,0,0,0,601,0
1182,2.7725,10.4908,0.0044,0.0000,0,0,0.0000,0,0.0000,0,0,0,696,0
1183,2.8027,10.2469,0.0044,0.0000,0,0,0.0000,0,0.0000,0,0,0,706,0
1184,5.0686,6.2432,0.0055,0.0000,0,0,0.0000,0,0.0000,0,0,0,601,0
1185,2.7870,6.1358,0.0056,0.0000,0,0,0.0000,0,0.0000,0,0,0,601,0
1186,2.7725,8.9579,0.0031,0.0000,0,0,0.0000,0,0.0000,0,0,0,696,0
1187,2.8027,10.2267,0.0027,0.0000,0,0,0.0000,0,0.0000,0,0,0,696,0
1188,5.0686,7.5403,0.0068,0.0000,0,0,0.0000,0,0.0000,0,0,0,601,0
1189,2.7870,6.6820,0.0030,0.0000,0,0,0.0000,0,0.0000,0,0,0,601,0
1190,2.7725,10.0311,0.0073,0.0000,0,0,0.0000,0,0.0000,0,0,0,696,0
1191,2.8027,9.9754,0.0028,0.0000,0,0,0.0000,0,0.0000,0,0,0,696,0
1192,5.0686,6.8924,0.0062,0.0000,0,0,0.0000,0,0.0000,0,0,0,601,0
1193,2.7870,6.0375,0.0033,0.0000,0,0,0.0000,0,0.0000,0,0,0,601,0
1194,2.7725,9.9826,0.0040,0.0000,0,0,0.0000,0,0.0000,0,0,0,696,0
1195,2.8027,9.9857,0.0025,0.0000,0,0,0.0000,0,0.0000,0,0,0,696,0
1196,5.0686,6.7511,0.0050,0.0000,0,0,0.0000,0,0.0000,0,0,0,601,0
1197,2.7870,6.0234,0.0024,0.0000,0,0,0.0000,0,0.0000,0,0,0,601,0
1198,2.7725,10.0166,0.0043,0.0000,0,0,0.0000,0,0.0000,0,0,0,696,0
1199,2.8027,9.8665,0.0015,0.0000,0,0,0.0000,0,0.0000,0,0,0,703,0
1200,5.0686,43.6112,0.0096,0.0000,0,0,0.0000,0,0.0000,0,1,0,60271,0
1201,2.7870,30.0785,0.0098,0.0000,0,0,0.0000,0,0.0000,0,1,0,43482,0
1202,2.7725,26.2752,0.0056,0.0000,0,0,0.0000,0,0.0000,0,1,0,59828,0
1203,2.8027,23.1375,0.0115,0.0000,0,0,0.0000,0,0.0000,0,1,0,68126,0
1204,5.0686,5.7655,0.0079,0.0000,0,0,0.0000,0,0.0000,0,0,0,16498,0
1205,2.7870,5.6306,0.0025,0.0000,0,0,0.0000,0,0.0000,0,0,0,14403,0
1206,2.7725,10.5997,0.0358,0.0000,0,0,0.0000,0,0.0000,0,0,0,17862,0
1207,2.8027,10.6286,0.0055,0.0000,0,0,0.0000,0,0.0000,0,0,0,17138,0
1208,5.0686,5.7509,0.0016,0.0000,0,0,0.0000,0,0.0000,0,0,0,9226,0
1209,2.7870,5.6579,0.0013,0.0000,0,0,0.0000,0,0.0000,0,0,0,6914,0
1210,2.7725,10.3850,0.0038,0.0000,0,0,0.0000,0,0.0000,0,0,0,11125,0
1211,2.8027,10.3695,0.0013,0.0000,0,0,0.0000,0,0.0000,0,0,0,9621,0
1212,5.0686,5.6327,0.0043,0.0000,0,0,0.0000,0,0.0000,0,0,0,17369,0
1213,2.7870,5.4862,0.0117,0.0000,0,0,0.0000,0,0.0000,0,0,0,16755,0
1214,2.7725,10.3240,0.0025,0.0000,0,0,0.0000,0,0.0000,0,0,0,19658,0
1215,2.8027,10.3182,0.0018,0.0000,0,0,0.0000,0,0.0000,0,0,0,15622,0
1216,5.0686,5.7413,0.0043,0.0000,0,0,0.0000,0,0.0000,0,0,0,23309,0
1217,2.7870,5.6233,0.0212,0.0000,0,0,0.0000,0,0.0000,0,0,0,20346,0
1218,2.7725,10.5262,0.0027,0.0000,0,0,0.0000,0,0.0000,0,0,0,22802,0
1219,2.8027,10.5239,0.0025,0.0000,0,0,0.0000,0,0.0000,0,0,0,21407,0
1220,5.0686,5.8171,0.0018,0.0000,0,0,0.0000,0,0.0000,0,0,0,13027,0
1221,2.7870,5.6932,0.0017,0.0000,0,0,0.0000,0,0.0000,0,0,0,11737,0
1222,2.7725,10.4650,0.0038,0.0000,0,0,0.0000,0,0.0000,0,0,0,12722,0
1223,2.8027,10.5099,0.0020,0.0000,0,0,0.0000,0,0.0000,0,0,0,16214,0
1224,5.0686,5.6335,0.0020,0.0000,0,0,0.0000,0,0.0000,0,0,0,7002,0
1225,2.7870,5.5460,0.0011,0.0000,0,0,0.0000,0,0.0000,0,0,0,5132,0
1226,2.7725,10.4150,0.0016,0.0000,0,0,0.0000,0,0.0000,0,0,0,7491,0
1227,2.8027,10.4142,0.0010,0.0000,0,0,0.0000,0,0.0000,0,0,0,4790,0
1228,5.0686,5.7386,0.0014,0.0000,0,0,0.0000,0,0.0000,0,0,0,3933,0
1229,2.7870,5.6424,0.0011,0.0000,0,0,0.0000,0,0.0000,0,0,0,3799,0
1230,2.7725,10.5425,0.0012,0.0000,0,0,0.0000,0,0.0000,0,0,0,4399,0
1231,2.8027,10.5722,0.0010,0.0000,0,0,0.0000,0,0.0000,0,0,0,3276,0
1232,5.0686,5.7167,0.0009,0.0000,0,0,0.0000,0,0.0000,0,0,0,3260,0
1233,2.7870,5.6788,0.0012,0.0000,0,0,0.0000,0,0.0000,0,0,0,2850,0
1234,2.7725,10.4641,0.0013,0.0000,0,0,0.0000,0,0.0000,0,0,0,3280,0
1235,2.8027,10.5745,0.0009,0.0000,0,0,0.0000,0,0.0000,0,0,0,2761,0
1236,5.0686,5.7369,0.0008,0.0000,0,0,0.0000,0,0.0000,0,0,0,3090,0
1237,2.7870,5.6749,0.0009,0.0000,0,0,0.0000,0,0.0000,0,0,0,2691,0
1238,2.7725,10.6696,0.0022,0.0000,0,0,0.0000,0,0.0000,0,0,0,3020,0
1239,2.8027,10.6171,0.0013,0.0000,0,0,0.0000,0,0.0000,0,0,0,2648,0
1240,5.0686,5.6727,0.0010,0.0000,0,0,0.0000,0,0.0000,0,0,0,2664,0
1241,2.7870,5.5791,0.0010,0.0000,0,0,0.0000,0,0.0000,0,0,0,2213,0
1242,2.7725,10.4481,0.0010,0.0000,0,0,0.0000,0,0.0000,0,0,0,1084,0
1243,2.8027,10.4361,0.0014,0.0000,0,0,0.0000,0,0.0000,0,0,0,2638,0
1244,5.0686,5.6650,0.0009,0.0000,0,0,0.0000,0,0.0000,0,0,0,1673,0
1245,2.7870,5.5865,0.0009,0.0000,0,0,0.0000,0,0.0000,0,0,0,1302,0
1246,2.7725,10.3810,0.0010,0.0000,0,0,0.0000,0,0.0000,0,0,0,959,0
1247,2.8027,10.4129,0.0010,0.0000,0,0,0.0000,0,0.0000,0,0,0,2173,0
1248,5.0686,5.8240,0.0022,0.0000,0,0,0.0000,0,0.0000,0,0,0,1538,0
1249,2.7870,5.6349,0.0013,0.0000,0,0,0.0000,0,0.0000,0,0,0,1107,0
1250,2.7725,10.4095,0.0014,0.0000,0,0,0.0000,0,0.0000,0,0,0,819,0
1251,2.8027,10.4158,0.0010,0.0000,0,0,0.0000,0,0.0000,0,0,0,1668,0
1252,5.0686,5.6088,0.0013,0.0000,0,0,0.0000,0,0.0000,0,0,0,1248,0
1253,2.7870,5.5678,0.0011,0.0000,0,0,0.0000,0,0.0000,0,0,0,944,0
1254,2.7725,10.3552,0.0011,0.0000,0,0,0.0000,0,0.0000,0,0,0,945,0
1255,2.8027,10.3114,0.0013,0.0000,0,0,0.0000,0,0.0000,0,0,0,743,0
1256,5.0686,5.6231,0.0010,0.0000,0,0,0.0000,0,0.0000,0,0,0,1198,0
1257,2.7870,5.5818,0.0011,0.0000,0,0,0.0000,0,0.0000,0,0,0,836,0
1258,2.7725,10.3701,0.0016,0.0000,0,0,0.0000,0,0.0000,0,0,0,1250,0
1259,2.8027,10.3154,0.0010,0.0000,0,0,0.0000,0,0.0000,0,0,0,717,0
1260,5.0686,5.6964,0.0017,0.0000,0,0,0.0000,0,0.0000,0,0,0,1168,0
1261,2.7870,5.5916,0.0015,0.0000,0,0,0.0000,0,0.0000,0,0,0,792,0
1262,2.7725,10.3100,0.0034,0.0000,0,0,0.0000,0,0.0000,0,0,0,1108,0
1263,2.8027,10.2074,0.0010,0.0000,0,0,0.0000,0,0.0000,0,0,0,792,0
1264,5.0686,5.8995,0.0032,0.0000,0,0,0.0000,0,0.0000,0,0,0,1037,0
1265,2.7870,5.6717,0.0038,0.0000,0,0,0.0000,0,0.0000,0,0,0,722,0
1266,2.7725,10.5573,0.0022,0.0000,0,0,0.0000,0,0.0000,0,0,0,1361,0
1267,2.8027,10.4028,0.0018,0.0000,0,0,0.0000,0,0.0000,0,0,0,925,0
1268,5.0686,5.9870,0.0025,0.0000,0,0,0.0000,0,0.0000,0,0,0,987,0
1269,2.7870,5.6888,0.0020,0.0000,0,0,0.0000,0,0.0000,0,0,0,676,0
1270,2.7725,10.6282,0.0013,0.0000,0,0,0.0000,0,0.0000,0,0,0,1198,0
1271,2.8027,10.5673,0.0011,0.0000,0,0,0.0000,0,0.0000,0,0,0,1094,0
1272,5.0686,5.8423,0.0020,0.0000,0,0,0.0000,0,0.0000,0,0,0,879,0
1273,2.7870,5.6961,0.0011,0.0000,0,0,0.0000,0,0.0000,0,0,0,648,0
1274,2.7725,10.4723,0.0013,0.0000,0,0,0.0000,0,0.0000,0,0,0,1117,0
1275,2.8027,10.4764,0.0013,0.0000,0,0,0.0000,0,0.0000,0,0,0,1077,0
1276,5.0686,5.6761,0.0013,0.0000,0,0,0.0000,0,0.0000,0,0,0,746,0
1277,2.7870,5.6514,0.0013,0.0000,0,0,0.0000,0,0.0000,0,0,0,643,0
1278,2.7725,10.3632,0.0010,0.0000,0,0,0.0000,0,0.0000,0,0,0,1064,0
1279,2.8027,10.3824,0.0015,0.0000,0,0,0.0000,0,0.0000,0,0,0,1295,0
1280,5.0686,5.8490,0.0014,0.0000,0,0,0.0000,0,0.0000,0,0,0,687,0
1281,2.7870,5.6470,0.0042,0.0000,0,0,0.0000,0,0.0000,0,0,0,622,0
1282,2.7725,10.5234,0.0014,0.0000,0,0,0.0000,0,0.0000,0,0,0,1368,0
1283,2.8027,10.5208,0.0012,0.0000,0,0,0.0000,0,0.0000,0,0,0,709,0
1284,5.0686,6.0192,0.0045,0.0000,0,0,0.0000,0,0.0000,0,0,0,716,0
1285,2.7870,5.7442,0.0020,0.0000,0,0,0.0000,0,0.0000,0,0,0,620,0
1286,2.7725,10.5296,0.0012,0.0000,0,0,0.0000,0,0.0000,0,0,0,710,0
1287,2.8027,10.3906,0.0006,0.0000,0,0,0.0000,0,0.0000,0,0,0,715,0
1288,5.0686,5.9102,0.0035,0.0000,0,0,0.0000,0,0.0000,0,0,0,717,0
1289,2.7870,5.6557,0.0019,0.0000,0,0,0.0000,0,0.0000,0,0,0,613,0
1290,2.7725,10.6888,0.0033,0.0000,0,0,0.0000,0,0.0000,0,0,0,696,0
1291,2.8027,10.5720,0.0015,0.0000,0,0,0.0000,0,0.0000,0,0,0,724,0
1292,5.0686,6.1340,0.0018,0.0000,0,0,0.0000,0,0.0000,0,0,0,685,0
1293,2.7870,5.7270,0.0018,0.0000,0,0,0.0000,0,0.0000,0,0,0,617,0
1294,2.7725,10.6777,0.0013,0.0000,0,0,0.0000,0,0.0000,0,0,0,755,0
1295,2.8027,10.5752,0.0013,0.0000,0,0,0.0000,0,0.0000,0,0,0,779,0
1296,5.0686,5.8816,0.0012,0.0000,0,0,0.0000,0,0.0000,0,0,0,664,0
1297,2.7870,5.6714,0.0010,0.0000,0,0,0.0000,0,0.0000,0,0,0,622,0
1298,2.7725,10.4537,0.0011,0.0000,0,0,0.0000,0,0.0000,0,0,0,785,0
1299,2.8027,10.3926,0.0022,0.0000,0,0,0.0000,0,0.0000,0,0,0,906,0
1300,5.0686,5.8092,0.0019,0.0000,0,0,0.0000,0,0.0000,0,0,0,636,0
1301,2.7870,5.7391,0.0013,0.0000,0,0,0.0000,0,0.0000,0,0,0,626,0
1302,2.7725,10.4621,0.0020,0.0000,0,0,0.0000,0,0.0000,0,0,0,868,0
1303,2.8027,10.4108,0.0015,0.0000,0,0,0.0000,0,0.0000,0,0,0,830,0
1304,5.0686,5.7773,0.0014,0.0000,0,0,0.0000,0,0.0000,0,0,0,635,0
1305,2.7870,5.6921,0.0012,0.0000,0,0,0.0000,0,0.0000,0,0,0,608,0
1306,2.7725,10.4816,0.0014,0.0000,0,0,0.0000,0,0.0000,0,0,0,801,0
1307,2.8027,10.4390,0.0016,0.0000,0,0,0.0000,0,0.0000,0,0,0,966,0
1308,5.0686,5.7227,0.0013,0.0000,0,0,0.0000,0,0.0000,0,0,0,650,0
1309,2.7870,5.6723,0.0012,0.0000,0,0,0.0000,0,0.0000,0,0,0,606,0
1310,2.7725,10.3462,0.0015,0.0000,0,0,0.0000,0,0.0000,0,0,0,1017,0
1311,2.8027,10.2964,0.0014,0.0000,0,0,0.0000,0,0.0000,0,0,0,705,0
1312,5.0686,5.8702,0.0021,0.0000,0,0,0.0000,0,0.0000,0,0,0,646,0
1313,2.7870,5.6044,0.0015,0.0000,0,0,0.0000,0,0.0000,0,0,0,607,0
1314,2.7725,10.4893,0.0016,0.0000,0,0,0.0000,0,0.0000,0,0,0,933,0
1315,2.8027,10.4469,0.0015,0.0000,0,0,0.0000,0,0.0000,0,0,0,703,0
1316,5.0686,6.3318,0.0081,0.0000,0,0,0.0000,0,0.0000,0,0,0,651,0
1317,2.7870,5.9260,0.0015,0.0000,0,0,0.0000,0,0.0000,0,0,0,609,0
1318,2.7725,10.1260,0.0020,0.0000,0,0,0.0000,0,0.0000,0,0,0,926,0
1319,2.8027,10.1737,0.0017,0.0000,0,0,0.0000,0,0.0000,0,0,0,728,0
1320,5.0686,6.2331,0.0060,0.0000,0,0,0.0000,0,0.0000,0,0,0,638,0
1321,2.7870,5.8823,0.0060,0.0000,0,0,0.0000,0,0.0000,0,0,0,601,0
1322,2.7725,15.4556,0.0017,0.0000,0,0,0.0000,0,0.0000,0,0,0,856,0
1323,2.8027,15.2395,0.0016,0.0000,0,0,0.0000,0,0.0000,0,0,0,752,0
1324,5.0686,6.0311,0.0048,0.0000,0,0,0.0000,0,0.0000,0,0,0,623,0
1325,2.7870,5.7526,0.0031,0.0000,0,0,0.0000,0,0.0000,0,0,0,601,0
1326,2.7725,10.6091,0.0019,0.0000,0,0,0.0000,0,0.0000,0,0,0,1082,0
1327,2.8027,10.5361,0.0011,0.0000,0,0,0.0000,0,0.0000,0,0,0,805,0
1328,5.0686,6.0466,0.0051,0.0000,0,0,0.0000,0,0.0000,0,0,0,626,0
1329,2.7870,5.6938,0.0018,0.0000,0,0,0.0000,0,0.0000,0,0,0,601,0
1330,2.7725,10.5872,0.0020,0.0000,0,0,0.0000,0,0.0000,0,0,0,712,0
1331,2.8027,10.5068,0.0011,0.0000,0,0,0.0000,0,0.0000,0,0,0,775,0
1332,5.0686,6.1803,0.0021,0.0000,0,0,0.0000,0,0.0000,0,0,0,622,0
1333,2.7870,5.7719,0.0010,0.0000,0,0,0.0000,0,0.0000,0,0,0,601,0
1334,2.7725,10.7543,0.0013,0.0000,0,0,0.0000,0,0.0000,0,0,0,709,0
1335,2.8027,10.6919,0.0020,0.0000,0,0,0.0000,0,0.0000,0,0,0,911,0
1336,5.0686,6.0256,0.0020,0.0000,0,0,0.0000,0,0.0000,0,0,0,611,0
1337,2.7870,5.6988,0.0033,0.0000,0,0,0.0000,0,0.0000,0,0,0,601,0
1338,2.7725,10.5806,0.0012,0.0000,0,0,0.0000,0,0.0000,0,0,0,723,0
1339,2.8027,10.5410,0.0012,0.0000,0,0,0.0000,0,0.0000,0,0,0,698,0
1340,5.0686,5.9663,0.0019,0.0000,0,0,0.0000,0,0.0000,0,0,0,618,0
1341,2.7870,5.6742,0.0015,0.0000,0,0,0.0000,0,0.0000,0,0,0,601,0
1342,2.7725,10.7267,0.0071,0.0000,0,0,0.0000,0,0.0000,0,0,0,744,0
1343,2.8027,10.5794,0.0028,0.0000,0,0,0.0000,0,0.0000,0,0,0,696,0
1344,5.0686,6.5898,0.0067,0.0000,0,0,0.0000,0,0.0000,0,0,0,605,0
1345,2.7870,6.0248,0.0017,0.0000,0,0,0.0000,0,0.0000,0,0,0,601,0
1346,2.7725,10.6671,0.0078,0.0000,0,0,0.0000,0,0.0000,0,0,0,786,0
1347,2.8027,10.5858,0.0023,0.0000,0,0,0.0000,0,0.0000,0,0,0,704,0
1348,5.0686,6.9349,0.0082,0.0000,0,0,0.0000,0,0.0000,0,0,0,606,0
1349,2.7870,6.0884,0.0020,0.0000,0,0,0.0000,0,0.0000,0,0,0,601,0
1350,2.7725,10.6003,0.0087,0.0000,0,0,0.0000,0,0.0000,0,0,0,780,0
1351,2.8027,10.3660,0.0037,0.0000,0,0,0.0000,0,0.0000,0,0,0,741,0
1352,5.0686,7.0269,0.0079,0.0000,0,0,0.0000,0,0.0000,0,0,0,605,0
1353,2.7870,6.2328,0.0032,0.0000,0,0,0.0000,0,0.0000,0,0,0,601,0
1354,2.7725,9.9366,0.0034,0.0000,0,0,0.0000,0,0.0000,0,0,0,808,0
1355,2.8027,9.9786,0.0027,0.0000,0,0,0.0000,0,0.0000,0,0,0,758,0
1356,5.0686,6.3765,0.0056,0.0000,0,0,0.0000,0,0.0000,0,0,0,606,0
1357,2.7870,5.8632,0.0032,0.0000,0,0,0.0000,0,0.0000,0,0,0,601,0
1358,2.7725,10.3370,0.0080,0.0000,0,0,0.0000,0,0.0000,0,0,0,795,0
1359,2.8027,10.0643,0.0035,0.0000,0,0,0.0000,0,0.0000,0,0,0,738,0
1360,5.0686,8.1513,0.0074,0.0000,0,0,0.0000,0,0.0000,0,0,0,601,0
1361,2.7870,6.2615,0.0013,0.0000,0,0,0.0000,0,0.0000,0,0,0,601,0
1362,2.7725,8.7605,0.0032,0.0000,0,0,0.0000,0,0.0000,0,0,0,771,0
1363,2.8027,10.1307,0.0032,0.0000,0,0,0.0000,0,0.0000,0,0,0,836,0
1364,5.0686,6.8398,0.0075,0.0000,0,0,0.0000,0,0.0000,0,0,0,601,0
1365,2.7870,6.1852,0.0013,0.0000,0,0,0.0000,0,0.0000,0,0,0,601,0
1366,2.7725,10.5733,0.0068,0.0000,0,0,0.0000,0,0.0000,0,0,0,779,0
1367,2.8027,10.5079,0.0014,0.0000,0,0,0.0000,0,0.0000,0,0,0,698,0
1368,5.0686,8.4660,0.0069,0.0000,0,0,0.0000,0,0.0000,0,0,0,601,0
1369,2.7870,7.5880,0.0065,0.0000,0,0,0.0000,0,0.0000,0,0,0,601,0
1370,2.7725,10.0233,0.0025,0.0000,0,0,0.0000,0,0.0000,0,0,0,967,0
1371,2.8027,9.9164,0.0025,0.0000,0,0,0.0000,0,0.0000,0,0,0,696,0
1372,5.0686,6.8725,0.0043,0.0000,0,0,0.0000,0,0.0000,0,0,0,601,0
1373,2.7870,6.3812,0.0013,0.0000,0,0,0.0000,0,0.0000,0,0,0,601,0
1374,2.7725,10.5500,0.0064,0.0000,0,0,0.0000,0,0.0000,0,0,0,710,0
1375,2.8027,10.3456,0.0063,0.0000,0,0,0.0000,0,0.0000,0,0,0,700,0
1376,5.0686,6.9627,0.0061,0.0000,0,0,0.0000,0,0.0000,0,0,0,601,0
1377,2.7870,6.0263,0.0030,0.0000,0,0,0.0000,0,0.0000,0,0,0,601,0
1378,2.7725,9.9154,0.0021,0.0000,0,0,0.0000,0,0.0000,0,0,0,703,0
1379,2.8027,9.9955,0.0026,0.0000,0,0,0.0000,0,0.0000,0,0,0,721,0
1380,5.0686,6.5038,0.0060,0.0000,0,0,0.0000,0,0.0000,0,0,0,601,0
1381,2.7870,5.8964,0.0030,0.0000,0,0,0.0000,0,0.0000,0,0,0,601,0
1382,2.7725,11.6235,0.0075,0.0000,0,0,0.0000,0,0.0000,0,0,0,708,0
1383,2.8027,11.2218,0.0033,0.0000,0,0,0.0000,0,0.0000,0,0,0,783,0
1384,5.0686,7.7377,0.0022,0.0000,0,0,0.0000,0,0.0000,0,0,0,601,0
1385,2.7870,6.7790,0.0019,0.0000,0,0,0.0000,0,0.0000,0,0,0,601,0
1386,2.7725,10.2411,0.0037,0.0000,0,0,0.0000,0,0.0000,0,0,0,751,0
1387,2.8027,10.1196,0.0011,0.0000,0,0,0.0000,0,0.0000,0,0,0,755,0
1388,5.0686,6.2849,0.0067,0.0000,0,0,0.0000,0,0.0000,0,0,0,601,0
1389,2.7870,5.7554,0.0018,0.0000,0,0,0.0000,0,0.0000,0,0,0,601,0
1390,2.7725,10.5818,0.0051,0.0000,0,0,0.0000,0,0.0000,0,0,0,762,0
1391,2.8027,10.4453,0.0055,0.0000,0,0,0.0000,0,0.0000,0,0,0,801,0
1392,5.0686,6.2180,0.0066,0.0000,0,0,0.0000,0,0.0000,0,0,0,601,0
1393,2.7870,5.7622,0.0016,0.0000,0,0,0.0000,0,0.0000,0,0,0,601,0
1394,2.7725,10.4791,0.0027,0.0000,0,0,0.0000,0,0.0000,0,0,0,747,0
1395,2.8027,10.3322,0.0009,0.0000,0,0,0.0000,0,0.0000,0,0,0,696,0
1396,5.0686,6.4332,0.0056,0.0000,0,0,0.0000,0,0.0000,0,0,0,601,0
1397,2.7870,5.8215,0.0054,0.0000,0,0,0.0000,0,0.0000,0,0,0,601,0
1398,2.7725,10.8280,0.0012,0.0000,0,0,0.0000,0,0.0000,0,0,0,830,0
1399,2.8027,10.6662,0.0044,0.0000,0,0,0.0000,0,0.0000,0,0,0,701,0
1400,5.0686,6.3112,0.0018,0.0000,0,0,0.0000,0,0.0000,0,0,0,601,0
1401,2.7870,5.8090,0.0018,0.0000,0,0,0.0000,0,0.0000,0,0,0,601,0
1402,2.7725,11.0153,0.0063,0.0000,0,0,0.0000,0,0.0000,0,0,0,769,0
1403,2.8027,10.8704,0.0070,0.0000,0,0,0.0000,0,0.0000,0,0,0,696,0
1404,5.0686,6.5668,0.0062,0.0000,0,0,0.0000,0,0.0000,0,0,0,601,0
1405,2.7870,6.3645,0.0036,0.0000,0,0,0.0000,0,0.0000,0,0,0,601,0
1406,2.7725,10.0304,0.0062,0.0000,0,0,0.0000,0,0.0000,0,0,0,728,0
1407,2.8027,10.1111,0.0016,0.0000,0,0,0.0000,0,0.0000,0,0,0,717,0
1408,5.0686,6.6706,0.0057,0.0000,0,0,0.0000,0,0.0000,0,0,0,601,0
1409,2.7870,6.1132,0.0027,0.0000,0,0,0.0000,0,0.0000,0,0,0,601,0
1410,2.7725,10.1703,0.0078,0.0000,0,0,0.0000,0,0.0000,0,0,0,726,0
1411,2.8027,10.0185,0.0033,0.0000,0,0,0.0000,0,0.0000,0,0,0,731,0
1412,5.0686,6.5484,0.0060,0.0000,0,0,0.0000,0,0.0000,0,0,0,601,0
1413,2.7870,5.8853,0.0012,0.0000,0,0,0.0000,0,0.0000,0,0,0,601,0
1414,2.7725,9.4512,0.0053,0.0000,0,0,0.0000,0,0.0000,0,0,0,833,0
1415,2.8027,8.8738,0.0031,0.0000,0,0,0.0000,0,0.0000,0,0,0,722,0
1416,5.0686,6.3960,0.0058,0.0000,0,0,0.0000,0,0.0000,0,0,0,601,0
1417,2.7870,5.8291,0.0038,0.0000,0,0,0.0000,0,0.0000,0,0,0,601,0
1418,2.7725,10.1215,0.0064,0.0000,0,0,0.0000,0,0.0000,0,0,0,696,0
1419,2.8027,10.1259,0.0013,0.0000,0,0,0.0000,0,0.0000,0,0,0,758,0
1420,5.0686,6.7047,0.0060,0.0000,0,0,0.0000,0,0.0000,0,0,0,601,0
1421,2.7870,5.8840,0.0009,0.0000,0,0,0.0000,0,0.0000,0,0,0,601,0
1422,2.7725,10.0989,0.0034,0.0000,0,0,0.0000,0,0.0000,0,0,0,696,0
1423,2.8027,10.2400,0.0013,0.0000,0,0,0.0000,0,0.0000,0,0,0,696,0
1424,5.0686,6.1914,0.0045,0.0000,0,0,0.0000,0,0.0000,0,0,0,601,0
1425,2.7870,5.7519,0.0015,0.0000,0,0,0.0000,0,0.0000,0,0,0,601,0
1426,2.7725,10.5738,0.0014,0.0000,0,0,0.0000,0,0.0000,0,0,0,696,0
1427,2.8027,10.4770,0.0013,0.0000,0,0,0.0000,0,0.0000,0,0,0,705,0
1428,5.0686,5.7166,0.0013,0.0000,0,0,0.0000,0,0.0000,0,0,0,601,0
1429,2.7870,5.6198,0.0011,0.0000,0,0,0.0000,0,0.0000,0,0,0,601,0
1430,2.7725,10.2483,0.0017,0.0000,0,0,0.0000,0,0.0000,0,0,0,696,0
1431,2.8027,10.2613,0.0015,0.0000,0,0,0.0000,0,0.0000,0,0,0,707,0
1432,5.0686,6.0213,0.0067,0.0000,0,0,0.0000,0,0.0000,0,0,0,601,0
1433,2.7870,5.9023,0.0013,0.0000,0,0,0.0000,0,0.0000,0,0,0,601,0
1434,2.7725,10.6970,0.0045,0.0000,0,0,0.0000,0,0.0000,0,0,0,701,0
1435,2.8027,10.5406,0.0045,0.0000,0,0,0.0000,0,0.0000,0,0,0,707,0
1436,5.0686,6.4488,0.0055,0.0000,0,0,0.0000,0,0.0000,0,0,0,601,0
1437,2.7870,5.9085,0.0022,0.0000,0,0,0.0000,0,0.0000,0,0,0,601,0
1438,2.7725,9.9192,0.0055,0.0000,0,0,0.0000,0,0.0000,0,0,0,703,0
1439,2.8027,9.8812,0.0021,0.0000,0,0,0.0000,0,0.0000,0,0,0,736,0
1440,5.0686,6.5640,0.0063,0.0000,0,0,0.0000,0,0.0000,0,0,0,601,0
1441,2.7870,5.9147,0.0027,0.0000,0,0,0.0000,0,0.0000,0,0,0,601,0
1442,2.7725,9.9780,0.0040,0.0000,0,0,0.0000,0,0.0000,0,0,0,716,0
1443,2.8027,9.9805,0.0026,0.0000,0,0,0.0000,0,0.0000,0,0,0,719,0
1444,5.0686,6.4787,0.0068,0.0000,0,0,0.0000,0,0.0000,0,0,0,601,0
1445,2.7870,5.9150,0.0029,0.0000,0,0,0.0000,0,0.0000,0,0,0,601,0
1446,2.7725,10.1200,0.0067,0.0000,0,0,0.0000,0,0.0000,0,0,0,714,0
1447,2.8027,10.0240,0.0034,0.0000,0,0,0.0000,0,0.0000,0,0,0,775,0
1448,5.0686,6.4165,0.0058,0.0000,0,0,0.0000,0,0.0000,0,0,0,601,0
1449,2.7870,5.7814,0.0023,0.0000,0,0,0.0000,0,0.0000,0,0,0,601,0
1450,2.7725,10.1175,0.0070,0.0000,0,0,0.0000,0,0.0000,0,0,0,717,0
1451,2.8027,9.9247,0.0023,0.0000,0,0,0.0000,0,0.0000,0,0,0,701,0
1452,5.0686,6.3380,0.0056,0.0000,0,0,0.0000,0,0.0000,0,0,0,601,0
1453,2.7870,5.7920,0.0019,0.0000,0,0,0.0000,0,0.0000,0,0,0,601,0
1454,2.7725,10.9007,0.0078,0.0000,0,0,0.0000,0,0.0000,0,0,0,711,0
1455,2.8027,10.7034,0.0025,0.0000,0,0,0.0000,0,0.0000,0,0,0,701,0
1456,5.0686,6.2915,0.0049,0.0000,0,0,0.0000,0,0.0000,0,0,0,601,0
1457,2.7870,6.4524,0.0064,0.0000,0,0,0.0000,0,0.0000,0,0,0,601,0
1458,2.7725,8.7089,0.0026,0.0000,0,0,0.0000,0,0.0000,0,0,0,763,0
1459,2.8027,10.0790,0.0018,0.0000,0,0,0.0000,0,0.0000,0,0,0,701,0
1460,5.0686,6.1340,0.0036,0.0000,0,0,0.0000,0,0.0000,0,0,0,601,0
1461,2.7870,5.6926,0.0024,0.0000,0,0,0.0000,0,0.0000,0,0,0,601,0
1462,2.7725,10.3662,0.0036,0.0000,0,0,0.0000,0,0.0000,0,0,0,696,0
1463,2.8027,10.2151,0.0040,0.0000,0,0,0.0000,0,0.0000,0,0,0,715,0
1464,5.0686,6.1812,0.0067,0.0000,0,0,0.0000,0,0.0000,0,0,0,601,0
1465,2.7870,5.8050,0.0010,0.0000,0,0,0.0000,0,0.0000,0,0,0,601,0
1466,2.7725,10.4500,0.0020,0.0000,0,0,0.0000,0,0.0000,0,0,0,696,0
1467,2.8027,10.3325,0.0010,0.0000,0,0,0.0000,0,0.0000,0,0,0,726,0
1468,5.0686,5.9278,0.0046,0.0000,0,0,0.0000,0,0.0000,0,0,0,601,0
1469,2.7870,5.6487,0.0015,0.0000,0,0,0.0000,0,0.0000,0,0,0,601,0
1470,2.7725,10.3963,0.0049,0.0000,0,0,0.0000,0,0.0000,0,0,0,696,0
1471,2.8027,10.3454,0.0015,0.0000,0,0,0.0000,0,0.0000,0,0,0,714,0
1472,5.0686,5.8842,0.0020,0.0000,0,0,0.0000,0,0.0000,0,0,0,601,0
1473,2.7870,5.7575,0.0021,0.0000,0,0,0.0000,0,0.0000,0,0,0,601,0
1474,2.7725,10.6517,0.0075,0.0000,0,0,0.0000,0,0.0000,0,0,0,696,0
1475,2.8027,10.4037,0.0075,0.0000,0,0,0.0000,0,0.0000,0,0,0,789,0
1476,5.0686,6.2319,0.0063,0.0000,0,0,0.0000,0,0.0000,0,0,0,601,0
1477,2.7870,6.4340,0.0027,0.0000,0,0,0.0000,0,0.0000,0,0,0,601,0
1478,2.7725,10.0650,0.0046,0.0000,0,0,0.0000,0,0.0000,0,0,0,717,0
1479,2.8027,9.8762,0.0016,0.0000,0,0,0.0000,0,0.0000,0,0,0,703,0
1480,5.0686,6.5516,0.0068,0.0000,0,0,0.0000,0,0.0000,0,0,0,601,0
1481,2.7870,5.8540,0.0036,0.0000,0,0,0.0000,0,0.0000,0,0,0,601,0
1482,2.7725,10.0122,0.0040,0.0000,0,0,0.0000,0,0.0000,0,0,0,716,0
1483,2.8027,10.0850,0.0025,0.0000,0,0,0.0000,0,0.0000,0,0,0,705,0
1484,5.0686,6.4059,0.0054,0.0000,0,0,0.0000,0,0.0000,0,0,0,601,0
1485,2.7870,6.1056,0.0035,0.0000,0,0,0.0000,0,0.0000,0,0,0,601,0
1486,2.7725,10.0474,0.0054,0.0000,0,0,0.0000,0,0.0000,0,0,0,745,0
1487,2.8027,10.0023,0.0031,0.0000,0,0,0.0000,0,0.0000,0,0,0,700,0
1488,5.0686,6.6879,0.0063,0.0000,0,0,0.0000,0,0.0000,0,0,0,601,0
1489,2.7870,5.8997,0.0023,0.0000,0,0,0.0000,0,0.0000,0,0,0,601,0
1490,2.7725,9.9591,0.0039,0.0000,0,0,0.0000,0,0.0000,0,0,0,737,0
1491,2.8027,9.9940,0.0026,0.0000,0,0,0.0000,0,0.0000,0,0,0,706,0
1492,5.0686,6.7598,0.0065,0.0000,0,0,0.0000,0,0.0000,0,0,0,601,0
1493,2.7870,5.8220,0.0019,0.0000,0,0,0.0000,0,0.0000,0,0,0,601,0
1494,2.7725,10.2629,0.0067,0.0000,0,0,0.0000,0,0.0000,0,0,0,718,0
1495,2.8027,10.0773,0.0027,0.0000,0,0,0.0000,0,0.0000,0,0,0,723,0
1496,5.0686,6.3563,0.0048,0.0000,0,0,0.0000,0,0.0000,0,0,0,601,0
1497,2.7870,6.4137,0.0032,0.0000,0,0,0.0000,0,0.0000,0,0,0,601,0
1498,2.7725,9.9216,0.0028,0.0000,0,0,0.0000,0,0.0000,0,0,0,719,0
1499,2.8027,10.0692,0.0035,0.0000,0,0,0.0000,0,0.0000,0,0,0,714,0
1500,5.0686,6.2735,0.0061,0.0000,0,0,0.0000,0,0.0000,0,0,0,601,0
1501,2.7870,5.8946,0.0025,0.0000,0,0,0.0000,0,0.0000,0,0,0,601,0
1502,2.7725,9.7945,0.0033,0.0000,0,0,0.0000,0,0.0000,0,0,0,747,0
1503,2.8027,9.8480,0.0043,0.0000,0,0,0.0000,0,0.0000,0,0,0,769,0
1504,5.0686,6.2010,0.0042,0.0000,0,0,0.0000,0,0.0000,0,0,0,601,0
1505,2.7870,5.9317,0.0028,0.0000,0,0,0.0000,0,0.0000,0,0,0,601,0
1506,2.7725,10.3042,0.0077,0.0000,0,0,0.0000,0,0.0000,0,0,0,696,0
1507,2.8027,10.0886,0.0032,0.0000,0,0,0.0000,0,0.0000,0,0,0,704,0
1508,5.0686,6.5227,0.0059,0.0000,0,0,0.0000,0,0.0000,0,0,0,601,0
1509,2.7870,5.8190,0.0015,0.0000,0,0,0.0000,0,0.0000,0,0,0,601,0
1510,2.7725,10.3911,0.0070,0.0000,0,0,0.0000,0,0.0000,0,0,0,696,0
1511,2.8027,10.0455,0.0033,0.0000,0,0,0.0000,0,0.0000,0,0,0,707,0
1512,5.0686,7.8985,0.0068,0.0000,0,0,0.0000,0,0.0000,0,0,0,601,0
1513,2.7870,6.8323,0.0047,0.0000,0,0,0.0000,0,0.0000,0,0,0,601,0
1514,2.7725,9.0146,0.0027,0.0000,0,0,0.0000,0,0.0000,0,0,0,696,0
1515,2.8027,10.2990,0.0015,0.0000,0,0,0.0000,0,0.0000,0,0,0,714,0
1516,5.0686,6.0439,0.0022,0.0000,0,0,0.0000,0,0.0000,0,0,0,601,0
1517,2.7870,5.6886,0.0031,0.0000,0,0,0.0000,0,0.0000,0,0,0,601,0
1518,2.7725,10.5516,0.0056,0.0000,0,0,0.0000,0,0.0000,0,0,0,696,0
1519,2.8027,10.3479,0.0057,0.0000,0,0,0.0000,0,0.0000,0,0,0,709,0
1520,5.0686,6.1270,0.0042,0.0000,0,0,0.0000,0,0.0000,0,0,0,601,0
1521,2.7870,5.7737,0.0013,0.0000,0,0,0.0000,0,0.0000,0,0,0,601,0
1522,2.7725,10.5859,0.0015,0.0000,0,0,0.0000,0,0.0000,0,0,0,696,0
1523,2.8027,10.5666,0.0009,0.0000,0,0,0.0000,0,0.0000,0,0,0,732,0
1524,5.0686,5.7860,0.0013,0.0000,0,0,0.0000,0,0.0000,0,0,0,601,0
1525,2.7870,5.6180,0.0012,0.0000,0,0,0.0000,0,0.0000,0,0,0,601,0
1526,2.7725,10.8436,0.0066,0.0000,0,0,0.0000,0,0.0000,0,0,0,696,0
1527,2.8027,10.7650,0.0027,0.0000,0,0,0.0000,0,0.0000,0,0,0,719,0
1528,5.0686,6.2119,0.0072,0.0000,0,0,0.0000,0,0.0000,0,0,0,601,0
1529,2.7870,5.7203,0.0018,0.0000,0,0,0.0000,0,0.0000,0,0,0,601,0
1530,2.7725,9.9355,0.0042,0.0000,0,0,0.0000,0,0.0000,0,0,0,708,0
1531,2.8027,9.1981,0.0021,0.0000,0,0,0.0000,0,0.0000,0,0,0,751,0
1532,5.0686,7.7480,0.0073,0.0000,0,0,0.0000,0,0.0000,0,0,0,601,0
1533,2.7870,6.7251,0.0031,0.0000,0,0,0.0000,0,0.0000,0,0,0,601,0
1534,2.7725,9.9610,0.0056,0.0000,0,0,0.0000,0,0.0000,0,0,0,708,0
1535,2.8027,9.9177,0.0020,0.0000,0,0,0.0000,0,0.0000,0,0,0,696,0
1536,5.0686,6.3809,0.0047,0.0000,0,0,0.0000,0,0.0000,0,0,0,601,0
1537,2.7870,5.6953,0.0015,0.0000,0,0,0.0000,0,0.0000,0,0,0,601,0
1538,2.7725,9.9525,0.0030,0.0000,0,0,0.0000,0,0.0000,0,0,0,706,0
1539,2.8027,10.0621,0.0015,0.0000,0,0,0.0000,0,0.0000,0,0,0,701,0
1540,5.0686,6.1001,0.0047,0.0000,0,0,0.0000,0,0.0000,0,0,0,601,0
1541,2.7870,5.7132,0.0012,0.0000,0,0,0.0000,0,0.0000,0,0,0,601,0
1542,2.7725,10.6921,0.0028,0.0000,0,0,0.0000,0,0.0000,0,0,0,707,0
1543,2.8027,10.6721,0.0017,0.0000,0,0,0.0000,0,0.0000,0,0,0,703,0
1544,5.0686,6.5511,0.0076,0.0000,0,0,0.0000,0,0.0000,0,0,0,601,0
1545,2.7870,6.7492,0.0047,0.0000,0,0,0.0000,0,0.0000,0,0,0,601,0
1546,2.7725,10.6508,0.0067,0.0000,0,0,0.0000,0,0.0000,0,0,0,723,0
1547,2.8027,10.4373,0.0067,0.0000,0,0,0.0000,0,0.0000,0,0,0,707,0
1548,5.0686,6.9253,0.0081,0.0000,0,0,0.0000,0,0.0000,0,0,0,601,0
1549,2.7870,6.0865,0.0025,0.0000,0,0,0.0000,0,0.0000,0,0,0,601,0
1550,2.7725,10.3122,0.0080,0.0000,0,0,0.0000,0,0.0000,0,0,0,696,0
1551,2.8027,10.0296,0.0041,0.0000,0,0,0.0000,0,0.0000,0,0,0,708,0
1552,5.0686,9.9678,0.0079,0.0000,0,0,0.0000,0,0.0000,0,0,0,601,0
1553,2.7870,9.0157,0.0020,0.0000,0,0,0.0000,0,0.0000,0,0,0,601,0
1554,2.7725,10.2430,0.0046,0.0000,0,0,0.0000,0,0.0000,0,0,0,696,0
1555,2.8027,9.9516,0.0018,0.0000,0,0,0.0000,0,0.0000,0,0,0,712,0
1556,5.0686,7.6993,0.0078,0.0000,0,0,0.0000,0,0.0000,0,0,0,601,0
1557,2.7870,6.8235,0.0031,0.0000,0,0,0.0000,0,0.0000,0,0,0,601,0
1558,2.7725,10.4927,0.0056,0.0000,0,0,0.0000,0,0.0000,0,0,0,696,0
1559,2.8027,10.4392,0.0062,0.0000,0,0,0.0000,0,0.0000,0,0,0,754,0
1560,5.0686,6.8101,0.0070,0.0000,0,0,0.0000,0,0.0000,0,0,0,601,0
1561,2.7870,6.0062,0.0033,0.0000,0,0,0.0000,0,0.0000,0,0,0,601,0
1562,2.7725,9.9841,0.0080,0.0000,0,0,0.0000,0,0.0000,0,0,0,696,0
1563,2.8027,10.0773,0.0015,0.0000,0,0,0.0000,0,0.0000,0,0,0,696,0
1564,5.0686,6.3825,0.0043,0.0000,0,0,0.0000,0,0.0000,0,0,0,601,0
1565,2.7870,5.7133,0.0021,0.0000,0,0,0.0000,0,0.0000,0,0,0,601,0
1566,2.7725,10.1681,0.0044,0.0000,0,0,0.0000,0,0.0000,0,0,0,701,0
1567,2.8027,9.9253,0.0013,0.0000,0,0,0.0000,0,0.0000,0,0,0,706,0
1568,5.0686,6.3175,0.0053,0.0000,0,0,0.0000,0,0.0000,0,0,0,601,0
1569,2.7870,5.7693,0.0055,0.0000,0,0,0.0000,0,0.0000,0,0,0,601,0
1570,2.7725,10.6853,0.0031,0.0000,0,0,0.0000,0,0.0000,0,0,0,696,0
1571,2.8027,10.6058,0.0014,0.0000,0,0,0.0000,0,0.0000,0,0,0,700,0
1572,5.0686,5.9417,0.0019,0.0000,0,0,0.0000,0,0.0000,0,0,0,601,0
1573,2.7870,5.6570,0.0012,0.0000,0,0,0.0000,0,0.0000,0,0,0,601,0
1574,2.7725,10.5475,0.0026,0.0000,0,0,0.0000,0,0.0000,0,0,0,707,0
1575,2.8027,10.5173,0.0020,0.0000,0,0,0.0000,0,0.0000,0,0,0,704,0
1576,5.0686,5.8561,0.0025,0.0000,0,0,0.0000,0,0.0000,0,0,0,601,0
1577,2.7870,5.6296,0.0007,0.0000,0,0,0.0000,0,0.0000,0,0,0,601,0
1578,2.7725,10.5800,0.0015,0.0000,0,0,0.0000,0,0.0000,0,0,0,701,0
1579,2.8027,10.5405,0.0008,0.0000,0,0,0.0000,0,0.0000,0,0,0,715,0
1580,5.0686,6.1586,0.0070,0.0000,0,0,0.0000,0,0.0000,0,0,0,601,0
1581,2.7870,6.0042,0.0013,0.0000,0,0,0.0000,0,0.0000,0,0,0,601,0
1582,2.7725,10.9513,0.0060,0.0000,0,0,0.0000,0,0.0000,0,0,0,702,0
1583,2.8027,10.8135,0.0060,0.0000,0,0,0.0000,0,0.0000,0,0,0,700,0
1584,5.0686,6.7062,0.0068,0.0000,0,0,0.0000,0,0.0000,0,0,0,601,0
1585,2.7870,5.9685,0.0027,0.0000,0,0,0.0000,0,0.0000,0,0,0,601,0
1586,2.7725,10.2274,0.0064,0.0000,0,0,0.0000,0,0.0000,0,0,0,711,0
1587,2.8027,9.8945,0.0038,0.0000,0,0,0.0000,0,0.0000,0,0,0,764,0
1588,5.0686,6.6853,0.0042,0.0000,0,0,0.0000,0,0.0000,0,0,0,601,0
1589,2.7870,5.8901,0.0017,0.0000,0,0,0.0000,0,0.0000,0,0,0,601,0
1590,2.7725,9.8323,0.0012,0.0000,0,0,0.0000,0,0.0000,0,0,0,722,0
1591,2.8027,9.8849,0.0008,0.0000,0,0,0.0000,0,0.0000,0,0,0,696,0
1592,5.0686,5.9684,0.0021,0.0000,0,0,0.0000,0,0.0000,0,0,0,601,0
1593,2.7870,5.6964,0.0027,0.0000,0,0,0.0000,0,0.0000,0,0,0,601,0
1594,2.7725,10.4243,0.0018,0.0000,0,0,0.0000,0,0.0000,0,0,0,696,0
1595,2.8027,10.3418,0.0019,0.0000,0,0,0.0000,0,0.0000,0,0,0,696,0
1596,5.0686,6.1269,0.0089,0.0000,0,0,0.0000,0,0.0000,0,0,0,601,0
1597,2.7870,5.8172,0.0088,0.0000,0,0,0.0000,0,0.0000,0,0,0,601,0
1598,2.7725,10.7515,0.0060,0.0000,0,0,0.0000,0,0.0000,0,0,0,696,0
1599,2.8027,10.9247,0.0024,0.0000,0,0,0.0000,0,0.0000,0,0,0,696,0
1600,5.0686,6.3856,0.0043,0.0000,0,0,0.0000,0,0.0000,0,0,0,601,0
1601,2.7870,5.6830,0.0018,0.0000,0,0,0.0000,0,0.0000,0,0,0,601,0
1602,2.7725,9.6888,0.0026,0.0000,0,0,0.0000,0,0.0000,0,0,0,696,0
1603,2.8027,9.7713,0.0013,0.0000,0,0,0.0000,0,0.0000,0,0,0,700,0
1604,5.0686,6.2958,0.0050,0.0000,0,0,0.0000,0,0.0000,0,0,0,601,0
1605,2.7870,5.7603,0.0048,0.0000,0,0,0.0000,0,0.0000,0,0,0,601,0
1606,2.7725,10.6765,0.0013,0.0000,0,0,0.0000,0,0.0000,0,0,0,705,0
1607,2.8027,10.6048,0.0009,0.0000,0,0,0.0000,0,0.0000,0,0,0,702,0
1608,5.0686,6.0847,0.0023,0.0000,0,0,0.0000,0,0.0000,0,0,0,601,0
1609,2.7870,5.7436,0.0015,0.0000,0,0,0.0000,0,0.0000,0,0,0,601,0
1610,2.7725,10.6393,0.0011,0.0000,0,0,0.0000,0,0.0000,0,0,0,708,0
1611,2.8027,10.5640,0.0008,0.0000,0,0,0.0000,0,0.0000,0,0,0,706,0
1612,5.0686,5.8915,0.0015,0.0000,0,0,0.0000,0,0.0000,0,0,0,601,0
1613,2.7870,5.6627,0.0008,0.0000,0,0,0.0000,0,0.0000,0,0,0,601,0
1614,2.7725,10.6421,0.0017,0.0000,0,0,0.0000,0,0.0000,0,0,0,707,0
1615,2.8027,10.5645,0.0010,0.0000,0,0,0.0000,0,0.0000,0,0,0,721,0
1616,5.0686,5.9903,0.0044,0.0000,0,0,0.0000,0,0.0000,0,0,0,601,0
1617,2.7870,5.6629,0.0011,0.0000,0,0,0.0000,0,0.0000,0,0,0,601,0
1618,2.7725,10.6402,0.0024,0.0000,0,0,0.0000,0,0.0000,0,0,0,708,0
1619,2.8027,10.5152,0.0022,0.0000,0,0,0.0000,0,0.0000,0,0,0,696,0
1620,5.0686,6.0111,0.0026,0.0000,0,0,0.0000,0,0.0000,0,0,0,601,0
1621,2.7870,5.6863,0.0020,0.0000,0,0,0.0000,0,0.0000,0,0,0,601,0
1622,2.7725,10.7252,0.0020,0.0000,0,0,0.0000,0,0.0000,0,0,0,706,0
1623,2.8027,10.6899,0.0015,0.0000,0,0,0.0000,0,0.0000,0,0,0,696,0
1624,5.0686,5.9270,0.0010,0.0000,0,0,0.0000,0,0.0000,0,0,0,601,0
1625,2.7870,5.6117,0.0006,0.0000,0,0,0.0000,0,0.0000,0,0,0,601,0
1626,2.7725,10.6567,0.0013,0.0000,0,0,0.0000,0,0.0000,0,0,0,711,0
1627,2.8027,10.5665,0.0016,0.0000,0,0,0.0000,0,0.0000,0,0,0,696,0
1628,5.0686,5.9074,0.0016,0.0000,0,0,0.0000,0,0.0000,0,0,0,601,0
1629,2.7870,5.6627,0.0010,0.0000,0,0,0.0000,0,0.0000,0,0,0,601,0
1630,2.7725,10.5615,0.0025,0.0000,0,0,0.0000,0,0.0000,0,0,0,706,0
1631,2.8027,10.4148,0.0017,0.0000,0,0,0.0000,0,0.0000,0,0,0,702,0
1632,5.0686,7.2273,0.0070,0.0000,0,0,0.0000,0,0.0000,0,0,0,601,0
1633,2.7870,6.2300,0.0020,0.0000,0,0,0.0000,0,0.0000,0,0,0,601,0
1634,2.7725,11.4920,0.0089,0.0000,0,0,0.0000,0,0.0000,0,0,0,748,0
1635,2.8027,11.4820,0.0017,0.0000,0,0,0.0000,0,0.0000,0,0,0,702,0
1636,5.0686,7.1470,0.0017,0.0000,0,0,0.0000,0,0.0000,0,0,0,601,0
1637,2.7870,5.8823,0.0092,0.0000,0,0,0.0000,0,0.0000,0,0,0,601,0
1638,2.7725,10.6085,0.0035,0.0000,0,0,0.0000,0,0.0000,0,0,0,696,0
1639,2.8027,10.4701,0.0017,0.0000,0,0,0.0000,0,0.0000,0,0,0,702,0
1640,5.0686,6.0402,0.0023,0.0000,0,0,0.0000,0,0.0000,0,0,0,601,0
1641,2.7870,5.6350,0.0012,0.0000,0,0,0.0000,0,0.0000,0,0,0,601,0
1642,2.7725,10.5067,0.0035,0.0000,0,0,0.0000,0,0.0000,0,0,0,696,0
1643,2.8027,10.4236,0.0025,0.0000,0,0,0.0000,0,0.0000,0,0,0,742,0
1644,5.0686,6.1989,0.0032,0.0000,0,0,0.0000,0,0.0000,0,0,0,601,0
1645,2.7870,5.7842,0.0014,0.0000,0,0,0.0000,0,0.0000,0,0,0,601,0
1646,2.7725,10.7376,0.0022,0.0000,0,0,0.0000,0,0.0000,0,0,0,696,0
1647,2.8027,10.6323,0.0010,0.0000,0,0,0.0000,0,0.0000,0,0,0,696,0
1648,5.0686,6.6756,0.0079,0.0000,0,0,0.0000,0,0.0000,0,0,0,601,0
1649,2.7870,6.5736,0.0011,0.0000,0,0,0.0000,0,0.0000,0,0,0,601,0
1650,2.7725,11.2004,0.0050,0.0000,0,0,0.0000,0,0.0000,0,0,0,696,0
1651,2.8027,11.0504,0.0084,0.0000,0,0,0.0000,0,0.0000,0,0,0,696,0
1652,5.0686,6.9265,0.0073,0.0000,0,0,0.0000,0,0.0000,0,0,0,601,0
1653,2.7870,6.1643,0.0019,0.0000,0,0,0.0000,0,0.0000,0,0,0,601,0
1654,2.7725,10.7139,0.0080,0.0000,0,0,0.0000,0,0.0000,0,0,0,702,0
1655,2.8027,10.4910,0.0081,0.0000,0,0,0.0000,0,0.0000,0,0,0,696,0
1656,5.0686,7.6374,0.0067,0.0000,0,0,0.0000,0,0.0000,0,0,0,601,0
1657,2.7870,6.6034,0.0023,0.0000,0,0,0.0000,0,0.0000,0,0,0,601,0
1658,2.7725,10.6197,0.0067,0.0000,0,0,0.0000,0,0.0000,0,0,0,701,0
1659,2.8027,10.4081,0.0020,0.0000,0,0,0.0000,0,0.0000,0,0,0,696,0
1660,5.0686,7.3842,0.0069,0.0000,0,0,0.0000,0,0.0000,0,0,0,601,0
1661,2.7870,6.2321,0.0023,0.0000,0,0,0.0000,0,0.0000,0,0,0,601,0
1662,2.7725,10.9405,0.0057,0.0000,0,0,0.0000,0,0.0000,0,0,0,704,0
1663,2.8027,10.8795,0.0025,0.0000,0,0,0.0000,0,0.0000,0,0,0,701,0
1664,5.0686,6.9408,0.0104,0.0000,0,0,0.0000,0,0.0000,0,0,0,601,0
1665,2.7870,6.1635,0.0013,0.0000,0,0,0.0000,0,0.0000,0,0,0,601,0
1666,2.7725,10.1822,0.0055,0.0000,0,0,0.0000,0,0.0000,0,0,0,701,0
1667,2.8027,10.1527,0.0013,0.0000,0,0,0.0000,0,0.0000,0,0,0,700,0
1668,5.0686,6.6881,0.0064,0.0000,0,0,0.0000,0,0.0000,0,0,0,601,0
1669,2.7870,5.9951,0.0021,0.0000,0,0,0.0000,0,0.0000,0,0,0,601,0
1670,2.7725,10.4781,0.0056,0.0000,0,0,0.0000,0,0.0000,0,0,0,701,0
1671,2.8027,10.2780,0.0027,0.0000,0,0,0.0000,0,0.0000,0,0,0,720,0
1672,5.0686,6.7720,0.0037,0.0000,0,0,0.0000,0,0.0000,0,0,0,601,0
1673,2.7870,6.0477,0.0015,0.0000,0,0,0.0000,0,0.0000,0,0,0,601,0
1674,2.7725,7.7446,0.0013,0.0000,0,0,0.0000,0,0.0000,0,0,0,702,0
1675,2.8027,10.2101,0.0040,0.0000,0,0,0.0000,0,0.0000,0,0,0,696,0
1676,5.0686,6.1652,0.0017,0.0000,0,0,0.0000,0,0.0000,0,0,0,601,0
1677,2.7870,5.7529,0.0014,0.0000,0,0,0.0000,0,0.0000,0,0,0,601,0
1678,2.7725,10.5751,0.0019,0.0000,0,0,0.0000,0,0.0000,0,0,0,712,0
1679,2.8027,10.4376,0.0019,0.0000,0,0,0.0000,0,0.0000,0,0,0,696,0
1680,5.0686,6.2523,0.0061,0.0000,0,0,0.0000,0,0.0000,0,0,0,601,0
1681,2.7870,5.7429,0.0081,0.0000,0,0,0.0000,0,0.0000,0,0,0,601,0
1682,2.7725,10.5610,0.0024,0.0000,0,0,0.0000,0,0.0000,0,0,0,696,0
1683,2.8027,10.4225,0.0025,0.0000,0,0,0.0000,0,0.0000,0,0,0,696,0
1684,5.0686,6.0918,0.0032,0.0000,0,0,0.0000,0,0.0000,0,0,0,601,0
1685,2.7870,5.7367,0.0017,0.0000,0,0,0.0000,0,0.0000,0,0,0,601,0
1686,2.7725,10.6735,0.0015,0.0000,0,0,0.0000,0,0.0000,0,0,0,696,0
1687,2.8027,10.6807,0.0009,0.0000,0,0,0.0000,0,0.0000,0,0,0,696,0
1688,5.0686,5.8622,0.0012,0.0000,0,0,0.0000,0,0.0000,0,0,0,601,0
1689,2.7870,5.6241,0.0015,0.0000,0,0,0.0000,0,0.0000,0,0,0,601,0
1690,2.7725,10.5056,0.0016,0.0000,0,0,0.0000,0,0.0000,0,0,0,696,0
1691,2.8027,10.4462,0.0012,0.0000,0,0,0.0000,0,0.0000,0,0,0,705,0
1692,5.0686,6.0070,0.0019,0.0000,0,0,0.0000,0,0.0000,0,0,0,601,0
1693,2.7870,5.7347,0.0015,0.0000,0,0,0.0000,0,0.0000,0,0,0,601,0
1694,2.7725,10.4272,0.0016,0.0000,0,0,0.0000,0,0.0000,0,0,0,696,0
1695,2.8027,10.3861,0.0010,0.0000,0,0,0.0000,0,0.0000,0,0,0,704,0
1696,5.0686,6.9521,0.0094,0.0000,0,0,0.0000,0,0.0000,0,0,0,601,0
1697,2.7870,6.8564,0.0013,0.0000,0,0,0.0000,0,0.0000,0,0,0,601,0
1698,2.7725,10.4145,0.0047,0.0000,0,0,0.0000,0,0.0000,0,0,0,706,0
1699,2.8027,10.3789,0.0023,0.0000,0,0,0.0000,0,0.0000,0,0,0,711,0
1700,5.0686,6.0633,0.0052,0.0000,0,0,0.0000,0,0.0000,0,0,0,601,0
1701,2.7870,6.7660,0.0046,0.0000,0,0,0.0000,0,0.0000,0,0,0,601,0
1702,2.7725,10.2554,0.0047,0.0000,0,0,0.0000,0,0.0000,0,0,0,702,0
1703,2.8027,9.9435,0.0018,0.0000,0,0,0.0000,0,0.0000,0,0,0,696,0
1704,5.0686,5.8411,0.0047,0.0000,0,0,0.0000,0,0.0000,0,0,0,601,0
1705,2.7870,5.7305,0.0012,0.0000,0,0,0.0000,0,0.0000,0,0,0,601,0
1706,2.7725,10.2244,0.0034,0.0000,0,0,0.0000,0,0.0000,0,0,0,702,0
1707,2.8027,10.2217,0.0016,0.0000,0,0,0.0000,0,0.0000,0,0,0,696,0
1708,5.0686,6.0412,0.0065,0.0000,0,0,0.0000,0,0.0000,0,0,0,601,0
1709,2.7870,5.8730,0.0019,0.0000,0,0,0.0000,0,0.0000,0,0,0,601,0
1710,2.7725,10.3321,0.0048,0.0000,0,0,0.0000,0,0.0000,0,0,0,696,0
1711,2.8027,10.2573,0.0015,0.0000,0,0,0.0000,0,0.0000,0,0,0,696,0
1712,5.0686,6.2693,0.0050,0.0000,0,0,0.0000,0,0.0000,0,0,0,601,0
1713,2.7870,5.7177,0.0012,0.0000,0,0,0.0000,0,0.0000,0,0,0,601,0
1714,2.7725,11.2761,0.0055,0.0000,0,0,0.0000,0,0.0000,0,0,0,696,0
1715,2.8027,11.0975,0.0036,0.0000,0,0,0.0000,0,0.0000,0,0,0,696,0
1716,5.0686,6.3711,0.0067,0.0000,0,0,0.0000,0,0.0000,0,0,0,601,0
1717,2.7870,5.9480,0.0031,0.0000,0,0,0.0000,0,0.0000,0,0,0,601,0
1718,2.7725,10.0368,0.0054,0.0000,0,0,0.0000,0,0.0000,0,0,0,696,0
1719,2.8027,10.0609,0.0032,0.0000,0,0,0.0000,0,0.0000,0,0,0,701,0
1720,5.0686,6.7010,0.0039,0.0000,0,0,0.0000,0,0.0000,0,0,0,601,0
1721,2.7870,6.0652,0.0012,0.0000,0,0,0.0000,0,0.0000,0,0,0,601,0
1722,2.7725,13.1993,0.0035,0.0000,0,0,0.0000,0,0.0000,0,0,0,709,0
1723,2.8027,12.7410,0.0035,0.0000,0,0,0.0000,0,0.0000,0,0,0,696,0
1724,5.0686,6.0054,0.0037,0.0000,0,0,0.0000,0,0.0000,0,0,0,601,0
1725,2.7870,5.6386,0.0014,0.0000,0,0,0.0000,0,0.0000,0,0,0,601,0
1726,2.7725,10.2963,0.0032,0.0000,0,0,0.0000,0,0.0000,0,0,0,696,0
1727,2.8027,10.2215,0.0040,0.0000,0,0,0.0000,0,0.0000,0,0,0,707,0
1728,5.0686,6.0683,0.0037,0.0000,0,0,0.0000,0,0.0000,0,0,0,601,0
1729,2.7870,5.6782,0.0037,0.0000,0,0,0.0000,0,0.0000,0,0,0,601,0
1730,2.7725,10.5393,0.0016,0.0000,0,0,0.0000,0,0.0000,0,0,0,696,0
1731,2.8027,10.4657,0.0019,0.0000,0,0,0.0000,0,0.0000,0,0,0,698,0
1732,5.0686,5.9019,0.0019,0.0000,0,0,0.0000,0,0.0000,0,0,0,601,0
1733,2.7870,5.6641,0.0013,0.0000,0,0,0.0000,0,0.0000,0,0,0,601,0
1734,2.7725,10.2107,0.0016,0.0000,0,0,0.0000,0,0.0000,0,0,0,696,0
1735,2.8027,10.2697,0.0023,0.0000,0,0,0.0000,0,0.0000,0,0,0,696,0
1736,5.0686,6.4748,0.0023,0.0000,0,0,0.0000,0,0.0000,0,0,0,601,0
1737,2.7870,5.7890,0.0022,0.0000,0,0,0.0000,0,0.0000,0,0,0,601,0
1738,2.7725,9.4735,0.0018,0.0000,0,0,0.0000,0,0.0000,0,0,0,696,0
1739,2.8027,9.7626,0.0015,0.0000,0,0,0.0000,0,0.0000,0,0,0,696,0
1740,5.0686,5.8941,0.0025,0.0000,0,0,0.0000,0,0.0000,0,0,0,601,0
1741,2.7870,5.6915,0.0016,0.0000,0,0,0.0000,0,0.0000,0,0,0,601,0
1742,2.7725,10.2511,0.0023,0.0000,0,0,0.0000,0,0.0000,0,0,0,696,0
1743,2.8027,10.1363,0.0029,0.0000,0,0,0.0000,0,0.0000,0,0,0,696,0
1744,5.0686,6.3470,0.0063,0.0000,0,0,0.0000,0,0.0000,0,0,0,601,0
1745,2.7870,5.7835,0.0043,0.0000,0,0,0.0000,0,0.0000,0,0,0,601,0
1746,2.7725,10.5731,0.0018,0.0000,0,0,0.0000,0,0.0000,0,0,0,696,0
1747,2.8027,10.4072,0.0013,0.0000,0,0,0.0000,0,0.0000,0,0,0,696,0
1748,5.0686,5.8992,0.0034,0.0000,0,0,0.0000,0,0.0000,0,0,0,601,0
1749,2.7870,5.6523,0.0015,0.0000,0,0,0.0000,0,0.0000,0,0,0,601,0
1750,2.7725,10.5652,0.0018,0.0000,0,0,0.0000,0,0.0000,0,0,0,696,0
1751,2.8027,10.5847,0.0015,0.0000,0,0,0.0000,0,0.0000,0,0,0,696,0
1752,5.0686,6.2637,0.0079,0.0000,0,0,0.0000,0,0.0000,0,0,0,601,0
1753,2.7870,5.9875,0.0012,0.0000,0,0,0.0000,0,0.0000,0,0,0,601,0
1754,2.7725,10.6538,0.0054,0.0000,0,0,0.0000,0,0.0000,0,0,0,696,0
1755,2.8027,10.5738,0.0026,0.0000,0,0,0.0000,0,0.0000,0,0,0,706,0
1756,5.0686,9.9451,0.0054,0.0000,0,0,0.0000,0,0.0000,0,0,0,601,0
1757,2.7870,8.7389,0.0017,0.0000,0,0,0.0000,0,0.0000,0,0,0,601,0
1758,2.7725,9.9200,0.0037,0.0000,0,0,0.0000,0,0.0000,0,0,0,696,0
1759,2.8027,9.3291,0.0020,0.0000,0,0,0.0000,0,0.0000,0,0,0,696,0
1760,5.0686,7.5710,0.0056,0.0000,0,0,0.0000,0,0.0000,0,0,0,601,0
1761,2.7870,6.8775,0.0016,0.0000,0,0,0.0000,0,0.0000,0,0,0,601,0
1762,2.7725,10.7844,0.0047,0.0000,0,0,0.0000,0,0.0000,0,0,0,696,0
1763,2.8027,10.7020,0.0017,0.0000,0,0,0.0000,0,0.0000,0,0,0,696,0
1764,5.0686,7.3594,0.0057,0.0000,0,0,0.0000,0,0.0000,0,0,0,601,0
1765,2.7870,6.8351,0.0027,0.0000,0,0,0.0000,0,0.0000,0,0,0,601,0
1766,2.7725,10.4000,0.0037,0.0000,0,0,0.0000,0,0.0000,0,0,0,701,0
1767,2.8027,10.2398,0.0019,0.0000,0,0,0.0000,0,0.0000,0,0,0,696,0
1768,5.0686,5.9040,0.0046,0.0000,0,0,0.0000,0,0.0000,0,0,0,601,0
1769,2.7870,5.7343,0.0016,0.0000,0,0,0.0000,0,0.0000,0,0,0,601,0
1770,2.7725,10.1004,0.0037,0.0000,0,0,0.0000,0,0.0000,0,0,0,696,0
1771,2.8027,9.9355,0.0013,0.0000,0,0,0.0000,0,0.0000,0,0,0,696,0
1772,5.0686,6.3872,0.0053,0.0000,0,0,0.0000,0,0.0000,0,0,0,601,0
1773,2.7870,5.8323,0.0052,0.0000,0,0,0.0000,0,0.0000,0,0,0,601,0
1774,2.7725,10.6426,0.0022,0.0000,0,0,0.0000,0,0.0000,0,0,0,696,0
1775,2.8027,10.5006,0.0018,0.0000,0,0,0.0000,0,0.0000,0,0,0,696,0
1776,5.0686,5.9583,0.0031,0.0000,0,0,0.0000,0,0.0000,0,0,0,601,0
1777,2.7870,5.5255,0.0009,0.0000,0,0,0.0000,0,0.0000,0,0,0,601,0
1778,2.7725,10.6003,0.0058,0.0000,0,0,0.0000,0,0.0000,0,0,0,696,0
1779,2.8027,10.6558,0.0015,0.0000,0,0,0.0000,0,0.0000,0,0,0,696,0
1780,5.0686,6.0642,0.0029,0.0000,0,0,0.0000,0,0.0000,0,0,0,601,0
1781,2.7870,5.9145,0.0008,0.0000,0,0,0.0000,0,0.0000,0,0,0,601,0
1782,2.7725,9.5404,0.0008,0.0000,0,0,0.0000,0,0.0000,0,0,0,696,0
1783,2.8027,9.8075,0.0006,0.0000,0,0,0.0000,0,0.0000,0,0,0,706,0
1784,5.0686,5.9677,0.0034,0.0000,0,0,0.0000,0,0.0000,0,0,0,601,0
1785,2.7870,5.5833,0.0007,0.0000,0,0,0.0000,0,0.0000,0,0,0,601,0
1786,2.7725,10.2940,0.0009,0.0000,0,0,0.0000,0,0.0000,0,0,0,696,0
1787,2.8027,10.3557,0.0008,0.0000,0,0,0.0000,0,0.0000,0,0,0,696,0
1788,5.0686,5.7531,0.0017,0.0000,0,0,0.0000,0,0.0000,0,0,0,601,0
1789,2.7870,5.5760,0.0006,0.0000,0,0,0.0000,0,0.0000,0,0,0,601,0
1790,2.7725,10.2861,0.0008,0.0000,0,0,0.0000,0,0.0000,0,0,0,696,0
1791,2.8027,10.3711,0.0005,0.0000,0,0,0.0000,0,0.0000,0,0,0,696,0
1792,5.0686,6.5240,0.0051,0.0000,0,0,0.0000,0,0.0000,0,0,0,601,0
1793,2.7870,6.0578,0.0025,0.0000,0,0,0.0000,0,0.0000,0,0,0,601,0
1794,2.7725,10.1827,0.0032,0.0000,0,0,0.0000,0,0.0000,0,0,0,696,0
1795,2.8027,10.3352,0.0029,0.0000,0,0,0.0000,0,0.0000,0,0,0,696,0
1796,5.0686,6.0239,0.0239,0.0000,0,0,0.0000,0,0.0000,0,0,0,601,0
1797,2.7870,5.6481,0.0015,0.0000,0,0,0.0000,0,0.0000,0,0,0,601,0
1798,2.7725,10.6031,0.0053,0.0000,0,0,0.0000,0,0.0000,0,0,0,696,0
1799,2.8027,10.4140,0.0053,0.0000,0,0,0.0000,0,0.0000,0,0,0,703,0
1800,5.0686,39.7765,0.0094,0.0000,0,0,0.0000,0,0.0000,0,1,0,60271,0
1801,2.7870,25.4692,0.0097,0.0000,0,0,0.0000,0,0.0000,0,1,0,43482,0
1802,2.7725,29.4794,0.0060,0.0000,0,0,0.0000,0,0.0000,0,1,0,59828,0
1803,2.8027,25.2079,0.0097,0.0000,0,0,0.0000,0,0.0000,0,1,0,68126,0
1804,5.0686,5.7382,0.0047,0.0000,0,0,0.0000,0,0.0000,0,0,0,16498,0
1805,2.7870,5.6270,0.0022,0.0000,0,0,0.0000,0,0.0000,0,0,0,14403,0
1806,2.7725,10.4062,0.0084,0.0000,0,0,0.0000,0,0.0000,0,0,0,17862,0
1807,2.8027,10.3902,0.0040,0.0000,0,0,0.0000,0,0.0000,0,0,0,17138,0
1808,5.0686,5.6218,0.0018,0.0000,0,0,0.0000,0,0.0000,0,0,0,9226,0
1809,2.7870,5.5415,0.0011,0.0000,0,0,0.0000,0,0.0000,0,0,0,6914,0
1810,2.7725,10.4281,0.0013,0.0000,0,0,0.0000,0,0.0000,0,0,0,11125,0
1811,2.8027,10.4147,0.0012,0.0000,0,0,0.0000,0,0.0000,0,0,0,9621,0
1812,5.0686,5.7323,0.0023,0.0000,0,0,0.0000,0,0.0000,0,0,0,17369,0
1813,2.7870,5.5892,0.0018,0.0000,0,0,0.0000,0,0.0000,0,0,0,16755,0
1814,2.7725,10.4815,0.0170,0.0000,0,0,0.0000,0,0.0000,0,0,0,19658,0
1815,2.8027,10.4644,0.0017,0.0000,0,0,0.0000,0,0.0000,0,0,0,15622,0
1816,5.0686,5.5373,0.0024,0.0000,0,0,0.0000,0,0.0000,0,0,0,23309,0
1817,2.7870,5.4707,0.0022,0.0000,0,0,0.0000,0,0.0000,0,0,0,20346,0
1818,2.7725,10.2679,0.0023,0.0000,0,0,0.0000,0,0.0000,0,0,0,22802,0
1819,2.8027,10.2464,0.0030,0.0000,0,0,0.0000,0,0.0000,0,0,0,21407,0
1820,5.0686,5.5946,0.0020,0.0000,0,0,0.0000,0,0.0000,0,0,0,13027,0
1821,2.7870,5.4962,0.0020,0.0000,0,0,0.0000,0,0.0000,0,0,0,11737,0
1822,2.7725,10.2467,0.0016,0.0000,0,0,0.0000,0,0.0000,0,0,0,12722,0
1823,2.8027,10.2813,0.0017,0.0000,0,0,0.0000,0,0.0000,0,0,0,16214,0
1824,5.0686,5.5788,0.0025,0.0000,0,0,0.0000,0,0.0000,0,0,0,7002,0
1825,2.7870,5.4500,0.0014,0.0000,0,0,0.0000,0,0.0000,0,0,0,5132,0
1826,2.7725,10.3582,0.0040,0.0000,0,0,0.0000,0,0.0000,0,0,0,7491,0
1827,2.8027,10.2854,0.0015,0.0000,0,0,0.0000,0,0.0000,0,0,0,4790,0
1828,5.0686,5.8099,0.0027,0.0000,0,0,0.0000,0,0.0000,0,0,0,3933,0
1829,2.7870,5.5499,0.0015,0.0000,0,0,0.0000,0,0.0000,0,0,0,3799,0
1830,2.7725,10.4484,0.0036,0.0000,0,0,0.0000,0,0.0000,0,0,0,4399,0
1831,2.8027,10.3353,0.0016,0.0000,0,0,0.0000,0,0.0000,0,0,0,3276,0
1832,5.0686,6.7791,0.0038,0.0000,0,0,0.0000,0,0.0000,0,0,0,3260,0
1833,2.7870,6.2306,0.0038,0.0000,0,0,0.0000,0,0.0000,0,0,0,2850,0
1834,2.7725,10.2553,0.0029,0.0000,0,0,0.0000,0,0.0000,0,0,0,3280,0
1835,2.8027,9.3117,0.0013,0.0000,0,0,0.0000,0,0.0000,0,0,0,2761,0
1836,5.0686,5.8797,0.0034,0.0000,0,0,0.0000,0,0.0000,0,0,0,3090,0
1837,2.7870,5.6285,0.0028,0.0000,0,0,0.0000,0,0.0000,0,0,0,2691,0
1838,2.7725,10.3200,0.0014,0.0000,0,0,0.0000,0,0.0000,0,0,0,3020,0
1839,2.8027,10.2957,0.0015,0.0000,0,0,0.0000,0,0.0000,0,0,0,2648,0
1840,5.0686,6.0551,0.0033,0.0000,0,0,0.0000,0,0.0000,0,0,0,2664,0
1841,2.7870,5.8255,0.0034,0.0000,0,0,0.0000,0,0.0000,0,0,0,2213,0
1842,2.7725,10.4925,0.0024,0.0000,0,0,0.0000,0,0.0000,0,0,0,1084,0
1843,2.8027,10.3864,0.0010,0.0000,0,0,0.0000,0,0.0000,0,0,0,2638,0
1844,5.0686,5.7465,0.0027,0.0000,0,0,0.0000,0,0.0000,0,0,0,1673,0
1845,2.7870,5.5396,0.0006,0.0000,0,0,0.0000,0,0.0000,0,0,0,1302,0
1846,2.7725,10.4827,0.0019,0.0000,0,0,0.0000,0,0.0000,0,0,0,959,0
1847,2.8027,10.4495,0.0012,0.0000,0,0,0.0000,0,0.0000,0,0,0,2173,0
1848,5.0686,5.9033,0.0032,0.0000,0,0,0.0000,0,0.0000,0,0,0,1538,0
1849,2.7870,5.6282,0.0009,0.0000,0,0,0.0000,0,0.0000,0,0,0,1107,0
1850,2.7725,10.4603,0.0025,0.0000,0,0,0.0000,0,0.0000,0,0,0,819,0
1851,2.8027,10.3531,0.0010,0.0000,0,0,0.0000,0,0.0000,0,0,0,1668,0
1852,5.0686,5.8521,0.0034,0.0000,0,0,0.0000,0,0.0000,0,0,0,1248,0
1853,2.7870,5.5927,0.0011,0.0000,0,0,0.0000,0,0.0000,0,0,0,944,0
1854,2.7725,10.5702,0.0025,0.0000,0,0,0.0000,0,0.0000,0,0,0,945,0
1855,2.8027,10.4428,0.0025,0.0000,0,0,0.0000,0,0.0000,0,0,0,743,0
1856,5.0686,5.8798,0.0026,0.0000,0,0,0.0000,0,0.0000,0,0,0,1198,0
1857,2.7870,5.6148,0.0013,0.0000,0,0,0.0000,0,0.0000,0,0,0,836,0
1858,2.7725,10.4675,0.0031,0.0000,0,0,0.0000,0,0.0000,0,0,0,1250,0
1859,2.8027,10.3745,0.0011,0.0000,0,0,0.0000,0,0.0000,0,0,0,717,0
1860,5.0686,5.6186,0.0020,0.0000,0,0,0.0000,0,0.0000,0,0,0,1168,0
1861,2.7870,5.4420,0.0009,0.0000,0,0,0.0000,0,0.0000,0,0,0,792,0
1862,2.7725,10.2052,0.0012,0.0000,0,0,0.0000,0,0.0000,0,0,0,1108,0
1863,2.8027,10.1485,0.0008,0.0000,0,0,0.0000,0,0.0000,0,0,0,792,0
1864,5.0686,5.7730,0.0029,0.0000,0,0,0.0000,0,0.0000,0,0,0,1037,0
1865,2.7870,5.6995,0.0010,0.0000,0,0,0.0000,0,0.0000,0,0,0,722,0
1866,2.7725,10.3027,0.0013,0.0000,0,0,0.0000,0,0.0000,0,0,0,1361,0
1867,2.8027,10.3785,0.0008,0.0000,0,0,0.0000,0,0.0000,0,0,0,925,0
1868,5.0686,5.8943,0.0026,0.0000,0,0,0.0000,0,0.0000,0,0,0,987,0
1869,2.7870,5.7080,0.0012,0.0000,0,0,0.0000,0,0.0000,0,0,0,676,0
1870,2.7725,10.3077,0.0024,0.0000,0,0,0.0000,0,0.0000,0,0,0,1198,0
1871,2.8027,10.2948,0.0009,0.0000,0,0,0.0000,0,0.0000,0,0,0,1094,0
1872,5.0686,5.6300,0.0011,0.0000,0,0,0.0000,0,0.0000,0,0,0,879,0
1873,2.7870,5.5004,0.0016,0.0000,0,0,0.0000,0,0.0000,0,0,0,648,0
1874,2.7725,10.2086,0.0015,0.0000,0,0,0.0000,0,0.0000,0,0,0,1117,0
1875,2.8027,10.1856,0.0012,0.0000,0,0,0.0000,0,0.0000,0,0,0,1077,0
1876,5.0686,5.6619,0.0021,0.0000,0,0,0.0000,0,0.0000,0,0,0,746,0
1877,2.7870,5.5911,0.0010,0.0000,0,0,0.0000,0,0.0000,0,0,0,643,0
1878,2.7725,10.3302,0.0012,0.0000,0,0,0.0000,0,0.0000,0,0,0,1064,0
1879,2.8027,10.3073,0.0009,0.0000,0,0,0.0000,0,0.0000,0,0,0,1295,0
1880,5.0686,5.6120,0.0011,0.0000,0,0,0.0000,0,0.0000,0,0,0,687,0
1881,2.7870,5.5592,0.0011,0.0000,0,0,0.0000,0,0.0000,0,0,0,622,0
1882,2.7725,10.3869,0.0013,0.0000,0,0,0.0000,0,0.0000,0,0,0,1368,0
1883,2.8027,10.3594,0.0013,0.0000,0,0,0.0000,0,0.0000,0,0,0,709,0
1884,5.0686,5.6205,0.0013,0.0000,0,0,0.0000,0,0.0000,0,0,0,716,0
1885,2.7870,5.6075,0.0011,0.0000,0,0,0.0000,0,0.0000,0,0,0,620,0
1886,2.7725,10.1691,0.0010,0.0000,0,0,0.0000,0,0.0000,0,0,0,710,0
1887,2.8027,10.2771,0.0010,0.0000,0,0,0.0000,0,0.0000,0,0,0,715,0
1888,5.0686,5.6531,0.0012,0.0000,0,0,0.0000,0,0.0000,0,0,0,717,0
1889,2.7870,5.5590,0.0014,0.0000,0,0,0.0000,0,0.0000,0,0,0,613,0
1890,2.7725,10.2708,0.0011,0.0000,0,0,0.0000,0,0.0000,0,0,0,696,0
1891,2.8027,10.2488,0.0010,0.0000,0,0,0.0000,0,0.0000,0,0,0,724,0
1892,5.0686,5.6063,0.0014,0.0000,0,0,0.0000,0,0.0000,0,0,0,685,0
1893,2.7870,5.5617,0.0013,0.0000,0,0,0.0000,0,0.0000,0,0,0,617,0
1894,2.7725,10.2861,0.0024,0.0000,0,0,0.0000,0,0.0000,0,0,0,755,0
1895,2.8027,10.1915,0.0010,0.0000,0,0,0.0000,0,0.0000,0,0,0,779,0
1896,5.0686,5.7310,0.0018,0.0000,0,0,0.0000,0,0.0000,0,0,0,664,0
1897,2.7870,5.6158,0.0013,0.0000,0,0,0.0000,0,0.0000,0,0,0,622,0
1898,2.7725,10.2296,0.0013,0.0000,0,0,0.0000,0,0.0000,0,0,0,785,0
1899,2.8027,10.2301,0.0013,0.0000,0,0,0.0000,0,0.0000,0,0,0,906,0
1900,5.0686,5.6585,0.0014,0.0000,0,0,0.0000,0,0.0000,0,0,0,636,0
1901,2.7870,5.6105,0.0013,0.0000,0,0,0.0000,0,0.0000,0,0,0,626,0
1902,2.7725,10.3237,0.0013,0.0000,0,0,0.0000,0,0.0000,0,0,0,868,0
1903,2.8027,10.2955,0.0012,0.0000,0,0,0.0000,0,0.0000,0,0,0,830,0
1904,5.0686,5.6555,0.0016,0.0000,0,0,0.0000,0,0.0000,0,0,0,635,0
1905,2.7870,5.6276,0.0016,0.0000,0,0,0.0000,0,0.0000,0,0,0,608,0
1906,2.7725,10.3674,0.0016,0.0000,0,0,0.0000,0,0.0000,0,0,0,801,0
1907,2.8027,10.2902,0.0022,0.0000,0,0,0.0000,0,0.0000,0,0,0,966,0
1908,5.0686,5.7833,0.0015,0.0000,0,0,0.0000,0,0.0000,0,0,0,650,0
1909,2.7870,5.6748,0.0015,0.0000,0,0,0.0000,0,0.0000,0,0,0,606,0
1910,2.7725,10.6906,0.0106,0.0000,0,0,0.0000,0,0.0000,0,0,0,1017,0
1911,2.8027,10.6982,0.0029,0.0000,0,0,0.0000,0,0.0000,0,0,0,705,0
1912,5.0686,6.1596,0.0015,0.0000,0,0,0.0000,0,0.0000,0,0,0,646,0
1913,2.7870,5.7133,0.0092,0.0000,0,0,0.0000,0,0.0000,0,0,0,607,0
1914,2.7725,10.5082,0.0080,0.0000,0,0,0.0000,0,0.0000,0,0,0,933,0
1915,2.8027,10.4061,0.0019,0.0000,0,0,0.0000,0,0.0000,0,0,0,703,0
1916,5.0686,6.0686,0.0025,0.0000,0,0,0.0000,0,0.0000,0,0,0,651,0
1917,2.7870,5.7048,0.0025,0.0000,0,0,0.0000,0,0.0000,0,0,0,609,0
1918,2.7725,9.9901,0.0024,0.0000,0,0,0.0000,0,0.0000,0,0,0,926,0
1919,2.8027,10.0790,0.0015,0.0000,0,0,0.0000,0,0.0000,0,0,0,728,0
1920,5.0686,6.2704,0.0028,0.0000,0,0,0.0000,0,0.0000,0,0,0,638,0
1921,2.7870,5.7480,0.0044,0.0000,0,0,0.0000,0,0.0000,0,0,0,601,0
1922,2.7725,10.5348,0.0013,0.0000,0,0,0.0000,0,0.0000,0,0,0,856,0
1923,2.8027,10.3985,0.0010,0.0000,0,0,0.0000,0,0.0000,0,0,0,752,0
1924,5.0686,5.8950,0.0015,0.0000,0,0,0.0000,0,0.0000,0,0,0,623,0
1925,2.7870,5.5981,0.0022,0.0000,0,0,0.0000,0,0.0000,0,0,0,601,0
1926,2.7725,10.4963,0.0017,0.0000,0,0,0.0000,0,0.0000,0,0,0,1082,0
1927,2.8027,10.3560,0.0010,0.0000,0,0,0.0000,0,0.0000,0,0,0,805,0
1928,5.0686,5.9742,0.0027,0.0000,0,0,0.0000,0,0.0000,0,0,0,626,0
1929,2.7870,5.6400,0.0013,0.0000,0,0,0.0000,0,0.0000,0,0,0,601,0
1930,2.7725,10.3920,0.0016,0.0000,0,0,0.0000,0,0.0000,0,0,0,712,0
1931,2.8027,10.2581,0.0024,0.0000,0,0,0.0000,0,0.0000,0,0,0,775,0
1932,5.0686,5.9031,0.0018,0.0000,0,0,0.0000,0,0.0000,0,0,0,622,0
1933,2.7870,5.6917,0.0015,0.0000,0,0,0.0000,0,0.0000,0,0,0,601,0
1934,2.7725,10.5499,0.0073,0.0000,0,0,0.0000,0,0.0000,0,0,0,709,0
1935,2.8027,10.4676,0.0016,0.0000,0,0,0.0000,0,0.0000,0,0,0,911,0
1936,5.0686,6.7530,0.0092,0.0000,0,0,0.0000,0,0.0000,0,0,0,611,0
1937,2.7870,5.9087,0.0013,0.0000,0,0,0.0000,0,0.0000,0,0,0,601,0
1938,2.7725,10.1486,0.0053,0.0000,0,0,0.0000,0,0.0000,0,0,0,723,0
1939,2.8027,9.6055,0.0018,0.0000,0,0,0.0000,0,0.0000,0,0,0,698,0
1940,5.0686,6.6845,0.0057,0.0000,0,0,0.0000,0,0.0000,0,0,0,618,0
1941,2.7870,5.9917,0.0018,0.0000,0,0,0.0000,0,0.0000,0,0,0,601,0
1942,2.7725,10.1147,0.0053,0.0000,0,0,0.0000,0,0.0000,0,0,0,744,0
1943,2.8027,10.0189,0.0027,0.0000,0,0,0.0000,0,0.0000,0,0,0,696,0
1944,5.0686,6.5013,0.0067,0.0000,0,0,0.0000,0,0.0000,0,0,0,605,0
1945,2.7870,5.7300,0.0018,0.0000,0,0,0.0000,0,0.0000,0,0,0,601,0
1946,2.7725,9.9729,0.0047,0.0000,0,0,0.0000,0,0.0000,0,0,0,786,0
1947,2.8027,10.0060,0.0021,0.0000,0,0,0.0000,0,0.0000,0,0,0,704,0
1948,5.0686,6.8026,0.0063,0.0000,0,0,0.0000,0,0.0000,0,0,0,606,0
1949,2.7870,5.9648,0.0028,0.0000,0,0,0.0000,0,0.0000,0,0,0,601,0
1950,2.7725,10.0527,0.0029,0.0000,0,0,0.0000,0,0.0000,0,0,0,780,0
1951,2.8027,10.0958,0.0019,0.0000,0,0,0.0000,0,0.0000,0,0,0,741,0
1952,5.0686,6.2067,0.0058,0.0000,0,0,0.0000,0,0.0000,0,0,0,605,0
1953,2.7870,5.7942,0.0025,0.0000,0,0,0.0000,0,0.0000,0,0,0,601,0
1954,2.7725,10.1075,0.0048,0.0000,0,0,0.0000,0,0.0000,0,0,0,808,0
1955,2.8027,10.1568,0.0021,0.0000,0,0,0.0000,0,0.0000,0,0,0,758,0
1956,5.0686,6.4865,0.0072,0.0000,0,0,0.0000,0,0.0000,0,0,0,606,0
1957,2.7870,5.9596,0.0019,0.0000,0,0,0.0000,0,0.0000,0,0,0,601,0
1958,2.7725,14.7850,0.0060,0.0000,0,0,0.0000,0,0.0000,0,0,0,795,0
1959,2.8027,15.4137,0.0041,0.0000,0,0,0.0000,0,0.0000,0,0,0,738,0
1960,5.0686,6.4109,0.0353,0.0000,0,0,0.0000,0,0.0000,0,0,0,601,0
1961,2.7870,5.7442,0.0018,0.0000,0,0,0.0000,0,0.0000,0,0,0,601,0
1962,2.7725,10.0447,0.0047,0.0000,0,0,0.0000,0,0.0000,0,0,0,771,0
1963,2.8027,10.1256,0.0030,0.0000,0,0,0.0000,0,0.0000,0,0,0,836,0
1964,5.0686,6.1190,0.0043,0.0000,0,0,0.0000,0,0.0000,0,0,0,601,0
1965,2.7870,5.7370,0.0024,0.0000,0,0,0.0000,0,0.0000,0,0,0,601,0
1966,2.7725,10.2465,0.0060,0.0000,0,0,0.0000,0,0.0000,0,0,0,779,0
1967,2.8027,10.1070,0.0032,0.0000,0,0,0.0000,0,0.0000,0,0,0,698,0
1968,5.0686,6.3653,0.0058,0.0000,0,0,0.0000,0,0.0000,0,0,0,601,0
1969,2.7870,7.1767,0.0020,0.0000,0,0,0.0000,0,0.0000,0,0,0,601,0
1970,2.7725,8.3291,0.0024,0.0000,0,0,0.0000,0,0.0000,0,0,0,967,0
1971,2.8027,9.9020,0.0025,0.0000,0,0,0.0000,0,0.0000,0,0,0,696,0
1972,5.0686,6.8219,0.0064,0.0000,0,0,0.0000,0,0.0000,0,0,0,601,0
1973,2.7870,6.2592,0.0025,0.0000,0,0,0.0000,0,0.0000,0,0,0,601,0
1974,2.7725,10.1608,0.0066,0.0000,0,0,0.0000,0,0.0000,0,0,0,710,0
1975,2.8027,10.0303,0.0025,0.0000,0,0,0.0000,0,0.0000,0,0,0,700,0
1976,5.0686,6.9012,0.0057,0.0000,0,0,0.0000,0,0.0000,0,0,0,601,0
1977,2.7870,6.2019,0.0039,0.0000,0,0,0.0000,0,0.0000,0,0,0,601,0
1978,2.7725,5.7142,0.0010,0.0000,0,0,0.0000,0,0.0000,0,0,0,703,0
1979,2.8027,10.2371,0.0049,0.0000,0,0,0.0000,0,0.0000,0,0,0,721,0
1980,5.0686,6.0503,0.0050,0.0000,0,0,0.0000,0,0.0000,0,0,0,601,0
1981,2.7870,5.7657,0.0020,0.0000,0,0,0.0000,0,0.0000,0,0,0,601,0
1982,2.7725,11.0225,0.0053,0.0000,0,0,0.0000,0,0.0000,0,0,0,708,0
1983,2.8027,10.9925,0.0034,0.0000,0,0,0.0000,0,0.0000,0,0,0,783,0
1984,5.0686,6.2637,0.0044,0.0000,0,0,0.0000,0,0.0000,0,0,0,601,0
1985,2.7870,5.9070,0.0025,0.0000,0,0,0.0000,0,0.0000,0,0,0,601,0
1986,2.7725,10.2141,0.0041,0.0000,0,0,0.0000,0,0.0000,0,0,0,751,0
1987,2.8027,10.0761,0.0016,0.0000,0,0,0.0000,0,0.0000,0,0,0,755,0
1988,5.0686,6.4656,0.0056,0.0000,0,0,0.0000,0,0.0000,0,0,0,601,0
1989,2.7870,5.9618,0.0032,0.0000,0,0,0.0000,0,0.0000,0,0,0,601,0
1990,2.7725,10.2148,0.0050,0.0000,0,0,0.0000,0,0.0000,0,0,0,762,0
1991,2.8027,10.1279,0.0032,0.0000,0,0,0.0000,0,0.0000,0,0,0,801,0
1992,5.0686,6.2509,0.0052,0.0000,0,0,0.0000,0,0.0000,0,0,0,601,0
1993,2.7870,5.9095,0.0027,0.0000,0,0,0.0000,0,0.0000,0,0,0,601,0
1994,2.7725,10.0756,0.0035,0.0000,0,0,0.0000,0,0.0000,0,0,0,747,0
1995,2.8027,10.0996,0.0027,0.0000,0,0,0.0000,0,0.0000,0,0,0,696,0
1996,5.0686,6.1273,0.0047,0.0000,0,0,0.0000,0,0.0000,0,0,0,601,0
1997,2.7870,6.3399,0.0037,0.0000,0,0,0.0000,0,0.0000,0,0,0,601,0
1998,2.7725,9.6539,0.0043,0.0000,0,0,0.0000,0,0.0000,0,0,0,830,0
1999,2.8027,9.8739,0.0020,0.0000,0,0,0.0000,0,0.0000,0,0,0,701,0
2000,5.0686,6.2060,0.0087,0.0000,0,0,0.0000,0,0.0000,0,0,0,601,0
2001,2.7870,5.8577,0.0033,0.0000,0,0,0.0000,0,0.0000,0,0,0,601,0
2002,2.7725,10.0659,0.0055,0.0000,0,0,0.0000,0,0.0000,0,0,0,769,0
2003,2.8027,9.9609,0.0030,0.0000,0,0,0.0000,0,0.0000,0,0,0,696,0
2004,5.0686,6.2215,0.0060,0.0000,0,0,0.0000,0,0.0000,0,0,0,601,0
2005,2.7870,5.8833,0.0034,0.0000,0,0,0.0000,0,0.0000,0,0,0,601,0
2006,2.7725,9.9750,0.0030,0.0000,0,0,0.0000,0,0.0000,0,0,0,728,0
2007,2.8027,10.0284,0.0029,0.0000,0,0,0.0000,0,0.0000,0,0,0,717,0
2008,5.0686,6.1467,0.0057,0.0000,0,0,0.0000,0,0.0000,0,0,0,601,0
2009,2.7870,5.9279,0.0035,0.0000,0,0,0.0000,0,0.0000,0,0,0,601,0
2010,2.7725,10.1455,0.0070,0.0000,0,0,0.0000,0,0.0000,0,0,0,726,0
2011,2.8027,10.0137,0.0030,0.0000,0,0,0.0000,0,0.0000,0,0,0,731,0
2012,5.0686,8.7196,0.0050,0.0000,0,0,0.0000,0,0.0000,0,0,0,601,0
2013,2.7870,7.8033,0.0051,0.0000,0,0,0.0000,0,0.0000,0,0,0,601,0
2014,2.7725,9.9893,0.0029,0.0000,0,0,0.0000,0,0.0000,0,0,0,833,0
2015,2.8027,9.9458,0.0018,0.0000,0,0,0.0000,0,0.0000,0,0,0,722,0
2016,5.0686,7.6991,0.0085,0.0000,0,0,0.0000,0,0.0000,0,0,0,601,0
2017,2.7870,6.7912,0.0026,0.0000,0,0,0.0000,0,0.0000,0,0,0,601,0
2018,2.7725,10.0700,0.0030,0.0000,0,0,0.0000,0,0.0000,0,0,0,696,0
2019,2.8027,10.0510,0.0026,0.0000,0,0,0.0000,0,0.0000,0,0,0,758,0
2020,5.0686,6.7743,0.0066,0.0000,0,0,0.0000,0,0.0000,0,0,0,601,0
2021,2.7870,5.7850,0.0021,0.0000,0,0,0.0000,0,0.0000,0,0,0,601,0
2022,2.7725,9.6542,0.0025,0.0000,0,0,0.0000,0,0.0000,0,0,0,696,0
2023,2.8027,9.3430,0.0020,0.0000,0,0,0.0000,0,0.0000,0,0,0,696,0
2024,5.0686,6.6083,0.0079,0.0000,0,0,0.0000,0,0.0000,0,0,0,601,0
2025,2.7870,6.3028,0.0027,0.0000,0,0,0.0000,0,0.0000,0,0,0,601,0
2026,2.7725,10.2290,0.0067,0.0000,0,0,0.0000,0,0.0000,0,0,0,696,0
2027,2.8027,9.9549,0.0026,0.0000,0,0,0.0000,0,0.0000,0,0,0,705,0
2028,5.0686,6.5469,0.0058,0.0000,0,0,0.0000,0,0.0000,0,0,0,601,0
2029,2.7870,5.7415,0.0013,0.0000,0,0,0.0000,0,0.0000,0,0,0,601,0
2030,2.7725,10.4105,0.0053,0.0000,0,0,0.0000,0,0.0000,0,0,0,696,0
2031,2.8027,7.4808,0.0053,0.0000,0,0,0.0000,0,0.0000,0,0,0,707,0
2032,5.0686,6.3366,0.0060,0.0000,0,0,0.0000,0,0.0000,0,0,0,601,0
2033,2.7870,5.9106,0.0035,0.0000,0,0,0.0000,0,0.0000,0,0,0,601,0
2034,2.7725,9.9262,0.0044,0.0000,0,0,0.0000,0,0.0000,0,0,0,701,0
2035,2.8027,9.7266,0.0030,0.0000,0,0,0.0000,0,0.0000,0,0,0,707,0
2036,5.0686,6.6528,0.0054,0.0000,0,0,0.0000,0,0.0000,0,0,0,601,0
2037,2.7870,5.8309,0.0020,0.0000,0,0,0.0000,0,0.0000,0,0,0,601,0
2038,2.7725,9.5100,0.0021,0.0000,0,0,0.0000,0,0.0000,0,0,0,703,0
2039,2.8027,10.0861,0.0028,0.0000,0,0,0.0000,0,0.0000,0,0,0,736,0
2040,5.0686,6.8270,0.0077,0.0000,0,0,0.0000,0,0.0000,0,0,0,601,0
2041,2.7870,6.0724,0.0025,0.0000,0,0,0.0000,0,0.0000,0,0,0,601,0
2042,2.7725,9.9539,0.0044,0.0000,0,0,0.0000,0,0.0000,0,0,0,716,0
2043,2.8027,9.9587,0.0020,0.0000,0,0,0.0000,0,0.0000,0,0,0,719,0
2044,5.0686,6.3201,0.0040,0.0000,0,0,0.0000,0,0.0000,0,0,0,601,0
2045,2.7870,5.8267,0.0026,0.0000,0,0,0.0000,0,0.0000,0,0,0,601,0
2046,2.7725,10.5768,0.0021,0.0000,0,0,0.0000,0,0.0000,0,0,0,714,0
2047,2.8027,10.4109,0.0138,0.0000,0,0,0.0000,0,0.0000,0,0,0,775,0
2048,5.0686,5.9858,0.0050,0.0000,0,0,0.0000,0,0.0000,0,0,0,601,0
2049,2.7870,5.6927,0.0014,0.0000,0,0,0.0000,0,0.0000,0,0,0,601,0
2050,2.7725,10.3543,0.0018,0.0000,0,0,0.0000,0,0.0000,0,0,0,717,0
2051,2.8027,10.2930,0.0028,0.0000,0,0,0.0000,0,0.0000,0,0,0,701,0
2052,5.0686,5.8701,0.0020,0.0000,0,0,0.0000,0,0.0000,0,0,0,601,0
2053,2.7870,5.6449,0.0018,0.0000,0,0,0.0000,0,0.0000,0,0,0,601,0
2054,2.7725,10.5681,0.0076,0.0000,0,0,0.0000,0,0.0000,0,0,0,711,0
2055,2.8027,10.3594,0.0076,0.0000,0,0,0.0000,0,0.0000,0,0,0,701,0
2056,5.0686,6.4538,0.0073,0.0000,0,0,0.0000,0,0.0000,0,0,0,601,0
2057,2.7870,5.9523,0.0032,0.0000,0,0,0.0000,0,0.0000,0,0,0,601,0
2058,2.7725,10.4706,0.0060,0.0000,0,0,0.0000,0,0.0000,0,0,0,763,0
2059,2.8027,10.0389,0.0059,0.0000,0,0,0.0000,0,0.0000,0,0,0,701,0
2060,5.0686,7.6584,0.0065,0.0000,0,0,0.0000,0,0.0000,0,0,0,601,0
2061,2.7870,6.5005,0.0067,0.0000,0,0,0.0000,0,0.0000,0,0,0,601,0
2062,2.7725,8.7063,0.0035,0.0000,0,0,0.0000,0,0.0000,0,0,0,696,0
2063,2.8027,8.6933,0.0031,0.0000,0,0,0.0000,0,0.0000,0,0,0,715,0
2064,5.0686,6.4578,0.0060,0.0000,0,0,0.0000,0,0.0000,0,0,0,601,0
2065,2.7870,6.1733,0.0027,0.0000,0,0,0.0000,0,0.0000,0,0,0,601,0
2066,2.7725,10.4057,0.0061,0.0000,0,0,0.0000,0,0.0000,0,0,0,696,0
2067,2.8027,10.1415,0.0024,0.0000,0,0,0.0000,0,0.0000,0,0,0,726,0
2068,5.0686,6.5886,0.0057,0.0000,0,0,0.0000,0,0.0000,0,0,0,601,0
2069,2.7870,5.7315,0.0022,0.0000,0,0,0.0000,0,0.0000,0,0,0,601,0
2070,2.7725,10.2137,0.0047,0.0000,0,0,0.0000,0,0.0000,0,0,0,696,0
2071,2.8027,10.1780,0.0020,0.0000,0,0,0.0000,0,0.0000,0,0,0,714,0
2072,5.0686,6.2240,0.0047,0.0000,0,0,0.0000,0,0.0000,0,0,0,601,0
2073,2.7870,5.8223,0.0030,0.0000,0,0,0.0000,0,0.0000,0,0,0,601,0
2074,2.7725,9.9440,0.0051,0.0000,0,0,0.0000,0,0.0000,0,0,0,696,0
2075,2.8027,9.9709,0.0032,0.0000,0,0,0.0000,0,0.0000,0,0,0,789,0
2076,5.0686,6.1815,0.0047,0.0000,0,0,0.0000,0,0.0000,0,0,0,601,0
2077,2.7870,5.7573,0.0020,0.0000,0,0,0.0000,0,0.0000,0,0,0,601,0
2078,2.7725,9.8546,0.0039,0.0000,0,0,0.0000,0,0.0000,0,0,0,717,0
2079,2.8027,9.8760,0.0012,0.0000,0,0,0.0000,0,0.0000,0,0,0,703,0
2080,5.0686,6.0256,0.0075,0.0000,0,0,0.0000,0,0.0000,0,0,0,601,0
2081,2.7870,5.6852,0.0017,0.0000,0,0,0.0000,0,0.0000,0,0,0,601,0
2082,2.7725,10.3655,0.0428,0.0000,0,0,0.0000,0,0.0000,0,0,0,716,0
2083,2.8027,10.3950,0.0034,0.0000,0,0,0.0000,0,0.0000,0,0,0,705,0
2084,5.0686,6.3299,0.0069,0.0000,0,0,0.0000,0,0.0000,0,0,0,601,0
2085,2.7870,5.8562,0.0030,0.0000,0,0,0.0000,0,0.0000,0,0,0,601,0
2086,2.7725,10.5627,0.0035,0.0000,0,0,0.0000,0,0.0000,0,0,0,745,0
2087,2.8027,10.4334,0.0029,0.0000,0,0,0.0000,0,0.0000,0,0,0,700,0
2088,5.0686,6.2755,0.0045,0.0000,0,0,0.0000,0,0.0000,0,0,0,601,0
2089,2.7870,5.9013,0.0023,0.0000,0,0,0.0000,0,0.0000,0,0,0,601,0
2090,2.7725,10.0163,0.0025,0.0000,0,0,0.0000,0,0.0000,0,0,0,737,0
2091,2.8027,10.2085,0.0027,0.0000,0,0,0.0000,0,0.0000,0,0,0,706,0
2092,5.0686,6.2110,0.0050,0.0000,0,0,0.0000,0,0.0000,0,0,0,601,0
2093,2.7870,5.9062,0.0022,0.0000,0,0,0.0000,0,0.0000,0,0,0,601,0
2094,2.7725,10.0789,0.0030,0.0000,0,0,0.0000,0,0.0000,0,0,0,718,0
2095,2.8027,10.2023,0.0025,0.0000,0,0,0.0000,0,0.0000,0,0,0,723,0
2096,5.0686,6.0840,0.0040,0.0000,0,0,0.0000,0,0.0000,0,0,0,601,0
2097,2.7870,5.7736,0.0018,0.0000,0,0,0.0000,0,0.0000,0,0,0,601,0
2098,2.7725,9.9460,0.0043,0.0000,0,0,0.0000,0,0.0000,0,0,0,719,0
2099,2.8027,10.0623,0.0027,0.0000,0,0,0.0000,0,0.0000,0,0,0,714,0
2100,5.0686,7.9181,0.0051,0.0000,0,0,0.0000,0,0.0000,0,0,0,601,0
2101,2.7870,7.3100,0.0021,0.0000,0,0,0.0000,0,0.0000,0,0,0,601,0
2102,2.7725,9.9102,0.0042,0.0000,0,0,0.0000,0,0.0000,0,0,0,747,0
2103,2.8027,9.9186,0.0013,0.0000,0,0,0.0000,0,0.0000,0,0,0,769,0
2104,5.0686,5.9887,0.0050,0.0000,0,0,0.0000,0,0.0000,0,0,0,601,0
2105,2.7870,6.1261,0.0025,0.0000,0,0,0.0000,0,0.0000,0,0,0,601,0
2106,2.7725,10.6669,0.0066,0.0000,0,0,0.0000,0,0.0000,0,0,0,696,0
2107,2.8027,10.6676,0.0034,0.0000,0,0,0.0000,0,0.0000,0,0,0,704,0
2108,5.0686,6.1799,0.0076,0.0000,0,0,0.0000,0,0.0000,0,0,0,601,0
2109,2.7870,5.7793,0.0019,0.0000,0,0,0.0000,0,0.0000,0,0,0,601,0
2110,2.7725,10.1028,0.0040,0.0000,0,0,0.0000,0,0.0000,0,0,0,696,0
2111,2.8027,10.0889,0.0015,0.0000,0,0,0.0000,0,0.0000,0,0,0,707,0
2112,5.0686,6.3078,0.0067,0.0000,0,0,0.0000,0,0.0000,0,0,0,601,0
2113,2.7870,6.0282,0.0025,0.0000,0,0,0.0000,0,0.0000,0,0,0,601,0
2114,2.7725,10.4647,0.0037,0.0000,0,0,0.0000,0,0.0000,0,0,0,696,0
2115,2.8027,10.3434,0.0013,0.0000,0,0,0.0000,0,0.0000,0,0,0,714,0
2116,5.0686,6.3332,0.0072,0.0000,0,0,0.0000,0,0.0000,0,0,0,601,0
2117,2.7870,6.3772,0.0039,0.0000,0,0,0.0000,0,0.0000,0,0,0,601,0
2118,2.7725,10.1544,0.0023,0.0000,0,0,0.0000,0,0.0000,0,0,0,696,0
2119,2.8027,10.0550,0.0011,0.0000,0,0,0.0000,0,0.0000,0,0,0,709,0
2120,5.0686,5.9982,0.0031,0.0000,0,0,0.0000,0,0.0000,0,0,0,601,0
2121,2.7870,5.8235,0.0010,0.0000,0,0,0.0000,0,0.0000,0,0,0,601,0
2122,2.7725,9.5002,0.0029,0.0000,0,0,0.0000,0,0.0000,0,0,0,696,0
2123,2.8027,10.1649,0.0015,0.0000,0,0,0.0000,0,0.0000,0,0,0,732,0
2124,5.0686,5.9794,0.0291,0.0000,0,0,0.0000,0,0.0000,0,0,0,601,0
2125,2.7870,5.5867,0.0010,0.0000,0,0,0.0000,0,0.0000,0,0,0,601,0
2126,2.7725,10.3469,0.0017,0.0000,0,0,0.0000,0,0.0000,0,0,0,696,0
2127,2.8027,10.2852,0.0008,0.0000,0,0,0.0000,0,0.0000,0,0,0,719,0
2128,5.0686,5.8311,0.0031,0.0000,0,0,0.0000,0,0.0000,0,0,0,601,0
2129,2.7870,5.6086,0.0009,0.0000,0,0,0.0000,0,0.0000,0,0,0,601,0
2130,2.7725,10.3872,0.0018,0.0000,0,0,0.0000,0,0.0000,0,0,0,708,0
2131,2.8027,10.3428,0.0007,0.0000,0,0,0.0000,0,0.0000,0,0,0,751,0
2132,5.0686,5.8572,0.0058,0.0000,0,0,0.0000,0,0.0000,0,0,0,601,0
2133,2.7870,5.6917,0.0025,0.0000,0,0,0.0000,0,0.0000,0,0,0,601,0
2134,2.7725,10.3624,0.0023,0.0000,0,0,0.0000,0,0.0000,0,0,0,708,0
2135,2.8027,10.3625,0.0006,0.0000,0,0,0.0000,0,0.0000,0,0,0,696,0
2136,5.0686,5.7770,0.0025,0.0000,0,0,0.0000,0,0.0000,0,0,0,601,0
2137,2.7870,5.6097,0.0011,0.0000,0,0,0.0000,0,0.0000,0,0,0,601,0
2138,2.7725,10.4228,0.0019,0.0000,0,0,0.0000,0,0.0000,0,0,0,706,0
2139,2.8027,10.4574,0.0010,0.0000,0,0,0.0000,0,0.0000,0,0,0,701,0
2140,5.0686,5.8441,0.0033,0.0000,0,0,0.0000,0,0.0000,0,0,0,601,0
2141,2.7870,5.5757,0.0008,0.0000,0,0,0.0000,0,0.0000,0,0,0,601,0
2142,2.7725,10.3920,0.0012,0.0000,0,0,0.0000,0,0.0000,0,0,0,707,0
2143,2.8027,10.3910,0.0013,0.0000,0,0,0.0000,0,0.0000,0,0,0,703,0
2144,5.0686,5.8675,0.0027,0.0000,0,0,0.0000,0,0.0000,0,0,0,601,0
2145,2.7870,5.5915,0.0005,0.0000,0,0,0.0000,0,0.0000,0,0,0,601,0
2146,2.7725,10.4289,0.0020,0.0000,0,0,0.0000,0,0.0000,0,0,0,723,0
2147,2.8027,10.4109,0.0006,0.0000,0,0,0.0000,0,0.0000,0,0,0,707,0
2148,5.0686,6.0480,0.0025,0.0000,0,0,0.0000,0,0.0000,0,0,0,601,0
2149,2.7870,5.6237,0.0005,0.0000,0,0,0.0000,0,0.0000,0,0,0,601,0
2150,2.7725,10.3658,0.0007,0.0000,0,0,0.0000,0,0.0000,0,0,0,696,0
2151,2.8027,10.4291,0.0007,0.0000,0,0,0.0000,0,0.0000,0,0,0,708,0
2152,5.0686,5.7323,0.0015,0.0000,0,0,0.0000,0,0.0000,0,0,0,601,0
2153,2.7870,5.6019,0.0008,0.0000,0,0,0.0000,0,0.0000,0,0,0,601,0
2154,2.7725,10.3998,0.0007,0.0000,0,0,0.0000,0,0.0000,0,0,0,696,0
2155,2.8027,10.4234,0.0006,0.0000,0,0,0.0000,0,0.0000,0,0,0,712,0
2156,5.0686,5.7228,0.0007,0.0000,0,0,0.0000,0,0.0000,0,0,0,601,0
2157,2.7870,5.5901,0.0007,0.0000,0,0,0.0000,0,0.0000,0,0,0,601,0
2158,2.7725,10.3946,0.0016,0.0000,0,0,0.0000,0,0.0000,0,0,0,696,0
2159,2.8027,10.4575,0.0007,0.0000,0,0,0.0000,0,0.0000,0,0,0,754,0
2160,5.0686,5.5734,0.0030,0.0000,0,0,0.0000,0,0.0000,0,0,0,601,0
2161,2.7870,5.4720,0.0009,0.0000,0,0,0.0000,0,0.0000,0,0,0,601,0
2162,2.7725,10.3123,0.0007,0.0000,0,0,0.0000,0,0.0000,0,0,0,696,0
2163,2.8027,10.2777,0.0006,0.0000,0,0,0.0000,0,0.0000,0,0,0,696,0
2164,5.0686,5.7805,0.0038,0.0000,0,0,0.0000,0,0.0000,0,0,0,601,0
2165,2.7870,5.5488,0.0007,0.0000,0,0,0.0000,0,0.0000,0,0,0,601,0
2166,2.7725,10.5612,0.0009,0.0000,0,0,0.0000,0,0.0000,0,0,0,701,0
2167,2.8027,10.5452,0.0007,0.0000,0,0,0.0000,0,0.0000,0,0,0,706,0
2168,5.0686,5.9328,0.0018,0.0000,0,0,0.0000,0,0.0000,0,0,0,601,0
2169,2.7870,5.6753,0.0008,0.0000,0,0,0.0000,0,0.0000,0,0,0,601,0
2170,2.7725,10.3840,0.0007,0.0000,0,0,0.0000,0,0.0000,0,0,0,696,0
2171,2.8027,10.5025,0.0006,0.0000,0,0,0.0000,0,0.0000,0,0,0,700,0
2172,5.0686,5.6780,0.0007,0.0000,0,0,0.0000,0,0.0000,0,0,0,601,0
2173,2.7870,5.5968,0.0006,0.0000,0,0,0.0000,0,0.0000,0,0,0,601,0
2174,2.7725,10.4051,0.0007,0.0000,0,0,0.0000,0,0.0000,0,0,0,707,0
2175,2.8027,10.4104,0.0006,0.0000,0,0,0.0000,0,0.0000,0,0,0,704,0
2176,5.0686,5.6727,0.0007,0.0000,0,0,0.0000,0,0.0000,0,0,0,601,0
2177,2.7870,5.5878,0.0007,0.0000,0,0,0.0000,0,0.0000,0,0,0,601,0
2178,2.7725,10.3820,0.0006,0.0000,0,0,0.0000,0,0.0000,0,0,0,701,0
2179,2.8027,10.4689,0.0006,0.0000,0,0,0.0000,0,0.0000,0,0,0,715,0
2180,5.0686,5.5720,0.0008,0.0000,0,0,0.0000,0,0.0000,0,0,0,601,0
2181,2.7870,5.5408,0.0007,0.0000,0,0,0.0000,0,0.0000,0,0,0,601,0
2182,2.7725,10.3638,0.0007,0.0000,0,0,0.0000,0,0.0000,0,0,0,702,0
2183,2.8027,10.3643,0.0007,0.0000,0,0,0.0000,0,0.0000,0,0,0,700,0
2184,5.0686,5.5714,0.0009,0.0000,0,0,0.0000,0,0.0000,0,0,0,601,0
2185,2.7870,5.4923,0.0008,0.0000,0,0,0.0000,0,0.0000,0,0,0,601,0
2186,2.7725,10.3067,0.0008,0.0000,0,0,0.0000,0,0.0000,0,0,0,711,0
2187,2.8027,10.3014,0.0007,0.0000,0,0,0.0000,0,0.0000,0,0,0,764,0
2188,5.0686,5.6551,0.0015,0.0000,0,0,0.0000,0,0.0000,0,0,0,601,0
2189,2.7870,5.5115,0.0008,0.0000,0,0,0.0000,0,0.0000,0,0,0,601,0
2190,2.7725,10.2959,0.0008,0.0000,0,0,0.0000,0,0.0000,0,0,0,722,0
2191,2.8027,10.2687,0.0007,0.0000,0,0,0.0000,0,0.0000,0,0,0,696,0
2192,5.0686,5.5677,0.0011,0.0000,0,0,0.0000,0,0.0000,0,0,0,601,0
2193,2.7870,5.5470,0.0011,0.0000,0,0,0.0000,0,0.0000,0,0,0,601,0
2194,2.7725,10.2034,0.0010,0.0000,0,0,0.0000,0,0.0000,0,0,0,696,0
2195,2.8027,10.2567,0.0009,0.0000,0,0,0.0000,0,0.0000,0,0,0,696,0
2196,5.0686,5.6016,0.0010,0.0000,0,0,0.0000,0,0.0000,0,0,0,601,0
2197,2.7870,5.5125,0.0010,0.0000,0,0,0.0000,0,0.0000,0,0,0,601,0
2198,2.7725,10.3067,0.0010,0.0000,0,0,0.0000,0,0.0000,0,0,0,696,0
2199,2.8027,10.2707,0.0010,0.0000,0,0,0.0000,0,0.0000,0,0,0,696,0
2200,5.0686,5.7048,0.0012,0.0000,0,0,0.0000,0,0.0000,0,0,0,601,0
2201,2.7870,5.5360,0.0011,0.0000,0,0,0.0000,0,0.0000,0,0,0,601,0
2202,2.7725,10.1811,0.0013,0.0000,0,0,0.0000,0,0.0000,0,0,0,696,0
2203,2.8027,10.2270,0.0010,0.0000,0,0,0.0000,0,0.0000,0,0,0,700,0
2204,5.0686,5.7687,0.0013,0.0000,0,0,0.0000,0,0.0000,0,0,0,601,0
2205,2.7870,5.5978,0.0015,0.0000,0,0,0.0000,0,0.0000,0,0,0,601,0
2206,2.7725,10.2505,0.0012,0.0000,0,0,0.0000,0,0.0000,0,0,0,705,0
2207,2.8027,10.2233,0.0012,0.0000,0,0,0.0000,0,0.0000,0,0,0,702,0
2208,5.0686,5.7092,0.0012,0.0000,0,0,0.0000,0,0.0000,0,0,0,601,0
2209,2.7870,5.6004,0.0014,0.0000,0,0,0.0000,0,0.0000,0,0,0,601,0
2210,2.7725,10.2794,0.0015,0.0000,0,0,0.0000,0,0.0000,0,0,0,708,0
2211,2.8027,10.2227,0.0012,0.0000,0,0,0.0000,0,0.0000,0,0,0,706,0
2212,5.0686,5.7385,0.0014,0.0000,0,0,0.0000,0,0.0000,0,0,0,601,0
2213,2.7870,5.6778,0.0017,0.0000,0,0,0.0000,0,0.0000,0,0,0,601,0
2214,2.7725,10.5705,0.0087,0.0000,0,0,0.0000,0,0.0000,0,0,0,707,0
2215,2.8027,10.4308,0.0026,0.0000,0,0,0.0000,0,0.0000,0,0,0,721,0
2216,5.0686,7.1783,0.0068,0.0000,0,0,0.0000,0,0.0000,0,0,0,601,0
2217,2.7870,6.3870,0.0035,0.0000,0,0,0.0000,0,0.0000,0,0,0,601,0
2218,2.7725,9.9595,0.0037,0.0000,0,0,0.0000,0,0.0000,0,0,0,708,0
2219,2.8027,9.9261,0.0027,0.0000,0,0,0.0000,0,0.0000,0,0,0,696,0
2220,5.0686,6.1667,0.0047,0.0000,0,0,0.0000,0,0.0000,0,0,0,601,0
2221,2.7870,5.8585,0.0030,0.0000,0,0,0.0000,0,0.0000,0,0,0,601,0
2222,2.7725,9.9531,0.0050,0.0000,0,0,0.0000,0,0.0000,0,0,0,706,0
2223,2.8027,9.9266,0.0016,0.0000,0,0,0.0000,0,0.0000,0,0,0,696,0
2224,5.0686,6.1890,0.0066,0.0000,0,0,0.0000,0,0.0000,0,0,0,601,0
2225,2.7870,5.8020,0.0033,0.0000,0,0,0.0000,0,0.0000,0,0,0,601,0
2226,2.7725,11.8646,0.0067,0.0000,0,0,0.0000,0,0.0000,0,0,0,711,0
2227,2.8027,11.7869,0.0021,0.0000,0,0,0.0000,0,0.0000,0,0,0,696,0
2228,5.0686,6.2786,0.0066,0.0000,0,0,0.0000,0,0.0000,0,0,0,601,0
2229,2.7870,5.8173,0.0028,0.0000,0,0,0.0000,0,0.0000,0,0,0,601,0
2230,2.7725,10.3809,0.0054,0.0000,0,0,0.0000,0,0.0000,0,0,0,706,0
2231,2.8027,10.2849,0.0026,0.0000,0,0,0.0000,0,0.0000,0,0,0,702,0
2232,5.0686,6.2337,0.0059,0.0000,0,0,0.0000,0,0.0000,0,0,0,601,0
2233,2.7870,5.8762,0.0025,0.0000,0,0,0.0000,0,0.0000,0,0,0,601,0
2234,2.7725,10.7180,0.0065,0.0000,0,0,0.0000,0,0.0000,0,0,0,748,0
2235,2.8027,10.5287,0.0024,0.0000,0,0,0.0000,0,0.0000,0,0,0,702,0
2236,5.0686,6.3690,0.0060,0.0000,0,0,0.0000,0,0.0000,0,0,0,601,0
2237,2.7870,5.7185,0.0024,0.0000,0,0,0.0000,0,0.0000,0,0,0,601,0
2238,2.7725,10.2567,0.0212,0.0000,0,0,0.0000,0,0.0000,0,0,0,696,0
2239,2.8027,10.2792,0.0025,0.0000,0,0,0.0000,0,0.0000,0,0,0,702,0
2240,5.0686,6.5329,0.0063,0.0000,0,0,0.0000,0,0.0000,0,0,0,601,0
2241,2.7870,5.8205,0.0020,0.0000,0,0,0.0000,0,0.0000,0,0,0,601,0
2242,2.7725,9.9332,0.0048,0.0000,0,0,0.0000,0,0.0000,0,0,0,696,0
2243,2.8027,10.0580,0.0026,0.0000,0,0,0.0000,0,0.0000,0,0,0,742,0
2244,5.0686,6.6896,0.0062,0.0000,0,0,0.0000,0,0.0000,0,0,0,601,0
2245,2.7870,6.0381,0.0032,0.0000,0,0,0.0000,0,0.0000,0,0,0,601,0
2246,2.7725,9.9164,0.0032,0.0000,0,0,0.0000,0,0.0000,0,0,0,696,0
2247,2.8027,9.9925,0.0027,0.0000,0,0,0.0000,0,0.0000,0,0,0,696,0
2248,5.0686,6.2660,0.0067,0.0000,0,0,0.0000,0,0.0000,0,0,0,601,0
2249,2.7870,5.8308,0.0031,0.0000,0,0,0.0000,0,0.0000,0,0,0,601,0
2250,2.7725,9.9868,0.0046,0.0000,0,0,0.0000,0,0.0000,0,0,0,696,0
2251,2.8027,9.9778,0.0025,0.0000,0,0,0.0000,0,0.0000,0,0,0,696,0
2252,5.0686,6.3381,0.0064,0.0000,0,0,0.0000,0,0.0000,0,0,0,601,0
2253,2.7870,5.9606,0.0029,0.0000,0,0,0.0000,0,0.0000,0,0,0,601,0
2254,2.7725,9.9522,0.0040,0.0000,0,0,0.0000,0,0.0000,0,0,0,702,0
2255,2.8027,10.0376,0.0028,0.0000,0,0,0.0000,0,0.0000,0,0,0,696,0
2256,5.0686,6.4072,0.0053,0.0000,0,0,0.0000,0,0.0000,0,0,0,601,0
2257,2.7870,6.5713,0.0023,0.0000,0,0,0.0000,0,0.0000,0,0,0,601,0
2258,2.7725,10.1687,0.0058,0.0000,0,0,0.0000,0,0.0000,0,0,0,701,0
2259,2.8027,10.1065,0.0019,0.0000,0,0,0.0000,0,0.0000,0,0,0,696,0
2260,5.0686,7.1223,0.0078,0.0000,0,0,0.0000,0,0.0000,0,0,0,601,0
2261,2.7870,6.3167,0.0036,0.0000,0,0,0.0000,0,0.0000,0,0,0,601,0
2262,2.7725,10.3365,0.0066,0.0000,0,0,0.0000,0,0.0000,0,0,0,704,0
2263,2.8027,10.3065,0.0025,0.0000,0,0,0.0000,0,0.0000,0,0,0,701,0
2264,5.0686,5.8708,0.0023,0.0000,0,0,0.0000,0,0.0000,0,0,0,601,0
2265,2.7870,5.6608,0.0013,0.0000,0,0,0.0000,0,0.0000,0,0,0,601,0
2266,2.7725,10.4960,0.0057,0.0000,0,0,0.0000,0,0.0000,0,0,0,701,0
2267,2.8027,10.2562,0.0057,0.0000,0,0,0.0000,0,0.0000,0,0,0,700,0
2268,5.0686,6.2480,0.0051,0.0000,0,0,0.0000,0,0.0000,0,0,0,601,0
2269,2.7870,6.0181,0.0027,0.0000,0,0,0.0000,0,0.0000,0,0,0,601,0
2270,2.7725,9.9445,0.0052,0.0000,0,0,0.0000,0,0.0000,0,0,0,701,0
2271,2.8027,9.9109,0.0020,0.0000,0,0,0.0000,0,0.0000,0,0,0,720,0
2272,5.0686,6.8790,0.0067,0.0000,0,0,0.0000,0,0.0000,0,0,0,601,0
2273,2.7870,6.3863,0.0020,0.0000,0,0,0.0000,0,0.0000,0,0,0,601,0
2274,2.7725,10.4010,0.0060,0.0000,0,0,0.0000,0,0.0000,0,0,0,702,0
2275,2.8027,10.2475,0.0020,0.0000,0,0,0.0000,0,0.0000,0,0,0,696,0
2276,5.0686,6.3475,0.0078,0.0000,0,0,0.0000,0,0.0000,0,0,0,601,0
2277,2.7870,5.8378,0.0025,0.0000,0,0,0.0000,0,0.0000,0,0,0,601,0
2278,2.7725,10.0872,0.0128,0.0000,0,0,0.0000,0,0.0000,0,0,0,712,0
2279,2.8027,10.0141,0.0038,0.0000,0,0,0.0000,0,0.0000,0,0,0,696,0
2280,5.0686,6.1738,0.0058,0.0000,0,0,0.0000,0,0.0000,0,0,0,601,0
2281,2.7870,5.8075,0.0024,0.0000,0,0,0.0000,0,0.0000,0,0,0,601,0
2282,2.7725,9.9138,0.0036,0.0000,0,0,0.0000,0,0.0000,0,0,0,696,0
2283,2.8027,9.9360,0.0015,0.0000,0,0,0.0000,0,0.0000,0,0,0,696,0
2284,5.0686,6.2138,0.0025,0.0000,0,0,0.0000,0,0.0000,0,0,0,601,0
2285,2.7870,5.9392,0.0061,0.0000,0,0,0.0000,0,0.0000,0,0,0,601,0
2286,2.7725,10.4166,0.0018,0.0000,0,0,0.0000,0,0.0000,0,0,0,696,0
2287,2.8027,10.2131,0.0010,0.0000,0,0,0.0000,0,0.0000,0,0,0,696,0
2288,5.0686,5.9544,0.0028,0.0000,0,0,0.0000,0,0.0000,0,0,0,601,0
2289,2.7870,5.5572,0.0016,0.0000,0,0,0.0000,0,0.0000,0,0,0,601,0
2290,2.7725,10.7257,0.0058,0.0000,0,0,0.0000,0,0.0000,0,0,0,696,0
2291,2.8027,10.6244,0.0059,0.0000,0,0,0.0000,0,0.0000,0,0,0,705,0
2292,5.0686,8.0528,0.0054,0.0000,0,0,0.0000,0,0.0000,0,0,0,601,0
2293,2.7870,7.3950,0.0018,0.0000,0,0,0.0000,0,0.0000,0,0,0,601,0
2294,2.7725,10.1196,0.0057,0.0000,0,0,0.0000,0,0.0000,0,0,0,696,0
2295,2.8027,9.9357,0.0012,0.0000,0,0,0.0000,0,0.0000,0,0,0,704,0
2296,5.0686,7.2332,0.0061,0.0000,0,0,0.0000,0,0.0000,0,0,0,601,0
2297,2.7870,6.5744,0.0015,0.0000,0,0,0.0000,0,0.0000,0,0,0,601,0
2298,2.7725,10.1093,0.0040,0.0000,0,0,0.0000,0,0.0000,0,0,0,706,0
2299,2.8027,10.1151,0.0018,0.0000,0,0,0.0000,0,0.0000,0,0,0,711,0
2300,5.0686,6.2227,0.0061,0.0000,0,0,0.0000,0,0.0000,0,0,0,601,0
2301,2.7870,5.7304,0.0015,0.0000,0,0,0.0000,0,0.0000,0,0,0,601,0
2302,2.7725,10.5522,0.0058,0.0000,0,0,0.0000,0,0.0000,0,0,0,702,0
2303,2.8027,10.3459,0.0033,0.0000,0,0,0.0000,0,0.0000,0,0,0,696,0
2304,5.0686,6.1860,0.0056,0.0000,0,0,0.0000,0,0.0000,0,0,0,601,0
2305,2.7870,5.7720,0.0025,0.0000,0,0,0.0000,0,0.0000,0,0,0,601,0
2306,2.7725,10.0455,0.0048,0.0000,0,0,0.0000,0,0.0000,0,0,0,702,0
2307,2.8027,10.0335,0.0028,0.0000,0,0,0.0000,0,0.0000,0,0,0,696,0
2308,5.0686,6.3035,0.0066,0.0000,0,0,0.0000,0,0.0000,0,0,0,601,0
2309,2.7870,5.9767,0.0032,0.0000,0,0,0.0000,0,0.0000,0,0,0,601,0
2310,2.7725,10.0696,0.0050,0.0000,0,0,0.0000,0,0.0000,0,0,0,696,0
2311,2.8027,10.0690,0.0030,0.0000,0,0,0.0000,0,0.0000,0,0,0,696,0
2312,5.0686,6.3986,0.0052,0.0000,0,0,0.0000,0,0.0000,0,0,0,601,0
2313,2.7870,5.8559,0.0028,0.0000,0,0,0.0000,0,0.0000,0,0,0,601,0
2314,2.7725,9.9179,0.0043,0.0000,0,0,0.0000,0,0.0000,0,0,0,696,0
2315,2.8027,9.9830,0.0032,0.0000,0,0,0.0000,0,0.0000,0,0,0,696,0
2316,5.0686,6.4520,0.0050,0.0000,0,0,0.0000,0,0.0000,0,0,0,601,0
2317,2.7870,5.7465,0.0017,0.0000,0,0,0.0000,0,0.0000,0,0,0,601,0
2318,2.7725,9.8530,0.0038,0.0000,0,0,0.0000,0,0.0000,0,0,0,696,0
2319,2.8027,9.3170,0.0026,0.0000,0,0,0.0000,0,0.0000,0,0,0,701,0
2320,5.0686,6.5264,0.0054,0.0000,0,0,0.0000,0,0.0000,0,0,0,601,0
2321,2.7870,6.8204,0.0043,0.0000,0,0,0.0000,0,0.0000,0,0,0,601,0
2322,2.7725,9.9048,0.0025,0.0000,0,0,0.0000,0,0.0000,0,0,0,709,0
2323,2.8027,9.7946,0.0016,0.0000,0,0,0.0000,0,0.0000,0,0,0,696,0
2324,5.0686,7.5331,0.0062,0.0000,0,0,0.0000,0,0.0000,0,0,0,601,0
2325,2.7870,6.7227,0.0062,0.0000,0,0,0.0000,0,0.0000,0,0,0,601,0
2326,2.7725,11.3277,0.0058,0.0000,0,0,0.0000,0,0.0000,0,0,0,696,0
2327,2.8027,11.1528,0.0034,0.0000,0,0,0.0000,0,0.0000,0,0,0,707,0
2328,5.0686,6.3673,0.0064,0.0000,0,0,0.0000,0,0.0000,0,0,0,601,0
2329,2.7870,5.8749,0.0017,0.0000,0,0,0.0000,0,0.0000,0,0,0,601,0
2330,2.7725,9.2283,0.0028,0.0000,0,0,0.0000,0,0.0000,0,0,0,696,0
2331,2.8027,9.9559,0.0031,0.0000,0,0,0.0000,0,0.0000,0,0,0,698,0
2332,5.0686,6.8657,0.0056,0.0000,0,0,0.0000,0,0.0000,0,0,0,601,0
2333,2.7870,5.9485,0.0056,0.0000,0,0,0.0000,0,0.0000,0,0,0,601,0
2334,2.7725,9.6558,0.0043,0.0000,0,0,0.0000,0,0.0000,0,0,0,696,0
2335,2.8027,9.7177,0.0020,0.0000,0,0,0.0000,0,0.0000,0,0,0,696,0
2336,5.0686,6.4536,0.0073,0.0000,0,0,0.0000,0,0.0000,0,0,0,601,0
2337,2.7870,5.8732,0.0031,0.0000,0,0,0.0000,0,0.0000,0,0,0,601,0
2338,2.7725,10.0141,0.0042,0.0000,0,0,0.0000,0,0.0000,0,0,0,696,0
2339,2.8027,9.9656,0.0030,0.0000,0,0,0.0000,0,0.0000,0,0,0,696,0
2340,5.0686,6.2450,0.0056,0.0000,0,0,0.0000,0,0.0000,0,0,0,601,0
2341,2.7870,5.7893,0.0027,0.0000,0,0,0.0000,0,0.0000,0,0,0,601,0
2342,2.7725,11.6663,0.0062,0.0000,0,0,0.0000,0,0.0000,0,0,0,696,0
2343,2.8027,11.2888,0.0039,0.0000,0,0,0.0000,0,0.0000,0,0,0,696,0
2344,5.0686,6.1263,0.0055,0.0000,0,0,0.0000,0,0.0000,0,0,0,601,0
2345,2.7870,5.7037,0.0027,0.0000,0,0,0.0000,0,0.0000,0,0,0,601,0
2346,2.7725,10.2101,0.0050,0.0000,0,0,0.0000,0,0.0000,0,0,0,696,0
2347,2.8027,10.2687,0.0035,0.0000,0,0,0.0000,0,0.0000,0,0,0,696,0
2348,5.0686,6.4903,0.0061,0.0000,0,0,0.0000,0,0.0000,0,0,0,601,0
2349,2.7870,5.7099,0.0047,0.0000,0,0,0.0000,0,0.0000,0,0,0,601,0
2350,2.7725,9.6203,0.0038,0.0000,0,0,0.0000,0,0.0000,0,0,0,696,0
2351,2.8027,10.1446,0.0017,0.0000,0,0,0.0000,0,0.0000,0,0,0,696,0
2352,5.0686,6.2508,0.0054,0.0000,0,0,0.0000,0,0.0000,0,0,0,601,0
2353,2.7870,5.8010,0.0029,0.0000,0,0,0.0000,0,0.0000,0,0,0,601,0
2354,2.7725,10.4054,0.0060,0.0000,0,0,0.0000,0,0.0000,0,0,0,696,0
2355,2.8027,10.4015,0.0030,0.0000,0,0,0.0000,0,0.0000,0,0,0,706,0
2356,5.0686,6.4500,0.0070,0.0000,0,0,0.0000,0,0.0000,0,0,0,601,0
2357,2.7870,5.9456,0.0035,0.0000,0,0,0.0000,0,0.0000,0,0,0,601,0
2358,2.7725,9.9206,0.0029,0.0000,0,0,0.0000,0,0.0000,0,0,0,696,0
2359,2.8027,10.0876,0.0026,0.0000,0,0,0.0000,0,0.0000,0,0,0,696,0
2360,5.0686,7.2717,0.0073,0.0000,0,0,0.0000,0,0.0000,0,0,0,601,0
2361,2.7870,6.2797,0.0035,0.0000,0,0,0.0000,0,0.0000,0,0,0,601,0
2362,2.7725,10.4932,0.0072,0.0000,0,0,0.0000,0,0.0000,0,0,0,696,0
2363,2.8027,10.2124,0.0017,0.0000,0,0,0.0000,0,0.0000,0,0,0,696,0
2364,5.0686,5.9232,0.0042,0.0000,0,0,0.0000,0,0.0000,0,0,0,601,0
2365,2.7870,5.6565,0.0009,0.0000,0,0,0.0000,0,0.0000,0,0,0,601,0
2366,2.7725,10.2183,0.0029,0.0000,0,0,0.0000,0,0.0000,0,0,0,701,0
2367,2.8027,10.1577,0.0015,0.0000,0,0,0.0000,0,0.0000,0,0,0,696,0
2368,5.0686,6.1348,0.0050,0.0000,0,0,0.0000,0,0.0000,0,0,0,601,0
2369,2.7870,5.7065,0.0042,0.0000,0,0,0.0000,0,0.0000,0,0,0,601,0
2370,2.7725,10.4648,0.0013,0.0000,0,0,0.0000,0,0.0000,0,0,0,696,0
2371,2.8027,10.3848,0.0014,0.0000,0,0,0.0000,0,0.0000,0,0,0,696,0
2372,5.0686,5.6828,0.0024,0.0000,0,0,0.0000,0,0.0000,0,0,0,601,0
2373,2.7870,5.5397,0.0008,0.0000,0,0,0.0000,0,0.0000,0,0,0,601,0
2374,2.7725,10.2897,0.0008,0.0000,0,0,0.0000,0,0.0000,0,0,0,696,0
2375,2.8027,10.3097,0.0008,0.0000,0,0,0.0000,0,0.0000,0,0,0,696,0
2376,5.0686,5.6246,0.0009,0.0000,0,0,0.0000,0,0.0000,0,0,0,601,0
2377,2.7870,5.6058,0.0008,0.0000,0,0,0.0000,0,0.0000,0,0,0,601,0
2378,2.7725,10.1527,0.0015,0.0000,0,0,0.0000,0,0.0000,0,0,0,696,0
2379,2.8027,10.2420,0.0014,0.0000,0,0,0.0000,0,0.0000,0,0,0,696,0
2380,5.0686,5.5966,0.0020,0.0000,0,0,0.0000,0,0.0000,0,0,0,601,0
2381,2.7870,5.6116,0.0015,0.0000,0,0,0.0000,0,0.0000,0,0,0,601,0
2382,2.7725,12.2138,0.0077,0.0000,0,0,0.0000,0,0.0000,0,0,0,696,0
2383,2.8027,12.3004,0.0015,0.0000,0,0,0.0000,0,0.0000,0,0,0,706,0
2384,5.0686,6.1678,0.0027,0.0000,0,0,0.0000,0,0.0000,0,0,0,601,0
2385,2.7870,5.8427,0.0058,0.0000,0,0,0.0000,0,0.0000,0,0,0,601,0
2386,2.7725,8.6872,0.0023,0.0000,0,0,0.0000,0,0.0000,0,0,0,696,0
2387,2.8027,9.0746,0.0027,0.0000,0,0,0.0000,0,0.0000,0,0,0,696,0
2388,5.0686,7.7585,0.0058,0.0000,0,0,0.0000,0,0.0000,0,0,0,601,0
2389,2.7870,6.8684,0.0045,0.0000,0,0,0.0000,0,0.0000,0,0,0,601,0
2390,2.7725,9.9276,0.0019,0.0000,0,0,0.0000,0,0.0000,0,0,0,696,0
2391,2.8027,9.9448,0.0158,0.0000,0,0,0.0000,0,0.0000,0,0,0,696,0
2392,5.0686,5.9229,0.0035,0.0000,0,0,0.0000,0,0.0000,0,0,0,601,0
2393,2.7870,5.6041,0.0009,0.0000,0,0,0.0000,0,0.0000,0,0,0,601,0
2394,2.7725,10.1831,0.0016,0.0000,0,0,0.0000,0,0.0000,0,0,0,696,0
2395,2.8027,10.1751,0.0009,0.0000,0,0,0.0000,0,0.0000,0,0,0,696,0
2396,5.0686,5.7858,0.0018,0.0000,0,0,0.0000,0,0.0000,0,0,0,601,0
2397,2.7870,5.5435,0.0014,0.0000,0,0,0.0000,0,0.0000,0,0,0,601,0
2398,2.7725,10.4875,0.0011,0.0000,0,0,0.0000,0,0.0000,0,0,0,696,0
2399,2.8027,10.4900,0.0009,0.0000,0,0,0.0000,0,0.0000,0,0,0,703,0
