frame_id,generate_ms,encode_latency_ms,payload_extract_ms,enqueue_ms,queue_depth,dropped_before,send_ms,bytes_sent,frame_age_at_send_ms,send_failed,keyframe,sender_dropped,payload_bytes,status
0,5.1307,28.9645,0.0245,0.0000,0,0,0.0000,0,0.0000,0,1,0,66998,0
1,2.8064,25.2120,0.0144,0.0000,0,0,0.0000,0,0.0000,0,1,0,45678,0
2,2.7329,25.2362,0.0184,0.0000,0,0,0.0000,0,0.0000,0,1,0,73262,0
3,2.8173,25.0605,0.0044,0.0000,0,0,0.0000,0,0.0000,0,1,0,68742,0
4,5.1307,5.8047,0.0089,0.0000,0,0,0.0000,0,0.0000,0,0,0,18434,0
5,2.8064,5.6264,0.0075,0.0000,0,0,0.0000,0,0.0000,0,0,0,13113,0
6,2.7329,10.4637,0.0060,0.0000,0,0,0.0000,0,0.0000,0,0,0,23484,0
7,2.8173,10.4486,0.0058,0.0000,0,0,0.0000,0,0.0000,0,0,0,20398,0
8,5.1307,5.6990,0.0019,0.0000,0,0,0.0000,0,0.0000,0,0,0,19255,0
9,2.8064,5.6253,0.0045,0.0000,0,0,0.0000,0,0.0000,0,0,0,14108,0
10,2.7329,10.4384,0.0018,0.0000,0,0,0.0000,0,0.0000,0,0,0,18500,0
11,2.8173,10.4542,0.0019,0.0000,0,0,0.0000,0,0.0000,0,0,0,19877,0
12,5.1307,5.7375,0.0232,0.0000,0,0,0.0000,0,0.0000,0,0,0,28914,0
13,2.8064,5.5862,0.0097,0.0000,0,0,0.0000,0,0.0000,0,0,0,20313,0
14,2.7329,10.4358,0.0023,0.0000,0,0,0.0000,0,0.0000,0,0,0,25267,0
15,2.8173,10.4215,0.0070,0.0000,0,0,0.0000,0,0.0000,0,0,0,25193,0
16,5.1307,5.6006,0.0032,0.0000,0,0,0.0000,0,0.0000,0,0,0,31430,0
17,2.8064,5.5230,0.0022,0.0000,0,0,0.0000,0,0.0000,0,0,0,20805,0
18,2.7329,10.3575,0.0023,0.0000,0,0,0.0000,0,0.0000,0,0,0,27293,0
19,2.8173,10.3631,0.0023,0.0000,0,0,0.0000,0,0.0000,0,0,0,30502,0
20,5.1307,5.5795,0.0025,0.0000,0,0,0.0000,0,0.0000,0,0,0,32483,0
21,2.8064,5.5144,0.0027,0.0000,0,0,0.0000,0,0.0000,0,0,0,19061,0
22,2.7329,10.2860,0.0025,0.0000,0,0,0.0000,0,0.0000,0,0,0,32440,0
23,2.8173,10.2821,0.0024,0.0000,0,0,0.0000,0,0.0000,0,0,0,33882,0
24,5.1307,5.6298,0.0024,0.0000,0,0,0.0000,0,0.0000,0,0,0,16713,0
25,2.8064,5.4688,0.0016,0.0000,0,0,0.0000,0,0.0000,0,0,0,8368,0
26,2.7329,10.3282,0.0024,0.0000,0,0,0.0000,0,0.0000,0,0,0,18870,0
27,2.8173,10.3201,0.0013,0.0000,0,0,0.0000,0,0.0000,0,0,0,9142,0
28,5.1307,5.5591,0.0016,0.0000,0,0,0.0000,0,0.0000,0,0,0,7940,0
29,2.8064,5.4691,0.0021,0.0000,0,0,0.0000,0,0.0000,0,0,0,5218,0
30,2.7329,10.3415,0.0015,0.0000,0,0,0.0000,0,0.0000,0,0,0,8197,0
31,2.8173,10.2933,0.0013,0.0000,0,0,0.0000,0,0.0000,0,0,0,6004,0
32,5.1307,5.6183,0.0014,0.0000,0,0,0.0000,0,0.0000,0,0,0,5653,0
33,2.8064,5.5224,0.0012,0.0000,0,0,0.0000,0,0.0000,0,0,0,3709,0
34,2.7329,10.3420,0.0016,0.0000,0,0,0.0000,0,0.0000,0,0,0,5775,0
35,2.8173,10.3257,0.0014,0.0000,0,0,0.0000,0,0.0000,0,0,0,5323,0
36,5.1307,5.7046,0.0015,0.0000,0,0,0.0000,0,0.0000,0,0,0,4964,0
37,2.8064,5.5625,0.0025,0.0000,0,0,0.0000,0,0.0000,0,0,0,3416,0
38,2.7329,10.4022,0.0015,0.0000,0,0,0.0000,0,0.0000,0,0,0,5643,0
39,2.8173,10.3783,0.0013,0.0000,0,0,0.0000,0,0.0000,0,0,0,4829,0
40,5.1307,5.6976,0.0018,0.0000,0,0,0.0000,0,0.0000,0,0,0,3747,0
41,2.8064,5.5284,0.0009,0.0000,0,0,0.0000,0,0.0000,0,0,0,2150,0
42,2.7329,10.3063,0.0013,0.0000,0,0,0.0000,0,0.0000,0,0,0,1507,0
43,2.8173,10.2809,0.0015,0.0000,0,0,0.0000,0,0.0000,0,0,0,4596,0
44,5.1307,5.6367,0.0012,0.0000,0,0,0.0000,0,0.0000,0,0,0,2534,0
45,2.8064,5.5270,0.0014,0.0000,0,0,0.0000,0,0.0000,0,0,0,1591,0
46,2.7329,10.3131,0.0016,0.0000,0,0,0.0000,0,0.0000,0,0,0,1029,0
47,2.8173,10.2548,0.0011,0.0000,0,0,0.0000,0,0.0000,0,0,0,3695,0
48,5.1307,5.6710,0.0012,0.0000,0,0,0.0000,0,0.0000,0,0,0,2258,0
49,2.8064,5.5537,0.0017,0.0000,0,0,0.0000,0,0.0000,0,0,0,1410,0
50,2.7329,10.3205,0.0020,0.0000,0,0,0.0000,0,0.0000,0,0,0,1339,0
51,2.8173,10.2420,0.0010,0.0000,0,0,0.0000,0,0.0000,0,0,0,2653,0
52,5.1307,5.7183,0.0017,0.0000,0,0,0.0000,0,0.0000,0,0,0,2029,0
53,2.8064,5.5476,0.0011,0.0000,0,0,0.0000,0,0.0000,0,0,0,659,0
54,2.7329,10.3085,0.0017,0.0000,0,0,0.0000,0,0.0000,0,0,0,1632,0
55,2.8173,10.2626,0.0018,0.0000,0,0,0.0000,0,0.0000,0,0,0,988,0
56,5.1307,5.6337,0.0014,0.0000,0,0,0.0000,0,0.0000,0,0,0,1868,0
57,2.8064,5.5657,0.0014,0.0000,0,0,0.0000,0,0.0000,0,0,0,602,0
58,2.7329,10.1536,0.0015,0.0000,0,0,0.0000,0,0.0000,0,0,0,1745,0
59,2.8173,10.1584,0.0014,0.0000,0,0,0.0000,0,0.0000,0,0,0,1047,0
60,5.1307,5.6760,0.0013,0.0000,0,0,0.0000,0,0.0000,0,0,0,660,0
61,2.8064,5.5664,0.0013,0.0000,0,0,0.0000,0,0.0000,0,0,0,602,0
62,2.7329,10.2471,0.0015,0.0000,0,0,0.0000,0,0.0000,0,0,0,790,0
63,2.8173,10.2148,0.0023,0.0000,0,0,0.0000,0,0.0000,0,0,0,1138,0
64,5.1307,5.6927,0.0016,0.0000,0,0,0.0000,0,0.0000,0,0,0,602,0
65,2.8064,5.6002,0.0016,0.0000,0,0,0.0000,0,0.0000,0,0,0,602,0
66,2.7329,10.1555,0.0016,0.0000,0,0,0.0000,0,0.0000,0,0,0,697,0
67,2.8173,10.1121,0.0016,0.0000,0,0,0.0000,0,0.0000,0,0,0,751,0
68,5.1307,6.4227,0.0051,0.0000,0,0,0.0000,0,0.0000,0,0,0,602,0
69,2.8064,6.1076,0.0051,0.0000,0,0,0.0000,0,0.0000,0,0,0,602,0
70,2.7329,11.5395,0.0062,0.0000,0,0,0.0000,0,0.0000,0,0,0,697,0
71,2.8173,11.3447,0.0058,0.0000,0,0,0.0000,0,0.0000,0,0,0,716,0
72,5.1307,6.4283,0.0063,0.0000,0,0,0.0000,0,0.0000,0,0,0,602,0
73,2.8064,5.7361,0.0017,0.0000,0,0,0.0000,0,0.0000,0,0,0,602,0
74,2.7329,10.4920,0.0067,0.0000,0,0,0.0000,0,0.0000,0,0,0,697,0
75,2.8173,10.2921,0.0031,0.0000,0,0,0.0000,0,0.0000,0,0,0,702,0
76,5.1307,6.3409,0.0047,0.0000,0,0,0.0000,0,0.0000,0,0,0,602,0
77,2.8064,5.7668,0.0017,0.0000,0,0,0.0000,0,0.0000,0,0,0,602,0
78,2.7329,11.1227,0.0067,0.0000,0,0,0.0000,0,0.0000,0,0,0,697,0
79,2.8173,10.9306,0.0030,0.0000,0,0,0.0000,0,0.0000,0,0,0,725,0
80,5.1307,6.3100,0.0054,0.0000,0,0,0.0000,0,0.0000,0,0,0,602,0
81,2.8064,5.9334,0.0018,0.0000,0,0,0.0000,0,0.0000,0,0,0,602,0
82,2.7329,8.7301,0.0020,0.0000,0,0,0.0000,0,0.0000,0,0,0,749,0
83,2.8173,9.9142,0.0037,0.0000,0,0,0.0000,0,0.0000,0,0,0,697,0
84,5.1307,6.5388,0.0070,0.0000,0,0,0.0000,0,0.0000,0,0,0,602,0
85,2.8064,6.0596,0.0017,0.0000,0,0,0.0000,0,0.0000,0,0,0,602,0
86,2.7329,10.6035,0.0073,0.0000,0,0,0.0000,0,0.0000,0,0,0,697,0
87,2.8173,10.3791,0.0068,0.0000,0,0,0.0000,0,0.0000,0,0,0,697,0
88,5.1307,6.3245,0.0023,0.0000,0,0,0.0000,0,0.0000,0,0,0,602,0
89,2.8064,5.7158,0.0016,0.0000,0,0,0.0000,0,0.0000,0,0,0,602,0
90,2.7329,10.1008,0.0083,0.0000,0,0,0.0000,0,0.0000,0,0,0,697,0
91,2.8173,9.6465,0.0018,0.0000,0,0,0.0000,0,0.0000,0,0,0,697,0
92,5.1307,6.2143,0.0049,0.0000,0,0,0.0000,0,0.0000,0,0,0,602,0
93,2.8064,5.8954,0.0021,0.0000,0,0,0.0000,0,0.0000,0,0,0,602,0
94,2.7329,8.9976,0.0016,0.0000,0,0,0.0000,0,0.0000,0,0,0,697,0
95,2.8173,10.1050,0.0017,0.0000,0,0,0.0000,0,0.0000,0,0,0,697,0
96,5.1307,6.1553,0.0054,0.0000,0,0,0.0000,0,0.0000,0,0,0,602,0
97,2.8064,5.6917,0.0022,0.0000,0,0,0.0000,0,0.0000,0,0,0,602,0
98,2.7329,10.3728,0.0034,0.0000,0,0,0.0000,0,0.0000,0,0,0,697,0
99,2.8173,10.1648,0.0011,0.0000,0,0,0.0000,0,0.0000,0,0,0,702,0
100,5.1307,6.0072,0.0059,0.0000,0,0,0.0000,0,0.0000,0,0,0,602,0
101,2.8064,5.6330,0.0016,0.0000,0,0,0.0000,0,0.0000,0,0,0,602,0
102,2.7329,10.3442,0.0030,0.0000,0,0,0.0000,0,0.0000,0,0,0,697,0
103,2.8173,10.2282,0.0008,0.0000,0,0,0.0000,0,0.0000,0,0,0,697,0
104,5.1307,6.0906,0.0021,0.0000,0,0,0.0000,0,0.0000,0,0,0,602,0
105,2.8064,5.7046,0.0018,0.0000,0,0,0.0000,0,0.0000,0,0,0,602,0
106,2.7329,10.5364,0.0211,0.0000,0,0,0.0000,0,0.0000,0,0,0,697,0
107,2.8173,10.4574,0.0015,0.0000,0,0,0.0000,0,0.0000,0,0,0,711,0
108,5.1307,5.8163,0.0014,0.0000,0,0,0.0000,0,0.0000,0,0,0,602,0
109,2.8064,5.6083,0.0011,0.0000,0,0,0.0000,0,0.0000,0,0,0,602,0
110,2.7329,10.4068,0.0026,0.0000,0,0,0.0000,0,0.0000,0,0,0,697,0
111,2.8173,10.3622,0.0016,0.0000,0,0,0.0000,0,0.0000,0,0,0,697,0
112,5.1307,5.7760,0.0019,0.0000,0,0,0.0000,0,0.0000,0,0,0,602,0
113,2.8064,5.6056,0.0019,0.0000,0,0,0.0000,0,0.0000,0,0,0,602,0
114,2.7329,10.5978,0.0074,0.0000,0,0,0.0000,0,0.0000,0,0,0,697,0
115,2.8173,10.3874,0.0073,0.0000,0,0,0.0000,0,0.0000,0,0,0,697,0
116,5.1307,6.7665,0.0033,0.0000,0,0,0.0000,0,0.0000,0,0,0,602,0
117,2.8064,5.7983,0.0012,0.0000,0,0,0.0000,0,0.0000,0,0,0,602,0
118,2.7329,9.8686,0.0014,0.0000,0,0,0.0000,0,0.0000,0,0,0,697,0
119,2.8173,10.1322,0.0013,0.0000,0,0,0.0000,0,0.0000,0,0,0,697,0
120,5.1307,6.0733,0.0022,0.0000,0,0,0.0000,0,0.0000,0,0,0,602,0
121,2.8064,5.6256,0.0015,0.0000,0,0,0.0000,0,0.0000,0,0,0,602,0
122,2.7329,10.4932,0.0011,0.0000,0,0,0.0000,0,0.0000,0,0,0,697,0
123,2.8173,10.3766,0.0014,0.0000,0,0,0.0000,0,0.0000,0,0,0,697,0
124,5.1307,5.9569,0.0026,0.0000,0,0,0.0000,0,0.0000,0,0,0,602,0
125,2.8064,5.7366,0.0024,0.0000,0,0,0.0000,0,0.0000,0,0,0,602,0
126,2.7329,10.5745,0.0029,0.0000,0,0,0.0000,0,0.0000,0,0,0,702,0
127,2.8173,10.4795,0.0007,0.0000,0,0,0.0000,0,0.0000,0,0,0,697,0
128,5.1307,6.2066,0.0046,0.0000,0,0,0.0000,0,0.0000,0,0,0,602,0
129,2.8064,5.7014,0.0046,0.0000,0,0,0.0000,0,0.0000,0,0,0,602,0
130,2.7329,10.6526,0.0024,0.0000,0,0,0.0000,0,0.0000,0,0,0,697,0
131,2.8173,10.5925,0.0014,0.0000,0,0,0.0000,0,0.0000,0,0,0,697,0
132,5.1307,6.0048,0.0022,0.0000,0,0,0.0000,0,0.0000,0,0,0,602,0
133,2.8064,5.5980,0.0022,0.0000,0,0,0.0000,0,0.0000,0,0,0,602,0
134,2.7329,10.4272,0.0018,0.0000,0,0,0.0000,0,0.0000,0,0,0,697,0
135,2.8173,10.3420,0.0008,0.0000,0,0,0.0000,0,0.0000,0,0,0,697,0
136,5.1307,5.7213,0.0019,0.0000,0,0,0.0000,0,0.0000,0,0,0,602,0
137,2.8064,5.5249,0.0013,0.0000,0,0,0.0000,0,0.0000,0,0,0,602,0
138,2.7329,10.4869,0.0011,0.0000,0,0,0.0000,0,0.0000,0,0,0,697,0
139,2.8173,10.4308,0.0009,0.0000,0,0,0.0000,0,0.0000,0,0,0,697,0
140,5.1307,5.7737,0.0016,0.0000,0,0,0.0000,0,0.0000,0,0,0,602,0
141,2.8064,5.6409,0.0016,0.0000,0,0,0.0000,0,0.0000,0,0,0,602,0
142,2.7329,10.3534,0.0014,0.0000,0,0,0.0000,0,0.0000,0,0,0,697,0
143,2.8173,10.3650,0.0011,0.0000,0,0,0.0000,0,0.0000,0,0,0,697,0
144,5.1307,5.7045,0.0020,0.0000,0,0,0.0000,0,0.0000,0,0,0,602,0
145,2.8064,5.6070,0.0008,0.0000,0,0,0.0000,0,0.0000,0,0,0,602,0
146,2.7329,10.4113,0.0019,0.0000,0,0,0.0000,0,0.0000,0,0,0,697,0
147,2.8173,10.4120,0.0012,0.0000,0,0,0.0000,0,0.0000,0,0,0,697,0
148,5.1307,6.1875,0.0063,0.0000,0,0,0.0000,0,0.0000,0,0,0,602,0
149,2.8064,5.7980,0.0062,0.0000,0,0,0.0000,0,0.0000,0,0,0,602,0
150,2.7329,10.3088,0.0019,0.0000,0,0,0.0000,0,0.0000,0,0,0,697,0
151,2.8173,10.1631,0.0013,0.0000,0,0,0.0000,0,0.0000,0,0,0,697,0
152,5.1307,6.5486,0.0065,0.0000,0,0,0.0000,0,0.0000,0,0,0,602,0
153,2.8064,5.9920,0.0030,0.0000,0,0,0.0000,0,0.0000,0,0,0,602,0
154,2.7329,13.1583,0.0016,0.0000,0,0,0.0000,0,0.0000,0,0,0,697,0
155,2.8173,12.6622,0.0008,0.0000,0,0,0.0000,0,0.0000,0,0,0,697,0
156,5.1307,6.2283,0.0081,0.0000,0,0,0.0000,0,0.0000,0,0,0,602,0
157,2.8064,5.7810,0.0081,0.0000,0,0,0.0000,0,0.0000,0,0,0,602,0
158,2.7329,10.3654,0.0010,0.0000,0,0,0.0000,0,0.0000,0,0,0,697,0
159,2.8173,10.2260,0.0010,0.0000,0,0,0.0000,0,0.0000,0,0,0,697,0
160,5.1307,6.0739,0.0034,0.0000,0,0,0.0000,0,0.0000,0,0,0,602,0
161,2.8064,5.7540,0.0011,0.0000,0,0,0.0000,0,0.0000,0,0,0,602,0
162,2.7329,10.5469,0.0010,0.0000,0,0,0.0000,0,0.0000,0,0,0,697,0
163,2.8173,10.5078,0.0012,0.0000,0,0,0.0000,0,0.0000,0,0,0,697,0
164,5.1307,5.9692,0.0017,0.0000,0,0,0.0000,0,0.0000,0,0,0,602,0
165,2.8064,5.6635,0.0018,0.0000,0,0,0.0000,0,0.0000,0,0,0,602,0
166,2.7329,10.4701,0.0030,0.0000,0,0,0.0000,0,0.0000,0,0,0,697,0
167,2.8173,10.4157,0.0015,0.0000,0,0,0.0000,0,0.0000,0,0,0,697,0
168,5.1307,6.4027,0.0070,0.0000,0,0,0.0000,0,0.0000,0,0,0,602,0
169,2.8064,5.9595,0.0034,0.0000,0,0,0.0000,0,0.0000,0,0,0,602,0
170,2.7329,10.3687,0.0055,0.0000,0,0,0.0000,0,0.0000,0,0,0,701,0
171,2.8173,10.2324,0.0023,0.0000,0,0,0.0000,0,0.0000,0,0,0,697,0
172,5.1307,6.1626,0.0049,0.0000,0,0,0.0000,0,0.0000,0,0,0,602,0
173,2.8064,5.7246,0.0014,0.0000,0,0,0.0000,0,0.0000,0,0,0,602,0
174,2.7329,9.7899,0.0062,0.0000,0,0,0.0000,0,0.0000,0,0,0,697,0
175,2.8173,9.7390,0.0025,0.0000,0,0,0.0000,0,0.0000,0,0,0,697,0
176,5.1307,6.2663,0.0047,0.0000,0,0,0.0000,0,0.0000,0,0,0,602,0
177,2.8064,5.9220,0.0031,0.0000,0,0,0.0000,0,0.0000,0,0,0,602,0
178,2.7329,9.2437,0.0055,0.0000,0,0,0.0000,0,0.0000,0,0,0,697,0
179,2.8173,9.7535,0.0034,0.0000,0,0,0.0000,0,0.0000,0,0,0,697,0
180,5.1307,6.2903,0.0053,0.0000,0,0,0.0000,0,0.0000,0,0,0,602,0
181,2.8064,5.7455,0.0019,0.0000,0,0,0.0000,0,0.0000,0,0,0,602,0
182,2.7329,9.8168,0.0055,0.0000,0,0,0.0000,0,0.0000,0,0,0,697,0
183,2.8173,9.8507,0.0025,0.0000,0,0,0.0000,0,0.0000,0,0,0,697,0
184,5.1307,6.9067,0.0076,0.0000,0,0,0.0000,0,0.0000,0,0,0,602,0
185,2.8064,5.8232,0.0015,0.0000,0,0,0.0000,0,0.0000,0,0,0,602,0
186,2.7329,9.9318,0.0066,0.0000,0,0,0.0000,0,0.0000,0,0,0,697,0
187,2.8173,9.9835,0.0028,0.0000,0,0,0.0000,0,0.0000,0,0,0,697,0
188,5.1307,6.5773,0.0061,0.0000,0,0,0.0000,0,0.0000,0,0,0,602,0
189,2.8064,5.9410,0.0018,0.0000,0,0,0.0000,0,0.0000,0,0,0,602,0
190,2.7329,9.0323,0.0055,0.0000,0,0,0.0000,0,0.0000,0,0,0,697,0
191,2.8173,9.7451,0.0019,0.0000,0,0,0.0000,0,0.0000,0,0,0,697,0
192,5.1307,6.3243,0.0026,0.0000,0,0,0.0000,0,0.0000,0,0,0,602,0
193,2.8064,5.6634,0.0015,0.0000,0,0,0.0000,0,0.0000,0,0,0,602,0
194,2.7329,10.6788,0.0120,0.0000,0,0,0.0000,0,0.0000,0,0,0,697,0
195,2.8173,10.5016,0.0023,0.0000,0,0,0.0000,0,0.0000,0,0,0,697,0
196,5.1307,6.4888,0.0058,0.0000,0,0,0.0000,0,0.0000,0,0,0,602,0
197,2.8064,5.7444,0.0014,0.0000,0,0,0.0000,0,0.0000,0,0,0,602,0
198,2.7329,9.2680,0.0020,0.0000,0,0,0.0000,0,0.0000,0,0,0,697,0
199,2.8173,9.7807,0.0022,0.0000,0,0,0.0000,0,0.0000,0,0,0,697,0
200,5.1307,6.3023,0.0063,0.0000,0,0,0.0000,0,0.0000,0,0,0,602,0
201,2.8064,6.0185,0.0025,0.0000,0,0,0.0000,0,0.0000,0,0,0,602,0
202,2.7329,9.3262,0.0029,0.0000,0,0,0.0000,0,0.0000,0,0,0,697,0
203,2.8173,9.7120,0.0030,0.0000,0,0,0.0000,0,0.0000,0,0,0,697,0
204,5.1307,6.3060,0.0079,0.0000,0,0,0.0000,0,0.0000,0,0,0,602,0
205,2.8064,6.0592,0.0021,0.0000,0,0,0.0000,0,0.0000,0,0,0,602,0
206,2.7329,7.9467,0.0022,0.0000,0,0,0.0000,0,0.0000,0,0,0,697,0
207,2.8173,10.0970,0.0025,0.0000,0,0,0.0000,0,0.0000,0,0,0,697,0
208,5.1307,6.2889,0.0047,0.0000,0,0,0.0000,0,0.0000,0,0,0,602,0
209,2.8064,5.7129,0.0016,0.0000,0,0,0.0000,0,0.0000,0,0,0,602,0
210,2.7329,10.6269,0.0069,0.0000,0,0,0.0000,0,0.0000,0,0,0,697,0
211,2.8173,10.0501,0.0029,0.0000,0,0,0.0000,0,0.0000,0,0,0,697,0
212,5.1307,6.5831,0.0052,0.0000,0,0,0.0000,0,0.0000,0,0,0,602,0
213,2.8064,6.9622,0.0037,0.0000,0,0,0.0000,0,0.0000,0,0,0,602,0
214,2.7329,8.5585,0.0024,0.0000,0,0,0.0000,0,0.0000,0,0,0,697,0
215,2.8173,10.2044,0.0026,0.0000,0,0,0.0000,0,0.0000,0,0,0,697,0
216,5.1307,6.3588,0.0050,0.0000,0,0,0.0000,0,0.0000,0,0,0,602,0
217,2.8064,5.7479,0.0019,0.0000,0,0,0.0000,0,0.0000,0,0,0,602,0
218,2.7329,9.9195,0.0043,0.0000,0,0,0.0000,0,0.0000,0,0,0,697,0
219,2.8173,9.8812,0.0024,0.0000,0,0,0.0000,0,0.0000,0,0,0,697,0
220,5.1307,6.4919,0.0056,0.0000,0,0,0.0000,0,0.0000,0,0,0,602,0
221,2.8064,5.7778,0.0021,0.0000,0,0,0.0000,0,0.0000,0,0,0,602,0
222,2.7329,10.3347,0.0068,0.0000,0,0,0.0000,0,0.0000,0,0,0,697,0
223,2.8173,9.9069,0.0023,0.0000,0,0,0.0000,0,0.0000,0,0,0,697,0
224,5.1307,6.5218,0.0070,0.0000,0,0,0.0000,0,0.0000,0,0,0,602,0
225,2.8064,5.9675,0.0016,0.0000,0,0,0.0000,0,0.0000,0,0,0,602,0
226,2.7329,9.0158,0.0046,0.0000,0,0,0.0000,0,0.0000,0,0,0,697,0
227,2.8173,9.8158,0.0032,0.0000,0,0,0.0000,0,0.0000,0,0,0,697,0
228,5.1307,6.3955,0.0052,0.0000,0,0,0.0000,0,0.0000,0,0,0,602,0
229,2.8064,5.7605,0.0014,0.0000,0,0,0.0000,0,0.0000,0,0,0,602,0
230,2.7329,10.0426,0.0057,0.0000,0,0,0.0000,0,0.0000,0,0,0,697,0
231,2.8173,9.8318,0.0019,0.0000,0,0,0.0000,0,0.0000,0,0,0,697,0
232,5.1307,6.4205,0.0050,0.0000,0,0,0.0000,0,0.0000,0,0,0,602,0
233,2.8064,5.7666,0.0018,0.0000,0,0,0.0000,0,0.0000,0,0,0,602,0
234,2.7329,9.9040,0.0042,0.0000,0,0,0.0000,0,0.0000,0,0,0,697,0
235,2.8173,9.7101,0.0030,0.0000,0,0,0.0000,0,0.0000,0,0,0,697,0
236,5.1307,6.5518,0.0056,0.0000,0,0,0.0000,0,0.0000,0,0,0,602,0
237,2.8064,5.9159,0.0015,0.0000,0,0,0.0000,0,0.0000,0,0,0,602,0
238,2.7329,9.4535,0.0033,0.0000,0,0,0.0000,0,0.0000,0,0,0,697,0
239,2.8173,9.6389,0.0017,0.0000,0,0,0.0000,0,0.0000,0,0,0,697,0
240,5.1307,6.4704,0.0063,0.0000,0,0,0.0000,0,0.0000,0,0,0,602,0
241,2.8064,5.8963,0.0030,0.0000,0,0,0.0000,0,0.0000,0,0,0,602,0
242,2.7329,9.7145,0.0043,0.0000,0,0,0.0000,0,0.0000,0,0,0,697,0
243,2.8173,9.7806,0.0025,0.0000,0,0,0.0000,0,0.0000,0,0,0,697,0
244,5.1307,6.2402,0.0076,0.0000,0,0,0.0000,0,0.0000,0,0,0,602,0
245,2.8064,6.0967,0.0022,0.0000,0,0,0.0000,0,0.0000,0,0,0,602,0
246,2.7329,8.3395,0.0060,0.0000,0,0,0.0000,0,0.0000,0,0,0,697,0
247,2.8173,10.2555,0.0029,0.0000,0,0,0.0000,0,0.0000,0,0,0,697,0
248,5.1307,6.2752,0.0047,0.0000,0,0,0.0000,0,0.0000,0,0,0,602,0
249,2.8064,5.7443,0.0014,0.0000,0,0,0.0000,0,0.0000,0,0,0,602,0
250,2.7329,9.8149,0.0035,0.0000,0,0,0.0000,0,0.0000,0,0,0,697,0
251,2.8173,9.8504,0.0026,0.0000,0,0,0.0000,0,0.0000,0,0,0,697,0
252,5.1307,6.1963,0.0022,0.0000,0,0,0.0000,0,0.0000,0,0,0,602,0
253,2.8064,5.8805,0.0024,0.0000,0,0,0.0000,0,0.0000,0,0,0,602,0
254,2.7329,9.0617,0.0017,0.0000,0,0,0.0000,0,0.0000,0,0,0,697,0
255,2.8173,9.5550,0.0005,0.0000,0,0,0.0000,0,0.0000,0,0,0,697,0
256,5.1307,6.4468,0.0018,0.0000,0,0,0.0000,0,0.0000,0,0,0,602,0
257,2.8064,5.9531,0.0008,0.0000,0,0,0.0000,0,0.0000,0,0,0,602,0
258,2.7329,9.9452,0.0099,0.0000,0,0,0.0000,0,0.0000,0,0,0,697,0
259,2.8173,10.0639,0.0040,0.0000,0,0,0.0000,0,0.0000,0,0,0,697,0
260,5.1307,6.3681,0.0086,0.0000,0,0,0.0000,0,0.0000,0,0,0,602,0
261,2.8064,6.6334,0.0037,0.0000,0,0,0.0000,0,0.0000,0,0,0,602,0
262,2.7329,7.6580,0.0013,0.0000,0,0,0.0000,0,0.0000,0,0,0,697,0
263,2.8173,9.8033,0.0019,0.0000,0,0,0.0000,0,0.0000,0,0,0,697,0
264,5.1307,6.0638,0.0043,0.0000,0,0,0.0000,0,0.0000,0,0,0,602,0
265,2.8064,5.6617,0.0041,0.0000,0,0,0.0000,0,0.0000,0,0,0,602,0
266,2.7329,10.6404,0.0030,0.0000,0,0,0.0000,0,0.0000,0,0,0,697,0
267,2.8173,10.6048,0.0011,0.0000,0,0,0.0000,0,0.0000,0,0,0,697,0
268,5.1307,6.2222,0.0031,0.0000,0,0,0.0000,0,0.0000,0,0,0,602,0
269,2.8064,5.8530,0.0023,0.0000,0,0,0.0000,0,0.0000,0,0,0,602,0
270,2.7329,15.4908,0.0085,0.0000,0,0,0.0000,0,0.0000,0,0,0,697,0
271,2.8173,15.5487,0.0011,0.0000,0,0,0.0000,0,0.0000,0,0,0,697,0
272,5.1307,7.5195,0.0042,0.0000,0,0,0.0000,0,0.0000,0,0,0,602,0
273,2.8064,5.8972,0.0011,0.0000,0,0,0.0000,0,0.0000,0,0,0,602,0
274,2.7329,10.4777,0.0081,0.0000,0,0,0.0000,0,0.0000,0,0,0,697,0
275,2.8173,10.3441,0.0080,0.0000,0,0,0.0000,0,0.0000,0,0,0,697,0
276,5.1307,7.8165,0.0070,0.0000,0,0,0.0000,0,0.0000,0,0,0,602,0
277,2.8064,6.7636,0.0070,0.0000,0,0,0.0000,0,0.0000,0,0,0,602,0
278,2.7329,10.4084,0.0065,0.0000,0,0,0.0000,0,0.0000,0,0,0,697,0
279,2.8173,9.5490,0.0018,0.0000,0,0,0.0000,0,0.0000,0,0,0,697,0
280,5.1307,7.1212,0.0075,0.0000,0,0,0.0000,0,0.0000,0,0,0,602,0
281,2.8064,5.9741,0.0016,0.0000,0,0,0.0000,0,0.0000,0,0,0,602,0
282,2.7329,11.0410,0.0053,0.0000,0,0,0.0000,0,0.0000,0,0,0,697,0
283,2.8173,10.8948,0.0014,0.0000,0,0,0.0000,0,0.0000,0,0,0,697,0
284,5.1307,7.1548,0.0049,0.0000,0,0,0.0000,0,0.0000,0,0,0,602,0
285,2.8064,6.5514,0.0078,0.0000,0,0,0.0000,0,0.0000,0,0,0,602,0
286,2.7329,6.7516,0.0038,0.0000,0,0,0.0000,0,0.0000,0,0,0,697,0
287,2.8173,10.1475,0.0042,0.0000,0,0,0.0000,0,0.0000,0,0,0,697,0
288,5.1307,6.3778,0.0039,0.0000,0,0,0.0000,0,0.0000,0,0,0,602,0
289,2.8064,5.7249,0.0039,0.0000,0,0,0.0000,0,0.0000,0,0,0,602,0
290,2.7329,10.4758,0.0057,0.0000,0,0,0.0000,0,0.0000,0,0,0,697,0
291,2.8173,10.3825,0.0014,0.0000,0,0,0.0000,0,0.0000,0,0,0,697,0
292,5.1307,6.5029,0.0057,0.0000,0,0,0.0000,0,0.0000,0,0,0,602,0
293,2.8064,5.7348,0.0057,0.0000,0,0,0.0000,0,0.0000,0,0,0,602,0
294,2.7329,10.3718,0.0083,0.0000,0,0,0.0000,0,0.0000,0,0,0,697,0
295,2.8173,10.2569,0.0024,0.0000,0,0,0.0000,0,0.0000,0,0,0,697,0
296,5.1307,6.7688,0.0081,0.0000,0,0,0.0000,0,0.0000,0,0,0,602,0
297,2.8064,5.7035,0.0017,0.0000,0,0,0.0000,0,0.0000,0,0,0,602,0
298,2.7329,10.4084,0.0019,0.0000,0,0,0.0000,0,0.0000,0,0,0,697,0
299,2.8173,10.0691,0.0063,0.0000,0,0,0.0000,0,0.0000,0,0,0,697,0
300,5.1307,6.9915,0.0071,0.0000,0,0,0.0000,0,0.0000,0,0,0,602,0
301,2.8064,5.8027,0.0071,0.0000,0,0,0.0000,0,0.0000,0,0,0,602,0
302,2.7329,10.6343,0.0079,0.0000,0,0,0.0000,0,0.0000,0,0,0,697,0
303,2.8173,10.2947,0.0018,0.0000,0,0,0.0000,0,0.0000,0,0,0,697,0
304,5.1307,6.5992,0.0044,0.0000,0,0,0.0000,0,0.0000,0,0,0,602,0
305,2.8064,5.6612,0.0036,0.0000,0,0,0.0000,0,0.0000,0,0,0,602,0
306,2.7329,10.4588,0.0039,0.0000,0,0,0.0000,0,0.0000,0,0,0,697,0
307,2.8173,10.2751,0.0026,0.0000,0,0,0.0000,0,0.0000,0,0,0,697,0
308,5.1307,6.1500,0.0048,0.0000,0,0,0.0000,0,0.0000,0,0,0,602,0
309,2.8064,5.7249,0.0049,0.0000,0,0,0.0000,0,0.0000,0,0,0,602,0
310,2.7329,10.6460,0.0018,0.0000,0,0,0.0000,0,0.0000,0,0,0,697,0
311,2.8173,10.6060,0.0020,0.0000,0,0,0.0000,0,0.0000,0,0,0,697,0
312,5.1307,6.0981,0.0034,0.0000,0,0,0.0000,0,0.0000,0,0,0,602,0
313,2.8064,5.7166,0.0013,0.0000,0,0,0.0000,0,0.0000,0,0,0,602,0
314,2.7329,10.5813,0.0015,0.0000,0,0,0.0000,0,0.0000,0,0,0,697,0
315,2.8173,10.5088,0.0013,0.0000,0,0,0.0000,0,0.0000,0,0,0,697,0
316,5.1307,5.9367,0.0023,0.0000,0,0,0.0000,0,0.0000,0,0,0,602,0
317,2.8064,5.6470,0.0021,0.0000,0,0,0.0000,0,0.0000,0,0,0,602,0
318,2.7329,10.5060,0.0017,0.0000,0,0,0.0000,0,0.0000,0,0,0,697,0
319,2.8173,10.4308,0.0010,0.0000,0,0,0.0000,0,0.0000,0,0,0,697,0
320,5.1307,5.9567,0.0064,0.0000,0,0,0.0000,0,0.0000,0,0,0,602,0
321,2.8064,5.7208,0.0065,0.0000,0,0,0.0000,0,0.0000,0,0,0,602,0
322,2.7329,10.3938,0.0023,0.0000,0,0,0.0000,0,0.0000,0,0,0,697,0
323,2.8173,10.3810,0.0020,0.0000,0,0,0.0000,0,0.0000,0,0,0,697,0
324,5.1307,12.2321,0.0143,0.0000,0,0,0.0000,0,0.0000,0,0,0,602,0
325,2.8064,11.5525,0.0018,0.0000,0,0,0.0000,0,0.0000,0,0,0,602,0
326,2.7329,11.3647,0.0018,0.0000,0,0,0.0000,0,0.0000,0,0,0,697,0
327,2.8173,11.3773,0.0018,0.0000,0,0,0.0000,0,0.0000,0,0,0,697,0
328,5.1307,6.2366,0.0030,0.0000,0,0,0.0000,0,0.0000,0,0,0,602,0
329,2.8064,9.5622,0.0040,0.0000,0,0,0.0000,0,0.0000,0,0,0,602,0
330,2.7329,6.1067,0.0016,0.0000,0,0,0.0000,0,0.0000,0,0,0,697,0
331,2.8173,10.6494,0.0014,0.0000,0,0,0.0000,0,0.0000,0,0,0,697,0
332,5.1307,6.0491,0.0024,0.0000,0,0,0.0000,0,0.0000,0,0,0,602,0
333,2.8064,5.6161,0.0013,0.0000,0,0,0.0000,0,0.0000,0,0,0,602,0
334,2.7329,10.5454,0.0020,0.0000,0,0,0.0000,0,0.0000,0,0,0,697,0
335,2.8173,10.5463,0.0051,0.0000,0,0,0.0000,0,0.0000,0,0,0,697,0
336,5.1307,5.8860,0.0030,0.0000,0,0,0.0000,0,0.0000,0,0,0,602,0
337,2.8064,5.6115,0.0015,0.0000,0,0,0.0000,0,0.0000,0,0,0,602,0
338,2.7329,10.4467,0.0011,0.0000,0,0,0.0000,0,0.0000,0,0,0,697,0
339,2.8173,10.3968,0.0009,0.0000,0,0,0.0000,0,0.0000,0,0,0,697,0
340,5.1307,5.8272,0.0021,0.0000,0,0,0.0000,0,0.0000,0,0,0,602,0
341,2.8064,5.6616,0.0022,0.0000,0,0,0.0000,0,0.0000,0,0,0,602,0
342,2.7329,10.4589,0.0015,0.0000,0,0,0.0000,0,0.0000,0,0,0,697,0
343,2.8173,10.4593,0.0012,0.0000,0,0,0.0000,0,0.0000,0,0,0,697,0
344,5.1307,6.0788,0.0018,0.0000,0,0,0.0000,0,0.0000,0,0,0,602,0
345,2.8064,5.7923,0.0013,0.0000,0,0,0.0000,0,0.0000,0,0,0,602,0
346,2.7329,10.3722,0.0013,0.0000,0,0,0.0000,0,0.0000,0,0,0,697,0
347,2.8173,10.3919,0.0012,0.0000,0,0,0.0000,0,0.0000,0,0,0,697,0
348,5.1307,5.7257,0.0007,0.0000,0,0,0.0000,0,0.0000,0,0,0,602,0
349,2.8064,5.6026,0.0007,0.0000,0,0,0.0000,0,0.0000,0,0,0,602,0
350,2.7329,10.1843,0.0008,0.0000,0,0,0.0000,0,0.0000,0,0,0,697,0
351,2.8173,10.1355,0.0008,0.0000,0,0,0.0000,0,0.0000,0,0,0,697,0
352,5.1307,6.2187,0.0053,0.0000,0,0,0.0000,0,0.0000,0,0,0,602,0
353,2.8064,5.8270,0.0026,0.0000,0,0,0.0000,0,0.0000,0,0,0,602,0
354,2.7329,9.4778,0.0050,0.0000,0,0,0.0000,0,0.0000,0,0,0,697,0
355,2.8173,9.9729,0.0039,0.0000,0,0,0.0000,0,0.0000,0,0,0,697,0
356,5.1307,5.7549,0.0049,0.0000,0,0,0.0000,0,0.0000,0,0,0,602,0
357,2.8064,5.4420,0.0013,0.0000,0,0,0.0000,0,0.0000,0,0,0,602,0
358,2.7329,10.2788,0.0015,0.0000,0,0,0.0000,0,0.0000,0,0,0,697,0
359,2.8173,10.2586,0.0011,0.0000,0,0,0.0000,0,0.0000,0,0,0,697,0
360,5.1307,5.9947,0.0060,0.0000,0,0,0.0000,0,0.0000,0,0,0,602,0
361,2.8064,5.6985,0.0059,0.0000,0,0,0.0000,0,0.0000,0,0,0,602,0
362,2.7329,10.5418,0.0020,0.0000,0,0,0.0000,0,0.0000,0,0,0,697,0
363,2.8173,10.4226,0.0021,0.0000,0,0,0.0000,0,0.0000,0,0,0,697,0
364,5.1307,6.3401,0.0057,0.0000,0,0,0.0000,0,0.0000,0,0,0,602,0
365,2.8064,5.8893,0.0019,0.0000,0,0,0.0000,0,0.0000,0,0,0,602,0
366,2.7329,9.8932,0.0032,0.0000,0,0,0.0000,0,0.0000,0,0,0,697,0
367,2.8173,9.6898,0.0026,0.0000,0,0,0.0000,0,0.0000,0,0,0,697,0
368,5.1307,6.7660,0.0050,0.0000,0,0,0.0000,0,0.0000,0,0,0,602,0
369,2.8064,6.1659,0.0014,0.0000,0,0,0.0000,0,0.0000,0,0,0,602,0
370,2.7329,9.1882,0.0025,0.0000,0,0,0.0000,0,0.0000,0,0,0,697,0
371,2.8173,10.0054,0.0019,0.0000,0,0,0.0000,0,0.0000,0,0,0,697,0
372,5.1307,6.0920,0.0053,0.0000,0,0,0.0000,0,0.0000,0,0,0,602,0
373,2.8064,5.7360,0.0014,0.0000,0,0,0.0000,0,0.0000,0,0,0,602,0
374,2.7329,10.0203,0.0035,0.0000,0,0,0.0000,0,0.0000,0,0,0,697,0
375,2.8173,9.7253,0.0018,0.0000,0,0,0.0000,0,0.0000,0,0,0,697,0
376,5.1307,6.0946,0.0043,0.0000,0,0,0.0000,0,0.0000,0,0,0,602,0
377,2.8064,6.8874,0.0012,0.0000,0,0,0.0000,0,0.0000,0,0,0,602,0
378,2.7329,8.8249,0.0015,0.0000,0,0,0.0000,0,0.0000,0,0,0,697,0
379,2.8173,10.3513,0.0063,0.0000,0,0,0.0000,0,0.0000,0,0,0,697,0
380,5.1307,6.7246,0.0048,0.0000,0,0,0.0000,0,0.0000,0,0,0,602,0
381,2.8064,5.7961,0.0011,0.0000,0,0,0.0000,0,0.0000,0,0,0,602,0
382,2.7329,10.0638,0.0040,0.0000,0,0,0.0000,0,0.0000,0,0,0,697,0
383,2.8173,10.0608,0.0013,0.0000,0,0,0.0000,0,0.0000,0,0,0,697,0
384,5.1307,6.2595,0.0053,0.0000,0,0,0.0000,0,0.0000,0,0,0,602,0
385,2.8064,5.7288,0.0017,0.0000,0,0,0.0000,0,0.0000,0,0,0,602,0
386,2.7329,10.5155,0.0032,0.0000,0,0,0.0000,0,0.0000,0,0,0,697,0
387,2.8173,10.3631,0.0008,0.0000,0,0,0.0000,0,0.0000,0,0,0,697,0
388,5.1307,6.0111,0.0057,0.0000,0,0,0.0000,0,0.0000,0,0,0,602,0
389,2.8064,5.6246,0.0015,0.0000,0,0,0.0000,0,0.0000,0,0,0,602,0
390,2.7329,10.3664,0.0016,0.0000,0,0,0.0000,0,0.0000,0,0,0,697,0
391,2.8173,10.3004,0.0019,0.0000,0,0,0.0000,0,0.0000,0,0,0,697,0
392,5.1307,5.6802,0.0023,0.0000,0,0,0.0000,0,0.0000,0,0,0,602,0
393,2.8064,5.6052,0.0020,0.0000,0,0,0.0000,0,0.0000,0,0,0,602,0
394,2.7329,10.2241,0.0018,0.0000,0,0,0.0000,0,0.0000,0,0,0,697,0
395,2.8173,10.1478,0.0026,0.0000,0,0,0.0000,0,0.0000,0,0,0,697,0
396,5.1307,6.2542,0.0056,0.0000,0,0,0.0000,0,0.0000,0,0,0,602,0
397,2.8064,5.8315,0.0016,0.0000,0,0,0.0000,0,0.0000,0,0,0,602,0
398,2.7329,8.9999,0.0062,0.0000,0,0,0.0000,0,0.0000,0,0,0,697,0
399,2.8173,8.2102,0.0016,0.0000,0,0,0.0000,0,0.0000,0,0,0,697,0
400,5.1307,6.4714,0.0055,0.0000,0,0,0.0000,0,0.0000,0,0,0,602,0
401,2.8064,5.6790,0.0014,0.0000,0,0,0.0000,0,0.0000,0,0,0,602,0
402,2.7329,10.0041,0.0034,0.0000,0,0,0.0000,0,0.0000,0,0,0,697,0
403,2.8173,10.0394,0.0027,0.0000,0,0,0.0000,0,0.0000,0,0,0,697,0
404,5.1307,6.2804,0.0011,0.0000,0,0,0.0000,0,0.0000,0,0,0,602,0
405,2.8064,5.7440,0.0008,0.0000,0,0,0.0000,0,0.0000,0,0,0,602,0
406,2.7329,9.2459,0.0102,0.0000,0,0,0.0000,0,0.0000,0,0,0,697,0
407,2.8173,8.2784,0.0019,0.0000,0,0,0.0000,0,0.0000,0,0,0,697,0
408,5.1307,6.4630,0.0065,0.0000,0,0,0.0000,0,0.0000,0,0,0,602,0
409,2.8064,5.8181,0.0029,0.0000,0,0,0.0000,0,0.0000,0,0,0,602,0
410,2.7329,10.0140,0.0043,0.0000,0,0,0.0000,0,0.0000,0,0,0,697,0
411,2.8173,10.0890,0.0028,0.0000,0,0,0.0000,0,0.0000,0,0,0,697,0
412,5.1307,6.8760,0.0055,0.0000,0,0,0.0000,0,0.0000,0,0,0,602,0
413,2.8064,5.7412,0.0020,0.0000,0,0,0.0000,0,0.0000,0,0,0,602,0
414,2.7329,8.2108,0.0077,0.0000,0,0,0.0000,0,0.0000,0,0,0,697,0
415,2.8173,8.0877,0.0009,0.0000,0,0,0.0000,0,0.0000,0,0,0,697,0
416,5.1307,6.2309,0.0049,0.0000,0,0,0.0000,0,0.0000,0,0,0,602,0
417,2.8064,5.7175,0.0049,0.0000,0,0,0.0000,0,0.0000,0,0,0,602,0
418,2.7329,10.3460,0.0028,0.0000,0,0,0.0000,0,0.0000,0,0,0,697,0
419,2.8173,10.1643,0.0014,0.0000,0,0,0.0000,0,0.0000,0,0,0,697,0
420,5.1307,6.0114,0.0014,0.0000,0,0,0.0000,0,0.0000,0,0,0,602,0
421,2.8064,5.6121,0.0017,0.0000,0,0,0.0000,0,0.0000,0,0,0,602,0
422,2.7329,10.3637,0.0013,0.0000,0,0,0.0000,0,0.0000,0,0,0,697,0
423,2.8173,10.2617,0.0007,0.0000,0,0,0.0000,0,0.0000,0,0,0,697,0
424,5.1307,6.6556,0.0070,0.0000,0,0,0.0000,0,0.0000,0,0,0,602,0
425,2.8064,5.8326,0.0025,0.0000,0,0,0.0000,0,0.0000,0,0,0,602,0
426,2.7329,10.0963,0.0047,0.0000,0,0,0.0000,0,0.0000,0,0,0,697,0
427,2.8173,10.0667,0.0019,0.0000,0,0,0.0000,0,0.0000,0,0,0,697,0
428,5.1307,6.5593,0.0075,0.0000,0,0,0.0000,0,0.0000,0,0,0,602,0
429,2.8064,5.7711,0.0030,0.0000,0,0,0.0000,0,0.0000,0,0,0,602,0
430,2.7329,10.4209,0.0033,0.0000,0,0,0.0000,0,0.0000,0,0,0,697,0
431,2.8173,10.2776,0.0028,0.0000,0,0,0.0000,0,0.0000,0,0,0,697,0
432,5.1307,6.3521,0.0050,0.0000,0,0,0.0000,0,0.0000,0,0,0,602,0
433,2.8064,6.0558,0.0022,0.0000,0,0,0.0000,0,0.0000,0,0,0,602,0
434,2.7329,10.3638,0.0063,0.0000,0,0,0.0000,0,0.0000,0,0,0,697,0
435,2.8173,10.0290,0.0020,0.0000,0,0,0.0000,0,0.0000,0,0,0,697,0
436,5.1307,5.8768,0.0073,0.0000,0,0,0.0000,0,0.0000,0,0,0,602,0
437,2.8064,5.5330,0.0032,0.0000,0,0,0.0000,0,0.0000,0,0,0,602,0
438,2.7329,10.3739,0.0038,0.0000,0,0,0.0000,0,0.0000,0,0,0,697,0
439,2.8173,10.2730,0.0012,0.0000,0,0,0.0000,0,0.0000,0,0,0,697,0
440,5.1307,5.9661,0.0027,0.0000,0,0,0.0000,0,0.0000,0,0,0,602,0
441,2.8064,5.6732,0.0016,0.0000,0,0,0.0000,0,0.0000,0,0,0,602,0
442,2.7329,10.4642,0.0010,0.0000,0,0,0.0000,0,0.0000,0,0,0,697,0
443,2.8173,10.4130,0.0011,0.0000,0,0,0.0000,0,0.0000,0,0,0,697,0
444,5.1307,5.7174,0.0014,0.0000,0,0,0.0000,0,0.0000,0,0,0,602,0
445,2.8064,5.5905,0.0010,0.0000,0,0,0.0000,0,0.0000,0,0,0,602,0
446,2.7329,10.3255,0.0013,0.0000,0,0,0.0000,0,0.0000,0,0,0,697,0
447,2.8173,10.3129,0.0015,0.0000,0,0,0.0000,0,0.0000,0,0,0,697,0
448,5.1307,5.7882,0.0030,0.0000,0,0,0.0000,0,0.0000,0,0,0,602,0
449,2.8064,5.5441,0.0015,0.0000,0,0,0.0000,0,0.0000,0,0,0,602,0
450,2.7329,10.3849,0.0014,0.0000,0,0,0.0000,0,0.0000,0,0,0,697,0
451,2.8173,10.2930,0.0008,0.0000,0,0,0.0000,0,0.0000,0,0,0,697,0
452,5.1307,5.8929,0.0030,0.0000,0,0,0.0000,0,0.0000,0,0,0,602,0
453,2.8064,5.5935,0.0018,0.0000,0,0,0.0000,0,0.0000,0,0,0,602,0
454,2.7329,10.2931,0.0022,0.0000,0,0,0.0000,0,0.0000,0,0,0,697,0
455,2.8173,10.2586,0.0019,0.0000,0,0,0.0000,0,0.0000,0,0,0,697,0
456,5.1307,5.9037,0.0018,0.0000,0,0,0.0000,0,0.0000,0,0,0,602,0
457,2.8064,5.6528,0.0013,0.0000,0,0,0.0000,0,0.0000,0,0,0,602,0
458,2.7329,10.3443,0.0013,0.0000,0,0,0.0000,0,0.0000,0,0,0,697,0
459,2.8173,10.2829,0.0020,0.0000,0,0,0.0000,0,0.0000,0,0,0,697,0
460,5.1307,5.6402,0.0021,0.0000,0,0,0.0000,0,0.0000,0,0,0,602,0
461,2.8064,5.5567,0.0019,0.0000,0,0,0.0000,0,0.0000,0,0,0,602,0
462,2.7329,10.3142,0.0016,0.0000,0,0,0.0000,0,0.0000,0,0,0,697,0
463,2.8173,10.3005,0.0015,0.0000,0,0,0.0000,0,0.0000,0,0,0,697,0
464,5.1307,5.8233,0.0030,0.0000,0,0,0.0000,0,0.0000,0,0,0,602,0
465,2.8064,5.5083,0.0013,0.0000,0,0,0.0000,0,0.0000,0,0,0,602,0
466,2.7329,10.3742,0.0018,0.0000,0,0,0.0000,0,0.0000,0,0,0,697,0
467,2.8173,10.2638,0.0012,0.0000,0,0,0.0000,0,0.0000,0,0,0,697,0
468,5.1307,5.7517,0.0014,0.0000,0,0,0.0000,0,0.0000,0,0,0,602,0
469,2.8064,5.5258,0.0009,0.0000,0,0,0.0000,0,0.0000,0,0,0,602,0
470,2.7329,10.3707,0.0009,0.0000,0,0,0.0000,0,0.0000,0,0,0,697,0
471,2.8173,10.3609,0.0010,0.0000,0,0,0.0000,0,0.0000,0,0,0,697,0
472,5.1307,5.8400,0.0023,0.0000,0,0,0.0000,0,0.0000,0,0,0,602,0
473,2.8064,5.5553,0.0006,0.0000,0,0,0.0000,0,0.0000,0,0,0,602,0
474,2.7329,10.2440,0.0018,0.0000,0,0,0.0000,0,0.0000,0,0,0,697,0
475,2.8173,10.1598,0.0012,0.0000,0,0,0.0000,0,0.0000,0,0,0,697,0
476,5.1307,5.7211,0.0022,0.0000,0,0,0.0000,0,0.0000,0,0,0,602,0
477,2.8064,5.5183,0.0010,0.0000,0,0,0.0000,0,0.0000,0,0,0,602,0
478,2.7329,10.3104,0.0015,0.0000,0,0,0.0000,0,0.0000,0,0,0,697,0
479,2.8173,10.2633,0.0015,0.0000,0,0,0.0000,0,0.0000,0,0,0,697,0
480,5.1307,5.7763,0.0032,0.0000,0,0,0.0000,0,0.0000,0,0,0,602,0
481,2.8064,5.4504,0.0016,0.0000,0,0,0.0000,0,0.0000,0,0,0,602,0
482,2.7329,10.2040,0.0013,0.0000,0,0,0.0000,0,0.0000,0,0,0,697,0
483,2.8173,10.1344,0.0013,0.0000,0,0,0.0000,0,0.0000,0,0,0,697,0
484,5.1307,5.9068,0.0024,0.0000,0,0,0.0000,0,0.0000,0,0,0,602,0
485,2.8064,5.6281,0.0008,0.0000,0,0,0.0000,0,0.0000,0,0,0,602,0
486,2.7329,10.4343,0.0010,0.0000,0,0,0.0000,0,0.0000,0,0,0,697,0
487,2.8173,10.3903,0.0010,0.0000,0,0,0.0000,0,0.0000,0,0,0,697,0
488,5.1307,5.8107,0.0020,0.0000,0,0,0.0000,0,0.0000,0,0,0,602,0
489,2.8064,5.5640,0.0009,0.0000,0,0,0.0000,0,0.0000,0,0,0,602,0
490,2.7329,10.4413,0.0010,0.0000,0,0,0.0000,0,0.0000,0,0,0,697,0
491,2.8173,10.4177,0.0015,0.0000,0,0,0.0000,0,0.0000,0,0,0,697,0
492,5.1307,5.6847,0.0012,0.0000,0,0,0.0000,0,0.0000,0,0,0,602,0
493,2.8064,5.5947,0.0009,0.0000,0,0,0.0000,0,0.0000,0,0,0,602,0
494,2.7329,10.3392,0.0009,0.0000,0,0,0.0000,0,0.0000,0,0,0,697,0
495,2.8173,10.3018,0.0008,0.0000,0,0,0.0000,0,0.0000,0,0,0,697,0
496,5.1307,5.7536,0.0012,0.0000,0,0,0.0000,0,0.0000,0,0,0,602,0
497,2.8064,5.6311,0.0010,0.0000,0,0,0.0000,0,0.0000,0,0,0,602,0
498,2.7329,10.4019,0.0030,0.0000,0,0,0.0000,0,0.0000,0,0,0,697,0
499,2.8173,10.3048,0.0013,0.0000,0,0,0.0000,0,0.0000,0,0,0,697,0
500,5.1307,5.8325,0.0022,0.0000,0,0,0.0000,0,0.0000,0,0,0,602,0
501,2.8064,5.5360,0.0015,0.0000,0,0,0.0000,0,0.0000,0,0,0,602,0
502,2.7329,10.3505,0.0019,0.0000,0,0,0.0000,0,0.0000,0,0,0,697,0
503,2.8173,10.3240,0.0010,0.0000,0,0,0.0000,0,0.0000,0,0,0,697,0
504,5.1307,5.8311,0.0013,0.0000,0,0,0.0000,0,0.0000,0,0,0,602,0
505,2.8064,5.6142,0.0009,0.0000,0,0,0.0000,0,0.0000,0,0,0,602,0
506,2.7329,10.2986,0.0010,0.0000,0,0,0.0000,0,0.0000,0,0,0,697,0
507,2.8173,10.2869,0.0008,0.0000,0,0,0.0000,0,0.0000,0,0,0,697,0
508,5.1307,5.7115,0.0022,0.0000,0,0,0.0000,0,0.0000,0,0,0,602,0
509,2.8064,5.5422,0.0008,0.0000,0,0,0.0000,0,0.0000,0,0,0,602,0
510,2.7329,10.3582,0.0015,0.0000,0,0,0.0000,0,0.0000,0,0,0,697,0
511,2.8173,10.3211,0.0007,0.0000,0,0,0.0000,0,0.0000,0,0,0,697,0
512,5.1307,5.7077,0.0020,0.0000,0,0,0.0000,0,0.0000,0,0,0,602,0
513,2.8064,5.5745,0.0011,0.0000,0,0,0.0000,0,0.0000,0,0,0,602,0
514,2.7329,10.3873,0.0013,0.0000,0,0,0.0000,0,0.0000,0,0,0,697,0
515,2.8173,10.3468,0.0006,0.0000,0,0,0.0000,0,0.0000,0,0,0,697,0
516,5.1307,5.7912,0.0015,0.0000,0,0,0.0000,0,0.0000,0,0,0,602,0
517,2.8064,5.6013,0.0008,0.0000,0,0,0.0000,0,0.0000,0,0,0,602,0
518,2.7329,10.4182,0.0008,0.0000,0,0,0.0000,0,0.0000,0,0,0,697,0
519,2.8173,10.4363,0.0008,0.0000,0,0,0.0000,0,0.0000,0,0,0,697,0
520,5.1307,5.6915,0.0101,0.0000,0,0,0.0000,0,0.0000,0,0,0,602,0
521,2.8064,5.5628,0.0008,0.0000,0,0,0.0000,0,0.0000,0,0,0,602,0
522,2.7329,10.3686,0.0012,0.0000,0,0,0.0000,0,0.0000,0,0,0,697,0
523,2.8173,10.3592,0.0009,0.0000,0,0,0.0000,0,0.0000,0,0,0,697,0
524,5.1307,5.8578,0.0017,0.0000,0,0,0.0000,0,0.0000,0,0,0,602,0
525,2.8064,5.5981,0.0008,0.0000,0,0,0.0000,0,0.0000,0,0,0,602,0
526,2.7329,10.4955,0.0010,0.0000,0,0,0.0000,0,0.0000,0,0,0,697,0
527,2.8173,10.5162,0.0007,0.0000,0,0,0.0000,0,0.0000,0,0,0,697,0
528,5.1307,5.9908,0.0031,0.0000,0,0,0.0000,0,0.0000,0,0,0,602,0
529,2.8064,5.6691,0.0005,0.0000,0,0,0.0000,0,0.0000,0,0,0,602,0
530,2.7329,10.3335,0.0012,0.0000,0,0,0.0000,0,0.0000,0,0,0,697,0
531,2.8173,10.2810,0.0007,0.0000,0,0,0.0000,0,0.0000,0,0,0,697,0
532,5.1307,5.9235,0.0011,0.0000,0,0,0.0000,0,0.0000,0,0,0,602,0
533,2.8064,5.6539,0.0011,0.0000,0,0,0.0000,0,0.0000,0,0,0,602,0
534,2.7329,10.4853,0.0020,0.0000,0,0,0.0000,0,0.0000,0,0,0,697,0
535,2.8173,10.4233,0.0008,0.0000,0,0,0.0000,0,0.0000,0,0,0,697,0
536,5.1307,5.8553,0.0031,0.0000,0,0,0.0000,0,0.0000,0,0,0,602,0
537,2.8064,5.6217,0.0010,0.0000,0,0,0.0000,0,0.0000,0,0,0,602,0
538,2.7329,10.2380,0.0015,0.0000,0,0,0.0000,0,0.0000,0,0,0,697,0
539,2.8173,10.2254,0.0011,0.0000,0,0,0.0000,0,0.0000,0,0,0,697,0
540,5.1307,5.7783,0.0018,0.0000,0,0,0.0000,0,0.0000,0,0,0,602,0
541,2.8064,5.6072,0.0011,0.0000,0,0,0.0000,0,0.0000,0,0,0,602,0
542,2.7329,10.3315,0.0013,0.0000,0,0,0.0000,0,0.0000,0,0,0,697,0
543,2.8173,10.3138,0.0008,0.0000,0,0,0.0000,0,0.0000,0,0,0,697,0
544,5.1307,5.7140,0.0036,0.0000,0,0,0.0000,0,0.0000,0,0,0,602,0
545,2.8064,5.4557,0.0012,0.0000,0,0,0.0000,0,0.0000,0,0,0,602,0
546,2.7329,10.2789,0.0022,0.0000,0,0,0.0000,0,0.0000,0,0,0,697,0
547,2.8173,10.1840,0.0012,0.0000,0,0,0.0000,0,0.0000,0,0,0,697,0
548,5.1307,5.8807,0.0015,0.0000,0,0,0.0000,0,0.0000,0,0,0,602,0
549,2.8064,5.6074,0.0010,0.0000,0,0,0.0000,0,0.0000,0,0,0,602,0
550,2.7329,10.5071,0.0008,0.0000,0,0,0.0000,0,0.0000,0,0,0,697,0
551,2.8173,10.4913,0.0006,0.0000,0,0,0.0000,0,0.0000,0,0,0,697,0
552,5.1307,5.7092,0.0008,0.0000,0,0,0.0000,0,0.0000,0,0,0,602,0
553,2.8064,5.5931,0.0007,0.0000,0,0,0.0000,0,0.0000,0,0,0,602,0
554,2.7329,10.4975,0.0007,0.0000,0,0,0.0000,0,0.0000,0,0,0,697,0
555,2.8173,10.5128,0.0006,0.0000,0,0,0.0000,0,0.0000,0,0,0,697,0
556,5.1307,5.9047,0.0035,0.0000,0,0,0.0000,0,0.0000,0,0,0,602,0
557,2.8064,5.6780,0.0010,0.0000,0,0,0.0000,0,0.0000,0,0,0,602,0
558,2.7329,10.5261,0.0013,0.0000,0,0,0.0000,0,0.0000,0,0,0,697,0
559,2.8173,10.4009,0.0007,0.0000,0,0,0.0000,0,0.0000,0,0,0,697,0
560,5.1307,5.7251,0.0009,0.0000,0,0,0.0000,0,0.0000,0,0,0,602,0
561,2.8064,5.5334,0.0006,0.0000,0,0,0.0000,0,0.0000,0,0,0,602,0
562,2.7329,10.3856,0.0010,0.0000,0,0,0.0000,0,0.0000,0,0,0,697,0
563,2.8173,10.3547,0.0008,0.0000,0,0,0.0000,0,0.0000,0,0,0,697,0
564,5.1307,5.7799,0.0032,0.0000,0,0,0.0000,0,0.0000,0,0,0,602,0
565,2.8064,5.5594,0.0018,0.0000,0,0,0.0000,0,0.0000,0,0,0,602,0
566,2.7329,10.3438,0.0021,0.0000,0,0,0.0000,0,0.0000,0,0,0,697,0
567,2.8173,10.3242,0.0009,0.0000,0,0,0.0000,0,0.0000,0,0,0,697,0
568,5.1307,5.7575,0.0009,0.0000,0,0,0.0000,0,0.0000,0,0,0,602,0
569,2.8064,5.5904,0.0007,0.0000,0,0,0.0000,0,0.0000,0,0,0,602,0
570,2.7329,10.3608,0.0007,0.0000,0,0,0.0000,0,0.0000,0,0,0,697,0
571,2.8173,10.4044,0.0007,0.0000,0,0,0.0000,0,0.0000,0,0,0,697,0
572,5.1307,5.6339,0.0024,0.0000,0,0,0.0000,0,0.0000,0,0,0,602,0
573,2.8064,5.5231,0.0011,0.0000,0,0,0.0000,0,0.0000,0,0,0,602,0
574,2.7329,10.3615,0.0007,0.0000,0,0,0.0000,0,0.0000,0,0,0,697,0
575,2.8173,10.3707,0.0006,0.0000,0,0,0.0000,0,0.0000,0,0,0,697,0
576,5.1307,5.7260,0.0009,0.0000,0,0,0.0000,0,0.0000,0,0,0,602,0
577,2.8064,5.5513,0.0008,0.0000,0,0,0.0000,0,0.0000,0,0,0,602,0
578,2.7329,10.3587,0.0008,0.0000,0,0,0.0000,0,0.0000,0,0,0,697,0
579,2.8173,10.3588,0.0008,0.0000,0,0,0.0000,0,0.0000,0,0,0,697,0
580,5.1307,5.5864,0.0009,0.0000,0,0,0.0000,0,0.0000,0,0,0,602,0
581,2.8064,5.5155,0.0008,0.0000,0,0,0.0000,0,0.0000,0,0,0,602,0
582,2.7329,10.3538,0.0008,0.0000,0,0,0.0000,0,0.0000,0,0,0,697,0
583,2.8173,10.3552,0.0008,0.0000,0,0,0.0000,0,0.0000,0,0,0,697,0
584,5.1307,5.6454,0.0013,0.0000,0,0,0.0000,0,0.0000,0,0,0,602,0
585,2.8064,5.4748,0.0009,0.0000,0,0,0.0000,0,0.0000,0,0,0,602,0
586,2.7329,10.2849,0.0008,0.0000,0,0,0.0000,0,0.0000,0,0,0,697,0
587,2.8173,10.2766,0.0008,0.0000,0,0,0.0000,0,0.0000,0,0,0,697,0
588,5.1307,5.6635,0.0013,0.0000,0,0,0.0000,0,0.0000,0,0,0,602,0
589,2.8064,5.4850,0.0009,0.0000,0,0,0.0000,0,0.0000,0,0,0,602,0
590,2.7329,10.4257,0.0010,0.0000,0,0,0.0000,0,0.0000,0,0,0,697,0
591,2.8173,10.4222,0.0010,0.0000,0,0,0.0000,0,0.0000,0,0,0,697,0
592,5.1307,5.6469,0.0022,0.0000,0,0,0.0000,0,0.0000,0,0,0,602,0
593,2.8064,5.4572,0.0013,0.0000,0,0,0.0000,0,0.0000,0,0,0,602,0
594,2.7329,10.2185,0.0015,0.0000,0,0,0.0000,0,0.0000,0,0,0,697,0
595,2.8173,10.1874,0.0008,0.0000,0,0,0.0000,0,0.0000,0,0,0,697,0
596,5.1307,5.9277,0.0032,0.0000,0,0,0.0000,0,0.0000,0,0,0,602,0
597,2.8064,5.6099,0.0010,0.0000,0,0,0.0000,0,0.0000,0,0,0,602,0
598,2.7329,10.7699,0.0006,0.0000,0,0,0.0000,0,0.0000,0,0,0,697,0
599,2.8173,10.5983,0.0011,0.0000,0,0,0.0000,0,0.0000,0,0,0,697,0
600,5.1307,40.7045,0.0415,0.0000,0,0,0.0000,0,0.0000,0,1,0,66998,0
601,2.8064,32.1450,0.0108,0.0000,0,0,0.0000,0,0.0000,0,1,0,45678,0
602,2.7329,23.6883,0.0093,0.0000,0,0,0.0000,0,0.0000,0,1,0,73262,0
603,2.8173,26.0420,0.0084,0.0000,0,0,0.0000,0,0.0000,0,1,0,68742,0
604,5.1307,5.9011,0.0139,0.0000,0,0,0.0000,0,0.0000,0,0,0,18434,0
605,2.8064,5.6582,0.0085,0.0000,0,0,0.0000,0,0.0000,0,0,0,13113,0
606,2.7329,10.5836,0.0103,0.0000,0,0,0.0000,0,0.0000,0,0,0,23484,0
607,2.8173,10.5559,0.0144,0.0000,0,0,0.0000,0,0.0000,0,0,0,20398,0
608,5.1307,5.8355,0.0055,0.0000,0,0,0.0000,0,0.0000,0,0,0,19255,0
609,2.8064,5.5885,0.0023,0.0000,0,0,0.0000,0,0.0000,0,0,0,14108,0
610,2.7329,10.5555,0.0045,0.0000,0,0,0.0000,0,0.0000,0,0,0,18500,0
611,2.8173,10.4634,0.0098,0.0000,0,0,0.0000,0,0.0000,0,0,0,19877,0
612,5.1307,5.8044,0.0066,0.0000,0,0,0.0000,0,0.0000,0,0,0,28914,0
613,2.8064,5.6370,0.0107,0.0000,0,0,0.0000,0,0.0000,0,0,0,20313,0
614,2.7329,10.4078,0.0095,0.0000,0,0,0.0000,0,0.0000,0,0,0,25267,0
615,2.8173,10.4050,0.0088,0.0000,0,0,0.0000,0,0.0000,0,0,0,25193,0
616,5.1307,5.6662,0.0034,0.0000,0,0,0.0000,0,0.0000,0,0,0,31430,0
617,2.8064,5.6134,0.0054,0.0000,0,0,0.0000,0,0.0000,0,0,0,20805,0
618,2.7329,10.4367,0.0024,0.0000,0,0,0.0000,0,0.0000,0,0,0,27293,0
619,2.8173,10.4456,0.0033,0.0000,0,0,0.0000,0,0.0000,0,0,0,30502,0
620,5.1307,5.8164,0.0028,0.0000,0,0,0.0000,0,0.0000,0,0,0,32483,0
621,2.8064,5.6348,0.0027,0.0000,0,0,0.0000,0,0.0000,0,0,0,19061,0
622,2.7329,10.4962,0.0026,0.0000,0,0,0.0000,0,0.0000,0,0,0,32440,0
623,2.8173,10.5058,0.0100,0.0000,0,0,0.0000,0,0.0000,0,0,0,33882,0
624,5.1307,5.6506,0.0029,0.0000,0,0,0.0000,0,0.0000,0,0,0,16713,0
625,2.8064,5.6108,0.0018,0.0000,0,0,0.0000,0,0.0000,0,0,0,8368,0
626,2.7329,10.4310,0.0090,0.0000,0,0,0.0000,0,0.0000,0,0,0,18870,0
627,2.8173,10.4471,0.0022,0.0000,0,0,0.0000,0,0.0000,0,0,0,9142,0
628,5.1307,5.6164,0.0015,0.0000,0,0,0.0000,0,0.0000,0,0,0,7940,0
629,2.8064,5.5334,0.0018,0.0000,0,0,0.0000,0,0.0000,0,0,0,5218,0
630,2.7329,10.4977,0.0016,0.0000,0,0,0.0000,0,0.0000,0,0,0,8197,0
631,2.8173,10.4939,0.0013,0.0000,0,0,0.0000,0,0.0000,0,0,0,6004,0
632,5.1307,5.6701,0.0015,0.0000,0,0,0.0000,0,0.0000,0,0,0,5653,0
633,2.8064,5.5420,0.0014,0.0000,0,0,0.0000,0,0.0000,0,0,0,3709,0
634,2.7329,10.3062,0.0017,0.0000,0,0,0.0000,0,0.0000,0,0,0,5775,0
635,2.8173,10.2637,0.0011,0.0000,0,0,0.0000,0,0.0000,0,0,0,5323,0
636,5.1307,5.6832,0.0017,0.0000,0,0,0.0000,0,0.0000,0,0,0,4964,0
637,2.8064,5.5456,0.0015,0.0000,0,0,0.0000,0,0.0000,0,0,0,3416,0
638,2.7329,10.2777,0.0015,0.0000,0,0,0.0000,0,0.0000,0,0,0,5643,0
639,2.8173,10.2426,0.0012,0.0000,0,0,0.0000,0,0.0000,0,0,0,4829,0
640,5.1307,5.6001,0.0016,0.0000,0,0,0.0000,0,0.0000,0,0,0,3747,0
641,2.8064,5.5232,0.0015,0.0000,0,0,0.0000,0,0.0000,0,0,0,2150,0
642,2.7329,10.2863,0.0013,0.0000,0,0,0.0000,0,0.0000,0,0,0,1507,0
643,2.8173,10.2451,0.0013,0.0000,0,0,0.0000,0,0.0000,0,0,0,4596,0
644,5.1307,5.6631,0.0012,0.0000,0,0,0.0000,0,0.0000,0,0,0,2534,0
645,2.8064,5.5527,0.0011,0.0000,0,0,0.0000,0,0.0000,0,0,0,1591,0
646,2.7329,10.3445,0.0015,0.0000,0,0,0.0000,0,0.0000,0,0,0,1029,0
647,2.8173,10.2988,0.0016,0.0000,0,0,0.0000,0,0.0000,0,0,0,3695,0
648,5.1307,5.7227,0.0036,0.0000,0,0,0.0000,0,0.0000,0,0,0,2258,0
649,2.8064,5.5852,0.0013,0.0000,0,0,0.0000,0,0.0000,0,0,0,1410,0
650,2.7329,10.3876,0.0013,0.0000,0,0,0.0000,0,0.0000,0,0,0,1339,0
651,2.8173,10.2858,0.0014,0.0000,0,0,0.0000,0,0.0000,0,0,0,2653,0
652,5.1307,5.7732,0.0014,0.0000,0,0,0.0000,0,0.0000,0,0,0,2029,0
653,2.8064,5.5994,0.0021,0.0000,0,0,0.0000,0,0.0000,0,0,0,659,0
654,2.7329,10.5385,0.0017,0.0000,0,0,0.0000,0,0.0000,0,0,0,1632,0
655,2.8173,10.5482,0.0015,0.0000,0,0,0.0000,0,0.0000,0,0,0,988,0
656,5.1307,5.7427,0.0012,0.0000,0,0,0.0000,0,0.0000,0,0,0,1868,0
657,2.8064,5.6493,0.0010,0.0000,0,0,0.0000,0,0.0000,0,0,0,602,0
658,2.7329,10.3029,0.0007,0.0000,0,0,0.0000,0,0.0000,0,0,0,1745,0
659,2.8173,10.3097,0.0008,0.0000,0,0,0.0000,0,0.0000,0,0,0,1047,0
660,5.1307,5.6445,0.0021,0.0000,0,0,0.0000,0,0.0000,0,0,0,660,0
661,2.8064,5.5187,0.0011,0.0000,0,0,0.0000,0,0.0000,0,0,0,602,0
662,2.7329,10.3885,0.0009,0.0000,0,0,0.0000,0,0.0000,0,0,0,790,0
663,2.8173,10.3839,0.0009,0.0000,0,0,0.0000,0,0.0000,0,0,0,1138,0
664,5.1307,5.7137,0.0008,0.0000,0,0,0.0000,0,0.0000,0,0,0,602,0
665,2.8064,5.5621,0.0008,0.0000,0,0,0.0000,0,0.0000,0,0,0,602,0
666,2.7329,10.9552,0.0150,0.0000,0,0,0.0000,0,0.0000,0,0,0,697,0
667,2.8173,10.8577,0.0150,0.0000,0,0,0.0000,0,0.0000,0,0,0,751,0
668,5.1307,6.1310,0.0038,0.0000,0,0,0.0000,0,0.0000,0,0,0,602,0
669,2.8064,5.7352,0.0019,0.0000,0,0,0.0000,0,0.0000,0,0,0,602,0
670,2.7329,10.2427,0.0026,0.0000,0,0,0.0000,0,0.0000,0,0,0,697,0
671,2.8173,10.1940,0.0022,0.0000,0,0,0.0000,0,0.0000,0,0,0,716,0
672,5.1307,6.5459,0.0095,0.0000,0,0,0.0000,0,0.0000,0,0,0,602,0
673,2.8064,5.7918,0.0023,0.0000,0,0,0.0000,0,0.0000,0,0,0,602,0
674,2.7329,9.8491,0.0054,0.0000,0,0,0.0000,0,0.0000,0,0,0,697,0
675,2.8173,9.8410,0.0015,0.0000,0,0,0.0000,0,0.0000,0,0,0,702,0
676,5.1307,11.1239,0.0140,0.0000,0,0,0.0000,0,0.0000,0,0,0,602,0
677,2.8064,11.5113,0.0018,0.0000,0,0,0.0000,0,0.0000,0,0,0,602,0
678,2.7329,11.3701,0.0022,0.0000,0,0,0.0000,0,0.0000,0,0,0,697,0
679,2.8173,11.2526,0.0016,0.0000,0,0,0.0000,0,0.0000,0,0,0,725,0
680,5.1307,6.3950,0.0017,0.0000,0,0,0.0000,0,0.0000,0,0,0,602,0
681,2.8064,6.6579,0.0018,0.0000,0,0,0.0000,0,0.0000,0,0,0,602,0
682,2.7329,6.4805,0.0017,0.0000,0,0,0.0000,0,0.0000,0,0,0,749,0
683,2.8173,10.6813,0.0115,0.0000,0,0,0.0000,0,0.0000,0,0,0,697,0
684,5.1307,6.2794,0.0067,0.0000,0,0,0.0000,0,0.0000,0,0,0,602,0
685,2.8064,5.7503,0.0018,0.0000,0,0,0.0000,0,0.0000,0,0,0,602,0
686,2.7329,10.5964,0.0067,0.0000,0,0,0.0000,0,0.0000,0,0,0,697,0
687,2.8173,10.3658,0.0067,0.0000,0,0,0.0000,0,0.0000,0,0,0,697,0
688,5.1307,6.3092,0.0063,0.0000,0,0,0.0000,0,0.0000,0,0,0,602,0
689,2.8064,5.7120,0.0018,0.0000,0,0,0.0000,0,0.0000,0,0,0,602,0
690,2.7329,10.2116,0.0055,0.0000,0,0,0.0000,0,0.0000,0,0,0,697,0
691,2.8173,10.3637,0.0026,0.0000,0,0,0.0000,0,0.0000,0,0,0,697,0
692,5.1307,6.4370,0.0056,0.0000,0,0,0.0000,0,0.0000,0,0,0,602,0
693,2.8064,5.7922,0.0016,0.0000,0,0,0.0000,0,0.0000,0,0,0,602,0
694,2.7329,9.7720,0.0021,0.0000,0,0,0.0000,0,0.0000,0,0,0,697,0
695,2.8173,9.7860,0.0022,0.0000,0,0,0.0000,0,0.0000,0,0,0,697,0
696,5.1307,6.3540,0.0079,0.0000,0,0,0.0000,0,0.0000,0,0,0,602,0
697,2.8064,5.7809,0.0020,0.0000,0,0,0.0000,0,0.0000,0,0,0,602,0
698,2.7329,10.2963,0.0082,0.0000,0,0,0.0000,0,0.0000,0,0,0,697,0
699,2.8173,9.9157,0.0081,0.0000,0,0,0.0000,0,0.0000,0,0,0,702,0
700,5.1307,6.3331,0.0069,0.0000,0,0,0.0000,0,0.0000,0,0,0,602,0
701,2.8064,5.8280,0.0029,0.0000,0,0,0.0000,0,0.0000,0,0,0,602,0
702,2.7329,10.1277,0.0029,0.0000,0,0,0.0000,0,0.0000,0,0,0,697,0
703,2.8173,10.1547,0.0028,0.0000,0,0,0.0000,0,0.0000,0,0,0,697,0
704,5.1307,6.4885,0.0103,0.0000,0,0,0.0000,0,0.0000,0,0,0,602,0
705,2.8064,5.9812,0.0022,0.0000,0,0,0.0000,0,0.0000,0,0,0,602,0
706,2.7329,9.1786,0.0028,0.0000,0,0,0.0000,0,0.0000,0,0,0,697,0
707,2.8173,10.1465,0.0028,0.0000,0,0,0.0000,0,0.0000,0,0,0,711,0
708,5.1307,6.2530,0.0076,0.0000,0,0,0.0000,0,0.0000,0,0,0,602,0
709,2.8064,5.8303,0.0028,0.0000,0,0,0.0000,0,0.0000,0,0,0,602,0
710,2.7329,10.0122,0.0030,0.0000,0,0,0.0000,0,0.0000,0,0,0,697,0
711,2.8173,9.9942,0.0026,0.0000,0,0,0.0000,0,0.0000,0,0,0,697,0
712,5.1307,6.4181,0.0081,0.0000,0,0,0.0000,0,0.0000,0,0,0,602,0
713,2.8064,5.8069,0.0029,0.0000,0,0,0.0000,0,0.0000,0,0,0,602,0
714,2.7329,10.3409,0.0077,0.0000,0,0,0.0000,0,0.0000,0,0,0,697,0
715,2.8173,9.9540,0.0077,0.0000,0,0,0.0000,0,0.0000,0,0,0,697,0
716,5.1307,6.1967,0.0070,0.0000,0,0,0.0000,0,0.0000,0,0,0,602,0
717,2.8064,5.8458,0.0020,0.0000,0,0,0.0000,0,0.0000,0,0,0,602,0
718,2.7329,10.0276,0.0029,0.0000,0,0,0.0000,0,0.0000,0,0,0,697,0
719,2.8173,9.9960,0.0028,0.0000,0,0,0.0000,0,0.0000,0,0,0,697,0
720,5.1307,6.2781,0.0075,0.0000,0,0,0.0000,0,0.0000,0,0,0,602,0
721,2.8064,6.3979,0.0023,0.0000,0,0,0.0000,0,0.0000,0,0,0,602,0
722,2.7329,9.5388,0.0037,0.0000,0,0,0.0000,0,0.0000,0,0,0,697,0
723,2.8173,9.5522,0.0027,0.0000,0,0,0.0000,0,0.0000,0,0,0,697,0
724,5.1307,6.4160,0.0086,0.0000,0,0,0.0000,0,0.0000,0,0,0,602,0
725,2.8064,5.8202,0.0018,0.0000,0,0,0.0000,0,0.0000,0,0,0,602,0
726,2.7329,9.9271,0.0030,0.0000,0,0,0.0000,0,0.0000,0,0,0,702,0
727,2.8173,9.3095,0.0029,0.0000,0,0,0.0000,0,0.0000,0,0,0,697,0
728,5.1307,6.2135,0.0101,0.0000,0,0,0.0000,0,0.0000,0,0,0,602,0
729,2.8064,6.1627,0.0016,0.0000,0,0,0.0000,0,0.0000,0,0,0,602,0
730,2.7329,9.1433,0.0045,0.0000,0,0,0.0000,0,0.0000,0,0,0,697,0
731,2.8173,8.6768,0.0025,0.0000,0,0,0.0000,0,0.0000,0,0,0,697,0
732,5.1307,6.3777,0.0093,0.0000,0,0,0.0000,0,0.0000,0,0,0,602,0
733,2.8064,6.2533,0.0031,0.0000,0,0,0.0000,0,0.0000,0,0,0,602,0
734,2.7329,9.9543,0.0061,0.0000,0,0,0.0000,0,0.0000,0,0,0,697,0
735,2.8173,10.1911,0.0030,0.0000,0,0,0.0000,0,0.0000,0,0,0,697,0
736,5.1307,6.6382,0.0099,0.0000,0,0,0.0000,0,0.0000,0,0,0,602,0
737,2.8064,5.9720,0.0027,0.0000,0,0,0.0000,0,0.0000,0,0,0,602,0
738,2.7329,9.9600,0.0070,0.0000,0,0,0.0000,0,0.0000,0,0,0,697,0
739,2.8173,9.9569,0.0026,0.0000,0,0,0.0000,0,0.0000,0,0,0,697,0
740,5.1307,6.7457,0.0068,0.0000,0,0,0.0000,0,0.0000,0,0,0,602,0
741,2.8064,5.8095,0.0022,0.0000,0,0,0.0000,0,0.0000,0,0,0,602,0
742,2.7329,9.5742,0.0032,0.0000,0,0,0.0000,0,0.0000,0,0,0,697,0
743,2.8173,10.3037,0.0031,0.0000,0,0,0.0000,0,0.0000,0,0,0,697,0
744,5.1307,6.5980,0.0066,0.0000,0,0,0.0000,0,0.0000,0,0,0,602,0
745,2.8064,5.9433,0.0022,0.0000,0,0,0.0000,0,0.0000,0,0,0,602,0
746,2.7329,10.4888,0.0054,0.0000,0,0,0.0000,0,0.0000,0,0,0,697,0
747,2.8173,10.2512,0.0053,0.0000,0,0,0.0000,0,0.0000,0,0,0,697,0
748,5.1307,6.3365,0.0066,0.0000,0,0,0.0000,0,0.0000,0,0,0,602,0
749,2.8064,5.8373,0.0075,0.0000,0,0,0.0000,0,0.0000,0,0,0,602,0
750,2.7329,10.6771,0.0043,0.0000,0,0,0.0000,0,0.0000,0,0,0,697,0
751,2.8173,10.4626,0.0018,0.0000,0,0,0.0000,0,0.0000,0,0,0,697,0
752,5.1307,6.2788,0.0055,0.0000,0,0,0.0000,0,0.0000,0,0,0,602,0
753,2.8064,5.7396,0.0054,0.0000,0,0,0.0000,0,0.0000,0,0,0,602,0
754,2.7329,10.5124,0.0037,0.0000,0,0,0.0000,0,0.0000,0,0,0,697,0
755,2.8173,10.4176,0.0008,0.0000,0,0,0.0000,0,0.0000,0,0,0,697,0
756,5.1307,5.8680,0.0037,0.0000,0,0,0.0000,0,0.0000,0,0,0,602,0
757,2.8064,5.6113,0.0005,0.0000,0,0,0.0000,0,0.0000,0,0,0,602,0
758,2.7329,10.3492,0.0031,0.0000,0,0,0.0000,0,0.0000,0,0,0,697,0
759,2.8173,10.3150,0.0013,0.0000,0,0,0.0000,0,0.0000,0,0,0,697,0
760,5.1307,5.8921,0.0036,0.0000,0,0,0.0000,0,0.0000,0,0,0,602,0
761,2.8064,5.6045,0.0036,0.0000,0,0,0.0000,0,0.0000,0,0,0,602,0
762,2.7329,10.4430,0.0020,0.0000,0,0,0.0000,0,0.0000,0,0,0,697,0
763,2.8173,10.4658,0.0010,0.0000,0,0,0.0000,0,0.0000,0,0,0,697,0
764,5.1307,5.7091,0.0040,0.0000,0,0,0.0000,0,0.0000,0,0,0,602,0
765,2.8064,5.4790,0.0013,0.0000,0,0,0.0000,0,0.0000,0,0,0,602,0
766,2.7329,10.2709,0.0035,0.0000,0,0,0.0000,0,0.0000,0,0,0,697,0
767,2.8173,10.2202,0.0009,0.0000,0,0,0.0000,0,0.0000,0,0,0,697,0
768,5.1307,5.7298,0.0038,0.0000,0,0,0.0000,0,0.0000,0,0,0,602,0
769,2.8064,5.5103,0.0007,0.0000,0,0,0.0000,0,0.0000,0,0,0,602,0
770,2.7329,10.3638,0.0027,0.0000,0,0,0.0000,0,0.0000,0,0,0,701,0
771,2.8173,10.3542,0.0027,0.0000,0,0,0.0000,0,0.0000,0,0,0,697,0
772,5.1307,5.8490,0.0030,0.0000,0,0,0.0000,0,0.0000,0,0,0,602,0
773,2.8064,5.6182,0.0010,0.0000,0,0,0.0000,0,0.0000,0,0,0,602,0
774,2.7329,10.3925,0.0027,0.0000,0,0,0.0000,0,0.0000,0,0,0,697,0
775,2.8173,10.3551,0.0008,0.0000,0,0,0.0000,0,0.0000,0,0,0,697,0
776,5.1307,5.8423,0.0011,0.0000,0,0,0.0000,0,0.0000,0,0,0,602,0
777,2.8064,5.5573,0.0035,0.0000,0,0,0.0000,0,0.0000,0,0,0,602,0
778,2.7329,10.3767,0.0038,0.0000,0,0,0.0000,0,0.0000,0,0,0,697,0
779,2.8173,10.3209,0.0009,0.0000,0,0,0.0000,0,0.0000,0,0,0,697,0
780,5.1307,5.7454,0.0041,0.0000,0,0,0.0000,0,0.0000,0,0,0,602,0
781,2.8064,5.4869,0.0095,0.0000,0,0,0.0000,0,0.0000,0,0,0,602,0
782,2.7329,10.3267,0.0027,0.0000,0,0,0.0000,0,0.0000,0,0,0,697,0
783,2.8173,10.2701,0.0009,0.0000,0,0,0.0000,0,0.0000,0,0,0,697,0
784,5.1307,5.7411,0.0025,0.0000,0,0,0.0000,0,0.0000,0,0,0,602,0
785,2.8064,5.5166,0.0005,0.0000,0,0,0.0000,0,0.0000,0,0,0,602,0
786,2.7329,10.3432,0.0035,0.0000,0,0,0.0000,0,0.0000,0,0,0,697,0
787,2.8173,10.2579,0.0010,0.0000,0,0,0.0000,0,0.0000,0,0,0,697,0
788,5.1307,5.8073,0.0036,0.0000,0,0,0.0000,0,0.0000,0,0,0,602,0
789,2.8064,5.5331,0.0036,0.0000,0,0,0.0000,0,0.0000,0,0,0,602,0
790,2.7329,10.4121,0.0038,0.0000,0,0,0.0000,0,0.0000,0,0,0,697,0
791,2.8173,10.3679,0.0008,0.0000,0,0,0.0000,0,0.0000,0,0,0,697,0
792,5.1307,5.8397,0.0038,0.0000,0,0,0.0000,0,0.0000,0,0,0,602,0
793,2.8064,5.5412,0.0011,0.0000,0,0,0.0000,0,0.0000,0,0,0,602,0
794,2.7329,10.2942,0.0040,0.0000,0,0,0.0000,0,0.0000,0,0,0,697,0
795,2.8173,10.2507,0.0009,0.0000,0,0,0.0000,0,0.0000,0,0,0,697,0
796,5.1307,5.7570,0.0033,0.0000,0,0,0.0000,0,0.0000,0,0,0,602,0
797,2.8064,5.5377,0.0009,0.0000,0,0,0.0000,0,0.0000,0,0,0,602,0
798,2.7329,10.3744,0.0036,0.0000,0,0,0.0000,0,0.0000,0,0,0,697,0
799,2.8173,10.3147,0.0010,0.0000,0,0,0.0000,0,0.0000,0,0,0,697,0
800,5.1307,5.7767,0.0036,0.0000,0,0,0.0000,0,0.0000,0,0,0,602,0
801,2.8064,5.5204,0.0009,0.0000,0,0,0.0000,0,0.0000,0,0,0,602,0
802,2.7329,10.3585,0.0042,0.0000,0,0,0.0000,0,0.0000,0,0,0,697,0
803,2.8173,10.2725,0.0008,0.0000,0,0,0.0000,0,0.0000,0,0,0,697,0
804,5.1307,5.8061,0.0040,0.0000,0,0,0.0000,0,0.0000,0,0,0,602,0
805,2.8064,5.5326,0.0004,0.0000,0,0,0.0000,0,0.0000,0,0,0,602,0
806,2.7329,10.2656,0.0034,0.0000,0,0,0.0000,0,0.0000,0,0,0,697,0
807,2.8173,10.1800,0.0012,0.0000,0,0,0.0000,0,0.0000,0,0,0,697,0
808,5.1307,5.8353,0.0070,0.0000,0,0,0.0000,0,0.0000,0,0,0,602,0
809,2.8064,5.5712,0.0070,0.0000,0,0,0.0000,0,0.0000,0,0,0,602,0
810,2.7329,10.4085,0.0033,0.0000,0,0,0.0000,0,0.0000,0,0,0,697,0
811,2.8173,10.3372,0.0010,0.0000,0,0,0.0000,0,0.0000,0,0,0,697,0
812,5.1307,5.8836,0.0037,0.0000,0,0,0.0000,0,0.0000,0,0,0,602,0
813,2.8064,5.5634,0.0009,0.0000,0,0,0.0000,0,0.0000,0,0,0,602,0
814,2.7329,10.3111,0.0026,0.0000,0,0,0.0000,0,0.0000,0,0,0,697,0
815,2.8173,10.2317,0.0011,0.0000,0,0,0.0000,0,0.0000,0,0,0,697,0
816,5.1307,5.9601,0.0035,0.0000,0,0,0.0000,0,0.0000,0,0,0,602,0
817,2.8064,5.5417,0.0007,0.0000,0,0,0.0000,0,0.0000,0,0,0,602,0
818,2.7329,10.3371,0.0038,0.0000,0,0,0.0000,0,0.0000,0,0,0,697,0
819,2.8173,10.2608,0.0010,0.0000,0,0,0.0000,0,0.0000,0,0,0,697,0
820,5.1307,5.9556,0.0031,0.0000,0,0,0.0000,0,0.0000,0,0,0,602,0
821,2.8064,5.5550,0.0031,0.0000,0,0,0.0000,0,0.0000,0,0,0,602,0
822,2.7329,10.3083,0.0036,0.0000,0,0,0.0000,0,0.0000,0,0,0,697,0
823,2.8173,10.2492,0.0011,0.0000,0,0,0.0000,0,0.0000,0,0,0,697,0
824,5.1307,5.7295,0.0029,0.0000,0,0,0.0000,0,0.0000,0,0,0,602,0
825,2.8064,5.5380,0.0010,0.0000,0,0,0.0000,0,0.0000,0,0,0,602,0
826,2.7329,10.3292,0.0031,0.0000,0,0,0.0000,0,0.0000,0,0,0,697,0
827,2.8173,10.2696,0.0009,0.0000,0,0,0.0000,0,0.0000,0,0,0,697,0
828,5.1307,5.9452,0.0024,0.0000,0,0,0.0000,0,0.0000,0,0,0,602,0
829,2.8064,5.6069,0.0005,0.0000,0,0,0.0000,0,0.0000,0,0,0,602,0
830,2.7329,10.3885,0.0020,0.0000,0,0,0.0000,0,0.0000,0,0,0,697,0
831,2.8173,10.3108,0.0010,0.0000,0,0,0.0000,0,0.0000,0,0,0,697,0
832,5.1307,5.8700,0.0033,0.0000,0,0,0.0000,0,0.0000,0,0,0,602,0
833,2.8064,5.5471,0.0010,0.0000,0,0,0.0000,0,0.0000,0,0,0,602,0
834,2.7329,10.4044,0.0043,0.0000,0,0,0.0000,0,0.0000,0,0,0,697,0
835,2.8173,10.3231,0.0009,0.0000,0,0,0.0000,0,0.0000,0,0,0,697,0
836,5.1307,5.7613,0.0030,0.0000,0,0,0.0000,0,0.0000,0,0,0,602,0
837,2.8064,5.5170,0.0030,0.0000,0,0,0.0000,0,0.0000,0,0,0,602,0
838,2.7329,10.3354,0.0027,0.0000,0,0,0.0000,0,0.0000,0,0,0,697,0
839,2.8173,10.3023,0.0007,0.0000,0,0,0.0000,0,0.0000,0,0,0,697,0
840,5.1307,5.8215,0.0030,0.0000,0,0,0.0000,0,0.0000,0,0,0,602,0
841,2.8064,5.5752,0.0030,0.0000,0,0,0.0000,0,0.0000,0,0,0,602,0
842,2.7329,10.3763,0.0155,0.0000,0,0,0.0000,0,0.0000,0,0,0,697,0
843,2.8173,10.3199,0.0010,0.0000,0,0,0.0000,0,0.0000,0,0,0,697,0
844,5.1307,5.7622,0.0030,0.0000,0,0,0.0000,0,0.0000,0,0,0,602,0
845,2.8064,5.5093,0.0029,0.0000,0,0,0.0000,0,0.0000,0,0,0,602,0
846,2.7329,10.4082,0.0037,0.0000,0,0,0.0000,0,0.0000,0,0,0,697,0
847,2.8173,10.3495,0.0010,0.0000,0,0,0.0000,0,0.0000,0,0,0,697,0
848,5.1307,5.8001,0.0032,0.0000,0,0,0.0000,0,0.0000,0,0,0,602,0
849,2.8064,5.5345,0.0012,0.0000,0,0,0.0000,0,0.0000,0,0,0,602,0
850,2.7329,10.4049,0.0035,0.0000,0,0,0.0000,0,0.0000,0,0,0,697,0
851,2.8173,10.3339,0.0010,0.0000,0,0,0.0000,0,0.0000,0,0,0,697,0
852,5.1307,5.7435,0.0030,0.0000,0,0,0.0000,0,0.0000,0,0,0,602,0
853,2.8064,5.5374,0.0010,0.0000,0,0,0.0000,0,0.0000,0,0,0,602,0
854,2.7329,10.3085,0.0027,0.0000,0,0,0.0000,0,0.0000,0,0,0,697,0
855,2.8173,10.2355,0.0007,0.0000,0,0,0.0000,0,0.0000,0,0,0,697,0
856,5.1307,5.9523,0.0025,0.0000,0,0,0.0000,0,0.0000,0,0,0,602,0
857,2.8064,5.5545,0.0010,0.0000,0,0,0.0000,0,0.0000,0,0,0,602,0
858,2.7329,10.3505,0.0164,0.0000,0,0,0.0000,0,0.0000,0,0,0,697,0
859,2.8173,10.3153,0.0009,0.0000,0,0,0.0000,0,0.0000,0,0,0,697,0
860,5.1307,5.8613,0.0030,0.0000,0,0,0.0000,0,0.0000,0,0,0,602,0
861,2.8064,5.5461,0.0005,0.0000,0,0,0.0000,0,0.0000,0,0,0,602,0
862,2.7329,10.3358,0.0027,0.0000,0,0,0.0000,0,0.0000,0,0,0,697,0
863,2.8173,10.2996,0.0008,0.0000,0,0,0.0000,0,0.0000,0,0,0,697,0
864,5.1307,5.8177,0.0025,0.0000,0,0,0.0000,0,0.0000,0,0,0,602,0
865,2.8064,5.5324,0.0009,0.0000,0,0,0.0000,0,0.0000,0,0,0,602,0
866,2.7329,10.2978,0.0020,0.0000,0,0,0.0000,0,0.0000,0,0,0,697,0
867,2.8173,10.2774,0.0008,0.0000,0,0,0.0000,0,0.0000,0,0,0,697,0
868,5.1307,5.8493,0.0051,0.0000,0,0,0.0000,0,0.0000,0,0,0,602,0
869,2.8064,5.5704,0.0012,0.0000,0,0,0.0000,0,0.0000,0,0,0,602,0
870,2.7329,10.3796,0.0014,0.0000,0,0,0.0000,0,0.0000,0,0,0,697,0
871,2.8173,10.3665,0.0007,0.0000,0,0,0.0000,0,0.0000,0,0,0,697,0
872,5.1307,5.9321,0.0031,0.0000,0,0,0.0000,0,0.0000,0,0,0,602,0
873,2.8064,5.6902,0.0007,0.0000,0,0,0.0000,0,0.0000,0,0,0,602,0
874,2.7329,10.5931,0.0008,0.0000,0,0,0.0000,0,0.0000,0,0,0,697,0
875,2.8173,10.6002,0.0008,0.0000,0,0,0.0000,0,0.0000,0,0,0,697,0
876,5.1307,5.9665,0.0027,0.0000,0,0,0.0000,0,0.0000,0,0,0,602,0
877,2.8064,5.6275,0.0011,0.0000,0,0,0.0000,0,0.0000,0,0,0,602,0
878,2.7329,10.5291,0.0024,0.0000,0,0,0.0000,0,0.0000,0,0,0,697,0
879,2.8173,10.4535,0.0007,0.0000,0,0,0.0000,0,0.0000,0,0,0,697,0
880,5.1307,6.0427,0.0039,0.0000,0,0,0.0000,0,0.0000,0,0,0,602,0
881,2.8064,5.6674,0.0039,0.0000,0,0,0.0000,0,0.0000,0,0,0,602,0
882,2.7329,10.4831,0.0039,0.0000,0,0,0.0000,0,0.0000,0,0,0,697,0
883,2.8173,10.3873,0.0015,0.0000,0,0,0.0000,0,0.0000,0,0,0,697,0
884,5.1307,5.9175,0.0031,0.0000,0,0,0.0000,0,0.0000,0,0,0,602,0
885,2.8064,5.5775,0.0009,0.0000,0,0,0.0000,0,0.0000,0,0,0,602,0
886,2.7329,10.5230,0.0008,0.0000,0,0,0.0000,0,0.0000,0,0,0,697,0
887,2.8173,10.5204,0.0007,0.0000,0,0,0.0000,0,0.0000,0,0,0,697,0
888,5.1307,5.9458,0.0014,0.0000,0,0,0.0000,0,0.0000,0,0,0,602,0
889,2.8064,5.6539,0.0008,0.0000,0,0,0.0000,0,0.0000,0,0,0,602,0
890,2.7329,10.3878,0.0008,0.0000,0,0,0.0000,0,0.0000,0,0,0,697,0
891,2.8173,10.4181,0.0007,0.0000,0,0,0.0000,0,0.0000,0,0,0,697,0
892,5.1307,5.6760,0.0008,0.0000,0,0,0.0000,0,0.0000,0,0,0,602,0
893,2.8064,5.6441,0.0008,0.0000,0,0,0.0000,0,0.0000,0,0,0,602,0
894,2.7329,10.4329,0.0008,0.0000,0,0,0.0000,0,0.0000,0,0,0,697,0
895,2.8173,10.3915,0.0008,0.0000,0,0,0.0000,0,0.0000,0,0,0,697,0
896,5.1307,5.6601,0.0009,0.0000,0,0,0.0000,0,0.0000,0,0,0,602,0
897,2.8064,5.5473,0.0008,0.0000,0,0,0.0000,0,0.0000,0,0,0,602,0
898,2.7329,10.3905,0.0008,0.0000,0,0,0.0000,0,0.0000,0,0,0,697,0
899,2.8173,10.3964,0.0008,0.0000,0,0,0.0000,0,0.0000,0,0,0,697,0
900,5.1307,5.6474,0.0009,0.0000,0,0,0.0000,0,0.0000,0,0,0,602,0
901,2.8064,5.5368,0.0018,0.0000,0,0,0.0000,0,0.0000,0,0,0,602,0
902,2.7329,10.4245,0.0011,0.0000,0,0,0.0000,0,0.0000,0,0,0,697,0
903,2.8173,10.3553,0.0006,0.0000,0,0,0.0000,0,0.0000,0,0,0,697,0
904,5.1307,5.6417,0.0010,0.0000,0,0,0.0000,0,0.0000,0,0,0,602,0
905,2.8064,5.5121,0.0011,0.0000,0,0,0.0000,0,0.0000,0,0,0,602,0
906,2.7329,10.3001,0.0010,0.0000,0,0,0.0000,0,0.0000,0,0,0,697,0
907,2.8173,10.2812,0.0010,0.0000,0,0,0.0000,0,0.0000,0,0,0,697,0
908,5.1307,5.6660,0.0015,0.0000,0,0,0.0000,0,0.0000,0,0,0,602,0
909,2.8064,5.5267,0.0012,0.0000,0,0,0.0000,0,0.0000,0,0,0,602,0
910,2.7329,10.3385,0.0013,0.0000,0,0,0.0000,0,0.0000,0,0,0,697,0
911,2.8173,10.2824,0.0009,0.0000,0,0,0.0000,0,0.0000,0,0,0,697,0
912,5.1307,5.6795,0.0012,0.0000,0,0,0.0000,0,0.0000,0,0,0,602,0
913,2.8064,5.5976,0.0010,0.0000,0,0,0.0000,0,0.0000,0,0,0,602,0
914,2.7329,10.2496,0.0010,0.0000,0,0,0.0000,0,0.0000,0,0,0,697,0
915,2.8173,10.2189,0.0010,0.0000,0,0,0.0000,0,0.0000,0,0,0,697,0
916,5.1307,5.7349,0.0016,0.0000,0,0,0.0000,0,0.0000,0,0,0,602,0
917,2.8064,5.6005,0.0016,0.0000,0,0,0.0000,0,0.0000,0,0,0,602,0
918,2.7329,10.2724,0.0013,0.0000,0,0,0.0000,0,0.0000,0,0,0,697,0
919,2.8173,10.2200,0.0013,0.0000,0,0,0.0000,0,0.0000,0,0,0,697,0
920,5.1307,5.7429,0.0012,0.0000,0,0,0.0000,0,0.0000,0,0,0,602,0
921,2.8064,5.5689,0.0014,0.0000,0,0,0.0000,0,0.0000,0,0,0,602,0
922,2.7329,10.2615,0.0014,0.0000,0,0,0.0000,0,0.0000,0,0,0,697,0
923,2.8173,10.2038,0.0011,0.0000,0,0,0.0000,0,0.0000,0,0,0,697,0
924,5.1307,5.9919,0.0065,0.0000,0,0,0.0000,0,0.0000,0,0,0,602,0
925,2.8064,5.6803,0.0065,0.0000,0,0,0.0000,0,0.0000,0,0,0,602,0
926,2.7329,10.3175,0.0043,0.0000,0,0,0.0000,0,0.0000,0,0,0,697,0
927,2.8173,10.1803,0.0015,0.0000,0,0,0.0000,0,0.0000,0,0,0,697,0
928,5.1307,6.3857,0.0087,0.0000,0,0,0.0000,0,0.0000,0,0,0,602,0
929,2.8064,5.9222,0.0020,0.0000,0,0,0.0000,0,0.0000,0,0,0,602,0
930,2.7329,9.2897,0.0027,0.0000,0,0,0.0000,0,0.0000,0,0,0,697,0
931,2.8173,9.8313,0.0025,0.0000,0,0,0.0000,0,0.0000,0,0,0,697,0
932,5.1307,6.1503,0.0061,0.0000,0,0,0.0000,0,0.0000,0,0,0,602,0
933,2.8064,5.7553,0.0017,0.0000,0,0,0.0000,0,0.0000,0,0,0,602,0
934,2.7329,9.8614,0.0051,0.0000,0,0,0.0000,0,0.0000,0,0,0,697,0
935,2.8173,9.7025,0.0026,0.0000,0,0,0.0000,0,0.0000,0,0,0,697,0
936,5.1307,6.4725,0.0067,0.0000,0,0,0.0000,0,0.0000,0,0,0,602,0
937,2.8064,5.7972,0.0021,0.0000,0,0,0.0000,0,0.0000,0,0,0,602,0
938,2.7329,10.4169,0.0055,0.0000,0,0,0.0000,0,0.0000,0,0,0,697,0
939,2.8173,10.0388,0.0024,0.0000,0,0,0.0000,0,0.0000,0,0,0,697,0
940,5.1307,6.4059,0.0069,0.0000,0,0,0.0000,0,0.0000,0,0,0,602,0
941,2.8064,5.6469,0.0015,0.0000,0,0,0.0000,0,0.0000,0,0,0,602,0
942,2.7329,10.3580,0.0048,0.0000,0,0,0.0000,0,0.0000,0,0,0,697,0
943,2.8173,9.9659,0.0017,0.0000,0,0,0.0000,0,0.0000,0,0,0,697,0
944,5.1307,6.8504,0.0089,0.0000,0,0,0.0000,0,0.0000,0,0,0,602,0
945,2.8064,5.7973,0.0024,0.0000,0,0,0.0000,0,0.0000,0,0,0,602,0
946,2.7329,9.4720,0.0013,0.0000,0,0,0.0000,0,0.0000,0,0,0,697,0
947,2.8173,9.4440,0.0014,0.0000,0,0,0.0000,0,0.0000,0,0,0,697,0
948,5.1307,6.1387,0.0060,0.0000,0,0,0.0000,0,0.0000,0,0,0,602,0
949,2.8064,5.7239,0.0031,0.0000,0,0,0.0000,0,0.0000,0,0,0,602,0
950,2.7329,10.6233,0.0046,0.0000,0,0,0.0000,0,0.0000,0,0,0,697,0
951,2.8173,10.6071,0.0029,0.0000,0,0,0.0000,0,0.0000,0,0,0,697,0
952,5.1307,5.8533,0.0025,0.0000,0,0,0.0000,0,0.0000,0,0,0,602,0
953,2.8064,5.5118,0.0007,0.0000,0,0,0.0000,0,0.0000,0,0,0,602,0
954,2.7329,9.5261,0.0014,0.0000,0,0,0.0000,0,0.0000,0,0,0,697,0
955,2.8173,9.5427,0.0011,0.0000,0,0,0.0000,0,0.0000,0,0,0,697,0
956,5.1307,6.0943,0.0053,0.0000,0,0,0.0000,0,0.0000,0,0,0,602,0
957,2.8064,5.6182,0.0015,0.0000,0,0,0.0000,0,0.0000,0,0,0,602,0
958,2.7329,10.2760,0.0057,0.0000,0,0,0.0000,0,0.0000,0,0,0,697,0
959,2.8173,10.1282,0.0028,0.0000,0,0,0.0000,0,0.0000,0,0,0,697,0
960,5.1307,5.9589,0.0022,0.0000,0,0,0.0000,0,0.0000,0,0,0,602,0
961,2.8064,5.7600,0.0026,0.0000,0,0,0.0000,0,0.0000,0,0,0,602,0
962,2.7329,8.6709,0.0020,0.0000,0,0,0.0000,0,0.0000,0,0,0,697,0
963,2.8173,7.7812,0.0017,0.0000,0,0,0.0000,0,0.0000,0,0,0,697,0
964,5.1307,6.1491,0.0051,0.0000,0,0,0.0000,0,0.0000,0,0,0,602,0
965,2.8064,5.6972,0.0017,0.0000,0,0,0.0000,0,0.0000,0,0,0,602,0
966,2.7329,8.9557,0.0047,0.0000,0,0,0.0000,0,0.0000,0,0,0,697,0
967,2.8173,8.7308,0.0014,0.0000,0,0,0.0000,0,0.0000,0,0,0,697,0
968,5.1307,6.1186,0.0043,0.0000,0,0,0.0000,0,0.0000,0,0,0,602,0
969,2.8064,5.7019,0.0018,0.0000,0,0,0.0000,0,0.0000,0,0,0,602,0
970,2.7329,10.3969,0.0211,0.0000,0,0,0.0000,0,0.0000,0,0,0,697,0
971,2.8173,10.4070,0.0024,0.0000,0,0,0.0000,0,0.0000,0,0,0,697,0
972,5.1307,8.3493,0.0052,0.0000,0,0,0.0000,0,0.0000,0,0,0,602,0
973,2.8064,6.0356,0.0052,0.0000,0,0,0.0000,0,0.0000,0,0,0,602,0
974,2.7329,8.3198,0.0038,0.0000,0,0,0.0000,0,0.0000,0,0,0,697,0
975,2.8173,7.8170,0.0038,0.0000,0,0,0.0000,0,0.0000,0,0,0,697,0
976,5.1307,8.1406,0.0053,0.0000,0,0,0.0000,0,0.0000,0,0,0,602,0
977,2.8064,5.8136,0.0026,0.0000,0,0,0.0000,0,0.0000,0,0,0,602,0
978,2.7329,10.2799,0.0117,0.0000,0,0,0.0000,0,0.0000,0,0,0,697,0
979,2.8173,10.3775,0.0031,0.0000,0,0,0.0000,0,0.0000,0,0,0,697,0
980,5.1307,6.0828,0.0044,0.0000,0,0,0.0000,0,0.0000,0,0,0,602,0
981,2.8064,5.7781,0.0016,0.0000,0,0,0.0000,0,0.0000,0,0,0,602,0
982,2.7329,10.9052,0.0050,0.0000,0,0,0.0000,0,0.0000,0,0,0,697,0
983,2.8173,10.7725,0.0017,0.0000,0,0,0.0000,0,0.0000,0,0,0,697,0
984,5.1307,5.9984,0.0049,0.0000,0,0,0.0000,0,0.0000,0,0,0,602,0
985,2.8064,5.6115,0.0013,0.0000,0,0,0.0000,0,0.0000,0,0,0,602,0
986,2.7329,10.3859,0.0060,0.0000,0,0,0.0000,0,0.0000,0,0,0,697,0
987,2.8173,10.2211,0.0034,0.0000,0,0,0.0000,0,0.0000,0,0,0,697,0
988,5.1307,6.4043,0.0053,0.0000,0,0,0.0000,0,0.0000,0,0,0,602,0
989,2.8064,5.7867,0.0020,0.0000,0,0,0.0000,0,0.0000,0,0,0,602,0
990,2.7329,7.5652,0.0008,0.0000,0,0,0.0000,0,0.0000,0,0,0,697,0
991,2.8173,7.6321,0.0008,0.0000,0,0,0.0000,0,0.0000,0,0,0,697,0
992,5.1307,6.2895,0.0061,0.0000,0,0,0.0000,0,0.0000,0,0,0,602,0
993,2.8064,5.7407,0.0020,0.0000,0,0,0.0000,0,0.0000,0,0,0,602,0
994,2.7329,10.0392,0.0066,0.0000,0,0,0.0000,0,0.0000,0,0,0,697,0
995,2.8173,9.9162,0.0024,0.0000,0,0,0.0000,0,0.0000,0,0,0,697,0
996,5.1307,6.2609,0.0049,0.0000,0,0,0.0000,0,0.0000,0,0,0,602,0
997,2.8064,6.2146,0.0058,0.0000,0,0,0.0000,0,0.0000,0,0,0,602,0
998,2.7329,7.6769,0.0047,0.0000,0,0,0.0000,0,0.0000,0,0,0,697,0
999,2.8173,9.9534,0.0057,0.0000,0,0,0.0000,0,0.0000,0,0,0,697,0
1000,5.1307,6.2784,0.0026,0.0000,0,0,0.0000,0,0.0000,0,0,0,602,0
1001,2.8064,5.8204,0.0053,0.0000,0,0,0.0000,0,0.0000,0,0,0,602,0
1002,2.7329,9.8195,0.0045,0.0000,0,0,0.0000,0,0.0000,0,0,0,697,0
1003,2.8173,7.3667,0.0012,0.0000,0,0,0.0000,0,0.0000,0,0,0,697,0
1004,5.1307,6.2744,0.0052,0.0000,0,0,0.0000,0,0.0000,0,0,0,602,0
1005,2.8064,6.1175,0.0028,0.0000,0,0,0.0000,0,0.0000,0,0,0,602,0
1006,2.7329,8.3680,0.0037,0.0000,0,0,0.0000,0,0.0000,0,0,0,697,0
1007,2.8173,10.0324,0.0038,0.0000,0,0,0.0000,0,0.0000,0,0,0,697,0
1008,5.1307,6.1365,0.0020,0.0000,0,0,0.0000,0,0.0000,0,0,0,602,0
1009,2.8064,6.4106,0.0053,0.0000,0,0,0.0000,0,0.0000,0,0,0,602,0
1010,2.7329,9.7906,0.0043,0.0000,0,0,0.0000,0,0.0000,0,0,0,697,0
1011,2.8173,8.1031,0.0013,0.0000,0,0,0.0000,0,0.0000,0,0,0,697,0
1012,5.1307,6.0287,0.0022,0.0000,0,0,0.0000,0,0.0000,0,0,0,602,0
1013,2.8064,5.6095,0.0011,0.0000,0,0,0.0000,0,0.0000,0,0,0,602,0
1014,2.7329,10.2424,0.0015,0.0000,0,0,0.0000,0,0.0000,0,0,0,697,0
1015,2.8173,7.6180,0.0009,0.0000,0,0,0.0000,0,0.0000,0,0,0,697,0
1016,5.1307,6.1283,0.0011,0.0000,0,0,0.0000,0,0.0000,0,0,0,602,0
1017,2.8064,5.9943,0.0016,0.0000,0,0,0.0000,0,0.0000,0,0,0,602,0
1018,2.7329,8.1530,0.0018,0.0000,0,0,0.0000,0,0.0000,0,0,0,697,0
1019,2.8173,10.2196,0.0016,0.0000,0,0,0.0000,0,0.0000,0,0,0,697,0
1020,5.1307,6.2601,0.0021,0.0000,0,0,0.0000,0,0.0000,0,0,0,602,0
1021,2.8064,5.7555,0.0060,0.0000,0,0,0.0000,0,0.0000,0,0,0,602,0
1022,2.7329,10.7880,0.0058,0.0000,0,0,0.0000,0,0.0000,0,0,0,697,0
1023,2.8173,10.8780,0.0029,0.0000,0,0,0.0000,0,0.0000,0,0,0,697,0
1024,5.1307,6.2212,0.0015,0.0000,0,0,0.0000,0,0.0000,0,0,0,602,0
1025,2.8064,6.8465,0.0011,0.0000,0,0,0.0000,0,0.0000,0,0,0,602,0
1026,2.7329,6.9665,0.0010,0.0000,0,0,0.0000,0,0.0000,0,0,0,697,0
1027,2.8173,9.9212,0.0013,0.0000,0,0,0.0000,0,0.0000,0,0,0,697,0
1028,5.1307,5.6807,0.0024,0.0000,0,0,0.0000,0,0.0000,0,0,0,602,0
1029,2.8064,5.5577,0.0019,0.0000,0,0,0.0000,0,0.0000,0,0,0,602,0
1030,2.7329,10.4057,0.0060,0.0000,0,0,0.0000,0,0.0000,0,0,0,697,0
1031,2.8173,10.2440,0.0060,0.0000,0,0,0.0000,0,0.0000,0,0,0,697,0
1032,5.1307,6.1852,0.0028,0.0000,0,0,0.0000,0,0.0000,0,0,0,602,0
1033,2.8064,6.0308,0.0011,0.0000,0,0,0.0000,0,0.0000,0,0,0,602,0
1034,2.7329,7.4455,0.0011,0.0000,0,0,0.0000,0,0.0000,0,0,0,697,0
1035,2.8173,10.0370,0.0012,0.0000,0,0,0.0000,0,0.0000,0,0,0,697,0
1036,5.1307,5.6999,0.0017,0.0000,0,0,0.0000,0,0.0000,0,0,0,602,0
1037,2.8064,5.5548,0.0015,0.0000,0,0,0.0000,0,0.0000,0,0,0,602,0
1038,2.7329,10.3083,0.0017,0.0000,0,0,0.0000,0,0.0000,0,0,0,697,0
1039,2.8173,10.1872,0.0010,0.0000,0,0,0.0000,0,0.0000,0,0,0,697,0
1040,5.1307,6.2516,0.0074,0.0000,0,0,0.0000,0,0.0000,0,0,0,602,0
1041,2.8064,5.7729,0.0024,0.0000,0,0,0.0000,0,0.0000,0,0,0,602,0
1042,2.7329,9.9472,0.0045,0.0000,0,0,0.0000,0,0.0000,0,0,0,697,0
1043,2.8173,9.9841,0.0028,0.0000,0,0,0.0000,0,0.0000,0,0,0,697,0
1044,5.1307,6.4495,0.0082,0.0000,0,0,0.0000,0,0.0000,0,0,0,602,0
1045,2.8064,5.8726,0.0025,0.0000,0,0,0.0000,0,0.0000,0,0,0,602,0
1046,2.7329,10.0876,0.0044,0.0000,0,0,0.0000,0,0.0000,0,0,0,697,0
1047,2.8173,9.9567,0.0030,0.0000,0,0,0.0000,0,0.0000,0,0,0,697,0
1048,5.1307,6.3877,0.0066,0.0000,0,0,0.0000,0,0.0000,0,0,0,602,0
1049,2.8064,6.6705,0.0025,0.0000,0,0,0.0000,0,0.0000,0,0,0,602,0
1050,2.7329,10.1983,0.0033,0.0000,0,0,0.0000,0,0.0000,0,0,0,697,0
1051,2.8173,9.9582,0.0017,0.0000,0,0,0.0000,0,0.0000,0,0,0,697,0
1052,5.1307,6.2330,0.0021,0.0000,0,0,0.0000,0,0.0000,0,0,0,602,0
1053,2.8064,5.7823,0.0024,0.0000,0,0,0.0000,0,0.0000,0,0,0,602,0
1054,2.7329,9.4553,0.0018,0.0000,0,0,0.0000,0,0.0000,0,0,0,697,0
1055,2.8173,9.2056,0.0015,0.0000,0,0,0.0000,0,0.0000,0,0,0,697,0
1056,5.1307,6.3336,0.0062,0.0000,0,0,0.0000,0,0.0000,0,0,0,602,0
1057,2.8064,5.7254,0.0018,0.0000,0,0,0.0000,0,0.0000,0,0,0,602,0
1058,2.7329,10.2971,0.0061,0.0000,0,0,0.0000,0,0.0000,0,0,0,697,0
1059,2.8173,10.0917,0.0031,0.0000,0,0,0.0000,0,0.0000,0,0,0,697,0
1060,5.1307,6.4311,0.0067,0.0000,0,0,0.0000,0,0.0000,0,0,0,602,0
1061,2.8064,5.8947,0.0030,0.0000,0,0,0.0000,0,0.0000,0,0,0,602,0
1062,2.7329,9.6896,0.0036,0.0000,0,0,0.0000,0,0.0000,0,0,0,697,0
1063,2.8173,9.5817,0.0025,0.0000,0,0,0.0000,0,0.0000,0,0,0,697,0
1064,5.1307,6.2065,0.0053,0.0000,0,0,0.0000,0,0.0000,0,0,0,602,0
1065,2.8064,5.8655,0.0015,0.0000,0,0,0.0000,0,0.0000,0,0,0,602,0
1066,2.7329,8.9643,0.0022,0.0000,0,0,0.0000,0,0.0000,0,0,0,697,0
1067,2.8173,9.1118,0.0018,0.0000,0,0,0.0000,0,0.0000,0,0,0,697,0
1068,5.1307,6.0638,0.0067,0.0000,0,0,0.0000,0,0.0000,0,0,0,602,0
1069,2.8064,5.7759,0.0018,0.0000,0,0,0.0000,0,0.0000,0,0,0,602,0
1070,2.7329,10.6341,0.0071,0.0000,0,0,0.0000,0,0.0000,0,0,0,697,0
1071,2.8173,10.2238,0.0032,0.0000,0,0,0.0000,0,0.0000,0,0,0,697,0
1072,5.1307,6.7932,0.0065,0.0000,0,0,0.0000,0,0.0000,0,0,0,602,0
1073,2.8064,5.8082,0.0025,0.0000,0,0,0.0000,0,0.0000,0,0,0,602,0
1074,2.7329,9.5222,0.0040,0.0000,0,0,0.0000,0,0.0000,0,0,0,697,0
1075,2.8173,9.5986,0.0031,0.0000,0,0,0.0000,0,0.0000,0,0,0,697,0
1076,5.1307,6.1416,0.0026,0.0000,0,0,0.0000,0,0.0000,0,0,0,602,0
1077,2.8064,5.5877,0.0020,0.0000,0,0,0.0000,0,0.0000,0,0,0,602,0
1078,2.7329,10.0864,0.0018,0.0000,0,0,0.0000,0,0.0000,0,0,0,697,0
1079,2.8173,9.7305,0.0012,0.0000,0,0,0.0000,0,0.0000,0,0,0,697,0
1080,5.1307,6.1333,0.0052,0.0000,0,0,0.0000,0,0.0000,0,0,0,602,0
1081,2.8064,5.6841,0.0012,0.0000,0,0,0.0000,0,0.0000,0,0,0,602,0
1082,2.7329,10.3562,0.0008,0.0000,0,0,0.0000,0,0.0000,0,0,0,697,0
1083,2.8173,10.2726,0.0015,0.0000,0,0,0.0000,0,0.0000,0,0,0,697,0
1084,5.1307,5.7649,0.0024,0.0000,0,0,0.0000,0,0.0000,0,0,0,602,0
1085,2.8064,5.5045,0.0005,0.0000,0,0,0.0000,0,0.0000,0,0,0,602,0
1086,2.7329,10.1917,0.0014,0.0000,0,0,0.0000,0,0.0000,0,0,0,697,0
1087,2.8173,10.1451,0.0008,0.0000,0,0,0.0000,0,0.0000,0,0,0,697,0
1088,5.1307,5.7446,0.0010,0.0000,0,0,0.0000,0,0.0000,0,0,0,602,0
1089,2.8064,5.5792,0.0008,0.0000,0,0,0.0000,0,0.0000,0,0,0,602,0
1090,2.7329,10.3679,0.0009,0.0000,0,0,0.0000,0,0.0000,0,0,0,697,0
1091,2.8173,10.3709,0.0005,0.0000,0,0,0.0000,0,0.0000,0,0,0,697,0
1092,5.1307,5.6198,0.0008,0.0000,0,0,0.0000,0,0.0000,0,0,0,602,0
1093,2.8064,5.4722,0.0005,0.0000,0,0,0.0000,0,0.0000,0,0,0,602,0
1094,2.7329,10.3584,0.0007,0.0000,0,0,0.0000,0,0.0000,0,0,0,697,0
1095,2.8173,10.2691,0.0010,0.0000,0,0,0.0000,0,0.0000,0,0,0,697,0
1096,5.1307,5.6590,0.0011,0.0000,0,0,0.0000,0,0.0000,0,0,0,602,0
1097,2.8064,5.5356,0.0006,0.0000,0,0,0.0000,0,0.0000,0,0,0,602,0
1098,2.7329,10.3106,0.0008,0.0000,0,0,0.0000,0,0.0000,0,0,0,697,0
1099,2.8173,10.3080,0.0008,0.0000,0,0,0.0000,0,0.0000,0,0,0,697,0
1100,5.1307,5.7701,0.0013,0.0000,0,0,0.0000,0,0.0000,0,0,0,602,0
1101,2.8064,5.6008,0.0009,0.0000,0,0,0.0000,0,0.0000,0,0,0,602,0
1102,2.7329,10.3248,0.0010,0.0000,0,0,0.0000,0,0.0000,0,0,0,697,0
1103,2.8173,10.3069,0.0013,0.0000,0,0,0.0000,0,0.0000,0,0,0,697,0
1104,5.1307,5.7216,0.0010,0.0000,0,0,0.0000,0,0.0000,0,0,0,602,0
1105,2.8064,5.5456,0.0008,0.0000,0,0,0.0000,0,0.0000,0,0,0,602,0
1106,2.7329,10.2580,0.0010,0.0000,0,0,0.0000,0,0.0000,0,0,0,697,0
1107,2.8173,10.2277,0.0010,0.0000,0,0,0.0000,0,0.0000,0,0,0,697,0
1108,5.1307,5.7362,0.0010,0.0000,0,0,0.0000,0,0.0000,0,0,0,602,0
1109,2.8064,5.5525,0.0012,0.0000,0,0,0.0000,0,0.0000,0,0,0,602,0
1110,2.7329,10.2758,0.0013,0.0000,0,0,0.0000,0,0.0000,0,0,0,697,0
1111,2.8173,10.2535,0.0010,0.0000,0,0,0.0000,0,0.0000,0,0,0,697,0
1112,5.1307,5.9100,0.0050,0.0000,0,0,0.0000,0,0.0000,0,0,0,602,0
1113,2.8064,5.6713,0.0045,0.0000,0,0,0.0000,0,0.0000,0,0,0,602,0
1114,2.7329,10.5642,0.0020,0.0000,0,0,0.0000,0,0.0000,0,0,0,697,0
1115,2.8173,10.4608,0.0008,0.0000,0,0,0.0000,0,0.0000,0,0,0,697,0
1116,5.1307,6.0120,0.0018,0.0000,0,0,0.0000,0,0.0000,0,0,0,602,0
1117,2.8064,5.6849,0.0011,0.0000,0,0,0.0000,0,0.0000,0,0,0,602,0
1118,2.7329,10.4277,0.0012,0.0000,0,0,0.0000,0,0.0000,0,0,0,697,0
1119,2.8173,10.3772,0.0010,0.0000,0,0,0.0000,0,0.0000,0,0,0,697,0
1120,5.1307,5.8083,0.0012,0.0000,0,0,0.0000,0,0.0000,0,0,0,602,0
1121,2.8064,5.5941,0.0013,0.0000,0,0,0.0000,0,0.0000,0,0,0,602,0
1122,2.7329,10.4912,0.0015,0.0000,0,0,0.0000,0,0.0000,0,0,0,697,0
1123,2.8173,10.4807,0.0014,0.0000,0,0,0.0000,0,0.0000,0,0,0,697,0
1124,5.1307,5.7885,0.0018,0.0000,0,0,0.0000,0,0.0000,0,0,0,602,0
1125,2.8064,5.5903,0.0015,0.0000,0,0,0.0000,0,0.0000,0,0,0,602,0
1126,2.7329,10.2873,0.0019,0.0000,0,0,0.0000,0,0.0000,0,0,0,697,0
1127,2.8173,10.2464,0.0012,0.0000,0,0,0.0000,0,0.0000,0,0,0,697,0
1128,5.1307,5.9929,0.0070,0.0000,0,0,0.0000,0,0.0000,0,0,0,602,0
1129,2.8064,5.7880,0.0070,0.0000,0,0,0.0000,0,0.0000,0,0,0,602,0
1130,2.7329,10.5032,0.0033,0.0000,0,0,0.0000,0,0.0000,0,0,0,697,0
1131,2.8173,10.4652,0.0017,0.0000,0,0,0.0000,0,0.0000,0,0,0,697,0
1132,5.1307,6.4272,0.0053,0.0000,0,0,0.0000,0,0.0000,0,0,0,602,0
1133,2.8064,5.7720,0.0015,0.0000,0,0,0.0000,0,0.0000,0,0,0,602,0
1134,2.7329,10.5954,0.0075,0.0000,0,0,0.0000,0,0.0000,0,0,0,697,0
1135,2.8173,10.2508,0.0033,0.0000,0,0,0.0000,0,0.0000,0,0,0,697,0
1136,5.1307,6.1117,0.0018,0.0000,0,0,0.0000,0,0.0000,0,0,0,602,0
1137,2.8064,5.7258,0.0091,0.0000,0,0,0.0000,0,0.0000,0,0,0,602,0
1138,2.7329,10.5149,0.0056,0.0000,0,0,0.0000,0,0.0000,0,0,0,697,0
1139,2.8173,10.3185,0.0022,0.0000,0,0,0.0000,0,0.0000,0,0,0,697,0
1140,5.1307,6.5445,0.0052,0.0000,0,0,0.0000,0,0.0000,0,0,0,602,0
1141,2.8064,5.9440,0.0025,0.0000,0,0,0.0000,0,0.0000,0,0,0,602,0
1142,2.7329,9.7512,0.0054,0.0000,0,0,0.0000,0,0.0000,0,0,0,697,0
1143,2.8173,9.8449,0.0033,0.0000,0,0,0.0000,0,0.0000,0,0,0,697,0
1144,5.1307,6.2202,0.0058,0.0000,0,0,0.0000,0,0.0000,0,0,0,602,0
1145,2.8064,5.7816,0.0024,0.0000,0,0,0.0000,0,0.0000,0,0,0,602,0
1146,2.7329,9.9932,0.0052,0.0000,0,0,0.0000,0,0.0000,0,0,0,697,0
1147,2.8173,9.9743,0.0030,0.0000,0,0,0.0000,0,0.0000,0,0,0,697,0
1148,5.1307,7.3719,0.0068,0.0000,0,0,0.0000,0,0.0000,0,0,0,602,0
1149,2.8064,5.7619,0.0018,0.0000,0,0,0.0000,0,0.0000,0,0,0,602,0
1150,2.7329,10.0103,0.0029,0.0000,0,0,0.0000,0,0.0000,0,0,0,697,0
1151,2.8173,10.2159,0.0026,0.0000,0,0,0.0000,0,0.0000,0,0,0,697,0
1152,5.1307,6.1751,0.0045,0.0000,0,0,0.0000,0,0.0000,0,0,0,602,0
1153,2.8064,5.7578,0.0019,0.0000,0,0,0.0000,0,0.0000,0,0,0,602,0
1154,2.7329,9.5132,0.0032,0.0000,0,0,0.0000,0,0.0000,0,0,0,697,0
1155,2.8173,9.0895,0.0027,0.0000,0,0,0.0000,0,0.0000,0,0,0,697,0
1156,5.1307,6.4616,0.0063,0.0000,0,0,0.0000,0,0.0000,0,0,0,602,0
1157,2.8064,5.8209,0.0015,0.0000,0,0,0.0000,0,0.0000,0,0,0,602,0
1158,2.7329,9.7532,0.0028,0.0000,0,0,0.0000,0,0.0000,0,0,0,697,0
1159,2.8173,9.9428,0.0027,0.0000,0,0,0.0000,0,0.0000,0,0,0,697,0
1160,5.1307,6.6652,0.0079,0.0000,0,0,0.0000,0,0.0000,0,0,0,602,0
1161,2.8064,5.9467,0.0027,0.0000,0,0,0.0000,0,0.0000,0,0,0,602,0
1162,2.7329,9.4462,0.0040,0.0000,0,0,0.0000,0,0.0000,0,0,0,697,0
1163,2.8173,9.7453,0.0028,0.0000,0,0,0.0000,0,0.0000,0,0,0,697,0
1164,5.1307,6.2676,0.0082,0.0000,0,0,0.0000,0,0.0000,0,0,0,602,0
1165,2.8064,5.9056,0.0039,0.0000,0,0,0.0000,0,0.0000,0,0,0,602,0
1166,2.7329,9.7013,0.0078,0.0000,0,0,0.0000,0,0.0000,0,0,0,697,0
1167,2.8173,9.6444,0.0030,0.0000,0,0,0.0000,0,0.0000,0,0,0,697,0
1168,5.1307,6.4154,0.0088,0.0000,0,0,0.0000,0,0.0000,0,0,0,602,0
1169,2.8064,5.9895,0.0028,0.0000,0,0,0.0000,0,0.0000,0,0,0,602,0
1170,2.7329,9.7954,0.0070,0.0000,0,0,0.0000,0,0.0000,0,0,0,697,0
1171,2.8173,9.8179,0.0042,0.0000,0,0,0.0000,0,0.0000,0,0,0,697,0
1172,5.1307,6.2546,0.0064,0.0000,0,0,0.0000,0,0.0000,0,0,0,602,0
1173,2.8064,5.9912,0.0018,0.0000,0,0,0.0000,0,0.0000,0,0,0,602,0
1174,2.7329,9.1065,0.0028,0.0000,0,0,0.0000,0,0.0000,0,0,0,697,0
1175,2.8173,9.2332,0.0029,0.0000,0,0,0.0000,0,0.0000,0,0,0,697,0
1176,5.1307,6.2131,0.0057,0.0000,0,0,0.0000,0,0.0000,0,0,0,602,0
1177,2.8064,5.7377,0.0018,0.0000,0,0,0.0000,0,0.0000,0,0,0,602,0
1178,2.7329,9.8407,0.0033,0.0000,0,0,0.0000,0,0.0000,0,0,0,697,0
1179,2.8173,9.7360,0.0024,0.0000,0,0,0.0000,0,0.0000,0,0,0,697,0
1180,5.1307,6.5617,0.0076,0.0000,0,0,0.0000,0,0.0000,0,0,0,602,0
1181,2.8064,5.8423,0.0027,0.0000,0,0,0.0000,0,0.0000,0,0,0,602,0
1182,2.7329,9.6257,0.0045,0.0000,0,0,0.0000,0,0.0000,0,0,0,697,0
1183,2.8173,9.8289,0.0028,0.0000,0,0,0.0000,0,0.0000,0,0,0,697,0
1184,5.1307,6.2220,0.0029,0.0000,0,0,0.0000,0,0.0000,0,0,0,602,0
1185,2.8064,5.6921,0.0015,0.0000,0,0,0.0000,0,0.0000,0,0,0,602,0
1186,2.7329,10.0882,0.0074,0.0000,0,0,0.0000,0,0.0000,0,0,0,697,0
1187,2.8173,9.6167,0.0015,0.0000,0,0,0.0000,0,0.0000,0,0,0,697,0
1188,5.1307,6.3453,0.0083,0.0000,0,0,0.0000,0,0.0000,0,0,0,602,0
1189,2.8064,5.8114,0.0015,0.0000,0,0,0.0000,0,0.0000,0,0,0,602,0
1190,2.7329,9.6262,0.0034,0.0000,0,0,0.0000,0,0.0000,0,0,0,697,0
1191,2.8173,9.5485,0.0027,0.0000,0,0,0.0000,0,0.0000,0,0,0,697,0
1192,5.1307,6.3066,0.0065,0.0000,0,0,0.0000,0,0.0000,0,0,0,602,0
1193,2.8064,6.2521,0.0024,0.0000,0,0,0.0000,0,0.0000,0,0,0,602,0
1194,2.7329,9.2475,0.0031,0.0000,0,0,0.0000,0,0.0000,0,0,0,697,0
1195,2.8173,9.7532,0.0032,0.0000,0,0,0.0000,0,0.0000,0,0,0,697,0
1196,5.1307,6.4120,0.0060,0.0000,0,0,0.0000,0,0.0000,0,0,0,602,0
1197,2.8064,5.7698,0.0023,0.0000,0,0,0.0000,0,0.0000,0,0,0,602,0
1198,2.7329,9.8517,0.0034,0.0000,0,0,0.0000,0,0.0000,0,0,0,697,0
1199,2.8173,9.6143,0.0013,0.0000,0,0,0.0000,0,0.0000,0,0,0,697,0
1200,5.1307,41.1191,0.0117,0.0000,0,0,0.0000,0,0.0000,0,1,0,66998,0
1201,2.8064,31.6098,0.0075,0.0000,0,0,0.0000,0,0.0000,0,1,0,45678,0
1202,2.7329,25.7209,0.0103,0.0000,0,0,0.0000,0,0.0000,0,1,0,73262,0
1203,2.8173,26.3080,0.0044,0.0000,0,0,0.0000,0,0.0000,0,1,0,68742,0
1204,5.1307,5.8565,0.0069,0.0000,0,0,0.0000,0,0.0000,0,0,0,18434,0
1205,2.8064,5.6859,0.0086,0.0000,0,0,0.0000,0,0.0000,0,0,0,13113,0
1206,2.7329,10.5245,0.0022,0.0000,0,0,0.0000,0,0.0000,0,0,0,23484,0
1207,2.8173,10.5310,0.0047,0.0000,0,0,0.0000,0,0.0000,0,0,0,20398,0
1208,5.1307,5.6510,0.0018,0.0000,0,0,0.0000,0,0.0000,0,0,0,19255,0
1209,2.8064,5.5542,0.0049,0.0000,0,0,0.0000,0,0.0000,0,0,0,14108,0
1210,2.7329,10.5704,0.0032,0.0000,0,0,0.0000,0,0.0000,0,0,0,18500,0
1211,2.8173,10.5940,0.0026,0.0000,0,0,0.0000,0,0.0000,0,0,0,19877,0
1212,5.1307,5.7975,0.0030,0.0000,0,0,0.0000,0,0.0000,0,0,0,28914,0
1213,2.8064,5.6364,0.0055,0.0000,0,0,0.0000,0,0.0000,0,0,0,20313,0
1214,2.7329,10.5306,0.0028,0.0000,0,0,0.0000,0,0.0000,0,0,0,25267,0
1215,2.8173,10.5260,0.0070,0.0000,0,0,0.0000,0,0.0000,0,0,0,25193,0
1216,5.1307,5.6707,0.0030,0.0000,0,0,0.0000,0,0.0000,0,0,0,31430,0
1217,2.8064,5.5355,0.0049,0.0000,0,0,0.0000,0,0.0000,0,0,0,20805,0
1218,2.7329,10.4531,0.0036,0.0000,0,0,0.0000,0,0.0000,0,0,0,27293,0
1219,2.8173,10.4665,0.0040,0.0000,0,0,0.0000,0,0.0000,0,0,0,30502,0
1220,5.1307,5.6578,0.0031,0.0000,0,0,0.0000,0,0.0000,0,0,0,32483,0
1221,2.8064,5.5600,0.0103,0.0000,0,0,0.0000,0,0.0000,0,0,0,19061,0
1222,2.7329,10.4792,0.0027,0.0000,0,0,0.0000,0,0.0000,0,0,0,32440,0
1223,2.8173,10.4749,0.0184,0.0000,0,0,0.0000,0,0.0000,0,0,0,33882,0
1224,5.1307,5.6269,0.0019,0.0000,0,0,0.0000,0,0.0000,0,0,0,16713,0
1225,2.8064,5.5322,0.0053,0.0000,0,0,0.0000,0,0.0000,0,0,0,8368,0
1226,2.7329,10.4484,0.0024,0.0000,0,0,0.0000,0,0.0000,0,0,0,18870,0
1227,2.8173,10.3709,0.0022,0.0000,0,0,0.0000,0,0.0000,0,0,0,9142,0
1228,5.1307,5.6621,0.0023,0.0000,0,0,0.0000,0,0.0000,0,0,0,7940,0
1229,2.8064,5.5429,0.0015,0.0000,0,0,0.0000,0,0.0000,0,0,0,5218,0
1230,2.7329,10.4591,0.0016,0.0000,0,0,0.0000,0,0.0000,0,0,0,8197,0
1231,2.8173,10.4274,0.0015,0.0000,0,0,0.0000,0,0.0000,0,0,0,6004,0
1232,5.1307,5.6042,0.0015,0.0000,0,0,0.0000,0,0.0000,0,0,0,5653,0
1233,2.8064,5.5345,0.0012,0.0000,0,0,0.0000,0,0.0000,0,0,0,3709,0
1234,2.7329,10.3762,0.0015,0.0000,0,0,0.0000,0,0.0000,0,0,0,5775,0
1235,2.8173,10.3412,0.0017,0.0000,0,0,0.0000,0,0.0000,0,0,0,5323,0
1236,5.1307,5.7570,0.0023,0.0000,0,0,0.0000,0,0.0000,0,0,0,4964,0
1237,2.8064,5.5576,0.0014,0.0000,0,0,0.0000,0,0.0000,0,0,0,3416,0
1238,2.7329,10.4895,0.0016,0.0000,0,0,0.0000,0,0.0000,0,0,0,5643,0
1239,2.8173,10.4522,0.0019,0.0000,0,0,0.0000,0,0.0000,0,0,0,4829,0
1240,5.1307,5.8582,0.0029,0.0000,0,0,0.0000,0,0.0000,0,0,0,3747,0
1241,2.8064,5.6482,0.0017,0.0000,0,0,0.0000,0,0.0000,0,0,0,2150,0
1242,2.7329,10.5653,0.0017,0.0000,0,0,0.0000,0,0.0000,0,0,0,1507,0
1243,2.8173,10.5283,0.0020,0.0000,0,0,0.0000,0,0.0000,0,0,0,4596,0
1244,5.1307,5.8637,0.0015,0.0000,0,0,0.0000,0,0.0000,0,0,0,2534,0
1245,2.8064,5.6360,0.0014,0.0000,0,0,0.0000,0,0.0000,0,0,0,1591,0
1246,2.7329,10.5448,0.0018,0.0000,0,0,0.0000,0,0.0000,0,0,0,1029,0
1247,2.8173,10.4933,0.0021,0.0000,0,0,0.0000,0,0.0000,0,0,0,3695,0
1248,5.1307,5.7543,0.0013,0.0000,0,0,0.0000,0,0.0000,0,0,0,2258,0
1249,2.8064,5.6381,0.0012,0.0000,0,0,0.0000,0,0.0000,0,0,0,1410,0
1250,2.7329,10.3780,0.0013,0.0000,0,0,0.0000,0,0.0000,0,0,0,1339,0
1251,2.8173,10.3265,0.0015,0.0000,0,0,0.0000,0,0.0000,0,0,0,2653,0
1252,5.1307,5.8782,0.0042,0.0000,0,0,0.0000,0,0.0000,0,0,0,2029,0
1253,2.8064,5.6643,0.0033,0.0000,0,0,0.0000,0,0.0000,0,0,0,659,0
1254,2.7329,10.4475,0.0018,0.0000,0,0,0.0000,0,0.0000,0,0,0,1632,0
1255,2.8173,10.3703,0.0017,0.0000,0,0,0.0000,0,0.0000,0,0,0,988,0
1256,5.1307,5.8213,0.0015,0.0000,0,0,0.0000,0,0.0000,0,0,0,1868,0
1257,2.8064,5.6100,0.0011,0.0000,0,0,0.0000,0,0.0000,0,0,0,602,0
1258,2.7329,10.4348,0.0028,0.0000,0,0,0.0000,0,0.0000,0,0,0,1745,0
1259,2.8173,10.3767,0.0018,0.0000,0,0,0.0000,0,0.0000,0,0,0,1047,0
1260,5.1307,5.9480,0.0021,0.0000,0,0,0.0000,0,0.0000,0,0,0,660,0
1261,2.8064,5.6930,0.0017,0.0000,0,0,0.0000,0,0.0000,0,0,0,602,0
1262,2.7329,10.6013,0.0017,0.0000,0,0,0.0000,0,0.0000,0,0,0,790,0
1263,2.8173,10.5295,0.0016,0.0000,0,0,0.0000,0,0.0000,0,0,0,1138,0
1264,5.1307,6.3651,0.0019,0.0000,0,0,0.0000,0,0.0000,0,0,0,602,0
1265,2.8064,5.8259,0.0031,0.0000,0,0,0.0000,0,0.0000,0,0,0,602,0
1266,2.7329,6.9809,0.0017,0.0000,0,0,0.0000,0,0.0000,0,0,0,697,0
1267,2.8173,10.4055,0.0015,0.0000,0,0,0.0000,0,0.0000,0,0,0,751,0
1268,5.1307,6.0992,0.0026,0.0000,0,0,0.0000,0,0.0000,0,0,0,602,0
1269,2.8064,5.6936,0.0015,0.0000,0,0,0.0000,0,0.0000,0,0,0,602,0
1270,2.7329,10.5459,0.0034,0.0000,0,0,0.0000,0,0.0000,0,0,0,697,0
1271,2.8173,10.3775,0.0014,0.0000,0,0,0.0000,0,0.0000,0,0,0,716,0
1272,5.1307,6.3115,0.0038,0.0000,0,0,0.0000,0,0.0000,0,0,0,602,0
1273,2.8064,5.7693,0.0022,0.0000,0,0,0.0000,0,0.0000,0,0,0,602,0
1274,2.7329,10.6321,0.0020,0.0000,0,0,0.0000,0,0.0000,0,0,0,697,0
1275,2.8173,10.5364,0.0018,0.0000,0,0,0.0000,0,0.0000,0,0,0,702,0
1276,5.1307,6.1036,0.0041,0.0000,0,0,0.0000,0,0.0000,0,0,0,602,0
1277,2.8064,5.6837,0.0012,0.0000,0,0,0.0000,0,0.0000,0,0,0,602,0
1278,2.7329,10.5904,0.0022,0.0000,0,0,0.0000,0,0.0000,0,0,0,697,0
1279,2.8173,10.4372,0.0007,0.0000,0,0,0.0000,0,0.0000,0,0,0,725,0
1280,5.1307,6.0361,0.0011,0.0000,0,0,0.0000,0,0.0000,0,0,0,602,0
1281,2.8064,5.6462,0.0016,0.0000,0,0,0.0000,0,0.0000,0,0,0,602,0
1282,2.7329,10.4657,0.0011,0.0000,0,0,0.0000,0,0.0000,0,0,0,749,0
1283,2.8173,10.4029,0.0009,0.0000,0,0,0.0000,0,0.0000,0,0,0,697,0
1284,5.1307,5.7529,0.0010,0.0000,0,0,0.0000,0,0.0000,0,0,0,602,0
1285,2.8064,5.5614,0.0013,0.0000,0,0,0.0000,0,0.0000,0,0,0,602,0
1286,2.7329,10.4458,0.0010,0.0000,0,0,0.0000,0,0.0000,0,0,0,697,0
1287,2.8173,10.4133,0.0014,0.0000,0,0,0.0000,0,0.0000,0,0,0,697,0
1288,5.1307,5.6979,0.0010,0.0000,0,0,0.0000,0,0.0000,0,0,0,602,0
1289,2.8064,5.5398,0.0009,0.0000,0,0,0.0000,0,0.0000,0,0,0,602,0
1290,2.7329,10.4307,0.0015,0.0000,0,0,0.0000,0,0.0000,0,0,0,697,0
1291,2.8173,10.4110,0.0014,0.0000,0,0,0.0000,0,0.0000,0,0,0,697,0
1292,5.1307,5.9161,0.0011,0.0000,0,0,0.0000,0,0.0000,0,0,0,602,0
1293,2.8064,5.6757,0.0008,0.0000,0,0,0.0000,0,0.0000,0,0,0,602,0
1294,2.7329,10.5679,0.0015,0.0000,0,0,0.0000,0,0.0000,0,0,0,697,0
1295,2.8173,10.4493,0.0015,0.0000,0,0,0.0000,0,0.0000,0,0,0,697,0
1296,5.1307,5.9182,0.0031,0.0000,0,0,0.0000,0,0.0000,0,0,0,602,0
1297,2.8064,5.6530,0.0031,0.0000,0,0,0.0000,0,0.0000,0,0,0,602,0
1298,2.7329,10.4874,0.0021,0.0000,0,0,0.0000,0,0.0000,0,0,0,697,0
1299,2.8173,10.4674,0.0012,0.0000,0,0,0.0000,0,0.0000,0,0,0,702,0
1300,5.1307,6.1237,0.0063,0.0000,0,0,0.0000,0,0.0000,0,0,0,602,0
1301,2.8064,5.7042,0.0046,0.0000,0,0,0.0000,0,0.0000,0,0,0,602,0
1302,2.7329,10.7368,0.0027,0.0000,0,0,0.0000,0,0.0000,0,0,0,697,0
1303,2.8173,10.6699,0.0011,0.0000,0,0,0.0000,0,0.0000,0,0,0,697,0
1304,5.1307,6.1240,0.0025,0.0000,0,0,0.0000,0,0.0000,0,0,0,602,0
1305,2.8064,5.7518,0.0021,0.0000,0,0,0.0000,0,0.0000,0,0,0,602,0
1306,2.7329,10.5648,0.0015,0.0000,0,0,0.0000,0,0.0000,0,0,0,697,0
1307,2.8173,10.4938,0.0017,0.0000,0,0,0.0000,0,0.0000,0,0,0,711,0
1308,5.1307,5.9470,0.0018,0.0000,0,0,0.0000,0,0.0000,0,0,0,602,0
1309,2.8064,5.6515,0.0018,0.0000,0,0,0.0000,0,0.0000,0,0,0,602,0
1310,2.7329,10.4455,0.0019,0.0000,0,0,0.0000,0,0.0000,0,0,0,697,0
1311,2.8173,10.3804,0.0015,0.0000,0,0,0.0000,0,0.0000,0,0,0,697,0
1312,5.1307,6.0789,0.0095,0.0000,0,0,0.0000,0,0.0000,0,0,0,602,0
1313,2.8064,5.7330,0.0095,0.0000,0,0,0.0000,0,0.0000,0,0,0,602,0
1314,2.7329,10.7118,0.0025,0.0000,0,0,0.0000,0,0.0000,0,0,0,697,0
1315,2.8173,10.6572,0.0015,0.0000,0,0,0.0000,0,0.0000,0,0,0,697,0
1316,5.1307,6.0609,0.0022,0.0000,0,0,0.0000,0,0.0000,0,0,0,602,0
1317,2.8064,5.6772,0.0013,0.0000,0,0,0.0000,0,0.0000,0,0,0,602,0
1318,2.7329,10.4844,0.0011,0.0000,0,0,0.0000,0,0.0000,0,0,0,697,0
1319,2.8173,10.4008,0.0012,0.0000,0,0,0.0000,0,0.0000,0,0,0,697,0
1320,5.1307,5.8345,0.0014,0.0000,0,0,0.0000,0,0.0000,0,0,0,602,0
1321,2.8064,5.6349,0.0015,0.0000,0,0,0.0000,0,0.0000,0,0,0,602,0
1322,2.7329,10.4861,0.0013,0.0000,0,0,0.0000,0,0.0000,0,0,0,697,0
1323,2.8173,10.4257,0.0010,0.0000,0,0,0.0000,0,0.0000,0,0,0,697,0
1324,5.1307,5.8550,0.0019,0.0000,0,0,0.0000,0,0.0000,0,0,0,602,0
1325,2.8064,5.6450,0.0015,0.0000,0,0,0.0000,0,0.0000,0,0,0,602,0
1326,2.7329,10.3643,0.0014,0.0000,0,0,0.0000,0,0.0000,0,0,0,702,0
1327,2.8173,10.2858,0.0011,0.0000,0,0,0.0000,0,0.0000,0,0,0,697,0
1328,5.1307,6.1686,0.0059,0.0000,0,0,0.0000,0,0.0000,0,0,0,602,0
1329,2.8064,5.8712,0.0059,0.0000,0,0,0.0000,0,0.0000,0,0,0,602,0
1330,2.7329,10.4512,0.0032,0.0000,0,0,0.0000,0,0.0000,0,0,0,697,0
1331,2.8173,10.4377,0.0019,0.0000,0,0,0.0000,0,0.0000,0,0,0,697,0
1332,5.1307,6.7910,0.0078,0.0000,0,0,0.0000,0,0.0000,0,0,0,602,0
1333,2.8064,6.3258,0.0042,0.0000,0,0,0.0000,0,0.0000,0,0,0,602,0
1334,2.7329,7.9123,0.0050,0.0000,0,0,0.0000,0,0.0000,0,0,0,697,0
1335,2.8173,9.6263,0.0019,0.0000,0,0,0.0000,0,0.0000,0,0,0,697,0
1336,5.1307,6.3381,0.0057,0.0000,0,0,0.0000,0,0.0000,0,0,0,602,0
1337,2.8064,7.4214,0.0020,0.0000,0,0,0.0000,0,0.0000,0,0,0,602,0
1338,2.7329,8.5595,0.0061,0.0000,0,0,0.0000,0,0.0000,0,0,0,697,0
1339,2.8173,10.1336,0.0039,0.0000,0,0,0.0000,0,0.0000,0,0,0,697,0
1340,5.1307,6.6830,0.0074,0.0000,0,0,0.0000,0,0.0000,0,0,0,602,0
1341,2.8064,6.0048,0.0022,0.0000,0,0,0.0000,0,0.0000,0,0,0,602,0
1342,2.7329,9.9019,0.0080,0.0000,0,0,0.0000,0,0.0000,0,0,0,697,0
1343,2.8173,9.8450,0.0013,0.0000,0,0,0.0000,0,0.0000,0,0,0,697,0
1344,5.1307,6.4405,0.0068,0.0000,0,0,0.0000,0,0.0000,0,0,0,602,0
1345,2.8064,5.7274,0.0068,0.0000,0,0,0.0000,0,0.0000,0,0,0,602,0
1346,2.7329,10.4473,0.0030,0.0000,0,0,0.0000,0,0.0000,0,0,0,697,0
1347,2.8173,9.8431,0.0021,0.0000,0,0,0.0000,0,0.0000,0,0,0,697,0
1348,5.1307,6.5013,0.0085,0.0000,0,0,0.0000,0,0.0000,0,0,0,602,0
1349,2.8064,6.0382,0.0021,0.0000,0,0,0.0000,0,0.0000,0,0,0,602,0
1350,2.7329,8.1181,0.0024,0.0000,0,0,0.0000,0,0.0000,0,0,0,697,0
1351,2.8173,10.3102,0.0019,0.0000,0,0,0.0000,0,0.0000,0,0,0,697,0
1352,5.1307,6.3211,0.0064,0.0000,0,0,0.0000,0,0.0000,0,0,0,602,0
1353,2.8064,6.2602,0.0025,0.0000,0,0,0.0000,0,0.0000,0,0,0,602,0
1354,2.7329,13.4475,0.0083,0.0000,0,0,0.0000,0,0.0000,0,0,0,697,0
1355,2.8173,13.2332,0.0023,0.0000,0,0,0.0000,0,0.0000,0,0,0,697,0
1356,5.1307,6.3555,0.0044,0.0000,0,0,0.0000,0,0.0000,0,0,0,602,0
1357,2.8064,5.8070,0.0018,0.0000,0,0,0.0000,0,0.0000,0,0,0,602,0
1358,2.7329,10.6426,0.0027,0.0000,0,0,0.0000,0,0.0000,0,0,0,697,0
1359,2.8173,10.5412,0.0018,0.0000,0,0,0.0000,0,0.0000,0,0,0,697,0
1360,5.1307,6.1902,0.0061,0.0000,0,0,0.0000,0,0.0000,0,0,0,602,0
1361,2.8064,5.7367,0.0062,0.0000,0,0,0.0000,0,0.0000,0,0,0,602,0
1362,2.7329,10.7315,0.0025,0.0000,0,0,0.0000,0,0.0000,0,0,0,697,0
1363,2.8173,10.6608,0.0011,0.0000,0,0,0.0000,0,0.0000,0,0,0,697,0
1364,5.1307,6.6026,0.0044,0.0000,0,0,0.0000,0,0.0000,0,0,0,602,0
1365,2.8064,6.0189,0.0044,0.0000,0,0,0.0000,0,0.0000,0,0,0,602,0
1366,2.7329,10.9407,0.0053,0.0000,0,0,0.0000,0,0.0000,0,0,0,697,0
1367,2.8173,10.7876,0.0053,0.0000,0,0,0.0000,0,0.0000,0,0,0,697,0
1368,5.1307,6.5916,0.0104,0.0000,0,0,0.0000,0,0.0000,0,0,0,602,0
1369,2.8064,6.4305,0.0032,0.0000,0,0,0.0000,0,0.0000,0,0,0,602,0
1370,2.7329,9.6735,0.0011,0.0000,0,0,0.0000,0,0.0000,0,0,0,701,0
1371,2.8173,9.9559,0.0008,0.0000,0,0,0.0000,0,0.0000,0,0,0,697,0
1372,5.1307,6.3414,0.0051,0.0000,0,0,0.0000,0,0.0000,0,0,0,602,0
1373,2.8064,5.8214,0.0020,0.0000,0,0,0.0000,0,0.0000,0,0,0,602,0
1374,2.7329,10.6972,0.0016,0.0000,0,0,0.0000,0,0.0000,0,0,0,697,0
1375,2.8173,10.6446,0.0008,0.0000,0,0,0.0000,0,0.0000,0,0,0,697,0
1376,5.1307,6.3356,0.0021,0.0000,0,0,0.0000,0,0.0000,0,0,0,602,0
1377,2.8064,5.8890,0.0026,0.0000,0,0,0.0000,0,0.0000,0,0,0,602,0
1378,2.7329,10.5677,0.0008,0.0000,0,0,0.0000,0,0.0000,0,0,0,697,0
1379,2.8173,10.5187,0.0008,0.0000,0,0,0.0000,0,0.0000,0,0,0,697,0
1380,5.1307,5.9260,0.0018,0.0000,0,0,0.0000,0,0.0000,0,0,0,602,0
1381,2.8064,5.7120,0.0021,0.0000,0,0,0.0000,0,0.0000,0,0,0,602,0
1382,2.7329,10.9437,0.0158,0.0000,0,0,0.0000,0,0.0000,0,0,0,697,0
1383,2.8173,10.8123,0.0158,0.0000,0,0,0.0000,0,0.0000,0,0,0,697,0
1384,5.1307,6.4085,0.0078,0.0000,0,0,0.0000,0,0.0000,0,0,0,602,0
1385,2.8064,5.8928,0.0029,0.0000,0,0,0.0000,0,0.0000,0,0,0,602,0
1386,2.7329,10.1001,0.0048,0.0000,0,0,0.0000,0,0.0000,0,0,0,697,0
1387,2.8173,9.9013,0.0029,0.0000,0,0,0.0000,0,0.0000,0,0,0,697,0
1388,5.1307,6.4885,0.0065,0.0000,0,0,0.0000,0,0.0000,0,0,0,602,0
1389,2.8064,5.9604,0.0022,0.0000,0,0,0.0000,0,0.0000,0,0,0,602,0
1390,2.7329,9.9701,0.0055,0.0000,0,0,0.0000,0,0.0000,0,0,0,697,0
1391,2.8173,9.6795,0.0025,0.0000,0,0,0.0000,0,0.0000,0,0,0,697,0
1392,5.1307,6.2746,0.0063,0.0000,0,0,0.0000,0,0.0000,0,0,0,602,0
1393,2.8064,5.8108,0.0017,0.0000,0,0,0.0000,0,0.0000,0,0,0,602,0
1394,2.7329,9.8098,0.0024,0.0000,0,0,0.0000,0,0.0000,0,0,0,697,0
1395,2.8173,9.7997,0.0018,0.0000,0,0,0.0000,0,0.0000,0,0,0,697,0
1396,5.1307,8.1890,0.0082,0.0000,0,0,0.0000,0,0.0000,0,0,0,602,0
1397,2.8064,5.9498,0.0018,0.0000,0,0,0.0000,0,0.0000,0,0,0,602,0
1398,2.7329,10.6384,0.0093,0.0000,0,0,0.0000,0,0.0000,0,0,0,697,0
1399,2.8173,10.6074,0.0028,0.0000,0,0,0.0000,0,0.0000,0,0,0,697,0
1400,5.1307,6.6822,0.0036,0.0000,0,0,0.0000,0,0.0000,0,0,0,602,0
1401,2.8064,5.8747,0.0019,0.0000,0,0,0.0000,0,0.0000,0,0,0,602,0
1402,2.7329,6.4935,0.0011,0.0000,0,0,0.0000,0,0.0000,0,0,0,697,0
1403,2.8173,10.2411,0.0011,0.0000,0,0,0.0000,0,0.0000,0,0,0,697,0
1404,5.1307,6.0223,0.0030,0.0000,0,0,0.0000,0,0.0000,0,0,0,602,0
1405,2.8064,5.6599,0.0031,0.0000,0,0,0.0000,0,0.0000,0,0,0,602,0
1406,2.7329,10.6495,0.0035,0.0000,0,0,0.0000,0,0.0000,0,0,0,697,0
1407,2.8173,10.4933,0.0018,0.0000,0,0,0.0000,0,0.0000,0,0,0,697,0
1408,5.1307,6.5007,0.0022,0.0000,0,0,0.0000,0,0.0000,0,0,0,602,0
1409,2.8064,6.0083,0.0076,0.0000,0,0,0.0000,0,0.0000,0,0,0,602,0
1410,2.7329,10.8336,0.0077,0.0000,0,0,0.0000,0,0.0000,0,0,0,697,0
1411,2.8173,10.6850,0.0025,0.0000,0,0,0.0000,0,0.0000,0,0,0,697,0
1412,5.1307,6.4228,0.0021,0.0000,0,0,0.0000,0,0.0000,0,0,0,602,0
1413,2.8064,6.0338,0.0018,0.0000,0,0,0.0000,0,0.0000,0,0,0,602,0
1414,2.7329,7.5840,0.0014,0.0000,0,0,0.0000,0,0.0000,0,0,0,697,0
1415,2.8173,9.2554,0.0013,0.0000,0,0,0.0000,0,0.0000,0,0,0,697,0
1416,5.1307,6.0001,0.0036,0.0000,0,0,0.0000,0,0.0000,0,0,0,602,0
1417,2.8064,5.6143,0.0037,0.0000,0,0,0.0000,0,0.0000,0,0,0,602,0
1418,2.7329,10.5762,0.0020,0.0000,0,0,0.0000,0,0.0000,0,0,0,697,0
1419,2.8173,10.5322,0.0014,0.0000,0,0,0.0000,0,0.0000,0,0,0,697,0
1420,5.1307,6.2559,0.0020,0.0000,0,0,0.0000,0,0.0000,0,0,0,602,0
1421,2.8064,5.8071,0.0012,0.0000,0,0,0.0000,0,0.0000,0,0,0,602,0
1422,2.7329,10.5405,0.0015,0.0000,0,0,0.0000,0,0.0000,0,0,0,697,0
1423,2.8173,10.4402,0.0013,0.0000,0,0,0.0000,0,0.0000,0,0,0,697,0
1424,5.1307,5.8282,0.0027,0.0000,0,0,0.0000,0,0.0000,0,0,0,602,0
1425,2.8064,5.6712,0.0018,0.0000,0,0,0.0000,0,0.0000,0,0,0,602,0
1426,2.7329,10.2894,0.0010,0.0000,0,0,0.0000,0,0.0000,0,0,0,697,0
1427,2.8173,10.1622,0.0011,0.0000,0,0,0.0000,0,0.0000,0,0,0,697,0
1428,5.1307,6.6023,0.0120,0.0000,0,0,0.0000,0,0.0000,0,0,0,602,0
1429,2.8064,5.8554,0.0025,0.0000,0,0,0.0000,0,0.0000,0,0,0,602,0
1430,2.7329,10.1710,0.0047,0.0000,0,0,0.0000,0,0.0000,0,0,0,697,0
1431,2.8173,10.0218,0.0021,0.0000,0,0,0.0000,0,0.0000,0,0,0,697,0
1432,5.1307,6.6926,0.0070,0.0000,0,0,0.0000,0,0.0000,0,0,0,602,0
1433,2.8064,6.9160,0.0032,0.0000,0,0,0.0000,0,0.0000,0,0,0,602,0
1434,2.7329,12.5712,0.0017,0.0000,0,0,0.0000,0,0.0000,0,0,0,697,0
1435,2.8173,12.3386,0.0016,0.0000,0,0,0.0000,0,0.0000,0,0,0,697,0
1436,5.1307,5.9789,0.0029,0.0000,0,0,0.0000,0,0.0000,0,0,0,602,0
1437,2.8064,5.6714,0.0013,0.0000,0,0,0.0000,0,0.0000,0,0,0,602,0
1438,2.7329,10.7196,0.0066,0.0000,0,0,0.0000,0,0.0000,0,0,0,697,0
1439,2.8173,10.5537,0.0065,0.0000,0,0,0.0000,0,0.0000,0,0,0,697,0
1440,5.1307,6.1731,0.0030,0.0000,0,0,0.0000,0,0.0000,0,0,0,602,0
1441,2.8064,5.7640,0.0015,0.0000,0,0,0.0000,0,0.0000,0,0,0,602,0
1442,2.7329,10.5557,0.0010,0.0000,0,0,0.0000,0,0.0000,0,0,0,697,0
1443,2.8173,10.4660,0.0008,0.0000,0,0,0.0000,0,0.0000,0,0,0,697,0
1444,5.1307,5.8599,0.0016,0.0000,0,0,0.0000,0,0.0000,0,0,0,602,0
1445,2.8064,5.6399,0.0013,0.0000,0,0,0.0000,0,0.0000,0,0,0,602,0
1446,2.7329,10.6529,0.0073,0.0000,0,0,0.0000,0,0.0000,0,0,0,697,0
1447,2.8173,10.5064,0.0073,0.0000,0,0,0.0000,0,0.0000,0,0,0,697,0
1448,5.1307,6.7876,0.0018,0.0000,0,0,0.0000,0,0.0000,0,0,0,602,0
1449,2.8064,5.9688,0.0009,0.0000,0,0,0.0000,0,0.0000,0,0,0,602,0
1450,2.7329,9.1957,0.0167,0.0000,0,0,0.0000,0,0.0000,0,0,0,697,0
1451,2.8173,9.1418,0.0027,0.0000,0,0,0.0000,0,0.0000,0,0,0,697,0
1452,5.1307,6.4277,0.0015,0.0000,0,0,0.0000,0,0.0000,0,0,0,602,0
1453,2.8064,5.7615,0.0008,0.0000,0,0,0.0000,0,0.0000,0,0,0,602,0
1454,2.7329,9.5021,0.0102,0.0000,0,0,0.0000,0,0.0000,0,0,0,697,0
1455,2.8173,10.0407,0.0019,0.0000,0,0,0.0000,0,0.0000,0,0,0,697,0
1456,5.1307,6.4084,0.0023,0.0000,0,0,0.0000,0,0.0000,0,0,0,602,0
1457,2.8064,5.7745,0.0031,0.0000,0,0,0.0000,0,0.0000,0,0,0,602,0
1458,2.7329,8.3746,0.0014,0.0000,0,0,0.0000,0,0.0000,0,0,0,697,0
1459,2.8173,10.3688,0.0011,0.0000,0,0,0.0000,0,0.0000,0,0,0,697,0
1460,5.1307,6.1178,0.0032,0.0000,0,0,0.0000,0,0.0000,0,0,0,602,0
1461,2.8064,5.7729,0.0042,0.0000,0,0,0.0000,0,0.0000,0,0,0,602,0
1462,2.7329,10.6721,0.0042,0.0000,0,0,0.0000,0,0.0000,0,0,0,697,0
1463,2.8173,10.4872,0.0008,0.0000,0,0,0.0000,0,0.0000,0,0,0,697,0
1464,5.1307,6.2087,0.0027,0.0000,0,0,0.0000,0,0.0000,0,0,0,602,0
1465,2.8064,5.7314,0.0020,0.0000,0,0,0.0000,0,0.0000,0,0,0,602,0
1466,2.7329,10.4995,0.0011,0.0000,0,0,0.0000,0,0.0000,0,0,0,697,0
1467,2.8173,10.4215,0.0006,0.0000,0,0,0.0000,0,0.0000,0,0,0,697,0
1468,5.1307,6.3287,0.0114,0.0000,0,0,0.0000,0,0.0000,0,0,0,602,0
1469,2.8064,6.2805,0.0014,0.0000,0,0,0.0000,0,0.0000,0,0,0,602,0
1470,2.7329,11.2936,0.0084,0.0000,0,0,0.0000,0,0.0000,0,0,0,697,0
1471,2.8173,11.3260,0.0018,0.0000,0,0,0.0000,0,0.0000,0,0,0,697,0
1472,5.1307,7.1894,0.0083,0.0000,0,0,0.0000,0,0.0000,0,0,0,602,0
1473,2.8064,6.6839,0.0036,0.0000,0,0,0.0000,0,0.0000,0,0,0,602,0
1474,2.7329,10.5412,0.0085,0.0000,0,0,0.0000,0,0.0000,0,0,0,697,0
1475,2.8173,10.2099,0.0029,0.0000,0,0,0.0000,0,0.0000,0,0,0,697,0
1476,5.1307,6.7379,0.0074,0.0000,0,0,0.0000,0,0.0000,0,0,0,602,0
1477,2.8064,6.1330,0.0046,0.0000,0,0,0.0000,0,0.0000,0,0,0,602,0
1478,2.7329,10.1684,0.0018,0.0000,0,0,0.0000,0,0.0000,0,0,0,697,0
1479,2.8173,9.7148,0.0008,0.0000,0,0,0.0000,0,0.0000,0,0,0,697,0
1480,5.1307,6.2596,0.0053,0.0000,0,0,0.0000,0,0.0000,0,0,0,602,0
1481,2.8064,5.8020,0.0053,0.0000,0,0,0.0000,0,0.0000,0,0,0,602,0
1482,2.7329,10.7368,0.0027,0.0000,0,0,0.0000,0,0.0000,0,0,0,697,0
1483,2.8173,10.6671,0.0017,0.0000,0,0,0.0000,0,0.0000,0,0,0,697,0
1484,5.1307,6.2326,0.0019,0.0000,0,0,0.0000,0,0.0000,0,0,0,602,0
1485,2.8064,5.8468,0.0015,0.0000,0,0,0.0000,0,0.0000,0,0,0,602,0
1486,2.7329,10.5583,0.0010,0.0000,0,0,0.0000,0,0.0000,0,0,0,697,0
1487,2.8173,10.4760,0.0010,0.0000,0,0,0.0000,0,0.0000,0,0,0,697,0
1488,5.1307,5.9313,0.0022,0.0000,0,0,0.0000,0,0.0000,0,0,0,602,0
1489,2.8064,5.7137,0.0014,0.0000,0,0,0.0000,0,0.0000,0,0,0,602,0
1490,2.7329,10.5938,0.0030,0.0000,0,0,0.0000,0,0.0000,0,0,0,697,0
1491,2.8173,10.5048,0.0013,0.0000,0,0,0.0000,0,0.0000,0,0,0,697,0
1492,5.1307,5.9980,0.0029,0.0000,0,0,0.0000,0,0.0000,0,0,0,602,0
1493,2.8064,5.7591,0.0014,0.0000,0,0,0.0000,0,0.0000,0,0,0,602,0
1494,2.7329,10.6348,0.0018,0.0000,0,0,0.0000,0,0.0000,0,0,0,697,0
1495,2.8173,10.5867,0.0010,0.0000,0,0,0.0000,0,0.0000,0,0,0,697,0
1496,5.1307,5.9354,0.0018,0.0000,0,0,0.0000,0,0.0000,0,0,0,602,0
1497,2.8064,5.6497,0.0027,0.0000,0,0,0.0000,0,0.0000,0,0,0,602,0
1498,2.7329,10.3580,0.0011,0.0000,0,0,0.0000,0,0.0000,0,0,0,697,0
1499,2.8173,10.2790,0.0010,0.0000,0,0,0.0000,0,0.0000,0,0,0,697,0
1500,5.1307,5.8548,0.0013,0.0000,0,0,0.0000,0,0.0000,0,0,0,602,0
1501,2.8064,5.6057,0.0009,0.0000,0,0,0.0000,0,0.0000,0,0,0,602,0
1502,2.7329,10.4484,0.0017,0.0000,0,0,0.0000,0,0.0000,0,0,0,697,0
1503,2.8173,10.3486,0.0012,0.0000,0,0,0.0000,0,0.0000,0,0,0,697,0
1504,5.1307,5.8932,0.0012,0.0000,0,0,0.0000,0,0.0000,0,0,0,602,0
1505,2.8064,5.6380,0.0006,0.0000,0,0,0.0000,0,0.0000,0,0,0,602,0
1506,2.7329,10.6822,0.0059,0.0000,0,0,0.0000,0,0.0000,0,0,0,697,0
1507,2.8173,10.4920,0.0059,0.0000,0,0,0.0000,0,0.0000,0,0,0,697,0
1508,5.1307,6.6740,0.0099,0.0000,0,0,0.0000,0,0.0000,0,0,0,602,0
1509,2.8064,5.9742,0.0031,0.0000,0,0,0.0000,0,0.0000,0,0,0,602,0
1510,2.7329,9.6794,0.0033,0.0000,0,0,0.0000,0,0.0000,0,0,0,697,0
1511,2.8173,9.8821,0.0027,0.0000,0,0,0.0000,0,0.0000,0,0,0,697,0
1512,5.1307,6.2310,0.0064,0.0000,0,0,0.0000,0,0.0000,0,0,0,602,0
1513,2.8064,5.7456,0.0017,0.0000,0,0,0.0000,0,0.0000,0,0,0,602,0
1514,2.7329,9.2859,0.0059,0.0000,0,0,0.0000,0,0.0000,0,0,0,697,0
1515,2.8173,8.6600,0.0027,0.0000,0,0,0.0000,0,0.0000,0,0,0,697,0
1516,5.1307,6.4768,0.0052,0.0000,0,0,0.0000,0,0.0000,0,0,0,602,0
1517,2.8064,5.7235,0.0017,0.0000,0,0,0.0000,0,0.0000,0,0,0,602,0
1518,2.7329,10.1891,0.0076,0.0000,0,0,0.0000,0,0.0000,0,0,0,697,0
1519,2.8173,9.9584,0.0027,0.0000,0,0,0.0000,0,0.0000,0,0,0,697,0
1520,5.1307,6.4586,0.0026,0.0000,0,0,0.0000,0,0.0000,0,0,0,602,0
1521,2.8064,5.9127,0.0010,0.0000,0,0,0.0000,0,0.0000,0,0,0,602,0
1522,2.7329,8.5979,0.0053,0.0000,0,0,0.0000,0,0.0000,0,0,0,697,0
1523,2.8173,9.7952,0.0017,0.0000,0,0,0.0000,0,0.0000,0,0,0,697,0
1524,5.1307,6.4532,0.0018,0.0000,0,0,0.0000,0,0.0000,0,0,0,602,0
1525,2.8064,5.9583,0.0011,0.0000,0,0,0.0000,0,0.0000,0,0,0,602,0
1526,2.7329,8.3947,0.0015,0.0000,0,0,0.0000,0,0.0000,0,0,0,697,0
1527,2.8173,10.3248,0.0125,0.0000,0,0,0.0000,0,0.0000,0,0,0,697,0
1528,5.1307,6.2501,0.0025,0.0000,0,0,0.0000,0,0.0000,0,0,0,602,0
1529,2.8064,5.6482,0.0016,0.0000,0,0,0.0000,0,0.0000,0,0,0,602,0
1530,2.7329,10.3993,0.0022,0.0000,0,0,0.0000,0,0.0000,0,0,0,697,0
1531,2.8173,10.1940,0.0021,0.0000,0,0,0.0000,0,0.0000,0,0,0,697,0
1532,5.1307,6.6628,0.0028,0.0000,0,0,0.0000,0,0.0000,0,0,0,602,0
1533,2.8064,5.7085,0.0020,0.0000,0,0,0.0000,0,0.0000,0,0,0,602,0
1534,2.7329,9.9773,0.0016,0.0000,0,0,0.0000,0,0.0000,0,0,0,697,0
1535,2.8173,10.0095,0.0015,0.0000,0,0,0.0000,0,0.0000,0,0,0,697,0
1536,5.1307,6.9052,0.0097,0.0000,0,0,0.0000,0,0.0000,0,0,0,602,0
1537,2.8064,5.7693,0.0023,0.0000,0,0,0.0000,0,0.0000,0,0,0,602,0
1538,2.7329,10.3243,0.0065,0.0000,0,0,0.0000,0,0.0000,0,0,0,697,0
1539,2.8173,10.1965,0.0023,0.0000,0,0,0.0000,0,0.0000,0,0,0,697,0
1540,5.1307,6.4933,0.0049,0.0000,0,0,0.0000,0,0.0000,0,0,0,602,0
1541,2.8064,6.0243,0.0027,0.0000,0,0,0.0000,0,0.0000,0,0,0,602,0
1542,2.7329,8.5930,0.0029,0.0000,0,0,0.0000,0,0.0000,0,0,0,697,0
1543,2.8173,9.8300,0.0035,0.0000,0,0,0.0000,0,0.0000,0,0,0,697,0
1544,5.1307,6.4762,0.0055,0.0000,0,0,0.0000,0,0.0000,0,0,0,602,0
1545,2.8064,5.7444,0.0018,0.0000,0,0,0.0000,0,0.0000,0,0,0,602,0
1546,2.7329,9.8373,0.0039,0.0000,0,0,0.0000,0,0.0000,0,0,0,697,0
1547,2.8173,9.7197,0.0024,0.0000,0,0,0.0000,0,0.0000,0,0,0,697,0
1548,5.1307,6.4303,0.0063,0.0000,0,0,0.0000,0,0.0000,0,0,0,602,0
1549,2.8064,5.8241,0.0021,0.0000,0,0,0.0000,0,0.0000,0,0,0,602,0
1550,2.7329,10.4446,0.0057,0.0000,0,0,0.0000,0,0.0000,0,0,0,697,0
1551,2.8173,10.0475,0.0057,0.0000,0,0,0.0000,0,0.0000,0,0,0,697,0
1552,5.1307,6.3376,0.0055,0.0000,0,0,0.0000,0,0.0000,0,0,0,602,0
1553,2.8064,5.7107,0.0019,0.0000,0,0,0.0000,0,0.0000,0,0,0,602,0
1554,2.7329,10.2173,0.0052,0.0000,0,0,0.0000,0,0.0000,0,0,0,697,0
1555,2.8173,10.0082,0.0027,0.0000,0,0,0.0000,0,0.0000,0,0,0,697,0
1556,5.1307,6.4810,0.0017,0.0000,0,0,0.0000,0,0.0000,0,0,0,602,0
1557,2.8064,5.8703,0.0013,0.0000,0,0,0.0000,0,0.0000,0,0,0,602,0
1558,2.7329,8.5334,0.0013,0.0000,0,0,0.0000,0,0.0000,0,0,0,697,0
1559,2.8173,10.0162,0.0018,0.0000,0,0,0.0000,0,0.0000,0,0,0,697,0
1560,5.1307,6.0209,0.0021,0.0000,0,0,0.0000,0,0.0000,0,0,0,602,0
1561,2.8064,5.7869,0.0019,0.0000,0,0,0.0000,0,0.0000,0,0,0,602,0
1562,2.7329,10.6193,0.0013,0.0000,0,0,0.0000,0,0.0000,0,0,0,697,0
1563,2.8173,10.5848,0.0013,0.0000,0,0,0.0000,0,0.0000,0,0,0,697,0
1564,5.1307,5.9375,0.0024,0.0000,0,0,0.0000,0,0.0000,0,0,0,602,0
1565,2.8064,5.6742,0.0020,0.0000,0,0,0.0000,0,0.0000,0,0,0,602,0
1566,2.7329,10.6313,0.0042,0.0000,0,0,0.0000,0,0.0000,0,0,0,697,0
1567,2.8173,10.4531,0.0018,0.0000,0,0,0.0000,0,0.0000,0,0,0,697,0
1568,5.1307,6.1994,0.0044,0.0000,0,0,0.0000,0,0.0000,0,0,0,602,0
1569,2.8064,5.7165,0.0045,0.0000,0,0,0.0000,0,0.0000,0,0,0,602,0
1570,2.7329,10.6401,0.0331,0.0000,0,0,0.0000,0,0.0000,0,0,0,697,0
1571,2.8173,10.5602,0.0018,0.0000,0,0,0.0000,0,0.0000,0,0,0,697,0
1572,5.1307,6.2591,0.0030,0.0000,0,0,0.0000,0,0.0000,0,0,0,602,0
1573,2.8064,5.7785,0.0019,0.0000,0,0,0.0000,0,0.0000,0,0,0,602,0
1574,2.7329,10.5345,0.0014,0.0000,0,0,0.0000,0,0.0000,0,0,0,697,0
1575,2.8173,10.4907,0.0015,0.0000,0,0,0.0000,0,0.0000,0,0,0,697,0
1576,5.1307,5.8193,0.0017,0.0000,0,0,0.0000,0,0.0000,0,0,0,602,0
1577,2.8064,5.5642,0.0123,0.0000,0,0,0.0000,0,0.0000,0,0,0,602,0
1578,2.7329,10.3624,0.0013,0.0000,0,0,0.0000,0,0.0000,0,0,0,697,0
1579,2.8173,10.3366,0.0014,0.0000,0,0,0.0000,0,0.0000,0,0,0,697,0
1580,5.1307,5.8976,0.0019,0.0000,0,0,0.0000,0,0.0000,0,0,0,602,0
1581,2.8064,5.7787,0.0025,0.0000,0,0,0.0000,0,0.0000,0,0,0,602,0
1582,2.7329,10.4508,0.0010,0.0000,0,0,0.0000,0,0.0000,0,0,0,697,0
1583,2.8173,10.4293,0.0010,0.0000,0,0,0.0000,0,0.0000,0,0,0,697,0
1584,5.1307,6.4907,0.0081,0.0000,0,0,0.0000,0,0.0000,0,0,0,602,0
1585,2.8064,5.9724,0.0019,0.0000,0,0,0.0000,0,0.0000,0,0,0,602,0
1586,2.7329,10.1282,0.0048,0.0000,0,0,0.0000,0,0.0000,0,0,0,697,0
1587,2.8173,10.1926,0.0023,0.0000,0,0,0.0000,0,0.0000,0,0,0,697,0
1588,5.1307,6.4426,0.0094,0.0000,0,0,0.0000,0,0.0000,0,0,0,602,0
1589,2.8064,5.7120,0.0019,0.0000,0,0,0.0000,0,0.0000,0,0,0,602,0
1590,2.7329,8.4112,0.0076,0.0000,0,0,0.0000,0,0.0000,0,0,0,697,0
1591,2.8173,7.9574,0.0032,0.0000,0,0,0.0000,0,0.0000,0,0,0,697,0
1592,5.1307,6.6257,0.0075,0.0000,0,0,0.0000,0,0.0000,0,0,0,602,0
1593,2.8064,5.8685,0.0032,0.0000,0,0,0.0000,0,0.0000,0,0,0,602,0
1594,2.7329,12.8700,0.0115,0.0000,0,0,0.0000,0,0.0000,0,0,0,697,0
1595,2.8173,13.1991,0.0020,0.0000,0,0,0.0000,0,0.0000,0,0,0,697,0
1596,5.1307,6.5239,0.0095,0.0000,0,0,0.0000,0,0.0000,0,0,0,602,0
1597,2.8064,5.7155,0.0095,0.0000,0,0,0.0000,0,0.0000,0,0,0,602,0
1598,2.7329,10.3232,0.0028,0.0000,0,0,0.0000,0,0.0000,0,0,0,697,0
1599,2.8173,10.1359,0.0016,0.0000,0,0,0.0000,0,0.0000,0,0,0,697,0
1600,5.1307,6.6712,0.0070,0.0000,0,0,0.0000,0,0.0000,0,0,0,602,0
1601,2.8064,5.7349,0.0023,0.0000,0,0,0.0000,0,0.0000,0,0,0,602,0
1602,2.7329,10.3055,0.0066,0.0000,0,0,0.0000,0,0.0000,0,0,0,697,0
1603,2.8173,10.0091,0.0028,0.0000,0,0,0.0000,0,0.0000,0,0,0,697,0
1604,5.1307,6.5109,0.0080,0.0000,0,0,0.0000,0,0.0000,0,0,0,602,0
1605,2.8064,5.8452,0.0079,0.0000,0,0,0.0000,0,0.0000,0,0,0,602,0
1606,2.7329,10.4247,0.0034,0.0000,0,0,0.0000,0,0.0000,0,0,0,697,0
1607,2.8173,10.2968,0.0028,0.0000,0,0,0.0000,0,0.0000,0,0,0,697,0
1608,5.1307,6.4285,0.0054,0.0000,0,0,0.0000,0,0.0000,0,0,0,602,0
1609,2.8064,5.7931,0.0015,0.0000,0,0,0.0000,0,0.0000,0,0,0,602,0
1610,2.7329,9.9698,0.0031,0.0000,0,0,0.0000,0,0.0000,0,0,0,697,0
1611,2.8173,9.2192,0.0025,0.0000,0,0,0.0000,0,0.0000,0,0,0,697,0
1612,5.1307,7.1443,0.0068,0.0000,0,0,0.0000,0,0.0000,0,0,0,602,0
1613,2.8064,7.1618,0.0035,0.0000,0,0,0.0000,0,0.0000,0,0,0,602,0
1614,2.7329,10.4877,0.0092,0.0000,0,0,0.0000,0,0.0000,0,0,0,697,0
1615,2.8173,10.3627,0.0029,0.0000,0,0,0.0000,0,0.0000,0,0,0,697,0
1616,5.1307,7.9950,0.0041,0.0000,0,0,0.0000,0,0.0000,0,0,0,602,0
1617,2.8064,5.7604,0.0039,0.0000,0,0,0.0000,0,0.0000,0,0,0,602,0
1618,2.7329,10.7591,0.0067,0.0000,0,0,0.0000,0,0.0000,0,0,0,697,0
1619,2.8173,10.5490,0.0067,0.0000,0,0,0.0000,0,0.0000,0,0,0,697,0
1620,5.1307,6.2103,0.0094,0.0000,0,0,0.0000,0,0.0000,0,0,0,602,0
1621,2.8064,5.6669,0.0021,0.0000,0,0,0.0000,0,0.0000,0,0,0,602,0
1622,2.7329,10.2156,0.0022,0.0000,0,0,0.0000,0,0.0000,0,0,0,697,0
1623,2.8173,10.1858,0.0013,0.0000,0,0,0.0000,0,0.0000,0,0,0,697,0
1624,5.1307,6.1679,0.0027,0.0000,0,0,0.0000,0,0.0000,0,0,0,602,0
1625,2.8064,5.7169,0.0024,0.0000,0,0,0.0000,0,0.0000,0,0,0,602,0
1626,2.7329,10.4278,0.0020,0.0000,0,0,0.0000,0,0.0000,0,0,0,697,0
1627,2.8173,10.3372,0.0010,0.0000,0,0,0.0000,0,0.0000,0,0,0,697,0
1628,5.1307,5.9451,0.0022,0.0000,0,0,0.0000,0,0.0000,0,0,0,602,0
1629,2.8064,5.6639,0.0018,0.0000,0,0,0.0000,0,0.0000,0,0,0,602,0
1630,2.7329,10.8894,0.0105,0.0000,0,0,0.0000,0,0.0000,0,0,0,697,0
1631,2.8173,10.7622,0.0045,0.0000,0,0,0.0000,0,0.0000,0,0,0,697,0
1632,5.1307,6.3697,0.0053,0.0000,0,0,0.0000,0,0.0000,0,0,0,602,0
1633,2.8064,5.9718,0.0018,0.0000,0,0,0.0000,0,0.0000,0,0,0,602,0
1634,2.7329,10.0247,0.0055,0.0000,0,0,0.0000,0,0.0000,0,0,0,697,0
1635,2.8173,9.7520,0.0021,0.0000,0,0,0.0000,0,0.0000,0,0,0,697,0
1636,5.1307,6.3590,0.0063,0.0000,0,0,0.0000,0,0.0000,0,0,0,602,0
1637,2.8064,6.1065,0.0029,0.0000,0,0,0.0000,0,0.0000,0,0,0,602,0
1638,2.7329,7.4373,0.0034,0.0000,0,0,0.0000,0,0.0000,0,0,0,697,0
1639,2.8173,10.2124,0.0033,0.0000,0,0,0.0000,0,0.0000,0,0,0,697,0
1640,5.1307,6.6024,0.0054,0.0000,0,0,0.0000,0,0.0000,0,0,0,602,0
1641,2.8064,5.7695,0.0013,0.0000,0,0,0.0000,0,0.0000,0,0,0,602,0
1642,2.7329,9.4293,0.0040,0.0000,0,0,0.0000,0,0.0000,0,0,0,697,0
1643,2.8173,9.2864,0.0023,0.0000,0,0,0.0000,0,0.0000,0,0,0,697,0
1644,5.1307,6.3545,0.0045,0.0000,0,0,0.0000,0,0.0000,0,0,0,602,0
1645,2.8064,5.7390,0.0014,0.0000,0,0,0.0000,0,0.0000,0,0,0,602,0
1646,2.7329,9.9908,0.0051,0.0000,0,0,0.0000,0,0.0000,0,0,0,697,0
1647,2.8173,9.9423,0.0032,0.0000,0,0,0.0000,0,0.0000,0,0,0,697,0
1648,5.1307,6.4458,0.0087,0.0000,0,0,0.0000,0,0.0000,0,0,0,602,0
1649,2.8064,5.9227,0.0018,0.0000,0,0,0.0000,0,0.0000,0,0,0,602,0
1650,2.7329,10.4093,0.0071,0.0000,0,0,0.0000,0,0.0000,0,0,0,697,0
1651,2.8173,10.0657,0.0034,0.0000,0,0,0.0000,0,0.0000,0,0,0,697,0
1652,5.1307,6.0454,0.0033,0.0000,0,0,0.0000,0,0.0000,0,0,0,602,0
1653,2.8064,5.7009,0.0017,0.0000,0,0,0.0000,0,0.0000,0,0,0,602,0
1654,2.7329,10.2813,0.0020,0.0000,0,0,0.0000,0,0.0000,0,0,0,697,0
1655,2.8173,10.0989,0.0011,0.0000,0,0,0.0000,0,0.0000,0,0,0,697,0
1656,5.1307,5.9877,0.0041,0.0000,0,0,0.0000,0,0.0000,0,0,0,602,0
1657,2.8064,5.6375,0.0030,0.0000,0,0,0.0000,0,0.0000,0,0,0,602,0
1658,2.7329,10.4505,0.0043,0.0000,0,0,0.0000,0,0.0000,0,0,0,697,0
1659,2.8173,10.2811,0.0016,0.0000,0,0,0.0000,0,0.0000,0,0,0,697,0
1660,5.1307,6.2360,0.0023,0.0000,0,0,0.0000,0,0.0000,0,0,0,602,0
1661,2.8064,5.7928,0.0013,0.0000,0,0,0.0000,0,0.0000,0,0,0,602,0
1662,2.7329,10.6343,0.0027,0.0000,0,0,0.0000,0,0.0000,0,0,0,697,0
1663,2.8173,10.5064,0.0017,0.0000,0,0,0.0000,0,0.0000,0,0,0,697,0
1664,5.1307,6.1890,0.0115,0.0000,0,0,0.0000,0,0.0000,0,0,0,602,0
1665,2.8064,5.8459,0.0113,0.0000,0,0,0.0000,0,0.0000,0,0,0,602,0
1666,2.7329,10.3408,0.0033,0.0000,0,0,0.0000,0,0.0000,0,0,0,697,0
1667,2.8173,10.2673,0.0016,0.0000,0,0,0.0000,0,0.0000,0,0,0,697,0
1668,5.1307,6.4655,0.0075,0.0000,0,0,0.0000,0,0.0000,0,0,0,602,0
1669,2.8064,5.8810,0.0015,0.0000,0,0,0.0000,0,0.0000,0,0,0,602,0
1670,2.7329,9.7132,0.0033,0.0000,0,0,0.0000,0,0.0000,0,0,0,697,0
1671,2.8173,9.6414,0.0031,0.0000,0,0,0.0000,0,0.0000,0,0,0,697,0
1672,5.1307,6.4954,0.0065,0.0000,0,0,0.0000,0,0.0000,0,0,0,602,0
1673,2.8064,5.8990,0.0030,0.0000,0,0,0.0000,0,0.0000,0,0,0,602,0
1674,2.7329,10.1606,0.0065,0.0000,0,0,0.0000,0,0.0000,0,0,0,697,0
1675,2.8173,9.8126,0.0032,0.0000,0,0,0.0000,0,0.0000,0,0,0,697,0
1676,5.1307,6.7547,0.0078,0.0000,0,0,0.0000,0,0.0000,0,0,0,602,0
1677,2.8064,5.7702,0.0017,0.0000,0,0,0.0000,0,0.0000,0,0,0,602,0
1678,2.7329,9.8775,0.0030,0.0000,0,0,0.0000,0,0.0000,0,0,0,697,0
1679,2.8173,9.6300,0.0020,0.0000,0,0,0.0000,0,0.0000,0,0,0,697,0
1680,5.1307,6.4638,0.0069,0.0000,0,0,0.0000,0,0.0000,0,0,0,602,0
1681,2.8064,6.0163,0.0016,0.0000,0,0,0.0000,0,0.0000,0,0,0,602,0
1682,2.7329,9.6366,0.0045,0.0000,0,0,0.0000,0,0.0000,0,0,0,697,0
1683,2.8173,9.7030,0.0025,0.0000,0,0,0.0000,0,0.0000,0,0,0,697,0
1684,5.1307,6.4010,0.0067,0.0000,0,0,0.0000,0,0.0000,0,0,0,602,0
1685,2.8064,6.8543,0.0028,0.0000,0,0,0.0000,0,0.0000,0,0,0,602,0
1686,2.7329,10.8100,0.0073,0.0000,0,0,0.0000,0,0.0000,0,0,0,697,0
1687,2.8173,10.5662,0.0032,0.0000,0,0,0.0000,0,0.0000,0,0,0,697,0
1688,5.1307,5.9452,0.0053,0.0000,0,0,0.0000,0,0.0000,0,0,0,602,0
1689,2.8064,5.6707,0.0027,0.0000,0,0,0.0000,0,0.0000,0,0,0,602,0
1690,2.7329,10.3471,0.0043,0.0000,0,0,0.0000,0,0.0000,0,0,0,697,0
1691,2.8173,9.8920,0.0043,0.0000,0,0,0.0000,0,0.0000,0,0,0,697,0
1692,5.1307,6.2178,0.0025,0.0000,0,0,0.0000,0,0.0000,0,0,0,602,0
1693,2.8064,5.8437,0.0010,0.0000,0,0,0.0000,0,0.0000,0,0,0,602,0
1694,2.7329,10.5258,0.0011,0.0000,0,0,0.0000,0,0.0000,0,0,0,697,0
1695,2.8173,10.3254,0.0121,0.0000,0,0,0.0000,0,0.0000,0,0,0,697,0
1696,5.1307,6.0025,0.0023,0.0000,0,0,0.0000,0,0.0000,0,0,0,602,0
1697,2.8064,5.7124,0.0019,0.0000,0,0,0.0000,0,0.0000,0,0,0,602,0
1698,2.7329,10.4821,0.0010,0.0000,0,0,0.0000,0,0.0000,0,0,0,697,0
1699,2.8173,10.3979,0.0015,0.0000,0,0,0.0000,0,0.0000,0,0,0,697,0
1700,5.1307,6.1436,0.0065,0.0000,0,0,0.0000,0,0.0000,0,0,0,602,0
1701,2.8064,5.9163,0.0065,0.0000,0,0,0.0000,0,0.0000,0,0,0,602,0
1702,2.7329,10.5397,0.0030,0.0000,0,0,0.0000,0,0.0000,0,0,0,697,0
1703,2.8173,10.4485,0.0017,0.0000,0,0,0.0000,0,0.0000,0,0,0,697,0
1704,5.1307,6.3321,0.0060,0.0000,0,0,0.0000,0,0.0000,0,0,0,602,0
1705,2.8064,5.9460,0.0022,0.0000,0,0,0.0000,0,0.0000,0,0,0,602,0
1706,2.7329,9.7747,0.0050,0.0000,0,0,0.0000,0,0.0000,0,0,0,697,0
1707,2.8173,9.5990,0.0026,0.0000,0,0,0.0000,0,0.0000,0,0,0,697,0
1708,5.1307,6.4927,0.0040,0.0000,0,0,0.0000,0,0.0000,0,0,0,602,0
1709,2.8064,5.9147,0.0016,0.0000,0,0,0.0000,0,0.0000,0,0,0,602,0
1710,2.7329,8.0799,0.0013,0.0000,0,0,0.0000,0,0.0000,0,0,0,697,0
1711,2.8173,9.8955,0.0016,0.0000,0,0,0.0000,0,0.0000,0,0,0,697,0
1712,5.1307,6.0943,0.0043,0.0000,0,0,0.0000,0,0.0000,0,0,0,602,0
1713,2.8064,5.6645,0.0039,0.0000,0,0,0.0000,0,0.0000,0,0,0,602,0
1714,2.7329,10.5215,0.0041,0.0000,0,0,0.0000,0,0.0000,0,0,0,697,0
1715,2.8173,10.3422,0.0018,0.0000,0,0,0.0000,0,0.0000,0,0,0,697,0
1716,5.1307,6.1839,0.0025,0.0000,0,0,0.0000,0,0.0000,0,0,0,602,0
1717,2.8064,5.7993,0.0026,0.0000,0,0,0.0000,0,0.0000,0,0,0,602,0
1718,2.7329,10.4886,0.0011,0.0000,0,0,0.0000,0,0.0000,0,0,0,697,0
1719,2.8173,10.3667,0.0008,0.0000,0,0,0.0000,0,0.0000,0,0,0,697,0
1720,5.1307,6.5076,0.0082,0.0000,0,0,0.0000,0,0.0000,0,0,0,602,0
1721,2.8064,5.7122,0.0081,0.0000,0,0,0.0000,0,0.0000,0,0,0,602,0
1722,2.7329,10.1322,0.0060,0.0000,0,0,0.0000,0,0.0000,0,0,0,697,0
1723,2.8173,9.5468,0.0031,0.0000,0,0,0.0000,0,0.0000,0,0,0,697,0
1724,5.1307,6.2973,0.0047,0.0000,0,0,0.0000,0,0.0000,0,0,0,602,0
1725,2.8064,6.0758,0.0016,0.0000,0,0,0.0000,0,0.0000,0,0,0,602,0
1726,2.7329,9.6036,0.0035,0.0000,0,0,0.0000,0,0.0000,0,0,0,697,0
1727,2.8173,9.8574,0.0025,0.0000,0,0,0.0000,0,0.0000,0,0,0,697,0
1728,5.1307,6.3417,0.0067,0.0000,0,0,0.0000,0,0.0000,0,0,0,602,0
1729,2.8064,5.7681,0.0015,0.0000,0,0,0.0000,0,0.0000,0,0,0,602,0
1730,2.7329,11.4391,0.0070,0.0000,0,0,0.0000,0,0.0000,0,0,0,697,0
1731,2.8173,11.0178,0.0018,0.0000,0,0,0.0000,0,0.0000,0,0,0,697,0
1732,5.1307,6.4575,0.0057,0.0000,0,0,0.0000,0,0.0000,0,0,0,602,0
1733,2.8064,5.6379,0.0014,0.0000,0,0,0.0000,0,0.0000,0,0,0,602,0
1734,2.7329,10.5266,0.0054,0.0000,0,0,0.0000,0,0.0000,0,0,0,697,0
1735,2.8173,10.2988,0.0054,0.0000,0,0,0.0000,0,0.0000,0,0,0,697,0
1736,5.1307,6.5960,0.0077,0.0000,0,0,0.0000,0,0.0000,0,0,0,602,0
1737,2.8064,6.0123,0.0020,0.0000,0,0,0.0000,0,0.0000,0,0,0,602,0
1738,2.7329,10.9143,0.0058,0.0000,0,0,0.0000,0,0.0000,0,0,0,697,0
1739,2.8173,10.6471,0.0015,0.0000,0,0,0.0000,0,0.0000,0,0,0,697,0
1740,5.1307,6.4124,0.0043,0.0000,0,0,0.0000,0,0.0000,0,0,0,602,0
1741,2.8064,5.7863,0.0043,0.0000,0,0,0.0000,0,0.0000,0,0,0,602,0
1742,2.7329,10.6115,0.0018,0.0000,0,0,0.0000,0,0.0000,0,0,0,697,0
1743,2.8173,10.4771,0.0007,0.0000,0,0,0.0000,0,0.0000,0,0,0,697,0
1744,5.1307,6.1348,0.0042,0.0000,0,0,0.0000,0,0.0000,0,0,0,602,0
1745,2.8064,5.7068,0.0011,0.0000,0,0,0.0000,0,0.0000,0,0,0,602,0
1746,2.7329,10.7170,0.0017,0.0000,0,0,0.0000,0,0.0000,0,0,0,697,0
1747,2.8173,10.6955,0.0005,0.0000,0,0,0.0000,0,0.0000,0,0,0,697,0
1748,5.1307,6.1410,0.0038,0.0000,0,0,0.0000,0,0.0000,0,0,0,602,0
1749,2.8064,5.7707,0.0015,0.0000,0,0,0.0000,0,0.0000,0,0,0,602,0
1750,2.7329,10.8975,0.0064,0.0000,0,0,0.0000,0,0.0000,0,0,0,697,0
1751,2.8173,10.7585,0.0045,0.0000,0,0,0.0000,0,0.0000,0,0,0,697,0
1752,5.1307,6.1733,0.0015,0.0000,0,0,0.0000,0,0.0000,0,0,0,602,0
1753,2.8064,5.7613,0.0004,0.0000,0,0,0.0000,0,0.0000,0,0,0,602,0
1754,2.7329,10.5221,0.0012,0.0000,0,0,0.0000,0,0.0000,0,0,0,697,0
1755,2.8173,10.4723,0.0007,0.0000,0,0,0.0000,0,0.0000,0,0,0,697,0
1756,5.1307,5.6451,0.0008,0.0000,0,0,0.0000,0,0.0000,0,0,0,602,0
1757,2.8064,5.5052,0.0013,0.0000,0,0,0.0000,0,0.0000,0,0,0,602,0
1758,2.7329,10.8197,0.0054,0.0000,0,0,0.0000,0,0.0000,0,0,0,697,0
1759,2.8173,10.7355,0.0054,0.0000,0,0,0.0000,0,0.0000,0,0,0,697,0
1760,5.1307,6.5531,0.0076,0.0000,0,0,0.0000,0,0.0000,0,0,0,602,0
1761,2.8064,5.9001,0.0019,0.0000,0,0,0.0000,0,0.0000,0,0,0,602,0
1762,2.7329,9.7011,0.0052,0.0000,0,0,0.0000,0,0.0000,0,0,0,697,0
1763,2.8173,9.4556,0.0018,0.0000,0,0,0.0000,0,0.0000,0,0,0,697,0
1764,5.1307,6.6193,0.0081,0.0000,0,0,0.0000,0,0.0000,0,0,0,602,0
1765,2.8064,6.3356,0.0018,0.0000,0,0,0.0000,0,0.0000,0,0,0,602,0
1766,2.7329,9.9485,0.0056,0.0000,0,0,0.0000,0,0.0000,0,0,0,697,0
1767,2.8173,9.7093,0.0022,0.0000,0,0,0.0000,0,0.0000,0,0,0,697,0
1768,5.1307,6.6313,0.0037,0.0000,0,0,0.0000,0,0.0000,0,0,0,602,0
1769,2.8064,5.8254,0.0015,0.0000,0,0,0.0000,0,0.0000,0,0,0,602,0
1770,2.7329,9.7449,0.0098,0.0000,0,0,0.0000,0,0.0000,0,0,0,697,0
1771,2.8173,9.6386,0.0016,0.0000,0,0,0.0000,0,0.0000,0,0,0,697,0
1772,5.1307,6.2055,0.0025,0.0000,0,0,0.0000,0,0.0000,0,0,0,602,0
1773,2.8064,5.6597,0.0015,0.0000,0,0,0.0000,0,0.0000,0,0,0,602,0
1774,2.7329,9.8747,0.0017,0.0000,0,0,0.0000,0,0.0000,0,0,0,697,0
1775,2.8173,9.8193,0.0016,0.0000,0,0,0.0000,0,0.0000,0,0,0,697,0
1776,5.1307,6.3972,0.0104,0.0000,0,0,0.0000,0,0.0000,0,0,0,602,0
1777,2.8064,5.7183,0.0016,0.0000,0,0,0.0000,0,0.0000,0,0,0,602,0
1778,2.7329,10.0170,0.0034,0.0000,0,0,0.0000,0,0.0000,0,0,0,697,0
1779,2.8173,10.0907,0.0025,0.0000,0,0,0.0000,0,0.0000,0,0,0,697,0
1780,5.1307,6.4783,0.0199,0.0000,0,0,0.0000,0,0.0000,0,0,0,602,0
1781,2.8064,5.6839,0.0017,0.0000,0,0,0.0000,0,0.0000,0,0,0,602,0
1782,2.7329,10.4607,0.0064,0.0000,0,0,0.0000,0,0.0000,0,0,0,697,0
1783,2.8173,10.2826,0.0030,0.0000,0,0,0.0000,0,0.0000,0,0,0,697,0
1784,5.1307,6.5197,0.0069,0.0000,0,0,0.0000,0,0.0000,0,0,0,602,0
1785,2.8064,5.8819,0.0023,0.0000,0,0,0.0000,0,0.0000,0,0,0,602,0
1786,2.7329,11.0027,0.1019,0.0000,0,0,0.0000,0,0.0000,0,0,0,697,0
1787,2.8173,10.5229,0.0018,0.0000,0,0,0.0000,0,0.0000,0,0,0,697,0
1788,5.1307,6.3476,0.0041,0.0000,0,0,0.0000,0,0.0000,0,0,0,602,0
1789,2.8064,5.6873,0.0040,0.0000,0,0,0.0000,0,0.0000,0,0,0,602,0
1790,2.7329,10.4994,0.0010,0.0000,0,0,0.0000,0,0.0000,0,0,0,697,0
1791,2.8173,10.4183,0.0010,0.0000,0,0,0.0000,0,0.0000,0,0,0,697,0
1792,5.1307,5.8388,0.0019,0.0000,0,0,0.0000,0,0.0000,0,0,0,602,0
1793,2.8064,5.5875,0.0013,0.0000,0,0,0.0000,0,0.0000,0,0,0,602,0
1794,2.7329,10.5720,0.0033,0.0000,0,0,0.0000,0,0.0000,0,0,0,697,0
1795,2.8173,10.4850,0.0027,0.0000,0,0,0.0000,0,0.0000,0,0,0,697,0
1796,5.1307,6.1621,0.0026,0.0000,0,0,0.0000,0,0.0000,0,0,0,602,0
1797,2.8064,5.7688,0.0005,0.0000,0,0,0.0000,0,0.0000,0,0,0,602,0
1798,2.7329,10.7410,0.0005,0.0000,0,0,0.0000,0,0.0000,0,0,0,697,0
1799,2.8173,10.5717,0.0010,0.0000,0,0,0.0000,0,0.0000,0,0,0,697,0
1800,5.1307,46.6119,0.0122,0.0000,0,0,0.0000,0,0.0000,0,1,0,66998,0
1801,2.8064,29.3569,0.0099,0.0000,0,0,0.0000,0,0.0000,0,1,0,45678,0
1802,2.7329,25.8101,0.0087,0.0000,0,0,0.0000,0,0.0000,0,1,0,73262,0
1803,2.8173,25.4430,0.0071,0.0000,0,0,0.0000,0,0.0000,0,1,0,68742,0
1804,5.1307,6.0588,0.0106,0.0000,0,0,0.0000,0,0.0000,0,0,0,18434,0
1805,2.8064,5.7296,0.0043,0.0000,0,0,0.0000,0,0.0000,0,0,0,13113,0
1806,2.7329,10.3229,0.0022,0.0000,0,0,0.0000,0,0.0000,0,0,0,23484,0
1807,2.8173,10.3472,0.0018,0.0000,0,0,0.0000,0,0.0000,0,0,0,20398,0
1808,5.1307,5.7893,0.0045,0.0000,0,0,0.0000,0,0.0000,0,0,0,19255,0
1809,2.8064,5.6047,0.0031,0.0000,0,0,0.0000,0,0.0000,0,0,0,14108,0
1810,2.7329,10.4785,0.0025,0.0000,0,0,0.0000,0,0.0000,0,0,0,18500,0
1811,2.8173,10.4960,0.0059,0.0000,0,0,0.0000,0,0.0000,0,0,0,19877,0
1812,5.1307,5.8530,0.0204,0.0000,0,0,0.0000,0,0.0000,0,0,0,28914,0
1813,2.8064,5.7335,0.0075,0.0000,0,0,0.0000,0,0.0000,0,0,0,20313,0
1814,2.7329,10.5597,0.0173,0.0000,0,0,0.0000,0,0.0000,0,0,0,25267,0
1815,2.8173,10.5165,0.0601,0.0000,0,0,0.0000,0,0.0000,0,0,0,25193,0
1816,5.1307,5.8301,0.0056,0.0000,0,0,0.0000,0,0.0000,0,0,0,31430,0
1817,2.8064,5.6045,0.0028,0.0000,0,0,0.0000,0,0.0000,0,0,0,20805,0
1818,2.7329,10.3386,0.0053,0.0000,0,0,0.0000,0,0.0000,0,0,0,27293,0
1819,2.8173,10.2890,0.0022,0.0000,0,0,0.0000,0,0.0000,0,0,0,30502,0
1820,5.1307,5.6890,0.0027,0.0000,0,0,0.0000,0,0.0000,0,0,0,32483,0
1821,2.8064,5.5303,0.0105,0.0000,0,0,0.0000,0,0.0000,0,0,0,19061,0
1822,2.7329,10.3994,0.0028,0.0000,0,0,0.0000,0,0.0000,0,0,0,32440,0
1823,2.8173,10.3822,0.0023,0.0000,0,0,0.0000,0,0.0000,0,0,0,33882,0
1824,5.1307,5.7506,0.0035,0.0000,0,0,0.0000,0,0.0000,0,0,0,16713,0
1825,2.8064,5.6542,0.0029,0.0000,0,0,0.0000,0,0.0000,0,0,0,8368,0
1826,2.7329,10.6055,0.0033,0.0000,0,0,0.0000,0,0.0000,0,0,0,18870,0
1827,2.8173,10.6298,0.0020,0.0000,0,0,0.0000,0,0.0000,0,0,0,9142,0
1828,5.1307,5.7007,0.0015,0.0000,0,0,0.0000,0,0.0000,0,0,0,7940,0
1829,2.8064,5.5912,0.0012,0.0000,0,0,0.0000,0,0.0000,0,0,0,5218,0
1830,2.7329,10.5438,0.0014,0.0000,0,0,0.0000,0,0.0000,0,0,0,8197,0
1831,2.8173,10.5420,0.0009,0.0000,0,0,0.0000,0,0.0000,0,0,0,6004,0
1832,5.1307,5.6421,0.0012,0.0000,0,0,0.0000,0,0.0000,0,0,0,5653,0
1833,2.8064,5.6370,0.0009,0.0000,0,0,0.0000,0,0.0000,0,0,0,3709,0
1834,2.7329,10.4241,0.0102,0.0000,0,0,0.0000,0,0.0000,0,0,0,5775,0
1835,2.8173,10.4367,0.0011,0.0000,0,0,0.0000,0,0.0000,0,0,0,5323,0
1836,5.1307,5.7359,0.0013,0.0000,0,0,0.0000,0,0.0000,0,0,0,4964,0
1837,2.8064,5.5926,0.0009,0.0000,0,0,0.0000,0,0.0000,0,0,0,3416,0
1838,2.7329,10.5740,0.0013,0.0000,0,0,0.0000,0,0.0000,0,0,0,5643,0
1839,2.8173,10.5515,0.0010,0.0000,0,0,0.0000,0,0.0000,0,0,0,4829,0
1840,5.1307,5.6318,0.0013,0.0000,0,0,0.0000,0,0.0000,0,0,0,3747,0
1841,2.8064,5.4787,0.0008,0.0000,0,0,0.0000,0,0.0000,0,0,0,2150,0
1842,2.7329,10.4310,0.0009,0.0000,0,0,0.0000,0,0.0000,0,0,0,1507,0
1843,2.8173,10.4200,0.0008,0.0000,0,0,0.0000,0,0.0000,0,0,0,4596,0
1844,5.1307,5.6277,0.0013,0.0000,0,0,0.0000,0,0.0000,0,0,0,2534,0
1845,2.8064,5.4897,0.0008,0.0000,0,0,0.0000,0,0.0000,0,0,0,1591,0
1846,2.7329,10.3798,0.0010,0.0000,0,0,0.0000,0,0.0000,0,0,0,1029,0
1847,2.8173,10.4029,0.0017,0.0000,0,0,0.0000,0,0.0000,0,0,0,3695,0
1848,5.1307,5.7959,0.0014,0.0000,0,0,0.0000,0,0.0000,0,0,0,2258,0
1849,2.8064,5.5655,0.0008,0.0000,0,0,0.0000,0,0.0000,0,0,0,1410,0
1850,2.7329,10.3665,0.0012,0.0000,0,0,0.0000,0,0.0000,0,0,0,1339,0
1851,2.8173,10.3500,0.0010,0.0000,0,0,0.0000,0,0.0000,0,0,0,2653,0
1852,5.1307,5.6392,0.0013,0.0000,0,0,0.0000,0,0.0000,0,0,0,2029,0
1853,2.8064,5.5317,0.0011,0.0000,0,0,0.0000,0,0.0000,0,0,0,659,0
1854,2.7329,10.3427,0.0008,0.0000,0,0,0.0000,0,0.0000,0,0,0,1632,0
1855,2.8173,10.3017,0.0006,0.0000,0,0,0.0000,0,0.0000,0,0,0,988,0
1856,5.1307,5.6594,0.0062,0.0000,0,0,0.0000,0,0.0000,0,0,0,1868,0
1857,2.8064,5.5396,0.0008,0.0000,0,0,0.0000,0,0.0000,0,0,0,602,0
1858,2.7329,10.4359,0.0013,0.0000,0,0,0.0000,0,0.0000,0,0,0,1745,0
1859,2.8173,10.3797,0.0012,0.0000,0,0,0.0000,0,0.0000,0,0,0,1047,0
1860,5.1307,5.7708,0.0016,0.0000,0,0,0.0000,0,0.0000,0,0,0,660,0
1861,2.8064,5.5998,0.0011,0.0000,0,0,0.0000,0,0.0000,0,0,0,602,0
1862,2.7329,10.5718,0.0017,0.0000,0,0,0.0000,0,0.0000,0,0,0,790,0
1863,2.8173,10.5610,0.0011,0.0000,0,0,0.0000,0,0.0000,0,0,0,1138,0
1864,5.1307,5.8608,0.0013,0.0000,0,0,0.0000,0,0.0000,0,0,0,602,0
1865,2.8064,5.6956,0.0010,0.0000,0,0,0.0000,0,0.0000,0,0,0,602,0
1866,2.7329,10.4124,0.0018,0.0000,0,0,0.0000,0,0.0000,0,0,0,697,0
1867,2.8173,10.3745,0.0012,0.0000,0,0,0.0000,0,0.0000,0,0,0,751,0
1868,5.1307,5.7652,0.0013,0.0000,0,0,0.0000,0,0.0000,0,0,0,602,0
1869,2.8064,5.6120,0.0013,0.0000,0,0,0.0000,0,0.0000,0,0,0,602,0
1870,2.7329,10.4260,0.0018,0.0000,0,0,0.0000,0,0.0000,0,0,0,697,0
1871,2.8173,10.3319,0.0013,0.0000,0,0,0.0000,0,0.0000,0,0,0,716,0
1872,5.1307,6.0160,0.0014,0.0000,0,0,0.0000,0,0.0000,0,0,0,602,0
1873,2.8064,5.7230,0.0010,0.0000,0,0,0.0000,0,0.0000,0,0,0,602,0
1874,2.7329,10.6329,0.0019,0.0000,0,0,0.0000,0,0.0000,0,0,0,697,0
1875,2.8173,10.5647,0.0026,0.0000,0,0,0.0000,0,0.0000,0,0,0,702,0
1876,5.1307,5.9727,0.0025,0.0000,0,0,0.0000,0,0.0000,0,0,0,602,0
1877,2.8064,5.6936,0.0021,0.0000,0,0,0.0000,0,0.0000,0,0,0,602,0
1878,2.7329,10.5311,0.0018,0.0000,0,0,0.0000,0,0.0000,0,0,0,697,0
1879,2.8173,10.4778,0.0017,0.0000,0,0,0.0000,0,0.0000,0,0,0,725,0
1880,5.1307,6.0453,0.0037,0.0000,0,0,0.0000,0,0.0000,0,0,0,602,0
1881,2.8064,5.7073,0.0015,0.0000,0,0,0.0000,0,0.0000,0,0,0,602,0
1882,2.7329,10.4023,0.0021,0.0000,0,0,0.0000,0,0.0000,0,0,0,749,0
1883,2.8173,10.3042,0.0022,0.0000,0,0,0.0000,0,0.0000,0,0,0,697,0
1884,5.1307,6.1643,0.0052,0.0000,0,0,0.0000,0,0.0000,0,0,0,602,0
1885,2.8064,5.7757,0.0020,0.0000,0,0,0.0000,0,0.0000,0,0,0,602,0
1886,2.7329,10.6558,0.0012,0.0000,0,0,0.0000,0,0.0000,0,0,0,697,0
1887,2.8173,10.5408,0.0007,0.0000,0,0,0.0000,0,0.0000,0,0,0,697,0
1888,5.1307,5.8003,0.0019,0.0000,0,0,0.0000,0,0.0000,0,0,0,602,0
1889,2.8064,5.6169,0.0017,0.0000,0,0,0.0000,0,0.0000,0,0,0,602,0
1890,2.7329,10.5608,0.0005,0.0000,0,0,0.0000,0,0.0000,0,0,0,697,0
1891,2.8173,10.3733,0.0005,0.0000,0,0,0.0000,0,0.0000,0,0,0,697,0
1892,5.1307,5.6901,0.0014,0.0000,0,0,0.0000,0,0.0000,0,0,0,602,0
1893,2.8064,5.5787,0.0026,0.0000,0,0,0.0000,0,0.0000,0,0,0,602,0
1894,2.7329,10.6249,0.0012,0.0000,0,0,0.0000,0,0.0000,0,0,0,697,0
1895,2.8173,10.6555,0.0017,0.0000,0,0,0.0000,0,0.0000,0,0,0,697,0
1896,5.1307,5.8720,0.0068,0.0000,0,0,0.0000,0,0.0000,0,0,0,602,0
1897,2.8064,5.6693,0.0006,0.0000,0,0,0.0000,0,0.0000,0,0,0,602,0
1898,2.7329,10.6047,0.0008,0.0000,0,0,0.0000,0,0.0000,0,0,0,697,0
1899,2.8173,10.5282,0.0005,0.0000,0,0,0.0000,0,0.0000,0,0,0,702,0
1900,5.1307,5.9287,0.0041,0.0000,0,0,0.0000,0,0.0000,0,0,0,602,0
1901,2.8064,5.7265,0.0008,0.0000,0,0,0.0000,0,0.0000,0,0,0,602,0
1902,2.7329,10.6210,0.0020,0.0000,0,0,0.0000,0,0.0000,0,0,0,697,0
1903,2.8173,10.5423,0.0008,0.0000,0,0,0.0000,0,0.0000,0,0,0,697,0
1904,5.1307,5.9023,0.0011,0.0000,0,0,0.0000,0,0.0000,0,0,0,602,0
1905,2.8064,5.5740,0.0004,0.0000,0,0,0.0000,0,0.0000,0,0,0,602,0
1906,2.7329,10.4362,0.0009,0.0000,0,0,0.0000,0,0.0000,0,0,0,697,0
1907,2.8173,10.4118,0.0005,0.0000,0,0,0.0000,0,0.0000,0,0,0,711,0
1908,5.1307,5.6859,0.0022,0.0000,0,0,0.0000,0,0.0000,0,0,0,602,0
1909,2.8064,5.5024,0.0022,0.0000,0,0,0.0000,0,0.0000,0,0,0,602,0
1910,2.7329,10.5217,0.0015,0.0000,0,0,0.0000,0,0.0000,0,0,0,697,0
1911,2.8173,10.5305,0.0005,0.0000,0,0,0.0000,0,0.0000,0,0,0,697,0
1912,5.1307,6.3806,0.0057,0.0000,0,0,0.0000,0,0.0000,0,0,0,602,0
1913,2.8064,5.6805,0.0057,0.0000,0,0,0.0000,0,0.0000,0,0,0,602,0
1914,2.7329,10.7393,0.0051,0.0000,0,0,0.0000,0,0.0000,0,0,0,697,0
1915,2.8173,10.5288,0.0021,0.0000,0,0,0.0000,0,0.0000,0,0,0,697,0
1916,5.1307,6.3746,0.0055,0.0000,0,0,0.0000,0,0.0000,0,0,0,602,0
1917,2.8064,5.7337,0.0015,0.0000,0,0,0.0000,0,0.0000,0,0,0,602,0
1918,2.7329,10.5035,0.0047,0.0000,0,0,0.0000,0,0.0000,0,0,0,697,0
1919,2.8173,10.2583,0.0028,0.0000,0,0,0.0000,0,0.0000,0,0,0,697,0
1920,5.1307,6.2123,0.0046,0.0000,0,0,0.0000,0,0.0000,0,0,0,602,0
1921,2.8064,5.8378,0.0021,0.0000,0,0,0.0000,0,0.0000,0,0,0,602,0
1922,2.7329,9.8630,0.0053,0.0000,0,0,0.0000,0,0.0000,0,0,0,697,0
1923,2.8173,9.9074,0.0027,0.0000,0,0,0.0000,0,0.0000,0,0,0,697,0
1924,5.1307,6.2614,0.0046,0.0000,0,0,0.0000,0,0.0000,0,0,0,602,0
1925,2.8064,5.7830,0.0022,0.0000,0,0,0.0000,0,0.0000,0,0,0,602,0
1926,2.7329,10.2282,0.0048,0.0000,0,0,0.0000,0,0.0000,0,0,0,702,0
1927,2.8173,10.1367,0.0023,0.0000,0,0,0.0000,0,0.0000,0,0,0,697,0
1928,5.1307,6.2524,0.0047,0.0000,0,0,0.0000,0,0.0000,0,0,0,602,0
1929,2.8064,5.7598,0.0014,0.0000,0,0,0.0000,0,0.0000,0,0,0,602,0
1930,2.7329,9.9535,0.0025,0.0000,0,0,0.0000,0,0.0000,0,0,0,697,0
1931,2.8173,10.0025,0.0027,0.0000,0,0,0.0000,0,0.0000,0,0,0,697,0
1932,5.1307,6.4277,0.0052,0.0000,0,0,0.0000,0,0.0000,0,0,0,602,0
1933,2.8064,5.7911,0.0022,0.0000,0,0,0.0000,0,0.0000,0,0,0,602,0
1934,2.7329,10.3915,0.0057,0.0000,0,0,0.0000,0,0.0000,0,0,0,697,0
1935,2.8173,9.8545,0.0031,0.0000,0,0,0.0000,0,0.0000,0,0,0,697,0
1936,5.1307,6.5694,0.0052,0.0000,0,0,0.0000,0,0.0000,0,0,0,602,0
1937,2.8064,5.7767,0.0015,0.0000,0,0,0.0000,0,0.0000,0,0,0,602,0
1938,2.7329,9.9243,0.0030,0.0000,0,0,0.0000,0,0.0000,0,0,0,697,0
1939,2.8173,9.8026,0.0025,0.0000,0,0,0.0000,0,0.0000,0,0,0,697,0
1940,5.1307,6.6006,0.0066,0.0000,0,0,0.0000,0,0.0000,0,0,0,602,0
1941,2.8064,5.8967,0.0032,0.0000,0,0,0.0000,0,0.0000,0,0,0,602,0
1942,2.7329,10.2993,0.0051,0.0000,0,0,0.0000,0,0.0000,0,0,0,697,0
1943,2.8173,10.0632,0.0032,0.0000,0,0,0.0000,0,0.0000,0,0,0,697,0
1944,5.1307,6.5090,0.0047,0.0000,0,0,0.0000,0,0.0000,0,0,0,602,0
1945,2.8064,5.9483,0.0016,0.0000,0,0,0.0000,0,0.0000,0,0,0,602,0
1946,2.7329,8.4222,0.0029,0.0000,0,0,0.0000,0,0.0000,0,0,0,697,0
1947,2.8173,10.1777,0.0026,0.0000,0,0,0.0000,0,0.0000,0,0,0,697,0
1948,5.1307,6.4386,0.0078,0.0000,0,0,0.0000,0,0.0000,0,0,0,602,0
1949,2.8064,5.8118,0.0018,0.0000,0,0,0.0000,0,0.0000,0,0,0,602,0
1950,2.7329,8.2329,0.0016,0.0000,0,0,0.0000,0,0.0000,0,0,0,697,0
1951,2.8173,8.1249,0.0015,0.0000,0,0,0.0000,0,0.0000,0,0,0,697,0
1952,5.1307,6.5680,0.0083,0.0000,0,0,0.0000,0,0.0000,0,0,0,602,0
1953,2.8064,6.1755,0.0018,0.0000,0,0,0.0000,0,0.0000,0,0,0,602,0
1954,2.7329,9.6495,0.0017,0.0000,0,0,0.0000,0,0.0000,0,0,0,697,0
1955,2.8173,10.2434,0.0021,0.0000,0,0,0.0000,0,0.0000,0,0,0,697,0
1956,5.1307,6.3335,0.0057,0.0000,0,0,0.0000,0,0.0000,0,0,0,602,0
1957,2.8064,5.6924,0.0018,0.0000,0,0,0.0000,0,0.0000,0,0,0,602,0
1958,2.7329,10.5382,0.0052,0.0000,0,0,0.0000,0,0.0000,0,0,0,697,0
1959,2.8173,10.1812,0.0052,0.0000,0,0,0.0000,0,0.0000,0,0,0,697,0
1960,5.1307,6.9475,0.0054,0.0000,0,0,0.0000,0,0.0000,0,0,0,602,0
1961,2.8064,5.9205,0.0023,0.0000,0,0,0.0000,0,0.0000,0,0,0,602,0
1962,2.7329,10.1095,0.0033,0.0000,0,0,0.0000,0,0.0000,0,0,0,697,0
1963,2.8173,9.8896,0.0030,0.0000,0,0,0.0000,0,0.0000,0,0,0,697,0
1964,5.1307,6.3933,0.0047,0.0000,0,0,0.0000,0,0.0000,0,0,0,602,0
1965,2.8064,5.7906,0.0014,0.0000,0,0,0.0000,0,0.0000,0,0,0,602,0
1966,2.7329,9.0513,0.0025,0.0000,0,0,0.0000,0,0.0000,0,0,0,697,0
1967,2.8173,10.1655,0.0026,0.0000,0,0,0.0000,0,0.0000,0,0,0,697,0
1968,5.1307,6.3610,0.0056,0.0000,0,0,0.0000,0,0.0000,0,0,0,602,0
1969,2.8064,5.7588,0.0017,0.0000,0,0,0.0000,0,0.0000,0,0,0,602,0
1970,2.7329,10.1357,0.0061,0.0000,0,0,0.0000,0,0.0000,0,0,0,701,0
1971,2.8173,9.7196,0.0029,0.0000,0,0,0.0000,0,0.0000,0,0,0,697,0
1972,5.1307,6.5491,0.0060,0.0000,0,0,0.0000,0,0.0000,0,0,0,602,0
1973,2.8064,6.0400,0.0017,0.0000,0,0,0.0000,0,0.0000,0,0,0,602,0
1974,2.7329,8.2970,0.0029,0.0000,0,0,0.0000,0,0.0000,0,0,0,697,0
1975,2.8173,10.3662,0.0043,0.0000,0,0,0.0000,0,0.0000,0,0,0,697,0
1976,5.1307,6.7715,0.0047,0.0000,0,0,0.0000,0,0.0000,0,0,0,602,0
1977,2.8064,5.8777,0.0016,0.0000,0,0,0.0000,0,0.0000,0,0,0,602,0
1978,2.7329,9.7832,0.0025,0.0000,0,0,0.0000,0,0.0000,0,0,0,697,0
1979,2.8173,9.7201,0.0028,0.0000,0,0,0.0000,0,0.0000,0,0,0,697,0
1980,5.1307,6.3139,0.0046,0.0000,0,0,0.0000,0,0.0000,0,0,0,602,0
1981,2.8064,5.8162,0.0021,0.0000,0,0,0.0000,0,0.0000,0,0,0,602,0
1982,2.7329,9.7412,0.0040,0.0000,0,0,0.0000,0,0.0000,0,0,0,697,0
1983,2.8173,10.0483,0.0025,0.0000,0,0,0.0000,0,0.0000,0,0,0,697,0
1984,5.1307,6.6630,0.0076,0.0000,0,0,0.0000,0,0.0000,0,0,0,602,0
1985,2.8064,5.9825,0.0019,0.0000,0,0,0.0000,0,0.0000,0,0,0,602,0
1986,2.7329,7.9939,0.0017,0.0000,0,0,0.0000,0,0.0000,0,0,0,697,0
1987,2.8173,8.3029,0.0020,0.0000,0,0,0.0000,0,0.0000,0,0,0,697,0
1988,5.1307,6.7768,0.0018,0.0000,0,0,0.0000,0,0.0000,0,0,0,602,0
1989,2.8064,6.0203,0.0030,0.0000,0,0,0.0000,0,0.0000,0,0,0,602,0
1990,2.7329,5.9958,0.0015,0.0000,0,0,0.0000,0,0.0000,0,0,0,697,0
1991,2.8173,10.3557,0.0021,0.0000,0,0,0.0000,0,0.0000,0,0,0,697,0
1992,5.1307,6.1495,0.0023,0.0000,0,0,0.0000,0,0.0000,0,0,0,602,0
1993,2.8064,5.7618,0.0022,0.0000,0,0,0.0000,0,0.0000,0,0,0,602,0
1994,2.7329,10.7675,0.0039,0.0000,0,0,0.0000,0,0.0000,0,0,0,697,0
1995,2.8173,10.6660,0.0015,0.0000,0,0,0.0000,0,0.0000,0,0,0,697,0
1996,5.1307,6.2413,0.0028,0.0000,0,0,0.0000,0,0.0000,0,0,0,602,0
1997,2.8064,5.8245,0.0027,0.0000,0,0,0.0000,0,0.0000,0,0,0,602,0
1998,2.7329,10.6407,0.0007,0.0000,0,0,0.0000,0,0.0000,0,0,0,697,0
1999,2.8173,10.6420,0.0005,0.0000,0,0,0.0000,0,0.0000,0,0,0,697,0
2000,5.1307,5.8360,0.0018,0.0000,0,0,0.0000,0,0.0000,0,0,0,602,0
2001,2.8064,5.6070,0.0009,0.0000,0,0,0.0000,0,0.0000,0,0,0,602,0
2002,2.7329,10.6454,0.0007,0.0000,0,0,0.0000,0,0.0000,0,0,0,697,0
2003,2.8173,10.6715,0.0005,0.0000,0,0,0.0000,0,0.0000,0,0,0,697,0
2004,5.1307,5.9517,0.0012,0.0000,0,0,0.0000,0,0.0000,0,0,0,602,0
2005,2.8064,5.7590,0.0008,0.0000,0,0,0.0000,0,0.0000,0,0,0,602,0
2006,2.7329,10.9373,0.0064,0.0000,0,0,0.0000,0,0.0000,0,0,0,697,0
2007,2.8173,10.8540,0.0063,0.0000,0,0,0.0000,0,0.0000,0,0,0,697,0
2008,5.1307,6.3398,0.0008,0.0000,0,0,0.0000,0,0.0000,0,0,0,602,0
2009,2.8064,5.7852,0.0006,0.0000,0,0,0.0000,0,0.0000,0,0,0,602,0
2010,2.7329,9.4092,0.0020,0.0000,0,0,0.0000,0,0.0000,0,0,0,697,0
2011,2.8173,9.1233,0.0005,0.0000,0,0,0.0000,0,0.0000,0,0,0,697,0
2012,5.1307,5.9474,0.0024,0.0000,0,0,0.0000,0,0.0000,0,0,0,602,0
2013,2.8064,5.5481,0.0008,0.0000,0,0,0.0000,0,0.0000,0,0,0,602,0
2014,2.7329,10.2408,0.0010,0.0000,0,0,0.0000,0,0.0000,0,0,0,697,0
2015,2.8173,10.1387,0.0005,0.0000,0,0,0.0000,0,0.0000,0,0,0,697,0
2016,5.1307,5.8598,0.0014,0.0000,0,0,0.0000,0,0.0000,0,0,0,602,0
2017,2.8064,5.5823,0.0009,0.0000,0,0,0.0000,0,0.0000,0,0,0,602,0
2018,2.7329,10.5204,0.0007,0.0000,0,0,0.0000,0,0.0000,0,0,0,697,0
2019,2.8173,10.5238,0.0006,0.0000,0,0,0.0000,0,0.0000,0,0,0,697,0
2020,5.1307,5.7716,0.0022,0.0000,0,0,0.0000,0,0.0000,0,0,0,602,0
2021,2.8064,5.5683,0.0009,0.0000,0,0,0.0000,0,0.0000,0,0,0,602,0
2022,2.7329,10.5437,0.0019,0.0000,0,0,0.0000,0,0.0000,0,0,0,697,0
2023,2.8173,10.5096,0.0016,0.0000,0,0,0.0000,0,0.0000,0,0,0,697,0
2024,5.1307,5.7978,0.0012,0.0000,0,0,0.0000,0,0.0000,0,0,0,602,0
2025,2.8064,5.6780,0.0005,0.0000,0,0,0.0000,0,0.0000,0,0,0,602,0
2026,2.7329,10.7090,0.0056,0.0000,0,0,0.0000,0,0.0000,0,0,0,697,0
2027,2.8173,10.6211,0.0018,0.0000,0,0,0.0000,0,0.0000,0,0,0,697,0
2028,5.1307,6.2605,0.0130,0.0000,0,0,0.0000,0,0.0000,0,0,0,602,0
2029,2.8064,5.8520,0.0029,0.0000,0,0,0.0000,0,0.0000,0,0,0,602,0
2030,2.7329,9.9753,0.0028,0.0000,0,0,0.0000,0,0.0000,0,0,0,697,0
2031,2.8173,9.9232,0.0028,0.0000,0,0,0.0000,0,0.0000,0,0,0,697,0
2032,5.1307,6.2736,0.0046,0.0000,0,0,0.0000,0,0.0000,0,0,0,602,0
2033,2.8064,5.7767,0.0015,0.0000,0,0,0.0000,0,0.0000,0,0,0,602,0
2034,2.7329,9.6549,0.0046,0.0000,0,0,0.0000,0,0.0000,0,0,0,697,0
2035,2.8173,9.2669,0.0027,0.0000,0,0,0.0000,0,0.0000,0,0,0,697,0
2036,5.1307,5.8841,0.0034,0.0000,0,0,0.0000,0,0.0000,0,0,0,602,0
2037,2.8064,5.6295,0.0016,0.0000,0,0,0.0000,0,0.0000,0,0,0,602,0
2038,2.7329,10.2923,0.0016,0.0000,0,0,0.0000,0,0.0000,0,0,0,697,0
2039,2.8173,10.1893,0.0016,0.0000,0,0,0.0000,0,0.0000,0,0,0,697,0
2040,5.1307,5.9314,0.0017,0.0000,0,0,0.0000,0,0.0000,0,0,0,602,0
2041,2.8064,5.5810,0.0016,0.0000,0,0,0.0000,0,0.0000,0,0,0,602,0
2042,2.7329,10.4012,0.0013,0.0000,0,0,0.0000,0,0.0000,0,0,0,697,0
2043,2.8173,10.3569,0.0013,0.0000,0,0,0.0000,0,0.0000,0,0,0,697,0
2044,5.1307,5.9021,0.0015,0.0000,0,0,0.0000,0,0.0000,0,0,0,602,0
2045,2.8064,5.6956,0.0015,0.0000,0,0,0.0000,0,0.0000,0,0,0,602,0
2046,2.7329,10.4387,0.0014,0.0000,0,0,0.0000,0,0.0000,0,0,0,697,0
2047,2.8173,10.3795,0.0014,0.0000,0,0,0.0000,0,0.0000,0,0,0,697,0
2048,5.1307,5.7834,0.0022,0.0000,0,0,0.0000,0,0.0000,0,0,0,602,0
2049,2.8064,5.5902,0.0015,0.0000,0,0,0.0000,0,0.0000,0,0,0,602,0
2050,2.7329,10.3852,0.0017,0.0000,0,0,0.0000,0,0.0000,0,0,0,697,0
2051,2.8173,10.3017,0.0017,0.0000,0,0,0.0000,0,0.0000,0,0,0,697,0
2052,5.1307,5.7641,0.0087,0.0000,0,0,0.0000,0,0.0000,0,0,0,602,0
2053,2.8064,5.6612,0.0016,0.0000,0,0,0.0000,0,0.0000,0,0,0,602,0
2054,2.7329,10.4473,0.0069,0.0000,0,0,0.0000,0,0.0000,0,0,0,697,0
2055,2.8173,10.2447,0.0068,0.0000,0,0,0.0000,0,0.0000,0,0,0,697,0
2056,5.1307,6.4322,0.0056,0.0000,0,0,0.0000,0,0.0000,0,0,0,602,0
2057,2.8064,6.1786,0.0088,0.0000,0,0,0.0000,0,0.0000,0,0,0,602,0
2058,2.7329,9.2584,0.0039,0.0000,0,0,0.0000,0,0.0000,0,0,0,697,0
2059,2.8173,9.7993,0.0032,0.0000,0,0,0.0000,0,0.0000,0,0,0,697,0
2060,5.1307,6.4053,0.0062,0.0000,0,0,0.0000,0,0.0000,0,0,0,602,0
2061,2.8064,5.9530,0.0030,0.0000,0,0,0.0000,0,0.0000,0,0,0,602,0
2062,2.7329,9.6923,0.0045,0.0000,0,0,0.0000,0,0.0000,0,0,0,697,0
2063,2.8173,9.5611,0.0024,0.0000,0,0,0.0000,0,0.0000,0,0,0,697,0
2064,5.1307,6.6258,0.0045,0.0000,0,0,0.0000,0,0.0000,0,0,0,602,0
2065,2.8064,5.8859,0.0018,0.0000,0,0,0.0000,0,0.0000,0,0,0,602,0
2066,2.7329,11.0449,0.0060,0.0000,0,0,0.0000,0,0.0000,0,0,0,697,0
2067,2.8173,11.0442,0.0032,0.0000,0,0,0.0000,0,0.0000,0,0,0,697,0
2068,5.1307,6.2088,0.0020,0.0000,0,0,0.0000,0,0.0000,0,0,0,602,0
2069,2.8064,5.8734,0.0022,0.0000,0,0,0.0000,0,0.0000,0,0,0,602,0
2070,2.7329,9.6063,0.0027,0.0000,0,0,0.0000,0,0.0000,0,0,0,697,0
2071,2.8173,7.8933,0.0021,0.0000,0,0,0.0000,0,0.0000,0,0,0,697,0
2072,5.1307,6.2761,0.0057,0.0000,0,0,0.0000,0,0.0000,0,0,0,602,0
2073,2.8064,5.7715,0.0056,0.0000,0,0,0.0000,0,0.0000,0,0,0,602,0
2074,2.7329,10.5636,0.0045,0.0000,0,0,0.0000,0,0.0000,0,0,0,697,0
2075,2.8173,10.3283,0.0045,0.0000,0,0,0.0000,0,0.0000,0,0,0,697,0
2076,5.1307,6.0518,0.0046,0.0000,0,0,0.0000,0,0.0000,0,0,0,602,0
2077,2.8064,5.6443,0.0037,0.0000,0,0,0.0000,0,0.0000,0,0,0,602,0
2078,2.7329,10.4086,0.0025,0.0000,0,0,0.0000,0,0.0000,0,0,0,697,0
2079,2.8173,10.4393,0.0016,0.0000,0,0,0.0000,0,0.0000,0,0,0,697,0
2080,5.1307,6.0042,0.0035,0.0000,0,0,0.0000,0,0.0000,0,0,0,602,0
2081,2.8064,5.7787,0.0010,0.0000,0,0,0.0000,0,0.0000,0,0,0,602,0
2082,2.7329,10.3790,0.0024,0.0000,0,0,0.0000,0,0.0000,0,0,0,697,0
2083,2.8173,10.3426,0.0007,0.0000,0,0,0.0000,0,0.0000,0,0,0,697,0
2084,5.1307,5.8807,0.0030,0.0000,0,0,0.0000,0,0.0000,0,0,0,602,0
2085,2.8064,6.1014,0.0199,0.0000,0,0,0.0000,0,0.0000,0,0,0,602,0
2086,2.7329,9.1180,0.0023,0.0000,0,0,0.0000,0,0.0000,0,0,0,697,0
2087,2.8173,10.4165,0.0018,0.0000,0,0,0.0000,0,0.0000,0,0,0,697,0
2088,5.1307,6.9241,0.0043,0.0000,0,0,0.0000,0,0.0000,0,0,0,602,0
2089,2.8064,6.2364,0.0043,0.0000,0,0,0.0000,0,0.0000,0,0,0,602,0
2090,2.7329,8.2558,0.0040,0.0000,0,0,0.0000,0,0.0000,0,0,0,697,0
2091,2.8173,8.1512,0.0019,0.0000,0,0,0.0000,0,0.0000,0,0,0,697,0
2092,5.1307,6.0180,0.0032,0.0000,0,0,0.0000,0,0.0000,0,0,0,602,0
2093,2.8064,5.5988,0.0012,0.0000,0,0,0.0000,0,0.0000,0,0,0,602,0
2094,2.7329,10.1207,0.0010,0.0000,0,0,0.0000,0,0.0000,0,0,0,697,0
2095,2.8173,10.1206,0.0010,0.0000,0,0,0.0000,0,0.0000,0,0,0,697,0
2096,5.1307,6.2296,0.0046,0.0000,0,0,0.0000,0,0.0000,0,0,0,602,0
2097,2.8064,5.7845,0.0017,0.0000,0,0,0.0000,0,0.0000,0,0,0,602,0
2098,2.7329,10.3349,0.0026,0.0000,0,0,0.0000,0,0.0000,0,0,0,697,0
2099,2.8173,10.2787,0.0019,0.0000,0,0,0.0000,0,0.0000,0,0,0,697,0
2100,5.1307,6.2555,0.0053,0.0000,0,0,0.0000,0,0.0000,0,0,0,602,0
2101,2.8064,5.8883,0.0025,0.0000,0,0,0.0000,0,0.0000,0,0,0,602,0
2102,2.7329,10.0075,0.0028,0.0000,0,0,0.0000,0,0.0000,0,0,0,697,0
2103,2.8173,9.9135,0.0025,0.0000,0,0,0.0000,0,0.0000,0,0,0,697,0
2104,5.1307,6.2188,0.0049,0.0000,0,0,0.0000,0,0.0000,0,0,0,602,0
2105,2.8064,5.8428,0.0017,0.0000,0,0,0.0000,0,0.0000,0,0,0,602,0
2106,2.7329,9.8444,0.0032,0.0000,0,0,0.0000,0,0.0000,0,0,0,697,0
2107,2.8173,9.9250,0.0027,0.0000,0,0,0.0000,0,0.0000,0,0,0,697,0
2108,5.1307,6.1242,0.0049,0.0000,0,0,0.0000,0,0.0000,0,0,0,602,0
2109,2.8064,5.8537,0.0020,0.0000,0,0,0.0000,0,0.0000,0,0,0,602,0
2110,2.7329,9.9421,0.0060,0.0000,0,0,0.0000,0,0.0000,0,0,0,697,0
2111,2.8173,10.1431,0.0027,0.0000,0,0,0.0000,0,0.0000,0,0,0,697,0
2112,5.1307,6.2380,0.0027,0.0000,0,0,0.0000,0,0.0000,0,0,0,602,0
2113,2.8064,8.0776,0.0008,0.0000,0,0,0.0000,0,0.0000,0,0,0,602,0
2114,2.7329,7.6348,0.0009,0.0000,0,0,0.0000,0,0.0000,0,0,0,697,0
2115,2.8173,10.4988,0.0047,0.0000,0,0,0.0000,0,0.0000,0,0,0,697,0
2116,5.1307,6.0629,0.0026,0.0000,0,0,0.0000,0,0.0000,0,0,0,602,0
2117,2.8064,5.5961,0.0022,0.0000,0,0,0.0000,0,0.0000,0,0,0,602,0
2118,2.7329,10.4361,0.0047,0.0000,0,0,0.0000,0,0.0000,0,0,0,697,0
2119,2.8173,10.0750,0.0046,0.0000,0,0,0.0000,0,0.0000,0,0,0,697,0
2120,5.1307,6.0235,0.0031,0.0000,0,0,0.0000,0,0.0000,0,0,0,602,0
2121,2.8064,5.7075,0.0027,0.0000,0,0,0.0000,0,0.0000,0,0,0,602,0
2122,2.7329,10.6615,0.0069,0.0000,0,0,0.0000,0,0.0000,0,0,0,697,0
2123,2.8173,10.5076,0.0069,0.0000,0,0,0.0000,0,0.0000,0,0,0,697,0
2124,5.1307,6.5371,0.0208,0.0000,0,0,0.0000,0,0.0000,0,0,0,602,0
2125,2.8064,7.1011,0.0043,0.0000,0,0,0.0000,0,0.0000,0,0,0,602,0
2126,2.7329,8.9821,0.0036,0.0000,0,0,0.0000,0,0.0000,0,0,0,697,0
2127,2.8173,10.0832,0.0031,0.0000,0,0,0.0000,0,0.0000,0,0,0,697,0
2128,5.1307,6.5344,0.0033,0.0000,0,0,0.0000,0,0.0000,0,0,0,602,0
2129,2.8064,5.6170,0.0007,0.0000,0,0,0.0000,0,0.0000,0,0,0,602,0
2130,2.7329,9.0850,0.0011,0.0000,0,0,0.0000,0,0.0000,0,0,0,697,0
2131,2.8173,10.3367,0.0007,0.0000,0,0,0.0000,0,0.0000,0,0,0,697,0
2132,5.1307,5.9640,0.0032,0.0000,0,0,0.0000,0,0.0000,0,0,0,602,0
2133,2.8064,5.5595,0.0020,0.0000,0,0,0.0000,0,0.0000,0,0,0,602,0
2134,2.7329,10.2785,0.0024,0.0000,0,0,0.0000,0,0.0000,0,0,0,697,0
2135,2.8173,10.1850,0.0004,0.0000,0,0,0.0000,0,0.0000,0,0,0,697,0
2136,5.1307,5.8207,0.0023,0.0000,0,0,0.0000,0,0.0000,0,0,0,602,0
2137,2.8064,5.5374,0.0013,0.0000,0,0,0.0000,0,0.0000,0,0,0,602,0
2138,2.7329,10.8106,0.0061,0.0000,0,0,0.0000,0,0.0000,0,0,0,697,0
2139,2.8173,10.8282,0.0013,0.0000,0,0,0.0000,0,0.0000,0,0,0,697,0
2140,5.1307,6.1602,0.0009,0.0000,0,0,0.0000,0,0.0000,0,0,0,602,0
2141,2.8064,6.4253,0.0060,0.0000,0,0,0.0000,0,0.0000,0,0,0,602,0
2142,2.7329,9.1828,0.0020,0.0000,0,0,0.0000,0,0.0000,0,0,0,697,0
2143,2.8173,9.5809,0.0020,0.0000,0,0,0.0000,0,0.0000,0,0,0,697,0
2144,5.1307,6.4536,0.0081,0.0000,0,0,0.0000,0,0.0000,0,0,0,602,0
2145,2.8064,5.9641,0.0018,0.0000,0,0,0.0000,0,0.0000,0,0,0,602,0
2146,2.7329,10.1655,0.0065,0.0000,0,0,0.0000,0,0.0000,0,0,0,697,0
2147,2.8173,9.5852,0.0022,0.0000,0,0,0.0000,0,0.0000,0,0,0,697,0
2148,5.1307,6.3975,0.0032,0.0000,0,0,0.0000,0,0.0000,0,0,0,602,0
2149,2.8064,5.6216,0.0008,0.0000,0,0,0.0000,0,0.0000,0,0,0,602,0
2150,2.7329,10.1007,0.0013,0.0000,0,0,0.0000,0,0.0000,0,0,0,697,0
2151,2.8173,9.9760,0.0010,0.0000,0,0,0.0000,0,0.0000,0,0,0,697,0
2152,5.1307,6.6605,0.0009,0.0000,0,0,0.0000,0,0.0000,0,0,0,602,0
2153,2.8064,5.6349,0.0008,0.0000,0,0,0.0000,0,0.0000,0,0,0,602,0
2154,2.7329,9.9942,0.0031,0.0000,0,0,0.0000,0,0.0000,0,0,0,697,0
2155,2.8173,9.8978,0.0012,0.0000,0,0,0.0000,0,0.0000,0,0,0,697,0
2156,5.1307,6.1373,0.0035,0.0000,0,0,0.0000,0,0.0000,0,0,0,602,0
2157,2.8064,5.7037,0.0016,0.0000,0,0,0.0000,0,0.0000,0,0,0,602,0
2158,2.7329,10.4953,0.0010,0.0000,0,0,0.0000,0,0.0000,0,0,0,697,0
2159,2.8173,10.4045,0.0012,0.0000,0,0,0.0000,0,0.0000,0,0,0,697,0
2160,5.1307,5.9354,0.0021,0.0000,0,0,0.0000,0,0.0000,0,0,0,602,0
2161,2.8064,5.6849,0.0005,0.0000,0,0,0.0000,0,0.0000,0,0,0,602,0
2162,2.7329,10.8947,0.0075,0.0000,0,0,0.0000,0,0.0000,0,0,0,697,0
2163,2.8173,10.7577,0.0074,0.0000,0,0,0.0000,0,0.0000,0,0,0,697,0
2164,5.1307,7.9087,0.0064,0.0000,0,0,0.0000,0,0.0000,0,0,0,602,0
2165,2.8064,5.9211,0.0027,0.0000,0,0,0.0000,0,0.0000,0,0,0,602,0
2166,2.7329,9.9476,0.0038,0.0000,0,0,0.0000,0,0.0000,0,0,0,697,0
2167,2.8173,10.3795,0.0029,0.0000,0,0,0.0000,0,0.0000,0,0,0,697,0
2168,5.1307,7.0119,0.0022,0.0000,0,0,0.0000,0,0.0000,0,0,0,602,0
2169,2.8064,7.5337,0.0011,0.0000,0,0,0.0000,0,0.0000,0,0,0,602,0
2170,2.7329,7.8922,0.0018,0.0000,0,0,0.0000,0,0.0000,0,0,0,697,0
2171,2.8173,9.6447,0.0012,0.0000,0,0,0.0000,0,0.0000,0,0,0,697,0
2172,5.1307,6.1132,0.0035,0.0000,0,0,0.0000,0,0.0000,0,0,0,602,0
2173,2.8064,5.6549,0.0035,0.0000,0,0,0.0000,0,0.0000,0,0,0,602,0
2174,2.7329,10.5406,0.0018,0.0000,0,0,0.0000,0,0.0000,0,0,0,697,0
2175,2.8173,10.5039,0.0011,0.0000,0,0,0.0000,0,0.0000,0,0,0,697,0
2176,5.1307,6.1232,0.0033,0.0000,0,0,0.0000,0,0.0000,0,0,0,602,0
2177,2.8064,5.8005,0.0027,0.0000,0,0,0.0000,0,0.0000,0,0,0,602,0
2178,2.7329,10.8504,0.0075,0.0000,0,0,0.0000,0,0.0000,0,0,0,697,0
2179,2.8173,10.6973,0.0075,0.0000,0,0,0.0000,0,0.0000,0,0,0,697,0
2180,5.1307,6.4313,0.0065,0.0000,0,0,0.0000,0,0.0000,0,0,0,602,0
2181,2.8064,5.7945,0.0013,0.0000,0,0,0.0000,0,0.0000,0,0,0,602,0
2182,2.7329,10.5915,0.0018,0.0000,0,0,0.0000,0,0.0000,0,0,0,697,0
2183,2.8173,10.1826,0.0019,0.0000,0,0,0.0000,0,0.0000,0,0,0,697,0
2184,5.1307,6.2615,0.0076,0.0000,0,0,0.0000,0,0.0000,0,0,0,602,0
2185,2.8064,5.9204,0.0077,0.0000,0,0,0.0000,0,0.0000,0,0,0,602,0
2186,2.7329,10.7903,0.0054,0.0000,0,0,0.0000,0,0.0000,0,0,0,697,0
2187,2.8173,10.7320,0.0029,0.0000,0,0,0.0000,0,0.0000,0,0,0,697,0
2188,5.1307,6.7631,0.0048,0.0000,0,0,0.0000,0,0.0000,0,0,0,602,0
2189,2.8064,6.0205,0.0031,0.0000,0,0,0.0000,0,0.0000,0,0,0,602,0
2190,2.7329,9.0566,0.0037,0.0000,0,0,0.0000,0,0.0000,0,0,0,697,0
2191,2.8173,11.2919,0.0019,0.0000,0,0,0.0000,0,0.0000,0,0,0,697,0
2192,5.1307,6.0415,0.0038,0.0000,0,0,0.0000,0,0.0000,0,0,0,602,0
2193,2.8064,5.7216,0.0038,0.0000,0,0,0.0000,0,0.0000,0,0,0,602,0
2194,2.7329,10.7232,0.0014,0.0000,0,0,0.0000,0,0.0000,0,0,0,697,0
2195,2.8173,10.6343,0.0006,0.0000,0,0,0.0000,0,0.0000,0,0,0,697,0
2196,5.1307,6.1014,0.0029,0.0000,0,0,0.0000,0,0.0000,0,0,0,602,0
2197,2.8064,5.7294,0.0016,0.0000,0,0,0.0000,0,0.0000,0,0,0,602,0
2198,2.7329,10.5003,0.0038,0.0000,0,0,0.0000,0,0.0000,0,0,0,697,0
2199,2.8173,10.4259,0.0018,0.0000,0,0,0.0000,0,0.0000,0,0,0,697,0
2200,5.1307,6.1443,0.0017,0.0000,0,0,0.0000,0,0.0000,0,0,0,602,0
2201,2.8064,5.7637,0.0014,0.0000,0,0,0.0000,0,0.0000,0,0,0,602,0
2202,2.7329,10.2336,0.0073,0.0000,0,0,0.0000,0,0.0000,0,0,0,697,0
2203,2.8173,10.0065,0.0022,0.0000,0,0,0.0000,0,0.0000,0,0,0,697,0
2204,5.1307,7.4971,0.0010,0.0000,0,0,0.0000,0,0.0000,0,0,0,602,0
2205,2.8064,6.0305,0.0010,0.0000,0,0,0.0000,0,0.0000,0,0,0,602,0
2206,2.7329,8.2444,0.0018,0.0000,0,0,0.0000,0,0.0000,0,0,0,697,0
2207,2.8173,8.9672,0.0011,0.0000,0,0,0.0000,0,0.0000,0,0,0,697,0
2208,5.1307,5.9631,0.0040,0.0000,0,0,0.0000,0,0.0000,0,0,0,602,0
2209,2.8064,5.6827,0.0022,0.0000,0,0,0.0000,0,0.0000,0,0,0,602,0
2210,2.7329,10.4615,0.0021,0.0000,0,0,0.0000,0,0.0000,0,0,0,697,0
2211,2.8173,10.3247,0.0013,0.0000,0,0,0.0000,0,0.0000,0,0,0,697,0
2212,5.1307,6.2248,0.0027,0.0000,0,0,0.0000,0,0.0000,0,0,0,602,0
2213,2.8064,5.8542,0.0013,0.0000,0,0,0.0000,0,0.0000,0,0,0,602,0
2214,2.7329,11.0268,0.0100,0.0000,0,0,0.0000,0,0.0000,0,0,0,697,0
2215,2.8173,10.8559,0.0100,0.0000,0,0,0.0000,0,0.0000,0,0,0,697,0
2216,5.1307,6.4045,0.0052,0.0000,0,0,0.0000,0,0.0000,0,0,0,602,0
2217,2.8064,5.7514,0.0013,0.0000,0,0,0.0000,0,0.0000,0,0,0,602,0
2218,2.7329,10.9263,0.0063,0.0000,0,0,0.0000,0,0.0000,0,0,0,697,0
2219,2.8173,10.8497,0.0025,0.0000,0,0,0.0000,0,0.0000,0,0,0,697,0
2220,5.1307,6.5620,0.0044,0.0000,0,0,0.0000,0,0.0000,0,0,0,602,0
2221,2.8064,5.7058,0.0022,0.0000,0,0,0.0000,0,0.0000,0,0,0,602,0
2222,2.7329,10.3377,0.0037,0.0000,0,0,0.0000,0,0.0000,0,0,0,697,0
2223,2.8173,9.7934,0.0030,0.0000,0,0,0.0000,0,0.0000,0,0,0,697,0
2224,5.1307,6.6187,0.0045,0.0000,0,0,0.0000,0,0.0000,0,0,0,602,0
2225,2.8064,5.8127,0.0020,0.0000,0,0,0.0000,0,0.0000,0,0,0,602,0
2226,2.7329,10.3963,0.0050,0.0000,0,0,0.0000,0,0.0000,0,0,0,697,0
2227,2.8173,10.0414,0.0017,0.0000,0,0,0.0000,0,0.0000,0,0,0,697,0
2228,5.1307,5.9005,0.0022,0.0000,0,0,0.0000,0,0.0000,0,0,0,602,0
2229,2.8064,5.5512,0.0022,0.0000,0,0,0.0000,0,0.0000,0,0,0,602,0
2230,2.7329,10.4920,0.0029,0.0000,0,0,0.0000,0,0.0000,0,0,0,697,0
2231,2.8173,10.4977,0.0029,0.0000,0,0,0.0000,0,0.0000,0,0,0,697,0
2232,5.1307,6.1997,0.0032,0.0000,0,0,0.0000,0,0.0000,0,0,0,602,0
2233,2.8064,5.7732,0.0014,0.0000,0,0,0.0000,0,0.0000,0,0,0,602,0
2234,2.7329,10.4985,0.0014,0.0000,0,0,0.0000,0,0.0000,0,0,0,697,0
2235,2.8173,10.4567,0.0017,0.0000,0,0,0.0000,0,0.0000,0,0,0,697,0
2236,5.1307,5.7469,0.0031,0.0000,0,0,0.0000,0,0.0000,0,0,0,602,0
2237,2.8064,5.5778,0.0015,0.0000,0,0,0.0000,0,0.0000,0,0,0,602,0
2238,2.7329,10.4467,0.0018,0.0000,0,0,0.0000,0,0.0000,0,0,0,697,0
2239,2.8173,10.4147,0.0017,0.0000,0,0,0.0000,0,0.0000,0,0,0,697,0
2240,5.1307,6.2951,0.0017,0.0000,0,0,0.0000,0,0.0000,0,0,0,602,0
2241,2.8064,5.7735,0.0013,0.0000,0,0,0.0000,0,0.0000,0,0,0,602,0
2242,2.7329,9.1158,0.0014,0.0000,0,0,0.0000,0,0.0000,0,0,0,697,0
2243,2.8173,10.2422,0.0010,0.0000,0,0,0.0000,0,0.0000,0,0,0,697,0
2244,5.1307,6.2287,0.0038,0.0000,0,0,0.0000,0,0.0000,0,0,0,602,0
2245,2.8064,5.6601,0.0039,0.0000,0,0,0.0000,0,0.0000,0,0,0,602,0
2246,2.7329,10.4750,0.0019,0.0000,0,0,0.0000,0,0.0000,0,0,0,697,0
2247,2.8173,10.4500,0.0012,0.0000,0,0,0.0000,0,0.0000,0,0,0,697,0
2248,5.1307,6.1364,0.0027,0.0000,0,0,0.0000,0,0.0000,0,0,0,602,0
2249,2.8064,5.7601,0.0019,0.0000,0,0,0.0000,0,0.0000,0,0,0,602,0
2250,2.7329,10.5360,0.0016,0.0000,0,0,0.0000,0,0.0000,0,0,0,697,0
2251,2.8173,10.4787,0.0010,0.0000,0,0,0.0000,0,0.0000,0,0,0,697,0
2252,5.1307,5.9123,0.0024,0.0000,0,0,0.0000,0,0.0000,0,0,0,602,0
2253,2.8064,5.7133,0.0015,0.0000,0,0,0.0000,0,0.0000,0,0,0,602,0
2254,2.7329,10.6785,0.0016,0.0000,0,0,0.0000,0,0.0000,0,0,0,697,0
2255,2.8173,10.6984,0.0019,0.0000,0,0,0.0000,0,0.0000,0,0,0,697,0
2256,5.1307,5.9179,0.0027,0.0000,0,0,0.0000,0,0.0000,0,0,0,602,0
2257,2.8064,5.6370,0.0026,0.0000,0,0,0.0000,0,0.0000,0,0,0,602,0
2258,2.7329,10.3158,0.0007,0.0000,0,0,0.0000,0,0.0000,0,0,0,697,0
2259,2.8173,10.2899,0.0008,0.0000,0,0,0.0000,0,0.0000,0,0,0,697,0
2260,5.1307,5.9043,0.0065,0.0000,0,0,0.0000,0,0.0000,0,0,0,602,0
2261,2.8064,5.6818,0.0064,0.0000,0,0,0.0000,0,0.0000,0,0,0,602,0
2262,2.7329,10.5197,0.0025,0.0000,0,0,0.0000,0,0.0000,0,0,0,697,0
2263,2.8173,10.5590,0.0020,0.0000,0,0,0.0000,0,0.0000,0,0,0,697,0
2264,5.1307,6.3586,0.0047,0.0000,0,0,0.0000,0,0.0000,0,0,0,602,0
2265,2.8064,5.8589,0.0016,0.0000,0,0,0.0000,0,0.0000,0,0,0,602,0
2266,2.7329,9.7523,0.0020,0.0000,0,0,0.0000,0,0.0000,0,0,0,697,0
2267,2.8173,7.4937,0.0019,0.0000,0,0,0.0000,0,0.0000,0,0,0,697,0
2268,5.1307,6.5511,0.0043,0.0000,0,0,0.0000,0,0.0000,0,0,0,602,0
2269,2.8064,5.7982,0.0020,0.0000,0,0,0.0000,0,0.0000,0,0,0,602,0
2270,2.7329,10.0036,0.0062,0.0000,0,0,0.0000,0,0.0000,0,0,0,697,0
2271,2.8173,9.9975,0.0028,0.0000,0,0,0.0000,0,0.0000,0,0,0,697,0
2272,5.1307,6.6303,0.0063,0.0000,0,0,0.0000,0,0.0000,0,0,0,602,0
2273,2.8064,6.0717,0.0017,0.0000,0,0,0.0000,0,0.0000,0,0,0,602,0
2274,2.7329,8.7457,0.0056,0.0000,0,0,0.0000,0,0.0000,0,0,0,697,0
2275,2.8173,8.6989,0.0029,0.0000,0,0,0.0000,0,0.0000,0,0,0,697,0
2276,5.1307,6.5892,0.0042,0.0000,0,0,0.0000,0,0.0000,0,0,0,602,0
2277,2.8064,5.7697,0.0017,0.0000,0,0,0.0000,0,0.0000,0,0,0,602,0
2278,2.7329,9.0808,0.0038,0.0000,0,0,0.0000,0,0.0000,0,0,0,697,0
2279,2.8173,8.1359,0.0018,0.0000,0,0,0.0000,0,0.0000,0,0,0,697,0
2280,5.1307,6.5752,0.0054,0.0000,0,0,0.0000,0,0.0000,0,0,0,602,0
2281,2.8064,5.7383,0.0023,0.0000,0,0,0.0000,0,0.0000,0,0,0,602,0
2282,2.7329,10.2014,0.0032,0.0000,0,0,0.0000,0,0.0000,0,0,0,697,0
2283,2.8173,10.0394,0.0024,0.0000,0,0,0.0000,0,0.0000,0,0,0,697,0
2284,5.1307,6.3680,0.0042,0.0000,0,0,0.0000,0,0.0000,0,0,0,602,0
2285,2.8064,5.7973,0.0018,0.0000,0,0,0.0000,0,0.0000,0,0,0,602,0
2286,2.7329,9.2348,0.0028,0.0000,0,0,0.0000,0,0.0000,0,0,0,697,0
2287,2.8173,9.6910,0.0029,0.0000,0,0,0.0000,0,0.0000,0,0,0,697,0
2288,5.1307,6.2334,0.0050,0.0000,0,0,0.0000,0,0.0000,0,0,0,602,0
2289,2.8064,5.6228,0.0015,0.0000,0,0,0.0000,0,0.0000,0,0,0,602,0
2290,2.7329,10.4295,0.0031,0.0000,0,0,0.0000,0,0.0000,0,0,0,697,0
2291,2.8173,10.1602,0.0049,0.0000,0,0,0.0000,0,0.0000,0,0,0,697,0
2292,5.1307,6.5209,0.0073,0.0000,0,0,0.0000,0,0.0000,0,0,0,602,0
2293,2.8064,6.0848,0.0030,0.0000,0,0,0.0000,0,0.0000,0,0,0,602,0
2294,2.7329,9.9073,0.0027,0.0000,0,0,0.0000,0,0.0000,0,0,0,697,0
2295,2.8173,9.8894,0.0026,0.0000,0,0,0.0000,0,0.0000,0,0,0,697,0
2296,5.1307,6.2713,0.0041,0.0000,0,0,0.0000,0,0.0000,0,0,0,602,0
2297,2.8064,5.6963,0.0015,0.0000,0,0,0.0000,0,0.0000,0,0,0,602,0
2298,2.7329,10.1207,0.0045,0.0000,0,0,0.0000,0,0.0000,0,0,0,697,0
2299,2.8173,9.9651,0.0026,0.0000,0,0,0.0000,0,0.0000,0,0,0,697,0
2300,5.1307,6.4367,0.0066,0.0000,0,0,0.0000,0,0.0000,0,0,0,602,0
2301,2.8064,5.8199,0.0017,0.0000,0,0,0.0000,0,0.0000,0,0,0,602,0
2302,2.7329,9.9067,0.0043,0.0000,0,0,0.0000,0,0.0000,0,0,0,697,0
2303,2.8173,9.6968,0.0021,0.0000,0,0,0.0000,0,0.0000,0,0,0,697,0
2304,5.1307,6.4444,0.0060,0.0000,0,0,0.0000,0,0.0000,0,0,0,602,0
2305,2.8064,5.5768,0.0014,0.0000,0,0,0.0000,0,0.0000,0,0,0,602,0
2306,2.7329,10.4401,0.0052,0.0000,0,0,0.0000,0,0.0000,0,0,0,697,0
2307,2.8173,10.1167,0.0052,0.0000,0,0,0.0000,0,0.0000,0,0,0,697,0
2308,5.1307,6.5316,0.0049,0.0000,0,0,0.0000,0,0.0000,0,0,0,602,0
2309,2.8064,5.7703,0.0015,0.0000,0,0,0.0000,0,0.0000,0,0,0,602,0
2310,2.7329,10.3382,0.0063,0.0000,0,0,0.0000,0,0.0000,0,0,0,697,0
2311,2.8173,9.8182,0.0032,0.0000,0,0,0.0000,0,0.0000,0,0,0,697,0
2312,5.1307,6.5661,0.0052,0.0000,0,0,0.0000,0,0.0000,0,0,0,602,0
2313,2.8064,5.8418,0.0018,0.0000,0,0,0.0000,0,0.0000,0,0,0,602,0
2314,2.7329,12.9681,0.0053,0.0000,0,0,0.0000,0,0.0000,0,0,0,697,0
2315,2.8173,12.6390,0.0016,0.0000,0,0,0.0000,0,0.0000,0,0,0,697,0
2316,5.1307,6.4219,0.0062,0.0000,0,0,0.0000,0,0.0000,0,0,0,602,0
2317,2.8064,5.9469,0.0018,0.0000,0,0,0.0000,0,0.0000,0,0,0,602,0
2318,2.7329,9.8730,0.0024,0.0000,0,0,0.0000,0,0.0000,0,0,0,697,0
2319,2.8173,10.0244,0.0016,0.0000,0,0,0.0000,0,0.0000,0,0,0,697,0
2320,5.1307,6.4994,0.0076,0.0000,0,0,0.0000,0,0.0000,0,0,0,602,0
2321,2.8064,5.7867,0.0012,0.0000,0,0,0.0000,0,0.0000,0,0,0,602,0
2322,2.7329,10.7996,0.0065,0.0000,0,0,0.0000,0,0.0000,0,0,0,697,0
2323,2.8173,10.5704,0.0023,0.0000,0,0,0.0000,0,0.0000,0,0,0,697,0
2324,5.1307,6.7411,0.0087,0.0000,0,0,0.0000,0,0.0000,0,0,0,602,0
2325,2.8064,5.9261,0.0087,0.0000,0,0,0.0000,0,0.0000,0,0,0,602,0
2326,2.7329,10.6950,0.0043,0.0000,0,0,0.0000,0,0.0000,0,0,0,697,0
2327,2.8173,10.2031,0.0033,0.0000,0,0,0.0000,0,0.0000,0,0,0,697,0
2328,5.1307,6.4863,0.0062,0.0000,0,0,0.0000,0,0.0000,0,0,0,602,0
2329,2.8064,5.7608,0.0061,0.0000,0,0,0.0000,0,0.0000,0,0,0,602,0
2330,2.7329,10.3142,0.0027,0.0000,0,0,0.0000,0,0.0000,0,0,0,697,0
2331,2.8173,9.8609,0.0027,0.0000,0,0,0.0000,0,0.0000,0,0,0,697,0
2332,5.1307,6.4119,0.0048,0.0000,0,0,0.0000,0,0.0000,0,0,0,602,0
2333,2.8064,5.7716,0.0023,0.0000,0,0,0.0000,0,0.0000,0,0,0,602,0
2334,2.7329,9.9627,0.0027,0.0000,0,0,0.0000,0,0.0000,0,0,0,697,0
2335,2.8173,9.9874,0.0025,0.0000,0,0,0.0000,0,0.0000,0,0,0,697,0
2336,5.1307,6.3177,0.0060,0.0000,0,0,0.0000,0,0.0000,0,0,0,602,0
2337,2.8064,5.8113,0.0013,0.0000,0,0,0.0000,0,0.0000,0,0,0,602,0
2338,2.7329,10.3353,0.0027,0.0000,0,0,0.0000,0,0.0000,0,0,0,697,0
2339,2.8173,10.0918,0.0027,0.0000,0,0,0.0000,0,0.0000,0,0,0,697,0
2340,5.1307,6.2446,0.0049,0.0000,0,0,0.0000,0,0.0000,0,0,0,602,0
2341,2.8064,5.8043,0.0023,0.0000,0,0,0.0000,0,0.0000,0,0,0,602,0
2342,2.7329,10.3542,0.0049,0.0000,0,0,0.0000,0,0.0000,0,0,0,697,0
2343,2.8173,9.1138,0.0023,0.0000,0,0,0.0000,0,0.0000,0,0,0,697,0
2344,5.1307,5.9655,0.0027,0.0000,0,0,0.0000,0,0.0000,0,0,0,602,0
2345,2.8064,5.4796,0.0028,0.0000,0,0,0.0000,0,0.0000,0,0,0,602,0
2346,2.7329,10.4445,0.0016,0.0000,0,0,0.0000,0,0.0000,0,0,0,697,0
2347,2.8173,10.4273,0.0005,0.0000,0,0,0.0000,0,0.0000,0,0,0,697,0
2348,5.1307,5.8232,0.0010,0.0000,0,0,0.0000,0,0.0000,0,0,0,602,0
2349,2.8064,5.5913,0.0005,0.0000,0,0,0.0000,0,0.0000,0,0,0,602,0
2350,2.7329,10.5156,0.0010,0.0000,0,0,0.0000,0,0.0000,0,0,0,697,0
2351,2.8173,10.5281,0.0007,0.0000,0,0,0.0000,0,0.0000,0,0,0,697,0
2352,5.1307,6.2400,0.0064,0.0000,0,0,0.0000,0,0.0000,0,0,0,602,0
2353,2.8064,5.6775,0.0023,0.0000,0,0,0.0000,0,0.0000,0,0,0,602,0
2354,2.7329,10.4955,0.0056,0.0000,0,0,0.0000,0,0.0000,0,0,0,697,0
2355,2.8173,10.3031,0.0025,0.0000,0,0,0.0000,0,0.0000,0,0,0,697,0
2356,5.1307,6.3352,0.0048,0.0000,0,0,0.0000,0,0.0000,0,0,0,602,0
2357,2.8064,5.8499,0.0020,0.0000,0,0,0.0000,0,0.0000,0,0,0,602,0
2358,2.7329,9.8730,0.0035,0.0000,0,0,0.0000,0,0.0000,0,0,0,697,0
2359,2.8173,9.9823,0.0027,0.0000,0,0,0.0000,0,0.0000,0,0,0,697,0
2360,5.1307,6.1993,0.0044,0.0000,0,0,0.0000,0,0.0000,0,0,0,602,0
2361,2.8064,5.7388,0.0019,0.0000,0,0,0.0000,0,0.0000,0,0,0,602,0
2362,2.7329,9.8725,0.0053,0.0000,0,0,0.0000,0,0.0000,0,0,0,697,0
2363,2.8173,9.6699,0.0026,0.0000,0,0,0.0000,0,0.0000,0,0,0,697,0
2364,5.1307,6.1511,0.0039,0.0000,0,0,0.0000,0,0.0000,0,0,0,602,0
2365,2.8064,6.0716,0.0029,0.0000,0,0,0.0000,0,0.0000,0,0,0,602,0
2366,2.7329,9.9874,0.0058,0.0000,0,0,0.0000,0,0.0000,0,0,0,697,0
2367,2.8173,9.9610,0.0035,0.0000,0,0,0.0000,0,0.0000,0,0,0,697,0
2368,5.1307,6.2918,0.0051,0.0000,0,0,0.0000,0,0.0000,0,0,0,602,0
2369,2.8064,5.7568,0.0015,0.0000,0,0,0.0000,0,0.0000,0,0,0,602,0
2370,2.7329,9.9841,0.0032,0.0000,0,0,0.0000,0,0.0000,0,0,0,697,0
2371,2.8173,9.9539,0.0034,0.0000,0,0,0.0000,0,0.0000,0,0,0,697,0
2372,5.1307,6.2304,0.0045,0.0000,0,0,0.0000,0,0.0000,0,0,0,602,0
2373,2.8064,5.7780,0.0024,0.0000,0,0,0.0000,0,0.0000,0,0,0,602,0
2374,2.7329,9.7842,0.0027,0.0000,0,0,0.0000,0,0.0000,0,0,0,697,0
2375,2.8173,9.8331,0.0025,0.0000,0,0,0.0000,0,0.0000,0,0,0,697,0
2376,5.1307,6.2851,0.0050,0.0000,0,0,0.0000,0,0.0000,0,0,0,602,0
2377,2.8064,5.8567,0.0018,0.0000,0,0,0.0000,0,0.0000,0,0,0,602,0
2378,2.7329,9.9493,0.0033,0.0000,0,0,0.0000,0,0.0000,0,0,0,697,0
2379,2.8173,9.7282,0.0024,0.0000,0,0,0.0000,0,0.0000,0,0,0,697,0
2380,5.1307,6.4377,0.0040,0.0000,0,0,0.0000,0,0.0000,0,0,0,602,0
2381,2.8064,5.8122,0.0018,0.0000,0,0,0.0000,0,0.0000,0,0,0,602,0
2382,2.7329,9.8647,0.0027,0.0000,0,0,0.0000,0,0.0000,0,0,0,697,0
2383,2.8173,9.9192,0.0024,0.0000,0,0,0.0000,0,0.0000,0,0,0,697,0
2384,5.1307,6.1702,0.0049,0.0000,0,0,0.0000,0,0.0000,0,0,0,602,0
2385,2.8064,5.7551,0.0018,0.0000,0,0,0.0000,0,0.0000,0,0,0,602,0
2386,2.7329,9.6903,0.0037,0.0000,0,0,0.0000,0,0.0000,0,0,0,697,0
2387,2.8173,9.3032,0.0013,0.0000,0,0,0.0000,0,0.0000,0,0,0,697,0
2388,5.1307,9.2338,0.0050,0.0000,0,0,0.0000,0,0.0000,0,0,0,602,0
2389,2.8064,5.9460,0.0051,0.0000,0,0,0.0000,0,0.0000,0,0,0,602,0
2390,2.7329,10.8305,0.0077,0.0000,0,0,0.0000,0,0.0000,0,0,0,697,0
2391,2.8173,10.6870,0.0017,0.0000,0,0,0.0000,0,0.0000,0,0,0,697,0
2392,5.1307,7.1274,0.0060,0.0000,0,0,0.0000,0,0.0000,0,0,0,602,0
2393,2.8064,6.1730,0.0032,0.0000,0,0,0.0000,0,0.0000,0,0,0,602,0
2394,2.7329,10.2523,0.0057,0.0000,0,0,0.0000,0,0.0000,0,0,0,697,0
2395,2.8173,10.0974,0.0022,0.0000,0,0,0.0000,0,0.0000,0,0,0,697,0
2396,5.1307,6.2861,0.0021,0.0000,0,0,0.0000,0,0.0000,0,0,0,602,0
2397,2.8064,5.8152,0.0016,0.0000,0,0,0.0000,0,0.0000,0,0,0,602,0
2398,2.7329,12.4055,0.0115,0.0000,0,0,0.0000,0,0.0000,0,0,0,697,0
2399,2.8173,10.8465,0.0015,0.0000,0,0,0.0000,0,0.0000,0,0,0,697,0
